<?xml version="1.0" encoding="utf-8"?>
<COLLADA xmlns="http://www.collada.org/2005/11/COLLADASchema" version="1.4.1" xmlns:xsi="http://www.w3.org/2001/XMLSchema-instance">
  <asset>
    <contributor>
      <author>Blender User</author>
      <authoring_tool>Blender 4.4.3 commit date:2025-04-29, commit time:14:09, hash:802179c51ccc</authoring_tool>
    </contributor>
    <created>2025-05-18T20:29:55</created>
    <modified>2025-05-18T20:29:55</modified>
    <unit name="meter" meter="1"/>
    <up_axis>Z_UP</up_axis>
  </asset>
  <library_effects>
    <effect id="mat_2-effect">
      <profile_COMMON>
        <technique sid="common">
          <lambert>
            <emission>
              <color sid="emission">0 0 0 1</color>
            </emission>
            <diffuse>
              <color sid="diffuse">0.05126946 0.05126946 0.05126946 1</color>
            </diffuse>
            <reflectivity>
              <float sid="specular">1</float>
            </reflectivity>
            <index_of_refraction>
              <float sid="ior">1.5</float>
            </index_of_refraction>
          </lambert>
        </technique>
      </profile_COMMON>
    </effect>
    <effect id="mat_0-effect">
      <profile_COMMON>
        <technique sid="common">
          <lambert>
            <emission>
              <color sid="emission">0 0 0 1</color>
            </emission>
            <diffuse>
              <color sid="diffuse">0.5647115 0.5332764 0.5028865 1</color>
            </diffuse>
            <reflectivity>
              <float sid="specular">1</float>
            </reflectivity>
            <index_of_refraction>
              <float sid="ior">1.5</float>
            </index_of_refraction>
          </lambert>
        </technique>
      </profile_COMMON>
    </effect>
    <effect id="mat_3-effect">
      <profile_COMMON>
        <technique sid="common">
          <lambert>
            <emission>
              <color sid="emission">0 0 0 1</color>
            </emission>
            <diffuse>
              <color sid="diffuse">1 0 0 1</color>
            </diffuse>
            <reflectivity>
              <float sid="specular">1</float>
            </reflectivity>
            <index_of_refraction>
              <float sid="ior">1.5</float>
            </index_of_refraction>
          </lambert>
        </technique>
      </profile_COMMON>
    </effect>
    <effect id="mat_1-effect">
      <profile_COMMON>
        <technique sid="common">
          <lambert>
            <emission>
              <color sid="emission">0 0 0 1</color>
            </emission>
            <diffuse>
              <color sid="diffuse">1 1 1 1</color>
            </diffuse>
            <reflectivity>
              <float sid="specular">1</float>
            </reflectivity>
            <index_of_refraction>
              <float sid="ior">1.5</float>
            </index_of_refraction>
          </lambert>
        </technique>
      </profile_COMMON>
    </effect>
  </library_effects>
  <library_images/>
  <library_materials>
    <material id="mat_2-material" name="mat_2">
      <instance_effect url="#mat_2-effect"/>
    </material>
    <material id="mat_0-material" name="mat_0">
      <instance_effect url="#mat_0-effect"/>
    </material>
    <material id="mat_3-material" name="mat_3">
      <instance_effect url="#mat_3-effect"/>
    </material>
    <material id="mat_1-material" name="mat_1">
      <instance_effect url="#mat_1-effect"/>
    </material>
  </library_materials>
  <library_geometries>
    <geometry id="SOLID_001-mesh" name="SOLID.001">
      <mesh>
        <source id="SOLID_001-mesh-positions">
          <float_array id="SOLID_001-mesh-positions-array" count="5640">-0.007549941 -0.008499979 0 -0.008049964 -0.008499979 0 -0.008049964 -0.006899952 0 -0.008049964 -0.006912112 -1.38919e-4 -0.008049964 -0.006948232 -2.73616e-4 -0.008049964 -0.007007122 -4e-4 -0.008049964 -0.007087111 -5.1423e-4 -0.008049964 -0.007185757 -6.12836e-4 -0.008049964 -0.007299959 -6.9282e-4 -0.008049964 -0.007426381 -7.51754e-4 -0.008049964 -0.007561028 -7.87846e-4 -0.008049964 -0.007699966 -8e-4 -0.008049964 -0.007838904 -7.87846e-4 -0.008049964 -0.007973611 -7.51754e-4 -0.008049964 -0.008099973 -6.9282e-4 -0.008049964 -0.008214175 -6.12836e-4 -0.008049964 -0.008312821 -5.1423e-4 -0.008049964 -0.00839281 -4e-4 -0.008049964 -0.0084517 -2.73616e-4 -0.008049964 -0.00848782 -1.38919e-4 -0.007549941 -0.006899952 0 -0.007549941 -0.006912112 -1.38919e-4 -0.007549941 -0.006948232 -2.73616e-4 -0.007549941 -0.007007122 -4e-4 -0.007549941 -0.007087111 -5.1423e-4 -0.007549941 -0.007185757 -6.12836e-4 -0.007549941 -0.007299959 -6.9282e-4 -0.007549941 -0.007426381 -7.51754e-4 -0.007549941 -0.007561028 -7.87846e-4 -0.007549941 -0.007699966 -8e-4 -0.007549941 -0.007838904 -7.87846e-4 -0.007549941 -0.007973611 -7.51754e-4 -0.007549941 -0.008099973 -6.9282e-4 -0.007549941 -0.008214175 -6.12836e-4 -0.007549941 -0.008312821 -5.1423e-4 -0.007549941 -0.00839281 -4e-4 -0.007549941 -0.0084517 -2.73616e-4 -0.007549941 -0.00848782 -1.38919e-4 0.000999987 -0.008499979 0 5e-4 -0.008499979 0 5e-4 -0.00848782 -1.38919e-4 5e-4 -0.0084517 -2.73616e-4 5e-4 -0.00839281 -4e-4 5e-4 -0.008312821 -5.1423e-4 5e-4 -0.008214175 -6.12836e-4 5e-4 -0.008099973 -6.9282e-4 5e-4 -0.007973611 -7.51754e-4 5e-4 -0.007838904 -7.87846e-4 5e-4 -0.007699966 -8e-4 5e-4 -0.007561028 -7.87846e-4 5e-4 -0.007426381 -7.51754e-4 5e-4 -0.007299959 -6.9282e-4 5e-4 -0.007185757 -6.12836e-4 5e-4 -0.007087111 -5.1423e-4 5e-4 -0.007007122 -4e-4 5e-4 -0.006948232 -2.73616e-4 5e-4 -0.006912112 -1.38919e-4 5e-4 -0.006899952 0 0.000999987 -0.006899952 0 0.000999987 -0.006912112 -1.38919e-4 0.000999987 -0.006948232 -2.73616e-4 0.000999987 -0.007007122 -4e-4 0.000999987 -0.007087111 -5.1423e-4 0.000999987 -0.007185757 -6.12836e-4 0.000999987 -0.007299959 -6.9282e-4 0.000999987 -0.007426381 -7.51754e-4 0.000999987 -0.007561028 -7.87846e-4 0.000999987 -0.007699966 -8e-4 0.000999987 -0.007838904 -7.87846e-4 0.000999987 -0.007973611 -7.51754e-4 0.000999987 -0.008099973 -6.9282e-4 0.000999987 -0.008214175 -6.12836e-4 0.000999987 -0.008312821 -5.1423e-4 0.000999987 -0.00839281 -4e-4 0.000999987 -0.0084517 -2.73616e-4 0.000999987 -0.00848782 -1.38919e-4 0.008549988 -0.008499979 0 0.008049964 -0.008499979 0 0.008049964 -0.00848782 -1.38919e-4 0.008049964 -0.0084517 -2.73616e-4 0.008049964 -0.00839281 -4e-4 0.008049964 -0.008312821 -5.1423e-4 0.008049964 -0.008214175 -6.12836e-4 0.008049964 -0.008099973 -6.9282e-4 0.008049964 -0.007973611 -7.51754e-4 0.008049964 -0.007838904 -7.87846e-4 0.008049964 -0.007699966 -8e-4 0.008049964 -0.007561028 -7.87846e-4 0.008049964 -0.007426381 -7.51754e-4 0.008049964 -0.007299959 -6.9282e-4 0.008049964 -0.007185757 -6.12836e-4 0.008049964 -0.007087111 -5.1423e-4 0.008049964 -0.007007122 -4e-4 0.008049964 -0.006948232 -2.73616e-4 0.008049964 -0.006912112 -1.38919e-4 0.008049964 -0.006899952 0 0.008549988 -0.006899952 0 0.008549988 -0.006912112 -1.38919e-4 0.008549988 -0.006948232 -2.73616e-4 0.008549988 -0.007007122 -4e-4 0.008549988 -0.007087111 -5.1423e-4 0.008549988 -0.007185757 -6.12836e-4 0.008549988 -0.007299959 -6.9282e-4 0.008549988 -0.007426381 -7.51754e-4 0.008549988 -0.007561028 -7.87846e-4 0.008549988 -0.007699966 -8e-4 0.008549988 -0.007838904 -7.87846e-4 0.008549988 -0.007973611 -7.51754e-4 0.008549988 -0.008099973 -6.9282e-4 0.008549988 -0.008214175 -6.12836e-4 0.008549988 -0.008312821 -5.1423e-4 0.008549988 -0.00839281 -4e-4 0.008549988 -0.0084517 -2.73616e-4 0.008549988 -0.00848782 -1.38919e-4 0.003699958 -0.002699971 0.003199994 0.003699958 -0.002699971 -0.003199994 0.003718972 -0.002917051 -0.003199994 0.003775358 -0.003127515 -0.003199994 0.003867447 -0.003324985 -0.003199994 0.003992438 -0.003503441 -0.003199994 0.004146456 -0.003657519 -0.003199994 0.004324972 -0.00378251 -0.003199994 0.004522442 -0.003874599 -0.003199994 0.004732906 -0.003930985 -0.003199994 0.004949986 -0.003949999 -0.003199994 0.005167007 -0.003930985 -0.003199994 0.005377471 -0.003874599 -0.003199994 0.005574941 -0.00378251 -0.003199994 0.005753457 -0.003657519 -0.003199994 0.005907535 -0.003503441 -0.003199994 0.006032526 -0.003324985 -0.003199994 0.006124615 -0.003127515 -0.003199994 0.006181001 -0.002917051 -0.003199994 0.006199955 -0.002699971 -0.003199994 0.006199955 -0.002699971 0.003199994 0.003718972 -0.002917051 0.003199994 0.003775358 -0.003127515 0.003199994 0.003867447 -0.003324985 0.003199994 0.003992438 -0.003503441 0.003199994 0.004146456 -0.003657519 0.003199994 0.004324972 -0.00378251 0.003199994 0.004522442 -0.003874599 0.003199994 0.004732906 -0.003930985 0.003199994 0.004949986 -0.003949999 0.003199994 0.005167007 -0.003930985 0.003199994 0.005377471 -0.003874599 0.003199994 0.005574941 -0.00378251 0.003199994 0.005753457 -0.003657519 0.003199994 0.005907535 -0.003503441 0.003199994 0.006032526 -0.003324985 0.003199994 0.006124615 -0.003127515 0.003199994 0.006181001 -0.002917051 0.003199994 -0.005799949 -0.002699971 0.003199994 -0.005799949 -0.002699971 -0.003199994 -0.005780994 -0.002917051 -0.003199994 -0.005724608 -0.003127515 -0.003199994 -0.005632519 -0.003324985 -0.003199994 -0.005507528 -0.003503441 -0.003199994 -0.00535345 -0.003657519 -0.003199994 -0.005174994 -0.00378251 -0.003199994 -0.004977524 -0.003874599 -0.003199994 -0.00476706 -0.003930985 -0.003199994 -0.00454998 -0.003949999 -0.003199994 -0.0043329 -0.003930985 -0.003199994 -0.004122436 -0.003874599 -0.003199994 -0.003924965 -0.00378251 -0.003199994 -0.003746509 -0.003657519 -0.003199994 -0.003592431 -0.003503441 -0.003199994 -0.00346744 -0.003324985 -0.003199994 -0.003375351 -0.003127515 -0.003199994 -0.003318965 -0.002917051 -0.003199994 -0.003299951 -0.002699971 -0.003199994 -0.003299951 -0.002699971 0.003199994 -0.005780994 -0.002917051 0.003199994 -0.005724608 -0.003127515 0.003199994 -0.005632519 -0.003324985 0.003199994 -0.005507528 -0.003503441 0.003199994 -0.00535345 -0.003657519 0.003199994 -0.005174994 -0.00378251 0.003199994 -0.004977524 -0.003874599 0.003199994 -0.00476706 -0.003930985 0.003199994 -0.00454998 -0.003949999 0.003199994 -0.0043329 -0.003930985 0.003199994 -0.004122436 -0.003874599 0.003199994 -0.003924965 -0.00378251 0.003199994 -0.003746509 -0.003657519 0.003199994 -0.003592431 -0.003503441 0.003199994 -0.00346744 -0.003324985 0.003199994 -0.003375351 -0.003127515 0.003199994 -0.003318965 -0.002917051 0.003199994 0.009649991 0.005099952 0.003199994 -0.009649991 0.005099952 0.003199994 0.01014995 0.004599988 0.003199994 0.01014035 0.004697501 0.003199994 0.01011192 0.004791319 0.003199994 0.01006573 0.004877746 0.003199994 0.0100035 0.004953503 0.003199994 0.009927749 0.00501573 0.003199994 0.009841322 0.005061924 0.003199994 0.009747505 0.005090355 0.003199994 0.01014995 -0.004599988 0.003199994 0.009649991 -0.005099952 0.003199994 0.009747505 -0.005090355 0.003199994 0.009841322 -0.005061924 0.003199994 0.009927749 -0.00501573 0.003199994 0.0100035 -0.004953503 0.003199994 0.01006573 -0.004877746 0.003199994 0.01011192 -0.004791319 0.003199994 0.01014035 -0.004697501 0.003199994 -0.009149968 -0.005099952 0.003199994 -0.009649991 -0.004599988 0.003199994 -0.009640336 -0.004697501 0.003199994 -0.009611904 -0.004791319 0.003199994 -0.009565711 -0.004877746 0.003199994 -0.009503543 -0.004953503 0.003199994 -0.009427785 -0.00501573 0.003199994 -0.009341299 -0.005061924 0.003199994 -0.009247541 -0.005090355 0.003199994 0.008859574 -5.31608e-4 0.003199994 0.00867784 -5.03983e-4 0.003199994 0.008567333 -4.50683e-4 0.003199994 0.00844109 -3.31698e-4 0.003199994 0.008363723 -1.76478e-4 0.003199994 0.008340299 -4.36457e-6 0.003199994 0.009285032 -3.40703e-4 0.003199994 0.009183943 -4.28513e-4 0.003199994 0.009093225 -4.83895e-4 0.003199994 0.008984982 -5.19531e-4 0.003199994 0.009157419 -2.06688e-4 0.003199994 0.00885874 -3.52121e-4 0.003199994 0.009014606 -3.17929e-4 0.003199994 0.008519828 -3.96393e-6 0.003199994 0.008543491 -1.42312e-4 0.003199994 0.008613049 -2.52604e-4 0.003199994 0.008725225 -3.27373e-4 0.003199994 0.008855342 3.40187e-4 0.003199994 0.008723616 3.14797e-4 0.003199994 0.008615195 2.39203e-4 0.003199994 0.00854361 1.28964e-4 0.003199994 0.009157419 1.94754e-4 0.003199994 0.009014308 3.04163e-4 0.003199994 0.009289026 3.20555e-4 0.003199994 0.008862376 5.19674e-4 0.003199994 0.008982837 5.06319e-4 0.003199994 0.009097516 4.66957e-4 0.003199994 0.00919938 4.05642e-4 0.003199994 0.008368253 1.76169e-4 0.003199994 0.008421242 2.86097e-4 0.003199994 0.008539438 4.11555e-4 0.003199994 0.008692026 4.92213e-4 0.003199994 0.007545471 1.50083e-4 0.003199994 0.007545471 -5.05967e-4 0.003199994 0.007997989 -5.05967e-4 0.003199994 0.008160829 -5.05967e-4 0.003199994 0.008160829 4.94033e-4 0.003199994 0.007981359 4.94033e-4 0.003199994 0.007981359 -1.6402e-4 0.003199994 0.007527589 4.94033e-4 0.003199994 0.007365942 4.94033e-4 0.003199994 0.007365942 -5.05967e-4 0.003199994 0.002128183 -8.97194e-6 0.003199994 0.002099394 -1.87602e-4 0.003199994 0.002045989 -2.96032e-4 0.003199994 0.001930594 -4.22221e-4 0.003199994 0.001781165 -5.05028e-4 0.003199994 0.001612365 -5.31608e-4 0.003199994 0.001610934 5.19674e-4 0.003199994 0.001790106 4.8843e-4 0.003199994 0.001897633 4.31721e-4 0.003199994 0.002022087 3.12914e-4 0.003199994 0.002102613 1.611e-4 0.003199994 0.001089692 -5.5665e-6 0.003199994 0.001119971 1.73865e-4 0.003199994 0.001174032 2.82813e-4 0.003199994 0.001290321 4.0941e-4 0.003199994 0.001441359 4.91572e-4 0.003199994 0.001431941 -5.02454e-4 0.003199994 0.001322865 -4.47456e-4 0.003199994 0.001197814 -3.28359e-4 0.003199994 0.001116275 -1.76206e-4 0.003199994 -0.007720589 -5.31608e-4 0.003199994 -0.007902264 -5.03983e-4 0.003199994 -0.008012831 -4.50683e-4 0.003199994 -0.008139014 -3.31698e-4 0.003199994 -0.008216381 -1.76478e-4 0.003199994 -0.008239805 -4.36457e-6 0.003199994 -0.007295072 -3.40703e-4 0.003199994 -0.007396161 -4.28513e-4 0.003199994 -0.007486879 -4.83895e-4 0.003199994 -0.007595181 -5.19531e-4 0.003199994 -0.007422685 -2.06688e-4 0.003199994 -0.007721364 -3.52121e-4 0.003199994 -0.007565498 -3.17929e-4 0.003199994 -0.008060336 -3.96393e-6 0.003199994 -0.008036613 -1.42312e-4 0.003199994 -0.007967114 -2.52604e-4 0.003199994 -0.007854878 -3.27373e-4 0.003199994 -0.007724761 3.40187e-4 0.003199994 -0.007856488 3.14797e-4 0.003199994 -0.007964909 2.39203e-4 0.003199994 -0.008036494 1.28964e-4 0.003199994 -0.007422685 1.94754e-4 0.003199994 -0.007565796 3.04163e-4 0.003199994 -0.007291078 3.20555e-4 0.003199994 -0.007717788 5.19674e-4 0.003199994 -0.007597267 5.06319e-4 0.003199994 -0.007482588 4.66957e-4 0.003199994 -0.007380723 4.05642e-4 0.003199994 -0.008211851 1.76169e-4 0.003199994 -0.008158922 2.86097e-4 0.003199994 -0.008040666 4.11555e-4 0.003199994 -0.007888078 4.92213e-4 0.003199994 -0.003299951 -0.002699971 0.003199994 -0.003318965 -0.002482891 0.003199994 -0.003375351 -0.002272427 0.003199994 -0.00346744 -0.002074956 0.003199994 -0.003592431 -0.0018965 0.003199994 -0.003746509 -0.001742422 0.003199994 -0.003924965 -0.001617431 0.003199994 -0.004122436 -0.001525342 0.003199994 -0.0043329 -0.001468956 0.003199994 -0.00454998 -0.001449942 0.003199994 -0.00476706 -0.001468956 0.003199994 -0.004977524 -0.001525342 0.003199994 -0.005174994 -0.001617431 0.003199994 -0.00535345 -0.001742422 0.003199994 -0.005507528 -0.0018965 0.003199994 -0.005632519 -0.002074956 0.003199994 -0.005724608 -0.002272427 0.003199994 -0.005780994 -0.002482891 0.003199994 -0.005799949 -0.002699971 0.003199994 -0.005780994 -0.002917051 0.003199994 -0.005724608 -0.003127515 0.003199994 -0.005632519 -0.003324985 0.003199994 -0.005507528 -0.003503441 0.003199994 -0.00535345 -0.003657519 0.003199994 -0.005174994 -0.00378251 0.003199994 -0.004977524 -0.003874599 0.003199994 -0.00476706 -0.003930985 0.003199994 -0.00454998 -0.003949999 0.003199994 -0.0043329 -0.003930985 0.003199994 -0.004122436 -0.003874599 0.003199994 -0.003924965 -0.00378251 0.003199994 -0.003746509 -0.003657519 0.003199994 -0.003592431 -0.003503441 0.003199994 -0.00346744 -0.003324985 0.003199994 -0.003375351 -0.003127515 0.003199994 -0.003318965 -0.002917051 0.003199994 0.006199955 -0.002699971 0.003199994 0.006181001 -0.002482891 0.003199994 0.006124615 -0.002272427 0.003199994 0.006032526 -0.002074956 0.003199994 0.005907535 -0.0018965 0.003199994 0.005753457 -0.001742422 0.003199994 0.005574941 -0.001617431 0.003199994 0.005377471 -0.001525342 0.003199994 0.005167007 -0.001468956 0.003199994 0.004949986 -0.001449942 0.003199994 0.004732906 -0.001468956 0.003199994 0.004522442 -0.001525342 0.003199994 0.004324972 -0.001617431 0.003199994 0.004146456 -0.001742422 0.003199994 0.003992438 -0.0018965 0.003199994 0.003867447 -0.002074956 0.003199994 0.003775358 -0.002272427 0.003199994 0.003718972 -0.002482891 0.003199994 0.003699958 -0.002699971 0.003199994 0.003718972 -0.002917051 0.003199994 0.003775358 -0.003127515 0.003199994 0.003867447 -0.003324985 0.003199994 0.003992438 -0.003503441 0.003199994 0.004146456 -0.003657519 0.003199994 0.004324972 -0.00378251 0.003199994 0.004522442 -0.003874599 0.003199994 0.004732906 -0.003930985 0.003199994 0.004949986 -0.003949999 0.003199994 0.005167007 -0.003930985 0.003199994 0.005377471 -0.003874599 0.003199994 0.005574941 -0.00378251 0.003199994 0.005753457 -0.003657519 0.003199994 0.005907535 -0.003503441 0.003199994 0.006032526 -0.003324985 0.003199994 0.006124615 -0.003127515 0.003199994 0.006181001 -0.002917051 0.003199994 -0.006124436 -8.97194e-6 0.003199994 -0.006153225 -1.87602e-4 0.003199994 -0.006206631 -2.96032e-4 0.003199994 -0.006322026 -4.22221e-4 0.003199994 -0.006471395 -5.05028e-4 0.003199994 -0.006640255 -5.31608e-4 0.003199994 -0.006641626 5.19674e-4 0.003199994 -0.006462514 4.8843e-4 0.003199994 -0.006354928 4.31721e-4 0.003199994 -0.006230533 3.12914e-4 0.003199994 -0.006150007 1.611e-4 0.003199994 -0.007162868 -5.5665e-6 0.003199994 -0.007132649 1.73865e-4 0.003199994 -0.007078528 2.82813e-4 0.003199994 -0.006962299 4.0941e-4 0.003199994 -0.006811201 4.91572e-4 0.003199994 -0.006820678 -5.02454e-4 0.003199994 -0.006929695 -4.47456e-4 0.003199994 -0.007054805 -3.28359e-4 0.003199994 -0.007136344 -1.76206e-4 0.003199994 -0.005746245 1.25643e-4 0.003199994 -0.005852758 -5.05967e-4 0.003199994 -0.005539476 -5.05967e-4 0.003199994 -0.005364418 -5.05967e-4 0.003199994 -0.005156457 1.25643e-4 0.003199994 -0.005049705 -5.05967e-4 0.003199994 -0.00486803 -5.05967e-4 0.003199994 -0.005037069 4.94033e-4 0.003199994 -0.005221605 4.94033e-4 0.003199994 -0.005451321 -2.03483e-4 0.003199994 -0.005679488 4.94033e-4 0.003199994 -0.005865812 4.94033e-4 0.003199994 -0.006034672 -5.05967e-4 0.003199994 2.94872e-4 1.50083e-4 0.003199994 2.94872e-4 -5.05967e-4 0.003199994 7.47396e-4 -5.05967e-4 0.003199994 9.10256e-4 -5.05967e-4 0.003199994 9.10256e-4 4.94033e-4 0.003199994 7.30769e-4 4.94033e-4 0.003199994 7.30769e-4 -1.6402e-4 0.003199994 2.77043e-4 4.94033e-4 0.003199994 1.15385e-4 4.94033e-4 0.003199994 1.15385e-4 -5.05967e-4 0.003199994 -0.009149968 -0.005099952 0.003199994 -0.009149968 -0.005099952 -0.003199994 0.009649991 -0.005099952 0.003199994 0.009649991 -0.005099952 -0.003199994 5e-4 -0.005099952 -0.001749992 0.000999987 -0.005099952 -0.001749992 0.000999987 -0.005099952 0.001749992 5e-4 -0.005099952 0.001749992 -0.008049964 -0.005099952 -0.001749992 -0.007549941 -0.005099952 -0.001749992 -0.007549941 -0.005099952 0.001749992 -0.008049964 -0.005099952 0.001749992 0.008549988 -0.005099952 0.001749992 0.008049964 -0.005099952 0.001749992 0.008049964 -0.005099952 -0.001749992 0.008549988 -0.005099952 -0.001749992 -0.009649991 0.005099952 -0.003199994 -0.009649991 -0.004599988 -0.003199994 0.009649991 0.005099952 -0.003199994 0.01014995 0.004599988 -0.003199994 0.01014035 0.004697501 -0.003199994 0.01011192 0.004791319 -0.003199994 0.01006573 0.004877746 -0.003199994 0.0100035 0.004953503 -0.003199994 0.009927749 0.00501573 -0.003199994 0.009841322 0.005061924 -0.003199994 0.009747505 0.005090355 -0.003199994 0.01014995 -0.004599988 -0.003199994 0.009649991 -0.005099952 -0.003199994 0.009747505 -0.005090355 -0.003199994 0.009841322 -0.005061924 -0.003199994 0.009927749 -0.00501573 -0.003199994 0.0100035 -0.004953503 -0.003199994 0.01006573 -0.004877746 -0.003199994 0.01011192 -0.004791319 -0.003199994 0.01014035 -0.004697501 -0.003199994 -0.009149968 -0.005099952 -0.003199994 -0.009640336 -0.004697501 -0.003199994 -0.009611904 -0.004791319 -0.003199994 -0.009565711 -0.004877746 -0.003199994 -0.009503543 -0.004953503 -0.003199994 -0.009427785 -0.00501573 -0.003199994 -0.009341299 -0.005061924 -0.003199994 -0.009247541 -0.005090355 -0.003199994 -0.005799949 -0.002699971 -0.003199994 -0.005780994 -0.002917051 -0.003199994 -0.005724608 -0.003127515 -0.003199994 -0.005632519 -0.003324985 -0.003199994 -0.005507528 -0.003503441 -0.003199994 -0.00535345 -0.003657519 -0.003199994 -0.005174994 -0.00378251 -0.003199994 -0.004977524 -0.003874599 -0.003199994 -0.00476706 -0.003930985 -0.003199994 -0.00454998 -0.003949999 -0.003199994 -0.0043329 -0.003930985 -0.003199994 -0.004122436 -0.003874599 -0.003199994 -0.003924965 -0.00378251 -0.003199994 -0.003746509 -0.003657519 -0.003199994 -0.003592431 -0.003503441 -0.003199994 -0.00346744 -0.003324985 -0.003199994 -0.003375351 -0.003127515 -0.003199994 -0.003318965 -0.002917051 -0.003199994 -0.003299951 -0.002699971 -0.003199994 -0.003318965 -0.002482891 -0.003199994 -0.003375351 -0.002272427 -0.003199994 -0.00346744 -0.002074956 -0.003199994 -0.003592431 -0.0018965 -0.003199994 -0.003746509 -0.001742422 -0.003199994 -0.003924965 -0.001617431 -0.003199994 -0.004122436 -0.001525342 -0.003199994 -0.0043329 -0.001468956 -0.003199994 -0.00454998 -0.001449942 -0.003199994 -0.00476706 -0.001468956 -0.003199994 -0.004977524 -0.001525342 -0.003199994 -0.005174994 -0.001617431 -0.003199994 -0.00535345 -0.001742422 -0.003199994 -0.005507528 -0.0018965 -0.003199994 -0.005632519 -0.002074956 -0.003199994 -0.005724608 -0.002272427 -0.003199994 -0.005780994 -0.002482891 -0.003199994 0.003699958 -0.002699971 -0.003199994 0.003718972 -0.002917051 -0.003199994 0.003775358 -0.003127515 -0.003199994 0.003867447 -0.003324985 -0.003199994 0.003992438 -0.003503441 -0.003199994 0.004146456 -0.003657519 -0.003199994 0.004324972 -0.00378251 -0.003199994 0.004522442 -0.003874599 -0.003199994 0.004732906 -0.003930985 -0.003199994 0.004949986 -0.003949999 -0.003199994 0.005167007 -0.003930985 -0.003199994 0.005377471 -0.003874599 -0.003199994 0.005574941 -0.00378251 -0.003199994 0.005753457 -0.003657519 -0.003199994 0.005907535 -0.003503441 -0.003199994 0.006032526 -0.003324985 -0.003199994 0.006124615 -0.003127515 -0.003199994 0.006181001 -0.002917051 -0.003199994 0.006199955 -0.002699971 -0.003199994 0.006181001 -0.002482891 -0.003199994 0.006124615 -0.002272427 -0.003199994 0.006032526 -0.002074956 -0.003199994 0.005907535 -0.0018965 -0.003199994 0.005753457 -0.001742422 -0.003199994 0.005574941 -0.001617431 -0.003199994 0.005377471 -0.001525342 -0.003199994 0.005167007 -0.001468956 -0.003199994 0.004949986 -0.001449942 -0.003199994 0.004732906 -0.001468956 -0.003199994 0.004522442 -0.001525342 -0.003199994 0.004324972 -0.001617431 -0.003199994 0.004146456 -0.001742422 -0.003199994 0.003992438 -0.0018965 -0.003199994 0.003867447 -0.002074956 -0.003199994 0.003775358 -0.002272427 -0.003199994 0.003718972 -0.002482891 -0.003199994 -0.009649991 0.005099952 0.003199994 -0.009649991 0.005099952 -0.003199994 -0.009649991 -0.004599988 0.003199994 -0.009649991 -0.004599988 -0.003199994 -0.009649991 -0.004599988 -0.003199994 -0.009640336 -0.004697501 -0.003199994 -0.009611904 -0.004791319 -0.003199994 -0.009565711 -0.004877746 -0.003199994 -0.009503543 -0.004953503 -0.003199994 -0.009427785 -0.00501573 -0.003199994 -0.009341299 -0.005061924 -0.003199994 -0.009247541 -0.005090355 -0.003199994 -0.009149968 -0.005099952 -0.003199994 -0.009149968 -0.005099952 0.003199994 -0.009649991 -0.004599988 0.003199994 -0.009640336 -0.004697501 0.003199994 -0.009611904 -0.004791319 0.003199994 -0.009565711 -0.004877746 0.003199994 -0.009503543 -0.004953503 0.003199994 -0.009427785 -0.00501573 0.003199994 -0.009341299 -0.005061924 0.003199994 -0.009247541 -0.005090355 0.003199994 0.009649991 -0.005099952 -0.003199994 0.009747505 -0.005090355 -0.003199994 0.009841322 -0.005061924 -0.003199994 0.009927749 -0.00501573 -0.003199994 0.0100035 -0.004953503 -0.003199994 0.01006573 -0.004877746 -0.003199994 0.01011192 -0.004791319 -0.003199994 0.01014035 -0.004697501 -0.003199994 0.01014995 -0.004599988 -0.003199994 0.01014995 -0.004599988 0.003199994 0.009649991 -0.005099952 0.003199994 0.009747505 -0.005090355 0.003199994 0.009841322 -0.005061924 0.003199994 0.009927749 -0.00501573 0.003199994 0.0100035 -0.004953503 0.003199994 0.01006573 -0.004877746 0.003199994 0.01011192 -0.004791319 0.003199994 0.01014035 -0.004697501 0.003199994 0.01014995 -0.004599988 0.003199994 0.01014995 -0.004599988 -0.003199994 0.01014995 0.004599988 0.003199994 0.01014995 0.004599988 -0.003199994 0.01014995 0.004599988 -0.003199994 0.01014035 0.004697501 -0.003199994 0.01011192 0.004791319 -0.003199994 0.01006573 0.004877746 -0.003199994 0.0100035 0.004953503 -0.003199994 0.009927749 0.00501573 -0.003199994 0.009841322 0.005061924 -0.003199994 0.009747505 0.005090355 -0.003199994 0.009649991 0.005099952 -0.003199994 0.009649991 0.005099952 0.003199994 0.01014995 0.004599988 0.003199994 0.01014035 0.004697501 0.003199994 0.01011192 0.004791319 0.003199994 0.01006573 0.004877746 0.003199994 0.0100035 0.004953503 0.003199994 0.009927749 0.00501573 0.003199994 0.009841322 0.005061924 0.003199994 0.009747505 0.005090355 0.003199994 0.009649991 0.005099952 0.003199994 0.009649991 0.005099952 -0.003199994 -0.009649991 0.005099952 0.003199994 -0.009649991 0.005099952 -0.003199994 -0.00394541 0.005099952 -8.80752e-4 -0.00394541 0.005099952 0.001119196 -9.45461e-4 0.005099952 0.001119196 -9.45461e-4 0.005099952 -8.80752e-4 -0.003299951 -0.002699971 -0.003199994 -0.003318965 -0.002482891 -0.003199994 -0.003375351 -0.002272427 -0.003199994 -0.00346744 -0.002074956 -0.003199994 -0.003592431 -0.0018965 -0.003199994 -0.003746509 -0.001742422 -0.003199994 -0.003924965 -0.001617431 -0.003199994 -0.004122436 -0.001525342 -0.003199994 -0.0043329 -0.001468956 -0.003199994 -0.00454998 -0.001449942 -0.003199994 -0.00476706 -0.001468956 -0.003199994 -0.004977524 -0.001525342 -0.003199994 -0.005174994 -0.001617431 -0.003199994 -0.00535345 -0.001742422 -0.003199994 -0.005507528 -0.0018965 -0.003199994 -0.005632519 -0.002074956 -0.003199994 -0.005724608 -0.002272427 -0.003199994 -0.005780994 -0.002482891 -0.003199994 -0.005799949 -0.002699971 -0.003199994 -0.005799949 -0.002699971 0.003199994 -0.003299951 -0.002699971 0.003199994 -0.003318965 -0.002482891 0.003199994 -0.003375351 -0.002272427 0.003199994 -0.00346744 -0.002074956 0.003199994 -0.003592431 -0.0018965 0.003199994 -0.003746509 -0.001742422 0.003199994 -0.003924965 -0.001617431 0.003199994 -0.004122436 -0.001525342 0.003199994 -0.0043329 -0.001468956 0.003199994 -0.00454998 -0.001449942 0.003199994 -0.00476706 -0.001468956 0.003199994 -0.004977524 -0.001525342 0.003199994 -0.005174994 -0.001617431 0.003199994 -0.00535345 -0.001742422 0.003199994 -0.005507528 -0.0018965 0.003199994 -0.005632519 -0.002074956 0.003199994 -0.005724608 -0.002272427 0.003199994 -0.005780994 -0.002482891 0.003199994 0.006199955 -0.002699971 -0.003199994 0.006181001 -0.002482891 -0.003199994 0.006124615 -0.002272427 -0.003199994 0.006032526 -0.002074956 -0.003199994 0.005907535 -0.0018965 -0.003199994 0.005753457 -0.001742422 -0.003199994 0.005574941 -0.001617431 -0.003199994 0.005377471 -0.001525342 -0.003199994 0.005167007 -0.001468956 -0.003199994 0.004949986 -0.001449942 -0.003199994 0.004732906 -0.001468956 -0.003199994 0.004522442 -0.001525342 -0.003199994 0.004324972 -0.001617431 -0.003199994 0.004146456 -0.001742422 -0.003199994 0.003992438 -0.0018965 -0.003199994 0.003867447 -0.002074956 -0.003199994 0.003775358 -0.002272427 -0.003199994 0.003718972 -0.002482891 -0.003199994 0.003699958 -0.002699971 -0.003199994 0.003699958 -0.002699971 0.003199994 0.006199955 -0.002699971 0.003199994 0.006181001 -0.002482891 0.003199994 0.006124615 -0.002272427 0.003199994 0.006032526 -0.002074956 0.003199994 0.005907535 -0.0018965 0.003199994 0.005753457 -0.001742422 0.003199994 0.005574941 -0.001617431 0.003199994 0.005377471 -0.001525342 0.003199994 0.005167007 -0.001468956 0.003199994 0.004949986 -0.001449942 0.003199994 0.004732906 -0.001468956 0.003199994 0.004522442 -0.001525342 0.003199994 0.004324972 -0.001617431 0.003199994 0.004146456 -0.001742422 0.003199994 0.003992438 -0.0018965 0.003199994 0.003867447 -0.002074956 0.003199994 0.003775358 -0.002272427 0.003199994 0.003718972 -0.002482891 0.003199994 0.008549988 -0.00909996 0.001449942 0.008049964 -0.00909996 0.001449942 0.008049964 -0.00879997 0.001749992 0.008549988 -0.00879997 0.001749992 0.008049964 -0.00909996 -0.001449942 0.008549988 -0.00909996 -0.001449942 0.008549988 -0.00879997 -0.001749992 0.008049964 -0.00879997 -0.001749992 0.000999987 -0.00879997 0.001749992 0.000999987 -0.00909996 0.001449942 5e-4 -0.00879997 0.001749992 5e-4 -0.00909996 0.001449942 5e-4 -0.00879997 -0.001749992 5e-4 -0.00909996 -0.001449942 0.000999987 -0.00879997 -0.001749992 0.000999987 -0.00909996 -0.001449942 -0.008049964 -0.00909996 -0.001449942 -0.007549941 -0.00909996 -0.001449942 -0.007549941 -0.00879997 -0.001749992 -0.008049964 -0.00879997 -0.001749992 -0.007549941 -0.00909996 0.001449942 -0.008049964 -0.00909996 0.001449942 -0.008049964 -0.00879997 0.001749992 -0.007549941 -0.00879997 0.001749992 0.008049964 -0.006899952 0 0.008049964 -0.006912112 1.38919e-4 0.008049964 -0.006948232 2.73616e-4 0.008049964 -0.007007122 4e-4 0.008049964 -0.007087111 5.1423e-4 0.008049964 -0.007185757 6.12836e-4 0.008049964 -0.007299959 6.9282e-4 0.008049964 -0.007426381 7.51754e-4 0.008049964 -0.007561028 7.87846e-4 0.008049964 -0.007699966 8e-4 0.008049964 -0.007838904 7.87846e-4 0.008049964 -0.007973611 7.51754e-4 0.008049964 -0.008099973 6.9282e-4 0.008049964 -0.008214175 6.12836e-4 0.008049964 -0.008312821 5.1423e-4 0.008049964 -0.00839281 4e-4 0.008049964 -0.0084517 2.73616e-4 0.008049964 -0.00848782 1.38919e-4 0.008049964 -0.008499979 0 0.008549988 -0.008499979 0 0.008549988 -0.00848782 1.38919e-4 0.008549988 -0.0084517 2.73616e-4 0.008549988 -0.00839281 4e-4 0.008549988 -0.008312821 5.1423e-4 0.008549988 -0.008214175 6.12836e-4 0.008549988 -0.008099973 6.9282e-4 0.008549988 -0.007973611 7.51754e-4 0.008549988 -0.007838904 7.87846e-4 0.008549988 -0.007699966 8e-4 0.008549988 -0.007561028 7.87846e-4 0.008549988 -0.007426381 7.51754e-4 0.008549988 -0.007299959 6.9282e-4 0.008549988 -0.007185757 6.12836e-4 0.008549988 -0.007087111 5.1423e-4 0.008549988 -0.007007122 4e-4 0.008549988 -0.006948232 2.73616e-4 0.008549988 -0.006912112 1.38919e-4 0.008549988 -0.006899952 0 5e-4 -0.006899952 0 5e-4 -0.006912112 1.38919e-4 5e-4 -0.006948232 2.73616e-4 5e-4 -0.007007122 4e-4 5e-4 -0.007087111 5.1423e-4 5e-4 -0.007185757 6.12836e-4 5e-4 -0.007299959 6.9282e-4 5e-4 -0.007426381 7.51754e-4 5e-4 -0.007561028 7.87846e-4 5e-4 -0.007699966 8e-4 5e-4 -0.007838904 7.87846e-4 5e-4 -0.007973611 7.51754e-4 5e-4 -0.008099973 6.9282e-4 5e-4 -0.008214175 6.12836e-4 5e-4 -0.008312821 5.1423e-4 5e-4 -0.00839281 4e-4 5e-4 -0.0084517 2.73616e-4 5e-4 -0.00848782 1.38919e-4 5e-4 -0.008499979 0 0.000999987 -0.008499979 0 0.000999987 -0.00848782 1.38919e-4 0.000999987 -0.0084517 2.73616e-4 0.000999987 -0.00839281 4e-4 0.000999987 -0.008312821 5.1423e-4 0.000999987 -0.008214175 6.12836e-4 0.000999987 -0.008099973 6.9282e-4 0.000999987 -0.007973611 7.51754e-4 0.000999987 -0.007838904 7.87846e-4 0.000999987 -0.007699966 8e-4 0.000999987 -0.007561028 7.87846e-4 0.000999987 -0.007426381 7.51754e-4 0.000999987 -0.007299959 6.9282e-4 0.000999987 -0.007185757 6.12836e-4 0.000999987 -0.007087111 5.1423e-4 0.000999987 -0.007007122 4e-4 0.000999987 -0.006948232 2.73616e-4 0.000999987 -0.006912112 1.38919e-4 0.000999987 -0.006899952 0 -0.008049964 -0.008499979 0 -0.008049964 -0.00848782 1.38919e-4 -0.008049964 -0.0084517 2.73616e-4 -0.008049964 -0.00839281 4e-4 -0.008049964 -0.008312821 5.1423e-4 -0.008049964 -0.008214175 6.12836e-4 -0.008049964 -0.008099973 6.9282e-4 -0.008049964 -0.007973611 7.51754e-4 -0.008049964 -0.007838904 7.87846e-4 -0.008049964 -0.007699966 8e-4 -0.008049964 -0.007561028 7.87846e-4 -0.008049964 -0.007426381 7.51754e-4 -0.008049964 -0.007299959 6.9282e-4 -0.008049964 -0.007185757 6.12836e-4 -0.008049964 -0.007087111 5.1423e-4 -0.008049964 -0.007007122 4e-4 -0.008049964 -0.006948232 2.73616e-4 -0.008049964 -0.006912112 1.38919e-4 -0.008049964 -0.006899952 0 -0.007549941 -0.008499979 0 -0.007549941 -0.00848782 1.38919e-4 -0.007549941 -0.0084517 2.73616e-4 -0.007549941 -0.00839281 4e-4 -0.007549941 -0.008312821 5.1423e-4 -0.007549941 -0.008214175 6.12836e-4 -0.007549941 -0.008099973 6.9282e-4 -0.007549941 -0.007973611 7.51754e-4 -0.007549941 -0.007838904 7.87846e-4 -0.007549941 -0.007699966 8e-4 -0.007549941 -0.007561028 7.87846e-4 -0.007549941 -0.007426381 7.51754e-4 -0.007549941 -0.007299959 6.9282e-4 -0.007549941 -0.007185757 6.12836e-4 -0.007549941 -0.007087111 5.1423e-4 -0.007549941 -0.007007122 4e-4 -0.007549941 -0.006948232 2.73616e-4 -0.007549941 -0.006912112 1.38919e-4 -0.007549941 -0.006899952 0 -0.007717788 5.19674e-4 0.003199994 -0.007597267 5.06319e-4 0.003199994 -0.007482588 4.66957e-4 0.003199994 -0.007380723 4.05642e-4 0.003199994 -0.007291078 3.20555e-4 0.003199994 -0.007717788 5.19674e-4 0.003299951 -0.007597267 5.06319e-4 0.003299951 -0.007482588 4.66957e-4 0.003299951 -0.007380723 4.05642e-4 0.003299951 -0.007291078 3.20555e-4 0.003299951 -0.008239805 -4.36457e-6 0.003199994 -0.008211851 1.76169e-4 0.003199994 -0.008158922 2.86097e-4 0.003199994 -0.008040666 4.11555e-4 0.003199994 -0.007888078 4.92213e-4 0.003199994 -0.007717788 5.19674e-4 0.003199994 -0.008239805 -4.36457e-6 0.003299951 -0.008211851 1.76169e-4 0.003299951 -0.008158922 2.86097e-4 0.003299951 -0.008040666 4.11555e-4 0.003299951 -0.007888078 4.92213e-4 0.003299951 -0.007717788 5.19674e-4 0.003299951 -0.007720589 -5.31608e-4 0.003199994 -0.007902264 -5.03983e-4 0.003199994 -0.008012831 -4.50683e-4 0.003199994 -0.008139014 -3.31698e-4 0.003199994 -0.008216381 -1.76478e-4 0.003199994 -0.008239805 -4.36457e-6 0.003199994 -0.007720589 -5.31608e-4 0.003299951 -0.007902264 -5.03983e-4 0.003299951 -0.008012831 -4.50683e-4 0.003299951 -0.008139014 -3.31698e-4 0.003299951 -0.008216381 -1.76478e-4 0.003299951 -0.008239805 -4.36457e-6 0.003299951 -0.007295072 -3.40703e-4 0.003199994 -0.007396161 -4.28513e-4 0.003199994 -0.007486879 -4.83895e-4 0.003199994 -0.007595181 -5.19531e-4 0.003199994 -0.007720589 -5.31608e-4 0.003199994 -0.007295072 -3.40703e-4 0.003299951 -0.007396161 -4.28513e-4 0.003299951 -0.007486879 -4.83895e-4 0.003299951 -0.007595181 -5.19531e-4 0.003299951 -0.007720589 -5.31608e-4 0.003299951 -0.007422685 -2.06688e-4 0.003199994 -0.007295072 -3.40703e-4 0.003199994 -0.007422685 -2.06688e-4 0.003299951 -0.007295072 -3.40703e-4 0.003299951 -0.007721364 -3.52121e-4 0.003199994 -0.007565498 -3.17929e-4 0.003199994 -0.007422685 -2.06688e-4 0.003199994 -0.007721364 -3.52121e-4 0.003299951 -0.007565498 -3.17929e-4 0.003299951 -0.007422685 -2.06688e-4 0.003299951 -0.008060336 -3.96393e-6 0.003199994 -0.008036613 -1.42312e-4 0.003199994 -0.007967114 -2.52604e-4 0.003199994 -0.007854878 -3.27373e-4 0.003199994 -0.007721364 -3.52121e-4 0.003199994 -0.008060336 -3.96393e-6 0.003299951 -0.008036613 -1.42312e-4 0.003299951 -0.007967114 -2.52604e-4 0.003299951 -0.007854878 -3.27373e-4 0.003299951 -0.007721364 -3.52121e-4 0.003299951 -0.007724761 3.40187e-4 0.003199994 -0.007856488 3.14797e-4 0.003199994 -0.007964909 2.39203e-4 0.003199994 -0.008036494 1.28964e-4 0.003199994 -0.008060336 -3.96393e-6 0.003199994 -0.007724761 3.40187e-4 0.003299951 -0.007856488 3.14797e-4 0.003299951 -0.007964909 2.39203e-4 0.003299951 -0.008036494 1.28964e-4 0.003299951 -0.008060336 -3.96393e-6 0.003299951 -0.007422685 1.94754e-4 0.003199994 -0.007565796 3.04163e-4 0.003199994 -0.007724761 3.40187e-4 0.003199994 -0.007422685 1.94754e-4 0.003299951 -0.007565796 3.04163e-4 0.003299951 -0.007724761 3.40187e-4 0.003299951 -0.007291078 3.20555e-4 0.003199994 -0.007422685 1.94754e-4 0.003199994 -0.007291078 3.20555e-4 0.003299951 -0.007422685 1.94754e-4 0.003299951 -0.007717788 5.19674e-4 0.003299951 -0.007597267 5.06319e-4 0.003299951 -0.007482588 4.66957e-4 0.003299951 -0.007380723 4.05642e-4 0.003299951 -0.007291078 3.20555e-4 0.003299951 -0.008239805 -4.36457e-6 0.003299951 -0.008211851 1.76169e-4 0.003299951 -0.008158922 2.86097e-4 0.003299951 -0.008040666 4.11555e-4 0.003299951 -0.007888078 4.92213e-4 0.003299951 -0.007720589 -5.31608e-4 0.003299951 -0.007902264 -5.03983e-4 0.003299951 -0.008012831 -4.50683e-4 0.003299951 -0.008139014 -3.31698e-4 0.003299951 -0.008216381 -1.76478e-4 0.003299951 -0.007295072 -3.40703e-4 0.003299951 -0.007396161 -4.28513e-4 0.003299951 -0.007486879 -4.83895e-4 0.003299951 -0.007595181 -5.19531e-4 0.003299951 -0.007422685 -2.06688e-4 0.003299951 -0.007721364 -3.52121e-4 0.003299951 -0.007565498 -3.17929e-4 0.003299951 -0.008060336 -3.96393e-6 0.003299951 -0.008036613 -1.42312e-4 0.003299951 -0.007967114 -2.52604e-4 0.003299951 -0.007854878 -3.27373e-4 0.003299951 -0.007724761 3.40187e-4 0.003299951 -0.007856488 3.14797e-4 0.003299951 -0.007964909 2.39203e-4 0.003299951 -0.008036494 1.28964e-4 0.003299951 -0.007422685 1.94754e-4 0.003299951 -0.007565796 3.04163e-4 0.003299951 -0.007162868 -5.5665e-6 0.003299951 -0.007132649 1.73865e-4 0.003299951 -0.007078528 2.82813e-4 0.003299951 -0.006962299 4.0941e-4 0.003299951 -0.006811201 4.91572e-4 0.003299951 -0.006641626 5.19674e-4 0.003299951 -0.006640255 -5.31608e-4 0.003299951 -0.006820678 -5.02454e-4 0.003299951 -0.006929695 -4.47456e-4 0.003299951 -0.007054805 -3.28359e-4 0.003299951 -0.007136344 -1.76206e-4 0.003299951 -0.006124436 -8.97194e-6 0.003299951 -0.006153225 -1.87602e-4 0.003299951 -0.006206631 -2.96032e-4 0.003299951 -0.006322026 -4.22221e-4 0.003299951 -0.006471395 -5.05028e-4 0.003299951 -0.006462514 4.8843e-4 0.003299951 -0.006354928 4.31721e-4 0.003299951 -0.006230533 3.12914e-4 0.003299951 -0.006150007 1.611e-4 0.003299951 -0.006644427 3.40187e-4 0.003299951 -0.006777644 3.15057e-4 0.003299951 -0.006888389 2.3904e-4 0.003299951 -0.006959795 1.28049e-4 0.003299951 -0.006983399 -7.97034e-6 0.003299951 -0.006303906 -6.5681e-6 0.003299951 -0.006328821 1.27765e-4 0.003299951 -0.006401836 2.38196e-4 0.003299951 -0.006510555 3.13903e-4 0.003299951 -0.006640851 -3.52121e-4 0.003299951 -0.006509244 -3.26439e-4 0.003299951 -0.006400167 -2.5021e-4 0.003299951 -0.006327986 -1.39782e-4 0.003299951 -0.006860375 -2.75198e-4 0.003299951 -0.006757736 -3.3286e-4 0.003299951 -0.006952643 -1.58947e-4 0.003299951 -0.007162868 -5.5665e-6 0.003199994 -0.007132649 1.73865e-4 0.003199994 -0.007078528 2.82813e-4 0.003199994 -0.006962299 4.0941e-4 0.003199994 -0.006811201 4.91572e-4 0.003199994 -0.006641626 5.19674e-4 0.003199994 -0.007162868 -5.5665e-6 0.003299951 -0.007132649 1.73865e-4 0.003299951 -0.007078528 2.82813e-4 0.003299951 -0.006962299 4.0941e-4 0.003299951 -0.006811201 4.91572e-4 0.003299951 -0.006641626 5.19674e-4 0.003299951 -0.006640255 -5.31608e-4 0.003199994 -0.006820678 -5.02454e-4 0.003199994 -0.006929695 -4.47456e-4 0.003199994 -0.007054805 -3.28359e-4 0.003199994 -0.007136344 -1.76206e-4 0.003199994 -0.007162868 -5.5665e-6 0.003199994 -0.006640255 -5.31608e-4 0.003299951 -0.006820678 -5.02454e-4 0.003299951 -0.006929695 -4.47456e-4 0.003299951 -0.007054805 -3.28359e-4 0.003299951 -0.007136344 -1.76206e-4 0.003299951 -0.007162868 -5.5665e-6 0.003299951 -0.006124436 -8.97194e-6 0.003199994 -0.006153225 -1.87602e-4 0.003199994 -0.006206631 -2.96032e-4 0.003199994 -0.006322026 -4.22221e-4 0.003199994 -0.006471395 -5.05028e-4 0.003199994 -0.006640255 -5.31608e-4 0.003199994 -0.006124436 -8.97194e-6 0.003299951 -0.006153225 -1.87602e-4 0.003299951 -0.006206631 -2.96032e-4 0.003299951 -0.006322026 -4.22221e-4 0.003299951 -0.006471395 -5.05028e-4 0.003299951 -0.006640255 -5.31608e-4 0.003299951 -0.006641626 5.19674e-4 0.003199994 -0.006462514 4.8843e-4 0.003199994 -0.006354928 4.31721e-4 0.003199994 -0.006230533 3.12914e-4 0.003199994 -0.006150007 1.611e-4 0.003199994 -0.006124436 -8.97194e-6 0.003199994 -0.006641626 5.19674e-4 0.003299951 -0.006462514 4.8843e-4 0.003299951 -0.006354928 4.31721e-4 0.003299951 -0.006230533 3.12914e-4 0.003299951 -0.006150007 1.611e-4 0.003299951 -0.006124436 -8.97194e-6 0.003299951 -0.006303906 -6.5681e-6 0.003199994 -0.006328821 1.27765e-4 0.003199994 -0.006401836 2.38196e-4 0.003199994 -0.006510555 3.13903e-4 0.003199994 -0.006644427 3.40187e-4 0.003199994 -0.006303906 -6.5681e-6 0.003299951 -0.006328821 1.27765e-4 0.003299951 -0.006401836 2.38196e-4 0.003299951 -0.006510555 3.13903e-4 0.003299951 -0.006644427 3.40187e-4 0.003299951 -0.006644427 3.40187e-4 0.003199994 -0.006777644 3.15057e-4 0.003199994 -0.006888389 2.3904e-4 0.003199994 -0.006959795 1.28049e-4 0.003199994 -0.006983399 -7.97034e-6 0.003199994 -0.006644427 3.40187e-4 0.003299951 -0.006777644 3.15057e-4 0.003299951 -0.006888389 2.3904e-4 0.003299951 -0.006959795 1.28049e-4 0.003299951 -0.006983399 -7.97034e-6 0.003299951 -0.006983399 -7.97034e-6 0.003199994 -0.006952643 -1.58947e-4 0.003199994 -0.006860375 -2.75198e-4 0.003199994 -0.006983399 -7.97034e-6 0.003299951 -0.006952643 -1.58947e-4 0.003299951 -0.006860375 -2.75198e-4 0.003299951 -0.006860375 -2.75198e-4 0.003199994 -0.006757736 -3.3286e-4 0.003199994 -0.006640851 -3.52121e-4 0.003199994 -0.006860375 -2.75198e-4 0.003299951 -0.006757736 -3.3286e-4 0.003299951 -0.006640851 -3.52121e-4 0.003299951 -0.006640851 -3.52121e-4 0.003199994 -0.006509244 -3.26439e-4 0.003199994 -0.006400167 -2.5021e-4 0.003199994 -0.006327986 -1.39782e-4 0.003199994 -0.006303906 -6.5681e-6 0.003199994 -0.006640851 -3.52121e-4 0.003299951 -0.006509244 -3.26439e-4 0.003299951 -0.006400167 -2.5021e-4 0.003299951 -0.006327986 -1.39782e-4 0.003299951 -0.006303906 -6.5681e-6 0.003299951 -0.006860375 -2.75198e-4 0.003199994 -0.006757736 -3.3286e-4 0.003199994 -0.006640851 -3.52121e-4 0.003199994 -0.006983399 -7.97034e-6 0.003199994 -0.006952643 -1.58947e-4 0.003199994 -0.006644427 3.40187e-4 0.003199994 -0.006777644 3.15057e-4 0.003199994 -0.006888389 2.3904e-4 0.003199994 -0.006959795 1.28049e-4 0.003199994 -0.006303906 -6.5681e-6 0.003199994 -0.006328821 1.27765e-4 0.003199994 -0.006401836 2.38196e-4 0.003199994 -0.006510555 3.13903e-4 0.003199994 -0.006509244 -3.26439e-4 0.003199994 -0.006400167 -2.5021e-4 0.003199994 -0.006327986 -1.39782e-4 0.003199994 -0.006034672 -5.05967e-4 0.003199994 -0.005865812 4.94033e-4 0.003199994 -0.006034672 -5.05967e-4 0.003299951 -0.005865812 4.94033e-4 0.003299951 -0.005852758 -5.05967e-4 0.003199994 -0.006034672 -5.05967e-4 0.003199994 -0.005852758 -5.05967e-4 0.003299951 -0.006034672 -5.05967e-4 0.003299951 -0.005746245 1.25643e-4 0.003199994 -0.005852758 -5.05967e-4 0.003199994 -0.005746245 1.25643e-4 0.003299951 -0.005852758 -5.05967e-4 0.003299951 -0.005539476 -5.05967e-4 0.003199994 -0.005746245 1.25643e-4 0.003199994 -0.005539476 -5.05967e-4 0.003299951 -0.005746245 1.25643e-4 0.003299951 -0.005364418 -5.05967e-4 0.003199994 -0.005539476 -5.05967e-4 0.003199994 -0.005364418 -5.05967e-4 0.003299951 -0.005539476 -5.05967e-4 0.003299951 -0.005156457 1.25643e-4 0.003199994 -0.005364418 -5.05967e-4 0.003199994 -0.005156457 1.25643e-4 0.003299951 -0.005364418 -5.05967e-4 0.003299951 -0.005049705 -5.05967e-4 0.003199994 -0.005156457 1.25643e-4 0.003199994 -0.005049705 -5.05967e-4 0.003299951 -0.005156457 1.25643e-4 0.003299951 -0.00486803 -5.05967e-4 0.003199994 -0.005049705 -5.05967e-4 0.003199994 -0.00486803 -5.05967e-4 0.003299951 -0.005049705 -5.05967e-4 0.003299951 -0.005037069 4.94033e-4 0.003199994 -0.00486803 -5.05967e-4 0.003199994 -0.005037069 4.94033e-4 0.003299951 -0.00486803 -5.05967e-4 0.003299951 -0.005221605 4.94033e-4 0.003199994 -0.005037069 4.94033e-4 0.003199994 -0.005221605 4.94033e-4 0.003299951 -0.005037069 4.94033e-4 0.003299951 -0.005451321 -2.03483e-4 0.003199994 -0.005221605 4.94033e-4 0.003199994 -0.005451321 -2.03483e-4 0.003299951 -0.005221605 4.94033e-4 0.003299951 -0.005679488 4.94033e-4 0.003199994 -0.005451321 -2.03483e-4 0.003199994 -0.005679488 4.94033e-4 0.003299951 -0.005451321 -2.03483e-4 0.003299951 -0.005865812 4.94033e-4 0.003199994 -0.005679488 4.94033e-4 0.003199994 -0.005865812 4.94033e-4 0.003299951 -0.005679488 4.94033e-4 0.003299951 -0.005865812 4.94033e-4 0.003299951 -0.005679488 4.94033e-4 0.003299951 -0.005451321 -2.03483e-4 0.003299951 -0.005221605 4.94033e-4 0.003299951 -0.005037069 4.94033e-4 0.003299951 -0.00486803 -5.05967e-4 0.003299951 -0.005049705 -5.05967e-4 0.003299951 -0.005156457 1.25643e-4 0.003299951 -0.005364418 -5.05967e-4 0.003299951 -0.005539476 -5.05967e-4 0.003299951 -0.005746245 1.25643e-4 0.003299951 -0.005852758 -5.05967e-4 0.003299951 -0.006034672 -5.05967e-4 0.003299951 1.15385e-4 -5.05967e-4 0.003199994 1.15385e-4 4.94033e-4 0.003199994 1.15385e-4 -5.05967e-4 0.003299951 1.15385e-4 4.94033e-4 0.003299951 2.94872e-4 -5.05967e-4 0.003199994 1.15385e-4 -5.05967e-4 0.003199994 2.94872e-4 -5.05967e-4 0.003299951 1.15385e-4 -5.05967e-4 0.003299951 2.94872e-4 1.50083e-4 0.003199994 2.94872e-4 -5.05967e-4 0.003199994 2.94872e-4 1.50083e-4 0.003299951 2.94872e-4 -5.05967e-4 0.003299951 7.47396e-4 -5.05967e-4 0.003199994 2.94872e-4 1.50083e-4 0.003199994 7.47396e-4 -5.05967e-4 0.003299951 2.94872e-4 1.50083e-4 0.003299951 9.10256e-4 -5.05967e-4 0.003199994 7.47396e-4 -5.05967e-4 0.003199994 9.10256e-4 -5.05967e-4 0.003299951 7.47396e-4 -5.05967e-4 0.003299951 9.10256e-4 4.94033e-4 0.003199994 9.10256e-4 -5.05967e-4 0.003199994 9.10256e-4 4.94033e-4 0.003299951 9.10256e-4 -5.05967e-4 0.003299951 7.30769e-4 4.94033e-4 0.003199994 9.10256e-4 4.94033e-4 0.003199994 7.30769e-4 4.94033e-4 0.003299951 9.10256e-4 4.94033e-4 0.003299951 7.30769e-4 -1.6402e-4 0.003199994 7.30769e-4 4.94033e-4 0.003199994 7.30769e-4 -1.6402e-4 0.003299951 7.30769e-4 4.94033e-4 0.003299951 2.77043e-4 4.94033e-4 0.003199994 7.30769e-4 -1.6402e-4 0.003199994 2.77043e-4 4.94033e-4 0.003299951 7.30769e-4 -1.6402e-4 0.003299951 1.15385e-4 4.94033e-4 0.003199994 2.77043e-4 4.94033e-4 0.003199994 1.15385e-4 4.94033e-4 0.003299951 2.77043e-4 4.94033e-4 0.003299951 1.15385e-4 4.94033e-4 0.003299951 2.77043e-4 4.94033e-4 0.003299951 7.30769e-4 -1.6402e-4 0.003299951 7.30769e-4 4.94033e-4 0.003299951 9.10256e-4 4.94033e-4 0.003299951 9.10256e-4 -5.05967e-4 0.003299951 7.47396e-4 -5.05967e-4 0.003299951 2.94872e-4 1.50083e-4 0.003299951 2.94872e-4 -5.05967e-4 0.003299951 1.15385e-4 -5.05967e-4 0.003299951 0.001089692 -5.5665e-6 0.003299951 0.001119971 1.73865e-4 0.003299951 0.001174032 2.82813e-4 0.003299951 0.001290321 4.0941e-4 0.003299951 0.001441359 4.91572e-4 0.003299951 0.001610934 5.19674e-4 0.003299951 0.001612365 -5.31608e-4 0.003299951 0.001431941 -5.02454e-4 0.003299951 0.001322865 -4.47456e-4 0.003299951 0.001197814 -3.28359e-4 0.003299951 0.001116275 -1.76206e-4 0.003299951 0.002128183 -8.97194e-6 0.003299951 0.002099394 -1.87602e-4 0.003299951 0.002045989 -2.96032e-4 0.003299951 0.001930594 -4.22221e-4 0.003299951 0.001781165 -5.05028e-4 0.003299951 0.001790106 4.8843e-4 0.003299951 0.001897633 4.31721e-4 0.003299951 0.002022087 3.12914e-4 0.003299951 0.002102613 1.611e-4 0.003299951 0.001608133 3.40187e-4 0.003299951 0.001474916 3.15057e-4 0.003299951 0.001364231 2.3904e-4 0.003299951 0.001292765 1.28049e-4 0.003299951 0.001269221 -7.97034e-6 0.003299951 0.001948714 -6.5681e-6 0.003299951 0.001923799 1.27765e-4 0.003299951 0.001850724 2.38196e-4 0.003299951 0.001742064 3.13903e-4 0.003299951 0.001611769 -3.52121e-4 0.003299951 0.001743376 -3.26439e-4 0.003299951 0.001852452 -2.5021e-4 0.003299951 0.001924633 -1.39782e-4 0.003299951 0.001392185 -2.75198e-4 0.003299951 0.001494884 -3.3286e-4 0.003299951 0.001299917 -1.58947e-4 0.003299951 0.001089692 -5.5665e-6 0.003199994 0.001119971 1.73865e-4 0.003199994 0.001174032 2.82813e-4 0.003199994 0.001290321 4.0941e-4 0.003199994 0.001441359 4.91572e-4 0.003199994 0.001610934 5.19674e-4 0.003199994 0.001089692 -5.5665e-6 0.003299951 0.001119971 1.73865e-4 0.003299951 0.001174032 2.82813e-4 0.003299951 0.001290321 4.0941e-4 0.003299951 0.001441359 4.91572e-4 0.003299951 0.001610934 5.19674e-4 0.003299951 0.001612365 -5.31608e-4 0.003199994 0.001431941 -5.02454e-4 0.003199994 0.001322865 -4.47456e-4 0.003199994 0.001197814 -3.28359e-4 0.003199994 0.001116275 -1.76206e-4 0.003199994 0.001089692 -5.5665e-6 0.003199994 0.001612365 -5.31608e-4 0.003299951 0.001431941 -5.02454e-4 0.003299951 0.001322865 -4.47456e-4 0.003299951 0.001197814 -3.28359e-4 0.003299951 0.001116275 -1.76206e-4 0.003299951 0.001089692 -5.5665e-6 0.003299951 0.002128183 -8.97194e-6 0.003199994 0.002099394 -1.87602e-4 0.003199994 0.002045989 -2.96032e-4 0.003199994 0.001930594 -4.22221e-4 0.003199994 0.001781165 -5.05028e-4 0.003199994 0.001612365 -5.31608e-4 0.003199994 0.002128183 -8.97194e-6 0.003299951 0.002099394 -1.87602e-4 0.003299951 0.002045989 -2.96032e-4 0.003299951 0.001930594 -4.22221e-4 0.003299951 0.001781165 -5.05028e-4 0.003299951 0.001612365 -5.31608e-4 0.003299951 0.001610934 5.19674e-4 0.003199994 0.001790106 4.8843e-4 0.003199994 0.001897633 4.31721e-4 0.003199994 0.002022087 3.12914e-4 0.003199994 0.002102613 1.611e-4 0.003199994 0.002128183 -8.97194e-6 0.003199994 0.001610934 5.19674e-4 0.003299951 0.001790106 4.8843e-4 0.003299951 0.001897633 4.31721e-4 0.003299951 0.002022087 3.12914e-4 0.003299951 0.002102613 1.611e-4 0.003299951 0.002128183 -8.97194e-6 0.003299951 0.001948714 -6.5681e-6 0.003199994 0.001923799 1.27765e-4 0.003199994 0.001850724 2.38196e-4 0.003199994 0.001742064 3.13903e-4 0.003199994 0.001608133 3.40187e-4 0.003199994 0.001948714 -6.5681e-6 0.003299951 0.001923799 1.27765e-4 0.003299951 0.001850724 2.38196e-4 0.003299951 0.001742064 3.13903e-4 0.003299951 0.001608133 3.40187e-4 0.003299951 0.001608133 3.40187e-4 0.003199994 0.001474916 3.15057e-4 0.003199994 0.001364231 2.3904e-4 0.003199994 0.001292765 1.28049e-4 0.003199994 0.001269221 -7.97034e-6 0.003199994 0.001608133 3.40187e-4 0.003299951 0.001474916 3.15057e-4 0.003299951 0.001364231 2.3904e-4 0.003299951 0.001292765 1.28049e-4 0.003299951 0.001269221 -7.97034e-6 0.003299951 0.001269221 -7.97034e-6 0.003199994 0.001299917 -1.58947e-4 0.003199994 0.001392185 -2.75198e-4 0.003199994 0.001269221 -7.97034e-6 0.003299951 0.001299917 -1.58947e-4 0.003299951 0.001392185 -2.75198e-4 0.003299951 0.001392185 -2.75198e-4 0.003199994 0.001494884 -3.3286e-4 0.003199994 0.001611769 -3.52121e-4 0.003199994 0.001392185 -2.75198e-4 0.003299951 0.001494884 -3.3286e-4 0.003299951 0.001611769 -3.52121e-4 0.003299951 0.001611769 -3.52121e-4 0.003199994 0.001743376 -3.26439e-4 0.003199994 0.001852452 -2.5021e-4 0.003199994 0.001924633 -1.39782e-4 0.003199994 0.001948714 -6.5681e-6 0.003199994 0.001611769 -3.52121e-4 0.003299951 0.001743376 -3.26439e-4 0.003299951 0.001852452 -2.5021e-4 0.003299951 0.001924633 -1.39782e-4 0.003299951 0.001948714 -6.5681e-6 0.003299951 0.001392185 -2.75198e-4 0.003199994 0.001494884 -3.3286e-4 0.003199994 0.001611769 -3.52121e-4 0.003199994 0.001269221 -7.97034e-6 0.003199994 0.001299917 -1.58947e-4 0.003199994 0.001608133 3.40187e-4 0.003199994 0.001474916 3.15057e-4 0.003199994 0.001364231 2.3904e-4 0.003199994 0.001292765 1.28049e-4 0.003199994 0.001948714 -6.5681e-6 0.003199994 0.001923799 1.27765e-4 0.003199994 0.001850724 2.38196e-4 0.003199994 0.001742064 3.13903e-4 0.003199994 0.001743376 -3.26439e-4 0.003199994 0.001852452 -2.5021e-4 0.003199994 0.001924633 -1.39782e-4 0.003199994 0.007365942 -5.05967e-4 0.003199994 0.007365942 4.94033e-4 0.003199994 0.007365942 -5.05967e-4 0.003299951 0.007365942 4.94033e-4 0.003299951 0.007545471 -5.05967e-4 0.003199994 0.007365942 -5.05967e-4 0.003199994 0.007545471 -5.05967e-4 0.003299951 0.007365942 -5.05967e-4 0.003299951 0.007545471 1.50083e-4 0.003199994 0.007545471 -5.05967e-4 0.003199994 0.007545471 1.50083e-4 0.003299951 0.007545471 -5.05967e-4 0.003299951 0.007997989 -5.05967e-4 0.003199994 0.007545471 1.50083e-4 0.003199994 0.007997989 -5.05967e-4 0.003299951 0.007545471 1.50083e-4 0.003299951 0.008160829 -5.05967e-4 0.003199994 0.007997989 -5.05967e-4 0.003199994 0.008160829 -5.05967e-4 0.003299951 0.007997989 -5.05967e-4 0.003299951 0.008160829 4.94033e-4 0.003199994 0.008160829 -5.05967e-4 0.003199994 0.008160829 4.94033e-4 0.003299951 0.008160829 -5.05967e-4 0.003299951 0.007981359 4.94033e-4 0.003199994 0.008160829 4.94033e-4 0.003199994 0.007981359 4.94033e-4 0.003299951 0.008160829 4.94033e-4 0.003299951 0.007981359 -1.6402e-4 0.003199994 0.007981359 4.94033e-4 0.003199994 0.007981359 -1.6402e-4 0.003299951 0.007981359 4.94033e-4 0.003299951 0.007527589 4.94033e-4 0.003199994 0.007981359 -1.6402e-4 0.003199994 0.007527589 4.94033e-4 0.003299951 0.007981359 -1.6402e-4 0.003299951 0.007365942 4.94033e-4 0.003199994 0.007527589 4.94033e-4 0.003199994 0.007365942 4.94033e-4 0.003299951 0.007527589 4.94033e-4 0.003299951 0.007365942 4.94033e-4 0.003299951 0.007527589 4.94033e-4 0.003299951 0.007981359 -1.6402e-4 0.003299951 0.007981359 4.94033e-4 0.003299951 0.008160829 4.94033e-4 0.003299951 0.008160829 -5.05967e-4 0.003299951 0.007997989 -5.05967e-4 0.003299951 0.007545471 1.50083e-4 0.003299951 0.007545471 -5.05967e-4 0.003299951 0.007365942 -5.05967e-4 0.003299951 0.008862376 5.19674e-4 0.003199994 0.008982837 5.06319e-4 0.003199994 0.009097516 4.66957e-4 0.003199994 0.00919938 4.05642e-4 0.003199994 0.009289026 3.20555e-4 0.003199994 0.008862376 5.19674e-4 0.003299951 0.008982837 5.06319e-4 0.003299951 0.009097516 4.66957e-4 0.003299951 0.00919938 4.05642e-4 0.003299951 0.009289026 3.20555e-4 0.003299951 0.008340299 -4.36457e-6 0.003199994 0.008368253 1.76169e-4 0.003199994 0.008421242 2.86097e-4 0.003199994 0.008539438 4.11555e-4 0.003199994 0.008692026 4.92213e-4 0.003199994 0.008862376 5.19674e-4 0.003199994 0.008340299 -4.36457e-6 0.003299951 0.008368253 1.76169e-4 0.003299951 0.008421242 2.86097e-4 0.003299951 0.008539438 4.11555e-4 0.003299951 0.008692026 4.92213e-4 0.003299951 0.008862376 5.19674e-4 0.003299951 0.008859574 -5.31608e-4 0.003199994 0.00867784 -5.03983e-4 0.003199994 0.008567333 -4.50683e-4 0.003199994 0.00844109 -3.31698e-4 0.003199994 0.008363723 -1.76478e-4 0.003199994 0.008340299 -4.36457e-6 0.003199994 0.008859574 -5.31608e-4 0.003299951 0.00867784 -5.03983e-4 0.003299951 0.008567333 -4.50683e-4 0.003299951 0.00844109 -3.31698e-4 0.003299951 0.008363723 -1.76478e-4 0.003299951 0.008340299 -4.36457e-6 0.003299951 0.009285032 -3.40703e-4 0.003199994 0.009183943 -4.28513e-4 0.003199994 0.009093225 -4.83895e-4 0.003199994 0.008984982 -5.19531e-4 0.003199994 0.008859574 -5.31608e-4 0.003199994 0.009285032 -3.40703e-4 0.003299951 0.009183943 -4.28513e-4 0.003299951 0.009093225 -4.83895e-4 0.003299951 0.008984982 -5.19531e-4 0.003299951 0.008859574 -5.31608e-4 0.003299951 0.009157419 -2.06688e-4 0.003199994 0.009285032 -3.40703e-4 0.003199994 0.009157419 -2.06688e-4 0.003299951 0.009285032 -3.40703e-4 0.003299951 0.00885874 -3.52121e-4 0.003199994 0.009014606 -3.17929e-4 0.003199994 0.009157419 -2.06688e-4 0.003199994 0.00885874 -3.52121e-4 0.003299951 0.009014606 -3.17929e-4 0.003299951 0.009157419 -2.06688e-4 0.003299951 0.008519828 -3.96393e-6 0.003199994 0.008543491 -1.42312e-4 0.003199994 0.008613049 -2.52604e-4 0.003199994 0.008725225 -3.27373e-4 0.003199994 0.00885874 -3.52121e-4 0.003199994 0.008519828 -3.96393e-6 0.003299951 0.008543491 -1.42312e-4 0.003299951 0.008613049 -2.52604e-4 0.003299951 0.008725225 -3.27373e-4 0.003299951 0.00885874 -3.52121e-4 0.003299951 0.008855342 3.40187e-4 0.003199994 0.008723616 3.14797e-4 0.003199994 0.008615195 2.39203e-4 0.003199994 0.00854361 1.28964e-4 0.003199994 0.008519828 -3.96393e-6 0.003199994 0.008855342 3.40187e-4 0.003299951 0.008723616 3.14797e-4 0.003299951 0.008615195 2.39203e-4 0.003299951 0.00854361 1.28964e-4 0.003299951 0.008519828 -3.96393e-6 0.003299951 0.009157419 1.94754e-4 0.003199994 0.009014308 3.04163e-4 0.003199994 0.008855342 3.40187e-4 0.003199994 0.009157419 1.94754e-4 0.003299951 0.009014308 3.04163e-4 0.003299951 0.008855342 3.40187e-4 0.003299951 0.009289026 3.20555e-4 0.003199994 0.009157419 1.94754e-4 0.003199994 0.009289026 3.20555e-4 0.003299951 0.009157419 1.94754e-4 0.003299951 0.008862376 5.19674e-4 0.003299951 0.008982837 5.06319e-4 0.003299951 0.009097516 4.66957e-4 0.003299951 0.00919938 4.05642e-4 0.003299951 0.009289026 3.20555e-4 0.003299951 0.008340299 -4.36457e-6 0.003299951 0.008368253 1.76169e-4 0.003299951 0.008421242 2.86097e-4 0.003299951 0.008539438 4.11555e-4 0.003299951 0.008692026 4.92213e-4 0.003299951 0.008859574 -5.31608e-4 0.003299951 0.00867784 -5.03983e-4 0.003299951 0.008567333 -4.50683e-4 0.003299951 0.00844109 -3.31698e-4 0.003299951 0.008363723 -1.76478e-4 0.003299951 0.009285032 -3.40703e-4 0.003299951 0.009183943 -4.28513e-4 0.003299951 0.009093225 -4.83895e-4 0.003299951 0.008984982 -5.19531e-4 0.003299951 0.009157419 -2.06688e-4 0.003299951 0.00885874 -3.52121e-4 0.003299951 0.009014606 -3.17929e-4 0.003299951 0.008519828 -3.96393e-6 0.003299951 0.008543491 -1.42312e-4 0.003299951 0.008613049 -2.52604e-4 0.003299951 0.008725225 -3.27373e-4 0.003299951 0.008855342 3.40187e-4 0.003299951 0.008723616 3.14797e-4 0.003299951 0.008615195 2.39203e-4 0.003299951 0.00854361 1.28964e-4 0.003299951 0.009157419 1.94754e-4 0.003299951 0.009014308 3.04163e-4 0.003299951 -0.008049964 -0.005099952 0.001749992 -0.008049964 -0.005099952 -0.001749992 -0.008049964 -0.00879997 0.001749992 -0.008049964 -0.00909996 0.001449942 -0.008049964 -0.00909996 -0.001449942 -0.008049964 -0.00879997 -0.001749992 -0.008049964 -0.006899952 0 -0.008049964 -0.006912112 -1.38919e-4 -0.008049964 -0.006948232 -2.73616e-4 -0.008049964 -0.007007122 -4e-4 -0.008049964 -0.007087111 -5.1423e-4 -0.008049964 -0.007185757 -6.12836e-4 -0.008049964 -0.007299959 -6.9282e-4 -0.008049964 -0.007426381 -7.51754e-4 -0.008049964 -0.007561028 -7.87846e-4 -0.008049964 -0.007699966 -8e-4 -0.008049964 -0.007838904 -7.87846e-4 -0.008049964 -0.007973611 -7.51754e-4 -0.008049964 -0.008099973 -6.9282e-4 -0.008049964 -0.008214175 -6.12836e-4 -0.008049964 -0.008312821 -5.1423e-4 -0.008049964 -0.00839281 -4e-4 -0.008049964 -0.0084517 -2.73616e-4 -0.008049964 -0.00848782 -1.38919e-4 -0.008049964 -0.008499979 0 -0.008049964 -0.00848782 1.38919e-4 -0.008049964 -0.0084517 2.73616e-4 -0.008049964 -0.00839281 4e-4 -0.008049964 -0.008312821 5.1423e-4 -0.008049964 -0.008214175 6.12836e-4 -0.008049964 -0.008099973 6.9282e-4 -0.008049964 -0.007973611 7.51754e-4 -0.008049964 -0.007838904 7.87846e-4 -0.008049964 -0.007699966 8e-4 -0.008049964 -0.007561028 7.87846e-4 -0.008049964 -0.007426381 7.51754e-4 -0.008049964 -0.007299959 6.9282e-4 -0.008049964 -0.007185757 6.12836e-4 -0.008049964 -0.007087111 5.1423e-4 -0.008049964 -0.007007122 4e-4 -0.008049964 -0.006948232 2.73616e-4 -0.008049964 -0.006912112 1.38919e-4 -0.008049964 -0.005099952 -0.001749992 -0.007549941 -0.005099952 -0.001749992 -0.008049964 -0.00879997 -0.001749992 -0.007549941 -0.00879997 -0.001749992 -0.007549941 -0.00879997 0.001749992 -0.007549941 -0.00909996 0.001449942 -0.007549941 -0.005099952 0.001749992 -0.007549941 -0.005099952 -0.001749992 -0.007549941 -0.00879997 -0.001749992 -0.007549941 -0.00909996 -0.001449942 -0.007549941 -0.006899952 0 -0.007549941 -0.006912112 -1.38919e-4 -0.007549941 -0.006948232 -2.73616e-4 -0.007549941 -0.007007122 -4e-4 -0.007549941 -0.007087111 -5.1423e-4 -0.007549941 -0.007185757 -6.12836e-4 -0.007549941 -0.007299959 -6.9282e-4 -0.007549941 -0.007426381 -7.51754e-4 -0.007549941 -0.007561028 -7.87846e-4 -0.007549941 -0.007699966 -8e-4 -0.007549941 -0.007838904 -7.87846e-4 -0.007549941 -0.007973611 -7.51754e-4 -0.007549941 -0.008099973 -6.9282e-4 -0.007549941 -0.008214175 -6.12836e-4 -0.007549941 -0.008312821 -5.1423e-4 -0.007549941 -0.00839281 -4e-4 -0.007549941 -0.0084517 -2.73616e-4 -0.007549941 -0.00848782 -1.38919e-4 -0.007549941 -0.008499979 0 -0.007549941 -0.00848782 1.38919e-4 -0.007549941 -0.0084517 2.73616e-4 -0.007549941 -0.00839281 4e-4 -0.007549941 -0.008312821 5.1423e-4 -0.007549941 -0.008214175 6.12836e-4 -0.007549941 -0.008099973 6.9282e-4 -0.007549941 -0.007973611 7.51754e-4 -0.007549941 -0.007838904 7.87846e-4 -0.007549941 -0.007699966 8e-4 -0.007549941 -0.007561028 7.87846e-4 -0.007549941 -0.007426381 7.51754e-4 -0.007549941 -0.007299959 6.9282e-4 -0.007549941 -0.007185757 6.12836e-4 -0.007549941 -0.007087111 5.1423e-4 -0.007549941 -0.007007122 4e-4 -0.007549941 -0.006948232 2.73616e-4 -0.007549941 -0.006912112 1.38919e-4 -0.007549941 -0.005099952 0.001749992 -0.008049964 -0.005099952 0.001749992 -0.007549941 -0.00879997 0.001749992 -0.008049964 -0.00879997 0.001749992 -0.007549941 -0.00909996 0.001449942 -0.008049964 -0.00909996 0.001449942 -0.007549941 -0.00909996 -0.001449942 -0.008049964 -0.00909996 -0.001449942 5e-4 -0.00879997 -0.001749992 5e-4 -0.00909996 -0.001449942 5e-4 -0.005099952 -0.001749992 5e-4 -0.005099952 0.001749992 5e-4 -0.00879997 0.001749992 5e-4 -0.00909996 0.001449942 5e-4 -0.006899952 0 5e-4 -0.006912112 1.38919e-4 5e-4 -0.006948232 2.73616e-4 5e-4 -0.007007122 4e-4 5e-4 -0.007087111 5.1423e-4 5e-4 -0.007185757 6.12836e-4 5e-4 -0.007299959 6.9282e-4 5e-4 -0.007426381 7.51754e-4 5e-4 -0.007561028 7.87846e-4 5e-4 -0.007699966 8e-4 5e-4 -0.007838904 7.87846e-4 5e-4 -0.007973611 7.51754e-4 5e-4 -0.008099973 6.9282e-4 5e-4 -0.008214175 6.12836e-4 5e-4 -0.008312821 5.1423e-4 5e-4 -0.00839281 4e-4 5e-4 -0.0084517 2.73616e-4 5e-4 -0.00848782 1.38919e-4 5e-4 -0.008499979 0 5e-4 -0.00848782 -1.38919e-4 5e-4 -0.0084517 -2.73616e-4 5e-4 -0.00839281 -4e-4 5e-4 -0.008312821 -5.1423e-4 5e-4 -0.008214175 -6.12836e-4 5e-4 -0.008099973 -6.9282e-4 5e-4 -0.007973611 -7.51754e-4 5e-4 -0.007838904 -7.87846e-4 5e-4 -0.007699966 -8e-4 5e-4 -0.007561028 -7.87846e-4 5e-4 -0.007426381 -7.51754e-4 5e-4 -0.007299959 -6.9282e-4 5e-4 -0.007185757 -6.12836e-4 5e-4 -0.007087111 -5.1423e-4 5e-4 -0.007007122 -4e-4 5e-4 -0.006948232 -2.73616e-4 5e-4 -0.006912112 -1.38919e-4 5e-4 -0.005099952 -0.001749992 0.000999987 -0.005099952 -0.001749992 5e-4 -0.00879997 -0.001749992 0.000999987 -0.00879997 -0.001749992 0.000999987 -0.005099952 -0.001749992 0.000999987 -0.005099952 0.001749992 0.000999987 -0.00879997 -0.001749992 0.000999987 -0.00909996 -0.001449942 0.000999987 -0.00909996 0.001449942 0.000999987 -0.00879997 0.001749992 0.000999987 -0.006899952 0 0.000999987 -0.006912112 -1.38919e-4 0.000999987 -0.006948232 -2.73616e-4 0.000999987 -0.007007122 -4e-4 0.000999987 -0.007087111 -5.1423e-4 0.000999987 -0.007185757 -6.12836e-4 0.000999987 -0.007299959 -6.9282e-4 0.000999987 -0.007426381 -7.51754e-4 0.000999987 -0.007561028 -7.87846e-4 0.000999987 -0.007699966 -8e-4 0.000999987 -0.007838904 -7.87846e-4 0.000999987 -0.007973611 -7.51754e-4 0.000999987 -0.008099973 -6.9282e-4 0.000999987 -0.008214175 -6.12836e-4 0.000999987 -0.008312821 -5.1423e-4 0.000999987 -0.00839281 -4e-4 0.000999987 -0.0084517 -2.73616e-4 0.000999987 -0.00848782 -1.38919e-4 0.000999987 -0.008499979 0 0.000999987 -0.00848782 1.38919e-4 0.000999987 -0.0084517 2.73616e-4 0.000999987 -0.00839281 4e-4 0.000999987 -0.008312821 5.1423e-4 0.000999987 -0.008214175 6.12836e-4 0.000999987 -0.008099973 6.9282e-4 0.000999987 -0.007973611 7.51754e-4 0.000999987 -0.007838904 7.87846e-4 0.000999987 -0.007699966 8e-4 0.000999987 -0.007561028 7.87846e-4 0.000999987 -0.007426381 7.51754e-4 0.000999987 -0.007299959 6.9282e-4 0.000999987 -0.007185757 6.12836e-4 0.000999987 -0.007087111 5.1423e-4 0.000999987 -0.007007122 4e-4 0.000999987 -0.006948232 2.73616e-4 0.000999987 -0.006912112 1.38919e-4 0.000999987 -0.005099952 0.001749992 5e-4 -0.005099952 0.001749992 0.000999987 -0.00879997 0.001749992 5e-4 -0.00879997 0.001749992 0.000999987 -0.00909996 -0.001449942 0.000999987 -0.00909996 0.001449942 5e-4 -0.00909996 0.001449942 5e-4 -0.00909996 -0.001449942 0.008549988 -0.005099952 -0.001749992 0.008549988 -0.005099952 0.001749992 0.008549988 -0.00879997 -0.001749992 0.008549988 -0.00909996 -0.001449942 0.008549988 -0.00909996 0.001449942 0.008549988 -0.00879997 0.001749992 0.008549988 -0.006899952 0 0.008549988 -0.006912112 -1.38919e-4 0.008549988 -0.006948232 -2.73616e-4 0.008549988 -0.007007122 -4e-4 0.008549988 -0.007087111 -5.1423e-4 0.008549988 -0.007185757 -6.12836e-4 0.008549988 -0.007299959 -6.9282e-4 0.008549988 -0.007426381 -7.51754e-4 0.008549988 -0.007561028 -7.87846e-4 0.008549988 -0.007699966 -8e-4 0.008549988 -0.007838904 -7.87846e-4 0.008549988 -0.007973611 -7.51754e-4 0.008549988 -0.008099973 -6.9282e-4 0.008549988 -0.008214175 -6.12836e-4 0.008549988 -0.008312821 -5.1423e-4 0.008549988 -0.00839281 -4e-4 0.008549988 -0.0084517 -2.73616e-4 0.008549988 -0.00848782 -1.38919e-4 0.008549988 -0.008499979 0 0.008549988 -0.00848782 1.38919e-4 0.008549988 -0.0084517 2.73616e-4 0.008549988 -0.00839281 4e-4 0.008549988 -0.008312821 5.1423e-4 0.008549988 -0.008214175 6.12836e-4 0.008549988 -0.008099973 6.9282e-4 0.008549988 -0.007973611 7.51754e-4 0.008549988 -0.007838904 7.87846e-4 0.008549988 -0.007699966 8e-4 0.008549988 -0.007561028 7.87846e-4 0.008549988 -0.007426381 7.51754e-4 0.008549988 -0.007299959 6.9282e-4 0.008549988 -0.007185757 6.12836e-4 0.008549988 -0.007087111 5.1423e-4 0.008549988 -0.007007122 4e-4 0.008549988 -0.006948232 2.73616e-4 0.008549988 -0.006912112 1.38919e-4 0.008549988 -0.005099952 0.001749992 0.008049964 -0.005099952 0.001749992 0.008549988 -0.00879997 0.001749992 0.008049964 -0.00879997 0.001749992 0.008049964 -0.00879997 -0.001749992 0.008049964 -0.00909996 -0.001449942 0.008049964 -0.005099952 -0.001749992 0.008049964 -0.005099952 0.001749992 0.008049964 -0.00879997 0.001749992 0.008049964 -0.00909996 0.001449942 0.008049964 -0.006899952 0 0.008049964 -0.006912112 1.38919e-4 0.008049964 -0.006948232 2.73616e-4 0.008049964 -0.007007122 4e-4 0.008049964 -0.007087111 5.1423e-4 0.008049964 -0.007185757 6.12836e-4 0.008049964 -0.007299959 6.9282e-4 0.008049964 -0.007426381 7.51754e-4 0.008049964 -0.007561028 7.87846e-4 0.008049964 -0.007699966 8e-4 0.008049964 -0.007838904 7.87846e-4 0.008049964 -0.007973611 7.51754e-4 0.008049964 -0.008099973 6.9282e-4 0.008049964 -0.008214175 6.12836e-4 0.008049964 -0.008312821 5.1423e-4 0.008049964 -0.00839281 4e-4 0.008049964 -0.0084517 2.73616e-4 0.008049964 -0.00848782 1.38919e-4 0.008049964 -0.008499979 0 0.008049964 -0.00848782 -1.38919e-4 0.008049964 -0.0084517 -2.73616e-4 0.008049964 -0.00839281 -4e-4 0.008049964 -0.008312821 -5.1423e-4 0.008049964 -0.008214175 -6.12836e-4 0.008049964 -0.008099973 -6.9282e-4 0.008049964 -0.007973611 -7.51754e-4 0.008049964 -0.007838904 -7.87846e-4 0.008049964 -0.007699966 -8e-4 0.008049964 -0.007561028 -7.87846e-4 0.008049964 -0.007426381 -7.51754e-4 0.008049964 -0.007299959 -6.9282e-4 0.008049964 -0.007185757 -6.12836e-4 0.008049964 -0.007087111 -5.1423e-4 0.008049964 -0.007007122 -4e-4 0.008049964 -0.006948232 -2.73616e-4 0.008049964 -0.006912112 -1.38919e-4 0.008049964 -0.005099952 -0.001749992 0.008549988 -0.005099952 -0.001749992 0.008049964 -0.00879997 -0.001749992 0.008549988 -0.00879997 -0.001749992 0.008049964 -0.00909996 -0.001449942 0.008549988 -0.00909996 -0.001449942 0.008049964 -0.00909996 0.001449942 0.008549988 -0.00909996 0.001449942 -0.001945436 0.006099998 -8.80752e-4 -0.001771807 0.006084799 -8.80752e-4 -0.001603424 0.006039679 -8.80752e-4 -0.001445412 0.005966007 -8.80752e-4 -0.001302659 0.005865991 -8.80752e-4 -0.001179397 0.005742728 -8.80752e-4 -0.00107938 0.005599975 -8.80752e-4 -0.001005768 0.005441963 -8.80752e-4 -9.60653e-4 0.00527364 -8.80752e-4 -9.45461e-4 0.005099952 -8.80752e-4 -0.002945423 0.006099998 -8.80752e-4 -0.00394541 0.005099952 -8.80752e-4 -0.003930211 0.00527364 -8.80752e-4 -0.003885149 0.005441963 -8.80752e-4 -0.003811478 0.005599975 -8.80752e-4 -0.003711462 0.005742728 -8.80752e-4 -0.003588199 0.005865991 -8.80752e-4 -0.003445446 0.005966007 -8.80752e-4 -0.003287434 0.006039679 -8.80752e-4 -0.003119051 0.006084799 -8.80752e-4 -0.001945436 0.006099998 0.001119196 -0.002945423 0.006099998 0.001119196 -0.003119051 0.006084799 0.001119196 -0.003287434 0.006039679 0.001119196 -0.003445446 0.005966007 0.001119196 -0.003588199 0.005865991 0.001119196 -0.003711462 0.005742728 0.001119196 -0.003811478 0.005599975 0.001119196 -0.003885149 0.005441963 0.001119196 -0.003930211 0.00527364 0.001119196 -0.00394541 0.005099952 0.001119196 -9.45461e-4 0.005099952 0.001119196 -9.60653e-4 0.00527364 0.001119196 -0.001005768 0.005441963 0.001119196 -0.00107938 0.005599975 0.001119196 -0.001179397 0.005742728 0.001119196 -0.001302659 0.005865991 0.001119196 -0.001445412 0.005966007 0.001119196 -0.001603424 0.006039679 0.001119196 -0.001771807 0.006084799 0.001119196 -0.001945436 0.006099998 0.001119196 -0.001945436 0.006099998 -8.80752e-4 -0.002945423 0.006099998 0.001119196 -0.002945423 0.006099998 -8.80752e-4 -0.00394541 0.005099952 -8.80752e-4 -0.003930211 0.00527364 -8.80752e-4 -0.003885149 0.005441963 -8.80752e-4 -0.003811478 0.005599975 -8.80752e-4 -0.003711462 0.005742728 -8.80752e-4 -0.003588199 0.005865991 -8.80752e-4 -0.003445446 0.005966007 -8.80752e-4 -0.003287434 0.006039679 -8.80752e-4 -0.003119051 0.006084799 -8.80752e-4 -0.002945423 0.006099998 -8.80752e-4 -0.00394541 0.005099952 0.001119196 -0.002945423 0.006099998 0.001119196 -0.003119051 0.006084799 0.001119196 -0.003287434 0.006039679 0.001119196 -0.003445446 0.005966007 0.001119196 -0.003588199 0.005865991 0.001119196 -0.003711462 0.005742728 0.001119196 -0.003811478 0.005599975 0.001119196 -0.003885149 0.005441963 0.001119196 -0.003930211 0.00527364 0.001119196 -0.001945436 0.006099998 -8.80752e-4 -0.001771807 0.006084799 -8.80752e-4 -0.001603424 0.006039679 -8.80752e-4 -0.001445412 0.005966007 -8.80752e-4 -0.001302659 0.005865991 -8.80752e-4 -0.001179397 0.005742728 -8.80752e-4 -0.00107938 0.005599975 -8.80752e-4 -0.001005768 0.005441963 -8.80752e-4 -9.60653e-4 0.00527364 -8.80752e-4 -9.45461e-4 0.005099952 -8.80752e-4 -0.001945436 0.006099998 0.001119196 -9.45461e-4 0.005099952 0.001119196 -9.60653e-4 0.00527364 0.001119196 -0.001005768 0.005441963 0.001119196 -0.00107938 0.005599975 0.001119196 -0.001179397 0.005742728 0.001119196 -0.001302659 0.005865991 0.001119196 -0.001445412 0.005966007 0.001119196 -0.001603424 0.006039679 0.001119196 -0.001771807 0.006084799 0.001119196</float_array>
          <technique_common>
            <accessor source="#SOLID_001-mesh-positions-array" count="1880" stride="3">
              <param name="X" type="float"/>
              <param name="Y" type="float"/>
              <param name="Z" type="float"/>
            </accessor>
          </technique_common>
        </source>
        <source id="SOLID_001-mesh-normals">
          <float_array id="SOLID_001-mesh-normals-array" count="3600">0 -0.9848079 0.1736472 0 -1 1.71214e-5 0 -1 1.71363e-5 0 -0.9848082 0.1736459 0 -0.9396919 0.3420224 0 -0.9396923 0.342021 0 -0.8660238 0.5000027 0 -0.8660257 0.4999995 0 -0.7660447 0.6427873 0 -0.7660462 0.6427856 0 -0.6427859 0.7660461 0 -0.6427882 0.766044 0 -0.4999975 0.8660268 0 -0.5000005 0.8660252 0 -0.3420194 0.939693 0 -0.3420214 0.9396922 0 -0.1736465 0.9848082 0 -0.1736499 0.9848076 0 2.24263e-6 1 0 -2.44022e-6 1 0 0.1736516 0.9848072 0 0.1736457 0.9848082 0 0.3420198 0.9396927 0 0.3420207 0.9396924 0 0.5000019 0.8660243 0 0.4999968 0.8660274 0 0.6427915 0.7660412 0 0.6427857 0.7660461 0 0.7660514 0.6427795 0 0.7660382 0.642795 0 0.866029 0.4999937 0 0.8660201 0.5000094 0 0.9396951 0.3420133 0 0.9396903 0.3420265 0 0.9848096 0.1736381 0 0.9848061 0.1736578 0 1 1.53258e-5 0 1 3.62545e-5 0 -1 1.70842e-5 0 -0.984808 0.1736472 0 -1 1.70991e-5 0 -0.9848078 0.1736484 0 -0.9396927 0.34202 0 -0.9396914 0.3420234 0 -0.866025 0.5000007 0 -0.8660258 0.4999995 0 -0.7660449 0.6427871 0 -0.6427875 0.7660447 0 -0.6427864 0.7660456 0 -0.4999991 0.8660259 0 -0.5000002 0.8660253 0 -0.3420193 0.939693 0 -0.3420212 0.9396923 0 -0.1736463 0.9848082 0 -0.1736498 0.9848076 0 2.21882e-6 1 0 -2.46641e-6 1 0 0.1736514 0.9848072 0 0.1736456 0.9848082 0 0.3420237 0.9396914 0 0.3420164 0.939694 0 0.5000008 0.866025 0 0.499998 0.8660265 0 0.6427846 0.766047 0 0.6427928 0.7660401 0 0.7660443 0.6427878 0 0.7660452 0.6427869 0 0.866029 0.4999938 0 0.8660227 0.500005 0 0.9396935 0.3420181 0 0.939692 0.342022 0 0.9848064 0.1736557 0 0.9848083 0.1736451 0 1 1.52886e-5 0 1 3.62247e-5 0 -1 1.69054e-5 0 -0.9848079 0.1736472 0 -1 1.71289e-5 0 -0.9848083 0.1736454 0 -0.9396919 0.3420223 0 -0.9396927 0.3420201 0 -0.8660237 0.500003 0 -0.8660262 0.4999987 0 -0.7660443 0.6427879 0 -0.7660467 0.642785 0 -0.6427856 0.7660462 0 -0.6427891 0.7660433 0 -0.4999973 0.8660271 0 -0.5000013 0.8660247 0 -0.3420188 0.9396932 0 -0.3420217 0.9396921 0 -0.1736461 0.9848082 0 -0.1736499 0.9848076 0 2.20453e-6 1 0 -2.4807e-6 1 0 0.1736511 0.9848073 0 0.1736457 0.9848082 0 0.3420232 0.9396916 0 0.3420169 0.9396939 0 0.5000002 0.8660253 0 0.4999989 0.866026 0 0.6427911 0.7660415 0 0.6427865 0.7660454 0 0.7660508 0.6427801 0 0.7660388 0.6427943 0 0.866029 0.499994 0 0.8660205 0.5000085 0 0.9396952 0.3420132 0 0.9396907 0.3420255 0 0.9848074 0.1736506 0 0.9848084 0.1736447 0 1 1.51023e-5 -0.9848077 0.1736484 0 -1 1.84551e-5 0 -1 1.84625e-5 0 -0.984808 0.1736472 0 -0.9396926 0.3420206 0 -0.9396929 0.3420193 0 -0.8660249 0.500001 0 -0.8660253 0.5000002 0 -0.7660441 0.642788 0 -0.7660447 0.6427873 0 -0.6427882 0.766044 0 -0.6427873 0.7660447 0 -0.5 0.8660255 0 -0.4999998 0.8660255 0 -0.3420199 0.9396928 0 -0.1736479 0.9848078 0 -0.3420209 0.9396924 0 -0.1736475 0.984808 0 0 1 0 0.1736478 0.9848079 0 -2.33304e-7 1 0 0.1736479 0.9848079 0 0.3420196 0.9396929 0 0.3420209 0.9396924 0 0.4999983 0.8660264 0 0.5000017 0.8660245 0 0.6427868 0.7660452 0 0.642788 0.7660441 0 0.7660447 0.6427873 0 0.7660444 0.6427878 0 0.8660254 0.5000002 0 0.8660259 0.4999991 0 0.9396925 0.3420205 0 0.9396929 0.3420194 0 0.9848075 0.1736497 0 0.984808 0.1736472 0 1 2.09138e-5 0 1 1.84327e-5 0 -0.9848077 0.1736484 0 -1 1.84849e-5 0 -1 2.09585e-5 0 -0.9848077 0.1736484 0 -0.9396929 0.3420194 0 -0.9396925 0.3420205 0 -0.8660259 0.4999991 0 -0.8660248 0.5000011 0 -0.7660455 0.6427865 0 -0.7660434 0.6427889 0 -0.6427888 0.7660436 0 -0.6427871 0.7660448 0 -0.5000007 0.8660252 0 -0.5 0.8660255 0 -0.3420199 0.9396928 0 -0.1736477 0.9848079 0 -0.3420203 0.9396926 0 2.23778e-7 1 0 0.1736477 0.9848079 0 0 1 0 0.1736479 0.9848079 0 0.3420203 0.9396926 0 0.3420204 0.9396925 0 0.4999998 0.8660255 0 0.5000013 0.8660248 0 0.6427873 0.7660447 0 0.766043 0.6427894 0 0.8660265 0.4999982 0 0.8660238 0.500003 0 0.9396929 0.3420196 0 0.9396925 0.3420205 0 0.984808 0.1736471 0 0.9848077 0.1736484 0 1 1.35377e-5 0 1 2.34544e-5 0 2.61026e-6 0 1 1.02401e-5 0 1 0 0 1 -3.03283e-5 0 1 3.70845e-7 0 1 -3.59198e-6 0 1 -1.10566e-6 0 1 1.04842e-6 0 1 -2.41376e-7 0 1 1.33881e-6 0 1 6.1764e-6 0 1 -4.30357e-6 0 1 -3.04011e-7 0 1 1.01793e-6 0 1 6.39554e-7 0 1 1.02321e-6 0 1 -1.02708e-6 0 1 -1.99523e-6 0 1 2.94238e-6 0 1 -2.15799e-6 0 1 1.97247e-6 0 1 5.70344e-7 0 1 -8.36329e-7 0 1 9.53941e-7 0 1 -1.18296e-6 0 1 1.94398e-6 0 1 -1.55698e-7 0 1 2.5694e-6 0 1 1.21317e-6 0 1 -5.4446e-6 0 1 2.23909e-6 0 1 -3.03284e-5 0 1 2.05858e-7 0 1 6.37881e-7 0 1 -6.24104e-7 0 1 2.98143e-6 0 1 -5.32887e-7 0 1 -4.37783e-7 0 1 -2.35957e-6 0 1 1.37993e-6 0 1 8.27894e-7 0 1 0 0 1 4.22337e-7 0 1 -1.5616e-6 0 1 0 0 1 -1.93167e-6 0 1 1.6972e-6 0 1 1.16665e-6 0 1 6.05643e-7 0 1 1.4151e-6 0 1 -9.80817e-7 0 1 -1.03138e-6 0 1 -2.73234e-7 0 1 3.97478e-7 0 1 -9.36636e-7 0 1 7.04226e-7 0 1 -3.88314e-7 0 1 0 0 1 2.88134e-7 0 1 -4.63888e-7 0 1 9.63374e-7 0 1 -2.99955e-6 0 1 1.81233e-6 0 1 -8.57485e-7 0 1 8.08386e-7 0 1 -1.43003e-6 0 1 1.51639e-5 0 1 -1.95139e-6 0 1 1.67936e-6 0 1 6.99063e-7 0 1 3.03283e-5 0 1 3.27632e-7 0 1 -6.52051e-7 0 1 -2.96674e-6 0 1 -1.15433e-6 0 1 6.0222e-7 0 1 3.2863e-7 0 1 -3.16494e-6 0 1 9.99808e-7 0 1 3.16456e-6 0 1 1.88466e-6 0 1 -1.13486e-6 0 1 -1.32584e-6 0 1 8.21014e-7 0 1 -4.61631e-7 0 1 -2.75927e-7 0 1 -6.54517e-7 0 1 1.48914e-6 0 1 2.28877e-6 0 1 -2.15823e-6 0 1 -1.44868e-6 0 1 5.06268e-6 0 1 6.39555e-7 0 1 -4.09271e-7 0 1 -3.22141e-6 0 1 -2.15799e-6 0 1 2.94239e-6 0 1 1.97248e-6 0 1 -9.72467e-7 0 1 3.43447e-6 0 1 -5.15735e-6 0 1 5.26209e-7 0 1 -6.72567e-7 0 1 6.13976e-7 0 1 -3.9651e-7 0 1 0 0 1 -1.2668e-6 0 1 4.90761e-6 0 1 2.66616e-6 0 1 1.31976e-6 0 1 3.58397e-6 0 1 -1.99972e-6 0 1 -1.2668e-6 0 1 2.58933e-6 0 1 0 -1 1.25447e-6 0 -1 0 0 -1 -1.25447e-6 0 -1 -6.27239e-7 0 -1 -2.50895e-6 2.61026e-6 0 -1 1.02401e-5 0 -1 0 0 -1 -3.03283e-5 0 -1 3.70845e-7 0 -1 -1.10566e-6 0 -1 1.04842e-6 0 -1 -2.41376e-7 0 -1 1.01793e-6 0 -1 -1.27034e-6 0 -1 1.56652e-6 0 -1 5.07168e-7 0 -1 -8.93245e-7 0 -1 1.2508e-6 0 -1 -5.17047e-7 0 -1 -3.03284e-5 0 -1 4.69248e-7 0 -1 4.89056e-7 0 -1 -5.54576e-7 0 -1 -6.94309e-7 0 -1 1.01969e-6 0 -1 -2.73234e-7 0 -1 3.97478e-7 0 -1 -9.36636e-7 0 -1 7.04226e-7 0 -1 -3.88314e-7 0 -1 0 0 -1 2.88134e-7 0 -1 -4.63888e-7 0 -1 9.63374e-7 0 -1 1.51639e-5 0 -1 -1.95139e-6 0 -1 3.03283e-5 0 -1 -6.52051e-7 0 -1 -1.01355e-6 0 -1 9.81615e-7 0 -1 3.27632e-7 0 -1 -2.84359e-7 0 -1 -2.96674e-6 0 -1 7.08775e-7 0 -1 5.57754e-7 0 -1 -4.8661e-7 0 -1 -4.62863e-7 0 -1 4.90423e-7 0 -1 8.72907e-7 0 -1 -1.25863e-6 0 -1 1.76121e-6 0 -1 0 0 -1 -1 0 0 -0.1950924 -0.9807848 0 -4.61638e-5 -1 4.70244e-6 -4.73112e-5 -1 -4.68025e-6 -0.1950907 -0.9807853 0 -0.3826845 -0.9238792 0 -0.3826849 -0.923879 0 -0.5555676 -0.8314715 0 -0.5555698 -0.83147 0 -0.7071056 -0.707108 0 -0.7071056 -0.7071079 0 -0.8314654 -0.5555766 0 -0.8314718 -0.5555673 0 -0.9238751 -0.3826944 0 -0.9238836 -0.3826739 0 -0.9807855 -0.1950896 0 -0.9807856 -0.1950891 0 -1 -3.68953e-5 4.68026e-6 -1 -1.24499e-5 -4.70471e-6 0.9807834 -0.1951 0 1 -1.24499e-5 4.70471e-6 1 -3.68953e-5 -4.68026e-6 0.9807855 -0.1950898 0 0.9238792 -0.3826846 0 0.9238753 -0.382694 0 0.8314682 -0.5555723 0 0.8314739 -0.5555639 0 0.7071066 -0.707107 0 0.707111 -0.7071026 0 0.5555672 -0.8314717 0 0.5555679 -0.8314712 0 0.3826895 -0.9238771 0 0.3826774 -0.9238821 0 0.1950961 -0.9807842 0 0.1950875 -0.9807859 0 4.84586e-5 -1 4.68025e-6 4.61638e-5 -1 -4.70244e-6 1 0 0 0.1950875 0.9807859 0 4.61638e-5 1 4.70244e-6 4.84586e-5 1 -4.68025e-6 0.1950961 0.9807842 0 0.3826774 0.9238821 0 0.3826895 0.9238771 0 0.5555679 0.8314712 0 0.5555672 0.8314717 0 0.7071114 0.7071022 0 0.7071062 0.7071074 0 0.8314682 0.5555723 0 0.8314739 0.5555639 0 0.9238789 0.382685 0 0.9238754 0.3826935 0 0.9807855 0.1950898 0 0.9807834 0.1951 0 1 3.68953e-5 4.68026e-6 1 1.24499e-5 -4.70471e-6 0 1 -5.82799e-7 0 1 5.22868e-7 0 1 1.81181e-7 0 1 -1.6255e-7 0.9848077 -0.1736484 0 1 -1.34408e-5 0 1 -2.3365e-5 0 0.984808 -0.173647 0 0.9396925 -0.3420205 0 0.9396929 -0.3420196 0 0.8660238 -0.500003 0 0.8660265 -0.4999982 0 0.766043 -0.6427894 0 0.7660447 -0.6427873 0 0.642788 -0.7660441 0 0.6427873 -0.7660447 0 0.500001 -0.8660249 0 0.4999996 -0.8660257 0 0.3420202 -0.9396926 0 0.34202 -0.9396927 0 0.173649 -0.9848077 0 0.1736476 -0.9848079 0 8.237e-7 -1 0 -6.04682e-7 -1 0 -0.1736476 -0.9848079 0 -0.1736488 -0.9848077 0 -0.3420196 -0.9396929 0 -0.3420202 -0.9396926 0 -0.4999998 -0.8660256 0 -0.5000004 -0.8660253 0 -0.6427871 -0.7660448 0 -0.6427888 -0.7660436 0 -0.7660446 -0.6427876 0 -0.8660248 -0.5000011 0 -0.7660444 -0.6427877 0 -0.8660259 -0.4999991 0 -0.9396927 -0.34202 0 -0.9848077 -0.1736483 0 -0.9848077 -0.1736484 0 -1 -1.8388e-5 0 -1 -2.08616e-5 0 0.984808 -0.1736472 0 1 -2.08169e-5 0 1 -1.83433e-5 0 0.9848076 -0.1736496 0 0.9396929 -0.3420194 0 0.9396925 -0.3420205 0 0.8660259 -0.4999991 0 0.8660254 -0.5000002 0 0.7660444 -0.6427878 0 0.6427868 -0.7660452 0 0.5000015 -0.8660247 0 0.499998 -0.8660266 0 0.3420207 -0.9396924 0 0.3420193 -0.9396929 0 0.1736488 -0.9848077 0 0.173648 -0.9848078 0 2.76154e-7 -1 0 -3.95186e-7 -1 0 -0.1736479 -0.9848079 0 -0.1736486 -0.9848077 0 -0.34202 -0.9396927 0 -0.3420202 -0.9396926 0 -0.4999996 -0.8660257 0 -0.4999997 -0.8660256 0 -0.6427873 -0.7660447 0 -0.6427882 -0.766044 0 -0.7660437 -0.6427885 0 -0.8660253 -0.5000002 0 -0.7660451 -0.6427869 0 -0.8660249 -0.500001 0 -0.9396923 -0.3420211 0 -0.9396932 -0.3420189 0 -0.984808 -0.1736472 0 -0.9848077 -0.1736484 0 -1 -1.83582e-5 0 -1 -1.83731e-5 0 0 -0.7071079 0.7071057 0 -0.7071057 0.7071079 0 -0.7071057 -0.7071079 0 -0.7071079 -0.7071057 0 -0.7071063 0.7071074 0 -0.7071065 0.7071071 0 -0.7071065 -0.7071071 0 -0.7071063 -0.7071074 0 -0.7071068 -0.7071068 0 -0.7071068 0.7071068 0 1 -1.51098e-5 0 0.9848061 -0.1736577 0 1 -3.62545e-5 0 0.9848096 -0.1736376 0 0.9396904 -0.3420265 0 0.9396954 -0.3420124 0 0.8660201 -0.5000092 0 0.8660294 -0.4999931 0 0.7660375 -0.6427959 0 0.7660518 -0.6427789 0 0.642784 -0.7660476 0 0.6427942 -0.7660391 0 0.4999989 -0.866026 0 0.5000002 -0.8660253 0 0.3420169 -0.9396939 0 0.3420232 -0.9396916 0 0.1736457 -0.9848082 0 0.1736511 -0.9848073 0 -2.4807e-6 -1 0 2.20453e-6 -1 0 -0.17365 -0.9848076 0 -0.173646 -0.9848082 0 -0.3420217 -0.9396921 0 -0.3420188 -0.9396932 0 -0.5000013 -0.8660247 0 -0.4999973 -0.8660271 0 -0.6427891 -0.7660433 0 -0.6427856 -0.7660462 0 -0.7660455 -0.6427866 0 -0.7660455 -0.6427865 0 -0.8660249 -0.5000012 0 -0.8660252 -0.5000004 0 -0.9396927 -0.3420201 0 -0.9396919 -0.3420223 0 -0.9848083 -0.1736454 0 -0.9848079 -0.1736472 0 -1 -1.68979e-5 0 -1 -1.71363e-5 0 1 -1.52886e-5 0 0.9848062 -0.1736577 0 1 -3.62247e-5 0 0.9848087 -0.1736432 0 0.9396921 -0.3420219 0 0.9396933 -0.3420182 0 0.8660226 -0.5000049 0 0.866029 -0.4999939 0 0.7660382 -0.6427951 0 0.7660512 -0.6427795 0 0.6427855 -0.7660464 0 0.6427919 -0.7660409 0 0.499998 -0.8660265 0 0.5000008 -0.866025 0 0.3420165 -0.9396941 0 0.3420237 -0.9396914 0 0.1736457 -0.9848082 0 0.1736514 -0.9848072 0 -2.45689e-6 -1 0 2.22834e-6 -1 0 -0.1736498 -0.9848076 0 -0.1736463 -0.9848082 0 -0.3420212 -0.9396923 0 -0.3420192 -0.939693 0 -0.5000002 -0.8660253 0 -0.4999991 -0.8660259 0 -0.6427879 -0.7660443 0 -0.642786 -0.7660458 0 -0.7660436 -0.6427886 0 -0.7660462 -0.6427856 0 -0.8660258 -0.4999994 0 -0.866025 -0.5000008 0 -0.9396914 -0.3420234 0 -0.9396927 -0.34202 0 -0.9848074 -0.1736503 0 -0.9848083 -0.1736453 0 -1 -1.70842e-5 0 -1 -1.70991e-5 0 0.9848061 -0.1736578 0 1 -1.53258e-5 0 1 -3.62545e-5 0 0.9848096 -0.1736381 0 0.9396903 -0.3420265 0 0.9396951 -0.3420133 0 0.8660203 -0.500009 0 0.866029 -0.499994 0 0.7660381 -0.6427952 0 0.7660513 -0.6427795 0 0.642785 -0.7660467 0 0.6427922 -0.7660407 0 0.4999979 -0.8660268 0 0.5000011 -0.8660249 0 0.3420167 -0.9396939 0 0.3420239 -0.9396914 0 0.1736458 -0.9848083 0 0.1736515 -0.9848072 0 -0.1736464 -0.9848082 0 -0.3420214 -0.9396922 0 -0.3420194 -0.939693 0 -0.4999999 -0.8660255 0 -0.4999979 -0.8660267 0 -0.6427874 -0.7660446 0 -0.6427867 -0.7660453 0 -0.7660462 -0.6427855 0 -0.7660449 -0.6427871 0 -0.8660258 -0.4999993 0 -0.8660237 -0.5000031 0 -0.9396923 -0.342021 0 -0.9396919 -0.3420224 0 -0.9848082 -0.1736459 0 -0.9848079 -0.1736472 0 -1 -1.71214e-5 0.2187239 0.9757868 0 0.01499474 0.9998876 4.5719e-6 0.01499372 0.9998877 -4.55033e-6 0.2187278 0.9757859 0 0.4219169 0.9066346 0 0.4220129 0.9065899 -2.30736e-7 0.6071876 0.7945586 0 0.6071928 0.7945547 0 0.7511612 0.660119 4.32231e-6 0.7511611 0.660119 -4.34281e-6 -0.9485152 0.316732 0 -0.9999098 0.01343643 6.70364e-6 -0.9999098 0.01344114 -6.672e-6 -0.9485129 0.316739 0 -0.8387044 0.5445871 0 -0.8387032 0.5445888 0 -0.5996461 0.8002654 0 -0.5996436 0.8002672 0 -0.3208386 0.9471339 0 -0.3208388 0.947134 0 -0.02230685 0.9997513 6.54952e-6 -0.02230685 0.9997512 -6.58057e-6 -0.3166652 -0.9485375 0 -0.02553111 -0.9996741 6.00118e-6 -0.02553093 -0.9996741 -5.97286e-6 -0.316669 -0.9485361 0 -0.547542 -0.8367783 0 -0.5475054 -0.8368021 0 -0.7990143 -0.601312 0 -0.7989817 -0.6013553 0 -0.9585077 -0.285067 3.71185e-6 -0.958507 -0.2850692 0 -0.9997854 -0.02071988 5.45903e-6 -0.9997854 -0.02072018 -5.48491e-6 0.5982081 -0.8013409 0 0.6945545 -0.7194401 2.51606e-6 0.6945552 -0.7194395 -2.50419e-6 0.5982381 -0.8013185 0 0.4287078 -0.9034432 0 0.4287051 -0.9034446 0 0.2003149 -0.9797316 2.34972e-6 0.2003551 -0.9797233 0 0.009420573 -0.9999557 4.1307e-6 0.009419977 -0.9999557 -4.15029e-6 0.7242165 0.6895726 0 0.7242136 0.6895757 0 -0.4378045 0.8990702 0 -0.02894669 0.999581 0 -0.02894562 0.999581 0 -0.437788 0.8990783 0 -0.7087114 0.7054985 0 -0.7087112 0.7054988 0 0.9363404 0.3510935 -2.79656e-7 0.9999331 0.01157665 0 0.9999331 0.01157093 0 0.9363414 0.3510909 0 0.7169201 0.6971554 0 0.7169151 0.6971605 0 0.3749395 0.9270493 0 0.3748525 0.9270845 0 0.00957638 0.9999542 0 0.009575605 0.9999542 0 0.3877844 -0.9217502 0 0.02770853 -0.9996161 0 0.02770727 -0.9996162 0 0.3878276 -0.921732 0 0.7204943 -0.6934608 0 0.7204959 -0.6934593 0 0.9307597 -0.3656317 0 0.9307605 -0.3656298 0 0.9996041 -0.02814102 0 0.9996039 -0.02814471 0 -0.4337258 -0.901045 0 -0.7188067 -0.69521 0 -0.718807 -0.6952097 0 -0.4337357 -0.9010403 0 -0.02931195 -0.9995703 0 -0.02931231 -0.9995703 0 0.6909742 -0.7228795 0 0.6909725 -0.7228811 0 1.90246e-6 0 1 -1.14885e-6 0 1 -1.96283e-6 0 1 1.87107e-6 0 1 -4.70321e-6 0 1 -4.03828e-6 0 1 -1.29515e-6 0 1 3.667e-6 0 1 1.86083e-6 0 1 -2.57809e-6 0 1 9.34676e-7 0 1 1.25708e-6 0 1 -2.2013e-6 0 1 4.64466e-6 0 1 1.33382e-6 0 1 -3.81372e-6 0 1 -2.29975e-6 0 1 -4.69122e-6 0 1 1.94909e-6 0 1 -1.15173e-6 0 1 1.93185e-6 0 1 1.1631e-6 0 1 1.51605e-6 0 1 1.15369e-6 0 1 2.31245e-6 0 1 4.76437e-7 0 1 -0.9405143 0.3397545 1.12993e-5 -0.9999167 0.01291579 7.36368e-6 -0.9999167 0.01291406 -7.32894e-6 -0.9405038 0.3397834 0 -0.8391472 0.5439045 0 -0.8391451 0.5439075 -1.02649e-5 -0.6127811 0.7902527 0 -0.612823 0.7902202 0 -0.3293437 0.9442101 0 -0.3293451 0.9442098 0 -0.01337051 0.9999107 7.17954e-6 -0.01337009 0.9999107 -7.21359e-6 -0.3357187 -0.9419623 0 -0.02271097 -0.9997422 6.57829e-6 -0.02271038 -0.9997422 -6.54725e-6 -0.3357039 -0.9419676 0 -0.5614762 -0.8274929 0 -0.5614898 -0.8274838 0 -0.7918695 -0.6106904 0 -0.7918676 -0.6106927 0 -0.9482544 -0.3175117 0 -0.9482539 -0.317513 0 -0.9996175 -0.02765798 6.03194e-6 -0.9996176 -0.02765607 -6.06054e-6 0.9453746 -0.3259861 -8.90271e-7 0.9996588 -0.02612137 6.39363e-6 0.9996588 -0.02612173 -6.36346e-6 0.9453747 -0.3259857 0 0.8362088 -0.5484113 0 0.8361999 -0.5484248 0 0.6261453 -0.7797065 0 0.6261471 -0.7797051 0 0.321164 -0.9470236 0 0.3211655 -0.9470231 0 0.02642887 -0.9996508 6.17957e-6 0.02642887 -0.9996507 -6.20886e-6 0.3493714 0.9369843 0 0.02592039 0.9996641 7.01789e-6 0.02592027 0.999664 -6.98478e-6 0.3493579 0.9369894 0 0.5712027 0.8208091 0 0.5712212 0.8207961 -7.70893e-6 0.7937232 0.6082791 0 0.7937209 0.6082822 0 0.9521965 0.3054862 0 0.9521951 0.3054908 0 0.9997063 0.0242362 5.95922e-6 0.9997062 0.02423882 -5.98747e-6 -0.9283504 -0.3717063 0 -0.9996457 -0.02661794 0 -0.9996458 -0.02661514 0 -0.9283488 -0.3717105 0 -0.7164191 -0.6976704 0 -0.7163829 -0.6977074 0 -0.3872326 -0.9219822 0 -0.3872258 -0.921985 1.34948e-7 -0.02797496 -0.9996086 0 -0.02797359 -0.9996086 0 0.3830832 -0.9237139 0 0.02687942 -0.9996387 0 0.02687859 -0.9996387 0 0.3830504 -0.9237275 0 0.7175509 -0.6965062 0 0.7175565 -0.6965003 0 0.9335083 -0.3585559 0 0.9335063 -0.3585612 0 0.9996928 -0.02478814 0 0.9996927 -0.0247879 0 0.9084531 0.4179869 0 0.9995594 0.02968388 0 0.9995594 0.02968388 0 0.9084565 0.4179794 0 0.646744 0.7627071 0 0.6467447 0.7627065 0 0.3306853 0.9437412 0 0.6073898 0.794404 0 0.6073907 0.7944034 0 0.3306776 0.9437438 0 0.02220219 0.9997536 0 0.02220165 0.9997535 0 -0.3898114 0.9208948 0 -0.02755594 0.9996203 0 -0.0275551 0.9996203 0 -0.3898176 0.9208921 0 -0.7170159 0.6970569 0 -0.7170192 0.6970535 0 -0.9298952 0.3678245 0 -0.9298807 0.3678615 -9.43466e-7 -0.9996728 0.02557742 0 -0.9996728 0.02557772 0 8.04309e-6 0 1 1.3969e-6 0 1 4.2264e-7 0 1 -5.48762e-6 0 1 -6.83003e-7 0 1 6.00054e-6 0 1 1.93528e-6 0 1 -5.72786e-6 0 1 -0.9860394 0.1665131 0 0.9860626 -0.1663753 0 0.9860622 -0.1663771 0 -0.9503873 -0.3110691 0 -0.9503878 -0.3110675 0 0.9498517 -0.3127009 0 0.9498522 -0.3126994 0 -0.9860109 -0.1666808 0 0.9860069 0.1667049 0 -0.949796 0.3128699 0 -0.9497954 0.3128718 0 0.950443 0.3108989 0 0.950442 0.3109021 0 5.00616e-6 0 1 -5.00268e-6 0 1 1.92358e-6 0 1 -0.8231703 -0.5677948 0 -0.8231666 -0.5678001 0 0.8232744 0.5676438 0 0.8232726 0.5676462 0 1.2668e-6 0 1 -5.06718e-6 0 1 3.15081e-6 0 1 1.25708e-6 0 1 -2.2013e-6 0 1 4.64466e-6 0 1 1.33382e-6 0 1 -3.81372e-6 0 1 -2.29975e-6 0 1 -4.69123e-6 0 1 1.94909e-6 0 1 -1.15173e-6 0 1 1.93185e-6 0 1 1.1631e-6 0 1 1.51605e-6 0 1 1.15369e-6 0 1 2.31245e-6 0 1 4.76437e-7 0 1 -0.9405135 0.3397563 0 -0.9999167 0.01291263 7.36369e-6 -0.9999166 0.01291316 -7.32894e-6 -0.9405033 0.3397846 0 -0.8391479 0.5439034 0 -0.8391467 0.5439054 -1.02649e-5 -0.6127812 0.7902528 1.32358e-6 -0.612782 0.790252 0 -0.3293434 0.9442102 0 -0.3293445 0.9442098 1.69901e-7 -0.01337051 0.9999107 7.17954e-6 -0.01337039 0.9999107 -7.21358e-6 -0.3357194 -0.9419621 0 -0.02271074 -0.9997421 6.57829e-6 -0.0227105 -0.9997422 -6.54725e-6 -0.3357047 -0.9419673 0 -0.561477 -0.8274924 0 -0.5614905 -0.8274832 0 -0.7918689 -0.6106911 0 -0.7918671 -0.6106936 0 -0.9482543 -0.317512 0 -0.9482536 -0.3175142 0 -0.9996174 -0.02766025 6.03193e-6 -0.9996175 -0.02766031 -6.06053e-6 0.9453744 -0.3259866 0 0.9996588 -0.02612143 6.39362e-6 0.9996589 -0.02612024 -6.36346e-6 0.9453583 -0.3260333 0 0.8362083 -0.5484121 0 0.8361994 -0.5484257 0 0.6261457 -0.7797061 0 0.6261467 -0.7797054 -4.07138e-6 0.3211643 -0.9470236 2.00975e-6 0.3211653 -0.9470232 0 0.02642858 -0.9996507 6.17957e-6 0.02642863 -0.9996507 -6.20886e-6 0.3493708 0.9369845 0 0.02592098 0.999664 7.01789e-6 0.02592045 0.999664 -4.90608e-5 0.3493574 0.9369896 0 0.571202 0.8208095 0 0.5712209 0.8207964 0 0.7937232 0.6082792 0 0.7937213 0.6082816 0 0.9521965 0.3054864 0 0.9521956 0.3054893 0 0.9997064 0.02423512 5.95923e-6 0.9997063 0.02423542 -5.98748e-6 -0.9283502 -0.371707 1.44359e-6 -0.9996458 -0.02661412 0 -0.9996458 -0.02661597 0 -0.9283636 -0.3716732 0 -0.7164193 -0.6976701 0 -0.7164139 -0.6976755 0 -0.387233 -0.9219819 0 -0.3872272 -0.9219843 0 -0.02797448 -0.9996086 0 -0.02797353 -0.9996087 0 0.383045 -0.9237298 3.303e-7 0.02687907 -0.9996388 0 0.02687811 -0.9996387 0 0.3830506 -0.9237273 0 0.7175514 -0.6965056 0 0.7175561 -0.6965007 0 0.9334974 -0.3585843 0 0.9334989 -0.3585804 -1.92409e-6 0.9996927 -0.02478921 0 0.9996928 -0.02478867 0 0.9084436 0.4180076 1.75741e-6 0.9995594 0.02968394 0 0.9995594 0.02968394 0 0.908443 0.4180091 0 0.6467425 0.7627084 0 0.6467419 0.762709 0 0.3308113 0.943697 0 0.6073934 0.7944014 0 0.6073927 0.7944018 0 0.3305519 0.9437879 0 0.02220141 0.9997536 0 0.02220094 0.9997535 0 -0.3898931 0.9208602 0 -0.0275563 0.9996203 0 -0.02755522 0.9996204 0 -0.3898983 0.9208581 0 -0.7170162 0.6970565 0 -0.7170192 0.6970534 0 -0.9299113 0.3677839 0 -0.9298968 0.3678205 -1.04652e-6 -0.9996728 0.0255807 0 -0.9996728 0.02558177 0 8.04311e-6 0 1 1.3969e-6 0 1 4.2264e-7 0 1 -5.48761e-6 0 1 -6.83002e-7 0 1 6.00056e-6 0 1 -5.72785e-6 0 1 -0.82317 -0.5677952 0 -0.823167 -0.5677995 0 0.8232743 0.5676438 0 0.8232725 0.5676465 0 1.2668e-6 0 1 -5.06719e-6 0 1 3.1508e-6 0 1 0.2187222 0.9757872 0 0.01499259 0.9998877 4.57191e-6 0.01499301 0.9998877 -4.55033e-6 0.2187268 0.9757862 0 0.4221019 0.9065485 0 0.4219221 0.9066322 0 0.6072329 0.794524 0 0.6072259 0.7945293 0 0.7511318 0.6601523 -4.34052e-6 0.7511337 0.6601502 4.32004e-6 -0.9485158 0.3167299 0 -0.9999096 0.01344931 6.70362e-6 -0.9999096 0.01344585 -6.67199e-6 -0.9485152 0.3167314 0 -0.8387017 0.5445911 0 -0.8387034 0.5445886 1.01149e-6 -0.5996454 0.8002659 2.92312e-6 -0.5996463 0.8002651 0 -0.3208405 0.9471333 0 -0.3208417 0.9471329 -1.22657e-6 -0.3166702 -0.9485357 8.47927e-6 -0.02553033 -0.9996741 -5.97286e-6 -0.3166697 -0.9485359 0 -0.5474995 -0.836806 0 -0.5475021 -0.8368043 8.87764e-7 -0.7990179 -0.6013073 0 -0.7989841 -0.6013522 -2.58032e-6 -0.9585083 -0.2850652 0 -0.9585063 -0.2850713 0 -0.9997861 -0.02068072 5.4613e-6 -0.9997861 -0.02068549 -5.48718e-6 0.5982083 -0.8013408 -3.6784e-6 0.6945548 -0.7194398 2.51606e-6 0.6945522 -0.7194424 -2.50419e-6 0.5982384 -0.8013182 0 0.4287074 -0.9034435 -3.85814e-6 0.4287032 -0.9034454 0 0.2003064 -0.9797333 0 0.2003187 -0.9797308 2.03939e-6 0.009420692 -0.9999557 4.1307e-6 0.009420871 -0.9999557 -4.15029e-6 -0.4378077 0.8990687 0 -0.02894526 0.999581 0 -0.02894473 0.9995811 0 -0.4377897 0.8990775 0 -0.7087113 0.7054986 0 -0.7087086 0.7055014 0 0.9363406 0.3510931 0 0.9999331 0.01156908 0 0.9999331 0.0115723 0 0.9363378 0.3511007 0 0.7168576 0.6972197 4.66403e-7 0.7168478 0.6972298 0 0.3749411 0.9270487 0 0.3749336 0.9270517 0 0.009576082 0.9999542 0 0.009574115 0.9999542 0 0.3878601 -0.9217184 4.99847e-7 0.02770698 -0.9996162 0 0.02770698 -0.9996162 0 0.3878676 -0.9217151 0 0.7204925 -0.6934629 0 0.720501 -0.693454 0 0.9307584 -0.3656349 0 0.930762 -0.3656258 0 0.9996036 -0.02815234 0 0.9996036 -0.02815294 0 -0.7188066 -0.69521 0 -0.718807 -0.6952098 0 -0.4337354 -0.9010403 0 -0.02931112 -0.9995704 0 -0.02931088 -0.9995704 0 0.6909773 -0.7228765 0 1.90245e-6 0 1 -1.14885e-6 0 1 -1.96282e-6 0 1 1.87107e-6 0 1 -4.7032e-6 0 1 -1.29515e-6 0 1 1.86085e-6 0 1 -2.57808e-6 0 1 -1 8.79791e-7 0 -1 -5.3534e-6 0 -1 -1.04023e-5 0 -1 1.40165e-5 0 -1 6.75532e-6 0 -1 8.76032e-6 0 -1 -4.50968e-6 0 -1 -2.06998e-6 0 -1 2.57282e-6 0 -1 -6.50143e-6 0 -1 1.038e-6 0 -1 4.1901e-6 0 -1 2.25689e-6 0 -1 -9.21982e-6 0 -1 3.83799e-6 0 -1 -1.43093e-6 0 -1 -1.53254e-6 0 -1 4.31836e-6 0 -1 -7.80724e-7 0 1 -6.90937e-6 0 1 5.67374e-6 0 1 4.16386e-6 0 1 -6.01836e-6 0 1 -2.51618e-6 0 1 -5.53601e-6 0 1 1.04023e-5 0 1 5.3534e-6 0 1 5.51994e-6 0 1 -1.40165e-5 0 1 -3.21603e-6 0 1 9.75214e-6 0 1 -5.19001e-6 0 1 2.05328e-6 0 1 6.75532e-6 0 1 -1.92727e-5 0 1 1.50323e-6 0 1 5.51994e-6 0 1 3.34588e-6 0 -1 0 0 -1 3.34588e-7 0 -1 6.50143e-7 0 -1 -8.76032e-7 0 -1 1.12589e-6 0 -1 -1.29374e-7 0 -1 2.81855e-7 0 -1 -5.4752e-7 0 -1 5.62943e-7 0 -1 -1.94625e-7 0 -1 4.6729e-7 0 -1 -2.81402e-7 0 -1 0 0 -1 1.46386e-7 0 -1 -3.10382e-7 0 -1 1.67621e-7 0 -1 0 0 -1 -2.83488e-7 0 -1 5.76239e-7 0 -1 -1.41055e-7 0 -1 -2.09505e-7 0 1 0 0 1 -6.69175e-7 0 1 -1.30029e-6 0 1 1.75206e-6 0 1 -2.25177e-6 0 1 -1.12589e-6 0 1 1.09504e-6 0 1 -5.6371e-7 0 1 2.58747e-7 0 1 5.62805e-7 0 1 -9.34581e-7 0 1 3.89251e-7 0 1 2.19948e-7 0 1 4.1901e-7 0 1 2.82111e-7 0 1 -1.15248e-6 0 1 5.66975e-7 0 1 0 0 1 -3.35242e-7 0 1 6.20764e-7 0 1 -2.92772e-7 0 1 6.90937e-6 0 1 -9.70528e-6 0 1 1.25152e-5 0 1 -1.04023e-5 0 1 -1.20258e-5 0 1 1.40165e-5 0 1 1.28641e-6 0 1 -8.45186e-6 0 1 2.76801e-6 0 1 7.9198e-6 0 1 1.05124e-5 0 1 -9.01937e-6 0 1 -4.13996e-6 0 -1 -8.79791e-7 0 -1 1.04023e-5 0 -1 -1.40165e-5 0 -1 2.06998e-6 0 -1 4.50968e-6 0 -1 -8.76032e-6 0 -1 -6.75532e-6 0 -1 5.3534e-6 0 -1 -1.038e-6 0 -1 6.50143e-6 0 -1 -2.57282e-6 0 -1 7.80724e-7 0 -1 -4.31836e-6 0 -1 1.53254e-6 0 -1 1.43093e-6 0 -1 -3.83799e-6 0 -1 9.21982e-6 0 -1 -2.25689e-6 0 -1 -4.1901e-6 0 5.38689e-6 0 -1 5.64012e-7 0 -1 -4.6049e-7 0 -1 2.26742e-7 0 -1 5.38683e-6 0 -1 -5.387e-6 0 -1 -3.77988e-7 0 -1 4.60493e-7 0 -1 -9.06947e-7 0 1 4.6049e-7 0 1 4.42248e-7 0 1 5.38099e-7 0 1 -3.37607e-7 0 1 6.80225e-7 0 1 5.64022e-7 0 1 -5.56152e-7 0 1 -9.20987e-7 0 1 -0.1736473 0.9848079 0 -1.84476e-5 1 2.92382e-5 -0.1736483 0.9848077 0 -1.82241e-5 1 -4.18238e-6 -0.3420195 0.9396929 0 -0.3420204 0.9396926 0 -0.4999993 0.8660259 0 -0.4999997 0.8660257 0 -0.6427881 0.7660442 0 -0.6427878 0.7660444 0 -0.7660453 0.6427867 0 -0.7660449 0.6427872 0 -0.8660252 0.5000004 0 -0.8660254 0.5000002 0 -0.939693 0.3420194 0 -0.9396925 0.3420205 0 -0.9848085 0.1736447 0 -0.9848074 0.1736508 0 -1 1.3791e-5 -4.16265e-6 -1 2.38717e-5 4.18237e-6 0.1736473 0.9848079 0 1.82241e-5 1 4.18238e-6 1.84476e-5 1 3.34195e-5 0.1736488 0.9848077 0 0.3420193 0.9396929 0 0.3420208 0.9396924 0 0.4999984 0.8660264 0 0.5000002 0.8660253 0 0.6427869 0.7660452 0 0.6427887 0.7660436 0 0.7660444 0.6427877 0 0.7660455 0.6427864 0 0.8660256 0.4999997 0 0.9396927 0.3420201 0 0.9396927 0.34202 0 0.9848077 0.1736488 0 0.9848079 0.1736479 0 1 1.91331e-5 4.16264e-6 1 1.85072e-5 -4.18238e-6</float_array>
          <technique_common>
            <accessor source="#SOLID_001-mesh-normals-array" count="1200" stride="3">
              <param name="X" type="float"/>
              <param name="Y" type="float"/>
              <param name="Z" type="float"/>
            </accessor>
          </technique_common>
        </source>
        <vertices id="SOLID_001-mesh-vertices">
          <input semantic="POSITION" source="#SOLID_001-mesh-positions"/>
        </vertices>
        <triangles material="mat_2-material" count="1332">
          <input semantic="VERTEX" source="#SOLID_001-mesh-vertices" offset="0"/>
          <input semantic="NORMAL" source="#SOLID_001-mesh-normals" offset="1"/>
          <p>3 0 20 1 2 2 3 0 21 3 20 1 4 4 22 5 21 3 4 4 21 3 3 0 5 6 23 7 22 5 5 6 22 5 4 4 6 8 24 9 23 7 6 8 23 7 5 6 7 10 25 11 24 9 7 10 24 9 6 8 8 12 26 13 25 11 8 12 25 11 7 10 9 14 27 15 26 13 9 14 26 13 8 12 10 16 28 17 27 15 10 16 27 15 9 14 11 18 29 19 28 17 11 18 28 17 10 16 12 20 30 21 29 19 12 20 29 19 11 18 13 22 31 23 30 21 13 22 32 24 31 23 13 22 30 21 12 20 14 25 32 24 13 22 15 26 33 27 32 24 15 26 32 24 14 25 16 28 34 29 33 27 16 28 33 27 15 26 17 30 34 29 16 28 17 30 35 31 34 29 18 32 35 31 17 30 18 32 36 33 35 31 19 34 36 33 18 32 19 34 37 35 36 33 1 36 37 35 19 34 1 36 0 37 37 35 57 38 59 39 58 40 56 41 60 42 59 39 56 41 59 39 57 38 55 43 61 44 60 42 55 43 60 42 56 41 54 45 62 46 61 44 54 45 61 44 55 43 53 46 63 47 62 46 53 46 62 46 54 45 52 48 64 49 63 47 52 48 63 47 53 46 51 50 65 51 64 49 51 50 64 49 52 48 50 52 66 53 65 51 50 52 65 51 51 50 49 54 67 55 66 53 49 54 66 53 50 52 48 56 68 57 67 55 48 56 67 55 49 54 47 58 69 59 68 57 47 58 68 57 48 56 46 60 70 61 69 59 46 60 69 59 47 58 45 62 71 63 70 61 45 62 70 61 46 60 44 64 71 63 45 62 43 65 72 66 71 63 43 65 73 67 72 66 43 65 71 63 44 64 42 68 74 69 73 67 42 68 73 67 43 65 41 70 74 69 42 68 41 70 75 71 74 69 40 72 75 71 41 70 39 73 75 71 40 72 39 73 38 74 75 71 95 75 97 76 96 77 94 78 98 79 97 76 94 78 97 76 95 75 93 80 99 81 98 79 93 80 98 79 94 78 92 82 100 83 99 81 92 82 99 81 93 80 91 84 101 85 100 83 91 84 100 83 92 82 90 86 102 87 101 85 90 86 101 85 91 84 89 88 103 89 102 87 89 88 102 87 90 86 88 90 104 91 103 89 88 90 103 89 89 88 87 92 105 93 104 91 87 92 104 91 88 90 86 94 106 95 105 93 86 94 105 93 87 92 85 96 107 97 106 95 85 96 106 95 86 94 84 98 108 99 107 97 84 98 107 97 85 96 83 100 109 101 108 99 83 100 108 99 84 98 82 102 110 103 109 101 82 102 109 101 83 100 81 104 111 105 110 103 81 104 110 103 82 102 80 106 111 105 81 104 80 106 112 107 111 105 79 108 112 107 80 106 79 108 113 109 112 107 78 110 113 109 79 108 77 111 113 109 78 110 77 111 76 37 113 109 132 112 134 113 133 114 132 112 151 115 134 113 131 116 150 117 151 115 131 116 151 115 132 112 130 118 149 119 150 117 130 118 150 117 131 116 129 120 148 121 149 119 129 120 149 119 130 118 128 122 147 123 148 121 128 122 148 121 129 120 127 124 146 125 147 123 127 124 147 123 128 122 126 126 144 127 145 128 126 126 145 128 146 125 126 126 146 125 127 124 125 129 144 127 126 126 124 130 142 131 143 132 124 130 143 132 144 127 124 130 144 127 125 129 123 133 142 131 124 130 122 134 141 135 142 131 122 134 142 131 123 133 121 136 140 137 141 135 121 136 141 135 122 134 120 138 139 139 140 137 120 138 140 137 121 136 119 140 138 141 139 139 119 140 139 139 120 138 118 142 138 141 119 140 118 142 137 143 138 141 117 144 137 143 118 142 117 144 136 145 137 143 116 146 136 145 117 144 116 146 135 147 136 145 115 148 135 147 116 146 115 148 114 149 135 147 170 150 172 151 171 152 170 150 189 153 172 151 169 154 188 155 189 153 169 154 189 153 170 150 168 156 187 157 188 155 168 156 188 155 169 154 167 158 186 159 187 157 167 158 187 157 168 156 166 160 185 161 186 159 166 160 186 159 167 158 165 162 184 163 185 161 165 162 185 161 166 160 164 164 182 165 183 166 164 164 183 166 184 163 164 164 184 163 165 162 163 165 182 165 164 164 162 167 180 168 181 169 162 167 181 169 182 165 162 167 182 165 163 165 161 170 180 168 162 167 160 171 179 172 180 168 160 171 180 168 161 170 159 173 178 174 179 172 159 173 179 172 160 171 158 175 177 139 178 174 158 175 178 174 159 173 157 140 176 176 177 139 157 140 177 139 158 175 156 177 176 176 157 140 156 177 175 178 176 176 155 179 175 178 156 177 155 179 174 180 175 178 154 181 174 180 155 179 154 181 173 182 174 180 153 183 173 182 154 181 153 183 152 184 173 182 207 185 203 185 204 185 207 186 204 186 205 186 207 187 205 187 206 187 201 187 202 187 203 187 200 188 207 188 208 188 200 187 203 187 207 187 200 189 201 189 203 189 225 190 200 190 224 190 226 187 200 187 225 187 227 187 200 187 226 187 380 191 379 191 201 191 218 187 200 187 227 187 381 192 380 192 201 192 378 187 201 187 379 187 382 187 381 187 201 187 377 187 201 187 378 187 383 193 201 193 200 193 383 187 382 187 201 187 376 187 201 187 377 187 241 194 228 194 224 194 241 195 224 195 200 195 239 196 228 196 241 196 348 197 218 197 219 197 348 187 200 187 218 187 348 198 383 198 200 198 375 187 201 187 376 187 240 199 230 199 228 199 240 187 228 187 239 187 232 187 233 187 234 187 232 187 234 187 229 187 253 200 219 200 220 200 253 201 220 201 221 201 253 187 348 187 219 187 349 187 348 187 253 187 374 187 201 187 375 187 222 202 253 202 221 202 231 203 232 203 229 203 231 204 229 204 230 204 231 187 230 187 240 187 235 187 231 187 240 187 252 187 349 187 253 187 238 187 231 187 235 187 237 187 238 187 235 187 237 205 235 205 236 205 251 187 349 187 252 187 251 206 350 206 349 206 259 207 351 207 350 207 259 187 350 187 251 187 352 187 351 187 259 187 254 187 246 187 247 187 254 187 247 187 248 187 254 187 248 187 249 187 254 208 249 208 242 208 353 187 352 187 259 187 354 187 353 187 259 187 355 209 354 209 259 209 258 187 355 187 259 187 356 187 355 187 258 187 357 210 356 210 258 210 192 211 254 211 242 211 192 212 242 212 243 212 192 213 243 213 244 213 192 214 244 214 245 214 192 215 245 215 241 215 192 187 241 187 200 187 194 216 192 216 193 216 196 187 194 187 195 187 196 187 192 187 194 187 197 187 192 187 196 187 198 187 192 187 197 187 199 187 192 187 198 187 190 187 192 187 199 187 190 187 254 187 192 187 190 187 255 187 254 187 190 187 257 187 255 187 190 187 258 187 257 187 263 217 363 217 362 217 263 218 364 218 363 218 262 219 362 219 361 219 262 187 263 187 362 187 261 220 262 220 361 220 261 221 361 221 360 221 264 222 365 222 364 222 264 187 364 187 263 187 265 223 365 223 264 223 265 224 366 224 365 224 265 225 367 225 366 225 260 187 261 187 360 187 260 226 360 226 359 226 270 187 260 187 359 187 270 227 358 227 357 227 270 228 359 228 358 228 270 187 357 187 258 187 269 187 270 187 258 187 268 229 258 229 190 229 268 187 269 187 258 187 420 187 367 187 265 187 420 187 265 187 276 187 420 187 276 187 277 187 420 187 277 187 278 187 267 230 268 230 190 230 279 187 420 187 278 187 419 187 367 187 420 187 266 231 267 231 190 231 418 187 367 187 419 187 418 232 368 232 367 232 426 187 368 187 418 187 421 233 266 233 190 233 421 234 272 234 273 234 421 235 273 235 274 235 421 187 274 187 275 187 421 187 275 187 266 187 422 187 421 187 190 187 344 187 343 187 371 187 344 187 371 187 370 187 342 187 371 187 343 187 342 187 372 187 371 187 342 187 373 187 372 187 345 187 344 187 370 187 345 187 370 187 369 187 424 187 422 187 190 187 346 187 369 187 368 187 346 187 368 187 426 187 346 187 345 187 369 187 341 187 373 187 342 187 425 187 424 187 190 187 347 187 346 187 426 187 340 187 373 187 341 187 340 187 374 187 373 187 312 187 347 187 426 187 313 187 312 187 426 187 314 187 313 187 426 187 315 187 314 187 426 187 316 187 315 187 426 187 317 187 316 187 426 187 317 187 426 187 425 187 318 236 317 236 425 236 209 187 374 187 340 187 209 237 332 237 331 237 209 238 333 238 332 238 209 239 334 239 333 239 209 240 335 240 334 240 209 241 336 241 335 241 209 242 337 242 336 242 209 243 338 243 337 243 209 244 339 244 338 244 209 245 340 245 339 245 209 187 201 187 374 187 216 187 217 187 209 187 410 246 319 246 318 246 410 247 320 247 319 247 410 248 321 248 320 248 410 249 322 249 321 249 409 250 323 250 322 250 409 187 322 187 410 187 214 251 215 251 216 251 214 252 216 252 209 252 212 187 213 187 214 187 212 187 214 187 209 187 407 253 324 253 323 253 407 187 323 187 409 187 406 254 325 254 324 254 406 187 324 187 407 187 210 255 211 255 212 255 210 256 209 256 331 256 210 257 331 257 330 257 210 258 212 258 209 258 405 187 325 187 406 187 416 259 326 259 325 259 416 187 325 187 405 187 411 187 318 187 425 187 411 260 410 260 318 260 386 187 387 187 416 187 385 187 386 187 416 187 388 261 327 261 326 261 388 187 326 187 416 187 388 187 416 187 387 187 389 262 327 262 388 262 389 263 328 263 327 263 400 264 328 264 389 264 393 187 394 187 415 187 392 187 393 187 415 187 391 187 392 187 415 187 286 265 401 265 402 265 403 266 286 266 402 266 287 267 401 267 286 267 288 268 400 268 401 268 288 187 401 187 287 187 289 269 329 269 328 269 289 270 400 270 288 270 289 271 328 271 400 271 390 187 391 187 415 187 280 272 330 272 329 272 280 187 329 187 289 187 280 187 210 187 330 187 290 273 403 273 395 273 290 187 286 187 403 187 281 187 210 187 280 187 282 187 210 187 281 187 303 187 396 187 397 187 303 187 397 187 398 187 301 274 395 274 396 274 301 187 290 187 395 187 301 275 396 275 303 275 307 187 303 187 398 187 283 276 210 276 282 276 302 277 292 277 290 277 302 187 290 187 301 187 294 187 295 187 296 187 294 187 296 187 291 187 306 187 398 187 399 187 306 278 307 278 398 278 284 279 210 279 283 279 293 280 291 280 292 280 293 187 292 187 302 187 293 281 294 281 291 281 297 187 293 187 302 187 305 187 399 187 390 187 305 187 306 187 399 187 300 187 293 187 297 187 299 187 300 187 297 187 299 282 297 282 298 282 285 187 210 187 284 187 191 187 210 187 285 187 191 283 304 283 305 283 191 284 285 284 308 284 191 187 414 187 412 187 191 285 308 285 309 285 191 286 309 286 310 286 191 187 412 187 411 187 191 287 310 287 311 287 191 288 311 288 304 288 191 187 415 187 414 187 191 289 390 289 415 289 191 187 411 187 425 187 191 290 305 290 390 290 191 187 425 187 190 187 250 187 251 187 252 187 253 291 223 291 254 291 223 292 246 292 254 292 253 293 222 293 223 293 256 187 255 187 257 187 404 187 405 187 406 187 407 187 409 187 408 187 412 187 414 187 413 187 415 294 385 294 416 294 415 295 384 295 385 295 415 296 394 296 384 296 417 187 418 187 419 187 420 297 271 297 421 297 271 187 272 187 421 187 420 298 279 298 271 298 423 187 422 187 424 187 436 299 435 299 428 299 438 300 428 300 435 300 427 300 428 300 438 300 437 301 427 301 438 301 431 300 436 300 428 300 434 300 437 300 436 300 434 300 436 300 431 300 434 300 427 300 437 300 430 300 441 300 432 300 442 300 441 300 430 300 440 300 433 300 432 300 440 300 432 300 441 300 429 302 440 302 439 302 429 300 439 300 442 300 429 300 433 300 440 300 429 300 442 300 430 300 427 300 433 300 429 300 427 303 434 303 433 303 430 300 432 300 428 300 432 300 431 300 428 300 461 304 458 304 457 304 461 305 459 305 458 305 461 306 460 306 459 306 455 306 457 306 456 306 454 306 461 306 457 306 454 307 462 307 461 307 454 308 457 308 455 308 520 309 521 309 455 309 522 310 455 310 521 310 519 306 520 306 455 306 523 306 455 306 522 306 518 306 519 306 455 306 524 311 454 311 455 311 524 306 455 306 523 306 517 306 518 306 455 306 525 312 454 312 524 312 516 306 517 306 455 306 526 306 454 306 525 306 515 306 516 306 455 306 527 313 454 313 526 313 528 314 454 314 527 314 446 306 454 306 528 306 446 315 528 315 529 315 446 316 529 316 530 316 446 317 530 317 531 317 446 318 531 318 532 318 448 319 447 319 446 319 450 306 449 306 448 306 450 306 448 306 446 306 451 306 450 306 446 306 452 306 451 306 446 306 453 306 452 306 446 306 445 306 453 306 446 306 445 306 446 306 532 306 445 320 532 320 533 320 445 321 533 321 534 321 445 322 534 322 535 322 445 323 535 323 536 323 445 324 536 324 537 324 485 306 512 306 484 306 485 306 511 306 512 306 483 306 484 306 512 306 483 306 512 306 513 306 483 306 513 306 514 306 486 306 510 306 511 306 486 306 511 306 485 306 487 306 510 306 486 306 487 306 509 306 510 306 482 306 483 306 514 306 488 306 509 306 487 306 488 306 508 306 509 306 481 306 514 306 515 306 481 306 482 306 514 306 489 306 508 306 488 306 489 306 507 306 508 306 490 306 507 306 489 306 490 306 542 306 507 306 491 306 542 306 490 306 491 306 541 306 542 306 492 306 541 306 491 306 492 306 540 306 541 306 493 306 540 306 492 306 493 306 538 306 539 306 493 306 539 306 540 306 494 306 538 306 493 306 495 306 445 306 537 306 495 306 538 306 494 306 495 306 537 306 538 306 496 306 445 306 495 306 463 306 481 306 515 306 463 325 472 325 473 325 463 326 473 326 474 326 463 327 474 327 475 327 463 328 475 328 476 328 463 329 476 329 477 329 463 330 477 330 478 330 463 331 478 331 479 331 463 332 479 332 480 332 463 333 480 333 481 333 463 306 515 306 455 306 469 306 463 306 470 306 467 334 469 334 468 334 467 335 463 335 469 335 465 306 467 306 466 306 465 306 463 306 467 306 444 336 465 336 464 336 444 337 471 337 472 337 444 338 504 338 505 338 444 339 505 339 506 339 444 340 472 340 463 340 444 341 506 341 471 341 444 342 463 342 465 342 443 343 496 343 497 343 443 306 445 306 496 306 443 344 497 344 498 344 443 345 498 345 499 345 443 346 499 346 500 346 443 347 500 347 501 347 443 348 501 348 502 348 443 349 502 349 503 349 443 350 503 350 504 350 443 351 504 351 444 351 543 352 546 352 545 352 543 352 544 352 546 352 554 353 555 354 556 355 554 353 556 355 564 356 553 357 564 356 563 358 553 357 554 353 564 356 552 359 562 360 561 361 552 359 563 358 562 360 552 359 553 357 563 358 551 362 552 359 561 361 550 363 561 361 560 364 550 363 551 362 561 361 549 365 560 364 559 366 549 365 550 363 560 364 548 367 559 366 558 368 548 367 549 365 559 366 547 369 558 368 557 370 547 369 548 367 558 368 572 371 573 372 574 373 572 371 574 373 582 374 571 375 581 376 580 377 571 375 582 374 581 376 571 375 572 371 582 374 570 378 571 375 580 377 569 379 580 377 579 380 569 379 570 378 580 377 568 381 579 380 578 382 568 381 569 379 579 380 567 383 578 382 577 384 567 383 568 381 578 382 566 385 577 384 576 386 566 385 567 383 577 384 565 387 576 386 575 388 565 387 566 385 576 386 585 389 583 389 584 389 585 389 584 389 586 389 594 390 595 391 596 392 594 390 596 392 604 393 593 394 604 393 603 395 593 394 594 390 604 393 592 396 603 395 602 397 592 396 593 394 603 395 591 398 601 399 600 400 591 398 602 397 601 399 591 398 592 396 602 397 590 401 591 398 600 400 589 402 600 400 599 403 589 402 590 401 600 400 588 404 599 403 598 405 588 404 589 402 599 403 587 406 598 405 597 407 587 406 588 404 598 405 609 169 608 169 607 169 609 169 607 169 610 169 611 408 610 408 607 408 612 409 608 409 609 409 605 169 612 169 611 169 606 169 612 169 605 169 605 410 611 410 607 410 608 411 612 411 606 411 630 412 632 413 631 414 630 412 650 415 632 413 629 416 649 417 650 415 629 416 650 415 630 412 628 418 648 419 649 417 628 418 649 417 629 416 627 420 647 421 648 419 627 420 648 419 628 418 626 422 646 423 647 421 626 422 647 421 627 420 625 424 645 425 646 423 625 424 646 423 626 422 624 426 644 427 645 425 624 426 645 425 625 424 623 428 643 429 644 427 623 428 644 427 624 426 622 430 642 431 643 429 622 430 643 429 623 428 621 432 641 433 642 431 621 432 642 431 622 430 620 434 640 435 641 433 620 434 641 433 621 432 619 436 639 437 640 435 619 436 640 435 620 434 618 438 638 439 639 437 618 438 639 437 619 436 617 440 636 441 637 442 617 440 637 442 638 439 617 440 638 439 618 438 616 443 636 441 617 440 616 443 635 444 636 441 615 444 635 444 616 443 614 445 635 444 615 444 614 445 634 446 635 444 613 447 634 446 614 445 613 447 633 448 634 446 668 449 670 450 669 451 668 449 688 452 670 450 667 453 687 454 688 452 667 453 688 452 668 449 666 455 686 456 687 454 666 455 687 454 667 453 665 457 685 421 686 456 665 457 686 456 666 455 664 422 684 458 685 421 664 422 685 421 665 457 663 459 683 460 684 458 663 459 684 458 664 422 662 461 682 462 683 460 662 461 683 460 663 459 661 463 681 464 682 462 661 463 682 462 662 461 660 465 680 466 681 464 660 465 681 464 661 463 659 467 679 468 680 466 659 467 680 466 660 465 658 469 678 470 679 468 658 469 679 468 659 467 657 471 677 472 678 470 657 471 678 470 658 469 656 473 676 474 677 472 656 473 677 472 657 471 655 475 674 476 675 477 655 475 675 477 676 474 655 475 676 474 656 473 654 478 674 476 655 475 654 478 673 479 674 476 653 480 673 479 654 478 652 481 673 479 653 480 652 481 672 482 673 479 651 483 672 482 652 481 651 483 671 484 672 482 691 485 690 485 689 485 691 486 689 486 692 486 695 487 694 487 693 487 695 488 693 488 696 488 697 489 699 489 700 489 697 490 700 490 698 490 701 491 703 491 704 491 701 492 704 492 702 492 707 493 706 493 705 493 707 487 705 487 708 487 711 486 710 486 709 486 711 494 709 494 712 494 731 495 733 496 732 497 730 498 734 499 733 496 730 498 733 496 731 495 729 500 735 501 734 499 729 500 734 499 730 498 728 502 736 503 735 501 728 502 735 501 729 500 727 504 737 505 736 503 727 504 736 503 728 502 726 506 737 505 727 504 725 507 738 508 737 505 725 507 737 505 726 506 724 509 739 510 738 508 724 509 738 508 725 507 723 511 740 512 739 510 723 511 739 510 724 509 722 513 741 514 740 512 722 513 740 512 723 511 721 515 742 516 741 514 721 515 741 514 722 513 720 517 743 518 742 516 720 517 742 516 721 515 719 519 744 520 743 518 719 519 743 518 720 517 718 521 745 522 744 520 718 521 744 520 719 519 717 523 746 524 745 522 717 523 747 525 746 524 717 523 745 522 718 521 716 526 747 525 717 523 715 527 747 525 716 526 715 527 748 528 747 525 714 529 748 528 715 527 714 529 749 530 748 528 713 531 749 530 714 529 713 531 750 532 749 530 769 533 771 534 770 535 768 536 772 537 771 534 768 536 771 534 769 533 767 538 773 539 772 537 767 538 772 537 768 536 766 540 774 541 773 539 766 540 773 539 767 538 765 542 775 543 774 541 765 542 774 541 766 540 764 544 776 545 775 543 764 544 775 543 765 542 763 546 777 547 776 545 763 546 776 545 764 544 762 548 778 549 777 547 762 548 777 547 763 546 761 550 779 551 778 549 761 550 778 549 762 548 760 552 780 553 779 551 760 552 779 551 761 550 759 554 781 555 780 553 759 554 780 553 760 552 758 556 782 557 781 555 758 556 781 555 759 554 757 558 783 559 782 557 757 558 782 557 758 556 756 560 783 559 757 558 755 561 784 562 783 559 755 561 785 563 784 562 755 561 783 559 756 560 754 564 786 565 785 563 754 564 785 563 755 561 753 566 786 565 754 564 753 566 787 567 786 565 752 568 787 567 753 566 751 569 787 567 752 568 751 569 788 570 787 567 790 571 808 572 789 573 790 571 809 574 808 572 791 575 810 576 809 574 791 575 809 574 790 571 792 577 811 578 810 576 792 577 810 576 791 575 793 579 812 580 811 578 793 579 811 578 792 577 794 581 813 582 812 580 794 581 812 580 793 579 795 583 814 584 813 582 795 583 813 582 794 581 796 585 815 586 814 584 796 585 814 584 795 583 797 587 816 588 815 586 797 587 815 586 796 585 798 513 817 514 816 588 798 513 816 588 797 587 799 515 818 589 817 514 799 515 817 514 798 513 800 590 819 591 818 589 800 590 818 589 799 515 801 592 820 593 819 591 801 592 819 591 800 590 802 594 821 595 820 593 802 594 820 593 801 592 803 596 822 597 821 595 803 596 821 595 802 594 804 598 822 597 803 596 804 598 823 599 822 597 805 600 823 599 804 598 805 600 824 601 823 599 806 602 824 601 805 600 806 602 825 603 824 601 807 604 825 603 806 602 807 604 826 532 825 603 828 605 827 606 832 607 828 605 832 607 833 608 829 609 833 608 834 610 829 609 828 605 833 608 830 611 834 610 835 612 830 611 829 609 834 610 831 613 835 612 836 614 831 613 830 611 835 612 838 615 837 616 843 617 838 615 843 617 844 618 839 619 844 618 845 620 839 619 838 615 844 618 840 621 845 620 846 622 840 621 839 619 845 620 841 623 846 622 847 624 841 623 840 621 846 622 842 625 847 624 848 626 842 625 841 623 847 624 850 627 849 628 855 629 850 627 855 629 856 630 851 631 856 630 857 632 851 631 850 627 856 630 852 633 857 632 858 634 852 633 851 631 857 632 853 635 858 634 859 636 853 635 852 633 858 634 854 637 859 636 860 638 854 637 853 635 859 636 862 639 861 640 866 641 862 639 866 641 867 642 863 643 867 642 868 644 863 643 862 639 867 642 864 645 868 644 869 646 864 645 863 643 868 644 865 647 869 646 870 648 865 647 864 645 869 646 873 649 872 649 871 649 873 650 874 650 872 650 876 651 875 652 878 653 876 651 878 653 879 654 877 655 879 654 880 656 877 655 876 651 879 654 882 657 881 658 886 659 882 657 886 659 887 660 883 661 887 660 888 662 883 661 882 657 887 660 884 663 888 662 889 664 884 663 883 661 888 662 885 665 889 664 890 666 885 665 884 663 889 664 892 667 891 668 896 669 892 667 896 669 897 670 893 671 897 670 898 672 893 671 892 667 897 670 894 673 898 672 899 674 894 673 893 671 898 672 895 675 899 674 900 676 895 675 894 673 899 674 905 677 901 678 904 679 902 680 901 678 905 677 906 681 902 680 905 677 903 682 902 680 906 681 909 683 908 683 907 683 909 684 910 684 908 684 939 685 919 685 918 685 938 187 920 187 919 187 938 187 919 187 939 187 940 187 918 187 917 187 940 686 939 686 918 686 937 687 912 687 911 687 937 688 911 688 920 688 937 689 920 689 938 689 933 187 917 187 916 187 933 187 940 187 917 187 925 690 933 690 916 690 934 187 933 187 925 187 942 691 913 691 912 691 942 692 912 692 937 692 924 693 934 693 925 693 914 187 913 187 942 187 935 187 934 187 924 187 941 187 914 187 942 187 915 187 914 187 941 187 923 187 935 187 924 187 936 187 935 187 923 187 922 694 936 694 923 694 931 187 936 187 922 187 921 187 931 187 922 187 929 695 932 695 931 695 929 187 931 187 921 187 928 187 932 187 929 187 927 187 930 187 932 187 927 187 932 187 928 187 926 187 930 187 927 187 976 187 952 187 951 187 978 187 953 187 952 187 978 187 952 187 976 187 977 187 950 187 949 187 977 187 951 187 950 187 977 187 976 187 951 187 972 187 977 187 949 187 967 187 943 187 953 187 967 696 953 696 978 696 958 187 972 187 949 187 944 697 943 697 967 697 973 698 972 698 958 698 966 187 944 187 967 187 945 699 944 699 966 699 957 700 973 700 958 700 974 701 973 701 957 701 965 702 945 702 966 702 946 703 945 703 965 703 956 187 974 187 957 187 975 704 974 704 956 704 964 187 946 187 965 187 955 187 975 187 956 187 947 705 946 705 964 705 968 706 975 706 955 706 963 187 947 187 964 187 954 187 968 187 955 187 948 187 947 187 963 187 962 187 969 187 968 187 962 707 968 707 954 707 959 187 948 187 963 187 959 708 963 708 971 708 960 187 959 187 971 187 960 709 971 709 970 709 961 187 960 187 970 187 961 187 970 187 969 187 961 710 969 710 962 710 980 711 979 712 985 713 980 711 985 713 986 714 981 715 986 714 987 716 981 715 980 711 986 714 982 717 987 716 988 718 982 717 981 715 987 716 983 719 988 718 989 720 983 719 982 717 988 718 984 721 989 720 990 722 984 721 983 719 989 720 992 723 991 724 997 725 992 723 997 725 998 726 993 727 998 726 999 728 993 727 992 723 998 726 994 729 999 728 1000 730 994 729 993 727 999 728 995 731 1000 730 1001 732 995 731 994 729 1000 730 996 733 1001 732 1002 734 996 733 995 731 1001 732 1004 735 1003 736 1009 737 1004 735 1009 737 1010 738 1005 739 1010 738 1011 740 1005 739 1004 735 1010 738 1006 741 1011 740 1012 742 1006 741 1005 739 1011 740 1007 743 1012 742 1013 744 1007 743 1006 741 1012 742 1008 745 1013 744 1014 746 1008 745 1007 743 1013 744 1016 747 1015 748 1021 749 1016 747 1021 749 1022 750 1017 751 1022 750 1023 752 1017 751 1016 747 1022 750 1018 753 1023 752 1024 754 1018 753 1017 751 1023 752 1019 755 1024 754 1025 756 1019 755 1018 753 1024 754 1020 757 1025 756 1026 758 1020 757 1019 755 1025 756 1028 759 1027 760 1032 761 1028 759 1032 761 1033 762 1029 763 1033 762 1034 764 1029 763 1028 759 1033 762 1030 765 1034 764 1035 766 1030 765 1029 763 1034 764 1031 767 1035 766 1036 768 1031 767 1030 765 1035 766 1038 769 1037 770 1042 771 1038 769 1042 771 1043 772 1039 773 1043 772 1044 774 1039 773 1038 769 1043 772 1040 775 1044 774 1045 776 1040 775 1039 773 1044 774 1046 777 1040 775 1045 776 1041 778 1040 775 1046 777 1048 779 1047 780 1050 781 1048 779 1050 781 1051 782 1052 783 1048 779 1051 782 1049 784 1048 779 1052 783 1054 785 1053 786 1056 787 1054 785 1056 787 1057 788 1055 789 1057 788 1058 790 1055 789 1054 785 1057 788 1060 791 1059 792 1064 793 1060 791 1064 793 1065 794 1061 795 1065 794 1066 796 1061 795 1060 791 1065 794 1062 797 1066 796 1067 798 1062 797 1061 795 1066 796 1063 799 1067 798 1068 800 1063 799 1062 797 1067 798 1071 187 1082 187 1083 187 1078 187 1083 187 1084 187 1078 187 1071 187 1083 187 1080 801 1078 801 1079 801 1072 802 1069 802 1070 802 1072 803 1070 803 1071 803 1072 804 1073 804 1069 804 1072 187 1071 187 1078 187 1072 805 1078 805 1080 805 1074 187 1080 187 1081 187 1074 187 1072 187 1080 187 1077 806 1072 806 1074 806 1076 807 1074 807 1075 807 1076 808 1077 808 1074 808 1087 809 1086 809 1085 809 1087 809 1088 809 1086 809 1089 300 1091 300 1092 300 1089 300 1092 300 1090 300 1095 810 1094 810 1093 810 1095 811 1096 811 1094 811 1099 812 1098 812 1097 812 1099 813 1100 813 1098 813 1101 300 1103 300 1104 300 1101 300 1104 300 1102 300 1107 814 1106 814 1105 814 1107 815 1108 815 1106 815 1111 816 1110 816 1109 816 1111 816 1112 816 1110 816 1113 300 1115 300 1116 300 1113 300 1116 300 1114 300 1119 817 1118 817 1117 817 1119 817 1120 817 1118 817 1124 169 1122 169 1121 169 1124 169 1121 169 1123 169 1127 818 1126 818 1125 818 1127 819 1128 819 1126 819 1131 820 1130 820 1129 820 1131 821 1132 821 1130 821 1136 169 1134 169 1133 169 1136 169 1133 169 1135 169 1139 187 1146 187 1145 187 1144 187 1143 187 1142 187 1141 822 1144 822 1142 822 1140 187 1144 187 1141 187 1147 187 1149 187 1148 187 1137 823 1149 823 1147 823 1137 187 1147 187 1138 187 1138 187 1147 187 1139 187 1139 187 1144 187 1140 187 1139 187 1145 187 1144 187 1146 824 1139 824 1147 824 1153 352 1151 352 1150 352 1153 352 1150 352 1152 352 1154 300 1156 300 1157 300 1154 300 1157 300 1155 300 1158 389 1160 389 1161 389 1158 389 1161 389 1159 389 1164 825 1163 825 1162 825 1164 826 1165 826 1163 826 1166 300 1168 300 1169 300 1166 300 1169 300 1167 300 1170 389 1172 389 1173 389 1170 389 1173 389 1171 389 1177 169 1175 169 1174 169 1177 169 1174 169 1176 169 1181 352 1179 352 1178 352 1181 352 1178 352 1180 352 1184 827 1183 827 1182 827 1184 828 1185 828 1183 828 1189 169 1187 169 1186 169 1189 169 1186 169 1188 169 1192 187 1196 187 1195 187 1194 829 1192 829 1195 829 1193 187 1192 187 1194 187 1197 187 1199 187 1198 187 1190 830 1199 830 1197 830 1190 187 1197 187 1191 187 1191 831 1197 831 1192 831 1196 187 1192 187 1197 187 1233 187 1209 187 1208 187 1235 187 1210 187 1209 187 1235 187 1209 187 1233 187 1234 187 1207 187 1206 187 1234 187 1208 187 1207 187 1234 187 1233 187 1208 187 1229 187 1234 187 1206 187 1224 187 1200 187 1210 187 1224 832 1210 832 1235 832 1215 187 1229 187 1206 187 1201 833 1200 833 1224 833 1230 834 1229 834 1215 834 1223 187 1201 187 1224 187 1202 835 1201 835 1223 835 1214 836 1230 836 1215 836 1231 837 1230 837 1214 837 1222 838 1202 838 1223 838 1203 839 1202 839 1222 839 1213 187 1231 187 1214 187 1232 840 1231 840 1213 840 1221 187 1203 187 1222 187 1212 187 1232 187 1213 187 1204 841 1203 841 1221 841 1225 842 1232 842 1212 842 1220 187 1204 187 1221 187 1211 187 1225 187 1212 187 1205 187 1204 187 1220 187 1219 187 1226 187 1225 187 1219 843 1225 843 1211 843 1216 187 1205 187 1220 187 1216 844 1220 844 1228 844 1217 187 1216 187 1228 187 1217 845 1228 845 1227 845 1218 187 1217 187 1227 187 1218 187 1227 187 1226 187 1218 846 1226 846 1219 846 1237 847 1236 848 1242 849 1237 847 1242 849 1243 850 1238 851 1243 850 1244 852 1238 851 1237 847 1243 850 1239 853 1244 852 1245 854 1239 853 1238 851 1244 852 1240 855 1245 854 1246 856 1240 855 1239 853 1245 854 1241 857 1246 856 1247 858 1241 857 1240 855 1246 856 1249 859 1248 860 1254 861 1249 859 1254 861 1255 862 1250 863 1255 862 1256 864 1250 863 1249 859 1255 862 1251 865 1256 864 1257 866 1251 865 1250 863 1256 864 1252 867 1257 866 1258 868 1252 867 1251 865 1257 866 1253 869 1258 868 1259 870 1253 869 1252 867 1258 868 1261 871 1260 872 1266 873 1261 871 1266 873 1267 874 1262 875 1267 874 1268 876 1262 875 1261 871 1267 874 1263 877 1268 876 1269 878 1263 877 1262 875 1268 876 1264 879 1269 878 1270 880 1264 879 1263 877 1269 878 1265 881 1270 880 1271 882 1265 881 1264 879 1270 880 1273 883 1272 884 1278 885 1273 883 1278 885 1279 886 1274 887 1279 886 1280 888 1274 887 1273 883 1279 886 1275 889 1280 888 1281 890 1275 889 1274 887 1280 888 1276 891 1281 890 1282 892 1276 891 1275 889 1281 890 1277 893 1282 892 1283 894 1277 893 1276 891 1282 892 1285 895 1284 896 1289 897 1285 895 1289 897 1290 898 1286 899 1290 898 1291 900 1286 899 1285 895 1290 898 1287 901 1291 900 1292 902 1287 901 1286 899 1291 900 1288 903 1292 902 1293 904 1288 903 1287 901 1292 902 1295 905 1294 906 1299 907 1295 905 1299 907 1300 908 1296 909 1300 908 1301 910 1296 909 1295 905 1300 908 1297 911 1301 910 1302 912 1297 911 1296 909 1301 910 1298 913 1302 912 1303 914 1298 913 1297 911 1302 912 1305 915 1304 916 1307 917 1305 915 1307 917 1308 918 1306 919 1308 918 1309 920 1306 919 1305 915 1308 918 1311 921 1310 922 1313 923 1311 921 1313 923 1314 924 1312 925 1314 924 1315 926 1312 925 1311 921 1314 924 1317 927 1316 928 1321 929 1317 927 1321 929 1322 930 1318 931 1322 930 1323 932 1318 931 1317 927 1322 930 1319 933 1323 932 1324 934 1319 933 1318 931 1323 932 1320 935 1324 934 1325 936 1320 935 1319 933 1324 934 1328 187 1339 187 1340 187 1335 187 1340 187 1341 187 1335 187 1328 187 1340 187 1337 937 1335 937 1336 937 1329 938 1326 938 1327 938 1329 939 1327 939 1328 939 1329 940 1330 940 1326 940 1329 187 1328 187 1335 187 1329 941 1335 941 1337 941 1331 187 1337 187 1338 187 1331 187 1329 187 1337 187 1334 942 1329 942 1331 942 1333 807 1331 807 1332 807 1333 943 1334 943 1331 943 1345 352 1343 352 1342 352 1345 352 1342 352 1344 352 1346 300 1348 300 1349 300 1346 300 1349 300 1347 300 1350 389 1352 389 1353 389 1350 389 1353 389 1351 389 1356 944 1355 944 1354 944 1356 945 1357 945 1355 945 1358 300 1360 300 1361 300 1358 300 1361 300 1359 300 1362 389 1364 389 1365 389 1362 389 1365 389 1363 389 1369 169 1367 169 1366 169 1369 169 1366 169 1368 169 1373 352 1371 352 1370 352 1373 352 1370 352 1372 352 1376 946 1375 946 1374 946 1376 947 1377 947 1375 947 1381 169 1379 169 1378 169 1381 169 1378 169 1380 169 1384 187 1388 187 1387 187 1386 948 1384 948 1387 948 1385 187 1384 187 1386 187 1389 187 1391 187 1390 187 1382 949 1391 949 1389 949 1382 187 1389 187 1383 187 1383 950 1389 950 1384 950 1388 187 1384 187 1389 187 1393 951 1392 952 1397 953 1393 951 1397 953 1398 954 1394 955 1398 954 1399 956 1394 955 1393 951 1398 954 1395 957 1399 956 1400 958 1395 957 1394 955 1399 956 1401 959 1395 957 1400 958 1396 960 1395 957 1401 959 1403 961 1402 962 1408 963 1403 961 1408 963 1409 964 1404 965 1409 964 1410 966 1404 965 1403 961 1409 964 1405 967 1410 966 1411 968 1405 967 1404 965 1410 966 1406 969 1411 968 1412 970 1406 969 1405 967 1411 968 1407 625 1412 970 1413 626 1407 625 1406 969 1412 970 1415 971 1414 628 1420 972 1415 971 1420 972 1421 973 1416 974 1421 973 1422 975 1416 974 1415 971 1421 973 1417 976 1422 975 1423 977 1417 976 1416 974 1422 975 1418 978 1423 977 1424 979 1418 978 1417 976 1423 977 1419 980 1424 979 1425 981 1419 980 1418 978 1424 979 1432 982 1426 983 1431 984 1427 985 1426 983 1432 982 1433 986 1427 985 1432 982 1428 987 1427 985 1433 986 1434 988 1428 987 1433 986 1429 989 1428 987 1434 988 1430 990 1434 988 1435 991 1430 990 1429 989 1434 988 1438 649 1437 649 1436 649 1438 650 1439 650 1437 650 1441 992 1440 993 1443 994 1441 992 1443 994 1444 995 1442 996 1444 995 1445 997 1442 996 1441 992 1444 995 1447 998 1446 999 1451 1000 1447 998 1451 1000 1452 1001 1448 1002 1452 1001 1453 1003 1448 1002 1447 998 1452 1001 1449 1004 1453 1003 1454 1005 1449 1004 1448 1002 1453 1003 1450 1006 1454 1005 1455 1007 1450 1006 1449 1004 1454 1005 1457 1008 1456 1009 1461 1010 1457 1008 1461 1010 1462 1011 1458 1012 1462 1011 1463 1013 1458 1012 1457 1008 1462 1011 1459 1014 1463 1013 1464 1015 1459 1014 1458 1012 1463 1013 1460 1016 1464 1015 1465 1017 1460 1016 1459 1014 1464 1015 1470 677 1466 1018 1469 1019 1467 1020 1466 1018 1470 677 1471 1021 1467 1020 1470 677 1468 1022 1467 1020 1471 1021 1474 1023 1473 1023 1472 1023 1474 684 1475 684 1473 684 1504 1024 1484 1024 1483 1024 1503 187 1485 187 1484 187 1503 187 1484 187 1504 187 1505 187 1483 187 1482 187 1505 1025 1504 1025 1483 1025 1502 1026 1477 1026 1476 1026 1502 1027 1476 1027 1485 1027 1502 1028 1485 1028 1503 1028 1498 187 1482 187 1481 187 1498 187 1505 187 1482 187 1490 690 1498 690 1481 690 1499 187 1498 187 1490 187 1507 1029 1478 1029 1477 1029 1507 692 1477 692 1502 692 1489 1030 1499 1030 1490 1030 1479 187 1478 187 1507 187 1500 187 1499 187 1489 187 1506 187 1479 187 1507 187 1480 187 1479 187 1506 187 1488 187 1500 187 1489 187 1501 187 1500 187 1488 187 1487 1031 1501 1031 1488 1031 1496 187 1501 187 1487 187 1486 187 1496 187 1487 187 1494 695 1497 695 1496 695 1494 187 1496 187 1486 187 1493 187 1497 187 1494 187 1492 187 1495 187 1497 187 1492 187 1497 187 1493 187 1491 187 1495 187 1492 187</p>
        </triangles>
        <triangles material="mat_0-material" count="270">
          <input semantic="VERTEX" source="#SOLID_001-mesh-vertices" offset="0"/>
          <input semantic="NORMAL" source="#SOLID_001-mesh-normals" offset="1"/>
          <p>1527 1032 1513 1032 1512 1032 1527 1033 1512 1033 1528 1033 1529 352 1528 352 1512 352 1526 352 1513 352 1527 352 1530 352 1529 352 1512 352 1525 1034 1513 1034 1526 1034 1531 1035 1530 1035 1512 1035 1524 352 1513 352 1525 352 1532 352 1531 352 1512 352 1523 352 1513 352 1524 352 1522 352 1513 352 1523 352 1511 1036 1533 1036 1532 1036 1511 1037 1534 1037 1533 1037 1511 1038 1535 1038 1534 1038 1511 1039 1536 1039 1535 1039 1511 352 1532 352 1512 352 1537 1033 1536 1033 1511 1033 1510 1040 1538 1040 1537 1040 1510 1041 1539 1041 1538 1041 1510 1042 1540 1042 1539 1042 1510 352 1537 352 1511 352 1541 352 1540 352 1510 352 1509 1043 1515 1043 1514 1043 1509 1044 1516 1044 1515 1044 1509 1045 1517 1045 1516 1045 1509 1046 1518 1046 1517 1046 1509 1047 1519 1047 1518 1047 1509 1048 1520 1048 1519 1048 1509 1049 1521 1049 1520 1049 1509 1050 1522 1050 1521 1050 1509 352 1513 352 1522 352 1542 352 1541 352 1510 352 1508 1050 1543 1050 1542 1050 1508 1049 1544 1049 1543 1049 1508 1048 1545 1048 1544 1048 1508 1047 1546 1047 1545 1047 1508 1046 1547 1046 1546 1046 1508 1045 1548 1045 1547 1045 1508 1044 1549 1044 1548 1044 1508 1043 1514 1043 1549 1043 1508 352 1509 352 1514 352 1508 352 1542 352 1510 352 1551 306 1552 306 1550 306 1551 306 1553 306 1552 306 1564 389 1565 389 1557 389 1566 389 1557 389 1565 389 1563 389 1564 389 1557 389 1567 1051 1557 1051 1566 1051 1562 1052 1563 1052 1557 1052 1568 1053 1557 1053 1567 1053 1561 1054 1562 1054 1557 1054 1560 389 1557 389 1556 389 1560 389 1561 389 1557 389 1558 1055 1568 1055 1569 1055 1558 389 1557 389 1568 389 1570 389 1558 389 1569 389 1595 389 1560 389 1556 389 1571 1056 1558 1056 1570 1056 1594 1054 1595 1054 1556 1054 1572 1057 1558 1057 1571 1057 1593 1052 1594 1052 1556 1052 1573 389 1558 389 1572 389 1592 389 1593 389 1556 389 1559 389 1558 389 1573 389 1574 1058 1559 1058 1573 1058 1591 389 1592 389 1556 389 1575 1059 1559 1059 1574 1059 1590 389 1591 389 1556 389 1576 389 1559 389 1575 389 1589 1051 1590 1051 1556 1051 1577 1060 1559 1060 1576 1060 1588 1053 1589 1053 1556 1053 1578 389 1559 389 1577 389 1554 389 1588 389 1556 389 1554 1061 1583 1061 1584 1061 1554 1062 1584 1062 1585 1062 1554 1063 1585 1063 1586 1063 1554 1064 1586 1064 1587 1064 1554 1055 1587 1055 1588 1055 1555 389 1583 389 1554 389 1555 1065 1578 1065 1579 1065 1555 1066 1579 1066 1580 1066 1555 1067 1580 1067 1581 1067 1555 1068 1581 1068 1582 1068 1555 1069 1582 1069 1583 1069 1555 389 1559 389 1578 389 1597 187 1598 187 1596 187 1597 187 1599 187 1598 187 1600 300 1603 300 1602 300 1600 300 1601 300 1603 300 1633 1070 1604 1070 1605 1070 1632 1071 1633 1071 1605 1071 1634 352 1604 352 1633 352 1631 352 1632 352 1605 352 1635 1072 1604 1072 1634 1072 1630 352 1631 352 1605 352 1636 352 1604 352 1635 352 1629 1073 1630 1073 1605 1073 1637 352 1604 352 1636 352 1628 1074 1629 1074 1605 1074 1638 352 1604 352 1637 352 1609 1075 1624 1075 1625 1075 1609 1076 1625 1076 1626 1076 1609 1077 1626 1077 1627 1077 1609 1078 1627 1078 1628 1078 1609 352 1628 352 1605 352 1623 1071 1624 1071 1609 1071 1608 1079 1620 1079 1621 1079 1608 1080 1621 1080 1622 1080 1608 1081 1622 1081 1623 1081 1608 1082 1623 1082 1609 1082 1619 352 1620 352 1608 352 1606 1083 1638 1083 1639 1083 1606 1084 1639 1084 1640 1084 1606 1085 1640 1085 1641 1085 1606 1086 1641 1086 1642 1086 1606 1087 1642 1087 1643 1087 1606 1088 1643 1088 1644 1088 1606 1089 1644 1089 1645 1089 1606 1090 1645 1090 1610 1090 1606 352 1604 352 1638 352 1618 352 1619 352 1608 352 1607 1090 1610 1090 1611 1090 1607 1089 1611 1089 1612 1089 1607 1088 1612 1088 1613 1088 1607 1087 1613 1087 1614 1087 1607 1086 1614 1086 1615 1086 1607 1085 1615 1085 1616 1085 1607 1084 1616 1084 1617 1084 1607 1083 1617 1083 1618 1083 1607 352 1606 352 1610 352 1607 352 1618 352 1608 352 1647 306 1648 306 1646 306 1647 306 1649 306 1648 306 1669 1091 1653 1091 1652 1091 1669 1092 1670 1092 1653 1092 1671 389 1653 389 1670 389 1668 389 1669 389 1652 389 1672 389 1653 389 1671 389 1667 1093 1668 1093 1652 1093 1673 1094 1653 1094 1672 1094 1666 389 1667 389 1652 389 1674 1095 1653 1095 1673 1095 1665 389 1666 389 1652 389 1664 389 1665 389 1652 389 1654 1096 1674 1096 1675 1096 1654 1097 1675 1097 1676 1097 1654 1098 1676 1098 1677 1098 1654 1099 1677 1099 1678 1099 1654 389 1653 389 1674 389 1679 1092 1654 1092 1678 1092 1655 1100 1679 1100 1680 1100 1655 1101 1680 1101 1681 1101 1655 1102 1681 1102 1682 1102 1655 1103 1654 1103 1679 1103 1683 389 1655 389 1682 389 1650 1104 1656 1104 1657 1104 1650 1105 1657 1105 1658 1105 1650 1106 1658 1106 1659 1106 1650 1107 1659 1107 1660 1107 1650 1108 1660 1108 1661 1108 1650 1109 1661 1109 1662 1109 1650 1110 1662 1110 1663 1110 1650 1111 1663 1111 1664 1111 1650 389 1664 389 1652 389 1684 389 1655 389 1683 389 1651 389 1655 389 1684 389 1651 1111 1684 1111 1685 1111 1651 1110 1685 1110 1686 1110 1651 1109 1686 1109 1687 1109 1651 1108 1687 1108 1688 1108 1651 1107 1688 1107 1689 1107 1651 1106 1689 1106 1690 1106 1651 1105 1690 1105 1691 1105 1651 1104 1691 1104 1656 1104 1651 389 1656 389 1650 389 1693 187 1694 187 1692 187 1693 187 1695 187 1694 187 1699 300 1697 300 1698 300 1696 300 1697 300 1699 300 1711 389 1700 389 1710 389 1712 389 1700 389 1711 389 1709 389 1710 389 1700 389 1713 1112 1700 1112 1712 1112 1708 389 1709 389 1700 389 1714 389 1700 389 1713 389 1707 389 1708 389 1700 389 1706 389 1700 389 1701 389 1706 389 1707 389 1700 389 1702 1113 1714 1113 1715 1113 1702 389 1700 389 1714 389 1716 1114 1702 1114 1715 1114 1741 389 1706 389 1701 389 1717 389 1702 389 1716 389 1740 389 1741 389 1701 389 1718 1115 1702 1115 1717 1115 1739 389 1740 389 1701 389 1719 389 1702 389 1718 389 1738 389 1739 389 1701 389 1703 389 1702 389 1719 389 1720 1058 1703 1058 1719 1058 1737 389 1738 389 1701 389 1721 389 1703 389 1720 389 1736 389 1737 389 1701 389 1722 1116 1703 1116 1721 1116 1735 1112 1736 1112 1701 1112 1723 1117 1703 1117 1722 1117 1734 389 1735 389 1701 389 1724 389 1703 389 1723 389 1705 1118 1729 1118 1730 1118 1705 1119 1730 1119 1731 1119 1705 1120 1731 1120 1732 1120 1705 1121 1732 1121 1733 1121 1705 1113 1733 1113 1734 1113 1705 389 1734 389 1701 389 1704 389 1729 389 1705 389 1704 389 1724 389 1725 389 1704 1122 1725 1122 1726 1122 1704 1123 1726 1123 1727 1123 1704 1124 1727 1124 1728 1124 1704 1069 1728 1069 1729 1069 1704 389 1703 389 1724 389 1743 187 1744 187 1742 187 1743 187 1745 187 1744 187 1775 1125 1746 1125 1747 1125 1774 352 1775 352 1747 352 1776 352 1746 352 1775 352 1773 352 1774 352 1747 352 1777 1126 1746 1126 1776 1126 1772 352 1773 352 1747 352 1778 352 1746 352 1777 352 1771 1127 1772 1127 1747 1127 1779 352 1746 352 1778 352 1770 352 1771 352 1747 352 1780 352 1746 352 1779 352 1751 1128 1766 1128 1767 1128 1751 1129 1767 1129 1768 1129 1751 1130 1768 1130 1769 1130 1751 1131 1769 1131 1770 1131 1751 352 1770 352 1747 352 1765 1132 1766 1132 1751 1132 1750 1133 1762 1133 1763 1133 1750 1134 1763 1134 1764 1134 1750 1135 1764 1135 1765 1135 1750 352 1765 352 1751 352 1761 352 1762 352 1750 352 1748 1136 1780 1136 1781 1136 1748 1137 1781 1137 1782 1137 1748 1138 1782 1138 1783 1138 1748 1139 1783 1139 1784 1139 1748 1140 1784 1140 1785 1140 1748 1141 1785 1141 1786 1141 1748 1142 1786 1142 1787 1142 1748 1143 1787 1143 1752 1143 1748 352 1746 352 1780 352 1760 352 1761 352 1750 352 1749 1143 1752 1143 1753 1143 1749 1142 1753 1142 1754 1142 1749 1141 1754 1141 1755 1141 1749 352 1760 352 1750 352 1749 1140 1755 1140 1756 1140 1749 1139 1756 1139 1757 1139 1749 1138 1757 1138 1758 1138 1749 1137 1758 1137 1759 1137 1749 1136 1759 1136 1760 1136 1749 352 1748 352 1752 352 1789 306 1790 306 1788 306 1789 306 1791 306 1790 306 1795 300 1792 300 1793 300 1795 300 1794 300 1792 300</p>
        </triangles>
        <triangles material="mat_3-material" count="74">
          <input semantic="VERTEX" source="#SOLID_001-mesh-vertices" offset="0"/>
          <input semantic="NORMAL" source="#SOLID_001-mesh-normals" offset="1"/>
          <p>1809 306 1807 306 1808 306 1811 1144 1809 1144 1810 1144 1806 1145 1811 1145 1812 1145 1806 1146 1812 1146 1813 1146 1806 306 1813 306 1814 306 1806 306 1814 306 1815 306 1806 306 1807 306 1809 306 1806 306 1809 306 1811 306 1796 306 1805 306 1807 306 1796 306 1807 306 1806 306 1804 306 1805 306 1796 306 1799 1147 1796 1147 1797 1147 1799 306 1797 306 1798 306 1802 1148 1803 1148 1804 1148 1800 1149 1801 1149 1802 1149 1800 1150 1804 1150 1796 1150 1800 1151 1796 1151 1799 1151 1800 306 1802 306 1804 306 1822 187 1823 187 1824 187 1817 187 1818 187 1819 187 1817 1152 1819 1152 1820 1152 1817 1153 1820 1153 1821 1153 1817 187 1821 187 1822 187 1817 1154 1824 1154 1825 1154 1817 1155 1825 1155 1826 1155 1817 1156 1822 1156 1824 1156 1816 187 1826 187 1827 187 1816 187 1817 187 1826 187 1833 187 1834 187 1835 187 1833 1157 1835 1157 1816 1157 1831 187 1828 187 1829 187 1831 187 1829 187 1830 187 1832 1158 1827 1158 1828 1158 1832 1159 1816 1159 1827 1159 1832 1160 1833 1160 1816 1160 1832 187 1828 187 1831 187 1837 169 1838 169 1836 169 1837 169 1839 169 1838 169 1852 1161 1849 1162 1848 1163 1852 1161 1851 1164 1849 1162 1853 1165 1848 1163 1847 1166 1853 1165 1852 1161 1848 1163 1854 1167 1847 1166 1846 1168 1854 1167 1853 1165 1847 1166 1855 1169 1846 1168 1845 1170 1855 1169 1854 1167 1846 1168 1856 1171 1845 1170 1844 1172 1856 1171 1855 1169 1845 1170 1857 1173 1844 1172 1843 1174 1857 1173 1856 1171 1844 1172 1858 1175 1843 1174 1842 1176 1858 1175 1857 1173 1843 1174 1859 1177 1842 1176 1841 1178 1859 1177 1858 1175 1842 1176 1850 1179 1841 1178 1840 1180 1850 1179 1859 1177 1841 1178 1861 1181 1860 1182 1870 1183 1861 1181 1870 1183 1879 1184 1862 1185 1879 1184 1878 1186 1862 1185 1861 1181 1879 1184 1863 1187 1878 1186 1877 1188 1863 1187 1862 1185 1878 1186 1864 1189 1877 1188 1876 1190 1864 1189 1863 1187 1877 1188 1865 1191 1876 1190 1875 1192 1865 1191 1864 1189 1876 1190 1866 142 1875 1192 1874 1193 1866 142 1865 1191 1875 1192 1867 1194 1874 1193 1873 1195 1867 1194 1866 142 1874 1193 1868 1196 1873 1195 1872 1197 1868 1196 1867 1194 1873 1195 1869 1198 1872 1197 1871 1199 1869 1198 1868 1196 1872 1197</p>
        </triangles>
      </mesh>
    </geometry>
    <geometry id="SOLID-mesh" name="SOLID">
      <mesh>
        <source id="SOLID-mesh-positions">
          <float_array id="SOLID-mesh-positions-array" count="1782">-0.006911456 0.003158867 -0.003399968 -0.006911456 0.003158867 -0.003999948 -0.005611419 0.003158867 -0.003999948 -0.005621314 0.003046035 -0.003999948 -0.005650639 0.002936601 -0.003999948 -0.005698502 0.002833902 -0.003999948 -0.005763471 0.002741098 -0.003999948 -0.005843639 0.002660989 -0.003999948 -0.005936443 0.002595961 -0.003999948 -0.006039142 0.002548098 -0.003999948 -0.006148576 0.002518773 -0.003999948 -0.006261408 0.002508878 -0.003999948 -0.006374299 0.002518773 -0.003999948 -0.006483733 0.002548098 -0.003999948 -0.006586432 0.002595961 -0.003999948 -0.006679236 0.002660989 -0.003999948 -0.006759345 0.002741098 -0.003999948 -0.006824314 0.002833902 -0.003999948 -0.006872236 0.002936601 -0.003999948 -0.006901562 0.003046035 -0.003999948 -0.005611419 0.003158867 -0.003399968 -0.006901562 0.003046035 -0.003399968 -0.006872236 0.002936601 -0.003399968 -0.006824314 0.002833902 -0.003399968 -0.006759345 0.002741098 -0.003399968 -0.006679236 0.002660989 -0.003399968 -0.006586432 0.002595961 -0.003399968 -0.006483733 0.002548098 -0.003399968 -0.006374299 0.002518773 -0.003399968 -0.006261408 0.002508878 -0.003399968 -0.006148576 0.002518773 -0.003399968 -0.006039142 0.002548098 -0.003399968 -0.005936443 0.002595961 -0.003399968 -0.005843639 0.002660989 -0.003399968 -0.005763471 0.002741098 -0.003399968 -0.005698502 0.002833902 -0.003399968 -0.005650639 0.002936601 -0.003399968 -0.005621314 0.003046035 -0.003399968 -0.005611419 0.003158867 0.003399968 -0.005611419 0.003158867 0.003999948 -0.006911456 0.003158867 0.003999948 -0.006901562 0.003046035 0.003999948 -0.006872236 0.002936601 0.003999948 -0.006824314 0.002833902 0.003999948 -0.006759345 0.002741098 0.003999948 -0.006679236 0.002660989 0.003999948 -0.006586432 0.002595961 0.003999948 -0.006483733 0.002548098 0.003999948 -0.006374299 0.002518773 0.003999948 -0.006261408 0.002508878 0.003999948 -0.006148576 0.002518773 0.003999948 -0.006039142 0.002548098 0.003999948 -0.005936443 0.002595961 0.003999948 -0.005843639 0.002660989 0.003999948 -0.005763471 0.002741098 0.003999948 -0.005698502 0.002833902 0.003999948 -0.005650639 0.002936601 0.003999948 -0.005621314 0.003046035 0.003999948 -0.006911456 0.003158867 0.003399968 -0.005621314 0.003046035 0.003399968 -0.005650639 0.002936601 0.003399968 -0.005698502 0.002833902 0.003399968 -0.005763471 0.002741098 0.003399968 -0.005843639 0.002660989 0.003399968 -0.005936443 0.002595961 0.003399968 -0.006039142 0.002548098 0.003399968 -0.006148576 0.002518773 0.003399968 -0.006261408 0.002508878 0.003399968 -0.006374299 0.002518773 0.003399968 -0.006483733 0.002548098 0.003399968 -0.006586432 0.002595961 0.003399968 -0.006679236 0.002660989 0.003399968 -0.006759345 0.002741098 0.003399968 -0.006824314 0.002833902 0.003399968 -0.006872236 0.002936601 0.003399968 -0.006901562 0.003046035 0.003399968 -0.007773339 0.003095388 -0.003399968 -0.007726192 0.002913057 -0.003399968 -0.00765115 0.002740383 -0.003399968 -0.007549941 0.002581596 -0.003399968 -0.007425189 0.002440571 -0.003399968 -0.007279872 0.002320766 -0.003399968 -0.007117629 0.00222522 -0.003399968 -0.006942451 0.002156198 -0.003399968 -0.00675863 0.002115428 -0.003399968 -0.006570637 0.002103924 -0.003399968 -0.00638324 0.002121984 -0.003399968 -0.00817275 0.005360424 -0.003399968 -0.005218327 0.005881369 -0.003399968 -0.004818916 0.003616333 -0.003399968 -0.005792319 0.002226173 -0.003399968 -0.005610048 0.002273321 -0.003399968 -0.005437374 0.002348423 -0.003399968 -0.005278527 0.002449572 -0.003399968 -0.005137503 0.002574384 -0.003399968 -0.005017757 0.00271964 -0.003399968 -0.004922151 0.002881884 -0.003399968 -0.004853129 0.003057122 -0.003399968 -0.004812419 0.003240942 -0.003399968 -0.004800915 0.003428876 -0.003399968 -0.005611419 0.003158867 -0.003399968 -0.005621314 0.003271758 -0.003399968 -0.005650639 0.003381192 -0.003399968 -0.005698502 0.003483891 -0.003399968 -0.005763471 0.003576695 -0.003399968 -0.005843639 0.003656804 -0.003399968 -0.005936443 0.003721833 -0.003399968 -0.006039142 0.003769695 -0.003399968 -0.006148576 0.003799021 -0.003399968 -0.006261408 0.003808915 -0.003399968 -0.006374299 0.003799021 -0.003399968 -0.006483733 0.003769695 -0.003399968 -0.006586432 0.003721833 -0.003399968 -0.006679236 0.003656804 -0.003399968 -0.006759345 0.003576695 -0.003399968 -0.006824314 0.003483891 -0.003399968 -0.006872236 0.003381192 -0.003399968 -0.006901562 0.003271758 -0.003399968 -0.006911456 0.003158867 -0.003399968 -0.006901562 0.003046035 -0.003399968 -0.006872236 0.002936601 -0.003399968 -0.006824314 0.002833902 -0.003399968 -0.006759345 0.002741098 -0.003399968 -0.006679236 0.002660989 -0.003399968 -0.006586432 0.002595961 -0.003399968 -0.006483733 0.002548098 -0.003399968 -0.006374299 0.002518773 -0.003399968 -0.006261408 0.002508878 -0.003399968 -0.006148576 0.002518773 -0.003399968 -0.006039142 0.002548098 -0.003399968 -0.005936443 0.002595961 -0.003399968 -0.005843639 0.002660989 -0.003399968 -0.005763471 0.002741098 -0.003399968 -0.005698502 0.002833902 -0.003399968 -0.005650639 0.002936601 -0.003399968 -0.005621314 0.003046035 -0.003399968 -0.00638324 0.002121984 -0.003399968 -0.00638324 0.002121984 -0.003999948 -0.005792319 0.002226173 -0.003399968 -0.005792319 0.002226173 -0.003999948 -0.004818916 0.003616333 0.003399968 -0.004800736 0.003407955 0.003399968 -0.004818916 0.003199577 0.003399968 -0.004873096 0.002997517 0.003399968 -0.00496149 0.002807974 0.003399968 -0.005081474 0.002636611 0.003399968 -0.005229353 0.002488672 0.003399968 -0.005400717 0.002368748 0.003399968 -0.005590319 0.002280294 0.003399968 -0.005792319 0.002226173 0.003399968 -0.005218327 0.005881369 0.003399968 -0.00817275 0.005360424 0.003399968 -0.007773339 0.003095388 0.003399968 -0.00638324 0.002121984 0.003399968 -0.006591618 0.002103745 0.003399968 -0.006799995 0.002121984 0.003399968 -0.007001996 0.002176105 0.003399968 -0.007191598 0.002264559 0.003399968 -0.007362961 0.002384483 0.003399968 -0.00751084 0.002532422 0.003399968 -0.007630825 0.002703785 0.003399968 -0.007719218 0.002893328 0.003399968 -0.006911456 0.003158867 0.003399968 -0.006901562 0.003271758 0.003399968 -0.006872236 0.003381192 0.003399968 -0.006824314 0.003483891 0.003399968 -0.006759345 0.003576695 0.003399968 -0.006679236 0.003656804 0.003399968 -0.006586432 0.003721833 0.003399968 -0.006483733 0.003769695 0.003399968 -0.006374299 0.003799021 0.003399968 -0.006261408 0.003808915 0.003399968 -0.006148576 0.003799021 0.003399968 -0.006039142 0.003769695 0.003399968 -0.005936443 0.003721833 0.003399968 -0.005843639 0.003656804 0.003399968 -0.005763471 0.003576695 0.003399968 -0.005698502 0.003483891 0.003399968 -0.005650639 0.003381192 0.003399968 -0.005621314 0.003271758 0.003399968 -0.005611419 0.003158867 0.003399968 -0.005621314 0.003046035 0.003399968 -0.005650639 0.002936601 0.003399968 -0.005698502 0.002833902 0.003399968 -0.005763471 0.002741098 0.003399968 -0.005843639 0.002660989 0.003399968 -0.005936443 0.002595961 0.003399968 -0.006039142 0.002548098 0.003399968 -0.006148576 0.002518773 0.003399968 -0.006261408 0.002508878 0.003399968 -0.006374299 0.002518773 0.003399968 -0.006483733 0.002548098 0.003399968 -0.006586432 0.002595961 0.003399968 -0.006679236 0.002660989 0.003399968 -0.006759345 0.002741098 0.003399968 -0.006824314 0.002833902 0.003399968 -0.006872236 0.002936601 0.003399968 -0.006901562 0.003046035 0.003399968 -0.005792319 0.002226173 0.003399968 -0.005792319 0.002226173 0.003999948 -0.00638324 0.002121984 0.003399968 -0.00638324 0.002121984 0.003999948 -0.004818916 0.003616333 -0.003999948 -0.004800736 0.003407955 -0.003999948 -0.004818916 0.003199577 -0.003999948 -0.004873096 0.002997517 -0.003999948 -0.00496149 0.002807974 -0.003999948 -0.005081474 0.002636611 -0.003999948 -0.005229353 0.002488672 -0.003999948 -0.005400717 0.002368748 -0.003999948 -0.005590319 0.002280294 -0.003999948 -0.005792319 0.002226173 -0.003999948 -0.004818916 0.003616333 -0.003399968 -0.005792319 0.002226173 -0.003399968 -0.005610048 0.002273321 -0.003399968 -0.005437374 0.002348423 -0.003399968 -0.005278527 0.002449572 -0.003399968 -0.005137503 0.002574384 -0.003399968 -0.005017757 0.00271964 -0.003399968 -0.004922151 0.002881884 -0.003399968 -0.004853129 0.003057122 -0.003399968 -0.004812419 0.003240942 -0.003399968 -0.004800915 0.003428876 -0.003399968 -0.007773339 0.003095388 -0.003399968 -0.007726192 0.002913057 -0.003399968 -0.00765115 0.002740383 -0.003399968 -0.007549941 0.002581596 -0.003399968 -0.007425189 0.002440571 -0.003399968 -0.007279872 0.002320766 -0.003399968 -0.007117629 0.00222522 -0.003399968 -0.006942451 0.002156198 -0.003399968 -0.00675863 0.002115428 -0.003399968 -0.006570637 0.002103924 -0.003399968 -0.00638324 0.002121984 -0.003399968 -0.007773339 0.003095388 -0.003999948 -0.00638324 0.002121984 -0.003999948 -0.006570637 0.002103924 -0.003999948 -0.00675863 0.002115428 -0.003999948 -0.006942451 0.002156198 -0.003999948 -0.007117629 0.00222522 -0.003999948 -0.007279872 0.002320766 -0.003999948 -0.007425189 0.002440571 -0.003999948 -0.007549941 0.002581596 -0.003999948 -0.00765115 0.002740383 -0.003999948 -0.007726192 0.002913057 -0.003999948 -0.007773339 0.003095388 0.003999948 -0.007719218 0.002893328 0.003999948 -0.007630825 0.002703785 0.003999948 -0.00751084 0.002532422 0.003999948 -0.007362961 0.002384483 0.003999948 -0.007191598 0.002264559 0.003999948 -0.007001996 0.002176105 0.003999948 -0.006799995 0.002121984 0.003999948 -0.006591618 0.002103745 0.003999948 -0.00638324 0.002121984 0.003999948 -0.007773339 0.003095388 0.003399968 -0.00638324 0.002121984 0.003399968 -0.006591618 0.002103745 0.003399968 -0.006799995 0.002121984 0.003399968 -0.007001996 0.002176105 0.003399968 -0.007191598 0.002264559 0.003399968 -0.007362961 0.002384483 0.003399968 -0.00751084 0.002532422 0.003399968 -0.007630825 0.002703785 0.003399968 -0.007719218 0.002893328 0.003399968 -0.004818916 0.003616333 0.003399968 -0.004800736 0.003407955 0.003399968 -0.004818916 0.003199577 0.003399968 -0.004873096 0.002997517 0.003399968 -0.00496149 0.002807974 0.003399968 -0.005081474 0.002636611 0.003399968 -0.005229353 0.002488672 0.003399968 -0.005400717 0.002368748 0.003399968 -0.005590319 0.002280294 0.003399968 -0.005792319 0.002226173 0.003399968 -0.004818916 0.003616333 0.003999948 -0.005792319 0.002226173 0.003999948 -0.005590319 0.002280294 0.003999948 -0.005400717 0.002368748 0.003999948 -0.005229353 0.002488672 0.003999948 -0.005081474 0.002636611 0.003999948 -0.00496149 0.002807974 0.003999948 -0.004873096 0.002997517 0.003999948 -0.004818916 0.003199577 0.003999948 -0.004800736 0.003407955 0.003999948 -0.005611419 0.003158867 0.003999948 -0.005621314 0.003271758 0.003999948 -0.005650639 0.003381192 0.003999948 -0.005698502 0.003483891 0.003999948 -0.005763471 0.003576695 0.003999948 -0.005843639 0.003656804 0.003999948 -0.005936443 0.003721833 0.003999948 -0.006039142 0.003769695 0.003999948 -0.006148576 0.003799021 0.003999948 -0.006261408 0.003808915 0.003999948 -0.006374299 0.003799021 0.003999948 -0.006483733 0.003769695 0.003999948 -0.006586432 0.003721833 0.003999948 -0.006679236 0.003656804 0.003999948 -0.006759345 0.003576695 0.003999948 -0.006824314 0.003483891 0.003999948 -0.006872236 0.003381192 0.003999948 -0.006901562 0.003271758 0.003999948 -0.006911456 0.003158867 0.003999948 -0.005611419 0.003158867 0.003399968 -0.006911456 0.003158867 0.003399968 -0.006901562 0.003271758 0.003399968 -0.006872236 0.003381192 0.003399968 -0.006824314 0.003483891 0.003399968 -0.006759345 0.003576695 0.003399968 -0.006679236 0.003656804 0.003399968 -0.006586432 0.003721833 0.003399968 -0.006483733 0.003769695 0.003399968 -0.006374299 0.003799021 0.003399968 -0.006261408 0.003808915 0.003399968 -0.006148576 0.003799021 0.003399968 -0.006039142 0.003769695 0.003399968 -0.005936443 0.003721833 0.003399968 -0.005843639 0.003656804 0.003399968 -0.005763471 0.003576695 0.003399968 -0.005698502 0.003483891 0.003399968 -0.005650639 0.003381192 0.003399968 -0.005621314 0.003271758 0.003399968 -0.006911456 0.003158867 -0.003999948 -0.006901562 0.003271758 -0.003999948 -0.006872236 0.003381192 -0.003999948 -0.006824314 0.003483891 -0.003999948 -0.006759345 0.003576695 -0.003999948 -0.006679236 0.003656804 -0.003999948 -0.006586432 0.003721833 -0.003999948 -0.006483733 0.003769695 -0.003999948 -0.006374299 0.003799021 -0.003999948 -0.006261408 0.003808915 -0.003999948 -0.006148576 0.003799021 -0.003999948 -0.006039142 0.003769695 -0.003999948 -0.005936443 0.003721833 -0.003999948 -0.005843639 0.003656804 -0.003999948 -0.005763471 0.003576695 -0.003999948 -0.005698502 0.003483891 -0.003999948 -0.005650639 0.003381192 -0.003999948 -0.005621314 0.003271758 -0.003999948 -0.005611419 0.003158867 -0.003999948 -0.006911456 0.003158867 -0.003399968 -0.005611419 0.003158867 -0.003399968 -0.005621314 0.003271758 -0.003399968 -0.005650639 0.003381192 -0.003399968 -0.005698502 0.003483891 -0.003399968 -0.005763471 0.003576695 -0.003399968 -0.005843639 0.003656804 -0.003399968 -0.005936443 0.003721833 -0.003399968 -0.006039142 0.003769695 -0.003399968 -0.006148576 0.003799021 -0.003399968 -0.006261408 0.003808915 -0.003399968 -0.006374299 0.003799021 -0.003399968 -0.006483733 0.003769695 -0.003399968 -0.006586432 0.003721833 -0.003399968 -0.006679236 0.003656804 -0.003399968 -0.006759345 0.003576695 -0.003399968 -0.006824314 0.003483891 -0.003399968 -0.006872236 0.003381192 -0.003399968 -0.006901562 0.003271758 -0.003399968 -0.005218327 0.005881369 0.001999974 -0.005218327 0.005881369 0.003399968 -0.00817275 0.005360424 0.003399968 -0.00817275 0.005360424 -0.003399968 -0.005218327 0.005881369 -0.003399968 -0.005218327 0.005881369 -0.001999974 0.03072708 0.01221954 -0.001999974 0.03082317 0.01223647 -0.001990377 0.03091555 0.01225274 -0.001961886 0.03100067 0.01226776 -0.001915693 0.03107529 0.01228094 -0.001853525 0.03113651 0.01229172 -0.001777768 0.03118199 0.01229977 -0.001691341 0.03121006 0.01230472 -0.001597523 0.03121948 0.01230639 -0.00149995 0.03121948 0.01230639 0.00149995 0.03121006 0.01230472 0.001597523 0.03118199 0.01229977 0.001691341 0.03113651 0.01229172 0.001777768 0.03107529 0.01228094 0.001853525 0.03100067 0.01226776 0.001915693 0.03091555 0.01225274 0.001961886 0.03082317 0.01223647 0.001990377 0.03072708 0.01221954 0.001999974 -0.008224844 0.005655884 -0.003999948 -0.008224844 0.005655884 0.003999948 -0.007773339 0.003095388 0.003999948 -0.007773339 0.003095388 0.003399968 -0.00817275 0.005360424 0.003399968 -0.00817275 0.005360424 -0.003399968 -0.007773339 0.003095388 -0.003399968 -0.007773339 0.003095388 -0.003999948 -0.008224844 0.005655884 0.003999948 -0.005270421 0.006176829 0.003999948 -0.004818916 0.003616333 0.003999948 -0.005792319 0.002226173 0.003999948 -0.005590319 0.002280294 0.003999948 -0.005400717 0.002368748 0.003999948 -0.005229353 0.002488672 0.003999948 -0.005081474 0.002636611 0.003999948 -0.00496149 0.002807974 0.003999948 -0.004873096 0.002997517 0.003999948 -0.004818916 0.003199577 0.003999948 -0.004800736 0.003407955 0.003999948 -0.00638324 0.002121984 0.003999948 -0.007773339 0.003095388 0.003999948 -0.007719218 0.002893328 0.003999948 -0.007630825 0.002703785 0.003999948 -0.00751084 0.002532422 0.003999948 -0.007362961 0.002384483 0.003999948 -0.007191598 0.002264559 0.003999948 -0.007001996 0.002176105 0.003999948 -0.006799995 0.002121984 0.003999948 -0.006591618 0.002103745 0.003999948 -0.006911456 0.003158867 0.003999948 -0.006901562 0.003046035 0.003999948 -0.006872236 0.002936601 0.003999948 -0.006824314 0.002833902 0.003999948 -0.006759345 0.002741098 0.003999948 -0.006679236 0.002660989 0.003999948 -0.006586432 0.002595961 0.003999948 -0.006483733 0.002548098 0.003999948 -0.006374299 0.002518773 0.003999948 -0.006261408 0.002508878 0.003999948 -0.006148576 0.002518773 0.003999948 -0.006039142 0.002548098 0.003999948 -0.005936443 0.002595961 0.003999948 -0.005843639 0.002660989 0.003999948 -0.005763471 0.002741098 0.003999948 -0.005698502 0.002833902 0.003999948 -0.005650639 0.002936601 0.003999948 -0.005621314 0.003046035 0.003999948 -0.005611419 0.003158867 0.003999948 -0.005621314 0.003271758 0.003999948 -0.005650639 0.003381192 0.003999948 -0.005698502 0.003483891 0.003999948 -0.005763471 0.003576695 0.003999948 -0.005843639 0.003656804 0.003999948 -0.005936443 0.003721833 0.003999948 -0.006039142 0.003769695 0.003999948 -0.006148576 0.003799021 0.003999948 -0.006261408 0.003808915 0.003999948 -0.006374299 0.003799021 0.003999948 -0.006483733 0.003769695 0.003999948 -0.006586432 0.003721833 0.003999948 -0.006679236 0.003656804 0.003999948 -0.006759345 0.003576695 0.003999948 -0.006824314 0.003483891 0.003999948 -0.006872236 0.003381192 0.003999948 -0.006901562 0.003271758 0.003999948 -0.005270421 0.006176829 0.003999948 -0.004818916 0.003616333 0.003999948 -0.004818916 0.003616333 0.003399968 -0.005218327 0.005881369 0.003399968 -0.005218327 0.005881369 0.001999974 -0.005270421 0.006176829 0.001999974 -0.005270421 0.006176829 0.001999974 -0.005218327 0.005881369 0.001999974 0.03067499 0.012515 0.001999974 0.03072708 0.01221954 0.001999974 0.03121948 0.01230639 0.00149995 0.03121006 0.01230472 0.001597523 0.03118199 0.01229977 0.001691341 0.03113651 0.01229172 0.001777768 0.03107529 0.01228094 0.001853525 0.03100067 0.01226776 0.001915693 0.03091555 0.01225274 0.001961886 0.03082317 0.01223647 0.001990377 0.03072708 0.01221954 0.001999974 0.03116738 0.01260179 0.00149995 0.03115797 0.01260012 0.001597523 0.03112989 0.01259523 0.001691341 0.03108441 0.01258718 0.001777768 0.0310232 0.0125764 0.001853525 0.03094857 0.01256322 0.001915693 0.03086346 0.0125482 0.001961886 0.03077107 0.01253193 0.001990377 0.03067499 0.012515 0.001999974 0.03121948 0.01230639 -0.00149995 0.03121948 0.01230639 0.00149995 0.03116738 0.01260179 -0.00149995 0.03116738 0.01260179 0.00149995 0.03072708 0.01221954 -0.001999974 0.03082317 0.01223647 -0.001990377 0.03091555 0.01225274 -0.001961886 0.03100067 0.01226776 -0.001915693 0.03107529 0.01228094 -0.001853525 0.03113651 0.01229172 -0.001777768 0.03118199 0.01229977 -0.001691341 0.03121006 0.01230472 -0.001597523 0.03121948 0.01230639 -0.00149995 0.03067499 0.012515 -0.001999974 0.03077107 0.01253193 -0.001990377 0.03086346 0.0125482 -0.001961886 0.03094857 0.01256322 -0.001915693 0.0310232 0.0125764 -0.001853525 0.03108441 0.01258718 -0.001777768 0.03112989 0.01259523 -0.001691341 0.03115797 0.01260012 -0.001597523 0.03116738 0.01260179 -0.00149995 -0.005218327 0.005881369 -0.001999974 0.03072708 0.01221954 -0.001999974 -0.005270421 0.006176829 -0.001999974 0.03067499 0.012515 -0.001999974 -0.005218327 0.005881369 -0.001999974 -0.005218327 0.005881369 -0.003399968 -0.005270421 0.006176829 -0.001999974 -0.005270421 0.006176829 -0.003999948 -0.004818916 0.003616333 -0.003999948 -0.004818916 0.003616333 -0.003399968 -0.005270421 0.006176829 -0.003999948 -0.004818916 0.003616333 -0.003999948 -0.004800736 0.003407955 -0.003999948 -0.004818916 0.003199577 -0.003999948 -0.004873096 0.002997517 -0.003999948 -0.00496149 0.002807974 -0.003999948 -0.005081474 0.002636611 -0.003999948 -0.005229353 0.002488672 -0.003999948 -0.005400717 0.002368748 -0.003999948 -0.005590319 0.002280294 -0.003999948 -0.005792319 0.002226173 -0.003999948 -0.00638324 0.002121984 -0.003999948 -0.006570637 0.002103924 -0.003999948 -0.00675863 0.002115428 -0.003999948 -0.006942451 0.002156198 -0.003999948 -0.007117629 0.00222522 -0.003999948 -0.007279872 0.002320766 -0.003999948 -0.007425189 0.002440571 -0.003999948 -0.007549941 0.002581596 -0.003999948 -0.00765115 0.002740383 -0.003999948 -0.007726192 0.002913057 -0.003999948 -0.007773339 0.003095388 -0.003999948 -0.008224844 0.005655884 -0.003999948 -0.006911456 0.003158867 -0.003999948 -0.006901562 0.003271758 -0.003999948 -0.006872236 0.003381192 -0.003999948 -0.006824314 0.003483891 -0.003999948 -0.006759345 0.003576695 -0.003999948 -0.006679236 0.003656804 -0.003999948 -0.006586432 0.003721833 -0.003999948 -0.006483733 0.003769695 -0.003999948 -0.006374299 0.003799021 -0.003999948 -0.006261408 0.003808915 -0.003999948 -0.006148576 0.003799021 -0.003999948 -0.006039142 0.003769695 -0.003999948 -0.005936443 0.003721833 -0.003999948 -0.005843639 0.003656804 -0.003999948 -0.005763471 0.003576695 -0.003999948 -0.005698502 0.003483891 -0.003999948 -0.005650639 0.003381192 -0.003999948 -0.005621314 0.003271758 -0.003999948 -0.005611419 0.003158867 -0.003999948 -0.005621314 0.003046035 -0.003999948 -0.005650639 0.002936601 -0.003999948 -0.005698502 0.002833902 -0.003999948 -0.005763471 0.002741098 -0.003999948 -0.005843639 0.002660989 -0.003999948 -0.005936443 0.002595961 -0.003999948 -0.006039142 0.002548098 -0.003999948 -0.006148576 0.002518773 -0.003999948 -0.006261408 0.002508878 -0.003999948 -0.006374299 0.002518773 -0.003999948 -0.006483733 0.002548098 -0.003999948 -0.006586432 0.002595961 -0.003999948 -0.006679236 0.002660989 -0.003999948 -0.006759345 0.002741098 -0.003999948 -0.006824314 0.002833902 -0.003999948 -0.006872236 0.002936601 -0.003999948 -0.006901562 0.003046035 -0.003999948 -0.008224844 0.005655884 -0.003999948 -0.005270421 0.006176829 -0.003999948 -0.005270421 0.006176829 -0.001999974 0.03067499 0.012515 -0.001999974 0.03077107 0.01253193 -0.001990377 0.03086346 0.0125482 -0.001961886 0.03094857 0.01256322 -0.001915693 0.0310232 0.0125764 -0.001853525 0.03108441 0.01258718 -0.001777768 0.03112989 0.01259523 -0.001691341 0.03115797 0.01260012 -0.001597523 0.03116738 0.01260179 -0.00149995 0.03116738 0.01260179 0.00149995 0.03115797 0.01260012 0.001597523 0.03112989 0.01259523 0.001691341 0.03108441 0.01258718 0.001777768 0.0310232 0.0125764 0.001853525 0.03094857 0.01256322 0.001915693 0.03086346 0.0125482 0.001961886 0.03077107 0.01253193 0.001990377 0.03067499 0.012515 0.001999974 -0.005270421 0.006176829 0.001999974 -0.005270421 0.006176829 0.003999948 -0.008224844 0.005655884 0.003999948</float_array>
          <technique_common>
            <accessor source="#SOLID-mesh-positions-array" count="594" stride="3">
              <param name="X" type="float"/>
              <param name="Y" type="float"/>
              <param name="Z" type="float"/>
            </accessor>
          </technique_common>
        </source>
        <source id="SOLID-mesh-normals">
          <float_array id="SOLID-mesh-normals-array" count="1389">-0.9848075 0.1736498 0 -1 1.76355e-5 0 -1 1.77026e-5 0 -0.9848078 0.173648 0 -0.9396924 0.3420211 0 -0.939693 0.3420192 0 -0.8660249 0.5000009 0 -0.8660259 0.4999991 0 -0.7660438 0.6427884 0 -0.7660437 0.6427886 0 -0.6427886 0.7660437 0 -0.6427869 0.7660451 0 -0.5000008 0.866025 0 -0.5000008 0.866025 0 -0.3420192 0.939693 0 -0.3420217 0.9396921 0 -0.1736471 0.984808 0 -0.173649 0.9848076 0 6.14214e-7 1 0 -5.49936e-7 1 0 0.17365 0.9848074 0 0.1736469 0.984808 0 0.3420221 0.9396919 0 0.3420194 0.939693 0 0.5000008 0.8660249 0 0.4999994 0.8660258 0 0.6427904 0.7660421 0 0.6427859 0.7660459 0 0.7660461 0.6427858 0 0.7660424 0.6427901 0 0.8660258 0.4999995 0 0.8660251 0.5000007 0 0.9396926 0.3420202 0 0.9848072 0.1736513 0 0.9396927 0.34202 0 0.9848082 0.1736457 0 1 1.27181e-5 0 1 2.41101e-5 0 0.984807 0.1736523 0 1 1.2666e-5 0 1 2.41771e-5 0 0.9848084 0.1736447 0 0.9396924 0.3420211 0 0.939693 0.3420192 0 0.8660249 0.5000009 0 0.8660259 0.4999991 0 0.7660422 0.6427902 0 0.7660462 0.6427856 0 0.642786 0.7660459 0 0.6427903 0.7660423 0 0.4999994 0.8660258 0 0.5000008 0.866025 0 0.3420192 0.939693 0 0.3420224 0.9396919 0 0.1736468 0.984808 0 0.1736501 0.9848074 0 -5.38033e-7 1 0 6.26118e-7 1 0 -0.1736489 0.9848077 0 -0.1736471 0.984808 0 -0.3420214 0.9396922 0 -0.3420194 0.939693 0 -0.5000008 0.8660249 0 -0.6427869 0.7660451 0 -0.6427885 0.7660439 0 -0.7660436 0.6427888 0 -0.7660439 0.6427882 0 -0.8660258 0.4999995 0 -0.8660251 0.5000007 0 -0.9396929 0.3420194 0 -0.9396924 0.3420208 0 -0.9848078 0.1736481 0 -0.9848075 0.1736497 0 -1 1.76951e-5 0 -1 1.76355e-5 0 1.23175e-6 0 1 0 0 1 6.95923e-7 0 1 -5.33241e-7 0 1 9.63936e-7 0 1 -1.62328e-6 0 1 -8.80491e-7 0 1 1.50326e-6 0 1 -5.41366e-7 0 1 -7.91971e-7 0 1 -1.41167e-6 0 1 5.35408e-6 0 1 -7.46028e-7 0 1 -5.06707e-6 0 1 1.20438e-6 0 1 1.21787e-6 0 1 1.49025e-6 0 1 -2.30954e-7 0 1 -6.29907e-7 0 1 -3.55528e-6 0 1 -3.60457e-7 0 1 1.62555e-6 0 1 6.24664e-7 0 1 -9.04685e-7 0 1 6.29908e-7 0 1 5.88066e-7 0 1 0 0 1 -6.65759e-7 0 1 0 0 1 -2.06566e-6 0 1 2.25595e-6 0 1 0 0 1 6.98246e-7 0 1 -2.22763e-6 0 1 1.10959e-6 0 1 0.1736484 -0.9848077 0 0.1736478 -0.9848079 0 0 0 -1 -4.92432e-7 0 -1 -1.60552e-6 0 -1 7.77977e-7 0 -1 3.19852e-6 0 -1 9.68972e-7 0 -1 -3.92907e-6 0 -1 1.41132e-6 0 -1 -5.06707e-6 0 -1 1.21202e-6 0 -1 2.94033e-7 0 -1 5.35409e-6 0 -1 -1.08273e-6 0 -1 6.27254e-7 0 -1 1.10959e-6 0 -1 -2.22763e-6 0 -1 2.39888e-6 0 -1 -1.60552e-6 0 -1 -6.69291e-7 0 -1 -6.32645e-7 0 -1 -7.20916e-7 0 -1 -6.29908e-7 0 -1 -5.8807e-7 0 -1 2.40061e-7 0 -1 2.25595e-6 0 -1 -2.06566e-6 0 -1 0 0 -1 -6.65759e-7 0 -1 0 0 -1 0.1736482 -0.9848079 0 0.1736479 -0.9848079 0 0.3255571 -0.9455224 1.31896e-5 0.1736612 -0.9848055 3.73484e-6 0.342016 -0.9396941 -2.13773e-5 0.1736654 -0.9848048 -3.76505e-6 0.4694644 -0.8829515 3.26661e-5 0.4999997 -0.8660256 -3.38303e-6 0.6018149 -0.7986356 2.28314e-6 0.6427873 -0.7660449 -2.81958e-6 0.7193384 -0.6946598 3.24878e-5 0.7660446 -0.6427876 -3.82867e-6 0.8191521 -0.5735763 1.03139e-5 0.8660254 -0.5000001 -3.83798e-6 0.8987939 -0.4383716 -1.68453e-5 0.9396929 -0.3420197 -2.73716e-6 0.9563049 -0.2923712 2.59094e-6 0.9848079 -0.1736476 -3.80864e-6 0.9902692 -0.1391649 3.32084e-5 1 4.17615e-6 -2.14905e-5 0.9998469 0.01749712 5.0236e-5 0.9848094 0.1736393 -7.73044e-6 0.9848105 0.1736329 -3.74728e-6 0.173631 -0.9848108 3.76505e-6 0.1736323 -0.9848106 -3.74728e-6 0.01745069 -0.9998478 0 0.0174539 -0.9998478 0 -0.1391724 -0.9902682 0 -0.1391731 -0.9902681 0 -0.2923719 -0.9563048 0 -0.2923715 -0.9563049 0 -0.4383718 -0.8987938 0 -0.4383716 -0.8987938 0 -0.5735771 -0.8191516 0 -0.5735756 -0.8191527 0 -0.6946569 -0.7193413 0 -0.6946597 -0.7193385 0 -0.7986361 -0.6018144 0 -0.7986339 -0.6018171 0 -0.8829485 -0.4694699 0 -0.8829479 -0.469471 0 -0.9455182 -0.3255696 0 -0.9455192 -0.3255665 0 -0.984805 -0.1736643 -3.76505e-6 -0.9848038 -0.1736708 3.74727e-6 -1.99504e-6 -1 0 0.1736297 -0.984811 -4.16264e-6 2.35691e-6 -1 0 0.1736298 -0.9848111 4.18238e-6 -0.1736499 -0.9848076 0 -0.1736462 -0.9848082 0 -0.342023 -0.9396916 0 -0.3420181 -0.9396934 0 -0.5000036 -0.8660233 0 -0.499997 -0.8660271 0 -0.6427903 -0.7660422 0 -0.6427856 -0.7660462 0 -0.7660457 -0.6427861 0 -0.7660425 -0.6427899 0 -0.8660256 -0.4999998 0 -0.8660243 -0.500002 0 -0.9396925 -0.3420206 0 -0.9396926 -0.3420203 0 -0.984804 -0.1736695 4.16264e-6 -0.9848049 -0.1736643 -4.18238e-6 1 -3.67106e-6 0 0.9848109 0.1736304 4.18238e-6 0.9848104 0.1736333 -4.16264e-6 1 3.76629e-6 0 0.9848073 -0.1736508 0 0.9848083 -0.1736451 0 0.939693 -0.3420193 0 0.9396935 -0.3420177 0 0.8660255 -0.4999999 0 0.8660257 -0.4999995 0 0.7660434 -0.6427888 0 0.7660447 -0.6427873 0 0.6427858 -0.766046 0 0.6427878 -0.7660444 0 0.4999988 -0.8660261 0 0.500001 -0.866025 0 0.3420187 -0.9396933 0 0.342022 -0.939692 0 0.1736671 -0.9848045 4.16264e-6 0.1736676 -0.9848043 -4.18238e-6 -0.9848075 -0.1736497 0 -1 -1.7494e-5 0 -1 -1.74865e-5 0 -0.9848078 -0.1736479 0 -0.9396924 -0.3420211 0 -0.939693 -0.3420192 0 -0.8660249 -0.5000009 0 -0.8660259 -0.4999991 0 -0.7660438 -0.6427884 0 -0.7660437 -0.6427886 0 -0.6427878 -0.7660443 0 -0.6427862 -0.7660458 0 -0.4999999 -0.8660255 0 -0.5000001 -0.8660255 0 -0.3420192 -0.939693 0 -0.3420217 -0.9396921 0 -0.1736471 -0.984808 0 -0.173649 -0.9848076 0 6.14214e-7 -1 0 -5.49936e-7 -1 0 0.17365 -0.9848074 0 0.1736469 -0.984808 0 0.3420221 -0.9396919 0 0.3420194 -0.939693 0 0.5 -0.8660255 0 0.4999987 -0.8660263 0 0.7660456 -0.6427863 0 0.642789 -0.7660433 0 0.7660428 -0.6427896 0 0.8660258 -0.4999995 0 0.8660251 -0.5000007 0 0.9396929 -0.3420194 0 0.9396924 -0.3420208 0 0.9848085 -0.1736447 0 0.9848071 -0.1736521 0 1 -1.2517e-5 0 1 -2.39611e-5 0 0.984807 -0.1736522 0 0.9848084 -0.1736447 0 0.9396924 -0.3420211 0 0.939693 -0.3420192 0 0.8660249 -0.5000009 0 0.8660259 -0.4999991 0 0.7660422 -0.6427902 0 0.7660462 -0.6427856 0 0.6427852 -0.7660465 0 0.6427897 -0.7660427 0 0.4999985 -0.8660263 0 0.5000001 -0.8660255 0 0.3420192 -0.939693 0 0.3420224 -0.9396919 0 0.1736468 -0.984808 0 0.1736501 -0.9848074 0 -5.38033e-7 -1 0 6.26118e-7 -1 0 -0.1736489 -0.9848077 0 -0.1736471 -0.984808 0 -0.3420214 -0.9396922 0 -0.3420194 -0.939693 0 -0.5 -0.8660255 0 -0.5000002 -0.8660253 0 -0.7660436 -0.6427888 0 -0.7660439 -0.6427882 0 -0.8660258 -0.4999995 0 -0.8660251 -0.5000007 0 -0.9396926 -0.3420202 0 -0.9848077 -0.1736488 0 -0.9396927 -0.34202 0 -0.9848077 -0.1736489 0 0.1736481 -0.9848079 0 0.1736479 -0.9848078 0 0.1736479 -0.9848078 0 0.1736481 -0.9848078 0 0.1736447 -0.9848084 -8.19206e-5 0.1736212 -0.9848125 1.21305e-4 0.1736457 -0.9848083 4.17628e-5 0.1736682 -0.9848043 -2.04826e-5 0.1736942 -0.9847998 -1.21341e-4 0.1736467 -0.984808 0 0.1736273 -0.9848115 0 0.1736491 -0.9848076 0 0.1736482 -0.9848079 0 0.1736493 -0.9848076 0 0.1736438 -0.9848086 2.0684e-5 0.1736125 -0.9848141 -7.58202e-6 0.1736536 -0.9848068 1.21311e-4 0.1736493 -0.9848076 2.14283e-4 0.1736492 -0.9848076 2.14265e-4 0.1736492 -0.9848076 2.14255e-4 0.1736391 -0.9848095 -8.19258e-5 0.1736418 -0.9848089 0 0.1736334 -0.9848104 -3.90253e-6 -0.9848078 -0.173648 0 -0.9848079 -0.1736481 2.91505e-7 -0.9848079 -0.1736481 -1.45752e-7 -0.9848083 -0.1736451 0 -0.9848076 -0.1736494 0 1.6611e-6 0 1 1.56814e-6 0 1 -4.47658e-6 0 1 -9.84864e-7 0 1 -5.20477e-6 0 1 5.06706e-6 0 1 -3.19851e-6 0 1 2.70683e-7 0 1 7.19918e-7 0 1 -3.34645e-7 0 1 -5.35408e-6 0 1 6.74662e-7 0 1 5.06707e-6 0 1 -1.56813e-6 0 1 -1.21201e-6 0 1 -4.47659e-6 0 1 1.38425e-6 0 1 1.17614e-6 0 1 7.38648e-7 0 1 -1.32653e-6 0 1 3.19852e-6 0 1 4.52338e-7 0 1 2.00786e-6 0 1 -1.43984e-6 0 1 1.21202e-6 0 1 2.16275e-6 0 1 -1.25982e-6 0 1 0 0 1 -1.10089e-6 0 1 -1.39136e-6 0 1 -5.64212e-7 0 1 6.071e-7 0 1 1.54534e-6 0 1 -2.15427e-6 0 1 7.9506e-7 0 1 -2.60209e-6 0 1 3.23239e-7 0 1 0.9848078 0.173648 0 0.9848081 0.1736463 0 0.9848076 0.1736496 0 0.9848079 0.1736479 0 0.9848085 0.1736441 3.33935e-5 0.9848024 0.1736788 3.64333e-5 0.9658847 0.1703153 0.1950887 0.9658847 0.1703149 0.195089 0.9098425 0.1604253 0.3826884 0.9098437 0.1604378 0.3826802 0.8188388 0.1443811 0.5555693 0.8188415 0.1443879 0.5555636 0.6963634 0.1227945 0.7071065 0.6963644 0.1227889 0.7071065 0.5471264 0.09647971 0.8314712 0.5471276 0.09647125 0.8314716 0.3768661 0.06645399 0.9238809 0.3768687 0.06645184 0.92388 0.1921241 0.03387701 0.9807859 0.1921274 0.03387778 0.9807851 4.49956e-5 1.30499e-5 1 4.70057e-5 4.03821e-6 1 0.9848097 0.1736374 0 0.9848069 0.1736531 0 4.49866e-5 1.3046e-5 -1 4.69988e-5 4.05242e-6 -1 0.1921274 0.03387778 -0.9807851 0.1921241 0.03387701 -0.9807859 0.3768687 0.06645184 -0.92388 0.3768665 0.06645405 -0.9238808 0.5471276 0.09647125 -0.8314714 0.5471264 0.09647971 -0.8314712 0.6963644 0.1227889 -0.7071065 0.6963632 0.1227944 -0.7071067 0.8188415 0.1443879 -0.5555635 0.8188391 0.1443812 -0.5555686 0.9098438 0.1604378 -0.3826802 0.9098429 0.1604255 -0.3826875 0.9658854 0.1703137 -0.1950862 0.9658845 0.1703138 -0.1950913 0.9848068 0.1736535 -3.54052e-5 0.9848055 0.1736615 -3.30881e-5 0.9848077 0.1736489 0 0.9848079 0.1736479 0 1.6611e-6 0 -1 1.56814e-6 0 -1 -4.47658e-6 0 -1 -5.20477e-6 0 -1 -9.84864e-7 0 -1 5.06706e-6 0 -1 2.70683e-7 0 -1 -3.19851e-6 0 -1 -5.35408e-6 0 -1 7.19918e-7 0 -1 -3.34645e-7 0 -1 5.06707e-6 0 -1 6.74662e-7 0 -1 1.73981e-7 0 -1 -1.21201e-6 0 -1 -4.56848e-6 0 -1 -9.23815e-7 0 -1 1.7883e-6 0 -1 1.17614e-6 0 -1 3.55528e-6 0 -1 -3.60457e-7 0 -1 3.00654e-6 0 -1 4.52338e-7 0 -1 -7.05837e-7 0 -1 -1.20439e-6 0 -1 1.49206e-6 0 -1 5.88066e-7 0 -1 -1.25982e-6 0 -1 2.16275e-6 0 -1 1.41993e-6 0 -1 0 0 -1 6.071e-7 0 -1 -5.64212e-7 0 -1 -1.39136e-6 0 -1 -1.10089e-6 0 -1 -2.60209e-6 0 -1 7.9506e-7 0 -1 -2.15427e-6 0 -1 1.54534e-6 0 -1 3.23239e-7 0 -1 -0.1736482 0.9848078 0 -0.1736482 0.9848079 0 -0.1736481 0.9848078 0 -0.1736482 0.9848079 0 -0.1736482 0.9848079 0 -0.1736389 0.9848094 0 -0.1736431 0.9848088 0 -0.1736285 0.9848113 0 -0.1736951 0.9847995 -6.06702e-5 -0.1736582 0.984806 0 -0.1736497 0.9848075 0 -0.1736419 0.9848089 1.70335e-5 -0.1736457 0.9848083 0 -0.1736485 0.9848078 0 -0.1736269 0.9848116 -1.53582e-5 -0.1736942 0.9847998 6.06703e-5 -0.1736487 0.9848077 0 -0.1736528 0.984807 -8.3529e-5 -0.1736547 0.9848066 2.08822e-5</float_array>
          <technique_common>
            <accessor source="#SOLID-mesh-normals-array" count="463" stride="3">
              <param name="X" type="float"/>
              <param name="Y" type="float"/>
              <param name="Z" type="float"/>
            </accessor>
          </technique_common>
        </source>
        <vertices id="SOLID-mesh-vertices">
          <input semantic="POSITION" source="#SOLID-mesh-positions"/>
        </vertices>
        <triangles material="mat_0-material" count="341">
          <input semantic="VERTEX" source="#SOLID-mesh-vertices" offset="0"/>
          <input semantic="NORMAL" source="#SOLID-mesh-normals" offset="1"/>
          <p>3 0 20 1 2 2 3 0 37 3 20 1 4 4 36 5 37 3 4 4 37 3 3 0 5 6 35 7 36 5 5 6 36 5 4 4 6 8 34 9 35 7 6 8 35 7 5 6 7 10 33 11 34 9 7 10 34 9 6 8 8 12 32 13 33 11 8 12 33 11 7 10 9 14 31 15 32 13 9 14 32 13 8 12 10 16 30 17 31 15 10 16 31 15 9 14 11 18 29 19 30 17 11 18 30 17 10 16 12 20 28 21 29 19 12 20 29 19 11 18 13 22 27 23 28 21 13 22 28 21 12 20 14 24 26 25 27 23 14 24 27 23 13 22 15 26 25 27 26 25 15 26 26 25 14 24 16 28 24 29 25 27 16 28 25 27 15 26 17 30 24 29 16 28 17 30 23 31 24 29 18 32 23 31 17 30 18 32 21 33 22 34 18 32 22 34 23 31 19 35 21 33 18 32 1 36 21 33 19 35 1 36 0 37 21 33 41 38 58 39 40 40 41 38 75 41 58 39 42 42 74 43 75 41 42 42 75 41 41 38 43 44 73 45 74 43 43 44 74 43 42 42 44 46 72 47 73 45 44 46 73 45 43 44 45 48 71 49 72 47 45 48 72 47 44 46 46 50 70 51 71 49 46 50 71 49 45 48 47 52 69 53 70 51 47 52 70 51 46 50 48 54 68 55 69 53 48 54 69 53 47 52 49 56 67 57 68 55 49 56 68 55 48 54 50 58 66 59 67 57 50 58 67 57 49 56 51 60 65 61 66 59 51 60 66 59 50 58 52 62 64 62 65 61 52 62 65 61 51 60 53 63 63 64 64 62 53 63 64 62 52 62 54 65 62 66 63 64 54 65 63 64 53 63 55 67 62 66 54 65 55 67 61 68 62 66 56 69 61 68 55 67 56 69 60 70 61 68 57 71 60 70 56 69 57 71 59 72 60 70 39 73 59 72 57 71 39 73 38 74 59 72 132 75 91 75 92 75 132 76 92 76 93 76 131 77 90 77 91 77 131 76 91 76 132 76 133 78 93 78 94 78 133 76 132 76 93 76 130 76 90 76 131 76 134 79 94 79 95 79 134 80 133 80 94 80 129 76 90 76 130 76 135 81 95 81 96 81 135 82 134 82 95 82 128 83 86 83 90 83 128 76 90 76 129 76 100 76 96 76 97 76 100 84 97 84 98 84 100 85 135 85 96 85 127 86 86 86 128 86 101 87 98 87 99 87 101 76 100 76 98 76 126 88 86 88 127 88 102 76 99 76 89 76 102 89 101 89 99 89 125 90 85 90 86 90 125 76 86 76 126 76 103 76 102 76 89 76 124 91 83 91 84 91 124 92 84 92 85 92 124 76 85 76 125 76 104 93 103 93 89 93 123 94 83 94 124 94 82 76 83 76 123 76 105 95 104 95 89 95 122 76 82 76 123 76 81 76 82 76 122 76 106 76 105 76 89 76 121 76 81 76 122 76 80 76 81 76 121 76 80 76 121 76 120 76 79 96 80 96 120 96 78 97 120 97 119 97 78 76 79 76 120 76 77 76 78 76 119 76 77 76 119 76 118 76 76 98 115 98 114 98 76 76 116 76 115 76 76 99 117 99 116 99 76 100 118 100 117 100 76 76 77 76 118 76 88 101 106 101 89 101 88 102 107 102 106 102 88 103 108 103 107 103 88 104 109 104 108 104 88 105 110 105 109 105 87 106 111 106 110 106 87 107 112 107 111 107 87 108 113 108 112 108 87 109 114 109 113 109 87 76 76 76 114 76 87 76 110 76 88 76 136 110 139 110 138 110 136 111 137 111 139 111 194 112 156 112 157 112 193 113 155 113 156 113 193 112 156 112 194 112 195 114 157 114 158 114 195 115 158 115 159 115 195 116 194 116 157 116 192 117 154 117 155 117 192 118 155 118 193 118 196 112 159 112 160 112 196 112 195 112 159 112 191 119 153 119 154 119 191 112 154 112 192 112 197 112 160 112 161 112 197 112 196 112 160 112 190 112 153 112 191 112 189 120 153 120 190 120 162 112 161 112 152 112 162 121 197 121 161 121 163 122 162 122 152 122 188 123 153 123 189 123 149 124 153 124 188 124 164 112 163 112 152 112 187 112 149 112 188 112 165 112 164 112 152 112 186 112 149 112 187 112 166 112 165 112 152 112 185 125 148 125 149 125 185 112 149 112 186 112 184 112 147 112 148 112 184 112 148 112 185 112 183 112 147 112 184 112 151 112 166 112 152 112 151 126 167 126 166 126 151 127 168 127 167 127 146 112 147 112 183 112 169 112 168 112 151 112 182 112 146 112 183 112 170 112 169 112 151 112 145 112 146 112 182 112 145 128 182 128 181 128 144 129 145 129 181 129 143 130 181 130 180 130 143 112 144 112 181 112 142 131 180 131 179 131 142 112 143 112 180 112 141 112 179 112 178 112 141 112 142 112 179 112 140 112 175 112 174 112 140 132 176 132 175 132 140 133 177 133 176 133 140 134 178 134 177 134 140 135 141 135 178 135 150 112 170 112 151 112 150 136 171 136 170 136 150 137 172 137 171 137 150 138 173 138 172 138 150 139 174 139 173 139 150 140 140 140 174 140 201 141 198 141 199 141 201 142 200 142 198 142 214 143 211 144 210 145 214 143 213 146 211 144 215 147 210 145 209 148 215 147 214 143 210 145 216 149 209 148 208 150 216 149 215 147 209 148 217 151 208 150 207 152 217 151 216 149 208 150 218 153 207 152 206 154 218 153 217 151 207 152 219 155 206 154 205 156 219 155 218 153 206 154 220 157 205 156 204 158 220 157 219 155 205 156 221 159 204 158 203 160 221 159 220 157 204 158 222 161 203 160 202 162 222 161 221 159 203 160 212 163 222 161 202 162 235 164 233 165 232 166 236 167 232 166 231 168 236 167 235 164 232 166 237 169 236 167 231 168 238 170 230 171 229 172 238 170 231 168 230 171 238 170 237 169 231 168 239 173 238 170 229 172 240 174 228 175 227 176 240 174 229 172 228 175 240 174 239 173 229 172 241 177 240 174 227 176 242 178 227 176 226 179 242 178 241 177 227 176 243 180 226 179 225 181 243 180 242 178 226 179 244 182 224 183 223 184 244 182 225 181 224 183 244 182 243 180 225 181 234 185 244 182 223 184 257 186 254 187 253 188 257 186 256 189 254 187 258 190 253 188 252 191 258 190 257 186 253 188 259 192 252 191 251 193 259 192 258 190 252 191 260 194 251 193 250 195 260 194 259 192 251 193 261 196 250 195 249 197 261 196 260 194 250 195 262 198 249 197 248 199 262 198 261 196 249 197 263 200 248 199 247 201 263 200 262 198 248 199 264 202 247 201 246 203 264 202 263 200 247 201 255 204 246 203 245 205 255 204 264 202 246 203 266 206 265 207 275 208 266 206 275 208 284 209 267 210 284 209 283 211 267 210 266 206 284 209 268 212 283 211 282 213 268 212 267 210 283 211 269 214 282 213 281 215 269 214 268 212 282 213 270 216 281 215 280 217 270 216 269 214 281 215 271 218 280 217 279 219 271 218 270 216 280 217 272 220 279 219 278 221 272 220 271 218 279 219 273 222 278 221 277 223 273 222 272 220 278 221 274 224 277 223 276 225 274 224 273 222 277 223 286 226 304 227 285 228 286 226 322 229 304 227 287 230 321 231 322 229 287 230 322 229 286 226 288 232 320 233 321 231 288 232 321 231 287 230 289 234 319 235 320 233 289 234 320 233 288 232 290 236 318 237 319 235 290 236 319 235 289 234 291 238 317 239 318 237 291 238 318 237 290 236 292 240 316 241 317 239 292 240 317 239 291 238 293 242 315 243 316 241 293 242 316 241 292 240 294 244 314 245 315 243 294 244 315 243 293 242 295 246 313 247 314 245 295 246 314 245 294 244 296 248 312 249 313 247 296 248 313 247 295 246 297 250 311 251 312 249 297 250 312 249 296 248 298 218 309 252 310 253 298 218 310 253 311 251 298 218 311 251 297 250 299 254 309 252 298 218 300 255 309 252 299 254 300 255 308 256 309 252 301 257 308 256 300 255 301 257 307 258 308 256 302 259 307 258 301 257 302 259 306 260 307 258 303 261 306 260 302 259 303 261 305 262 306 260 324 263 342 261 323 262 324 263 360 264 342 261 325 265 359 266 360 264 325 265 360 264 324 263 326 267 358 268 359 266 326 267 359 266 325 265 327 269 357 270 358 268 327 269 358 268 326 267 328 271 356 272 357 270 328 271 357 270 327 269 329 273 355 274 356 272 329 273 356 272 328 271 330 275 354 276 355 274 330 275 355 274 329 273 331 277 353 278 354 276 331 277 354 276 330 275 332 279 352 280 353 278 332 279 353 278 331 277 333 281 351 282 352 280 333 281 352 280 332 279 334 283 350 284 351 282 334 283 351 282 333 281 335 285 349 286 350 284 335 285 350 284 334 283 336 237 348 236 349 286 336 237 349 286 335 285 337 287 347 288 348 236 337 287 348 236 336 237 338 289 347 288 337 287 338 289 346 290 347 288 339 291 346 290 338 289 339 291 344 292 345 293 339 291 345 293 346 290 340 294 344 292 339 291 341 227 344 292 340 294 341 227 343 228 344 292</p>
        </triangles>
        <triangles material="mat_1-material" count="213">
          <input semantic="VERTEX" source="#SOLID-mesh-vertices" offset="0"/>
          <input semantic="NORMAL" source="#SOLID-mesh-normals" offset="1"/>
          <p>366 295 364 295 365 295 361 296 363 296 364 296 361 297 364 297 366 297 362 295 363 295 361 295 367 298 361 298 366 298 370 299 367 299 368 299 370 300 368 300 369 300 371 301 367 301 370 301 374 302 371 302 372 302 374 303 372 303 373 303 374 304 367 304 371 304 375 305 367 305 374 305 384 306 375 306 376 306 384 307 361 307 367 307 384 308 367 308 375 308 383 309 384 309 376 309 378 310 376 310 377 310 380 311 378 311 379 311 380 312 381 313 382 314 380 315 382 315 383 315 380 316 383 316 376 316 380 317 376 317 378 317 390 318 392 318 391 318 390 319 385 319 392 319 389 318 388 318 387 318 386 320 389 320 387 320 385 321 389 321 386 321 385 322 390 322 389 322 429 323 397 323 398 323 428 324 396 324 397 324 428 325 397 325 429 325 430 326 398 326 399 326 430 76 429 76 398 76 427 327 396 327 428 327 431 76 399 76 400 76 431 76 430 76 399 76 426 328 396 328 427 328 432 76 400 76 401 76 432 76 401 76 402 76 432 329 431 329 400 329 425 330 405 330 396 330 425 76 396 76 426 76 433 331 402 331 403 331 433 332 432 332 402 332 424 333 405 333 425 333 434 334 403 334 404 334 434 76 433 76 403 76 423 335 405 335 424 335 422 76 405 76 423 76 422 336 414 336 405 336 435 337 434 337 404 337 435 76 404 76 395 76 421 338 414 338 422 338 421 339 413 339 414 339 436 340 435 340 395 340 420 76 413 76 421 76 420 341 412 341 413 341 437 76 436 76 395 76 438 95 437 95 395 95 419 76 412 76 420 76 419 342 411 342 412 342 418 343 411 343 419 343 439 344 438 344 395 344 410 76 411 76 418 76 409 345 418 345 417 345 409 76 410 76 418 76 408 76 417 76 416 76 408 346 409 346 417 346 407 347 416 347 415 347 407 76 408 76 416 76 406 76 448 76 447 76 406 348 449 348 448 348 406 349 450 349 449 349 406 100 415 100 450 100 406 76 407 76 415 76 394 350 439 350 395 350 394 351 440 351 439 351 394 352 441 352 440 352 394 353 442 353 441 353 394 354 443 354 442 354 393 355 444 355 443 355 393 356 445 356 444 356 393 357 446 357 445 357 393 358 447 358 446 358 393 76 443 76 394 76 393 359 406 359 447 359 454 360 452 360 453 360 454 361 455 361 456 361 451 362 454 362 456 362 451 363 452 363 454 363 458 76 460 76 459 76 457 76 458 76 459 76 461 364 470 365 471 366 462 367 461 364 471 366 463 368 471 366 472 369 463 368 462 367 471 366 464 370 472 369 473 371 464 370 463 368 472 369 465 372 473 371 474 373 465 372 464 370 473 371 466 374 474 373 475 375 466 374 465 372 474 373 467 376 475 375 476 377 467 376 466 374 475 375 468 378 476 377 477 379 468 378 467 376 476 377 469 380 477 379 478 381 469 380 468 378 477 379 482 382 480 382 479 382 482 383 479 383 481 383 483 384 492 385 493 386 484 387 493 386 494 388 484 387 483 384 493 386 485 389 494 388 495 390 485 389 484 387 494 388 486 391 495 390 496 392 486 391 485 389 495 390 487 393 496 392 497 394 487 393 486 391 496 392 488 395 497 394 498 396 488 395 487 393 497 394 489 397 498 396 499 398 489 397 488 395 498 396 490 399 499 398 500 400 490 399 489 397 499 398 491 401 490 399 500 400 501 112 504 112 502 112 503 112 504 112 501 112 507 402 506 402 508 402 505 361 506 361 507 361 509 403 508 403 506 403 510 360 509 360 506 360 556 404 519 404 520 404 557 405 520 405 521 405 557 406 556 406 520 406 558 407 557 407 521 407 555 408 518 408 519 408 555 112 519 112 556 112 559 409 558 409 521 409 554 112 517 112 518 112 554 112 518 112 555 112 560 410 521 410 522 410 560 112 559 112 521 112 553 112 515 112 516 112 553 112 516 112 517 112 553 411 517 411 554 411 561 412 560 412 522 412 552 413 514 413 515 413 552 414 515 414 553 414 562 415 561 415 522 415 551 416 513 416 514 416 551 112 514 112 552 112 563 112 562 112 522 112 563 417 522 417 523 417 550 418 513 418 551 418 550 112 512 112 513 112 564 419 563 419 523 419 564 420 523 420 524 420 564 421 524 421 525 421 549 422 512 422 550 422 565 423 564 423 525 423 548 112 512 112 549 112 526 112 565 112 525 112 566 112 565 112 526 112 547 424 512 424 548 424 527 112 566 112 526 112 567 425 566 425 527 425 546 426 512 426 547 426 528 112 567 112 527 112 528 427 568 427 567 427 529 112 568 112 528 112 530 112 568 112 529 112 530 112 569 112 568 112 531 428 534 428 569 428 531 429 569 429 530 429 532 430 535 430 534 430 532 431 536 431 535 431 532 432 537 432 536 432 532 112 538 112 537 112 532 433 534 433 531 433 511 434 512 434 546 434 511 435 543 435 542 435 511 436 544 436 543 436 511 437 545 437 544 437 511 438 546 438 545 438 533 439 539 439 538 439 533 440 540 440 539 440 533 441 541 441 540 441 533 442 542 442 541 442 533 443 538 443 532 443 533 112 511 112 542 112 572 444 571 444 570 444 591 445 570 446 593 445 591 447 572 447 570 447 592 444 591 445 593 445 573 448 572 446 591 448 575 449 574 449 573 449 576 450 575 450 573 450 579 451 577 451 576 451 579 452 578 452 577 452 581 453 580 453 579 453 581 454 576 454 573 454 581 455 579 455 576 455 590 456 582 456 581 456 590 446 573 448 591 448 590 457 581 457 573 457 588 449 590 449 589 449 585 458 583 458 582 458 585 459 584 459 583 459 587 450 590 450 588 450 586 460 582 460 590 460 586 461 590 461 587 461 586 462 585 462 582 462</p>
        </triangles>
      </mesh>
    </geometry>
  </library_geometries>
  <library_visual_scenes>
    <visual_scene id="Scene" name="Scene">
      <node id="micro_switch" name="micro_switch" type="NODE">
        <matrix sid="transform">-4.37114e-8 1 -4.37114e-8 0 0 -4.37114e-8 -1 0 -1 -4.37114e-8 1.91069e-15 0 0 0 0 1</matrix>
        <node id="SOLID" name="SOLID" type="NODE">
          <matrix sid="transform">1 0 0 0 0 1 0 0 0 0 1 0 0 0 0 1</matrix>
          <instance_geometry url="#SOLID-mesh" name="SOLID">
            <bind_material>
              <technique_common>
                <instance_material symbol="mat_0-material" target="#mat_0-material"/>
                <instance_material symbol="mat_1-material" target="#mat_1-material"/>
              </technique_common>
            </bind_material>
          </instance_geometry>
        </node>
        <node id="SOLID_001" name="SOLID.001" type="NODE">
          <matrix sid="transform">1 0 0 0 0 1 0 0 0 0 1 0 0 0 0 1</matrix>
          <instance_geometry url="#SOLID_001-mesh" name="SOLID.001">
            <bind_material>
              <technique_common>
                <instance_material symbol="mat_2-material" target="#mat_2-material"/>
                <instance_material symbol="mat_0-material" target="#mat_0-material"/>
                <instance_material symbol="mat_3-material" target="#mat_3-material"/>
              </technique_common>
            </bind_material>
          </instance_geometry>
        </node>
      </node>
    </visual_scene>
  </library_visual_scenes>
  <scene>
    <instance_visual_scene url="#Scene"/>
  </scene>
</COLLADA>