ISO-10303-21;
HEADER;
FILE_DESCRIPTION (( 'STEP AP214' ),
    '1' );
FILE_NAME ('micro_switch.STEP',
    '2025-05-18T16:24:31',
    ( '' ),
    ( '' ),
    'SwSTEP 2.0',
    'SolidWorks 2025',
    '' );
FILE_SCHEMA (( 'AUTOMOTIVE_DESIGN' ));
ENDSEC;

DATA;
#1 =( GEOMETRIC_REPRESENTATION_CONTEXT ( 3 ) GLOBAL_UNCERTAINTY_ASSIGNED_CONTEXT ( ( #1732 ) ) GLOBAL_UNIT_ASSIGNED_CONTEXT ( ( #6158, #9001, #2721 ) ) REPRESENTATION_CONTEXT ( 'NONE', 'WORKASPACE' ) );
#2 = COLOUR_RGB ( '',0.7764705882352941346, 0.7568627450980391913, 0.7372549019607843590 ) ;
#3 = EDGE_LOOP ( 'NONE', ( #7867, #5372, #3077, #7580 ) ) ;
#4 = PRESENTATION_STYLE_ASSIGNMENT (( #7091 ) ) ;
#5 = SURFACE_STYLE_USAGE ( .BOTH. , #8407 ) ;
#6 =( LENGTH_UNIT ( ) NAMED_UNIT ( * ) SI_UNIT ( .MILLI., .METRE. ) );
#7 = ORIENTED_EDGE ( 'NONE', *, *, #8248, .F. ) ;
#8 = CARTESIAN_POINT ( 'NONE',  ( 9.157450582127777849, -0.2066882901882803603, 3.299999999999999822 ) ) ;
#9 = CARTESIAN_POINT ( 'NONE',  ( 8.667528394194713215, 0.2845935240287518764, 3.299999999999999378 ) ) ;
#10 = CARTESIAN_POINT ( 'NONE',  ( 0.2948717948717948789, -0.5059671363421265333, 3.299999999999999822 ) ) ;
#11 = SURFACE_STYLE_USAGE ( .BOTH. , #687 ) ;
#12 = CARTESIAN_POINT ( 'NONE',  ( 8.340507927015170964, 0.007930290384855711097, 3.300000000000000266 ) ) ;
#13 = PRESENTATION_LAYER_ASSIGNMENT (  '', '', ( #7069 ) ) ;
#14 = SURFACE_STYLE_FILL_AREA ( #4322 ) ;
#15 = ORIENTED_EDGE ( 'NONE', *, *, #7379, .T. ) ;
#16 = DIRECTION ( 'NONE',  ( 0.000000000000000000, 0.000000000000000000, 1.000000000000000000 ) ) ;
#17 = CARTESIAN_POINT ( 'NONE',  ( -6.641678738003607307, 0.5196738892988990166, 3.299999999999999822 ) ) ;
#18 = VERTEX_POINT ( 'NONE', #7327 ) ;
#19 = CARTESIAN_POINT ( 'NONE',  ( -7.433892698831490620, 0.2062979031220077697, 3.200000000000000178 ) ) ;
#20 = AXIS2_PLACEMENT_3D ( 'NONE', #7831, #5625, #804 ) ;
#21 = CARTESIAN_POINT ( 'NONE',  ( 0.7307692307692308376, -0.1640200209575111423, 3.200000000000000178 ) ) ;
#22 =( NAMED_UNIT ( * ) PLANE_ANGLE_UNIT ( ) SI_UNIT ( $, .RADIAN. ) );
#23 = ORIENTED_EDGE ( 'NONE', *, *, #1076, .T. ) ;
#24 = CARTESIAN_POINT ( 'NONE',  ( 1.128560894352510058, 0.1967357420893510178, 3.200000000000000178 ) ) ;
#25 = CIRCLE ( 'NONE', #5165, 0.5000000000000004441 ) ;
#26 = CARTESIAN_POINT ( 'NONE',  ( -6.543854790648703457, 0.3264945020559983924, 3.200000000000001066 ) ) ;
#27 = DIRECTION ( 'NONE',  ( 0.000000000000000000, 0.000000000000000000, 1.000000000000000000 ) ) ;
#28 = CARTESIAN_POINT ( 'NONE',  ( 1.612379807692307709, -0.5316081619831521943, 3.200000000000000178 ) ) ;
#29 = CARTESIAN_POINT ( 'NONE',  ( -7.657753045403851822, 0.5167158220057406215, 3.200000000000000622 ) ) ;
#30 = CARTESIAN_POINT ( 'NONE',  ( -7.643180036683362211, -0.3450295354079935262, 3.200000000000000178 ) ) ;
#31 = CARTESIAN_POINT ( 'NONE',  ( 8.859573979563675650, -0.5316081619831521943, 3.200000000000000178 ) ) ;
#32 = EDGE_LOOP ( 'NONE', ( #8858, #9069, #6512, #4409 ) ) ;
#33 = ORIENTED_EDGE ( 'NONE', *, *, #2540, .F. ) ;
#34 = CARTESIAN_POINT ( 'NONE',  ( -6.757811981502287679, -0.3332738282322757484, 3.200000000000001066 ) ) ;
#35 = DIRECTION ( 'NONE',  ( 1.000000000000000000, 0.000000000000000000, 0.000000000000000000 ) ) ;
#36 = FACE_OUTER_BOUND ( 'NONE', #3654, .T. ) ;
#37 = CARTESIAN_POINT ( 'NONE',  ( 0.9999999999999995559, -9.099999999999999645, 1.750000000000000000 ) ) ;
#38 = SURFACE_STYLE_USAGE ( .BOTH. , #4824 ) ;
#39 = B_SPLINE_CURVE_WITH_KNOTS ( 'NONE', 3,
 ( #6345, #765, #2898, #4302, #3594, #6384, #5702, #7793, #1506, #4585, #8754, #2402, #299, #1033, #8668, #5825, #5176, #8710, #8022 ),
 .UNSPECIFIED., .F., .F.,
 ( 4, 1, 1, 1, 1, 1, 1, 1, 1, 1, 1, 1, 1, 1, 1, 1, 4 ),
 ( 0.000000000000000000, 0.06471451654083451577, 0.1277069683294531910, 0.1888821628171172273, 0.2491582987223299461, 0.3096610287488844593, 0.3702248860571860090, 0.4323322219725850291, 0.4957818589938720044, 0.5593040765204274622, 0.6218605583615254284, 0.6833215373325060016, 0.7445229747823347566, 0.8060883712105106902, 0.8689943146702061583, 0.9334190568081364159, 1.000000000000000000 ),
 .UNSPECIFIED. ) ;
#40 = FACE_BOUND ( 'NONE', #3944, .T. ) ;
#41 = ORIENTED_EDGE ( 'NONE', *, *, #1111, .F. ) ;
#42 = LINE ( 'NONE', #2728, #5421 ) ;
#43 = EDGE_CURVE ( 'NONE', #7060, #8188, #2390, .T. ) ;
#44 = VERTEX_POINT ( 'NONE', #3120 ) ;
#45 = CARTESIAN_POINT ( 'NONE',  ( -6.261456296796052534, 3.158925150470279331, -4.001000000000002110 ) ) ;
#46 = CARTESIAN_POINT ( 'NONE',  ( 8.520164799526275701, 0.007934199377222214689, 3.299999999999999378 ) ) ;
#47 = CARTESIAN_POINT ( 'NONE',  ( -5.611456296796053067, 3.158925150470279331, 3.400000000000000355 ) ) ;
#48 =( NAMED_UNIT ( * ) PLANE_ANGLE_UNIT ( ) SI_UNIT ( $, .RADIAN. ) );
#49 = CARTESIAN_POINT ( 'NONE',  ( -6.640276494413864583, -0.5316081619831521943, 3.299999999999999822 ) ) ;
#50 = CARTESIAN_POINT ( 'NONE',  ( 8.486796008866937413, 0.3669594232943533818, 3.199999999999999289 ) ) ;
#51 =( NAMED_UNIT ( * ) PLANE_ANGLE_UNIT ( ) SI_UNIT ( $, .RADIAN. ) );
#52 = ORIENTED_EDGE ( 'NONE', *, *, #5555, .F. ) ;
#53 = DIRECTION ( 'NONE',  ( -0.000000000000000000, -0.000000000000000000, -1.000000000000000000 ) ) ;
#54 = CARTESIAN_POINT ( 'NONE',  ( 9.080117573130747743, -0.4901566081137487818, 3.200000000000001510 ) ) ;
#55 = SURFACE_STYLE_USAGE ( .BOTH. , #7058 ) ;
#56 = UNCERTAINTY_MEASURE_WITH_UNIT (LENGTH_MEASURE( 1.000000000000000082E-05 ), #2283, 'distance_accuracy_value', 'NONE');
#57 = ORIENTED_EDGE ( 'NONE', *, *, #4829, .T. ) ;
#58 =( LENGTH_UNIT ( ) NAMED_UNIT ( * ) SI_UNIT ( .MILLI., .METRE. ) );
#59 = DIRECTION ( 'NONE',  ( 0.000000000000000000, -1.000000000000000000, 0.000000000000000000 ) ) ;
#60 = EDGE_CURVE ( 'NONE', #728, #5487, #1764, .T. ) ;
#61 = ADVANCED_FACE ( 'NONE', ( #6645 ), #1893, .T. ) ;
#62 = FILL_AREA_STYLE_COLOUR ( '', #8166 ) ;
#63 = VERTEX_POINT ( 'NONE', #3393 ) ;
#64 = FILL_AREA_STYLE_COLOUR ( '', #5895 ) ;
#65 = CARTESIAN_POINT ( 'NONE',  ( -6.609896387670847417, 0.3392199482447084136, 3.200000000000000622 ) ) ;
#66 = ADVANCED_FACE ( 'NONE', ( #1996 ), #4755, .T. ) ;
#67 = CARTESIAN_POINT ( 'NONE',  ( -7.540979541905181271, 0.4905598148821873616, 3.200000000000000178 ) ) ;
#68 = CARTESIAN_POINT ( 'NONE',  ( 8.340343210332905599, -0.004364572239562458135, 3.200000000000000178 ) ) ;
#69 = ORIENTED_EDGE ( 'NONE', *, *, #3388, .F. ) ;
#70 = COLOUR_RGB ( '',1.000000000000000000, 1.000000000000000000, 1.000000000000000000 ) ;
#71 =( NAMED_UNIT ( * ) SI_UNIT ( $, .STERADIAN. ) SOLID_ANGLE_UNIT ( ) );
#72 = PRESENTATION_LAYER_ASSIGNMENT (  '', '', ( #8289 ) ) ;
#73 = ORIENTED_EDGE ( 'NONE', *, *, #4432, .T. ) ;
#74 =( NAMED_UNIT ( * ) SI_UNIT ( $, .STERADIAN. ) SOLID_ANGLE_UNIT ( ) );
#75 = EDGE_CURVE ( 'NONE', #8681, #6291, #6086, .T. ) ;
#76 = EDGE_CURVE ( 'NONE', #7747, #1117, #8836, .T. ) ;
#77 = DIRECTION ( 'NONE',  ( -0.000000000000000000, -0.000000000000000000, -1.000000000000000000 ) ) ;
#78 = PRESENTATION_STYLE_ASSIGNMENT (( #2082 ) ) ;
#79 = FILL_AREA_STYLE_COLOUR ( '', #5866 ) ;
#80 = CARTESIAN_POINT ( 'NONE',  ( -8.050000000000000711, -8.799999999999995381, -1.750000000000000000 ) ) ;
#81 = ORIENTED_EDGE ( 'NONE', *, *, #3004, .T. ) ;
#82 = CARTESIAN_POINT ( 'NONE',  ( -6.886094640301323899, 0.2422483537722805724, 3.299999999999999822 ) ) ;
#83 = AXIS2_PLACEMENT_3D ( 'NONE', #2309, #7295, #3766 ) ;
#84 = FACE_BOUND ( 'NONE', #9028, .T. ) ;
#85 = VECTOR ( 'NONE', #3406, 1000.000000000000000 ) ;
#86 = SURFACE_SIDE_STYLE ('',( #6392 ) ) ;
#87 =( NAMED_UNIT ( * ) PLANE_ANGLE_UNIT ( ) SI_UNIT ( $, .RADIAN. ) );
#88 = EDGE_LOOP ( 'NONE', ( #7103, #8585, #360, #5080 ) ) ;
#89 =( LENGTH_UNIT ( ) NAMED_UNIT ( * ) SI_UNIT ( .MILLI., .METRE. ) );
#90 = CARTESIAN_POINT ( 'NONE',  ( -6.982519105799264381, 0.02862194887885477490, 3.200000000000000178 ) ) ;
#91 =( NAMED_UNIT ( * ) SI_UNIT ( $, .STERADIAN. ) SOLID_ANGLE_UNIT ( ) );
#92 =( NAMED_UNIT ( * ) SI_UNIT ( $, .STERADIAN. ) SOLID_ANGLE_UNIT ( ) );
#93 = MECHANICAL_DESIGN_GEOMETRIC_PRESENTATION_REPRESENTATION (  '', ( #3191 ), #7862 ) ;
#94 = DIRECTION ( 'NONE',  ( 0.000000000000000000, -1.000000000000000000, 0.000000000000000000 ) ) ;
#95 = VERTEX_POINT ( 'NONE', #5386 ) ;
#96 = CARTESIAN_POINT ( 'NONE',  ( -4.550000000000000711, -2.700000000000002842, 3.200000000000000178 ) ) ;
#97 = CARTESIAN_POINT ( 'NONE',  ( 31.21952175000662422, 12.30639937317762822, -1.500000000000000444 ) ) ;
#98 = CARTESIAN_POINT ( 'NONE',  ( 9.026125532001156415, -0.3123006664395807097, 3.199999999999999734 ) ) ;
#99 = ORIENTED_EDGE ( 'NONE', *, *, #6183, .T. ) ;
#101 = MECHANICAL_DESIGN_GEOMETRIC_PRESENTATION_REPRESENTATION (  '', ( #4058 ), #1107 ) ;
#100 = DIRECTION ( 'NONE',  ( 0.000000000000000000, 1.000000000000000000, 0.000000000000000000 ) ) ;
#102 = CARTESIAN_POINT ( 'NONE',  ( -7.721406302106172070, -0.3521209824959727341, 3.299999999999999822 ) ) ;
#103 =( NAMED_UNIT ( * ) PLANE_ANGLE_UNIT ( ) SI_UNIT ( $, .RADIAN. ) );
#104 = EDGE_CURVE ( 'NONE', #5284, #18, #1904, .T. ) ;
#105 = ADVANCED_FACE ( 'NONE', ( #4005 ), #3154, .T. ) ;
#106 = DIRECTION ( 'NONE',  ( 0.000000000000000000, -1.000000000000000000, -1.886022467518704991E-12 ) ) ;
#107 = CARTESIAN_POINT ( 'NONE',  ( -4.818974302811127153, 3.616358967573117145, 3.400000000000000355 ) ) ;
#108 = EDGE_LOOP ( 'NONE', ( #5660, #6381, #1794, #8346 ) ) ;
#109 = SURFACE_STYLE_USAGE ( .BOTH. , #8556 ) ;
#110 = CARTESIAN_POINT ( 'NONE',  ( -6.317389159858105785, 0.09618413066264076827, 3.200000000000000178 ) ) ;
#111 = LINE ( 'NONE', #2204, #2313 ) ;
#112 = CARTESIAN_POINT ( 'NONE',  ( 8.835216208330622933, -0.3518959455551436410, 3.299999999999999822 ) ) ;
#113 = STYLED_ITEM ( 'NONE', ( #6966 ), #6907 ) ;
#114 = CARTESIAN_POINT ( 'NONE',  ( 8.396492658449254520, -0.2610817460956941227, 3.199999999999999289 ) ) ;
#115 = ORIENTED_EDGE ( 'NONE', *, *, #1451, .F. ) ;
#116 = CARTESIAN_POINT ( 'NONE',  ( -7.729292264640061916, -0.3520456472934123671, 3.299999999999999822 ) ) ;
#117 = COLOUR_RGB ( '',0.2509803921568627416, 0.2509803921568627416, 0.2509803921568627416 ) ;
#118 = VERTEX_POINT ( 'NONE', #1647 ) ;
#119 = ADVANCED_FACE ( 'NONE', ( #3770, #4455, #6570, #84 ), #5090, .F. ) ;
#120 = STYLED_ITEM ( 'NONE', ( #1892 ), #7133 ) ;
#121 = CARTESIAN_POINT ( 'NONE',  ( -5.679539314926684845, 0.4940328636578734667, 3.299999999999999822 ) ) ;
#122 = CARTESIAN_POINT ( 'NONE',  ( 8.641074747394425160, 0.2643409816514157851, 3.299999999999999822 ) ) ;
#123 = SURFACE_STYLE_FILL_AREA ( #6424 ) ;
#124 = SURFACE_SIDE_STYLE ('',( #1325 ) ) ;
#125 = MECHANICAL_DESIGN_GEOMETRIC_PRESENTATION_REPRESENTATION (  '', ( #4083 ), #7181 ) ;
#126 = CARTESIAN_POINT ( 'NONE',  ( -4.818974302811129817, 3.616358967573117145, 3.400000000000000355 ) ) ;
#127 = CIRCLE ( 'NONE', #8788, 1.000000000000000000 ) ;
#128 = DIRECTION ( 'NONE',  ( -0.000000000000000000, -0.000000000000000000, -1.000000000000000000 ) ) ;
#129 = EDGE_LOOP ( 'NONE', ( #1523, #3863, #1550, #1443 ) ) ;
#130 = CARTESIAN_POINT ( 'NONE',  ( -7.855757631138330588, -0.3273695710141773518, 3.200000000000000178 ) ) ;
#131 = VECTOR ( 'NONE', #383, 1000.000000000000000 ) ;
#132 = CARTESIAN_POINT ( 'NONE',  ( 1.557851367140742127, -0.5303724282754066488, 3.200000000000001066 ) ) ;
#133 = VECTOR ( 'NONE', #1940, 1000.000000000000000 ) ;
#134 = CARTESIAN_POINT ( 'NONE',  ( 10.14999999999999858, 4.599999999999998757, -3.200000000000000178 ) ) ;
#135 = ORIENTED_EDGE ( 'NONE', *, *, #5984, .F. ) ;
#136 = DIRECTION ( 'NONE',  ( -4.254234958077862998E-16, -4.682989042991076855E-17, 1.000000000000000000 ) ) ;
#137 = VECTOR ( 'NONE', #5920, 1000.000000000000000 ) ;
#138 = CARTESIAN_POINT ( 'NONE',  ( 8.340343210332905599, -0.004364572239562458135, 3.299999999999999822 ) ) ;
#139 = EDGE_CURVE ( 'NONE', #7576, #5882, #306, .T. ) ;
#140 = CARTESIAN_POINT ( 'NONE',  ( 8.948418984877047677, -0.5260850608630796010, 3.299999999999999378 ) ) ;
#141 = DIRECTION ( 'NONE',  ( 0.000000000000000000, -1.000000000000000000, 0.000000000000000000 ) ) ;
#142 = ORIENTED_EDGE ( 'NONE', *, *, #5918, .F. ) ;
#143 = VECTOR ( 'NONE', #8697, 1000.000000000000000 ) ;
#144 = CARTESIAN_POINT ( 'NONE',  ( 9.285054748794443924, -0.3407027132652034607, 3.200000000000000178 ) ) ;
#145 = CARTESIAN_POINT ( 'NONE',  ( -7.442288338809496473, -0.2263380502071506983, 3.200000000000000622 ) ) ;
#146 = UNCERTAINTY_MEASURE_WITH_UNIT (LENGTH_MEASURE( 1.000000000000000082E-05 ), #5470, 'distance_accuracy_value', 'NONE');
#147 = MECHANICAL_DESIGN_GEOMETRIC_PRESENTATION_REPRESENTATION (  '', ( #6319 ), #2372 ) ;
#148 = ORIENTED_EDGE ( 'NONE', *, *, #860, .F. ) ;
#149 =( NAMED_UNIT ( * ) PLANE_ANGLE_UNIT ( ) SI_UNIT ( $, .RADIAN. ) );
#150 = LINE ( 'NONE', #5244, #8619 ) ;
#151 = CARTESIAN_POINT ( 'NONE',  ( 0.9102564102564103532, -0.5059671363421265333, 3.299999999999999822 ) ) ;
#152 = LINE ( 'NONE', #4242, #2244 ) ;
#153 = CARTESIAN_POINT ( 'NONE',  ( -6.953199797201794041, -0.1593853426835908083, 3.299999999999999822 ) ) ;
#154 = DIRECTION ( 'NONE',  ( -1.000000000000000000, 0.000000000000000000, -0.000000000000000000 ) ) ;
#155 = VERTEX_POINT ( 'NONE', #993 ) ;
#156 = MECHANICAL_DESIGN_GEOMETRIC_PRESENTATION_REPRESENTATION (  '', ( #1625 ), #751 ) ;
#157 = CARTESIAN_POINT ( 'NONE',  ( 1.116325117563392366, 0.1648621580501563322, 3.200000000000000622 ) ) ;
#158 = DIRECTION ( 'NONE',  ( -1.000000000000000000, -4.872818752743843581E-17, -0.000000000000000000 ) ) ;
#159 = B_SPLINE_CURVE_WITH_KNOTS ( 'NONE', 3,
 ( #7608, #3447, #7562, #2973, #8393, #5768, #7518, #4162, #8291, #8551, #2286, #6238, #6975, #7698, #2762, #6887, #5552, #6286, #9080 ),
 .UNSPECIFIED., .F., .F.,
 ( 4, 1, 1, 1, 1, 1, 1, 1, 1, 1, 1, 1, 1, 1, 1, 1, 4 ),
 ( 0.000000000000000000, 0.06593912405765874063, 0.1297911093795348081, 0.1921752363053295110, 0.2536170442157552052, 0.3147191079962368687, 0.3762822754113757662, 0.4389729923739129624, 0.5031747018386416581, 0.5673294646239475103, 0.6296509938060328437, 0.6906498673030978530, 0.7512376127977870022, 0.8117541138236060716, 0.8727877774488533857, 0.9355396326682297037, 1.000000000000000000 ),
 .UNSPECIFIED. ) ;
#160 = CARTESIAN_POINT ( 'NONE',  ( 8.750949666849910713, -0.5233095848922481030, 3.300000000000000266 ) ) ;
#161 = ORIENTED_EDGE ( 'NONE', *, *, #4348, .F. ) ;
#162 = CARTESIAN_POINT ( 'NONE',  ( -7.744962791287942849, -0.3518959455551436410, 3.200000000000000622 ) ) ;
#163 = AXIS2_PLACEMENT_3D ( 'NONE', #4893, #4930, #5022 ) ;
#164 = ORIENTED_EDGE ( 'NONE', *, *, #4820, .F. ) ;
#165 = CARTESIAN_POINT ( 'NONE',  ( -7.912650605423851680, 0.2845935240287506551, 3.300000000000000266 ) ) ;
#166 = B_SPLINE_CURVE_WITH_KNOTS ( 'NONE', 3,
 ( #7246, #8707, #3872, #5173, #7289, #2435, #1030, #3164, #8195, #8987, #6232, #1914, #4112, #8285, #3489, #6828, #7463, #612, #7600, #3346, #8883, #1304, #6881, #5494, #9026, #4719, #7557 ),
 .UNSPECIFIED., .F., .F.,
 ( 4, 1, 1, 1, 1, 1, 1, 1, 1, 1, 1, 1, 1, 1, 1, 1, 1, 1, 1, 1, 1, 1, 1, 1, 4 ),
 ( 0.000000000000000000, 0.04311434566197348828, 0.08568276482420900120, 0.1275943241639273251, 0.1690586225605482384, 0.2104320288213097911, 0.2518111664630527935, 0.2934438397982392921, 0.3353808532218249261, 0.3774766059607942426, 0.4186884906768272296, 0.4598730336711987499, 0.5008729046253153072, 0.5418727755794316980, 0.5832117768673237279, 0.6247632017340757349, 0.6669876223820893069, 0.7093697058942394218, 0.7511026519448575911, 0.7925683801202206835, 0.8335451085502586510, 0.8748274225565259021, 0.9160177232110674472, 0.9578592039763048627, 1.000000000000000000 ),
 .UNSPECIFIED. ) ;
#167 = SURFACE_STYLE_USAGE ( .BOTH. , #5963 ) ;
#168 = CARTESIAN_POINT ( 'NONE',  ( -7.550000000000000711, -7.700000000000000178, 0.000000000000000000 ) ) ;
#169 = CARTESIAN_POINT ( 'NONE',  ( 2.128205128205128638, -0.008971944034434263526, 3.299999999999999822 ) ) ;
#170 = PRESENTATION_STYLE_ASSIGNMENT (( #3032 ) ) ;
#171 = CARTESIAN_POINT ( 'NONE',  ( 8.160856030845726750, -0.5059671363421265333, 3.299999999999999822 ) ) ;
#172 = FACE_OUTER_BOUND ( 'NONE', #3247, .T. ) ;
#173 = UNCERTAINTY_MEASURE_WITH_UNIT (LENGTH_MEASURE( 1.000000000000000082E-05 ), #8563, 'distance_accuracy_value', 'NONE');
#174 = EDGE_LOOP ( 'NONE', ( #8286, #3416, #33, #5697, #6960, #451, #817 ) ) ;
#175 = CARTESIAN_POINT ( 'NONE',  ( -8.049788829448024430, -0.09961101863847418580, 3.200000000000000622 ) ) ;
#176 = SURFACE_STYLE_FILL_AREA ( #953 ) ;
#177 = CARTESIAN_POINT ( 'NONE',  ( 2.128205128205128638, -0.008971944034434263526, 3.200000000000000178 ) ) ;
#178 = EDGE_LOOP ( 'NONE', ( #8515, #4359, #7438, #4465 ) ) ;
#179 = SURFACE_SIDE_STYLE ('',( #1476 ) ) ;
#180 = CARTESIAN_POINT ( 'NONE',  ( 2.011824428544727095, 0.3273396378151156028, 3.299999999999998934 ) ) ;
#181 = CARTESIAN_POINT ( 'NONE',  ( -5.852816558516427570, -0.5059671363421265333, 3.200000000000000178 ) ) ;
#182 = CARTESIAN_POINT ( 'NONE',  ( 8.522640203623081945, -0.4186946399918621275, 3.299999999999998934 ) ) ;
#183 = PRESENTATION_STYLE_ASSIGNMENT (( #4462 ) ) ;
#184 = DIRECTION ( 'NONE',  ( 0.000000000000000000, 1.000000000000000000, 0.000000000000000000 ) ) ;
#185 = LINE ( 'NONE', #3646, #8003 ) ;
#186 = CARTESIAN_POINT ( 'NONE',  ( 2.128205128205128638, -0.008971944034434263526, 3.200000000000000178 ) ) ;
#187 = ORIENTED_EDGE ( 'NONE', *, *, #7258, .T. ) ;
#188 = FACE_OUTER_BOUND ( 'NONE', #2281, .T. ) ;
#189 = PLANE ( 'NONE',  #1713 ) ;
#190 = CARTESIAN_POINT ( 'NONE',  ( 1.939764984914184254, -0.4157181939899464718, 3.299999999999998934 ) ) ;
#191 = ORIENTED_EDGE ( 'NONE', *, *, #8399, .T. ) ;
#192 =( LENGTH_UNIT ( ) NAMED_UNIT ( * ) SI_UNIT ( .MILLI., .METRE. ) );
#193 = DIRECTION ( 'NONE',  ( -0.9848077530122080203, -0.1736481776669306365, -1.445602896647339656E-16 ) ) ;
#194 = EDGE_CURVE ( 'NONE', #2825, #8523, #8438, .T. ) ;
#195 = EDGE_CURVE ( 'NONE', #3901, #7081, #2675, .T. ) ;
#196 = FILL_AREA_STYLE ('',( #6506 ) ) ;
#197 = SURFACE_STYLE_FILL_AREA ( #7192 ) ;
#198 = CARTESIAN_POINT ( 'NONE',  ( -6.640276494413864583, -0.5316081619831521943, 3.299999999999999822 ) ) ;
#199 = CARTESIAN_POINT ( 'NONE',  ( -6.651038047701502087, -0.3518956517635120629, 3.200000000000000178 ) ) ;
#200 = LINE ( 'NONE', #1628, #4637 ) ;
#201 = CARTESIAN_POINT ( 'NONE',  ( -7.475419715155543265, -0.4785579739879671779, 3.199999999999999289 ) ) ;
#202 = CARTESIAN_POINT ( 'NONE',  ( 8.543559311308456472, -0.1433069021585721692, 3.300000000000000711 ) ) ;
#203 = LINE ( 'NONE', #6005, #8598 ) ;
#204 = VERTEX_POINT ( 'NONE', #5927 ) ;
#205 = FILL_AREA_STYLE ('',( #3673 ) ) ;
#206 = VERTEX_POINT ( 'NONE', #1078 ) ;
#207 = CARTESIAN_POINT ( 'NONE',  ( 0.4999999999999994449, -9.099999999999999645, -1.750000000000000222 ) ) ;
#208 = EDGE_CURVE ( 'NONE', #265, #3934, #567, .T. ) ;
#209 =( NAMED_UNIT ( * ) PLANE_ANGLE_UNIT ( ) SI_UNIT ( $, .RADIAN. ) );
#210 = CARTESIAN_POINT ( 'NONE',  ( -6.798361265470564518, -0.5108535960611815252, 3.299999999999998934 ) ) ;
#211 = CARTESIAN_POINT ( 'NONE',  ( 8.843801211873984158, 0.3398665164818368556, 3.299999999999999822 ) ) ;
#212 = MECHANICAL_DESIGN_GEOMETRIC_PRESENTATION_REPRESENTATION (  '', ( #657 ), #6987 ) ;
#213 = EDGE_CURVE ( 'NONE', #1676, #6530, #1781, .T. ) ;
#214 = COLOUR_RGB ( '',0.2509803921568627416, 0.2509803921568627416, 0.2509803921568627416 ) ;
#215 = ORIENTED_EDGE ( 'NONE', *, *, #3497, .F. ) ;
#216 = CARTESIAN_POINT ( 'NONE',  ( 0.4999999999999987232, -8.500000000000000000, -1.207570440652110380E-33 ) ) ;
#217 = CARTESIAN_POINT ( 'NONE',  ( 1.276129911437260400, -0.4125266055452850855, 3.299999999999999378 ) ) ;
#218 = CARTESIAN_POINT ( 'NONE',  ( 2.107699289301215195, 0.1474687861213266060, 3.200000000000000178 ) ) ;
#219 = ORIENTED_EDGE ( 'NONE', *, *, #6909, .T. ) ;
#220 = CARTESIAN_POINT ( 'NONE',  ( 2.107699289301215195, 0.1474687861213266060, 3.299999999999999822 ) ) ;
#221 = PRESENTATION_STYLE_ASSIGNMENT (( #6533 ) ) ;
#222 = CARTESIAN_POINT ( 'NONE',  ( -7.075800529049127263, 0.2876943200368990983, 3.299999999999999822 ) ) ;
#223 = DIRECTION ( 'NONE',  ( 0.000000000000000000, 0.000000000000000000, 1.000000000000000000 ) ) ;
#224 = FILL_AREA_STYLE_COLOUR ( '', #4849 ) ;
#225 = VECTOR ( 'NONE', #8307, 1000.000000000000000 ) ;
#226 = CARTESIAN_POINT ( 'NONE',  ( -6.274453921627017650, -0.3805210781954629917, 3.200000000000000622 ) ) ;
#227 = MECHANICAL_DESIGN_GEOMETRIC_PRESENTATION_REPRESENTATION (  '', ( #8148 ), #2158 ) ;
#228 = ORIENTED_EDGE ( 'NONE', *, *, #2540, .T. ) ;
#229 = EDGE_CURVE ( 'NONE', #5463, #927, #4485, .T. ) ;
#230 = SURFACE_SIDE_STYLE ('',( #3108 ) ) ;
#231 = CARTESIAN_POINT ( 'NONE',  ( -7.500018218202700204, -0.2764599410644417721, 3.199999999999999734 ) ) ;
#232 = UNCERTAINTY_MEASURE_WITH_UNIT (LENGTH_MEASURE( 1.000000000000000082E-05 ), #2401, 'distance_accuracy_value', 'NONE');
#233 = ORIENTED_EDGE ( 'NONE', *, *, #710, .T. ) ;
#234 = ADVANCED_FACE ( 'NONE', ( #7665, #5465 ), #1263, .F. ) ;
#235 = FILL_AREA_STYLE_COLOUR ( '', #1285 ) ;
#236 = AXIS2_PLACEMENT_3D ( 'NONE', #8326, #6132, #8983 ) ;
#237 = CARTESIAN_POINT ( 'NONE',  ( -8.054947767381044343, 0.06578350923150994012, 3.200000000000001510 ) ) ;
#238 =( LENGTH_UNIT ( ) NAMED_UNIT ( * ) SI_UNIT ( .MILLI., .METRE. ) );
#239 = SURFACE_SIDE_STYLE ('',( #8786 ) ) ;
#240 = COLOUR_RGB ( '',0.2509803921568627416, 0.2509803921568627416, 0.2509803921568627416 ) ;
#241 = CARTESIAN_POINT ( 'NONE',  ( -1.215228923488529622, 6.891905700454088013, -2.000000000000007105 ) ) ;
#242 = MECHANICAL_DESIGN_GEOMETRIC_PRESENTATION_REPRESENTATION (  '', ( #3050 ), #3345 ) ;
#243 = CARTESIAN_POINT ( 'NONE',  ( -7.775748953722565027, -0.5302024331416018699, 3.199999999999999734 ) ) ;
#244 =( LENGTH_UNIT ( ) NAMED_UNIT ( * ) SI_UNIT ( .MILLI., .METRE. ) );
#245 = CARTESIAN_POINT ( 'NONE',  ( 1.611778846153846256, -0.3521209824959727341, 3.299999999999999822 ) ) ;
#246 = CARTESIAN_POINT ( 'NONE',  ( -7.690325055303554258, -0.5313234687482653040, 3.299999999999998934 ) ) ;
#247 = CARTESIAN_POINT ( 'NONE',  ( -7.425548628084586156, -0.4494348596310132615, 3.199999999999999734 ) ) ;
#248 = ADVANCED_FACE ( 'NONE', ( #4072 ), #6899, .T. ) ;
#249 = CARTESIAN_POINT ( 'NONE',  ( 8.520116716172024596, -0.02877474711494829376, 3.199999999999999289 ) ) ;
#250 = CARTESIAN_POINT ( 'NONE',  ( -6.914722419011650523, -0.2223573830769846882, 3.300000000000000711 ) ) ;
#251 = CARTESIAN_POINT ( 'NONE',  ( -8.137304462725545307, 0.3171879314990544430, 3.299999999999999822 ) ) ;
#252 = VERTEX_POINT ( 'NONE', #7248 ) ;
#253 =( GEOMETRIC_REPRESENTATION_CONTEXT ( 3 ) GLOBAL_UNCERTAINTY_ASSIGNED_CONTEXT ( ( #784 ) ) GLOBAL_UNIT_ASSIGNED_CONTEXT ( ( #6040, #4096, #5335 ) ) REPRESENTATION_CONTEXT ( 'NONE', 'WORKASPACE' ) );
#254 = CARTESIAN_POINT ( 'NONE',  ( -7.550000000000004263, -5.099999999999999645, 1.750000000000000000 ) ) ;
#255 = MECHANICAL_DESIGN_GEOMETRIC_PRESENTATION_REPRESENTATION (  '', ( #7166 ), #1728 ) ;
#256 = CARTESIAN_POINT ( 'NONE',  ( 1.089743589743589869, -0.005566495316485452725, 3.299999999999999822 ) ) ;
#257 = LINE ( 'NONE', #5085, #3243 ) ;
#258 = UNCERTAINTY_MEASURE_WITH_UNIT (LENGTH_MEASURE( 1.000000000000000082E-05 ), #835, 'distance_accuracy_value', 'NONE');
#259 = MECHANICAL_DESIGN_GEOMETRIC_PRESENTATION_REPRESENTATION (  '', ( #4670 ), #3071 ) ;
#260 = ORIENTED_EDGE ( 'NONE', *, *, #4314, .F. ) ;
#261 = MECHANICAL_DESIGN_GEOMETRIC_PRESENTATION_REPRESENTATION (  '', ( #120 ), #4080 ) ;
#262 = SURFACE_SIDE_STYLE ('',( #6180 ) ) ;
#263 = CARTESIAN_POINT ( 'NONE',  ( 2.127766062763237542, 0.009149648307352998763, 3.299999999999999378 ) ) ;
#264 = CIRCLE ( 'NONE', #6593, 0.4999999999999882871 ) ;
#265 = VERTEX_POINT ( 'NONE', #5700 ) ;
#266 = SURFACE_SIDE_STYLE ('',( #1785 ) ) ;
#268 = MECHANICAL_DESIGN_GEOMETRIC_PRESENTATION_REPRESENTATION (  '', ( #4233 ), #9087 ) ;
#267 = CARTESIAN_POINT ( 'NONE',  ( 0.7473958333333333703, -0.5059671363421265333, 3.200000000000000178 ) ) ;
#269 =( LENGTH_UNIT ( ) NAMED_UNIT ( * ) SI_UNIT ( .MILLI., .METRE. ) );
#270 = CARTESIAN_POINT ( 'NONE',  ( -7.162457095575358146, 0.02976923344599156918, 3.299999999999999822 ) ) ;
#271 = CARTESIAN_POINT ( 'NONE',  ( 8.724372416128774788, 0.5024524409711802475, 3.299999999999999822 ) ) ;
#272 = LINE ( 'NONE', #2419, #6259 ) ;
#273 = CARTESIAN_POINT ( 'NONE',  ( -6.537103671501438562, -0.5230614853588319013, 3.200000000000000178 ) ) ;
#274 = ORIENTED_EDGE ( 'NONE', *, *, #3125, .T. ) ;
#275 = LINE ( 'NONE', #2377, #8933 ) ;
#276 = LINE ( 'NONE', #4421, #5077 ) ;
#277 = MECHANICAL_DESIGN_GEOMETRIC_PRESENTATION_REPRESENTATION (  '', ( #1752 ), #6905 ) ;
#278 = CARTESIAN_POINT ( 'NONE',  ( -7.681750095459774386, -0.3509739145552374096, 3.199999999999999734 ) ) ;
#279 = ORIENTED_EDGE ( 'NONE', *, *, #1685, .F. ) ;
#280 = DIRECTION ( 'NONE',  ( -0.000000000000000000, 0.000000000000000000, 1.000000000000000000 ) ) ;
#281 = SURFACE_STYLE_USAGE ( .BOTH. , #1838 ) ;
#283 = COLOUR_RGB ( '',0.7764705882352941346, 0.7568627450980391913, 0.7372549019607843590 ) ;
#282 = CARTESIAN_POINT ( 'NONE',  ( 8.724421368480236083, -0.3273695710141770188, 3.200000000000000622 ) ) ;
#284 = VECTOR ( 'NONE', #1380, 1000.000000000000114 ) ;
#285 = LINE ( 'NONE', #241, #7878 ) ;
#286 = CARTESIAN_POINT ( 'NONE',  ( -6.303938353388223170, -0.006568097880588056638, 3.200000000000000178 ) ) ;
#287 = ORIENTED_EDGE ( 'NONE', *, *, #6712, .T. ) ;
#288 =( NAMED_UNIT ( * ) SI_UNIT ( $, .STERADIAN. ) SOLID_ANGLE_UNIT ( ) );
#289 = CARTESIAN_POINT ( 'NONE',  ( 1.943011365322266037, -0.07655456139094558854, 3.299999999999999378 ) ) ;
#290 = CARTESIAN_POINT ( 'NONE',  ( -7.374386749240819050, -0.4118328890935196718, 3.199999999999999734 ) ) ;
#291 =( GEOMETRIC_REPRESENTATION_CONTEXT ( 3 ) GLOBAL_UNCERTAINTY_ASSIGNED_CONTEXT ( ( #6525 ) ) GLOBAL_UNIT_ASSIGNED_CONTEXT ( ( #4871, #632, #6110 ) ) REPRESENTATION_CONTEXT ( 'NONE', 'WORKASPACE' ) );
#292 = CARTESIAN_POINT ( 'NONE',  ( 8.767210773216978836, -0.3410700691199376466, 3.200000000000000178 ) ) ;
#293 = SURFACE_STYLE_FILL_AREA ( #4482 ) ;
#294 =( GEOMETRIC_REPRESENTATION_CONTEXT ( 3 ) GLOBAL_UNCERTAINTY_ASSIGNED_CONTEXT ( ( #8972 ) ) GLOBAL_UNIT_ASSIGNED_CONTEXT ( ( #5566, #9004, #6761 ) ) REPRESENTATION_CONTEXT ( 'NONE', 'WORKASPACE' ) );
#295 = CARTESIAN_POINT ( 'NONE',  ( -7.888833631486791731, 0.4923525469145170752, 3.200000000000001954 ) ) ;
#296 = ORIENTED_EDGE ( 'NONE', *, *, #5926, .F. ) ;
#297 = PRESENTATION_LAYER_ASSIGNMENT (  '', '', ( #1775 ) ) ;
#298 = CARTESIAN_POINT ( 'NONE',  ( -8.059356210423766598, 0.03134514367316651451, 3.299999999999999822 ) ) ;
#299 = CARTESIAN_POINT ( 'NONE',  ( 8.557228843804351115, 0.1601887144121011686, 3.200000000000000622 ) ) ;
#300 = DIRECTION ( 'NONE',  ( -1.000000000000000000, 0.000000000000000000, 0.000000000000000000 ) ) ;
#301 = CARTESIAN_POINT ( 'NONE',  ( 30.67502342020044992, 12.51501761024782411, 1.500000000000008660 ) ) ;
#302 = DIRECTION ( 'NONE',  ( 0.000000000000000000, -1.000000000000000000, 0.000000000000000000 ) ) ;
#303 = CARTESIAN_POINT ( 'NONE',  ( -5.611456296796053067, 3.158925150470279331, 3.999999999999999112 ) ) ;
#304 = ORIENTED_EDGE ( 'NONE', *, *, #8091, .T. ) ;
#305 = CARTESIAN_POINT ( 'NONE',  ( -7.729292264640061916, -0.3520456472934123671, 3.199999999999999734 ) ) ;
#306 = LINE ( 'NONE', #4633, #3882 ) ;
#307 = ORIENTED_EDGE ( 'NONE', *, *, #4590, .T. ) ;
#308 = CARTESIAN_POINT ( 'NONE',  ( 4.949999999999998401, -2.700000000000003286, -3.200000000000000178 ) ) ;
#309 = CARTESIAN_POINT ( 'NONE',  ( 2.119390882108975305, 0.09717518542191658226, 3.299999999999999822 ) ) ;
#310 = CARTESIAN_POINT ( 'NONE',  ( -6.872803184284373756, 0.4661060021047258584, 3.200000000000001510 ) ) ;
#311 = LINE ( 'NONE', #1122, #6767 ) ;
#312 = CARTESIAN_POINT ( 'NONE',  ( 8.850553566844441278, 0.5194102690144177803, 3.299999999999999822 ) ) ;
#313 = CARTESIAN_POINT ( 'NONE',  ( -7.708030354410809970, -0.3517340791061676075, 3.299999999999999822 ) ) ;
#314 = EDGE_CURVE ( 'NONE', #6077, #8526, #4261, .T. ) ;
#315 = SURFACE_SIDE_STYLE ('',( #6631 ) ) ;
#316 = EDGE_LOOP ( 'NONE', ( #6032, #5041, #73, #4345 ) ) ;
#317 = CARTESIAN_POINT ( 'NONE',  ( -6.132958777110523840, -0.1140827936509006962, 3.199999999999998845 ) ) ;
#318 = LINE ( 'NONE', #1614, #5439 ) ;
#319 = EDGE_LOOP ( 'NONE', ( #3706, #4519, #8599, #6992 ) ) ;
#320 = PRESENTATION_STYLE_ASSIGNMENT (( #5198 ) ) ;
#321 = SURFACE_STYLE_USAGE ( .BOTH. , #3059 ) ;
#322 = CARTESIAN_POINT ( 'NONE',  ( 8.573891261106410866, -0.2031116944012719694, 3.199999999999999734 ) ) ;
#323 = CARTESIAN_POINT ( 'NONE',  ( -6.276548632706548503, 0.3663014702377211940, 3.300000000000000711 ) ) ;
#324 = CARTESIAN_POINT ( 'NONE',  ( -6.694804934965429055, -0.5303724282754067598, 3.299999999999998934 ) ) ;
#325 = CARTESIAN_POINT ( 'NONE',  ( 9.650000000000002132, 5.099999999999999645, 3.200000000000000178 ) ) ;
#326 = SURFACE_SIDE_STYLE ('',( #5118 ) ) ;
#327 = CARTESIAN_POINT ( 'NONE',  ( 4.949999999999998401, -2.700000000000003286, 3.200000000000000178 ) ) ;
#328 = CARTESIAN_POINT ( 'NONE',  ( 1.948717948717948900, -0.006568097880588056638, 3.200000000000000178 ) ) ;
#329 = CARTESIAN_POINT ( 'NONE',  ( 1.237990001267671003, -0.3763440889549810042, 3.200000000000000178 ) ) ;
#330 = SURFACE_SIDE_STYLE ('',( #7331 ) ) ;
#331 = ADVANCED_FACE ( 'NONE', ( #942, #3029 ), #4444, .F. ) ;
#332 = DIRECTION ( 'NONE',  ( -0.000000000000000000, -0.000000000000000000, -1.000000000000000000 ) ) ;
#333 = EDGE_CURVE ( 'NONE', #336, #2727, #9039, .T. ) ;
#334 = B_SPLINE_SURFACE_WITH_KNOTS ( 'NONE', 3, 1, ( 
 ( #5752, #1783 ),
 ( #1971, #5318 ),
 ( #5275, #6064 ),
 ( #6106, #7428 ),
 ( #8851, #532 ),
 ( #6155, #3218 ),
 ( #8947, #5464 ),
 ( #6660, #2673 ),
 ( #8896, #389 ),
 ( #2580, #1217 ),
 ( #480, #8258 ) ),
 .UNSPECIFIED., .F., .F., .F.,
 ( 4, 1, 1, 1, 1, 1, 1, 1, 4 ),
 ( 2, 2 ),
 ( 0.000000000000000000, 0.1394064381817396447, 0.2723044483741594024, 0.3995253362717584578, 0.5228108782578220204, 0.6426627165918695761, 0.7610226208095217659, 0.8798007967838054055, 1.000000000000000000 ),
 ( 0.000000000000000000, 1.000000000000000000 ),
 .UNSPECIFIED. ) ;
#335 = CARTESIAN_POINT ( 'NONE',  ( -8.116362757348884571, 0.3428730918388105398, 3.200000000000001510 ) ) ;
#336 = VERTEX_POINT ( 'NONE', #3677 ) ;
#337 = EDGE_CURVE ( 'NONE', #6609, #1884, #4297, .T. ) ;
#338 = LINE ( 'NONE', #429, #2595 ) ;
#339 = FILL_AREA_STYLE_COLOUR ( '', #4845 ) ;
#340 = CARTESIAN_POINT ( 'NONE',  ( 1.943011365322266037, -0.07655456139094558854, 3.299999999999999378 ) ) ;
#341 = DIRECTION ( 'NONE',  ( 0.9848077530122076872, 0.1736481776669323296, 0.000000000000000000 ) ) ;
#342 = LINE ( 'NONE', #2576, #6765 ) ;
#343 = ORIENTED_EDGE ( 'NONE', *, *, #6097, .F. ) ;
#344 = EDGE_CURVE ( 'NONE', #4743, #7189, #338, .T. ) ;
#345 =( LENGTH_UNIT ( ) NAMED_UNIT ( * ) SI_UNIT ( .MILLI., .METRE. ) );
#346 = CARTESIAN_POINT ( 'NONE',  ( 8.827128334991250824, 0.5188880348865969605, 3.299999999999999378 ) ) ;
#347 = SURFACE_SIDE_STYLE ('',( #5230 ) ) ;
#348 = B_SPLINE_CURVE_WITH_KNOTS ( 'NONE', 3,
 ( #4062, #5404, #5498, #6194, #6833, #2012, #8250, #1863, #8990, #4813, #7605, #1308, #8845, #2659, #430, #615, #3445, #6236, #8887 ),
 .UNSPECIFIED., .F., .F.,
 ( 4, 1, 1, 1, 1, 1, 1, 1, 1, 1, 1, 1, 1, 1, 1, 1, 4 ),
 ( 0.000000000000000000, 0.06339559666158975371, 0.1251572666424208558, 0.1856494665262528876, 0.2459766793408151020, 0.3061083686579563756, 0.3673505880891742015, 0.4299020782799137241, 0.4945399581831935176, 0.5593725826940472157, 0.6224096858457371928, 0.6843574258194754512, 0.7458066007722100599, 0.8074302750159150222, 0.8699955160697814271, 0.9339278677192724976, 1.000000000000000000 ),
 .UNSPECIFIED. ) ;
#349 = FILL_AREA_STYLE ('',( #4500 ) ) ;
#350 = CARTESIAN_POINT ( 'NONE',  ( -6.356231294197676185, 0.4336530536449935136, 3.199999999999999734 ) ) ;
#351 = CARTESIAN_POINT ( 'NONE',  ( -6.809620206651837648, 0.4926127530368565322, 3.299999999999998934 ) ) ;
#352 = STYLED_ITEM ( 'NONE', ( #1966 ), #5664 ) ;
#353 = CARTESIAN_POINT ( 'NONE',  ( 2.128205128205128638, -0.008971944034434263526, 3.299999999999999822 ) ) ;
#354 = CARTESIAN_POINT ( 'NONE',  ( 8.872466318810177555, 0.5195227755742916065, 3.300000000000000711 ) ) ;
#355 = DIRECTION ( 'NONE',  ( 0.6895740745890384105, -0.7242151583988499786, 0.000000000000000000 ) ) ;
#356 = VERTEX_POINT ( 'NONE', #6009 ) ;
#357 =( NAMED_UNIT ( * ) PLANE_ANGLE_UNIT ( ) SI_UNIT ( $, .RADIAN. ) );
#358 = AXIS2_PLACEMENT_3D ( 'NONE', #1367, #7523, #1218 ) ;
#359 = DIRECTION ( 'NONE',  ( 9.352351498228803317E-18, 0.7071067811865513475, -0.7071067811865436870 ) ) ;
#360 = ORIENTED_EDGE ( 'NONE', *, *, #7145, .T. ) ;
#361 = DIRECTION ( 'NONE',  ( 5.636022350248686866E-17, -0.7071067811865513475, 0.7071067811865436870 ) ) ;
#362 = CARTESIAN_POINT ( 'NONE',  ( -6.713150251292781867, 0.3345323263372206868, 3.299999999999999822 ) ) ;
#363 = DIRECTION ( 'NONE',  ( 0.8232733652589352413, 0.5676451057264810807, -0.000000000000000000 ) ) ;
#364 = CARTESIAN_POINT ( 'NONE',  ( 8.586304853159571593, -0.2211933102414292418, 3.199999999999999734 ) ) ;
#365 = SURFACE_STYLE_USAGE ( .BOTH. , #3156 ) ;
#366 = EDGE_CURVE ( 'NONE', #5487, #6342, #3888, .T. ) ;
#367 = CIRCLE ( 'NONE', #1401, 0.6499999999999995781 ) ;
#368 = PRESENTATION_LAYER_ASSIGNMENT (  '', '', ( #5063 ) ) ;
#369 =( LENGTH_UNIT ( ) NAMED_UNIT ( * ) SI_UNIT ( .MILLI., .METRE. ) );
#370 = ORIENTED_EDGE ( 'NONE', *, *, #5926, .T. ) ;
#371 = CARTESIAN_POINT ( 'NONE',  ( -7.422728417490787933, -0.2066882901882803603, 3.200000000000000178 ) ) ;
#372 = CARTESIAN_POINT ( 'NONE',  ( -7.720605020054890133, -0.5316081619831521943, 3.200000000000000178 ) ) ;
#373 = DIRECTION ( 'NONE',  ( 1.000000000000000000, 0.000000000000000000, 0.000000000000000000 ) ) ;
#374 = CARTESIAN_POINT ( 'NONE',  ( 1.679147238939872722, -0.3465187200052114447, 3.299999999999999822 ) ) ;
#375 =( LENGTH_UNIT ( ) NAMED_UNIT ( * ) SI_UNIT ( .MILLI., .METRE. ) );
#376 = VERTEX_POINT ( 'NONE', #8806 ) ;
#377 = CARTESIAN_POINT ( 'NONE',  ( 1.360393206633666807, -0.4714591131061918738, 3.200000000000001510 ) ) ;
#378 = PRESENTATION_STYLE_ASSIGNMENT (( #8659 ) ) ;
#379 = CARTESIAN_POINT ( 'NONE',  ( -6.982223225075241402, -0.04854050819326433813, 3.300000000000000266 ) ) ;
#380 = PLANE ( 'NONE',  #2349 ) ;
#381 = ORIENTED_EDGE ( 'NONE', *, *, #3220, .F. ) ;
#382 = CARTESIAN_POINT ( 'NONE',  ( -8.022950155814214668, 0.1601887144121016127, 3.299999999999999822 ) ) ;
#383 = DIRECTION ( 'NONE',  ( -4.819705125750658792E-18, 2.733390605558793955E-17, 1.000000000000000000 ) ) ;
#384 = FACE_OUTER_BOUND ( 'NONE', #3692, .T. ) ;
#385 = CARTESIAN_POINT ( 'NONE',  ( 1.446415489886831551, 0.3021718888387588398, 3.299999999999998490 ) ) ;
#386 = EDGE_CURVE ( 'NONE', #6609, #7093, #2437, .T. ) ;
#387 = VECTOR ( 'NONE', #4430, 1000.000000000000000 ) ;
#388 = ORIENTED_EDGE ( 'NONE', *, *, #5687, .F. ) ;
#389 = CARTESIAN_POINT ( 'NONE',  ( -7.683426906820830737, 0.3389756310232716618, 3.199999999999999289 ) ) ;
#390 = CARTESIAN_POINT ( 'NONE',  ( 8.586304853159571593, -0.2211933102414292418, 3.299999999999999378 ) ) ;
#391 = CARTESIAN_POINT ( 'NONE',  ( -8.239445974862983135, -0.02321618748560065268, 3.300000000000000266 ) ) ;
#392 = CARTESIAN_POINT ( 'NONE',  ( -6.640276494413864583, -0.5316081619831521943, 3.299999999999999822 ) ) ;
#393 = CARTESIAN_POINT ( 'NONE',  ( -7.928287326090790899, -0.4954108444338117812, 3.200000000000000178 ) ) ;
#394 = AXIS2_PLACEMENT_3D ( 'NONE', #5541, #2797, #5599 ) ;
#395 = CARTESIAN_POINT ( 'NONE',  ( -6.309644936783905145, -0.07655456139094551915, 3.199999999999999734 ) ) ;
#396 = MECHANICAL_DESIGN_GEOMETRIC_PRESENTATION_REPRESENTATION (  '', ( #6725 ), #1579 ) ;
#397 = LINE ( 'NONE', #2457, #8294 ) ;
#398 = AXIS2_PLACEMENT_3D ( 'NONE', #3827, #280, #2425 ) ;
#399 = EDGE_LOOP ( 'NONE', ( #6866, #3234, #5058, #1058 ) ) ;
#400 = AXIS2_PLACEMENT_3D ( 'NONE', #6359, #1425, #4795 ) ;
#401 = DIRECTION ( 'NONE',  ( -4.872818752743842964E-17, 1.000000000000000000, -0.000000000000000000 ) ) ;
#402 = PLANE ( 'NONE',  #8379 ) ;
#403 = EDGE_CURVE ( 'NONE', #608, #4138, #5962, .T. ) ;
#404 = ORIENTED_EDGE ( 'NONE', *, *, #1844, .T. ) ;
#405 =( NAMED_UNIT ( * ) SI_UNIT ( $, .STERADIAN. ) SOLID_ANGLE_UNIT ( ) );
#406 = CARTESIAN_POINT ( 'NONE',  ( 8.552477981440780752, -0.1640320186669447233, 3.200000000000000178 ) ) ;
#407 = CARTESIAN_POINT ( 'NONE',  ( 8.855367248794443924, 0.3401867098117196120, 3.200000000000000178 ) ) ;
#408 = AXIS2_PLACEMENT_3D ( 'NONE', #8847, #6796, #300 ) ;
#409 = PRESENTATION_LAYER_ASSIGNMENT (  '', '', ( #7755 ) ) ;
#410 = DIRECTION ( 'NONE',  ( -0.000000000000000000, -0.000000000000000000, -1.000000000000000000 ) ) ;
#411 = EDGE_LOOP ( 'NONE', ( #1564, #6233, #6315, #5617 ) ) ;
#412 = COLOUR_RGB ( '',1.000000000000000000, 1.000000000000000000, 1.000000000000000000 ) ;
#413 = LINE ( 'NONE', #3248, #2203 ) ;
#414 = CARTESIAN_POINT ( 'NONE',  ( 8.160856030845726750, 0.4940328636578734667, 3.299999999999999822 ) ) ;
#415 = LINE ( 'NONE', #1849, #3831 ) ;
#416 = CARTESIAN_POINT ( 'NONE',  ( 1.611778846153846256, -0.3521209824959727341, 3.200000000000000178 ) ) ;
#417 = CARTESIAN_POINT ( 'NONE',  ( 8.862378466743162875, 0.5196738892988990166, 3.200000000000000178 ) ) ;
#418 = UNCERTAINTY_MEASURE_WITH_UNIT (LENGTH_MEASURE( 1.000000000000000082E-05 ), #7228, 'distance_accuracy_value', 'NONE');
#419 = COLOUR_RGB ( '',0.2509803921568627416, 0.2509803921568627416, 0.2509803921568627416 ) ;
#420 =( NAMED_UNIT ( * ) PLANE_ANGLE_UNIT ( ) SI_UNIT ( $, .RADIAN. ) );
#421 = CARTESIAN_POINT ( 'NONE',  ( -6.658668047349510566, -0.5311913691742901067, 3.300000000000000266 ) ) ;
#422 = VECTOR ( 'NONE', #8302, 1000.000000000000000 ) ;
#423 = PRESENTATION_STYLE_ASSIGNMENT (( #8064 ) ) ;
#424 = VECTOR ( 'NONE', #7935, 1000.000000000000000 ) ;
#425 = FACE_OUTER_BOUND ( 'NONE', #7819, .T. ) ;
#426 =( NAMED_UNIT ( * ) SI_UNIT ( $, .STERADIAN. ) SOLID_ANGLE_UNIT ( ) );
#427 = EDGE_LOOP ( 'NONE', ( #780, #828, #1705, #1723 ) ) ;
#428 = CIRCLE ( 'NONE', #731, 0.8000000000000003775 ) ;
#429 = CARTESIAN_POINT ( 'NONE',  ( 0.2948717948717948789, 0.1500825431450529823, 3.299999999999999822 ) ) ;
#430 = CARTESIAN_POINT ( 'NONE',  ( -6.144957012804956875, 0.1474687861213269391, 3.200000000000000622 ) ) ;
#431 = COLOUR_RGB ( '',0.2509803921568627416, 0.2509803921568627416, 0.2509803921568627416 ) ;
#432 = LINE ( 'NONE', #4769, #6466 ) ;
#433 = CARTESIAN_POINT ( 'NONE',  ( -0.9454611344085804836, 6.099999999999999645, 1.119247819734363159 ) ) ;
#434 = SURFACE_STYLE_FILL_AREA ( #2535 ) ;
#435 = CARTESIAN_POINT ( 'NONE',  ( -6.427158554708191751, -0.2759600079345370105, 3.299999999999999378 ) ) ;
#436 = UNCERTAINTY_MEASURE_WITH_UNIT (LENGTH_MEASURE( 1.000000000000000082E-05 ), #7485, 'distance_accuracy_value', 'NONE');
#437 =( GEOMETRIC_REPRESENTATION_CONTEXT ( 3 ) GLOBAL_UNCERTAINTY_ASSIGNED_CONTEXT ( ( #8893 ) ) GLOBAL_UNIT_ASSIGNED_CONTEXT ( ( #8729, #8092, #3325 ) ) REPRESENTATION_CONTEXT ( 'NONE', 'WORKASPACE' ) );
#438 = VERTEX_POINT ( 'NONE', #4536 ) ;
#439 =( NAMED_UNIT ( * ) PLANE_ANGLE_UNIT ( ) SI_UNIT ( $, .RADIAN. ) );
#440 = CARTESIAN_POINT ( 'NONE',  ( 8.390739088201243590, 0.2322041354893933374, 3.299999999999999378 ) ) ;
#441 =( GEOMETRIC_REPRESENTATION_CONTEXT ( 3 ) GLOBAL_UNCERTAINTY_ASSIGNED_CONTEXT ( ( #1644 ) ) GLOBAL_UNIT_ASSIGNED_CONTEXT ( ( #8531, #8566, #5783 ) ) REPRESENTATION_CONTEXT ( 'NONE', 'WORKASPACE' ) );
#442 = FILL_AREA_STYLE ('',( #1875 ) ) ;
#444 =( GEOMETRIC_REPRESENTATION_CONTEXT ( 3 ) GLOBAL_UNCERTAINTY_ASSIGNED_CONTEXT ( ( #5504 ) ) GLOBAL_UNIT_ASSIGNED_CONTEXT ( ( #1448, #706, #7696 ) ) REPRESENTATION_CONTEXT ( 'NONE', 'WORKASPACE' ) );
#443 = CARTESIAN_POINT ( 'NONE',  ( -7.973973195884642706, -0.4745334255685825231, 3.199999999999999289 ) ) ;
#445 =( LENGTH_UNIT ( ) NAMED_UNIT ( * ) SI_UNIT ( .MILLI., .METRE. ) );
#446 = EDGE_CURVE ( 'NONE', #5908, #964, #8753, .T. ) ;
#447 = EDGE_CURVE ( 'NONE', #2929, #1006, #4584, .T. ) ;
#448 = ORIENTED_EDGE ( 'NONE', *, *, #7708, .T. ) ;
#449 = CARTESIAN_POINT ( 'NONE',  ( 8.858772697512392824, -0.3521209824959727341, 3.200000000000000178 ) ) ;
#450 = CARTESIAN_POINT ( 'NONE',  ( -6.640276494413864583, -0.5316081619831521943, 3.299999999999999822 ) ) ;
#451 = ORIENTED_EDGE ( 'NONE', *, *, #5258, .F. ) ;
#452 = CARTESIAN_POINT ( 'NONE',  ( 1.642759914435324209, 0.3392199482447084691, 3.200000000000000178 ) ) ;
#453 = CARTESIAN_POINT ( 'NONE',  ( 9.650000000000002132, -5.099999999999999645, 3.200000000000000178 ) ) ;
#454 = SURFACE_STYLE_USAGE ( .BOTH. , #1089 ) ;
#455 = FACE_OUTER_BOUND ( 'NONE', #3405, .T. ) ;
#456 = CARTESIAN_POINT ( 'NONE',  ( -6.454914361725979433, 0.2837438070785939792, 3.299999999999999822 ) ) ;
#457 = VERTEX_POINT ( 'NONE', #1811 ) ;
#458 = PRESENTATION_STYLE_ASSIGNMENT (( #4801 ) ) ;
#459 =( NAMED_UNIT ( * ) PLANE_ANGLE_UNIT ( ) SI_UNIT ( $, .RADIAN. ) );
#460 = APPLICATION_PROTOCOL_DEFINITION ( 'draft international standard', 'automotive_design', 1998, #5787 ) ;
#461 = CARTESIAN_POINT ( 'NONE',  ( -6.986772066458169839, 0.3895654489052693958, 3.200000000000000622 ) ) ;
#462 = ADVANCED_FACE ( 'NONE', ( #4669 ), #6695, .F. ) ;
#463 = EDGE_CURVE ( 'NONE', #7068, #879, #897, .T. ) ;
#464 = ORIENTED_EDGE ( 'NONE', *, *, #194, .T. ) ;
#465 = DIRECTION ( 'NONE',  ( -0.000000000000000000, -0.000000000000000000, -1.000000000000000000 ) ) ;
#466 = B_SPLINE_CURVE_WITH_KNOTS ( 'NONE', 3,
 ( #5236, #3049, #3777, #5894, #3893, #5841, #8724, #8774, #8635, #1746, #3180 ),
 .UNSPECIFIED., .F., .F.,
 ( 4, 1, 1, 1, 1, 1, 1, 1, 4 ),
 ( 0.000000000000000000, 0.1394064381817378129, 0.2723044483741574595, 0.3995253362717564594, 0.5228108782578221314, 0.6426627165918673557, 0.7610226208095218770, 0.8798007967838055166, 1.000000000000000000 ),
 .UNSPECIFIED. ) ;
#467 = CARTESIAN_POINT ( 'NONE',  ( 9.246836417066219838, 0.3658391449339720158, 3.199999999999998845 ) ) ;
#468 = LINE ( 'NONE', #659, #2196 ) ;
#469 = ORIENTED_EDGE ( 'NONE', *, *, #3806, .F. ) ;
#470 = CARTESIAN_POINT ( 'NONE',  ( -6.304254708005980312, 0.005331963233136725530, 3.199999999999999734 ) ) ;
#471 =( NAMED_UNIT ( * ) SI_UNIT ( $, .STERADIAN. ) SOLID_ANGLE_UNIT ( ) );
#472 = SURFACE_STYLE_USAGE ( .BOTH. , #6143 ) ;
#473 = CARTESIAN_POINT ( 'NONE',  ( -6.303938353388223170, -0.006568097880588056638, 3.299999999999999822 ) ) ;
#474 = FACE_OUTER_BOUND ( 'NONE', #1334, .T. ) ;
#475 = CARTESIAN_POINT ( 'NONE',  ( -8.060014200092288306, 0.007934199377222219893, 3.200000000000000178 ) ) ;
#476 = CARTESIAN_POINT ( 'NONE',  ( -8.027701018177783254, -0.1640320186669446678, 3.299999999999998934 ) ) ;
#477 = B_SPLINE_CURVE_WITH_KNOTS ( 'NONE', 3,
 ( #4338, #837, #4383, #1394, #1533, #4200, #3622, #7018, #3546, #7738, #2933 ),
 .UNSPECIFIED., .F., .F.,
 ( 4, 1, 1, 1, 1, 1, 1, 1, 4 ),
 ( 0.000000000000000000, 0.1279910255623737114, 0.2530983915017062102, 0.3761840584327906245, 0.4989363124701253760, 0.6215258806257302204, 0.7457068938016918613, 0.8715753502968709432, 1.000000000000000000 ),
 .UNSPECIFIED. ) ;
#478 = B_SPLINE_SURFACE_WITH_KNOTS ( 'NONE', 3, 1, ( 
 ( #4256, #7077 ),
 ( #3871, #1771 ),
 ( #379, #1721 ),
 ( #2480, #7373 ),
 ( #1067, #2399 ),
 ( #6559, #3801 ),
 ( #4531, #3753 ),
 ( #250, #5172 ),
 ( #5819, #8706 ),
 ( #2434, #7336 ),
 ( #980, #6607 ) ),
 .UNSPECIFIED., .F., .F., .F.,
 ( 4, 1, 1, 1, 1, 1, 1, 1, 4 ),
 ( 2, 2 ),
 ( 0.000000000000000000, 0.1348068327792202314, 0.2641990558543176881, 0.3884618167279423329, 0.5099420983643723204, 0.6304096106127703436, 0.7506710345119795846, 0.8734547255294238255, 1.000000000000000000 ),
 ( 0.000000000000000000, 1.000000000000000000 ),
 .UNSPECIFIED. ) ;
#479 = ORIENTED_EDGE ( 'NONE', *, *, #5288, .F. ) ;
#480 = CARTESIAN_POINT ( 'NONE',  ( -7.724811750824120971, 0.3401867098117196120, 3.299999999999999822 ) ) ;
#481 = EDGE_CURVE ( 'NONE', #8655, #3207, #3078, .T. ) ;
#482 = CARTESIAN_POINT ( 'NONE',  ( 8.537979392360039554, 0.4108470374215141274, 3.299999999999999378 ) ) ;
#483 = CARTESIAN_POINT ( 'NONE',  ( 7.527642889820085337, 0.4940328636578736887, 3.200000000000000178 ) ) ;
#484 = DIRECTION ( 'NONE',  ( 0.000000000000000000, -1.000000000000000000, 0.000000000000000000 ) ) ;
#485 = CARTESIAN_POINT ( 'NONE',  ( -6.641678738003607307, 0.5196738892988990166, 3.199999999999999289 ) ) ;
#486 = EDGE_CURVE ( 'NONE', #6357, #3238, #3492, .T. ) ;
#487 = FACE_OUTER_BOUND ( 'NONE', #6153, .T. ) ;
#488 = CARTESIAN_POINT ( 'NONE',  ( -5.451374250824120082, -0.2034831619831521665, 3.299999999999999822 ) ) ;
#489 = ORIENTED_EDGE ( 'NONE', *, *, #5245, .F. ) ;
#490 = DIRECTION ( 'NONE',  ( 0.000000000000000000, 0.000000000000000000, 1.000000000000000000 ) ) ;
#491 = CARTESIAN_POINT ( 'NONE',  ( 9.003583728640430550, -0.5156567323843217476, 3.299999999999998934 ) ) ;
#492 = ORIENTED_EDGE ( 'NONE', *, *, #4721, .T. ) ;
#493 = CARTESIAN_POINT ( 'NONE',  ( 1.106881317677204546, 0.1321026973104380275, 3.299999999999999822 ) ) ;
#494 = CARTESIAN_POINT ( 'NONE',  ( -8.172788370481688602, 5.360472266500400984, -3.400000000000000799 ) ) ;
#495 =( NAMED_UNIT ( * ) PLANE_ANGLE_UNIT ( ) SI_UNIT ( $, .RADIAN. ) );
#496 = FACE_OUTER_BOUND ( 'NONE', #6568, .T. ) ;
#497 = SURFACE_STYLE_FILL_AREA ( #3330 ) ;
#498 = UNCERTAINTY_MEASURE_WITH_UNIT (LENGTH_MEASURE( 1.000000000000000082E-05 ), #2734, 'distance_accuracy_value', 'NONE');
#499 = COLOUR_RGB ( '',0.2509803921568627416, 0.2509803921568627416, 0.2509803921568627416 ) ;
#500 = CARTESIAN_POINT ( 'NONE',  ( -6.359256945870946254, 0.1868347255909332261, 3.300000000000000266 ) ) ;
#501 = PRESENTATION_LAYER_ASSIGNMENT (  '', '', ( #7559 ) ) ;
#502 = ORIENTED_EDGE ( 'NONE', *, *, #3625, .F. ) ;
#503 = CARTESIAN_POINT ( 'NONE',  ( -6.576154761274685789, 0.3346558347328091321, 3.199999999999999289 ) ) ;
#504 = EDGE_CURVE ( 'NONE', #8241, #4453, #3362, .T. ) ;
#505 = CARTESIAN_POINT ( 'NONE',  ( -8.231695149398586153, -0.1142971413678125631, 3.200000000000000622 ) ) ;
#506 = CARTESIAN_POINT ( 'NONE',  ( 1.573379200815559820, 0.3392531119941205597, 3.200000000000000622 ) ) ;
#507 = CARTESIAN_POINT ( 'NONE',  ( -7.158805927269335179, 0.06460574420434533893, 3.200000000000000622 ) ) ;
#508 = CARTESIAN_POINT ( 'NONE',  ( 8.463816242269675882, 0.3428730918388118165, 3.199999999999999734 ) ) ;
#509 = UNCERTAINTY_MEASURE_WITH_UNIT (LENGTH_MEASURE( 1.000000000000000082E-05 ), #2222, 'distance_accuracy_value', 'NONE');
#510 = VERTEX_POINT ( 'NONE', #2658 ) ;
#511 = FILL_AREA_STYLE_COLOUR ( '', #5708 ) ;
#512 = CARTESIAN_POINT ( 'NONE',  ( -7.690325055303554258, -0.5313234687482653040, 3.199999999999999289 ) ) ;
#513 = LINE ( 'NONE', #5542, #5585 ) ;
#514 =( GEOMETRIC_REPRESENTATION_CONTEXT ( 3 ) GLOBAL_UNCERTAINTY_ASSIGNED_CONTEXT ( ( #8126 ) ) GLOBAL_UNIT_ASSIGNED_CONTEXT ( ( #8763, #3848, #7429 ) ) REPRESENTATION_CONTEXT ( 'NONE', 'WORKASPACE' ) );
#515 = SURFACE_STYLE_FILL_AREA ( #4762 ) ;
#516 = MECHANICAL_DESIGN_GEOMETRIC_PRESENTATION_REPRESENTATION (  '', ( #8443 ), #4045 ) ;
#517 = CARTESIAN_POINT ( 'NONE',  ( -8.060348609798481334, -0.003963931213921352385, 3.300000000000000266 ) ) ;
#518 = AXIS2_PLACEMENT_3D ( 'NONE', #4487, #7376, #8150 ) ;
#519 = ORIENTED_EDGE ( 'NONE', *, *, #7257, .T. ) ;
#520 = CARTESIAN_POINT ( 'NONE',  ( -6.970226049236039501, 0.09804061167687982969, 3.200000000000000178 ) ) ;
#521 = SURFACE_STYLE_FILL_AREA ( #2760 ) ;
#522 = EDGE_CURVE ( 'NONE', #763, #3963, #662, .T. ) ;
#523 = CARTESIAN_POINT ( 'NONE',  ( -8.043729114147225800, -0.1217338719146439513, 3.299999999999998934 ) ) ;
#524 = DIRECTION ( 'NONE',  ( -1.000000000000000000, 0.000000000000000000, 0.000000000000000000 ) ) ;
#525 = DIRECTION ( 'NONE',  ( -0.1736481776669306920, 0.9848077530122080203, 0.000000000000000000 ) ) ;
#526 = DIRECTION ( 'NONE',  ( 0.000000000000000000, -0.000000000000000000, -1.000000000000000000 ) ) ;
#527 = COLOUR_RGB ( '',1.000000000000000000, 1.000000000000000000, 1.000000000000000000 ) ;
#528 = UNCERTAINTY_MEASURE_WITH_UNIT (LENGTH_MEASURE( 1.000000000000000082E-05 ), #1252, 'distance_accuracy_value', 'NONE');
#529 = CARTESIAN_POINT ( 'NONE',  ( 1.943108021506276595, 0.06318993120499195870, 3.300000000000001155 ) ) ;
#530 = CARTESIAN_POINT ( 'NONE',  ( -8.060062283446537634, -0.02877474711494830417, 3.199999999999999734 ) ) ;
#531 = ORIENTED_EDGE ( 'NONE', *, *, #8797, .F. ) ;
#532 = CARTESIAN_POINT ( 'NONE',  ( -7.527384011667990649, 0.2835775364371888041, 3.200000000000000622 ) ) ;
#533 = EDGE_CURVE ( 'NONE', #2791, #4867, #6140, .T. ) ;
#534 = CARTESIAN_POINT ( 'NONE',  ( 8.614359987211621217, -0.2543802362554989926, 3.299999999999999378 ) ) ;
#535 = PRESENTATION_LAYER_ASSIGNMENT (  '', '', ( #3050 ) ) ;
#536 = CARTESIAN_POINT ( 'NONE',  ( -8.183686341169305933, -0.2610817460956936231, 3.299999999999999822 ) ) ;
#537 = CARTESIAN_POINT ( 'NONE',  ( -6.240831873561444532, 0.3273396378151152697, 3.299999999999998934 ) ) ;
#538 = SURFACE_STYLE_USAGE ( .BOTH. , #2081 ) ;
#539 =( NAMED_UNIT ( * ) PLANE_ANGLE_UNIT ( ) SI_UNIT ( $, .RADIAN. ) );
#540 = CARTESIAN_POINT ( 'NONE',  ( -7.291117840567710395, 0.3205552995553094253, 3.299999999999999822 ) ) ;
#541 = LINE ( 'NONE', #5369, #1842 ) ;
#542 = ORIENTED_EDGE ( 'NONE', *, *, #2189, .T. ) ;
#543 = CARTESIAN_POINT ( 'NONE',  ( -7.484328334921676706, 0.4679707148980198905, 3.299999999999998934 ) ) ;
#544 = FACE_OUTER_BOUND ( 'NONE', #3972, .T. ) ;
#545 = ORIENTED_EDGE ( 'NONE', *, *, #3855, .F. ) ;
#546 = CARTESIAN_POINT ( 'NONE',  ( 1.935267142248066063, 0.09618413066264040745, 3.200000000000000622 ) ) ;
#547 = LINE ( 'NONE', #4089, #2049 ) ;
#548 = CARTESIAN_POINT ( 'NONE',  ( -8.116362757348884571, 0.3428730918388105398, 3.199999999999999289 ) ) ;
#549 = FACE_OUTER_BOUND ( 'NONE', #1829, .T. ) ;
#550 = AXIS2_PLACEMENT_3D ( 'NONE', #4330, #7648, #8327 ) ;
#551 = CIRCLE ( 'NONE', #1733, 0.8000000000000002665 ) ;
#552 = ORIENTED_EDGE ( 'NONE', *, *, #2942, .T. ) ;
#553 = DIRECTION ( 'NONE',  ( 0.000000000000000000, -0.000000000000000000, 1.000000000000000000 ) ) ;
#554 = FILL_AREA_STYLE_COLOUR ( '', #8004 ) ;
#555 = CARTESIAN_POINT ( 'NONE',  ( 8.049999999999998934, -9.099999999999999645, -1.449999999999998623 ) ) ;
#556 = PRESENTATION_LAYER_ASSIGNMENT (  '', '', ( #3531 ) ) ;
#557 = CARTESIAN_POINT ( 'NONE',  ( 8.344265145899118608, 0.06818793015636749610, 3.199999999999999734 ) ) ;
#558 = ORIENTED_EDGE ( 'NONE', *, *, #2545, .T. ) ;
#559 = PRESENTATION_STYLE_ASSIGNMENT (( #8877 ) ) ;
#561 = PRESENTATION_LAYER_ASSIGNMENT (  '', '', ( #2789 ) ) ;
#560 = FILL_AREA_STYLE ('',( #3298 ) ) ;
#562 = COLOUR_RGB ( '',0.2509803921568627416, 0.2509803921568627416, 0.2509803921568627416 ) ;
#563 = PLANE ( 'NONE',  #3754 ) ;
#564 = B_SPLINE_SURFACE_WITH_KNOTS ( 'NONE', 3, 1, ( 
 ( #6012, #5501 ),
 ( #7660, #4253 ),
 ( #2855, #4941 ),
 ( #6336, #29 ),
 ( #1399, #5655 ),
 ( #619, #8394 ),
 ( #793, #4989 ),
 ( #1311, #67 ),
 ( #1500, #5695 ),
 ( #7075, #7741 ),
 ( #6287, #6377 ),
 ( #7699, #1450 ),
 ( #7784, #4204 ),
 ( #4296, #3588 ),
 ( #1360, #2015 ),
 ( #4163, #3448 ),
 ( #9035, #9082 ),
 ( #6239, #7109 ),
 ( #6198, #8993 ) ),
 .UNSPECIFIED., .F., .F., .F.,
 ( 4, 1, 1, 1, 1, 1, 1, 1, 1, 1, 1, 1, 1, 1, 1, 1, 4 ),
 ( 2, 2 ),
 ( 0.000000000000000000, 0.06227577837077089007, 0.1239040620075177040, 0.1850672407687293519, 0.2468401515202069685, 0.3084353298497787832, 0.3702412507091075722, 0.4325865888798534065, 0.4959245816612427582, 0.5593510709509255108, 0.6219426542010910719, 0.6843928672351846654, 0.7469858082645239872, 0.8094414645316989620, 0.8725078327139383916, 0.9357692970662283560, 1.000000000000000000 ),
 ( 0.000000000000000000, 1.000000000000000000 ),
 .UNSPECIFIED. ) ;
#565 = CARTESIAN_POINT ( 'NONE',  ( 9.289061159050852723, 0.3205552995553094253, 3.299999999999999822 ) ) ;
#566 = CARTESIAN_POINT ( 'NONE',  ( 1.771008668473997183, -0.3137282725069115430, 3.199999999999999734 ) ) ;
#567 = B_SPLINE_CURVE_WITH_KNOTS ( 'NONE', 3,
 ( #8031, #1873, #7477, #1173, #3982, #8716, #6017, #7300, #4548, #2448, #6703, #390, #8816, #534, #628, #2023, #4028, #3363, #3455, #4211, #6247, #6943, #4776, #7707, #6294, #9091, #6204 ),
 .UNSPECIFIED., .F., .F.,
 ( 4, 1, 1, 1, 1, 1, 1, 1, 1, 1, 1, 1, 1, 1, 1, 1, 1, 1, 1, 1, 1, 1, 1, 1, 4 ),
 ( 0.000000000000000000, 0.04598585339557187401, 0.09063906186439560364, 0.1344852733868698857, 0.1773313561259422244, 0.2192648329782468375, 0.2607850023581460008, 0.3023165723378498648, 0.3434357294037528319, 0.3841814737656312206, 0.4243757389977437788, 0.4641811219517815168, 0.5040119825276108134, 0.5438224623104054301, 0.5838024645760238052, 0.6244185350988855632, 0.6655475595785355081, 0.7066749396536337047, 0.7478269788975759891, 0.7888951165570471380, 0.8302193579728140982, 0.8717069369478630536, 0.9137338536047365789, 0.9565878279841859566, 1.000000000000000000 ),
 .UNSPECIFIED. ) ;
#568 = PRESENTATION_LAYER_ASSIGNMENT (  '', '', ( #8354 ) ) ;
#569 = ORIENTED_EDGE ( 'NONE', *, *, #3600, .T. ) ;
#570 = CARTESIAN_POINT ( 'NONE',  ( -6.806240812219338743, 0.3021718888387588398, 3.199999999999999289 ) ) ;
#571 = DIRECTION ( 'NONE',  ( -1.000000000000000000, -4.872818752743843581E-17, -0.000000000000000000 ) ) ;
#572 = AXIS2_PLACEMENT_3D ( 'NONE', #7668, #9044, #8433 ) ;
#573 = CARTESIAN_POINT ( 'NONE',  ( -7.744962791287942849, -0.3518959455551436410, 3.300000000000000266 ) ) ;
#574 = CARTESIAN_POINT ( 'NONE',  ( -6.539489436970026937, 0.5109268450267249184, 3.300000000000000266 ) ) ;
#575 = SURFACE_SIDE_STYLE ('',( #2488 ) ) ;
#576 = CARTESIAN_POINT ( 'NONE',  ( -7.721406302106172070, -0.3521209824959727341, 3.200000000000000178 ) ) ;
#577 = ADVANCED_BREP_SHAPE_REPRESENTATION ( 'micro_switch', ( #6907, #7140, #4250 ), #5869 ) ;
#578 = CARTESIAN_POINT ( 'NONE',  ( -8.054947767381044343, 0.06578350923150994012, 3.300000000000001155 ) ) ;
#579 = CARTESIAN_POINT ( 'NONE',  ( -8.060062283446537634, -0.02877474711494830417, 3.299999999999999822 ) ) ;
#580 = ORIENTED_EDGE ( 'NONE', *, *, #5308, .F. ) ;
#581 = CARTESIAN_POINT ( 'NONE',  ( 7.545471415461110887, 0.1500825431450529823, 3.200000000000000178 ) ) ;
#582 = FILL_AREA_STYLE_COLOUR ( '', #5517 ) ;
#583 = LINE ( 'NONE', #1266, #5131 ) ;
#584 = CARTESIAN_POINT ( 'NONE',  ( -7.014666300838499957, -0.3763440889549815038, 3.199999999999999289 ) ) ;
#585 = PLANE ( 'NONE',  #8570 ) ;
#586 = PRESENTATION_LAYER_ASSIGNMENT (  '', '', ( #3259 ) ) ;
#587 = ORIENTED_EDGE ( 'NONE', *, *, #4143, .F. ) ;
#588 =( GEOMETRIC_REPRESENTATION_CONTEXT ( 3 ) GLOBAL_UNCERTAINTY_ASSIGNED_CONTEXT ( ( #8440 ) ) GLOBAL_UNIT_ASSIGNED_CONTEXT ( ( #6348, #4953, #4264 ) ) REPRESENTATION_CONTEXT ( 'NONE', 'WORKASPACE' ) );
#589 = CARTESIAN_POINT ( 'NONE',  ( -5.037111430311299820, 0.4940328636578734667, 3.299999999999999822 ) ) ;
#590 = CARTESIAN_POINT ( 'NONE',  ( 9.029862366898305126, -0.5084839178479507726, 3.299999999999999378 ) ) ;
#591 = FACE_OUTER_BOUND ( 'NONE', #3171, .T. ) ;
#592 = ORIENTED_EDGE ( 'NONE', *, *, #7550, .F. ) ;
#593 = CARTESIAN_POINT ( 'NONE',  ( 1.924409374778738080, 0.1277919000503632829, 3.299999999999998490 ) ) ;
#594 = FILL_AREA_STYLE ('',( #6916 ) ) ;
#595 = CARTESIAN_POINT ( 'NONE',  ( -6.641678738003607307, 0.5196738892988990166, 3.200000000000000178 ) ) ;
#596 =( LENGTH_UNIT ( ) NAMED_UNIT ( * ) SI_UNIT ( .MILLI., .METRE. ) );
#597 = CARTESIAN_POINT ( 'NONE',  ( 1.467735895074102848, -0.3224749732304595939, 3.300000000000000711 ) ) ;
#598 = EDGE_CURVE ( 'NONE', #4268, #3724, #8935, .T. ) ;
#599 = AXIS2_PLACEMENT_3D ( 'NONE', #5989, #4426, #2467 ) ;
#600 = SURFACE_SIDE_STYLE ('',( #1949 ) ) ;
#601 = VERTEX_POINT ( 'NONE', #7656 ) ;
#602 = CARTESIAN_POINT ( 'NONE',  ( 1.285618067712680723, -0.1247365237899443202, 3.199999999999999734 ) ) ;
#603 = FILL_AREA_STYLE_COLOUR ( '', #1395 ) ;
#604 = CARTESIAN_POINT ( 'NONE',  ( -7.162457095575358146, 0.02976923344599156918, 3.299999999999999822 ) ) ;
#605 = FILL_AREA_STYLE_COLOUR ( '', #431 ) ;
#606 = UNCERTAINTY_MEASURE_WITH_UNIT (LENGTH_MEASURE( 1.000000000000000082E-05 ), #2185, 'distance_accuracy_value', 'NONE');
#607 = EDGE_CURVE ( 'NONE', #6083, #1658, #2009, .T. ) ;
#608 = VERTEX_POINT ( 'NONE', #5606 ) ;
#609 = FACE_OUTER_BOUND ( 'NONE', #7359, .T. ) ;
#610 = SURFACE_STYLE_FILL_AREA ( #5450 ) ;
#611 = CARTESIAN_POINT ( 'NONE',  ( 9.246836417066219838, 0.3658391449339720158, 3.299999999999998934 ) ) ;
#612 = CARTESIAN_POINT ( 'NONE',  ( 1.349417764100589778, 0.4494819551304643501, 3.200000000000000622 ) ) ;
#613 = ORIENTED_EDGE ( 'NONE', *, *, #7606, .T. ) ;
#614 = CARTESIAN_POINT ( 'NONE',  ( 8.049999999999998934, -9.099999999999999645, 1.449999999999998623 ) ) ;
#615 = CARTESIAN_POINT ( 'NONE',  ( -6.133265419997195877, 0.09717518542191644348, 3.199999999999999734 ) ) ;
#616 = ADVANCED_FACE ( 'NONE', ( #1962 ), #4015, .T. ) ;
#617 = CARTESIAN_POINT ( 'NONE',  ( -6.383250445032783382, 2.122022944157992974, -2.673158828267540015E-15 ) ) ;
#618 = CARTESIAN_POINT ( 'NONE',  ( 1.715552630604734174, -0.5230614853588315682, 3.199999999999999734 ) ) ;
#619 = CARTESIAN_POINT ( 'NONE',  ( -7.598798677306715099, 0.5068409488856570055, 3.299999999999998934 ) ) ;
#620 = DIRECTION ( 'NONE',  ( 1.000000000000000000, 0.000000000000000000, 0.000000000000000000 ) ) ;
#621 = EDGE_CURVE ( 'NONE', #1702, #2894, #8602, .T. ) ;
#622 = UNCERTAINTY_MEASURE_WITH_UNIT (LENGTH_MEASURE( 1.000000000000000082E-05 ), #1729, 'distance_accuracy_value', 'NONE');
#623 = LINE ( 'NONE', #1314, #3895 ) ;
#624 = EDGE_CURVE ( 'NONE', #8825, #1749, #5773, .T. ) ;
#625 = CARTESIAN_POINT ( 'NONE',  ( -7.965819012406942790, -0.2543802362555004359, 3.299999999999999822 ) ) ;
#626 = ORIENTED_EDGE ( 'NONE', *, *, #3353, .T. ) ;
#627 = CARTESIAN_POINT ( 'NONE',  ( 8.840923618435738263, -0.5311327270839869552, 3.200000000000000178 ) ) ;
#628 = CARTESIAN_POINT ( 'NONE',  ( 8.630294114871741584, -0.2691643865731928043, 3.299999999999998490 ) ) ;
#629 = DIRECTION ( 'NONE',  ( 1.000000000000000000, 0.000000000000000000, 0.000000000000000000 ) ) ;
#630 = PRESENTATION_STYLE_ASSIGNMENT (( #1507 ) ) ;
#631 = CARTESIAN_POINT ( 'NONE',  ( 1.269230769230769162, -0.007970341470331657879, 3.200000000000000178 ) ) ;
#632 =( NAMED_UNIT ( * ) PLANE_ANGLE_UNIT ( ) SI_UNIT ( $, .RADIAN. ) );
#633 =( NAMED_UNIT ( * ) PLANE_ANGLE_UNIT ( ) SI_UNIT ( $, .RADIAN. ) );
#634 = CARTESIAN_POINT ( 'NONE',  ( 9.149912209990898049, 0.4393128055917986385, 3.299999999999998934 ) ) ;
#635 =( NAMED_UNIT ( * ) PLANE_ANGLE_UNIT ( ) SI_UNIT ( $, .RADIAN. ) );
#636 = EDGE_LOOP ( 'NONE', ( #2482, #5207, #8198, #7476 ) ) ;
#637 = FACE_OUTER_BOUND ( 'NONE', #3, .T. ) ;
#638 = FILL_AREA_STYLE_COLOUR ( '', #1563 ) ;
#639 = CARTESIAN_POINT ( 'NONE',  ( 1.761812453343071683, 0.4988563023161741716, 3.200000000000001066 ) ) ;
#640 = ORIENTED_EDGE ( 'NONE', *, *, #5630, .F. ) ;
#641 = FACE_OUTER_BOUND ( 'NONE', #3980, .T. ) ;
#642 = SURFACE_STYLE_USAGE ( .BOTH. , #7128 ) ;
#643 = B_SPLINE_SURFACE_WITH_KNOTS ( 'NONE', 3, 1, ( 
 ( #256, #2440 ),
 ( #8025, #2356 ),
 ( #4397, #7933 ),
 ( #7214, #6522 ),
 ( #1640, #3083 ),
 ( #5877, #3664 ),
 ( #2289, #157 ),
 ( #6374, #24 ),
 ( #8600, #4249 ),
 ( #3017, #2980 ),
 ( #3585, #6462 ),
 ( #1444, #7150 ),
 ( #2886, #5691 ),
 ( #5811, #6411 ),
 ( #7915, #2248 ),
 ( #8465, #703 ),
 ( #2851, #5119 ),
 ( #7868, #3544 ),
 ( #5651, #4380 ),
 ( #7070, #1626 ),
 ( #8423, #7106 ),
 ( #2150, #4937 ),
 ( #7736, #2201 ),
 ( #7781, #758 ),
 ( #1574, #7200 ),
 ( #790, #2337 ),
 ( #5733, #5066 ) ),
 .UNSPECIFIED., .F., .F., .F.,
 ( 4, 1, 1, 1, 1, 1, 1, 1, 1, 1, 1, 1, 1, 1, 1, 1, 1, 1, 1, 1, 1, 1, 1, 1, 4 ),
 ( 2, 2 ),
 ( 0.000000000000000000, 0.04311434566197348828, 0.08568276482420900120, 0.1275943241639273251, 0.1690586225605482384, 0.2104320288213097911, 0.2518111664630527935, 0.2934438397982392921, 0.3353808532218249261, 0.3774766059607942426, 0.4186884906768272296, 0.4598730336711987499, 0.5008729046253153072, 0.5418727755794316980, 0.5832117768673237279, 0.6247632017340757349, 0.6669876223820893069, 0.7093697058942394218, 0.7511026519448575911, 0.7925683801202206835, 0.8335451085502586510, 0.8748274225565259021, 0.9160177232110674472, 0.9578592039763048627, 1.000000000000000000 ),
 ( 0.000000000000000000, 1.000000000000000000 ),
 .UNSPECIFIED. ) ;
#644 = CARTESIAN_POINT ( 'NONE',  ( -6.886094640301323899, 0.2422483537722805724, 3.200000000000000178 ) ) ;
#645 = CARTESIAN_POINT ( 'NONE',  ( -5.800000000000001599, -2.700000000000002842, -3.200000000000000178 ) ) ;
#646 = CARTESIAN_POINT ( 'NONE',  ( 8.340507927015170964, 0.007930290384855711097, 3.199999999999999734 ) ) ;
#647 = DIRECTION ( 'NONE',  ( 0.000000000000000000, -0.000000000000000000, -1.000000000000000000 ) ) ;
#648 = EDGE_CURVE ( 'NONE', #8780, #2727, #200, .T. ) ;
#649 = ORIENTED_EDGE ( 'NONE', *, *, #6228, .T. ) ;
#650 = LINE ( 'NONE', #4969, #6445 ) ;
#651 = CARTESIAN_POINT ( 'NONE',  ( 1.203435150288049593, -0.3367524797816547899, 3.199999999999998845 ) ) ;
#652 = CARTESIAN_POINT ( 'NONE',  ( 1.323829116549537499, 0.1897221279670411043, 3.299999999999999822 ) ) ;
#653 = ORIENTED_EDGE ( 'NONE', *, *, #8178, .T. ) ;
#654 = CARTESIAN_POINT ( 'NONE',  ( 8.396492658449254520, -0.2610817460956941227, 3.199999999999999289 ) ) ;
#655 = ADVANCED_FACE ( 'NONE', ( #4337 ), #759, .T. ) ;
#656 = CARTESIAN_POINT ( 'NONE',  ( 1.948401594100191536, 0.005331963233136713387, 3.199999999999999734 ) ) ;
#657 = STYLED_ITEM ( 'NONE', ( #1155 ), #5798 ) ;
#658 =( NAMED_UNIT ( * ) SI_UNIT ( $, .STERADIAN. ) SOLID_ANGLE_UNIT ( ) );
#659 = CARTESIAN_POINT ( 'NONE',  ( 0.7307692307692308376, 0.4940328636578734667, 3.299999999999999822 ) ) ;
#660 = ORIENTED_EDGE ( 'NONE', *, *, #6733, .F. ) ;
#661 =( GEOMETRIC_REPRESENTATION_CONTEXT ( 3 ) GLOBAL_UNCERTAINTY_ASSIGNED_CONTEXT ( ( #3931 ) ) GLOBAL_UNIT_ASSIGNED_CONTEXT ( ( #1301, #3734, #2371 ) ) REPRESENTATION_CONTEXT ( 'NONE', 'WORKASPACE' ) );
#662 = LINE ( 'NONE', #6883, #3486 ) ;
#663 = STYLED_ITEM ( 'NONE', ( #7802 ), #105 ) ;
#664 = DIRECTION ( 'NONE',  ( 0.000000000000000000, -1.000000000000000000, 0.000000000000000000 ) ) ;
#665 = CARTESIAN_POINT ( 'NONE',  ( -7.963764381352739008, 0.2411685070530455166, 3.199999999999999734 ) ) ;
#666 = DIRECTION ( 'NONE',  ( 1.000000000000000000, 0.000000000000000000, 0.000000000000000000 ) ) ;
#667 = FILL_AREA_STYLE_COLOUR ( '', #7120 ) ;
#668 = CARTESIAN_POINT ( 'NONE',  ( -7.708030354410809970, -0.3517340791061676075, 3.299999999999999822 ) ) ;
#669 = STYLED_ITEM ( 'NONE', ( #4218 ), #6382 ) ;
#670 = CARTESIAN_POINT ( 'NONE',  ( 1.935267142248066063, 0.09618413066264040745, 3.300000000000000266 ) ) ;
#671 = AXIS2_PLACEMENT_3D ( 'NONE', #4393, #7211, #7791 ) ;
#672 =( NAMED_UNIT ( * ) SI_UNIT ( $, .STERADIAN. ) SOLID_ANGLE_UNIT ( ) );
#673 = ORIENTED_EDGE ( 'NONE', *, *, #6048, .F. ) ;
#674 = DIRECTION ( 'NONE',  ( 0.6895740745890384105, -0.7242151583988499786, 0.000000000000000000 ) ) ;
#675 = CARTESIAN_POINT ( 'NONE',  ( -0.5553658483541938917, 3.149636239007700844, -1.457167719820517959E-16 ) ) ;
#676 = CARTESIAN_POINT ( 'NONE',  ( -6.309644936783905145, -0.07655456139094551915, 3.199999999999999734 ) ) ;
#677 = VECTOR ( 'NONE', #8045, 1000.000000000000000 ) ;
#678 = CARTESIAN_POINT ( 'NONE',  ( -6.383250445032783382, 2.122022944157997415, -6.036019946857131437E-15 ) ) ;
#679 = FACE_OUTER_BOUND ( 'NONE', #5897, .T. ) ;
#680 =( LENGTH_UNIT ( ) NAMED_UNIT ( * ) SI_UNIT ( .MILLI., .METRE. ) );
#681 = ORIENTED_EDGE ( 'NONE', *, *, #3181, .F. ) ;
#682 = FILL_AREA_STYLE ('',( #6994 ) ) ;
#683 = ORIENTED_EDGE ( 'NONE', *, *, #6594, .T. ) ;
#684 = LINE ( 'NONE', #1516, #1145 ) ;
#685 =( LENGTH_UNIT ( ) NAMED_UNIT ( * ) SI_UNIT ( .MILLI., .METRE. ) );
#686 = LINE ( 'NONE', #1337, #7488 ) ;
#687 = SURFACE_SIDE_STYLE ('',( #5758 ) ) ;
#688 = SURFACE_SIDE_STYLE ('',( #5721 ) ) ;
#689 = FACE_OUTER_BOUND ( 'NONE', #6451, .T. ) ;
#690 = B_SPLINE_CURVE_WITH_KNOTS ( 'NONE', 3,
 ( #286, #5248, #8597, #5202, #2336, #3193, #5992, #6819, #4657, #1238, #5483, #6084, #8870, #7451, #9017, #503, #3335, #2045, #5443 ),
 .UNSPECIFIED., .F., .F.,
 ( 4, 1, 1, 1, 1, 1, 1, 1, 1, 1, 1, 1, 1, 1, 1, 1, 4 ),
 ( 0.000000000000000000, 0.06593912405765876839, 0.1297911093795348914, 0.1921752363053292612, 0.2536170442157556493, 0.3147191079962373128, 0.3762822754113758217, 0.4389729923739132955, 0.5031747018386414361, 0.5673294646239470662, 0.6296509938060323996, 0.6906498673030981861, 0.7512376127977872242, 0.8117541138236067377, 0.8727877774488532747, 0.9355396326682304808, 1.000000000000000000 ),
 .UNSPECIFIED. ) ;
#691 = ORIENTED_EDGE ( 'NONE', *, *, #5406, .T. ) ;
#692 = FILL_AREA_STYLE ('',( #2879 ) ) ;
#693 = CARTESIAN_POINT ( 'NONE',  ( -7.550000000000000711, -5.099999999999999645, 1.750000000000000000 ) ) ;
#694 = ORIENTED_EDGE ( 'NONE', *, *, #3785, .T. ) ;
#695 = DIRECTION ( 'NONE',  ( 0.9860622983434289557, -0.1663765121213765519, 0.000000000000000000 ) ) ;
#696 = SURFACE_STYLE_FILL_AREA ( #7013 ) ;
#697 = PRESENTATION_LAYER_ASSIGNMENT (  '', '', ( #846 ) ) ;
#698 = PRESENTATION_LAYER_ASSIGNMENT (  '', '', ( #4670 ) ) ;
#699 = DIRECTION ( 'NONE',  ( -3.097720492815726426E-17, -0.000000000000000000, -1.000000000000000000 ) ) ;
#700 =( GEOMETRIC_REPRESENTATION_CONTEXT ( 3 ) GLOBAL_UNCERTAINTY_ASSIGNED_CONTEXT ( ( #913 ) ) GLOBAL_UNIT_ASSIGNED_CONTEXT ( ( #4951, #8401, #5665 ) ) REPRESENTATION_CONTEXT ( 'NONE', 'WORKASPACE' ) );
#701 = FILL_AREA_STYLE_COLOUR ( '', #1440 ) ;
#702 = ORIENTED_EDGE ( 'NONE', *, *, #1012, .F. ) ;
#703 = CARTESIAN_POINT ( 'NONE',  ( 1.292043705561810585, 0.4112873758558763804, 3.199999999999999289 ) ) ;
#704 = VECTOR ( 'NONE', #1762, 1000.000000000000000 ) ;
#705 = CARTESIAN_POINT ( 'NONE',  ( 0.2948717948717948789, 0.1500825431450529823, 3.299999999999999822 ) ) ;
#706 =( NAMED_UNIT ( * ) PLANE_ANGLE_UNIT ( ) SI_UNIT ( $, .RADIAN. ) );
#707 = LINE ( 'NONE', #617, #1916 ) ;
#708 = DIRECTION ( 'NONE',  ( 0.000000000000000000, -0.000000000000000000, 1.000000000000000000 ) ) ;
#709 = STYLED_ITEM ( 'NONE', ( #1712 ), #3869 ) ;
#710 = EDGE_CURVE ( 'NONE', #376, #1846, #3197, .T. ) ;
#711 = CARTESIAN_POINT ( 'NONE',  ( 8.651891673527776661, -0.4954108444338113371, 3.299999999999999822 ) ) ;
#712 = COLOUR_RGB ( '',0.2509803921568627416, 0.2509803921568627416, 0.2509803921568627416 ) ;
#713 = ORIENTED_EDGE ( 'NONE', *, *, #8764, .T. ) ;
#714 = SURFACE_SIDE_STYLE ('',( #4258 ) ) ;
#715 = ORIENTED_EDGE ( 'NONE', *, *, #446, .T. ) ;
#716 = VECTOR ( 'NONE', #3720, 1000.000000000000114 ) ;
#717 = FILL_AREA_STYLE ('',( #8601 ) ) ;
#718 = CARTESIAN_POINT ( 'NONE',  ( 9.123442642277970194, 0.4545448907068034283, 3.200000000000001066 ) ) ;
#719 = PRESENTATION_LAYER_ASSIGNMENT (  '', '', ( #8361 ) ) ;
#720 = CARTESIAN_POINT ( 'NONE',  ( -6.427158554708191751, -0.2759600079345370105, 3.199999999999999734 ) ) ;
#721 = LINE ( 'NONE', #37, #7464 ) ;
#722 = PRESENTATION_STYLE_ASSIGNMENT (( #4215 ) ) ;
#723 = LINE ( 'NONE', #4131, #798 ) ;
#724 =( LENGTH_UNIT ( ) NAMED_UNIT ( * ) SI_UNIT ( .MILLI., .METRE. ) );
#725 = VECTOR ( 'NONE', #5563, 1000.000000000000000 ) ;
#726 = CARTESIAN_POINT ( 'NONE',  ( -0.9454611344085813718, 5.099999999999999645, -0.8807521802656378407 ) ) ;
#727 = VECTOR ( 'NONE', #5802, 1000.000000000000000 ) ;
#728 = VERTEX_POINT ( 'NONE', #1717 ) ;
#729 = DIRECTION ( 'NONE',  ( -1.000000000000000000, 0.000000000000000000, 0.000000000000000000 ) ) ;
#730 =( LENGTH_UNIT ( ) NAMED_UNIT ( * ) SI_UNIT ( .MILLI., .METRE. ) );
#731 = AXIS2_PLACEMENT_3D ( 'NONE', #5458, #6098, #5499 ) ;
#732 = DIRECTION ( 'NONE',  ( -0.000000000000000000, -0.000000000000000000, -1.000000000000000000 ) ) ;
#733 = ORIENTED_EDGE ( 'NONE', *, *, #8802, .T. ) ;
#734 = DIRECTION ( 'NONE',  ( -4.254234958077873352E-16, -4.682989042991094728E-17, 1.000000000000000000 ) ) ;
#735 = CARTESIAN_POINT ( 'NONE',  ( 8.573924775514266017, 0.1888369438955765367, 3.299999999999998934 ) ) ;
#736 =( NAMED_UNIT ( * ) PLANE_ANGLE_UNIT ( ) SI_UNIT ( $, .RADIAN. ) );
#737 = ADVANCED_FACE ( 'NONE', ( #8104 ), #3382, .T. ) ;
#738 = CARTESIAN_POINT ( 'NONE',  ( 8.359812820321021576, -0.1658360427291137029, 3.300000000000000266 ) ) ;
#740 = MECHANICAL_DESIGN_GEOMETRIC_PRESENTATION_REPRESENTATION (  '', ( #2232 ), #5609 ) ;
#739 = CARTESIAN_POINT ( 'NONE',  ( 8.859573979563675650, -0.5316081619831521943, 3.299999999999999822 ) ) ;
#741 =( NAMED_UNIT ( * ) SI_UNIT ( $, .STERADIAN. ) SOLID_ANGLE_UNIT ( ) );
#742 = EDGE_CURVE ( 'NONE', #6908, #7337, #7369, .T. ) ;
#743 = STYLED_ITEM ( 'NONE', ( #8306 ), #8758 ) ;
#744 = ORIENTED_EDGE ( 'NONE', *, *, #2164, .T. ) ;
#745 = DIRECTION ( 'NONE',  ( 1.000000000000000000, 0.000000000000000000, -3.252606517456513302E-16 ) ) ;
#746 =( GEOMETRIC_REPRESENTATION_CONTEXT ( 3 ) GLOBAL_UNCERTAINTY_ASSIGNED_CONTEXT ( ( #8255 ) ) GLOBAL_UNIT_ASSIGNED_CONTEXT ( ( #1672, #5817, #4479 ) ) REPRESENTATION_CONTEXT ( 'NONE', 'WORKASPACE' ) );
#747 = CARTESIAN_POINT ( 'NONE',  ( -6.744156179825924191, 0.5103087069680948273, 3.200000000000001066 ) ) ;
#748 = CARTESIAN_POINT ( 'NONE',  ( 1.276034533417868877, -0.08772791109500197027, 3.300000000000001155 ) ) ;
#749 = ORIENTED_EDGE ( 'NONE', *, *, #6209, .F. ) ;
#750 = DIRECTION ( 'NONE',  ( -1.000000000000000000, 0.000000000000000000, 0.000000000000000000 ) ) ;
#751 =( GEOMETRIC_REPRESENTATION_CONTEXT ( 3 ) GLOBAL_UNCERTAINTY_ASSIGNED_CONTEXT ( ( #8714 ) ) GLOBAL_UNIT_ASSIGNED_CONTEXT ( ( #4354, #5084, #2216 ) ) REPRESENTATION_CONTEXT ( 'NONE', 'WORKASPACE' ) );
#752 = LINE ( 'NONE', #21, #6635 ) ;
#753 =( GEOMETRIC_REPRESENTATION_CONTEXT ( 3 ) GLOBAL_UNCERTAINTY_ASSIGNED_CONTEXT ( ( #6893 ) ) GLOBAL_UNIT_ASSIGNED_CONTEXT ( ( #786, #2882, #4195 ) ) REPRESENTATION_CONTEXT ( 'NONE', 'WORKASPACE' ) );
#754 = EDGE_CURVE ( 'NONE', #8547, #4105, #6223, .T. ) ;
#755 = ADVANCED_FACE ( 'NONE', ( #7454 ), #3300, .T. ) ;
#756 = DIRECTION ( 'NONE',  ( 4.206037906820366441E-16, 7.416379648549885601E-17, -1.000000000000000000 ) ) ;
#757 = ORIENTED_EDGE ( 'NONE', *, *, #4690, .T. ) ;
#758 = CARTESIAN_POINT ( 'NONE',  ( 1.542206399341125245, 0.5155617966194667723, 3.200000000000000622 ) ) ;
#759 = CYLINDRICAL_SURFACE ( 'NONE', #4492, 1.199999999999999734 ) ;
#760 = DIRECTION ( 'NONE',  ( 0.1665126493365822191, 0.9860393184913633924, 0.000000000000000000 ) ) ;
#761 = DIRECTION ( 'NONE',  ( 4.336808689942015764E-16, 0.000000000000000000, 1.000000000000000000 ) ) ;
#762 = CARTESIAN_POINT ( 'NONE',  ( 8.421282663062326534, -0.3050528996669285564, 3.299999999999999378 ) ) ;
#763 = VERTEX_POINT ( 'NONE', #2841 ) ;
#764 = ORIENTED_EDGE ( 'NONE', *, *, #8351, .F. ) ;
#765 = CARTESIAN_POINT ( 'NONE',  ( 8.843801211873984158, 0.3398665164818368556, 3.200000000000000178 ) ) ;
#766 = CARTESIAN_POINT ( 'NONE',  ( -6.309644936783905145, -0.07655456139094551915, 3.299999999999999822 ) ) ;
#767 = CARTESIAN_POINT ( 'NONE',  ( -6.124890239342936304, 0.009149648307353007437, 3.200000000000000178 ) ) ;
#768 = PLANE ( 'NONE',  #7402 ) ;
#769 = CARTESIAN_POINT ( 'NONE',  ( 0.4999999999999994449, -9.099999999999999645, -1.449999999999998401 ) ) ;
#770 = VERTEX_POINT ( 'NONE', #97 ) ;
#771 = CARTESIAN_POINT ( 'NONE',  ( -6.983425532875402908, -0.007970341470331657879, 3.299999999999999822 ) ) ;
#772 =( LENGTH_UNIT ( ) NAMED_UNIT ( * ) SI_UNIT ( .MILLI., .METRE. ) );
#773 = EDGE_CURVE ( 'NONE', #7852, #5713, #7512, .T. ) ;
#774 = ORIENTED_EDGE ( 'NONE', *, *, #2923, .F. ) ;
#775 = DIRECTION ( 'NONE',  ( 0.000000000000000000, 0.7071067811865434649, -0.7071067811865515695 ) ) ;
#776 = FILL_AREA_STYLE_COLOUR ( '', #2496 ) ;
#777 = CARTESIAN_POINT ( 'NONE',  ( 8.341497357038491600, -0.06017966877161134986, 3.299999999999998490 ) ) ;
#778 = PRESENTATION_STYLE_ASSIGNMENT (( #11 ) ) ;
#779 = SURFACE_SIDE_STYLE ('',( #6218 ) ) ;
#780 = ORIENTED_EDGE ( 'NONE', *, *, #4275, .F. ) ;
#781 =( LENGTH_UNIT ( ) NAMED_UNIT ( * ) SI_UNIT ( .MILLI., .METRE. ) );
#782 = DIRECTION ( 'NONE',  ( 0.000000000000000000, 0.000000000000000000, -1.000000000000000000 ) ) ;
#783 =( NAMED_UNIT ( * ) PLANE_ANGLE_UNIT ( ) SI_UNIT ( $, .RADIAN. ) );
#784 = UNCERTAINTY_MEASURE_WITH_UNIT (LENGTH_MEASURE( 1.000000000000000082E-05 ), #6040, 'distance_accuracy_value', 'NONE');
#785 = ORIENTED_EDGE ( 'NONE', *, *, #3501, .T. ) ;
#786 =( LENGTH_UNIT ( ) NAMED_UNIT ( * ) SI_UNIT ( .MILLI., .METRE. ) );
#787 = CARTESIAN_POINT ( 'NONE',  ( -6.982223225075241402, -0.04854050819326433813, 3.300000000000000266 ) ) ;
#788 = EDGE_CURVE ( 'NONE', #6624, #2257, #2098, .T. ) ;
#789 = VERTEX_POINT ( 'NONE', #5763 ) ;
#790 = CARTESIAN_POINT ( 'NONE',  ( 1.599415991648777569, 0.5195198494354128504, 3.299999999999999822 ) ) ;
#791 = FILL_AREA_STYLE_COLOUR ( '', #1554 ) ;
#792 = CARTESIAN_POINT ( 'NONE',  ( 1.240878359839489242, 0.3657205175650610207, 3.299999999999999378 ) ) ;
#793 = CARTESIAN_POINT ( 'NONE',  ( -7.569629665000014995, 0.4997908919589795218, 3.299999999999999822 ) ) ;
#794 = CARTESIAN_POINT ( 'NONE',  ( 8.341497357038491600, -0.06017966877161134986, 3.199999999999998845 ) ) ;
#795 = ORIENTED_EDGE ( 'NONE', *, *, #7180, .F. ) ;
#796 = VECTOR ( 'NONE', #8040, 1000.000000000000227 ) ;
#797 = CARTESIAN_POINT ( 'NONE',  ( -7.768149801013612077, -0.3494713964019973695, 3.300000000000000266 ) ) ;
#798 = VECTOR ( 'NONE', #2774, 1000.000000000000000 ) ;
#799 = ORIENTED_EDGE ( 'NONE', *, *, #6950, .T. ) ;
#800 = EDGE_CURVE ( 'NONE', #63, #7298, #7186, .T. ) ;
#801 = SURFACE_STYLE_FILL_AREA ( #5824 ) ;
#802 = CARTESIAN_POINT ( 'NONE',  ( -6.747691431762296688, -0.5225846741956211572, 3.300000000000000711 ) ) ;
#803 = CARTESIAN_POINT ( 'NONE',  ( 8.724699148071158206, 0.3158688576231056810, 3.199999999999998401 ) ) ;
#804 = DIRECTION ( 'NONE',  ( -0.000000000000000000, 0.000000000000000000, -1.000000000000000000 ) ) ;
#805 = VECTOR ( 'NONE', #8618, 1000.000000000000000 ) ;
#806 =( NAMED_UNIT ( * ) PLANE_ANGLE_UNIT ( ) SI_UNIT ( $, .RADIAN. ) );
#807 = CARTESIAN_POINT ( 'NONE',  ( -6.983019325069496297, -0.02167724614778751210, 3.200000000000000622 ) ) ;
#808 = MECHANICAL_DESIGN_GEOMETRIC_PRESENTATION_REPRESENTATION (  '', ( #6254 ), #4789 ) ;
#809 = FILL_AREA_STYLE_COLOUR ( '', #4634 ) ;
#810 = UNCERTAINTY_MEASURE_WITH_UNIT (LENGTH_MEASURE( 1.000000000000000082E-05 ), #2134, 'distance_accuracy_value', 'NONE');
#811 = ADVANCED_FACE ( 'NONE', ( #7057 ), #189, .F. ) ;
#812 = ORIENTED_EDGE ( 'NONE', *, *, #4438, .F. ) ;
#813 = SURFACE_STYLE_USAGE ( .BOTH. , #262 ) ;
#814 = STYLED_ITEM ( 'NONE', ( #1070 ), #462 ) ;
#815 = CARTESIAN_POINT ( 'NONE',  ( -7.724811750824120971, 0.3401867098117196120, 3.299999999999999822 ) ) ;
#816 = PRESENTATION_STYLE_ASSIGNMENT (( #6571 ) ) ;
#817 = ORIENTED_EDGE ( 'NONE', *, *, #3678, .F. ) ;
#818 = SURFACE_STYLE_USAGE ( .BOTH. , #2177 ) ;
#819 = LINE ( 'NONE', #6438, #8625 ) ;
#820 = PLANE ( 'NONE',  #8664 ) ;
#821 = CARTESIAN_POINT ( 'NONE',  ( 0.000000000000000000, 6.099999999999999645, 0.000000000000000000 ) ) ;
#822 = CARTESIAN_POINT ( 'NONE',  ( -6.640877455952326258, -0.3521209824959727341, 3.300000000000000266 ) ) ;
#823 = AXIS2_PLACEMENT_3D ( 'NONE', #7533, #4039, #6855 ) ;
#824 = ORIENTED_EDGE ( 'NONE', *, *, #2979, .F. ) ;
#825 = CARTESIAN_POINT ( 'NONE',  ( -5.218365111445069537, 5.881416799501196557, -3.400000000000000355 ) ) ;
#826 = CARTESIAN_POINT ( 'NONE',  ( 8.859573979563675650, -0.5316081619831521943, 3.200000000000000178 ) ) ;
#827 = PRESENTATION_STYLE_ASSIGNMENT (( #8692 ) ) ;
#828 = ORIENTED_EDGE ( 'NONE', *, *, #3742, .F. ) ;
#830 =( GEOMETRIC_REPRESENTATION_CONTEXT ( 3 ) GLOBAL_UNCERTAINTY_ASSIGNED_CONTEXT ( ( #4660 ) ) GLOBAL_UNIT_ASSIGNED_CONTEXT ( ( #5616, #7701, #2157 ) ) REPRESENTATION_CONTEXT ( 'NONE', 'WORKASPACE' ) );
#829 = CARTESIAN_POINT ( 'NONE',  ( -7.683426906820830737, 0.3389756310232716618, 3.199999999999999289 ) ) ;
#831 = CARTESIAN_POINT ( 'NONE',  ( -4.610596489610811588, 2.434589663958468098, -3.400000000000000355 ) ) ;
#832 = SURFACE_STYLE_FILL_AREA ( #2245 ) ;
#833 = PRESENTATION_STYLE_ASSIGNMENT (( #6328 ) ) ;
#834 = ORIENTED_EDGE ( 'NONE', *, *, #1984, .T. ) ;
#835 =( LENGTH_UNIT ( ) NAMED_UNIT ( * ) SI_UNIT ( .MILLI., .METRE. ) );
#836 = CARTESIAN_POINT ( 'NONE',  ( -6.309548280599898362, 0.06318993120499179217, 3.300000000000000266 ) ) ;
#837 = CARTESIAN_POINT ( 'NONE',  ( 1.400273643682722335, -0.2813502882735540167, 3.200000000000000178 ) ) ;
#838 = PRESENTATION_STYLE_ASSIGNMENT (( #4160 ) ) ;
#839 = PRESENTATION_LAYER_ASSIGNMENT (  '', '', ( #7195 ) ) ;
#840 = PRESENTATION_LAYER_ASSIGNMENT (  '', '', ( #3509 ) ) ;
#841 = CARTESIAN_POINT ( 'NONE',  ( 8.599765367012775386, -0.2383061434544609947, 3.199999999999999289 ) ) ;
#842 = VECTOR ( 'NONE', #7011, 1000.000000000000000 ) ;
#843 = CARTESIAN_POINT ( 'NONE',  ( 8.840923618435738263, -0.5311327270839869552, 3.299999999999999822 ) ) ;
#844 = ORIENTED_EDGE ( 'NONE', *, *, #3741, .T. ) ;
#845 = CARTESIAN_POINT ( 'NONE',  ( -7.744962791287942849, -0.3518959455551436410, 3.300000000000000711 ) ) ;
#846 = STYLED_ITEM ( 'NONE', ( #6227 ), #2943 ) ;
#847 = COLOUR_RGB ( '',0.2509803921568627416, 0.2509803921568627416, 0.2509803921568627416 ) ;
#848 = ORIENTED_EDGE ( 'NONE', *, *, #2299, .F. ) ;
#849 = DIRECTION ( 'NONE',  ( 1.000000000000000000, 4.872818752743842964E-17, -3.097720492815727042E-17 ) ) ;
#850 = CARTESIAN_POINT ( 'NONE',  ( 8.549999999999998934, -8.799999999999995381, 1.750000000000000000 ) ) ;
#851 = CARTESIAN_POINT ( 'NONE',  ( -6.747691431762296688, -0.5225846741956211572, 3.200000000000000622 ) ) ;
#852 = CARTESIAN_POINT ( 'NONE',  ( 8.787464859480284218, 0.3346024473197780069, 3.199999999999999289 ) ) ;
#853 = DIRECTION ( 'NONE',  ( 0.000000000000000000, -1.000000000000000000, 0.000000000000000000 ) ) ;
#854 = FILL_AREA_STYLE ('',( #7161 ) ) ;
#855 = FILL_AREA_STYLE_COLOUR ( '', #878 ) ;
#856 = COLOUR_RGB ( '',0.2509803921568627416, 0.2509803921568627416, 0.2509803921568627416 ) ;
#857 =( GEOMETRIC_REPRESENTATION_CONTEXT ( 3 ) GLOBAL_UNCERTAINTY_ASSIGNED_CONTEXT ( ( #5040 ) ) GLOBAL_UNIT_ASSIGNED_CONTEXT ( ( #3915, #1205, #1297 ) ) REPRESENTATION_CONTEXT ( 'NONE', 'WORKASPACE' ) );
#858 = ORIENTED_EDGE ( 'NONE', *, *, #8636, .T. ) ;
#859 = CARTESIAN_POINT ( 'NONE',  ( -8.006287738512154917, -0.2031116944012719416, 3.200000000000000178 ) ) ;
#860 = EDGE_CURVE ( 'NONE', #6269, #608, #276, .T. ) ;
#861 = CARTESIAN_POINT ( 'NONE',  ( 1.091188474694978927, -0.05784559197263930419, 3.199999999999999734 ) ) ;
#862 = CIRCLE ( 'NONE', #4069, 0.6499999999999995781 ) ;
#863 = DIRECTION ( 'NONE',  ( -1.000000000000000000, 0.000000000000000000, 0.000000000000000000 ) ) ;
#864 = ORIENTED_EDGE ( 'NONE', *, *, #4334, .F. ) ;
#865 = FACE_OUTER_BOUND ( 'NONE', #2149, .T. ) ;
#866 = CARTESIAN_POINT ( 'NONE',  ( 1.808602904055816918, 0.4820773748935082148, 3.299999999999999378 ) ) ;
#867 = CARTESIAN_POINT ( 'NONE',  ( 1.089743589743589869, -0.005566495316485452725, 3.299999999999999822 ) ) ;
#868 = STYLED_ITEM ( 'NONE', ( #2989 ), #8073 ) ;
#869 = CARTESIAN_POINT ( 'NONE',  ( 8.563098820807965694, -0.4489386903626314540, 3.300000000000000711 ) ) ;
#870 = FILL_AREA_STYLE ('',( #7898 ) ) ;
#871 = CARTESIAN_POINT ( 'NONE',  ( 8.566135073096827313, 0.4308291787863751110, 3.200000000000000178 ) ) ;
#872 = DIRECTION ( 'NONE',  ( -4.872818752743842964E-17, 1.000000000000000000, -0.000000000000000000 ) ) ;
#873 = CARTESIAN_POINT ( 'NONE',  ( -6.396399853247894285, -0.4730185636342642552, 3.199999999999999734 ) ) ;
#874 = ORIENTED_EDGE ( 'NONE', *, *, #3057, .T. ) ;
#875 =( GEOMETRIC_REPRESENTATION_CONTEXT ( 3 ) GLOBAL_UNCERTAINTY_ASSIGNED_CONTEXT ( ( #6618 ) ) GLOBAL_UNIT_ASSIGNED_CONTEXT ( ( #8130, #8001, #405 ) ) REPRESENTATION_CONTEXT ( 'NONE', 'WORKASPACE' ) );
#876 = CARTESIAN_POINT ( 'NONE',  ( 9.003583728640430550, -0.5156567323843217476, 3.199999999999999289 ) ) ;
#877 = CARTESIAN_POINT ( 'NONE',  ( -7.429358027497355188, -0.2133483499873541356, 3.199999999999999734 ) ) ;
#878 = COLOUR_RGB ( '',0.2509803921568627416, 0.2509803921568627416, 0.2509803921568627416 ) ;
#879 = VERTEX_POINT ( 'NONE', #4603 ) ;
#880 =( NAMED_UNIT ( * ) SI_UNIT ( $, .STERADIAN. ) SOLID_ANGLE_UNIT ( ) );
#881 = CARTESIAN_POINT ( 'NONE',  ( 8.519830389820084449, -0.003963931213921351518, 3.299999999999999822 ) ) ;
#882 = LINE ( 'NONE', #5550, #3245 ) ;
#883 = FILL_AREA_STYLE ('',( #1570 ) ) ;
#884 = EDGE_CURVE ( 'NONE', #8369, #2958, #7394, .T. ) ;
#885 = CARTESIAN_POINT ( 'NONE',  ( -6.124890239342936304, 0.009149648307353007437, 3.300000000000000711 ) ) ;
#886 =( GEOMETRIC_REPRESENTATION_CONTEXT ( 3 ) GLOBAL_UNCERTAINTY_ASSIGNED_CONTEXT ( ( #5412 ) ) GLOBAL_UNIT_ASSIGNED_CONTEXT ( ( #3428, #3567, #2034 ) ) REPRESENTATION_CONTEXT ( 'NONE', 'WORKASPACE' ) );
#887 = CARTESIAN_POINT ( 'NONE',  ( -7.154583514214129636, -0.1089287785490045263, 3.300000000000000266 ) ) ;
#888 = EDGE_CURVE ( 'NONE', #5779, #2506, #3899, .T. ) ;
#889 = ORIENTED_EDGE ( 'NONE', *, *, #7689, .F. ) ;
#890 = COLOUR_RGB ( '',1.000000000000000000, 1.000000000000000000, 1.000000000000000000 ) ;
#891 = PRESENTATION_STYLE_ASSIGNMENT (( #109 ) ) ;
#892 = CARTESIAN_POINT ( 'NONE',  ( -5.611456296796051291, 3.158925150470280219, -3.400000000000000355 ) ) ;
#893 = DIRECTION ( 'NONE',  ( -0.000000000000000000, 0.000000000000000000, -1.000000000000000000 ) ) ;
#894 = PRESENTATION_STYLE_ASSIGNMENT (( #1025 ) ) ;
#895 = EDGE_CURVE ( 'NONE', #5045, #2300, #3782, .T. ) ;
#896 = AXIS2_PLACEMENT_3D ( 'NONE', #2111, #7108, #2982 ) ;
#897 = B_SPLINE_CURVE_WITH_KNOTS ( 'NONE', 3,
 ( #1724, #7338, #3923, #7973, #7466, #3166, #8844, #3208, #2571, #5350, #6795 ),
 .UNSPECIFIED., .F., .F.,
 ( 4, 1, 1, 1, 1, 1, 1, 1, 4 ),
 ( 0.000000000000000000, 0.1279910255623737114, 0.2530983915017062102, 0.3761840584327906245, 0.4989363124701253760, 0.6215258806257302204, 0.7457068938016918613, 0.8715753502968709432, 1.000000000000000000 ),
 .UNSPECIFIED. ) ;
#898 = CARTESIAN_POINT ( 'NONE',  ( 8.872466318810177555, 0.5195227755742916065, 3.300000000000000711 ) ) ;
#899 = VERTEX_POINT ( 'NONE', #6584 ) ;
#900 = CARTESIAN_POINT ( 'NONE',  ( -8.214397973151809751, 0.1698066570741210979, 3.200000000000001510 ) ) ;
#901 = MECHANICAL_DESIGN_GEOMETRIC_PRESENTATION_REPRESENTATION (  '', ( #1935 ), #7221 ) ;
#902 = ORIENTED_EDGE ( 'NONE', *, *, #3971, .T. ) ;
#903 = SURFACE_STYLE_USAGE ( .BOTH. , #4948 ) ;
#904 = CARTESIAN_POINT ( 'NONE',  ( -7.855806583489789219, 0.5024524409711805806, 3.300000000000000266 ) ) ;
#905 = CARTESIAN_POINT ( 'NONE',  ( -5.218365111445069537, 5.881416799501196557, -3.400000000000000355 ) ) ;
#906 =( LENGTH_UNIT ( ) NAMED_UNIT ( * ) SI_UNIT ( .MILLI., .METRE. ) );
#907 =( NAMED_UNIT ( * ) PLANE_ANGLE_UNIT ( ) SI_UNIT ( $, .RADIAN. ) );
#908 = ADVANCED_FACE ( 'NONE', ( #6542 ), #1137, .T. ) ;
#909 = CARTESIAN_POINT ( 'NONE',  ( -5.792365793225459747, 2.226211850758151201, 3.999999999999999112 ) ) ;
#910 = B_SPLINE_CURVE_WITH_KNOTS ( 'NONE', 3,
 ( #1687, #5883, #1551, #7260, #3847, #175, #1736, #2267, #7299, #3037, #859, #6569, #3813, #2312, #5089, #6486, #8030, #8623, #2363, #130, #952, #5789, #3090, #6621, #8572, #305, #8678 ),
 .UNSPECIFIED., .F., .F.,
 ( 4, 1, 1, 1, 1, 1, 1, 1, 1, 1, 1, 1, 1, 1, 1, 1, 1, 1, 1, 1, 1, 1, 1, 1, 4 ),
 ( 0.000000000000000000, 0.04598585339557179769, 0.09063906186439545098, 0.1344852733868691641, 0.1773313561259414473, 0.2192648329782468375, 0.2607850023581448906, 0.3023165723378486991, 0.3434357294037516106, 0.3841814737656299439, 0.4243757389977423911, 0.4641811219517820164, 0.5040119825276090371, 0.5438224623104058741, 0.5838024645760216957, 0.6244185350988833427, 0.6655475595785359522, 0.7066749396536312622, 0.7478269788975735466, 0.7888951165570474711, 0.8302193579728114337, 0.8717069369478618324, 0.9137338536047368009, 0.9565878279841860676, 1.000000000000000000 ),
 .UNSPECIFIED. ) ;
#911 = EDGE_CURVE ( 'NONE', #7928, #4457, #8222, .T. ) ;
#912 = LINE ( 'NONE', #3134, #4788 ) ;
#913 = UNCERTAINTY_MEASURE_WITH_UNIT (LENGTH_MEASURE( 1.000000000000000082E-05 ), #4951, 'distance_accuracy_value', 'NONE');
#914 = ORIENTED_EDGE ( 'NONE', *, *, #6650, .F. ) ;
#915 = CARTESIAN_POINT ( 'NONE',  ( 1.593988254756661060, -0.5311913691742899957, 3.300000000000000266 ) ) ;
#916 = CARTESIAN_POINT ( 'NONE',  ( 2.126902151243899475, 0.04480595572570830049, 3.299999999999999822 ) ) ;
#917 = ORIENTED_EDGE ( 'NONE', *, *, #3989, .F. ) ;
#918 = CARTESIAN_POINT ( 'NONE',  ( 1.406267521794859920, -0.4933455912768264229, 3.299999999999999822 ) ) ;
#919 = SURFACE_STYLE_FILL_AREA ( #3605 ) ;
#920 = CARTESIAN_POINT ( 'NONE',  ( 1.899053681160876028, -0.4467355914999328603, 3.300000000000000266 ) ) ;
#921 = CARTESIAN_POINT ( 'NONE',  ( 9.003118195923279998, -0.3237039206793834167, 3.300000000000000266 ) ) ;
#922 = DIRECTION ( 'NONE',  ( -1.000000000000000000, 0.000000000000000000, 0.000000000000000000 ) ) ;
#923 = CARTESIAN_POINT ( 'NONE',  ( -6.588047475092809080, -0.5302281613738378807, 3.199999999999999734 ) ) ;
#924 = ORIENTED_EDGE ( 'NONE', *, *, #4547, .T. ) ;
#925 = CARTESIAN_POINT ( 'NONE',  ( -6.161225506031686727, -0.2115733426068733269, 3.300000000000001155 ) ) ;
#926 = DIRECTION ( 'NONE',  ( -6.195440985631452852E-17, 0.000000000000000000, 1.000000000000000000 ) ) ;
#927 = VERTEX_POINT ( 'NONE', #4741 ) ;
#928 = LINE ( 'NONE', #1706, #1581 ) ;
#929 = DIRECTION ( 'NONE',  ( -0.1667046871215417392, 0.9860068697994496256, 0.000000000000000000 ) ) ;
#930 = DIRECTION ( 'NONE',  ( 0.1736481776669306920, -0.9848077530122080203, 0.000000000000000000 ) ) ;
#931 =( NAMED_UNIT ( * ) SI_UNIT ( $, .STERADIAN. ) SOLID_ANGLE_UNIT ( ) );
#932 = CARTESIAN_POINT ( 'NONE',  ( -7.079722585767214582, -0.2949274556347795118, 3.300000000000000266 ) ) ;
#933 = CARTESIAN_POINT ( 'NONE',  ( 1.299456504904378029, -0.1593853426835908360, 3.300000000000000266 ) ) ;
#934 =( NAMED_UNIT ( * ) SI_UNIT ( $, .STERADIAN. ) SOLID_ANGLE_UNIT ( ) );
#935 = DIRECTION ( 'NONE',  ( 1.000000000000000000, 0.000000000000000000, 0.000000000000000000 ) ) ;
#936 =( LENGTH_UNIT ( ) NAMED_UNIT ( * ) SI_UNIT ( .MILLI., .METRE. ) );
#937 = CARTESIAN_POINT ( 'NONE',  ( -7.321601436254844941, -0.3662656045617533884, 3.300000000000000266 ) ) ;
#938 = CARTESIAN_POINT ( 'NONE',  ( 8.789295027970814189, -0.3462697766657425458, 3.199999999999999289 ) ) ;
#939 = CARTESIAN_POINT ( 'NONE',  ( 8.981380322311849795, 0.5068409488856574496, 3.300000000000001155 ) ) ;
#940 = CARTESIAN_POINT ( 'NONE',  ( -7.855806583489789219, 0.5024524409711805806, 3.300000000000000266 ) ) ;
#941 = ORIENTED_EDGE ( 'NONE', *, *, #2253, .T. ) ;
#942 = FACE_BOUND ( 'NONE', #4315, .T. ) ;
#943 =( NAMED_UNIT ( * ) SI_UNIT ( $, .STERADIAN. ) SOLID_ANGLE_UNIT ( ) );
#944 = FILL_AREA_STYLE ('',( #7931 ) ) ;
#945 = CARTESIAN_POINT ( 'NONE',  ( 9.157450582127779626, -0.2066882901882803880, 3.200000000000000622 ) ) ;
#946 = DIRECTION ( 'NONE',  ( 1.000000000000000000, 0.000000000000000000, 0.000000000000000000 ) ) ;
#947 = DIRECTION ( 'NONE',  ( -0.000000000000000000, -0.000000000000000000, -1.000000000000000000 ) ) ;
#948 = PRESENTATION_STYLE_ASSIGNMENT (( #4451 ) ) ;
#949 = CIRCLE ( 'NONE', #5349, 0.4999999999999882871 ) ;
#950 = AXIS2_PLACEMENT_3D ( 'NONE', #985, #6616, #8712 ) ;
#951 = ORIENTED_EDGE ( 'NONE', *, *, #4290, .F. ) ;
#952 = CARTESIAN_POINT ( 'NONE',  ( -7.834618569797289211, -0.3349552886624447279, 3.200000000000000178 ) ) ;
#953 = FILL_AREA_STYLE ('',( #7261 ) ) ;
#954 = SURFACE_STYLE_FILL_AREA ( #5091 ) ;
#955 = AXIS2_PLACEMENT_3D ( 'NONE', #8244, #4618, #3258 ) ;
#956 = ORIENTED_EDGE ( 'NONE', *, *, #7876, .T. ) ;
#957 = CARTESIAN_POINT ( 'NONE',  ( 1.976107669399625122, 0.3663014702377210829, 3.300000000000000266 ) ) ;
#958 = SURFACE_SIDE_STYLE ('',( #6575 ) ) ;
#959 = PLANE ( 'NONE',  #1167 ) ;
#960 = CARTESIAN_POINT ( 'NONE',  ( 8.537979392360039554, 0.4108470374215141274, 3.199999999999998845 ) ) ;
#961 =( GEOMETRIC_REPRESENTATION_CONTEXT ( 3 ) GLOBAL_UNCERTAINTY_ASSIGNED_CONTEXT ( ( #2577 ) ) GLOBAL_UNIT_ASSIGNED_CONTEXT ( ( #445, #6072, #8904 ) ) REPRESENTATION_CONTEXT ( 'NONE', 'WORKASPACE' ) );
#962 = FACE_BOUND ( 'NONE', #5928, .T. ) ;
#963 = AXIS2_PLACEMENT_3D ( 'NONE', #8249, #8288, #8199 ) ;
#964 = VERTEX_POINT ( 'NONE', #8907 ) ;
#965 = SURFACE_STYLE_FILL_AREA ( #3053 ) ;
#966 = CARTESIAN_POINT ( 'NONE',  ( -6.125840152217834955, -0.06219616703049761497, 3.300000000000000266 ) ) ;
#967 = SURFACE_SIDE_STYLE ('',( #7272 ) ) ;
#968 = ORIENTED_EDGE ( 'NONE', *, *, #7154, .T. ) ;
#969 = CARTESIAN_POINT ( 'NONE',  ( 9.052794987950575134, 0.2835775364371891372, 3.300000000000000266 ) ) ;
#970 = CARTESIAN_POINT ( 'NONE',  ( -5.037111430311299820, 0.4940328636578734667, 3.299999999999999822 ) ) ;
#971 = CARTESIAN_POINT ( 'NONE',  ( -6.124451173901044321, -0.008971944034434263526, 3.299999999999999822 ) ) ;
#972 =( NAMED_UNIT ( * ) SI_UNIT ( $, .STERADIAN. ) SOLID_ANGLE_UNIT ( ) );
#973 = PRESENTATION_LAYER_ASSIGNMENT (  '', '', ( #4935 ) ) ;
#974 = SURFACE_STYLE_USAGE ( .BOTH. , #3014 ) ;
#975 = CARTESIAN_POINT ( 'NONE',  ( 1.285618067712680723, -0.1247365237899443202, 3.299999999999999378 ) ) ;
#976 = CARTESIAN_POINT ( 'NONE',  ( 0.1153846153846153910, 0.4940328636578734667, 3.299999999999999822 ) ) ;
#977 =( LENGTH_UNIT ( ) NAMED_UNIT ( * ) SI_UNIT ( .MILLI., .METRE. ) );
#978 = FACE_OUTER_BOUND ( 'NONE', #8895, .T. ) ;
#979 =( NAMED_UNIT ( * ) SI_UNIT ( $, .STERADIAN. ) SOLID_ANGLE_UNIT ( ) );
#980 = CARTESIAN_POINT ( 'NONE',  ( -6.860428738003608196, -0.2751979055728958068, 3.299999999999999822 ) ) ;
#981 = ORIENTED_EDGE ( 'NONE', *, *, #386, .F. ) ;
#982 = CARTESIAN_POINT ( 'NONE',  ( -8.137304462725545307, 0.3171879314990544430, 3.299999999999999822 ) ) ;
#983 = LINE ( 'NONE', #6011, #2061 ) ;
#984 = DIRECTION ( 'NONE',  ( 0.1736481776669306920, -0.9848077530122080203, 0.000000000000000000 ) ) ;
#985 = CARTESIAN_POINT ( 'NONE',  ( -4.868040917490787045, -0.5059671363421265333, 3.299999999999999822 ) ) ;
#986 = EDGE_CURVE ( 'NONE', #2257, #204, #2033, .T. ) ;
#987 = FILL_AREA_STYLE ('',( #855 ) ) ;
#988 = DIRECTION ( 'NONE',  ( -4.157840855562858543E-16, -1.014977025410867894E-16, -1.000000000000000000 ) ) ;
#989 = VECTOR ( 'NONE', #9090, 1000.000000000000000 ) ;
#990 = PRESENTATION_LAYER_ASSIGNMENT (  '', '', ( #3216 ) ) ;
#991 = VERTEX_POINT ( 'NONE', #4694 ) ;
#992 =( LENGTH_UNIT ( ) NAMED_UNIT ( * ) SI_UNIT ( .MILLI., .METRE. ) );
#993 = CARTESIAN_POINT ( 'NONE',  ( 1.269230769230769162, -0.007970341470331657879, 3.299999999999999822 ) ) ;
#994 = VECTOR ( 'NONE', #1837, 1000.000000000000000 ) ;
#995 = EDGE_LOOP ( 'NONE', ( #4804, #5031, #3322, #215 ) ) ;
#996 = PRESENTATION_STYLE_ASSIGNMENT (( #3729 ) ) ;
#997 = AXIS2_PLACEMENT_3D ( 'NONE', #8320, #1903, #553 ) ;
#998 = CARTESIAN_POINT ( 'NONE',  ( -6.960612596544362596, 0.4112873758558763804, 3.200000000000000178 ) ) ;
#999 = CARTESIAN_POINT ( 'NONE',  ( -6.239539820328943165, -0.3417455459945946128, 3.299999999999998934 ) ) ;
#1000 = CARTESIAN_POINT ( 'NONE',  ( -7.291117840567710395, 0.3205552995553094253, 3.200000000000000178 ) ) ;
#1001 = VECTOR ( 'NONE', #6662, 1000.000000000000000 ) ;
#1002 = LINE ( 'NONE', #7990, #4332 ) ;
#1003 =( GEOMETRIC_REPRESENTATION_CONTEXT ( 3 ) GLOBAL_UNCERTAINTY_ASSIGNED_CONTEXT ( ( #8418 ) ) GLOBAL_UNIT_ASSIGNED_CONTEXT ( ( #1897, #7448, #6122 ) ) REPRESENTATION_CONTEXT ( 'NONE', 'WORKASPACE' ) );
#1004 =( LENGTH_UNIT ( ) NAMED_UNIT ( * ) SI_UNIT ( .MILLI., .METRE. ) );
#1005 = VECTOR ( 'NONE', #6768, 1000.000000000000000 ) ;
#1006 = VERTEX_POINT ( 'NONE', #8124 ) ;
#1007 = CARTESIAN_POINT ( 'NONE',  ( -7.540979541905181271, 0.4905598148821873616, 3.299999999999999822 ) ) ;
#1008 =( LENGTH_UNIT ( ) NAMED_UNIT ( * ) SI_UNIT ( .MILLI., .METRE. ) );
#1009 = EDGE_CURVE ( 'NONE', #4679, #6794, #6810, .T. ) ;
#1010 = CARTESIAN_POINT ( 'NONE',  ( 1.811435929500618824, -0.4945550715184536261, 3.299999999999999378 ) ) ;
#1011 = ORIENTED_EDGE ( 'NONE', *, *, #6371, .F. ) ;
#1012 = EDGE_CURVE ( 'NONE', #8398, #7826, #2918, .T. ) ;
#1013 = SURFACE_STYLE_FILL_AREA ( #3113 ) ;
#1014 = LINE ( 'NONE', #1618, #3922 ) ;
#1015 = DIRECTION ( 'NONE',  ( -1.000000000000000000, 0.000000000000000000, 0.000000000000000000 ) ) ;
#1016 = LINE ( 'NONE', #5246, #8089 ) ;
#1017 = EDGE_CURVE ( 'NONE', #2266, #1749, #5437, .T. ) ;
#1018 = LINE ( 'NONE', #3157, #8028 ) ;
#1019 = DIRECTION ( 'NONE',  ( 0.000000000000000000, -0.000000000000000000, -1.000000000000000000 ) ) ;
#1020 = STYLED_ITEM ( 'NONE', ( #827 ), #4595 ) ;
#1021 = ORIENTED_EDGE ( 'NONE', *, *, #3722, .T. ) ;
#1022 = DIRECTION ( 'NONE',  ( 0.000000000000000000, -0.000000000000000000, 1.000000000000000000 ) ) ;
#1023 = CARTESIAN_POINT ( 'NONE',  ( 1.947811953814211128, -0.04203128975777397497, 3.200000000000000178 ) ) ;
#1024 = CARTESIAN_POINT ( 'NONE',  ( -6.836471778807595712, -0.2935164394439004343, 3.299999999999999822 ) ) ;
#1025 = SURFACE_STYLE_USAGE ( .BOTH. , #330 ) ;
#1026 = PRESENTATION_LAYER_ASSIGNMENT (  '', '', ( #2380 ) ) ;
#1027 = EDGE_CURVE ( 'NONE', #7105, #6539, #8018, .T. ) ;
#1028 = DIRECTION ( 'NONE',  ( 0.000000000000000000, 0.000000000000000000, 1.000000000000000000 ) ) ;
#1029 = MECHANICAL_DESIGN_GEOMETRIC_PRESENTATION_REPRESENTATION (  '', ( #6338 ), #4863 ) ;
#1030 = CARTESIAN_POINT ( 'NONE',  ( 1.116325117563392366, 0.1648621580501563322, 3.200000000000000622 ) ) ;
#1031 = ORIENTED_EDGE ( 'NONE', *, *, #4874, .F. ) ;
#1032 = MECHANICAL_DESIGN_GEOMETRIC_PRESENTATION_REPRESENTATION (  '', ( #8520 ), #444 ) ;
#1033 = CARTESIAN_POINT ( 'NONE',  ( 8.543526764226669457, 0.1301962769749492044, 3.200000000000000622 ) ) ;
#1034 = CARTESIAN_POINT ( 'NONE',  ( 8.557228843804351115, 0.1601887144121011686, 3.200000000000000622 ) ) ;
#1035 = CARTESIAN_POINT ( 'NONE',  ( -6.304844348291958944, -0.04203128975777400966, 3.299999999999999378 ) ) ;
#1036 = VECTOR ( 'NONE', #7363, 1000.000000000000000 ) ;
#1037 = EDGE_LOOP ( 'NONE', ( #917, #7731, #2381, #6138 ) ) ;
#1038 =( NAMED_UNIT ( * ) PLANE_ANGLE_UNIT ( ) SI_UNIT ( $, .RADIAN. ) );
#1039 = DIRECTION ( 'NONE',  ( 0.000000000000000000, 1.000000000000000000, -0.000000000000000000 ) ) ;
#1040 = ADVANCED_FACE ( 'NONE', ( #544 ), #3377, .T. ) ;
#1041 = ORIENTED_EDGE ( 'NONE', *, *, #7065, .F. ) ;
#1042 = CARTESIAN_POINT ( 'NONE',  ( -6.183491456465803893, 0.2415404013487023882, 3.200000000000000178 ) ) ;
#1043 = DIRECTION ( 'NONE',  ( 1.000000000000000000, 0.000000000000000000, 0.000000000000000000 ) ) ;
#1044 = CARTESIAN_POINT ( 'NONE',  ( 2.127737542507471602, -0.02688934788521805605, 3.200000000000000622 ) ) ;
#1045 = CARTESIAN_POINT ( 'NONE',  ( -5.746246045695915683, 0.1256434405809504495, 3.299999999999999822 ) ) ;
#1046 = EDGE_LOOP ( 'NONE', ( #580, #864, #6117, #4181 ) ) ;
#1047 = ADVANCED_FACE ( 'NONE', ( #1375 ), #6739, .T. ) ;
#1048 = PRODUCT_RELATED_PRODUCT_CATEGORY ( 'part', '', ( #8048 ) ) ;
#1049 = CARTESIAN_POINT ( 'NONE',  ( -6.353602620945298263, -0.4467355914999334154, 3.200000000000001066 ) ) ;
#1050 = DIRECTION ( 'NONE',  ( 0.000000000000000000, 1.000000000000000000, 0.000000000000000000 ) ) ;
#1051 = ORIENTED_EDGE ( 'NONE', *, *, #2684, .F. ) ;
#1052 =( NAMED_UNIT ( * ) PLANE_ANGLE_UNIT ( ) SI_UNIT ( $, .RADIAN. ) );
#1053 = CARTESIAN_POINT ( 'NONE',  ( 0.9102564102564103532, -0.5059671363421265333, 3.200000000000000178 ) ) ;
#1054 = SURFACE_SIDE_STYLE ('',( #8051 ) ) ;
#1055 = CARTESIAN_POINT ( 'NONE',  ( 8.599765367012775386, -0.2383061434544609947, 3.199999999999999734 ) ) ;
#1056 = CARTESIAN_POINT ( 'NONE',  ( 1.392227564102564097, -0.2751979055728958068, 3.299999999999999822 ) ) ;
#1057 = FILL_AREA_STYLE ('',( #7280 ) ) ;
#1058 = ORIENTED_EDGE ( 'NONE', *, *, #8802, .F. ) ;
#1059 = LINE ( 'NONE', #3746, #704 ) ;
#1060 = EDGE_LOOP ( 'NONE', ( #5680, #9089, #4611, #7222 ) ) ;
#1061 = CARTESIAN_POINT ( 'NONE',  ( -7.660653521456484150, -0.5292175802107366156, 3.200000000000001510 ) ) ;
#1062 = CARTESIAN_POINT ( 'NONE',  ( 31.16742729670654199, 12.60184169908129093, 1.500000000000008660 ) ) ;
#1063 = CARTESIAN_POINT ( 'NONE',  ( -7.304094136902170575, -0.3493628566688716242, 3.300000000000000266 ) ) ;
#1064 =( NAMED_UNIT ( * ) SI_UNIT ( $, .STERADIAN. ) SOLID_ANGLE_UNIT ( ) );
#1065 = EDGE_CURVE ( 'NONE', #7081, #1676, #623, .T. ) ;
#1066 = B_SPLINE_SURFACE_WITH_KNOTS ( 'NONE', 3, 1, ( 
 ( #4238, #7102 ),
 ( #2795, #6273 ),
 ( #3610, #2050 ),
 ( #1488, #1434 ),
 ( #3481, #4926 ),
 ( #5683, #4102 ),
 ( #7771, #98 ),
 ( #8280, #7009 ),
 ( #1999, #3532 ),
 ( #8381, #6924 ),
 ( #6224, #6317 ),
 ( #8417, #6366 ),
 ( #8457, #4971 ),
 ( #6450, #6636 ),
 ( #1526, #3008 ) ),
 .UNSPECIFIED., .F., .F., .F.,
 ( 4, 1, 1, 1, 1, 1, 1, 1, 1, 1, 1, 1, 4 ),
 ( 2, 2 ),
 ( 0.000000000000000000, 0.1170484290483424089, 0.2299697259035169694, 0.3407035076587646705, 0.4493551469115601438, 0.5055565115208195959, 0.5653026697757538299, 0.6282049564766000183, 0.6947289918311289059, 0.7650188336519150312, 0.8395802021957297079, 0.9177497995909477124, 1.000000000000000000 ),
 ( 0.000000000000000000, 1.000000000000000000 ),
 .UNSPECIFIED. ) ;
#1067 = CARTESIAN_POINT ( 'NONE',  ( -6.967038234393490015, -0.1247365237899442508, 3.299999999999999822 ) ) ;
#1068 = CARTESIAN_POINT ( 'NONE',  ( 0.000000000000000000, 0.000000000000000000, 3.299999999999999822 ) ) ;
#1069 = ORIENTED_EDGE ( 'NONE', *, *, #1288, .T. ) ;
#1070 = PRESENTATION_STYLE_ASSIGNMENT (( #2484 ) ) ;
#1071 = CARTESIAN_POINT ( 'NONE',  ( -7.753050664627311406, 0.5188880348865969605, 3.299999999999999822 ) ) ;
#1072 = CARTESIAN_POINT ( 'NONE',  ( 8.532853373907713035, 0.09872081173813589128, 3.200000000000000178 ) ) ;
#1073 = SURFACE_STYLE_USAGE ( .BOTH. , #5356 ) ;
#1074 = CARTESIAN_POINT ( 'NONE',  ( 7.545471415461110887, -0.5059671363421265333, 3.299999999999999822 ) ) ;
#1075 = UNCERTAINTY_MEASURE_WITH_UNIT (LENGTH_MEASURE( 1.000000000000000082E-05 ), #8567, 'distance_accuracy_value', 'NONE');
#1076 = EDGE_CURVE ( 'NONE', #5482, #5908, #7566, .T. ) ;
#1077 = ORIENTED_EDGE ( 'NONE', *, *, #5719, .F. ) ;
#1078 = CARTESIAN_POINT ( 'NONE',  ( -7.295124250824120971, -0.3407027132652034607, 3.200000000000000178 ) ) ;
#1079 = CARTESIAN_POINT ( 'NONE',  ( -7.739255381182827520, -0.5311327270839869552, 3.299999999999999822 ) ) ;
#1080 = CARTESIAN_POINT ( 'NONE',  ( -6.124918759598703133, -0.02688934788521804564, 3.300000000000000266 ) ) ;
#1081 = CARTESIAN_POINT ( 'NONE',  ( -7.739255381182827520, -0.5311327270839869552, 3.200000000000000178 ) ) ;
#1082 = CARTESIAN_POINT ( 'NONE',  ( 9.043640676837584991, -0.3017532178174808233, 3.300000000000000711 ) ) ;
#1083 = VERTEX_POINT ( 'NONE', #1213 ) ;
#1084 = CARTESIAN_POINT ( 'NONE',  ( 8.872148645207753148, -0.3517340791061676075, 3.199999999999999734 ) ) ;
#1085 =( GEOMETRIC_REPRESENTATION_CONTEXT ( 3 ) GLOBAL_UNCERTAINTY_ASSIGNED_CONTEXT ( ( #1889 ) ) GLOBAL_UNIT_ASSIGNED_CONTEXT ( ( #5622, #8259, #2121 ) ) REPRESENTATION_CONTEXT ( 'NONE', 'WORKASPACE' ) );
#1086 = FILL_AREA_STYLE_COLOUR ( '', #2527 ) ;
#1087 = ORIENTED_EDGE ( 'NONE', *, *, #1603, .T. ) ;
#1088 =( NAMED_UNIT ( * ) SI_UNIT ( $, .STERADIAN. ) SOLID_ANGLE_UNIT ( ) );
#1089 = SURFACE_SIDE_STYLE ('',( #5378 ) ) ;
#1090 = FACE_OUTER_BOUND ( 'NONE', #3874, .T. ) ;
#1091 = CARTESIAN_POINT ( 'NONE',  ( 1.611778846153846256, -0.3521209824959727341, 3.299999999999999822 ) ) ;
#1092 =( GEOMETRIC_REPRESENTATION_CONTEXT ( 3 ) GLOBAL_UNCERTAINTY_ASSIGNED_CONTEXT ( ( #232 ) ) GLOBAL_UNIT_ASSIGNED_CONTEXT ( ( #2401, #3877, #5175 ) ) REPRESENTATION_CONTEXT ( 'NONE', 'WORKASPACE' ) );
#1093 = DIRECTION ( 'NONE',  ( -1.000000000000000000, 0.000000000000000000, 0.000000000000000000 ) ) ;
#1094 = EDGE_LOOP ( 'NONE', ( #492, #1986, #142, #1489 ) ) ;
#1095 = CARTESIAN_POINT ( 'NONE',  ( 1.392227564102564097, -0.2751979055728958068, 3.299999999999999822 ) ) ;
#1096 = PRESENTATION_STYLE_ASSIGNMENT (( #7238 ) ) ;
#1097 = CARTESIAN_POINT ( 'NONE',  ( -7.295124250824120971, -0.3407027132652034607, 3.200000000000000178 ) ) ;
#1098 = CARTESIAN_POINT ( 'NONE',  ( 1.623278575923173150, -0.3518043582883352283, 3.200000000000000178 ) ) ;
#1099 = CARTESIAN_POINT ( 'NONE',  ( 8.340834355221337759, 0.03229570314341997234, 3.200000000000000622 ) ) ;
#1100 = VECTOR ( 'NONE', #2853, 1000.000000000000000 ) ;
#1102 = VECTOR ( 'NONE', #5593, 1000.000000000000114 ) ;
#1101 = CARTESIAN_POINT ( 'NONE',  ( -7.425548628084586156, -0.4494348596310132615, 3.299999999999999378 ) ) ;
#1103 = CARTESIAN_POINT ( 'NONE',  ( -7.710451716398075916, -0.5315127002847459536, 3.299999999999999378 ) ) ;
#1104 = CARTESIAN_POINT ( 'NONE',  ( -7.161467827411194698, -0.05784559197263935276, 3.200000000000000178 ) ) ;
#1105 = DIRECTION ( 'NONE',  ( 0.000000000000000000, 0.000000000000000000, 1.000000000000000000 ) ) ;
#1106 = CARTESIAN_POINT ( 'NONE',  ( 9.149912209990898049, 0.4393128055917986385, 3.199999999999998845 ) ) ;
#1107 =( GEOMETRIC_REPRESENTATION_CONTEXT ( 3 ) GLOBAL_UNCERTAINTY_ASSIGNED_CONTEXT ( ( #2749 ) ) GLOBAL_UNIT_ASSIGNED_CONTEXT ( ( #5688, #22, #3582 ) ) REPRESENTATION_CONTEXT ( 'NONE', 'WORKASPACE' ) );
#1108 = SURFACE_STYLE_USAGE ( .BOTH. , #6054 ) ;
#1109 = EDGE_LOOP ( 'NONE', ( #3921, #5985, #7873, #1872 ) ) ;
#1110 = CARTESIAN_POINT ( 'NONE',  ( -5.270459564745144654, 6.176859125404855710, -2.000000000000009326 ) ) ;
#1111 = EDGE_CURVE ( 'NONE', #8946, #7768, #1373, .T. ) ;
#1112 = COLOUR_RGB ( '',1.000000000000000000, 0.000000000000000000, 0.000000000000000000 ) ;
#1113 = LINE ( 'NONE', #6099, #2206 ) ;
#1114 = PLANE ( 'NONE',  #7704 ) ;
#1115 = CARTESIAN_POINT ( 'NONE',  ( -6.541661658969460724, -0.3386277985677164648, 3.300000000000001155 ) ) ;
#1116 = VECTOR ( 'NONE', #5384, 1000.000000000000000 ) ;
#1117 = VERTEX_POINT ( 'NONE', #5358 ) ;
#1118 = CARTESIAN_POINT ( 'NONE',  ( -5.156502455952325370, 0.1256434405809504495, 3.299999999999999822 ) ) ;
#1119 = CARTESIAN_POINT ( 'NONE',  ( -6.261456296796052534, 3.158925150470279331, 3.400000000000000355 ) ) ;
#1120 = SURFACE_SIDE_STYLE ('',( #7570 ) ) ;
#1121 = CARTESIAN_POINT ( 'NONE',  ( -6.276548632706548503, 0.3663014702377211940, 3.300000000000000711 ) ) ;
#1122 = CARTESIAN_POINT ( 'NONE',  ( 7.365984235973931149, -0.5059671363421265333, 3.299999999999999822 ) ) ;
#1123 = DIRECTION ( 'NONE',  ( 0.000000000000000000, 1.000000000000000000, 0.000000000000000000 ) ) ;
#1124 =( GEOMETRIC_REPRESENTATION_CONTEXT ( 3 ) GLOBAL_UNCERTAINTY_ASSIGNED_CONTEXT ( ( #1435 ) ) GLOBAL_UNIT_ASSIGNED_CONTEXT ( ( #345, #439, #3271 ) ) REPRESENTATION_CONTEXT ( 'NONE', 'WORKASPACE' ) );
#1125 = DIRECTION ( 'NONE',  ( -0.3128706799756180712, -0.9497957346775117715, 0.000000000000000000 ) ) ;
#1126 = LINE ( 'NONE', #1225, #225 ) ;
#1127 = ADVANCED_FACE ( 'NONE', ( #5413 ), #1215, .T. ) ;
#1128 = ADVANCED_FACE ( 'NONE', ( #3499 ), #478, .T. ) ;
#1129 = ORIENTED_EDGE ( 'NONE', *, *, #6048, .T. ) ;
#1130 = CARTESIAN_POINT ( 'NONE',  ( 9.099071970293680423, -0.2614307685271266557, 3.200000000000000178 ) ) ;
#1131 = STYLED_ITEM ( 'NONE', ( #5778 ), #1814 ) ;
#1132 = CARTESIAN_POINT ( 'NONE',  ( 8.859573979563675650, -0.5316081619831521943, 3.299999999999999822 ) ) ;
#1133 = CARTESIAN_POINT ( 'NONE',  ( 0.2770432692307692180, 0.4940328636578734667, 3.299999999999999822 ) ) ;
#1134 = EDGE_LOOP ( 'NONE', ( #8281, #4583, #8690, #8033, #3441, #7686 ) ) ;
#1135 = CARTESIAN_POINT ( 'NONE',  ( 1.849916808284662428, 0.2397606950972751283, 3.299999999999998934 ) ) ;
#1136 = CARTESIAN_POINT ( 'NONE',  ( 8.855367248794443924, 0.3401867098117196120, 3.299999999999999822 ) ) ;
#1137 = B_SPLINE_SURFACE_WITH_KNOTS ( 'NONE', 3, 1, ( 
 ( #5239, #4561 ),
 ( #4510, #5195 ),
 ( #966, #7315 ),
 ( #5848, #317 ),
 ( #7232, #3150 ),
 ( #925, #8728 ),
 ( #5801, #3738 ),
 ( #1613, #8587 ),
 ( #2328, #5939 ),
 ( #2462, #1751 ),
 ( #7358, #7954 ),
 ( #2378, #1049 ),
 ( #2507, #5285 ),
 ( #5106, #7904 ),
 ( #5158, #1660 ),
 ( #4467, #1833 ),
 ( #3324, #2587 ),
 ( #5374, #8961 ),
 ( #450, #8860 ) ),
 .UNSPECIFIED., .F., .F., .F.,
 ( 4, 1, 1, 1, 1, 1, 1, 1, 1, 1, 1, 1, 1, 1, 1, 1, 4 ),
 ( 2, 2 ),
 ( 0.000000000000000000, 0.06572231519156150614, 0.1295079307025842341, 0.1917221026921613336, 0.2531611245020884970, 0.3143157037352571348, 0.3759517397728622812, 0.4386196008234090060, 0.5029729018927766582, 0.5671286457242653567, 0.6295522895796736851, 0.6904767824348738703, 0.7510723384108283218, 0.8116678943867835505, 0.8729293555873908206, 0.9355013707158068570, 1.000000000000000000 ),
 ( 0.000000000000000000, 1.000000000000000000 ),
 .UNSPECIFIED. ) ;
#1138 = CARTESIAN_POINT ( 'NONE',  ( -5.037111430311299820, 0.4940328636578734667, 3.200000000000000178 ) ) ;
#1139 = PRESENTATION_LAYER_ASSIGNMENT (  '', '', ( #6589 ) ) ;
#1140 = CARTESIAN_POINT ( 'NONE',  ( 9.650000000000002132, -5.099999999999999645, -3.200000000000000178 ) ) ;
#1141 = CARTESIAN_POINT ( 'NONE',  ( 1.494844320603884169, -0.3332738282322757484, 3.299999999999998046 ) ) ;
#1142 = CIRCLE ( 'NONE', #9084, 1.000000000000000000 ) ;
#1143 = LINE ( 'NONE', #6123, #4369 ) ;
#1144 = EDGE_LOOP ( 'NONE', ( #7551, #2211, #4812, #2209 ) ) ;
#1145 = VECTOR ( 'NONE', #7171, 1000.000000000000000 ) ;
#1146 = CARTESIAN_POINT ( 'NONE',  ( 1.269636977036675329, -0.02167724614778751904, 3.199999999999999734 ) ) ;
#1147 = CARTESIAN_POINT ( 'NONE',  ( -8.220366179297544207, -0.1658360427291140360, 3.199999999999999734 ) ) ;
#1148 = SURFACE_SIDE_STYLE ('',( #5485 ) ) ;
#1149 = CARTESIAN_POINT ( 'NONE',  ( 8.658863118923434854, 0.4801761235019858520, 3.200000000000000178 ) ) ;
#1150 = UNCERTAINTY_MEASURE_WITH_UNIT (LENGTH_MEASURE( 1.000000000000000082E-05 ), #3514, 'distance_accuracy_value', 'NONE');
#1151 = PRESENTATION_LAYER_ASSIGNMENT (  '', '', ( #7335 ) ) ;
#1152 = ORIENTED_EDGE ( 'NONE', *, *, #8552, .F. ) ;
#1153 = PLANE ( 'NONE',  #1874 ) ;
#1154 = PRESENTATION_LAYER_ASSIGNMENT (  '', '', ( #1459 ) ) ;
#1155 = PRESENTATION_STYLE_ASSIGNMENT (( #6135 ) ) ;
#1156 = EDGE_CURVE ( 'NONE', #1810, #770, #203, .T. ) ;
#1157 = CARTESIAN_POINT ( 'NONE',  ( 9.039199457713383623, 0.4905598148821877502, 3.199999999999999734 ) ) ;
#1158 = CARTESIAN_POINT ( 'NONE',  ( -5.539515276465145632, -0.5059671363421265333, 3.299999999999999822 ) ) ;
#1159 = ORIENTED_EDGE ( 'NONE', *, *, #8743, .F. ) ;
#1160 = AXIS2_PLACEMENT_3D ( 'NONE', #5405, #4860, #3657 ) ;
#1161 = EDGE_CURVE ( 'NONE', #4730, #5147, #5545, .T. ) ;
#1162 = CARTESIAN_POINT ( 'NONE',  ( -8.036652235391898103, 0.1301962769749490934, 3.300000000000000266 ) ) ;
#1163 = VECTOR ( 'NONE', #571, 1000.000000000000000 ) ;
#1164 = CYLINDRICAL_SURFACE ( 'NONE', #1160, 1.000000000000000000 ) ;
#1165 = CARTESIAN_POINT ( 'NONE',  ( 8.519830389820084449, -0.003963931213921351518, 3.200000000000000178 ) ) ;
#1166 = DIRECTION ( 'NONE',  ( 0.000000000000000000, -1.000000000000000000, 0.000000000000000000 ) ) ;
#1167 = AXIS2_PLACEMENT_3D ( 'NONE', #4130, #5468, #8356 ) ;
#1168 = CARTESIAN_POINT ( 'NONE',  ( 1.708801511457470834, 0.3264945020559985589, 3.300000000000000711 ) ) ;
#1169 = CARTESIAN_POINT ( 'NONE',  ( -8.054634625261462233, -0.07674748960075709892, 3.299999999999998934 ) ) ;
#1170 = AXIS2_PLACEMENT_3D ( 'NONE', #8106, #7597, #1296 ) ;
#1171 = VERTEX_POINT ( 'NONE', #8608 ) ;
#1172 = FACE_OUTER_BOUND ( 'NONE', #8815, .T. ) ;
#1173 = CARTESIAN_POINT ( 'NONE',  ( 8.522196090833647375, -0.05312347106214458659, 3.300000000000000266 ) ) ;
#1174 = AXIS2_PLACEMENT_3D ( 'NONE', #301, #984, #3131 ) ;
#1175 = PRESENTATION_STYLE_ASSIGNMENT (( #6205 ) ) ;
#1176 = FACE_OUTER_BOUND ( 'NONE', #1037, .T. ) ;
#1177 = PRESENTATION_STYLE_ASSIGNMENT (( #538 ) ) ;
#1179 = PRESENTATION_LAYER_ASSIGNMENT (  '', '', ( #5157 ) ) ;
#1178 = DIRECTION ( 'NONE',  ( 0.000000000000000000, -0.000000000000000000, 1.000000000000000000 ) ) ;
#1180 = CARTESIAN_POINT ( 'NONE',  ( -6.303938353388223170, -0.006568097880588056638, 3.200000000000000178 ) ) ;
#1181 = PRESENTATION_STYLE_ASSIGNMENT (( #7437 ) ) ;
#1182 = EDGE_CURVE ( 'NONE', #2509, #1376, #7288, .T. ) ;
#1183 = EDGE_LOOP ( 'NONE', ( #7010, #5155, #5870, #3584 ) ) ;
#1184 = CARTESIAN_POINT ( 'NONE',  ( 9.150820972121209707, -0.2133483499873540801, 3.200000000000000622 ) ) ;
#1185 = COLOUR_RGB ( '',0.2509803921568627416, 0.2509803921568627416, 0.2509803921568627416 ) ;
#1186 = CARTESIAN_POINT ( 'NONE',  ( 2.128205128205128638, -0.008971944034434263526, 3.200000000000000178 ) ) ;
#1187 = ORIENTED_EDGE ( 'NONE', *, *, #2277, .T. ) ;
#1188 = CARTESIAN_POINT ( 'NONE',  ( 1.089743589743589869, -0.005566495316485452725, 3.299999999999999822 ) ) ;
#1189 = PLANE ( 'NONE',  #3073 ) ;
#1190 = CARTESIAN_POINT ( 'NONE',  ( -6.713150251292781867, 0.3345323263372206868, 3.200000000000000178 ) ) ;
#1191 = CARTESIAN_POINT ( 'NONE',  ( -5.679539314926684845, 0.4940328636578734667, 3.200000000000000178 ) ) ;
#1192 = CARTESIAN_POINT ( 'NONE',  ( -8.156711301944927328, 0.2902447036081439724, 3.200000000000000622 ) ) ;
#1193 = CARTESIAN_POINT ( 'NONE',  ( 9.124478961674007849, 0.2288467283147193332, 3.200000000000000178 ) ) ;
#1194 = FILL_AREA_STYLE ('',( #7500 ) ) ;
#1195 = ORIENTED_EDGE ( 'NONE', *, *, #3990, .F. ) ;
#1196 = CARTESIAN_POINT ( 'NONE',  ( -7.550000000000000711, -9.099999999999999645, 1.449999999999998401 ) ) ;
#1197 = ADVANCED_FACE ( 'NONE', ( #3126 ), #7690, .T. ) ;
#1198 = DIRECTION ( 'NONE',  ( -0.000000000000000000, -0.000000000000000000, -1.000000000000000000 ) ) ;
#1199 = CARTESIAN_POINT ( 'NONE',  ( 1.269230769230769162, -0.007970341470331657879, 3.200000000000000178 ) ) ;
#1200 =( NAMED_UNIT ( * ) SI_UNIT ( $, .STERADIAN. ) SOLID_ANGLE_UNIT ( ) );
#1201 = CARTESIAN_POINT ( 'NONE',  ( -7.642740022454406201, 0.3319331128999253866, 3.300000000000000266 ) ) ;
#1202 = ORIENTED_EDGE ( 'NONE', *, *, #8591, .T. ) ;
#1203 = DIRECTION ( 'NONE',  ( -0.000000000000000000, -0.000000000000000000, -1.000000000000000000 ) ) ;
#1204 = FILL_AREA_STYLE ('',( #5304 ) ) ;
#1205 =( NAMED_UNIT ( * ) PLANE_ANGLE_UNIT ( ) SI_UNIT ( $, .RADIAN. ) );
#1206 = CARTESIAN_POINT ( 'NONE',  ( -5.800000000000001599, -2.700000000000002842, 3.200000000000000178 ) ) ;
#1207 = CARTESIAN_POINT ( 'NONE',  ( 9.067782662780455638, 0.4802700398739078169, 3.299999999999999378 ) ) ;
#1208 = SURFACE_SIDE_STYLE ('',( #8147 ) ) ;
#1209 = EDGE_LOOP ( 'NONE', ( #1860, #4234, #8508, #6418, #924, #558 ) ) ;
#1210 = CARTESIAN_POINT ( 'NONE',  ( -8.017801159763711993, -0.1841499302143286831, 3.299999999999999822 ) ) ;
#1211 = CARTESIAN_POINT ( 'NONE',  ( 2.128205128205128638, -0.008971944034434263526, 3.200000000000000178 ) ) ;
#1212 = CARTESIAN_POINT ( 'NONE',  ( -6.629377726182999808, -0.3518043582883352283, 3.299999999999999822 ) ) ;
#1213 = CARTESIAN_POINT ( 'NONE',  ( 0.9102564102564103532, -0.5059671363421265333, 3.299999999999999822 ) ) ;
#1214 = CARTESIAN_POINT ( 'NONE',  ( -7.980413632605789509, -0.2383061434544597734, 3.200000000000001066 ) ) ;
#1215 = B_SPLINE_SURFACE_WITH_KNOTS ( 'NONE', 3, 1, ( 
 ( #1968, #31 ),
 ( #843, #4298 ),
 ( #5076, #2254 ),
 ( #160, #2857 ),
 ( #5739, #7872 ),
 ( #711, #2983 ),
 ( #7743, #7206 ),
 ( #2207, #6416 ),
 ( #5696, #5657 ),
 ( #8522, #5030 ),
 ( #4991, #7110 ),
 ( #762, #8559 ),
 ( #7786, #114 ),
 ( #7823, #1538 ),
 ( #1502, #3589 ),
 ( #4343, #2892 ),
 ( #8396, #794 ),
 ( #2937, #7156 ),
 ( #6378, #68 ) ),
 .UNSPECIFIED., .F., .F., .F.,
 ( 4, 1, 1, 1, 1, 1, 1, 1, 1, 1, 1, 1, 1, 1, 1, 1, 4 ),
 ( 2, 2 ),
 ( 0.000000000000000000, 0.06737624279926482385, 0.1318365787763113861, 0.1944610676015869621, 0.2553459677434137820, 0.3155883400136118011, 0.3756274517721998052, 0.4361378520525414637, 0.4977786195747128106, 0.5594703610940525706, 0.6202777696791134110, 0.6807876889604195236, 0.7414916215916548259, 0.8032154362531898073, 0.8664927627489314998, 0.9319104429113606036, 1.000000000000000000 ),
 ( 0.000000000000000000, 1.000000000000000000 ),
 .UNSPECIFIED. ) ;
#1216 = EDGE_LOOP ( 'NONE', ( #8590, #7259, #6292, #4994, #3747, #8223 ) ) ;
#1217 = CARTESIAN_POINT ( 'NONE',  ( -7.710962225220055366, 0.3397814197328729025, 3.200000000000000178 ) ) ;
#1218 = DIRECTION ( 'NONE',  ( 1.000000000000000000, 0.000000000000000000, 1.351345363508946546E-16 ) ) ;
#1219 = CARTESIAN_POINT ( 'NONE',  ( 0.4999999999999995559, -8.799999999999995381, 1.750000000000000000 ) ) ;
#1220 = SURFACE_STYLE_USAGE ( .BOTH. , #1120 ) ;
#1221 = CARTESIAN_POINT ( 'NONE',  ( -6.589968165276117951, 0.5183350099680890111, 3.199999999999999289 ) ) ;
#1222 = SURFACE_SIDE_STYLE ('',( #8262 ) ) ;
#1223 = CARTESIAN_POINT ( 'NONE',  ( 1.664608827013363213, -0.5302281613738382138, 3.200000000000001066 ) ) ;
#1224 = CARTESIAN_POINT ( 'NONE',  ( -6.379148098672305700, -0.2274515614225649240, 3.200000000000000178 ) ) ;
#1225 = CARTESIAN_POINT ( 'NONE',  ( 8.049999999999998934, -5.099999999999999645, 1.750000000000000000 ) ) ;
#1226 = ORIENTED_EDGE ( 'NONE', *, *, #4674, .T. ) ;
#1227 = CARTESIAN_POINT ( 'NONE',  ( 1.612379807692307709, -0.5316081619831521943, 3.200000000000000178 ) ) ;
#1228 = CARTESIAN_POINT ( 'NONE',  ( 9.104759284463021629, -0.4785579739879670669, 3.300000000000000266 ) ) ;
#1229 = ORIENTED_EDGE ( 'NONE', *, *, #1501, .F. ) ;
#1230 = CARTESIAN_POINT ( 'NONE',  ( 1.142488519630139310, 0.2280639469605928171, 3.300000000000001155 ) ) ;
#1231 = DIRECTION ( 'NONE',  ( -1.000000000000000000, 0.000000000000000000, 0.000000000000000000 ) ) ;
#1232 = CARTESIAN_POINT ( 'NONE',  ( 9.129426145506581491, -0.4649073206360704869, 3.299999999999999378 ) ) ;
#1233 = CARTESIAN_POINT ( 'NONE',  ( 8.869216774398509529, 0.3397814197328729580, 3.300000000000000711 ) ) ;
#1234 = UNCERTAINTY_MEASURE_WITH_UNIT (LENGTH_MEASURE( 1.000000000000000082E-05 ), #3632, 'distance_accuracy_value', 'NONE');
#1235 = PRESENTATION_LAYER_ASSIGNMENT (  '', '', ( #7835 ) ) ;
#1236 =( GEOMETRIC_REPRESENTATION_CONTEXT ( 3 ) GLOBAL_UNCERTAINTY_ASSIGNED_CONTEXT ( ( #2491 ) ) GLOBAL_UNIT_ASSIGNED_CONTEXT ( ( #1934, #539, #4781 ) ) REPRESENTATION_CONTEXT ( 'NONE', 'WORKASPACE' ) );
#1237 = EDGE_LOOP ( 'NONE', ( #7046, #2493, #1799, #8012 ) ) ;
#1238 = CARTESIAN_POINT ( 'NONE',  ( -6.402739493821509420, 0.2397606950972752948, 3.200000000000000178 ) ) ;
#1239 = CARTESIAN_POINT ( 'NONE',  ( -8.128927763680554364, -0.3460104751725758820, 3.200000000000000622 ) ) ;
#1240 = CARTESIAN_POINT ( 'NONE',  ( -7.034618086350007182, 0.3417931446274302121, 3.200000000000001066 ) ) ;
#1241 = UNCERTAINTY_MEASURE_WITH_UNIT (LENGTH_MEASURE( 1.000000000000000082E-05 ), #4981, 'distance_accuracy_value', 'NONE');
#1242 = ORIENTED_EDGE ( 'NONE', *, *, #3257, .T. ) ;
#1243 = FILL_AREA_STYLE ('',( #2702 ) ) ;
#1244 = SURFACE_SIDE_STYLE ('',( #8840 ) ) ;
#1245 = VECTOR ( 'NONE', #4476, 1000.000000000000000 ) ;
#1246 = B_SPLINE_CURVE_WITH_KNOTS ( 'NONE', 3,
 ( #4183, #7762, #6309, #1378, #6997, #6437, #3519, #9, #5634, #4317, #5582, #735, #2178, #6358, #7095, #2909, #8314, #46, #8410 ),
 .UNSPECIFIED., .F., .F.,
 ( 4, 1, 1, 1, 1, 1, 1, 1, 1, 1, 1, 1, 1, 1, 1, 1, 4 ),
 ( 0.000000000000000000, 0.06471451654083451577, 0.1277069683294531910, 0.1888821628171172273, 0.2491582987223299461, 0.3096610287488844593, 0.3702248860571860090, 0.4323322219725850291, 0.4957818589938720044, 0.5593040765204274622, 0.6218605583615254284, 0.6833215373325060016, 0.7445229747823347566, 0.8060883712105106902, 0.8689943146702061583, 0.9334190568081364159, 1.000000000000000000 ),
 .UNSPECIFIED. ) ;
#1247 = CARTESIAN_POINT ( 'NONE',  ( 9.123442642277970194, 0.4545448907068034283, 3.300000000000000711 ) ) ;
#1248 = STYLED_ITEM ( 'NONE', ( #1181 ), #6356 ) ;
#1249 = CARTESIAN_POINT ( 'NONE',  ( 1.611778846153846256, -0.3521209824959727341, 3.200000000000000178 ) ) ;
#1250 = VERTEX_POINT ( 'NONE', #4717 ) ;
#1251 = CARTESIAN_POINT ( 'NONE',  ( -6.860979430519222433, 0.2650035628447828806, 3.200000000000001066 ) ) ;
#1252 =( LENGTH_UNIT ( ) NAMED_UNIT ( * ) SI_UNIT ( .MILLI., .METRE. ) );
#1253 = DIRECTION ( 'NONE',  ( -0.1666805692401607530, 0.9860109471186290220, 0.000000000000000000 ) ) ;
#1254 = DIRECTION ( 'NONE',  ( 0.000000000000000000, -1.000000000000000000, 0.000000000000000000 ) ) ;
#1255 = FILL_AREA_STYLE_COLOUR ( '', #70 ) ;
#1256 = CARTESIAN_POINT ( 'NONE',  ( -7.422728417490787933, -0.2066882901882803603, 3.299999999999999822 ) ) ;
#1257 = VECTOR ( 'NONE', #3857, 1000.000000000000000 ) ;
#1258 = UNCERTAINTY_MEASURE_WITH_UNIT (LENGTH_MEASURE( 1.000000000000000082E-05 ), #772, 'distance_accuracy_value', 'NONE');
#1259 = CARTESIAN_POINT ( 'NONE',  ( 1.947778898282149784, 0.02875541866581782929, 3.299999999999999378 ) ) ;
#1260 = CARTESIAN_POINT ( 'NONE',  ( 10.14999999999999858, 4.599999999999998757, -3.200000000000000178 ) ) ;
#1261 = EDGE_LOOP ( 'NONE', ( #4441, #8546, #7886, #2051 ) ) ;
#1262 = PRESENTATION_STYLE_ASSIGNMENT (( #6016 ) ) ;
#1263 = PLANE ( 'NONE',  #358 ) ;
#1264 = VECTOR ( 'NONE', #2059, 1000.000000000000000 ) ;
#1265 = ADVANCED_FACE ( 'NONE', ( #6092 ), #8932, .F. ) ;
#1266 = CARTESIAN_POINT ( 'NONE',  ( 0.2948717948717948789, -0.5059671363421265333, 3.200000000000000178 ) ) ;
#1267 = CARTESIAN_POINT ( 'NONE',  ( -6.629377726182999808, -0.3518043582883352283, 3.200000000000000178 ) ) ;
#1268 = PRESENTATION_STYLE_ASSIGNMENT (( #7572 ) ) ;
#1269 = CARTESIAN_POINT ( 'NONE',  ( -4.550000000000000711, -2.700000000000002842, 3.200000000000000178 ) ) ;
#1270 = SURFACE_STYLE_FILL_AREA ( #2866 ) ;
#1271 = CARTESIAN_POINT ( 'NONE',  ( -7.500018218202700204, -0.2764599410644417721, 3.299999999999999378 ) ) ;
#1272 = EDGE_CURVE ( 'NONE', #789, #2140, #8245, .T. ) ;
#1273 = EDGE_LOOP ( 'NONE', ( #7633, #1077, #749, #2742 ) ) ;
#1274 = FILL_AREA_STYLE ('',( #3323 ) ) ;
#1275 = CARTESIAN_POINT ( 'NONE',  ( 9.080117573130747743, -0.4901566081137487818, 3.300000000000001155 ) ) ;
#1276 = CARTESIAN_POINT ( 'NONE',  ( 1.628363789664602601, 0.5192237287839791549, 3.299999999999999822 ) ) ;
#1277 =( GEOMETRIC_REPRESENTATION_CONTEXT ( 3 ) GLOBAL_UNCERTAINTY_ASSIGNED_CONTEXT ( ( #1907 ) ) GLOBAL_UNIT_ASSIGNED_CONTEXT ( ( #2447, #4731, #2618 ) ) REPRESENTATION_CONTEXT ( 'NONE', 'WORKASPACE' ) );
#1278 = ORIENTED_EDGE ( 'NONE', *, *, #4403, .F. ) ;
#1279 = CARTESIAN_POINT ( 'NONE',  ( 1.910544580682598248, 0.1580442267139253454, 3.300000000000001155 ) ) ;
#1280 = FACE_OUTER_BOUND ( 'NONE', #4859, .T. ) ;
#1281 = DIRECTION ( 'NONE',  ( 0.9848077530122076872, 0.1736481776669323296, 0.000000000000000000 ) ) ;
#1282 = CARTESIAN_POINT ( 'NONE',  ( -8.014043926521738470, 0.4308291787863750555, 3.200000000000000622 ) ) ;
#1283 = FILL_AREA_STYLE_COLOUR ( '', #3085 ) ;
#1284 = VECTOR ( 'NONE', #8695, 1000.000000000000000 ) ;
#1285 = COLOUR_RGB ( '',0.2509803921568627416, 0.2509803921568627416, 0.2509803921568627416 ) ;
#1286 = DIRECTION ( 'NONE',  ( 0.9848077530122080203, 0.1736481776669306920, 1.445602896647340149E-16 ) ) ;
#1287 = VERTEX_POINT ( 'NONE', #4764 ) ;
#1288 = EDGE_CURVE ( 'NONE', #2140, #3958, #4057, .T. ) ;
#1289 = EDGE_CURVE ( 'NONE', #4891, #8309, #4654, .T. ) ;
#1290 = CARTESIAN_POINT ( 'NONE',  ( -8.231695149398586153, -0.1142971413678125631, 3.300000000000000266 ) ) ;
#1291 = CARTESIAN_POINT ( 'NONE',  ( 1.293005852369144115, 0.1303322648428095198, 3.299999999999999378 ) ) ;
#1292 =( LENGTH_UNIT ( ) NAMED_UNIT ( * ) SI_UNIT ( .MILLI., .METRE. ) );
#1293 = STYLED_ITEM ( 'NONE', ( #6264 ), #7151 ) ;
#1294 =( LENGTH_UNIT ( ) NAMED_UNIT ( * ) SI_UNIT ( .MILLI., .METRE. ) );
#1295 = ORIENTED_EDGE ( 'NONE', *, *, #7818, .F. ) ;
#1296 = DIRECTION ( 'NONE',  ( 0.000000000000000000, -0.000000000000000000, 1.000000000000000000 ) ) ;
#1298 = CIRCLE ( 'NONE', #6147, 1.199999999999999734 ) ;
#1297 =( NAMED_UNIT ( * ) SI_UNIT ( $, .STERADIAN. ) SOLID_ANGLE_UNIT ( ) );
#1299 = AXIS2_PLACEMENT_3D ( 'NONE', #8415, #16, #1343 ) ;
#1300 = ADVANCED_FACE ( 'NONE', ( #425 ), #3260, .F. ) ;
#1301 =( LENGTH_UNIT ( ) NAMED_UNIT ( * ) SI_UNIT ( .MILLI., .METRE. ) );
#1302 = VECTOR ( 'NONE', #6308, 1000.000000000000000 ) ;
#1303 = PRESENTATION_STYLE_ASSIGNMENT (( #6880 ) ) ;
#1304 = CARTESIAN_POINT ( 'NONE',  ( 1.475560651491807818, 0.5023653327911610234, 3.200000000000000622 ) ) ;
#1305 = COLOUR_RGB ( '',0.2509803921568627416, 0.2509803921568627416, 0.2509803921568627416 ) ;
#1306 = COLOUR_RGB ( '',0.7764705882352941346, 0.7568627450980391913, 0.7372549019607843590 ) ;
#1307 = ORIENTED_EDGE ( 'NONE', *, *, #6460, .T. ) ;
#1308 = CARTESIAN_POINT ( 'NONE',  ( -6.209883280901504321, 0.2853902983432725637, 3.200000000000000178 ) ) ;
#1309 = AXIS2_PLACEMENT_3D ( 'NONE', #6625, #5835, #5277 ) ;
#1310 = CARTESIAN_POINT ( 'NONE',  ( 2.091430796074487564, -0.2115733426068731049, 3.199999999999999289 ) ) ;
#1311 = CARTESIAN_POINT ( 'NONE',  ( -7.540979541905181271, 0.4905598148821873616, 3.299999999999999822 ) ) ;
#1312 = STYLED_ITEM ( 'NONE', ( #4414 ), #3906 ) ;
#1313 = LINE ( 'NONE', #6240, #4254 ) ;
#1314 = CARTESIAN_POINT ( 'NONE',  ( 8.862378466743162875, 0.5196738892988990166, 3.299999999999999822 ) ) ;
#1315 = AXIS2_PLACEMENT_3D ( 'NONE', #5313, #8846, #7421 ) ;
#1316 =( NAMED_UNIT ( * ) PLANE_ANGLE_UNIT ( ) SI_UNIT ( $, .RADIAN. ) );
#1317 = ORIENTED_EDGE ( 'NONE', *, *, #5527, .F. ) ;
#1318 = CARTESIAN_POINT ( 'NONE',  ( -6.729806525875980938, -0.3417680260609263221, 3.299999999999999378 ) ) ;
#1319 = PRESENTATION_LAYER_ASSIGNMENT (  '', '', ( #5873 ) ) ;
#1320 = CARTESIAN_POINT ( 'NONE',  ( 9.039199457713383623, 0.4905598148821877502, 3.200000000000000178 ) ) ;
#1321 = PLANE ( 'NONE',  #6753 ) ;
#1322 = FILL_AREA_STYLE ('',( #6297 ) ) ;
#1323 = CARTESIAN_POINT ( 'NONE',  ( 1.323829116549537499, 0.1897221279670411043, 3.200000000000000178 ) ) ;
#1324 = VECTOR ( 'NONE', #4734, 1000.000000000000000 ) ;
#1325 = SURFACE_STYLE_FILL_AREA ( #6386 ) ;
#1326 = PRESENTATION_STYLE_ASSIGNMENT (( #5516 ) ) ;
#1327 = EDGE_CURVE ( 'NONE', #7531, #4679, #8272, .T. ) ;
#1328 = LINE ( 'NONE', #4079, #7415 ) ;
#1329 = ORIENTED_EDGE ( 'NONE', *, *, #1065, .T. ) ;
#1330 = EDGE_CURVE ( 'NONE', #8182, #2804, #2107, .T. ) ;
#1331 = CARTESIAN_POINT ( 'NONE',  ( -6.945601693908399987, 0.1607786497579150875, 3.299999999999999822 ) ) ;
#1332 = CARTESIAN_POINT ( 'NONE',  ( 1.713166865136146466, 0.5109268450267248074, 3.200000000000000178 ) ) ;
#1333 = CARTESIAN_POINT ( 'NONE',  ( 1.610977564102564097, 0.5196738892988990166, 3.200000000000000178 ) ) ;
#1334 = EDGE_LOOP ( 'NONE', ( #8464, #834, #3347, #7170, #2184, #9088 ) ) ;
#1335 = CARTESIAN_POINT ( 'NONE',  ( 1.576374965622993951, 0.5192128638140552921, 3.299999999999999378 ) ) ;
#1336 =( NAMED_UNIT ( * ) PLANE_ANGLE_UNIT ( ) SI_UNIT ( $, .RADIAN. ) );
#1337 = CARTESIAN_POINT ( 'NONE',  ( -8.050000000000000711, -9.099999999999999645, -1.449999999999998179 ) ) ;
#1338 = CARTESIAN_POINT ( 'NONE',  ( -7.855806583489789219, 0.5024524409711805806, 3.200000000000000622 ) ) ;
#1339 = FILL_AREA_STYLE_COLOUR ( '', #7471 ) ;
#1340 = VECTOR ( 'NONE', #2145, 1000.000000000000000 ) ;
#1341 = EDGE_CURVE ( 'NONE', #7184, #7507, #4895, .T. ) ;
#1342 = ORIENTED_EDGE ( 'NONE', *, *, #7618, .T. ) ;
#1343 = DIRECTION ( 'NONE',  ( 1.000000000000000000, 0.000000000000000000, 0.000000000000000000 ) ) ;
#1344 = DIRECTION ( 'NONE',  ( 1.000000000000000000, 0.000000000000000000, 0.000000000000000000 ) ) ;
#1345 = PRESENTATION_STYLE_ASSIGNMENT (( #5537 ) ) ;
#1346 = CARTESIAN_POINT ( 'NONE',  ( 1.285618067712680723, -0.1247365237899443202, 3.299999999999999378 ) ) ;
#1347 = UNCERTAINTY_MEASURE_WITH_UNIT (LENGTH_MEASURE( 1.000000000000000082E-05 ), #7099, 'distance_accuracy_value', 'NONE');
#1348 = ORIENTED_EDGE ( 'NONE', *, *, #7258, .F. ) ;
#1349 = FACE_BOUND ( 'NONE', #1690, .T. ) ;
#1350 = FACE_OUTER_BOUND ( 'NONE', #4081, .T. ) ;
#1351 = SURFACE_STYLE_USAGE ( .BOTH. , #3399 ) ;
#1352 = DIRECTION ( 'NONE',  ( 1.000000000000000000, 0.000000000000000000, 0.000000000000000000 ) ) ;
#1353 = DIRECTION ( 'NONE',  ( -0.000000000000000000, -0.000000000000000000, -1.000000000000000000 ) ) ;
#1354 = ORIENTED_EDGE ( 'NONE', *, *, #208, .F. ) ;
#1355 = CARTESIAN_POINT ( 'NONE',  ( -6.886094640301323899, 0.2422483537722805724, 3.200000000000000178 ) ) ;
#1356 = CARTESIAN_POINT ( 'NONE',  ( -7.773397561847751547, 3.095414434572329121, -3.400000000000000799 ) ) ;
#1357 = CARTESIAN_POINT ( 'NONE',  ( -8.060348609798481334, -0.003963931213921352385, 3.200000000000000622 ) ) ;
#1358 = EDGE_CURVE ( 'NONE', #3963, #8655, #4980, .T. ) ;
#1359 = CARTESIAN_POINT ( 'NONE',  ( -7.295124250824120971, -0.3407027132652034607, 3.299999999999999822 ) ) ;
#1360 = CARTESIAN_POINT ( 'NONE',  ( -7.356180868148929797, 0.3861944913999414419, 3.300000000000000711 ) ) ;
#1361 = PRESENTATION_STYLE_ASSIGNMENT (( #1967 ) ) ;
#1362 = UNCERTAINTY_MEASURE_WITH_UNIT (LENGTH_MEASURE( 1.000000000000000082E-05 ), #2218, 'distance_accuracy_value', 'NONE');
#1363 = CARTESIAN_POINT ( 'NONE',  ( -7.912650605423851680, 0.2845935240287506551, 3.200000000000000622 ) ) ;
#1364 = CARTESIAN_POINT ( 'NONE',  ( -8.057982908784920184, -0.05312347106214442699, 3.300000000000001599 ) ) ;
#1365 = ORIENTED_EDGE ( 'NONE', *, *, #8768, .F. ) ;
#1366 = CARTESIAN_POINT ( 'NONE',  ( 9.157450582127777849, -0.2066882901882803603, 3.200000000000000178 ) ) ;
#1367 = CARTESIAN_POINT ( 'NONE',  ( -4.610596489610812476, 2.434589663958467209, 3.400000000000000355 ) ) ;
#1368 = LINE ( 'NONE', #8400, #725 ) ;
#1369 = LINE ( 'NONE', #9002, #5116 ) ;
#1370 = CARTESIAN_POINT ( 'NONE',  ( -6.124890239342936304, 0.009149648307353007437, 3.300000000000000711 ) ) ;
#1371 = CARTESIAN_POINT ( 'NONE',  ( -8.183686341169305933, -0.2610817460956936231, 3.200000000000000178 ) ) ;
#1372 = DIRECTION ( 'NONE',  ( -1.000000000000000000, 0.000000000000000000, 0.000000000000000000 ) ) ;
#1373 = B_SPLINE_CURVE_WITH_KNOTS ( 'NONE', 3,
 ( #6940, #4025, #1259, #529, #670, #3357, #4068, #2072, #2616, #8256, #6978, #7473, #3413, #2766, #1168, #2716, #5556, #2578, #3979 ),
 .UNSPECIFIED., .F., .F.,
 ( 4, 1, 1, 1, 1, 1, 1, 1, 1, 1, 1, 1, 1, 1, 1, 1, 4 ),
 ( 0.000000000000000000, 0.06593912405765874063, 0.1297911093795348081, 0.1921752363053295110, 0.2536170442157552052, 0.3147191079962368687, 0.3762822754113757662, 0.4389729923739129624, 0.5031747018386416581, 0.5673294646239475103, 0.6296509938060328437, 0.6906498673030978530, 0.7512376127977870022, 0.8117541138236060716, 0.8727877774488533857, 0.9355396326682297037, 1.000000000000000000 ),
 .UNSPECIFIED. ) ;
#1374 = ORIENTED_EDGE ( 'NONE', *, *, #7146, .T. ) ;
#1375 = FACE_OUTER_BOUND ( 'NONE', #1510, .T. ) ;
#1376 = VERTEX_POINT ( 'NONE', #7779 ) ;
#1377 = CARTESIAN_POINT ( 'NONE',  ( -6.383250445032785159, 2.122022944157992530, 3.399999999999999911 ) ) ;
#1378 = CARTESIAN_POINT ( 'NONE',  ( 8.787464859480284218, 0.3346024473197780069, 3.299999999999998934 ) ) ;
#1379 = B_SPLINE_SURFACE_WITH_KNOTS ( 'NONE', 3, 1, ( 
 ( #2428, #3158 ),
 ( #8700, #7964 ),
 ( #8738, #8056 ),
 ( #8006, #7281 ),
 ( #975, #1715 ),
 ( #933, #3790 ),
 ( #7912, #3834 ),
 ( #1623, #5949 ),
 ( #7404, #4431 ),
 ( #5117, #4612 ),
 ( #1095, #2471 ) ),
 .UNSPECIFIED., .F., .F., .F.,
 ( 4, 1, 1, 1, 1, 1, 1, 1, 4 ),
 ( 2, 2 ),
 ( 0.000000000000000000, 0.1348068327792201482, 0.2641990558543175771, 0.3884618167279421108, 0.5099420983643725425, 0.6304096106127708987, 0.7506710345119790295, 0.8734547255294232704, 1.000000000000000000 ),
 ( 0.000000000000000000, 1.000000000000000000 ),
 .UNSPECIFIED. ) ;
#1380 = DIRECTION ( 'NONE',  ( -3.445603183558166470E-17, 0.7071067811865515695, 0.7071067811865434649 ) ) ;
#1381 = CARTESIAN_POINT ( 'NONE',  ( -7.456736357340600030, 0.4545448907068026512, 3.200000000000001510 ) ) ;
#1382 =( LENGTH_UNIT ( ) NAMED_UNIT ( * ) SI_UNIT ( .MILLI., .METRE. ) );
#1383 = ORIENTED_EDGE ( 'NONE', *, *, #75, .F. ) ;
#1384 = DIRECTION ( 'NONE',  ( 1.000000000000000000, -0.000000000000000000, -0.000000000000000000 ) ) ;
#1385 = CARTESIAN_POINT ( 'NONE',  ( -6.653240310457393392, 0.5195198494354127394, 3.200000000000000178 ) ) ;
#1386 = DIRECTION ( 'NONE',  ( -1.000000000000000000, 0.000000000000000000, 0.000000000000000000 ) ) ;
#1387 = ORIENTED_EDGE ( 'NONE', *, *, #6327, .F. ) ;
#1388 = SURFACE_SIDE_STYLE ('',( #6405 ) ) ;
#1389 =( LENGTH_UNIT ( ) NAMED_UNIT ( * ) SI_UNIT ( .MILLI., .METRE. ) );
#1390 = STYLED_ITEM ( 'NONE', ( #3084 ), #5570 ) ;
#1391 =( LENGTH_UNIT ( ) NAMED_UNIT ( * ) SI_UNIT ( .MILLI., .METRE. ) );
#1392 = ORIENTED_EDGE ( 'NONE', *, *, #5140, .F. ) ;
#1393 = VECTOR ( 'NONE', #872, 1000.000000000000000 ) ;
#1395 = COLOUR_RGB ( '',0.2509803921568627416, 0.2509803921568627416, 0.2509803921568627416 ) ;
#1394 = CARTESIAN_POINT ( 'NONE',  ( 1.441581751240559095, -0.3091098579958833636, 3.199999999999999734 ) ) ;
#1396 = LINE ( 'NONE', #8468, #7217 ) ;
#1397 = LINE ( 'NONE', #4161, #3684 ) ;
#1398 = LINE ( 'NONE', #2014, #2504 ) ;
#1399 = CARTESIAN_POINT ( 'NONE',  ( -7.628103265317780490, 0.5127797074772858510, 3.300000000000000266 ) ) ;
#1400 = CARTESIAN_POINT ( 'NONE',  ( -7.462026557350807998, -0.2445380539554052879, 3.299999999999999378 ) ) ;
#1401 = AXIS2_PLACEMENT_3D ( 'NONE', #8534, #5039, #1372 ) ;
#1402 = MECHANICAL_DESIGN_GEOMETRIC_PRESENTATION_REPRESENTATION (  '', ( #6846 ), #3183 ) ;
#1403 = ORIENTED_EDGE ( 'NONE', *, *, #43, .T. ) ;
#1404 = CARTESIAN_POINT ( 'NONE',  ( -8.239344644397224471, 0.03229570314341996540, 3.299999999999998934 ) ) ;
#1405 = EDGE_LOOP ( 'NONE', ( #8666, #464, #7262, #653 ) ) ;
#1406 = ADVANCED_FACE ( 'NONE', ( #6325 ), #2884, .T. ) ;
#1407 = CARTESIAN_POINT ( 'NONE',  ( 10.14999999999999858, -4.599999999999998757, 3.200000000000000178 ) ) ;
#1408 = CARTESIAN_POINT ( 'NONE',  ( 9.268560292159367719, 0.3438835997552407986, 3.200000000000001066 ) ) ;
#1409 = EDGE_CURVE ( 'NONE', #3443, #356, #1018, .T. ) ;
#1410 = MECHANICAL_DESIGN_GEOMETRIC_PRESENTATION_REPRESENTATION (  '', ( #8891 ), #7858 ) ;
#1411 =( LENGTH_UNIT ( ) NAMED_UNIT ( * ) SI_UNIT ( .MILLI., .METRE. ) );
#1412 = CARTESIAN_POINT ( 'NONE',  ( -6.317086959463972917, -0.1096950664619841531, 3.300000000000001599 ) ) ;
#1413 =( GEOMETRIC_REPRESENTATION_CONTEXT ( 3 ) GLOBAL_UNCERTAINTY_ASSIGNED_CONTEXT ( ( #8693 ) ) GLOBAL_UNIT_ASSIGNED_CONTEXT ( ( #1292, #8323, #1200 ) ) REPRESENTATION_CONTEXT ( 'NONE', 'WORKASPACE' ) );
#1414 = CARTESIAN_POINT ( 'NONE',  ( -7.142929484932185602, -0.1581913680433310598, 3.200000000000000178 ) ) ;
#1415 = SURFACE_SIDE_STYLE ('',( #123 ) ) ;
#1416 = CARTESIAN_POINT ( 'NONE',  ( 9.282192989960325491, 0.3283707110311212540, 3.299999999999999822 ) ) ;
#1417 = DIRECTION ( 'NONE',  ( -1.000000000000000000, 0.000000000000000000, 0.000000000000000000 ) ) ;
#1418 = EDGE_LOOP ( 'NONE', ( #8834, #3555, #5628, #4356 ) ) ;
#1419 = FILL_AREA_STYLE_COLOUR ( '', #1306 ) ;
#1420 = CARTESIAN_POINT ( 'NONE',  ( -5.049731622618993221, -0.5059671363421265333, 3.299999999999999822 ) ) ;
#1421 = SURFACE_STYLE_FILL_AREA ( #682 ) ;
#1422 = VERTEX_POINT ( 'NONE', #6595 ) ;
#1423 = FILL_AREA_STYLE_COLOUR ( '', #2800 ) ;
#1424 = FILL_AREA_STYLE ('',( #4225 ) ) ;
#1425 = DIRECTION ( 'NONE',  ( -0.000000000000000000, -0.000000000000000000, -1.000000000000000000 ) ) ;
#1426 = CARTESIAN_POINT ( 'NONE',  ( 9.289061159050852723, 0.3205552995553094253, 3.299999999999999822 ) ) ;
#1427 = CARTESIAN_POINT ( 'NONE',  ( 9.003583728640430550, -0.5156567323843217476, 3.199999999999999289 ) ) ;
#1428 =( NAMED_UNIT ( * ) PLANE_ANGLE_UNIT ( ) SI_UNIT ( $, .RADIAN. ) );
#1429 = EDGE_CURVE ( 'NONE', #7189, #2449, #5808, .T. ) ;
#1430 = EDGE_CURVE ( 'NONE', #8547, #5168, #7365, .T. ) ;
#1431 = CARTESIAN_POINT ( 'NONE',  ( -8.050000000000000711, -9.099999999999999645, 1.750000000000000000 ) ) ;
#1432 = ORIENTED_EDGE ( 'NONE', *, *, #5257, .T. ) ;
#1433 = COLOUR_RGB ( '',0.7764705882352941346, 0.7568627450980391913, 0.7372549019607843590 ) ;
#1434 = CARTESIAN_POINT ( 'NONE',  ( 8.936998962935206237, -0.3450295354079940258, 3.200000000000001066 ) ) ;
#1435 = UNCERTAINTY_MEASURE_WITH_UNIT (LENGTH_MEASURE( 1.000000000000000082E-05 ), #345, 'distance_accuracy_value', 'NONE');
#1436 = VERTEX_POINT ( 'NONE', #3833 ) ;
#1437 = DIRECTION ( 'NONE',  ( 0.1663765121213765241, 0.9860622983434288447, 0.000000000000000000 ) ) ;
#1438 = PRESENTATION_STYLE_ASSIGNMENT (( #7062 ) ) ;
#1439 =( GEOMETRIC_REPRESENTATION_CONTEXT ( 3 ) GLOBAL_UNCERTAINTY_ASSIGNED_CONTEXT ( ( #6351 ) ) GLOBAL_UNIT_ASSIGNED_CONTEXT ( ( #3239, #7444, #1088 ) ) REPRESENTATION_CONTEXT ( 'NONE', 'WORKASPACE' ) );
#1440 = COLOUR_RGB ( '',0.2509803921568627416, 0.2509803921568627416, 0.2509803921568627416 ) ;
#1441 = DIRECTION ( 'NONE',  ( -0.000000000000000000, -0.000000000000000000, -1.000000000000000000 ) ) ;
#1442 =( LENGTH_UNIT ( ) NAMED_UNIT ( * ) SI_UNIT ( .MILLI., .METRE. ) );
#1443 = ORIENTED_EDGE ( 'NONE', *, *, #6455, .T. ) ;
#1444 = CARTESIAN_POINT ( 'NONE',  ( 1.196598084908239823, 0.3155788406734617024, 3.300000000000000266 ) ) ;
#1445 = DIRECTION ( 'NONE',  ( -1.000000000000000000, 0.000000000000000000, -5.077843127631366366E-16 ) ) ;
#1446 = MECHANICAL_DESIGN_GEOMETRIC_PRESENTATION_REPRESENTATION (  '', ( #3224 ), #2629 ) ;
#1447 = DIRECTION ( 'NONE',  ( -0.9848077530122080203, -0.1736481776669306920, 0.000000000000000000 ) ) ;
#1448 =( LENGTH_UNIT ( ) NAMED_UNIT ( * ) SI_UNIT ( .MILLI., .METRE. ) );
#1449 = COLOUR_RGB ( '',0.2509803921568627416, 0.2509803921568627416, 0.2509803921568627416 ) ;
#1450 = CARTESIAN_POINT ( 'NONE',  ( -7.430266789627663293, 0.4393128055917991381, 3.199999999999999289 ) ) ;
#1451 = EDGE_CURVE ( 'NONE', #5284, #7576, #6873, .T. ) ;
#1452 = PRESENTATION_LAYER_ASSIGNMENT (  '', '', ( #4243 ) ) ;
#1453 = FILL_AREA_STYLE_COLOUR ( '', #4355 ) ;
#1454 = VECTOR ( 'NONE', #1597, 1000.000000000000000 ) ;
#1455 = EDGE_LOOP ( 'NONE', ( #5328, #3688, #7744, #7100 ) ) ;
#1456 = CARTESIAN_POINT ( 'NONE',  ( -7.876128029656249474, -0.3180292644309252736, 3.200000000000001066 ) ) ;
#1457 = ADVANCED_FACE ( 'NONE', ( #4475 ), #5064, .F. ) ;
#1458 = ORIENTED_EDGE ( 'NONE', *, *, #773, .F. ) ;
#1459 = STYLED_ITEM ( 'NONE', ( #4905 ), #7939 ) ;
#1460 = CARTESIAN_POINT ( 'NONE',  ( 8.421282663062326534, -0.3050528996669285564, 3.199999999999999734 ) ) ;
#1461 = SURFACE_STYLE_FILL_AREA ( #3418 ) ;
#1462 = MECHANICAL_DESIGN_GEOMETRIC_PRESENTATION_REPRESENTATION (  '', ( #7335 ), #3542 ) ;
#1463 =( NAMED_UNIT ( * ) PLANE_ANGLE_UNIT ( ) SI_UNIT ( $, .RADIAN. ) );
#1464 = CARTESIAN_POINT ( 'NONE',  ( -6.317086959463972917, -0.1096950664619841531, 3.200000000000001510 ) ) ;
#1465 = CARTESIAN_POINT ( 'NONE',  ( -6.846388780311315259, -0.4933455912768260898, 3.200000000000000622 ) ) ;
#1466 = FILL_AREA_STYLE_COLOUR ( '', #5508 ) ;
#1467 = STYLED_ITEM ( 'NONE', ( #3999 ), #8475 ) ;
#1468 = FACE_BOUND ( 'NONE', #6874, .T. ) ;
#1469 = UNCERTAINTY_MEASURE_WITH_UNIT (LENGTH_MEASURE( 1.000000000000000082E-05 ), #192, 'distance_accuracy_value', 'NONE');
#1470 = ORIENTED_EDGE ( 'NONE', *, *, #5918, .T. ) ;
#1471 = DIRECTION ( 'NONE',  ( 0.000000000000000000, -1.000000000000000000, 0.000000000000000000 ) ) ;
#1472 = CARTESIAN_POINT ( 'NONE',  ( -7.736377787744580736, 0.3398665164818369111, 3.199999999999999734 ) ) ;
#1473 =( GEOMETRIC_REPRESENTATION_CONTEXT ( 3 ) GLOBAL_UNCERTAINTY_ASSIGNED_CONTEXT ( ( #5880 ) ) GLOBAL_UNIT_ASSIGNED_CONTEXT ( ( #596, #9012, #91 ) ) REPRESENTATION_CONTEXT ( 'NONE', 'WORKASPACE' ) );
#1474 = CARTESIAN_POINT ( 'NONE',  ( 1.628363789664602601, 0.5192237287839791549, 3.200000000000000178 ) ) ;
#1475 = ORIENTED_EDGE ( 'NONE', *, *, #533, .T. ) ;
#1476 = SURFACE_STYLE_FILL_AREA ( #7761 ) ;
#1477 = FACE_OUTER_BOUND ( 'NONE', #1216, .T. ) ;
#1478 = FILL_AREA_STYLE ('',( #8371 ) ) ;
#1479 = DIRECTION ( 'NONE',  ( 0.1736481776669306920, -0.9848077530122080203, 0.000000000000000000 ) ) ;
#1481 =( GEOMETRIC_REPRESENTATION_CONTEXT ( 3 ) GLOBAL_UNCERTAINTY_ASSIGNED_CONTEXT ( ( #6148 ) ) GLOBAL_UNIT_ASSIGNED_CONTEXT ( ( #5240, #7395, #5327 ) ) REPRESENTATION_CONTEXT ( 'NONE', 'WORKASPACE' ) );
#1480 = CARTESIAN_POINT ( 'NONE',  ( -7.569629665000014995, 0.4997908919589795218, 3.200000000000000178 ) ) ;
#1482 = CARTESIAN_POINT ( 'NONE',  ( 8.340343210332907375, -0.004364572239562459002, 3.199999999999999734 ) ) ;
#1483 = EDGE_CURVE ( 'NONE', #7826, #5713, #8005, .T. ) ;
#1484 = AXIS2_PLACEMENT_3D ( 'NONE', #976, #7328, #1022 ) ;
#1485 = ORIENTED_EDGE ( 'NONE', *, *, #8098, .T. ) ;
#1486 = PRESENTATION_LAYER_ASSIGNMENT (  '', '', ( #8520 ) ) ;
#1487 = PRESENTATION_STYLE_ASSIGNMENT (( #2967 ) ) ;
#1488 = CARTESIAN_POINT ( 'NONE',  ( 8.936998962935206237, -0.3450295354079940258, 3.300000000000000711 ) ) ;
#1489 = ORIENTED_EDGE ( 'NONE', *, *, #7065, .T. ) ;
#1490 = CARTESIAN_POINT ( 'NONE',  ( -7.603222356079517574, 0.3203816043915226341, 3.199999999999999734 ) ) ;
#1491 = CARTESIAN_POINT ( 'NONE',  ( 8.348483850219983182, -0.1142971413678126186, 3.200000000000001510 ) ) ;
#1492 = CARTESIAN_POINT ( 'NONE',  ( -7.721406302106172070, -0.3521209824959727341, 3.299999999999999822 ) ) ;
#1493 = MECHANICAL_DESIGN_GEOMETRIC_PRESENTATION_REPRESENTATION (  '', ( #2974 ), #6489 ) ;
#1494 = EDGE_CURVE ( 'NONE', #3958, #4544, #6550, .T. ) ;
#1495 = DIRECTION ( 'NONE',  ( -7.124259396155288328E-14, -1.886022467518704991E-12, 1.000000000000000000 ) ) ;
#1496 =( NAMED_UNIT ( * ) PLANE_ANGLE_UNIT ( ) SI_UNIT ( $, .RADIAN. ) );
#1497 = ORIENTED_EDGE ( 'NONE', *, *, #8218, .T. ) ;
#1498 = CARTESIAN_POINT ( 'NONE',  ( -6.427900985885473872, 0.2633085497810983000, 3.199999999999999734 ) ) ;
#1499 = CARTESIAN_POINT ( 'NONE',  ( -3.945461134408580595, 5.099999999999999645, -0.8807521802656369525 ) ) ;
#1500 = CARTESIAN_POINT ( 'NONE',  ( -7.512396336838107480, 0.4802700398739077059, 3.299999999999999378 ) ) ;
#1501 = EDGE_CURVE ( 'NONE', #8100, #6213, #285, .T. ) ;
#1502 = CARTESIAN_POINT ( 'NONE',  ( 8.359812820321021576, -0.1658360427291137029, 3.300000000000000266 ) ) ;
#1503 = ORIENTED_EDGE ( 'NONE', *, *, #7529, .T. ) ;
#1504 = CARTESIAN_POINT ( 'NONE',  ( -7.855757631138330588, -0.3273695710141773518, 3.300000000000000266 ) ) ;
#1505 = ORIENTED_EDGE ( 'NONE', *, *, #2923, .T. ) ;
#1506 = CARTESIAN_POINT ( 'NONE',  ( 8.641074747394425160, 0.2643409816514157851, 3.200000000000000178 ) ) ;
#1507 = SURFACE_STYLE_USAGE ( .BOTH. , #4171 ) ;
#1508 = LINE ( 'NONE', #9096, #1930 ) ;
#1509 = DIRECTION ( 'NONE',  ( -0.1736481776669306920, 0.9848077530122080203, 4.163336342344336410E-17 ) ) ;
#1510 = EDGE_LOOP ( 'NONE', ( #5442, #981, #6191, #4273 ) ) ;
#1511 = DIRECTION ( 'NONE',  ( -0.000000000000000000, 0.000000000000000000, -1.000000000000000000 ) ) ;
#1512 = CARTESIAN_POINT ( 'NONE',  ( 1.504964870343876493, -0.5225846741956212682, 3.200000000000000178 ) ) ;
#1513 = CARTESIAN_POINT ( 'NONE',  ( -7.884752878301894974, 0.3018213465992113376, 3.199999999999999734 ) ) ;
#1514 = SURFACE_STYLE_USAGE ( .BOTH. , #1689 ) ;
#1515 = ORIENTED_EDGE ( 'NONE', *, *, #8178, .F. ) ;
#1516 = CARTESIAN_POINT ( 'NONE',  ( 10.14999999999999858, -6.899999999999998579, 9.797174393178828616E-17 ) ) ;
#1517 =( LENGTH_UNIT ( ) NAMED_UNIT ( * ) SI_UNIT ( .MILLI., .METRE. ) );
#1518 = DIRECTION ( 'NONE',  ( 0.5677975635275859245, -0.8231682251229921476, 0.000000000000000000 ) ) ;
#1519 = CARTESIAN_POINT ( 'NONE',  ( -7.628103265317780490, 0.5127797074772858510, 3.200000000000000622 ) ) ;
#1520 =( NAMED_UNIT ( * ) SI_UNIT ( $, .STERADIAN. ) SOLID_ANGLE_UNIT ( ) );
#1521 = DIRECTION ( 'NONE',  ( -0.7228807680948516889, -0.6909727889856425165, 0.000000000000000000 ) ) ;
#1522 = FACE_BOUND ( 'NONE', #2119, .T. ) ;
#1523 = ORIENTED_EDGE ( 'NONE', *, *, #6313, .F. ) ;
#1524 = DIRECTION ( 'NONE',  ( 1.000000000000000000, 0.000000000000000000, 0.000000000000000000 ) ) ;
#1525 = CARTESIAN_POINT ( 'NONE',  ( -6.710449902765049046, 0.5155617966194668833, 3.200000000000000622 ) ) ;
#1526 = CARTESIAN_POINT ( 'NONE',  ( 9.157450582127779626, -0.2066882901882803880, 3.300000000000000266 ) ) ;
#1527 = UNCERTAINTY_MEASURE_WITH_UNIT (LENGTH_MEASURE( 1.000000000000000082E-05 ), #4866, 'distance_accuracy_value', 'NONE');
#1528 = EDGE_LOOP ( 'NONE', ( #824, #7245, #2953, #4223 ) ) ;
#1529 = PLANE ( 'NONE',  #2680 ) ;
#1530 = SURFACE_STYLE_USAGE ( .BOTH. , #9073 ) ;
#1531 =( NAMED_UNIT ( * ) PLANE_ANGLE_UNIT ( ) SI_UNIT ( $, .RADIAN. ) );
#1532 = EDGE_LOOP ( 'NONE', ( #5751, #4992 ) ) ;
#1533 = CARTESIAN_POINT ( 'NONE',  ( 1.467735895074102848, -0.3224749732304595939, 3.200000000000001066 ) ) ;
#1534 = CARTESIAN_POINT ( 'NONE',  ( -0.9454611344085813718, 5.099999999999999645, -0.8807521802656378407 ) ) ;
#1535 = STYLED_ITEM ( 'NONE', ( #78 ), #5524 ) ;
#1536 = CARTESIAN_POINT ( 'NONE',  ( 8.520116716172024596, -0.02877474711494829376, 3.299999999999999378 ) ) ;
#1537 = EDGE_CURVE ( 'NONE', #7601, #8087, #1714, .T. ) ;
#1538 = CARTESIAN_POINT ( 'NONE',  ( 8.375908983454674939, -0.2147466088594847111, 3.200000000000000178 ) ) ;
#1539 = VERTEX_POINT ( 'NONE', #2641 ) ;
#1540 = CIRCLE ( 'NONE', #6251, 0.6499999999999995781 ) ;
#1541 = CARTESIAN_POINT ( 'NONE',  ( -7.790883971647748929, -0.3462697766657424348, 3.199999999999999734 ) ) ;
#1542 = VERTEX_POINT ( 'NONE', #7401 ) ;
#1543 =( LENGTH_UNIT ( ) NAMED_UNIT ( * ) SI_UNIT ( .MILLI., .METRE. ) );
#1544 = SURFACE_SIDE_STYLE ('',( #2992 ) ) ;
#1545 = PLANE ( 'NONE',  #1985 ) ;
#1546 = CARTESIAN_POINT ( 'NONE',  ( -6.860428738003608196, -0.2751979055728958068, 3.200000000000000178 ) ) ;
#1547 = VECTOR ( 'NONE', #5300, 1000.000000000000000 ) ;
#1548 = PLANE ( 'NONE',  #5363 ) ;
#1549 = UNCERTAINTY_MEASURE_WITH_UNIT (LENGTH_MEASURE( 1.000000000000000082E-05 ), #936, 'distance_accuracy_value', 'NONE');
#1550 = ORIENTED_EDGE ( 'NONE', *, *, #1882, .T. ) ;
#1551 = CARTESIAN_POINT ( 'NONE',  ( -8.060062283446537634, -0.02877474711494830417, 3.199999999999999734 ) ) ;
#1552 = ADVANCED_FACE ( 'NONE', ( #6865 ), #2696, .F. ) ;
#1553 = CARTESIAN_POINT ( 'NONE',  ( 1.098072787892044433, -0.1089287785490046512, 3.300000000000000266 ) ) ;
#1554 = COLOUR_RGB ( '',0.7764705882352941346, 0.7568627450980391913, 0.7372549019607843590 ) ;
#1555 = ORIENTED_EDGE ( 'NONE', *, *, #5896, .T. ) ;
#1556 = LINE ( 'NONE', #8, #7467 ) ;
#1557 = CARTESIAN_POINT ( 'NONE',  ( -7.034618086350007182, 0.3417931446274302121, 3.200000000000001066 ) ) ;
#1558 = CARTESIAN_POINT ( 'NONE',  ( 8.606205803733917747, -0.4745334255685819680, 3.299999999999998490 ) ) ;
#1559 = CARTESIAN_POINT ( 'NONE',  ( 7.545471415461110887, -0.5059671363421265333, 3.200000000000000178 ) ) ;
#1560 = CARTESIAN_POINT ( 'NONE',  ( -5.221606622618993221, 0.4940328636578734667, 3.299999999999999822 ) ) ;
#1561 = DIRECTION ( 'NONE',  ( 1.351345363508946546E-16, 6.610348994666661011E-17, -1.000000000000000000 ) ) ;
#1562 = EDGE_CURVE ( 'NONE', #4372, #3618, #8099, .T. ) ;
#1563 = COLOUR_RGB ( '',0.2509803921568627416, 0.2509803921568627416, 0.2509803921568627416 ) ;
#1564 = ORIENTED_EDGE ( 'NONE', *, *, #1865, .F. ) ;
#1565 = CYLINDRICAL_SURFACE ( 'NONE', #2640, 0.7999999999999994893 ) ;
#1566 = CARTESIAN_POINT ( 'NONE',  ( -7.462026557350807998, -0.2445380539554052879, 3.199999999999999734 ) ) ;
#1567 = EDGE_LOOP ( 'NONE', ( #8409, #3052, #1087, #733 ) ) ;
#1568 = COLOUR_RGB ( '',0.7764705882352941346, 0.7568627450980391913, 0.7372549019607843590 ) ;
#1569 = CARTESIAN_POINT ( 'NONE',  ( -7.912650605423851680, 0.2845935240287506551, 3.200000000000000622 ) ) ;
#1570 = FILL_AREA_STYLE_COLOUR ( '', #8973 ) ;
#1571 = CARTESIAN_POINT ( 'NONE',  ( 1.416184523298577469, -0.2935164394439002677, 3.299999999999998934 ) ) ;
#1572 = CARTESIAN_POINT ( 'NONE',  ( -8.050000000000000711, -9.099999999999999645, 1.750000000000000000 ) ) ;
#1573 = ORIENTED_EDGE ( 'NONE', *, *, #2464, .T. ) ;
#1574 = CARTESIAN_POINT ( 'NONE',  ( 1.576374965622993951, 0.5192128638140552921, 3.299999999999999378 ) ) ;
#1575 = EDGE_CURVE ( 'NONE', #7815, #356, #1143, .T. ) ;
#1576 = CARTESIAN_POINT ( 'NONE',  ( -6.309548280599898362, 0.06318993120499179217, 3.200000000000000622 ) ) ;
#1577 = CARTESIAN_POINT ( 'NONE',  ( 0.7473958333333333703, -0.5059671363421265333, 3.200000000000000178 ) ) ;
#1578 = EDGE_CURVE ( 'NONE', #5590, #6178, #1938, .T. ) ;
#1579 =( GEOMETRIC_REPRESENTATION_CONTEXT ( 3 ) GLOBAL_UNCERTAINTY_ASSIGNED_CONTEXT ( ( #6403 ) ) GLOBAL_UNIT_ASSIGNED_CONTEXT ( ( #4232, #6363, #7767 ) ) REPRESENTATION_CONTEXT ( 'NONE', 'WORKASPACE' ) );
#1580 = CARTESIAN_POINT ( 'NONE',  ( 8.519830389820084449, -0.003963931213921351518, 3.199999999999999734 ) ) ;
#1581 = VECTOR ( 'NONE', #361, 1000.000000000000000 ) ;
#1582 = EDGE_LOOP ( 'NONE', ( #1021, #844, #3858, #5416 ) ) ;
#1583 = CARTESIAN_POINT ( 'NONE',  ( -8.223543778951693639, 0.1368979101568721657, 3.200000000000002842 ) ) ;
#1584 =( GEOMETRIC_REPRESENTATION_CONTEXT ( 3 ) GLOBAL_UNCERTAINTY_ASSIGNED_CONTEXT ( ( #2100 ) ) GLOBAL_UNIT_ASSIGNED_CONTEXT ( ( #6079, #495, #2591 ) ) REPRESENTATION_CONTEXT ( 'NONE', 'WORKASPACE' ) );
#1585 = COLOUR_RGB ( '',0.2509803921568627416, 0.2509803921568627416, 0.2509803921568627416 ) ;
#1586 = ORIENTED_EDGE ( 'NONE', *, *, #6741, .T. ) ;
#1587 = CARTESIAN_POINT ( 'NONE',  ( -7.824770150621593423, 0.3267251846924146275, 3.299999999999999822 ) ) ;
#1588 = FILL_AREA_STYLE ('',( #339 ) ) ;
#1589 = LINE ( 'NONE', #905, #716 ) ;
#1590 = CARTESIAN_POINT ( 'NONE',  ( 8.616414618265828551, 0.2411685070530462938, 3.200000000000000178 ) ) ;
#1591 =( NAMED_UNIT ( * ) SI_UNIT ( $, .STERADIAN. ) SOLID_ANGLE_UNIT ( ) );
#1592 = PRESENTATION_LAYER_ASSIGNMENT (  '', '', ( #4387 ) ) ;
#1593 = DIRECTION ( 'NONE',  ( -4.206037906820366441E-16, -7.416379648549885601E-17, 1.000000000000000000 ) ) ;
#1594 = DIRECTION ( 'NONE',  ( -0.000000000000000000, -0.000000000000000000, -1.000000000000000000 ) ) ;
#1595 = VECTOR ( 'NONE', #6812, 1000.000000000000000 ) ;
#1596 = ORIENTED_EDGE ( 'NONE', *, *, #1288, .F. ) ;
#1597 = DIRECTION ( 'NONE',  ( -0.000000000000000000, -0.000000000000000000, -1.000000000000000000 ) ) ;
#1598 = PRESENTATION_LAYER_ASSIGNMENT (  '', '', ( #4104 ) ) ;
#1599 =( NAMED_UNIT ( * ) SI_UNIT ( $, .STERADIAN. ) SOLID_ANGLE_UNIT ( ) );
#1600 = ORIENTED_EDGE ( 'NONE', *, *, #7573, .F. ) ;
#1601 = DIRECTION ( 'NONE',  ( -0.000000000000000000, -0.000000000000000000, -1.000000000000000000 ) ) ;
#1602 = CARTESIAN_POINT ( 'NONE',  ( 1.090229529840449185, -0.02314887048649054771, 3.299999999999999822 ) ) ;
#1603 = EDGE_CURVE ( 'NONE', #4268, #4105, #3288, .T. ) ;
#1604 = FILL_AREA_STYLE ('',( #7265 ) ) ;
#1605 = MECHANICAL_DESIGN_GEOMETRIC_PRESENTATION_REPRESENTATION (  '', ( #1911 ), #1 ) ;
#1606 = CARTESIAN_POINT ( 'NONE',  ( 2.069953886045986291, -0.2570586708335780290, 3.200000000000000622 ) ) ;
#1607 = CARTESIAN_POINT ( 'NONE',  ( 8.658863118923434854, 0.4801761235019858520, 3.199999999999999289 ) ) ;
#1608 = CARTESIAN_POINT ( 'NONE',  ( -7.606426613190490293, -0.3352513681000390822, 3.300000000000000266 ) ) ;
#1609 = SURFACE_STYLE_USAGE ( .BOTH. , #4507 ) ;
#1610 = ORIENTED_EDGE ( 'NONE', *, *, #2710, .T. ) ;
#1611 = MECHANICAL_DESIGN_GEOMETRIC_PRESENTATION_REPRESENTATION (  '', ( #7481 ), #8660 ) ;
#1612 = CARTESIAN_POINT ( 'NONE',  ( -5.364435148260017883, -0.5059671363421265333, 3.299999999999999822 ) ) ;
#1613 = CARTESIAN_POINT ( 'NONE',  ( -6.208579571182024637, -0.3005840472653508733, 3.300000000000000266 ) ) ;
#1614 = CARTESIAN_POINT ( 'NONE',  ( 0.9999999999999993339, -5.099999999999999645, 1.750000000000000000 ) ) ;
#1615 = AXIS2_PLACEMENT_3D ( 'NONE', #4563, #6770, #3994 ) ;
#1616 = ORIENTED_EDGE ( 'NONE', *, *, #8501, .T. ) ;
#1617 = CARTESIAN_POINT ( 'NONE',  ( -7.724811750824120971, 0.3401867098117196120, 3.200000000000000178 ) ) ;
#1618 = CARTESIAN_POINT ( 'NONE',  ( 0.4999999999999995559, -9.099999999999999645, 1.750000000000000000 ) ) ;
#1619 = LINE ( 'NONE', #4425, #2515 ) ;
#1620 = DIRECTION ( 'NONE',  ( -0.6895740745890384105, 0.7242151583988499786, 0.000000000000000000 ) ) ;
#1621 = PRESENTATION_LAYER_ASSIGNMENT (  '', '', ( #743 ) ) ;
#1622 = SURFACE_STYLE_FILL_AREA ( #1057 ) ;
#1623 = CARTESIAN_POINT ( 'NONE',  ( 1.337933883094522880, -0.2223573830769847437, 3.299999999999998934 ) ) ;
#1624 = CARTESIAN_POINT ( 'NONE',  ( 10.14999999999999858, -6.899999999999998579, 9.797174393178828616E-17 ) ) ;
#1625 = STYLED_ITEM ( 'NONE', ( #2902 ), #8871 ) ;
#1626 = CARTESIAN_POINT ( 'NONE',  ( 1.411275012641417304, 0.4802558937137069717, 3.200000000000001510 ) ) ;
#1627 = CARTESIAN_POINT ( 'NONE',  ( 1.910819313362801974, -0.1715579668125875312, 3.299999999999999822 ) ) ;
#1628 = CARTESIAN_POINT ( 'NONE',  ( 10.14999999999999858, -8.499999999999998224, 0.000000000000000000 ) ) ;
#1629 = CARTESIAN_POINT ( 'NONE',  ( 1.126248300457802776, -0.2055152108809681633, 3.200000000000000622 ) ) ;
#1630 = CARTESIAN_POINT ( 'NONE',  ( -7.321601436254844941, -0.3662656045617533884, 3.200000000000000622 ) ) ;
#1631 = CARTESIAN_POINT ( 'NONE',  ( 8.789295027970814189, -0.3462697766657425458, 3.299999999999999378 ) ) ;
#1632 = ORIENTED_EDGE ( 'NONE', *, *, #7277, .F. ) ;
#1633 = DIRECTION ( 'NONE',  ( 0.000000000000000000, 0.000000000000000000, -1.000000000000000000 ) ) ;
#1634 = VECTOR ( 'NONE', #2231, 1000.000000000000000 ) ;
#1635 = EDGE_LOOP ( 'NONE', ( #7515, #640, #2547, #6582 ) ) ;
#1636 = CARTESIAN_POINT ( 'NONE',  ( -8.006254224104294437, 0.1888369438955760649, 3.299999999999998934 ) ) ;
#1637 = CARTESIAN_POINT ( 'NONE',  ( -8.068699089050522133, 0.3896584085384145468, 3.300000000000000266 ) ) ;
#1638 = CARTESIAN_POINT ( 'NONE',  ( -7.079722585767214582, -0.2949274556347795118, 3.200000000000000178 ) ) ;
#1639 = DIRECTION ( 'NONE',  ( 1.000000000000000000, -0.000000000000000000, -4.336808689942014778E-16 ) ) ;
#1640 = CARTESIAN_POINT ( 'NONE',  ( 1.099107007456302521, 0.09876229304471627335, 3.299999999999999378 ) ) ;
#1641 = LINE ( 'NONE', #4449, #8134 ) ;
#1642 = CARTESIAN_POINT ( 'NONE',  ( -6.982223225075241402, -0.04854050819326433813, 3.200000000000000622 ) ) ;
#1643 = SURFACE_SIDE_STYLE ('',( #5138 ) ) ;
#1644 = UNCERTAINTY_MEASURE_WITH_UNIT (LENGTH_MEASURE( 1.000000000000000082E-05 ), #8531, 'distance_accuracy_value', 'NONE');
#1645 = ORIENTED_EDGE ( 'NONE', *, *, #3989, .T. ) ;
#1646 = CARTESIAN_POINT ( 'NONE',  ( -6.591628258233099835, 3.303792247772642021, -2.673158828267540015E-15 ) ) ;
#1647 = CARTESIAN_POINT ( 'NONE',  ( -8.049999999999998934, -5.099999999999999645, -1.750000000000000222 ) ) ;
#1648 = CARTESIAN_POINT ( 'NONE',  ( 2.128205128205128638, -0.008971944034434263526, 3.299999999999999822 ) ) ;
#1649 = ORIENTED_EDGE ( 'NONE', *, *, #2273, .T. ) ;
#1650 = DIRECTION ( 'NONE',  ( -0.000000000000000000, 0.7071067811865434649, 0.7071067811865515695 ) ) ;
#1651 = CARTESIAN_POINT ( 'NONE',  ( 1.147205080182419623, -0.2511885229174983247, 3.300000000000000266 ) ) ;
#1652 = CARTESIAN_POINT ( 'NONE',  ( -6.653240310457393392, 0.5195198494354127394, 3.200000000000000178 ) ) ;
#1653 = LINE ( 'NONE', #4461, #4713 ) ;
#1654 = CARTESIAN_POINT ( 'NONE',  ( 7.527642889820085337, 0.4940328636578734667, 3.299999999999999822 ) ) ;
#1655 = CARTESIAN_POINT ( 'NONE',  ( 8.858772697512392824, -0.3521209824959727341, 3.299999999999999822 ) ) ;
#1656 = CARTESIAN_POINT ( 'NONE',  ( -7.536538322780980792, -0.3017532178174808788, 3.299999999999999822 ) ) ;
#1657 = CARTESIAN_POINT ( 'NONE',  ( -6.161225506031686727, -0.2115733426068733269, 3.200000000000001510 ) ) ;
#1658 = VERTEX_POINT ( 'NONE', #8180 ) ;
#1659 = LINE ( 'NONE', #4466, #6601 ) ;
#1660 = CARTESIAN_POINT ( 'NONE',  ( -6.488160294472208101, -0.5112687621461993182, 3.199999999999999289 ) ) ;
#1661 = DIRECTION ( 'NONE',  ( -0.000000000000000000, -0.000000000000000000, -1.000000000000000000 ) ) ;
#1662 = EDGE_LOOP ( 'NONE', ( #4956, #8730, #7218, #5496, #1926, #4060, #8257, #4912, #4649, #552 ) ) ;
#1663 = CARTESIAN_POINT ( 'NONE',  ( 9.124478961674007849, 0.2288467283147193332, 3.299999999999999822 ) ) ;
#1664 = DIRECTION ( 'NONE',  ( 0.9860068697994496256, 0.1667046871215417392, -0.000000000000000000 ) ) ;
#1665 =( NAMED_UNIT ( * ) PLANE_ANGLE_UNIT ( ) SI_UNIT ( $, .RADIAN. ) );
#1666 = PRESENTATION_STYLE_ASSIGNMENT (( #7962 ) ) ;
#1667 = CARTESIAN_POINT ( 'NONE',  ( -7.162912712362582646, -0.005566495316485452725, 3.299999999999999822 ) ) ;
#1668 = ORIENTED_EDGE ( 'NONE', *, *, #6594, .F. ) ;
#1669 = CARTESIAN_POINT ( 'NONE',  ( 1.645904655914713688, -0.3511813902018700584, 3.199999999999999734 ) ) ;
#1670 = ADVANCED_FACE ( 'NONE', ( #1900 ), #4702, .T. ) ;
#1671 = CARTESIAN_POINT ( 'NONE',  ( -6.640877455952326258, -0.3521209824959727341, 3.300000000000000266 ) ) ;
#1672 =( LENGTH_UNIT ( ) NAMED_UNIT ( * ) SI_UNIT ( .MILLI., .METRE. ) );
#1673 = CARTESIAN_POINT ( 'NONE',  ( 8.543559311308456472, -0.1433069021585721692, 3.200000000000000622 ) ) ;
#1674 = CARTESIAN_POINT ( 'NONE',  ( 4.949999999999998401, -2.700000000000003286, -3.200000000000000178 ) ) ;
#1675 = CARTESIAN_POINT ( 'NONE',  ( -7.953115993222406921, 0.4656070105419894412, 3.300000000000000711 ) ) ;
#1676 = VERTEX_POINT ( 'NONE', #2235 ) ;
#1677 = DIRECTION ( 'NONE',  ( -1.000000000000000000, 0.000000000000000000, 4.336808689942014778E-16 ) ) ;
#1678 = CARTESIAN_POINT ( 'NONE',  ( -8.239344644397224471, 0.03229570314341996540, 3.299999999999998934 ) ) ;
#1679 = FILL_AREA_STYLE ('',( #2403 ) ) ;
#1680 = SURFACE_STYLE_USAGE ( .BOTH. , #2404 ) ;
#1681 = CARTESIAN_POINT ( 'NONE',  ( -5.539515276465145632, -0.5059671363421265333, 3.200000000000000178 ) ) ;
#1682 = FILL_AREA_STYLE_COLOUR ( '', #5523 ) ;
#1683 = B_SPLINE_CURVE_WITH_KNOTS ( 'NONE', 3,
 ( #8589, #7854, #3705, #2379, #2329, #6502, #5159, #4371, #3109, #7996, #190, #5017, #7316, #1010, #2968, #5726, #3825, #7955, #8506 ),
 .UNSPECIFIED., .F., .F.,
 ( 4, 1, 1, 1, 1, 1, 1, 1, 1, 1, 1, 1, 1, 1, 1, 1, 4 ),
 ( 0.000000000000000000, 0.06572231519156150614, 0.1295079307025843174, 0.1917221026921612781, 0.2531611245020886081, 0.3143157037352573013, 0.3759517397728624477, 0.4386196008234091726, 0.5029729018927764361, 0.5671286457242649126, 0.6295522895796743512, 0.6904767824348742034, 0.7510723384108287659, 0.8116678943867833285, 0.8729293555873912647, 0.9355013707158070790, 1.000000000000000000 ),
 .UNSPECIFIED. ) ;
#1684 = ADVANCED_FACE ( 'NONE', ( #1522, #4280 ), #7682, .F. ) ;
#1685 = EDGE_CURVE ( 'NONE', #7507, #7113, #2740, .T. ) ;
#1686 = ORIENTED_EDGE ( 'NONE', *, *, #4282, .F. ) ;
#1687 = CARTESIAN_POINT ( 'NONE',  ( -8.060348609798481334, -0.003963931213921352385, 3.200000000000000622 ) ) ;
#1688 = CARTESIAN_POINT ( 'NONE',  ( 8.566135073096827313, 0.4308291787863751110, 3.300000000000000711 ) ) ;
#1689 = SURFACE_SIDE_STYLE ('',( #2957 ) ) ;
#1690 = EDGE_LOOP ( 'NONE', ( #370, #2424 ) ) ;
#1691 = CYLINDRICAL_SURFACE ( 'NONE', #4964, 0.7999999999999994893 ) ;
#1692 = MECHANICAL_DESIGN_GEOMETRIC_PRESENTATION_REPRESENTATION (  '', ( #3176 ), #514 ) ;
#1693 = CARTESIAN_POINT ( 'NONE',  ( 7.997995453922650100, -0.5059671363421265333, 3.299999999999999822 ) ) ;
#1694 = EDGE_CURVE ( 'NONE', #6393, #118, #2096, .T. ) ;
#1695 = CARTESIAN_POINT ( 'NONE',  ( -6.986772066458169839, 0.3895654489052693958, 3.300000000000000266 ) ) ;
#1696 = CARTESIAN_POINT ( 'NONE',  ( 9.649999999999998579, -4.599999999999998757, 3.200000000000000178 ) ) ;
#1697 = CARTESIAN_POINT ( 'NONE',  ( 8.340343210332905599, -0.004364572239562458135, 3.299999999999999822 ) ) ;
#1698 = DIRECTION ( 'NONE',  ( -1.000000000000000000, 0.000000000000000000, 0.000000000000000000 ) ) ;
#1699 = MECHANICAL_DESIGN_GEOMETRIC_PRESENTATION_REPRESENTATION (  '', ( #669 ), #6691 ) ;
#1700 = CARTESIAN_POINT ( 'NONE',  ( -6.000743606425775312, 3.407981154372800692, -2.416903458996408450E-15 ) ) ;
#1701 = VECTOR ( 'NONE', #7291, 1000.000000000000000 ) ;
#1702 = VERTEX_POINT ( 'NONE', #6314 ) ;
#1703 = SURFACE_SIDE_STYLE ('',( #965 ) ) ;
#1704 = CARTESIAN_POINT ( 'NONE',  ( -7.554053467617412920, -0.3123006664395808207, 3.200000000000000622 ) ) ;
#1705 = ORIENTED_EDGE ( 'NONE', *, *, #1327, .T. ) ;
#1706 = CARTESIAN_POINT ( 'NONE',  ( 0.4999999999999994449, -9.099999999999999645, -1.449999999999998401 ) ) ;
#1707 = FACE_OUTER_BOUND ( 'NONE', #3277, .T. ) ;
#1708 = ADVANCED_FACE ( 'NONE', ( #689 ), #3526, .T. ) ;
#1709 = EDGE_CURVE ( 'NONE', #2509, #3207, #3147, .T. ) ;
#1710 = FILL_AREA_STYLE ('',( #5988 ) ) ;
#1711 = PLANE ( 'NONE',  #599 ) ;
#1712 = PRESENTATION_STYLE_ASSIGNMENT (( #365 ) ) ;
#1713 = AXIS2_PLACEMENT_3D ( 'NONE', #4283, #782, #2915 ) ;
#1714 = LINE ( 'NONE', #7324, #3918 ) ;
#1715 = CARTESIAN_POINT ( 'NONE',  ( 1.285618067712680723, -0.1247365237899443202, 3.199999999999999289 ) ) ;
#1716 = CARTESIAN_POINT ( 'NONE',  ( -7.739255381182827520, -0.5311327270839869552, 3.200000000000000178 ) ) ;
#1717 = CARTESIAN_POINT ( 'NONE',  ( -7.550000000000000711, -6.899999999999999467, 9.797174393178827383E-17 ) ) ;
#1718 = CARTESIAN_POINT ( 'NONE',  ( -7.550316632720260657, -0.5084839178479514388, 3.300000000000001155 ) ) ;
#1719 = CARTESIAN_POINT ( 'NONE',  ( -7.475419715155543265, -0.4785579739879671779, 3.299999999999998934 ) ) ;
#1720 = CARTESIAN_POINT ( 'NONE',  ( 8.573891261106410866, -0.2031116944012719694, 3.199999999999999289 ) ) ;
#1721 = CARTESIAN_POINT ( 'NONE',  ( -6.982223225075241402, -0.04854050819326433813, 3.200000000000000622 ) ) ;
#1722 = CARTESIAN_POINT ( 'NONE',  ( -7.787940097857910082, 0.5156979691061263082, 3.200000000000001066 ) ) ;
#1723 = ORIENTED_EDGE ( 'NONE', *, *, #1009, .T. ) ;
#1724 = CARTESIAN_POINT ( 'NONE',  ( 1.392227564102564097, -0.2751979055728958068, 3.299999999999999822 ) ) ;
#1725 = COLOUR_RGB ( '',0.2509803921568627416, 0.2509803921568627416, 0.2509803921568627416 ) ;
#1726 = CARTESIAN_POINT ( 'NONE',  ( -7.984155839881634797, 0.4490895417054543426, 3.299999999999999822 ) ) ;
#1727 = LINE ( 'NONE', #4539, #4681 ) ;
#1728 =( GEOMETRIC_REPRESENTATION_CONTEXT ( 3 ) GLOBAL_UNCERTAINTY_ASSIGNED_CONTEXT ( ( #5139 ) ) GLOBAL_UNIT_ASSIGNED_CONTEXT ( ( #6226, #5343, #1854 ) ) REPRESENTATION_CONTEXT ( 'NONE', 'WORKASPACE' ) );
#1729 =( LENGTH_UNIT ( ) NAMED_UNIT ( * ) SI_UNIT ( .MILLI., .METRE. ) );
#1730 = CARTESIAN_POINT ( 'NONE',  ( -6.359144842637217465, -0.2001349369862042427, 3.299999999999999378 ) ) ;
#1731 = ADVANCED_FACE ( 'NONE', ( #7991 ), #5760, .T. ) ;
#1732 = UNCERTAINTY_MEASURE_WITH_UNIT (LENGTH_MEASURE( 1.000000000000000082E-05 ), #6158, 'distance_accuracy_value', 'NONE');
#1733 = AXIS2_PLACEMENT_3D ( 'NONE', #3541, #2927, #4246 ) ;
#1734 = B_SPLINE_SURFACE_WITH_KNOTS ( 'NONE', 3, 1, ( 
 ( #3866, #4520 ),
 ( #4658, #3291 ),
 ( #9065, #506 ),
 ( #7453, #5536 ),
 ( #8322, #8279 ),
 ( #3439, #8978 ),
 ( #2047, #4006 ),
 ( #6087, #8873 ),
 ( #2600, #3338 ),
 ( #2644, #4707 ),
 ( #5446, #7592 ),
 ( #652, #8185 ),
 ( #6222, #6271 ),
 ( #1291, #3479 ),
 ( #4756, #2793 ),
 ( #4051, #6127 ),
 ( #5387, #8923 ),
 ( #2746, #7504 ),
 ( #7546, #1199 ) ),
 .UNSPECIFIED., .F., .F., .F.,
 ( 4, 1, 1, 1, 1, 1, 1, 1, 1, 1, 1, 1, 1, 1, 1, 1, 4 ),
 ( 2, 2 ),
 ( 0.000000000000000000, 0.06460873547077429502, 0.1275117897236748565, 0.1885213083986468641, 0.2487081790893702349, 0.3085982651789124231, 0.3688122491095533473, 0.4298875018150756788, 0.4928024479242458233, 0.5557433321027936968, 0.6174852948395642693, 0.6789689634380379202, 0.7401976913545539327, 0.8023601016976087408, 0.8662447764427320118, 0.9317068283956890795, 1.000000000000000000 ),
 ( 0.000000000000000000, 1.000000000000000000 ),
 .UNSPECIFIED. ) ;
#1735 = COLOUR_RGB ( '',0.2509803921568627416, 0.2509803921568627416, 0.2509803921568627416 ) ;
#1736 = CARTESIAN_POINT ( 'NONE',  ( -8.043729114147225800, -0.1217338719146439513, 3.199999999999999289 ) ) ;
#1737 = CARTESIAN_POINT ( 'NONE',  ( 8.724372416128774788, 0.5024524409711802475, 3.299999999999999822 ) ) ;
#1738 = COLOUR_RGB ( '',0.2509803921568627416, 0.2509803921568627416, 0.2509803921568627416 ) ;
#1739 = ORIENTED_EDGE ( 'NONE', *, *, #8915, .F. ) ;
#1740 = LINE ( 'NONE', #8765, #3079 ) ;
#1741 = DIRECTION ( 'NONE',  ( 4.872818752743842964E-17, -1.000000000000000000, 0.000000000000000000 ) ) ;
#1742 = CARTESIAN_POINT ( 'NONE',  ( -6.209883280901504321, 0.2853902983432725637, 3.199999999999999289 ) ) ;
#1743 = CARTESIAN_POINT ( 'NONE',  ( -7.124095407753660680, 0.1967357420893511011, 3.299999999999998934 ) ) ;
#1744 = FACE_OUTER_BOUND ( 'NONE', #5241, .T. ) ;
#1745 = MECHANICAL_DESIGN_GEOMETRIC_PRESENTATION_REPRESENTATION (  '', ( #8347 ), #8055 ) ;
#1746 = CARTESIAN_POINT ( 'NONE',  ( 8.869216774398509529, 0.3397814197328729580, 3.200000000000001066 ) ) ;
#1747 = MECHANICAL_DESIGN_GEOMETRIC_PRESENTATION_REPRESENTATION (  '', ( #2936 ), #5576 ) ;
#1748 = VECTOR ( 'NONE', #3599, 1000.000000000000000 ) ;
#1749 = VERTEX_POINT ( 'NONE', #186 ) ;
#1750 = SURFACE_STYLE_USAGE ( .BOTH. , #1703 ) ;
#1751 = CARTESIAN_POINT ( 'NONE',  ( -6.274453921627017650, -0.3805210781954629917, 3.199999999999999734 ) ) ;
#1752 = STYLED_ITEM ( 'NONE', ( #2944 ), #7965 ) ;
#1753 = FILL_AREA_STYLE_COLOUR ( '', #2 ) ;
#1754 = ORIENTED_EDGE ( 'NONE', *, *, #8384, .T. ) ;
#1755 = EDGE_CURVE ( 'NONE', #3553, #18, #4785, .T. ) ;
#1756 = SURFACE_STYLE_FILL_AREA ( #8047 ) ;
#1757 = DIRECTION ( 'NONE',  ( 0.1736481776669306920, -0.9848077530122080203, 0.000000000000000000 ) ) ;
#1759 = AXIS2_PLACEMENT_3D ( 'NONE', #2775, #9098, #4450 ) ;
#1758 = LINE ( 'NONE', #4568, #1036 ) ;
#1760 = CIRCLE ( 'NONE', #8208, 0.6499999999999995781 ) ;
#1761 = CARTESIAN_POINT ( 'NONE',  ( -6.798361265470564518, -0.5108535960611815252, 3.299999999999998934 ) ) ;
#1762 = DIRECTION ( 'NONE',  ( -0.000000000000000000, -0.000000000000000000, 1.000000000000000000 ) ) ;
#1763 = STYLED_ITEM ( 'NONE', ( #1361 ), #4386 ) ;
#1764 = LINE ( 'NONE', #1624, #5679 ) ;
#1765 = FACE_OUTER_BOUND ( 'NONE', #8843, .T. ) ;
#1766 = CARTESIAN_POINT ( 'NONE',  ( 1.850580960733018809, -0.2529059731346394169, 3.299999999999999822 ) ) ;
#1767 = CARTESIAN_POINT ( 'NONE',  ( -8.239835789285658407, -0.004364572239562458135, 3.200000000000000178 ) ) ;
#1768 = CARTESIAN_POINT ( 'NONE',  ( -7.500061426487823368, -0.4901566081137488373, 3.300000000000001155 ) ) ;
#1769 = AXIS2_PLACEMENT_3D ( 'NONE', #1269, #3459, #1878 ) ;
#1770 = ADVANCED_FACE ( 'NONE', ( #962, #3104, #8689 ), #7311, .T. ) ;
#1771 = CARTESIAN_POINT ( 'NONE',  ( -6.983019325069496297, -0.02167724614778751210, 3.200000000000000622 ) ) ;
#1772 = MECHANICAL_DESIGN_GEOMETRIC_PRESENTATION_REPRESENTATION (  '', ( #4569 ), #2528 ) ;
#1773 = CARTESIAN_POINT ( 'NONE',  ( -7.753050664627311406, 0.5188880348865969605, 3.200000000000002398 ) ) ;
#1774 = VERTEX_POINT ( 'NONE', #1260 ) ;
#1775 = STYLED_ITEM ( 'NONE', ( #3398 ), #5012 ) ;
#1776 = CARTESIAN_POINT ( 'NONE',  ( -8.060014200092288306, 0.007934199377222219893, 3.299999999999999822 ) ) ;
#1777 = ADVANCED_FACE ( 'NONE', ( #2812 ), #5583, .T. ) ;
#1778 = CARTESIAN_POINT ( 'NONE',  ( -8.189439911417320417, 0.2322041354893923382, 3.299999999999999822 ) ) ;
#1779 = DIRECTION ( 'NONE',  ( -0.000000000000000000, -0.000000000000000000, -1.000000000000000000 ) ) ;
#1780 = CARTESIAN_POINT ( 'NONE',  ( -6.640877455952326258, -0.3521209824959727341, 3.200000000000000178 ) ) ;
#1781 = B_SPLINE_CURVE_WITH_KNOTS ( 'NONE', 3,
 ( #9043, #8349, #2720, #6156, #6842, #5511, #2674, #1320, #7032, #2863, #718, #2770, #5561, #1929, #6344, #3557, #1408, #2077, #2817 ),
 .UNSPECIFIED., .F., .F.,
 ( 4, 1, 1, 1, 1, 1, 1, 1, 1, 1, 1, 1, 1, 1, 1, 1, 4 ),
 ( 0.000000000000000000, 0.06227577837076919004, 0.1239040620075178706, 0.1850672407687278254, 0.2468401515202054974, 0.3084353298497791163, 0.3702412507091096816, 0.4325865888798539616, 0.4959245816612416480, 0.5593510709509277312, 0.6219426542010917380, 0.6843928672351853315, 0.7469858082645233210, 0.8094414645316997392, 0.8725078327139407230, 0.9357692970662282450, 1.000000000000000000 ),
 .UNSPECIFIED. ) ;
#1782 = EDGE_LOOP ( 'NONE', ( #6934, #489, #381, #7703 ) ) ;
#1783 = CARTESIAN_POINT ( 'NONE',  ( -7.422728417490787933, 0.1947540175040272936, 3.200000000000000178 ) ) ;
#1784 = B_SPLINE_CURVE_WITH_KNOTS ( 'NONE', 3,
 ( #5874, #7377, #1678, #4445, #5133, #6475, #5081, #5781, #1778, #2353, #4538, #982, #3129, #5217, #1637, #3807, #2438, #1726, #4488, #7340, #3843, #904, #7293, #5265, #1071, #2486, #3719 ),
 .UNSPECIFIED., .F., .F.,
 ( 4, 1, 1, 1, 1, 1, 1, 1, 1, 1, 1, 1, 1, 1, 1, 1, 1, 1, 1, 1, 1, 1, 1, 1, 4 ),
 ( 0.000000000000000000, 0.04466333090637093078, 0.08851180578014528066, 0.1309255913017770834, 0.1729040372808871018, 0.2140001199049665903, 0.2549850203589834052, 0.2952912763870593205, 0.3357724419527878812, 0.3761808205537701122, 0.4161784084745209222, 0.4563500514444744360, 0.4965121666444158310, 0.5370405736377807937, 0.5781187440077620865, 0.6197245605548123981, 0.6624219701988836029, 0.7052989535209034377, 0.7474300005339106212, 0.7894329840393825570, 0.8312674212030608523, 0.8728250959642297468, 0.9148701104843923737, 0.9570270028395010398, 1.000000000000000000 ),
 .UNSPECIFIED. ) ;
#1785 = SURFACE_STYLE_FILL_AREA ( #7303 ) ;
#1786 =( LENGTH_UNIT ( ) NAMED_UNIT ( * ) SI_UNIT ( .MILLI., .METRE. ) );
#1787 = CARTESIAN_POINT ( 'NONE',  ( -6.872803184284373756, 0.4661060021047258584, 3.300000000000001155 ) ) ;
#1788 = CARTESIAN_POINT ( 'NONE',  ( 1.978202380479154421, -0.3805210781954631027, 3.200000000000000622 ) ) ;
#1789 =( NAMED_UNIT ( * ) PLANE_ANGLE_UNIT ( ) SI_UNIT ( $, .RADIAN. ) );
#1790 = DIRECTION ( 'NONE',  ( -0.000000000000000000, -0.000000000000000000, -1.000000000000000000 ) ) ;
#1791 = ORIENTED_EDGE ( 'NONE', *, *, #3515, .T. ) ;
#1792 = FILL_AREA_STYLE ('',( #5983 ) ) ;
#1793 = UNCERTAINTY_MEASURE_WITH_UNIT (LENGTH_MEASURE( 1.000000000000000082E-05 ), #5298, 'distance_accuracy_value', 'NONE');
#1794 = ORIENTED_EDGE ( 'NONE', *, *, #208, .T. ) ;
#1795 = CARTESIAN_POINT ( 'NONE',  ( 8.684140377969793434, -0.3077176764491315053, 3.199999999999998845 ) ) ;
#1796 = CARTESIAN_POINT ( 'NONE',  ( 1.522849776230189578, -0.3417680260609262111, 3.299999999999999378 ) ) ;
#1797 = CARTESIAN_POINT ( 'NONE',  ( -6.303938353388223170, -0.006568097880588056638, 3.299999999999999822 ) ) ;
#1798 = B_SPLINE_CURVE_WITH_KNOTS ( 'NONE', 3,
 ( #7484, #6806, #2624, #8165, #1936, #8263, #3369, #4686, #4736, #5424, #1224, #3943, #4034, #2546, #6850, #395, #6763, #2501, #1180 ),
 .UNSPECIFIED., .F., .F.,
 ( 4, 1, 1, 1, 1, 1, 1, 1, 1, 1, 1, 1, 1, 1, 1, 1, 4 ),
 ( 0.000000000000000000, 0.06414744487667127515, 0.1262121152536834212, 0.1868412890216918087, 0.2469358694509791452, 0.3072563614860032155, 0.3681505022006772432, 0.4300707669516568576, 0.4938754417369550231, 0.5579806818508443733, 0.6208695259285348378, 0.6825247313751581224, 0.7440356981057705266, 0.8058886825781881313, 0.8689681377436668797, 0.9332474288479396529, 1.000000000000000000 ),
 .UNSPECIFIED. ) ;
#1799 = ORIENTED_EDGE ( 'NONE', *, *, #4854, .T. ) ;
#1800 =( NAMED_UNIT ( * ) SI_UNIT ( $, .STERADIAN. ) SOLID_ANGLE_UNIT ( ) );
#1801 = EDGE_LOOP ( 'NONE', ( #1432, #5475, #7383, #9021, #2984, #2031, #6389, #3846, #4335, #691 ) ) ;
#1802 = CARTESIAN_POINT ( 'NONE',  ( -7.400092359929167252, -0.4317492700529764749, 3.200000000000000622 ) ) ;
#1803 = FILL_AREA_STYLE_COLOUR ( '', #7851 ) ;
#1804 = CARTESIAN_POINT ( 'NONE',  ( 8.340507927015170964, 0.007930290384855711097, 3.200000000000000622 ) ) ;
#1805 = CARTESIAN_POINT ( 'NONE',  ( -7.321601436254844941, -0.3662656045617533884, 3.300000000000000266 ) ) ;
#1806 = CARTESIAN_POINT ( 'NONE',  ( -7.603827734259663629, -0.5214442516924294724, 3.300000000000000711 ) ) ;
#1807 = CARTESIAN_POINT ( 'NONE',  ( -6.798361265470564518, -0.5108535960611815252, 3.199999999999998845 ) ) ;
#1808 = B_SPLINE_SURFACE_WITH_KNOTS ( 'NONE', 3, 1, ( 
 ( #3884, #3172 ),
 ( #8114, #8160 ),
 ( #3981, #8212 ),
 ( #1928, #5971 ),
 ( #8762, #4592 ),
 ( #7384, #34 ),
 ( #1318, #4818 ),
 ( #5510, #8999 ),
 ( #7617, #6293 ),
 ( #7916, #199 ),
 ( #8299, #7201 ) ),
 .UNSPECIFIED., .F., .F., .F.,
 ( 4, 1, 1, 1, 1, 1, 1, 1, 4 ),
 ( 2, 2 ),
 ( 0.000000000000000000, 0.1279910255623731841, 0.2530983915017065988, 0.3761840584327904580, 0.4989363124701270413, 0.6215258806257312196, 0.7457068938016923054, 0.8715753502968724975, 1.000000000000000000 ),
 ( 0.000000000000000000, 1.000000000000000000 ),
 .UNSPECIFIED. ) ;
#1809 = FILL_AREA_STYLE ('',( #8803 ) ) ;
#1810 = VERTEX_POINT ( 'NONE', #2256 ) ;
#1811 = CARTESIAN_POINT ( 'NONE',  ( -5.611456296796051291, 3.158925150470280219, -4.000000000000000888 ) ) ;
#1812 = DIRECTION ( 'NONE',  ( -4.872818752743842964E-17, 1.000000000000000000, -0.000000000000000000 ) ) ;
#1813 = CARTESIAN_POINT ( 'NONE',  ( 8.543526764226669457, 0.1301962769749492044, 3.300000000000000266 ) ) ;
#1814 = ADVANCED_FACE ( 'NONE', ( #7788 ), #6152, .T. ) ;
#1815 = ADVANCED_FACE ( 'NONE', ( #6006 ), #380, .F. ) ;
#1816 = CARTESIAN_POINT ( 'NONE',  ( -6.000743606425774423, 3.407981154372804244, -3.400000000000000355 ) ) ;
#1817 = CARTESIAN_POINT ( 'NONE',  ( -6.317086959463972917, -0.1096950664619841531, 3.300000000000001155 ) ) ;
#1818 = UNCERTAINTY_MEASURE_WITH_UNIT (LENGTH_MEASURE( 1.000000000000000082E-05 ), #238, 'distance_accuracy_value', 'NONE');
#1819 = ORIENTED_EDGE ( 'NONE', *, *, #4150, .F. ) ;
#1820 = CARTESIAN_POINT ( 'NONE',  ( 8.340834355221337759, 0.03229570314341997234, 3.300000000000000266 ) ) ;
#1821 = DIRECTION ( 'NONE',  ( 0.000000000000000000, 0.000000000000000000, 1.000000000000000000 ) ) ;
#1822 =( LENGTH_UNIT ( ) NAMED_UNIT ( * ) SI_UNIT ( .MILLI., .METRE. ) );
#1823 = CARTESIAN_POINT ( 'NONE',  ( -6.444053398050354708, 0.4820773748935082703, 3.199999999999999734 ) ) ;
#1824 = CARTESIAN_POINT ( 'NONE',  ( -6.312891317191988705, -0.4157181939899461387, 3.299999999999999378 ) ) ;
#1825 = PRESENTATION_LAYER_ASSIGNMENT (  '', '', ( #352 ) ) ;
#1826 = CARTESIAN_POINT ( 'NONE',  ( 9.118152442267760449, -0.2445380539554059818, 3.299999999999999822 ) ) ;
#1827 = COLOUR_RGB ( '',0.2509803921568627416, 0.2509803921568627416, 0.2509803921568627416 ) ;
#1828 = CARTESIAN_POINT ( 'NONE',  ( -5.364435148260017883, -0.5059671363421265333, 3.299999999999999822 ) ) ;
#1829 = EDGE_LOOP ( 'NONE', ( #3139, #3543, #1505, #5160 ) ) ;
#1830 = CARTESIAN_POINT ( 'NONE',  ( -7.430266789627663293, 0.4393128055917991381, 3.299999999999998934 ) ) ;
#1831 = VECTOR ( 'NONE', #332, 1000.000000000000000 ) ;
#1832 = PRESENTATION_LAYER_ASSIGNMENT (  '', '', ( #3176 ) ) ;
#1833 = CARTESIAN_POINT ( 'NONE',  ( -6.537103671501438562, -0.5230614853588319013, 3.199999999999999289 ) ) ;
#1834 = FILL_AREA_STYLE_COLOUR ( '', #4413 ) ;
#1835 = VERTEX_POINT ( 'NONE', #5868 ) ;
#1836 = CARTESIAN_POINT ( 'NONE',  ( -6.911456296796052001, 3.158925150470279331, 3.999999999999999112 ) ) ;
#1837 = DIRECTION ( 'NONE',  ( -0.000000000000000000, -0.000000000000000000, -1.000000000000000000 ) ) ;
#1838 = SURFACE_SIDE_STYLE ('',( #3952 ) ) ;
#1839 = CARTESIAN_POINT ( 'NONE',  ( 9.232168288312113447, -0.3902659293025290688, 3.199999999999999289 ) ) ;
#1840 = EDGE_CURVE ( 'NONE', #2288, #2266, #166, .T. ) ;
#1841 = CARTESIAN_POINT ( 'NONE',  ( 9.015557423846017215, 0.3045297565861885269, 3.299999999999998934 ) ) ;
#1842 = VECTOR ( 'NONE', #4133, 1000.000000000000000 ) ;
#1843 = PRESENTATION_LAYER_ASSIGNMENT (  '', '', ( #814 ) ) ;
#1844 = EDGE_CURVE ( 'NONE', #5428, #4177, #3404, .T. ) ;
#1845 = CARTESIAN_POINT ( 'NONE',  ( -6.543854790648703457, 0.3264945020559983924, 3.300000000000000711 ) ) ;
#1846 = VERTEX_POINT ( 'NONE', #2008 ) ;
#1847 = SURFACE_STYLE_USAGE ( .BOTH. , #8136 ) ;
#1848 = CARTESIAN_POINT ( 'NONE',  ( -8.239835789285658407, -0.004364572239562458135, 3.299999999999999822 ) ) ;
#1849 = CARTESIAN_POINT ( 'NONE',  ( -5.865837391849761495, 0.4940328636578734667, 3.200000000000000178 ) ) ;
#1850 = CARTESIAN_POINT ( 'NONE',  ( -7.034618086350007182, 0.3417931446274302121, 3.300000000000000711 ) ) ;
#1851 = CARTESIAN_POINT ( 'NONE',  ( 8.566135073096827313, 0.4308291787863751110, 3.200000000000001066 ) ) ;
#1852 =( GEOMETRIC_REPRESENTATION_CONTEXT ( 3 ) GLOBAL_UNCERTAINTY_ASSIGNED_CONTEXT ( ( #8231 ) ) GLOBAL_UNIT_ASSIGNED_CONTEXT ( ( #5607, #7870, #8467 ) ) REPRESENTATION_CONTEXT ( 'NONE', 'WORKASPACE' ) );
#1853 = ORIENTED_EDGE ( 'NONE', *, *, #481, .T. ) ;
#1854 =( NAMED_UNIT ( * ) SI_UNIT ( $, .STERADIAN. ) SOLID_ANGLE_UNIT ( ) );
#1855 = CARTESIAN_POINT ( 'NONE',  ( -7.660653521456484150, -0.5292175802107366156, 3.300000000000001155 ) ) ;
#1856 = CARTESIAN_POINT ( 'NONE',  ( -7.154583514214129636, -0.1089287785490045263, 3.300000000000000266 ) ) ;
#1857 = CARTESIAN_POINT ( 'NONE',  ( 0.9999999999999993339, -5.099999999999999645, -1.750000000000000666 ) ) ;
#1858 = CARTESIAN_POINT ( 'NONE',  ( 9.095850664696886412, 0.4679707148980192799, 3.199999999999999734 ) ) ;
#1859 = CARTESIAN_POINT ( 'NONE',  ( 7.981368851358547012, 0.4940328636578734667, 3.200000000000000178 ) ) ;
#1860 = ORIENTED_EDGE ( 'NONE', *, *, #1694, .F. ) ;
#1861 = EDGE_CURVE ( 'NONE', #3934, #8127, #5453, .T. ) ;
#1862 = DIRECTION ( 'NONE',  ( -0.000000000000000000, -0.000000000000000000, -1.000000000000000000 ) ) ;
#1863 = CARTESIAN_POINT ( 'NONE',  ( -6.356231294197676185, 0.4336530536449935136, 3.200000000000000622 ) ) ;
#1864 = CARTESIAN_POINT ( 'NONE',  ( -7.812968226401588723, -0.3410700691199382018, 3.300000000000000266 ) ) ;
#1865 = EDGE_CURVE ( 'NONE', #7290, #2236, #4883, .T. ) ;
#1866 = CARTESIAN_POINT ( 'NONE',  ( 1.710994643136713789, -0.3386277985677162983, 3.300000000000000266 ) ) ;
#1867 = PRESENTATION_STYLE_ASSIGNMENT (( #1073 ) ) ;
#1868 = CARTESIAN_POINT ( 'NONE',  ( 7.997995453922650100, -0.5059671363421265333, 3.299999999999999822 ) ) ;
#1869 =( LENGTH_UNIT ( ) NAMED_UNIT ( * ) SI_UNIT ( .MILLI., .METRE. ) );
#1870 = CARTESIAN_POINT ( 'NONE',  ( -6.622691732045358215, -0.5311435355532739822, 3.200000000000001066 ) ) ;
#1871 = VECTOR ( 'NONE', #7901, 1000.000000000000000 ) ;
#1872 = ORIENTED_EDGE ( 'NONE', *, *, #333, .F. ) ;
#1873 = CARTESIAN_POINT ( 'NONE',  ( 8.519926762883656579, -0.01231487174682617015, 3.299999999999999822 ) ) ;
#1874 = AXIS2_PLACEMENT_3D ( 'NONE', #4711, #7596, #6788 ) ;
#1875 = FILL_AREA_STYLE_COLOUR ( '', #8498 ) ;
#1876 = CARTESIAN_POINT ( 'NONE',  ( -8.204270016163889068, -0.2147466088594844336, 3.299999999999999822 ) ) ;
#1877 = CARTESIAN_POINT ( 'NONE',  ( 1.392227564102564097, -0.2751979055728958068, 3.200000000000000178 ) ) ;
#1878 = DIRECTION ( 'NONE',  ( -1.000000000000000000, 0.000000000000000000, 0.000000000000000000 ) ) ;
#1879 = CARTESIAN_POINT ( 'NONE',  ( -8.057538795995480285, -0.4186946399918629047, 3.200000000000000622 ) ) ;
#1880 = CARTESIAN_POINT ( 'NONE',  ( -9.649999999999998579, -4.599999999999998757, -3.200000000000000178 ) ) ;
#1881 = CARTESIAN_POINT ( 'NONE',  ( -7.429358027497355188, -0.2133483499873541356, 3.299999999999999378 ) ) ;
#1882 = EDGE_CURVE ( 'NONE', #4299, #4328, #2060, .T. ) ;
#1883 = CIRCLE ( 'NONE', #6888, 0.8000000000000003775 ) ;
#1884 = VERTEX_POINT ( 'NONE', #517 ) ;
#1885 = CARTESIAN_POINT ( 'NONE',  ( -8.050000000000000711, -5.099999999999999645, 1.750000000000000000 ) ) ;
#1886 = CIRCLE ( 'NONE', #8190, 0.4999999999999987232 ) ;
#1887 = MECHANICAL_DESIGN_GEOMETRIC_PRESENTATION_REPRESENTATION (  '', ( #3527 ), #6160 ) ;
#1888 = CARTESIAN_POINT ( 'NONE',  ( 1.937460711582450923, 0.4021298811425257913, 3.200000000000001066 ) ) ;
#1889 = UNCERTAINTY_MEASURE_WITH_UNIT (LENGTH_MEASURE( 1.000000000000000082E-05 ), #5622, 'distance_accuracy_value', 'NONE');
#1890 = ORIENTED_EDGE ( 'NONE', *, *, #76, .T. ) ;
#1891 = CARTESIAN_POINT ( 'NONE',  ( 1.797741940380192194, 0.2837438070785937572, 3.199999999999999734 ) ) ;
#1892 = PRESENTATION_STYLE_ASSIGNMENT (( #6215 ) ) ;
#1893 = B_SPLINE_SURFACE_WITH_KNOTS ( 'NONE', 3, 1, ( 
 ( #3016, #372 ),
 ( #5810, #1716 ),
 ( #4433, #243 ),
 ( #3195, #8739 ),
 ( #5993, #5249 ),
 ( #7282, #6598 ),
 ( #8008, #8057 ),
 ( #4573, #2745 ),
 ( #7591, #6126 ),
 ( #2561, #5445 ),
 ( #8236, #1239 ),
 ( #7643, #8977 ),
 ( #4050, #2699 ),
 ( #3438, #5340 ),
 ( #8184, #1147 ),
 ( #1290, #505 ),
 ( #8137, #5535 ),
 ( #5484, #7503 ),
 ( #1848, #9018 ) ),
 .UNSPECIFIED., .F., .F., .F.,
 ( 4, 1, 1, 1, 1, 1, 1, 1, 1, 1, 1, 1, 1, 1, 1, 1, 4 ),
 ( 2, 2 ),
 ( 0.000000000000000000, 0.06737624279926383852, 0.1318365787763094155, 0.1944610676015850748, 0.2553459677434138930, 0.3155883400136119676, 0.3756274517721981954, 0.4361378520525415747, 0.4977786195747130327, 0.5594703610940514604, 0.6202777696791134110, 0.6807876889604186355, 0.7414916215916539377, 0.8032154362531896963, 0.8664927627489313888, 0.9319104429113604926, 1.000000000000000000 ),
 ( 0.000000000000000000, 1.000000000000000000 ),
 .UNSPECIFIED. ) ;
#1894 = CARTESIAN_POINT ( 'NONE',  ( -5.270459564745146430, 6.176859125404855710, 3.999999999999999112 ) ) ;
#1895 = SURFACE_STYLE_FILL_AREA ( #4092 ) ;
#1896 = CARTESIAN_POINT ( 'NONE',  ( -7.953115993222406921, 0.4656070105419894412, 3.200000000000001066 ) ) ;
#1897 =( LENGTH_UNIT ( ) NAMED_UNIT ( * ) SI_UNIT ( .MILLI., .METRE. ) );
#1898 = VECTOR ( 'NONE', #8340, 1000.000000000000000 ) ;
#1899 = UNCERTAINTY_MEASURE_WITH_UNIT (LENGTH_MEASURE( 1.000000000000000082E-05 ), #4808, 'distance_accuracy_value', 'NONE');
#1900 = FACE_OUTER_BOUND ( 'NONE', #2474, .T. ) ;
#1901 = EDGE_LOOP ( 'NONE', ( #2940, #4983, #219, #799 ) ) ;
#1902 = CIRCLE ( 'NONE', #3391, 1.250000000000000222 ) ;
#1903 = DIRECTION ( 'NONE',  ( 0.000000000000000000, 1.000000000000000000, 0.000000000000000000 ) ) ;
#1904 = LINE ( 'NONE', #4706, #3755 ) ;
#1905 = PRODUCT_CONTEXT ( 'NONE', #5787, 'mechanical' ) ;
#1906 = CARTESIAN_POINT ( 'NONE',  ( 8.792238901760654812, 0.5156979691061264193, 3.200000000000001066 ) ) ;
#1907 = UNCERTAINTY_MEASURE_WITH_UNIT (LENGTH_MEASURE( 1.000000000000000082E-05 ), #2447, 'distance_accuracy_value', 'NONE');
#1908 = MECHANICAL_DESIGN_GEOMETRIC_PRESENTATION_REPRESENTATION (  '', ( #8361 ), #4394 ) ;
#1909 = VERTEX_POINT ( 'NONE', #7653 ) ;
#1910 = SURFACE_SIDE_STYLE ('',( #610 ) ) ;
#1911 = STYLED_ITEM ( 'NONE', ( #1175 ), #7922 ) ;
#1912 = COLOUR_RGB ( '',0.7764705882352941346, 0.7568627450980391913, 0.7372549019607843590 ) ;
#1913 =( NAMED_UNIT ( * ) PLANE_ANGLE_UNIT ( ) SI_UNIT ( $, .RADIAN. ) );
#1914 = CARTESIAN_POINT ( 'NONE',  ( 1.196598084908239823, 0.3155788406734617024, 3.200000000000000622 ) ) ;
#1915 = VERTEX_POINT ( 'NONE', #1859 ) ;
#1916 = VECTOR ( 'NONE', #8339, 1000.000000000000000 ) ;
#1917 = FILL_AREA_STYLE ('',( #8391 ) ) ;
#1918 = PLANE ( 'NONE',  #2966 ) ;
#1919 = VECTOR ( 'NONE', #2612, 1000.000000000000114 ) ;
#1920 = CARTESIAN_POINT ( 'NONE',  ( -5.792365793225459747, 2.226211850758150756, 3.400000000000000355 ) ) ;
#1921 = CARTESIAN_POINT ( 'NONE',  ( 1.741644579886641564, -0.3278025382206052329, 3.300000000000001155 ) ) ;
#1922 = CARTESIAN_POINT ( 'NONE',  ( 1.323829116549537499, 0.1897221279670411043, 3.299999999999999822 ) ) ;
#1923 = VECTOR ( 'NONE', #3143, 1000.000000000000000 ) ;
#1924 = FILL_AREA_STYLE ('',( #8158 ) ) ;
#1925 = CARTESIAN_POINT ( 'NONE',  ( -8.006287738512154917, -0.2031116944012719416, 3.200000000000000178 ) ) ;
#1926 = ORIENTED_EDGE ( 'NONE', *, *, #7969, .T. ) ;
#1927 = B_SPLINE_CURVE_WITH_KNOTS ( 'NONE', 3,
 ( #8156, #1212, #7424, #4588, #1115, #6146, #5221, #6013, #435, #8112, #8027, #1730, #7342, #3268, #1817, #4628, #1035, #6657, #8848 ),
 .UNSPECIFIED., .F., .F.,
 ( 4, 1, 1, 1, 1, 1, 1, 1, 1, 1, 1, 1, 1, 1, 1, 1, 4 ),
 ( 0.000000000000000000, 0.06414744487667127515, 0.1262121152536834212, 0.1868412890216918087, 0.2469358694509791452, 0.3072563614860032155, 0.3681505022006772432, 0.4300707669516568576, 0.4938754417369550231, 0.5579806818508443733, 0.6208695259285348378, 0.6825247313751581224, 0.7440356981057705266, 0.8058886825781881313, 0.8689681377436668797, 0.9332474288479396529, 1.000000000000000000 ),
 .UNSPECIFIED. ) ;
#1928 = CARTESIAN_POINT ( 'NONE',  ( -6.811074550865612309, -0.3091098579958833636, 3.300000000000000266 ) ) ;
#1929 = CARTESIAN_POINT ( 'NONE',  ( 9.200245854680018098, 0.4052890225392914991, 3.200000000000000178 ) ) ;
#1930 = VECTOR ( 'NONE', #5747, 1000.000000000000000 ) ;
#1931 = CARTESIAN_POINT ( 'NONE',  ( 8.049999999999998934, -9.099999999999999645, 1.750000000000000000 ) ) ;
#1932 = CARTESIAN_POINT ( 'NONE',  ( -6.640877455952326258, -0.3521209824959727341, 3.300000000000000266 ) ) ;
#1933 = CARTESIAN_POINT ( 'NONE',  ( 7.527642889820085337, 0.4940328636578734667, 3.299999999999999822 ) ) ;
#1935 = STYLED_ITEM ( 'NONE', ( #778 ), #5272 ) ;
#1934 =( LENGTH_UNIT ( ) NAMED_UNIT ( * ) SI_UNIT ( .MILLI., .METRE. ) );
#1936 = CARTESIAN_POINT ( 'NONE',  ( -6.541661658969460724, -0.3386277985677164648, 3.200000000000001510 ) ) ;
#1937 = SURFACE_SIDE_STYLE ('',( #6807 ) ) ;
#1938 = B_SPLINE_CURVE_WITH_KNOTS ( 'NONE', 3,
 ( #1797, #3246, #8789, #3957, #2516, #8918, #8233, #500, #8867, #6780, #4751, #456, #8275, #1992, #1845, #4610, #7588, #5295, #2558 ),
 .UNSPECIFIED., .F., .F.,
 ( 4, 1, 1, 1, 1, 1, 1, 1, 1, 1, 1, 1, 1, 1, 1, 1, 4 ),
 ( 0.000000000000000000, 0.06593912405765876839, 0.1297911093795348914, 0.1921752363053292612, 0.2536170442157556493, 0.3147191079962373128, 0.3762822754113758217, 0.4389729923739132955, 0.5031747018386414361, 0.5673294646239470662, 0.6296509938060323996, 0.6906498673030981861, 0.7512376127977872242, 0.8117541138236067377, 0.8727877774488532747, 0.9355396326682304808, 1.000000000000000000 ),
 .UNSPECIFIED. ) ;
#1939 = ORIENTED_EDGE ( 'NONE', *, *, #8079, .T. ) ;
#1940 = DIRECTION ( 'NONE',  ( -0.000000000000000000, -0.000000000000000000, -1.000000000000000000 ) ) ;
#1941 = DIRECTION ( 'NONE',  ( 3.445603183558166470E-17, -0.7071067811865515695, -0.7071067811865434649 ) ) ;
#1942 = FACE_OUTER_BOUND ( 'NONE', #3390, .T. ) ;
#1943 = ORIENTED_EDGE ( 'NONE', *, *, #5495, .F. ) ;
#1944 = CARTESIAN_POINT ( 'NONE',  ( 1.924409374778738080, 0.1277919000503632829, 3.199999999999998845 ) ) ;
#1945 = CARTESIAN_POINT ( 'NONE',  ( -5.218365111445067761, 5.881416799501193005, 3.399999999999999911 ) ) ;
#1946 = PRESENTATION_STYLE_ASSIGNMENT (( #6121 ) ) ;
#1947 = CARTESIAN_POINT ( 'NONE',  ( 9.232168288312113447, -0.3902659293025290688, 3.299999999999998934 ) ) ;
#1948 = CARTESIAN_POINT ( 'NONE',  ( 8.896752092797735045, 0.3389756310232717174, 3.300000000000000266 ) ) ;
#1949 = SURFACE_STYLE_FILL_AREA ( #4047 ) ;
#1950 = ORIENTED_EDGE ( 'NONE', *, *, #3767, .F. ) ;
#1951 =( NAMED_UNIT ( * ) PLANE_ANGLE_UNIT ( ) SI_UNIT ( $, .RADIAN. ) );
#1952 = PRESENTATION_STYLE_ASSIGNMENT (( #3198 ) ) ;
#1953 = ORIENTED_EDGE ( 'NONE', *, *, #621, .T. ) ;
#1954 = SURFACE_STYLE_USAGE ( .BOTH. , #6926 ) ;
#1955 =( LENGTH_UNIT ( ) NAMED_UNIT ( * ) SI_UNIT ( .MILLI., .METRE. ) );
#1956 = DIRECTION ( 'NONE',  ( -0.000000000000000000, -0.000000000000000000, -1.000000000000000000 ) ) ;
#1957 = LINE ( 'NONE', #1206, #1831 ) ;
#1958 = CARTESIAN_POINT ( 'NONE',  ( 9.039199457713383623, 0.4905598148821877502, 3.299999999999999822 ) ) ;
#1959 = CARTESIAN_POINT ( 'NONE',  ( 1.873508203433866814, -0.2274515614225652016, 3.200000000000001954 ) ) ;
#1960 = EDGE_CURVE ( 'NONE', #4867, #2588, #468, .T. ) ;
#1961 = ORIENTED_EDGE ( 'NONE', *, *, #5520, .T. ) ;
#1962 = FACE_OUTER_BOUND ( 'NONE', #3128, .T. ) ;
#1963 = FACE_OUTER_BOUND ( 'NONE', #2010, .T. ) ;
#1964 = CARTESIAN_POINT ( 'NONE',  ( -8.054634625261462233, -0.07674748960075709892, 3.299999999999998490 ) ) ;
#1965 = CARTESIAN_POINT ( 'NONE',  ( 2.126816149888339336, -0.06219616703049768436, 3.200000000000000178 ) ) ;
#1966 = PRESENTATION_STYLE_ASSIGNMENT (( #6751 ) ) ;
#1967 = SURFACE_STYLE_USAGE ( .BOTH. , #6891 ) ;
#1968 = CARTESIAN_POINT ( 'NONE',  ( 8.859573979563675650, -0.5316081619831521943, 3.299999999999999822 ) ) ;
#1969 = B_SPLINE_SURFACE_WITH_KNOTS ( 'NONE', 3, 1, ( 
 ( #6034, #4607 ),
 ( #7397, #7361 ),
 ( #5478, #6120 ),
 ( #362, #1190 ),
 ( #8782, #4746 ),
 ( #3383, #8831 ),
 ( #7539, #2511 ),
 ( #3240, #2553 ),
 ( #6860, #1989 ),
 ( #5290, #644 ),
 ( #2091, #8315 ),
 ( #5584, #2040 ),
 ( #5717, #6216 ),
 ( #4881, #4837 ),
 ( #3604, #8497 ),
 ( #7635, #9011 ),
 ( #2875, #90 ),
 ( #5635, #5676 ),
 ( #2179, #7678 ) ),
 .UNSPECIFIED., .F., .F., .F.,
 ( 4, 1, 1, 1, 1, 1, 1, 1, 1, 1, 1, 1, 1, 1, 1, 1, 4 ),
 ( 2, 2 ),
 ( 0.000000000000000000, 0.06460873547077546075, 0.1275117897236756059, 0.1885213083986471971, 0.2487081790893709288, 0.3085982651789130893, 0.3688122491095543465, 0.4298875018150756788, 0.4928024479242461564, 0.5557433321027940298, 0.6174852948395641583, 0.6789689634380379202, 0.7401976913545543768, 0.8023601016976086298, 0.8662447764427322339, 0.9317068283956891905, 1.000000000000000000 ),
 ( 0.000000000000000000, 1.000000000000000000 ),
 .UNSPECIFIED. ) ;
#1970 = ORIENTED_EDGE ( 'NONE', *, *, #788, .T. ) ;
#1971 = CARTESIAN_POINT ( 'NONE',  ( -7.433892698831490620, 0.2062979031220077697, 3.299999999999999822 ) ) ;
#1972 = CARTESIAN_POINT ( 'NONE',  ( 7.545471415461110887, 0.1500825431450529823, 3.299999999999999822 ) ) ;
#1973 = CARTESIAN_POINT ( 'NONE',  ( 10.14999999999999858, -7.699999999999999289, 0.000000000000000000 ) ) ;
#1974 = SURFACE_SIDE_STYLE ('',( #7670 ) ) ;
#1975 = SURFACE_STYLE_USAGE ( .BOTH. , #1222 ) ;
#1976 = FACE_OUTER_BOUND ( 'NONE', #1237, .T. ) ;
#1977 = FACE_OUTER_BOUND ( 'NONE', #7855, .T. ) ;
#1978 = PLANE ( 'NONE',  #5958 ) ;
#1979 = ADVANCED_FACE ( 'NONE', ( #2610 ), #3302, .F. ) ;
#1980 = EDGE_CURVE ( 'NONE', #4123, #8780, #551, .T. ) ;
#1981 = ORIENTED_EDGE ( 'NONE', *, *, #3722, .F. ) ;
#1982 = CARTESIAN_POINT ( 'NONE',  ( -7.456736357340600030, 0.4545448907068026512, 3.300000000000001155 ) ) ;
#1983 = CARTESIAN_POINT ( 'NONE',  ( 9.055347678063682793, -0.5000050531162981704, 3.299999999999998934 ) ) ;
#1984 = EDGE_CURVE ( 'NONE', #3575, #4145, #2199, .T. ) ;
#1985 = AXIS2_PLACEMENT_3D ( 'NONE', #8155, #8072, #7380 ) ;
#1986 = ORIENTED_EDGE ( 'NONE', *, *, #3204, .F. ) ;
#1987 = CARTESIAN_POINT ( 'NONE',  ( 1.893399356235224928, 0.1868347255909330318, 3.299999999999998934 ) ) ;
#1988 = FILL_AREA_STYLE ('',( #4698 ) ) ;
#1989 = CARTESIAN_POINT ( 'NONE',  ( -6.860979430519222433, 0.2650035628447828806, 3.200000000000001066 ) ) ;
#1990 = DIRECTION ( 'NONE',  ( 0.000000000000000000, -1.000000000000000000, 0.000000000000000000 ) ) ;
#1991 = AXIS2_PLACEMENT_3D ( 'NONE', #2652, #8144, #1105 ) ;
#1992 = CARTESIAN_POINT ( 'NONE',  ( -6.512874137676015529, 0.3154119740129490146, 3.299999999999998934 ) ) ;
#1993 = VECTOR ( 'NONE', #7086, 1000.000000000000000 ) ;
#1994 = EDGE_LOOP ( 'NONE', ( #2089, #4300, #4219, #5961, #4018, #5858 ) ) ;
#1995 = DIRECTION ( 'NONE',  ( 0.1736481776669306920, -0.9848077530122080203, 0.000000000000000000 ) ) ;
#1996 = FACE_OUTER_BOUND ( 'NONE', #6745, .T. ) ;
#1997 =( NAMED_UNIT ( * ) SI_UNIT ( $, .STERADIAN. ) SOLID_ANGLE_UNIT ( ) );
#1998 = CARTESIAN_POINT ( 'NONE',  ( -7.124095407753660680, 0.1967357420893511011, 3.199999999999999289 ) ) ;
#1999 = CARTESIAN_POINT ( 'NONE',  ( 9.061752701723889913, -0.2899547384880490908, 3.299999999999999378 ) ) ;
#2001 = ADVANCED_FACE ( 'NONE', ( #2148 ), #4934, .F. ) ;
#2000 = UNCERTAINTY_MEASURE_WITH_UNIT (LENGTH_MEASURE( 1.000000000000000082E-05 ), #1382, 'distance_accuracy_value', 'NONE');
#2002 = VERTEX_POINT ( 'NONE', #5770 ) ;
#2003 = LINE ( 'NONE', #3296, #5075 ) ;
#2004 = CARTESIAN_POINT ( 'NONE',  ( 1.948717948717948900, -0.006568097880588056638, 3.200000000000000178 ) ) ;
#2005 = CARTESIAN_POINT ( 'NONE',  ( 10.14999999999999858, 4.599999999999998757, 3.200000000000000178 ) ) ;
#2006 =( NAMED_UNIT ( * ) SI_UNIT ( $, .STERADIAN. ) SOLID_ANGLE_UNIT ( ) );
#2007 = MECHANICAL_DESIGN_GEOMETRIC_PRESENTATION_REPRESENTATION (  '', ( #4342 ), #2756 ) ;
#2008 = CARTESIAN_POINT ( 'NONE',  ( -2.945461134408580595, 6.099999999999999645, 1.119247819734363159 ) ) ;
#2009 = CIRCLE ( 'NONE', #963, 1.250000000000000222 ) ;
#2010 = EDGE_LOOP ( 'NONE', ( #1573, #8121, #81, #4389 ) ) ;
#2011 =( NAMED_UNIT ( * ) SI_UNIT ( $, .STERADIAN. ) SOLID_ANGLE_UNIT ( ) );
#2012 = CARTESIAN_POINT ( 'NONE',  ( -6.444053398050354708, 0.4820773748935082703, 3.200000000000000622 ) ) ;
#2013 = CARTESIAN_POINT ( 'NONE',  ( -7.729292264640061916, -0.3520456472934123671, 3.299999999999999378 ) ) ;
#2014 = CARTESIAN_POINT ( 'NONE',  ( -0.9454611344085804836, 5.099999999999999645, 1.119247819734363159 ) ) ;
#2015 = CARTESIAN_POINT ( 'NONE',  ( -7.356180868148929797, 0.3861944913999414419, 3.200000000000001066 ) ) ;
#2016 = CARTESIAN_POINT ( 'NONE',  ( -7.577060803695282232, -0.3237039206793828616, 3.199999999999999734 ) ) ;
#2017 =( GEOMETRIC_REPRESENTATION_CONTEXT ( 3 ) GLOBAL_UNCERTAINTY_ASSIGNED_CONTEXT ( ( #2917 ) ) GLOBAL_UNIT_ASSIGNED_CONTEXT ( ( #1008, #2423, #6716 ) ) REPRESENTATION_CONTEXT ( 'NONE', 'WORKASPACE' ) );
#2018 = EDGE_CURVE ( 'NONE', #8780, #4123, #4226, .T. ) ;
#2019 = UNCERTAINTY_MEASURE_WITH_UNIT (LENGTH_MEASURE( 1.000000000000000082E-05 ), #4555, 'distance_accuracy_value', 'NONE');
#2020 = CARTESIAN_POINT ( 'NONE',  ( -9.150000000000000355, -4.599999999999998757, -3.200000000000000178 ) ) ;
#2021 = ORIENTED_EDGE ( 'NONE', *, *, #6085, .T. ) ;
#2022 = CARTESIAN_POINT ( 'NONE',  ( 8.700144742350685689, -0.5117538462312659631, 3.199999999999999734 ) ) ;
#2023 = CARTESIAN_POINT ( 'NONE',  ( 8.647155911749935697, -0.2831031713986899012, 3.300000000000000711 ) ) ;
#2024 = DIRECTION ( 'NONE',  ( -0.3110687615652540372, 0.9503874081543058905, 0.000000000000000000 ) ) ;
#2025 = CARTESIAN_POINT ( 'NONE',  ( -6.341836988743371428, -0.1715579668125874480, 3.200000000000000178 ) ) ;
#2026 = CARTESIAN_POINT ( 'NONE',  ( -6.144957012804956875, 0.1474687861213269391, 3.199999999999999734 ) ) ;
#2027 = CARTESIAN_POINT ( 'NONE',  ( -5.865837391849761495, 0.4940328636578734667, 3.299999999999999822 ) ) ;
#2028 = PLANE ( 'NONE',  #1759 ) ;
#2029 = CARTESIAN_POINT ( 'NONE',  ( 7.997995453922650100, -0.5059671363421265333, 3.200000000000000178 ) ) ;
#2030 = MECHANICAL_DESIGN_GEOMETRIC_PRESENTATION_REPRESENTATION (  '', ( #2479 ), #3203 ) ;
#2031 = ORIENTED_EDGE ( 'NONE', *, *, #2744, .T. ) ;
#2032 = DIRECTION ( 'NONE',  ( 0.000000000000000000, 0.000000000000000000, -1.000000000000000000 ) ) ;
#2033 = LINE ( 'NONE', #6167, #2315 ) ;
#2034 =( NAMED_UNIT ( * ) SI_UNIT ( $, .STERADIAN. ) SOLID_ANGLE_UNIT ( ) );
#2035 = MECHANICAL_DESIGN_GEOMETRIC_PRESENTATION_REPRESENTATION (  '', ( #4668 ), #5411 ) ;
#2036 = VERTEX_POINT ( 'NONE', #2246 ) ;
#2037 = CARTESIAN_POINT ( 'NONE',  ( 1.349417764100589778, 0.4494819551304643501, 3.300000000000000266 ) ) ;
#2039 =( GEOMETRIC_REPRESENTATION_CONTEXT ( 3 ) GLOBAL_UNCERTAINTY_ASSIGNED_CONTEXT ( ( #8507 ) ) GLOBAL_UNIT_ASSIGNED_CONTEXT ( ( #1004, #7951, #6498 ) ) REPRESENTATION_CONTEXT ( 'NONE', 'WORKASPACE' ) );
#2038 = PLANE ( 'NONE',  #3661 ) ;
#2040 = CARTESIAN_POINT ( 'NONE',  ( -6.928827185556635015, 0.1897221279670409932, 3.200000000000000178 ) ) ;
#2041 = SURFACE_STYLE_USAGE ( .BOTH. , #3470 ) ;
#2042 = CARTESIAN_POINT ( 'NONE',  ( 9.276084862716396984, -0.3493628566688715686, 3.200000000000000622 ) ) ;
#2043 = PRESENTATION_LAYER_ASSIGNMENT (  '', '', ( #7895 ) ) ;
#2044 = ORIENTED_EDGE ( 'NONE', *, *, #5337, .F. ) ;
#2045 = CARTESIAN_POINT ( 'NONE',  ( -6.632851513772268781, 0.3398615834816072212, 3.199999999999999734 ) ) ;
#2046 = ADVANCED_FACE ( 'NONE', ( #3583, #5603 ), #3662, .F. ) ;
#2047 = CARTESIAN_POINT ( 'NONE',  ( 1.446415489886831551, 0.3021718888387588398, 3.299999999999998490 ) ) ;
#2048 = CARTESIAN_POINT ( 'NONE',  ( -7.162457095575358146, 0.02976923344599156918, 3.200000000000000178 ) ) ;
#2049 = VECTOR ( 'NONE', #3381, 1000.000000000000000 ) ;
#2050 = CARTESIAN_POINT ( 'NONE',  ( 8.898428904158789621, -0.3509739145552372985, 3.199999999999999734 ) ) ;
#2051 = ORIENTED_EDGE ( 'NONE', *, *, #6310, .T. ) ;
#2052 = SURFACE_STYLE_FILL_AREA ( #4974 ) ;
#2054 = STYLED_ITEM ( 'NONE', ( #3284 ), #3226 ) ;
#2053 =( NAMED_UNIT ( * ) PLANE_ANGLE_UNIT ( ) SI_UNIT ( $, .RADIAN. ) );
#2055 = VECTOR ( 'NONE', #5681, 1000.000000000000000 ) ;
#2056 = LINE ( 'NONE', #7650, #4038 ) ;
#2057 = B_SPLINE_SURFACE_WITH_KNOTS ( 'NONE', 3, 1, ( 
 ( #3550, #576 ),
 ( #668, #2071 ),
 ( #2810, #6337 ),
 ( #5554, #30 ),
 ( #4862, #3496 ),
 ( #3411, #2016 ),
 ( #5613, #8994 ),
 ( #6288, #6199 ),
 ( #8395, #2856 ),
 ( #9083, #7700 ),
 ( #5502, #5460 ),
 ( #1400, #4205 ),
 ( #7024, #5656 ),
 ( #2666, #8254 ),
 ( #1256, #4067 ) ),
 .UNSPECIFIED., .F., .F., .F.,
 ( 4, 1, 1, 1, 1, 1, 1, 1, 1, 1, 1, 1, 4 ),
 ( 2, 2 ),
 ( 0.000000000000000000, 0.1170484290483427559, 0.2299697259035126673, 0.3407035076587631717, 0.4493551469115565911, 0.5055565115208183746, 0.5653026697757549401, 0.6282049564766013505, 0.6947289918311263524, 0.7650188336519146981, 0.8395802021957275985, 0.9177497995909476014, 1.000000000000000000 ),
 ( 0.000000000000000000, 1.000000000000000000 ),
 .UNSPECIFIED. ) ;
#2058 = MECHANICAL_DESIGN_GEOMETRIC_PRESENTATION_REPRESENTATION (  '', ( #6748 ), #5126 ) ;
#2059 = DIRECTION ( 'NONE',  ( -1.000000000000000000, 0.000000000000000000, 0.000000000000000000 ) ) ;
#2060 = LINE ( 'NONE', #4858, #2790 ) ;
#2061 = VECTOR ( 'NONE', #1779, 1000.000000000000000 ) ;
#2062 = AXIS2_PLACEMENT_3D ( 'NONE', #1646, #3725, #7888 ) ;
#2063 = VERTEX_POINT ( 'NONE', #371 ) ;
#2064 = CARTESIAN_POINT ( 'NONE',  ( -6.983119156871732791, 0.004398000095624835307, 3.199999999999999734 ) ) ;
#2065 = PRESENTATION_LAYER_ASSIGNMENT (  '', '', ( #868 ) ) ;
#2066 = ADVANCED_FACE ( 'NONE', ( #7366 ), #1379, .T. ) ;
#2067 = CARTESIAN_POINT ( 'NONE',  ( 0.4999999999999993339, -5.099999999999999645, 1.750000000000000000 ) ) ;
#2068 = DIRECTION ( 'NONE',  ( -0.000000000000000000, -0.000000000000000000, -1.000000000000000000 ) ) ;
#2069 =( NAMED_UNIT ( * ) PLANE_ANGLE_UNIT ( ) SI_UNIT ( $, .RADIAN. ) );
#2070 = MECHANICAL_DESIGN_GEOMETRIC_PRESENTATION_REPRESENTATION (  '', ( #5427 ), #5596 ) ;
#2071 = CARTESIAN_POINT ( 'NONE',  ( -7.708030354410809970, -0.3517340791061676075, 3.200000000000000178 ) ) ;
#2072 = CARTESIAN_POINT ( 'NONE',  ( 1.893399356235224928, 0.1868347255909330318, 3.299999999999998934 ) ) ;
#2073 = DIRECTION ( 'NONE',  ( -0.000000000000000000, 0.000000000000000000, -1.000000000000000000 ) ) ;
#2074 = VERTEX_POINT ( 'NONE', #2518 ) ;
#2075 = PRESENTATION_STYLE_ASSIGNMENT (( #2162 ) ) ;
#2076 = PRESENTATION_LAYER_ASSIGNMENT (  '', '', ( #6319 ) ) ;
#2077 = CARTESIAN_POINT ( 'NONE',  ( 9.282192989960325491, 0.3283707110311212540, 3.200000000000000178 ) ) ;
#2078 = CARTESIAN_POINT ( 'NONE',  ( -6.303938353388223170, -0.006568097880588056638, 3.200000000000000178 ) ) ;
#2079 = CARTESIAN_POINT ( 'NONE',  ( 1.282430252870132348, 0.09804061167688017664, 3.200000000000000178 ) ) ;
#2080 = AXIS2_PLACEMENT_3D ( 'NONE', #5677, #5718, #8450 ) ;
#2081 = SURFACE_SIDE_STYLE ('',( #6947 ) ) ;
#2082 = SURFACE_STYLE_USAGE ( .BOTH. , #124 ) ;
#2083 =( NAMED_UNIT ( * ) SI_UNIT ( $, .STERADIAN. ) SOLID_ANGLE_UNIT ( ) );
#2084 = FILL_AREA_STYLE ('',( #2867 ) ) ;
#2085 = ORIENTED_EDGE ( 'NONE', *, *, #4966, .F. ) ;
#2086 = CIRCLE ( 'NONE', #6186, 1.250000000000000222 ) ;
#2087 = DIRECTION ( 'NONE',  ( 0.000000000000000000, 1.000000000000000000, 0.000000000000000000 ) ) ;
#2088 = CARTESIAN_POINT ( 'NONE',  ( -7.912650605423851680, 0.2845935240287506551, 3.300000000000000266 ) ) ;
#2089 = ORIENTED_EDGE ( 'NONE', *, *, #1603, .F. ) ;
#2090 = LINE ( 'NONE', #4793, #1595 ) ;
#2091 = CARTESIAN_POINT ( 'NONE',  ( -6.908782099571333823, 0.2168938213975745710, 3.299999999999999822 ) ) ;
#2092 = DIRECTION ( 'NONE',  ( -0.000000000000000000, -0.000000000000000000, -1.000000000000000000 ) ) ;
#2093 = CARTESIAN_POINT ( 'NONE',  ( 8.948418984877047677, -0.5260850608630796010, 3.199999999999999734 ) ) ;
#2094 = CARTESIAN_POINT ( 'NONE',  ( 8.442874536893022253, 0.3171879314990538323, 3.299999999999999822 ) ) ;
#2095 = MECHANICAL_DESIGN_GEOMETRIC_PRESENTATION_REPRESENTATION (  '', ( #8827 ), #4579 ) ;
#2096 = LINE ( 'NONE', #4188, #5706 ) ;
#2097 = ORIENTED_EDGE ( 'NONE', *, *, #6843, .F. ) ;
#2098 = LINE ( 'NONE', #8505, #8750 ) ;
#2099 = CARTESIAN_POINT ( 'NONE',  ( 1.269230769230769162, -0.007970341470331657879, 3.299999999999999822 ) ) ;
#2100 = UNCERTAINTY_MEASURE_WITH_UNIT (LENGTH_MEASURE( 1.000000000000000082E-05 ), #6079, 'distance_accuracy_value', 'NONE');
#2101 = ORIENTED_EDGE ( 'NONE', *, *, #6327, .T. ) ;
#2102 = FACE_OUTER_BOUND ( 'NONE', #319, .T. ) ;
#2103 = PRESENTATION_STYLE_ASSIGNMENT (( #4288 ) ) ;
#2104 = FILL_AREA_STYLE ('',( #4056 ) ) ;
#2105 = EDGE_CURVE ( 'NONE', #63, #2140, #1059, .T. ) ;
#2106 = EDGE_CURVE ( 'NONE', #8188, #1171, #5414, .T. ) ;
#2107 = LINE ( 'NONE', #8553, #6276 ) ;
#2108 = FILL_AREA_STYLE ('',( #701 ) ) ;
#2109 = ORIENTED_EDGE ( 'NONE', *, *, #4763, .F. ) ;
#2110 = PLANE ( 'NONE',  #5370 ) ;
#2111 = CARTESIAN_POINT ( 'NONE',  ( -6.261456296796050758, 3.158925150470280219, 4.001000000000000334 ) ) ;
#2112 = CARTESIAN_POINT ( 'NONE',  ( -8.060014200092288306, 0.007934199377222219893, 3.200000000000000178 ) ) ;
#2113 = CARTESIAN_POINT ( 'NONE',  ( 2.107809044299374879, -0.1638376451012790724, 3.199999999999999289 ) ) ;
#2114 = SURFACE_STYLE_FILL_AREA ( #3495 ) ;
#2115 = SURFACE_STYLE_FILL_AREA ( #3449 ) ;
#2116 = UNCERTAINTY_MEASURE_WITH_UNIT (LENGTH_MEASURE( 1.000000000000000082E-05 ), #2411, 'distance_accuracy_value', 'NONE');
#2117 = VERTEX_POINT ( 'NONE', #3864 ) ;
#2118 = SURFACE_SIDE_STYLE ('',( #4729 ) ) ;
#2119 = EDGE_LOOP ( 'NONE', ( #1031, #8149 ) ) ;
#2120 = CARTESIAN_POINT ( 'NONE',  ( 8.859573979563675650, -0.5316081619831521943, 3.200000000000000178 ) ) ;
#2121 =( NAMED_UNIT ( * ) SI_UNIT ( $, .STERADIAN. ) SOLID_ANGLE_UNIT ( ) );
#2122 = EDGE_CURVE ( 'NONE', #7165, #8241, #690, .T. ) ;
#2123 = ADVANCED_FACE ( 'NONE', ( #4846 ), #6221, .T. ) ;
#2124 = SURFACE_STYLE_USAGE ( .BOTH. , #8352 ) ;
#2125 = CARTESIAN_POINT ( 'NONE',  ( 1.343874202534839135, 0.2168938213975744600, 3.200000000000000178 ) ) ;
#2126 = DIRECTION ( 'NONE',  ( 1.000000000000000000, -0.000000000000000000, 0.000000000000000000 ) ) ;
#2127 = CARTESIAN_POINT ( 'NONE',  ( 3.699999999999998401, -2.700000000000003286, 3.200000000000000178 ) ) ;
#2128 = CARTESIAN_POINT ( 'NONE',  ( 9.067782662780455638, 0.4802700398739078169, 3.299999999999999378 ) ) ;
#2129 = LINE ( 'NONE', #726, #8882 ) ;
#2130 = ORIENTED_EDGE ( 'NONE', *, *, #1409, .T. ) ;
#2131 = CARTESIAN_POINT ( 'NONE',  ( -6.713150251292781867, 0.3345323263372206868, 3.299999999999999822 ) ) ;
#2132 = CARTESIAN_POINT ( 'NONE',  ( -7.736377787744580736, 0.3398665164818369111, 3.299999999999999378 ) ) ;
#2133 = EDGE_LOOP ( 'NONE', ( #6787, #8626 ) ) ;
#2134 =( LENGTH_UNIT ( ) NAMED_UNIT ( * ) SI_UNIT ( .MILLI., .METRE. ) );
#2135 = LINE ( 'NONE', #2833, #5256 ) ;
#2136 = SURFACE_STYLE_USAGE ( .BOTH. , #3469 ) ;
#2137 = DIRECTION ( 'NONE',  ( -0.7228807680948493575, -0.6909727889856448479, 0.000000000000000000 ) ) ;
#2138 = CARTESIAN_POINT ( 'NONE',  ( 9.104759284463021629, -0.4785579739879670669, 3.300000000000000266 ) ) ;
#2139 = CARTESIAN_POINT ( 'NONE',  ( 8.349047867594338257, 0.1031764313551906675, 3.199999999999999289 ) ) ;
#2140 = VERTEX_POINT ( 'NONE', #1196 ) ;
#2141 = CYLINDRICAL_SURFACE ( 'NONE', #3537, 1.250000000000000222 ) ;
#2142 = CARTESIAN_POINT ( 'NONE',  ( 0.7307692307692308376, -0.1640200209575111423, 3.299999999999999822 ) ) ;
#2143 = EDGE_CURVE ( 'NONE', #3791, #3453, #3675, .T. ) ;
#2144 = ORIENTED_EDGE ( 'NONE', *, *, #598, .F. ) ;
#2145 = DIRECTION ( 'NONE',  ( -0.000000000000000000, -0.000000000000000000, -1.000000000000000000 ) ) ;
#2146 = EDGE_CURVE ( 'NONE', #7507, #1909, #8921, .T. ) ;
#2147 = PRESENTATION_STYLE_ASSIGNMENT (( #1530 ) ) ;
#2148 = FACE_OUTER_BOUND ( 'NONE', #7054, .T. ) ;
#2149 = EDGE_LOOP ( 'NONE', ( #502, #6637, #1342, #7247 ) ) ;
#2150 = CARTESIAN_POINT ( 'NONE',  ( 1.475560651491807818, 0.5023653327911610234, 3.300000000000000266 ) ) ;
#2151 =( GEOMETRIC_REPRESENTATION_CONTEXT ( 3 ) GLOBAL_UNCERTAINTY_ASSIGNED_CONTEXT ( ( #7426 ) ) GLOBAL_UNIT_ASSIGNED_CONTEXT ( ( #6930, #3005, #658 ) ) REPRESENTATION_CONTEXT ( 'NONE', 'WORKASPACE' ) );
#2152 = CARTESIAN_POINT ( 'NONE',  ( -6.632851513772268781, 0.3398615834816072212, 3.199999999999999734 ) ) ;
#2154 = STYLED_ITEM ( 'NONE', ( #1096 ), #61 ) ;
#2153 = SURFACE_STYLE_USAGE ( .BOTH. , #7203 ) ;
#2155 = FACE_OUTER_BOUND ( 'NONE', #5033, .T. ) ;
#2156 = LINE ( 'NONE', #2714, #8569 ) ;
#2157 =( NAMED_UNIT ( * ) SI_UNIT ( $, .STERADIAN. ) SOLID_ANGLE_UNIT ( ) );
#2158 =( GEOMETRIC_REPRESENTATION_CONTEXT ( 3 ) GLOBAL_UNCERTAINTY_ASSIGNED_CONTEXT ( ( #6672 ) ) GLOBAL_UNIT_ASSIGNED_CONTEXT ( ( #5122, #7152, #5068 ) ) REPRESENTATION_CONTEXT ( 'NONE', 'WORKASPACE' ) );
#2159 = VERTEX_POINT ( 'NONE', #6727 ) ;
#2160 = CARTESIAN_POINT ( 'NONE',  ( -8.203023962017955029, 0.2015449924610281385, 3.300000000000000266 ) ) ;
#2161 = VERTEX_POINT ( 'NONE', #2643 ) ;
#2162 = SURFACE_STYLE_USAGE ( .BOTH. , #5120 ) ;
#2163 = DIRECTION ( 'NONE',  ( 1.000000000000000000, 4.872818752743842964E-17, -3.097720492815727042E-17 ) ) ;
#2164 = EDGE_CURVE ( 'NONE', #5908, #2074, #413, .T. ) ;
#2165 = FILL_AREA_STYLE ('',( #5623 ) ) ;
#2166 = CARTESIAN_POINT ( 'NONE',  ( 8.049999999999998934, -5.099999999999999645, -1.750000000000000000 ) ) ;
#2167 =( GEOMETRIC_REPRESENTATION_CONTEXT ( 3 ) GLOBAL_UNCERTAINTY_ASSIGNED_CONTEXT ( ( #1150 ) ) GLOBAL_UNIT_ASSIGNED_CONTEXT ( ( #3514, #8445, #2174 ) ) REPRESENTATION_CONTEXT ( 'NONE', 'WORKASPACE' ) );
#2168 = CARTESIAN_POINT ( 'NONE',  ( 1.293005852369144115, 0.1303322648428095198, 3.199999999999999734 ) ) ;
#2169 = CARTESIAN_POINT ( 'NONE',  ( 7.545471415461110887, 0.1500825431450529823, 3.299999999999999822 ) ) ;
#2170 = FACE_OUTER_BOUND ( 'NONE', #1455, .T. ) ;
#2171 = FACE_OUTER_BOUND ( 'NONE', #6041, .T. ) ;
#2172 = ORIENTED_EDGE ( 'NONE', *, *, #3135, .F. ) ;
#2173 = LINE ( 'NONE', #3565, #1748 ) ;
#2174 =( NAMED_UNIT ( * ) SI_UNIT ( $, .STERADIAN. ) SOLID_ANGLE_UNIT ( ) );
#2175 = CARTESIAN_POINT ( 'NONE',  ( 1.662688136830053232, 0.5183350099680890111, 3.299999999999999378 ) ) ;
#2176 = EDGE_LOOP ( 'NONE', ( #6824, #7348, #187, #2912 ) ) ;
#2177 = SURFACE_SIDE_STYLE ('',( #2873 ) ) ;
#2178 = CARTESIAN_POINT ( 'NONE',  ( 8.557228843804351115, 0.1601887144121011686, 3.300000000000000266 ) ) ;
#2179 = CARTESIAN_POINT ( 'NONE',  ( -6.983425532875402908, -0.007970341470331657879, 3.299999999999999822 ) ) ;
#2180 =( NAMED_UNIT ( * ) SI_UNIT ( $, .STERADIAN. ) SOLID_ANGLE_UNIT ( ) );
#2181 = ADVANCED_FACE ( 'NONE', ( #6042 ), #8976, .F. ) ;
#2182 = DIRECTION ( 'NONE',  ( 0.000000000000000000, -1.000000000000000000, 0.000000000000000000 ) ) ;
#2183 = CARTESIAN_POINT ( 'NONE',  ( 8.390739088201243590, 0.2322041354893933374, 3.299999999999999378 ) ) ;
#2184 = ORIENTED_EDGE ( 'NONE', *, *, #8588, .F. ) ;
#2185 =( LENGTH_UNIT ( ) NAMED_UNIT ( * ) SI_UNIT ( .MILLI., .METRE. ) );
#2186 = CARTESIAN_POINT ( 'NONE',  ( 9.180086639689395867, -0.4317492700529750871, 3.199999999999999289 ) ) ;
#2187 = LINE ( 'NONE', #693, #6025 ) ;
#2188 = UNCERTAINTY_MEASURE_WITH_UNIT (LENGTH_MEASURE( 1.000000000000000082E-05 ), #685, 'distance_accuracy_value', 'NONE');
#2189 = EDGE_CURVE ( 'NONE', #2159, #6942, #127, .T. ) ;
#2190 = ORIENTED_EDGE ( 'NONE', *, *, #7689, .T. ) ;
#2191 = CARTESIAN_POINT ( 'NONE',  ( -7.527384011667990649, 0.2835775364371888041, 3.200000000000000622 ) ) ;
#2192 = SURFACE_STYLE_USAGE ( .BOTH. , #8460 ) ;
#2193 = VECTOR ( 'NONE', #5020, 1000.000000000000000 ) ;
#2194 = LINE ( 'NONE', #8421, #1340 ) ;
#2195 = MECHANICAL_DESIGN_GEOMETRIC_PRESENTATION_REPRESENTATION (  '', ( #846 ), #8329 ) ;
#2196 = VECTOR ( 'NONE', #4765, 1000.000000000000000 ) ;
#2197 = DIRECTION ( 'NONE',  ( -1.000000000000000000, -4.872818752743843581E-17, -0.000000000000000000 ) ) ;
#2198 = VECTOR ( 'NONE', #77, 1000.000000000000000 ) ;
#2199 = LINE ( 'NONE', #107, #3932 ) ;
#2200 = ORIENTED_EDGE ( 'NONE', *, *, #6460, .F. ) ;
#2201 = CARTESIAN_POINT ( 'NONE',  ( 1.508500122280249878, 0.5103087069680944943, 3.199999999999998845 ) ) ;
#2202 = CARTESIAN_POINT ( 'NONE',  ( -6.512874137676015529, 0.3154119740129490146, 3.299999999999998934 ) ) ;
#2203 = VECTOR ( 'NONE', #6179, 1000.000000000000000 ) ;
#2204 = CARTESIAN_POINT ( 'NONE',  ( -4.610596489610812476, 2.434589663958467209, 4.000000000000000000 ) ) ;
#2205 = SURFACE_SIDE_STYLE ('',( #4940 ) ) ;
#2206 = VECTOR ( 'NONE', #8024, 1000.000000000000000 ) ;
#2207 = CARTESIAN_POINT ( 'NONE',  ( 8.563098820807965694, -0.4489386903626314540, 3.300000000000000711 ) ) ;
#2208 = MECHANICAL_DESIGN_GEOMETRIC_PRESENTATION_REPRESENTATION (  '', ( #6428 ), #7758 ) ;
#2209 = ORIENTED_EDGE ( 'NONE', *, *, #486, .T. ) ;
#2210 = CARTESIAN_POINT ( 'NONE',  ( -7.721406302106172070, -0.3521209824959727341, 3.300000000000000266 ) ) ;
#2211 = ORIENTED_EDGE ( 'NONE', *, *, #139, .F. ) ;
#2212 = VECTOR ( 'NONE', #8627, 1000.000000000000000 ) ;
#2213 = CARTESIAN_POINT ( 'NONE',  ( 0.4999999999999987232, -7.700000000000000178, 0.000000000000000000 ) ) ;
#2214 = LINE ( 'NONE', #6249, #7321 ) ;
#2215 = CARTESIAN_POINT ( 'NONE',  ( 8.855367248794443924, 0.3401867098117196120, 3.200000000000000178 ) ) ;
#2216 =( NAMED_UNIT ( * ) SI_UNIT ( $, .STERADIAN. ) SOLID_ANGLE_UNIT ( ) );
#2217 = CARTESIAN_POINT ( 'NONE',  ( -8.220366179297544207, -0.1658360427291140360, 3.199999999999999734 ) ) ;
#2218 =( LENGTH_UNIT ( ) NAMED_UNIT ( * ) SI_UNIT ( .MILLI., .METRE. ) );
#2219 = UNCERTAINTY_MEASURE_WITH_UNIT (LENGTH_MEASURE( 1.000000000000000082E-05 ), #58, 'distance_accuracy_value', 'NONE');
#2220 = MECHANICAL_DESIGN_GEOMETRIC_PRESENTATION_REPRESENTATION (  '', ( #5738 ), #1481 ) ;
#2221 = ORIENTED_EDGE ( 'NONE', *, *, #195, .F. ) ;
#2222 =( LENGTH_UNIT ( ) NAMED_UNIT ( * ) SI_UNIT ( .MILLI., .METRE. ) );
#2223 = CARTESIAN_POINT ( 'NONE',  ( 1.089743589743589869, -0.005566495316485452725, 3.200000000000000178 ) ) ;
#2224 = CARTESIAN_POINT ( 'NONE',  ( -7.824770150621593423, 0.3267251846924146275, 3.200000000000000178 ) ) ;
#2225 =( GEOMETRIC_REPRESENTATION_CONTEXT ( 3 ) GLOBAL_UNCERTAINTY_ASSIGNED_CONTEXT ( ( #4401 ) ) GLOBAL_UNIT_ASSIGNED_CONTEXT ( ( #2274, #48, #2180 ) ) REPRESENTATION_CONTEXT ( 'NONE', 'WORKASPACE' ) );
#2226 = DIRECTION ( 'NONE',  ( 0.5676451057264807476, -0.8232733652589354634, 0.000000000000000000 ) ) ;
#2227 = ORIENTED_EDGE ( 'NONE', *, *, #3600, .F. ) ;
#2228 =( NAMED_UNIT ( * ) SI_UNIT ( $, .STERADIAN. ) SOLID_ANGLE_UNIT ( ) );
#2229 = CARTESIAN_POINT ( 'NONE',  ( -6.903238538005581404, 0.4494819551304640171, 3.199999999999999734 ) ) ;
#2230 = CARTESIAN_POINT ( 'NONE',  ( 8.396492658449254520, -0.2610817460956941227, 3.299999999999998934 ) ) ;
#2232 = STYLED_ITEM ( 'NONE', ( #5579 ), #4672 ) ;
#2231 = DIRECTION ( 'NONE',  ( -0.000000000000000000, -0.000000000000000000, -1.000000000000000000 ) ) ;
#2233 = CARTESIAN_POINT ( 'NONE',  ( 8.344265145899118608, 0.06818793015636749610, 3.299999999999999378 ) ) ;
#2234 = PRESENTATION_LAYER_ASSIGNMENT (  '', '', ( #6338 ) ) ;
#2235 = CARTESIAN_POINT ( 'NONE',  ( 8.862378466743162875, 0.5196738892988990166, 3.200000000000000178 ) ) ;
#2236 = VERTEX_POINT ( 'NONE', #6365 ) ;
#2237 = CARTESIAN_POINT ( 'NONE',  ( -6.034707584157454008, -0.5059671363421265333, 3.200000000000000178 ) ) ;
#2238 = VECTOR ( 'NONE', #2854, 1000.000000000000000 ) ;
#2239 = CARTESIAN_POINT ( 'NONE',  ( -7.550000000000000711, -9.099999999999999645, -1.449999999999998179 ) ) ;
#2240 = CARTESIAN_POINT ( 'NONE',  ( 0.9999999999999995559, -5.099999999999999645, -1.750000000000000444 ) ) ;
#2241 = VERTEX_POINT ( 'NONE', #4235 ) ;
#2242 = LINE ( 'NONE', #3612, #3212 ) ;
#2243 = SURFACE_SIDE_STYLE ('',( #2052 ) ) ;
#2244 = VECTOR ( 'NONE', #2285, 1000.000000000000114 ) ;
#2245 = FILL_AREA_STYLE ('',( #8145 ) ) ;
#2246 = CARTESIAN_POINT ( 'NONE',  ( -5.218365111445065985, 5.881416799501193005, -2.000000000000009326 ) ) ;
#2247 = EDGE_LOOP ( 'NONE', ( #1458, #5181, #5078, #7230 ) ) ;
#2248 = CARTESIAN_POINT ( 'NONE',  ( 1.265884235648000677, 0.3895654489052695069, 3.200000000000000178 ) ) ;
#2249 = CARTESIAN_POINT ( 'NONE',  ( -6.359256945870946254, 0.1868347255909332261, 3.300000000000000266 ) ) ;
#2250 = CARTESIAN_POINT ( 'NONE',  ( -6.852382658423450401, -0.2813502882735539612, 3.300000000000000266 ) ) ;
#2251 = PRESENTATION_STYLE_ASSIGNMENT (( #6142 ) ) ;
#2252 = CARTESIAN_POINT ( 'NONE',  ( 8.530390170170544906, -0.09961101863847386662, 3.300000000000000711 ) ) ;
#2253 = EDGE_CURVE ( 'NONE', #8405, #3740, #8344, .T. ) ;
#2254 = CARTESIAN_POINT ( 'NONE',  ( 8.804430045895999868, -0.5302024331416020919, 3.200000000000000178 ) ) ;
#2255 = EDGE_LOOP ( 'NONE', ( #4443, #2732, #5142, #4792 ) ) ;
#2256 = CARTESIAN_POINT ( 'NONE',  ( 31.16742729670654199, 12.60184169908129093, -1.500000000000000444 ) ) ;
#2257 = VERTEX_POINT ( 'NONE', #3649 ) ;
#2258 =( LENGTH_UNIT ( ) NAMED_UNIT ( * ) SI_UNIT ( .MILLI., .METRE. ) );
#2259 = EDGE_CURVE ( 'NONE', #3740, #8405, #5261, .T. ) ;
#2260 = CARTESIAN_POINT ( 'NONE',  ( -7.126408001648371737, -0.2055152108809678024, 3.300000000000001599 ) ) ;
#2261 = DIRECTION ( 'NONE',  ( -1.000000000000000000, 0.000000000000000000, 0.000000000000000000 ) ) ;
#2262 = FILL_AREA_STYLE_COLOUR ( '', #3969 ) ;
#2263 = CARTESIAN_POINT ( 'NONE',  ( -5.218365111445065097, 5.881416799501193005, 1.572762873125089059E-15 ) ) ;
#2264 = CARTESIAN_POINT ( 'NONE',  ( -6.889602727942898852, -0.2504615528896942944, 3.200000000000001066 ) ) ;
#2265 = CARTESIAN_POINT ( 'NONE',  ( 30.67502342020044992, 12.51501761024782589, -1.999999999999991340 ) ) ;
#2266 = VERTEX_POINT ( 'NONE', #3529 ) ;
#2267 = CARTESIAN_POINT ( 'NONE',  ( -8.036619688310116416, -0.1433069021585726133, 3.200000000000002398 ) ) ;
#2268 = CARTESIAN_POINT ( 'NONE',  ( 1.172933716338959043, -0.2949274556347796783, 3.200000000000001510 ) ) ;
#2269 = CARTESIAN_POINT ( 'NONE',  ( 2.126902151243899475, 0.04480595572570830049, 3.200000000000000178 ) ) ;
#2270 = ORIENTED_EDGE ( 'NONE', *, *, #7025, .T. ) ;
#2271 = SURFACE_STYLE_USAGE ( .BOTH. , #8540 ) ;
#2272 = LINE ( 'NONE', #7225, #4533 ) ;
#2273 = EDGE_CURVE ( 'NONE', #4151, #3640, #6961, .T. ) ;
#2274 =( LENGTH_UNIT ( ) NAMED_UNIT ( * ) SI_UNIT ( .MILLI., .METRE. ) );
#2275 = PLANE ( 'NONE',  #7627 ) ;
#2276 = ORIENTED_EDGE ( 'NONE', *, *, #5140, .T. ) ;
#2277 = EDGE_CURVE ( 'NONE', #5348, #8042, #9063, .T. ) ;
#2278 =( NAMED_UNIT ( * ) PLANE_ANGLE_UNIT ( ) SI_UNIT ( $, .RADIAN. ) );
#2279 = CARTESIAN_POINT ( 'NONE',  ( 9.258577563363720841, -0.3662656045617531109, 3.200000000000000178 ) ) ;
#2280 = CARTESIAN_POINT ( 'NONE',  ( -7.422728417490787933, -0.2066882901882803603, 3.200000000000000178 ) ) ;
#2281 = EDGE_LOOP ( 'NONE', ( #6914, #296, #4323, #2597 ) ) ;
#2282 = PRESENTATION_STYLE_ASSIGNMENT (( #9070 ) ) ;
#2283 =( LENGTH_UNIT ( ) NAMED_UNIT ( * ) SI_UNIT ( .MILLI., .METRE. ) );
#2284 = DIRECTION ( 'NONE',  ( -0.000000000000000000, -0.000000000000000000, 1.000000000000000000 ) ) ;
#2285 = DIRECTION ( 'NONE',  ( -0.1666805692401607530, 0.9860109471186290220, 0.000000000000000000 ) ) ;
#2286 = CARTESIAN_POINT ( 'NONE',  ( 1.824755316220697088, 0.2633085497810983555, 3.199999999999999734 ) ) ;
#2287 = PRESENTATION_STYLE_ASSIGNMENT (( #8554 ) ) ;
#2288 = VERTEX_POINT ( 'NONE', #8455 ) ;
#2289 = CARTESIAN_POINT ( 'NONE',  ( 1.116325117563392366, 0.1648621580501563322, 3.300000000000000266 ) ) ;
#2290 = CARTESIAN_POINT ( 'NONE',  ( -6.483023756766457701, 0.3015013959391053544, 3.299999999999998934 ) ) ;
#2291 = CARTESIAN_POINT ( 'NONE',  ( 0.1153846153846153910, -0.5059671363421265333, 3.299999999999999822 ) ) ;
#2292 =( GEOMETRIC_REPRESENTATION_CONTEXT ( 3 ) GLOBAL_UNCERTAINTY_ASSIGNED_CONTEXT ( ( #5317 ) ) GLOBAL_UNIT_ASSIGNED_CONTEXT ( ( #3072, #2433, #979 ) ) REPRESENTATION_CONTEXT ( 'NONE', 'WORKASPACE' ) );
#2293 = MECHANICAL_DESIGN_GEOMETRIC_PRESENTATION_REPRESENTATION (  '', ( #8284 ), #4325 ) ;
#2294 = CARTESIAN_POINT ( 'NONE',  ( 8.525544374357101773, -0.07674748960075698789, 3.199999999999999289 ) ) ;
#2295 = ORIENTED_EDGE ( 'NONE', *, *, #6746, .T. ) ;
#2296 = MECHANICAL_DESIGN_GEOMETRIC_PRESENTATION_REPRESENTATION (  '', ( #9029 ), #7125 ) ;
#2297 = CARTESIAN_POINT ( 'NONE',  ( -8.239344644397224471, 0.03229570314341996540, 3.200000000000001510 ) ) ;
#2299 = EDGE_CURVE ( 'NONE', #2905, #7060, #650, .T. ) ;
#2298 = MECHANICAL_DESIGN_GEOMETRIC_PRESENTATION_REPRESENTATION (  '', ( #2154 ), #4630 ) ;
#2300 = VERTEX_POINT ( 'NONE', #825 ) ;
#2301 = CARTESIAN_POINT ( 'NONE',  ( -7.986322600831810448, 0.2158508372157389998, 3.300000000000000711 ) ) ;
#2302 = DIRECTION ( 'NONE',  ( -0.000000000000000000, -0.000000000000000000, 1.000000000000000000 ) ) ;
#2303 = CARTESIAN_POINT ( 'NONE',  ( -6.976526390668911226, -0.4125266055452846969, 3.300000000000000266 ) ) ;
#2304 = ADVANCED_FACE ( 'NONE', ( #4924 ), #2141, .F. ) ;
#2305 = FACE_OUTER_BOUND ( 'NONE', #399, .T. ) ;
#2306 = VECTOR ( 'NONE', #1790, 1000.000000000000000 ) ;
#2307 = CARTESIAN_POINT ( 'NONE',  ( -6.870250721453914799, -0.2668699378461330540, 3.200000000000000622 ) ) ;
#2308 = MECHANICAL_DESIGN_GEOMETRIC_PRESENTATION_REPRESENTATION (  '', ( #2753 ), #7727 ) ;
#2309 = CARTESIAN_POINT ( 'NONE',  ( 0.9999999999999997780, -9.099999999999999645, -1.750000000000000444 ) ) ;
#2310 = UNCERTAINTY_MEASURE_WITH_UNIT (LENGTH_MEASURE( 1.000000000000000082E-05 ), #7697, 'distance_accuracy_value', 'NONE');
#2311 = VERTEX_POINT ( 'NONE', #7729 ) ;
#2312 = CARTESIAN_POINT ( 'NONE',  ( -7.965819012406942790, -0.2543802362555004359, 3.199999999999999734 ) ) ;
#2313 = VECTOR ( 'NONE', #1447, 1000.000000000000000 ) ;
#2314 = CARTESIAN_POINT ( 'NONE',  ( 1.109726817173985580, -0.1581913680433307545, 3.199999999999998845 ) ) ;
#2315 = VECTOR ( 'NONE', #401, 1000.000000000000000 ) ;
#2316 = FACE_OUTER_BOUND ( 'NONE', #7558, .T. ) ;
#2317 = ORIENTED_EDGE ( 'NONE', *, *, #8958, .F. ) ;
#2318 = DIRECTION ( 'NONE',  ( -0.000000000000000000, -0.000000000000000000, 1.000000000000000000 ) ) ;
#2319 = CARTESIAN_POINT ( 'NONE',  ( 1.317009143217589440, -0.4445046030591507935, 3.299999999999999378 ) ) ;
#2320 = CARTESIAN_POINT ( 'NONE',  ( -7.136331184542781259, 0.1648621580501562212, 3.200000000000000622 ) ) ;
#2321 = CARTESIAN_POINT ( 'NONE',  ( 8.421282663062326534, -0.3050528996669285564, 3.299999999999999378 ) ) ;
#2322 =( NAMED_UNIT ( * ) SI_UNIT ( $, .STERADIAN. ) SOLID_ANGLE_UNIT ( ) );
#2323 = CARTESIAN_POINT ( 'NONE',  ( 8.566135073096827313, 0.4308291787863751110, 3.300000000000000711 ) ) ;
#2324 = PLANE ( 'NONE',  #5807 ) ;
#2325 = AXIS2_PLACEMENT_3D ( 'NONE', #7015, #2197, #8513 ) ;
#2326 = ORIENTED_EDGE ( 'NONE', *, *, #8890, .F. ) ;
#2327 = DIRECTION ( 'NONE',  ( -0.3110687615652540372, 0.9503874081543058905, 0.000000000000000000 ) ) ;
#2328 = CARTESIAN_POINT ( 'NONE',  ( -6.239539820328943165, -0.3417455459945946128, 3.299999999999998934 ) ) ;
#2329 = CARTESIAN_POINT ( 'NONE',  ( 2.107809044299374879, -0.1638376451012790724, 3.299999999999998934 ) ) ;
#2330 = EDGE_LOOP ( 'NONE', ( #2326, #5742, #3025, #1819 ) ) ;
#2332 = MECHANICAL_DESIGN_GEOMETRIC_PRESENTATION_REPRESENTATION (  '', ( #9061 ), #253 ) ;
#2331 = CARTESIAN_POINT ( 'NONE',  ( -5.270459564745143766, 6.176859125404855710, 1.572762873125089059E-15 ) ) ;
#2333 = CARTESIAN_POINT ( 'NONE',  ( -1.163134470188450287, 6.596463374550425307, -2.000000000000007105 ) ) ;
#2334 = SURFACE_STYLE_FILL_AREA ( #196 ) ;
#2335 = CARTESIAN_POINT ( 'NONE',  ( 8.520116716172024596, -0.02877474711494829376, 3.199999999999999734 ) ) ;
#2336 = CARTESIAN_POINT ( 'NONE',  ( -6.317389159858105785, 0.09618413066264076827, 3.200000000000000178 ) ) ;
#2337 = CARTESIAN_POINT ( 'NONE',  ( 1.599415991648777569, 0.5195198494354128504, 3.200000000000000178 ) ) ;
#2338 = SURFACE_SIDE_STYLE ('',( #8466 ) ) ;
#2339 = PRESENTATION_STYLE_ASSIGNMENT (( #5170 ) ) ;
#2340 = SURFACE_STYLE_FILL_AREA ( #5253 ) ;
#2341 = STYLED_ITEM ( 'NONE', ( #3707 ), #2975 ) ;
#2342 = AXIS2_PLACEMENT_3D ( 'NONE', #1700, #6581, #5053 ) ;
#2343 = CARTESIAN_POINT ( 'NONE',  ( 8.745560429821276571, -0.3349552886624452830, 3.300000000000000266 ) ) ;
#2344 = STYLED_ITEM ( 'NONE', ( #320 ), #7003 ) ;
#2345 =( LENGTH_UNIT ( ) NAMED_UNIT ( * ) SI_UNIT ( .MILLI., .METRE. ) );
#2346 = VERTEX_POINT ( 'NONE', #2237 ) ;
#2347 = CARTESIAN_POINT ( 'NONE',  ( -8.174083667289398392, 0.2618354114071759775, 3.299999999999998934 ) ) ;
#2348 = COLOUR_RGB ( '',0.2509803921568627416, 0.2509803921568627416, 0.2509803921568627416 ) ;
#2349 = AXIS2_PLACEMENT_3D ( 'NONE', #1068, #1633, #3127 ) ;
#2350 = ORIENTED_EDGE ( 'NONE', *, *, #7417, .T. ) ;
#2351 = DIRECTION ( 'NONE',  ( -4.872818752743842964E-17, 1.000000000000000000, 0.000000000000000000 ) ) ;
#2352 = MECHANICAL_DESIGN_GEOMETRIC_PRESENTATION_REPRESENTATION (  '', ( #6303 ), #7749 ) ;
#2353 = CARTESIAN_POINT ( 'NONE',  ( -8.174083667289398392, 0.2618354114071759775, 3.299999999999998934 ) ) ;
#2354 = FACE_OUTER_BOUND ( 'NONE', #1528, .T. ) ;
#2355 = CARTESIAN_POINT ( 'NONE',  ( -7.717800532875402908, 0.5196738892988990166, 3.200000000000000178 ) ) ;
#2356 = CARTESIAN_POINT ( 'NONE',  ( 1.089896105740101540, 0.006262006257287179058, 3.200000000000000178 ) ) ;
#2357 = VECTOR ( 'NONE', #2664, 1000.000000000000000 ) ;
#2358 = LINE ( 'NONE', #5829, #8948 ) ;
#2359 = VECTOR ( 'NONE', #2327, 1000.000000000000227 ) ;
#2360 = PLANE ( 'NONE',  #8154 ) ;
#2361 = VECTOR ( 'NONE', #734, 1000.000000000000000 ) ;
#2362 = ORIENTED_EDGE ( 'NONE', *, *, #4438, .T. ) ;
#2363 = CARTESIAN_POINT ( 'NONE',  ( -7.876128029656249474, -0.3180292644309252736, 3.200000000000001066 ) ) ;
#2364 = CARTESIAN_POINT ( 'NONE',  ( 2.091038460343110916, 0.1956724497542846053, 3.299999999999998934 ) ) ;
#2365 = EDGE_LOOP ( 'NONE', ( #8536, #3425, #1939, #8988 ) ) ;
#2366 = CARTESIAN_POINT ( 'NONE',  ( 0.9102564102564103532, -0.5059671363421265333, 3.299999999999999822 ) ) ;
#2367 = CARTESIAN_POINT ( 'NONE',  ( 2.069164845640369954, 0.2415404013487021384, 3.300000000000000711 ) ) ;
#2368 = CARTESIAN_POINT ( 'NONE',  ( -7.153549294649868884, 0.09876229304471614845, 3.200000000000000622 ) ) ;
#2369 = CARTESIAN_POINT ( 'NONE',  ( -6.161225506031686727, -0.2115733426068733269, 3.300000000000001155 ) ) ;
#2370 = DIRECTION ( 'NONE',  ( 0.000000000000000000, -0.000000000000000000, 1.000000000000000000 ) ) ;
#2371 =( NAMED_UNIT ( * ) SI_UNIT ( $, .STERADIAN. ) SOLID_ANGLE_UNIT ( ) );
#2372 =( GEOMETRIC_REPRESENTATION_CONTEXT ( 3 ) GLOBAL_UNCERTAINTY_ASSIGNED_CONTEXT ( ( #4024 ) ) GLOBAL_UNIT_ASSIGNED_CONTEXT ( ( #1294, #783, #9067 ) ) REPRESENTATION_CONTEXT ( 'NONE', 'WORKASPACE' ) );
#2373 = EDGE_CURVE ( 'NONE', #5428, #6077, #7813, .T. ) ;
#2374 = CARTESIAN_POINT ( 'NONE',  ( -6.132958777110523840, -0.1140827936509006962, 3.199999999999999734 ) ) ;
#2375 = ORIENTED_EDGE ( 'NONE', *, *, #2143, .T. ) ;
#2376 =( GEOMETRIC_REPRESENTATION_CONTEXT ( 3 ) GLOBAL_UNCERTAINTY_ASSIGNED_CONTEXT ( ( #2310 ) ) GLOBAL_UNIT_ASSIGNED_CONTEXT ( ( #7697, #3446, #3829 ) ) REPRESENTATION_CONTEXT ( 'NONE', 'WORKASPACE' ) );
#2377 = CARTESIAN_POINT ( 'NONE',  ( 1.949127501097537186E-16, -9.099999999999999645, 1.449999999999998401 ) ) ;
#2378 = CARTESIAN_POINT ( 'NONE',  ( -6.353602620945298263, -0.4467355914999334154, 3.300000000000001599 ) ) ;
#2379 = CARTESIAN_POINT ( 'NONE',  ( 2.119697524995645566, -0.1140827936509005436, 3.299999999999998490 ) ) ;
#2380 = STYLED_ITEM ( 'NONE', ( #8125 ), #4619 ) ;
#2381 = ORIENTED_EDGE ( 'NONE', *, *, #4290, .T. ) ;
#2382 = PLANE ( 'NONE',  #4522 ) ;
#2383 = CARTESIAN_POINT ( 'NONE',  ( -4.339245099318376206E-16, -9.099999999999999645, -1.449999999999998179 ) ) ;
#2384 = CARTESIAN_POINT ( 'NONE',  ( -8.022950155814214668, 0.1601887144121016127, 3.200000000000000178 ) ) ;
#2385 = CARTESIAN_POINT ( 'NONE',  ( 8.812029198604950153, -0.3494713964019973695, 3.200000000000000178 ) ) ;
#2386 = FILL_AREA_STYLE ('',( #8651 ) ) ;
#2387 = VECTOR ( 'NONE', #4141, 1000.000000000000000 ) ;
#2388 = AXIS2_PLACEMENT_3D ( 'NONE', #3021, #8704, #8746 ) ;
#2389 = CARTESIAN_POINT ( 'NONE',  ( -7.014666300838499957, -0.3763440889549815038, 3.299999999999998934 ) ) ;
#2390 = LINE ( 'NONE', #6551, #1245 ) ;
#2391 = MECHANICAL_DESIGN_GEOMETRIC_PRESENTATION_REPRESENTATION (  '', ( #3823 ), #441 ) ;
#2392 = LINE ( 'NONE', #5950, #6623 ) ;
#2393 = CARTESIAN_POINT ( 'NONE',  ( 1.924575925103629181, -0.1413161872227507443, 3.300000000000000266 ) ) ;
#2394 = CARTESIAN_POINT ( 'NONE',  ( -7.576595270978131680, -0.5156567323843216366, 3.299999999999998490 ) ) ;
#2395 = VECTOR ( 'NONE', #6507, 1000.000000000000000 ) ;
#2396 = ADVANCED_FACE ( 'NONE', ( #188 ), #1565, .F. ) ;
#2397 = CARTESIAN_POINT ( 'NONE',  ( 8.586304853159571593, -0.2211933102414292418, 3.299999999999999378 ) ) ;
#2398 = EDGE_CURVE ( 'NONE', #6794, #5674, #7279, .T. ) ;
#2399 = CARTESIAN_POINT ( 'NONE',  ( -6.967038234393490015, -0.1247365237899442508, 3.200000000000000178 ) ) ;
#2400 = ORIENTED_EDGE ( 'NONE', *, *, #1429, .F. ) ;
#2401 =( LENGTH_UNIT ( ) NAMED_UNIT ( * ) SI_UNIT ( .MILLI., .METRE. ) );
#2402 = CARTESIAN_POINT ( 'NONE',  ( 8.573924775514266017, 0.1888369438955765367, 3.199999999999999289 ) ) ;
#2403 = FILL_AREA_STYLE_COLOUR ( '', #4998 ) ;
#2404 = SURFACE_SIDE_STYLE ('',( #7934 ) ) ;
#2405 = CARTESIAN_POINT ( 'NONE',  ( -6.983425532875402908, -0.007970341470331657879, 3.200000000000000178 ) ) ;
#2406 = UNCERTAINTY_MEASURE_WITH_UNIT (LENGTH_MEASURE( 1.000000000000000082E-05 ), #4147, 'distance_accuracy_value', 'NONE');
#2407 = ORIENTED_EDGE ( 'NONE', *, *, #2670, .F. ) ;
#2408 = EDGE_CURVE ( 'NONE', #6213, #1810, #4095, .T. ) ;
#2409 = EDGE_CURVE ( 'NONE', #6818, #8959, #7993, .T. ) ;
#2410 = SURFACE_SIDE_STYLE ('',( #176 ) ) ;
#2411 =( LENGTH_UNIT ( ) NAMED_UNIT ( * ) SI_UNIT ( .MILLI., .METRE. ) );
#2412 = ORIENTED_EDGE ( 'NONE', *, *, #1358, .T. ) ;
#2413 = CARTESIAN_POINT ( 'NONE',  ( -7.422728417490787933, 0.1947540175040272936, 3.299999999999999822 ) ) ;
#2414 = CARTESIAN_POINT ( 'NONE',  ( 1.662688136830053232, 0.5183350099680890111, 3.299999999999999378 ) ) ;
#2415 = CARTESIAN_POINT ( 'NONE',  ( -7.075800529049127263, 0.2876943200368990983, 3.200000000000000178 ) ) ;
#2416 = CARTESIAN_POINT ( 'NONE',  ( -7.162912712362582646, -0.005566495316485452725, 3.299999999999999822 ) ) ;
#2417 = CARTESIAN_POINT ( 'NONE',  ( 2.013116481777227573, -0.3417455459945946128, 3.200000000000000178 ) ) ;
#2418 = CARTESIAN_POINT ( 'NONE',  ( 8.691345368131774052, 0.4923525469145172972, 3.199999999999999734 ) ) ;
#2419 = CARTESIAN_POINT ( 'NONE',  ( -7.773397561847749770, 3.095414434572325124, -3.225865870174752856E-15 ) ) ;
#2420 = CARTESIAN_POINT ( 'NONE',  ( -5.679539314926684845, 0.4940328636578734667, 3.299999999999999822 ) ) ;
#2421 = VERTEX_POINT ( 'NONE', #4419 ) ;
#2422 = CARTESIAN_POINT ( 'NONE',  ( -7.657753045403851822, 0.5167158220057406215, 3.300000000000000266 ) ) ;
#2423 =( NAMED_UNIT ( * ) PLANE_ANGLE_UNIT ( ) SI_UNIT ( $, .RADIAN. ) );
#2424 = ORIENTED_EDGE ( 'NONE', *, *, #6565, .T. ) ;
#2425 = DIRECTION ( 'NONE',  ( 1.000000000000000000, 0.000000000000000000, 0.000000000000000000 ) ) ;
#2426 = CARTESIAN_POINT ( 'NONE',  ( 3.699999999999998401, -2.700000000000003286, -3.200000000000000178 ) ) ;
#2427 =( NAMED_UNIT ( * ) SI_UNIT ( $, .STERADIAN. ) SOLID_ANGLE_UNIT ( ) );
#2428 = CARTESIAN_POINT ( 'NONE',  ( 1.269230769230769162, -0.007970341470331657879, 3.299999999999999822 ) ) ;
#2429 = SURFACE_STYLE_USAGE ( .BOTH. , #3161 ) ;
#2430 = CARTESIAN_POINT ( 'NONE',  ( -6.729806525875980938, -0.3417680260609263221, 3.299999999999998934 ) ) ;
#2431 = CARTESIAN_POINT ( 'NONE',  ( -7.374386749240819050, -0.4118328890935196718, 3.299999999999999378 ) ) ;
#2432 = EDGE_CURVE ( 'NONE', #8135, #2791, #7231, .T. ) ;
#2433 =( NAMED_UNIT ( * ) PLANE_ANGLE_UNIT ( ) SI_UNIT ( $, .RADIAN. ) );
#2434 = CARTESIAN_POINT ( 'NONE',  ( -6.870250721453914799, -0.2668699378461330540, 3.300000000000000266 ) ) ;
#2435 = CARTESIAN_POINT ( 'NONE',  ( 1.106881317677204546, 0.1321026973104380275, 3.200000000000000178 ) ) ;
#2436 = ORIENTED_EDGE ( 'NONE', *, *, #7702, .T. ) ;
#2437 = LINE ( 'NONE', #7420, #8745 ) ;
#2438 = CARTESIAN_POINT ( 'NONE',  ( -8.014043926521738470, 0.4308291787863750555, 3.300000000000000266 ) ) ;
#2439 = LINE ( 'NONE', #3211, #131 ) ;
#2440 = CARTESIAN_POINT ( 'NONE',  ( 1.089743589743589869, -0.005566495316485452725, 3.200000000000000178 ) ) ;
#2441 = CARTESIAN_POINT ( 'NONE',  ( -6.303938353388223170, -0.006568097880588056638, 3.299999999999999822 ) ) ;
#2442 = SURFACE_STYLE_USAGE ( .BOTH. , #8674 ) ;
#2443 = AXIS2_PLACEMENT_3D ( 'NONE', #6836, #6697, #525 ) ;
#2444 = PRESENTATION_LAYER_ASSIGNMENT (  '', '', ( #8284 ) ) ;
#2445 = EDGE_CURVE ( 'NONE', #4457, #4268, #275, .T. ) ;
#2446 = ORIENTED_EDGE ( 'NONE', *, *, #7980, .F. ) ;
#2447 =( LENGTH_UNIT ( ) NAMED_UNIT ( * ) SI_UNIT ( .MILLI., .METRE. ) );
#2448 = CARTESIAN_POINT ( 'NONE',  ( 8.562377839854853789, -0.1841499302143287109, 3.299999999999999822 ) ) ;
#2449 = VERTEX_POINT ( 'NONE', #3780 ) ;
#2450 = FILL_AREA_STYLE ('',( #7223 ) ) ;
#2451 = CARTESIAN_POINT ( 'NONE',  ( 1.454295036635605776, -0.5108535960611811921, 3.299999999999999378 ) ) ;
#2452 = COLOUR_RGB ( '',0.2509803921568627416, 0.2509803921568627416, 0.2509803921568627416 ) ;
#2453 = CARTESIAN_POINT ( 'NONE',  ( 10.14999999999999858, 4.599999999999998757, 3.200000000000000178 ) ) ;
#2454 = CARTESIAN_POINT ( 'NONE',  ( -6.124451173901044321, -0.008971944034434263526, 3.299999999999999822 ) ) ;
#2455 = CARTESIAN_POINT ( 'NONE',  ( -7.379933144938541467, 0.4052890225392918322, 3.199999999999998401 ) ) ;
#2456 = CARTESIAN_POINT ( 'NONE',  ( 8.511479910568041873, 0.3896584085384152130, 3.199999999999999734 ) ) ;
#2457 = CARTESIAN_POINT ( 'NONE',  ( 0.9102564102564103532, -0.5059671363421265333, 3.200000000000000178 ) ) ;
#2458 = MECHANICAL_DESIGN_GEOMETRIC_PRESENTATION_REPRESENTATION (  '', ( #1248 ), #961 ) ;
#2459 = DIRECTION ( 'NONE',  ( -0.3109000917920075602, 0.9504425984370236113, 0.000000000000000000 ) ) ;
#2460 = ORIENTED_EDGE ( 'NONE', *, *, #8958, .T. ) ;
#2461 = CARTESIAN_POINT ( 'NONE',  ( -6.671156992488842974, -0.3514494753323376131, 3.199999999999998845 ) ) ;
#2462 = CARTESIAN_POINT ( 'NONE',  ( -6.274453921627017650, -0.3805210781954629917, 3.300000000000000266 ) ) ;
#2463 = DIRECTION ( 'NONE',  ( 0.000000000000000000, -0.000000000000000000, 1.000000000000000000 ) ) ;
#2464 = EDGE_CURVE ( 'NONE', #5092, #2579, #1659, .T. ) ;
#2465 = ORIENTED_EDGE ( 'NONE', *, *, #2523, .F. ) ;
#2466 = CARTESIAN_POINT ( 'NONE',  ( 1.611778846153846256, -0.3521209824959727341, 3.299999999999999822 ) ) ;
#2467 = DIRECTION ( 'NONE',  ( -3.576749435003726573E-16, 1.000000000000000000, 0.000000000000000000 ) ) ;
#2468 = DIRECTION ( 'NONE',  ( 0.7242151583988499786, 0.6895740745890384105, -0.000000000000000000 ) ) ;
#2469 = MECHANICAL_DESIGN_GEOMETRIC_PRESENTATION_REPRESENTATION (  '', ( #5371 ), #2017 ) ;
#2470 = CARTESIAN_POINT ( 'NONE',  ( -6.976526390668911226, -0.4125266055452846969, 3.300000000000000266 ) ) ;
#2471 = CARTESIAN_POINT ( 'NONE',  ( 1.392227564102564097, -0.2751979055728958068, 3.199999999999999734 ) ) ;
#2472 = EDGE_CURVE ( 'NONE', #8998, #5348, #4639, .T. ) ;
#2473 =( GEOMETRIC_REPRESENTATION_CONTEXT ( 3 ) GLOBAL_UNCERTAINTY_ASSIGNED_CONTEXT ( ( #4848 ) ) GLOBAL_UNIT_ASSIGNED_CONTEXT ( ( #2707, #1913, #2006 ) ) REPRESENTATION_CONTEXT ( 'NONE', 'WORKASPACE' ) );
#2474 = EDGE_LOOP ( 'NONE', ( #8474, #889, #6417, #7007 ) ) ;
#2475 = CARTESIAN_POINT ( 'NONE',  ( -7.710451716398075916, -0.5315127002847459536, 3.199999999999999734 ) ) ;
#2476 = CARTESIAN_POINT ( 'NONE',  ( 1.850580960733018809, -0.2529059731346394169, 3.200000000000000178 ) ) ;
#2477 = CARTESIAN_POINT ( 'NONE',  ( 1.593988254756661060, -0.5311913691742899957, 3.200000000000000622 ) ) ;
#2478 = DIRECTION ( 'NONE',  ( -0.000000000000000000, -0.000000000000000000, -1.000000000000000000 ) ) ;
#2479 = STYLED_ITEM ( 'NONE', ( #3862 ), #1457 ) ;
#2480 = CARTESIAN_POINT ( 'NONE',  ( -6.976621768688304748, -0.08772791109500198414, 3.299999999999999378 ) ) ;
#2481 = CARTESIAN_POINT ( 'NONE',  ( -8.093382990751626593, 0.3669594232943545475, 3.299999999999999378 ) ) ;
#2482 = ORIENTED_EDGE ( 'NONE', *, *, #8485, .F. ) ;
#2483 = PRESENTATION_LAYER_ASSIGNMENT (  '', '', ( #2914 ) ) ;
#2484 = SURFACE_STYLE_USAGE ( .BOTH. , #6056 ) ;
#2485 = STYLED_ITEM ( 'NONE', ( #3051 ), #1731 ) ;
#2486 = CARTESIAN_POINT ( 'NONE',  ( -7.729625432774122729, 0.5194102690144176693, 3.299999999999999378 ) ) ;
#2487 = CARTESIAN_POINT ( 'NONE',  ( -3.300000000000000711, -2.700000000000002842, -3.200000000000000178 ) ) ;
#2488 = SURFACE_STYLE_FILL_AREA ( #3928 ) ;
#2489 = LINE ( 'NONE', #3929, #4990 ) ;
#2490 = PRESENTATION_LAYER_ASSIGNMENT (  '', '', ( #4668 ) ) ;
#2491 = UNCERTAINTY_MEASURE_WITH_UNIT (LENGTH_MEASURE( 1.000000000000000082E-05 ), #1934, 'distance_accuracy_value', 'NONE');
#2492 = PRESENTATION_LAYER_ASSIGNMENT (  '', '', ( #1131 ) ) ;
#2493 = ORIENTED_EDGE ( 'NONE', *, *, #7606, .F. ) ;
#2494 = MECHANICAL_DESIGN_GEOMETRIC_PRESENTATION_REPRESENTATION (  '', ( #5408 ), #6004 ) ;
#2495 = CARTESIAN_POINT ( 'NONE',  ( 8.344265145899118608, 0.06818793015636749610, 3.299999999999999378 ) ) ;
#2496 = COLOUR_RGB ( '',0.2509803921568627416, 0.2509803921568627416, 0.2509803921568627416 ) ;
#2497 = PRESENTATION_LAYER_ASSIGNMENT (  '', '', ( #4233 ) ) ;
#2498 = PRESENTATION_STYLE_ASSIGNMENT (( #3273 ) ) ;
#2499 = CARTESIAN_POINT ( 'NONE',  ( -6.353602620945298263, -0.4467355914999334154, 3.300000000000001599 ) ) ;
#2500 = CARTESIAN_POINT ( 'NONE',  ( 1.856256448858277786, -0.4730185636342644218, 3.199999999999999734 ) ) ;
#2501 = CARTESIAN_POINT ( 'NONE',  ( -6.304244128156404336, -0.01853698339026317587, 3.200000000000000178 ) ) ;
#2502 = AXIS2_PLACEMENT_3D ( 'NONE', #45, #2318, #5007 ) ;
#2503 = CARTESIAN_POINT ( 'NONE',  ( -4.868040917490787045, -0.5059671363421265333, 3.299999999999999822 ) ) ;
#2504 = VECTOR ( 'NONE', #524, 1000.000000000000000 ) ;
#2505 = VECTOR ( 'NONE', #8641, 1000.000000000000114 ) ;
#2506 = VERTEX_POINT ( 'NONE', #1227 ) ;
#2507 = CARTESIAN_POINT ( 'NONE',  ( -6.396399853247894285, -0.4730185636342642552, 3.299999999999999378 ) ) ;
#2508 = MECHANICAL_DESIGN_GEOMETRIC_PRESENTATION_REPRESENTATION (  '', ( #8652 ), #6014 ) ;
#2509 = VERTEX_POINT ( 'NONE', #589 ) ;
#2510 = FACE_OUTER_BOUND ( 'NONE', #1134, .T. ) ;
#2511 = CARTESIAN_POINT ( 'NONE',  ( -6.806240812219338743, 0.3021718888387588398, 3.199999999999999289 ) ) ;
#2513 = COLOUR_RGB ( '',0.2509803921568627416, 0.2509803921568627416, 0.2509803921568627416 ) ;
#2512 = CARTESIAN_POINT ( 'NONE',  ( 8.536449885471338206, -0.1217338719146446591, 3.200000000000000178 ) ) ;
#2514 = CARTESIAN_POINT ( 'NONE',  ( 1.494844320603884169, -0.3332738282322757484, 3.199999999999998401 ) ) ;
#2515 = VECTOR ( 'NONE', #930, 1000.000000000000000 ) ;
#2516 = CARTESIAN_POINT ( 'NONE',  ( -6.317389159858105785, 0.09618413066264076827, 3.299999999999999822 ) ) ;
#2517 = ORIENTED_EDGE ( 'NONE', *, *, #7530, .T. ) ;
#2518 = CARTESIAN_POINT ( 'NONE',  ( -9.650000000000002132, 5.099999999999999645, -3.200000000000000178 ) ) ;
#2519 = VECTOR ( 'NONE', #7610, 1000.000000000000000 ) ;
#2520 = EDGE_LOOP ( 'NONE', ( #8247, #2858, #3148, #4928 ) ) ;
#2521 = CARTESIAN_POINT ( 'NONE',  ( -7.348010711306453224, -0.3902659293025291243, 3.200000000000000622 ) ) ;
#2522 = CARTESIAN_POINT ( 'NONE',  ( -7.724811750824120971, 0.3401867098117196120, 3.299999999999999822 ) ) ;
#2523 = EDGE_CURVE ( 'NONE', #608, #5788, #4787, .T. ) ;
#2524 = CARTESIAN_POINT ( 'NONE',  ( -7.660653521456484150, -0.5292175802107366156, 3.300000000000001155 ) ) ;
#2525 = STYLED_ITEM ( 'NONE', ( #1946 ), #8525 ) ;
#2526 = FILL_AREA_STYLE ('',( #3202 ) ) ;
#2527 = COLOUR_RGB ( '',0.2509803921568627416, 0.2509803921568627416, 0.2509803921568627416 ) ;
#2528 =( GEOMETRIC_REPRESENTATION_CONTEXT ( 3 ) GLOBAL_UNCERTAINTY_ASSIGNED_CONTEXT ( ( #7344 ) ) GLOBAL_UNIT_ASSIGNED_CONTEXT ( ( #244, #3065, #288 ) ) REPRESENTATION_CONTEXT ( 'NONE', 'WORKASPACE' ) );
#2529 = CARTESIAN_POINT ( 'NONE',  ( -8.014043926521738470, 0.4308291787863750555, 3.200000000000002842 ) ) ;
#2530 = VERTEX_POINT ( 'NONE', #6074 ) ;
#2531 = COLOUR_RGB ( '',0.2509803921568627416, 0.2509803921568627416, 0.2509803921568627416 ) ;
#2532 = FILL_AREA_STYLE ('',( #8667 ) ) ;
#2533 = CARTESIAN_POINT ( 'NONE',  ( -8.060348609798481334, -0.003963931213921352385, 3.300000000000000266 ) ) ;
#2534 = CARTESIAN_POINT ( 'NONE',  ( 1.623278575923173150, -0.3518043582883352283, 3.299999999999999822 ) ) ;
#2535 = FILL_AREA_STYLE ('',( #8809 ) ) ;
#2536 = EDGE_CURVE ( 'NONE', #8127, #3598, #4429, .T. ) ;
#2537 = CARTESIAN_POINT ( 'NONE',  ( 1.366561661804848615, 0.2422483537722804892, 3.300000000000000711 ) ) ;
#2538 = COLOUR_RGB ( '',1.000000000000000000, 0.000000000000000000, 0.000000000000000000 ) ;
#2539 = EDGE_LOOP ( 'NONE', ( #5941, #5685, #3165, #713, #4558, #7756, #6169, #1229, #4800, #4281 ) ) ;
#2540 = EDGE_CURVE ( 'NONE', #1774, #5803, #3650, .T. ) ;
#2541 = CARTESIAN_POINT ( 'NONE',  ( 8.377155037600612530, 0.2015449924610271393, 3.299999999999999822 ) ) ;
#2542 = SURFACE_SIDE_STYLE ('',( #3419 ) ) ;
#2543 = CARTESIAN_POINT ( 'NONE',  ( -8.057538795995480285, -0.4186946399918629047, 3.300000000000000266 ) ) ;
#2544 = CARTESIAN_POINT ( 'NONE',  ( -6.182702416060185335, -0.2570586708335779735, 3.299999999999999378 ) ) ;
#2545 = EDGE_CURVE ( 'NONE', #6410, #118, #6715, .T. ) ;
#2546 = CARTESIAN_POINT ( 'NONE',  ( -6.328080377002540224, -0.1413161872227509663, 3.199999999999999734 ) ) ;
#2547 = ORIENTED_EDGE ( 'NONE', *, *, #8362, .T. ) ;
#2548 = DIRECTION ( 'NONE',  ( 0.000000000000000000, 0.000000000000000000, -1.000000000000000000 ) ) ;
#2549 = CARTESIAN_POINT ( 'NONE',  ( 2.069164845640369954, 0.2415404013487021384, 3.200000000000001066 ) ) ;
#2550 = FACE_OUTER_BOUND ( 'NONE', #1567, .T. ) ;
#2551 = ORIENTED_EDGE ( 'NONE', *, *, #1865, .T. ) ;
#2552 = SURFACE_STYLE_FILL_AREA ( #1988 ) ;
#2553 = CARTESIAN_POINT ( 'NONE',  ( -6.834479272489687673, 0.2853420351624346152, 3.200000000000001066 ) ) ;
#2554 = FACE_OUTER_BOUND ( 'NONE', #3674, .T. ) ;
#2555 = CARTESIAN_POINT ( 'NONE',  ( 9.258577563363720841, -0.3662656045617531109, 3.299999999999999822 ) ) ;
#2556 = CARTESIAN_POINT ( 'NONE',  ( 8.855367248794443924, 0.3401867098117196120, 3.299999999999999822 ) ) ;
#2557 = EDGE_CURVE ( 'NONE', #927, #4730, #6809, .T. ) ;
#2558 = CARTESIAN_POINT ( 'NONE',  ( -6.644483225183094532, 0.3401867098117196120, 3.299999999999999822 ) ) ;
#2559 = ORIENTED_EDGE ( 'NONE', *, *, #1494, .T. ) ;
#2560 = CARTESIAN_POINT ( 'NONE',  ( 1.382405580652259269, -0.2668699378461329430, 3.200000000000000622 ) ) ;
#2561 = CARTESIAN_POINT ( 'NONE',  ( -8.095022221448104460, -0.3841557640895613135, 3.299999999999999822 ) ) ;
#2562 = CARTESIAN_POINT ( 'NONE',  ( -7.550316632720260657, -0.5084839178479514388, 3.200000000000001510 ) ) ;
#2563 = CARTESIAN_POINT ( 'NONE',  ( 1.679147238939872722, -0.3465187200052114447, 3.200000000000000178 ) ) ;
#2564 = CARTESIAN_POINT ( 'NONE',  ( 8.758083801768847820, 0.5099912977391113378, 3.199999999999999734 ) ) ;
#2565 = CARTESIAN_POINT ( 'NONE',  ( 9.649999999999998579, 4.599999999999998757, 3.200000000000000178 ) ) ;
#2566 = CARTESIAN_POINT ( 'NONE',  ( -7.154583514214129636, -0.1089287785490045263, 3.200000000000000178 ) ) ;
#2567 = CYLINDRICAL_SURFACE ( 'NONE', #955, 0.7999999999999994893 ) ;
#2568 = FILL_AREA_STYLE_COLOUR ( '', #1568 ) ;
#2569 = DIRECTION ( 'NONE',  ( -0.000000000000000000, -0.000000000000000000, -1.000000000000000000 ) ) ;
#2570 = ORIENTED_EDGE ( 'NONE', *, *, #888, .T. ) ;
#2571 = CARTESIAN_POINT ( 'NONE',  ( 1.581499309617327098, -0.3514494753323377796, 3.299999999999999378 ) ) ;
#2572 = DIRECTION ( 'NONE',  ( 0.000000000000000000, -1.000000000000000000, 1.464680516996228136E-12 ) ) ;
#2573 = CARTESIAN_POINT ( 'NONE',  ( 10.14999999999999858, 4.599999999999998757, 3.200000000000000178 ) ) ;
#2574 = CARTESIAN_POINT ( 'NONE',  ( 1.948717948717948900, -0.006568097880588056638, 3.299999999999999822 ) ) ;
#2575 = DIRECTION ( 'NONE',  ( 1.000000000000000000, 0.000000000000000000, -0.000000000000000000 ) ) ;
#2576 = CARTESIAN_POINT ( 'NONE',  ( 9.157450582127777849, 0.1947540175040272936, 3.299999999999999822 ) ) ;
#2577 = UNCERTAINTY_MEASURE_WITH_UNIT (LENGTH_MEASURE( 1.000000000000000082E-05 ), #445, 'distance_accuracy_value', 'NONE');
#2578 = CARTESIAN_POINT ( 'NONE',  ( 1.619804788333903289, 0.3398615834816072767, 3.300000000000000711 ) ) ;
#2579 = VERTEX_POINT ( 'NONE', #8906 ) ;
#2580 = CARTESIAN_POINT ( 'NONE',  ( -7.710962225220055366, 0.3397814197328729025, 3.299999999999999822 ) ) ;
#2581 = CARTESIAN_POINT ( 'NONE',  ( -6.539489436970026937, 0.5109268450267249184, 3.199999999999999734 ) ) ;
#2582 =( GEOMETRIC_REPRESENTATION_CONTEXT ( 3 ) GLOBAL_UNCERTAINTY_ASSIGNED_CONTEXT ( ( #3215 ) ) GLOBAL_UNIT_ASSIGNED_CONTEXT ( ( #6890, #8756, #5409 ) ) REPRESENTATION_CONTEXT ( 'NONE', 'WORKASPACE' ) );
#2583 = MECHANICAL_DESIGN_GEOMETRIC_PRESENTATION_REPRESENTATION (  '', ( #1390 ), #4918 ) ;
#2584 = EDGE_LOOP ( 'NONE', ( #2085, #5777 ) ) ;
#2585 = CARTESIAN_POINT ( 'NONE',  ( 6.199999999999999289, -2.700000000000003286, 3.200000000000000178 ) ) ;
#2586 = COLOUR_RGB ( '',0.2509803921568627416, 0.2509803921568627416, 0.2509803921568627416 ) ;
#2587 = CARTESIAN_POINT ( 'NONE',  ( -6.588047475092809080, -0.5302281613738378807, 3.199999999999998845 ) ) ;
#2588 = VERTEX_POINT ( 'NONE', #8960 ) ;
#2589 = CARTESIAN_POINT ( 'NONE',  ( 1.642759914435324209, 0.3392199482447084691, 3.299999999999999822 ) ) ;
#2590 = CARTESIAN_POINT ( 'NONE',  ( 1.392227564102564097, -0.2751979055728958068, 3.299999999999999822 ) ) ;
#2591 =( NAMED_UNIT ( * ) SI_UNIT ( $, .STERADIAN. ) SOLID_ANGLE_UNIT ( ) );
#2592 = SURFACE_STYLE_USAGE ( .BOTH. , #1054 ) ;
#2593 = CARTESIAN_POINT ( 'NONE',  ( -8.235913853719450728, 0.06818793015636756549, 3.200000000000000622 ) ) ;
#2594 = SURFACE_STYLE_USAGE ( .BOTH. , #5334 ) ;
#2595 = VECTOR ( 'NONE', #6611, 1000.000000000000000 ) ;
#2596 = CARTESIAN_POINT ( 'NONE',  ( 4.949999999999998401, -2.700000000000003286, 3.200000000000000178 ) ) ;
#2597 = ORIENTED_EDGE ( 'NONE', *, *, #8091, .F. ) ;
#2598 = SURFACE_SIDE_STYLE ('',( #4753 ) ) ;
#2599 = FILL_AREA_STYLE ('',( #603 ) ) ;
#2600 = CARTESIAN_POINT ( 'NONE',  ( 1.391676871586952080, 0.2650035628447830471, 3.299999999999998490 ) ) ;
#2601 = CARTESIAN_POINT ( 'NONE',  ( -6.872803184284373756, 0.4661060021047258584, 3.300000000000001155 ) ) ;
#2602 = CARTESIAN_POINT ( 'NONE',  ( -7.455700037944558822, 0.2288467283147190834, 3.300000000000000266 ) ) ;
#2603 = ORIENTED_EDGE ( 'NONE', *, *, #624, .T. ) ;
#2604 = SURFACE_STYLE_USAGE ( .BOTH. , #3964 ) ;
#2605 = DIRECTION ( 'NONE',  ( -0.000000000000000000, -0.000000000000000000, -1.000000000000000000 ) ) ;
#2606 = SURFACE_STYLE_FILL_AREA ( #560 ) ;
#2607 = CARTESIAN_POINT ( 'NONE',  ( 1.612379807692307709, -0.5316081619831521943, 3.299999999999999822 ) ) ;
#2608 = CARTESIAN_POINT ( 'NONE',  ( 9.123442642277970194, 0.4545448907068034283, 3.200000000000000622 ) ) ;
#2609 = STYLED_ITEM ( 'NONE', ( #1303 ), #1265 ) ;
#2610 = FACE_OUTER_BOUND ( 'NONE', #5128, .T. ) ;
#2611 = VERTEX_POINT ( 'NONE', #4693 ) ;
#2612 = DIRECTION ( 'NONE',  ( -0.3127009199179953680, -0.9498516382480157727, 0.000000000000000000 ) ) ;
#2613 = STYLED_ITEM ( 'NONE', ( #2147 ), #1406 ) ;
#2614 = CARTESIAN_POINT ( 'NONE',  ( 8.593856398786753559, 0.2158508372157388333, 3.200000000000001066 ) ) ;
#2615 = CARTESIAN_POINT ( 'NONE',  ( 1.274897570431653415, 0.06415663428369823562, 3.300000000000001155 ) ) ;
#2616 = CARTESIAN_POINT ( 'NONE',  ( 1.873033861906797659, 0.2141355633083235066, 3.299999999999999378 ) ) ;
#2617 = ORIENTED_EDGE ( 'NONE', *, *, #4282, .T. ) ;
#2618 =( NAMED_UNIT ( * ) SI_UNIT ( $, .STERADIAN. ) SOLID_ANGLE_UNIT ( ) );
#2619 = CARTESIAN_POINT ( 'NONE',  ( 8.340507927015170964, 0.007930290384855711097, 3.300000000000000266 ) ) ;
#2620 = COLOUR_RGB ( '',0.7764705882352941346, 0.7568627450980391913, 0.7372549019607843590 ) ;
#2621 = CARTESIAN_POINT ( 'NONE',  ( 0.2770432692307692180, 0.4940328636578734667, 3.299999999999999822 ) ) ;
#2622 = CARTESIAN_POINT ( 'NONE',  ( -8.231695149398586153, -0.1142971413678125631, 3.300000000000000266 ) ) ;
#2623 =( NAMED_UNIT ( * ) SI_UNIT ( $, .STERADIAN. ) SOLID_ANGLE_UNIT ( ) );
#2624 = CARTESIAN_POINT ( 'NONE',  ( -6.606751646191459493, -0.3511813902018701694, 3.200000000000001066 ) ) ;
#2625 = VECTOR ( 'NONE', #6901, 1000.000000000000000 ) ;
#2626 = ORIENTED_EDGE ( 'NONE', *, *, #194, .F. ) ;
#2627 = CARTESIAN_POINT ( 'NONE',  ( -9.150000000000000355, -4.599999999999998757, 3.200000000000000178 ) ) ;
#2628 = COLOUR_RGB ( '',0.2509803921568627416, 0.2509803921568627416, 0.2509803921568627416 ) ;
#2629 =( GEOMETRIC_REPRESENTATION_CONTEXT ( 3 ) GLOBAL_UNCERTAINTY_ASSIGNED_CONTEXT ( ( #6964 ) ) GLOBAL_UNIT_ASSIGNED_CONTEXT ( ( #8235, #1951, #8183 ) ) REPRESENTATION_CONTEXT ( 'NONE', 'WORKASPACE' ) );
#2630 = CARTESIAN_POINT ( 'NONE',  ( 1.808602904055816918, 0.4820773748935082148, 3.199999999999999734 ) ) ;
#2631 = FILL_AREA_STYLE ('',( #1834 ) ) ;
#2632 = ORIENTED_EDGE ( 'NONE', *, *, #7829, .T. ) ;
#2633 = CARTESIAN_POINT ( 'NONE',  ( 1.676501540831484505, 0.3346558347328090766, 3.200000000000000178 ) ) ;
#2634 = DIRECTION ( 'NONE',  ( -0.000000000000000000, -0.000000000000000000, 1.000000000000000000 ) ) ;
#2635 = VECTOR ( 'NONE', #5826, 1000.000000000000000 ) ;
#2636 = CARTESIAN_POINT ( 'NONE',  ( -8.189439911417320417, 0.2322041354893923382, 3.200000000000000178 ) ) ;
#2637 = CARTESIAN_POINT ( 'NONE',  ( 9.089339131683782824, 0.2586993857108029760, 3.299999999999999822 ) ) ;
#2638 = AXIS2_PLACEMENT_3D ( 'NONE', #2901, #7975, #2261 ) ;
#2639 = ADVANCED_FACE ( 'NONE', ( #2686 ), #3235, .F. ) ;
#2640 = AXIS2_PLACEMENT_3D ( 'NONE', #3185, #5103, #5799 ) ;
#2641 = CARTESIAN_POINT ( 'NONE',  ( 8.049999999999998934, -5.099999999999999645, 1.750000000000000000 ) ) ;
#2642 = ORIENTED_EDGE ( 'NONE', *, *, #7179, .T. ) ;
#2643 = CARTESIAN_POINT ( 'NONE',  ( -6.911456296796052001, 3.158925150470279331, 3.400000000000000355 ) ) ;
#2644 = CARTESIAN_POINT ( 'NONE',  ( 1.366561661804848615, 0.2422483537722804892, 3.300000000000000711 ) ) ;
#2645 = DIRECTION ( 'NONE',  ( 3.445603183558166470E-17, -0.7071067811865515695, 0.7071067811865434649 ) ) ;
#2646 = CARTESIAN_POINT ( 'NONE',  ( 8.627063006396161526, 0.4656070105419899408, 3.200000000000000622 ) ) ;
#2647 = UNCERTAINTY_MEASURE_WITH_UNIT (LENGTH_MEASURE( 1.000000000000000082E-05 ), #730, 'distance_accuracy_value', 'NONE');
#2648 = PRESENTATION_LAYER_ASSIGNMENT (  '', '', ( #5427 ) ) ;
#2649 = EDGE_LOOP ( 'NONE', ( #3042, #5597, #7641, #4943 ) ) ;
#2650 = CARTESIAN_POINT ( 'NONE',  ( -5.865837391849761495, 0.4940328636578734667, 3.200000000000000178 ) ) ;
#2651 = CARTESIAN_POINT ( 'NONE',  ( -7.710451716398075916, -0.5315127002847459536, 3.199999999999999734 ) ) ;
#2652 = CARTESIAN_POINT ( 'NONE',  ( 0.1153846153846153910, -0.5059671363421265333, 3.299999999999999822 ) ) ;
#2653 = PRESENTATION_LAYER_ASSIGNMENT (  '', '', ( #5738 ) ) ;
#2654 = CARTESIAN_POINT ( 'NONE',  ( 9.282192989960325491, 0.3283707110311212540, 3.199999999999999734 ) ) ;
#2655 = CARTESIAN_POINT ( 'NONE',  ( 1.798943398574941677, -0.2963764095665051834, 3.200000000000000622 ) ) ;
#2656 = VERTEX_POINT ( 'NONE', #9050 ) ;
#2657 = VECTOR ( 'NONE', #6208, 1000.000000000000227 ) ;
#2658 = CARTESIAN_POINT ( 'NONE',  ( 0.7307692307692308376, -0.1640200209575111423, 3.200000000000000178 ) ) ;
#2659 = CARTESIAN_POINT ( 'NONE',  ( -6.161617841763060710, 0.1956724497542842167, 3.200000000000000178 ) ) ;
#2660 = EDGE_CURVE ( 'NONE', #6291, #8862, #5671, .T. ) ;
#2661 = PRESENTATION_LAYER_ASSIGNMENT (  '', '', ( #6619 ) ) ;
#2662 = CARTESIAN_POINT ( 'NONE',  ( -8.036619688310116416, -0.1433069021585726133, 3.300000000000002043 ) ) ;
#2663 = EDGE_CURVE ( 'NONE', #8681, #4097, #5522, .T. ) ;
#2664 = DIRECTION ( 'NONE',  ( -1.000000000000000000, 0.000000000000000000, 0.000000000000000000 ) ) ;
#2665 = CARTESIAN_POINT ( 'NONE',  ( -0.9454611344085804836, 6.099999999999999645, 1.119247819734363159 ) ) ;
#2666 = CARTESIAN_POINT ( 'NONE',  ( -7.429358027497355188, -0.2133483499873541356, 3.299999999999999378 ) ) ;
#2667 = PRESENTATION_LAYER_ASSIGNMENT (  '', '', ( #5614 ) ) ;
#2668 = UNCERTAINTY_MEASURE_WITH_UNIT (LENGTH_MEASURE( 1.000000000000000082E-05 ), #4987, 'distance_accuracy_value', 'NONE');
#2669 = CARTESIAN_POINT ( 'NONE',  ( -8.059356210423766598, 0.03134514367316651451, 3.299999999999999822 ) ) ;
#2670 = EDGE_CURVE ( 'NONE', #3724, #7928, #2173, .T. ) ;
#2671 = CARTESIAN_POINT ( 'NONE',  ( -7.933023087868631862, -0.2831031713986904008, 3.299999999999999378 ) ) ;
#2672 = EDGE_LOOP ( 'NONE', ( #2978, #233, #1981, #8067 ) ) ;
#2673 = CARTESIAN_POINT ( 'NONE',  ( -7.642740022454406201, 0.3319331128999253866, 3.200000000000000622 ) ) ;
#2674 = CARTESIAN_POINT ( 'NONE',  ( 9.010549334618549011, 0.4997908919589792998, 3.199999999999999734 ) ) ;
#2675 = B_SPLINE_CURVE_WITH_KNOTS ( 'NONE', 3,
 ( #3936, #2619, #1820, #2495, #8852, #6756, #5417, #2541, #440, #8080, #3138, #6622, #7385, #5227, #3885, #482, #1688, #6802, #3219, #5319, #4496, #1737, #6661, #3314, #346, #5972, #8161 ),
 .UNSPECIFIED., .F., .F.,
 ( 4, 1, 1, 1, 1, 1, 1, 1, 1, 1, 1, 1, 1, 1, 1, 1, 1, 1, 1, 1, 1, 1, 1, 1, 4 ),
 ( 0.000000000000000000, 0.04466333090637097936, 0.08851180578014535005, 0.1309255913017771389, 0.1729040372808871850, 0.2140001199049660907, 0.2549850203589836273, 0.2952912763870586543, 0.3357724419527882143, 0.3761808205537704453, 0.4161784084745212553, 0.4563500514444734368, 0.4965121666444162751, 0.5370405736377796835, 0.5781187440077609763, 0.6197245605548113989, 0.6624219701988826037, 0.7052989535209023275, 0.7474300005339115094, 0.7894329840393835562, 0.8312674212030618515, 0.8728250959642287476, 0.9148701104843923737, 0.9570270028394999295, 1.000000000000000000 ),
 .UNSPECIFIED. ) ;
#2676 = LINE ( 'NONE', #6900, #7332 ) ;
#2677 = CARTESIAN_POINT ( 'NONE',  ( 1.270137196306905247, 0.02862194887885480613, 3.199999999999999289 ) ) ;
#2678 = FILL_AREA_STYLE ('',( #7623 ) ) ;
#2680 = AXIS2_PLACEMENT_3D ( 'NONE', #5805, #59, #7014 ) ;
#2679 = SURFACE_STYLE_FILL_AREA ( #6708 ) ;
#2681 = CARTESIAN_POINT ( 'NONE',  ( 9.157450582127779626, -0.2066882901882803880, 3.300000000000000266 ) ) ;
#2682 = CARTESIAN_POINT ( 'NONE',  ( 0.9999999999999997780, -9.099999999999999645, -1.449999999999998623 ) ) ;
#2683 = EDGE_CURVE ( 'NONE', #7952, #3640, #42, .T. ) ;
#2684 = EDGE_CURVE ( 'NONE', #6178, #7531, #5307, .T. ) ;
#2685 = ORIENTED_EDGE ( 'NONE', *, *, #5495, .T. ) ;
#2686 = FACE_OUTER_BOUND ( 'NONE', #5302, .T. ) ;
#2687 = CARTESIAN_POINT ( 'NONE',  ( 2.091038460343110916, 0.1956724497542846053, 3.199999999999999289 ) ) ;
#2688 = CARTESIAN_POINT ( 'NONE',  ( 1.976107669399625122, 0.3663014702377210829, 3.200000000000000622 ) ) ;
#2689 = ORIENTED_EDGE ( 'NONE', *, *, #6235, .T. ) ;
#2690 = CARTESIAN_POINT ( 'NONE',  ( 1.218038215756164222, 0.3417931446274306562, 3.300000000000000266 ) ) ;
#2691 = CARTESIAN_POINT ( 'NONE',  ( -5.364435148260017883, -0.5059671363421265333, 3.200000000000000178 ) ) ;
#2692 = FILL_AREA_STYLE_COLOUR ( '', #2348 ) ;
#2693 = CARTESIAN_POINT ( 'NONE',  ( -6.911456296796050225, 3.158925150470280219, -3.400000000000000355 ) ) ;
#2694 = CARTESIAN_POINT ( 'NONE',  ( 9.180086639689395867, -0.4317492700529750871, 3.199999999999999289 ) ) ;
#2695 = FILL_AREA_STYLE ('',( #8971 ) ) ;
#2696 = CYLINDRICAL_SURFACE ( 'NONE', #3209, 1.250000000000000222 ) ;
#2697 = B_SPLINE_CURVE_WITH_KNOTS ( 'NONE', 3,
 ( #7389, #1081, #7527, #3891, #5367, #393, #443, #3228, #1879, #5667, #7671, #7713, #1371, #9097, #2217, #8436, #4174, #2821, #4954 ),
 .UNSPECIFIED., .F., .F.,
 ( 4, 1, 1, 1, 1, 1, 1, 1, 1, 1, 1, 1, 1, 1, 1, 1, 4 ),
 ( 0.000000000000000000, 0.06737624279926383852, 0.1318365787763094155, 0.1944610676015850748, 0.2553459677434138930, 0.3155883400136119676, 0.3756274517721981954, 0.4361378520525415747, 0.4977786195747130327, 0.5594703610940514604, 0.6202777696791134110, 0.6807876889604186355, 0.7414916215916539377, 0.8032154362531896963, 0.8664927627489313888, 0.9319104429113604926, 1.000000000000000000 ),
 .UNSPECIFIED. ) ;
#2698 = EDGE_LOOP ( 'NONE', ( #5215, #795, #3379, #8829 ) ) ;
#2699 = CARTESIAN_POINT ( 'NONE',  ( -8.183686341169305933, -0.2610817460956936231, 3.200000000000000178 ) ) ;
#2700 = CARTESIAN_POINT ( 'NONE',  ( -7.124095407753660680, 0.1967357420893511011, 3.299999999999998934 ) ) ;
#2701 = ORIENTED_EDGE ( 'NONE', *, *, #2536, .F. ) ;
#2702 = FILL_AREA_STYLE_COLOUR ( '', #6558 ) ;
#2703 = CARTESIAN_POINT ( 'NONE',  ( -7.631760014741517217, -0.5260850608630796010, 3.299999999999999378 ) ) ;
#2704 = ADVANCED_FACE ( 'NONE', ( #4135 ), #7122, .T. ) ;
#2705 = FILL_AREA_STYLE_COLOUR ( '', #2934 ) ;
#2706 = CARTESIAN_POINT ( 'NONE',  ( -6.261456296796052534, 3.158925150470279331, 3.400000000000000355 ) ) ;
#2707 =( LENGTH_UNIT ( ) NAMED_UNIT ( * ) SI_UNIT ( .MILLI., .METRE. ) );
#2708 = CARTESIAN_POINT ( 'NONE',  ( 1.943011365322266037, -0.07655456139094558854, 3.199999999999999734 ) ) ;
#2709 = VERTEX_POINT ( 'NONE', #7717 ) ;
#2710 = EDGE_CURVE ( 'NONE', #457, #2768, #862, .T. ) ;
#2711 = CARTESIAN_POINT ( 'NONE',  ( -5.221606622618993221, 0.4940328636578734667, 3.200000000000000178 ) ) ;
#2712 = DIRECTION ( 'NONE',  ( -0.9848077530122080203, -0.1736481776669306920, 0.000000000000000000 ) ) ;
#2713 = LINE ( 'NONE', #6938, #1898 ) ;
#2714 = CARTESIAN_POINT ( 'NONE',  ( 9.285054748794443924, -0.3407027132652034607, 3.299999999999999822 ) ) ;
#2715 =( NAMED_UNIT ( * ) SI_UNIT ( $, .STERADIAN. ) SOLID_ANGLE_UNIT ( ) );
#2716 = CARTESIAN_POINT ( 'NONE',  ( 1.676501540831484505, 0.3346558347328090766, 3.299999999999999822 ) ) ;
#2717 =( NAMED_UNIT ( * ) SI_UNIT ( $, .STERADIAN. ) SOLID_ANGLE_UNIT ( ) );
#2718 = ORIENTED_EDGE ( 'NONE', *, *, #5727, .T. ) ;
#2719 = LINE ( 'NONE', #5812, #989 ) ;
#2720 = CARTESIAN_POINT ( 'NONE',  ( 8.892537137364900701, 0.5192221192871474544, 3.200000000000001510 ) ) ;
#2721 =( NAMED_UNIT ( * ) SI_UNIT ( $, .STERADIAN. ) SOLID_ANGLE_UNIT ( ) );
#2722 = CARTESIAN_POINT ( 'NONE',  ( -6.133265419997195877, 0.09717518542191644348, 3.199999999999998845 ) ) ;
#2723 = CARTESIAN_POINT ( 'NONE',  ( 1.949127501097537186E-16, -9.099999999999999645, 0.000000000000000000 ) ) ;
#2724 = FILL_AREA_STYLE_COLOUR ( '', #283 ) ;
#2725 = SURFACE_STYLE_USAGE ( .BOTH. , #1937 ) ;
#2726 = ADVANCED_FACE ( 'NONE', ( #637 ), #3464, .T. ) ;
#2727 = VERTEX_POINT ( 'NONE', #216 ) ;
#2728 = CARTESIAN_POINT ( 'NONE',  ( 7.365984235973931149, -0.5059671363421265333, 3.200000000000000178 ) ) ;
#2729 = CARTESIAN_POINT ( 'NONE',  ( 8.919525478162087850, -0.5292175802107365046, 3.300000000000000266 ) ) ;
#2730 = SURFACE_STYLE_USAGE ( .BOTH. , #2871 ) ;
#2731 = COLOUR_RGB ( '',1.000000000000000000, 0.000000000000000000, 0.000000000000000000 ) ;
#2732 = ORIENTED_EDGE ( 'NONE', *, *, #6650, .T. ) ;
#2733 = CARTESIAN_POINT ( 'NONE',  ( 1.769632545339713037, 0.3015013959391056875, 3.300000000000000711 ) ) ;
#2734 =( LENGTH_UNIT ( ) NAMED_UNIT ( * ) SI_UNIT ( .MILLI., .METRE. ) );
#2735 = MECHANICAL_DESIGN_GEOMETRIC_PRESENTATION_REPRESENTATION (  '', ( #1535 ), #4184 ) ;
#2736 = SURFACE_STYLE_FILL_AREA ( #7763 ) ;
#2737 = CARTESIAN_POINT ( 'NONE',  ( 0.2948717948717948789, 0.1500825431450529823, 3.299999999999999822 ) ) ;
#2738 = CARTESIAN_POINT ( 'NONE',  ( -7.984155839881634797, 0.4490895417054543426, 3.200000000000000178 ) ) ;
#2739 = CARTESIAN_POINT ( 'NONE',  ( 8.365781026466752479, 0.1698066570741219306, 3.300000000000000266 ) ) ;
#2740 = LINE ( 'NONE', #6399, #6430 ) ;
#2741 = PRESENTATION_LAYER_ASSIGNMENT (  '', '', ( #6688 ) ) ;
#2742 = ORIENTED_EDGE ( 'NONE', *, *, #4887, .F. ) ;
#2743 = FILL_AREA_STYLE ('',( #3437 ) ) ;
#2744 = EDGE_CURVE ( 'NONE', #6896, #9041, #910, .T. ) ;
#2745 = CARTESIAN_POINT ( 'NONE',  ( -8.017080178810605418, -0.4489386903626303438, 3.200000000000001066 ) ) ;
#2746 = CARTESIAN_POINT ( 'NONE',  ( 1.269537145234438391, 0.004398000095624846582, 3.300000000000000266 ) ) ;
#2747 = CARTESIAN_POINT ( 'NONE',  ( -6.841381289464753657, 0.4802558937137065831, 3.199999999999999734 ) ) ;
#2748 = DIRECTION ( 'NONE',  ( -0.000000000000000000, -0.000000000000000000, -1.000000000000000000 ) ) ;
#2749 = UNCERTAINTY_MEASURE_WITH_UNIT (LENGTH_MEASURE( 1.000000000000000082E-05 ), #5688, 'distance_accuracy_value', 'NONE');
#2750 = ORIENTED_EDGE ( 'NONE', *, *, #446, .F. ) ;
#2751 = PRESENTATION_LAYER_ASSIGNMENT (  '', '', ( #3174 ) ) ;
#2752 =( NAMED_UNIT ( * ) SI_UNIT ( $, .STERADIAN. ) SOLID_ANGLE_UNIT ( ) );
#2753 = STYLED_ITEM ( 'NONE', ( #4521 ), #737 ) ;
#2754 = DIRECTION ( 'NONE',  ( 1.000000000000000000, -0.000000000000000000, -0.000000000000000000 ) ) ;
#2755 = DIRECTION ( 'NONE',  ( 0.000000000000000000, 0.000000000000000000, 1.000000000000000000 ) ) ;
#2756 =( GEOMETRIC_REPRESENTATION_CONTEXT ( 3 ) GLOBAL_UNCERTAINTY_ASSIGNED_CONTEXT ( ( #4494 ) ) GLOBAL_UNIT_ASSIGNED_CONTEXT ( ( #4152, #420, #6185 ) ) REPRESENTATION_CONTEXT ( 'NONE', 'WORKASPACE' ) );
#2757 = CARTESIAN_POINT ( 'NONE',  ( 1.710994643136713789, -0.3386277985677162983, 3.200000000000000622 ) ) ;
#2758 = ORIENTED_EDGE ( 'NONE', *, *, #7292, .T. ) ;
#2759 = DIRECTION ( 'NONE',  ( 0.000000000000000000, 1.000000000000000000, 0.000000000000000000 ) ) ;
#2760 = FILL_AREA_STYLE ('',( #4020 ) ) ;
#2761 = CARTESIAN_POINT ( 'NONE',  ( -7.759202087293613381, 0.3392346502233163363, 3.200000000000000622 ) ) ;
#2762 = CARTESIAN_POINT ( 'NONE',  ( 1.708801511457470834, 0.3264945020559985589, 3.200000000000001066 ) ) ;
#2763 = CARTESIAN_POINT ( 'NONE',  ( 8.859573979563675650, -0.5316081619831521943, 3.200000000000000178 ) ) ;
#2764 =( LENGTH_UNIT ( ) NAMED_UNIT ( * ) SI_UNIT ( .MILLI., .METRE. ) );
#2765 = UNCERTAINTY_MEASURE_WITH_UNIT (LENGTH_MEASURE( 1.000000000000000082E-05 ), #3297, 'distance_accuracy_value', 'NONE');
#2766 = CARTESIAN_POINT ( 'NONE',  ( 1.739782164430155431, 0.3154119740129488481, 3.299999999999999378 ) ) ;
#2767 = DIRECTION ( 'NONE',  ( -1.000000000000000000, 0.000000000000000000, 0.000000000000000000 ) ) ;
#2768 = VERTEX_POINT ( 'NONE', #6527 ) ;
#2769 =( NAMED_UNIT ( * ) SI_UNIT ( $, .STERADIAN. ) SOLID_ANGLE_UNIT ( ) );
#2770 = CARTESIAN_POINT ( 'NONE',  ( 9.149912209990898049, 0.4393128055917986385, 3.199999999999999289 ) ) ;
#2771 = DIRECTION ( 'NONE',  ( 1.000000000000000000, 4.872818752743842964E-17, -3.097720492815727042E-17 ) ) ;
#2772 = CARTESIAN_POINT ( 'NONE',  ( -7.550000000000000711, -8.500000000000000000, 0.000000000000000000 ) ) ;
#2773 = PLANE ( 'NONE',  #2638 ) ;
#2774 = DIRECTION ( 'NONE',  ( 0.000000000000000000, 0.000000000000000000, 1.000000000000000000 ) ) ;
#2775 = CARTESIAN_POINT ( 'NONE',  ( 8.049999999999998934, -9.099999999999999645, -1.750000000000000000 ) ) ;
#2776 = FACE_BOUND ( 'NONE', #2133, .T. ) ;
#2777 = ORIENTED_EDGE ( 'NONE', *, *, #5647, .T. ) ;
#2778 = CARTESIAN_POINT ( 'NONE',  ( -6.834479272489687673, 0.2853420351624346152, 3.300000000000000711 ) ) ;
#2779 = CARTESIAN_POINT ( 'NONE',  ( 1.896425007908497440, 0.4336530536449935136, 3.300000000000000266 ) ) ;
#2780 = ORIENTED_EDGE ( 'NONE', *, *, #4469, .F. ) ;
#2781 = CARTESIAN_POINT ( 'NONE',  ( 1.739782164430155431, 0.3154119740129488481, 3.199999999999999734 ) ) ;
#2782 = PRESENTATION_LAYER_ASSIGNMENT (  '', '', ( #2485 ) ) ;
#2783 = PLANE ( 'NONE',  #8335 ) ;
#2784 = CARTESIAN_POINT ( 'NONE',  ( 1.089743589743589869, -0.005566495316485452725, 3.299999999999999822 ) ) ;
#2785 = CARTESIAN_POINT ( 'NONE',  ( 8.859573979563675650, -0.5316081619831521943, 3.200000000000000178 ) ) ;
#2786 = CARTESIAN_POINT ( 'NONE',  ( 8.423467697673638455, 0.2902447036081441945, 3.299999999999999378 ) ) ;
#2787 = EDGE_CURVE ( 'NONE', #5482, #5803, #5042, .T. ) ;
#2788 = COLOUR_RGB ( '',0.2509803921568627416, 0.2509803921568627416, 0.2509803921568627416 ) ;
#2789 = STYLED_ITEM ( 'NONE', ( #221 ), #3424 ) ;
#2790 = VECTOR ( 'NONE', #6793, 1000.000000000000114 ) ;
#2791 = VERTEX_POINT ( 'NONE', #4404 ) ;
#2792 = PRESENTATION_STYLE_ASSIGNMENT (( #6270 ) ) ;
#2793 = CARTESIAN_POINT ( 'NONE',  ( 1.282430252870132348, 0.09804061167688017664, 3.200000000000000178 ) ) ;
#2794 = CARTESIAN_POINT ( 'NONE',  ( -7.075800529049127263, 0.2876943200368990983, 3.299999999999999822 ) ) ;
#2795 = CARTESIAN_POINT ( 'NONE',  ( 8.872148645207753148, -0.3517340791061676075, 3.299999999999999378 ) ) ;
#2796 = ORIENTED_EDGE ( 'NONE', *, *, #8501, .F. ) ;
#2797 = DIRECTION ( 'NONE',  ( -1.000000000000000000, -4.872818752743843581E-17, -0.000000000000000000 ) ) ;
#2798 = MECHANICAL_DESIGN_GEOMETRIC_PRESENTATION_REPRESENTATION (  '', ( #4841 ), #8342 ) ;
#2799 = SURFACE_STYLE_FILL_AREA ( #2104 ) ;
#2800 = COLOUR_RGB ( '',0.7764705882352941346, 0.7568627450980391913, 0.7372549019607843590 ) ;
#2801 = ADVANCED_FACE ( 'NONE', ( #2996 ), #334, .T. ) ;
#2802 = EDGE_CURVE ( 'NONE', #8964, #4896, #6841, .T. ) ;
#2803 = MECHANICAL_DESIGN_GEOMETRIC_PRESENTATION_REPRESENTATION (  '', ( #4104 ), #7339 ) ;
#2804 = VERTEX_POINT ( 'NONE', #5361 ) ;
#2805 = DIRECTION ( 'NONE',  ( -3.445603183558166470E-17, 0.7071067811865515695, 0.7071067811865434649 ) ) ;
#2806 = VECTOR ( 'NONE', #2024, 1000.000000000000227 ) ;
#2807 = SURFACE_STYLE_USAGE ( .BOTH. , #5853 ) ;
#2808 = CARTESIAN_POINT ( 'NONE',  ( 1.269230769230769162, -0.007970341470331657879, 3.200000000000000178 ) ) ;
#2809 =( GEOMETRIC_REPRESENTATION_CONTEXT ( 3 ) GLOBAL_UNCERTAINTY_ASSIGNED_CONTEXT ( ( #8343 ) ) GLOBAL_UNIT_ASSIGNED_CONTEXT ( ( #375, #8187, #4758 ) ) REPRESENTATION_CONTEXT ( 'NONE', 'WORKASPACE' ) );
#2810 = CARTESIAN_POINT ( 'NONE',  ( -7.681750095459774386, -0.3509739145552374096, 3.299999999999999378 ) ) ;
#2811 = ORIENTED_EDGE ( 'NONE', *, *, #1483, .F. ) ;
#2812 = FACE_OUTER_BOUND ( 'NONE', #3607, .T. ) ;
#2813 = B_SPLINE_CURVE_WITH_KNOTS ( 'NONE', 3,
 ( #7410, #1063, #1805, #3020, #8062, #7285, #1101, #5303, #8013, #1768, #5998, #1718, #2394, #4524, #7371, #2524, #246, #6648, #4436 ),
 .UNSPECIFIED., .F., .F.,
 ( 4, 1, 1, 1, 1, 1, 1, 1, 1, 1, 1, 1, 1, 1, 1, 1, 4 ),
 ( 0.000000000000000000, 0.07778293631334770586, 0.1518156572691091999, 0.2225398385800625156, 0.2902775346822921154, 0.3546406074863794888, 0.4157977534850320622, 0.4747090076698663452, 0.5304260996200420575, 0.5855797458252653964, 0.6409061648040293990, 0.6979010906656706315, 0.7554203208806050673, 0.8145212584872895123, 0.8744618312159079254, 0.9366697167404223201, 0.9999999999999998890 ),
 .UNSPECIFIED. ) ;
#2814 = ORIENTED_EDGE ( 'NONE', *, *, #7319, .F. ) ;
#2815 = FACE_BOUND ( 'NONE', #4535, .T. ) ;
#2816 = MECHANICAL_DESIGN_GEOMETRIC_PRESENTATION_REPRESENTATION (  '', ( #6619 ), #7486 ) ;
#2817 = CARTESIAN_POINT ( 'NONE',  ( 9.289061159050852723, 0.3205552995553094253, 3.200000000000000178 ) ) ;
#2818 = DIRECTION ( 'NONE',  ( 0.000000000000000000, 1.000000000000000000, 0.000000000000000000 ) ) ;
#2819 = SURFACE_STYLE_FILL_AREA ( #1322 ) ;
#2820 = CARTESIAN_POINT ( 'NONE',  ( -6.125754150862273484, 0.04480595572570827967, 3.199999999999999289 ) ) ;
#2821 = CARTESIAN_POINT ( 'NONE',  ( -8.239445974862983135, -0.02321618748560065268, 3.200000000000000622 ) ) ;
#2822 = SURFACE_STYLE_FILL_AREA ( #5749 ) ;
#2823 =( GEOMETRIC_REPRESENTATION_CONTEXT ( 3 ) GLOBAL_UNCERTAINTY_ASSIGNED_CONTEXT ( ( #1258 ) ) GLOBAL_UNIT_ASSIGNED_CONTEXT ( ( #772, #87, #3974 ) ) REPRESENTATION_CONTEXT ( 'NONE', 'WORKASPACE' ) );
#2824 = ADVANCED_FACE ( 'NONE', ( #1172 ), #1808, .T. ) ;
#2825 = VERTEX_POINT ( 'NONE', #892 ) ;
#2826 = AXIS2_PLACEMENT_3D ( 'NONE', #4908, #8482, #2126 ) ;
#2827 =( NAMED_UNIT ( * ) PLANE_ANGLE_UNIT ( ) SI_UNIT ( $, .RADIAN. ) );
#2828 = PRESENTATION_STYLE_ASSIGNMENT (( #5 ) ) ;
#2829 = CARTESIAN_POINT ( 'NONE',  ( 1.937460711582450923, 0.4021298811425257913, 3.200000000000001066 ) ) ;
#2830 = EDGE_CURVE ( 'NONE', #8093, #5482, #3070, .T. ) ;
#2831 = ORIENTED_EDGE ( 'NONE', *, *, #4829, .F. ) ;
#2832 = LINE ( 'NONE', #5633, #1001 ) ;
#2833 = CARTESIAN_POINT ( 'NONE',  ( -9.650000000000002132, 5.099999999999999645, -3.200000000000000178 ) ) ;
#2834 =( LENGTH_UNIT ( ) NAMED_UNIT ( * ) SI_UNIT ( .MILLI., .METRE. ) );
#2835 = DIRECTION ( 'NONE',  ( 0.000000000000000000, -0.000000000000000000, -1.000000000000000000 ) ) ;
#2836 = CARTESIAN_POINT ( 'NONE',  ( 8.377155037600612530, 0.2015449924610271393, 3.199999999999999289 ) ) ;
#2837 = VECTOR ( 'NONE', #7725, 1000.000000000000000 ) ;
#2838 = PRESENTATION_STYLE_ASSIGNMENT (( #7135 ) ) ;
#2839 = ORIENTED_EDGE ( 'NONE', *, *, #8743, .T. ) ;
#2840 = DIRECTION ( 'NONE',  ( -1.000000000000000000, -4.872818752743843581E-17, -0.000000000000000000 ) ) ;
#2841 = CARTESIAN_POINT ( 'NONE',  ( -5.451374250824120082, -0.2034831619831521665, 3.299999999999999822 ) ) ;
#2842 = SURFACE_STYLE_FILL_AREA ( #6963 ) ;
#2843 = UNCERTAINTY_MEASURE_WITH_UNIT (LENGTH_MEASURE( 1.000000000000000082E-05 ), #3788, 'distance_accuracy_value', 'NONE');
#2844 = ORIENTED_EDGE ( 'NONE', *, *, #911, .F. ) ;
#2845 = FILL_AREA_STYLE ('',( #6275 ) ) ;
#2846 = FACE_OUTER_BOUND ( 'NONE', #4041, .T. ) ;
#2847 = CARTESIAN_POINT ( 'NONE',  ( -6.383250445032781606, 2.122022944157993418, -4.000000000000000000 ) ) ;
#2848 =( LENGTH_UNIT ( ) NAMED_UNIT ( * ) SI_UNIT ( .MILLI., .METRE. ) );
#2849 = EDGE_CURVE ( 'NONE', #7318, #728, #6139, .T. ) ;
#2850 = ORIENTED_EDGE ( 'NONE', *, *, #8606, .F. ) ;
#2851 = CARTESIAN_POINT ( 'NONE',  ( 1.320092850975180365, 0.4310982707423295368, 3.300000000000000711 ) ) ;
#2852 = CARTESIAN_POINT ( 'NONE',  ( -6.512874137676015529, 0.3154119740129490146, 3.199999999999999289 ) ) ;
#2853 = DIRECTION ( 'NONE',  ( 0.000000000000000000, 1.000000000000000000, 0.000000000000000000 ) ) ;
#2854 = DIRECTION ( 'NONE',  ( 1.000000000000000000, 0.000000000000000000, 0.000000000000000000 ) ) ;
#2855 = CARTESIAN_POINT ( 'NONE',  ( -7.687641862253667746, 0.5192221192871472324, 3.299999999999999822 ) ) ;
#2856 = CARTESIAN_POINT ( 'NONE',  ( -7.518426297894672317, -0.2899547384880497569, 3.200000000000000622 ) ) ;
#2857 = CARTESIAN_POINT ( 'NONE',  ( 8.750949666849910713, -0.5233095848922481030, 3.200000000000000622 ) ) ;
#2858 = ORIENTED_EDGE ( 'NONE', *, *, #3916, .T. ) ;
#2859 = CARTESIAN_POINT ( 'NONE',  ( -7.896038621648766131, -0.3077176764491306726, 3.300000000000000266 ) ) ;
#2860 = ORIENTED_EDGE ( 'NONE', *, *, #447, .T. ) ;
#2861 = CARTESIAN_POINT ( 'NONE',  ( 8.522640203623081945, -0.4186946399918621275, 3.199999999999999289 ) ) ;
#2862 = EDGE_CURVE ( 'NONE', #3598, #7852, #5661, .T. ) ;
#2863 = CARTESIAN_POINT ( 'NONE',  ( 9.095850664696886412, 0.4679707148980192799, 3.200000000000000178 ) ) ;
#2864 = CARTESIAN_POINT ( 'NONE',  ( 1.596472149418542097, 0.3398727476550354454, 3.200000000000000622 ) ) ;
#2865 = CARTESIAN_POINT ( 'NONE',  ( -5.218365111445065985, 5.881416799501193005, -1.944589023819075312E-15 ) ) ;
#2866 = FILL_AREA_STYLE ('',( #79 ) ) ;
#2867 = FILL_AREA_STYLE_COLOUR ( '', #8011 ) ;
#2868 = UNCERTAINTY_MEASURE_WITH_UNIT (LENGTH_MEASURE( 1.000000000000000082E-05 ), #6134, 'distance_accuracy_value', 'NONE');
#2869 = ORIENTED_EDGE ( 'NONE', *, *, #5258, .T. ) ;
#2870 = CARTESIAN_POINT ( 'NONE',  ( -6.860979430519222433, 0.2650035628447828806, 3.300000000000000711 ) ) ;
#2871 = SURFACE_SIDE_STYLE ('',( #1421 ) ) ;
#2872 = ORIENTED_EDGE ( 'NONE', *, *, #1755, .T. ) ;
#2873 = SURFACE_STYLE_FILL_AREA ( #3570 ) ;
#2874 = FACE_BOUND ( 'NONE', #8761, .T. ) ;
#2875 = CARTESIAN_POINT ( 'NONE',  ( -6.982519105799264381, 0.02862194887885477490, 3.299999999999999822 ) ) ;
#2876 = CARTESIAN_POINT ( 'NONE',  ( 8.889853944315005307, -0.5313234687482654151, 3.299999999999999378 ) ) ;
#2877 = ORIENTED_EDGE ( 'NONE', *, *, #6713, .T. ) ;
#2878 = CARTESIAN_POINT ( 'NONE',  ( -7.291117840567710395, 0.3205552995553094253, 3.299999999999999822 ) ) ;
#2879 = FILL_AREA_STYLE_COLOUR ( '', #527 ) ;
#2880 = ORIENTED_EDGE ( 'NONE', *, *, #2259, .F. ) ;
#2881 = FILL_AREA_STYLE_COLOUR ( '', #5558 ) ;
#2882 =( NAMED_UNIT ( * ) PLANE_ANGLE_UNIT ( ) SI_UNIT ( $, .RADIAN. ) );
#2883 = COLOUR_RGB ( '',0.7764705882352941346, 0.7568627450980391913, 0.7372549019607843590 ) ;
#2884 = PLANE ( 'NONE',  #5087 ) ;
#2885 = ORIENTED_EDGE ( 'NONE', *, *, #6889, .T. ) ;
#2886 = CARTESIAN_POINT ( 'NONE',  ( 1.218038215756164222, 0.3417931446274306562, 3.300000000000000266 ) ) ;
#2887 = CARTESIAN_POINT ( 'NONE',  ( -6.644483225183094532, 0.3401867098117196120, 3.200000000000000178 ) ) ;
#2889 = AXIS2_PLACEMENT_3D ( 'NONE', #4680, #1039, #4593 ) ;
#2888 = LINE ( 'NONE', #2291, #1100 ) ;
#2890 = CYLINDRICAL_SURFACE ( 'NONE', #896, 0.6499999999999995781 ) ;
#2891 = LINE ( 'NONE', #7023, #7555 ) ;
#2892 = CARTESIAN_POINT ( 'NONE',  ( 8.348483850219983182, -0.1142971413678126186, 3.200000000000001510 ) ) ;
#2893 = PRESENTATION_LAYER_ASSIGNMENT (  '', '', ( #8148 ) ) ;
#2894 = VERTEX_POINT ( 'NONE', #3503 ) ;
#2895 = CARTESIAN_POINT ( 'NONE',  ( -7.812968226401588723, -0.3410700691199382018, 3.300000000000000711 ) ) ;
#2896 = ORIENTED_EDGE ( 'NONE', *, *, #7180, .T. ) ;
#2897 = CARTESIAN_POINT ( 'NONE',  ( -7.724811750824120971, 0.3401867098117196120, 3.299999999999999822 ) ) ;
#2898 = CARTESIAN_POINT ( 'NONE',  ( 8.820976912324953290, 0.3392346502233161698, 3.199999999999999734 ) ) ;
#2899 = CARTESIAN_POINT ( 'NONE',  ( -7.550000000000000711, -8.799999999999995381, -1.750000000000000000 ) ) ;
#2900 = PRESENTATION_LAYER_ASSIGNMENT (  '', '', ( #5371 ) ) ;
#2901 = CARTESIAN_POINT ( 'NONE',  ( 1.949127501097537186E-16, -9.099999999999999645, 1.449999999999998401 ) ) ;
#2902 = PRESENTATION_STYLE_ASSIGNMENT (( #4173 ) ) ;
#2903 = PRESENTATION_STYLE_ASSIGNMENT (( #4217 ) ) ;
#2904 = FACE_BOUND ( 'NONE', #1801, .T. ) ;
#2905 = VERTEX_POINT ( 'NONE', #5621 ) ;
#2906 = SURFACE_STYLE_FILL_AREA ( #7674 ) ;
#2907 = CARTESIAN_POINT ( 'NONE',  ( 1.612379807692307709, -0.5316081619831521943, 3.200000000000000178 ) ) ;
#2908 = ORIENTED_EDGE ( 'NONE', *, *, #1537, .T. ) ;
#2909 = CARTESIAN_POINT ( 'NONE',  ( 8.525231232237524992, 0.06578350923150992624, 3.300000000000000266 ) ) ;
#2910 = CARTESIAN_POINT ( 'NONE',  ( 8.804430045895999868, -0.5302024331416020919, 3.299999999999999822 ) ) ;
#2911 = FILL_AREA_STYLE_COLOUR ( '', #2538 ) ;
#2912 = ORIENTED_EDGE ( 'NONE', *, *, #4009, .T. ) ;
#2913 =( NAMED_UNIT ( * ) SI_UNIT ( $, .STERADIAN. ) SOLID_ANGLE_UNIT ( ) );
#2914 = STYLED_ITEM ( 'NONE', ( #4 ), #2704 ) ;
#2915 = DIRECTION ( 'NONE',  ( -1.000000000000000000, 0.000000000000000000, -0.000000000000000000 ) ) ;
#2916 = CARTESIAN_POINT ( 'NONE',  ( 8.549999999999998934, -9.099999999999999645, 1.449999999999998401 ) ) ;
#2917 = UNCERTAINTY_MEASURE_WITH_UNIT (LENGTH_MEASURE( 1.000000000000000082E-05 ), #1008, 'distance_accuracy_value', 'NONE');
#2918 = B_SPLINE_CURVE_WITH_KNOTS ( 'NONE', 3,
 ( #4136, #5526, #6769, #7441, #3427, #7578, #4833, #9008, #1228, #1275, #1983, #590, #491, #6212, #8169, #2729, #6075, #6115, #1132 ),
 .UNSPECIFIED., .F., .F.,
 ( 4, 1, 1, 1, 1, 1, 1, 1, 1, 1, 1, 1, 1, 1, 1, 1, 4 ),
 ( 0.000000000000000000, 0.07778293631334785851, 0.1518156572691081452, 0.2225398385800615997, 0.2902775346822942248, 0.3546406074863788227, 0.4157977534850313961, 0.4747090076698673999, 0.5304260996200432787, 0.5855797458252649523, 0.6409061648040323966, 0.6979010906656721858, 0.7554203208806048453, 0.8145212584872911776, 0.8744618312159095908, 0.9366697167404259838, 1.000000000000000000 ),
 .UNSPECIFIED. ) ;
#2919 = ORIENTED_EDGE ( 'NONE', *, *, #1156, .T. ) ;
#2920 = CARTESIAN_POINT ( 'NONE',  ( 8.340733024755580871, -0.02321618748560063880, 3.199999999999999734 ) ) ;
#2921 = AXIS2_PLACEMENT_3D ( 'NONE', #5644, #695, #1437 ) ;
#2922 = SURFACE_STYLE_FILL_AREA ( #883 ) ;
#2923 = EDGE_CURVE ( 'NONE', #2311, #5670, #2719, .T. ) ;
#2924 = MECHANICAL_DESIGN_GEOMETRIC_PRESENTATION_REPRESENTATION (  '', ( #5105 ), #4078 ) ;
#2925 = VECTOR ( 'NONE', #1353, 1000.000000000000000 ) ;
#2926 = VECTOR ( 'NONE', #7880, 1000.000000000000000 ) ;
#2927 = DIRECTION ( 'NONE',  ( -1.000000000000000000, -4.872818752743842964E-17, -6.195440985631454085E-17 ) ) ;
#2928 = ADVANCED_FACE ( 'NONE', ( #2815, #8432 ), #3556, .F. ) ;
#2929 = VERTEX_POINT ( 'NONE', #581 ) ;
#2930 = FILL_AREA_STYLE ('',( #64 ) ) ;
#2931 = VECTOR ( 'NONE', #3998, 1000.000000000000000 ) ;
#2932 =( GEOMETRIC_REPRESENTATION_CONTEXT ( 3 ) GLOBAL_UNCERTAINTY_ASSIGNED_CONTEXT ( ( #3396 ) ) GLOBAL_UNIT_ASSIGNED_CONTEXT ( ( #5167, #5907, #5297 ) ) REPRESENTATION_CONTEXT ( 'NONE', 'WORKASPACE' ) );
#2933 = CARTESIAN_POINT ( 'NONE',  ( 1.611778846153846256, -0.3521209824959727341, 3.200000000000000178 ) ) ;
#2934 = COLOUR_RGB ( '',0.2509803921568627416, 0.2509803921568627416, 0.2509803921568627416 ) ;
#2935 = CARTESIAN_POINT ( 'NONE',  ( 8.684140377969793434, -0.3077176764491315053, 3.199999999999998401 ) ) ;
#2936 = STYLED_ITEM ( 'NONE', ( #7213 ), #3616 ) ;
#2937 = CARTESIAN_POINT ( 'NONE',  ( 8.340733024755580871, -0.02321618748560063880, 3.299999999999999378 ) ) ;
#2938 = VERTEX_POINT ( 'NONE', #1407 ) ;
#2939 = CARTESIAN_POINT ( 'NONE',  ( -7.721406302106172070, -0.3521209824959727341, 3.200000000000000178 ) ) ;
#2940 = ORIENTED_EDGE ( 'NONE', *, *, #4255, .F. ) ;
#2941 = VECTOR ( 'NONE', #5185, 1000.000000000000000 ) ;
#2942 = EDGE_CURVE ( 'NONE', #5713, #7302, #7920, .T. ) ;
#2943 = ADVANCED_FACE ( 'NONE', ( #2846 ), #4153, .T. ) ;
#2944 = PRESENTATION_STYLE_ASSIGNMENT (( #2124 ) ) ;
#2945 = CARTESIAN_POINT ( 'NONE',  ( -7.126408001648371737, -0.2055152108809678024, 3.200000000000001510 ) ) ;
#2946 = CARTESIAN_POINT ( 'NONE',  ( 8.641074747394425160, 0.2643409816514157851, 3.200000000000000178 ) ) ;
#2947 =( LENGTH_UNIT ( ) NAMED_UNIT ( * ) SI_UNIT ( .MILLI., .METRE. ) );
#2948 = FILL_AREA_STYLE ('',( #8617 ) ) ;
#2949 = ADVANCED_FACE ( 'NONE', ( #1350 ), #3581, .F. ) ;
#2950 = DIRECTION ( 'NONE',  ( 4.336808689942014778E-16, 2.113248271141190915E-32, 1.000000000000000000 ) ) ;
#2951 = UNCERTAINTY_MEASURE_WITH_UNIT (LENGTH_MEASURE( 1.000000000000000082E-05 ), #3641, 'distance_accuracy_value', 'NONE');
#2952 = STYLED_ITEM ( 'NONE', ( #1952 ), #4405 ) ;
#2953 = ORIENTED_EDGE ( 'NONE', *, *, #1501, .T. ) ;
#2954 = CARTESIAN_POINT ( 'NONE',  ( 9.650000000000002132, 5.099999999999999645, 3.200000000000000178 ) ) ;
#2955 = CARTESIAN_POINT ( 'NONE',  ( 1.360393206633666807, -0.4714591131061918738, 3.200000000000001510 ) ) ;
#2956 = COLOUR_RGB ( '',0.2509803921568627416, 0.2509803921568627416, 0.2509803921568627416 ) ;
#2957 = SURFACE_STYLE_FILL_AREA ( #6488 ) ;
#2958 = VERTEX_POINT ( 'NONE', #8383 ) ;
#2959 = CARTESIAN_POINT ( 'NONE',  ( -5.270459564745144654, 6.176859125404855710, -1.944589023819075312E-15 ) ) ;
#2960 = PRESENTATION_STYLE_ASSIGNMENT (( #642 ) ) ;
#2961 = CARTESIAN_POINT ( 'NONE',  ( 8.549999999999998934, -9.099999999999999645, -1.750000000000000000 ) ) ;
#2962 = CARTESIAN_POINT ( 'NONE',  ( 9.289061159050852723, 0.3205552995553094253, 3.200000000000000178 ) ) ;
#2964 = MECHANICAL_DESIGN_GEOMETRIC_PRESENTATION_REPRESENTATION (  '', ( #4260 ), #886 ) ;
#2963 = CARTESIAN_POINT ( 'NONE',  ( 8.869727283220491643, -0.5315127002847459536, 3.299999999999999822 ) ) ;
#2965 = VERTEX_POINT ( 'NONE', #102 ) ;
#2966 = AXIS2_PLACEMENT_3D ( 'NONE', #792, #3624, #6414 ) ;
#2967 = SURFACE_STYLE_USAGE ( .BOTH. , #3530 ) ;
#2968 = CARTESIAN_POINT ( 'NONE',  ( 1.764496007633963970, -0.5112687621461996512, 3.300000000000000711 ) ) ;
#2969 = ORIENTED_EDGE ( 'NONE', *, *, #5104, .F. ) ;
#2970 =( NAMED_UNIT ( * ) SI_UNIT ( $, .STERADIAN. ) SOLID_ANGLE_UNIT ( ) );
#2971 = CARTESIAN_POINT ( 'NONE',  ( -8.047325625710852748, 0.09872081173813591903, 3.199999999999999289 ) ) ;
#2972 = SURFACE_STYLE_USAGE ( .BOTH. , #7063 ) ;
#2973 = CARTESIAN_POINT ( 'NONE',  ( 1.943108021506276595, 0.06318993120499195870, 3.200000000000001510 ) ) ;
#2974 = STYLED_ITEM ( 'NONE', ( #3385 ), #5271 ) ;
#2975 = ADVANCED_FACE ( 'NONE', ( #2102 ), #4192, .T. ) ;
#2976 = CARTESIAN_POINT ( 'NONE',  ( -6.914722419011650523, -0.2223573830769846882, 3.300000000000000711 ) ) ;
#2977 = SURFACE_SIDE_STYLE ('',( #5025 ) ) ;
#2978 = ORIENTED_EDGE ( 'NONE', *, *, #6201, .T. ) ;
#2979 = EDGE_CURVE ( 'NONE', #2036, #6470, #3010, .T. ) ;
#2980 = CARTESIAN_POINT ( 'NONE',  ( 1.158761638427877827, 0.2584767473356285872, 3.199999999999999734 ) ) ;
#2981 = EDGE_CURVE ( 'NONE', #265, #8431, #5903, .T. ) ;
#2982 = DIRECTION ( 'NONE',  ( -1.000000000000000000, 0.000000000000000000, 0.000000000000000000 ) ) ;
#2983 = CARTESIAN_POINT ( 'NONE',  ( 8.651891673527776661, -0.4954108444338113371, 3.200000000000000178 ) ) ;
#2984 = ORIENTED_EDGE ( 'NONE', *, *, #8203, .T. ) ;
#2985 = CARTESIAN_POINT ( 'NONE',  ( -7.914949186591617725, -0.2958476557347205493, 3.199999999999999734 ) ) ;
#2986 = EDGE_CURVE ( 'NONE', #8100, #2036, #150, .T. ) ;
#2987 = EDGE_LOOP ( 'NONE', ( #3341, #2811, #4498, #3491 ) ) ;
#2988 = SURFACE_SIDE_STYLE ('',( #1461 ) ) ;
#2989 = PRESENTATION_STYLE_ASSIGNMENT (( #167 ) ) ;
#2990 = CARTESIAN_POINT ( 'NONE',  ( -6.935647158888582631, -0.4445046030591509045, 3.199999999999998401 ) ) ;
#2991 = FACE_OUTER_BOUND ( 'NONE', #88, .T. ) ;
#2992 = SURFACE_STYLE_FILL_AREA ( #3635 ) ;
#2993 = CARTESIAN_POINT ( 'NONE',  ( -6.953199797201794041, -0.1593853426835908083, 3.200000000000000178 ) ) ;
#2994 = FILL_AREA_STYLE ('',( #1682 ) ) ;
#2995 = ORIENTED_EDGE ( 'NONE', *, *, #6606, .F. ) ;
#2996 = FACE_OUTER_BOUND ( 'NONE', #316, .T. ) ;
#2997 = CARTESIAN_POINT ( 'NONE',  ( 2.127766062763237542, 0.009149648307352998763, 3.199999999999999734 ) ) ;
#2998 = ORIENTED_EDGE ( 'NONE', *, *, #344, .F. ) ;
#2999 = CYLINDRICAL_SURFACE ( 'NONE', #2502, 0.6499999999999995781 ) ;
#3000 = CARTESIAN_POINT ( 'NONE',  ( 1.237990001267671003, -0.3763440889549810042, 3.299999999999999822 ) ) ;
#3001 = DIRECTION ( 'NONE',  ( -1.000000000000000000, 0.000000000000000000, 0.000000000000000000 ) ) ;
#3002 = CARTESIAN_POINT ( 'NONE',  ( 8.485156778170463099, -0.3841557640895607584, 3.299999999999999822 ) ) ;
#3003 = CARTESIAN_POINT ( 'NONE',  ( 8.596023159736928321, 0.4490895417054543426, 3.299999999999999378 ) ) ;
#3004 = EDGE_CURVE ( 'NONE', #44, #8309, #7275, .T. ) ;
#3005 =( NAMED_UNIT ( * ) PLANE_ANGLE_UNIT ( ) SI_UNIT ( $, .RADIAN. ) );
#3006 = CARTESIAN_POINT ( 'NONE',  ( -6.208579571182024637, -0.3005840472653508733, 3.200000000000000622 ) ) ;
#3007 = ORIENTED_EDGE ( 'NONE', *, *, #9027, .T. ) ;
#3008 = CARTESIAN_POINT ( 'NONE',  ( 9.157450582127779626, -0.2066882901882803880, 3.200000000000000622 ) ) ;
#3009 = ORIENTED_EDGE ( 'NONE', *, *, #5245, .T. ) ;
#3010 = LINE ( 'NONE', #2333, #5254 ) ;
#3011 = CARTESIAN_POINT ( 'NONE',  ( 0.2770432692307692180, 0.4940328636578734667, 3.299999999999999822 ) ) ;
#3012 = FACE_OUTER_BOUND ( 'NONE', #1046, .T. ) ;
#3013 =( NAMED_UNIT ( * ) PLANE_ANGLE_UNIT ( ) SI_UNIT ( $, .RADIAN. ) );
#3014 = SURFACE_SIDE_STYLE ('',( #1622 ) ) ;
#3015 = DIRECTION ( 'NONE',  ( 0.000000000000000000, 0.000000000000000000, 1.000000000000000000 ) ) ;
#3016 = CARTESIAN_POINT ( 'NONE',  ( -7.720605020054890133, -0.5316081619831521943, 3.299999999999999822 ) ) ;
#3017 = CARTESIAN_POINT ( 'NONE',  ( 1.158761638427877827, 0.2584767473356285872, 3.299999999999999378 ) ) ;
#3018 =( LENGTH_UNIT ( ) NAMED_UNIT ( * ) SI_UNIT ( .MILLI., .METRE. ) );
#3019 = CARTESIAN_POINT ( 'NONE',  ( -6.359256945870946254, 0.1868347255909332261, 3.200000000000000622 ) ) ;
#3020 = CARTESIAN_POINT ( 'NONE',  ( -7.348010711306453224, -0.3902659293025291243, 3.300000000000000266 ) ) ;
#3021 = CARTESIAN_POINT ( 'NONE',  ( -6.261456296796052534, 3.158925150470279331, 3.999999999999999112 ) ) ;
#3022 = VECTOR ( 'NONE', #5567, 1000.000000000000000 ) ;
#3023 = CARTESIAN_POINT ( 'NONE',  ( 8.530390170170544906, -0.09961101863847386662, 3.200000000000000622 ) ) ;
#3024 = CARTESIAN_POINT ( 'NONE',  ( 8.952075734300789733, 0.5127797074772856289, 3.200000000000000622 ) ) ;
#3025 = ORIENTED_EDGE ( 'NONE', *, *, #7997, .F. ) ;
#3026 = VECTOR ( 'NONE', #6229, 1000.000000000000000 ) ;
#3027 = CLOSED_SHELL ( 'NONE', ( #1300, #5915, #2181, #462, #2304, #6382, #119, #1770, #5206, #3315, #6783, #3424, #4993, #2046, #8759, #1552, #1684, #1265, #7151, #4405, #4965, #331, #6356, #6482, #2001, #5381, #6867, #6760, #2928, #4126, #4602, #7133, #8871, #7939, #3103, #7667, #3539, #2396, #7241, #2949, #1457, #5663, #5272, #6985, #8123, #5701, #1814, #61, #4984, #3869, #4386, #1777, #1047, #2801, #66, #4738, #5426, #755, #7333, #908, #3474, #616, #3226, #1128, #2824, #7276, #2639, #8758, #3875, #6919, #8073, #6352, #2704, #1040, #5570, #2975, #5012, #4010, #1708, #5383, #1979, #5798, #4279, #6658, #8525, #1670, #5969, #3906, #7440, #4619, #8938, #5121, #4853, #8917, #105, #5355, #4689, #7514, #9053, #2066, #3870, #737, #8607, #6605, #5100, #7922, #3334, #4165, #8801, #2123, #8278, #8368, #5648, #1815, #1197, #3898, #1127, #5271, #4063, #4541, #5776, #3616, #3873, #248, #1406 ) ) ;
#3028 = ORIENTED_EDGE ( 'NONE', *, *, #3057, .F. ) ;
#3029 = FACE_OUTER_BOUND ( 'NONE', #5728, .T. ) ;
#3030 = CARTESIAN_POINT ( 'NONE',  ( -7.142929484932185602, -0.1581913680433310598, 3.199999999999999734 ) ) ;
#3031 = CARTESIAN_POINT ( 'NONE',  ( 8.820976912324953290, 0.3392346502233161698, 3.299999999999999378 ) ) ;
#3032 = SURFACE_STYLE_USAGE ( .BOTH. , #6479 ) ;
#3033 = CARTESIAN_POINT ( 'NONE',  ( -8.239835789285658407, -0.004364572239562458135, 3.299999999999999822 ) ) ;
#3034 = CARTESIAN_POINT ( 'NONE',  ( -7.422728417490787933, -0.2066882901882803603, 3.299999999999999822 ) ) ;
#3035 = UNCERTAINTY_MEASURE_WITH_UNIT (LENGTH_MEASURE( 1.000000000000000082E-05 ), #1822, 'distance_accuracy_value', 'NONE');
#3036 = ORIENTED_EDGE ( 'NONE', *, *, #5224, .T. ) ;
#3037 = CARTESIAN_POINT ( 'NONE',  ( -8.017801159763711993, -0.1841499302143286831, 3.200000000000000178 ) ) ;
#3038 = COLOUR_RGB ( '',0.7764705882352941346, 0.7568627450980391913, 0.7372549019607843590 ) ;
#3039 = CARTESIAN_POINT ( 'NONE',  ( 1.090229529840449185, -0.02314887048649054771, 3.200000000000000178 ) ) ;
#3040 = VECTOR ( 'NONE', #8090, 1000.000000000000000 ) ;
#3041 = CARTESIAN_POINT ( 'NONE',  ( 0.2770432692307692180, 0.4940328636578734667, 3.200000000000000178 ) ) ;
#3042 = ORIENTED_EDGE ( 'NONE', *, *, #607, .T. ) ;
#3043 = CARTESIAN_POINT ( 'NONE',  ( 7.545471415461110887, -0.5059671363421265333, 3.299999999999999822 ) ) ;
#3044 = CARTESIAN_POINT ( 'NONE',  ( 1.089743589743589869, -0.005566495316485452725, 3.299999999999999822 ) ) ;
#3045 = CARTESIAN_POINT ( 'NONE',  ( -7.145774984428966192, 0.1321026973104381386, 3.199999999999999289 ) ) ;
#3046 = CARTESIAN_POINT ( 'NONE',  ( -6.274453921627017650, -0.3805210781954629917, 3.300000000000000266 ) ) ;
#3047 = CARTESIAN_POINT ( 'NONE',  ( 1.899053681160876028, -0.4467355914999328603, 3.200000000000000622 ) ) ;
#3048 =( NAMED_UNIT ( * ) PLANE_ANGLE_UNIT ( ) SI_UNIT ( $, .RADIAN. ) );
#3049 = CARTESIAN_POINT ( 'NONE',  ( 9.146286300787073387, 0.2062979031220077697, 3.199999999999999734 ) ) ;
#3050 = STYLED_ITEM ( 'NONE', ( #5916 ), #1197 ) ;
#3051 = PRESENTATION_STYLE_ASSIGNMENT (( #1609 ) ) ;
#3052 = ORIENTED_EDGE ( 'NONE', *, *, #2445, .T. ) ;
#3053 = FILL_AREA_STYLE ('',( #8726 ) ) ;
#3054 = EDGE_CURVE ( 'NONE', #2656, #7121, #6545, .T. ) ;
#3055 = CARTESIAN_POINT ( 'NONE',  ( -7.518426297894672317, -0.2899547384880497569, 3.200000000000000622 ) ) ;
#3056 = ORIENTED_EDGE ( 'NONE', *, *, #229, .T. ) ;
#3057 = EDGE_CURVE ( 'NONE', #6517, #3784, #7320, .T. ) ;
#3058 = CARTESIAN_POINT ( 'NONE',  ( -0.9454611344085813718, 5.099999999999999645, -0.8807521802656378407 ) ) ;
#3059 = SURFACE_SIDE_STYLE ('',( #4424 ) ) ;
#3060 = DIRECTION ( 'NONE',  ( -0.1736481776669306920, 0.9848077530122080203, 4.163336342344336410E-17 ) ) ;
#3061 = FILL_AREA_STYLE_COLOUR ( '', #3269 ) ;
#3062 = CARTESIAN_POINT ( 'NONE',  ( 1.400273643682722335, -0.2813502882735540167, 3.299999999999999822 ) ) ;
#3063 = DIRECTION ( 'NONE',  ( 0.9848077530122080203, 0.1736481776669307198, 4.830875502720221901E-16 ) ) ;
#3064 = SURFACE_STYLE_FILL_AREA ( #4518 ) ;
#3065 =( NAMED_UNIT ( * ) PLANE_ANGLE_UNIT ( ) SI_UNIT ( $, .RADIAN. ) );
#3066 = CARTESIAN_POINT ( 'NONE',  ( -2.945461134408580595, 6.099999999999999645, 0.000000000000000000 ) ) ;
#3067 = PRESENTATION_LAYER_ASSIGNMENT (  '', '', ( #7887 ) ) ;
#3068 = LINE ( 'NONE', #8658, #7143 ) ;
#3069 = CARTESIAN_POINT ( 'NONE',  ( -7.500061426487823368, -0.4901566081137488373, 3.300000000000001155 ) ) ;
#3070 = CIRCLE ( 'NONE', #6000, 0.5000000000000004441 ) ;
#3071 =( GEOMETRIC_REPRESENTATION_CONTEXT ( 3 ) GLOBAL_UNCERTAINTY_ASSIGNED_CONTEXT ( ( #6318 ) ) GLOBAL_UNIT_ASSIGNED_CONTEXT ( ( #1391, #1496, #4197 ) ) REPRESENTATION_CONTEXT ( 'NONE', 'WORKASPACE' ) );
#3072 =( LENGTH_UNIT ( ) NAMED_UNIT ( * ) SI_UNIT ( .MILLI., .METRE. ) );
#3073 = AXIS2_PLACEMENT_3D ( 'NONE', #7677, #775, #4961 ) ;
#3074 = EDGE_CURVE ( 'NONE', #7840, #8182, #1014, .T. ) ;
#3075 = EDGE_CURVE ( 'NONE', #879, #7290, #8549, .T. ) ;
#3076 = PRESENTATION_STYLE_ASSIGNMENT (( #1108 ) ) ;
#3077 = ORIENTED_EDGE ( 'NONE', *, *, #8543, .F. ) ;
#3078 = LINE ( 'NONE', #2711, #85 ) ;
#3079 = VECTOR ( 'NONE', #6018, 1000.000000000000000 ) ;
#3080 = LINE ( 'NONE', #7974, #137 ) ;
#3081 = SURFACE_STYLE_USAGE ( .BOTH. , #6562 ) ;
#3082 =( NAMED_UNIT ( * ) SI_UNIT ( $, .STERADIAN. ) SOLID_ANGLE_UNIT ( ) );
#3083 = CARTESIAN_POINT ( 'NONE',  ( 1.099107007456302521, 0.09876229304471627335, 3.199999999999999734 ) ) ;
#3084 = PRESENTATION_STYLE_ASSIGNMENT (( #1680 ) ) ;
#3085 = COLOUR_RGB ( '',0.2509803921568627416, 0.2509803921568627416, 0.2509803921568627416 ) ;
#3086 = PRESENTATION_LAYER_ASSIGNMENT (  '', '', ( #5861 ) ) ;
#3087 = CARTESIAN_POINT ( 'NONE',  ( 8.049999999999998934, -6.899999999999998579, 9.797174393178827383E-17 ) ) ;
#3088 = VECTOR ( 'NONE', #3456, 1000.000000000000000 ) ;
#3089 = ORIENTED_EDGE ( 'NONE', *, *, #8265, .T. ) ;
#3090 = CARTESIAN_POINT ( 'NONE',  ( -7.790883971647748929, -0.3462697766657424348, 3.199999999999999734 ) ) ;
#3091 = MECHANICAL_DESIGN_GEOMETRIC_PRESENTATION_REPRESENTATION (  '', ( #8205 ), #5276 ) ;
#3092 = FACE_OUTER_BOUND ( 'NONE', #1405, .T. ) ;
#3093 = ORIENTED_EDGE ( 'NONE', *, *, #7379, .F. ) ;
#3094 =( LENGTH_UNIT ( ) NAMED_UNIT ( * ) SI_UNIT ( .MILLI., .METRE. ) );
#3095 = CARTESIAN_POINT ( 'NONE',  ( 1.091188474694978927, -0.05784559197263930419, 3.299999999999999378 ) ) ;
#3096 = PLANE ( 'NONE',  #8787 ) ;
#3097 = VECTOR ( 'NONE', #4747, 1000.000000000000227 ) ;
#3098 = DIRECTION ( 'NONE',  ( -0.000000000000000000, -0.000000000000000000, -1.000000000000000000 ) ) ;
#3099 = CARTESIAN_POINT ( 'NONE',  ( 2.091430796074487564, -0.2115733426068731049, 3.199999999999999289 ) ) ;
#3100 = CARTESIAN_POINT ( 'NONE',  ( 8.758083801768847820, 0.5099912977391113378, 3.299999999999999378 ) ) ;
#3101 = DIRECTION ( 'NONE',  ( -1.000000000000000000, 0.000000000000000000, -1.351345363508946299E-16 ) ) ;
#3102 = VECTOR ( 'NONE', #2748, 1000.000000000000000 ) ;
#3103 = ADVANCED_FACE ( 'NONE', ( #1707 ), #5852, .T. ) ;
#3104 = FACE_OUTER_BOUND ( 'NONE', #174, .T. ) ;
#3105 = ORIENTED_EDGE ( 'NONE', *, *, #2432, .T. ) ;
#3106 = DIRECTION ( 'NONE',  ( 0.9848077530122080203, 0.1736481776669306920, -0.000000000000000000 ) ) ;
#3107 = EDGE_CURVE ( 'NONE', #1539, #5168, #3828, .T. ) ;
#3108 = SURFACE_STYLE_FILL_AREA ( #1792 ) ;
#3109 = CARTESIAN_POINT ( 'NONE',  ( 2.013116481777227573, -0.3417455459945946128, 3.299999999999999822 ) ) ;
#3110 = UNCERTAINTY_MEASURE_WITH_UNIT (LENGTH_MEASURE( 1.000000000000000082E-05 ), #977, 'distance_accuracy_value', 'NONE');
#3111 = AXIS2_PLACEMENT_3D ( 'NONE', #4115, #5457, #2712 ) ;
#3112 = VERTEX_POINT ( 'NONE', #1053 ) ;
#3113 = FILL_AREA_STYLE ('',( #7999 ) ) ;
#3114 = CARTESIAN_POINT ( 'NONE',  ( 30.67502342020044992, 12.51501761024782411, -1.500000000000000888 ) ) ;
#3115 = CARTESIAN_POINT ( 'NONE',  ( 8.858772697512392824, -0.3521209824959727341, 3.200000000000000178 ) ) ;
#3116 = CARTESIAN_POINT ( 'NONE',  ( -6.209883280901504321, 0.2853902983432725637, 3.299999999999999822 ) ) ;
#3117 = MECHANICAL_DESIGN_GEOMETRIC_PRESENTATION_REPRESENTATION (  '', ( #7069 ), #291 ) ;
#3118 = CARTESIAN_POINT ( 'NONE',  ( -6.846388780311315259, -0.4933455912768260898, 3.300000000000000266 ) ) ;
#3119 = SURFACE_STYLE_USAGE ( .BOTH. , #6597 ) ;
#3120 = CARTESIAN_POINT ( 'NONE',  ( -5.792365793225457082, 2.226211850758152089, -3.400000000000000355 ) ) ;
#3121 = MECHANICAL_DESIGN_GEOMETRIC_PRESENTATION_REPRESENTATION (  '', ( #5614 ), #588 ) ;
#3122 = CARTESIAN_POINT ( 'NONE',  ( 1.825497747397980763, -0.2759600079345373436, 3.299999999999999822 ) ) ;
#3123 = CARTESIAN_POINT ( 'NONE',  ( -6.811074550865612309, -0.3091098579958833636, 3.299999999999999822 ) ) ;
#3124 = FILL_AREA_STYLE ('',( #9078 ) ) ;
#3125 = EDGE_CURVE ( 'NONE', #5092, #3579, #1298, .T. ) ;
#3126 = FACE_OUTER_BOUND ( 'NONE', #1183, .T. ) ;
#3127 = DIRECTION ( 'NONE',  ( -1.000000000000000000, 0.000000000000000000, -0.000000000000000000 ) ) ;
#3128 = EDGE_LOOP ( 'NONE', ( #7356, #7403, #7271, #626 ) ) ;
#3129 = CARTESIAN_POINT ( 'NONE',  ( -8.116362757348884571, 0.3428730918388105398, 3.299999999999998934 ) ) ;
#3130 = DIRECTION ( 'NONE',  ( -1.000000000000000000, 0.000000000000000000, 0.000000000000000000 ) ) ;
#3131 = DIRECTION ( 'NONE',  ( 0.9848077530122076872, 0.1736481776669323296, 0.000000000000000000 ) ) ;
#3132 = FACE_OUTER_BOUND ( 'NONE', #6726, .T. ) ;
#3133 = PLANE ( 'NONE',  #3402 ) ;
#3134 = CARTESIAN_POINT ( 'NONE',  ( -3.300000000000000711, -2.700000000000002842, 3.200000000000000178 ) ) ;
#3135 = EDGE_CURVE ( 'NONE', #7113, #3575, #8129, .T. ) ;
#3136 = EDGE_LOOP ( 'NONE', ( #3502, #3483, #7836, #5707 ) ) ;
#3137 = SURFACE_STYLE_FILL_AREA ( #4357 ) ;
#3138 = CARTESIAN_POINT ( 'NONE',  ( 8.423467697673638455, 0.2902447036081441945, 3.299999999999999378 ) ) ;
#3139 = ORIENTED_EDGE ( 'NONE', *, *, #3409, .F. ) ;
#3140 = CARTESIAN_POINT ( 'NONE',  ( 7.981368851358547012, 0.4940328636578734667, 3.299999999999999822 ) ) ;
#3141 = CARTESIAN_POINT ( 'NONE',  ( 2.128205128205128638, -0.008971944034434263526, 3.299999999999999822 ) ) ;
#3142 =( NAMED_UNIT ( * ) SI_UNIT ( $, .STERADIAN. ) SOLID_ANGLE_UNIT ( ) );
#3143 = DIRECTION ( 'NONE',  ( -1.000000000000000000, 0.000000000000000000, 0.000000000000000000 ) ) ;
#3144 = CARTESIAN_POINT ( 'NONE',  ( 2.107809044299374879, -0.1638376451012790724, 3.299999999999998934 ) ) ;
#3145 = CARTESIAN_POINT ( 'NONE',  ( -7.554053467617412920, -0.3123006664395808207, 3.300000000000000266 ) ) ;
#3146 = EDGE_CURVE ( 'NONE', #7768, #2709, #8967, .T. ) ;
#3147 = LINE ( 'NONE', #5843, #1871 ) ;
#3148 = ORIENTED_EDGE ( 'NONE', *, *, #1430, .T. ) ;
#3149 = CARTESIAN_POINT ( 'NONE',  ( -6.700907880559681118, -0.3477163731273749114, 3.200000000000001510 ) ) ;
#3150 = CARTESIAN_POINT ( 'NONE',  ( -6.144847257806797636, -0.1638376451012789337, 3.199999999999998401 ) ) ;
#3151 = FILL_AREA_STYLE ('',( #1753 ) ) ;
#3152 = VERTEX_POINT ( 'NONE', #1945 ) ;
#3153 = SURFACE_STYLE_USAGE ( .BOTH. , #3188 ) ;
#3154 = B_SPLINE_SURFACE_WITH_KNOTS ( 'NONE', 3, 1, ( 
 ( #7545, #2907 ),
 ( #915, #5790 ),
 ( #5832, #132 ),
 ( #8679, #1512 ),
 ( #3690, #5753 ),
 ( #8573, #6962 ),
 ( #7889, #2955 ),
 ( #7168, #4312 ),
 ( #217, #5183 ),
 ( #5710, #5144 ),
 ( #8537, #651 ),
 ( #6487, #2268 ),
 ( #6528, #8624 ),
 ( #3601, #5043 ),
 ( #7838, #2314 ),
 ( #1553, #3726 ),
 ( #6391, #861 ),
 ( #8491, #3039 ),
 ( #7982, #2223 ) ),
 .UNSPECIFIED., .F., .F., .F.,
 ( 4, 1, 1, 1, 1, 1, 1, 1, 1, 1, 1, 1, 1, 1, 1, 1, 4 ),
 ( 2, 2 ),
 ( 0.000000000000000000, 0.06674865130926613266, 0.1311519760901755649, 0.1937321970570957674, 0.2553255433785987516, 0.3163881857773856443, 0.3780268629068865294, 0.4404056792054015235, 0.5045574293240810970, 0.5686582873620150691, 0.6309861790900103129, 0.6922881348732988771, 0.7526154469796393354, 0.8131995384355630296, 0.8740161248607813960, 0.9361583555105312815, 1.000000000000000000 ),
 ( 0.000000000000000000, 1.000000000000000000 ),
 .UNSPECIFIED. ) ;
#3155 = CARTESIAN_POINT ( 'NONE',  ( -7.422728417490787933, -0.2066882901882803603, 3.299999999999999822 ) ) ;
#3156 = SURFACE_SIDE_STYLE ('',( #4377 ) ) ;
#3157 = CARTESIAN_POINT ( 'NONE',  ( 0.1153846153846153910, -0.5059671363421265333, 3.200000000000000178 ) ) ;
#3158 = CARTESIAN_POINT ( 'NONE',  ( 1.269230769230769162, -0.007970341470331657879, 3.199999999999999734 ) ) ;
#3159 = ORIENTED_EDGE ( 'NONE', *, *, #3513, .T. ) ;
#3160 = DIRECTION ( 'NONE',  ( 1.000000000000000000, 4.872818752743842964E-17, -0.000000000000000000 ) ) ;
#3161 = SURFACE_SIDE_STYLE ('',( #8838 ) ) ;
#3162 = CARTESIAN_POINT ( 'NONE',  ( 1.454295036635605776, -0.5108535960611811921, 3.199999999999999734 ) ) ;
#3163 = CARTESIAN_POINT ( 'NONE',  ( 8.862378466743164651, 0.5196738892988991276, 3.300000000000000266 ) ) ;
#3164 = CARTESIAN_POINT ( 'NONE',  ( 1.128560894352510058, 0.1967357420893510178, 3.200000000000000178 ) ) ;
#3165 = ORIENTED_EDGE ( 'NONE', *, *, #7564, .F. ) ;
#3166 = CARTESIAN_POINT ( 'NONE',  ( 1.494844320603884169, -0.3332738282322757484, 3.299999999999998046 ) ) ;
#3167 = SURFACE_STYLE_FILL_AREA ( #1588 ) ;
#3168 = CARTESIAN_POINT ( 'NONE',  ( 8.049999999999998934, -8.799999999999995381, 1.750000000000000000 ) ) ;
#3169 = DIRECTION ( 'NONE',  ( 0.1736481776669307198, -0.9848077530122080203, 2.775557561562891043E-17 ) ) ;
#3170 = DIRECTION ( 'NONE',  ( -0.000000000000000000, -0.000000000000000000, -1.000000000000000000 ) ) ;
#3171 = EDGE_LOOP ( 'NONE', ( #7136, #7031, #2642, #2603 ) ) ;
#3172 = CARTESIAN_POINT ( 'NONE',  ( -6.860428738003608196, -0.2751979055728958068, 3.200000000000000178 ) ) ;
#3173 = DIRECTION ( 'NONE',  ( -0.000000000000000000, -0.000000000000000000, -1.000000000000000000 ) ) ;
#3174 = STYLED_ITEM ( 'NONE', ( #948 ), #6605 ) ;
#3175 = CARTESIAN_POINT ( 'NONE',  ( -6.606751646191459493, -0.3511813902018701694, 3.300000000000001155 ) ) ;
#3176 = STYLED_ITEM ( 'NONE', ( #5003 ), #119 ) ;
#3177 =( NAMED_UNIT ( * ) SI_UNIT ( $, .STERADIAN. ) SOLID_ANGLE_UNIT ( ) );
#3178 = CARTESIAN_POINT ( 'NONE',  ( -6.710449902765049046, 0.5155617966194668833, 3.300000000000000266 ) ) ;
#3179 = CARTESIAN_POINT ( 'NONE',  ( 2.044076730924149654, -0.3005840472653508733, 3.299999999999999822 ) ) ;
#3180 = CARTESIAN_POINT ( 'NONE',  ( 8.855367248794443924, 0.3401867098117196120, 3.200000000000000178 ) ) ;
#3181 = EDGE_CURVE ( 'NONE', #4113, #4151, #8226, .T. ) ;
#3182 = MECHANICAL_DESIGN_GEOMETRIC_PRESENTATION_REPRESENTATION (  '', ( #3894 ), #8301 ) ;
#3183 =( GEOMETRIC_REPRESENTATION_CONTEXT ( 3 ) GLOBAL_UNCERTAINTY_ASSIGNED_CONTEXT ( ( #5108 ) ) GLOBAL_UNIT_ASSIGNED_CONTEXT ( ( #2258, #8527, #74 ) ) REPRESENTATION_CONTEXT ( 'NONE', 'WORKASPACE' ) );
#3184 = ORIENTED_EDGE ( 'NONE', *, *, #2432, .F. ) ;
#3185 = CARTESIAN_POINT ( 'NONE',  ( 10.14999999999999858, -7.699999999999999289, 0.000000000000000000 ) ) ;
#3186 = CARTESIAN_POINT ( 'NONE',  ( 1.612379807692307709, -0.5316081619831521943, 3.299999999999999822 ) ) ;
#3187 = ORIENTED_EDGE ( 'NONE', *, *, #3074, .F. ) ;
#3188 = SURFACE_SIDE_STYLE ('',( #1013 ) ) ;
#3189 = CARTESIAN_POINT ( 'NONE',  ( -9.150000000000000355, -4.599999999999998757, 3.200000000000000178 ) ) ;
#3190 = CYLINDRICAL_SURFACE ( 'NONE', #4108, 0.4999999999999882871 ) ;
#3191 = STYLED_ITEM ( 'NONE', ( #4221 ), #1047 ) ;
#3192 = ORIENTED_EDGE ( 'NONE', *, *, #1358, .F. ) ;
#3193 = CARTESIAN_POINT ( 'NONE',  ( -6.328246927327432658, 0.1277919000503630331, 3.200000000000000178 ) ) ;
#3194 = MECHANICAL_DESIGN_GEOMETRIC_PRESENTATION_REPRESENTATION (  '', ( #7012 ), #830 ) ;
#3195 = CARTESIAN_POINT ( 'NONE',  ( -7.829229332768651517, -0.5233095848922482141, 3.300000000000000266 ) ) ;
#3196 = CARTESIAN_POINT ( 'NONE',  ( -7.425548628084586156, -0.4494348596310132615, 3.199999999999999734 ) ) ;
#3197 = LINE ( 'NONE', #3066, #1547 ) ;
#3198 = SURFACE_STYLE_USAGE ( .BOTH. , #8239 ) ;
#3199 = EDGE_CURVE ( 'NONE', #7337, #2958, #264, .T. ) ;
#3200 = CARTESIAN_POINT ( 'NONE',  ( 1.203435150288049593, -0.3367524797816547899, 3.199999999999998845 ) ) ;
#3201 = DIRECTION ( 'NONE',  ( 0.000000000000000000, 1.000000000000000000, 0.000000000000000000 ) ) ;
#3202 = FILL_AREA_STYLE_COLOUR ( '', #4623 ) ;
#3203 =( GEOMETRIC_REPRESENTATION_CONTEXT ( 3 ) GLOBAL_UNCERTAINTY_ASSIGNED_CONTEXT ( ( #3294 ) ) GLOBAL_UNIT_ASSIGNED_CONTEXT ( ( #369, #8653, #2427 ) ) REPRESENTATION_CONTEXT ( 'NONE', 'WORKASPACE' ) );
#3204 = EDGE_CURVE ( 'NONE', #8093, #1774, #3951, .T. ) ;
#3205 = FILL_AREA_STYLE_COLOUR ( '', #7587 ) ;
#3206 = CARTESIAN_POINT ( 'NONE',  ( -8.068699089050522133, 0.3896584085384145468, 3.200000000000002842 ) ) ;
#3207 = VERTEX_POINT ( 'NONE', #1138 ) ;
#3208 = CARTESIAN_POINT ( 'NONE',  ( 1.551748421546491841, -0.3477163731273746894, 3.299999999999999378 ) ) ;
#3209 = AXIS2_PLACEMENT_3D ( 'NONE', #2596, #5481, #1093 ) ;
#3210 = CARTESIAN_POINT ( 'NONE',  ( -8.060252236734909204, -0.01231487174682617362, 3.299999999999999822 ) ) ;
#3211 = CARTESIAN_POINT ( 'NONE',  ( 31.21952175000662422, 12.30639937317762822, -1.859130753469925349E-16 ) ) ;
#3212 = VECTOR ( 'NONE', #100, 1000.000000000000000 ) ;
#3213 = FACE_OUTER_BOUND ( 'NONE', #1582, .T. ) ;
#3214 = COLOUR_RGB ( '',0.2509803921568627416, 0.2509803921568627416, 0.2509803921568627416 ) ;
#3215 = UNCERTAINTY_MEASURE_WITH_UNIT (LENGTH_MEASURE( 1.000000000000000082E-05 ), #6890, 'distance_accuracy_value', 'NONE');
#3216 = STYLED_ITEM ( 'NONE', ( #6093 ), #1979 ) ;
#3217 = ORIENTED_EDGE ( 'NONE', *, *, #1694, .T. ) ;
#3218 = CARTESIAN_POINT ( 'NONE',  ( -7.564621575772545015, 0.3045297565861890265, 3.199999999999999734 ) ) ;
#3219 = CARTESIAN_POINT ( 'NONE',  ( 8.627063006396161526, 0.4656070105419899408, 3.300000000000000266 ) ) ;
#3220 = EDGE_CURVE ( 'NONE', #964, #2905, #1886, .T. ) ;
#3221 = MECHANICAL_DESIGN_GEOMETRIC_PRESENTATION_REPRESENTATION (  '', ( #7323 ), #7753 ) ;
#3222 =( LENGTH_UNIT ( ) NAMED_UNIT ( * ) SI_UNIT ( .MILLI., .METRE. ) );
#3224 = STYLED_ITEM ( 'NONE', ( #458 ), #2123 ) ;
#3223 = FILL_AREA_STYLE_COLOUR ( '', #3800 ) ;
#3225 = SURFACE_SIDE_STYLE ('',( #8901 ) ) ;
#3226 = ADVANCED_FACE ( 'NONE', ( #5331 ), #1969, .T. ) ;
#3227 = CARTESIAN_POINT ( 'NONE',  ( 9.157450582127777849, 0.1947540175040261001, 3.200000000000000178 ) ) ;
#3228 = CARTESIAN_POINT ( 'NONE',  ( -8.017080178810605418, -0.4489386903626303438, 3.200000000000001066 ) ) ;
#3229 = CARTESIAN_POINT ( 'NONE',  ( 9.150820972121209707, -0.2133483499873540801, 3.300000000000000266 ) ) ;
#3230 = AXIS2_PLACEMENT_3D ( 'NONE', #8385, #8878, #3966 ) ;
#3231 = CARTESIAN_POINT ( 'NONE',  ( -1.945461134408580595, 5.099999999999999645, 1.119247819734363159 ) ) ;
#3232 = AXIS2_PLACEMENT_3D ( 'NONE', #7909, #2468, #1620 ) ;
#3233 = MECHANICAL_DESIGN_GEOMETRIC_PRESENTATION_REPRESENTATION (  '', ( #7195 ), #1277 ) ;
#3234 = ORIENTED_EDGE ( 'NONE', *, *, #3916, .F. ) ;
#3235 = PLANE ( 'NONE',  #6902 ) ;
#3236 = CARTESIAN_POINT ( 'NONE',  ( 1.896425007908497440, 0.4336530536449935136, 3.200000000000000622 ) ) ;
#3237 = CIRCLE ( 'NONE', #7055, 1.250000000000000222 ) ;
#3238 = VERTEX_POINT ( 'NONE', #595 ) ;
#3239 =( LENGTH_UNIT ( ) NAMED_UNIT ( * ) SI_UNIT ( .MILLI., .METRE. ) );
#3240 = CARTESIAN_POINT ( 'NONE',  ( -6.834479272489687673, 0.2853420351624346152, 3.300000000000000711 ) ) ;
#3241 = DIRECTION ( 'NONE',  ( -1.000000000000000000, 0.000000000000000000, 0.000000000000000000 ) ) ;
#3243 = VECTOR ( 'NONE', #7883, 1000.000000000000000 ) ;
#3242 = PRESENTATION_STYLE_ASSIGNMENT (( #4608 ) ) ;
#3244 = CARTESIAN_POINT ( 'NONE',  ( 1.601618254404669539, -0.3518956517635121184, 3.299999999999999822 ) ) ;
#3245 = VECTOR ( 'NONE', #2284, 1000.000000000000000 ) ;
#3246 = CARTESIAN_POINT ( 'NONE',  ( -6.304254708005980312, 0.005331963233136725530, 3.299999999999999378 ) ) ;
#3247 = EDGE_LOOP ( 'NONE', ( #4613, #5184, #8020, #1649 ) ) ;
#3248 = CARTESIAN_POINT ( 'NONE',  ( -9.650000000000002132, 5.099999999999999645, 3.200000000000000178 ) ) ;
#3249 = MECHANICAL_DESIGN_GEOMETRIC_PRESENTATION_REPRESENTATION (  '', ( #1020 ), #8374 ) ;
#3250 = SURFACE_STYLE_USAGE ( .BOTH. , #6922 ) ;
#3251 = CARTESIAN_POINT ( 'NONE',  ( -5.679539314926684845, 0.4940328636578734667, 3.299999999999999822 ) ) ;
#3252 = CARTESIAN_POINT ( 'NONE',  ( 1.741644579886641564, -0.3278025382206052329, 3.200000000000001510 ) ) ;
#3253 = CARTESIAN_POINT ( 'NONE',  ( 8.691345368131774052, 0.4923525469145172972, 3.200000000000000622 ) ) ;
#3254 =( NAMED_UNIT ( * ) PLANE_ANGLE_UNIT ( ) SI_UNIT ( $, .RADIAN. ) );
#3255 = VECTOR ( 'NONE', #1990, 1000.000000000000000 ) ;
#3256 = CARTESIAN_POINT ( 'NONE',  ( -6.694804934965429055, -0.5303724282754067598, 3.199999999999998845 ) ) ;
#3257 = EDGE_CURVE ( 'NONE', #4097, #8862, #6998, .T. ) ;
#3258 = DIRECTION ( 'NONE',  ( 0.000000000000000000, -1.000000000000000000, 0.000000000000000000 ) ) ;
#3259 = STYLED_ITEM ( 'NONE', ( #816 ), #4738 ) ;
#3260 = CYLINDRICAL_SURFACE ( 'NONE', #2325, 0.7999999999999994893 ) ;
#3261 = CARTESIAN_POINT ( 'NONE',  ( -7.717800532875402908, 0.5196738892988990166, 3.299999999999999822 ) ) ;
#3262 = ORIENTED_EDGE ( 'NONE', *, *, #4032, .F. ) ;
#3263 = CIRCLE ( 'NONE', #5001, 0.8000000000000003775 ) ;
#3264 = SURFACE_STYLE_FILL_AREA ( #2532 ) ;
#3265 = CARTESIAN_POINT ( 'NONE',  ( 0.2948717948717948789, 0.1500825431450529823, 3.299999999999999822 ) ) ;
#3266 = CARTESIAN_POINT ( 'NONE',  ( -7.933023087868631862, -0.2831031713986904008, 3.299999999999998934 ) ) ;
#3267 = SURFACE_STYLE_USAGE ( .BOTH. , #8940 ) ;
#3268 = CARTESIAN_POINT ( 'NONE',  ( -6.328080377002540224, -0.1413161872227509663, 3.299999999999999378 ) ) ;
#3269 = COLOUR_RGB ( '',0.2509803921568627416, 0.2509803921568627416, 0.2509803921568627416 ) ;
#3270 = ORIENTED_EDGE ( 'NONE', *, *, #6085, .F. ) ;
#3271 =( NAMED_UNIT ( * ) SI_UNIT ( $, .STERADIAN. ) SOLID_ANGLE_UNIT ( ) );
#3272 = CARTESIAN_POINT ( 'NONE',  ( -6.606751646191459493, -0.3511813902018701694, 3.200000000000001066 ) ) ;
#3273 = SURFACE_STYLE_USAGE ( .BOTH. , #3225 ) ;
#3274 = DIRECTION ( 'NONE',  ( 0.9848077530122080203, 0.1736481776669307198, 0.000000000000000000 ) ) ;
#3275 = PRESENTATION_STYLE_ASSIGNMENT (( #6849 ) ) ;
#3276 = CARTESIAN_POINT ( 'NONE',  ( 0.9999999999999995559, -9.099999999999999645, 1.449999999999998401 ) ) ;
#3277 = EDGE_LOOP ( 'NONE', ( #5755, #3436, #148, #5937 ) ) ;
#3278 = CARTESIAN_POINT ( 'NONE',  ( 9.649999999999998579, 4.599999999999998757, -3.200000000000000178 ) ) ;
#3279 = CARTESIAN_POINT ( 'NONE',  ( 2.126902151243899475, 0.04480595572570830049, 3.200000000000000178 ) ) ;
#3280 = SURFACE_STYLE_FILL_AREA ( #6671 ) ;
#3281 = VERTEX_POINT ( 'NONE', #47 ) ;
#3282 = CARTESIAN_POINT ( 'NONE',  ( 1.379853117821800090, 0.4661060021047254143, 3.299999999999998934 ) ) ;
#3283 = LINE ( 'NONE', #2691, #8341 ) ;
#3284 = PRESENTATION_STYLE_ASSIGNMENT (( #454 ) ) ;
#3285 = LINE ( 'NONE', #5904, #143 ) ;
#3286 = CARTESIAN_POINT ( 'NONE',  ( 9.180086639689395867, -0.4317492700529750871, 3.299999999999998934 ) ) ;
#3287 = CARTESIAN_POINT ( 'NONE',  ( 1.581499309617327098, -0.3514494753323377796, 3.199999999999999734 ) ) ;
#3288 = LINE ( 'NONE', #6082, #1116 ) ;
#3289 = ORIENTED_EDGE ( 'NONE', *, *, #7925, .F. ) ;
#3290 = CARTESIAN_POINT ( 'NONE',  ( -7.291117840567710395, 0.3205552995553094253, 3.299999999999999822 ) ) ;
#3291 = CARTESIAN_POINT ( 'NONE',  ( 1.596472149418542097, 0.3398727476550354454, 3.200000000000000622 ) ) ;
#3292 = CARTESIAN_POINT ( 'NONE',  ( -6.932563451130993037, 0.4310982707423297033, 3.200000000000000178 ) ) ;
#3293 = CARTESIAN_POINT ( 'NONE',  ( 8.442874536893022253, 0.3171879314990538323, 3.200000000000000178 ) ) ;
#3294 = UNCERTAINTY_MEASURE_WITH_UNIT (LENGTH_MEASURE( 1.000000000000000082E-05 ), #369, 'distance_accuracy_value', 'NONE');
#3295 = ORIENTED_EDGE ( 'NONE', *, *, #2979, .T. ) ;
#3296 = CARTESIAN_POINT ( 'NONE',  ( -5.049731622618993221, -0.5059671363421265333, 3.299999999999999822 ) ) ;
#3297 =( LENGTH_UNIT ( ) NAMED_UNIT ( * ) SI_UNIT ( .MILLI., .METRE. ) );
#3298 = FILL_AREA_STYLE_COLOUR ( '', #7187 ) ;
#3299 =( NAMED_UNIT ( * ) SI_UNIT ( $, .STERADIAN. ) SOLID_ANGLE_UNIT ( ) );
#3300 = B_SPLINE_SURFACE_WITH_KNOTS ( 'NONE', 3, 1, ( 
 ( #7593, #6128 ),
 ( #6822, #3480 ),
 ( #604, #2048 ),
 ( #4847, #507 ),
 ( #3339, #4757 ),
 ( #8979, #8924 ),
 ( #5447, #8238 ),
 ( #2700, #1998 ),
 ( #6923, #6272 ),
 ( #7547, #9066 ),
 ( #2794, #4803 ),
 ( #4148, #8139 ),
 ( #1850, #1240 ),
 ( #4659, #3961 ),
 ( #6784, #461 ),
 ( #4101, #6870 ),
 ( #3440, #3292 ),
 ( #3394, #6181 ),
 ( #2601, #6088 ),
 ( #9019, #2747 ),
 ( #8874, #4236 ),
 ( #4925, #7138 ),
 ( #6501, #747 ),
 ( #3651, #1525 ),
 ( #6401, #5725 ),
 ( #7008, #1385 ),
 ( #17, #7770 ) ),
 .UNSPECIFIED., .F., .F., .F.,
 ( 4, 1, 1, 1, 1, 1, 1, 1, 1, 1, 1, 1, 1, 1, 1, 1, 1, 1, 1, 1, 1, 1, 1, 1, 4 ),
 ( 2, 2 ),
 ( 0.000000000000000000, 0.04311434566197350909, 0.08568276482420889018, 0.1275943241639273251, 0.1690586225605480719, 0.2104320288213096801, 0.2518111664630525159, 0.2934438397982391256, 0.3353808532218247040, 0.3774766059607938540, 0.4186884906768268966, 0.4598730336711987499, 0.5008729046253148631, 0.5418727755794313650, 0.5832117768673233948, 0.6247632017340751798, 0.6669876223820895289, 0.7093697058942394218, 0.7511026519448579242, 0.7925683801202199064, 0.8335451085502575408, 0.8748274225565251250, 0.9160177232110666701, 0.9578592039763044186, 1.000000000000000000 ),
 ( 0.000000000000000000, 1.000000000000000000 ),
 .UNSPECIFIED. ) ;
#3301 = CARTESIAN_POINT ( 'NONE',  ( 9.289061159050852723, 0.3205552995553094253, 3.199999999999999734 ) ) ;
#3302 = PLANE ( 'NONE',  #4528 ) ;
#3303 = VERTEX_POINT ( 'NONE', #4185 ) ;
#3304 = CARTESIAN_POINT ( 'NONE',  ( -6.776655094006265756, 0.3160716312624635704, 3.200000000000001510 ) ) ;
#3305 = LINE ( 'NONE', #4724, #1163 ) ;
#3306 = SURFACE_STYLE_FILL_AREA ( #4814 ) ;
#3307 = CARTESIAN_POINT ( 'NONE',  ( 1.873508203433866814, -0.2274515614225652016, 3.300000000000001599 ) ) ;
#3308 = SURFACE_STYLE_FILL_AREA ( #7563 ) ;
#3309 = CARTESIAN_POINT ( 'NONE',  ( 1.573379200815559820, 0.3392531119941205597, 3.300000000000000266 ) ) ;
#3310 = CARTESIAN_POINT ( 'NONE',  ( -8.060014200092288306, 0.007934199377222219893, 3.299999999999999822 ) ) ;
#3311 = CARTESIAN_POINT ( 'NONE',  ( -8.017801159763711993, -0.1841499302143286831, 3.300000000000000266 ) ) ;
#3312 = ORIENTED_EDGE ( 'NONE', *, *, #5257, .F. ) ;
#3313 = DIRECTION ( 'NONE',  ( -0.000000000000000000, -0.000000000000000000, -1.000000000000000000 ) ) ;
#3314 = CARTESIAN_POINT ( 'NONE',  ( 8.792238901760654812, 0.5156979691061264193, 3.300000000000000711 ) ) ;
#3315 = ADVANCED_FACE ( 'NONE', ( #8449 ), #4140, .T. ) ;
#3316 = CARTESIAN_POINT ( 'NONE',  ( 0.1153846153846153910, 0.4940328636578734667, 3.299999999999999822 ) ) ;
#3317 = LINE ( 'NONE', #5232, #9075 ) ;
#3318 = MECHANICAL_DESIGN_GEOMETRIC_PRESENTATION_REPRESENTATION (  '', ( #4914 ), #5673 ) ;
#3319 = CARTESIAN_POINT ( 'NONE',  ( 1.664608827013363213, -0.5302281613738382138, 3.300000000000000711 ) ) ;
#3320 = CARTESIAN_POINT ( 'NONE',  ( 9.099071970293680423, -0.2614307685271266557, 3.299999999999999822 ) ) ;
#3321 = DIRECTION ( 'NONE',  ( -1.000000000000000000, -4.872818752743843581E-17, -0.000000000000000000 ) ) ;
#3322 = ORIENTED_EDGE ( 'NONE', *, *, #3125, .F. ) ;
#3323 = FILL_AREA_STYLE_COLOUR ( '', #7044 ) ;
#3324 = CARTESIAN_POINT ( 'NONE',  ( -6.588047475092809080, -0.5302281613738378807, 3.299999999999999378 ) ) ;
#3325 =( NAMED_UNIT ( * ) SI_UNIT ( $, .STERADIAN. ) SOLID_ANGLE_UNIT ( ) );
#3326 = ORIENTED_EDGE ( 'NONE', *, *, #8676, .F. ) ;
#3327 = CARTESIAN_POINT ( 'NONE',  ( 1.769632545339713037, 0.3015013959391056875, 3.200000000000001066 ) ) ;
#3328 = DIRECTION ( 'NONE',  ( -1.000000000000000000, 0.000000000000000000, 0.000000000000000000 ) ) ;
#3329 = DIRECTION ( 'NONE',  ( 3.445603183558166470E-17, -0.7071067811865515695, 0.7071067811865434649 ) ) ;
#3330 = FILL_AREA_STYLE ('',( #1283 ) ) ;
#3331 = VECTOR ( 'NONE', #6388, 1000.000000000000000 ) ;
#3332 = PRESENTATION_STYLE_ASSIGNMENT (( #7543 ) ) ;
#3333 = ORIENTED_EDGE ( 'NONE', *, *, #8869, .T. ) ;
#3334 = ADVANCED_FACE ( 'NONE', ( #6957 ), #2783, .T. ) ;
#3335 = CARTESIAN_POINT ( 'NONE',  ( -6.609896387670847417, 0.3392199482447084136, 3.200000000000000622 ) ) ;
#3336 = EDGE_CURVE ( 'NONE', #6026, #5674, #3642, .T. ) ;
#3337 = DIRECTION ( 'NONE',  ( 0.7228807680948516889, 0.6909727889856425165, 0.000000000000000000 ) ) ;
#3338 = CARTESIAN_POINT ( 'NONE',  ( 1.391676871586952080, 0.2650035628447830471, 3.199999999999998845 ) ) ;
#3339 = CARTESIAN_POINT ( 'NONE',  ( -7.153549294649868884, 0.09876229304471614845, 3.300000000000000266 ) ) ;
#3340 = CARTESIAN_POINT ( 'NONE',  ( 8.486796008866937413, 0.3669594232943533818, 3.200000000000000178 ) ) ;
#3341 = ORIENTED_EDGE ( 'NONE', *, *, #2942, .F. ) ;
#3343 = AXIS2_PLACEMENT_3D ( 'NONE', #1420, #5631, #9052 ) ;
#3342 =( NAMED_UNIT ( * ) SI_UNIT ( $, .STERADIAN. ) SOLID_ANGLE_UNIT ( ) );
#3344 = EDGE_CURVE ( 'NONE', #1884, #6896, #8578, .T. ) ;
#3345 =( GEOMETRIC_REPRESENTATION_CONTEXT ( 3 ) GLOBAL_UNCERTAINTY_ASSIGNED_CONTEXT ( ( #6786 ) ) GLOBAL_UNIT_ASSIGNED_CONTEXT ( ( #2345, #6651, #8017 ) ) REPRESENTATION_CONTEXT ( 'NONE', 'WORKASPACE' ) );
#3346 = CARTESIAN_POINT ( 'NONE',  ( 1.411275012641417304, 0.4802558937137069717, 3.200000000000001510 ) ) ;
#3347 = ORIENTED_EDGE ( 'NONE', *, *, #8219, .T. ) ;
#3348 = CARTESIAN_POINT ( 'NONE',  ( -6.303938353388223170, -0.006568097880588056638, 3.200000000000000178 ) ) ;
#3349 = SURFACE_SIDE_STYLE ('',( #521 ) ) ;
#3350 = CARTESIAN_POINT ( 'NONE',  ( -7.965819012406942790, -0.2543802362555004359, 3.299999999999999378 ) ) ;
#3351 = PRESENTATION_LAYER_ASSIGNMENT (  '', '', ( #2613 ) ) ;
#3352 = LINE ( 'NONE', #4861, #2357 ) ;
#3353 = EDGE_CURVE ( 'NONE', #6178, #8241, #2272, .T. ) ;
#3354 = EDGE_CURVE ( 'NONE', #5882, #3238, #4075, .T. ) ;
#3355 = DIRECTION ( 'NONE',  ( -1.351345363508946299E-16, -6.610348994666661011E-17, 1.000000000000000000 ) ) ;
#3356 = CARTESIAN_POINT ( 'NONE',  ( 1.476001208099907647, 0.3160716312624635149, 3.300000000000000711 ) ) ;
#3357 = CARTESIAN_POINT ( 'NONE',  ( 1.924409374778738080, 0.1277919000503632829, 3.299999999999998490 ) ) ;
#3358 = CARTESIAN_POINT ( 'NONE',  ( -8.049788829448024430, -0.09961101863847418580, 3.200000000000000622 ) ) ;
#3359 = B_SPLINE_CURVE_WITH_KNOTS ( 'NONE', 3,
 ( #1188, #5377, #5434, #3430, #4744, #493, #7537, #4879, #1230, #6170, #8965, #6773, #2690, #5476, #4088, #8270, #5529, #2037, #3282, #7581, #6214, #4835, #7634, #6078, #1335, #4139, #8171 ),
 .UNSPECIFIED., .F., .F.,
 ( 4, 1, 1, 1, 1, 1, 1, 1, 1, 1, 1, 1, 1, 1, 1, 1, 1, 1, 1, 1, 1, 1, 1, 1, 4 ),
 ( 0.000000000000000000, 0.04311434566197348828, 0.08568276482420900120, 0.1275943241639273251, 0.1690586225605482384, 0.2104320288213097911, 0.2518111664630527935, 0.2934438397982392921, 0.3353808532218249261, 0.3774766059607942426, 0.4186884906768272296, 0.4598730336711987499, 0.5008729046253153072, 0.5418727755794316980, 0.5832117768673237279, 0.6247632017340757349, 0.6669876223820893069, 0.7093697058942394218, 0.7511026519448575911, 0.7925683801202206835, 0.8335451085502586510, 0.8748274225565259021, 0.9160177232110674472, 0.9578592039763048627, 1.000000000000000000 ),
 .UNSPECIFIED. ) ;
#3360 = ORIENTED_EDGE ( 'NONE', *, *, #8477, .T. ) ;
#3361 = FILL_AREA_STYLE ('',( #4632 ) ) ;
#3362 = B_SPLINE_CURVE_WITH_KNOTS ( 'NONE', 3,
 ( #6283, #4019, #4897, #8336, #7694, #3304, #570, #7603, #1251, #1355, #8989, #9076, #6831, #8886, #520, #6935, #6972, #2064, #6234 ),
 .UNSPECIFIED., .F., .F.,
 ( 4, 1, 1, 1, 1, 1, 1, 1, 1, 1, 1, 1, 1, 1, 1, 1, 4 ),
 ( 0.000000000000000000, 0.06460873547077546075, 0.1275117897236756059, 0.1885213083986471971, 0.2487081790893709288, 0.3085982651789130893, 0.3688122491095543465, 0.4298875018150756788, 0.4928024479242461564, 0.5557433321027940298, 0.6174852948395641583, 0.6789689634380379202, 0.7401976913545543768, 0.8023601016976086298, 0.8662447764427322339, 0.9317068283956891905, 1.000000000000000000 ),
 .UNSPECIFIED. ) ;
#3363 = CARTESIAN_POINT ( 'NONE',  ( 8.684140377969793434, -0.3077176764491315053, 3.299999999999998490 ) ) ;
#3364 = PRESENTATION_LAYER_ASSIGNMENT (  '', '', ( #6137 ) ) ;
#3365 = DIRECTION ( 'NONE',  ( 1.000000000000000000, 0.000000000000000000, 0.000000000000000000 ) ) ;
#3366 =( NAMED_UNIT ( * ) SI_UNIT ( $, .STERADIAN. ) SOLID_ANGLE_UNIT ( ) );
#3367 = SURFACE_SIDE_STYLE ('',( #6904 ) ) ;
#3368 = AXIS2_PLACEMENT_3D ( 'NONE', #4904, #4168, #8348 ) ;
#3369 = CARTESIAN_POINT ( 'NONE',  ( -6.481647633632175776, -0.3137282725069113765, 3.200000000000001066 ) ) ;
#3370 = MECHANICAL_DESIGN_GEOMETRIC_PRESENTATION_REPRESENTATION (  '', ( #3216 ), #8473 ) ;
#3371 = LINE ( 'NONE', #2029, #3886 ) ;
#3372 = EDGE_CURVE ( 'NONE', #7027, #7126, #819, .T. ) ;
#3373 = ORIENTED_EDGE ( 'NONE', *, *, #2849, .T. ) ;
#3374 = CARTESIAN_POINT ( 'NONE',  ( 9.003118195923279998, -0.3237039206793834167, 3.200000000000000622 ) ) ;
#3375 = VECTOR ( 'NONE', #8094, 1000.000000000000000 ) ;
#3376 = COLOUR_RGB ( '',0.2509803921568627416, 0.2509803921568627416, 0.2509803921568627416 ) ;
#3377 = PLANE ( 'NONE',  #3343 ) ;
#3378 = DIRECTION ( 'NONE',  ( 0.000000000000000000, 0.000000000000000000, -1.000000000000000000 ) ) ;
#3379 = ORIENTED_EDGE ( 'NONE', *, *, #4565, .F. ) ;
#3380 = CARTESIAN_POINT ( 'NONE',  ( 1.910544580682598248, 0.1580442267139253454, 3.200000000000001510 ) ) ;
#3381 = DIRECTION ( 'NONE',  ( -0.000000000000000000, -0.000000000000000000, -1.000000000000000000 ) ) ;
#3382 = B_SPLINE_SURFACE_WITH_KNOTS ( 'NONE', 3, 1, ( 
 ( #245, #416 ),
 ( #7407, #1098 ),
 ( #3911, #1669 ),
 ( #374, #2563 ),
 ( #7329, #8741 ),
 ( #6730, #3252 ),
 ( #6684, #6045 ),
 ( #3748, #8657 ),
 ( #3122, #5342 ),
 ( #1766, #2476 ),
 ( #5910, #4575 ),
 ( #7240, #4477 ),
 ( #1627, #4435 ),
 ( #2393, #5251 ),
 ( #6599, #6553 ),
 ( #289, #5205 ),
 ( #8010, #1023 ),
 ( #3836, #8059 ),
 ( #6647, #328 ) ),
 .UNSPECIFIED., .F., .F., .F.,
 ( 4, 1, 1, 1, 1, 1, 1, 1, 1, 1, 1, 1, 1, 1, 1, 1, 4 ),
 ( 2, 2 ),
 ( 0.000000000000000000, 0.06414744487667170536, 0.1262121152536834490, 0.1868412890216907263, 0.2469358694509784236, 0.3072563614860032710, 0.3681505022006762995, 0.4300707669516565246, 0.4938754417369544125, 0.5579806818508445954, 0.6208695259285350598, 0.6825247313751580114, 0.7440356981057698604, 0.8058886825781877983, 0.8689681377436667686, 0.9332474288479395419, 1.000000000000000000 ),
 ( 0.000000000000000000, 1.000000000000000000 ),
 .UNSPECIFIED. ) ;
#3383 = CARTESIAN_POINT ( 'NONE',  ( -6.776655094006265756, 0.3160716312624635704, 3.300000000000001155 ) ) ;
#3384 =( GEOMETRIC_REPRESENTATION_CONTEXT ( 3 ) GLOBAL_UNCERTAINTY_ASSIGNED_CONTEXT ( ( #6429 ) ) GLOBAL_UNIT_ASSIGNED_CONTEXT ( ( #89, #5714, #2228 ) ) REPRESENTATION_CONTEXT ( 'NONE', 'WORKASPACE' ) );
#3385 = PRESENTATION_STYLE_ASSIGNMENT (( #7637 ) ) ;
#3386 = PLANE ( 'NONE',  #7766 ) ;
#3387 = COLOUR_RGB ( '',0.2509803921568627416, 0.2509803921568627416, 0.2509803921568627416 ) ;
#3388 = EDGE_CURVE ( 'NONE', #6624, #4457, #3731, .T. ) ;
#3389 = FILL_AREA_STYLE_COLOUR ( '', #9064 ) ;
#3390 = EDGE_LOOP ( 'NONE', ( #8622, #6572, #3105, #2362 ) ) ;
#3391 = AXIS2_PLACEMENT_3D ( 'NONE', #8899, #1821, #5512 ) ;
#3392 = CARTESIAN_POINT ( 'NONE',  ( 1.392227564102564097, -0.2751979055728958068, 3.200000000000000178 ) ) ;
#3393 = CARTESIAN_POINT ( 'NONE',  ( -7.550000000000000711, -9.099999999999999645, -1.449999999999998401 ) ) ;
#3394 = CARTESIAN_POINT ( 'NONE',  ( -6.903238538005581404, 0.4494819551304640171, 3.299999999999999378 ) ) ;
#3395 = CARTESIAN_POINT ( 'NONE',  ( 8.511479910568041873, 0.3896584085384152130, 3.200000000000000622 ) ) ;
#3396 = UNCERTAINTY_MEASURE_WITH_UNIT (LENGTH_MEASURE( 1.000000000000000082E-05 ), #5167, 'distance_accuracy_value', 'NONE');
#3397 = VERTEX_POINT ( 'NONE', #867 ) ;
#3398 = PRESENTATION_STYLE_ASSIGNMENT (( #6789 ) ) ;
#3399 = SURFACE_SIDE_STYLE ('',( #2606 ) ) ;
#3400 = VECTOR ( 'NONE', #9033, 1000.000000000000000 ) ;
#3401 = SURFACE_STYLE_USAGE ( .BOTH. , #6878 ) ;
#3402 = AXIS2_PLACEMENT_3D ( 'NONE', #171, #302, #5136 ) ;
#3403 = CARTESIAN_POINT ( 'NONE',  ( -7.550000000000000711, -9.099999999999999645, -1.750000000000000000 ) ) ;
#3404 = LINE ( 'NONE', #1158, #2925 ) ;
#3405 = EDGE_LOOP ( 'NONE', ( #6431, #5604, #2270, #9009 ) ) ;
#3406 = DIRECTION ( 'NONE',  ( 1.000000000000000000, 0.000000000000000000, 0.000000000000000000 ) ) ;
#3407 = LINE ( 'NONE', #4671, #1919 ) ;
#3408 = AXIS2_PLACEMENT_3D ( 'NONE', #7220, #7890, #863 ) ;
#3409 = EDGE_CURVE ( 'NONE', #2002, #2346, #7987, .T. ) ;
#3410 = CARTESIAN_POINT ( 'NONE',  ( -6.641678738003607307, 0.5196738892988990166, 3.299999999999999822 ) ) ;
#3411 = CARTESIAN_POINT ( 'NONE',  ( -7.577060803695282232, -0.3237039206793828616, 3.299999999999999378 ) ) ;
#3412 = COLOUR_RGB ( '',0.2509803921568627416, 0.2509803921568627416, 0.2509803921568627416 ) ;
#3413 = CARTESIAN_POINT ( 'NONE',  ( 1.769632545339713037, 0.3015013959391056875, 3.300000000000000711 ) ) ;
#3414 = PRESENTATION_STYLE_ASSIGNMENT (( #3500 ) ) ;
#3415 = COLOUR_RGB ( '',0.7764705882352941346, 0.7568627450980391913, 0.7372549019607843590 ) ;
#3416 = ORIENTED_EDGE ( 'NONE', *, *, #9015, .F. ) ;
#3417 = CARTESIAN_POINT ( 'NONE',  ( 8.750949666849910713, -0.5233095848922481030, 3.200000000000000622 ) ) ;
#3418 = FILL_AREA_STYLE ('',( #582 ) ) ;
#3419 = SURFACE_STYLE_FILL_AREA ( #442 ) ;
#3420 = LINE ( 'NONE', #2166, #9081 ) ;
#3421 = CARTESIAN_POINT ( 'NONE',  ( 1.608173076923077094, 0.3401867098117196120, 3.200000000000000178 ) ) ;
#3422 = CARTESIAN_POINT ( 'NONE',  ( 1.715552630604734174, -0.5230614853588315682, 3.199999999999999734 ) ) ;
#3423 = FILL_AREA_STYLE ('',( #4688 ) ) ;
#3424 = ADVANCED_FACE ( 'NONE', ( #5095 ), #3096, .F. ) ;
#3425 = ORIENTED_EDGE ( 'NONE', *, *, #8748, .T. ) ;
#3426 =( NAMED_UNIT ( * ) PLANE_ANGLE_UNIT ( ) SI_UNIT ( $, .RADIAN. ) );
#3427 = CARTESIAN_POINT ( 'NONE',  ( 9.205792250377749397, -0.4118328890935205600, 3.300000000000000711 ) ) ;
#3428 =( LENGTH_UNIT ( ) NAMED_UNIT ( * ) SI_UNIT ( .MILLI., .METRE. ) );
#3429 = ORIENTED_EDGE ( 'NONE', *, *, #7829, .F. ) ;
#3430 = CARTESIAN_POINT ( 'NONE',  ( 1.093850374836839778, 0.06460574420434517240, 3.299999999999998934 ) ) ;
#3431 = SURFACE_STYLE_FILL_AREA ( #594 ) ;
#3432 = SURFACE_STYLE_USAGE ( .BOTH. , #7096 ) ;
#3433 = CARTESIAN_POINT ( 'NONE',  ( -8.137304462725545307, 0.3171879314990544430, 3.200000000000000178 ) ) ;
#3434 = CARTESIAN_POINT ( 'NONE',  ( 1.601618254404669539, -0.3518956517635121184, 3.200000000000000178 ) ) ;
#3435 = DIRECTION ( 'NONE',  ( -0.000000000000000000, -0.000000000000000000, -1.000000000000000000 ) ) ;
#3436 = ORIENTED_EDGE ( 'NONE', *, *, #403, .F. ) ;
#3437 = FILL_AREA_STYLE_COLOUR ( '', #3376 ) ;
#3438 = CARTESIAN_POINT ( 'NONE',  ( -8.204270016163889068, -0.2147466088594844336, 3.299999999999999822 ) ) ;
#3439 = CARTESIAN_POINT ( 'NONE',  ( 1.476001208099907647, 0.3160716312624635149, 3.300000000000000711 ) ) ;
#3440 = CARTESIAN_POINT ( 'NONE',  ( -6.932563451130993037, 0.4310982707423297033, 3.299999999999999822 ) ) ;
#3441 = ORIENTED_EDGE ( 'NONE', *, *, #2986, .T. ) ;
#3442 = CARTESIAN_POINT ( 'NONE',  ( 1.679147238939872722, -0.3465187200052114447, 3.200000000000000178 ) ) ;
#3443 = VERTEX_POINT ( 'NONE', #5366 ) ;
#3444 = SURFACE_STYLE_FILL_AREA ( #1917 ) ;
#3445 = CARTESIAN_POINT ( 'NONE',  ( -6.125754150862273484, 0.04480595572570827967, 3.200000000000000178 ) ) ;
#3446 =( NAMED_UNIT ( * ) PLANE_ANGLE_UNIT ( ) SI_UNIT ( $, .RADIAN. ) );
#3447 = CARTESIAN_POINT ( 'NONE',  ( 1.948401594100191536, 0.005331963233136713387, 3.199999999999999734 ) ) ;
#3448 = CARTESIAN_POINT ( 'NONE',  ( -7.333342582552347722, 0.3658391449339711832, 3.200000000000000622 ) ) ;
#3449 = FILL_AREA_STYLE ('',( #9036 ) ) ;
#3450 = CARTESIAN_POINT ( 'NONE',  ( -7.963764381352739008, 0.2411685070530455166, 3.299999999999999378 ) ) ;
#3451 = CARTESIAN_POINT ( 'NONE',  ( -8.043729114147225800, -0.1217338719146439513, 3.299999999999999378 ) ) ;
#3452 = B_SPLINE_SURFACE_WITH_KNOTS ( 'NONE', 3, 1, ( 
 ( #6723, #4609 ),
 ( #3955, #6816 ),
 ( #7498, #1193 ),
 ( #2637, #5440 ),
 ( #8229, #6175 ),
 ( #1841, #3905 ),
 ( #8097, #6037 ),
 ( #4797, #4749 ),
 ( #1948, #8833 ),
 ( #1233, #6863 ),
 ( #2556, #407 ) ),
 .UNSPECIFIED., .F., .F., .F.,
 ( 4, 1, 1, 1, 1, 1, 1, 1, 4 ),
 ( 2, 2 ),
 ( 0.000000000000000000, 0.1394064381817378129, 0.2723044483741574595, 0.3995253362717564594, 0.5228108782578221314, 0.6426627165918673557, 0.7610226208095218770, 0.8798007967838055166, 1.000000000000000000 ),
 ( 0.000000000000000000, 1.000000000000000000 ),
 .UNSPECIFIED. ) ;
#3453 = VERTEX_POINT ( 'NONE', #1877 ) ;
#3454 = DIRECTION ( 'NONE',  ( -1.000000000000000000, 0.000000000000000000, 0.000000000000000000 ) ) ;
#3455 = CARTESIAN_POINT ( 'NONE',  ( 8.704050969962317197, -0.3180292644309248296, 3.299999999999999378 ) ) ;
#3456 = DIRECTION ( 'NONE',  ( -0.000000000000000000, -0.000000000000000000, -1.000000000000000000 ) ) ;
#3457 = CARTESIAN_POINT ( 'NONE',  ( -6.303938353388223170, -0.006568097880588056638, 3.300000000000000266 ) ) ;
#3458 = CARTESIAN_POINT ( 'NONE',  ( -6.976526390668911226, -0.4125266055452846969, 3.200000000000000622 ) ) ;
#3459 = DIRECTION ( 'NONE',  ( -0.000000000000000000, -0.000000000000000000, -1.000000000000000000 ) ) ;
#3460 = FACE_BOUND ( 'NONE', #6620, .T. ) ;
#3461 = CARTESIAN_POINT ( 'NONE',  ( 9.246836417066219838, 0.3658391449339720158, 3.299999999999998934 ) ) ;
#3462 = DIRECTION ( 'NONE',  ( 0.000000000000000000, -0.000000000000000000, -1.000000000000000000 ) ) ;
#3463 = ORIENTED_EDGE ( 'NONE', *, *, #8007, .T. ) ;
#3464 = CYLINDRICAL_SURFACE ( 'NONE', #2062, 1.199999999999999734 ) ;
#3465 =( NAMED_UNIT ( * ) SI_UNIT ( $, .STERADIAN. ) SOLID_ANGLE_UNIT ( ) );
#3466 = CARTESIAN_POINT ( 'NONE',  ( 1.808602904055816918, 0.4820773748935082148, 3.299999999999999378 ) ) ;
#3467 = EDGE_LOOP ( 'NONE', ( #6754, #3007, #6472, #7273 ) ) ;
#3468 = CARTESIAN_POINT ( 'NONE',  ( 1.873033861906797659, 0.2141355633083235066, 3.299999999999999378 ) ) ;
#3469 = SURFACE_SIDE_STYLE ('',( #2736 ) ) ;
#3470 = SURFACE_SIDE_STYLE ('',( #8913 ) ) ;
#3471 =( NAMED_UNIT ( * ) PLANE_ANGLE_UNIT ( ) SI_UNIT ( $, .RADIAN. ) );
#3472 = DIRECTION ( 'NONE',  ( 0.000000000000000000, -1.000000000000000000, 0.000000000000000000 ) ) ;
#3473 = EDGE_CURVE ( 'NONE', #2656, #1083, #3317, .T. ) ;
#3474 = ADVANCED_FACE ( 'NONE', ( #5322 ), #5330, .T. ) ;
#3475 = PRESENTATION_LAYER_ASSIGNMENT (  '', '', ( #3620 ) ) ;
#3476 = VECTOR ( 'NONE', #4100, 1000.000000000000000 ) ;
#3477 = EDGE_LOOP ( 'NONE', ( #8790, #1497, #2908, #3533 ) ) ;
#3478 = SURFACE_SIDE_STYLE ('',( #7769 ) ) ;
#3479 = CARTESIAN_POINT ( 'NONE',  ( 1.293005852369144115, 0.1303322648428095198, 3.199999999999999734 ) ) ;
#3480 = CARTESIAN_POINT ( 'NONE',  ( -7.162760196366067866, 0.006262006257287160843, 3.199999999999999734 ) ) ;
#3481 = CARTESIAN_POINT ( 'NONE',  ( 8.973752386428078154, -0.3352513681000385826, 3.300000000000000266 ) ) ;
#3482 = UNCERTAINTY_MEASURE_WITH_UNIT (LENGTH_MEASURE( 1.000000000000000082E-05 ), #5855, 'distance_accuracy_value', 'NONE');
#3483 = ORIENTED_EDGE ( 'NONE', *, *, #5339, .F. ) ;
#3484 = FACE_OUTER_BOUND ( 'NONE', #7501, .T. ) ;
#3485 = MECHANICAL_DESIGN_GEOMETRIC_PRESENTATION_REPRESENTATION (  '', ( #7718 ), #7284 ) ;
#3486 = VECTOR ( 'NONE', #5497, 1000.000000000000000 ) ;
#3487 = DIRECTION ( 'NONE',  ( -0.000000000000000000, -0.000000000000000000, -1.000000000000000000 ) ) ;
#3488 = PRESENTATION_LAYER_ASSIGNMENT (  '', '', ( #3894 ) ) ;
#3489 = CARTESIAN_POINT ( 'NONE',  ( 1.265884235648000677, 0.3895654489052695069, 3.200000000000000178 ) ) ;
#3490 = MECHANICAL_DESIGN_GEOMETRIC_PRESENTATION_REPRESENTATION (  '', ( #4935 ), #2167 ) ;
#3491 = ORIENTED_EDGE ( 'NONE', *, *, #7002, .T. ) ;
#3492 = LINE ( 'NONE', #5456, #7571 ) ;
#3493 = CARTESIAN_POINT ( 'NONE',  ( -6.644483225183094532, 0.3401867098117196120, 3.200000000000000178 ) ) ;
#3494 = CARTESIAN_POINT ( 'NONE',  ( -6.983425532875402908, -0.007970341470331657879, 3.299999999999999822 ) ) ;
#3495 = FILL_AREA_STYLE ('',( #667 ) ) ;
#3496 = CARTESIAN_POINT ( 'NONE',  ( -7.606426613190490293, -0.3352513681000390822, 3.200000000000000622 ) ) ;
#3497 = EDGE_CURVE ( 'NONE', #8309, #5092, #6946, .T. ) ;
#3498 = UNCERTAINTY_MEASURE_WITH_UNIT (LENGTH_MEASURE( 1.000000000000000082E-05 ), #3868, 'distance_accuracy_value', 'NONE');
#3499 = FACE_OUTER_BOUND ( 'NONE', #427, .T. ) ;
#3500 = SURFACE_STYLE_USAGE ( .BOTH. , #2118 ) ;
#3501 = EDGE_CURVE ( 'NONE', #18, #5882, #4526, .T. ) ;
#3502 = ORIENTED_EDGE ( 'NONE', *, *, #76, .F. ) ;
#3503 = CARTESIAN_POINT ( 'NONE',  ( -5.049731622618993221, -0.5059671363421265333, 3.200000000000000178 ) ) ;
#3504 =( NAMED_UNIT ( * ) PLANE_ANGLE_UNIT ( ) SI_UNIT ( $, .RADIAN. ) );
#3505 = CARTESIAN_POINT ( 'NONE',  ( -6.304244128156404336, -0.01853698339026317587, 3.300000000000000266 ) ) ;
#3506 = CARTESIAN_POINT ( 'NONE',  ( -7.105451221923753558, -0.2511885229174986023, 3.199999999999999289 ) ) ;
#3507 = SURFACE_SIDE_STYLE ('',( #1270 ) ) ;
#3508 = SURFACE_SIDE_STYLE ('',( #2822 ) ) ;
#3509 = STYLED_ITEM ( 'NONE', ( #8377 ), #1684 ) ;
#3510 = ORIENTED_EDGE ( 'NONE', *, *, #447, .F. ) ;
#3511 = MECHANICAL_DESIGN_GEOMETRIC_PRESENTATION_REPRESENTATION (  '', ( #113 ), #7026 ) ;
#3512 = CARTESIAN_POINT ( 'NONE',  ( -6.656184152687630196, 0.3398727476550354454, 3.299999999999999822 ) ) ;
#3513 = EDGE_CURVE ( 'NONE', #6995, #4972, #721, .T. ) ;
#3514 =( LENGTH_UNIT ( ) NAMED_UNIT ( * ) SI_UNIT ( .MILLI., .METRE. ) );
#3515 = EDGE_CURVE ( 'NONE', #2709, #3791, #7803, .T. ) ;
#3516 = VECTOR ( 'NONE', #8732, 1000.000000000000000 ) ;
#3517 = EDGE_LOOP ( 'NONE', ( #7450, #4209, #6659, #1596 ) ) ;
#3518 = DIRECTION ( 'NONE',  ( -0.000000000000000000, -0.000000000000000000, -1.000000000000000000 ) ) ;
#3520 =( GEOMETRIC_REPRESENTATION_CONTEXT ( 3 ) GLOBAL_UNCERTAINTY_ASSIGNED_CONTEXT ( ( #8240 ) ) GLOBAL_UNIT_ASSIGNED_CONTEXT ( ( #4365, #1316, #672 ) ) REPRESENTATION_CONTEXT ( 'NONE', 'WORKASPACE' ) );
#3519 = CARTESIAN_POINT ( 'NONE',  ( 8.695426121316673473, 0.3018213465992101718, 3.300000000000000266 ) ) ;
#3521 = SURFACE_STYLE_FILL_AREA ( #1478 ) ;
#3522 = LINE ( 'NONE', #10, #2387 ) ;
#3523 = CARTESIAN_POINT ( 'NONE',  ( 9.055347678063682793, -0.5000050531162981704, 3.299999999999998934 ) ) ;
#3524 = CARTESIAN_POINT ( 'NONE',  ( 8.340343210332907375, -0.004364572239562459002, 3.300000000000000266 ) ) ;
#3525 = STYLED_ITEM ( 'NONE', ( #7538 ), #7029 ) ;
#3526 = PLANE ( 'NONE',  #3789 ) ;
#3527 = STYLED_ITEM ( 'NONE', ( #3737 ), #2396 ) ;
#3528 = ORIENTED_EDGE ( 'NONE', *, *, #3625, .T. ) ;
#3529 = CARTESIAN_POINT ( 'NONE',  ( 1.610977564102564097, 0.5196738892988990166, 3.200000000000000178 ) ) ;
#3530 = SURFACE_SIDE_STYLE ('',( #5016 ) ) ;
#3531 = STYLED_ITEM ( 'NONE', ( #630 ), #7333 ) ;
#3532 = CARTESIAN_POINT ( 'NONE',  ( 9.061752701723889913, -0.2899547384880490908, 3.199999999999999734 ) ) ;
#3533 = ORIENTED_EDGE ( 'NONE', *, *, #4150, .T. ) ;
#3534 = CARTESIAN_POINT ( 'NONE',  ( -7.422728417490787933, 0.1947540175040278487, 3.200000000000000178 ) ) ;
#3536 = VECTOR ( 'NONE', #7422, 1000.000000000000000 ) ;
#3535 = PLANE ( 'NONE',  #3709 ) ;
#3537 = AXIS2_PLACEMENT_3D ( 'NONE', #96, #5724, #8504 ) ;
#3538 = COLOUR_RGB ( '',1.000000000000000000, 1.000000000000000000, 1.000000000000000000 ) ;
#3539 = ADVANCED_FACE ( 'NONE', ( #5565 ), #2773, .F. ) ;
#3540 = DIRECTION ( 'NONE',  ( -4.254234958077862998E-16, -4.682989042991076855E-17, 1.000000000000000000 ) ) ;
#3541 = CARTESIAN_POINT ( 'NONE',  ( 0.9999999999999991118, -7.700000000000000178, 0.000000000000000000 ) ) ;
#3542 =( GEOMETRIC_REPRESENTATION_CONTEXT ( 3 ) GLOBAL_UNCERTAINTY_ASSIGNED_CONTEXT ( ( #146 ) ) GLOBAL_UNIT_ASSIGNED_CONTEXT ( ( #5470, #1789, #7390 ) ) REPRESENTATION_CONTEXT ( 'NONE', 'WORKASPACE' ) );
#3543 = ORIENTED_EDGE ( 'NONE', *, *, #6877, .F. ) ;
#3544 = CARTESIAN_POINT ( 'NONE',  ( 1.349417764100589778, 0.4494819551304643501, 3.200000000000000622 ) ) ;
#3545 = CARTESIAN_POINT ( 'NONE',  ( -6.591628258233099835, 3.303792247772647350, -6.638483087575964527E-15 ) ) ;
#3546 = CARTESIAN_POINT ( 'NONE',  ( 1.581499309617327098, -0.3514494753323377796, 3.199999999999999734 ) ) ;
#3547 = CARTESIAN_POINT ( 'NONE',  ( -5.156502455952325370, 0.1256434405809504495, 3.200000000000000178 ) ) ;
#3548 = VECTOR ( 'NONE', #5419, 1000.000000000000000 ) ;
#3549 = CARTESIAN_POINT ( 'NONE',  ( 1.664608827013363213, -0.5302281613738382138, 3.200000000000001066 ) ) ;
#3550 = CARTESIAN_POINT ( 'NONE',  ( -7.721406302106172070, -0.3521209824959727341, 3.299999999999999822 ) ) ;
#3551 = FILL_AREA_STYLE ('',( #1453 ) ) ;
#3552 = VECTOR ( 'NONE', #1015, 1000.000000000000000 ) ;
#3553 = VERTEX_POINT ( 'NONE', #5876 ) ;
#3554 = CARTESIAN_POINT ( 'NONE',  ( -8.189439911417320417, 0.2322041354893923382, 3.200000000000002398 ) ) ;
#3555 = ORIENTED_EDGE ( 'NONE', *, *, #3353, .F. ) ;
#3556 = PLANE ( 'NONE',  #4825 ) ;
#3557 = CARTESIAN_POINT ( 'NONE',  ( 9.246836417066219838, 0.3658391449339720158, 3.199999999999999289 ) ) ;
#3558 = DIRECTION ( 'NONE',  ( 1.000000000000000000, 0.000000000000000000, 0.000000000000000000 ) ) ;
#3559 = CARTESIAN_POINT ( 'NONE',  ( -7.162426772265724217, -0.02314887048649056853, 3.200000000000000178 ) ) ;
#3560 = MECHANICAL_DESIGN_GEOMETRIC_PRESENTATION_REPRESENTATION (  '', ( #4114 ), #2225 ) ;
#3561 = CARTESIAN_POINT ( 'NONE',  ( -7.565019748647435094, 1.913645130957676299, -3.400000000000000799 ) ) ;
#3562 = PLANE ( 'NONE',  #83 ) ;
#3563 = MECHANICAL_DESIGN_GEOMETRIC_PRESENTATION_REPRESENTATION (  '', ( #5619 ), #3968 ) ;
#3564 = ORIENTED_EDGE ( 'NONE', *, *, #3473, .T. ) ;
#3565 = CARTESIAN_POINT ( 'NONE',  ( 8.049999999999998934, -8.799999999999995381, 1.750000000000000000 ) ) ;
#3566 = FILL_AREA_STYLE ('',( #5473 ) ) ;
#3567 =( NAMED_UNIT ( * ) PLANE_ANGLE_UNIT ( ) SI_UNIT ( $, .RADIAN. ) );
#3568 = VECTOR ( 'NONE', #5333, 1000.000000000000000 ) ;
#3569 = VERTEX_POINT ( 'NONE', #2355 ) ;
#3570 = FILL_AREA_STYLE ('',( #3693 ) ) ;
#3571 = PRESENTATION_STYLE_ASSIGNMENT (( #2136 ) ) ;
#3572 = CARTESIAN_POINT ( 'NONE',  ( 9.080117573130747743, -0.4901566081137487818, 3.200000000000001510 ) ) ;
#3573 = CARTESIAN_POINT ( 'NONE',  ( 8.377155037600612530, 0.2015449924610271393, 3.299999999999999822 ) ) ;
#3574 = FILL_AREA_STYLE ('',( #4886 ) ) ;
#3575 = VERTEX_POINT ( 'NONE', #7251 ) ;
#3576 = CARTESIAN_POINT ( 'NONE',  ( 7.365984235973931149, 0.4940328636578734667, 3.299999999999999822 ) ) ;
#3577 = PRESENTATION_STYLE_ASSIGNMENT (( #55 ) ) ;
#3578 = UNCERTAINTY_MEASURE_WITH_UNIT (LENGTH_MEASURE( 1.000000000000000082E-05 ), #3591, 'distance_accuracy_value', 'NONE');
#3579 = VERTEX_POINT ( 'NONE', #5746 ) ;
#3580 = CARTESIAN_POINT ( 'NONE',  ( -7.720605020054890133, -0.5316081619831521943, 3.200000000000000178 ) ) ;
#3581 = CYLINDRICAL_SURFACE ( 'NONE', #394, 0.7999999999999994893 ) ;
#3582 =( NAMED_UNIT ( * ) SI_UNIT ( $, .STERADIAN. ) SOLID_ANGLE_UNIT ( ) );
#3583 = FACE_BOUND ( 'NONE', #3716, .T. ) ;
#3584 = ORIENTED_EDGE ( 'NONE', *, *, #4570, .T. ) ;
#3585 = CARTESIAN_POINT ( 'NONE',  ( 1.176855773057045029, 0.2876943200368990428, 3.299999999999999378 ) ) ;
#3586 = CARTESIAN_POINT ( 'NONE',  ( -4.868040917490787045, -0.5059671363421265333, 3.200000000000000178 ) ) ;
#3587 = B_SPLINE_CURVE_WITH_KNOTS ( 'NONE', 3,
 ( #8839, #1804, #1099, #557, #6732, #7408, #8140, #6871, #5301, #6785, #4709, #3293, #508, #3340, #3395, #8875, #1851, #6182, #2646, #1149, #3253, #3912, #2564, #1906, #6129, #7548, #417 ),
 .UNSPECIFIED., .F., .F.,
 ( 4, 1, 1, 1, 1, 1, 1, 1, 1, 1, 1, 1, 1, 1, 1, 1, 1, 1, 1, 1, 1, 1, 1, 1, 4 ),
 ( 0.000000000000000000, 0.04466333090637097936, 0.08851180578014535005, 0.1309255913017771389, 0.1729040372808871850, 0.2140001199049660907, 0.2549850203589836273, 0.2952912763870586543, 0.3357724419527882143, 0.3761808205537704453, 0.4161784084745212553, 0.4563500514444734368, 0.4965121666444162751, 0.5370405736377796835, 0.5781187440077609763, 0.6197245605548113989, 0.6624219701988826037, 0.7052989535209023275, 0.7474300005339115094, 0.7894329840393835562, 0.8312674212030618515, 0.8728250959642287476, 0.9148701104843923737, 0.9570270028394999295, 1.000000000000000000 ),
 .UNSPECIFIED. ) ;
#3588 = CARTESIAN_POINT ( 'NONE',  ( -7.379933144938541467, 0.4052890225392918322, 3.199999999999998401 ) ) ;
#3589 = CARTESIAN_POINT ( 'NONE',  ( 8.359812820321021576, -0.1658360427291137029, 3.200000000000000622 ) ) ;
#3590 = ORIENTED_EDGE ( 'NONE', *, *, #4049, .F. ) ;
#3591 =( LENGTH_UNIT ( ) NAMED_UNIT ( * ) SI_UNIT ( .MILLI., .METRE. ) );
#3592 = ORIENTED_EDGE ( 'NONE', *, *, #7806, .F. ) ;
#3593 = CARTESIAN_POINT ( 'NONE',  ( -7.736377787744580736, 0.3398665164818369111, 3.299999999999999378 ) ) ;
#3594 = CARTESIAN_POINT ( 'NONE',  ( 8.755408848996975024, 0.3267251846924142389, 3.200000000000001954 ) ) ;
#3595 = CARTESIAN_POINT ( 'NONE',  ( -6.304844348291958944, -0.04203128975777400966, 3.199999999999999734 ) ) ;
#3596 = FILL_AREA_STYLE_COLOUR ( '', #6244 ) ;
#3597 = CARTESIAN_POINT ( 'NONE',  ( 7.365984235973931149, -0.5059671363421265333, 3.299999999999999822 ) ) ;
#3598 = VERTEX_POINT ( 'NONE', #945 ) ;
#3599 = DIRECTION ( 'NONE',  ( 1.000000000000000000, 0.000000000000000000, 0.000000000000000000 ) ) ;
#3600 = EDGE_CURVE ( 'NONE', #1915, #6291, #4489, .T. ) ;
#3601 = CARTESIAN_POINT ( 'NONE',  ( 1.126248300457802776, -0.2055152108809681633, 3.300000000000000266 ) ) ;
#3602 = ORIENTED_EDGE ( 'NONE', *, *, #6310, .F. ) ;
#3603 =( NAMED_UNIT ( * ) PLANE_ANGLE_UNIT ( ) SI_UNIT ( $, .RADIAN. ) );
#3604 = CARTESIAN_POINT ( 'NONE',  ( -6.970226049236039501, 0.09804061167687982969, 3.299999999999999822 ) ) ;
#3605 = FILL_AREA_STYLE ('',( #5009 ) ) ;
#3606 =( NAMED_UNIT ( * ) SI_UNIT ( $, .STERADIAN. ) SOLID_ANGLE_UNIT ( ) );
#3607 = EDGE_LOOP ( 'NONE', ( #3712, #5391, #6653, #4878 ) ) ;
#3608 = DIRECTION ( 'NONE',  ( 0.000000000000000000, 0.000000000000000000, 1.000000000000000000 ) ) ;
#3609 = CARTESIAN_POINT ( 'NONE',  ( 8.869727283220491643, -0.5315127002847459536, 3.200000000000000178 ) ) ;
#3610 = CARTESIAN_POINT ( 'NONE',  ( 8.898428904158789621, -0.3509739145552372985, 3.299999999999999378 ) ) ;
#3611 = ORIENTED_EDGE ( 'NONE', *, *, #5519, .T. ) ;
#3612 = CARTESIAN_POINT ( 'NONE',  ( 7.981368851358547012, -0.1640200209575111423, 3.200000000000000178 ) ) ;
#3613 =( LENGTH_UNIT ( ) NAMED_UNIT ( * ) SI_UNIT ( .MILLI., .METRE. ) );
#3614 = MECHANICAL_DESIGN_GEOMETRIC_PRESENTATION_REPRESENTATION (  '', ( #3620 ), #661 ) ;
#3615 = EDGE_CURVE ( 'NONE', #2804, #5788, #5036, .T. ) ;
#3616 = ADVANCED_FACE ( 'NONE', ( #2991 ), #3933, .T. ) ;
#3617 = SURFACE_STYLE_FILL_AREA ( #6279 ) ;
#3618 = VERTEX_POINT ( 'NONE', #5407 ) ;
#3619 = PLANE ( 'NONE',  #1484 ) ;
#3620 = STYLED_ITEM ( 'NONE', ( #5491 ), #6070 ) ;
#3621 = CARTESIAN_POINT ( 'NONE',  ( -6.379622440199375077, 0.2141355633083232290, 3.199999999999999734 ) ) ;
#3623 = PRESENTATION_LAYER_ASSIGNMENT (  '', '', ( #2154 ) ) ;
#3622 = CARTESIAN_POINT ( 'NONE',  ( 1.522849776230189578, -0.3417680260609262111, 3.199999999999999734 ) ) ;
#3624 = DIRECTION ( 'NONE',  ( 2.708822231641163774E-13, -3.492739291234851861E-15, 1.000000000000000000 ) ) ;
#3625 = EDGE_CURVE ( 'NONE', #770, #7337, #2439, .T. ) ;
#3626 = CARTESIAN_POINT ( 'NONE',  ( 8.573891261106410866, -0.2031116944012719694, 3.299999999999999378 ) ) ;
#3627 = CIRCLE ( 'NONE', #8742, 0.7999999999999994893 ) ;
#3628 = ORIENTED_EDGE ( 'NONE', *, *, #533, .F. ) ;
#3629 = CARTESIAN_POINT ( 'NONE',  ( -7.790883971647748929, -0.3462697766657424348, 3.299999999999999822 ) ) ;
#3630 = ORIENTED_EDGE ( 'NONE', *, *, #463, .T. ) ;
#3631 = EDGE_CURVE ( 'NONE', #5590, #7165, #6614, .T. ) ;
#3632 =( LENGTH_UNIT ( ) NAMED_UNIT ( * ) SI_UNIT ( .MILLI., .METRE. ) );
#3633 = LINE ( 'NONE', #121, #2926 ) ;
#3634 = CARTESIAN_POINT ( 'NONE',  ( 8.695426121316673473, 0.3018213465992101718, 3.200000000000000622 ) ) ;
#3635 = FILL_AREA_STYLE ('',( #2262 ) ) ;
#3636 = CARTESIAN_POINT ( 'NONE',  ( -7.422728417490787933, -0.2066882901882803603, 3.299999999999999822 ) ) ;
#3637 = CARTESIAN_POINT ( 'NONE',  ( -9.150000000000000355, -4.599999999999998757, 3.200000000000000178 ) ) ;
#3638 = ORIENTED_EDGE ( 'NONE', *, *, #3220, .T. ) ;
#3639 = CARTESIAN_POINT ( 'NONE',  ( -6.261456296796050758, 3.158925150470280219, -4.000000000000000888 ) ) ;
#3640 = VERTEX_POINT ( 'NONE', #5921 ) ;
#3641 =( LENGTH_UNIT ( ) NAMED_UNIT ( * ) SI_UNIT ( .MILLI., .METRE. ) );
#3642 = LINE ( 'NONE', #7896, #7169 ) ;
#3643 = DIRECTION ( 'NONE',  ( -0.000000000000000000, 0.000000000000000000, -1.000000000000000000 ) ) ;
#3644 = CARTESIAN_POINT ( 'NONE',  ( 8.889853944315005307, -0.5313234687482654151, 3.199999999999999734 ) ) ;
#3645 = CARTESIAN_POINT ( 'NONE',  ( 8.349047867594338257, 0.1031764313551906675, 3.299999999999999822 ) ) ;
#3646 = CARTESIAN_POINT ( 'NONE',  ( -5.156502455952325370, 0.1256434405809504495, 3.200000000000000178 ) ) ;
#3647 = EDGE_CURVE ( 'NONE', #7418, #1117, #983, .T. ) ;
#3648 = ORIENTED_EDGE ( 'NONE', *, *, #8386, .F. ) ;
#3649 = CARTESIAN_POINT ( 'NONE',  ( 8.549999999999998934, -8.799999999999995381, -1.750000000000000000 ) ) ;
#3650 = CIRCLE ( 'NONE', #4244, 0.5000000000000004441 ) ;
#3651 = CARTESIAN_POINT ( 'NONE',  ( -6.710449902765049046, 0.5155617966194668833, 3.300000000000000266 ) ) ;
#3652 =( LENGTH_UNIT ( ) NAMED_UNIT ( * ) SI_UNIT ( .MILLI., .METRE. ) );
#3653 = UNCERTAINTY_MEASURE_WITH_UNIT (LENGTH_MEASURE( 1.000000000000000082E-05 ), #7131, 'distance_accuracy_value', 'NONE');
#3654 = EDGE_LOOP ( 'NONE', ( #5472, #5834, #8495, #6094 ) ) ;
#3655 = CARTESIAN_POINT ( 'NONE',  ( -7.710962225220055366, 0.3397814197328729025, 3.200000000000000178 ) ) ;
#3656 = MECHANICAL_DESIGN_GEOMETRIC_PRESENTATION_REPRESENTATION (  '', ( #3525 ), #1439 ) ;
#3657 = DIRECTION ( 'NONE',  ( -1.000000000000000000, 0.000000000000000000, 4.336808689942017736E-16 ) ) ;
#3658 = EDGE_CURVE ( 'NONE', #879, #8946, #3878, .T. ) ;
#3659 = COLOUR_RGB ( '',0.7764705882352941346, 0.7568627450980391913, 0.7372549019607843590 ) ;
#3660 = STYLED_ITEM ( 'NONE', ( #3414 ), #1777 ) ;
#3661 = AXIS2_PLACEMENT_3D ( 'NONE', #5888, #5231, #1741 ) ;
#3662 = PLANE ( 'NONE',  #4382 ) ;
#3663 = ORIENTED_EDGE ( 'NONE', *, *, #4565, .T. ) ;
#3664 = CARTESIAN_POINT ( 'NONE',  ( 1.106881317677204546, 0.1321026973104380275, 3.200000000000000178 ) ) ;
#3665 =( GEOMETRIC_REPRESENTATION_CONTEXT ( 3 ) GLOBAL_UNCERTAINTY_ASSIGNED_CONTEXT ( ( #6872 ) ) GLOBAL_UNIT_ASSIGNED_CONTEXT ( ( #269, #8819, #3177 ) ) REPRESENTATION_CONTEXT ( 'NONE', 'WORKASPACE' ) );
#3666 = CARTESIAN_POINT ( 'NONE',  ( -6.483023756766457701, 0.3015013959391053544, 3.199999999999999289 ) ) ;
#3667 = MECHANICAL_DESIGN_GEOMETRIC_PRESENTATION_REPRESENTATION (  '', ( #4091 ), #857 ) ;
#3668 = CARTESIAN_POINT ( 'NONE',  ( 8.630294114871741584, -0.2691643865731928043, 3.299999999999998490 ) ) ;
#3669 = COLOUR_RGB ( '',0.2509803921568627416, 0.2509803921568627416, 0.2509803921568627416 ) ;
#3670 = SURFACE_STYLE_FILL_AREA ( #3551 ) ;
#3671 = PRESENTATION_LAYER_ASSIGNMENT (  '', '', ( #6428 ) ) ;
#3672 = ORIENTED_EDGE ( 'NONE', *, *, #7392, .F. ) ;
#3673 = FILL_AREA_STYLE_COLOUR ( '', #117 ) ;
#3674 = EDGE_LOOP ( 'NONE', ( #4070, #1011, #8078, #2919 ) ) ;
#3675 = B_SPLINE_CURVE_WITH_KNOTS ( 'NONE', 3,
 ( #7642, #1146, #4099, #4004, #602, #4704, #3909, #7502, #6125, #2560, #3392 ),
 .UNSPECIFIED., .F., .F.,
 ( 4, 1, 1, 1, 1, 1, 1, 1, 4 ),
 ( 0.000000000000000000, 0.1348068327792201482, 0.2641990558543175771, 0.3884618167279421108, 0.5099420983643725425, 0.6304096106127708987, 0.7506710345119790295, 0.8734547255294232704, 1.000000000000000000 ),
 .UNSPECIFIED. ) ;
#3676 = CIRCLE ( 'NONE', #8798, 1.199999999999999734 ) ;
#3677 = CARTESIAN_POINT ( 'NONE',  ( 0.4999999999999987232, -6.899999999999999467, 9.797174393178827383E-17 ) ) ;
#3678 = EDGE_CURVE ( 'NONE', #4036, #438, #8490, .T. ) ;
#3679 = VECTOR ( 'NONE', #6163, 1000.000000000000000 ) ;
#3680 = FILL_AREA_STYLE_COLOUR ( '', #7626 ) ;
#3681 = CARTESIAN_POINT ( 'NONE',  ( -6.640276494413865471, -0.5316081619831523053, 3.200000000000000178 ) ) ;
#3682 = CARTESIAN_POINT ( 'NONE',  ( 8.695426121316673473, 0.3018213465992101718, 3.300000000000000266 ) ) ;
#3683 = DIRECTION ( 'NONE',  ( -1.000000000000000000, 0.000000000000000000, 0.000000000000000000 ) ) ;
#3684 = VECTOR ( 'NONE', #4899, 1000.000000000000000 ) ;
#3685 = CARTESIAN_POINT ( 'NONE',  ( 30.72711787350053214, 12.21957528434416496, -1.999999999999991340 ) ) ;
#3686 = UNCERTAINTY_MEASURE_WITH_UNIT (LENGTH_MEASURE( 1.000000000000000082E-05 ), #4329, 'distance_accuracy_value', 'NONE');
#3687 =( GEOMETRIC_REPRESENTATION_CONTEXT ( 3 ) GLOBAL_UNCERTAINTY_ASSIGNED_CONTEXT ( ( #8995 ) ) GLOBAL_UNIT_ASSIGNED_CONTEXT ( ( #2764, #4119, #2715 ) ) REPRESENTATION_CONTEXT ( 'NONE', 'WORKASPACE' ) );
#3688 = ORIENTED_EDGE ( 'NONE', *, *, #7529, .F. ) ;
#3689 = SURFACE_STYLE_FILL_AREA ( #7219 ) ;
#3690 = CARTESIAN_POINT ( 'NONE',  ( 1.454295036635605776, -0.5108535960611811921, 3.299999999999999378 ) ) ;
#3691 = PRESENTATION_LAYER_ASSIGNMENT (  '', '', ( #2525 ) ) ;
#3692 = EDGE_LOOP ( 'NONE', ( #2044, #1739, #7824, #7393 ) ) ;
#3693 = FILL_AREA_STYLE_COLOUR ( '', #3538 ) ;
#3694 = CARTESIAN_POINT ( 'NONE',  ( -7.162760196366067866, 0.006262006257287160843, 3.199999999999999734 ) ) ;
#3695 = EDGE_CURVE ( 'NONE', #3963, #2509, #1113, .T. ) ;
#3696 = CARTESIAN_POINT ( 'NONE',  ( 1.764496007633963970, -0.5112687621461996512, 3.300000000000000711 ) ) ;
#3697 = CARTESIAN_POINT ( 'NONE',  ( 8.827128334991250824, 0.5188880348865969605, 3.199999999999998845 ) ) ;
#3698 = DIRECTION ( 'NONE',  ( -0.000000000000000000, 0.000000000000000000, -1.000000000000000000 ) ) ;
#3699 = PRESENTATION_LAYER_ASSIGNMENT (  '', '', ( #4569 ) ) ;
#3700 = CARTESIAN_POINT ( 'NONE',  ( -6.312891317191988705, -0.4157181939899461387, 3.199999999999999734 ) ) ;
#3701 = ORIENTED_EDGE ( 'NONE', *, *, #43, .F. ) ;
#3702 = DIRECTION ( 'NONE',  ( 0.1736481776669307475, -0.9848077530122081313, 2.775557561562891351E-17 ) ) ;
#3703 = VECTOR ( 'NONE', #8426, 1000.000000000000114 ) ;
#3704 = CARTESIAN_POINT ( 'NONE',  ( 8.948418984877047677, -0.5260850608630796010, 3.199999999999999734 ) ) ;
#3705 = CARTESIAN_POINT ( 'NONE',  ( 2.126816149888339336, -0.06219616703049768436, 3.299999999999999822 ) ) ;
#3706 = ORIENTED_EDGE ( 'NONE', *, *, #5727, .F. ) ;
#3707 = PRESENTATION_STYLE_ASSIGNMENT (( #2192 ) ) ;
#3708 = LINE ( 'NONE', #8593, #8503 ) ;
#3709 = AXIS2_PLACEMENT_3D ( 'NONE', #8510, #4376, #6323 ) ;
#3710 = DIRECTION ( 'NONE',  ( -4.872818752743842964E-17, 1.000000000000000000, -0.000000000000000000 ) ) ;
#3711 =( NAMED_UNIT ( * ) PLANE_ANGLE_UNIT ( ) SI_UNIT ( $, .RADIAN. ) );
#3712 = ORIENTED_EDGE ( 'NONE', *, *, #2744, .F. ) ;
#3713 = CARTESIAN_POINT ( 'NONE',  ( -7.450752854111984291, -0.4649073206360703758, 3.300000000000001155 ) ) ;
#3714 = CARTESIAN_POINT ( 'NONE',  ( 8.536449885471338206, -0.1217338719146446591, 3.199999999999999734 ) ) ;
#3715 = CARTESIAN_POINT ( 'NONE',  ( 8.892537137364900701, 0.5192221192871474544, 3.200000000000001066 ) ) ;
#3716 = EDGE_LOOP ( 'NONE', ( #3769, #5065, #5658, #914 ) ) ;
#3717 = ORIENTED_EDGE ( 'NONE', *, *, #6982, .T. ) ;
#3718 =( NAMED_UNIT ( * ) SI_UNIT ( $, .STERADIAN. ) SOLID_ANGLE_UNIT ( ) );
#3719 = CARTESIAN_POINT ( 'NONE',  ( -7.717800532875402908, 0.5196738892988990166, 3.299999999999999822 ) ) ;
#3720 = DIRECTION ( 'NONE',  ( -0.9848077530122080203, -0.1736481776669306365, -1.445602896647339656E-16 ) ) ;
#3721 = CARTESIAN_POINT ( 'NONE',  ( 0.4999999999999994449, -8.799999999999995381, -1.750000000000000222 ) ) ;
#3722 = EDGE_CURVE ( 'NONE', #2421, #1846, #5353, .T. ) ;
#3723 = EDGE_CURVE ( 'NONE', #2579, #44, #1727, .T. ) ;
#3724 = VERTEX_POINT ( 'NONE', #3168 ) ;
#3725 = DIRECTION ( 'NONE',  ( 4.206037906820357073E-16, 7.416379648549869577E-17, -1.000000000000000000 ) ) ;
#3726 = CARTESIAN_POINT ( 'NONE',  ( 1.098072787892044433, -0.1089287785490046512, 3.200000000000000622 ) ) ;
#3727 = DIRECTION ( 'NONE',  ( -0.000000000000000000, 1.000000000000000000, -0.000000000000000000 ) ) ;
#3728 = ORIENTED_EDGE ( 'NONE', *, *, #7792, .T. ) ;
#3729 = SURFACE_STYLE_USAGE ( .BOTH. , #266 ) ;
#3730 = CARTESIAN_POINT ( 'NONE',  ( 1.109726817173985580, -0.1581913680433307545, 3.299999999999998490 ) ) ;
#3731 = LINE ( 'NONE', #2961, #6737 ) ;
#3732 = CARTESIAN_POINT ( 'NONE',  ( 2.107809044299374879, -0.1638376451012790724, 3.199999999999999289 ) ) ;
#3733 = CARTESIAN_POINT ( 'NONE',  ( 0.7307692307692308376, 0.4940328636578734667, 3.299999999999999822 ) ) ;
#3734 =( NAMED_UNIT ( * ) PLANE_ANGLE_UNIT ( ) SI_UNIT ( $, .RADIAN. ) );
#3735 = SURFACE_STYLE_FILL_AREA ( #4417 ) ;
#3736 = ORIENTED_EDGE ( 'NONE', *, *, #5308, .T. ) ;
#3737 = PRESENTATION_STYLE_ASSIGNMENT (( #1750 ) ) ;
#3738 = CARTESIAN_POINT ( 'NONE',  ( -6.182702416060185335, -0.2570586708335779735, 3.199999999999998845 ) ) ;
#3739 = FACE_OUTER_BOUND ( 'NONE', #5791, .T. ) ;
#3740 = VERTEX_POINT ( 'NONE', #2487 ) ;
#3741 = EDGE_CURVE ( 'NONE', #1846, #5324, #1142, .T. ) ;
#3742 = EDGE_CURVE ( 'NONE', #7531, #4453, #7659, .T. ) ;
#3743 = DIRECTION ( 'NONE',  ( 0.000000000000000000, 0.000000000000000000, -1.000000000000000000 ) ) ;
#3744 = CARTESIAN_POINT ( 'NONE',  ( 8.530390170170544906, -0.09961101863847386662, 3.200000000000001066 ) ) ;
#3745 = PLANE ( 'NONE',  #3232 ) ;
#3746 = CARTESIAN_POINT ( 'NONE',  ( -7.550000000000000711, -9.099999999999999645, 1.750000000000000000 ) ) ;
#3747 = ORIENTED_EDGE ( 'NONE', *, *, #8079, .F. ) ;
#3748 = CARTESIAN_POINT ( 'NONE',  ( 1.798943398574941677, -0.2963764095665051834, 3.300000000000000266 ) ) ;
#3749 = CARTESIAN_POINT ( 'NONE',  ( -6.651038047701502087, -0.3518956517635120629, 3.299999999999999822 ) ) ;
#3750 = CARTESIAN_POINT ( 'NONE',  ( -7.348010711306453224, -0.3902659293025291243, 3.200000000000000622 ) ) ;
#3751 = PRESENTATION_LAYER_ASSIGNMENT (  '', '', ( #4914 ) ) ;
#3752 = CARTESIAN_POINT ( 'NONE',  ( 8.812029198604950153, -0.3494713964019973695, 3.299999999999999822 ) ) ;
#3753 = CARTESIAN_POINT ( 'NONE',  ( -6.936036504527685942, -0.1920591169622866967, 3.200000000000001954 ) ) ;
#3754 = AXIS2_PLACEMENT_3D ( 'NONE', #7810, #7178, #3698 ) ;
#3755 = VECTOR ( 'NONE', #1198, 1000.000000000000000 ) ;
#3756 = ORIENTED_EDGE ( 'NONE', *, *, #2787, .T. ) ;
#3757 = PRESENTATION_STYLE_ASSIGNMENT (( #7082 ) ) ;
#3758 = EDGE_CURVE ( 'NONE', #4867, #2656, #2713, .T. ) ;
#3759 = DIRECTION ( 'NONE',  ( -1.000000000000000000, 0.000000000000000000, 0.000000000000000000 ) ) ;
#3760 = SURFACE_STYLE_FILL_AREA ( #944 ) ;
#3761 = CARTESIAN_POINT ( 'NONE',  ( 8.755408848996975024, 0.3267251846924142389, 3.200000000000001954 ) ) ;
#3762 = SURFACE_STYLE_USAGE ( .BOTH. , #4448 ) ;
#3763 = FILL_AREA_STYLE_COLOUR ( '', #214 ) ;
#3764 = CARTESIAN_POINT ( 'NONE',  ( -6.914722419011650523, -0.2223573830769846882, 3.200000000000001066 ) ) ;
#3765 = VECTOR ( 'NONE', #5872, 1000.000000000000000 ) ;
#3766 = DIRECTION ( 'NONE',  ( -6.195440985631454085E-17, 0.000000000000000000, 1.000000000000000000 ) ) ;
#3767 = EDGE_CURVE ( 'NONE', #1749, #2506, #4978, .T. ) ;
#3768 = UNCERTAINTY_MEASURE_WITH_UNIT (LENGTH_MEASURE( 1.000000000000000082E-05 ), #3222, 'distance_accuracy_value', 'NONE');
#3769 = ORIENTED_EDGE ( 'NONE', *, *, #6480, .F. ) ;
#3770 = FACE_BOUND ( 'NONE', #4048, .T. ) ;
#3771 = CARTESIAN_POINT ( 'NONE',  ( 2.091038460343110916, 0.1956724497542846053, 3.199999999999999289 ) ) ;
#3772 = ORIENTED_EDGE ( 'NONE', *, *, #3146, .F. ) ;
#3773 = FACE_OUTER_BOUND ( 'NONE', #1109, .T. ) ;
#3774 = DIRECTION ( 'NONE',  ( -1.000000000000000000, 0.000000000000000000, 0.000000000000000000 ) ) ;
#3775 = CARTESIAN_POINT ( 'NONE',  ( 2.119697524995645566, -0.1140827936509005436, 3.199999999999998845 ) ) ;
#3776 = CARTESIAN_POINT ( 'NONE',  ( 8.537979392360039554, 0.4108470374215141274, 3.299999999999999378 ) ) ;
#3777 = CARTESIAN_POINT ( 'NONE',  ( 9.124478961674007849, 0.2288467283147193332, 3.200000000000000178 ) ) ;
#3778 = PRESENTATION_LAYER_ASSIGNMENT (  '', '', ( #4058 ) ) ;
#3779 = ORIENTED_EDGE ( 'NONE', *, *, #7785, .T. ) ;
#3780 = CARTESIAN_POINT ( 'NONE',  ( 0.2948717948717948789, -0.5059671363421265333, 3.200000000000000178 ) ) ;
#3781 = B_SPLINE_CURVE_WITH_KNOTS ( 'NONE', 3,
 ( #1655, #4363, #7176, #7899, #4463, #921, #6536, #1082, #8085, #8823, #3320, #1826, #3892, #3229, #2681 ),
 .UNSPECIFIED., .F., .F.,
 ( 4, 1, 1, 1, 1, 1, 1, 1, 1, 1, 1, 1, 4 ),
 ( 0.000000000000000000, 0.1170484290483424089, 0.2299697259035169694, 0.3407035076587646705, 0.4493551469115601438, 0.5055565115208195959, 0.5653026697757538299, 0.6282049564766000183, 0.6947289918311289059, 0.7650188336519150312, 0.8395802021957297079, 0.9177497995909477124, 1.000000000000000000 ),
 .UNSPECIFIED. ) ;
#3782 = LINE ( 'NONE', #5899, #3040 ) ;
#3783 = FILL_AREA_STYLE_COLOUR ( '', #1912 ) ;
#3784 = VERTEX_POINT ( 'NONE', #1359 ) ;
#3785 = EDGE_CURVE ( 'NONE', #2236, #2709, #159, .T. ) ;
#3786 = CARTESIAN_POINT ( 'NONE',  ( 9.015557423846017215, 0.3045297565861885269, 3.299999999999998934 ) ) ;
#3787 = CARTESIAN_POINT ( 'NONE',  ( 8.665229813026945394, -0.2958476557347200497, 3.199999999999999734 ) ) ;
#3788 =( LENGTH_UNIT ( ) NAMED_UNIT ( * ) SI_UNIT ( .MILLI., .METRE. ) );
#3789 = AXIS2_PLACEMENT_3D ( 'NONE', #2420, #5192, #2459 ) ;
#3790 = CARTESIAN_POINT ( 'NONE',  ( 1.299456504904378029, -0.1593853426835908360, 3.200000000000000178 ) ) ;
#3791 = VERTEX_POINT ( 'NONE', #2808 ) ;
#3792 = CARTESIAN_POINT ( 'NONE',  ( -7.717800532875402908, 0.5196738892988990166, 3.299999999999999822 ) ) ;
#3793 = AXIS2_PLACEMENT_3D ( 'NONE', #6119, #6859, #8910 ) ;
#3794 = CARTESIAN_POINT ( 'NONE',  ( 1.557851367140742127, -0.5303724282754066488, 3.200000000000001066 ) ) ;
#3795 = CARTESIAN_POINT ( 'NONE',  ( 1.949127501097537186E-16, -9.099999999999999645, 0.000000000000000000 ) ) ;
#3796 = VECTOR ( 'NONE', #6505, 1000.000000000000000 ) ;
#3797 = COLOUR_RGB ( '',0.2509803921568627416, 0.2509803921568627416, 0.2509803921568627416 ) ;
#3798 = EDGE_CURVE ( 'NONE', #3949, #5324, #1398, .T. ) ;
#3799 = CARTESIAN_POINT ( 'NONE',  ( 8.704050969962317197, -0.3180292644309248296, 3.199999999999999289 ) ) ;
#3800 = COLOUR_RGB ( '',0.2509803921568627416, 0.2509803921568627416, 0.2509803921568627416 ) ;
#3801 = CARTESIAN_POINT ( 'NONE',  ( -6.953199797201794041, -0.1593853426835908083, 3.200000000000000178 ) ) ;
#3802 = CARTESIAN_POINT ( 'NONE',  ( -8.116362757348884571, 0.3428730918388105398, 3.299999999999998934 ) ) ;
#3803 = VECTOR ( 'NONE', #8541, 1000.000000000000000 ) ;
#3804 = ORIENTED_EDGE ( 'NONE', *, *, #2830, .F. ) ;
#3805 = MECHANICAL_DESIGN_GEOMETRIC_PRESENTATION_REPRESENTATION (  '', ( #6596 ), #6897 ) ;
#3806 = EDGE_CURVE ( 'NONE', #7693, #4113, #3352, .T. ) ;
#3807 = CARTESIAN_POINT ( 'NONE',  ( -8.042199607258524452, 0.4108470374215142384, 3.299999999999999822 ) ) ;
#3808 = CARTESIAN_POINT ( 'NONE',  ( 1.771008668473997183, -0.3137282725069115430, 3.299999999999999378 ) ) ;
#3809 = CARTESIAN_POINT ( 'NONE',  ( -7.717800532875402908, 0.5196738892988990166, 3.299999999999999822 ) ) ;
#3810 = CARTESIAN_POINT ( 'NONE',  ( -6.967038234393490015, -0.1247365237899442508, 3.200000000000000178 ) ) ;
#3811 =( GEOMETRIC_REPRESENTATION_CONTEXT ( 3 ) GLOBAL_UNCERTAINTY_ASSIGNED_CONTEXT ( ( #1234 ) ) GLOBAL_UNIT_ASSIGNED_CONTEXT ( ( #3632, #3504, #4350 ) ) REPRESENTATION_CONTEXT ( 'NONE', 'WORKASPACE' ) );
#3812 = EDGE_LOOP ( 'NONE', ( #7927, #2780, #6808, #6714 ) ) ;
#3813 = CARTESIAN_POINT ( 'NONE',  ( -7.980413632605789509, -0.2383061434544597734, 3.200000000000001066 ) ) ;
#3814 = VERTEX_POINT ( 'NONE', #5459 ) ;
#3815 = CARTESIAN_POINT ( 'NONE',  ( 1.713166865136146466, 0.5109268450267248074, 3.299999999999999822 ) ) ;
#3816 = CARTESIAN_POINT ( 'NONE',  ( -7.162457095575358146, 0.02976923344599156918, 3.200000000000000178 ) ) ;
#3817 = CARTESIAN_POINT ( 'NONE',  ( -6.441220372605553024, -0.4945550715184538482, 3.299999999999999822 ) ) ;
#3818 = DIRECTION ( 'NONE',  ( -0.000000000000000000, -0.000000000000000000, -1.000000000000000000 ) ) ;
#3819 = CARTESIAN_POINT ( 'NONE',  ( 8.758083801768847820, 0.5099912977391113378, 3.199999999999998845 ) ) ;
#3820 = CARTESIAN_POINT ( 'NONE',  ( -5.746246045695915683, 0.1256434405809504495, 3.200000000000000178 ) ) ;
#3821 = FILL_AREA_STYLE ('',( #4678 ) ) ;
#3822 = ORIENTED_EDGE ( 'NONE', *, *, #6733, .T. ) ;
#3823 = STYLED_ITEM ( 'NONE', ( #4780 ), #8801 ) ;
#3824 = CARTESIAN_POINT ( 'NONE',  ( -7.512396336838107480, 0.4802700398739077059, 3.299999999999999378 ) ) ;
#3825 = CARTESIAN_POINT ( 'NONE',  ( 1.664608827013363213, -0.5302281613738382138, 3.300000000000000711 ) ) ;
#3826 = ORIENTED_EDGE ( 'NONE', *, *, #2660, .F. ) ;
#3827 = CARTESIAN_POINT ( 'NONE',  ( -2.945461134408580595, 5.099999999999999645, 0.000000000000000000 ) ) ;
#3828 = LINE ( 'NONE', #7445, #6007 ) ;
#3829 =( NAMED_UNIT ( * ) SI_UNIT ( $, .STERADIAN. ) SOLID_ANGLE_UNIT ( ) );
#3830 = SURFACE_SIDE_STYLE ('',( #8594 ) ) ;
#3831 = VECTOR ( 'NONE', #935, 1000.000000000000000 ) ;
#3832 = COLOUR_RGB ( '',0.2509803921568627416, 0.2509803921568627416, 0.2509803921568627416 ) ;
#3833 = CARTESIAN_POINT ( 'NONE',  ( 8.549999999999998934, -8.499999999999998224, 0.000000000000000000 ) ) ;
#3834 = CARTESIAN_POINT ( 'NONE',  ( 1.316619797578489903, -0.1920591169622863359, 3.199999999999999734 ) ) ;
#3835 = CARTESIAN_POINT ( 'NONE',  ( -5.156502455952325370, 0.1256434405809504495, 3.299999999999999822 ) ) ;
#3836 = CARTESIAN_POINT ( 'NONE',  ( 1.948412173949768400, -0.01853698339026317241, 3.300000000000000266 ) ) ;
#3837 = CARTESIAN_POINT ( 'NONE',  ( 1.317009143217589440, -0.4445046030591507935, 3.199999999999999734 ) ) ;
#3838 = VECTOR ( 'NONE', #8052, 1000.000000000000000 ) ;
#3839 = DIRECTION ( 'NONE',  ( 1.000000000000000000, 0.000000000000000000, 0.000000000000000000 ) ) ;
#3840 = CARTESIAN_POINT ( 'NONE',  ( -7.855806583489789219, 0.5024524409711805806, 3.200000000000002842 ) ) ;
#3841 = ORIENTED_EDGE ( 'NONE', *, *, #3860, .T. ) ;
#3842 = CARTESIAN_POINT ( 'NONE',  ( 7.545471415461110887, 0.1500825431450529823, 3.200000000000000178 ) ) ;
#3843 = CARTESIAN_POINT ( 'NONE',  ( -7.888833631486791731, 0.4923525469145170752, 3.299999999999999378 ) ) ;
#3844 = CARTESIAN_POINT ( 'NONE',  ( 8.520164799526275701, 0.007934199377222214689, 3.299999999999999378 ) ) ;
#3845 =( NAMED_UNIT ( * ) PLANE_ANGLE_UNIT ( ) SI_UNIT ( $, .RADIAN. ) );
#3846 = ORIENTED_EDGE ( 'NONE', *, *, #6097, .T. ) ;
#3847 = CARTESIAN_POINT ( 'NONE',  ( -8.054634625261462233, -0.07674748960075709892, 3.199999999999998845 ) ) ;
#3848 =( NAMED_UNIT ( * ) PLANE_ANGLE_UNIT ( ) SI_UNIT ( $, .RADIAN. ) );
#3849 = CARTESIAN_POINT ( 'NONE',  ( 1.896425007908497440, 0.4336530536449935136, 3.300000000000000266 ) ) ;
#3850 = CARTESIAN_POINT ( 'NONE',  ( -6.161617841763060710, 0.1956724497542842167, 3.299999999999999822 ) ) ;
#3851 = LINE ( 'NONE', #6576, #7343 ) ;
#3852 = CARTESIAN_POINT ( 'NONE',  ( 2.126816149888339336, -0.06219616703049768436, 3.299999999999999822 ) ) ;
#3853 = LINE ( 'NONE', #3276, #4691 ) ;
#3854 = LINE ( 'NONE', #5979, #8287 ) ;
#3855 = EDGE_CURVE ( 'NONE', #7121, #3112, #4770, .T. ) ;
#3856 = EDGE_LOOP ( 'NONE', ( #8868, #3192, #4667, #4644 ) ) ;
#3857 = DIRECTION ( 'NONE',  ( -0.000000000000000000, -0.000000000000000000, -1.000000000000000000 ) ) ;
#3858 = ORIENTED_EDGE ( 'NONE', *, *, #3798, .F. ) ;
#3859 = CARTESIAN_POINT ( 'NONE',  ( -8.239835789285658407, -0.004364572239562458135, 3.200000000000000178 ) ) ;
#3860 = EDGE_CURVE ( 'NONE', #6357, #5197, #8264, .T. ) ;
#3861 = CARTESIAN_POINT ( 'NONE',  ( -6.240831873561444532, 0.3273396378151152697, 3.299999999999998934 ) ) ;
#3862 = PRESENTATION_STYLE_ASSIGNMENT (( #974 ) ) ;
#3863 = ORIENTED_EDGE ( 'NONE', *, *, #6950, .F. ) ;
#3864 = CARTESIAN_POINT ( 'NONE',  ( 7.527642889820085337, 0.4940328636578734667, 3.299999999999999822 ) ) ;
#3865 = DIRECTION ( 'NONE',  ( -1.000000000000000000, -4.872818752743843581E-17, -0.000000000000000000 ) ) ;
#3866 = CARTESIAN_POINT ( 'NONE',  ( 1.608173076923077094, 0.3401867098117196120, 3.299999999999999822 ) ) ;
#3867 = CARTESIAN_POINT ( 'NONE',  ( -6.757811981502287679, -0.3332738282322757484, 3.300000000000000711 ) ) ;
#3868 =( LENGTH_UNIT ( ) NAMED_UNIT ( * ) SI_UNIT ( .MILLI., .METRE. ) );
#3869 = ADVANCED_FACE ( 'NONE', ( #8595 ), #3745, .T. ) ;
#3870 = ADVANCED_FACE ( 'NONE', ( #4517 ), #8345, .T. ) ;
#3871 = CARTESIAN_POINT ( 'NONE',  ( -6.983019325069496297, -0.02167724614778751210, 3.300000000000000266 ) ) ;
#3872 = CARTESIAN_POINT ( 'NONE',  ( 1.090199206530810594, 0.02976923344599166979, 3.199999999999999734 ) ) ;
#3873 = ADVANCED_FACE ( 'NONE', ( #455 ), #3452, .T. ) ;
#3874 = EDGE_LOOP ( 'NONE', ( #1374, #1295, #2750, #744 ) ) ;
#3875 = ADVANCED_FACE ( 'NONE', ( #549 ), #3386, .T. ) ;
#3876 = MECHANICAL_DESIGN_GEOMETRIC_PRESENTATION_REPRESENTATION (  '', ( #8133 ), #2292 ) ;
#3877 =( NAMED_UNIT ( * ) PLANE_ANGLE_UNIT ( ) SI_UNIT ( $, .RADIAN. ) );
#3878 = B_SPLINE_CURVE_WITH_KNOTS ( 'NONE', 3,
 ( #8808, #2534, #6655, #8204, #1866, #1921, #3808, #3926, #4586, #4726, #3307, #5314, #6750, #4675, #8111, #340, #4627, #6058, #2574 ),
 .UNSPECIFIED., .F., .F.,
 ( 4, 1, 1, 1, 1, 1, 1, 1, 1, 1, 1, 1, 1, 1, 1, 1, 4 ),
 ( 0.000000000000000000, 0.06414744487667170536, 0.1262121152536834490, 0.1868412890216907263, 0.2469358694509784236, 0.3072563614860032710, 0.3681505022006762995, 0.4300707669516565246, 0.4938754417369544125, 0.5579806818508445954, 0.6208695259285350598, 0.6825247313751580114, 0.7440356981057698604, 0.8058886825781877983, 0.8689681377436667686, 0.9332474288479395419, 1.000000000000000000 ),
 .UNSPECIFIED. ) ;
#3879 =( NAMED_UNIT ( * ) PLANE_ANGLE_UNIT ( ) SI_UNIT ( $, .RADIAN. ) );
#3880 = CARTESIAN_POINT ( 'NONE',  ( 8.520822789194795632, 0.03134514367316647981, 3.299999999999998934 ) ) ;
#3881 = COLOUR_RGB ( '',0.2509803921568627416, 0.2509803921568627416, 0.2509803921568627416 ) ;
#3882 = VECTOR ( 'NONE', #3173, 1000.000000000000000 ) ;
#3883 = ORIENTED_EDGE ( 'NONE', *, *, #4348, .T. ) ;
#3884 = CARTESIAN_POINT ( 'NONE',  ( -6.860428738003608196, -0.2751979055728958068, 3.300000000000000266 ) ) ;
#3885 = CARTESIAN_POINT ( 'NONE',  ( 8.511479910568041873, 0.3896584085384152130, 3.300000000000000266 ) ) ;
#3886 = VECTOR ( 'NONE', #8957, 1000.000000000000114 ) ;
#3887 = CARTESIAN_POINT ( 'NONE',  ( -8.239835789285658407, -0.004364572239562458135, 3.299999999999999822 ) ) ;
#3888 = CIRCLE ( 'NONE', #518, 0.8000000000000003775 ) ;
#3889 = CARTESIAN_POINT ( 'NONE',  ( -6.315195590523720703, 0.4021298811425257913, 3.299999999999999822 ) ) ;
#3890 = CARTESIAN_POINT ( 'NONE',  ( -6.588047475092809080, -0.5302281613738378807, 3.299999999999999378 ) ) ;
#3891 = CARTESIAN_POINT ( 'NONE',  ( -7.829229332768651517, -0.5233095848922482141, 3.200000000000000622 ) ) ;
#3892 = CARTESIAN_POINT ( 'NONE',  ( 9.137890660809070198, -0.2263380502071502542, 3.300000000000000266 ) ) ;
#3893 = CARTESIAN_POINT ( 'NONE',  ( 9.052794987950575134, 0.2835775364371891372, 3.200000000000000622 ) ) ;
#3894 = STYLED_ITEM ( 'NONE', ( #6464 ), #6658 ) ;
#3895 = VECTOR ( 'NONE', #6242, 1000.000000000000000 ) ;
#3896 = EDGE_LOOP ( 'NONE', ( #5997, #4631, #6073, #404 ) ) ;
#3897 = DIRECTION ( 'NONE',  ( -1.000000000000000000, 0.000000000000000000, 0.000000000000000000 ) ) ;
#3898 = ADVANCED_FACE ( 'NONE', ( #4963 ), #8193, .T. ) ;
#3899 = LINE ( 'NONE', #3186, #1257 ) ;
#3900 = DIRECTION ( 'NONE',  ( -0.5676451057264807476, 0.8232733652589354634, 0.000000000000000000 ) ) ;
#3901 = VERTEX_POINT ( 'NONE', #1697 ) ;
#3902 = SURFACE_SIDE_STYLE ('',( #2552 ) ) ;
#3903 = DIRECTION ( 'NONE',  ( -0.000000000000000000, -0.000000000000000000, -1.000000000000000000 ) ) ;
#3904 = CARTESIAN_POINT ( 'NONE',  ( 8.519926762883656579, -0.01231487174682617015, 3.200000000000000178 ) ) ;
#3905 = CARTESIAN_POINT ( 'NONE',  ( 9.015557423846017215, 0.3045297565861885269, 3.199999999999999289 ) ) ;
#3906 = ADVANCED_FACE ( 'NONE', ( #1744 ), #2275, .T. ) ;
#3907 = PRESENTATION_STYLE_ASSIGNMENT (( #8974 ) ) ;
#3908 = EDGE_LOOP ( 'NONE', ( #592, #1754, #3217, #6329 ) ) ;
#3909 = CARTESIAN_POINT ( 'NONE',  ( 1.316619797578489903, -0.1920591169622863359, 3.200000000000000178 ) ) ;
#3910 = FILL_AREA_STYLE ('',( #4614 ) ) ;
#3911 = CARTESIAN_POINT ( 'NONE',  ( 1.645904655914713688, -0.3511813902018700584, 3.299999999999999378 ) ) ;
#3912 = CARTESIAN_POINT ( 'NONE',  ( 8.724372416128774788, 0.5024524409711802475, 3.200000000000000178 ) ) ;
#3913 = PLANE ( 'NONE',  #236 ) ;
#3914 = CARTESIAN_POINT ( 'NONE',  ( -7.720605020054890133, -0.5316081619831521943, 3.200000000000000178 ) ) ;
#3915 =( LENGTH_UNIT ( ) NAMED_UNIT ( * ) SI_UNIT ( .MILLI., .METRE. ) );
#3916 = EDGE_CURVE ( 'NONE', #2257, #8547, #5839, .T. ) ;
#3917 = CARTESIAN_POINT ( 'NONE',  ( -7.162912712362582646, -0.005566495316485452725, 3.200000000000000178 ) ) ;
#3918 = VECTOR ( 'NONE', #1286, 1000.000000000000000 ) ;
#3919 = DIRECTION ( 'NONE',  ( -1.351345363508946299E-16, -6.610348994666661011E-17, 1.000000000000000000 ) ) ;
#3920 =( NAMED_UNIT ( * ) PLANE_ANGLE_UNIT ( ) SI_UNIT ( $, .RADIAN. ) );
#3921 = ORIENTED_EDGE ( 'NONE', *, *, #5233, .F. ) ;
#3922 = VECTOR ( 'NONE', #8696, 1000.000000000000000 ) ;
#3923 = CARTESIAN_POINT ( 'NONE',  ( 1.416184523298577469, -0.2935164394439002677, 3.299999999999998934 ) ) ;
#3924 = STYLED_ITEM ( 'NONE', ( #3332 ), #1670 ) ;
#3925 = CARTESIAN_POINT ( 'NONE',  ( -7.876128029656249474, -0.3180292644309252736, 3.300000000000000711 ) ) ;
#3926 = CARTESIAN_POINT ( 'NONE',  ( 1.798943398574941677, -0.2963764095665051834, 3.300000000000000266 ) ) ;
#3927 = PRESENTATION_LAYER_ASSIGNMENT (  '', '', ( #113 ) ) ;
#3928 = FILL_AREA_STYLE ('',( #1255 ) ) ;
#3929 = CARTESIAN_POINT ( 'NONE',  ( 7.365984235973931149, 0.4940328636578734667, 3.299999999999999822 ) ) ;
#3930 = PRESENTATION_LAYER_ASSIGNMENT (  '', '', ( #5568 ) ) ;
#3931 = UNCERTAINTY_MEASURE_WITH_UNIT (LENGTH_MEASURE( 1.000000000000000082E-05 ), #1301, 'distance_accuracy_value', 'NONE');
#3932 = VECTOR ( 'NONE', #756, 1000.000000000000000 ) ;
#3933 = B_SPLINE_SURFACE_WITH_KNOTS ( 'NONE', 3, 1, ( 
 ( #4447, #2215 ),
 ( #211, #4353 ),
 ( #3031, #4304 ),
 ( #7117, #852 ),
 ( #8615, #3761 ),
 ( #7932, #803 ),
 ( #3682, #3634 ),
 ( #6423, #5083 ),
 ( #122, #2946 ),
 ( #8530, #1590 ),
 ( #4396, #2614 ),
 ( #5218, #5964 ),
 ( #8071, #1034 ),
 ( #1813, #8153 ),
 ( #7469, #1072 ),
 ( #8755, #3976 ),
 ( #3880, #8711 ),
 ( #3844, #6696 ),
 ( #5266, #1165 ) ),
 .UNSPECIFIED., .F., .F., .F.,
 ( 4, 1, 1, 1, 1, 1, 1, 1, 1, 1, 1, 1, 1, 1, 1, 1, 4 ),
 ( 2, 2 ),
 ( 0.000000000000000000, 0.06471451654083451577, 0.1277069683294531910, 0.1888821628171172273, 0.2491582987223299461, 0.3096610287488844593, 0.3702248860571860090, 0.4323322219725850291, 0.4957818589938720044, 0.5593040765204274622, 0.6218605583615254284, 0.6833215373325060016, 0.7445229747823347566, 0.8060883712105106902, 0.8689943146702061583, 0.9334190568081364159, 1.000000000000000000 ),
 ( 0.000000000000000000, 1.000000000000000000 ),
 .UNSPECIFIED. ) ;
#3934 = VERTEX_POINT ( 'NONE', #5153 ) ;
#3935 = PRESENTATION_LAYER_ASSIGNMENT (  '', '', ( #120 ) ) ;
#3936 = CARTESIAN_POINT ( 'NONE',  ( 8.340343210332905599, -0.004364572239562458135, 3.299999999999999822 ) ) ;
#3937 = FACE_OUTER_BOUND ( 'NONE', #8804, .T. ) ;
#3939 =( GEOMETRIC_REPRESENTATION_CONTEXT ( 3 ) GLOBAL_UNCERTAINTY_ASSIGNED_CONTEXT ( ( #606 ) ) GLOBAL_UNIT_ASSIGNED_CONTEXT ( ( #2185, #2278, #2913 ) ) REPRESENTATION_CONTEXT ( 'NONE', 'WORKASPACE' ) );
#3938 = CARTESIAN_POINT ( 'NONE',  ( -8.238681642580070630, -0.06017966877161134293, 3.299999999999998934 ) ) ;
#3940 = CARTESIAN_POINT ( 'NONE',  ( -6.276548632706548503, 0.3663014702377211940, 3.200000000000000178 ) ) ;
#3941 = CARTESIAN_POINT ( 'NONE',  ( 0.4999999999999995559, -9.099999999999999645, 1.449999999999998401 ) ) ;
#3942 = CARTESIAN_POINT ( 'NONE',  ( -6.383250445032785159, 2.122022944157992530, 4.000000000000000000 ) ) ;
#3943 = CARTESIAN_POINT ( 'NONE',  ( -6.359144842637217465, -0.2001349369862042427, 3.199999999999999734 ) ) ;
#3944 = EDGE_LOOP ( 'NONE', ( #8414, #2276, #7984, #8109, #2632, #1853, #2718, #1953, #1485, #1129, #6008, #8611, #7157 ) ) ;
#3945 = CARTESIAN_POINT ( 'NONE',  ( 8.936998962935206237, -0.3450295354079940258, 3.200000000000001066 ) ) ;
#3946 = CARTESIAN_POINT ( 'NONE',  ( 1.662688136830053232, 0.5183350099680890111, 3.199999999999999734 ) ) ;
#3947 = AXIS2_PLACEMENT_3D ( 'NONE', #1119, #4635, #629 ) ;
#3948 =( NAMED_UNIT ( * ) SI_UNIT ( $, .STERADIAN. ) SOLID_ANGLE_UNIT ( ) );
#3949 = VERTEX_POINT ( 'NONE', #5051 ) ;
#3950 = CARTESIAN_POINT ( 'NONE',  ( 1.824755316220697088, 0.2633085497810983555, 3.299999999999999378 ) ) ;
#3951 = LINE ( 'NONE', #7495, #994 ) ;
#3952 = SURFACE_STYLE_FILL_AREA ( #7278 ) ;
#3954 = AXIS2_PLACEMENT_3D ( 'NONE', #4053, #6046, #8980 ) ;
#3953 = CARTESIAN_POINT ( 'NONE',  ( 9.285054748794443924, -0.3407027132652034607, 3.299999999999999822 ) ) ;
#3955 = CARTESIAN_POINT ( 'NONE',  ( 9.146286300787073387, 0.2062979031220077697, 3.299999999999999378 ) ) ;
#3956 = MECHANICAL_DESIGN_GEOMETRIC_PRESENTATION_REPRESENTATION (  '', ( #4400 ), #875 ) ;
#3957 = CARTESIAN_POINT ( 'NONE',  ( -6.309548280599898362, 0.06318993120499179217, 3.300000000000000266 ) ) ;
#3958 = VERTEX_POINT ( 'NONE', #7949 ) ;
#3959 = SURFACE_STYLE_FILL_AREA ( #8835 ) ;
#3960 = SURFACE_STYLE_FILL_AREA ( #2599 ) ;
#3961 = CARTESIAN_POINT ( 'NONE',  ( -7.011549202269475423, 0.3665095015074114615, 3.200000000000000178 ) ) ;
#3962 = FACE_OUTER_BOUND ( 'NONE', #2365, .T. ) ;
#3963 = VERTEX_POINT ( 'NONE', #1560 ) ;
#3964 = SURFACE_SIDE_STYLE ('',( #9022 ) ) ;
#3965 = CARTESIAN_POINT ( 'NONE',  ( -7.660653521456484150, -0.5292175802107366156, 3.200000000000001510 ) ) ;
#3966 = DIRECTION ( 'NONE',  ( 0.000000000000000000, 0.000000000000000000, 1.000000000000000000 ) ) ;
#3967 =( LENGTH_UNIT ( ) NAMED_UNIT ( * ) SI_UNIT ( .MILLI., .METRE. ) );
#3968 =( GEOMETRIC_REPRESENTATION_CONTEXT ( 3 ) GLOBAL_UNCERTAINTY_ASSIGNED_CONTEXT ( ( #2668 ) ) GLOBAL_UNIT_ASSIGNED_CONTEXT ( ( #4987, #6376, #6465 ) ) REPRESENTATION_CONTEXT ( 'NONE', 'WORKASPACE' ) );
#3969 = COLOUR_RGB ( '',0.2509803921568627416, 0.2509803921568627416, 0.2509803921568627416 ) ;
#3970 = CARTESIAN_POINT ( 'NONE',  ( 1.910819313362801974, -0.1715579668125875312, 3.200000000000000178 ) ) ;
#3971 = EDGE_CURVE ( 'NONE', #3934, #2241, #3781, .T. ) ;
#3972 = EDGE_LOOP ( 'NONE', ( #6055, #2097, #6853, #6781 ) ) ;
#3973 = MECHANICAL_DESIGN_GEOMETRIC_PRESENTATION_REPRESENTATION (  '', ( #6039 ), #7353 ) ;
#3974 =( NAMED_UNIT ( * ) SI_UNIT ( $, .STERADIAN. ) SOLID_ANGLE_UNIT ( ) );
#3975 = FILL_AREA_STYLE_COLOUR ( '', #6610 ) ;
#3976 = CARTESIAN_POINT ( 'NONE',  ( 8.525231232237524992, 0.06578350923150992624, 3.200000000000000622 ) ) ;
#3977 = CARTESIAN_POINT ( 'NONE',  ( 1.293005852369144115, 0.1303322648428095198, 3.299999999999999378 ) ) ;
#3978 = VECTOR ( 'NONE', #3818, 1000.000000000000000 ) ;
#3979 = CARTESIAN_POINT ( 'NONE',  ( 1.608173076923077094, 0.3401867098117196120, 3.299999999999999822 ) ) ;
#3980 = EDGE_LOOP ( 'NONE', ( #5901, #6379, #683, #5509 ) ) ;
#3981 = CARTESIAN_POINT ( 'NONE',  ( -6.836471778807595712, -0.2935164394439004343, 3.300000000000000266 ) ) ;
#3982 = CARTESIAN_POINT ( 'NONE',  ( 8.525544374357101773, -0.07674748960075698789, 3.299999999999999378 ) ) ;
#3983 = CARTESIAN_POINT ( 'NONE',  ( -6.573509063166299349, -0.3465187200052113892, 3.199999999999999289 ) ) ;
#3984 = CARTESIAN_POINT ( 'NONE',  ( -6.490843848763099722, 0.4988563023161740606, 3.199999999999997957 ) ) ;
#3985 = PLANE ( 'NONE',  #20 ) ;
#3986 = CARTESIAN_POINT ( 'NONE',  ( -8.239835789285658407, -0.004364572239562458135, 3.299999999999999822 ) ) ;
#3987 = B_SPLINE_CURVE_WITH_KNOTS ( 'NONE', 3,
 ( #5161, #7958, #1663, #4471, #969, #3786, #6813, #4745, #5477, #3997, #1136 ),
 .UNSPECIFIED., .F., .F.,
 ( 4, 1, 1, 1, 1, 1, 1, 1, 4 ),
 ( 0.000000000000000000, 0.1394064381817378129, 0.2723044483741574595, 0.3995253362717564594, 0.5228108782578221314, 0.6426627165918673557, 0.7610226208095218770, 0.8798007967838055166, 1.000000000000000000 ),
 .UNSPECIFIED. ) ;
#3988 = PRESENTATION_STYLE_ASSIGNMENT (( #2725 ) ) ;
#3989 = EDGE_CURVE ( 'NONE', #5674, #7165, #1798, .T. ) ;
#3990 = EDGE_CURVE ( 'NONE', #5348, #1287, #6071, .T. ) ;
#3991 = ORIENTED_EDGE ( 'NONE', *, *, #104, .T. ) ;
#3992 = CARTESIAN_POINT ( 'NONE',  ( 9.137890660809070198, -0.2263380502071502542, 3.200000000000000622 ) ) ;
#3993 = CARTESIAN_POINT ( 'NONE',  ( 1.610977564102564097, 0.5196738892988990166, 3.200000000000000178 ) ) ;
#3994 = DIRECTION ( 'NONE',  ( 1.000000000000000000, 0.000000000000000000, 0.000000000000000000 ) ) ;
#3995 = ORIENTED_EDGE ( 'NONE', *, *, #229, .F. ) ;
#3996 = CARTESIAN_POINT ( 'NONE',  ( 1.824755316220697088, 0.2633085497810983555, 3.199999999999999734 ) ) ;
#3997 = CARTESIAN_POINT ( 'NONE',  ( 8.869216774398509529, 0.3397814197328729580, 3.300000000000000711 ) ) ;
#3998 = DIRECTION ( 'NONE',  ( 0.000000000000000000, 1.000000000000000000, 0.000000000000000000 ) ) ;
#3999 = PRESENTATION_STYLE_ASSIGNMENT (( #2041 ) ) ;
#4000 = CARTESIAN_POINT ( 'NONE',  ( -8.068699089050522133, 0.3896584085384145468, 3.200000000000000622 ) ) ;
#4001 = CARTESIAN_POINT ( 'NONE',  ( 1.467735895074102848, -0.3224749732304595939, 3.200000000000001066 ) ) ;
#4002 = SURFACE_STYLE_FILL_AREA ( #1194 ) ;
#4003 = ORIENTED_EDGE ( 'NONE', *, *, #2787, .F. ) ;
#4004 = CARTESIAN_POINT ( 'NONE',  ( 1.276034533417868877, -0.08772791109500197027, 3.200000000000001510 ) ) ;
#4005 = FACE_OUTER_BOUND ( 'NONE', #4239, .T. ) ;
#4006 = CARTESIAN_POINT ( 'NONE',  ( 1.446415489886831551, 0.3021718888387588398, 3.199999999999998845 ) ) ;
#4007 = CARTESIAN_POINT ( 'NONE',  ( -7.683426906820830737, 0.3389756310232716618, 3.299999999999998934 ) ) ;
#4009 = EDGE_CURVE ( 'NONE', #4191, #4423, #6023, .T. ) ;
#4008 = UNCERTAINTY_MEASURE_WITH_UNIT (LENGTH_MEASURE( 1.000000000000000082E-05 ), #4532, 'distance_accuracy_value', 'NONE');
#4010 = ADVANCED_FACE ( 'NONE', ( #1977 ), #7436, .T. ) ;
#4011 = ORIENTED_EDGE ( 'NONE', *, *, #8642, .F. ) ;
#4012 = LINE ( 'NONE', #6825, #2193 ) ;
#4013 = PRESENTATION_STYLE_ASSIGNMENT (( #6277 ) ) ;
#4014 = FILL_AREA_STYLE_COLOUR ( '', #3881 ) ;
#4015 = B_SPLINE_SURFACE_WITH_KNOTS ( 'NONE', 3, 1, ( 
 ( #9030, #3348 ),
 ( #4199, #470 ),
 ( #5548, #5402 ),
 ( #836, #1576 ),
 ( #6375, #110 ),
 ( #8557, #8424 ),
 ( #7071, #7820 ),
 ( #2249, #3019 ),
 ( #6463, #3621 ),
 ( #5814, #8518 ),
 ( #5028, #1498 ),
 ( #7869, #4985 ),
 ( #2290, #3666 ),
 ( #2202, #2852 ),
 ( #7202, #26 ),
 ( #7917, #4294 ),
 ( #4381, #65 ),
 ( #5652, #2152 ),
 ( #4938, #2887 ) ),
 .UNSPECIFIED., .F., .F., .F.,
 ( 4, 1, 1, 1, 1, 1, 1, 1, 1, 1, 1, 1, 1, 1, 1, 1, 4 ),
 ( 2, 2 ),
 ( 0.000000000000000000, 0.06593912405765876839, 0.1297911093795348914, 0.1921752363053292612, 0.2536170442157556493, 0.3147191079962373128, 0.3762822754113758217, 0.4389729923739132955, 0.5031747018386414361, 0.5673294646239470662, 0.6296509938060323996, 0.6906498673030981861, 0.7512376127977872242, 0.8117541138236067377, 0.8727877774488532747, 0.9355396326682304808, 1.000000000000000000 ),
 ( 0.000000000000000000, 1.000000000000000000 ),
 .UNSPECIFIED. ) ;
#4016 = CARTESIAN_POINT ( 'NONE',  ( 9.175703789430059487, 0.4232118250606075605, 3.300000000000000711 ) ) ;
#4017 = CARTESIAN_POINT ( 'NONE',  ( 1.893511459468955938, -0.2001349369862042149, 3.199999999999999289 ) ) ;
#4018 = ORIENTED_EDGE ( 'NONE', *, *, #1430, .F. ) ;
#4019 = CARTESIAN_POINT ( 'NONE',  ( -6.656184152687630196, 0.3398727476550354454, 3.200000000000000178 ) ) ;
#4020 = FILL_AREA_STYLE_COLOUR ( '', #6931 ) ;
#4021 = APPLICATION_CONTEXT ( 'automotive_design' ) ;
#4022 = CARTESIAN_POINT ( 'NONE',  ( 2.119697524995645566, -0.1140827936509005436, 3.199999999999998845 ) ) ;
#4023 = PLANE ( 'NONE',  #2443 ) ;
#4024 = UNCERTAINTY_MEASURE_WITH_UNIT (LENGTH_MEASURE( 1.000000000000000082E-05 ), #1294, 'distance_accuracy_value', 'NONE');
#4025 = CARTESIAN_POINT ( 'NONE',  ( 1.948401594100191536, 0.005331963233136713387, 3.299999999999999378 ) ) ;
#4026 = CARTESIAN_POINT ( 'NONE',  ( -7.965819012406942790, -0.2543802362555004359, 3.199999999999999734 ) ) ;
#4027 = EDGE_LOOP ( 'NONE', ( #5732, #7676, #7487, #8708 ) ) ;
#4028 = CARTESIAN_POINT ( 'NONE',  ( 8.665229813026945394, -0.2958476557347200497, 3.299999999999999378 ) ) ;
#4029 = CARTESIAN_POINT ( 'NONE',  ( -6.399235242741713847, 0.4601356041372028916, 3.299999999999999378 ) ) ;
#4030 = FACE_OUTER_BOUND ( 'NONE', #7716, .T. ) ;
#4031 = COLOUR_RGB ( '',0.2509803921568627416, 0.2509803921568627416, 0.2509803921568627416 ) ;
#4032 = EDGE_CURVE ( 'NONE', #6995, #4604, #3853, .T. ) ;
#4033 =( NAMED_UNIT ( * ) PLANE_ANGLE_UNIT ( ) SI_UNIT ( $, .RADIAN. ) );
#4034 = CARTESIAN_POINT ( 'NONE',  ( -6.341836988743371428, -0.1715579668125874480, 3.200000000000000178 ) ) ;
#4035 = CARTESIAN_POINT ( 'NONE',  ( -5.451374250824120082, -0.2034831619831521665, 3.200000000000000178 ) ) ;
#4036 = VERTEX_POINT ( 'NONE', #1880 ) ;
#4037 = SURFACE_STYLE_USAGE ( .BOTH. , #5429 ) ;
#4038 = VECTOR ( 'NONE', #1521, 1000.000000000000000 ) ;
#4039 = DIRECTION ( 'NONE',  ( 0.000000000000000000, 0.000000000000000000, 1.000000000000000000 ) ) ;
#4040 = CARTESIAN_POINT ( 'NONE',  ( 1.949127501097537186E-16, -9.099999999999999645, 0.000000000000000000 ) ) ;
#4041 = EDGE_LOOP ( 'NONE', ( #6519, #8920, #388, #4495 ) ) ;
#4042 = CARTESIAN_POINT ( 'NONE',  ( 1.797741940380192194, 0.2837438070785937572, 3.299999999999999378 ) ) ;
#4043 = CARTESIAN_POINT ( 'NONE',  ( 30.72711787350053214, 12.21957528434416318, 1.500000000000008660 ) ) ;
#4044 = CARTESIAN_POINT ( 'NONE',  ( 9.129426145506581491, -0.4649073206360704869, 3.199999999999999734 ) ) ;
#4045 =( GEOMETRIC_REPRESENTATION_CONTEXT ( 3 ) GLOBAL_UNCERTAINTY_ASSIGNED_CONTEXT ( ( #6977 ) ) GLOBAL_UNIT_ASSIGNED_CONTEXT ( ( #4493, #7255, #5180 ) ) REPRESENTATION_CONTEXT ( 'NONE', 'WORKASPACE' ) );
#4046 = MECHANICAL_DESIGN_GEOMETRIC_PRESENTATION_REPRESENTATION (  '', ( #814 ), #1092 ) ;
#4047 = FILL_AREA_STYLE ('',( #3389 ) ) ;
#4048 = EDGE_LOOP ( 'NONE', ( #7522, #5740, #6811, #4760 ) ) ;
#4049 = EDGE_CURVE ( 'NONE', #7081, #1422, #8054, .T. ) ;
#4050 = CARTESIAN_POINT ( 'NONE',  ( -8.183686341169305933, -0.2610817460956936231, 3.299999999999999822 ) ) ;
#4051 = CARTESIAN_POINT ( 'NONE',  ( 1.274897570431653415, 0.06415663428369823562, 3.300000000000001155 ) ) ;
#4052 = DIRECTION ( 'NONE',  ( 0.1736481776669306920, -0.9848077530122080203, 0.000000000000000000 ) ) ;
#4053 = CARTESIAN_POINT ( 'NONE',  ( -7.550000000000000711, -9.099999999999999645, 1.750000000000000000 ) ) ;
#4054 = ORIENTED_EDGE ( 'NONE', *, *, #2472, .F. ) ;
#4055 = COLOUR_RGB ( '',0.2509803921568627416, 0.2509803921568627416, 0.2509803921568627416 ) ;
#4056 = FILL_AREA_STYLE_COLOUR ( '', #6398 ) ;
#4057 = LINE ( 'NONE', #8330, #1264 ) ;
#4058 = STYLED_ITEM ( 'NONE', ( #5024 ), #1300 ) ;
#4059 = CARTESIAN_POINT ( 'NONE',  ( 1.645904655914713688, -0.3511813902018700584, 3.199999999999999734 ) ) ;
#4060 = ORIENTED_EDGE ( 'NONE', *, *, #5223, .T. ) ;
#4061 =( NAMED_UNIT ( * ) PLANE_ANGLE_UNIT ( ) SI_UNIT ( $, .RADIAN. ) );
#4062 = CARTESIAN_POINT ( 'NONE',  ( -6.641678738003607307, 0.5196738892988990166, 3.200000000000000178 ) ) ;
#4063 = ADVANCED_FACE ( 'NONE', ( #2170 ), #4826, .T. ) ;
#4064 = CARTESIAN_POINT ( 'NONE',  ( -7.949884884746821534, -0.2691643865731915275, 3.300000000000000266 ) ) ;
#4065 = VECTOR ( 'NONE', #3540, 1000.000000000000000 ) ;
#4066 = CARTESIAN_POINT ( 'NONE',  ( -6.624292512441568803, 0.5192237287839790438, 3.299999999999999822 ) ) ;
#4067 = CARTESIAN_POINT ( 'NONE',  ( -7.422728417490787933, -0.2066882901882803603, 3.200000000000000178 ) ) ;
#4068 = CARTESIAN_POINT ( 'NONE',  ( 1.910544580682598248, 0.1580442267139253454, 3.300000000000001155 ) ) ;
#4069 = AXIS2_PLACEMENT_3D ( 'NONE', #3639, #2032, #6952 ) ;
#4070 = ORIENTED_EDGE ( 'NONE', *, *, #8477, .F. ) ;
#4071 = DIRECTION ( 'NONE',  ( 1.000000000000000000, 4.872818752743842964E-17, -0.000000000000000000 ) ) ;
#4072 = FACE_OUTER_BOUND ( 'NONE', #8312, .T. ) ;
#4073 = LINE ( 'NONE', #2621, #3548 ) ;
#4074 = CARTESIAN_POINT ( 'NONE',  ( -8.158896336556237472, -0.3050528996669297221, 3.299999999999999822 ) ) ;
#4075 = B_SPLINE_CURVE_WITH_KNOTS ( 'NONE', 3,
 ( #6627, #3694, #3816, #8630, #2368, #3045, #2320, #6493, #7946, #7173, #2415, #4501, #1557, #4318, #7305, #998, #5048, #2229, #310, #5931, #4460, #5008, #4410, #5187, #7129, #1652, #7805 ),
 .UNSPECIFIED., .F., .F.,
 ( 4, 1, 1, 1, 1, 1, 1, 1, 1, 1, 1, 1, 1, 1, 1, 1, 1, 1, 1, 1, 1, 1, 1, 1, 4 ),
 ( 0.000000000000000000, 0.04311434566197350909, 0.08568276482420889018, 0.1275943241639273251, 0.1690586225605480719, 0.2104320288213096801, 0.2518111664630525159, 0.2934438397982391256, 0.3353808532218247040, 0.3774766059607938540, 0.4186884906768268966, 0.4598730336711987499, 0.5008729046253148631, 0.5418727755794313650, 0.5832117768673233948, 0.6247632017340751798, 0.6669876223820895289, 0.7093697058942394218, 0.7511026519448579242, 0.7925683801202199064, 0.8335451085502575408, 0.8748274225565251250, 0.9160177232110666701, 0.9578592039763044186, 1.000000000000000000 ),
 .UNSPECIFIED. ) ;
#4076 = CARTESIAN_POINT ( 'NONE',  ( -1.215228923488530510, 6.891905700454088013, 1.999999999999999112 ) ) ;
#4077 = PRESENTATION_STYLE_ASSIGNMENT (( #8902 ) ) ;
#4078 =( GEOMETRIC_REPRESENTATION_CONTEXT ( 3 ) GLOBAL_UNCERTAINTY_ASSIGNED_CONTEXT ( ( #5018 ) ) GLOBAL_UNIT_ASSIGNED_CONTEXT ( ( #6967, #7142, #5686 ) ) REPRESENTATION_CONTEXT ( 'NONE', 'WORKASPACE' ) );
#4079 = CARTESIAN_POINT ( 'NONE',  ( 10.14999999999999858, -8.499999999999998224, 0.000000000000000000 ) ) ;
#4080 =( GEOMETRIC_REPRESENTATION_CONTEXT ( 3 ) GLOBAL_UNCERTAINTY_ASSIGNED_CONTEXT ( ( #498 ) ) GLOBAL_UNIT_ASSIGNED_CONTEXT ( ( #2734, #4605, #8496 ) ) REPRESENTATION_CONTEXT ( 'NONE', 'WORKASPACE' ) );
#4081 = EDGE_LOOP ( 'NONE', ( #6225, #6461, #4508, #4903 ) ) ;
#4082 = CARTESIAN_POINT ( 'NONE',  ( -7.333342582552347722, 0.3658391449339711832, 3.300000000000000266 ) ) ;
#4083 = STYLED_ITEM ( 'NONE', ( #3571 ), #3315 ) ;
#4084 = AXIS2_PLACEMENT_3D ( 'NONE', #5762, #2840, #5055 ) ;
#4085 = CARTESIAN_POINT ( 'NONE',  ( 2.011824428544727095, 0.3273396378151156028, 3.199999999999999289 ) ) ;
#4086 = SURFACE_STYLE_USAGE ( .BOTH. , #4695 ) ;
#4087 = ORIENTED_EDGE ( 'NONE', *, *, #2146, .T. ) ;
#4088 = CARTESIAN_POINT ( 'NONE',  ( 1.265884235648000677, 0.3895654489052695069, 3.299999999999999822 ) ) ;
#4089 = CARTESIAN_POINT ( 'NONE',  ( 10.14999999999999858, -4.599999999999998757, 3.200000000000000178 ) ) ;
#4090 = B_SPLINE_SURFACE_WITH_KNOTS ( 'NONE', 3, 1, ( 
 ( #8292, #1580 ),
 ( #7822, #7243 ),
 ( #1536, #249 ),
 ( #4529, #4341 ),
 ( #8016, #2294 ),
 ( #2252, #3023 ),
 ( #4439, #3714 ),
 ( #202, #1673 ),
 ( #5914, #5775 ),
 ( #8705, #5211 ),
 ( #3626, #1720 ),
 ( #2397, #4481 ),
 ( #6515, #841 ),
 ( #7287, #5072 ),
 ( #3668, #7334 ),
 ( #5818, #6415 ),
 ( #4385, #7871 ),
 ( #6467, #2935 ),
 ( #7204, #3799 ),
 ( #5865, #6604 ),
 ( #2343, #7923 ),
 ( #6557, #292 ),
 ( #1631, #938 ),
 ( #3752, #8661 ),
 ( #112, #5737 ),
 ( #8521, #8931 ),
 ( #6689, #7413 ) ),
 .UNSPECIFIED., .F., .F., .F.,
 ( 4, 1, 1, 1, 1, 1, 1, 1, 1, 1, 1, 1, 1, 1, 1, 1, 1, 1, 1, 1, 1, 1, 1, 1, 4 ),
 ( 2, 2 ),
 ( 0.000000000000000000, 0.04598585339557187401, 0.09063906186439560364, 0.1344852733868698857, 0.1773313561259422244, 0.2192648329782468375, 0.2607850023581460008, 0.3023165723378498648, 0.3434357294037528319, 0.3841814737656312206, 0.4243757389977437788, 0.4641811219517815168, 0.5040119825276108134, 0.5438224623104054301, 0.5838024645760238052, 0.6244185350988855632, 0.6655475595785355081, 0.7066749396536337047, 0.7478269788975759891, 0.7888951165570471380, 0.8302193579728140982, 0.8717069369478630536, 0.9137338536047365789, 0.9565878279841859566, 1.000000000000000000 ),
 ( 0.000000000000000000, 1.000000000000000000 ),
 .UNSPECIFIED. ) ;
#4091 = STYLED_ITEM ( 'NONE', ( #5875 ), #7419 ) ;
#4092 = FILL_AREA_STYLE ('',( #8227 ) ) ;
#4093 = CARTESIAN_POINT ( 'NONE',  ( -7.822095197849717074, 0.5099912977391110047, 3.200000000000000622 ) ) ;
#4094 = VECTOR ( 'NONE', #1639, 1000.000000000000000 ) ;
#4095 = CIRCLE ( 'NONE', #8197, 0.4999999999999882871 ) ;
#4096 =( NAMED_UNIT ( * ) PLANE_ANGLE_UNIT ( ) SI_UNIT ( $, .RADIAN. ) );
#4097 = VERTEX_POINT ( 'NONE', #7037 ) ;
#4098 = VECTOR ( 'NONE', #4777, 1000.000000000000000 ) ;
#4099 = CARTESIAN_POINT ( 'NONE',  ( 1.270433077030929780, -0.04854050819326435201, 3.199999999999999289 ) ) ;
#4100 = DIRECTION ( 'NONE',  ( 0.5676451057264810807, -0.8232733652589352413, 0.000000000000000000 ) ) ;
#4101 = CARTESIAN_POINT ( 'NONE',  ( -6.960612596544362596, 0.4112873758558763804, 3.299999999999999822 ) ) ;
#4102 = CARTESIAN_POINT ( 'NONE',  ( 9.003118195923279998, -0.3237039206793834167, 3.200000000000000622 ) ) ;
#4103 = UNCERTAINTY_MEASURE_WITH_UNIT (LENGTH_MEASURE( 1.000000000000000082E-05 ), #1543, 'distance_accuracy_value', 'NONE');
#4104 = STYLED_ITEM ( 'NONE', ( #6481 ), #4165 ) ;
#4105 = VERTEX_POINT ( 'NONE', #5627 ) ;
#4106 = FILL_AREA_STYLE ('',( #511 ) ) ;
#4107 = DIRECTION ( 'NONE',  ( -1.000000000000000000, 0.000000000000000000, -4.757483648915621824E-16 ) ) ;
#4108 = AXIS2_PLACEMENT_3D ( 'NONE', #3114, #7362, #4567 ) ;
#4109 = FILL_AREA_STYLE_COLOUR ( '', #2586 ) ;
#4110 =( GEOMETRIC_REPRESENTATION_CONTEXT ( 3 ) GLOBAL_UNCERTAINTY_ASSIGNED_CONTEXT ( ( #4677 ) ) GLOBAL_UNIT_ASSIGNED_CONTEXT ( ( #8206, #6060, #6101 ) ) REPRESENTATION_CONTEXT ( 'NONE', 'WORKASPACE' ) );
#4111 = CARTESIAN_POINT ( 'NONE',  ( 9.175703789430059487, 0.4232118250606075605, 3.200000000000000622 ) ) ;
#4112 = CARTESIAN_POINT ( 'NONE',  ( 1.218038215756164222, 0.3417931446274306562, 3.200000000000000622 ) ) ;
#4113 = VERTEX_POINT ( 'NONE', #3597 ) ;
#4114 = STYLED_ITEM ( 'NONE', ( #6397 ), #8607 ) ;
#4115 = CARTESIAN_POINT ( 'NONE',  ( -0.5553658483541947799, 3.149636239007704841, -3.508577890571644795E-15 ) ) ;
#4116 = VECTOR ( 'NONE', #732, 1000.000000000000000 ) ;
#4117 = CARTESIAN_POINT ( 'NONE',  ( 1.978202380479154421, -0.3805210781954631027, 3.200000000000000622 ) ) ;
#4118 = CARTESIAN_POINT ( 'NONE',  ( -5.037111430311299820, 0.4940328636578734667, 3.200000000000000178 ) ) ;
#4119 =( NAMED_UNIT ( * ) PLANE_ANGLE_UNIT ( ) SI_UNIT ( $, .RADIAN. ) );
#4120 = UNCERTAINTY_MEASURE_WITH_UNIT (LENGTH_MEASURE( 1.000000000000000082E-05 ), #3967, 'distance_accuracy_value', 'NONE');
#4121 = CARTESIAN_POINT ( 'NONE',  ( -7.939104252224137959, 0.2643409816514169508, 3.199999999999999289 ) ) ;
#4122 = VECTOR ( 'NONE', #7657, 1000.000000000000000 ) ;
#4123 = VERTEX_POINT ( 'NONE', #6253 ) ;
#4124 = DIRECTION ( 'NONE',  ( 0.000000000000000000, 0.000000000000000000, 1.000000000000000000 ) ) ;
#4125 = SURFACE_SIDE_STYLE ('',( #4819 ) ) ;
#4126 = ADVANCED_FACE ( 'NONE', ( #6387 ), #2028, .F. ) ;
#4127 = CARTESIAN_POINT ( 'NONE',  ( 1.269230769230769162, -0.007970341470331657879, 3.299999999999999822 ) ) ;
#4128 = CARTESIAN_POINT ( 'NONE',  ( -6.640276494413865471, -0.5316081619831523053, 3.300000000000000266 ) ) ;
#4129 = CARTESIAN_POINT ( 'NONE',  ( -6.640276494413864583, -0.5316081619831521943, 3.200000000000000178 ) ) ;
#4130 = CARTESIAN_POINT ( 'NONE',  ( -6.034707584157454008, -0.5059671363421265333, 3.299999999999999822 ) ) ;
#4131 = CARTESIAN_POINT ( 'NONE',  ( 8.549999999999998934, -5.099999999999999645, -1.750000000000000000 ) ) ;
#4132 = CARTESIAN_POINT ( 'NONE',  ( 9.095850664696886412, 0.4679707148980192799, 3.299999999999999822 ) ) ;
#4133 = DIRECTION ( 'NONE',  ( 1.000000000000000000, 0.000000000000000000, 0.000000000000000000 ) ) ;
#4134 = ORIENTED_EDGE ( 'NONE', *, *, #1575, .T. ) ;
#4135 = FACE_OUTER_BOUND ( 'NONE', #6981, .T. ) ;
#4136 = CARTESIAN_POINT ( 'NONE',  ( 9.285054748794443924, -0.3407027132652034607, 3.299999999999999822 ) ) ;
#4137 = CARTESIAN_POINT ( 'NONE',  ( 1.761812453343071683, 0.4988563023161741716, 3.300000000000000711 ) ) ;
#4138 = VERTEX_POINT ( 'NONE', #3721 ) ;
#4139 = CARTESIAN_POINT ( 'NONE',  ( 1.599415991648777569, 0.5195198494354128504, 3.299999999999999822 ) ) ;
#4140 = CYLINDRICAL_SURFACE ( 'NONE', #400, 0.4999999999999987232 ) ;
#4141 = DIRECTION ( 'NONE',  ( -0.000000000000000000, -0.000000000000000000, -1.000000000000000000 ) ) ;
#4142 = CARTESIAN_POINT ( 'NONE',  ( 9.276084862716396984, -0.3493628566688715686, 3.300000000000000266 ) ) ;
#4143 = EDGE_CURVE ( 'NONE', #252, #2958, #257, .T. ) ;
#4144 = DIRECTION ( 'NONE',  ( 1.000000000000000000, 4.872818752743842964E-17, 0.000000000000000000 ) ) ;
#4145 = VERTEX_POINT ( 'NONE', #126 ) ;
#4146 =( LENGTH_UNIT ( ) NAMED_UNIT ( * ) SI_UNIT ( .MILLI., .METRE. ) );
#4147 =( LENGTH_UNIT ( ) NAMED_UNIT ( * ) SI_UNIT ( .MILLI., .METRE. ) );
#4148 = CARTESIAN_POINT ( 'NONE',  ( -7.056058217197932692, 0.3155788406734617579, 3.299999999999999378 ) ) ;
#4149 = CARTESIAN_POINT ( 'NONE',  ( 1.299456504904378029, -0.1593853426835908360, 3.300000000000000266 ) ) ;
#4150 = EDGE_CURVE ( 'NONE', #8087, #8167, #6426, .T. ) ;
#4151 = VERTEX_POINT ( 'NONE', #7978 ) ;
#4152 =( LENGTH_UNIT ( ) NAMED_UNIT ( * ) SI_UNIT ( .MILLI., .METRE. ) );
#4153 = CYLINDRICAL_SURFACE ( 'NONE', #550, 1.200000000000000178 ) ;
#4154 = DIRECTION ( 'NONE',  ( -1.000000000000000000, -4.872818752743842964E-17, 0.000000000000000000 ) ) ;
#4155 = EDGE_CURVE ( 'NONE', #6517, #2063, #4399, .T. ) ;
#4156 =( NAMED_UNIT ( * ) PLANE_ANGLE_UNIT ( ) SI_UNIT ( $, .RADIAN. ) );
#4157 = CARTESIAN_POINT ( 'NONE',  ( 1.741644579886641564, -0.3278025382206052329, 3.200000000000001510 ) ) ;
#4158 = ORIENTED_EDGE ( 'NONE', *, *, #648, .F. ) ;
#4159 = SURFACE_SIDE_STYLE ('',( #3444 ) ) ;
#4160 = SURFACE_STYLE_USAGE ( .BOTH. , #2205 ) ;
#4161 = CARTESIAN_POINT ( 'NONE',  ( -5.364435148260017883, -0.5059671363421265333, 3.299999999999999822 ) ) ;
#4162 = CARTESIAN_POINT ( 'NONE',  ( 1.893399356235224928, 0.1868347255909330318, 3.199999999999999289 ) ) ;
#4163 = CARTESIAN_POINT ( 'NONE',  ( -7.333342582552347722, 0.3658391449339711832, 3.300000000000000266 ) ) ;
#4164 = CARTESIAN_POINT ( 'NONE',  ( -8.060348609798481334, -0.003963931213921352385, 3.300000000000000266 ) ) ;
#4165 = ADVANCED_FACE ( 'NONE', ( #5179 ), #3133, .T. ) ;
#4166 = CARTESIAN_POINT ( 'NONE',  ( -8.060348609798479558, -0.003963931213921351518, 3.300000000000000266 ) ) ;
#4167 = EDGE_LOOP ( 'NONE', ( #5449, #5559, #69, #1970, #8717, #2685 ) ) ;
#4168 = DIRECTION ( 'NONE',  ( -1.000000000000000000, -4.872818752743842964E-17, -0.000000000000000000 ) ) ;
#4169 = FILL_AREA_STYLE_COLOUR ( '', #4339 ) ;
#4170 = SURFACE_SIDE_STYLE ('',( #5034 ) ) ;
#4171 = SURFACE_SIDE_STYLE ('',( #2819 ) ) ;
#4172 = CARTESIAN_POINT ( 'NONE',  ( -7.154583514214129636, -0.1089287785490045263, 3.200000000000000622 ) ) ;
#4173 = SURFACE_STYLE_USAGE ( .BOTH. , #1544 ) ;
#4174 = CARTESIAN_POINT ( 'NONE',  ( -8.238681642580070630, -0.06017966877161134293, 3.199999999999999289 ) ) ;
#4175 = CARTESIAN_POINT ( 'NONE',  ( 9.010549334618549011, 0.4997908919589792998, 3.299999999999999378 ) ) ;
#4176 = FACE_BOUND ( 'NONE', #1532, .T. ) ;
#4177 = VERTEX_POINT ( 'NONE', #1681 ) ;
#4178 = SURFACE_STYLE_FILL_AREA ( #3566 ) ;
#4179 = CARTESIAN_POINT ( 'NONE',  ( -6.860428738003608196, -0.2751979055728958068, 3.299999999999999822 ) ) ;
#4180 = PRESENTATION_LAYER_ASSIGNMENT (  '', '', ( #657 ) ) ;
#4181 = ORIENTED_EDGE ( 'NONE', *, *, #8663, .T. ) ;
#4182 = LINE ( 'NONE', #6996, #7616 ) ;
#4183 = CARTESIAN_POINT ( 'NONE',  ( 8.855367248794443924, 0.3401867098117196120, 3.299999999999999822 ) ) ;
#4184 =( GEOMETRIC_REPRESENTATION_CONTEXT ( 3 ) GLOBAL_UNCERTAINTY_ASSIGNED_CONTEXT ( ( #6061 ) ) GLOBAL_UNIT_ASSIGNED_CONTEXT ( ( #2947, #633, #5966 ) ) REPRESENTATION_CONTEXT ( 'NONE', 'WORKASPACE' ) );
#4185 = CARTESIAN_POINT ( 'NONE',  ( 8.049999999999998934, -8.499999999999998224, 0.000000000000000000 ) ) ;
#4186 = FILL_AREA_STYLE ('',( #6999 ) ) ;
#4187 = CARTESIAN_POINT ( 'NONE',  ( -7.707712680808389116, 0.5195227755742913844, 3.199999999999999734 ) ) ;
#4188 = CARTESIAN_POINT ( 'NONE',  ( -8.050000000000000711, -9.099999999999999645, -1.750000000000000000 ) ) ;
#4189 = ORIENTED_EDGE ( 'NONE', *, *, #1755, .F. ) ;
#4190 = CARTESIAN_POINT ( 'NONE',  ( 9.232168288312113447, -0.3902659293025290688, 3.199999999999999289 ) ) ;
#4191 = VERTEX_POINT ( 'NONE', #3033 ) ;
#4192 = PLANE ( 'NONE',  #7746 ) ;
#4193 = B_SPLINE_CURVE_WITH_KNOTS ( 'NONE', 3,
 ( #2416, #5188, #270, #5323, #5932, #8720, #7434, #1743, #7306, #7988, #222, #7947, #8631, #4640, #1695, #7388, #6665, #5975, #1787, #4502, #351, #4598, #4554, #3178, #6707, #8685, #5234 ),
 .UNSPECIFIED., .F., .F.,
 ( 4, 1, 1, 1, 1, 1, 1, 1, 1, 1, 1, 1, 1, 1, 1, 1, 1, 1, 1, 1, 1, 1, 1, 1, 4 ),
 ( 0.000000000000000000, 0.04311434566197350909, 0.08568276482420889018, 0.1275943241639273251, 0.1690586225605480719, 0.2104320288213096801, 0.2518111664630525159, 0.2934438397982391256, 0.3353808532218247040, 0.3774766059607938540, 0.4186884906768268966, 0.4598730336711987499, 0.5008729046253148631, 0.5418727755794313650, 0.5832117768673233948, 0.6247632017340751798, 0.6669876223820895289, 0.7093697058942394218, 0.7511026519448579242, 0.7925683801202199064, 0.8335451085502575408, 0.8748274225565251250, 0.9160177232110666701, 0.9578592039763044186, 1.000000000000000000 ),
 .UNSPECIFIED. ) ;
#4194 = CIRCLE ( 'NONE', #4336, 1.199999999999999734 ) ;
#4195 =( NAMED_UNIT ( * ) SI_UNIT ( $, .STERADIAN. ) SOLID_ANGLE_UNIT ( ) );
#4196 = VECTOR ( 'NONE', #6412, 1000.000000000000000 ) ;
#4197 =( NAMED_UNIT ( * ) SI_UNIT ( $, .STERADIAN. ) SOLID_ANGLE_UNIT ( ) );
#4198 = ORIENTED_EDGE ( 'NONE', *, *, #7842, .T. ) ;
#4199 = CARTESIAN_POINT ( 'NONE',  ( -6.304254708005980312, 0.005331963233136725530, 3.299999999999999378 ) ) ;
#4200 = CARTESIAN_POINT ( 'NONE',  ( 1.494844320603884169, -0.3332738282322757484, 3.199999999999998401 ) ) ;
#4201 = CARTESIAN_POINT ( 'NONE',  ( 0.7307692307692308376, 0.4940328636578734667, 3.299999999999999822 ) ) ;
#4202 = LINE ( 'NONE', #151, #3400 ) ;
#4203 = CARTESIAN_POINT ( 'NONE',  ( 2.069953886045986291, -0.2570586708335780290, 3.200000000000000622 ) ) ;
#4204 = CARTESIAN_POINT ( 'NONE',  ( -7.404475210188510736, 0.4232118250606071719, 3.200000000000001954 ) ) ;
#4205 = CARTESIAN_POINT ( 'NONE',  ( -7.462026557350807998, -0.2445380539554052879, 3.199999999999999734 ) ) ;
#4206 = AXIS2_PLACEMENT_3D ( 'NONE', #1674, #1028, #3839 ) ;
#4207 = ORIENTED_EDGE ( 'NONE', *, *, #6713, .F. ) ;
#4208 = CARTESIAN_POINT ( 'NONE',  ( -8.235913853719450728, 0.06818793015636756549, 3.300000000000000266 ) ) ;
#4209 = ORIENTED_EDGE ( 'NONE', *, *, #8748, .F. ) ;
#4210 = CARTESIAN_POINT ( 'NONE',  ( 8.606205803733917747, -0.4745334255685819680, 3.199999999999998845 ) ) ;
#4211 = CARTESIAN_POINT ( 'NONE',  ( 8.724421368480236083, -0.3273695710141770188, 3.300000000000000266 ) ) ;
#4212 = DIRECTION ( 'NONE',  ( -0.9848077530122080203, -0.1736481776669306920, 0.000000000000000000 ) ) ;
#4213 = CARTESIAN_POINT ( 'NONE',  ( -6.453712903531231504, -0.2963764095665054610, 3.299999999999999378 ) ) ;
#4214 = CARTESIAN_POINT ( 'NONE',  ( -6.935647158888582631, -0.4445046030591509045, 3.199999999999998845 ) ) ;
#4215 = SURFACE_STYLE_USAGE ( .BOTH. , #1415 ) ;
#4216 =( NAMED_UNIT ( * ) SI_UNIT ( $, .STERADIAN. ) SOLID_ANGLE_UNIT ( ) );
#4217 = SURFACE_STYLE_USAGE ( .BOTH. , #3507 ) ;
#4218 = PRESENTATION_STYLE_ASSIGNMENT (( #7088 ) ) ;
#4219 = ORIENTED_EDGE ( 'NONE', *, *, #7830, .T. ) ;
#4220 = MECHANICAL_DESIGN_GEOMETRIC_PRESENTATION_REPRESENTATION (  '', ( #6137 ), #6295 ) ;
#4221 = PRESENTATION_STYLE_ASSIGNMENT (( #4913 ) ) ;
#4222 = DIRECTION ( 'NONE',  ( -1.000000000000000000, 0.000000000000000000, -0.000000000000000000 ) ) ;
#4223 = ORIENTED_EDGE ( 'NONE', *, *, #6371, .T. ) ;
#4224 = SURFACE_STYLE_USAGE ( .BOTH. , #179 ) ;
#4226 = CIRCLE ( 'NONE', #5403, 0.8000000000000002665 ) ;
#4225 = FILL_AREA_STYLE_COLOUR ( '', #7033 ) ;
#4227 =( NAMED_UNIT ( * ) SI_UNIT ( $, .STERADIAN. ) SOLID_ANGLE_UNIT ( ) );
#4228 = CARTESIAN_POINT ( 'NONE',  ( 8.750949666849910713, -0.5233095848922481030, 3.300000000000000266 ) ) ;
#4229 = CARTESIAN_POINT ( 'NONE',  ( -7.687641862253667746, 0.5192221192871472324, 3.200000000000000178 ) ) ;
#4230 = CARTESIAN_POINT ( 'NONE',  ( 8.463816242269675882, 0.3428730918388118165, 3.199999999999998845 ) ) ;
#4231 = PRESENTATION_LAYER_ASSIGNMENT (  '', '', ( #1293 ) ) ;
#4232 =( LENGTH_UNIT ( ) NAMED_UNIT ( * ) SI_UNIT ( .MILLI., .METRE. ) );
#4233 = STYLED_ITEM ( 'NONE', ( #2792 ), #2304 ) ;
#4234 = ORIENTED_EDGE ( 'NONE', *, *, #8485, .T. ) ;
#4235 = CARTESIAN_POINT ( 'NONE',  ( 9.157450582127779626, -0.2066882901882803880, 3.300000000000000266 ) ) ;
#4236 = CARTESIAN_POINT ( 'NONE',  ( -6.809620206651837648, 0.4926127530368565322, 3.199999999999999289 ) ) ;
#4237 =( GEOMETRIC_REPRESENTATION_CONTEXT ( 3 ) GLOBAL_UNCERTAINTY_ASSIGNED_CONTEXT ( ( #810 ) ) GLOBAL_UNIT_ASSIGNED_CONTEXT ( ( #2134, #7094, #7127 ) ) REPRESENTATION_CONTEXT ( 'NONE', 'WORKASPACE' ) );
#4238 = CARTESIAN_POINT ( 'NONE',  ( 8.858772697512392824, -0.3521209824959727341, 3.299999999999999822 ) ) ;
#4239 = EDGE_LOOP ( 'NONE', ( #6772, #6526, #2896, #191 ) ) ;
#4240 = SURFACE_STYLE_FILL_AREA ( #2845 ) ;
#4241 = CARTESIAN_POINT ( 'NONE',  ( 8.340343210332905599, -0.004364572239562458135, 3.200000000000000178 ) ) ;
#4243 = STYLED_ITEM ( 'NONE', ( #5382 ), #3873 ) ;
#4242 = CARTESIAN_POINT ( 'NONE',  ( -5.049731622618993221, -0.5059671363421265333, 3.299999999999999822 ) ) ;
#4244 = AXIS2_PLACEMENT_3D ( 'NONE', #3278, #490, #3897 ) ;
#4245 = AXIS2_PLACEMENT_3D ( 'NONE', #2213, #2771, #2818 ) ;
#4246 = DIRECTION ( 'NONE',  ( 0.000000000000000000, 0.000000000000000000, 1.000000000000000000 ) ) ;
#4247 = AXIS2_PLACEMENT_3D ( 'NONE', #7714, #7087, #8437 ) ;
#4248 = ORIENTED_EDGE ( 'NONE', *, *, #195, .T. ) ;
#4249 = CARTESIAN_POINT ( 'NONE',  ( 1.142488519630139310, 0.2280639469605928171, 3.200000000000001510 ) ) ;
#4250 = AXIS2_PLACEMENT_3D ( 'NONE', #4802, #7644, #1344 ) ;
#4251 = LINE ( 'NONE', #1534, #7492 ) ;
#4252 = VECTOR ( 'NONE', #2092, 1000.000000000000000 ) ;
#4253 = CARTESIAN_POINT ( 'NONE',  ( -7.707712680808389116, 0.5195227755742913844, 3.199999999999999734 ) ) ;
#4254 = VECTOR ( 'NONE', #620, 1000.000000000000000 ) ;
#4255 = EDGE_CURVE ( 'NONE', #8862, #7902, #2358, .T. ) ;
#4256 = CARTESIAN_POINT ( 'NONE',  ( -6.983425532875402908, -0.007970341470331657879, 3.299999999999999822 ) ) ;
#4257 = VERTEX_POINT ( 'NONE', #5748 ) ;
#4258 = SURFACE_STYLE_FILL_AREA ( #205 ) ;
#4259 = ORIENTED_EDGE ( 'NONE', *, *, #5913, .T. ) ;
#4260 = STYLED_ITEM ( 'NONE', ( #5672 ), #4689 ) ;
#4261 = LINE ( 'NONE', #4301, #7286 ) ;
#4262 = CARTESIAN_POINT ( 'NONE',  ( -6.511011722219531173, -0.3278025382206051219, 3.199999999999999734 ) ) ;
#4263 = CARTESIAN_POINT ( 'NONE',  ( 1.446415489886831551, 0.3021718888387588398, 3.199999999999998845 ) ) ;
#4264 =( NAMED_UNIT ( * ) SI_UNIT ( $, .STERADIAN. ) SOLID_ANGLE_UNIT ( ) );
#4265 = CARTESIAN_POINT ( 'NONE',  ( -6.911456296796052001, 3.158925150470279331, -4.001000000000002110 ) ) ;
#4266 = CARTESIAN_POINT ( 'NONE',  ( 8.952075734300789733, 0.5127797074772856289, 3.300000000000000711 ) ) ;
#4267 = LINE ( 'NONE', #2265, #3331 ) ;
#4268 = VERTEX_POINT ( 'NONE', #5038 ) ;
#4269 = CARTESIAN_POINT ( 'NONE',  ( -6.908782099571333823, 0.2168938213975745710, 3.299999999999999822 ) ) ;
#4270 = CARTESIAN_POINT ( 'NONE',  ( -7.792714140138280676, 0.3346024473197779514, 3.200000000000001066 ) ) ;
#4271 = CARTESIAN_POINT ( 'NONE',  ( 1.853421059364457113, 0.4601356041372028360, 3.299999999999998934 ) ) ;
#4272 = PRESENTATION_LAYER_ASSIGNMENT (  '', '', ( #2974 ) ) ;
#4273 = ORIENTED_EDGE ( 'NONE', *, *, #3344, .T. ) ;
#4274 = FILL_AREA_STYLE_COLOUR ( '', #8050 ) ;
#4275 = EDGE_CURVE ( 'NONE', #4453, #6794, #7937, .T. ) ;
#4276 = CARTESIAN_POINT ( 'NONE',  ( 8.859573979563675650, -0.5316081619831521943, 3.299999999999999822 ) ) ;
#4277 = FILL_AREA_STYLE ('',( #2911 ) ) ;
#4278 =( LENGTH_UNIT ( ) NAMED_UNIT ( * ) SI_UNIT ( .MILLI., .METRE. ) );
#4279 = ADVANCED_FACE ( 'NONE', ( #6566 ), #5878, .T. ) ;
#4280 = FACE_OUTER_BOUND ( 'NONE', #1209, .T. ) ;
#4281 = ORIENTED_EDGE ( 'NONE', *, *, #7296, .F. ) ;
#4282 = EDGE_CURVE ( 'NONE', #7768, #155, #5978, .T. ) ;
#4283 = CARTESIAN_POINT ( 'NONE',  ( -1.215228923488530510, 6.891905700454088013, 1.999999999999999112 ) ) ;
#4284 = CARTESIAN_POINT ( 'NONE',  ( 1.337933883094522880, -0.2223573830769847437, 3.299999999999998934 ) ) ;
#4285 = UNCERTAINTY_MEASURE_WITH_UNIT (LENGTH_MEASURE( 1.000000000000000082E-05 ), #2848, 'distance_accuracy_value', 'NONE');
#4286 = ORIENTED_EDGE ( 'NONE', *, *, #6049, .F. ) ;
#4287 = CARTESIAN_POINT ( 'NONE',  ( -7.642740022454406201, 0.3319331128999253866, 3.200000000000000622 ) ) ;
#4288 = SURFACE_STYLE_USAGE ( .BOTH. , #4975 ) ;
#4289 = CARTESIAN_POINT ( 'NONE',  ( -5.221606622618993221, 0.4940328636578734667, 3.299999999999999822 ) ) ;
#4290 = EDGE_CURVE ( 'NONE', #6026, #5590, #1927, .T. ) ;
#4291 = EDGE_CURVE ( 'NONE', #95, #8677, #342, .T. ) ;
#4292 = ORIENTED_EDGE ( 'NONE', *, *, #6065, .T. ) ;
#4293 =( NAMED_UNIT ( * ) PLANE_ANGLE_UNIT ( ) SI_UNIT ( $, .RADIAN. ) );
#4294 = CARTESIAN_POINT ( 'NONE',  ( -6.576154761274685789, 0.3346558347328091321, 3.199999999999999289 ) ) ;
#4295 =( NAMED_UNIT ( * ) PLANE_ANGLE_UNIT ( ) SI_UNIT ( $, .RADIAN. ) );
#4296 = CARTESIAN_POINT ( 'NONE',  ( -7.379933144938541467, 0.4052890225392918322, 3.299999999999998046 ) ) ;
#4297 = B_SPLINE_CURVE_WITH_KNOTS ( 'NONE', 3,
 ( #2897, #3593, #7930, #6383, #1587, #8476, #6474, #165, #8612, #8562, #2301, #1636, #382, #1162, #6747, #4624, #298, #1776, #8709 ),
 .UNSPECIFIED., .F., .F.,
 ( 4, 1, 1, 1, 1, 1, 1, 1, 1, 1, 1, 1, 1, 1, 1, 1, 4 ),
 ( 0.000000000000000000, 0.06471451654083608396, 0.1277069683294531355, 0.1888821628171186984, 0.2491582987223283363, 0.3096610287488857916, 0.3702248860571845657, 0.4323322219725860838, 0.4957818589938706721, 0.5593040765204260190, 0.6218605583615239851, 0.6833215373325061126, 0.7445229747823348676, 0.8060883712105108012, 0.8689943146702062693, 0.9334190568081365269, 1.000000000000000000 ),
 .UNSPECIFIED. ) ;
#4298 = CARTESIAN_POINT ( 'NONE',  ( 8.840923618435738263, -0.5311327270839869552, 3.200000000000000178 ) ) ;
#4299 = VERTEX_POINT ( 'NONE', #1868 ) ;
#4300 = ORIENTED_EDGE ( 'NONE', *, *, #598, .T. ) ;
#4301 = CARTESIAN_POINT ( 'NONE',  ( -5.746246045695915683, 0.1256434405809504495, 3.299999999999999822 ) ) ;
#4302 = CARTESIAN_POINT ( 'NONE',  ( 8.787464859480284218, 0.3346024473197780069, 3.199999999999999289 ) ) ;
#4303 = CARTESIAN_POINT ( 'NONE',  ( -6.359144842637217465, -0.2001349369862042427, 3.199999999999999734 ) ) ;
#4304 = CARTESIAN_POINT ( 'NONE',  ( 8.820976912324953290, 0.3392346502233161698, 3.199999999999999734 ) ) ;
#4305 = EDGE_CURVE ( 'NONE', #5045, #7208, #5967, .T. ) ;
#4306 = CYLINDRICAL_SURFACE ( 'NONE', #1174, 0.4999999999999882871 ) ;
#4307 = PRESENTATION_STYLE_ASSIGNMENT (( #2442 ) ) ;
#4308 = LINE ( 'NONE', #7039, #7568 ) ;
#4309 = UNCERTAINTY_MEASURE_WITH_UNIT (LENGTH_MEASURE( 1.000000000000000082E-05 ), #4939, 'distance_accuracy_value', 'NONE');
#4310 = ORIENTED_EDGE ( 'NONE', *, *, #9051, .F. ) ;
#4311 = CARTESIAN_POINT ( 'NONE',  ( -6.982519105799264381, 0.02862194887885477490, 3.299999999999999822 ) ) ;
#4312 = CARTESIAN_POINT ( 'NONE',  ( 1.317009143217589440, -0.4445046030591507935, 3.199999999999999734 ) ) ;
#4313 =( NAMED_UNIT ( * ) PLANE_ANGLE_UNIT ( ) SI_UNIT ( $, .RADIAN. ) );
#4314 = EDGE_CURVE ( 'NONE', #4151, #2117, #2489, .T. ) ;
#4315 = EDGE_LOOP ( 'NONE', ( #6245, #8725 ) ) ;
#4316 = CARTESIAN_POINT ( 'NONE',  ( 31.16742729670654199, 12.60184169908129093, -1.859130753469925349E-16 ) ) ;
#4317 = CARTESIAN_POINT ( 'NONE',  ( 8.616414618265828551, 0.2411685070530462938, 3.299999999999999822 ) ) ;
#4318 = CARTESIAN_POINT ( 'NONE',  ( -7.011549202269475423, 0.3665095015074114615, 3.200000000000000178 ) ) ;
#4319 = SURFACE_STYLE_USAGE ( .BOTH. , #6360 ) ;
#4320 =( NAMED_UNIT ( * ) PLANE_ANGLE_UNIT ( ) SI_UNIT ( $, .RADIAN. ) );
#4321 = LINE ( 'NONE', #6497, #6549 ) ;
#4322 = FILL_AREA_STYLE ('',( #8453 ) ) ;
#4323 = ORIENTED_EDGE ( 'NONE', *, *, #6326, .T. ) ;
#4324 = FILL_AREA_STYLE_COLOUR ( '', #856 ) ;
#4325 =( GEOMETRIC_REPRESENTATION_CONTEXT ( 3 ) GLOBAL_UNCERTAINTY_ASSIGNED_CONTEXT ( ( #8076 ) ) GLOBAL_UNIT_ASSIGNED_CONTEXT ( ( #8483, #806, #4216 ) ) REPRESENTATION_CONTEXT ( 'NONE', 'WORKASPACE' ) );
#4326 = CARTESIAN_POINT ( 'NONE',  ( 8.976351265358905707, -0.5214442516924296944, 3.200000000000001066 ) ) ;
#4327 = CYLINDRICAL_SURFACE ( 'NONE', #1615, 0.6499999999999995781 ) ;
#4328 = VERTEX_POINT ( 'NONE', #8074 ) ;
#4329 =( LENGTH_UNIT ( ) NAMED_UNIT ( * ) SI_UNIT ( .MILLI., .METRE. ) );
#4330 = CARTESIAN_POINT ( 'NONE',  ( -6.000743606425773535, 3.407981154372806021, -1.839854344276123598E-15 ) ) ;
#4331 = FILL_AREA_STYLE_COLOUR ( '', #5005 ) ;
#4332 = VECTOR ( 'NONE', #7229, 1000.000000000000227 ) ;
#4333 = CARTESIAN_POINT ( 'NONE',  ( -6.870250721453914799, -0.2668699378461330540, 3.300000000000000266 ) ) ;
#4334 = EDGE_CURVE ( 'NONE', #7693, #1006, #7381, .T. ) ;
#4335 = ORIENTED_EDGE ( 'NONE', *, *, #9051, .T. ) ;
#4336 = AXIS2_PLACEMENT_3D ( 'NONE', #6630, #7391, #5191 ) ;
#4337 = FACE_OUTER_BOUND ( 'NONE', #995, .T. ) ;
#4339 = COLOUR_RGB ( '',0.7764705882352941346, 0.7568627450980391913, 0.7372549019607843590 ) ;
#4338 = CARTESIAN_POINT ( 'NONE',  ( 1.392227564102564097, -0.2751979055728958068, 3.200000000000000178 ) ) ;
#4340 = DIRECTION ( 'NONE',  ( 1.000000000000000000, 0.000000000000000000, 0.000000000000000000 ) ) ;
#4341 = CARTESIAN_POINT ( 'NONE',  ( 8.522196090833647375, -0.05312347106214458659, 3.200000000000000178 ) ) ;
#4342 = STYLED_ITEM ( 'NONE', ( #6875 ), #6783 ) ;
#4343 = CARTESIAN_POINT ( 'NONE',  ( 8.348483850219983182, -0.1142971413678126186, 3.300000000000001155 ) ) ;
#4344 = MECHANICAL_DESIGN_GEOMETRIC_PRESENTATION_REPRESENTATION (  '', ( #7144 ), #5532 ) ;
#4345 = ORIENTED_EDGE ( 'NONE', *, *, #386, .T. ) ;
#4346 = CARTESIAN_POINT ( 'NONE',  ( -7.914949186591617725, -0.2958476557347205493, 3.299999999999999822 ) ) ;
#4347 = EDGE_LOOP ( 'NONE', ( #6499, #6063, #6339, #2350, #5528, #8975 ) ) ;
#4348 = EDGE_CURVE ( 'NONE', #7840, #6995, #1313, .T. ) ;
#4349 = CARTESIAN_POINT ( 'NONE',  ( 0.4999999999999987232, -7.700000000000000178, 0.000000000000000000 ) ) ;
#4350 =( NAMED_UNIT ( * ) SI_UNIT ( $, .STERADIAN. ) SOLID_ANGLE_UNIT ( ) );
#4351 = CARTESIAN_POINT ( 'NONE',  ( -7.105451221923753558, -0.2511885229174986023, 3.299999999999998934 ) ) ;
#4352 = PRESENTATION_LAYER_ASSIGNMENT (  '', '', ( #6409 ) ) ;
#4353 = CARTESIAN_POINT ( 'NONE',  ( 8.843801211873984158, 0.3398665164818368556, 3.200000000000000178 ) ) ;
#4354 =( LENGTH_UNIT ( ) NAMED_UNIT ( * ) SI_UNIT ( .MILLI., .METRE. ) );
#4355 = COLOUR_RGB ( '',0.2509803921568627416, 0.2509803921568627416, 0.2509803921568627416 ) ;
#4356 = ORIENTED_EDGE ( 'NONE', *, *, #3742, .T. ) ;
#4357 = FILL_AREA_STYLE ('',( #5182 ) ) ;
#4358 =( NAMED_UNIT ( * ) PLANE_ANGLE_UNIT ( ) SI_UNIT ( $, .RADIAN. ) );
#4359 = ORIENTED_EDGE ( 'NONE', *, *, #5023, .F. ) ;
#4360 = DIRECTION ( 'NONE',  ( -0.1736481776669306920, 0.9848077530122080203, 0.000000000000000000 ) ) ;
#4361 = DIRECTION ( 'NONE',  ( 0.000000000000000000, 0.000000000000000000, 1.000000000000000000 ) ) ;
#4362 = CARTESIAN_POINT ( 'NONE',  ( -7.540979541905181271, 0.4905598148821873616, 3.200000000000000178 ) ) ;
#4363 = CARTESIAN_POINT ( 'NONE',  ( 8.872148645207753148, -0.3517340791061676075, 3.299999999999999378 ) ) ;
#4364 = AXIS2_PLACEMENT_3D ( 'NONE', #4378, #7863, #5200 ) ;
#4365 =( LENGTH_UNIT ( ) NAMED_UNIT ( * ) SI_UNIT ( .MILLI., .METRE. ) );
#4366 = ORIENTED_EDGE ( 'NONE', *, *, #6219, .T. ) ;
#4367 = CARTESIAN_POINT ( 'NONE',  ( 30.67502342020044992, 12.51501761024782411, -1.500000000000000888 ) ) ;
#4368 = PRESENTATION_LAYER_ASSIGNMENT (  '', '', ( #7030 ) ) ;
#4369 = VECTOR ( 'NONE', #410, 1000.000000000000000 ) ;
#4370 = CARTESIAN_POINT ( 'NONE',  ( 9.205792250377749397, -0.4118328890935205600, 3.200000000000001066 ) ) ;
#4371 = CARTESIAN_POINT ( 'NONE',  ( 2.044076730924149654, -0.3005840472653508733, 3.299999999999999822 ) ) ;
#4372 = VERTEX_POINT ( 'NONE', #7661 ) ;
#4373 =( NAMED_UNIT ( * ) SI_UNIT ( $, .STERADIAN. ) SOLID_ANGLE_UNIT ( ) );
#4374 = MECHANICAL_DESIGN_GEOMETRIC_PRESENTATION_REPRESENTATION (  '', ( #7887 ), #7599 ) ;
#4375 = CARTESIAN_POINT ( 'NONE',  ( -8.059356210423766598, 0.03134514367316651451, 3.200000000000000178 ) ) ;
#4376 = DIRECTION ( 'NONE',  ( 0.000000000000000000, 0.000000000000000000, -1.000000000000000000 ) ) ;
#4377 = SURFACE_STYLE_FILL_AREA ( #4427 ) ;
#4378 = CARTESIAN_POINT ( 'NONE',  ( -0.9454611344085813718, 6.099999999999999645, -0.8807521802656378407 ) ) ;
#4379 = ORIENTED_EDGE ( 'NONE', *, *, #5073, .T. ) ;
#4380 = CARTESIAN_POINT ( 'NONE',  ( 1.379853117821800090, 0.4661060021047254143, 3.199999999999999289 ) ) ;
#4381 = CARTESIAN_POINT ( 'NONE',  ( -6.609896387670847417, 0.3392199482447084136, 3.300000000000000266 ) ) ;
#4382 = AXIS2_PLACEMENT_3D ( 'NONE', #325, #6682, #1019 ) ;
#4383 = CARTESIAN_POINT ( 'NONE',  ( 1.416184523298577469, -0.2935164394439002677, 3.199999999999999289 ) ) ;
#4384 = CARTESIAN_POINT ( 'NONE',  ( -7.400092359929167252, -0.4317492700529764749, 3.200000000000000622 ) ) ;
#4385 = CARTESIAN_POINT ( 'NONE',  ( 8.665229813026945394, -0.2958476557347200497, 3.299999999999999378 ) ) ;
#4386 = ADVANCED_FACE ( 'NONE', ( #8293 ), #2057, .T. ) ;
#4387 = STYLED_ITEM ( 'NONE', ( #1666 ), #3870 ) ;
#4388 =( NAMED_UNIT ( * ) SI_UNIT ( $, .STERADIAN. ) SOLID_ANGLE_UNIT ( ) );
#4389 = ORIENTED_EDGE ( 'NONE', *, *, #3497, .T. ) ;
#4390 = CARTESIAN_POINT ( 'NONE',  ( -8.231131132024223973, 0.1031764313551905843, 3.299999999999999378 ) ) ;
#4391 = ORIENTED_EDGE ( 'NONE', *, *, #8265, .F. ) ;
#4392 = PRESENTATION_LAYER_ASSIGNMENT (  '', '', ( #8652 ) ) ;
#4393 = CARTESIAN_POINT ( 'NONE',  ( 9.289061159050852723, 0.3205552995553094253, 3.299999999999999822 ) ) ;
#4394 =( GEOMETRIC_REPRESENTATION_CONTEXT ( 3 ) GLOBAL_UNCERTAINTY_ASSIGNED_CONTEXT ( ( #3653 ) ) GLOBAL_UNIT_ASSIGNED_CONTEXT ( ( #7131, #1428, #741 ) ) REPRESENTATION_CONTEXT ( 'NONE', 'WORKASPACE' ) );
#4395 = CARTESIAN_POINT ( 'NONE',  ( 7.981368851358547012, -0.1640200209575111423, 3.299999999999999822 ) ) ;
#4396 = CARTESIAN_POINT ( 'NONE',  ( 8.593856398786753559, 0.2158508372157388333, 3.300000000000000711 ) ) ;
#4397 = CARTESIAN_POINT ( 'NONE',  ( 1.090199206530810594, 0.02976923344599166979, 3.299999999999999378 ) ) ;
#4398 = SURFACE_STYLE_FILL_AREA ( #854 ) ;
#4399 = LINE ( 'NONE', #3636, #424 ) ;
#4400 = STYLED_ITEM ( 'NONE', ( #6640 ), #8332 ) ;
#4401 = UNCERTAINTY_MEASURE_WITH_UNIT (LENGTH_MEASURE( 1.000000000000000082E-05 ), #2274, 'distance_accuracy_value', 'NONE');
#4402 = ORIENTED_EDGE ( 'NONE', *, *, #8890, .T. ) ;
#4403 = EDGE_CURVE ( 'NONE', #7302, #1676, #3587, .T. ) ;
#4404 = CARTESIAN_POINT ( 'NONE',  ( 0.7307692307692308376, -0.1640200209575111423, 3.299999999999999822 ) ) ;
#4405 = ADVANCED_FACE ( 'NONE', ( #3962 ), #7505, .F. ) ;
#4406 = SURFACE_STYLE_USAGE ( .BOTH. , #2410 ) ;
#4407 = COLOUR_RGB ( '',0.2509803921568627416, 0.2509803921568627416, 0.2509803921568627416 ) ;
#4408 = CYLINDRICAL_SURFACE ( 'NONE', #3408, 0.6499999999999995781 ) ;
#4409 = ORIENTED_EDGE ( 'NONE', *, *, #6326, .F. ) ;
#4410 = CARTESIAN_POINT ( 'NONE',  ( -6.744156179825924191, 0.5103087069680948273, 3.200000000000001066 ) ) ;
#4411 = CARTESIAN_POINT ( 'NONE',  ( 8.340733024755580871, -0.02321618748560063880, 3.299999999999999378 ) ) ;
#4413 = COLOUR_RGB ( '',1.000000000000000000, 1.000000000000000000, 1.000000000000000000 ) ;
#4412 = CARTESIAN_POINT ( 'NONE',  ( 1.978202380479154421, -0.3805210781954631027, 3.300000000000000266 ) ) ;
#4414 = PRESENTATION_STYLE_ASSIGNMENT (( #4556 ) ) ;
#4415 = CARTESIAN_POINT ( 'NONE',  ( -7.577060803695282232, -0.3237039206793828616, 3.299999999999999378 ) ) ;
#4416 =( GEOMETRIC_REPRESENTATION_CONTEXT ( 3 ) GLOBAL_UNCERTAINTY_ASSIGNED_CONTEXT ( ( #7256 ) ) GLOBAL_UNIT_ASSIGNED_CONTEXT ( ( #7976, #907, #1591 ) ) REPRESENTATION_CONTEXT ( 'NONE', 'WORKASPACE' ) );
#4417 = FILL_AREA_STYLE ('',( #4464 ) ) ;
#4418 = VERTEX_POINT ( 'NONE', #7456 ) ;
#4419 = CARTESIAN_POINT ( 'NONE',  ( -1.945461134408580595, 6.099999999999999645, 1.119247819734363159 ) ) ;
#4420 = MECHANICAL_DESIGN_GEOMETRIC_PRESENTATION_REPRESENTATION (  '', ( #5892 ), #7074 ) ;
#4421 = CARTESIAN_POINT ( 'NONE',  ( 0.9999999999999997780, -9.099999999999999645, -1.449999999999998401 ) ) ;
#4422 = DIRECTION ( 'NONE',  ( -1.000000000000000000, 0.000000000000000000, 0.000000000000000000 ) ) ;
#4423 = VERTEX_POINT ( 'NONE', #1767 ) ;
#4424 = SURFACE_STYLE_FILL_AREA ( #6639 ) ;
#4425 = CARTESIAN_POINT ( 'NONE',  ( -8.224882823781767271, 5.655914592404063690, -4.000000000000000888 ) ) ;
#4426 = DIRECTION ( 'NONE',  ( 1.000000000000000000, 3.576749435003726573E-16, -0.000000000000000000 ) ) ;
#4427 = FILL_AREA_STYLE ('',( #6508 ) ) ;
#4428 = AXIS2_PLACEMENT_3D ( 'NONE', #821, #2182, #2835 ) ;
#4429 = B_SPLINE_CURVE_WITH_KNOTS ( 'NONE', 3,
 ( #449, #1084, #6028, #3945, #8826, #3374, #8122, #5373, #8168, #4645, #1130, #6854, #3992, #1184, #8221 ),
 .UNSPECIFIED., .F., .F.,
 ( 4, 1, 1, 1, 1, 1, 1, 1, 1, 1, 1, 1, 4 ),
 ( 0.000000000000000000, 0.1170484290483424089, 0.2299697259035169694, 0.3407035076587646705, 0.4493551469115601438, 0.5055565115208195959, 0.5653026697757538299, 0.6282049564766000183, 0.6947289918311289059, 0.7650188336519150312, 0.8395802021957297079, 0.9177497995909477124, 1.000000000000000000 ),
 .UNSPECIFIED. ) ;
#4430 = DIRECTION ( 'NONE',  ( -0.000000000000000000, -0.000000000000000000, -1.000000000000000000 ) ) ;
#4431 = CARTESIAN_POINT ( 'NONE',  ( 1.363053574163274995, -0.2504615528896944610, 3.200000000000001954 ) ) ;
#4432 = EDGE_CURVE ( 'NONE', #8042, #6609, #5425, .T. ) ;
#4433 = CARTESIAN_POINT ( 'NONE',  ( -7.775748953722565027, -0.5302024331416018699, 3.299999999999999378 ) ) ;
#4434 = CARTESIAN_POINT ( 'NONE',  ( -5.270459564745144654, 6.176859125404855710, 1.999999999999999112 ) ) ;
#4435 = CARTESIAN_POINT ( 'NONE',  ( 1.910819313362801974, -0.1715579668125875312, 3.200000000000000178 ) ) ;
#4436 = CARTESIAN_POINT ( 'NONE',  ( -7.720605020054890133, -0.5316081619831521943, 3.299999999999999822 ) ) ;
#4437 =( NAMED_UNIT ( * ) SI_UNIT ( $, .STERADIAN. ) SOLID_ANGLE_UNIT ( ) );
#4438 = EDGE_CURVE ( 'NONE', #2791, #510, #6823, .T. ) ;
#4439 = CARTESIAN_POINT ( 'NONE',  ( 8.536449885471338206, -0.1217338719146446591, 3.299999999999999822 ) ) ;
#4440 = DIRECTION ( 'NONE',  ( 0.1667046871215417114, -0.9860068697994496256, 0.000000000000000000 ) ) ;
#4441 = ORIENTED_EDGE ( 'NONE', *, *, #7830, .F. ) ;
#4442 = CARTESIAN_POINT ( 'NONE',  ( -8.137304462725545307, 0.3171879314990544430, 3.200000000000002398 ) ) ;
#4443 = ORIENTED_EDGE ( 'NONE', *, *, #5074, .F. ) ;
#4444 = PLANE ( 'NONE',  #5525 ) ;
#4445 = CARTESIAN_POINT ( 'NONE',  ( -8.235913853719450728, 0.06818793015636756549, 3.300000000000000266 ) ) ;
#4446 = CARTESIAN_POINT ( 'NONE',  ( -6.892263095472505263, -0.4714591131061920404, 3.200000000000000622 ) ) ;
#4447 = CARTESIAN_POINT ( 'NONE',  ( 8.855367248794443924, 0.3401867098117196120, 3.299999999999999822 ) ) ;
#4448 = SURFACE_SIDE_STYLE ('',( #8672 ) ) ;
#4449 = CARTESIAN_POINT ( 'NONE',  ( -6.034707584157454008, -0.5059671363421265333, 3.299999999999999822 ) ) ;
#4450 = DIRECTION ( 'NONE',  ( 1.000000000000000000, 0.000000000000000000, 0.000000000000000000 ) ) ;
#4451 = SURFACE_STYLE_USAGE ( .BOTH. , #1643 ) ;
#4452 = EDGE_CURVE ( 'NONE', #155, #7068, #5201, .T. ) ;
#4453 = VERTEX_POINT ( 'NONE', #7645 ) ;
#4454 = SURFACE_SIDE_STYLE ('',( #3689 ) ) ;
#4455 = FACE_OUTER_BOUND ( 'NONE', #7957, .T. ) ;
#4456 = CARTESIAN_POINT ( 'NONE',  ( 2.042773021204665973, 0.2853902983432723972, 3.200000000000000178 ) ) ;
#4457 = VERTEX_POINT ( 'NONE', #2916 ) ;
#4458 = FACE_OUTER_BOUND ( 'NONE', #2539, .T. ) ;
#4459 = CARTESIAN_POINT ( 'NONE',  ( -8.224882823781767271, 5.655914592404063690, -4.000000000000000888 ) ) ;
#4460 = CARTESIAN_POINT ( 'NONE',  ( -6.809620206651837648, 0.4926127530368565322, 3.199999999999999289 ) ) ;
#4461 = CARTESIAN_POINT ( 'NONE',  ( -7.550000000000000711, -8.799999999999995381, 1.750000000000000000 ) ) ;
#4462 = SURFACE_STYLE_USAGE ( .BOTH. , #7267 ) ;
#4463 = CARTESIAN_POINT ( 'NONE',  ( 8.973752386428078154, -0.3352513681000385826, 3.300000000000000266 ) ) ;
#4464 = FILL_AREA_STYLE_COLOUR ( '', #8039 ) ;
#4465 = ORIENTED_EDGE ( 'NONE', *, *, #4155, .T. ) ;
#4466 = CARTESIAN_POINT ( 'NONE',  ( -4.610596489610811588, 2.434589663958468098, -4.000000000000000000 ) ) ;
#4467 = CARTESIAN_POINT ( 'NONE',  ( -6.537103671501438562, -0.5230614853588319013, 3.299999999999999822 ) ) ;
#4468 = FILL_AREA_STYLE ('',( #3783 ) ) ;
#4469 = EDGE_CURVE ( 'NONE', #7375, #6410, #2187, .T. ) ;
#4470 = ORIENTED_EDGE ( 'NONE', *, *, #3767, .T. ) ;
#4471 = CARTESIAN_POINT ( 'NONE',  ( 9.089339131683782824, 0.2586993857108029760, 3.299999999999999822 ) ) ;
#4472 = DIRECTION ( 'NONE',  ( -1.000000000000000000, 0.000000000000000000, 4.336808689942014778E-16 ) ) ;
#4473 =( NAMED_UNIT ( * ) PLANE_ANGLE_UNIT ( ) SI_UNIT ( $, .RADIAN. ) );
#4474 = CARTESIAN_POINT ( 'NONE',  ( -6.133265419997195877, 0.09717518542191644348, 3.299999999999999378 ) ) ;
#4475 = FACE_OUTER_BOUND ( 'NONE', #8334, .T. ) ;
#4476 = DIRECTION ( 'NONE',  ( -0.000000000000000000, -0.000000000000000000, -1.000000000000000000 ) ) ;
#4477 = CARTESIAN_POINT ( 'NONE',  ( 1.893511459468955938, -0.2001349369862042149, 3.199999999999999289 ) ) ;
#4478 = CARTESIAN_POINT ( 'NONE',  ( -6.700907880559681118, -0.3477163731273749114, 3.300000000000001155 ) ) ;
#4479 =( NAMED_UNIT ( * ) SI_UNIT ( $, .STERADIAN. ) SOLID_ANGLE_UNIT ( ) );
#4480 = STYLED_ITEM ( 'NONE', ( #170 ), #5648 ) ;
#4481 = CARTESIAN_POINT ( 'NONE',  ( 8.586304853159571593, -0.2211933102414292418, 3.199999999999999289 ) ) ;
#4482 = FILL_AREA_STYLE ('',( #3205 ) ) ;
#4483 = VECTOR ( 'NONE', #7510, 1000.000000000000000 ) ;
#4484 = CARTESIAN_POINT ( 'NONE',  ( -7.888833631486791731, 0.4923525469145170752, 3.299999999999999378 ) ) ;
#4485 = CIRCLE ( 'NONE', #8296, 1.250000000000000222 ) ;
#4486 = VERTEX_POINT ( 'NONE', #8324 ) ;
#4487 = CARTESIAN_POINT ( 'NONE',  ( -8.050000000000000711, -7.700000000000000178, 0.000000000000000000 ) ) ;
#4488 = CARTESIAN_POINT ( 'NONE',  ( -7.953115993222406921, 0.4656070105419894412, 3.300000000000000711 ) ) ;
#4489 = LINE ( 'NONE', #7881, #5730 ) ;
#4490 = PRESENTATION_LAYER_ASSIGNMENT (  '', '', ( #8443 ) ) ;
#4491 = DIRECTION ( 'NONE',  ( 0.9848077530122080203, 0.1736481776669307198, 0.000000000000000000 ) ) ;
#4492 = AXIS2_PLACEMENT_3D ( 'NONE', #3545, #6332, #1445 ) ;
#4493 =( LENGTH_UNIT ( ) NAMED_UNIT ( * ) SI_UNIT ( .MILLI., .METRE. ) );
#4494 = UNCERTAINTY_MEASURE_WITH_UNIT (LENGTH_MEASURE( 1.000000000000000082E-05 ), #4152, 'distance_accuracy_value', 'NONE');
#4495 = ORIENTED_EDGE ( 'NONE', *, *, #3723, .F. ) ;
#4496 = CARTESIAN_POINT ( 'NONE',  ( 8.691345368131774052, 0.4923525469145172972, 3.300000000000000266 ) ) ;
#4497 = CARTESIAN_POINT ( 'NONE',  ( -7.482630115883590172, 0.4669575399152688377, 3.299999999999999378 ) ) ;
#4498 = ORIENTED_EDGE ( 'NONE', *, *, #8606, .T. ) ;
#4499 = FILL_AREA_STYLE_COLOUR ( '', #6456 ) ;
#4500 = FILL_AREA_STYLE_COLOUR ( '', #1735 ) ;
#4501 = CARTESIAN_POINT ( 'NONE',  ( -7.056058217197932692, 0.3155788406734617579, 3.199999999999999734 ) ) ;
#4502 = CARTESIAN_POINT ( 'NONE',  ( -6.841381289464753657, 0.4802558937137065831, 3.299999999999999378 ) ) ;
#4503 = CARTESIAN_POINT ( 'NONE',  ( 2.128205128205128638, -0.008971944034434263526, 3.200000000000000178 ) ) ;
#4504 = CARTESIAN_POINT ( 'NONE',  ( 8.691345368131774052, 0.4923525469145172972, 3.300000000000000266 ) ) ;
#4505 = CARTESIAN_POINT ( 'NONE',  ( -5.800000000000001599, -2.700000000000002842, 3.200000000000000178 ) ) ;
#4506 = AXIS2_PLACEMENT_3D ( 'NONE', #7556, #3919, #6742 ) ;
#4507 = SURFACE_SIDE_STYLE ('',( #3735 ) ) ;
#4508 = ORIENTED_EDGE ( 'NONE', *, *, #4763, .T. ) ;
#4509 = CARTESIAN_POINT ( 'NONE',  ( -7.598798677306715099, 0.5068409488856570055, 3.299999999999998934 ) ) ;
#4510 = CARTESIAN_POINT ( 'NONE',  ( -6.124918759598703133, -0.02688934788521804564, 3.300000000000000266 ) ) ;
#4511 = LINE ( 'NONE', #6543, #727 ) ;
#4512 = ORIENTED_EDGE ( 'NONE', *, *, #2802, .F. ) ;
#4513 = PRESENTATION_STYLE_ASSIGNMENT (( #3153 ) ) ;
#4514 =( NAMED_UNIT ( * ) SI_UNIT ( $, .STERADIAN. ) SOLID_ANGLE_UNIT ( ) );
#4515 = PRESENTATION_STYLE_ASSIGNMENT (( #2592 ) ) ;
#4516 = CARTESIAN_POINT ( 'NONE',  ( 8.519830389820084449, -0.003963931213921351518, 3.200000000000000178 ) ) ;
#4517 = FACE_OUTER_BOUND ( 'NONE', #7938, .T. ) ;
#4518 = FILL_AREA_STYLE ('',( #7326 ) ) ;
#4519 = ORIENTED_EDGE ( 'NONE', *, *, #1709, .F. ) ;
#4520 = CARTESIAN_POINT ( 'NONE',  ( 1.608173076923077094, 0.3401867098117196120, 3.200000000000000178 ) ) ;
#4521 = PRESENTATION_STYLE_ASSIGNMENT (( #2429 ) ) ;
#4522 = AXIS2_PLACEMENT_3D ( 'NONE', #2331, #5942, #5110 ) ;
#4523 = EDGE_LOOP ( 'NONE', ( #6113, #5844, #2517, #7972 ) ) ;
#4524 = CARTESIAN_POINT ( 'NONE',  ( -7.603827734259663629, -0.5214442516924294724, 3.300000000000000711 ) ) ;
#4525 = CARTESIAN_POINT ( 'NONE',  ( -7.524831321554877661, -0.5000050531162975043, 3.299999999999998490 ) ) ;
#4526 = B_SPLINE_CURVE_WITH_KNOTS ( 'NONE', 3,
 ( #4129, #4822, #6161, #4779, #5467, #1465, #7622, #4214, #3458, #584, #6298, #6347, #3506, #5624, #1414, #4172, #8402, #3559, #5513 ),
 .UNSPECIFIED., .F., .F.,
 ( 4, 1, 1, 1, 1, 1, 1, 1, 1, 1, 1, 1, 1, 1, 1, 1, 4 ),
 ( 0.000000000000000000, 0.06674865130926614654, 0.1311519760901748155, 0.1937321970570962948, 0.2553255433785980855, 0.3163881857773854778, 0.3780268629068860853, 0.4404056792054008573, 0.5045574293240812080, 0.5686582873620148471, 0.6309861790900102019, 0.6922881348732989881, 0.7526154469796391133, 0.8131995384355631407, 0.8740161248607813960, 0.9361583555105312815, 1.000000000000000000 ),
 .UNSPECIFIED. ) ;
#4527 = MECHANICAL_DESIGN_GEOMETRIC_PRESENTATION_REPRESENTATION (  '', ( #7030 ), #4959 ) ;
#4528 = AXIS2_PLACEMENT_3D ( 'NONE', #6458, #8463, #154 ) ;
#4529 = CARTESIAN_POINT ( 'NONE',  ( 8.522196090833647375, -0.05312347106214458659, 3.300000000000000266 ) ) ;
#4530 = COLOUR_RGB ( '',0.2509803921568627416, 0.2509803921568627416, 0.2509803921568627416 ) ;
#4531 = CARTESIAN_POINT ( 'NONE',  ( -6.936036504527685942, -0.1920591169622866967, 3.300000000000001599 ) ) ;
#4532 =( LENGTH_UNIT ( ) NAMED_UNIT ( * ) SI_UNIT ( .MILLI., .METRE. ) );
#4533 = VECTOR ( 'NONE', #5889, 1000.000000000000000 ) ;
#4534 = PRESENTATION_LAYER_ASSIGNMENT (  '', '', ( #3224 ) ) ;
#4535 = EDGE_LOOP ( 'NONE', ( #4601, #304 ) ) ;
#4536 = CARTESIAN_POINT ( 'NONE',  ( -9.150000000000000355, -5.099999999999999645, -3.200000000000000178 ) ) ;
#4537 = STYLED_ITEM ( 'NONE', ( #8539 ), #7534 ) ;
#4538 = CARTESIAN_POINT ( 'NONE',  ( -8.156711301944927328, 0.2902447036081439724, 3.300000000000000266 ) ) ;
#4539 = CARTESIAN_POINT ( 'NONE',  ( -5.792365793225455306, 2.226211850758156086, -1.237391203557290705E-15 ) ) ;
#4540 = VECTOR ( 'NONE', #6903, 1000.000000000000000 ) ;
#4541 = ADVANCED_FACE ( 'NONE', ( #5594 ), #1066, .T. ) ;
#4542 = CARTESIAN_POINT ( 'NONE',  ( 1.343874202534839135, 0.2168938213975744600, 3.299999999999999822 ) ) ;
#4543 = AXIS2_PLACEMENT_3D ( 'NONE', #6305, #8406, #7629 ) ;
#4544 = VERTEX_POINT ( 'NONE', #5057 ) ;
#4545 = SURFACE_STYLE_USAGE ( .BOTH. , #4454 ) ;
#4546 =( GEOMETRIC_REPRESENTATION_CONTEXT ( 3 ) GLOBAL_UNCERTAINTY_ASSIGNED_CONTEXT ( ( #7409 ) ) GLOBAL_UNIT_ASSIGNED_CONTEXT ( ( #4278, #4320, #1520 ) ) REPRESENTATION_CONTEXT ( 'NONE', 'WORKASPACE' ) );
#4547 = EDGE_CURVE ( 'NONE', #991, #6410, #4511, .T. ) ;
#4548 = CARTESIAN_POINT ( 'NONE',  ( 8.552477981440780752, -0.1640320186669447233, 3.299999999999999822 ) ) ;
#4549 = ORIENTED_EDGE ( 'NONE', *, *, #2523, .T. ) ;
#4550 =( NAMED_UNIT ( * ) SI_UNIT ( $, .STERADIAN. ) SOLID_ANGLE_UNIT ( ) );
#4551 = CARTESIAN_POINT ( 'NONE',  ( 1.098072787892044433, -0.1089287785490046512, 3.300000000000000266 ) ) ;
#4552 = CARTESIAN_POINT ( 'NONE',  ( -6.356231294197676185, 0.4336530536449935136, 3.300000000000000266 ) ) ;
#4553 = STYLED_ITEM ( 'NONE', ( #5162 ), #8278 ) ;
#4554 = CARTESIAN_POINT ( 'NONE',  ( -6.744156179825924191, 0.5103087069680948273, 3.300000000000000711 ) ) ;
#4555 =( LENGTH_UNIT ( ) NAMED_UNIT ( * ) SI_UNIT ( .MILLI., .METRE. ) );
#4556 = SURFACE_STYLE_USAGE ( .BOTH. , #7847 ) ;
#4557 = DIRECTION ( 'NONE',  ( -4.206037906820357073E-16, -7.416379648549869577E-17, 1.000000000000000000 ) ) ;
#4558 = ORIENTED_EDGE ( 'NONE', *, *, #5647, .F. ) ;
#4559 = MECHANICAL_DESIGN_GEOMETRIC_PRESENTATION_REPRESENTATION (  '', ( #743 ), #294 ) ;
#4560 = CARTESIAN_POINT ( 'NONE',  ( -6.757811981502287679, -0.3332738282322757484, 3.200000000000001066 ) ) ;
#4561 = CARTESIAN_POINT ( 'NONE',  ( -6.124451173901044321, -0.008971944034434263526, 3.199999999999999289 ) ) ;
#4562 = EDGE_CURVE ( 'NONE', #9041, #2063, #4655, .T. ) ;
#4563 = CARTESIAN_POINT ( 'NONE',  ( -6.261456296796052534, 3.158925150470279331, -4.001000000000002110 ) ) ;
#4564 = ORIENTED_EDGE ( 'NONE', *, *, #4674, .F. ) ;
#4565 = EDGE_CURVE ( 'NONE', #8825, #5779, #1683, .T. ) ;
#4566 = PRESENTATION_STYLE_ASSIGNMENT (( #321 ) ) ;
#4567 = DIRECTION ( 'NONE',  ( 0.9848077530122076872, 0.1736481776669323296, 0.000000000000000000 ) ) ;
#4568 = CARTESIAN_POINT ( 'NONE',  ( -9.150000000000000355, -5.099999999999999645, 3.200000000000000178 ) ) ;
#4569 = STYLED_ITEM ( 'NONE', ( #7239 ), #9053 ) ;
#4570 = EDGE_CURVE ( 'NONE', #1422, #6530, #5900, .T. ) ;
#4571 = STYLED_ITEM ( 'NONE', ( #378 ), #4984 ) ;
#4572 = CARTESIAN_POINT ( 'NONE',  ( -7.105451221923753558, -0.2511885229174986023, 3.299999999999998934 ) ) ;
#4573 = CARTESIAN_POINT ( 'NONE',  ( -8.017080178810605418, -0.4489386903626303438, 3.300000000000000711 ) ) ;
#4574 = CARTESIAN_POINT ( 'NONE',  ( -7.631760014741517217, -0.5260850608630796010, 3.199999999999999734 ) ) ;
#4575 = CARTESIAN_POINT ( 'NONE',  ( 1.873508203433866814, -0.2274515614225652016, 3.200000000000001954 ) ) ;
#4576 = CARTESIAN_POINT ( 'NONE',  ( -7.422728417490787933, 0.1947540175040272936, 3.299999999999999822 ) ) ;
#4577 = CARTESIAN_POINT ( 'NONE',  ( 1.172933716338959043, -0.2949274556347796783, 3.200000000000001510 ) ) ;
#4578 = CARTESIAN_POINT ( 'NONE',  ( 0.9999999999999991118, -5.099999999999999645, 1.750000000000000000 ) ) ;
#4579 =( GEOMETRIC_REPRESENTATION_CONTEXT ( 3 ) GLOBAL_UNCERTAINTY_ASSIGNED_CONTEXT ( ( #1818 ) ) GLOBAL_UNIT_ASSIGNED_CONTEXT ( ( #238, #4473, #931 ) ) REPRESENTATION_CONTEXT ( 'NONE', 'WORKASPACE' ) );
#4580 = SURFACE_STYLE_FILL_AREA ( #2526 ) ;
#4581 = CARTESIAN_POINT ( 'NONE',  ( 8.862378466743164651, 0.5196738892988991276, 3.200000000000000178 ) ) ;
#4582 = CARTESIAN_POINT ( 'NONE',  ( -7.729625432774122729, 0.5194102690144176693, 3.200000000000001954 ) ) ;
#4583 = ORIENTED_EDGE ( 'NONE', *, *, #4305, .T. ) ;
#4584 = LINE ( 'NONE', #3842, #3765 ) ;
#4585 = CARTESIAN_POINT ( 'NONE',  ( 8.616414618265828551, 0.2411685070530462938, 3.200000000000000178 ) ) ;
#4586 = CARTESIAN_POINT ( 'NONE',  ( 1.825497747397980763, -0.2759600079345373436, 3.299999999999999822 ) ) ;
#4587 =( NAMED_UNIT ( * ) PLANE_ANGLE_UNIT ( ) SI_UNIT ( $, .RADIAN. ) );
#4588 = CARTESIAN_POINT ( 'NONE',  ( -6.573509063166299349, -0.3465187200052113892, 3.299999999999998934 ) ) ;
#4589 = UNCERTAINTY_MEASURE_WITH_UNIT (LENGTH_MEASURE( 1.000000000000000082E-05 ), #1955, 'distance_accuracy_value', 'NONE');
#4590 = EDGE_CURVE ( 'NONE', #4972, #8182, #318, .T. ) ;
#4591 = ORIENTED_EDGE ( 'NONE', *, *, #7724, .T. ) ;
#4592 = CARTESIAN_POINT ( 'NONE',  ( -6.784920407032069001, -0.3224749732304595939, 3.199999999999999289 ) ) ;
#4593 = DIRECTION ( 'NONE',  ( 0.000000000000000000, 0.000000000000000000, 1.000000000000000000 ) ) ;
#4594 = EDGE_CURVE ( 'NONE', #5788, #4972, #7233, .T. ) ;
#4595 = ADVANCED_FACE ( 'NONE', ( #3739 ), #4327, .F. ) ;
#4596 = FACE_OUTER_BOUND ( 'NONE', #636, .T. ) ;
#4597 =( NAMED_UNIT ( * ) SI_UNIT ( $, .STERADIAN. ) SOLID_ANGLE_UNIT ( ) );
#4598 = CARTESIAN_POINT ( 'NONE',  ( -6.777095650614363365, 0.5023653327911609123, 3.299999999999999378 ) ) ;
#4599 = CARTESIAN_POINT ( 'NONE',  ( -7.297986009658241180, 0.3283707110311213095, 3.200000000000000622 ) ) ;
#4600 = SURFACE_SIDE_STYLE ('',( #8903 ) ) ;
#4601 = ORIENTED_EDGE ( 'NONE', *, *, #9037, .T. ) ;
#4602 = ADVANCED_FACE ( 'NONE', ( #2550 ), #7491, .F. ) ;
#4603 = CARTESIAN_POINT ( 'NONE',  ( 1.611778846153846256, -0.3521209824959727341, 3.299999999999999378 ) ) ;
#4604 = VERTEX_POINT ( 'NONE', #6076 ) ;
#4605 =( NAMED_UNIT ( * ) PLANE_ANGLE_UNIT ( ) SI_UNIT ( $, .RADIAN. ) );
#4606 = PRODUCT_DEFINITION_SHAPE ( 'NONE', 'NONE',  #9099 ) ;
#4607 = CARTESIAN_POINT ( 'NONE',  ( -6.644483225183094532, 0.3401867098117196120, 3.200000000000000178 ) ) ;
#4608 = SURFACE_STYLE_USAGE ( .BOTH. , #3830 ) ;
#4609 = CARTESIAN_POINT ( 'NONE',  ( 9.157450582127777849, 0.1947540175040272936, 3.200000000000000178 ) ) ;
#4610 = CARTESIAN_POINT ( 'NONE',  ( -6.576154761274685789, 0.3346558347328091321, 3.299999999999998934 ) ) ;
#4611 = ORIENTED_EDGE ( 'NONE', *, *, #2373, .T. ) ;
#4612 = CARTESIAN_POINT ( 'NONE',  ( 1.382405580652259269, -0.2668699378461329430, 3.200000000000000178 ) ) ;
#4613 = ORIENTED_EDGE ( 'NONE', *, *, #2683, .F. ) ;
#4614 = FILL_AREA_STYLE_COLOUR ( '', #3412 ) ;
#4615 = CARTESIAN_POINT ( 'NONE',  ( -7.490839867934784735, 0.2586993857108030870, 3.299999999999999378 ) ) ;
#4616 = CARTESIAN_POINT ( 'NONE',  ( -6.784920407032069001, -0.3224749732304595939, 3.299999999999998934 ) ) ;
#4617 = LINE ( 'NONE', #4395, #2635 ) ;
#4618 = DIRECTION ( 'NONE',  ( -1.000000000000000000, -4.872818752743843581E-17, -0.000000000000000000 ) ) ;
#4619 = ADVANCED_FACE ( 'NONE', ( #1942 ), #8779, .T. ) ;
#4620 = SURFACE_SIDE_STYLE ('',( #293 ) ) ;
#4621 = CARTESIAN_POINT ( 'NONE',  ( -8.042199607258524452, 0.4108470374215142384, 3.299999999999999822 ) ) ;
#4622 = EDGE_LOOP ( 'NONE', ( #3736, #8571, #7589, #1890, #2885, #569, #8269, #5014, #5054, #2860 ) ) ;
#4623 = COLOUR_RGB ( '',0.2509803921568627416, 0.2509803921568627416, 0.2509803921568627416 ) ;
#4624 = CARTESIAN_POINT ( 'NONE',  ( -8.054947767381044343, 0.06578350923150994012, 3.300000000000001155 ) ) ;
#4625 = MECHANICAL_DESIGN_GEOMETRIC_PRESENTATION_REPRESENTATION (  '', ( #7559 ), #6832 ) ;
#4626 = CARTESIAN_POINT ( 'NONE',  ( -7.896038621648766131, -0.3077176764491306726, 3.299999999999999822 ) ) ;
#4627 = CARTESIAN_POINT ( 'NONE',  ( 1.947811953814211128, -0.04203128975777397497, 3.299999999999999822 ) ) ;
#4628 = CARTESIAN_POINT ( 'NONE',  ( -6.309644936783905145, -0.07655456139094551915, 3.299999999999999378 ) ) ;
#4629 = CIRCLE ( 'NONE', #6837, 0.7999999999999994893 ) ;
#4630 =( GEOMETRIC_REPRESENTATION_CONTEXT ( 3 ) GLOBAL_UNCERTAINTY_ASSIGNED_CONTEXT ( ( #1793 ) ) GLOBAL_UNIT_ASSIGNED_CONTEXT ( ( #5298, #8102, #934 ) ) REPRESENTATION_CONTEXT ( 'NONE', 'WORKASPACE' ) );
#4631 = ORIENTED_EDGE ( 'NONE', *, *, #2409, .F. ) ;
#4632 = FILL_AREA_STYLE_COLOUR ( '', #712 ) ;
#4633 = CARTESIAN_POINT ( 'NONE',  ( -7.162912712362582646, -0.005566495316485452725, 3.299999999999999822 ) ) ;
#4634 = COLOUR_RGB ( '',0.2509803921568627416, 0.2509803921568627416, 0.2509803921568627416 ) ;
#4635 = DIRECTION ( 'NONE',  ( 1.351345363508946546E-16, 6.610348994666661011E-17, -1.000000000000000000 ) ) ;
#4636 = DIRECTION ( 'NONE',  ( -1.000000000000000000, -4.872818752743843581E-17, -0.000000000000000000 ) ) ;
#4637 = VECTOR ( 'NONE', #158, 1000.000000000000000 ) ;
#4638 = CARTESIAN_POINT ( 'NONE',  ( -6.539489436970026937, 0.5109268450267249184, 3.300000000000000266 ) ) ;
#4639 = B_SPLINE_CURVE_WITH_KNOTS ( 'NONE', 3,
 ( #6583, #5898, #8691, #2422, #5194, #4509, #7313, #1007, #3824, #543, #1982, #1830, #6211, #7532, #5325, #4082, #4740, #8859, #7489 ),
 .UNSPECIFIED., .F., .F.,
 ( 4, 1, 1, 1, 1, 1, 1, 1, 1, 1, 1, 1, 1, 1, 1, 1, 4 ),
 ( 0.000000000000000000, 0.06227577837077089007, 0.1239040620075177040, 0.1850672407687293519, 0.2468401515202069685, 0.3084353298497787832, 0.3702412507091075722, 0.4325865888798534065, 0.4959245816612427582, 0.5593510709509255108, 0.6219426542010910719, 0.6843928672351846654, 0.7469858082645239872, 0.8094414645316989620, 0.8725078327139383916, 0.9357692970662283560, 1.000000000000000000 ),
 .UNSPECIFIED. ) ;
#4640 = CARTESIAN_POINT ( 'NONE',  ( -7.011549202269475423, 0.3665095015074114615, 3.299999999999999822 ) ) ;
#4641 = FILL_AREA_STYLE_COLOUR ( '', #4798 ) ;
#4642 = PRESENTATION_LAYER_ASSIGNMENT (  '', '', ( #8891 ) ) ;
#4643 = PRESENTATION_LAYER_ASSIGNMENT (  '', '', ( #7005 ) ) ;
#4644 = ORIENTED_EDGE ( 'NONE', *, *, #1709, .T. ) ;
#4645 = CARTESIAN_POINT ( 'NONE',  ( 9.080160781415868243, -0.2764599410644427713, 3.200000000000000622 ) ) ;
#4646 = CARTESIAN_POINT ( 'NONE',  ( -6.860428738003608196, -0.2751979055728958068, 3.299999999999999822 ) ) ;
#4647 = SURFACE_STYLE_FILL_AREA ( #2631 ) ;
#4648 = UNCERTAINTY_MEASURE_WITH_UNIT (LENGTH_MEASURE( 1.000000000000000082E-05 ), #5132, 'distance_accuracy_value', 'NONE');
#4649 = ORIENTED_EDGE ( 'NONE', *, *, #773, .T. ) ;
#4650 = CARTESIAN_POINT ( 'NONE',  ( -6.591628258233098947, 3.303792247772645574, -4.000000000000000888 ) ) ;
#4651 = LINE ( 'NONE', #7446, #8944 ) ;
#4652 = CARTESIAN_POINT ( 'NONE',  ( -8.223543778951693639, 0.1368979101568721657, 3.200000000000000622 ) ) ;
#4653 = CARTESIAN_POINT ( 'NONE',  ( 1.416184523298577469, -0.2935164394439002677, 3.199999999999999289 ) ) ;
#4654 = CIRCLE ( 'NONE', #4506, 1.199999999999999734 ) ;
#4655 = B_SPLINE_CURVE_WITH_KNOTS ( 'NONE', 3,
 ( #8644, #7905, #278, #7814, #5849, #5196, #1704, #7188, #3055, #231, #7139, #1566, #145, #877, #2280 ),
 .UNSPECIFIED., .F., .F.,
 ( 4, 1, 1, 1, 1, 1, 1, 1, 1, 1, 1, 1, 4 ),
 ( 0.000000000000000000, 0.1170484290483427559, 0.2299697259035126673, 0.3407035076587631717, 0.4493551469115565911, 0.5055565115208183746, 0.5653026697757549401, 0.6282049564766013505, 0.6947289918311263524, 0.7650188336519146981, 0.8395802021957275985, 0.9177497995909476014, 1.000000000000000000 ),
 .UNSPECIFIED. ) ;
#4656 = ORIENTED_EDGE ( 'NONE', *, *, #403, .T. ) ;
#4657 = CARTESIAN_POINT ( 'NONE',  ( -6.379622440199375077, 0.2141355633083232290, 3.199999999999999734 ) ) ;
#4658 = CARTESIAN_POINT ( 'NONE',  ( 1.596472149418542097, 0.3398727476550354454, 3.300000000000000266 ) ) ;
#4659 = CARTESIAN_POINT ( 'NONE',  ( -7.011549202269475423, 0.3665095015074114615, 3.299999999999999822 ) ) ;
#4660 = UNCERTAINTY_MEASURE_WITH_UNIT (LENGTH_MEASURE( 1.000000000000000082E-05 ), #5616, 'distance_accuracy_value', 'NONE');
#4661 = EDGE_LOOP ( 'NONE', ( #8419, #6131, #1555, #858, #5026, #4402 ) ) ;
#4662 = CARTESIAN_POINT ( 'NONE',  ( -8.224882823781769048, 5.655914592404062802, 3.999999999999999112 ) ) ;
#4663 = LINE ( 'NONE', #8880, #7400 ) ;
#4664 = CARTESIAN_POINT ( 'NONE',  ( 9.095850664696886412, 0.4679707148980192799, 3.299999999999999822 ) ) ;
#4665 = COLOUR_RGB ( '',1.000000000000000000, 1.000000000000000000, 1.000000000000000000 ) ;
#4666 = SURFACE_STYLE_USAGE ( .BOTH. , #1208 ) ;
#4667 = ORIENTED_EDGE ( 'NONE', *, *, #3695, .T. ) ;
#4668 = STYLED_ITEM ( 'NONE', ( #4566 ), #3103 ) ;
#4669 = FACE_OUTER_BOUND ( 'NONE', #7906, .T. ) ;
#4670 = STYLED_ITEM ( 'NONE', ( #833 ), #2001 ) ;
#4671 = CARTESIAN_POINT ( 'NONE',  ( -5.156502455952325370, 0.1256434405809504495, 3.299999999999999822 ) ) ;
#4672 = ADVANCED_FACE ( 'NONE', ( #6116, #6717 ), #402, .T. ) ;
#4673 = CARTESIAN_POINT ( 'NONE',  ( -7.721406302106172070, -0.3521209824959727341, 3.299999999999999822 ) ) ;
#4674 = EDGE_CURVE ( 'NONE', #7068, #3453, #7719, .T. ) ;
#4675 = CARTESIAN_POINT ( 'NONE',  ( 1.924575925103629181, -0.1413161872227507443, 3.300000000000000266 ) ) ;
#4676 = DIRECTION ( 'NONE',  ( -3.334232686009357148E-16, -5.685891063888251215E-16, -1.000000000000000000 ) ) ;
#4677 = UNCERTAINTY_MEASURE_WITH_UNIT (LENGTH_MEASURE( 1.000000000000000082E-05 ), #8206, 'distance_accuracy_value', 'NONE');
#4678 = FILL_AREA_STYLE_COLOUR ( '', #1585 ) ;
#4679 = VERTEX_POINT ( 'NONE', #4179 ) ;
#4680 = CARTESIAN_POINT ( 'NONE',  ( 9.650000000000002132, -5.099999999999999645, 3.200000000000000178 ) ) ;
#4681 = VECTOR ( 'NONE', #7341, 1000.000000000000000 ) ;
#4682 = VECTOR ( 'NONE', #3313, 1000.000000000000000 ) ;
#4683 = FILL_AREA_STYLE ('',( #8854 ) ) ;
#4684 = LINE ( 'NONE', #1933, #1324 ) ;
#4685 = CARTESIAN_POINT ( 'NONE',  ( 1.715552630604734174, -0.5230614853588315682, 3.299999999999999378 ) ) ;
#4686 = CARTESIAN_POINT ( 'NONE',  ( -6.453712903531231504, -0.2963764095665054610, 3.199999999999999289 ) ) ;
#4687 = STYLED_ITEM ( 'NONE', ( #6491 ), #7590 ) ;
#4688 = FILL_AREA_STYLE_COLOUR ( '', #6554 ) ;
#4689 = ADVANCED_FACE ( 'NONE', ( #591 ), #8781, .T. ) ;
#4690 = EDGE_CURVE ( 'NONE', #4486, #510, #5146, .T. ) ;
#4691 = VECTOR ( 'NONE', #5368, 1000.000000000000114 ) ;
#4692 = ORIENTED_EDGE ( 'NONE', *, *, #3199, .T. ) ;
#4693 = CARTESIAN_POINT ( 'NONE',  ( -7.720605020054890133, -0.5316081619831521943, 3.299999999999999822 ) ) ;
#4694 = CARTESIAN_POINT ( 'NONE',  ( -8.050000000000000711, -8.799999999999995381, 1.750000000000000000 ) ) ;
#4695 = SURFACE_SIDE_STYLE ('',( #4647 ) ) ;
#4696 = ORIENTED_EDGE ( 'NONE', *, *, #8869, .F. ) ;
#4697 = CARTESIAN_POINT ( 'NONE',  ( 1.893399356235224928, 0.1868347255909330318, 3.199999999999999289 ) ) ;
#4698 = FILL_AREA_STYLE_COLOUR ( '', #7742 ) ;
#4700 = PRESENTATION_LAYER_ASSIGNMENT (  '', '', ( #1020 ) ) ;
#4699 = CARTESIAN_POINT ( 'NONE',  ( -8.239671072603394819, 0.007930290384855702424, 3.200000000000000178 ) ) ;
#4701 = VECTOR ( 'NONE', #1812, 1000.000000000000000 ) ;
#4702 = PLANE ( 'NONE',  #8911 ) ;
#4703 = EDGE_LOOP ( 'NONE', ( #343, #5002, #874, #3036 ) ) ;
#4704 = CARTESIAN_POINT ( 'NONE',  ( 1.299456504904378029, -0.1593853426835908360, 3.200000000000000622 ) ) ;
#4705 = COLOUR_RGB ( '',0.7764705882352941346, 0.7568627450980391913, 0.7372549019607843590 ) ;
#4706 = CARTESIAN_POINT ( 'NONE',  ( -6.640276494413864583, -0.5316081619831521943, 3.299999999999999822 ) ) ;
#4707 = CARTESIAN_POINT ( 'NONE',  ( 1.366561661804848615, 0.2422483537722804892, 3.200000000000001066 ) ) ;
#4708 = FILL_AREA_STYLE ('',( #5388 ) ) ;
#4709 = CARTESIAN_POINT ( 'NONE',  ( 8.423467697673638455, 0.2902447036081441945, 3.199999999999999734 ) ) ;
#4710 = EDGE_LOOP ( 'NONE', ( #681, #469, #4696, #5534, #5193, #8488, #4720, #5376, #531, #260 ) ) ;
#4711 = CARTESIAN_POINT ( 'NONE',  ( 8.549999999999998934, -9.099999999999999645, -1.750000000000000000 ) ) ;
#4712 =( NAMED_UNIT ( * ) PLANE_ANGLE_UNIT ( ) SI_UNIT ( $, .RADIAN. ) );
#4713 = VECTOR ( 'NONE', #1043, 1000.000000000000000 ) ;
#4714 = FACE_OUTER_BOUND ( 'NONE', #6882, .T. ) ;
#4715 = MECHANICAL_DESIGN_GEOMETRIC_PRESENTATION_REPRESENTATION (  '', ( #1775 ), #5451 ) ;
#4716 = ADVANCED_FACE ( 'NONE', ( #3092 ), #4408, .F. ) ;
#4717 = CARTESIAN_POINT ( 'NONE',  ( -7.422728417490787933, 0.1947540175040278487, 3.200000000000000178 ) ) ;
#4718 = MECHANICAL_DESIGN_GEOMETRIC_PRESENTATION_REPRESENTATION (  '', ( #6038 ), #4416 ) ;
#4719 = CARTESIAN_POINT ( 'NONE',  ( 1.599415991648777569, 0.5195198494354128504, 3.200000000000000178 ) ) ;
#4720 = ORIENTED_EDGE ( 'NONE', *, *, #4955, .F. ) ;
#4721 = EDGE_CURVE ( 'NONE', #1171, #1774, #5885, .T. ) ;
#4722 = PRESENTATION_LAYER_ASSIGNMENT (  '', '', ( #5455 ) ) ;
#4723 = SURFACE_STYLE_USAGE ( .BOTH. , #4159 ) ;
#4724 = CARTESIAN_POINT ( 'NONE',  ( 10.14999999999999858, -8.499999999999998224, 0.000000000000000000 ) ) ;
#4725 =( NAMED_UNIT ( * ) SI_UNIT ( $, .STERADIAN. ) SOLID_ANGLE_UNIT ( ) );
#4726 = CARTESIAN_POINT ( 'NONE',  ( 1.850580960733018809, -0.2529059731346394169, 3.299999999999999822 ) ) ;
#4727 = CARTESIAN_POINT ( 'NONE',  ( 1.539506050813388871, 0.3345323263372207978, 3.299999999999998934 ) ) ;
#4728 = CARTESIAN_POINT ( 'NONE',  ( -7.986322600831810448, 0.2158508372157389998, 3.300000000000000711 ) ) ;
#4729 = SURFACE_STYLE_FILL_AREA ( #6243 ) ;
#4730 = VERTEX_POINT ( 'NONE', #5711 ) ;
#4731 =( NAMED_UNIT ( * ) PLANE_ANGLE_UNIT ( ) SI_UNIT ( $, .RADIAN. ) );
#4732 = DIRECTION ( 'NONE',  ( -3.097720492815726426E-17, -0.000000000000000000, -1.000000000000000000 ) ) ;
#4733 =( NAMED_UNIT ( * ) PLANE_ANGLE_UNIT ( ) SI_UNIT ( $, .RADIAN. ) );
#4734 = DIRECTION ( 'NONE',  ( 0.5676451057264810807, -0.8232733652589352413, 0.000000000000000000 ) ) ;
#4735 = DIRECTION ( 'NONE',  ( 0.000000000000000000, -0.000000000000000000, -1.000000000000000000 ) ) ;
#4736 = CARTESIAN_POINT ( 'NONE',  ( -6.427158554708191751, -0.2759600079345370105, 3.199999999999999734 ) ) ;
#4737 =( NAMED_UNIT ( * ) SI_UNIT ( $, .STERADIAN. ) SOLID_ANGLE_UNIT ( ) );
#4738 = ADVANCED_FACE ( 'NONE', ( #2316 ), #5833, .T. ) ;
#4739 = ORIENTED_EDGE ( 'NONE', *, *, #1980, .F. ) ;
#4740 = CARTESIAN_POINT ( 'NONE',  ( -7.311618707459193622, 0.3438835997552414092, 3.299999999999998934 ) ) ;
#4741 = CARTESIAN_POINT ( 'NONE',  ( 6.199999999999999289, -2.700000000000003286, 3.200000000000000178 ) ) ;
#4742 =( NAMED_UNIT ( * ) PLANE_ANGLE_UNIT ( ) SI_UNIT ( $, .RADIAN. ) );
#4743 = VERTEX_POINT ( 'NONE', #3265 ) ;
#4744 = CARTESIAN_POINT ( 'NONE',  ( 1.099107007456302521, 0.09876229304471627335, 3.299999999999999378 ) ) ;
#4745 = CARTESIAN_POINT ( 'NONE',  ( 8.937438977164156029, 0.3319331128999251090, 3.299999999999999378 ) ) ;
#4746 = CARTESIAN_POINT ( 'NONE',  ( -6.745669671538203183, 0.3269926950495357643, 3.200000000000000178 ) ) ;
#4747 = DIRECTION ( 'NONE',  ( 0.3109000917920075602, -0.9504425984370236113, 0.000000000000000000 ) ) ;
#4748 = CARTESIAN_POINT ( 'NONE',  ( 9.205792250377749397, -0.4118328890935205600, 3.200000000000001066 ) ) ;
#4749 = CARTESIAN_POINT ( 'NONE',  ( 8.937438977164156029, 0.3319331128999251090, 3.199999999999999734 ) ) ;
#4750 = UNCERTAINTY_MEASURE_WITH_UNIT (LENGTH_MEASURE( 1.000000000000000082E-05 ), #7360, 'distance_accuracy_value', 'NONE');
#4751 = CARTESIAN_POINT ( 'NONE',  ( -6.427900985885473872, 0.2633085497810983000, 3.299999999999999378 ) ) ;
#4752 = ORIENTED_EDGE ( 'NONE', *, *, #8362, .F. ) ;
#4753 = SURFACE_STYLE_FILL_AREA ( #2743 ) ;
#4754 = ADVANCED_FACE ( 'NONE', ( #1963 ), #9032, .F. ) ;
#4755 = PLANE ( 'NONE',  #6990 ) ;
#4756 = CARTESIAN_POINT ( 'NONE',  ( 1.282430252870132348, 0.09804061167688017664, 3.299999999999999822 ) ) ;
#4757 = CARTESIAN_POINT ( 'NONE',  ( -7.153549294649868884, 0.09876229304471614845, 3.200000000000000622 ) ) ;
#4758 =( NAMED_UNIT ( * ) SI_UNIT ( $, .STERADIAN. ) SOLID_ANGLE_UNIT ( ) );
#4759 = UNCERTAINTY_MEASURE_WITH_UNIT (LENGTH_MEASURE( 1.000000000000000082E-05 ), #992, 'distance_accuracy_value', 'NONE');
#4760 = ORIENTED_EDGE ( 'NONE', *, *, #3615, .F. ) ;
#4761 = SURFACE_STYLE_FILL_AREA ( #7509 ) ;
#4762 = FILL_AREA_STYLE ('',( #4014 ) ) ;
#4763 = EDGE_CURVE ( 'NONE', #7318, #6342, #3305, .T. ) ;
#4764 = CARTESIAN_POINT ( 'NONE',  ( -7.291117840567710395, 0.3205552995553094253, 3.200000000000000178 ) ) ;
#4765 = DIRECTION ( 'NONE',  ( -0.000000000000000000, -0.000000000000000000, -1.000000000000000000 ) ) ;
#4766 = EDGE_LOOP ( 'NONE', ( #4189, #9062, #8170, #3991 ) ) ;
#4767 = PRESENTATION_STYLE_ASSIGNMENT (( #4723 ) ) ;
#4768 = DIRECTION ( 'NONE',  ( 6.493098758055248944E-14, 1.464680516996228136E-12, 1.000000000000000000 ) ) ;
#4769 = CARTESIAN_POINT ( 'NONE',  ( -5.049731622618993221, -0.5059671363421265333, 3.200000000000000178 ) ) ;
#4770 = LINE ( 'NONE', #8252, #8794 ) ;
#4771 = UNCERTAINTY_MEASURE_WITH_UNIT (LENGTH_MEASURE( 1.000000000000000082E-05 ), #3613, 'distance_accuracy_value', 'NONE');
#4772 = CARTESIAN_POINT ( 'NONE',  ( -8.047325625710852748, 0.09872081173813591903, 3.299999999999998934 ) ) ;
#4773 = CARTESIAN_POINT ( 'NONE',  ( -8.036619688310116416, -0.1433069021585726133, 3.300000000000002487 ) ) ;
#4774 = ORIENTED_EDGE ( 'NONE', *, *, #7806, .T. ) ;
#4775 = SURFACE_SIDE_STYLE ('',( #6702 ) ) ;
#4776 = CARTESIAN_POINT ( 'NONE',  ( 8.789295027970814189, -0.3462697766657425458, 3.299999999999999378 ) ) ;
#4777 = DIRECTION ( 'NONE',  ( -4.872818752743842964E-17, 1.000000000000000000, -0.000000000000000000 ) ) ;
#4778 = CARTESIAN_POINT ( 'NONE',  ( -8.220366179297544207, -0.1658360427291140360, 3.299999999999999378 ) ) ;
#4779 = CARTESIAN_POINT ( 'NONE',  ( -6.747691431762296688, -0.5225846741956211572, 3.200000000000001066 ) ) ;
#4780 = PRESENTATION_STYLE_ASSIGNMENT (( #1975 ) ) ;
#4781 =( NAMED_UNIT ( * ) SI_UNIT ( $, .STERADIAN. ) SOLID_ANGLE_UNIT ( ) );
#4782 = PRESENTATION_STYLE_ASSIGNMENT (( #8217 ) ) ;
#4783 = AXIS2_PLACEMENT_3D ( 'NONE', #4872, #8403, #6425 ) ;
#4784 = PLANE ( 'NONE',  #8582 ) ;
#4785 = B_SPLINE_CURVE_WITH_KNOTS ( 'NONE', 3,
 ( #8638, #5101, #8545, #2374, #6444, #1657, #7270, #3006, #6538, #226, #3700, #8583, #873, #7182, #5936, #273, #923, #1870, #8041 ),
 .UNSPECIFIED., .F., .F.,
 ( 4, 1, 1, 1, 1, 1, 1, 1, 1, 1, 1, 1, 1, 1, 1, 1, 4 ),
 ( 0.000000000000000000, 0.06572231519156150614, 0.1295079307025842341, 0.1917221026921613336, 0.2531611245020884970, 0.3143157037352571348, 0.3759517397728622812, 0.4386196008234090060, 0.5029729018927766582, 0.5671286457242653567, 0.6295522895796736851, 0.6904767824348738703, 0.7510723384108283218, 0.8116678943867835505, 0.8729293555873908206, 0.9355013707158068570, 1.000000000000000000 ),
 .UNSPECIFIED. ) ;
#4786 = ORIENTED_EDGE ( 'NONE', *, *, #7708, .F. ) ;
#4787 = LINE ( 'NONE', #7439, #1005 ) ;
#4788 = VECTOR ( 'NONE', #1594, 1000.000000000000000 ) ;
#4789 =( GEOMETRIC_REPRESENTATION_CONTEXT ( 3 ) GLOBAL_UNCERTAINTY_ASSIGNED_CONTEXT ( ( #5940 ) ) GLOBAL_UNIT_ASSIGNED_CONTEXT ( ( #6728, #459, #7452 ) ) REPRESENTATION_CONTEXT ( 'NONE', 'WORKASPACE' ) );
#4790 = CARTESIAN_POINT ( 'NONE',  ( 1.976107669399625122, 0.3663014702377210829, 3.200000000000000622 ) ) ;
#4791 = CARTESIAN_POINT ( 'NONE',  ( 1.392227564102564097, -0.2751979055728958068, 3.299999999999999822 ) ) ;
#4792 = ORIENTED_EDGE ( 'NONE', *, *, #710, .F. ) ;
#4793 = CARTESIAN_POINT ( 'NONE',  ( 9.157450582127779626, -0.2066882901882803880, 3.300000000000000266 ) ) ;
#4794 = CARTESIAN_POINT ( 'NONE',  ( 0.9102564102564103532, 0.4940328636578734667, 3.200000000000000178 ) ) ;
#4795 = DIRECTION ( 'NONE',  ( -1.000000000000000000, 0.000000000000000000, 0.000000000000000000 ) ) ;
#4796 = FILL_AREA_STYLE_COLOUR ( '', #5754 ) ;
#4797 = CARTESIAN_POINT ( 'NONE',  ( 8.937438977164156029, 0.3319331128999251090, 3.299999999999999378 ) ) ;
#4798 = COLOUR_RGB ( '',0.7764705882352941346, 0.7568627450980391913, 0.7372549019607843590 ) ;
#4799 = VECTOR ( 'NONE', #2805, 1000.000000000000114 ) ;
#4800 = ORIENTED_EDGE ( 'NONE', *, *, #6509, .T. ) ;
#4801 = SURFACE_STYLE_USAGE ( .BOTH. , #2598 ) ;
#4802 = CARTESIAN_POINT ( 'NONE',  ( 0.000000000000000000, 0.000000000000000000, 0.000000000000000000 ) ) ;
#4803 = CARTESIAN_POINT ( 'NONE',  ( -7.075800529049127263, 0.2876943200368990983, 3.200000000000000178 ) ) ;
#4804 = ORIENTED_EDGE ( 'NONE', *, *, #1289, .F. ) ;
#4806 = VECTOR ( 'NONE', #1941, 1000.000000000000114 ) ;
#4805 = FACE_OUTER_BOUND ( 'NONE', #4167, .T. ) ;
#4807 = PLANE ( 'NONE',  #1170 ) ;
#4808 =( LENGTH_UNIT ( ) NAMED_UNIT ( * ) SI_UNIT ( .MILLI., .METRE. ) );
#4809 = LINE ( 'NONE', #6188, #1393 ) ;
#4810 = CARTESIAN_POINT ( 'NONE',  ( 9.268560292159367719, 0.3438835997552407986, 3.300000000000000711 ) ) ;
#4811 = CARTESIAN_POINT ( 'NONE',  ( 8.858772697512392824, -0.3521209824959727341, 3.299999999999999822 ) ) ;
#4812 = ORIENTED_EDGE ( 'NONE', *, *, #8642, .T. ) ;
#4813 = CARTESIAN_POINT ( 'NONE',  ( -6.276548632706548503, 0.3663014702377211940, 3.200000000000001066 ) ) ;
#4814 = FILL_AREA_STYLE ('',( #3975 ) ) ;
#4815 = CARTESIAN_POINT ( 'NONE',  ( -6.589968165276117951, 0.5183350099680890111, 3.299999999999999822 ) ) ;
#4816 = CARTESIAN_POINT ( 'NONE',  ( -8.060252236734909204, -0.01231487174682617362, 3.200000000000000178 ) ) ;
#4817 = ORIENTED_EDGE ( 'NONE', *, *, #7417, .F. ) ;
#4818 = CARTESIAN_POINT ( 'NONE',  ( -6.729806525875980938, -0.3417680260609263221, 3.199999999999999289 ) ) ;
#4819 = SURFACE_STYLE_FILL_AREA ( #8300 ) ;
#4820 = EDGE_CURVE ( 'NONE', #8964, #6818, #3407, .T. ) ;
#4821 = CARTESIAN_POINT ( 'NONE',  ( -5.611456296796051291, 3.158925150470280219, 4.001000000000000334 ) ) ;
#4822 = CARTESIAN_POINT ( 'NONE',  ( -6.658668047349510566, -0.5311913691742901067, 3.200000000000000622 ) ) ;
#4823 = FILL_AREA_STYLE_COLOUR ( '', #5884 ) ;
#4824 = SURFACE_SIDE_STYLE ('',( #6252 ) ) ;
#4825 = AXIS2_PLACEMENT_3D ( 'NONE', #7664, #4071, #6898 ) ;
#4826 = PLANE ( 'NONE',  #4247 ) ;
#4827 = CARTESIAN_POINT ( 'NONE',  ( -8.050000000000000711, -8.500000000000000000, 0.000000000000000000 ) ) ;
#4828 = VECTOR ( 'NONE', #6492, 1000.000000000000000 ) ;
#4829 = EDGE_CURVE ( 'NONE', #3238, #3553, #348, .T. ) ;
#4830 = ORIENTED_EDGE ( 'NONE', *, *, #75, .T. ) ;
#4831 = CARTESIAN_POINT ( 'NONE',  ( -6.983119156871732791, 0.004398000095624835307, 3.299999999999999378 ) ) ;
#4832 = AXIS2_PLACEMENT_3D ( 'NONE', #5015, #3608, #1524 ) ;
#4833 = CARTESIAN_POINT ( 'NONE',  ( 9.154630371533984956, -0.4494348596310139832, 3.300000000000001155 ) ) ;
#4834 = ORIENTED_EDGE ( 'NONE', *, *, #6587, .F. ) ;
#4835 = CARTESIAN_POINT ( 'NONE',  ( 1.475560651491807818, 0.5023653327911610234, 3.300000000000000266 ) ) ;
#4836 = B_SPLINE_SURFACE_WITH_KNOTS ( 'NONE', 3, 1, ( 
 ( #1932, #7479 ),
 ( #8082, #1267 ),
 ( #3175, #3272 ),
 ( #5974, #3983 ),
 ( #8766, #4869 ),
 ( #7034, #4262 ),
 ( #4997, #5564 ),
 ( #4213, #6346 ),
 ( #7669, #720 ),
 ( #8434, #4906 ),
 ( #7084, #9045 ),
 ( #8480, #4303 ),
 ( #6945, #2025 ),
 ( #7750, #7794 ),
 ( #1412, #1464 ),
 ( #766, #676 ),
 ( #8353, #3595 ),
 ( #3505, #8303 ),
 ( #3457, #2078 ) ),
 .UNSPECIFIED., .F., .F., .F.,
 ( 4, 1, 1, 1, 1, 1, 1, 1, 1, 1, 1, 1, 1, 1, 1, 1, 4 ),
 ( 2, 2 ),
 ( 0.000000000000000000, 0.06414744487667127515, 0.1262121152536834212, 0.1868412890216918087, 0.2469358694509791452, 0.3072563614860032155, 0.3681505022006772432, 0.4300707669516568576, 0.4938754417369550231, 0.5579806818508443733, 0.6208695259285348378, 0.6825247313751581224, 0.7440356981057705266, 0.8058886825781881313, 0.8689681377436668797, 0.9332474288479396529, 1.000000000000000000 ),
 ( 0.000000000000000000, 1.000000000000000000 ),
 .UNSPECIFIED. ) ;
#4837 = CARTESIAN_POINT ( 'NONE',  ( -6.959650449737027955, 0.1303322648428098807, 3.199999999999999734 ) ) ;
#4838 = PRESENTATION_LAYER_ASSIGNMENT (  '', '', ( #4091 ) ) ;
#4839 = CARTESIAN_POINT ( 'NONE',  ( -1.215228923488530510, 6.891905700454088013, 3.999999999999999112 ) ) ;
#4840 = CARTESIAN_POINT ( 'NONE',  ( -7.787940097857910082, 0.5156979691061263082, 3.199999999999998845 ) ) ;
#4841 = STYLED_ITEM ( 'NONE', ( #1268 ), #3539 ) ;
#4842 = COLOUR_RGB ( '',0.2509803921568627416, 0.2509803921568627416, 0.2509803921568627416 ) ;
#4843 =( NAMED_UNIT ( * ) SI_UNIT ( $, .STERADIAN. ) SOLID_ANGLE_UNIT ( ) );
#4844 = ORIENTED_EDGE ( 'NONE', *, *, #7145, .F. ) ;
#4845 = COLOUR_RGB ( '',0.2509803921568627416, 0.2509803921568627416, 0.2509803921568627416 ) ;
#4846 = FACE_OUTER_BOUND ( 'NONE', #8458, .T. ) ;
#4847 = CARTESIAN_POINT ( 'NONE',  ( -7.158805927269335179, 0.06460574420434533893, 3.300000000000000266 ) ) ;
#4848 = UNCERTAINTY_MEASURE_WITH_UNIT (LENGTH_MEASURE( 1.000000000000000082E-05 ), #2707, 'distance_accuracy_value', 'NONE');
#4849 = COLOUR_RGB ( '',0.2509803921568627416, 0.2509803921568627416, 0.2509803921568627416 ) ;
#4850 = ORIENTED_EDGE ( 'NONE', *, *, #3204, .T. ) ;
#4851 = CARTESIAN_POINT ( 'NONE',  ( -6.860428738003608196, -0.2751979055728958068, 3.200000000000000178 ) ) ;
#4852 = CARTESIAN_POINT ( 'NONE',  ( 8.375908983454674939, -0.2147466088594847111, 3.200000000000000178 ) ) ;
#4853 = ADVANCED_FACE ( 'NONE', ( #5549, #8200 ), #1918, .T. ) ;
#4854 = EDGE_CURVE ( 'NONE', #7943, #9049, #1396, .T. ) ;
#4855 = FACE_OUTER_BOUND ( 'NONE', #4347, .T. ) ;
#4856 = MECHANICAL_DESIGN_GEOMETRIC_PRESENTATION_REPRESENTATION (  '', ( #2952 ), #2809 ) ;
#4857 = CARTESIAN_POINT ( 'NONE',  ( -6.967038234393490015, -0.1247365237899442508, 3.299999999999999822 ) ) ;
#4858 = CARTESIAN_POINT ( 'NONE',  ( 7.997995453922650100, -0.5059671363421265333, 3.299999999999999822 ) ) ;
#4859 = EDGE_LOOP ( 'NONE', ( #2844, #2407, #2144, #5991 ) ) ;
#4860 = DIRECTION ( 'NONE',  ( -4.336808689942015764E-16, 0.000000000000000000, -1.000000000000000000 ) ) ;
#4861 = CARTESIAN_POINT ( 'NONE',  ( 7.545471415461110887, -0.5059671363421265333, 3.299999999999999822 ) ) ;
#4862 = CARTESIAN_POINT ( 'NONE',  ( -7.606426613190490293, -0.3352513681000390822, 3.300000000000000266 ) ) ;
#4863 =( GEOMETRIC_REPRESENTATION_CONTEXT ( 3 ) GLOBAL_UNCERTAINTY_ASSIGNED_CONTEXT ( ( #258 ) ) GLOBAL_UNIT_ASSIGNED_CONTEXT ( ( #835, #4293, #5027 ) ) REPRESENTATION_CONTEXT ( 'NONE', 'WORKASPACE' ) );
#4864 = UNCERTAINTY_MEASURE_WITH_UNIT (LENGTH_MEASURE( 1.000000000000000082E-05 ), #6, 'distance_accuracy_value', 'NONE');
#4865 = CARTESIAN_POINT ( 'NONE',  ( -8.006254224104294437, 0.1888369438955760649, 3.199999999999999289 ) ) ;
#4866 =( LENGTH_UNIT ( ) NAMED_UNIT ( * ) SI_UNIT ( .MILLI., .METRE. ) );
#4867 = VERTEX_POINT ( 'NONE', #4201 ) ;
#4868 = DIRECTION ( 'NONE',  ( 0.000000000000000000, 0.000000000000000000, 1.000000000000000000 ) ) ;
#4869 = CARTESIAN_POINT ( 'NONE',  ( -6.541661658969460724, -0.3386277985677164648, 3.200000000000001510 ) ) ;
#4870 = FILL_AREA_STYLE ('',( #8261 ) ) ;
#4871 =( LENGTH_UNIT ( ) NAMED_UNIT ( * ) SI_UNIT ( .MILLI., .METRE. ) );
#4873 = STYLED_ITEM ( 'NONE', ( #7734 ), #5100 ) ;
#4872 = CARTESIAN_POINT ( 'NONE',  ( -7.011777942266683716, 0.3657205175650612983, 3.300000000000000266 ) ) ;
#4874 = EDGE_CURVE ( 'NONE', #6342, #5487, #3263, .T. ) ;
#4875 = SURFACE_STYLE_FILL_AREA ( #2084 ) ;
#4876 = VERTEX_POINT ( 'NONE', #5735 ) ;
#4877 = CARTESIAN_POINT ( 'NONE',  ( 2.011824428544727095, 0.3273396378151156028, 3.199999999999999289 ) ) ;
#4878 = ORIENTED_EDGE ( 'NONE', *, *, #5023, .T. ) ;
#4879 = CARTESIAN_POINT ( 'NONE',  ( 1.128560894352510058, 0.1967357420893510178, 3.299999999999999822 ) ) ;
#4880 = B_SPLINE_CURVE_WITH_KNOTS ( 'NONE', 3,
 ( #5734, #2250, #1024, #3123, #4616, #3867, #2430, #4478, #7918, #3749, #1671 ),
 .UNSPECIFIED., .F., .F.,
 ( 4, 1, 1, 1, 1, 1, 1, 1, 4 ),
 ( 0.000000000000000000, 0.1279910255623731841, 0.2530983915017065988, 0.3761840584327904580, 0.4989363124701270413, 0.6215258806257312196, 0.7457068938016923054, 0.8715753502968724975, 1.000000000000000000 ),
 .UNSPECIFIED. ) ;
#4881 = CARTESIAN_POINT ( 'NONE',  ( -6.959650449737027955, 0.1303322648428098807, 3.299999999999999378 ) ) ;
#4882 = DIRECTION ( 'NONE',  ( -1.000000000000000000, 0.000000000000000000, -0.000000000000000000 ) ) ;
#4883 = B_SPLINE_CURVE_WITH_KNOTS ( 'NONE', 3,
 ( #1249, #6933, #4059, #3442, #2757, #4157, #566, #2655, #6970, #5546, #1959, #4017, #3970, #6190, #5347, #2708, #8333, #5399, #8246 ),
 .UNSPECIFIED., .F., .F.,
 ( 4, 1, 1, 1, 1, 1, 1, 1, 1, 1, 1, 1, 1, 1, 1, 1, 4 ),
 ( 0.000000000000000000, 0.06414744487667170536, 0.1262121152536834490, 0.1868412890216907263, 0.2469358694509784236, 0.3072563614860032710, 0.3681505022006762995, 0.4300707669516565246, 0.4938754417369544125, 0.5579806818508445954, 0.6208695259285350598, 0.6825247313751580114, 0.7440356981057698604, 0.8058886825781877983, 0.8689681377436667686, 0.9332474288479395419, 1.000000000000000000 ),
 .UNSPECIFIED. ) ;
#4884 = CARTESIAN_POINT ( 'NONE',  ( -7.512396336838107480, 0.4802700398739077059, 3.199999999999999734 ) ) ;
#4885 = CARTESIAN_POINT ( 'NONE',  ( -5.852816558516427570, -0.5059671363421265333, 3.299999999999999822 ) ) ;
#4886 = FILL_AREA_STYLE_COLOUR ( '', #1433 ) ;
#4887 = EDGE_CURVE ( 'NONE', #6942, #3949, #4251, .T. ) ;
#4888 = ORIENTED_EDGE ( 'NONE', *, *, #2259, .T. ) ;
#4889 =( NAMED_UNIT ( * ) PLANE_ANGLE_UNIT ( ) SI_UNIT ( $, .RADIAN. ) );
#4890 = CARTESIAN_POINT ( 'NONE',  ( 1.363053574163274995, -0.2504615528896944610, 3.300000000000002043 ) ) ;
#4891 = VERTEX_POINT ( 'NONE', #1356 ) ;
#4892 =( NAMED_UNIT ( * ) SI_UNIT ( $, .STERADIAN. ) SOLID_ANGLE_UNIT ( ) );
#4893 = CARTESIAN_POINT ( 'NONE',  ( -2.945461134408580595, 5.099999999999999645, -0.8807521802656372856 ) ) ;
#4894 = FACE_BOUND ( 'NONE', #7998, .T. ) ;
#4895 = LINE ( 'NONE', #7652, #4065 ) ;
#4896 = VERTEX_POINT ( 'NONE', #3547 ) ;
#4897 = CARTESIAN_POINT ( 'NONE',  ( -6.679277101290613139, 0.3392531119941207263, 3.200000000000001066 ) ) ;
#4898 = DIRECTION ( 'NONE',  ( 1.000000000000000000, 0.000000000000000000, -0.000000000000000000 ) ) ;
#4899 = DIRECTION ( 'NONE',  ( -1.000000000000000000, 0.000000000000000000, 0.000000000000000000 ) ) ;
#4900 = CARTESIAN_POINT ( 'NONE',  ( 1.764496007633963970, -0.5112687621461996512, 3.200000000000001066 ) ) ;
#4901 = SURFACE_SIDE_STYLE ('',( #2114 ) ) ;
#4902 = ORIENTED_EDGE ( 'NONE', *, *, #2373, .F. ) ;
#4903 = ORIENTED_EDGE ( 'NONE', *, *, #4874, .T. ) ;
#4904 = CARTESIAN_POINT ( 'NONE',  ( -7.550000000000000711, -7.700000000000000178, 0.000000000000000000 ) ) ;
#4905 = PRESENTATION_STYLE_ASSIGNMENT (( #9093 ) ) ;
#4906 = CARTESIAN_POINT ( 'NONE',  ( -6.402075341373151929, -0.2529059731346397499, 3.200000000000000178 ) ) ;
#4907 = CARTESIAN_POINT ( 'NONE',  ( -6.124451173901044321, -0.008971944034434263526, 3.299999999999999822 ) ) ;
#4908 = CARTESIAN_POINT ( 'NONE',  ( 1.949127501097537186E-16, -9.099999999999999645, -1.449999999999998401 ) ) ;
#4909 = CARTESIAN_POINT ( 'NONE',  ( -8.050000000000000711, -6.899999999999999467, 9.797174393178827383E-17 ) ) ;
#4910 = CARTESIAN_POINT ( 'NONE',  ( 9.223998131469638651, 0.3861944913999413864, 3.300000000000000711 ) ) ;
#4911 = FACE_BOUND ( 'NONE', #8276, .T. ) ;
#4912 = ORIENTED_EDGE ( 'NONE', *, *, #2862, .T. ) ;
#4913 = SURFACE_STYLE_USAGE ( .BOTH. , #86 ) ;
#4914 = STYLED_ITEM ( 'NONE', ( #6059 ), #5701 ) ;
#4915 = ORIENTED_EDGE ( 'NONE', *, *, #7666, .T. ) ;
#4916 = CARTESIAN_POINT ( 'NONE',  ( -7.550000000000000711, -9.099999999999999645, -1.750000000000000000 ) ) ;
#4917 = DIRECTION ( 'NONE',  ( 3.576749435003726573E-16, -1.000000000000000000, 0.000000000000000000 ) ) ;
#4918 =( GEOMETRIC_REPRESENTATION_CONTEXT ( 3 ) GLOBAL_UNCERTAINTY_ASSIGNED_CONTEXT ( ( #622 ) ) GLOBAL_UNIT_ASSIGNED_CONTEXT ( ( #1729, #3845, #5037 ) ) REPRESENTATION_CONTEXT ( 'NONE', 'WORKASPACE' ) );
#4919 = CARTESIAN_POINT ( 'NONE',  ( 8.840923618435738263, -0.5311327270839869552, 3.299999999999999822 ) ) ;
#4920 = CARTESIAN_POINT ( 'NONE',  ( 8.869727283220491643, -0.5315127002847459536, 3.200000000000000178 ) ) ;
#4921 = CARTESIAN_POINT ( 'NONE',  ( 8.442874536893022253, 0.3171879314990538323, 3.199999999999999289 ) ) ;
#4922 = COLOUR_RGB ( '',0.2509803921568627416, 0.2509803921568627416, 0.2509803921568627416 ) ;
#4923 = ORIENTED_EDGE ( 'NONE', *, *, #2830, .T. ) ;
#4924 = FACE_OUTER_BOUND ( 'NONE', #2649, .T. ) ;
#4925 = CARTESIAN_POINT ( 'NONE',  ( -6.777095650614363365, 0.5023653327911609123, 3.299999999999999378 ) ) ;
#4926 = CARTESIAN_POINT ( 'NONE',  ( 8.973752386428078154, -0.3352513681000385826, 3.200000000000000622 ) ) ;
#4927 = UNCERTAINTY_MEASURE_WITH_UNIT (LENGTH_MEASURE( 1.000000000000000082E-05 ), #1442, 'distance_accuracy_value', 'NONE');
#4928 = ORIENTED_EDGE ( 'NONE', *, *, #7277, .T. ) ;
#4929 = AXIS2_PLACEMENT_3D ( 'NONE', #3231, #7900, #8688 ) ;
#4930 = DIRECTION ( 'NONE',  ( -2.891205793294679312E-16, 0.000000000000000000, -1.000000000000000000 ) ) ;
#4931 = EDGE_CURVE ( 'NONE', #3640, #7747, #5694, .T. ) ;
#4932 = AXIS2_PLACEMENT_3D ( 'NONE', #5919, #5216, #8021 ) ;
#4933 = SURFACE_SIDE_STYLE ('',( #832 ) ) ;
#4934 = PLANE ( 'NONE',  #8181 ) ;
#4935 = STYLED_ITEM ( 'NONE', ( #2828 ), #1040 ) ;
#4936 = ORIENTED_EDGE ( 'NONE', *, *, #2273, .F. ) ;
#4937 = CARTESIAN_POINT ( 'NONE',  ( 1.475560651491807818, 0.5023653327911610234, 3.200000000000000622 ) ) ;
#4938 = CARTESIAN_POINT ( 'NONE',  ( -6.644483225183094532, 0.3401867098117196120, 3.299999999999999822 ) ) ;
#4939 =( LENGTH_UNIT ( ) NAMED_UNIT ( * ) SI_UNIT ( .MILLI., .METRE. ) );
#4940 = SURFACE_STYLE_FILL_AREA ( #5608 ) ;
#4941 = CARTESIAN_POINT ( 'NONE',  ( -7.687641862253667746, 0.5192221192871472324, 3.200000000000000178 ) ) ;
#4942 = VECTOR ( 'NONE', #4440, 1000.000000000000114 ) ;
#4943 = ORIENTED_EDGE ( 'NONE', *, *, #5913, .F. ) ;
#4944 = CARTESIAN_POINT ( 'NONE',  ( -8.156711301944927328, 0.2902447036081439724, 3.200000000000002842 ) ) ;
#4945 = EDGE_LOOP ( 'NONE', ( #2701, #7683, #902, #1503 ) ) ;
#4946 = EDGE_CURVE ( 'NONE', #7892, #7840, #5654, .T. ) ;
#4947 =( NAMED_UNIT ( * ) PLANE_ANGLE_UNIT ( ) SI_UNIT ( $, .RADIAN. ) );
#4948 = SURFACE_SIDE_STYLE ('',( #801 ) ) ;
#4949 = ADVANCED_FACE ( 'NONE', ( #2155 ), #2890, .F. ) ;
#4950 = SURFACE_STYLE_FILL_AREA ( #2165 ) ;
#4951 =( LENGTH_UNIT ( ) NAMED_UNIT ( * ) SI_UNIT ( .MILLI., .METRE. ) );
#4952 = CARTESIAN_POINT ( 'NONE',  ( 1.391676871586952080, 0.2650035628447830471, 3.199999999999998845 ) ) ;
#4953 =( NAMED_UNIT ( * ) PLANE_ANGLE_UNIT ( ) SI_UNIT ( $, .RADIAN. ) );
#4954 = CARTESIAN_POINT ( 'NONE',  ( -8.239835789285658407, -0.004364572239562458135, 3.200000000000000178 ) ) ;
#4955 = EDGE_CURVE ( 'NONE', #7728, #8681, #8392, .T. ) ;
#4956 = ORIENTED_EDGE ( 'NONE', *, *, #4403, .T. ) ;
#4957 = AXIS2_PLACEMENT_3D ( 'NONE', #8128, #2634, #6033 ) ;
#4958 = CARTESIAN_POINT ( 'NONE',  ( -6.644483225183094532, 0.3401867098117196120, 3.299999999999999822 ) ) ;
#4959 =( GEOMETRIC_REPRESENTATION_CONTEXT ( 3 ) GLOBAL_UNCERTAINTY_ASSIGNED_CONTEXT ( ( #8981 ) ) GLOBAL_UNIT_ASSIGNED_CONTEXT ( ( #3018, #4947, #2769 ) ) REPRESENTATION_CONTEXT ( 'NONE', 'WORKASPACE' ) );
#4960 = EDGE_LOOP ( 'NONE', ( #3826, #1383, #5547, #1242 ) ) ;
#4961 = DIRECTION ( 'NONE',  ( -1.000000000000000000, 0.000000000000000000, 0.000000000000000000 ) ) ;
#4962 = LINE ( 'NONE', #8500, #1634 ) ;
#4963 = FACE_OUTER_BOUND ( 'NONE', #7493, .T. ) ;
#4964 = AXIS2_PLACEMENT_3D ( 'NONE', #1973, #4636, #484 ) ;
#4965 = ADVANCED_FACE ( 'NONE', ( #6284 ), #6973, .F. ) ;
#4966 = EDGE_CURVE ( 'NONE', #6539, #7105, #6189, .T. ) ;
#4967 = PRESENTATION_LAYER_ASSIGNMENT (  '', '', ( #7323 ) ) ;
#4968 = EDGE_LOOP ( 'NONE', ( #4011, #115, #3326, #5521 ) ) ;
#4969 = CARTESIAN_POINT ( 'NONE',  ( 9.650000000000002132, -5.099999999999999645, 3.200000000000000178 ) ) ;
#4970 = DIRECTION ( 'NONE',  ( -3.445603183558166470E-17, 0.7071067811865515695, -0.7071067811865434649 ) ) ;
#4971 = CARTESIAN_POINT ( 'NONE',  ( 9.137890660809070198, -0.2263380502071502542, 3.200000000000000622 ) ) ;
#4972 = VERTEX_POINT ( 'NONE', #4578 ) ;
#4973 = CARTESIAN_POINT ( 'NONE',  ( -7.564621575772545015, 0.3045297565861890265, 3.199999999999999734 ) ) ;
#4974 = FILL_AREA_STYLE ('',( #6322 ) ) ;
#4976 = COLOUR_RGB ( '',0.2509803921568627416, 0.2509803921568627416, 0.2509803921568627416 ) ;
#4975 = SURFACE_SIDE_STYLE ('',( #197 ) ) ;
#4977 = VECTOR ( 'NONE', #1471, 1000.000000000000000 ) ;
#4978 = B_SPLINE_CURVE_WITH_KNOTS ( 'NONE', 3,
 ( #1211, #5500, #1965, #4022, #2113, #1310, #4203, #6144, #6335, #4117, #9034, #5611, #7022, #6835, #4900, #618, #3549, #8939, #28 ),
 .UNSPECIFIED., .F., .F.,
 ( 4, 1, 1, 1, 1, 1, 1, 1, 1, 1, 1, 1, 1, 1, 1, 1, 4 ),
 ( 0.000000000000000000, 0.06572231519156150614, 0.1295079307025843174, 0.1917221026921612781, 0.2531611245020886081, 0.3143157037352573013, 0.3759517397728624477, 0.4386196008234091726, 0.5029729018927764361, 0.5671286457242649126, 0.6295522895796743512, 0.6904767824348742034, 0.7510723384108287659, 0.8116678943867833285, 0.8729293555873912647, 0.9355013707158070790, 1.000000000000000000 ),
 .UNSPECIFIED. ) ;
#4979 = MECHANICAL_DESIGN_GEOMETRIC_PRESENTATION_REPRESENTATION (  '', ( #1459 ), #3811 ) ;
#4980 = LINE ( 'NONE', #4289, #7297 ) ;
#4981 =( LENGTH_UNIT ( ) NAMED_UNIT ( * ) SI_UNIT ( .MILLI., .METRE. ) );
#4982 =( GEOMETRIC_REPRESENTATION_CONTEXT ( 3 ) GLOBAL_UNCERTAINTY_ASSIGNED_CONTEXT ( ( #418 ) ) GLOBAL_UNIT_ASSIGNED_CONTEXT ( ( #7228, #3048, #5893 ) ) REPRESENTATION_CONTEXT ( 'NONE', 'WORKASPACE' ) );
#4983 = ORIENTED_EDGE ( 'NONE', *, *, #3257, .F. ) ;
#4984 = ADVANCED_FACE ( 'NONE', ( #978 ), #7382, .T. ) ;
#4985 = CARTESIAN_POINT ( 'NONE',  ( -6.454914361725979433, 0.2837438070785939792, 3.200000000000000178 ) ) ;
#4986 = SURFACE_STYLE_FILL_AREA ( #5693 ) ;
#4987 =( LENGTH_UNIT ( ) NAMED_UNIT ( * ) SI_UNIT ( .MILLI., .METRE. ) );
#4988 =( GEOMETRIC_REPRESENTATION_CONTEXT ( 3 ) GLOBAL_UNCERTAINTY_ASSIGNED_CONTEXT ( ( #173 ) ) GLOBAL_UNIT_ASSIGNED_CONTEXT ( ( #8563, #209, #943 ) ) REPRESENTATION_CONTEXT ( 'NONE', 'WORKASPACE' ) );
#4989 = CARTESIAN_POINT ( 'NONE',  ( -7.569629665000014995, 0.4997908919589795218, 3.200000000000000178 ) ) ;
#4990 = VECTOR ( 'NONE', #5269, 1000.000000000000000 ) ;
#4991 = CARTESIAN_POINT ( 'NONE',  ( 8.451251235938011419, -0.3460104751725771033, 3.300000000000000711 ) ) ;
#4992 = ORIENTED_EDGE ( 'NONE', *, *, #7785, .F. ) ;
#4993 = ADVANCED_FACE ( 'NONE', ( #8927 ), #8984, .T. ) ;
#4994 = ORIENTED_EDGE ( 'NONE', *, *, #8209, .T. ) ;
#4995 =( NAMED_UNIT ( * ) PLANE_ANGLE_UNIT ( ) SI_UNIT ( $, .RADIAN. ) );
#4996 = PLANE ( 'NONE',  #8063 ) ;
#4997 = CARTESIAN_POINT ( 'NONE',  ( -6.481647633632175776, -0.3137282725069113765, 3.300000000000001155 ) ) ;
#4998 = COLOUR_RGB ( '',0.2509803921568627416, 0.2509803921568627416, 0.2509803921568627416 ) ;
#4999 = LINE ( 'NONE', #3561, #5955 ) ;
#5000 = FILL_AREA_STYLE ('',( #2724 ) ) ;
#5001 = AXIS2_PLACEMENT_3D ( 'NONE', #7019, #7073, #664 ) ;
#5002 = ORIENTED_EDGE ( 'NONE', *, *, #4155, .F. ) ;
#5003 = PRESENTATION_STYLE_ASSIGNMENT (( #4406 ) ) ;
#5004 = CARTESIAN_POINT ( 'NONE',  ( -7.884752878301894974, 0.3018213465992113376, 3.299999999999999378 ) ) ;
#5005 = COLOUR_RGB ( '',0.2509803921568627416, 0.2509803921568627416, 0.2509803921568627416 ) ;
#5006 = ORIENTED_EDGE ( 'NONE', *, *, #8636, .F. ) ;
#5007 = DIRECTION ( 'NONE',  ( 1.000000000000000000, 0.000000000000000000, 0.000000000000000000 ) ) ;
#5008 = CARTESIAN_POINT ( 'NONE',  ( -6.777095650614363365, 0.5023653327911609123, 3.199999999999999734 ) ) ;
#5009 = FILL_AREA_STYLE_COLOUR ( '', #4407 ) ;
#5010 = CARTESIAN_POINT ( 'NONE',  ( 9.029862366898305126, -0.5084839178479507726, 3.299999999999999378 ) ) ;
#5011 = PRESENTATION_STYLE_ASSIGNMENT (( #8318 ) ) ;
#5012 = ADVANCED_FACE ( 'NONE', ( #8141 ), #4807, .T. ) ;
#5013 = DIRECTION ( 'NONE',  ( 0.9848077530122080203, 0.1736481776669307198, 0.000000000000000000 ) ) ;
#5014 = ORIENTED_EDGE ( 'NONE', *, *, #4255, .T. ) ;
#5015 = CARTESIAN_POINT ( 'NONE',  ( -4.550000000000000711, -2.700000000000002842, -3.200000000000000178 ) ) ;
#5016 = SURFACE_STYLE_FILL_AREA ( #692 ) ;
#5017 = CARTESIAN_POINT ( 'NONE',  ( 1.899053681160876028, -0.4467355914999328603, 3.300000000000000266 ) ) ;
#5018 = UNCERTAINTY_MEASURE_WITH_UNIT (LENGTH_MEASURE( 1.000000000000000082E-05 ), #6967, 'distance_accuracy_value', 'NONE');
#5019 = ORIENTED_EDGE ( 'NONE', *, *, #7941, .F. ) ;
#5020 = DIRECTION ( 'NONE',  ( -4.872818752743842964E-17, 1.000000000000000000, -0.000000000000000000 ) ) ;
#5021 = SURFACE_SIDE_STYLE ('',( #6369 ) ) ;
#5022 = DIRECTION ( 'NONE',  ( 1.000000000000000000, 0.000000000000000000, -3.252606517456513302E-16 ) ) ;
#5023 = EDGE_CURVE ( 'NONE', #2965, #9041, #6050, .T. ) ;
#5024 = PRESENTATION_STYLE_ASSIGNMENT (( #8388 ) ) ;
#5025 = SURFACE_STYLE_FILL_AREA ( #2108 ) ;
#5026 = ORIENTED_EDGE ( 'NONE', *, *, #8219, .F. ) ;
#5027 =( NAMED_UNIT ( * ) SI_UNIT ( $, .STERADIAN. ) SOLID_ANGLE_UNIT ( ) );
#5028 = CARTESIAN_POINT ( 'NONE',  ( -6.427900985885473872, 0.2633085497810983000, 3.299999999999999378 ) ) ;
#5029 = CARTESIAN_POINT ( 'NONE',  ( 7.981368851358547012, 0.4940328636578734667, 3.299999999999999822 ) ) ;
#5030 = CARTESIAN_POINT ( 'NONE',  ( 8.485156778170463099, -0.3841557640895607584, 3.200000000000000178 ) ) ;
#5031 = ORIENTED_EDGE ( 'NONE', *, *, #6585, .F. ) ;
#5032 = CARTESIAN_POINT ( 'NONE',  ( -8.239835789285658407, -0.004364572239562458135, 3.200000000000002398 ) ) ;
#5033 = EDGE_LOOP ( 'NONE', ( #1307, #2758, #1610, #479 ) ) ;
#5034 = SURFACE_STYLE_FILL_AREA ( #6296 ) ;
#5035 = CARTESIAN_POINT ( 'NONE',  ( -7.161467827411194698, -0.05784559197263935276, 3.300000000000000266 ) ) ;
#5036 = LINE ( 'NONE', #6521, #4094 ) ;
#5037 =( NAMED_UNIT ( * ) SI_UNIT ( $, .STERADIAN. ) SOLID_ANGLE_UNIT ( ) );
#5038 = CARTESIAN_POINT ( 'NONE',  ( 8.049999999999998934, -9.099999999999999645, 1.449999999999998401 ) ) ;
#5039 = DIRECTION ( 'NONE',  ( -1.351345363508946299E-16, -6.610348994666661011E-17, 1.000000000000000000 ) ) ;
#5040 = UNCERTAINTY_MEASURE_WITH_UNIT (LENGTH_MEASURE( 1.000000000000000082E-05 ), #3915, 'distance_accuracy_value', 'NONE');
#5041 = ORIENTED_EDGE ( 'NONE', *, *, #7724, .F. ) ;
#5042 = LINE ( 'NONE', #2954, #1454 ) ;
#5043 = CARTESIAN_POINT ( 'NONE',  ( 1.126248300457802776, -0.2055152108809681633, 3.200000000000000622 ) ) ;
#5044 = CARTESIAN_POINT ( 'NONE',  ( 2.069164845640369954, 0.2415404013487021384, 3.200000000000001066 ) ) ;
#5045 = VERTEX_POINT ( 'NONE', #5646 ) ;
#5046 = PLANE ( 'NONE',  #7040 ) ;
#5047 = CARTESIAN_POINT ( 'NONE',  ( 1.853421059364457113, 0.4601356041372028360, 3.299999999999998934 ) ) ;
#5048 = CARTESIAN_POINT ( 'NONE',  ( -6.932563451130993037, 0.4310982707423297033, 3.200000000000000178 ) ) ;
#5049 = DIRECTION ( 'NONE',  ( -0.8231682251229928138, -0.5677975635275850363, 0.000000000000000000 ) ) ;
#5050 = CARTESIAN_POINT ( 'NONE',  ( -3.945461134408580595, 5.099999999999999645, 1.119247819734363159 ) ) ;
#5051 = CARTESIAN_POINT ( 'NONE',  ( -0.9454611344085804836, 5.099999999999999645, 1.119247819734363159 ) ) ;
#5052 = SURFACE_STYLE_USAGE ( .BOTH. , #6969 ) ;
#5053 = DIRECTION ( 'NONE',  ( -1.000000000000000000, 0.000000000000000000, -4.206037906820365455E-16 ) ) ;
#5054 = ORIENTED_EDGE ( 'NONE', *, *, #6313, .T. ) ;
#5055 = DIRECTION ( 'NONE',  ( 0.000000000000000000, -1.000000000000000000, 0.000000000000000000 ) ) ;
#5056 = CARTESIAN_POINT ( 'NONE',  ( 9.104759284463021629, -0.4785579739879670669, 3.200000000000000622 ) ) ;
#5057 = CARTESIAN_POINT ( 'NONE',  ( -8.050000000000000711, -9.099999999999999645, -1.449999999999998401 ) ) ;
#5058 = ORIENTED_EDGE ( 'NONE', *, *, #788, .F. ) ;
#5059 =( NAMED_UNIT ( * ) PLANE_ANGLE_UNIT ( ) SI_UNIT ( $, .RADIAN. ) );
#5060 = CARTESIAN_POINT ( 'NONE',  ( -7.736377787744580736, 0.3398665164818369111, 3.199999999999999734 ) ) ;
#5061 = CARTESIAN_POINT ( 'NONE',  ( 1.392227564102564097, -0.2751979055728958068, 3.200000000000000178 ) ) ;
#5062 = MECHANICAL_DESIGN_GEOMETRIC_PRESENTATION_REPRESENTATION (  '', ( #7712 ), #2151 ) ;
#5063 = STYLED_ITEM ( 'NONE', ( #6984 ), #234 ) ;
#5064 = PLANE ( 'NONE',  #4364 ) ;
#5065 = ORIENTED_EDGE ( 'NONE', *, *, #4887, .T. ) ;
#5066 = CARTESIAN_POINT ( 'NONE',  ( 1.610977564102564097, 0.5196738892988990166, 3.200000000000000178 ) ) ;
#5067 = PRESENTATION_LAYER_ASSIGNMENT (  '', '', ( #1248 ) ) ;
#5068 =( NAMED_UNIT ( * ) SI_UNIT ( $, .STERADIAN. ) SOLID_ANGLE_UNIT ( ) );
#5070 = COLOUR_RGB ( '',0.2509803921568627416, 0.2509803921568627416, 0.2509803921568627416 ) ;
#5069 = DIRECTION ( 'NONE',  ( 0.000000000000000000, 0.000000000000000000, 1.000000000000000000 ) ) ;
#5071 = CARTESIAN_POINT ( 'NONE',  ( -7.400092359929167252, -0.4317492700529764749, 3.300000000000000266 ) ) ;
#5072 = CARTESIAN_POINT ( 'NONE',  ( 8.614359987211621217, -0.2543802362554989926, 3.199999999999999289 ) ) ;
#5073 = EDGE_CURVE ( 'NONE', #510, #2588, #752, .T. ) ;
#5074 = EDGE_CURVE ( 'NONE', #4876, #376, #7655, .T. ) ;
#5075 = VECTOR ( 'NONE', #1203, 1000.000000000000000 ) ;
#5076 = CARTESIAN_POINT ( 'NONE',  ( 8.804430045895999868, -0.5302024331416020919, 3.299999999999999822 ) ) ;
#5077 = VECTOR ( 'NONE', #359, 1000.000000000000000 ) ;
#5078 = ORIENTED_EDGE ( 'NONE', *, *, #1012, .T. ) ;
#5079 = CARTESIAN_POINT ( 'NONE',  ( -8.235913853719450728, 0.06818793015636756549, 3.200000000000002842 ) ) ;
#5080 = ORIENTED_EDGE ( 'NONE', *, *, #2981, .T. ) ;
#5081 = CARTESIAN_POINT ( 'NONE',  ( -8.214397973151809751, 0.1698066570741210979, 3.299999999999998934 ) ) ;
#5082 = DIRECTION ( 'NONE',  ( 0.000000000000000000, -1.000000000000000000, 0.000000000000000000 ) ) ;
#5083 = CARTESIAN_POINT ( 'NONE',  ( 8.667528394194713215, 0.2845935240287518764, 3.199999999999999734 ) ) ;
#5084 =( NAMED_UNIT ( * ) PLANE_ANGLE_UNIT ( ) SI_UNIT ( $, .RADIAN. ) );
#5085 = CARTESIAN_POINT ( 'NONE',  ( 30.67502342020044992, 12.51501761024782589, 1.999999999999999112 ) ) ;
#5086 = DIRECTION ( 'NONE',  ( 0.000000000000000000, -1.000000000000000000, 0.000000000000000000 ) ) ;
#5087 = AXIS2_PLACEMENT_3D ( 'NONE', #5602, #1495, #106 ) ;
#5088 = ORIENTED_EDGE ( 'NONE', *, *, #2105, .T. ) ;
#5089 = CARTESIAN_POINT ( 'NONE',  ( -7.949884884746821534, -0.2691643865731915275, 3.200000000000000622 ) ) ;
#5090 = PLANE ( 'NONE',  #2889 ) ;
#5091 = FILL_AREA_STYLE ('',( #7942 ) ) ;
#5092 = VERTEX_POINT ( 'NONE', #2847 ) ;
#5093 =( NAMED_UNIT ( * ) PLANE_ANGLE_UNIT ( ) SI_UNIT ( $, .RADIAN. ) );
#5094 = CARTESIAN_POINT ( 'NONE',  ( -6.303938353388223170, -0.006568097880588056638, 3.200000000000000178 ) ) ;
#5095 = FACE_OUTER_BOUND ( 'NONE', #1094, .T. ) ;
#5096 = CARTESIAN_POINT ( 'NONE',  ( 0.7473958333333333703, -0.5059671363421265333, 3.299999999999999822 ) ) ;
#5097 = CARTESIAN_POINT ( 'NONE',  ( 2.069953886045986291, -0.2570586708335780290, 3.300000000000000266 ) ) ;
#5098 = B_SPLINE_CURVE_WITH_KNOTS ( 'NONE', 3,
 ( #8703, #2477, #3794, #6686, #3162, #5208, #377, #3837, #6555, #329, #3200, #4577, #8744, #1629, #7330, #6734, #5951, #8795, #5252 ),
 .UNSPECIFIED., .F., .F.,
 ( 4, 1, 1, 1, 1, 1, 1, 1, 1, 1, 1, 1, 1, 1, 1, 1, 4 ),
 ( 0.000000000000000000, 0.06674865130926613266, 0.1311519760901755649, 0.1937321970570957674, 0.2553255433785987516, 0.3163881857773856443, 0.3780268629068865294, 0.4404056792054015235, 0.5045574293240810970, 0.5686582873620150691, 0.6309861790900103129, 0.6922881348732988771, 0.7526154469796393354, 0.8131995384355630296, 0.8740161248607813960, 0.9361583555105312815, 1.000000000000000000 ),
 .UNSPECIFIED. ) ;
#5099 = CARTESIAN_POINT ( 'NONE',  ( -7.643180036683362211, -0.3450295354079935262, 3.299999999999999822 ) ) ;
#5100 = ADVANCED_FACE ( 'NONE', ( #3012 ), #1529, .T. ) ;
#5101 = CARTESIAN_POINT ( 'NONE',  ( -6.124918759598703133, -0.02688934788521804564, 3.200000000000000622 ) ) ;
#5102 = ORIENTED_EDGE ( 'NONE', *, *, #3054, .T. ) ;
#5103 = DIRECTION ( 'NONE',  ( -1.000000000000000000, -4.872818752743843581E-17, -0.000000000000000000 ) ) ;
#5104 = EDGE_CURVE ( 'NONE', #1835, #8964, #152, .T. ) ;
#5105 = STYLED_ITEM ( 'NONE', ( #1438 ), #2949 ) ;
#5106 = CARTESIAN_POINT ( 'NONE',  ( -6.441220372605553024, -0.4945550715184538482, 3.299999999999999822 ) ) ;
#5107 = CARTESIAN_POINT ( 'NONE',  ( 9.289061159050852723, 0.3205552995553094253, 3.299999999999999822 ) ) ;
#5108 = UNCERTAINTY_MEASURE_WITH_UNIT (LENGTH_MEASURE( 1.000000000000000082E-05 ), #2258, 'distance_accuracy_value', 'NONE');
#5109 = ORIENTED_EDGE ( 'NONE', *, *, #3971, .F. ) ;
#5110 = DIRECTION ( 'NONE',  ( 0.1736481776669306920, -0.9848077530122080203, 0.000000000000000000 ) ) ;
#5111 = CARTESIAN_POINT ( 'NONE',  ( -7.939104252224137959, 0.2643409816514169508, 3.199999999999999289 ) ) ;
#5112 = CARTESIAN_POINT ( 'NONE',  ( 8.745560429821276571, -0.3349552886624452830, 3.200000000000000622 ) ) ;
#5113 = MECHANICAL_DESIGN_GEOMETRIC_PRESENTATION_REPRESENTATION (  '', ( #5568 ), #7619 ) ;
#5114 = PRESENTATION_LAYER_ASSIGNMENT (  '', '', ( #3660 ) ) ;
#5115 = CARTESIAN_POINT ( 'NONE',  ( -7.162426772265724217, -0.02314887048649056853, 3.299999999999999822 ) ) ;
#5116 = VECTOR ( 'NONE', #7621, 1000.000000000000000 ) ;
#5117 = CARTESIAN_POINT ( 'NONE',  ( 1.382405580652259269, -0.2668699378461329430, 3.300000000000000266 ) ) ;
#5118 = SURFACE_STYLE_FILL_AREA ( #5203 ) ;
#5119 = CARTESIAN_POINT ( 'NONE',  ( 1.320092850975180365, 0.4310982707423295368, 3.200000000000001066 ) ) ;
#5120 = SURFACE_SIDE_STYLE ('',( #9042 ) ) ;
#5121 = ADVANCED_FACE ( 'NONE', ( #7860 ), #3535, .F. ) ;
#5122 =( LENGTH_UNIT ( ) NAMED_UNIT ( * ) SI_UNIT ( .MILLI., .METRE. ) );
#5123 = PRESENTATION_LAYER_ASSIGNMENT (  '', '', ( #8930 ) ) ;
#5124 = SURFACE_SIDE_STYLE ('',( #2340 ) ) ;
#5125 = EDGE_CURVE ( 'NONE', #2611, #6925, #2194, .T. ) ;
#5126 =( GEOMETRIC_REPRESENTATION_CONTEXT ( 3 ) GLOBAL_UNCERTAINTY_ASSIGNED_CONTEXT ( ( #1899 ) ) GLOBAL_UNIT_ASSIGNED_CONTEXT ( ( #4808, #5600, #2752 ) ) REPRESENTATION_CONTEXT ( 'NONE', 'WORKASPACE' ) );
#5127 = VECTOR ( 'NONE', #8857, 1000.000000000000000 ) ;
#5128 = EDGE_LOOP ( 'NONE', ( #6304, #774, #1365, #4902, #7, #164, #2969, #3270, #5831, #6400, #6766, #6504, #8113 ) ) ;
#5129 = CARTESIAN_POINT ( 'NONE',  ( -7.753050664627311406, 0.5188880348865969605, 3.299999999999999822 ) ) ;
#5130 = ORIENTED_EDGE ( 'NONE', *, *, #8201, .F. ) ;
#5131 = VECTOR ( 'NONE', #6758, 1000.000000000000000 ) ;
#5132 =( LENGTH_UNIT ( ) NAMED_UNIT ( * ) SI_UNIT ( .MILLI., .METRE. ) );
#5133 = CARTESIAN_POINT ( 'NONE',  ( -8.231131132024223973, 0.1031764313551905843, 3.299999999999999378 ) ) ;
#5134 = PLANE ( 'NONE',  #6010 ) ;
#5135 = FACE_OUTER_BOUND ( 'NONE', #4523, .T. ) ;
#5136 = DIRECTION ( 'NONE',  ( 0.000000000000000000, -0.000000000000000000, -1.000000000000000000 ) ) ;
#5137 = COLOUR_RGB ( '',0.2509803921568627416, 0.2509803921568627416, 0.2509803921568627416 ) ;
#5138 = SURFACE_STYLE_FILL_AREA ( #2994 ) ;
#5139 = UNCERTAINTY_MEASURE_WITH_UNIT (LENGTH_MEASURE( 1.000000000000000082E-05 ), #6226, 'distance_accuracy_value', 'NONE');
#5140 = EDGE_CURVE ( 'NONE', #2346, #6840, #7777, .T. ) ;
#5141 =( GEOMETRIC_REPRESENTATION_CONTEXT ( 3 ) GLOBAL_UNCERTAINTY_ASSIGNED_CONTEXT ( ( #528 ) ) GLOBAL_UNIT_ASSIGNED_CONTEXT ( ( #1252, #8151, #471 ) ) REPRESENTATION_CONTEXT ( 'NONE', 'WORKASPACE' ) );
#5142 = ORIENTED_EDGE ( 'NONE', *, *, #3741, .F. ) ;
#5143 = SURFACE_SIDE_STYLE ('',( #3137 ) ) ;
#5144 = CARTESIAN_POINT ( 'NONE',  ( 1.237990001267671003, -0.3763440889549810042, 3.200000000000000178 ) ) ;
#5145 = AXIS2_PLACEMENT_3D ( 'NONE', #7636, #7679, #1281 ) ;
#5146 = LINE ( 'NONE', #3041, #6031 ) ;
#5147 = VERTEX_POINT ( 'NONE', #2426 ) ;
#5148 = DIRECTION ( 'NONE',  ( 0.000000000000000000, 0.000000000000000000, 1.000000000000000000 ) ) ;
#5149 = CARTESIAN_POINT ( 'NONE',  ( 2.042773021204665973, 0.2853902983432723972, 3.299999999999999822 ) ) ;
#5150 = CARTESIAN_POINT ( 'NONE',  ( -6.622691732045358215, -0.5311435355532739822, 3.300000000000000711 ) ) ;
#5152 = AXIS2_PLACEMENT_3D ( 'NONE', #3795, #3201, #5912 ) ;
#5151 = LINE ( 'NONE', #1654, #3978 ) ;
#5153 = CARTESIAN_POINT ( 'NONE',  ( 8.858772697512392824, -0.3521209824959727341, 3.299999999999999822 ) ) ;
#5154 = LINE ( 'NONE', #6579, #6107 ) ;
#5155 = ORIENTED_EDGE ( 'NONE', *, *, #1065, .F. ) ;
#5156 = CARTESIAN_POINT ( 'NONE',  ( -6.811074550865612309, -0.3091098579958833636, 3.200000000000000178 ) ) ;
#5157 = STYLED_ITEM ( 'NONE', ( #183 ), #5355 ) ;
#5158 = CARTESIAN_POINT ( 'NONE',  ( -6.488160294472208101, -0.5112687621461993182, 3.299999999999999822 ) ) ;
#5159 = CARTESIAN_POINT ( 'NONE',  ( 2.069953886045986291, -0.2570586708335780290, 3.300000000000000266 ) ) ;
#5160 = ORIENTED_EDGE ( 'NONE', *, *, #5527, .T. ) ;
#5161 = CARTESIAN_POINT ( 'NONE',  ( 9.157450582127777849, 0.1947540175040272936, 3.299999999999999822 ) ) ;
#5162 = PRESENTATION_STYLE_ASSIGNMENT (( #2807 ) ) ;
#5163 = CARTESIAN_POINT ( 'NONE',  ( 8.704050969962317197, -0.3180292644309248296, 3.199999999999999734 ) ) ;
#5164 = CARTESIAN_POINT ( 'NONE',  ( -6.183491456465803893, 0.2415404013487023882, 3.300000000000000711 ) ) ;
#5165 = AXIS2_PLACEMENT_3D ( 'NONE', #1696, #223, #7948 ) ;
#5166 = CARTESIAN_POINT ( 'NONE',  ( -7.142929484932185602, -0.1581913680433310598, 3.299999999999999822 ) ) ;
#5167 =( LENGTH_UNIT ( ) NAMED_UNIT ( * ) SI_UNIT ( .MILLI., .METRE. ) );
#5168 = VERTEX_POINT ( 'NONE', #6591 ) ;
#5169 = CARTESIAN_POINT ( 'NONE',  ( -7.721406302106172070, -0.3521209824959727341, 3.200000000000000178 ) ) ;
#5170 = SURFACE_STYLE_USAGE ( .BOTH. , #8603 ) ;
#5171 = CARTESIAN_POINT ( 'NONE',  ( -7.425548628084586156, -0.4494348596310132615, 3.299999999999999378 ) ) ;
#5172 = CARTESIAN_POINT ( 'NONE',  ( -6.914722419011650523, -0.2223573830769846882, 3.200000000000001066 ) ) ;
#5173 = CARTESIAN_POINT ( 'NONE',  ( 1.093850374836839778, 0.06460574420434517240, 3.199999999999999289 ) ) ;
#5174 = ORIENTED_EDGE ( 'NONE', *, *, #1409, .F. ) ;
#5175 =( NAMED_UNIT ( * ) SI_UNIT ( $, .STERADIAN. ) SOLID_ANGLE_UNIT ( ) );
#5176 = CARTESIAN_POINT ( 'NONE',  ( 8.520822789194795632, 0.03134514367316647981, 3.199999999999999289 ) ) ;
#5177 = LINE ( 'NONE', #3809, #7649 ) ;
#5178 = LINE ( 'NONE', #2263, #5351 ) ;
#5179 = FACE_OUTER_BOUND ( 'NONE', #1901, .T. ) ;
#5180 =( NAMED_UNIT ( * ) SI_UNIT ( $, .STERADIAN. ) SOLID_ANGLE_UNIT ( ) );
#5181 = ORIENTED_EDGE ( 'NONE', *, *, #5767, .F. ) ;
#5182 = FILL_AREA_STYLE_COLOUR ( '', #4842 ) ;
#5183 = CARTESIAN_POINT ( 'NONE',  ( 1.276129911437260400, -0.4125266055452850855, 3.199999999999999734 ) ) ;
#5184 = ORIENTED_EDGE ( 'NONE', *, *, #8663, .F. ) ;
#5185 = DIRECTION ( 'NONE',  ( -0.000000000000000000, -0.000000000000000000, -1.000000000000000000 ) ) ;
#5186 = CARTESIAN_POINT ( 'NONE',  ( 2.091038460343110916, 0.1956724497542846053, 3.299999999999998934 ) ) ;
#5187 = CARTESIAN_POINT ( 'NONE',  ( -6.710449902765049046, 0.5155617966194668833, 3.200000000000000622 ) ) ;
#5188 = CARTESIAN_POINT ( 'NONE',  ( -7.162760196366067866, 0.006262006257287160843, 3.299999999999999378 ) ) ;
#5189 = CARTESIAN_POINT ( 'NONE',  ( -7.311618707459193622, 0.3438835997552414092, 3.199999999999999289 ) ) ;
#5190 = CARTESIAN_POINT ( 'NONE',  ( 8.724372416128774788, 0.5024524409711802475, 3.199999999999999289 ) ) ;
#5191 = DIRECTION ( 'NONE',  ( -1.000000000000000000, 0.000000000000000000, 0.000000000000000000 ) ) ;
#5192 = DIRECTION ( 'NONE',  ( 0.9504425984370236113, 0.3109000917920075602, -0.000000000000000000 ) ) ;
#5193 = ORIENTED_EDGE ( 'NONE', *, *, #6909, .F. ) ;
#5194 = CARTESIAN_POINT ( 'NONE',  ( -7.628103265317780490, 0.5127797074772858510, 3.300000000000000266 ) ) ;
#5195 = CARTESIAN_POINT ( 'NONE',  ( -6.124918759598703133, -0.02688934788521804564, 3.199999999999999734 ) ) ;
#5196 = CARTESIAN_POINT ( 'NONE',  ( -7.577060803695282232, -0.3237039206793828616, 3.199999999999999734 ) ) ;
#5197 = VERTEX_POINT ( 'NONE', #971 ) ;
#5198 = SURFACE_STYLE_USAGE ( .BOTH. , #6638 ) ;
#5199 = CARTESIAN_POINT ( 'NONE',  ( 0.9102564102564103532, 0.4940328636578734667, 3.299999999999999822 ) ) ;
#5200 = DIRECTION ( 'NONE',  ( 1.000000000000000000, 0.000000000000000000, -2.891205793294679312E-16 ) ) ;
#5201 = B_SPLINE_CURVE_WITH_KNOTS ( 'NONE', 3,
 ( #2099, #9020, #5642, #748, #1346, #4149, #5538, #4284, #4890, #7684, #6402 ),
 .UNSPECIFIED., .F., .F.,
 ( 4, 1, 1, 1, 1, 1, 1, 1, 4 ),
 ( 0.000000000000000000, 0.1348068327792201482, 0.2641990558543175771, 0.3884618167279421108, 0.5099420983643725425, 0.6304096106127708987, 0.7506710345119790295, 0.8734547255294232704, 1.000000000000000000 ),
 .UNSPECIFIED. ) ;
#5202 = CARTESIAN_POINT ( 'NONE',  ( -6.309548280599898362, 0.06318993120499179217, 3.200000000000000622 ) ) ;
#5203 = FILL_AREA_STYLE ('',( #8701 ) ) ;
#5204 = CARTESIAN_POINT ( 'NONE',  ( 1.948717948717948900, -0.006568097880588056638, 3.299999999999999822 ) ) ;
#5205 = CARTESIAN_POINT ( 'NONE',  ( 1.943011365322266037, -0.07655456139094558854, 3.199999999999999734 ) ) ;
#5206 = ADVANCED_FACE ( 'NONE', ( #1090 ), #1711, .F. ) ;
#5207 = ORIENTED_EDGE ( 'NONE', *, *, #8384, .F. ) ;
#5208 = CARTESIAN_POINT ( 'NONE',  ( 1.406267521794859920, -0.4933455912768264229, 3.200000000000000178 ) ) ;
#5209 = CARTESIAN_POINT ( 'NONE',  ( -7.450752854111984291, -0.4649073206360703758, 3.200000000000001510 ) ) ;
#5210 = MECHANICAL_DESIGN_GEOMETRIC_PRESENTATION_REPRESENTATION (  '', ( #8289 ), #1236 ) ;
#5211 = CARTESIAN_POINT ( 'NONE',  ( 8.562377839854853789, -0.1841499302143287109, 3.199999999999999734 ) ) ;
#5212 = CARTESIAN_POINT ( 'NONE',  ( 8.872466318810177555, 0.5195227755742916065, 3.200000000000000622 ) ) ;
#5213 = CARTESIAN_POINT ( 'NONE',  ( -7.787940097857910082, 0.5156979691061263082, 3.299999999999998490 ) ) ;
#5214 = MECHANICAL_DESIGN_GEOMETRIC_PRESENTATION_REPRESENTATION (  '', ( #5063 ), #1085 ) ;
#5215 = ORIENTED_EDGE ( 'NONE', *, *, #7530, .F. ) ;
#5216 = DIRECTION ( 'NONE',  ( -0.000000000000000000, -0.000000000000000000, -1.000000000000000000 ) ) ;
#5217 = CARTESIAN_POINT ( 'NONE',  ( -8.093382990751626593, 0.3669594232943545475, 3.299999999999999378 ) ) ;
#5218 = CARTESIAN_POINT ( 'NONE',  ( 8.573924775514266017, 0.1888369438955765367, 3.299999999999998934 ) ) ;
#5219 = VECTOR ( 'NONE', #988, 1000.000000000000000 ) ;
#5220 = LINE ( 'NONE', #6656, #6096 ) ;
#5221 = CARTESIAN_POINT ( 'NONE',  ( -6.481647633632175776, -0.3137282725069113765, 3.300000000000000711 ) ) ;
#5222 = COLOUR_RGB ( '',0.2509803921568627416, 0.2509803921568627416, 0.2509803921568627416 ) ;
#5223 = EDGE_CURVE ( 'NONE', #8431, #8127, #6300, .T. ) ;
#5224 = EDGE_CURVE ( 'NONE', #3784, #206, #1016, .T. ) ;
#5225 = EDGE_LOOP ( 'NONE', ( #3995, #5771 ) ) ;
#5226 = PRESENTATION_STYLE_ASSIGNMENT (( #4545 ) ) ;
#5227 = CARTESIAN_POINT ( 'NONE',  ( 8.486796008866937413, 0.3669594232943533818, 3.299999999999999822 ) ) ;
#5228 = STYLED_ITEM ( 'NONE', ( #8295 ), #1127 ) ;
#5229 = ORIENTED_EDGE ( 'NONE', *, *, #8768, .T. ) ;
#5230 = SURFACE_STYLE_FILL_AREA ( #2450 ) ;
#5231 = DIRECTION ( 'NONE',  ( -1.000000000000000000, -4.872818752743842964E-17, 0.000000000000000000 ) ) ;
#5232 = CARTESIAN_POINT ( 'NONE',  ( 0.9102564102564103532, 0.4940328636578734667, 3.299999999999999822 ) ) ;
#5233 = EDGE_CURVE ( 'NONE', #4123, #336, #6641, .T. ) ;
#5234 = CARTESIAN_POINT ( 'NONE',  ( -6.641678738003607307, 0.5196738892988990166, 3.299999999999999822 ) ) ;
#5235 = CARTESIAN_POINT ( 'NONE',  ( 8.792238901760654812, 0.5156979691061264193, 3.200000000000000178 ) ) ;
#5236 = CARTESIAN_POINT ( 'NONE',  ( 9.157450582127777849, 0.1947540175040261001, 3.200000000000000178 ) ) ;
#5237 = ORIENTED_EDGE ( 'NONE', *, *, #7319, .T. ) ;
#5238 = CARTESIAN_POINT ( 'NONE',  ( -6.651038047701502087, -0.3518956517635120629, 3.200000000000000178 ) ) ;
#5239 = CARTESIAN_POINT ( 'NONE',  ( -6.124451173901044321, -0.008971944034434263526, 3.299999999999999822 ) ) ;
#5240 =( LENGTH_UNIT ( ) NAMED_UNIT ( * ) SI_UNIT ( .MILLI., .METRE. ) );
#5241 = EDGE_LOOP ( 'NONE', ( #1387, #7595, #5311, #5102 ) ) ;
#5243 = VECTOR ( 'NONE', #7963, 1000.000000000000000 ) ;
#5242 = LINE ( 'NONE', #5902, #1284 ) ;
#5244 = CARTESIAN_POINT ( 'NONE',  ( -5.270459564745144654, 6.176859125404855710, -2.000000000000009326 ) ) ;
#5245 = EDGE_CURVE ( 'NONE', #2905, #438, #1758, .T. ) ;
#5246 = CARTESIAN_POINT ( 'NONE',  ( -7.295124250824120971, -0.3407027132652034607, 3.299999999999999822 ) ) ;
#5247 = CARTESIAN_POINT ( 'NONE',  ( -6.658668047349510566, -0.5311913691742901067, 3.300000000000000266 ) ) ;
#5248 = CARTESIAN_POINT ( 'NONE',  ( -6.304254708005980312, 0.005331963233136725530, 3.199999999999999734 ) ) ;
#5249 = CARTESIAN_POINT ( 'NONE',  ( -7.880034257267876541, -0.5117538462312654080, 3.199999999999999289 ) ) ;
#5250 = CARTESIAN_POINT ( 'NONE',  ( -7.720605020054890133, -0.5316081619831521943, 3.200000000000000178 ) ) ;
#5251 = CARTESIAN_POINT ( 'NONE',  ( 1.924575925103629181, -0.1413161872227507443, 3.200000000000000622 ) ) ;
#5252 = CARTESIAN_POINT ( 'NONE',  ( 1.089743589743589869, -0.005566495316485452725, 3.200000000000000178 ) ) ;
#5253 = FILL_AREA_STYLE ('',( #5952 ) ) ;
#5254 = VECTOR ( 'NONE', #5943, 1000.000000000000000 ) ;
#5255 = MECHANICAL_DESIGN_GEOMETRIC_PRESENTATION_REPRESENTATION (  '', ( #1131 ), #5571 ) ;
#5256 = VECTOR ( 'NONE', #4917, 1000.000000000000000 ) ;
#5257 = EDGE_CURVE ( 'NONE', #4423, #3569, #7604, .T. ) ;
#5258 = EDGE_CURVE ( 'NONE', #438, #8188, #6217, .T. ) ;
#5259 = CARTESIAN_POINT ( 'NONE',  ( -8.093382990751626593, 0.3669594232943545475, 3.200000000000001954 ) ) ;
#5260 = AXIS2_PLACEMENT_3D ( 'NONE', #2383, #7959, #4472 ) ;
#5261 = CIRCLE ( 'NONE', #1299, 1.250000000000000222 ) ;
#5262 = ORIENTED_EDGE ( 'NONE', *, *, #2710, .F. ) ;
#5263 = CARTESIAN_POINT ( 'NONE',  ( 0.4999999999999994449, -8.799999999999995381, -1.750000000000000222 ) ) ;
#5264 = PRESENTATION_LAYER_ASSIGNMENT (  '', '', ( #4537 ) ) ;
#5265 = CARTESIAN_POINT ( 'NONE',  ( -7.787940097857910082, 0.5156979691061263082, 3.299999999999998490 ) ) ;
#5266 = CARTESIAN_POINT ( 'NONE',  ( 8.519830389820084449, -0.003963931213921351518, 3.299999999999999822 ) ) ;
#5267 = CARTESIAN_POINT ( 'NONE',  ( -6.034707584157454008, -0.5059671363421265333, 3.299999999999999822 ) ) ;
#5268 = PRESENTATION_LAYER_ASSIGNMENT (  '', '', ( #2936 ) ) ;
#5269 = DIRECTION ( 'NONE',  ( 1.000000000000000000, 0.000000000000000000, 0.000000000000000000 ) ) ;
#5270 = MECHANICAL_DESIGN_GEOMETRIC_PRESENTATION_REPRESENTATION (  '', ( #2914 ), #8492 ) ;
#5271 = ADVANCED_FACE ( 'NONE', ( #7497 ), #6230, .T. ) ;
#5272 = ADVANCED_FACE ( 'NONE', ( #6440 ), #5720, .F. ) ;
#5273 = PRESENTATION_LAYER_ASSIGNMENT (  '', '', ( #1752 ) ) ;
#5274 = ORIENTED_EDGE ( 'NONE', *, *, #2398, .F. ) ;
#5275 = CARTESIAN_POINT ( 'NONE',  ( -7.455700037944558822, 0.2288467283147190834, 3.300000000000000266 ) ) ;
#5276 =( GEOMETRIC_REPRESENTATION_CONTEXT ( 3 ) GLOBAL_UNCERTAINTY_ASSIGNED_CONTEXT ( ( #6047 ) ) GLOBAL_UNIT_ASSIGNED_CONTEXT ( ( #680, #6299, #2083 ) ) REPRESENTATION_CONTEXT ( 'NONE', 'WORKASPACE' ) );
#5277 = DIRECTION ( 'NONE',  ( 0.9848077530122080203, 0.1736481776669307198, 0.000000000000000000 ) ) ;
#5278 = DIRECTION ( 'NONE',  ( 0.000000000000000000, -1.000000000000000000, 0.000000000000000000 ) ) ;
#5279 = PRESENTATION_LAYER_ASSIGNMENT (  '', '', ( #7481 ) ) ;
#5280 = CARTESIAN_POINT ( 'NONE',  ( -6.488160294472208101, -0.5112687621461993182, 3.299999999999999822 ) ) ;
#5281 = CARTESIAN_POINT ( 'NONE',  ( 1.811435929500618824, -0.4945550715184536261, 3.299999999999999378 ) ) ;
#5282 = CARTESIAN_POINT ( 'NONE',  ( 7.981368851358547012, 0.4940328636578734667, 3.299999999999999822 ) ) ;
#5283 = COLOUR_RGB ( '',0.2509803921568627416, 0.2509803921568627416, 0.2509803921568627416 ) ;
#5284 = VERTEX_POINT ( 'NONE', #49 ) ;
#5285 = CARTESIAN_POINT ( 'NONE',  ( -6.396399853247894285, -0.4730185636342642552, 3.199999999999998845 ) ) ;
#5286 = AXIS2_PLACEMENT_3D ( 'NONE', #4040, #1050, #2463 ) ;
#5287 = ORIENTED_EDGE ( 'NONE', *, *, #8764, .F. ) ;
#5288 = EDGE_CURVE ( 'NONE', #8523, #2768, #4962, .T. ) ;
#5289 = FILL_AREA_STYLE_COLOUR ( '', #4665 ) ;
#5290 = CARTESIAN_POINT ( 'NONE',  ( -6.886094640301323899, 0.2422483537722805724, 3.299999999999999822 ) ) ;
#5291 = LINE ( 'NONE', #8095, #3552 ) ;
#5292 = CARTESIAN_POINT ( 'NONE',  ( 8.647155911749935697, -0.2831031713986899012, 3.200000000000001066 ) ) ;
#5293 = VECTOR ( 'NONE', #5299, 1000.000000000000000 ) ;
#5294 = PRESENTATION_LAYER_ASSIGNMENT (  '', '', ( #6039 ) ) ;
#5295 = CARTESIAN_POINT ( 'NONE',  ( -6.632851513772268781, 0.3398615834816072212, 3.299999999999999378 ) ) ;
#5296 = ORIENTED_EDGE ( 'NONE', *, *, #4032, .T. ) ;
#5297 =( NAMED_UNIT ( * ) SI_UNIT ( $, .STERADIAN. ) SOLID_ANGLE_UNIT ( ) );
#5298 =( LENGTH_UNIT ( ) NAMED_UNIT ( * ) SI_UNIT ( .MILLI., .METRE. ) );
#5299 = DIRECTION ( 'NONE',  ( -1.000000000000000000, 0.000000000000000000, 0.000000000000000000 ) ) ;
#5300 = DIRECTION ( 'NONE',  ( -0.000000000000000000, 0.000000000000000000, 1.000000000000000000 ) ) ;
#5301 = CARTESIAN_POINT ( 'NONE',  ( 8.390739088201243590, 0.2322041354893933374, 3.199999999999999734 ) ) ;
#5302 = EDGE_LOOP ( 'NONE', ( #1645, #6353, #7396, #8378, #6105 ) ) ;
#5303 = CARTESIAN_POINT ( 'NONE',  ( -7.450752854111984291, -0.4649073206360703758, 3.300000000000001155 ) ) ;
#5304 = FILL_AREA_STYLE_COLOUR ( '', #7651 ) ;
#5305 = PRESENTATION_LAYER_ASSIGNMENT (  '', '', ( #8827 ) ) ;
#5306 = CARTESIAN_POINT ( 'NONE',  ( -7.049221151818122699, -0.3367524797816546789, 3.200000000000000622 ) ) ;
#5307 = B_SPLINE_CURVE_WITH_KNOTS ( 'NONE', 3,
 ( #4958, #3512, #6390, #2131, #8489, #6258, #8310, #2778, #2870, #82, #4269, #7757, #1331, #7042, #6433, #5575, #4311, #4831, #771 ),
 .UNSPECIFIED., .F., .F.,
 ( 4, 1, 1, 1, 1, 1, 1, 1, 1, 1, 1, 1, 1, 1, 1, 1, 4 ),
 ( 0.000000000000000000, 0.06460873547077546075, 0.1275117897236756059, 0.1885213083986471971, 0.2487081790893709288, 0.3085982651789130893, 0.3688122491095543465, 0.4298875018150756788, 0.4928024479242461564, 0.5557433321027940298, 0.6174852948395641583, 0.6789689634380379202, 0.7401976913545543768, 0.8023601016976086298, 0.8662447764427322339, 0.9317068283956891905, 1.000000000000000000 ),
 .UNSPECIFIED. ) ;
#5308 = EDGE_CURVE ( 'NONE', #1006, #7952, #8412, .T. ) ;
#5309 = LINE ( 'NONE', #6091, #4483 ) ;
#5310 = CARTESIAN_POINT ( 'NONE',  ( -7.984155839881634797, 0.4490895417054543426, 3.299999999999999822 ) ) ;
#5311 = ORIENTED_EDGE ( 'NONE', *, *, #3758, .T. ) ;
#5312 = B_SPLINE_CURVE_WITH_KNOTS ( 'NONE', 3,
 ( #6803, #1079, #8117, #6705, #7432, #8818, #6109, #6845, #2543, #7524, #8900, #4074, #536, #1876, #4778, #2622, #3938, #391, #3887 ),
 .UNSPECIFIED., .F., .F.,
 ( 4, 1, 1, 1, 1, 1, 1, 1, 1, 1, 1, 1, 1, 1, 1, 1, 4 ),
 ( 0.000000000000000000, 0.06737624279926383852, 0.1318365787763094155, 0.1944610676015850748, 0.2553459677434138930, 0.3155883400136119676, 0.3756274517721981954, 0.4361378520525415747, 0.4977786195747130327, 0.5594703610940514604, 0.6202777696791134110, 0.6807876889604186355, 0.7414916215916539377, 0.8032154362531896963, 0.8664927627489313888, 0.9319104429113604926, 1.000000000000000000 ),
 .UNSPECIFIED. ) ;
#5313 = CARTESIAN_POINT ( 'NONE',  ( -5.539515276465145632, -0.5059671363421265333, 3.299999999999999822 ) ) ;
#5314 = CARTESIAN_POINT ( 'NONE',  ( 1.893511459468955938, -0.2001349369862042149, 3.299999999999998934 ) ) ;
#5315 = DIRECTION ( 'NONE',  ( 0.000000000000000000, -0.000000000000000000, 1.000000000000000000 ) ) ;
#5316 = CARTESIAN_POINT ( 'NONE',  ( 1.391676871586952080, 0.2650035628447830471, 3.299999999999998490 ) ) ;
#5317 = UNCERTAINTY_MEASURE_WITH_UNIT (LENGTH_MEASURE( 1.000000000000000082E-05 ), #3072, 'distance_accuracy_value', 'NONE');
#5318 = CARTESIAN_POINT ( 'NONE',  ( -7.433892698831490620, 0.2062979031220077697, 3.200000000000000178 ) ) ;
#5319 = CARTESIAN_POINT ( 'NONE',  ( 8.658863118923434854, 0.4801761235019858520, 3.299999999999999822 ) ) ;
#5320 = DIRECTION ( 'NONE',  ( 1.000000000000000000, 0.000000000000000000, -0.000000000000000000 ) ) ;
#5321 =( LENGTH_UNIT ( ) NAMED_UNIT ( * ) SI_UNIT ( .MILLI., .METRE. ) );
#5322 = FACE_OUTER_BOUND ( 'NONE', #7720, .T. ) ;
#5323 = CARTESIAN_POINT ( 'NONE',  ( -7.158805927269335179, 0.06460574420434533893, 3.300000000000000266 ) ) ;
#5324 = VERTEX_POINT ( 'NONE', #5050 ) ;
#5325 = CARTESIAN_POINT ( 'NONE',  ( -7.356180868148929797, 0.3861944913999414419, 3.300000000000000711 ) ) ;
#5326 = CARTESIAN_POINT ( 'NONE',  ( 2.107699289301215195, 0.1474687861213266060, 3.200000000000000178 ) ) ;
#5327 =( NAMED_UNIT ( * ) SI_UNIT ( $, .STERADIAN. ) SOLID_ANGLE_UNIT ( ) );
#5328 = ORIENTED_EDGE ( 'NONE', *, *, #2862, .F. ) ;
#5329 = PLANE ( 'NONE',  #3793 ) ;
#5330 = B_SPLINE_SURFACE_WITH_KNOTS ( 'NONE', 3, 1, ( 
 ( #8214, #485 ),
 ( #7525, #6068 ),
 ( #6020, #1221 ),
 ( #4638, #2581 ),
 ( #7480, #3984 ),
 ( #6759, #1823 ),
 ( #4029, #7433 ),
 ( #4552, #350 ),
 ( #3889, #6847 ),
 ( #1121, #3940 ),
 ( #537, #8719 ),
 ( #8035, #1742 ),
 ( #7350, #1042 ),
 ( #3850, #6664 ),
 ( #9095, #2026 ),
 ( #5666, #2722 ),
 ( #7710, #2820 ),
 ( #1370, #767 ),
 ( #4907, #7035 ) ),
 .UNSPECIFIED., .F., .F., .F.,
 ( 4, 1, 1, 1, 1, 1, 1, 1, 1, 1, 1, 1, 1, 1, 1, 1, 4 ),
 ( 2, 2 ),
 ( 0.000000000000000000, 0.06339559666158975371, 0.1251572666424208558, 0.1856494665262528876, 0.2459766793408151020, 0.3061083686579563756, 0.3673505880891742015, 0.4299020782799137241, 0.4945399581831935176, 0.5593725826940472157, 0.6224096858457371928, 0.6843574258194754512, 0.7458066007722100599, 0.8074302750159150222, 0.8699955160697814271, 0.9339278677192724976, 1.000000000000000000 ),
 ( 0.000000000000000000, 1.000000000000000000 ),
 .UNSPECIFIED. ) ;
#5331 = FACE_OUTER_BOUND ( 'NONE', #1418, .T. ) ;
#5332 = PLANE ( 'NONE',  #8215 ) ;
#5333 = DIRECTION ( 'NONE',  ( 1.000000000000000000, -0.000000000000000000, -0.000000000000000000 ) ) ;
#5334 = SURFACE_SIDE_STYLE ('',( #497 ) ) ;
#5335 =( NAMED_UNIT ( * ) SI_UNIT ( $, .STERADIAN. ) SOLID_ANGLE_UNIT ( ) );
#5336 = EDGE_LOOP ( 'NONE', ( #2559, #3728, #5088, #1069 ) ) ;
#5337 = EDGE_CURVE ( 'NONE', #3569, #1287, #8813, .T. ) ;
#5338 = FILL_AREA_STYLE_COLOUR ( '', #562 ) ;
#5339 = EDGE_CURVE ( 'NONE', #2117, #7747, #5151, .T. ) ;
#5340 = CARTESIAN_POINT ( 'NONE',  ( -8.204270016163889068, -0.2147466088594844336, 3.200000000000000178 ) ) ;
#5341 = DIRECTION ( 'NONE',  ( 0.000000000000000000, 1.000000000000000000, 0.000000000000000000 ) ) ;
#5342 = CARTESIAN_POINT ( 'NONE',  ( 1.825497747397980763, -0.2759600079345373436, 3.200000000000000178 ) ) ;
#5343 =( NAMED_UNIT ( * ) PLANE_ANGLE_UNIT ( ) SI_UNIT ( $, .RADIAN. ) );
#5344 = CARTESIAN_POINT ( 'NONE',  ( -7.550316632720260657, -0.5084839178479514388, 3.200000000000001510 ) ) ;
#5345 = CARTESIAN_POINT ( 'NONE',  ( -7.162426772265724217, -0.02314887048649056853, 3.299999999999999822 ) ) ;
#5346 = SURFACE_SIDE_STYLE ('',( #5397 ) ) ;
#5347 = CARTESIAN_POINT ( 'NONE',  ( 1.935569342642200708, -0.1096950664619842086, 3.199999999999999734 ) ) ;
#5348 = VERTEX_POINT ( 'NONE', #8770 ) ;
#5349 = AXIS2_PLACEMENT_3D ( 'NONE', #6523, #8026, #341 ) ;
#5350 = CARTESIAN_POINT ( 'NONE',  ( 1.601618254404669539, -0.3518956517635121184, 3.299999999999999822 ) ) ;
#5351 = VECTOR ( 'NONE', #5923, 1000.000000000000000 ) ;
#5352 = CARTESIAN_POINT ( 'NONE',  ( -8.057982908784920184, -0.05312347106214442699, 3.300000000000001155 ) ) ;
#5353 = LINE ( 'NONE', #433, #6454 ) ;
#5354 = EDGE_CURVE ( 'NONE', #7060, #2938, #25, .T. ) ;
#5355 = ADVANCED_FACE ( 'NONE', ( #5891 ), #6003, .T. ) ;
#5356 = SURFACE_SIDE_STYLE ('',( #3308 ) ) ;
#5357 = CARTESIAN_POINT ( 'NONE',  ( 1.608173076923077094, 0.3401867098117196120, 3.299999999999999822 ) ) ;
#5358 = CARTESIAN_POINT ( 'NONE',  ( 7.981368851358547012, -0.1640200209575111423, 3.200000000000000178 ) ) ;
#5359 = MECHANICAL_DESIGN_GEOMETRIC_PRESENTATION_REPRESENTATION (  '', ( #6688 ), #6556 ) ;
#5360 = VERTEX_POINT ( 'NONE', #3942 ) ;
#5361 = CARTESIAN_POINT ( 'NONE',  ( 0.4999999999999987232, -5.099999999999999645, -1.749999999999999778 ) ) ;
#5362 = DIRECTION ( 'NONE',  ( -1.351345363508946299E-16, -6.610348994666661011E-17, 1.000000000000000000 ) ) ;
#5363 = AXIS2_PLACEMENT_3D ( 'NONE', #3637, #8439, #1417 ) ;
#5364 = CARTESIAN_POINT ( 'NONE',  ( 7.997995453922650100, -0.5059671363421265333, 3.200000000000000178 ) ) ;
#5365 = LINE ( 'NONE', #7387, #2625 ) ;
#5366 = CARTESIAN_POINT ( 'NONE',  ( 0.1153846153846153910, -0.5059671363421265333, 3.200000000000000178 ) ) ;
#5367 = CARTESIAN_POINT ( 'NONE',  ( -7.880034257267876541, -0.5117538462312654080, 3.199999999999999289 ) ) ;
#5368 = DIRECTION ( 'NONE',  ( 7.826441516939209727E-17, -0.7071067811865515695, -0.7071067811865434649 ) ) ;
#5369 = CARTESIAN_POINT ( 'NONE',  ( 0.7307692307692308376, 0.4940328636578734667, 3.200000000000000178 ) ) ;
#5370 = AXIS2_PLACEMENT_3D ( 'NONE', #705, #4898, #893 ) ;
#5371 = STYLED_ITEM ( 'NONE', ( #7995 ), #908 ) ;
#5372 = ORIENTED_EDGE ( 'NONE', *, *, #6219, .F. ) ;
#5373 = CARTESIAN_POINT ( 'NONE',  ( 9.043640676837584991, -0.3017532178174808233, 3.200000000000001066 ) ) ;
#5374 = CARTESIAN_POINT ( 'NONE',  ( -6.622691732045358215, -0.5311435355532739822, 3.300000000000000711 ) ) ;
#5375 = PRESENTATION_STYLE_ASSIGNMENT (( #6856 ) ) ;
#5376 = ORIENTED_EDGE ( 'NONE', *, *, #7398, .F. ) ;
#5377 = CARTESIAN_POINT ( 'NONE',  ( 1.089896105740101540, 0.006262006257287179058, 3.299999999999999822 ) ) ;
#5378 = SURFACE_STYLE_FILL_AREA ( #8174 ) ;
#5379 = FACE_OUTER_BOUND ( 'NONE', #1635, .T. ) ;
#5380 = CARTESIAN_POINT ( 'NONE',  ( -8.174083667289398392, 0.2618354114071759775, 3.199999999999999289 ) ) ;
#5381 = ADVANCED_FACE ( 'NONE', ( #487 ), #585, .T. ) ;
#5382 = PRESENTATION_STYLE_ASSIGNMENT (( #2594 ) ) ;
#5383 = ADVANCED_FACE ( 'NONE', ( #1976 ), #7435, .T. ) ;
#5384 = DIRECTION ( 'NONE',  ( -0.000000000000000000, -0.000000000000000000, -1.000000000000000000 ) ) ;
#5385 = EDGE_LOOP ( 'NONE', ( #8471, #6586, #8441, #649 ) ) ;
#5386 = CARTESIAN_POINT ( 'NONE',  ( 9.157450582127777849, 0.1947540175040272936, 3.299999999999999822 ) ) ;
#5387 = CARTESIAN_POINT ( 'NONE',  ( 1.270137196306905247, 0.02862194887885480613, 3.299999999999998934 ) ) ;
#5388 = FILL_AREA_STYLE_COLOUR ( '', #8157 ) ;
#5389 = FILL_AREA_STYLE_COLOUR ( '', #7913 ) ;
#5390 = UNCERTAINTY_MEASURE_WITH_UNIT (LENGTH_MEASURE( 1.000000000000000082E-05 ), #6670, 'distance_accuracy_value', 'NONE');
#5391 = ORIENTED_EDGE ( 'NONE', *, *, #3344, .F. ) ;
#5392 = DIRECTION ( 'NONE',  ( -1.000000000000000000, 0.000000000000000000, 0.000000000000000000 ) ) ;
#5393 = CARTESIAN_POINT ( 'NONE',  ( -7.603827734259663629, -0.5214442516924294724, 3.200000000000001066 ) ) ;
#5394 = CARTESIAN_POINT ( 'NONE',  ( 1.948717948717948900, -0.006568097880588056638, 3.299999999999999822 ) ) ;
#5395 = FACE_OUTER_BOUND ( 'NONE', #6307, .T. ) ;
#5396 = PRESENTATION_LAYER_ASSIGNMENT (  '', '', ( #3924 ) ) ;
#5397 = SURFACE_STYLE_FILL_AREA ( #8881 ) ;
#5398 = B_SPLINE_CURVE_WITH_KNOTS ( 'NONE', 3,
 ( #7859, #5060, #2761, #6285, #7658, #5610, #6974, #1569, #5111, #665, #5804, #7191, #2384, #7908, #2971, #237, #4375, #2112, #1357 ),
 .UNSPECIFIED., .F., .F.,
 ( 4, 1, 1, 1, 1, 1, 1, 1, 1, 1, 1, 1, 1, 1, 1, 1, 4 ),
 ( 0.000000000000000000, 0.06471451654083608396, 0.1277069683294531355, 0.1888821628171186984, 0.2491582987223283363, 0.3096610287488857916, 0.3702248860571845657, 0.4323322219725860838, 0.4957818589938706721, 0.5593040765204260190, 0.6218605583615239851, 0.6833215373325061126, 0.7445229747823348676, 0.8060883712105108012, 0.8689943146702062693, 0.9334190568081365269, 1.000000000000000000 ),
 .UNSPECIFIED. ) ;
#5399 = CARTESIAN_POINT ( 'NONE',  ( 1.948412173949768400, -0.01853698339026317241, 3.200000000000000622 ) ) ;
#5400 = ORIENTED_EDGE ( 'NONE', *, *, #5946, .T. ) ;
#5401 = PRESENTATION_LAYER_ASSIGNMENT (  '', '', ( #2341 ) ) ;
#5402 = CARTESIAN_POINT ( 'NONE',  ( -6.304877403824023396, 0.02875541866581787093, 3.199999999999999734 ) ) ;
#5403 = AXIS2_PLACEMENT_3D ( 'NONE', #7865, #5731, #8514 ) ;
#5404 = CARTESIAN_POINT ( 'NONE',  ( -6.624292512441568803, 0.5192237287839790438, 3.200000000000000178 ) ) ;
#5405 = CARTESIAN_POINT ( 'NONE',  ( -1.945461134408581483, 5.099999999999999645, -0.8807521802656373966 ) ) ;
#5406 = EDGE_CURVE ( 'NONE', #6925, #4423, #2697, .T. ) ;
#5407 = CARTESIAN_POINT ( 'NONE',  ( 8.855367248794443924, 0.3401867098117196120, 3.200000000000000178 ) ) ;
#5408 = STYLED_ITEM ( 'NONE', ( #7843 ), #7241 ) ;
#5409 =( NAMED_UNIT ( * ) SI_UNIT ( $, .STERADIAN. ) SOLID_ANGLE_UNIT ( ) );
#5410 = CARTESIAN_POINT ( 'NONE',  ( 1.270137196306905247, 0.02862194887885480613, 3.299999999999998934 ) ) ;
#5411 =( GEOMETRIC_REPRESENTATION_CONTEXT ( 3 ) GLOBAL_UNCERTAINTY_ASSIGNED_CONTEXT ( ( #56 ) ) GLOBAL_UNIT_ASSIGNED_CONTEXT ( ( #2283, #7857, #4373 ) ) REPRESENTATION_CONTEXT ( 'NONE', 'WORKASPACE' ) );
#5412 = UNCERTAINTY_MEASURE_WITH_UNIT (LENGTH_MEASURE( 1.000000000000000082E-05 ), #3428, 'distance_accuracy_value', 'NONE');
#5413 = FACE_OUTER_BOUND ( 'NONE', #2987, .T. ) ;
#5414 = CIRCLE ( 'NONE', #7038, 0.5000000000000004441 ) ;
#5415 = CARTESIAN_POINT ( 'NONE',  ( -8.060252236734909204, -0.01231487174682617362, 3.300000000000000266 ) ) ;
#5416 = ORIENTED_EDGE ( 'NONE', *, *, #6209, .T. ) ;
#5417 = CARTESIAN_POINT ( 'NONE',  ( 8.365781026466752479, 0.1698066570741219306, 3.300000000000000266 ) ) ;
#5418 = MECHANICAL_DESIGN_GEOMETRIC_PRESENTATION_REPRESENTATION (  '', ( #4387 ), #7043 ) ;
#5419 = DIRECTION ( 'NONE',  ( -0.000000000000000000, -0.000000000000000000, -1.000000000000000000 ) ) ;
#5421 = VECTOR ( 'NONE', #2087, 1000.000000000000000 ) ;
#5420 = PRESENTATION_STYLE_ASSIGNMENT (( #1220 ) ) ;
#5422 = LINE ( 'NONE', #4076, #5441 ) ;
#5423 = CARTESIAN_POINT ( 'NONE',  ( 1.612379807692307709, -0.5316081619831521943, 3.299999999999999822 ) ) ;
#5424 = CARTESIAN_POINT ( 'NONE',  ( -6.402075341373151929, -0.2529059731346397499, 3.200000000000000178 ) ) ;
#5425 = B_SPLINE_CURVE_WITH_KNOTS ( 'NONE', 3,
 ( #4576, #6089, #2602, #4615, #7370, #5996, #6685, #1201, #4007, #8793, #2522 ),
 .UNSPECIFIED., .F., .F.,
 ( 4, 1, 1, 1, 1, 1, 1, 1, 4 ),
 ( 0.000000000000000000, 0.1394064381817396447, 0.2723044483741594024, 0.3995253362717584578, 0.5228108782578220204, 0.6426627165918695761, 0.7610226208095217659, 0.8798007967838054055, 1.000000000000000000 ),
 .UNSPECIFIED. ) ;
#5426 = ADVANCED_FACE ( 'NONE', ( #6988, #3460 ), #5626, .T. ) ;
#5427 = STYLED_ITEM ( 'NONE', ( #1326 ), #4126 ) ;
#5428 = VERTEX_POINT ( 'NONE', #9047 ) ;
#5429 = SURFACE_SIDE_STYLE ('',( #6114 ) ) ;
#5430 = CARTESIAN_POINT ( 'NONE',  ( 2.119390882108975305, 0.09717518542191658226, 3.200000000000000178 ) ) ;
#5431 = COLOUR_RGB ( '',1.000000000000000000, 1.000000000000000000, 1.000000000000000000 ) ;
#5432 = SURFACE_SIDE_STYLE ('',( #7442 ) ) ;
#5433 = ORIENTED_EDGE ( 'NONE', *, *, #1009, .F. ) ;
#5434 = CARTESIAN_POINT ( 'NONE',  ( 1.090199206530810594, 0.02976923344599166979, 3.299999999999999378 ) ) ;
#5435 = DIRECTION ( 'NONE',  ( 0.000000000000000000, 0.000000000000000000, 1.000000000000000000 ) ) ;
#5436 = LINE ( 'NONE', #2737, #3255 ) ;
#5437 = B_SPLINE_CURVE_WITH_KNOTS ( 'NONE', 3,
 ( #3993, #7630, #3946, #1332, #8267, #2630, #8828, #3236, #1888, #4790, #4085, #6029, #2549, #2687, #5326, #5430, #3279, #7490, #1186 ),
 .UNSPECIFIED., .F., .F.,
 ( 4, 1, 1, 1, 1, 1, 1, 1, 1, 1, 1, 1, 1, 1, 1, 1, 4 ),
 ( 0.000000000000000000, 0.06339559666159050311, 0.1251572666424213276, 0.1856494665262528321, 0.2459766793408152408, 0.3061083686579567087, 0.3673505880891747011, 0.4299020782799140017, 0.4945399581831937952, 0.5593725826940477708, 0.6224096858457371928, 0.6843574258194753401, 0.7458066007722103929, 0.8074302750159150222, 0.8699955160697815382, 0.9339278677192726086, 1.000000000000000000 ),
 .UNSPECIFIED. ) ;
#5439 = VECTOR ( 'NONE', #4422, 1000.000000000000000 ) ;
#5438 = FILL_AREA_STYLE ('',( #4796 ) ) ;
#5440 = CARTESIAN_POINT ( 'NONE',  ( 9.089339131683782824, 0.2586993857108029760, 3.200000000000000178 ) ) ;
#5441 = VECTOR ( 'NONE', #3274, 1000.000000000000000 ) ;
#5442 = ORIENTED_EDGE ( 'NONE', *, *, #8203, .F. ) ;
#5443 = CARTESIAN_POINT ( 'NONE',  ( -6.644483225183094532, 0.3401867098117196120, 3.200000000000000178 ) ) ;
#5444 = PRESENTATION_LAYER_ASSIGNMENT (  '', '', ( #4260 ) ) ;
#5445 = CARTESIAN_POINT ( 'NONE',  ( -8.095022221448104460, -0.3841557640895613135, 3.200000000000000178 ) ) ;
#5446 = CARTESIAN_POINT ( 'NONE',  ( 1.343874202534839135, 0.2168938213975744600, 3.299999999999999822 ) ) ;
#5447 = CARTESIAN_POINT ( 'NONE',  ( -7.136331184542781259, 0.1648621580501562212, 3.300000000000000266 ) ) ;
#5448 = SURFACE_STYLE_FILL_AREA ( #8925 ) ;
#5449 = ORIENTED_EDGE ( 'NONE', *, *, #6868, .F. ) ;
#5450 = FILL_AREA_STYLE ('',( #6876 ) ) ;
#5451 =( GEOMETRIC_REPRESENTATION_CONTEXT ( 3 ) GLOBAL_UNCERTAINTY_ASSIGNED_CONTEXT ( ( #2765 ) ) GLOBAL_UNIT_ASSIGNED_CONTEXT ( ( #3297, #4712, #5489 ) ) REPRESENTATION_CONTEXT ( 'NONE', 'WORKASPACE' ) );
#5452 = DIRECTION ( 'NONE',  ( 1.000000000000000000, 0.000000000000000000, -0.000000000000000000 ) ) ;
#5453 = LINE ( 'NONE', #4811, #6884 ) ;
#5454 = ORIENTED_EDGE ( 'NONE', *, *, #7876, .F. ) ;
#5455 = STYLED_ITEM ( 'NONE', ( #2103 ), #5121 ) ;
#5456 = CARTESIAN_POINT ( 'NONE',  ( -6.641678738003607307, 0.5196738892988990166, 3.299999999999999822 ) ) ;
#5457 = DIRECTION ( 'NONE',  ( -0.1736481776669306920, 0.9848077530122080203, -5.020526172656940774E-16 ) ) ;
#5458 = CARTESIAN_POINT ( 'NONE',  ( 8.049999999999998934, -7.699999999999999289, 0.000000000000000000 ) ) ;
#5459 = CARTESIAN_POINT ( 'NONE',  ( -5.679539314926684845, 0.4940328636578736887, 3.200000000000000178 ) ) ;
#5460 = CARTESIAN_POINT ( 'NONE',  ( -7.481107029324882696, -0.2614307685271274329, 3.200000000000001066 ) ) ;
#5461 = CARTESIAN_POINT ( 'NONE',  ( -8.036652235391898103, 0.1301962769749490934, 3.300000000000000266 ) ) ;
#5462 = CARTESIAN_POINT ( 'NONE',  ( -7.933023087868631862, -0.2831031713986904008, 3.199999999999999289 ) ) ;
#5463 = VERTEX_POINT ( 'NONE', #2127 ) ;
#5464 = CARTESIAN_POINT ( 'NONE',  ( -7.603222356079517574, 0.3203816043915226341, 3.199999999999999734 ) ) ;
#5465 = FACE_OUTER_BOUND ( 'NONE', #4661, .T. ) ;
#5466 = LINE ( 'NONE', #4127, #3088 ) ;
#5467 = CARTESIAN_POINT ( 'NONE',  ( -6.798361265470564518, -0.5108535960611815252, 3.199999999999999289 ) ) ;
#5468 = DIRECTION ( 'NONE',  ( -0.9860393184913633924, 0.1665126493365822191, 0.000000000000000000 ) ) ;
#5469 = SURFACE_SIDE_STYLE ('',( #7574 ) ) ;
#5470 =( LENGTH_UNIT ( ) NAMED_UNIT ( * ) SI_UNIT ( .MILLI., .METRE. ) );
#5471 = CARTESIAN_POINT ( 'NONE',  ( -7.462026557350807998, -0.2445380539554052879, 3.299999999999999378 ) ) ;
#5472 = ORIENTED_EDGE ( 'NONE', *, *, #3501, .F. ) ;
#5473 = FILL_AREA_STYLE_COLOUR ( '', #8308 ) ;
#5474 = CARTESIAN_POINT ( 'NONE',  ( 2.042773021204665973, 0.2853902983432723972, 3.299999999999999822 ) ) ;
#5475 = ORIENTED_EDGE ( 'NONE', *, *, #5337, .T. ) ;
#5476 = CARTESIAN_POINT ( 'NONE',  ( 1.241107099836698424, 0.3665095015074111284, 3.299999999999999378 ) ) ;
#5477 = CARTESIAN_POINT ( 'NONE',  ( 8.896752092797735045, 0.3389756310232717174, 3.300000000000000266 ) ) ;
#5478 = CARTESIAN_POINT ( 'NONE',  ( -6.679277101290613139, 0.3392531119941207263, 3.300000000000000711 ) ) ;
#5479 =( LENGTH_UNIT ( ) NAMED_UNIT ( * ) SI_UNIT ( .MILLI., .METRE. ) );
#5480 = SURFACE_STYLE_FILL_AREA ( #2695 ) ;
#5481 = DIRECTION ( 'NONE',  ( -0.000000000000000000, -0.000000000000000000, -1.000000000000000000 ) ) ;
#5482 = VERTEX_POINT ( 'NONE', #7624 ) ;
#5483 = CARTESIAN_POINT ( 'NONE',  ( -6.427900985885473872, 0.2633085497810983000, 3.199999999999999734 ) ) ;
#5484 = CARTESIAN_POINT ( 'NONE',  ( -8.239445974862983135, -0.02321618748560065268, 3.300000000000000266 ) ) ;
#5485 = SURFACE_STYLE_FILL_AREA ( #4708 ) ;
#5486 = UNCERTAINTY_MEASURE_WITH_UNIT (LENGTH_MEASURE( 1.000000000000000082E-05 ), #1786, 'distance_accuracy_value', 'NONE');
#5487 = VERTEX_POINT ( 'NONE', #4909 ) ;
#5488 = CYLINDRICAL_SURFACE ( 'NONE', #6731, 0.5000000000000004441 ) ;
#5489 =( NAMED_UNIT ( * ) SI_UNIT ( $, .STERADIAN. ) SOLID_ANGLE_UNIT ( ) );
#5490 = CARTESIAN_POINT ( 'NONE',  ( 1.947778898282149784, 0.02875541866581782929, 3.199999999999999734 ) ) ;
#5491 = PRESENTATION_STYLE_ASSIGNMENT (( #3401 ) ) ;
#5492 = B_SPLINE_SURFACE_WITH_KNOTS ( 'NONE', 3, 1, ( 
 ( #5394, #2004 ),
 ( #6187, #656 ),
 ( #8985, #5490 ),
 ( #5581, #8909 ),
 ( #8863, #546 ),
 ( #593, #1944 ),
 ( #1279, #3380 ),
 ( #1987, #4697 ),
 ( #3468, #9056 ),
 ( #1135, #6263 ),
 ( #3950, #3996 ),
 ( #4042, #1891 ),
 ( #2733, #3327 ),
 ( #7494, #2781 ),
 ( #6858, #8370 ),
 ( #8224, #2633 ),
 ( #2589, #452 ),
 ( #6118, #8313 ),
 ( #6915, #9010 ) ),
 .UNSPECIFIED., .F., .F., .F.,
 ( 4, 1, 1, 1, 1, 1, 1, 1, 1, 1, 1, 1, 1, 1, 1, 1, 4 ),
 ( 2, 2 ),
 ( 0.000000000000000000, 0.06593912405765874063, 0.1297911093795348081, 0.1921752363053295110, 0.2536170442157552052, 0.3147191079962368687, 0.3762822754113757662, 0.4389729923739129624, 0.5031747018386416581, 0.5673294646239475103, 0.6296509938060328437, 0.6906498673030978530, 0.7512376127977870022, 0.8117541138236060716, 0.8727877774488533857, 0.9355396326682297037, 1.000000000000000000 ),
 ( 0.000000000000000000, 1.000000000000000000 ),
 .UNSPECIFIED. ) ;
#5493 = CARTESIAN_POINT ( 'NONE',  ( 9.223998131469638651, 0.3861944913999413864, 3.300000000000000711 ) ) ;
#5494 = CARTESIAN_POINT ( 'NONE',  ( 1.542206399341125245, 0.5155617966194667723, 3.200000000000000622 ) ) ;
#5495 = EDGE_CURVE ( 'NONE', #204, #899, #723, .T. ) ;
#5496 = ORIENTED_EDGE ( 'NONE', *, *, #6176, .T. ) ;
#5497 = DIRECTION ( 'NONE',  ( 0.3128706799756180157, 0.9497957346775118825, 0.000000000000000000 ) ) ;
#5498 = CARTESIAN_POINT ( 'NONE',  ( -6.589968165276117951, 0.5183350099680890111, 3.200000000000000178 ) ) ;
#5499 = DIRECTION ( 'NONE',  ( 0.000000000000000000, 1.000000000000000000, 0.000000000000000000 ) ) ;
#5500 = CARTESIAN_POINT ( 'NONE',  ( 2.127737542507471602, -0.02688934788521805605, 3.200000000000000622 ) ) ;
#5501 = CARTESIAN_POINT ( 'NONE',  ( -7.717800532875402908, 0.5196738892988990166, 3.200000000000000178 ) ) ;
#5502 = CARTESIAN_POINT ( 'NONE',  ( -7.481107029324882696, -0.2614307685271274329, 3.300000000000000711 ) ) ;
#5503 = EDGE_CURVE ( 'NONE', #4891, #7027, #4999, .T. ) ;
#5504 = UNCERTAINTY_MEASURE_WITH_UNIT (LENGTH_MEASURE( 1.000000000000000082E-05 ), #1448, 'distance_accuracy_value', 'NONE');
#5505 = SURFACE_STYLE_USAGE ( .BOTH. , #8996 ) ;
#5506 = PRESENTATION_LAYER_ASSIGNMENT (  '', '', ( #8133 ) ) ;
#5507 = CARTESIAN_POINT ( 'NONE',  ( -8.027701018177783254, -0.1640320186669446678, 3.199999999999998845 ) ) ;
#5508 = COLOUR_RGB ( '',0.2509803921568627416, 0.2509803921568627416, 0.2509803921568627416 ) ;
#5509 = ORIENTED_EDGE ( 'NONE', *, *, #4966, .T. ) ;
#5510 = CARTESIAN_POINT ( 'NONE',  ( -6.700907880559681118, -0.3477163731273749114, 3.300000000000001599 ) ) ;
#5511 = CARTESIAN_POINT ( 'NONE',  ( 8.981380322311849795, 0.5068409488856574496, 3.200000000000001510 ) ) ;
#5512 = DIRECTION ( 'NONE',  ( 1.000000000000000000, 0.000000000000000000, 0.000000000000000000 ) ) ;
#5513 = CARTESIAN_POINT ( 'NONE',  ( -7.162912712362582646, -0.005566495316485452725, 3.200000000000000178 ) ) ;
#5514 = VECTOR ( 'NONE', #3487, 1000.000000000000000 ) ;
#5515 = SURFACE_SIDE_STYLE ('',( #2679 ) ) ;
#5516 = SURFACE_STYLE_USAGE ( .BOTH. , #5704 ) ;
#5517 = COLOUR_RGB ( '',0.2509803921568627416, 0.2509803921568627416, 0.2509803921568627416 ) ;
#5518 = SURFACE_STYLE_FILL_AREA ( #7575 ) ;
#5519 = EDGE_CURVE ( 'NONE', #8369, #3152, #6349, .T. ) ;
#5520 = EDGE_CURVE ( 'NONE', #2161, #7105, #7752, .T. ) ;
#5521 = ORIENTED_EDGE ( 'NONE', *, *, #3860, .F. ) ;
#5522 = LINE ( 'NONE', #8442, #6879 ) ;
#5523 = COLOUR_RGB ( '',0.2509803921568627416, 0.2509803921568627416, 0.2509803921568627416 ) ;
#5524 = ADVANCED_FACE ( 'NONE', ( #8532 ), #768, .T. ) ;
#5525 = AXIS2_PLACEMENT_3D ( 'NONE', #207, #2163, #2351 ) ;
#5526 = CARTESIAN_POINT ( 'NONE',  ( 9.276084862716396984, -0.3493628566688715686, 3.300000000000000266 ) ) ;
#5527 = EDGE_CURVE ( 'NONE', #5670, #2346, #1641, .T. ) ;
#5528 = ORIENTED_EDGE ( 'NONE', *, *, #5503, .F. ) ;
#5529 = CARTESIAN_POINT ( 'NONE',  ( 1.320092850975180365, 0.4310982707423295368, 3.300000000000000711 ) ) ;
#5530 =( NAMED_UNIT ( * ) PLANE_ANGLE_UNIT ( ) SI_UNIT ( $, .RADIAN. ) );
#5531 = CARTESIAN_POINT ( 'NONE',  ( 8.406095332329165615, 0.2618354114071754224, 3.300000000000000266 ) ) ;
#5532 =( GEOMETRIC_REPRESENTATION_CONTEXT ( 3 ) GLOBAL_UNCERTAINTY_ASSIGNED_CONTEXT ( ( #7956 ) ) GLOBAL_UNIT_ASSIGNED_CONTEXT ( ( #7516, #4061, #2011 ) ) REPRESENTATION_CONTEXT ( 'NONE', 'WORKASPACE' ) );
#5533 = SURFACE_SIDE_STYLE ('',( #14 ) ) ;
#5534 = ORIENTED_EDGE ( 'NONE', *, *, #1882, .F. ) ;
#5535 = CARTESIAN_POINT ( 'NONE',  ( -8.238681642580070630, -0.06017966877161134293, 3.199999999999999289 ) ) ;
#5536 = CARTESIAN_POINT ( 'NONE',  ( 1.539506050813388871, 0.3345323263372207978, 3.199999999999999289 ) ) ;
#5537 = SURFACE_STYLE_USAGE ( .BOTH. , #1148 ) ;
#5538 = CARTESIAN_POINT ( 'NONE',  ( 1.316619797578489903, -0.1920591169622863359, 3.299999999999999822 ) ) ;
#5539 = ORIENTED_EDGE ( 'NONE', *, *, #3354, .T. ) ;
#5540 = MECHANICAL_DESIGN_GEOMETRIC_PRESENTATION_REPRESENTATION (  '', ( #7005 ), #5820 ) ;
#5541 = CARTESIAN_POINT ( 'NONE',  ( 10.14999999999999858, -7.699999999999999289, 0.000000000000000000 ) ) ;
#5542 = CARTESIAN_POINT ( 'NONE',  ( 1.948717948717948900, -0.006568097880588056638, 3.299999999999999822 ) ) ;
#5543 = CARTESIAN_POINT ( 'NONE',  ( 3.699999999999998401, -2.700000000000003286, 3.200000000000000178 ) ) ;
#5544 = CARTESIAN_POINT ( 'NONE',  ( -7.550000000000000711, -9.099999999999999645, 1.449999999999998179 ) ) ;
#5545 = CIRCLE ( 'NONE', #4206, 1.250000000000000222 ) ;
#5546 = CARTESIAN_POINT ( 'NONE',  ( 1.850580960733018809, -0.2529059731346394169, 3.200000000000000178 ) ) ;
#5547 = ORIENTED_EDGE ( 'NONE', *, *, #2663, .T. ) ;
#5548 = CARTESIAN_POINT ( 'NONE',  ( -6.304877403824023396, 0.02875541866581787093, 3.299999999999999378 ) ) ;
#5549 = FACE_OUTER_BOUND ( 'NONE', #2698, .T. ) ;
#5550 = CARTESIAN_POINT ( 'NONE',  ( -7.550000000000000711, -5.099999999999999645, 1.750000000000000000 ) ) ;
#5551 = VECTOR ( 'NONE', #7237, 1000.000000000000000 ) ;
#5552 = CARTESIAN_POINT ( 'NONE',  ( 1.642759914435324209, 0.3392199482447084691, 3.200000000000000178 ) ) ;
#5553 = LINE ( 'NONE', #4118, #5947 ) ;
#5554 = CARTESIAN_POINT ( 'NONE',  ( -7.643180036683362211, -0.3450295354079935262, 3.299999999999999822 ) ) ;
#5555 = EDGE_CURVE ( 'NONE', #2036, #2300, #5178, .T. ) ;
#5556 = CARTESIAN_POINT ( 'NONE',  ( 1.642759914435324209, 0.3392199482447084691, 3.299999999999999822 ) ) ;
#5557 = CARTESIAN_POINT ( 'NONE',  ( -7.993874146458992413, -0.2211933102414299634, 3.299999999999999822 ) ) ;
#5558 = COLOUR_RGB ( '',0.2509803921568627416, 0.2509803921568627416, 0.2509803921568627416 ) ;
#5559 = ORIENTED_EDGE ( 'NONE', *, *, #911, .T. ) ;
#5560 = CARTESIAN_POINT ( 'NONE',  ( 8.651891673527776661, -0.4954108444338113371, 3.200000000000000178 ) ) ;
#5561 = CARTESIAN_POINT ( 'NONE',  ( 9.175703789430059487, 0.4232118250606075605, 3.200000000000001066 ) ) ;
#5562 = PRESENTATION_LAYER_ASSIGNMENT (  '', '', ( #7166 ) ) ;
#5563 = DIRECTION ( 'NONE',  ( -0.000000000000000000, -0.000000000000000000, -1.000000000000000000 ) ) ;
#5564 = CARTESIAN_POINT ( 'NONE',  ( -6.481647633632175776, -0.3137282725069113765, 3.200000000000001066 ) ) ;
#5565 = FACE_OUTER_BOUND ( 'NONE', #3517, .T. ) ;
#5566 =( LENGTH_UNIT ( ) NAMED_UNIT ( * ) SI_UNIT ( .MILLI., .METRE. ) );
#5567 = DIRECTION ( 'NONE',  ( -4.254234958077873352E-16, -4.682989042991094728E-17, 1.000000000000000000 ) ) ;
#5568 = STYLED_ITEM ( 'NONE', ( #2498 ), #3474 ) ;
#5569 = CARTESIAN_POINT ( 'NONE',  ( 9.175703789430059487, 0.4232118250606075605, 3.300000000000000711 ) ) ;
#5570 = ADVANCED_FACE ( 'NONE', ( #3132 ), #7977, .T. ) ;
#5571 =( GEOMETRIC_REPRESENTATION_CONTEXT ( 3 ) GLOBAL_UNCERTAINTY_ASSIGNED_CONTEXT ( ( #3578 ) ) GLOBAL_UNIT_ASSIGNED_CONTEXT ( ( #3591, #7112, #71 ) ) REPRESENTATION_CONTEXT ( 'NONE', 'WORKASPACE' ) );
#5572 = FACE_OUTER_BOUND ( 'NONE', #8266, .T. ) ;
#5573 = PRESENTATION_LAYER_ASSIGNMENT (  '', '', ( #6303 ) ) ;
#5574 = ORIENTED_EDGE ( 'NONE', *, *, #4946, .F. ) ;
#5575 = CARTESIAN_POINT ( 'NONE',  ( -6.977758731674517989, 0.06415663428369842991, 3.299999999999998934 ) ) ;
#5576 =( GEOMETRIC_REPRESENTATION_CONTEXT ( 3 ) GLOBAL_UNCERTAINTY_ASSIGNED_CONTEXT ( ( #4103 ) ) GLOBAL_UNIT_ASSIGNED_CONTEXT ( ( #1543, #8565, #5827 ) ) REPRESENTATION_CONTEXT ( 'NONE', 'WORKASPACE' ) );
#5577 = MECHANICAL_DESIGN_GEOMETRIC_PRESENTATION_REPRESENTATION (  '', ( #5722 ), #3939 ) ;
#5578 = CARTESIAN_POINT ( 'NONE',  ( -7.855479851547405801, 0.3158688576231048484, 3.300000000000000711 ) ) ;
#5579 = PRESENTATION_STYLE_ASSIGNMENT (( #4086 ) ) ;
#5580 = ORIENTED_EDGE ( 'NONE', *, *, #4594, .T. ) ;
#5581 = CARTESIAN_POINT ( 'NONE',  ( 1.943108021506276595, 0.06318993120499195870, 3.300000000000001155 ) ) ;
#5582 = CARTESIAN_POINT ( 'NONE',  ( 8.593856398786753559, 0.2158508372157388333, 3.300000000000000711 ) ) ;
#5583 = B_SPLINE_SURFACE_WITH_KNOTS ( 'NONE', 3, 1, ( 
 ( #4166, #6839 ),
 ( #5415, #4816 ),
 ( #579, #530 ),
 ( #1364, #7614 ),
 ( #1169, #9040 ),
 ( #6980, #3358 ),
 ( #3451, #6800 ),
 ( #4773, #8997 ),
 ( #476, #5507 ),
 ( #3311, #6104 ),
 ( #8210, #1925 ),
 ( #5557, #8297 ),
 ( #6941, #1214 ),
 ( #625, #4026 ),
 ( #6151, #8945 ),
 ( #2671, #5462 ),
 ( #4346, #2985 ),
 ( #2859, #7028 ),
 ( #6380, #1456 ),
 ( #1504, #7745 ),
 ( #8524, #5698 ),
 ( #2895, #5822 ),
 ( #3629, #1541 ),
 ( #797, #7079 ),
 ( #845, #162 ),
 ( #116, #8472 ),
 ( #2210, #2939 ) ),
 .UNSPECIFIED., .F., .F., .F.,
 ( 4, 1, 1, 1, 1, 1, 1, 1, 1, 1, 1, 1, 1, 1, 1, 1, 1, 1, 1, 1, 1, 1, 1, 1, 4 ),
 ( 2, 2 ),
 ( 0.000000000000000000, 0.04598585339557179769, 0.09063906186439545098, 0.1344852733868691641, 0.1773313561259414473, 0.2192648329782468375, 0.2607850023581448906, 0.3023165723378486991, 0.3434357294037516106, 0.3841814737656299439, 0.4243757389977423911, 0.4641811219517820164, 0.5040119825276090371, 0.5438224623104058741, 0.5838024645760216957, 0.6244185350988833427, 0.6655475595785359522, 0.7066749396536312622, 0.7478269788975735466, 0.7888951165570474711, 0.8302193579728114337, 0.8717069369478618324, 0.9137338536047368009, 0.9565878279841860676, 1.000000000000000000 ),
 ( 0.000000000000000000, 1.000000000000000000 ),
 .UNSPECIFIED. ) ;
#5584 = CARTESIAN_POINT ( 'NONE',  ( -6.928827185556635015, 0.1897221279670409932, 3.299999999999999822 ) ) ;
#5585 = VECTOR ( 'NONE', #1956, 1000.000000000000000 ) ;
#5586 =( LENGTH_UNIT ( ) NAMED_UNIT ( * ) SI_UNIT ( .MILLI., .METRE. ) );
#5587 = CARTESIAN_POINT ( 'NONE',  ( 8.406095332329165615, 0.2618354114071754224, 3.199999999999999734 ) ) ;
#5588 = PRESENTATION_LAYER_ASSIGNMENT (  '', '', ( #8205 ) ) ;
#5589 = VECTOR ( 'NONE', #8586, 1000.000000000000000 ) ;
#5590 = VERTEX_POINT ( 'NONE', #2441 ) ;
#5591 = FILL_AREA_STYLE ('',( #4324 ) ) ;
#5592 =( NAMED_UNIT ( * ) PLANE_ANGLE_UNIT ( ) SI_UNIT ( $, .RADIAN. ) );
#5593 = DIRECTION ( 'NONE',  ( -3.445603183558166470E-17, 0.7071067811865515695, -0.7071067811865434649 ) ) ;
#5594 = FACE_OUTER_BOUND ( 'NONE', #4945, .T. ) ;
#5595 = UNCERTAINTY_MEASURE_WITH_UNIT (LENGTH_MEASURE( 1.000000000000000082E-05 ), #1869, 'distance_accuracy_value', 'NONE');
#5596 =( GEOMETRIC_REPRESENTATION_CONTEXT ( 3 ) GLOBAL_UNCERTAINTY_ASSIGNED_CONTEXT ( ( #5764 ) ) GLOBAL_UNIT_ASSIGNED_CONTEXT ( ( #724, #6350, #8404 ) ) REPRESENTATION_CONTEXT ( 'NONE', 'WORKASPACE' ) );
#5597 = ORIENTED_EDGE ( 'NONE', *, *, #6587, .T. ) ;
#5598 = SURFACE_STYLE_USAGE ( .BOTH. , #1388 ) ;
#5599 = DIRECTION ( 'NONE',  ( 0.000000000000000000, -1.000000000000000000, 0.000000000000000000 ) ) ;
#5600 =( NAMED_UNIT ( * ) PLANE_ANGLE_UNIT ( ) SI_UNIT ( $, .RADIAN. ) );
#5601 = STYLED_ITEM ( 'NONE', ( #8937 ), #8123 ) ;
#5602 = CARTESIAN_POINT ( 'NONE',  ( 9.097548883734972947, 0.4669575399152687822, 3.300000000000000266 ) ) ;
#5603 = FACE_OUTER_BOUND ( 'NONE', #7536, .T. ) ;
#5604 = ORIENTED_EDGE ( 'NONE', *, *, #4291, .F. ) ;
#5605 = COLOUR_RGB ( '',0.2509803921568627416, 0.2509803921568627416, 0.2509803921568627416 ) ;
#5606 = CARTESIAN_POINT ( 'NONE',  ( 0.9999999999999997780, -8.799999999999995381, -1.750000000000000444 ) ) ;
#5607 =( LENGTH_UNIT ( ) NAMED_UNIT ( * ) SI_UNIT ( .MILLI., .METRE. ) );
#5608 = FILL_AREA_STYLE ('',( #7153 ) ) ;
#5609 =( GEOMETRIC_REPRESENTATION_CONTEXT ( 3 ) GLOBAL_UNCERTAINTY_ASSIGNED_CONTEXT ( ( #4864 ) ) GLOBAL_UNIT_ASSIGNED_CONTEXT ( ( #6, #8446, #7045 ) ) REPRESENTATION_CONTEXT ( 'NONE', 'WORKASPACE' ) );
#5610 = CARTESIAN_POINT ( 'NONE',  ( -7.855479851547405801, 0.3158688576231048484, 3.200000000000001066 ) ) ;
#5611 = CARTESIAN_POINT ( 'NONE',  ( 1.899053681160876028, -0.4467355914999328603, 3.200000000000000622 ) ) ;
#5612 = DIRECTION ( 'NONE',  ( -4.336808689942015764E-16, -0.000000000000000000, -1.000000000000000000 ) ) ;
#5613 = CARTESIAN_POINT ( 'NONE',  ( -7.554053467617412920, -0.3123006664395808207, 3.300000000000000266 ) ) ;
#5614 = STYLED_ITEM ( 'NONE', ( #722 ), #8889 ) ;
#5615 = UNCERTAINTY_MEASURE_WITH_UNIT (LENGTH_MEASURE( 1.000000000000000082E-05 ), #5479, 'distance_accuracy_value', 'NONE');
#5616 =( LENGTH_UNIT ( ) NAMED_UNIT ( * ) SI_UNIT ( .MILLI., .METRE. ) );
#5617 = ORIENTED_EDGE ( 'NONE', *, *, #7459, .T. ) ;
#5618 =( NAMED_UNIT ( * ) PLANE_ANGLE_UNIT ( ) SI_UNIT ( $, .RADIAN. ) );
#5619 = STYLED_ITEM ( 'NONE', ( #838 ), #4949 ) ;
#5620 = ORIENTED_EDGE ( 'NONE', *, *, #5233, .T. ) ;
#5621 = CARTESIAN_POINT ( 'NONE',  ( -9.150000000000000355, -5.099999999999999645, 3.200000000000000178 ) ) ;
#5622 =( LENGTH_UNIT ( ) NAMED_UNIT ( * ) SI_UNIT ( .MILLI., .METRE. ) );
#5623 = FILL_AREA_STYLE_COLOUR ( '', #5871 ) ;
#5624 = CARTESIAN_POINT ( 'NONE',  ( -7.126408001648371737, -0.2055152108809678024, 3.200000000000001954 ) ) ;
#5625 = DIRECTION ( 'NONE',  ( 1.000000000000000000, 0.000000000000000000, -0.000000000000000000 ) ) ;
#5626 = PLANE ( 'NONE',  #4783 ) ;
#5627 = CARTESIAN_POINT ( 'NONE',  ( 8.049999999999998934, -9.099999999999999645, -1.449999999999998401 ) ) ;
#5628 = ORIENTED_EDGE ( 'NONE', *, *, #2684, .T. ) ;
#5629 = DIRECTION ( 'NONE',  ( 0.000000000000000000, -1.000000000000000000, 0.000000000000000000 ) ) ;
#5630 = EDGE_CURVE ( 'NONE', #4257, #6681, #5220, .T. ) ;
#5631 = DIRECTION ( 'NONE',  ( -0.9860109471186291330, -0.1666805692401607808, 0.000000000000000000 ) ) ;
#5632 = ORIENTED_EDGE ( 'NONE', *, *, #4143, .T. ) ;
#5633 = CARTESIAN_POINT ( 'NONE',  ( 31.16742729670654199, 12.60184169908129093, -1.859130753469925349E-16 ) ) ;
#5634 = CARTESIAN_POINT ( 'NONE',  ( 8.641074747394425160, 0.2643409816514157851, 3.299999999999999822 ) ) ;
#5635 = CARTESIAN_POINT ( 'NONE',  ( -6.983119156871732791, 0.004398000095624835307, 3.299999999999999378 ) ) ;
#5636 = DIRECTION ( 'NONE',  ( 0.5677975635275850363, -0.8231682251229928138, 0.000000000000000000 ) ) ;
#5637 = CARTESIAN_POINT ( 'NONE',  ( -7.657753045403851822, 0.5167158220057406215, 3.200000000000000622 ) ) ;
#5638 = CARTESIAN_POINT ( 'NONE',  ( 8.390739088201243590, 0.2322041354893933374, 3.199999999999998845 ) ) ;
#5639 = CARTESIAN_POINT ( 'NONE',  ( 0.9102564102564103532, -0.5059671363421265333, 3.299999999999999822 ) ) ;
#5640 = ORIENTED_EDGE ( 'NONE', *, *, #4570, .F. ) ;
#5641 = CARTESIAN_POINT ( 'NONE',  ( 9.029862366898305126, -0.5084839178479507726, 3.199999999999999734 ) ) ;
#5642 = CARTESIAN_POINT ( 'NONE',  ( 1.270433077030929780, -0.04854050819326435201, 3.299999999999998934 ) ) ;
#5643 = ORIENTED_EDGE ( 'NONE', *, *, #6634, .F. ) ;
#5644 = CARTESIAN_POINT ( 'NONE',  ( -5.746246045695915683, 0.1256434405809504495, 3.299999999999999822 ) ) ;
#5645 = FILL_AREA_STYLE_COLOUR ( '', #3659 ) ;
#5646 = CARTESIAN_POINT ( 'NONE',  ( -4.818974302811128929, 3.616358967573120697, -3.400000000000000355 ) ) ;
#5647 = EDGE_CURVE ( 'NONE', #6908, #252, #949, .T. ) ;
#5648 = ADVANCED_FACE ( 'NONE', ( #7832 ), #1545, .T. ) ;
#5649 = CARTESIAN_POINT ( 'NONE',  ( -6.889602727942898852, -0.2504615528896942944, 3.300000000000000711 ) ) ;
#5650 = ORIENTED_EDGE ( 'NONE', *, *, #2106, .T. ) ;
#5651 = CARTESIAN_POINT ( 'NONE',  ( 1.379853117821800090, 0.4661060021047254143, 3.299999999999998934 ) ) ;
#5652 = CARTESIAN_POINT ( 'NONE',  ( -6.632851513772268781, 0.3398615834816072212, 3.299999999999999378 ) ) ;
#5653 = LINE ( 'NONE', #1499, #7004 ) ;
#5654 = LINE ( 'NONE', #8519, #3703 ) ;
#5655 = CARTESIAN_POINT ( 'NONE',  ( -7.628103265317780490, 0.5127797074772858510, 3.200000000000000622 ) ) ;
#5656 = CARTESIAN_POINT ( 'NONE',  ( -7.442288338809496473, -0.2263380502071506983, 3.200000000000000622 ) ) ;
#5657 = CARTESIAN_POINT ( 'NONE',  ( 8.522640203623081945, -0.4186946399918621275, 3.199999999999999289 ) ) ;
#5658 = ORIENTED_EDGE ( 'NONE', *, *, #3798, .T. ) ;
#5659 = CARTESIAN_POINT ( 'NONE',  ( -8.174083667289398392, 0.2618354114071759775, 3.200000000000001510 ) ) ;
#5660 = ORIENTED_EDGE ( 'NONE', *, *, #5223, .F. ) ;
#5661 = LINE ( 'NONE', #1366, #7602 ) ;
#5662 = PRESENTATION_STYLE_ASSIGNMENT (( #903 ) ) ;
#5663 = ADVANCED_FACE ( 'NONE', ( #3213 ), #1114, .T. ) ;
#5664 = ADVANCED_FACE ( 'NONE', ( #474 ), #4023, .T. ) ;
#5665 =( NAMED_UNIT ( * ) SI_UNIT ( $, .STERADIAN. ) SOLID_ANGLE_UNIT ( ) );
#5666 = CARTESIAN_POINT ( 'NONE',  ( -6.133265419997195877, 0.09717518542191644348, 3.299999999999999378 ) ) ;
#5667 = CARTESIAN_POINT ( 'NONE',  ( -8.095022221448104460, -0.3841557640895613135, 3.200000000000000178 ) ) ;
#5668 = CARTESIAN_POINT ( 'NONE',  ( 9.289061159050852723, 0.3205552995553094253, 3.299999999999999822 ) ) ;
#5669 = SURFACE_STYLE_USAGE ( .BOTH. , #7672 ) ;
#5670 = VERTEX_POINT ( 'NONE', #5267 ) ;
#5671 = LINE ( 'NONE', #5709, #4977 ) ;
#5672 = PRESENTATION_STYLE_ASSIGNMENT (( #2730 ) ) ;
#5673 =( GEOMETRIC_REPRESENTATION_CONTEXT ( 3 ) GLOBAL_UNCERTAINTY_ASSIGNED_CONTEXT ( ( #7611 ) ) GLOBAL_UNIT_ASSIGNED_CONTEXT ( ( #6939, #2069, #7609 ) ) REPRESENTATION_CONTEXT ( 'NONE', 'WORKASPACE' ) );
#5674 = VERTEX_POINT ( 'NONE', #1780 ) ;
#5675 = SURFACE_STYLE_FILL_AREA ( #9057 ) ;
#5676 = CARTESIAN_POINT ( 'NONE',  ( -6.983119156871732791, 0.004398000095624835307, 3.199999999999999734 ) ) ;
#5677 = CARTESIAN_POINT ( 'NONE',  ( -6.591628258233101612, 3.303792247772641577, 3.400000000000000355 ) ) ;
#5678 = CARTESIAN_POINT ( 'NONE',  ( 9.029862366898305126, -0.5084839178479507726, 3.199999999999999734 ) ) ;
#5679 = VECTOR ( 'NONE', #3865, 1000.000000000000000 ) ;
#5680 = ORIENTED_EDGE ( 'NONE', *, *, #7864, .F. ) ;
#5681 = DIRECTION ( 'NONE',  ( -0.7228807680948516889, -0.6909727889856425165, 0.000000000000000000 ) ) ;
#5682 = CARTESIAN_POINT ( 'NONE',  ( 8.889853944315005307, -0.5313234687482654151, 3.199999999999999734 ) ) ;
#5683 = CARTESIAN_POINT ( 'NONE',  ( 9.003118195923279998, -0.3237039206793834167, 3.300000000000000266 ) ) ;
#5684 = UNCERTAINTY_MEASURE_WITH_UNIT (LENGTH_MEASURE( 1.000000000000000082E-05 ), #8647, 'distance_accuracy_value', 'NONE');
#5685 = ORIENTED_EDGE ( 'NONE', *, *, #1685, .T. ) ;
#5686 =( NAMED_UNIT ( * ) SI_UNIT ( $, .STERADIAN. ) SOLID_ANGLE_UNIT ( ) );
#5687 = EDGE_CURVE ( 'NONE', #44, #5045, #6979, .T. ) ;
#5688 =( LENGTH_UNIT ( ) NAMED_UNIT ( * ) SI_UNIT ( .MILLI., .METRE. ) );
#5689 =( NAMED_UNIT ( * ) SI_UNIT ( $, .STERADIAN. ) SOLID_ANGLE_UNIT ( ) );
#5690 = ORIENTED_EDGE ( 'NONE', *, *, #1840, .T. ) ;
#5691 = CARTESIAN_POINT ( 'NONE',  ( 1.218038215756164222, 0.3417931446274306562, 3.200000000000000622 ) ) ;
#5692 = DIRECTION ( 'NONE',  ( -0.000000000000000000, -0.000000000000000000, -1.000000000000000000 ) ) ;
#5693 = FILL_AREA_STYLE ('',( #8425 ) ) ;
#5694 = LINE ( 'NONE', #7739, #2238 ) ;
#5695 = CARTESIAN_POINT ( 'NONE',  ( -7.512396336838107480, 0.4802700398739077059, 3.199999999999999734 ) ) ;
#5696 = CARTESIAN_POINT ( 'NONE',  ( 8.522640203623081945, -0.4186946399918621275, 3.299999999999998934 ) ) ;
#5697 = ORIENTED_EDGE ( 'NONE', *, *, #4721, .F. ) ;
#5698 = CARTESIAN_POINT ( 'NONE',  ( -7.834618569797289211, -0.3349552886624447279, 3.200000000000000178 ) ) ;
#5699 = ORIENTED_EDGE ( 'NONE', *, *, #4009, .F. ) ;
#5700 = CARTESIAN_POINT ( 'NONE',  ( 8.519830389820084449, -0.003963931213921351518, 3.299999999999999822 ) ) ;
#5701 = ADVANCED_FACE ( 'NONE', ( #384 ), #564, .T. ) ;
#5702 = CARTESIAN_POINT ( 'NONE',  ( 8.695426121316673473, 0.3018213465992101718, 3.200000000000000622 ) ) ;
#5703 = FILL_AREA_STYLE_COLOUR ( '', #1305 ) ;
#5704 = SURFACE_SIDE_STYLE ('',( #7625 ) ) ;
#5705 = FACE_BOUND ( 'NONE', #1662, .T. ) ;
#5706 = VECTOR ( 'NONE', #7006, 1000.000000000000000 ) ;
#5707 = ORIENTED_EDGE ( 'NONE', *, *, #3647, .T. ) ;
#5708 = COLOUR_RGB ( '',0.7764705882352941346, 0.7568627450980391913, 0.7372549019607843590 ) ;
#5709 = CARTESIAN_POINT ( 'NONE',  ( 8.160856030845726750, 0.4940328636578734667, 3.200000000000000178 ) ) ;
#5710 = CARTESIAN_POINT ( 'NONE',  ( 1.237990001267671003, -0.3763440889549810042, 3.299999999999999822 ) ) ;
#5711 = CARTESIAN_POINT ( 'NONE',  ( 6.199999999999999289, -2.700000000000003286, -3.200000000000000178 ) ) ;
#5712 = MECHANICAL_DESIGN_GEOMETRIC_PRESENTATION_REPRESENTATION (  '', ( #5861 ), #1124 ) ;
#5713 = VERTEX_POINT ( 'NONE', #2763 ) ;
#5714 =( NAMED_UNIT ( * ) PLANE_ANGLE_UNIT ( ) SI_UNIT ( $, .RADIAN. ) );
#5716 = STYLED_ITEM ( 'NONE', ( #3076 ), #1815 ) ;
#5715 = SURFACE_STYLE_USAGE ( .BOTH. , #8448 ) ;
#5717 = CARTESIAN_POINT ( 'NONE',  ( -6.945601693908399987, 0.1607786497579150875, 3.299999999999999822 ) ) ;
#5718 = DIRECTION ( 'NONE',  ( 1.351345363508946546E-16, 6.610348994666661011E-17, -1.000000000000000000 ) ) ;
#5719 = EDGE_CURVE ( 'NONE', #2421, #2159, #2891, .T. ) ;
#5720 = PLANE ( 'NONE',  #4428 ) ;
#5721 = SURFACE_STYLE_FILL_AREA ( #8451 ) ;
#5722 = STYLED_ITEM ( 'NONE', ( #6782 ), #2181 ) ;
#5723 = ORIENTED_EDGE ( 'NONE', *, *, #6746, .F. ) ;
#5724 = DIRECTION ( 'NONE',  ( -0.000000000000000000, -0.000000000000000000, -1.000000000000000000 ) ) ;
#5725 = CARTESIAN_POINT ( 'NONE',  ( -6.676281336483178563, 0.5192128638140554031, 3.200000000000000622 ) ) ;
#5726 = CARTESIAN_POINT ( 'NONE',  ( 1.715552630604734174, -0.5230614853588315682, 3.299999999999999378 ) ) ;
#5727 = EDGE_CURVE ( 'NONE', #3207, #1702, #5553, .T. ) ;
#5728 = EDGE_LOOP ( 'NONE', ( #6632, #7141, #6951, #7760, #9074, #3717 ) ) ;
#5729 =( NAMED_UNIT ( * ) PLANE_ANGLE_UNIT ( ) SI_UNIT ( $, .RADIAN. ) );
#5730 = VECTOR ( 'NONE', #8481, 1000.000000000000000 ) ;
#5731 = DIRECTION ( 'NONE',  ( -1.000000000000000000, -4.872818752743842964E-17, -6.195440985631454085E-17 ) ) ;
#5732 = ORIENTED_EDGE ( 'NONE', *, *, #3785, .F. ) ;
#5733 = CARTESIAN_POINT ( 'NONE',  ( 1.610977564102564097, 0.5196738892988990166, 3.299999999999999822 ) ) ;
#5734 = CARTESIAN_POINT ( 'NONE',  ( -6.860428738003608196, -0.2751979055728958068, 3.299999999999999822 ) ) ;
#5735 = CARTESIAN_POINT ( 'NONE',  ( -3.945461134408580595, 5.099999999999999645, -0.8807521802656369525 ) ) ;
#5736 = PRESENTATION_LAYER_ASSIGNMENT (  '', '', ( #4553 ) ) ;
#5737 = CARTESIAN_POINT ( 'NONE',  ( 8.835216208330622933, -0.3518959455551436410, 3.199999999999999734 ) ) ;
#5738 = STYLED_ITEM ( 'NONE', ( #5375 ), #4602 ) ;
#5739 = CARTESIAN_POINT ( 'NONE',  ( 8.700144742350685689, -0.5117538462312659631, 3.299999999999999378 ) ) ;
#5740 = ORIENTED_EDGE ( 'NONE', *, *, #4590, .F. ) ;
#5741 = CARTESIAN_POINT ( 'NONE',  ( -8.239835789285658407, -0.004364572239562458135, 3.299999999999999822 ) ) ;
#5742 = ORIENTED_EDGE ( 'NONE', *, *, #1984, .F. ) ;
#5743 = AXIS2_PLACEMENT_3D ( 'NONE', #1133, #6030, #3900 ) ;
#5744 = PLANE ( 'NONE',  #572 ) ;
#5745 = CARTESIAN_POINT ( 'NONE',  ( -7.014666300838499957, -0.3763440889549815038, 3.299999999999998934 ) ) ;
#5746 = CARTESIAN_POINT ( 'NONE',  ( -7.773397561847749770, 3.095414434572328677, -4.000000000000000888 ) ) ;
#5747 = DIRECTION ( 'NONE',  ( 1.000000000000000000, 0.000000000000000000, 0.000000000000000000 ) ) ;
#5748 = CARTESIAN_POINT ( 'NONE',  ( 0.7473958333333333703, -0.5059671363421265333, 3.299999999999999822 ) ) ;
#5749 = FILL_AREA_STYLE ('',( #809 ) ) ;
#5750 = AXIS2_PLACEMENT_3D ( 'NONE', #2565, #2605, #6735 ) ;
#5751 = ORIENTED_EDGE ( 'NONE', *, *, #607, .F. ) ;
#5752 = CARTESIAN_POINT ( 'NONE',  ( -7.422728417490787933, 0.1947540175040272936, 3.299999999999999822 ) ) ;
#5753 = CARTESIAN_POINT ( 'NONE',  ( 1.454295036635605776, -0.5108535960611811921, 3.199999999999999734 ) ) ;
#5754 = COLOUR_RGB ( '',0.2509803921568627416, 0.2509803921568627416, 0.2509803921568627416 ) ;
#5755 = ORIENTED_EDGE ( 'NONE', *, *, #6982, .F. ) ;
#5756 = SURFACE_STYLE_FILL_AREA ( #349 ) ;
#5757 = DIRECTION ( 'NONE',  ( -0.000000000000000000, -0.000000000000000000, -1.000000000000000000 ) ) ;
#5758 = SURFACE_STYLE_FILL_AREA ( #4277 ) ;
#5759 = CARTESIAN_POINT ( 'NONE',  ( 8.049999999999998934, -8.799999999999995381, -1.750000000000000000 ) ) ;
#5760 = CYLINDRICAL_SURFACE ( 'NONE', #2342, 1.199999999999999734 ) ;
#5761 = EDGE_LOOP ( 'NONE', ( #1515, #5262 ) ) ;
#5762 = CARTESIAN_POINT ( 'NONE',  ( 10.14999999999999858, -7.699999999999999289, 0.000000000000000000 ) ) ;
#5763 = CARTESIAN_POINT ( 'NONE',  ( -7.550000000000000711, -8.799999999999995381, 1.750000000000000000 ) ) ;
#5764 = UNCERTAINTY_MEASURE_WITH_UNIT (LENGTH_MEASURE( 1.000000000000000082E-05 ), #724, 'distance_accuracy_value', 'NONE');
#5765 = ORIENTED_EDGE ( 'NONE', *, *, #884, .T. ) ;
#5766 = FILL_AREA_STYLE ('',( #8509 ) ) ;
#5767 = EDGE_CURVE ( 'NONE', #8398, #7852, #2156, .T. ) ;
#5768 = CARTESIAN_POINT ( 'NONE',  ( 1.924409374778738080, 0.1277919000503632829, 3.199999999999998845 ) ) ;
#5769 = CARTESIAN_POINT ( 'NONE',  ( -6.860428738003608196, -0.2751979055728958068, 3.299999999999999822 ) ) ;
#5770 = CARTESIAN_POINT ( 'NONE',  ( -5.852816558516427570, -0.5059671363421265333, 3.200000000000000178 ) ) ;
#5771 = ORIENTED_EDGE ( 'NONE', *, *, #9027, .F. ) ;
#5772 = FACE_OUTER_BOUND ( 'NONE', #7367, .T. ) ;
#5773 = LINE ( 'NONE', #7737, #6693 ) ;
#5774 = CARTESIAN_POINT ( 'NONE',  ( 7.365984235973931149, -0.5059671363421265333, 3.299999999999999822 ) ) ;
#5775 = CARTESIAN_POINT ( 'NONE',  ( 8.552477981440780752, -0.1640320186669447233, 3.199999999999999734 ) ) ;
#5776 = ADVANCED_FACE ( 'NONE', ( #6976 ), #4090, .T. ) ;
#5777 = ORIENTED_EDGE ( 'NONE', *, *, #1027, .F. ) ;
#5778 = PRESENTATION_STYLE_ASSIGNMENT (( #7705 ) ) ;
#5779 = VERTEX_POINT ( 'NONE', #2607 ) ;
#5780 = EDGE_CURVE ( 'NONE', #5197, #3553, #4663, .T. ) ;
#5781 = CARTESIAN_POINT ( 'NONE',  ( -8.203023962017955029, 0.2015449924610281385, 3.300000000000000266 ) ) ;
#5782 = CARTESIAN_POINT ( 'NONE',  ( -7.049221151818122699, -0.3367524797816546789, 3.300000000000000711 ) ) ;
#5783 =( NAMED_UNIT ( * ) SI_UNIT ( $, .STERADIAN. ) SOLID_ANGLE_UNIT ( ) );
#5784 = SURFACE_STYLE_USAGE ( .BOTH. , #8533 ) ;
#5785 = DIRECTION ( 'NONE',  ( -1.000000000000000000, -4.872818752743842964E-17, 0.000000000000000000 ) ) ;
#5786 = UNCERTAINTY_MEASURE_WITH_UNIT (LENGTH_MEASURE( 1.000000000000000082E-05 ), #8991, 'distance_accuracy_value', 'NONE');
#5787 = APPLICATION_CONTEXT ( 'automotive_design' ) ;
#5788 = VERTEX_POINT ( 'NONE', #1857 ) ;
#5789 = CARTESIAN_POINT ( 'NONE',  ( -7.812968226401588723, -0.3410700691199382018, 3.200000000000000622 ) ) ;
#5790 = CARTESIAN_POINT ( 'NONE',  ( 1.593988254756661060, -0.5311913691742899957, 3.200000000000000622 ) ) ;
#5791 = EDGE_LOOP ( 'NONE', ( #4774, #1961, #7567, #1668 ) ) ;
#5792 = CARTESIAN_POINT ( 'NONE',  ( 0.2948717948717948789, 0.1500825431450529823, 3.200000000000000178 ) ) ;
#5793 = CARTESIAN_POINT ( 'NONE',  ( 8.700144742350685689, -0.5117538462312659631, 3.299999999999999378 ) ) ;
#5794 =( NAMED_UNIT ( * ) PLANE_ANGLE_UNIT ( ) SI_UNIT ( $, .RADIAN. ) );
#5795 = CARTESIAN_POINT ( 'NONE',  ( 8.627063006396161526, 0.4656070105419899408, 3.300000000000000266 ) ) ;
#5796 = LINE ( 'NONE', #5543, #5514 ) ;
#5797 = ORIENTED_EDGE ( 'NONE', *, *, #7053, .T. ) ;
#5798 = ADVANCED_FACE ( 'NONE', ( #5395 ), #8192, .T. ) ;
#5799 = DIRECTION ( 'NONE',  ( 0.000000000000000000, -1.000000000000000000, 0.000000000000000000 ) ) ;
#5800 =( GEOMETRIC_REPRESENTATION_CONTEXT ( 3 ) GLOBAL_UNCERTAINTY_ASSIGNED_CONTEXT ( ( #1075 ) ) GLOBAL_UNIT_ASSIGNED_CONTEXT ( ( #8567, #7215, #5828 ) ) REPRESENTATION_CONTEXT ( 'NONE', 'WORKASPACE' ) );
#5801 = CARTESIAN_POINT ( 'NONE',  ( -6.182702416060185335, -0.2570586708335779735, 3.299999999999999378 ) ) ;
#5802 = DIRECTION ( 'NONE',  ( -4.872818752743842964E-17, 1.000000000000000000, -0.000000000000000000 ) ) ;
#5803 = VERTEX_POINT ( 'NONE', #6002 ) ;
#5804 = CARTESIAN_POINT ( 'NONE',  ( -7.986322600831810448, 0.2158508372157389998, 3.200000000000001066 ) ) ;
#5805 = CARTESIAN_POINT ( 'NONE',  ( 7.545471415461110887, -0.5059671363421265333, 3.299999999999999822 ) ) ;
#5806 = CARTESIAN_POINT ( 'NONE',  ( -6.124451173901044321, -0.008971944034434263526, 3.299999999999999822 ) ) ;
#5807 = AXIS2_PLACEMENT_3D ( 'NONE', #7355, #6537, #3101 ) ;
#5808 = LINE ( 'NONE', #8699, #5243 ) ;
#5809 = DIRECTION ( 'NONE',  ( -1.000000000000000000, 0.000000000000000000, 0.000000000000000000 ) ) ;
#5810 = CARTESIAN_POINT ( 'NONE',  ( -7.739255381182827520, -0.5311327270839869552, 3.299999999999999822 ) ) ;
#5811 = CARTESIAN_POINT ( 'NONE',  ( 1.241107099836698424, 0.3665095015074111284, 3.299999999999999378 ) ) ;
#5812 = CARTESIAN_POINT ( 'NONE',  ( -5.852816558516427570, -0.5059671363421265333, 3.299999999999999822 ) ) ;
#5813 = PRESENTATION_LAYER_ASSIGNMENT (  '', '', ( #669 ) ) ;
#5814 = CARTESIAN_POINT ( 'NONE',  ( -6.402739493821509420, 0.2397606950972752948, 3.299999999999999822 ) ) ;
#5816 = VECTOR ( 'NONE', #1677, 1000.000000000000000 ) ;
#5815 = FILL_AREA_STYLE ('',( #6602 ) ) ;
#5817 =( NAMED_UNIT ( * ) PLANE_ANGLE_UNIT ( ) SI_UNIT ( $, .RADIAN. ) );
#5818 = CARTESIAN_POINT ( 'NONE',  ( 8.647155911749935697, -0.2831031713986899012, 3.300000000000000711 ) ) ;
#5819 = CARTESIAN_POINT ( 'NONE',  ( -6.889602727942898852, -0.2504615528896942944, 3.300000000000000711 ) ) ;
#5820 =( GEOMETRIC_REPRESENTATION_CONTEXT ( 3 ) GLOBAL_UNCERTAINTY_ASSIGNED_CONTEXT ( ( #7317 ) ) GLOBAL_UNIT_ASSIGNED_CONTEXT ( ( #8416, #4889, #7730 ) ) REPRESENTATION_CONTEXT ( 'NONE', 'WORKASPACE' ) );
#5821 = ORIENTED_EDGE ( 'NONE', *, *, #7002, .F. ) ;
#5822 = CARTESIAN_POINT ( 'NONE',  ( -7.812968226401588723, -0.3410700691199382018, 3.200000000000000622 ) ) ;
#5823 = ORIENTED_EDGE ( 'NONE', *, *, #337, .F. ) ;
#5824 = FILL_AREA_STYLE ('',( #6419 ) ) ;
#5825 = CARTESIAN_POINT ( 'NONE',  ( 8.525231232237524992, 0.06578350923150992624, 3.200000000000000622 ) ) ;
#5826 = DIRECTION ( 'NONE',  ( 0.000000000000000000, 1.000000000000000000, 0.000000000000000000 ) ) ;
#5827 =( NAMED_UNIT ( * ) SI_UNIT ( $, .STERADIAN. ) SOLID_ANGLE_UNIT ( ) );
#5828 =( NAMED_UNIT ( * ) SI_UNIT ( $, .STERADIAN. ) SOLID_ANGLE_UNIT ( ) );
#5829 = CARTESIAN_POINT ( 'NONE',  ( 8.160856030845726750, -0.5059671363421265333, 3.200000000000000178 ) ) ;
#5830 = CARTESIAN_POINT ( 'NONE',  ( -7.773397561847750659, 3.095414434572330453, -1.920529065283952692E-15 ) ) ;
#5831 = ORIENTED_EDGE ( 'NONE', *, *, #1182, .F. ) ;
#5832 = CARTESIAN_POINT ( 'NONE',  ( 1.557851367140742127, -0.5303724282754066488, 3.300000000000000711 ) ) ;
#5833 = PLANE ( 'NONE',  #8662 ) ;
#5834 = ORIENTED_EDGE ( 'NONE', *, *, #104, .F. ) ;
#5835 = DIRECTION ( 'NONE',  ( 0.1736481776669307198, -0.9848077530122080203, 2.775557561562891043E-17 ) ) ;
#5836 = CARTESIAN_POINT ( 'NONE',  ( 1.504964870343876493, -0.5225846741956212682, 3.299999999999999822 ) ) ;
#5837 = CARTESIAN_POINT ( 'NONE',  ( -6.396399853247894285, -0.4730185636342642552, 3.299999999999999378 ) ) ;
#5838 = SURFACE_STYLE_FILL_AREA ( #870 ) ;
#5839 = LINE ( 'NONE', #5759, #7198 ) ;
#5840 = AXIS2_PLACEMENT_3D ( 'NONE', #1431, #4144, #8413 ) ;
#5841 = CARTESIAN_POINT ( 'NONE',  ( 9.015557423846017215, 0.3045297565861885269, 3.199999999999999289 ) ) ;
#5842 = B_SPLINE_CURVE_WITH_KNOTS ( 'NONE', 3,
 ( #4276, #4919, #2910, #4228, #5793, #7097, #1558, #869, #182, #3002, #7845, #2321, #2230, #7050, #738, #7226, #777, #4411, #138 ),
 .UNSPECIFIED., .F., .F.,
 ( 4, 1, 1, 1, 1, 1, 1, 1, 1, 1, 1, 1, 1, 1, 1, 1, 4 ),
 ( 0.000000000000000000, 0.06737624279926482385, 0.1318365787763113861, 0.1944610676015869621, 0.2553459677434137820, 0.3155883400136118011, 0.3756274517721998052, 0.4361378520525414637, 0.4977786195747128106, 0.5594703610940525706, 0.6202777696791134110, 0.6807876889604195236, 0.7414916215916548259, 0.8032154362531898073, 0.8664927627489314998, 0.9319104429113606036, 1.000000000000000000 ),
 .UNSPECIFIED. ) ;
#5843 = CARTESIAN_POINT ( 'NONE',  ( -5.037111430311299820, 0.4940328636578734667, 3.299999999999999822 ) ) ;
#5844 = ORIENTED_EDGE ( 'NONE', *, *, #8399, .F. ) ;
#5845 = CARTESIAN_POINT ( 'NONE',  ( 0.2770432692307692180, 0.4940328636578734667, 3.299999999999999822 ) ) ;
#5846 = VECTOR ( 'NONE', #8000, 1000.000000000000000 ) ;
#5847 = MECHANICAL_DESIGN_GEOMETRIC_PRESENTATION_REPRESENTATION (  '', ( #7895 ), #3520 ) ;
#5848 = CARTESIAN_POINT ( 'NONE',  ( -6.132958777110523840, -0.1140827936509006962, 3.299999999999999378 ) ) ;
#5849 = CARTESIAN_POINT ( 'NONE',  ( -7.606426613190490293, -0.3352513681000390822, 3.200000000000000622 ) ) ;
#5850 = EDGE_LOOP ( 'NONE', ( #1586, #5690, #7790, #4470 ) ) ;
#5851 =( NAMED_UNIT ( * ) SI_UNIT ( $, .STERADIAN. ) SOLID_ANGLE_UNIT ( ) );
#5852 = PLANE ( 'NONE',  #5260 ) ;
#5853 = SURFACE_SIDE_STYLE ('',( #2334 ) ) ;
#5854 = CARTESIAN_POINT ( 'NONE',  ( 8.525544374357101773, -0.07674748960075698789, 3.199999999999999734 ) ) ;
#5855 =( LENGTH_UNIT ( ) NAMED_UNIT ( * ) SI_UNIT ( .MILLI., .METRE. ) );
#5856 = VECTOR ( 'NONE', #6775, 1000.000000000000000 ) ;
#5857 =( GEOMETRIC_REPRESENTATION_CONTEXT ( 3 ) GLOBAL_UNCERTAINTY_ASSIGNED_CONTEXT ( ( #4927 ) ) GLOBAL_UNIT_ASSIGNED_CONTEXT ( ( #1442, #3711, #1800 ) ) REPRESENTATION_CONTEXT ( 'NONE', 'WORKASPACE' ) );
#5858 = ORIENTED_EDGE ( 'NONE', *, *, #754, .T. ) ;
#5859 = CARTESIAN_POINT ( 'NONE',  ( -7.524831321554877661, -0.5000050531162975043, 3.199999999999998845 ) ) ;
#5860 = FILL_AREA_STYLE ('',( #1803 ) ) ;
#5861 = STYLED_ITEM ( 'NONE', ( #1262 ), #2824 ) ;
#5862 = SURFACE_STYLE_FILL_AREA ( #5815 ) ;
#5863 = CARTESIAN_POINT ( 'NONE',  ( -7.500061426487823368, -0.4901566081137488373, 3.200000000000001510 ) ) ;
#5864 = MECHANICAL_DESIGN_GEOMETRIC_PRESENTATION_REPRESENTATION (  '', ( #4687 ), #3384 ) ;
#5865 = CARTESIAN_POINT ( 'NONE',  ( 8.724421368480236083, -0.3273695710141770188, 3.300000000000000266 ) ) ;
#5866 = COLOUR_RGB ( '',0.2509803921568627416, 0.2509803921568627416, 0.2509803921568627416 ) ;
#5867 = CARTESIAN_POINT ( 'NONE',  ( 8.981380322311849795, 0.5068409488856574496, 3.200000000000001066 ) ) ;
#5868 = CARTESIAN_POINT ( 'NONE',  ( -5.049731622618993221, -0.5059671363421265333, 3.299999999999999822 ) ) ;
#5869 =( GEOMETRIC_REPRESENTATION_CONTEXT ( 3 ) GLOBAL_UNCERTAINTY_ASSIGNED_CONTEXT ( ( #2406 ) ) GLOBAL_UNIT_ASSIGNED_CONTEXT ( ( #4147, #5592, #1997 ) ) REPRESENTATION_CONTEXT ( 'NONE', 'WORKASPACE' ) );
#5870 = ORIENTED_EDGE ( 'NONE', *, *, #4049, .T. ) ;
#5871 = COLOUR_RGB ( '',0.7764705882352941346, 0.7568627450980391913, 0.7372549019607843590 ) ;
#5872 = DIRECTION ( 'NONE',  ( 0.000000000000000000, -1.000000000000000000, 0.000000000000000000 ) ) ;
#5873 = STYLED_ITEM ( 'NONE', ( #4307 ), #4279 ) ;
#5874 = CARTESIAN_POINT ( 'NONE',  ( -8.239835789285658407, -0.004364572239562458135, 3.299999999999999822 ) ) ;
#5875 = PRESENTATION_STYLE_ASSIGNMENT (( #3081 ) ) ;
#5876 = CARTESIAN_POINT ( 'NONE',  ( -6.124451173901044321, -0.008971944034434263526, 3.199999999999999289 ) ) ;
#5877 = CARTESIAN_POINT ( 'NONE',  ( 1.106881317677204546, 0.1321026973104380275, 3.299999999999999822 ) ) ;
#5878 = PLANE ( 'NONE',  #6612 ) ;
#5879 =( GEOMETRIC_REPRESENTATION_CONTEXT ( 3 ) GLOBAL_UNCERTAINTY_ASSIGNED_CONTEXT ( ( #5786 ) ) GLOBAL_UNIT_ASSIGNED_CONTEXT ( ( #8991, #3879, #4725 ) ) REPRESENTATION_CONTEXT ( 'NONE', 'WORKASPACE' ) );
#5880 = UNCERTAINTY_MEASURE_WITH_UNIT (LENGTH_MEASURE( 1.000000000000000082E-05 ), #596, 'distance_accuracy_value', 'NONE');
#5881 = VECTOR ( 'NONE', #3727, 1000.000000000000000 ) ;
#5882 = VERTEX_POINT ( 'NONE', #3917 ) ;
#5883 = CARTESIAN_POINT ( 'NONE',  ( -8.060252236734909204, -0.01231487174682617362, 3.200000000000000178 ) ) ;
#5884 = COLOUR_RGB ( '',0.2509803921568627416, 0.2509803921568627416, 0.2509803921568627416 ) ;
#5885 = LINE ( 'NONE', #134, #5881 ) ;
#5886 = ORIENTED_EDGE ( 'NONE', *, *, #7025, .F. ) ;
#5887 = LINE ( 'NONE', #5929, #2212 ) ;
#5888 = CARTESIAN_POINT ( 'NONE',  ( -7.550000000000000711, -9.099999999999999645, 1.750000000000000000 ) ) ;
#5889 = DIRECTION ( 'NONE',  ( -0.000000000000000000, -0.000000000000000000, -1.000000000000000000 ) ) ;
#5890 = CARTESIAN_POINT ( 'NONE',  ( -6.144847257806797636, -0.1638376451012789337, 3.299999999999998934 ) ) ;
#5892 = STYLED_ITEM ( 'NONE', ( #559 ), #4993 ) ;
#5891 = FACE_OUTER_BOUND ( 'NONE', #7111, .T. ) ;
#5893 =( NAMED_UNIT ( * ) SI_UNIT ( $, .STERADIAN. ) SOLID_ANGLE_UNIT ( ) );
#5894 = CARTESIAN_POINT ( 'NONE',  ( 9.089339131683782824, 0.2586993857108029760, 3.200000000000000178 ) ) ;
#5895 = COLOUR_RGB ( '',0.2509803921568627416, 0.2509803921568627416, 0.2509803921568627416 ) ;
#5896 = EDGE_CURVE ( 'NONE', #8234, #7126, #5309, .T. ) ;
#5897 = EDGE_LOOP ( 'NONE', ( #7405, #6669, #2777, #5632 ) ) ;
#5898 = CARTESIAN_POINT ( 'NONE',  ( -7.707712680808389116, 0.5195227755742913844, 3.299999999999999378 ) ) ;
#5899 = CARTESIAN_POINT ( 'NONE',  ( -4.610596489610811588, 2.434589663958468098, -3.400000000000000355 ) ) ;
#5900 = LINE ( 'NONE', #5107, #8654 ) ;
#5901 = ORIENTED_EDGE ( 'NONE', *, *, #5520, .F. ) ;
#5902 = CARTESIAN_POINT ( 'NONE',  ( 8.340343210332905599, -0.004364572239562458135, 3.299999999999999822 ) ) ;
#5903 = LINE ( 'NONE', #881, #3516 ) ;
#5904 = CARTESIAN_POINT ( 'NONE',  ( 0.7473958333333333703, -0.5059671363421265333, 3.299999999999999822 ) ) ;
#5905 = DIRECTION ( 'NONE',  ( -0.000000000000000000, -0.000000000000000000, -1.000000000000000000 ) ) ;
#5906 = CARTESIAN_POINT ( 'NONE',  ( -7.161467827411194698, -0.05784559197263935276, 3.300000000000000266 ) ) ;
#5907 =( NAMED_UNIT ( * ) PLANE_ANGLE_UNIT ( ) SI_UNIT ( $, .RADIAN. ) );
#5908 = VERTEX_POINT ( 'NONE', #6826 ) ;
#5909 = CARTESIAN_POINT ( 'NONE',  ( -7.304094136902170575, -0.3493628566688716242, 3.200000000000000622 ) ) ;
#5910 = CARTESIAN_POINT ( 'NONE',  ( 1.873508203433866814, -0.2274515614225652016, 3.300000000000001599 ) ) ;
#5911 =( NAMED_UNIT ( * ) PLANE_ANGLE_UNIT ( ) SI_UNIT ( $, .RADIAN. ) );
#5912 = DIRECTION ( 'NONE',  ( 0.000000000000000000, -0.000000000000000000, 1.000000000000000000 ) ) ;
#5913 = EDGE_CURVE ( 'NONE', #6083, #8405, #1957, .T. ) ;
#5914 = CARTESIAN_POINT ( 'NONE',  ( 8.552477981440780752, -0.1640320186669447233, 3.299999999999999822 ) ) ;
#5915 = ADVANCED_FACE ( 'NONE', ( #7372 ), #2567, .F. ) ;
#5916 = PRESENTATION_STYLE_ASSIGNMENT (( #8800 ) ) ;
#5917 = ORIENTED_EDGE ( 'NONE', *, *, #6196, .T. ) ;
#5918 = EDGE_CURVE ( 'NONE', #2938, #8093, #6052, .T. ) ;
#5919 = CARTESIAN_POINT ( 'NONE',  ( 4.949999999999998401, -2.700000000000003286, 3.200000000000000178 ) ) ;
#5920 = DIRECTION ( 'NONE',  ( -0.000000000000000000, -0.000000000000000000, -1.000000000000000000 ) ) ;
#5921 = CARTESIAN_POINT ( 'NONE',  ( 7.365984235973931149, 0.4940328636578734667, 3.200000000000000178 ) ) ;
#5922 = DIRECTION ( 'NONE',  ( 1.351345363508946546E-16, 6.610348994666661011E-17, -1.000000000000000000 ) ) ;
#5923 = DIRECTION ( 'NONE',  ( -4.157840855562858543E-16, -1.014977025410867894E-16, -1.000000000000000000 ) ) ;
#5924 = EDGE_LOOP ( 'NONE', ( #2400, #2998, #1616, #6220 ) ) ;
#5925 = EDGE_CURVE ( 'NONE', #5463, #5147, #5796, .T. ) ;
#5926 = EDGE_CURVE ( 'NONE', #1436, #601, #4629, .T. ) ;
#5927 = CARTESIAN_POINT ( 'NONE',  ( 8.549999999999998934, -5.099999999999999645, -1.750000000000000000 ) ) ;
#5928 = EDGE_LOOP ( 'NONE', ( #941, #4888 ) ) ;
#5929 = CARTESIAN_POINT ( 'NONE',  ( -5.270459564745145542, 6.176859125404857487, -4.000000000000000888 ) ) ;
#5930 = CARTESIAN_POINT ( 'NONE',  ( 1.612379807692307709, -0.5316081619831521943, 3.299999999999999822 ) ) ;
#5931 = CARTESIAN_POINT ( 'NONE',  ( -6.841381289464753657, 0.4802558937137065831, 3.199999999999999734 ) ) ;
#5932 = CARTESIAN_POINT ( 'NONE',  ( -7.153549294649868884, 0.09876229304471614845, 3.300000000000000266 ) ) ;
#5933 = CARTESIAN_POINT ( 'NONE',  ( 2.013116481777227573, -0.3417455459945946128, 3.299999999999999822 ) ) ;
#5934 = CARTESIAN_POINT ( 'NONE',  ( 8.511479910568041873, 0.3896584085384152130, 3.300000000000000266 ) ) ;
#5935 = CARTESIAN_POINT ( 'NONE',  ( -6.644483225183094532, 0.3401867098117196120, 3.299999999999999822 ) ) ;
#5936 = CARTESIAN_POINT ( 'NONE',  ( -6.488160294472208101, -0.5112687621461993182, 3.200000000000000178 ) ) ;
#5937 = ORIENTED_EDGE ( 'NONE', *, *, #7666, .F. ) ;
#5938 =( NAMED_UNIT ( * ) SI_UNIT ( $, .STERADIAN. ) SOLID_ANGLE_UNIT ( ) );
#5939 = CARTESIAN_POINT ( 'NONE',  ( -6.239539820328943165, -0.3417455459945946128, 3.199999999999998401 ) ) ;
#5940 = UNCERTAINTY_MEASURE_WITH_UNIT (LENGTH_MEASURE( 1.000000000000000082E-05 ), #6728, 'distance_accuracy_value', 'NONE');
#5941 = ORIENTED_EDGE ( 'NONE', *, *, #1341, .T. ) ;
#5942 = DIRECTION ( 'NONE',  ( -0.9848077530122080203, -0.1736481776669306920, 4.270922821185614329E-16 ) ) ;
#5943 = DIRECTION ( 'NONE',  ( 0.9848077530122080203, 0.1736481776669307198, 4.830875502720221901E-16 ) ) ;
#5944 = FILL_AREA_STYLE_COLOUR ( '', #8068 ) ;
#5945 = CARTESIAN_POINT ( 'NONE',  ( 10.14999999999999858, -6.899999999999998579, 9.797174393178828616E-17 ) ) ;
#5946 = EDGE_CURVE ( 'NONE', #4138, #2804, #4809, .T. ) ;
#5947 = VECTOR ( 'NONE', #8427, 1000.000000000000114 ) ;
#5948 = CARTESIAN_POINT ( 'NONE',  ( -6.892263095472505263, -0.4714591131061920404, 3.300000000000000711 ) ) ;
#5949 = CARTESIAN_POINT ( 'NONE',  ( 1.337933883094522880, -0.2223573830769847437, 3.199999999999998845 ) ) ;
#5950 = CARTESIAN_POINT ( 'NONE',  ( 0.1153846153846153910, -0.5059671363421265333, 3.299999999999999822 ) ) ;
#5951 = CARTESIAN_POINT ( 'NONE',  ( 1.091188474694978927, -0.05784559197263930419, 3.199999999999999734 ) ) ;
#5952 = FILL_AREA_STYLE_COLOUR ( '', #3832 ) ;
#5953 = PRESENTATION_LAYER_ASSIGNMENT (  '', '', ( #7712 ) ) ;
#5954 = EDGE_CURVE ( 'NONE', #118, #2530, #4321, .T. ) ;
#5955 = VECTOR ( 'NONE', #1509, 1000.000000000000000 ) ;
#5956 = CARTESIAN_POINT ( 'NONE',  ( 8.892537137364900701, 0.5192221192871474544, 3.300000000000001155 ) ) ;
#5957 = B_SPLINE_CURVE_WITH_KNOTS ( 'NONE', 3,
 ( #2533, #3210, #8290, #5352, #1964, #7517, #523, #2662, #8152, #1210, #6834, #8251, #8202, #3350, #4064, #3266, #8888, #4626, #3925, #6749, #6057, #1864, #6886, #7561, #573, #2013, #4673 ),
 .UNSPECIFIED., .F., .F.,
 ( 4, 1, 1, 1, 1, 1, 1, 1, 1, 1, 1, 1, 1, 1, 1, 1, 1, 1, 1, 1, 1, 1, 1, 1, 4 ),
 ( 0.000000000000000000, 0.04598585339557179769, 0.09063906186439545098, 0.1344852733868691641, 0.1773313561259414473, 0.2192648329782468375, 0.2607850023581448906, 0.3023165723378486991, 0.3434357294037516106, 0.3841814737656299439, 0.4243757389977423911, 0.4641811219517820164, 0.5040119825276090371, 0.5438224623104058741, 0.5838024645760216957, 0.6244185350988833427, 0.6655475595785359522, 0.7066749396536312622, 0.7478269788975735466, 0.7888951165570474711, 0.8302193579728114337, 0.8717069369478618324, 0.9137338536047368009, 0.9565878279841860676, 1.000000000000000000 ),
 .UNSPECIFIED. ) ;
#5958 = AXIS2_PLACEMENT_3D ( 'NONE', #1828, #6764, #3462 ) ;
#5959 = CARTESIAN_POINT ( 'NONE',  ( -8.042199607258524452, 0.4108470374215142384, 3.200000000000002398 ) ) ;
#5960 = PRESENTATION_LAYER_ASSIGNMENT (  '', '', ( #663 ) ) ;
#5961 = ORIENTED_EDGE ( 'NONE', *, *, #3107, .T. ) ;
#5962 = LINE ( 'NONE', #5263, #5816 ) ;
#5963 = SURFACE_SIDE_STYLE ('',( #3167 ) ) ;
#5964 = CARTESIAN_POINT ( 'NONE',  ( 8.573924775514266017, 0.1888369438955765367, 3.199999999999999289 ) ) ;
#5965 = PRESENTATION_LAYER_ASSIGNMENT (  '', '', ( #4342 ) ) ;
#5966 =( NAMED_UNIT ( * ) SI_UNIT ( $, .STERADIAN. ) SOLID_ANGLE_UNIT ( ) );
#5967 = LINE ( 'NONE', #8757, #6755 ) ;
#5968 = UNCERTAINTY_MEASURE_WITH_UNIT (LENGTH_MEASURE( 1.000000000000000082E-05 ), #7833, 'distance_accuracy_value', 'NONE');
#5969 = ADVANCED_FACE ( 'NONE', ( #8387 ), #563, .T. ) ;
#5970 = ORIENTED_EDGE ( 'NONE', *, *, #3075, .T. ) ;
#5971 = CARTESIAN_POINT ( 'NONE',  ( -6.811074550865612309, -0.3091098579958833636, 3.200000000000000178 ) ) ;
#5972 = CARTESIAN_POINT ( 'NONE',  ( 8.850553566844441278, 0.5194102690144177803, 3.299999999999999822 ) ) ;
#5973 = PRESENTATION_LAYER_ASSIGNMENT (  '', '', ( #5228 ) ) ;
#5974 = CARTESIAN_POINT ( 'NONE',  ( -6.573509063166299349, -0.3465187200052113892, 3.299999999999999378 ) ) ;
#5975 = CARTESIAN_POINT ( 'NONE',  ( -6.903238538005581404, 0.4494819551304640171, 3.299999999999999378 ) ) ;
#5976 = CARTESIAN_POINT ( 'NONE',  ( 1.856256448858277786, -0.4730185636342644218, 3.299999999999999378 ) ) ;
#5977 = CARTESIAN_POINT ( 'NONE',  ( 8.892537137364900701, 0.5192221192871474544, 3.300000000000001155 ) ) ;
#5978 = B_SPLINE_CURVE_WITH_KNOTS ( 'NONE', 3,
 ( #5357, #6752, #3309, #4727, #8810, #3356, #385, #6797, #5316, #2537, #4542, #1922, #6698, #3977, #8892, #2615, #5410, #7472, #7519 ),
 .UNSPECIFIED., .F., .F.,
 ( 4, 1, 1, 1, 1, 1, 1, 1, 1, 1, 1, 1, 1, 1, 1, 1, 4 ),
 ( 0.000000000000000000, 0.06460873547077429502, 0.1275117897236748565, 0.1885213083986468641, 0.2487081790893702349, 0.3085982651789124231, 0.3688122491095533473, 0.4298875018150756788, 0.4928024479242458233, 0.5557433321027936968, 0.6174852948395642693, 0.6789689634380379202, 0.7401976913545539327, 0.8023601016976087408, 0.8662447764427320118, 0.9317068283956890795, 1.000000000000000000 ),
 .UNSPECIFIED. ) ;
#5979 = CARTESIAN_POINT ( 'NONE',  ( -7.422728417490787933, -0.2066882901882803603, 3.200000000000000178 ) ) ;
#5980 = PRESENTATION_LAYER_ASSIGNMENT (  '', '', ( #2609 ) ) ;
#5981 = ORIENTED_EDGE ( 'NONE', *, *, #5125, .T. ) ;
#5982 = CARTESIAN_POINT ( 'NONE',  ( -5.539515276465145632, -0.5059671363421265333, 3.299999999999999822 ) ) ;
#5983 = FILL_AREA_STYLE_COLOUR ( '', #240 ) ;
#5984 = EDGE_CURVE ( 'NONE', #2161, #3281, #1540, .T. ) ;
#5985 = ORIENTED_EDGE ( 'NONE', *, *, #2018, .F. ) ;
#5986 =( NAMED_UNIT ( * ) PLANE_ANGLE_UNIT ( ) SI_UNIT ( $, .RADIAN. ) );
#5987 = DIRECTION ( 'NONE',  ( 0.1736481776669307475, -0.9848077530122081313, 2.775557561562891351E-17 ) ) ;
#5988 = FILL_AREA_STYLE_COLOUR ( '', #5137 ) ;
#5989 = CARTESIAN_POINT ( 'NONE',  ( -9.650000000000002132, 5.099999999999999645, 3.200000000000000178 ) ) ;
#5990 = VECTOR ( 'NONE', #6588, 1000.000000000000114 ) ;
#5991 = ORIENTED_EDGE ( 'NONE', *, *, #2445, .F. ) ;
#5992 = CARTESIAN_POINT ( 'NONE',  ( -6.342111721423576043, 0.1580442267139252344, 3.199999999999999734 ) ) ;
#5993 = CARTESIAN_POINT ( 'NONE',  ( -7.880034257267876541, -0.5117538462312654080, 3.299999999999998934 ) ) ;
#5994 = CARTESIAN_POINT ( 'NONE',  ( -7.321601436254844941, -0.3662656045617533884, 3.200000000000000622 ) ) ;
#5995 =( NAMED_UNIT ( * ) SI_UNIT ( $, .STERADIAN. ) SOLID_ANGLE_UNIT ( ) );
#5996 = CARTESIAN_POINT ( 'NONE',  ( -7.564621575772545015, 0.3045297565861890265, 3.299999999999999378 ) ) ;
#5997 = ORIENTED_EDGE ( 'NONE', *, *, #7123, .F. ) ;
#5998 = CARTESIAN_POINT ( 'NONE',  ( -7.524831321554877661, -0.5000050531162975043, 3.299999999999998490 ) ) ;
#5999 =( NAMED_UNIT ( * ) SI_UNIT ( $, .STERADIAN. ) SOLID_ANGLE_UNIT ( ) );
#6000 = AXIS2_PLACEMENT_3D ( 'NONE', #6983, #4124, #3454 ) ;
#6001 =( GEOMETRIC_REPRESENTATION_CONTEXT ( 3 ) GLOBAL_UNCERTAINTY_ASSIGNED_CONTEXT ( ( #1527 ) ) GLOBAL_UNIT_ASSIGNED_CONTEXT ( ( #4866, #5618, #2717 ) ) REPRESENTATION_CONTEXT ( 'NONE', 'WORKASPACE' ) );
#6002 = CARTESIAN_POINT ( 'NONE',  ( 9.650000000000002132, 5.099999999999999645, -3.200000000000000178 ) ) ;
#6003 = B_SPLINE_SURFACE_WITH_KNOTS ( 'NONE', 3, 1, ( 
 ( #353, #4503 ),
 ( #8037, #1044 ),
 ( #3852, #8632 ),
 ( #6535, #3775 ),
 ( #3144, #3732 ),
 ( #6666, #3099 ),
 ( #5097, #1606 ),
 ( #3179, #8686 ),
 ( #5933, #2417 ),
 ( #4412, #1788 ),
 ( #7227, #8721 ),
 ( #920, #3047 ),
 ( #5976, #2500 ),
 ( #5281, #8084 ),
 ( #3696, #6495 ),
 ( #4685, #3422 ),
 ( #3319, #1223 ),
 ( #6162, #8955 ),
 ( #5423, #7483 ) ),
 .UNSPECIFIED., .F., .F., .F.,
 ( 4, 1, 1, 1, 1, 1, 1, 1, 1, 1, 1, 1, 1, 1, 1, 1, 4 ),
 ( 2, 2 ),
 ( 0.000000000000000000, 0.06572231519156150614, 0.1295079307025843174, 0.1917221026921612781, 0.2531611245020886081, 0.3143157037352573013, 0.3759517397728624477, 0.4386196008234091726, 0.5029729018927764361, 0.5671286457242649126, 0.6295522895796743512, 0.6904767824348742034, 0.7510723384108287659, 0.8116678943867833285, 0.8729293555873912647, 0.9355013707158070790, 1.000000000000000000 ),
 ( 0.000000000000000000, 1.000000000000000000 ),
 .UNSPECIFIED. ) ;
#6004 =( GEOMETRIC_REPRESENTATION_CONTEXT ( 3 ) GLOBAL_UNCERTAINTY_ASSIGNED_CONTEXT ( ( #3035 ) ) GLOBAL_UNIT_ASSIGNED_CONTEXT ( ( #1822, #6159, #4597 ) ) REPRESENTATION_CONTEXT ( 'NONE', 'WORKASPACE' ) );
#6005 = CARTESIAN_POINT ( 'NONE',  ( 31.16742729670654199, 12.60184169908129093, -1.500000000000000444 ) ) ;
#6006 = FACE_OUTER_BOUND ( 'NONE', #4710, .T. ) ;
#6007 = VECTOR ( 'NONE', #3903, 1000.000000000000000 ) ;
#6008 = ORIENTED_EDGE ( 'NONE', *, *, #7123, .T. ) ;
#6009 = CARTESIAN_POINT ( 'NONE',  ( 0.1153846153846153910, 0.4940328636578734667, 3.200000000000000178 ) ) ;
#6010 = AXIS2_PLACEMENT_3D ( 'NONE', #8928, #8282, #4107 ) ;
#6011 = CARTESIAN_POINT ( 'NONE',  ( 7.981368851358547012, -0.1640200209575111423, 3.299999999999999822 ) ) ;
#6012 = CARTESIAN_POINT ( 'NONE',  ( -7.717800532875402908, 0.5196738892988990166, 3.299999999999999822 ) ) ;
#6013 = CARTESIAN_POINT ( 'NONE',  ( -6.453712903531231504, -0.2963764095665054610, 3.299999999999998934 ) ) ;
#6014 =( GEOMETRIC_REPRESENTATION_CONTEXT ( 3 ) GLOBAL_UNCERTAINTY_ASSIGNED_CONTEXT ( ( #8620 ) ) GLOBAL_UNIT_ASSIGNED_CONTEXT ( ( #3094, #6704, #6531 ) ) REPRESENTATION_CONTEXT ( 'NONE', 'WORKASPACE' ) );
#6015 = EDGE_LOOP ( 'NONE', ( #5454, #6262, #7966, #2460 ) ) ;
#6016 = SURFACE_STYLE_USAGE ( .BOTH. , #4775 ) ;
#6017 = CARTESIAN_POINT ( 'NONE',  ( 8.536449885471338206, -0.1217338719146446591, 3.299999999999999822 ) ) ;
#6018 = DIRECTION ( 'NONE',  ( 1.000000000000000000, 0.000000000000000000, -4.336808689942014778E-16 ) ) ;
#6019 = FILL_AREA_STYLE ('',( #3223 ) ) ;
#6020 = CARTESIAN_POINT ( 'NONE',  ( -6.589968165276117951, 0.5183350099680890111, 3.299999999999999822 ) ) ;
#6021 = PRESENTATION_LAYER_ASSIGNMENT (  '', '', ( #5601 ) ) ;
#6022 = LINE ( 'NONE', #3941, #1923 ) ;
#6023 = LINE ( 'NONE', #3986, #3679 ) ;
#6024 = CARTESIAN_POINT ( 'NONE',  ( -7.721406302106172070, -0.3521209824959727341, 3.299999999999999822 ) ) ;
#6025 = VECTOR ( 'NONE', #1386, 1000.000000000000000 ) ;
#6026 = VERTEX_POINT ( 'NONE', #822 ) ;
#6027 = AXIS2_PLACEMENT_3D ( 'NONE', #5096, #5049, #5636 ) ;
#6028 = CARTESIAN_POINT ( 'NONE',  ( 8.898428904158789621, -0.3509739145552372985, 3.199999999999999734 ) ) ;
#6029 = CARTESIAN_POINT ( 'NONE',  ( 2.042773021204665973, 0.2853902983432723972, 3.200000000000000178 ) ) ;
#6030 = DIRECTION ( 'NONE',  ( 0.8232733652589354634, 0.5676451057264807476, -0.000000000000000000 ) ) ;
#6031 = VECTOR ( 'NONE', #2226, 1000.000000000000114 ) ;
#6032 = ORIENTED_EDGE ( 'NONE', *, *, #6937, .F. ) ;
#6033 = DIRECTION ( 'NONE',  ( -1.000000000000000000, 0.000000000000000000, 0.000000000000000000 ) ) ;
#6034 = CARTESIAN_POINT ( 'NONE',  ( -6.644483225183094532, 0.3401867098117196120, 3.299999999999999822 ) ) ;
#6035 =( LENGTH_UNIT ( ) NAMED_UNIT ( * ) SI_UNIT ( .MILLI., .METRE. ) );
#6036 = CARTESIAN_POINT ( 'NONE',  ( -7.753050664627311406, 0.5188880348865969605, 3.200000000000000178 ) ) ;
#6037 = CARTESIAN_POINT ( 'NONE',  ( 8.976956643539050873, 0.3203816043915231337, 3.200000000000001510 ) ) ;
#6038 = STYLED_ITEM ( 'NONE', ( #6615 ), #8917 ) ;
#6039 = STYLED_ITEM ( 'NONE', ( #894 ), #4965 ) ;
#6040 =( LENGTH_UNIT ( ) NAMED_UNIT ( * ) SI_UNIT ( .MILLI., .METRE. ) );
#6041 = EDGE_LOOP ( 'NONE', ( #715, #3638, #8561, #7158, #1470, #4923, #23 ) ) ;
#6042 = FACE_OUTER_BOUND ( 'NONE', #32, .T. ) ;
#6043 = DIRECTION ( 'NONE',  ( -0.000000000000000000, -0.000000000000000000, -1.000000000000000000 ) ) ;
#6044 = SURFACE_STYLE_USAGE ( .BOTH. , #6729 ) ;
#6045 = CARTESIAN_POINT ( 'NONE',  ( 1.771008668473997183, -0.3137282725069115430, 3.199999999999999734 ) ) ;
#6046 = DIRECTION ( 'NONE',  ( -0.000000000000000000, 0.000000000000000000, -1.000000000000000000 ) ) ;
#6048 = EDGE_CURVE ( 'NONE', #4896, #8959, #185, .T. ) ;
#6047 = UNCERTAINTY_MEASURE_WITH_UNIT (LENGTH_MEASURE( 1.000000000000000082E-05 ), #680, 'distance_accuracy_value', 'NONE');
#6049 = EDGE_CURVE ( 'NONE', #1287, #1250, #2056, .T. ) ;
#6050 = LINE ( 'NONE', #1492, #2395 ) ;
#6051 = CARTESIAN_POINT ( 'NONE',  ( -6.658668047349510566, -0.5311913691742901067, 3.200000000000000178 ) ) ;
#6052 = LINE ( 'NONE', #2005, #3026 ) ;
#6053 = CARTESIAN_POINT ( 'NONE',  ( 9.282192989960325491, 0.3283707110311212540, 3.299999999999999822 ) ) ;
#6054 = SURFACE_SIDE_STYLE ('',( #7374 ) ) ;
#6055 = ORIENTED_EDGE ( 'NONE', *, *, #8098, .F. ) ;
#6056 = SURFACE_SIDE_STYLE ('',( #3264 ) ) ;
#6057 = CARTESIAN_POINT ( 'NONE',  ( -7.834618569797289211, -0.3349552886624447279, 3.299999999999999822 ) ) ;
#6058 = CARTESIAN_POINT ( 'NONE',  ( 1.948412173949768400, -0.01853698339026317241, 3.300000000000000266 ) ) ;
#6059 = PRESENTATION_STYLE_ASSIGNMENT (( #3267 ) ) ;
#6060 =( NAMED_UNIT ( * ) PLANE_ANGLE_UNIT ( ) SI_UNIT ( $, .RADIAN. ) );
#6061 = UNCERTAINTY_MEASURE_WITH_UNIT (LENGTH_MEASURE( 1.000000000000000082E-05 ), #2947, 'distance_accuracy_value', 'NONE');
#6062 = CARTESIAN_POINT ( 'NONE',  ( -8.047325625710852748, 0.09872081173813591903, 3.199999999999999289 ) ) ;
#6063 = ORIENTED_EDGE ( 'NONE', *, *, #5687, .T. ) ;
#6064 = CARTESIAN_POINT ( 'NONE',  ( -7.455700037944558822, 0.2288467283147190834, 3.200000000000000622 ) ) ;
#6065 = EDGE_CURVE ( 'NONE', #7815, #8135, #7132, .T. ) ;
#6066 = DIRECTION ( 'NONE',  ( -1.000000000000000000, 0.000000000000000000, 0.000000000000000000 ) ) ;
#6067 = CARTESIAN_POINT ( 'NONE',  ( -5.539515276465145632, -0.5059671363421265333, 3.200000000000000178 ) ) ;
#6068 = CARTESIAN_POINT ( 'NONE',  ( -6.624292512441568803, 0.5192237287839790438, 3.199999999999999289 ) ) ;
#6069 = CARTESIAN_POINT ( 'NONE',  ( -5.746246045695915683, 0.1256434405809504495, 3.299999999999999822 ) ) ;
#6070 = ADVANCED_FACE ( 'NONE', ( #4894, #4855 ), #2324, .F. ) ;
#6071 = LINE ( 'NONE', #540, #5127 ) ;
#6072 =( NAMED_UNIT ( * ) PLANE_ANGLE_UNIT ( ) SI_UNIT ( $, .RADIAN. ) );
#6073 = ORIENTED_EDGE ( 'NONE', *, *, #8248, .T. ) ;
#6074 = CARTESIAN_POINT ( 'NONE',  ( -7.550000000000000711, -5.099999999999999645, -1.750000000000000222 ) ) ;
#6075 = CARTESIAN_POINT ( 'NONE',  ( 8.889853944315005307, -0.5313234687482654151, 3.299999999999999378 ) ) ;
#6076 = CARTESIAN_POINT ( 'NONE',  ( 0.9999999999999995559, -9.099999999999999645, 1.449999999999998401 ) ) ;
#6077 = VERTEX_POINT ( 'NONE', #1045 ) ;
#6078 = CARTESIAN_POINT ( 'NONE',  ( 1.542206399341125245, 0.5155617966194667723, 3.300000000000000266 ) ) ;
#6079 =( LENGTH_UNIT ( ) NAMED_UNIT ( * ) SI_UNIT ( .MILLI., .METRE. ) );
#6080 = FACE_OUTER_BOUND ( 'NONE', #3136, .T. ) ;
#6081 = CARTESIAN_POINT ( 'NONE',  ( 9.154630371533984956, -0.4494348596310139832, 3.300000000000001155 ) ) ;
#6082 = CARTESIAN_POINT ( 'NONE',  ( 8.049999999999998934, -9.099999999999999645, -1.750000000000000000 ) ) ;
#6083 = VERTEX_POINT ( 'NONE', #4505 ) ;
#6084 = CARTESIAN_POINT ( 'NONE',  ( -6.454914361725979433, 0.2837438070785939792, 3.200000000000000178 ) ) ;
#6085 = EDGE_CURVE ( 'NONE', #1376, #1835, #7309, .T. ) ;
#6086 = LINE ( 'NONE', #414, #8736 ) ;
#6087 = CARTESIAN_POINT ( 'NONE',  ( 1.418177029616486617, 0.2853420351624343376, 3.300000000000000711 ) ) ;
#6088 = CARTESIAN_POINT ( 'NONE',  ( -6.872803184284373756, 0.4661060021047258584, 3.200000000000001510 ) ) ;
#6089 = CARTESIAN_POINT ( 'NONE',  ( -7.433892698831490620, 0.2062979031220077697, 3.299999999999999822 ) ) ;
#6090 = ORIENTED_EDGE ( 'NONE', *, *, #7812, .F. ) ;
#6091 = CARTESIAN_POINT ( 'NONE',  ( -7.565019748647435094, 1.913645130957675633, 3.399999999999999911 ) ) ;
#6092 = FACE_OUTER_BOUND ( 'NONE', #3908, .T. ) ;
#6093 = PRESENTATION_STYLE_ASSIGNMENT (( #4666 ) ) ;
#6094 = ORIENTED_EDGE ( 'NONE', *, *, #139, .T. ) ;
#6095 = DIRECTION ( 'NONE',  ( -0.000000000000000000, -0.000000000000000000, -1.000000000000000000 ) ) ;
#6096 = VECTOR ( 'NONE', #7253, 1000.000000000000000 ) ;
#6097 = EDGE_CURVE ( 'NONE', #2063, #206, #3854, .T. ) ;
#6098 = DIRECTION ( 'NONE',  ( 1.000000000000000000, 4.872818752743842964E-17, -0.000000000000000000 ) ) ;
#6099 = CARTESIAN_POINT ( 'NONE',  ( -5.221606622618993221, 0.4940328636578734667, 3.299999999999999822 ) ) ;
#6100 = FILL_AREA_STYLE_COLOUR ( '', #2731 ) ;
#6101 =( NAMED_UNIT ( * ) SI_UNIT ( $, .STERADIAN. ) SOLID_ANGLE_UNIT ( ) );
#6102 = CARTESIAN_POINT ( 'NONE',  ( -8.059356210423766598, 0.03134514367316651451, 3.200000000000000178 ) ) ;
#6103 = CLOSED_SHELL ( 'NONE', ( #4949, #4595, #5524, #7029, #8475, #5664, #811, #8889, #7590, #8332, #7419, #7003, #4672, #7685, #6070, #4754, #234, #7965, #2943, #655, #2726, #1731, #7534, #4716 ) ) ;
#6104 = CARTESIAN_POINT ( 'NONE',  ( -8.017801159763711993, -0.1841499302143286831, 3.200000000000000178 ) ) ;
#6105 = ORIENTED_EDGE ( 'NONE', *, *, #2398, .T. ) ;
#6106 = CARTESIAN_POINT ( 'NONE',  ( -7.490839867934784735, 0.2586993857108030870, 3.299999999999999378 ) ) ;
#6107 = VECTOR ( 'NONE', #8086, 1000.000000000000000 ) ;
#6108 = CARTESIAN_POINT ( 'NONE',  ( 8.859573979563675650, -0.5316081619831521943, 3.299999999999999822 ) ) ;
#6109 = CARTESIAN_POINT ( 'NONE',  ( -7.973973195884642706, -0.4745334255685825231, 3.299999999999998934 ) ) ;
#6110 =( NAMED_UNIT ( * ) SI_UNIT ( $, .STERADIAN. ) SOLID_ANGLE_UNIT ( ) );
#6111 = FILL_AREA_STYLE ('',( #6805 ) ) ;
#6112 = FILL_AREA_STYLE_COLOUR ( '', #2513 ) ;
#6113 = ORIENTED_EDGE ( 'NONE', *, *, #1840, .F. ) ;
#6114 = SURFACE_STYLE_FILL_AREA ( #1274 ) ;
#6115 = CARTESIAN_POINT ( 'NONE',  ( 8.869727283220491643, -0.5315127002847459536, 3.299999999999999822 ) ) ;
#6116 = FACE_BOUND ( 'NONE', #5761, .T. ) ;
#6117 = ORIENTED_EDGE ( 'NONE', *, *, #3806, .T. ) ;
#6118 = CARTESIAN_POINT ( 'NONE',  ( 1.619804788333903289, 0.3398615834816072767, 3.300000000000000711 ) ) ;
#6119 = CARTESIAN_POINT ( 'NONE',  ( -8.224882823781769048, 5.655914592404062802, -3.225865870174752856E-15 ) ) ;
#6120 = CARTESIAN_POINT ( 'NONE',  ( -6.679277101290613139, 0.3392531119941207263, 3.200000000000001066 ) ) ;
#6121 = SURFACE_STYLE_USAGE ( .BOTH. , #6814 ) ;
#6122 =( NAMED_UNIT ( * ) SI_UNIT ( $, .STERADIAN. ) SOLID_ANGLE_UNIT ( ) );
#6123 = CARTESIAN_POINT ( 'NONE',  ( 0.1153846153846153910, 0.4940328636578734667, 3.299999999999999822 ) ) ;
#6124 = EDGE_LOOP ( 'NONE', ( #3611, #5006, #7465, #4817, #52, #3295, #3360, #3528, #4692, #6274 ) ) ;
#6125 = CARTESIAN_POINT ( 'NONE',  ( 1.363053574163274995, -0.2504615528896944610, 3.200000000000002398 ) ) ;
#6126 = CARTESIAN_POINT ( 'NONE',  ( -8.057538795995480285, -0.4186946399918629047, 3.200000000000000622 ) ) ;
#6127 = CARTESIAN_POINT ( 'NONE',  ( 1.274897570431653415, 0.06415663428369823562, 3.200000000000001510 ) ) ;
#6128 = CARTESIAN_POINT ( 'NONE',  ( -7.162912712362582646, -0.005566495316485452725, 3.200000000000000178 ) ) ;
#6129 = CARTESIAN_POINT ( 'NONE',  ( 8.827128334991250824, 0.5188880348865969605, 3.199999999999999734 ) ) ;
#6130 = UNCERTAINTY_MEASURE_WITH_UNIT (LENGTH_MEASURE( 1.000000000000000082E-05 ), #2834, 'distance_accuracy_value', 'NONE');
#6131 = ORIENTED_EDGE ( 'NONE', *, *, #8543, .T. ) ;
#6132 = DIRECTION ( 'NONE',  ( 0.000000000000000000, 0.000000000000000000, -1.000000000000000000 ) ) ;
#6133 = CARTESIAN_POINT ( 'NONE',  ( -7.631760014741517217, -0.5260850608630796010, 3.199999999999999734 ) ) ;
#6134 =( LENGTH_UNIT ( ) NAMED_UNIT ( * ) SI_UNIT ( .MILLI., .METRE. ) );
#6135 = SURFACE_STYLE_USAGE ( .BOTH. , #7461 ) ;
#6136 = CARTESIAN_POINT ( 'NONE',  ( 9.010549334618549011, 0.4997908919589792998, 3.299999999999999378 ) ) ;
#6137 = STYLED_ITEM ( 'NONE', ( #4513 ), #6985 ) ;
#6138 = ORIENTED_EDGE ( 'NONE', *, *, #3631, .T. ) ;
#6139 = CIRCLE ( 'NONE', #3368, 0.8000000000000003775 ) ;
#6140 = LINE ( 'NONE', #6193, #8884 ) ;
#6141 = MECHANICAL_DESIGN_GEOMETRIC_PRESENTATION_REPRESENTATION (  '', ( #3660 ), #6001 ) ;
#6142 = SURFACE_STYLE_USAGE ( .BOTH. , #3349 ) ;
#6143 = SURFACE_SIDE_STYLE ('',( #3306 ) ) ;
#6144 = CARTESIAN_POINT ( 'NONE',  ( 2.044076730924149654, -0.3005840472653508733, 3.200000000000000178 ) ) ;
#6145 = DIRECTION ( 'NONE',  ( -1.000000000000000000, 0.000000000000000000, 0.000000000000000000 ) ) ;
#6146 = CARTESIAN_POINT ( 'NONE',  ( -6.511011722219531173, -0.3278025382206051219, 3.299999999999999378 ) ) ;
#6147 = AXIS2_PLACEMENT_3D ( 'NONE', #4650, #6675, #1231 ) ;
#6148 = UNCERTAINTY_MEASURE_WITH_UNIT (LENGTH_MEASURE( 1.000000000000000082E-05 ), #5240, 'distance_accuracy_value', 'NONE');
#6149 = CARTESIAN_POINT ( 'NONE',  ( -7.963764381352739008, 0.2411685070530455166, 3.199999999999999734 ) ) ;
#6150 = MECHANICAL_DESIGN_GEOMETRIC_PRESENTATION_REPRESENTATION (  '', ( #7755 ), #2932 ) ;
#6151 = CARTESIAN_POINT ( 'NONE',  ( -7.949884884746821534, -0.2691643865731915275, 3.300000000000000711 ) ) ;
#6152 = B_SPLINE_SURFACE_WITH_KNOTS ( 'NONE', 3, 1, ( 
 ( #5741, #5032 ),
 ( #7825, #6471 ),
 ( #1404, #2297 ),
 ( #4208, #5079 ),
 ( #4390, #6340 ),
 ( #7874, #1583 ),
 ( #7209, #900 ),
 ( #2160, #8610 ),
 ( #6518, #3554 ),
 ( #2347, #5659 ),
 ( #8430, #4944 ),
 ( #251, #4442 ),
 ( #3802, #335 ),
 ( #2481, #5259 ),
 ( #8108, #3206 ),
 ( #4621, #5959 ),
 ( #6692, #2529 ),
 ( #5310, #6608 ),
 ( #1675, #8019 ),
 ( #8751, #7971 ),
 ( #4484, #295 ),
 ( #940, #3840 ),
 ( #6652, #8066 ),
 ( #5213, #1722 ),
 ( #5129, #1773 ),
 ( #8665, #4582 ),
 ( #3261, #7416 ) ),
 .UNSPECIFIED., .F., .F., .F.,
 ( 4, 1, 1, 1, 1, 1, 1, 1, 1, 1, 1, 1, 1, 1, 1, 1, 1, 1, 1, 1, 1, 1, 1, 1, 4 ),
 ( 2, 2 ),
 ( 0.000000000000000000, 0.04466333090637093078, 0.08851180578014528066, 0.1309255913017770834, 0.1729040372808871018, 0.2140001199049665903, 0.2549850203589834052, 0.2952912763870593205, 0.3357724419527878812, 0.3761808205537701122, 0.4161784084745209222, 0.4563500514444744360, 0.4965121666444158310, 0.5370405736377807937, 0.5781187440077620865, 0.6197245605548123981, 0.6624219701988836029, 0.7052989535209034377, 0.7474300005339106212, 0.7894329840393825570, 0.8312674212030608523, 0.8728250959642297468, 0.9148701104843923737, 0.9570270028395010398, 1.000000000000000000 ),
 ( 0.000000000000000000, 1.000000000000000000 ),
 .UNSPECIFIED. ) ;
#6153 = EDGE_LOOP ( 'NONE', ( #5237, #2839, #4198, #4915 ) ) ;
#6154 = PRESENTATION_LAYER_ASSIGNMENT (  '', '', ( #6596 ) ) ;
#6155 = CARTESIAN_POINT ( 'NONE',  ( -7.564621575772545015, 0.3045297565861890265, 3.299999999999999378 ) ) ;
#6156 = CARTESIAN_POINT ( 'NONE',  ( 8.922425954214709520, 0.5167158220057405105, 3.199999999999999289 ) ) ;
#6157 = COLOUR_RGB ( '',0.2509803921568627416, 0.2509803921568627416, 0.2509803921568627416 ) ;
#6158 =( LENGTH_UNIT ( ) NAMED_UNIT ( * ) SI_UNIT ( .MILLI., .METRE. ) );
#6160 =( GEOMETRIC_REPRESENTATION_CONTEXT ( 3 ) GLOBAL_UNCERTAINTY_ASSIGNED_CONTEXT ( ( #5390 ) ) GLOBAL_UNIT_ASSIGNED_CONTEXT ( ( #6670, #357, #5938 ) ) REPRESENTATION_CONTEXT ( 'NONE', 'WORKASPACE' ) );
#6159 =( NAMED_UNIT ( * ) PLANE_ANGLE_UNIT ( ) SI_UNIT ( $, .RADIAN. ) );
#6161 = CARTESIAN_POINT ( 'NONE',  ( -6.694804934965429055, -0.5303724282754067598, 3.199999999999999289 ) ) ;
#6162 = CARTESIAN_POINT ( 'NONE',  ( 1.629964570060814300, -0.5311435355532738711, 3.299999999999998934 ) ) ;
#6163 = DIRECTION ( 'NONE',  ( -0.000000000000000000, -0.000000000000000000, -1.000000000000000000 ) ) ;
#6164 = FACE_OUTER_BOUND ( 'NONE', #3896, .T. ) ;
#6165 = ORIENTED_EDGE ( 'NONE', *, *, #5354, .F. ) ;
#6166 = PRESENTATION_STYLE_ASSIGNMENT (( #4037 ) ) ;
#6167 = CARTESIAN_POINT ( 'NONE',  ( 8.549999999999998934, -9.099999999999999645, -1.750000000000000000 ) ) ;
#6168 = CARTESIAN_POINT ( 'NONE',  ( 1.896425007908497440, 0.4336530536449935136, 3.200000000000000622 ) ) ;
#6169 = ORIENTED_EDGE ( 'NONE', *, *, #2408, .F. ) ;
#6170 = CARTESIAN_POINT ( 'NONE',  ( 1.158761638427877827, 0.2584767473356285872, 3.299999999999999378 ) ) ;
#6171 = CARTESIAN_POINT ( 'NONE',  ( 8.862378466743162875, 0.5196738892988990166, 3.299999999999999822 ) ) ;
#6172 = DIRECTION ( 'NONE',  ( 0.9848077530122076872, 0.1736481776669323296, 0.000000000000000000 ) ) ;
#6173 =( NAMED_UNIT ( * ) SI_UNIT ( $, .STERADIAN. ) SOLID_ANGLE_UNIT ( ) );
#6174 = CARTESIAN_POINT ( 'NONE',  ( -8.042199607258524452, 0.4108470374215142384, 3.200000000000000178 ) ) ;
#6175 = CARTESIAN_POINT ( 'NONE',  ( 9.052794987950575134, 0.2835775364371891372, 3.200000000000000622 ) ) ;
#6176 = EDGE_CURVE ( 'NONE', #8677, #3618, #466, .T. ) ;
#6177 = VECTOR ( 'NONE', #2137, 1000.000000000000114 ) ;
#6178 = VERTEX_POINT ( 'NONE', #5935 ) ;
#6179 = DIRECTION ( 'NONE',  ( -0.000000000000000000, -0.000000000000000000, -1.000000000000000000 ) ) ;
#6180 = SURFACE_STYLE_FILL_AREA ( #6820 ) ;
#6181 = CARTESIAN_POINT ( 'NONE',  ( -6.903238538005581404, 0.4494819551304640171, 3.199999999999999734 ) ) ;
#6182 = CARTESIAN_POINT ( 'NONE',  ( 8.596023159736928321, 0.4490895417054543426, 3.199999999999999734 ) ) ;
#6183 = EDGE_CURVE ( 'NONE', #9049, #763, #1002, .T. ) ;
#6184 = ORIENTED_EDGE ( 'NONE', *, *, #4452, .T. ) ;
#6185 =( NAMED_UNIT ( * ) SI_UNIT ( $, .STERADIAN. ) SOLID_ANGLE_UNIT ( ) );
#6186 = AXIS2_PLACEMENT_3D ( 'NONE', #327, #8792, #373 ) ;
#6187 = CARTESIAN_POINT ( 'NONE',  ( 1.948401594100191536, 0.005331963233136713387, 3.299999999999999378 ) ) ;
#6188 = CARTESIAN_POINT ( 'NONE',  ( 0.4999999999999994449, -9.099999999999999645, -1.750000000000000222 ) ) ;
#6189 = CIRCLE ( 'NONE', #2388, 0.6499999999999995781 ) ;
#6190 = CARTESIAN_POINT ( 'NONE',  ( 1.924575925103629181, -0.1413161872227507443, 3.200000000000000622 ) ) ;
#6191 = ORIENTED_EDGE ( 'NONE', *, *, #337, .T. ) ;
#6192 = PRESENTATION_LAYER_ASSIGNMENT (  '', '', ( #4873 ) ) ;
#6193 = CARTESIAN_POINT ( 'NONE',  ( 0.7307692307692308376, -0.1640200209575111423, 3.299999999999999822 ) ) ;
#6194 = CARTESIAN_POINT ( 'NONE',  ( -6.539489436970026937, 0.5109268450267249184, 3.200000000000000622 ) ) ;
#6195 = EDGE_CURVE ( 'NONE', #8526, #2002, #6710, .T. ) ;
#6196 = EDGE_CURVE ( 'NONE', #3112, #6681, #397, .T. ) ;
#6197 = CARTESIAN_POINT ( 'NONE',  ( -6.490843848763099722, 0.4988563023161740606, 3.299999999999998490 ) ) ;
#6198 = CARTESIAN_POINT ( 'NONE',  ( -7.291117840567710395, 0.3205552995553094253, 3.299999999999999822 ) ) ;
#6199 = CARTESIAN_POINT ( 'NONE',  ( -7.536538322780980792, -0.3017532178174808788, 3.200000000000000178 ) ) ;
#6200 = SURFACE_STYLE_FILL_AREA ( #1924 ) ;
#6201 = EDGE_CURVE ( 'NONE', #2159, #376, #5154, .T. ) ;
#6202 = ORIENTED_EDGE ( 'NONE', *, *, #366, .T. ) ;
#6203 = CARTESIAN_POINT ( 'NONE',  ( 8.485156778170463099, -0.3841557640895607584, 3.200000000000000178 ) ) ;
#6204 = CARTESIAN_POINT ( 'NONE',  ( 8.858772697512392824, -0.3521209824959727341, 3.299999999999999822 ) ) ;
#6205 = SURFACE_STYLE_USAGE ( .BOTH. , #2542 ) ;
#6206 = CARTESIAN_POINT ( 'NONE',  ( 8.340343210332905599, -0.004364572239562458135, 3.200000000000000178 ) ) ;
#6207 = CARTESIAN_POINT ( 'NONE',  ( 1.476001208099907647, 0.3160716312624635149, 3.200000000000001066 ) ) ;
#6208 = DIRECTION ( 'NONE',  ( -0.1663765121213765241, -0.9860622983434288447, 0.000000000000000000 ) ) ;
#6209 = EDGE_CURVE ( 'NONE', #3949, #2421, #8146, .T. ) ;
#6210 = ORIENTED_EDGE ( 'NONE', *, *, #6455, .F. ) ;
#6211 = CARTESIAN_POINT ( 'NONE',  ( -7.404475210188510736, 0.4232118250606071719, 3.300000000000001599 ) ) ;
#6212 = CARTESIAN_POINT ( 'NONE',  ( 8.976351265358905707, -0.5214442516924296944, 3.300000000000000711 ) ) ;
#6213 = VERTEX_POINT ( 'NONE', #6668 ) ;
#6214 = CARTESIAN_POINT ( 'NONE',  ( 1.443036095454333756, 0.4926127530368563101, 3.299999999999998934 ) ) ;
#6215 = SURFACE_STYLE_USAGE ( .BOTH. , #8172 ) ;
#6216 = CARTESIAN_POINT ( 'NONE',  ( -6.945601693908399987, 0.1607786497579150875, 3.200000000000000178 ) ) ;
#6217 = LINE ( 'NONE', #1140, #3568 ) ;
#6218 = SURFACE_STYLE_FILL_AREA ( #3574 ) ;
#6219 = EDGE_CURVE ( 'NONE', #8234, #1909, #272, .T. ) ;
#6220 = ORIENTED_EDGE ( 'NONE', *, *, #8517, .T. ) ;
#6221 = PLANE ( 'NONE',  #997 ) ;
#6222 = CARTESIAN_POINT ( 'NONE',  ( 1.307054608197772305, 0.1607786497579152818, 3.300000000000001155 ) ) ;
#6223 = LINE ( 'NONE', #555, #6560 ) ;
#6224 = CARTESIAN_POINT ( 'NONE',  ( 9.099071970293680423, -0.2614307685271266557, 3.299999999999999822 ) ) ;
#6225 = ORIENTED_EDGE ( 'NONE', *, *, #60, .F. ) ;
#6226 =( LENGTH_UNIT ( ) NAMED_UNIT ( * ) SI_UNIT ( .MILLI., .METRE. ) );
#6227 = PRESENTATION_STYLE_ASSIGNMENT (( #7688 ) ) ;
#6228 = EDGE_CURVE ( 'NONE', #7728, #1915, #7950, .T. ) ;
#6229 = DIRECTION ( 'NONE',  ( -0.000000000000000000, 1.000000000000000000, -0.000000000000000000 ) ) ;
#6230 = B_SPLINE_SURFACE_WITH_KNOTS ( 'NONE', 3, 1, ( 
 ( #3953, #8317 ),
 ( #4142, #2042 ),
 ( #2555, #8131 ),
 ( #1947, #1839 ),
 ( #6777, #4748 ),
 ( #3286, #2694 ),
 ( #6081, #7541 ),
 ( #1232, #4044 ),
 ( #2138, #7000 ),
 ( #6312, #3572 ),
 ( #3523, #7846 ),
 ( #5010, #5678 ),
 ( #6267, #1427 ),
 ( #9059, #7130 ),
 ( #140, #2093 ),
 ( #6361, #7807 ),
 ( #2876, #3644 ),
 ( #2963, #4920 ),
 ( #739, #2785 ) ),
 .UNSPECIFIED., .F., .F., .F.,
 ( 4, 1, 1, 1, 1, 1, 1, 1, 1, 1, 1, 1, 1, 1, 1, 1, 4 ),
 ( 2, 2 ),
 ( 0.000000000000000000, 0.07778293631334785851, 0.1518156572691081452, 0.2225398385800615997, 0.2902775346822942248, 0.3546406074863788227, 0.4157977534850313961, 0.4747090076698673999, 0.5304260996200432787, 0.5855797458252649523, 0.6409061648040323966, 0.6979010906656721858, 0.7554203208806048453, 0.8145212584872911776, 0.8744618312159095908, 0.9366697167404259838, 1.000000000000000000 ),
 ( 0.000000000000000000, 1.000000000000000000 ),
 .UNSPECIFIED. ) ;
#6231 = CARTESIAN_POINT ( 'NONE',  ( 9.200245854680018098, 0.4052890225392914991, 3.299999999999999822 ) ) ;
#6232 = CARTESIAN_POINT ( 'NONE',  ( 1.176855773057045029, 0.2876943200368990428, 3.199999999999999734 ) ) ;
#6233 = ORIENTED_EDGE ( 'NONE', *, *, #3075, .F. ) ;
#6234 = CARTESIAN_POINT ( 'NONE',  ( -6.983425532875402908, -0.007970341470331657879, 3.200000000000000178 ) ) ;
#6235 = EDGE_CURVE ( 'NONE', #7208, #2579, #4194, .T. ) ;
#6236 = CARTESIAN_POINT ( 'NONE',  ( -6.124890239342936304, 0.009149648307353007437, 3.200000000000001066 ) ) ;
#6237 = CARTESIAN_POINT ( 'NONE',  ( -7.773397561847751547, 3.095414434572324680, 3.399999999999999911 ) ) ;
#6238 = CARTESIAN_POINT ( 'NONE',  ( 1.797741940380192194, 0.2837438070785937572, 3.199999999999999734 ) ) ;
#6239 = CARTESIAN_POINT ( 'NONE',  ( -7.297986009658241180, 0.3283707110311213095, 3.300000000000000266 ) ) ;
#6240 = CARTESIAN_POINT ( 'NONE',  ( 0.9999999999999995559, -8.799999999999995381, 1.750000000000000000 ) ) ;
#6241 = UNCERTAINTY_MEASURE_WITH_UNIT (LENGTH_MEASURE( 1.000000000000000082E-05 ), #8747, 'distance_accuracy_value', 'NONE');
#6242 = DIRECTION ( 'NONE',  ( -0.000000000000000000, -0.000000000000000000, -1.000000000000000000 ) ) ;
#6243 = FILL_AREA_STYLE ('',( #7521 ) ) ;
#6244 = COLOUR_RGB ( '',1.000000000000000000, 1.000000000000000000, 1.000000000000000000 ) ;
#6245 = ORIENTED_EDGE ( 'NONE', *, *, #7925, .T. ) ;
#6246 = CARTESIAN_POINT ( 'NONE',  ( 8.804430045895999868, -0.5302024331416020919, 3.200000000000000178 ) ) ;
#6247 = CARTESIAN_POINT ( 'NONE',  ( 8.745560429821276571, -0.3349552886624452830, 3.300000000000000266 ) ) ;
#6248 = CARTESIAN_POINT ( 'NONE',  ( 0.4999999999999994449, -9.099999999999999645, -1.750000000000000222 ) ) ;
#6249 = CARTESIAN_POINT ( 'NONE',  ( -1.215228923488530510, 6.891905700454088013, -4.000000000000000888 ) ) ;
#6250 = CARTESIAN_POINT ( 'NONE',  ( 1.539506050813388871, 0.3345323263372207978, 3.199999999999999289 ) ) ;
#6251 = AXIS2_PLACEMENT_3D ( 'NONE', #2706, #1561, #7848 ) ;
#6252 = SURFACE_STYLE_FILL_AREA ( #8357 ) ;
#6253 = CARTESIAN_POINT ( 'NONE',  ( 0.9999999999999991118, -6.899999999999999467, 9.797174393178827383E-17 ) ) ;
#6254 = STYLED_ITEM ( 'NONE', ( #8321 ), #66 ) ;
#6255 = FACE_OUTER_BOUND ( 'NONE', #9007, .T. ) ;
#6256 = EDGE_CURVE ( 'NONE', #2965, #6517, #8132, .T. ) ;
#6257 = VERTEX_POINT ( 'NONE', #4035 ) ;
#6258 = CARTESIAN_POINT ( 'NONE',  ( -6.776655094006265756, 0.3160716312624635704, 3.300000000000001155 ) ) ;
#6259 = VECTOR ( 'NONE', #4557, 1000.000000000000000 ) ;
#6260 = CARTESIAN_POINT ( 'NONE',  ( -7.759202087293613381, 0.3392346502233163363, 3.200000000000000622 ) ) ;
#6261 = CARTESIAN_POINT ( 'NONE',  ( 1.808602904055816918, 0.4820773748935082148, 3.199999999999999734 ) ) ;
#6262 = ORIENTED_EDGE ( 'NONE', *, *, #8517, .F. ) ;
#6263 = CARTESIAN_POINT ( 'NONE',  ( 1.849916808284662428, 0.2397606950972751283, 3.199999999999999289 ) ) ;
#6264 = PRESENTATION_STYLE_ASSIGNMENT (( #5715 ) ) ;
#6265 =( NAMED_UNIT ( * ) PLANE_ANGLE_UNIT ( ) SI_UNIT ( $, .RADIAN. ) );
#6266 = CARTESIAN_POINT ( 'NONE',  ( 8.519830389820084449, -0.003963931213921351518, 3.200000000000000178 ) ) ;
#6267 = CARTESIAN_POINT ( 'NONE',  ( 9.003583728640430550, -0.5156567323843217476, 3.299999999999998934 ) ) ;
#6268 = CARTESIAN_POINT ( 'NONE',  ( 8.356635220666873920, 0.1368979101568717216, 3.299999999999999378 ) ) ;
#6269 = VERTEX_POINT ( 'NONE', #2682 ) ;
#6270 = SURFACE_STYLE_USAGE ( .BOTH. , #3478 ) ;
#6271 = CARTESIAN_POINT ( 'NONE',  ( 1.307054608197772305, 0.1607786497579152818, 3.200000000000001510 ) ) ;
#6272 = CARTESIAN_POINT ( 'NONE',  ( -7.110167782476034759, 0.2280639469605927894, 3.200000000000001066 ) ) ;
#6273 = CARTESIAN_POINT ( 'NONE',  ( 8.872148645207753148, -0.3517340791061676075, 3.199999999999999734 ) ) ;
#6274 = ORIENTED_EDGE ( 'NONE', *, *, #884, .F. ) ;
#6276 = VECTOR ( 'NONE', #699, 1000.000000000000000 ) ;
#6275 = FILL_AREA_STYLE_COLOUR ( '', #2788 ) ;
#6277 = SURFACE_STYLE_USAGE ( .BOTH. , #7554 ) ;
#6278 = CARTESIAN_POINT ( 'NONE',  ( 8.549999999999998934, -7.699999999999999289, 0.000000000000000000 ) ) ;
#6279 = FILL_AREA_STYLE ('',( #62 ) ) ;
#6280 = PRESENTATION_LAYER_ASSIGNMENT (  '', '', ( #9061 ) ) ;
#6281 = FILL_AREA_STYLE_COLOUR ( '', #3797 ) ;
#6282 = EDGE_LOOP ( 'NONE', ( #4739, #5620, #3289, #4158 ) ) ;
#6283 = CARTESIAN_POINT ( 'NONE',  ( -6.644483225183094532, 0.3401867098117196120, 3.200000000000000178 ) ) ;
#6284 = FACE_OUTER_BOUND ( 'NONE', #5336, .T. ) ;
#6285 = CARTESIAN_POINT ( 'NONE',  ( -7.792714140138280676, 0.3346024473197779514, 3.200000000000001066 ) ) ;
#6286 = CARTESIAN_POINT ( 'NONE',  ( 1.619804788333903289, 0.3398615834816072767, 3.200000000000001066 ) ) ;
#6287 = CARTESIAN_POINT ( 'NONE',  ( -7.456736357340600030, 0.4545448907068026512, 3.300000000000001155 ) ) ;
#6288 = CARTESIAN_POINT ( 'NONE',  ( -7.536538322780980792, -0.3017532178174808788, 3.299999999999999822 ) ) ;
#6289 = B_SPLINE_CURVE_WITH_KNOTS ( 'NONE', 3,
 ( #2454, #1080, #8769, #8820, #5890, #2369, #2544, #8119, #999, #3046, #1824, #2499, #5837, #3817, #5280, #8036, #3890, #5150, #392 ),
 .UNSPECIFIED., .F., .F.,
 ( 4, 1, 1, 1, 1, 1, 1, 1, 1, 1, 1, 1, 1, 1, 1, 1, 4 ),
 ( 0.000000000000000000, 0.06572231519156150614, 0.1295079307025842341, 0.1917221026921613336, 0.2531611245020884970, 0.3143157037352571348, 0.3759517397728622812, 0.4386196008234090060, 0.5029729018927766582, 0.5671286457242653567, 0.6295522895796736851, 0.6904767824348738703, 0.7510723384108283218, 0.8116678943867835505, 0.8729293555873908206, 0.9355013707158068570, 1.000000000000000000 ),
 .UNSPECIFIED. ) ;
#6290 = SURFACE_SIDE_STYLE ('',( #3670 ) ) ;
#6291 = VERTEX_POINT ( 'NONE', #6949 ) ;
#6292 = ORIENTED_EDGE ( 'NONE', *, *, #7550, .T. ) ;
#6293 = CARTESIAN_POINT ( 'NONE',  ( -6.671156992488842974, -0.3514494753323376131, 3.199999999999998845 ) ) ;
#6294 = CARTESIAN_POINT ( 'NONE',  ( 8.835216208330622933, -0.3518959455551436410, 3.299999999999999822 ) ) ;
#6295 =( GEOMETRIC_REPRESENTATION_CONTEXT ( 3 ) GLOBAL_UNCERTAINTY_ASSIGNED_CONTEXT ( ( #1469 ) ) GLOBAL_UNIT_ASSIGNED_CONTEXT ( ( #192, #5986, #5851 ) ) REPRESENTATION_CONTEXT ( 'NONE', 'WORKASPACE' ) );
#6296 = FILL_AREA_STYLE ('',( #3680 ) ) ;
#6297 = FILL_AREA_STYLE_COLOUR ( '', #4530 ) ;
#6298 = CARTESIAN_POINT ( 'NONE',  ( -7.049221151818122699, -0.3367524797816546789, 3.200000000000001066 ) ) ;
#6299 =( NAMED_UNIT ( * ) PLANE_ANGLE_UNIT ( ) SI_UNIT ( $, .RADIAN. ) );
#6300 = B_SPLINE_CURVE_WITH_KNOTS ( 'NONE', 3,
 ( #4516, #3904, #2335, #6722, #5854, #3744, #2512, #6677, #406, #8096, #322, #364, #1055, #8785, #8698, #5292, #3787, #1795, #5163, #282, #5112, #8649, #6547, #2385, #7322, #7961, #3115 ),
 .UNSPECIFIED., .F., .F.,
 ( 4, 1, 1, 1, 1, 1, 1, 1, 1, 1, 1, 1, 1, 1, 1, 1, 1, 1, 1, 1, 1, 1, 1, 1, 4 ),
 ( 0.000000000000000000, 0.04598585339557187401, 0.09063906186439560364, 0.1344852733868698857, 0.1773313561259422244, 0.2192648329782468375, 0.2607850023581460008, 0.3023165723378498648, 0.3434357294037528319, 0.3841814737656312206, 0.4243757389977437788, 0.4641811219517815168, 0.5040119825276108134, 0.5438224623104054301, 0.5838024645760238052, 0.6244185350988855632, 0.6655475595785355081, 0.7066749396536337047, 0.7478269788975759891, 0.7888951165570471380, 0.8302193579728140982, 0.8717069369478630536, 0.9137338536047365789, 0.9565878279841859566, 1.000000000000000000 ),
 .UNSPECIFIED. ) ;
#6301 =( GEOMETRIC_REPRESENTATION_CONTEXT ( 3 ) GLOBAL_UNCERTAINTY_ASSIGNED_CONTEXT ( ( #4008 ) ) GLOBAL_UNIT_ASSIGNED_CONTEXT ( ( #4532, #3920, #426 ) ) REPRESENTATION_CONTEXT ( 'NONE', 'WORKASPACE' ) );
#6302 = FACE_BOUND ( 'NONE', #5850, .T. ) ;
#6303 = STYLED_ITEM ( 'NONE', ( #5420 ), #7276 ) ;
#6304 = ORIENTED_EDGE ( 'NONE', *, *, #6712, .F. ) ;
#6305 = CARTESIAN_POINT ( 'NONE',  ( -5.156502455952325370, 0.1256434405809504495, 3.299999999999999822 ) ) ;
#6306 = CARTESIAN_POINT ( 'NONE',  ( -7.724811750824120971, 0.3401867098117196120, 3.200000000000000178 ) ) ;
#6307 = EDGE_LOOP ( 'NONE', ( #5174, #2317, #6829, #4134 ) ) ;
#6308 = DIRECTION ( 'NONE',  ( -4.872818752743842964E-17, 1.000000000000000000, -0.000000000000000000 ) ) ;
#6309 = CARTESIAN_POINT ( 'NONE',  ( 8.820976912324953290, 0.3392346502233161698, 3.299999999999999378 ) ) ;
#6310 = EDGE_CURVE ( 'NONE', #899, #1539, #1126, .T. ) ;
#6311 = CARTESIAN_POINT ( 'NONE',  ( 9.285054748794443924, -0.3407027132652034607, 3.299999999999999822 ) ) ;
#6312 = CARTESIAN_POINT ( 'NONE',  ( 9.080117573130747743, -0.4901566081137487818, 3.300000000000001155 ) ) ;
#6313 = EDGE_CURVE ( 'NONE', #7902, #2929, #3371, .T. ) ;
#6314 = CARTESIAN_POINT ( 'NONE',  ( -4.868040917490787045, -0.5059671363421265333, 3.200000000000000178 ) ) ;
#6315 = ORIENTED_EDGE ( 'NONE', *, *, #3658, .T. ) ;
#6316 =( NAMED_UNIT ( * ) SI_UNIT ( $, .STERADIAN. ) SOLID_ANGLE_UNIT ( ) );
#6317 = CARTESIAN_POINT ( 'NONE',  ( 9.099071970293680423, -0.2614307685271266557, 3.200000000000000178 ) ) ;
#6318 = UNCERTAINTY_MEASURE_WITH_UNIT (LENGTH_MEASURE( 1.000000000000000082E-05 ), #1391, 'distance_accuracy_value', 'NONE');
#6319 = STYLED_ITEM ( 'NONE', ( #3577 ), #4541 ) ;
#6320 = ORIENTED_EDGE ( 'NONE', *, *, #8115, .F. ) ;
#6321 = CARTESIAN_POINT ( 'NONE',  ( 31.16742729670654199, 12.60184169908129093, 1.500000000000008660 ) ) ;
#6322 = FILL_AREA_STYLE_COLOUR ( '', #7314 ) ;
#6323 = DIRECTION ( 'NONE',  ( -1.000000000000000000, 0.000000000000000000, -0.000000000000000000 ) ) ;
#6324 = PRESENTATION_LAYER_ASSIGNMENT (  '', '', ( #2232 ) ) ;
#6325 = FACE_OUTER_BOUND ( 'NONE', #7443, .T. ) ;
#6326 = EDGE_CURVE ( 'NONE', #1436, #3303, #1328, .T. ) ;
#6327 = EDGE_CURVE ( 'NONE', #2588, #7121, #541, .T. ) ;
#6328 = SURFACE_STYLE_USAGE ( .BOTH. , #7692 ) ;
#6329 = ORIENTED_EDGE ( 'NONE', *, *, #5954, .T. ) ;
#6330 = AXIS2_PLACEMENT_3D ( 'NONE', #4839, #8372, #4882 ) ;
#6331 = SURFACE_STYLE_FILL_AREA ( #2930 ) ;
#6332 = DIRECTION ( 'NONE',  ( 5.077843127631364393E-16, -4.202615134178275574E-16, -1.000000000000000000 ) ) ;
#6333 = CARTESIAN_POINT ( 'NONE',  ( -7.724811750824120971, 0.3401867098117196120, 3.299999999999999822 ) ) ;
#6334 = PRESENTATION_LAYER_ASSIGNMENT (  '', '', ( #5892 ) ) ;
#6335 = CARTESIAN_POINT ( 'NONE',  ( 2.013116481777227573, -0.3417455459945946128, 3.200000000000000178 ) ) ;
#6336 = CARTESIAN_POINT ( 'NONE',  ( -7.657753045403851822, 0.5167158220057406215, 3.300000000000000266 ) ) ;
#6337 = CARTESIAN_POINT ( 'NONE',  ( -7.681750095459774386, -0.3509739145552374096, 3.199999999999999734 ) ) ;
#6338 = STYLED_ITEM ( 'NONE', ( #891 ), #8938 ) ;
#6339 = ORIENTED_EDGE ( 'NONE', *, *, #895, .T. ) ;
#6340 = CARTESIAN_POINT ( 'NONE',  ( -8.231131132024223973, 0.1031764313551905843, 3.200000000000001954 ) ) ;
#6341 = MECHANICAL_DESIGN_GEOMETRIC_PRESENTATION_REPRESENTATION (  '', ( #5157 ), #8723 ) ;
#6342 = VERTEX_POINT ( 'NONE', #4827 ) ;
#6343 = CARTESIAN_POINT ( 'NONE',  ( 8.563098820807965694, -0.4489386903626314540, 3.200000000000001066 ) ) ;
#6344 = CARTESIAN_POINT ( 'NONE',  ( 9.223998131469638651, 0.3861944913999413864, 3.200000000000001066 ) ) ;
#6345 = CARTESIAN_POINT ( 'NONE',  ( 8.855367248794443924, 0.3401867098117196120, 3.200000000000000178 ) ) ;
#6346 = CARTESIAN_POINT ( 'NONE',  ( -6.453712903531231504, -0.2963764095665054610, 3.199999999999999289 ) ) ;
#6347 = CARTESIAN_POINT ( 'NONE',  ( -7.079722585767214582, -0.2949274556347795118, 3.200000000000000622 ) ) ;
#6348 =( LENGTH_UNIT ( ) NAMED_UNIT ( * ) SI_UNIT ( .MILLI., .METRE. ) );
#6349 = LINE ( 'NONE', #2865, #3022 ) ;
#6350 =( NAMED_UNIT ( * ) PLANE_ANGLE_UNIT ( ) SI_UNIT ( $, .RADIAN. ) );
#6351 = UNCERTAINTY_MEASURE_WITH_UNIT (LENGTH_MEASURE( 1.000000000000000082E-05 ), #3239, 'distance_accuracy_value', 'NONE');
#6352 = ADVANCED_FACE ( 'NONE', ( #6164 ), #1978, .T. ) ;
#6353 = ORIENTED_EDGE ( 'NONE', *, *, #2122, .T. ) ;
#6354 = FILL_AREA_STYLE_COLOUR ( '', #3387 ) ;
#6355 =( NAMED_UNIT ( * ) PLANE_ANGLE_UNIT ( ) SI_UNIT ( $, .RADIAN. ) );
#6356 = ADVANCED_FACE ( 'NONE', ( #6255 ), #4784, .F. ) ;
#6357 = VERTEX_POINT ( 'NONE', #7163 ) ;
#6358 = CARTESIAN_POINT ( 'NONE',  ( 8.543526764226669457, 0.1301962769749492044, 3.300000000000000266 ) ) ;
#6359 = CARTESIAN_POINT ( 'NONE',  ( -9.150000000000000355, -4.599999999999998757, 3.200000000000000178 ) ) ;
#6360 = SURFACE_SIDE_STYLE ('',( #919 ) ) ;
#6361 = CARTESIAN_POINT ( 'NONE',  ( 8.919525478162087850, -0.5292175802107365046, 3.300000000000000266 ) ) ;
#6362 = CARTESIAN_POINT ( 'NONE',  ( 8.365781026466752479, 0.1698066570741219306, 3.199999999999999734 ) ) ;
#6363 =( NAMED_UNIT ( * ) PLANE_ANGLE_UNIT ( ) SI_UNIT ( $, .RADIAN. ) );
#6364 = ORIENTED_EDGE ( 'NONE', *, *, #3513, .F. ) ;
#6365 = CARTESIAN_POINT ( 'NONE',  ( 1.948717948717948900, -0.006568097880588056638, 3.200000000000000178 ) ) ;
#6366 = CARTESIAN_POINT ( 'NONE',  ( 9.118152442267760449, -0.2445380539554059818, 3.200000000000000178 ) ) ;
#6367 = VERTEX_POINT ( 'NONE', #769 ) ;
#6368 = CARTESIAN_POINT ( 'NONE',  ( -7.455700037944558822, 0.2288467283147190834, 3.200000000000000622 ) ) ;
#6369 = SURFACE_STYLE_FILL_AREA ( #8420 ) ;
#6370 =( NAMED_UNIT ( * ) SI_UNIT ( $, .STERADIAN. ) SOLID_ANGLE_UNIT ( ) );
#6371 = EDGE_CURVE ( 'NONE', #6213, #6470, #4267, .T. ) ;
#6372 = SURFACE_STYLE_FILL_AREA ( #7067 ) ;
#6373 = EDGE_LOOP ( 'NONE', ( #3262, #161, #5574, #1159 ) ) ;
#6374 = CARTESIAN_POINT ( 'NONE',  ( 1.128560894352510058, 0.1967357420893510178, 3.299999999999999822 ) ) ;
#6375 = CARTESIAN_POINT ( 'NONE',  ( -6.317389159858105785, 0.09618413066264076827, 3.299999999999999822 ) ) ;
#6376 =( NAMED_UNIT ( * ) PLANE_ANGLE_UNIT ( ) SI_UNIT ( $, .RADIAN. ) );
#6377 = CARTESIAN_POINT ( 'NONE',  ( -7.456736357340600030, 0.4545448907068026512, 3.200000000000001510 ) ) ;
#6378 = CARTESIAN_POINT ( 'NONE',  ( 8.340343210332905599, -0.004364572239562458135, 3.299999999999999822 ) ) ;
#6379 = ORIENTED_EDGE ( 'NONE', *, *, #5984, .T. ) ;
#6380 = CARTESIAN_POINT ( 'NONE',  ( -7.876128029656249474, -0.3180292644309252736, 3.300000000000001155 ) ) ;
#6381 = ORIENTED_EDGE ( 'NONE', *, *, #2981, .F. ) ;
#6382 = ADVANCED_FACE ( 'NONE', ( #5705, #8486, #6302, #2904, #2171, #4176, #7119, #4911, #40, #1468 ), #1548, .F. ) ;
#6383 = CARTESIAN_POINT ( 'NONE',  ( -7.792714140138280676, 0.3346024473197779514, 3.300000000000000711 ) ) ;
#6384 = CARTESIAN_POINT ( 'NONE',  ( 8.724699148071158206, 0.3158688576231056810, 3.199999999999998401 ) ) ;
#6385 = CARTESIAN_POINT ( 'NONE',  ( 1.611778846153846256, -0.3521209824959727341, 3.200000000000000178 ) ) ;
#6386 = FILL_AREA_STYLE ('',( #3596 ) ) ;
#6387 = FACE_OUTER_BOUND ( 'NONE', #2520, .T. ) ;
#6388 = DIRECTION ( 'NONE',  ( 0.1736481776669306920, -0.9848077530122080203, 0.000000000000000000 ) ) ;
#6389 = ORIENTED_EDGE ( 'NONE', *, *, #4562, .T. ) ;
#6390 = CARTESIAN_POINT ( 'NONE',  ( -6.679277101290613139, 0.3392531119941207263, 3.300000000000000711 ) ) ;
#6391 = CARTESIAN_POINT ( 'NONE',  ( 1.091188474694978927, -0.05784559197263930419, 3.299999999999999378 ) ) ;
#6392 = SURFACE_STYLE_FILL_AREA ( #7759 ) ;
#6393 = VERTEX_POINT ( 'NONE', #80 ) ;
#6394 = CARTESIAN_POINT ( 'NONE',  ( -7.162912712362582646, -0.005566495316485452725, 3.299999999999999822 ) ) ;
#6395 = AXIS2_PLACEMENT_3D ( 'NONE', #2027, #1123, #1178 ) ;
#6396 = PRESENTATION_STYLE_ASSIGNMENT (( #3432 ) ) ;
#6397 = PRESENTATION_STYLE_ASSIGNMENT (( #4319 ) ) ;
#6398 = COLOUR_RGB ( '',0.7764705882352941346, 0.7568627450980391913, 0.7372549019607843590 ) ;
#6399 = CARTESIAN_POINT ( 'NONE',  ( -1.215228923488530510, 6.891905700454088013, 3.999999999999999112 ) ) ;
#6400 = ORIENTED_EDGE ( 'NONE', *, *, #3695, .F. ) ;
#6401 = CARTESIAN_POINT ( 'NONE',  ( -6.676281336483178563, 0.5192128638140554031, 3.300000000000000266 ) ) ;
#6402 = CARTESIAN_POINT ( 'NONE',  ( 1.392227564102564097, -0.2751979055728958068, 3.299999999999999822 ) ) ;
#6403 = UNCERTAINTY_MEASURE_WITH_UNIT (LENGTH_MEASURE( 1.000000000000000082E-05 ), #4232, 'distance_accuracy_value', 'NONE');
#6404 = EDGE_LOOP ( 'NONE', ( #228, #4003, #3804, #4850 ) ) ;
#6405 = SURFACE_STYLE_FILL_AREA ( #5766 ) ;
#6406 = CARTESIAN_POINT ( 'NONE',  ( 8.359812820321021576, -0.1658360427291137029, 3.200000000000000622 ) ) ;
#6407 = CARTESIAN_POINT ( 'NONE',  ( -6.034707584157454008, -0.5059671363421265333, 3.200000000000000178 ) ) ;
#6408 = DIRECTION ( 'NONE',  ( -1.000000000000000000, 0.000000000000000000, 0.000000000000000000 ) ) ;
#6409 = STYLED_ITEM ( 'NONE', ( #1345 ), #755 ) ;
#6410 = VERTEX_POINT ( 'NONE', #6427 ) ;
#6411 = CARTESIAN_POINT ( 'NONE',  ( 1.241107099836698424, 0.3665095015074111284, 3.199999999999999734 ) ) ;
#6412 = DIRECTION ( 'NONE',  ( -1.000000000000000000, 0.000000000000000000, 0.000000000000000000 ) ) ;
#6413 = DIRECTION ( 'NONE',  ( -1.000000000000000000, 0.000000000000000000, 0.000000000000000000 ) ) ;
#6414 = DIRECTION ( 'NONE',  ( 1.000000000000000000, 0.000000000000000000, -2.708822231641163774E-13 ) ) ;
#6415 = CARTESIAN_POINT ( 'NONE',  ( 8.647155911749935697, -0.2831031713986899012, 3.200000000000000622 ) ) ;
#6416 = CARTESIAN_POINT ( 'NONE',  ( 8.563098820807965694, -0.4489386903626314540, 3.200000000000001066 ) ) ;
#6417 = ORIENTED_EDGE ( 'NONE', *, *, #8201, .T. ) ;
#6418 = ORIENTED_EDGE ( 'NONE', *, *, #8462, .T. ) ;
#6419 = FILL_AREA_STYLE_COLOUR ( '', #8014 ) ;
#6420 = VECTOR ( 'NONE', #3710, 1000.000000000000000 ) ;
#6421 = FACE_OUTER_BOUND ( 'NONE', #6373, .T. ) ;
#6422 = CARTESIAN_POINT ( 'NONE',  ( -7.014666300838499957, -0.3763440889549815038, 3.199999999999998845 ) ) ;
#6423 = CARTESIAN_POINT ( 'NONE',  ( 8.667528394194713215, 0.2845935240287518764, 3.299999999999999378 ) ) ;
#6424 = FILL_AREA_STYLE ('',( #7711 ) ) ;
#6425 = DIRECTION ( 'NONE',  ( 1.000000000000000000, 0.000000000000000000, 9.389415434578092713E-13 ) ) ;
#6426 = LINE ( 'NONE', #909, #8065 ) ;
#6427 = CARTESIAN_POINT ( 'NONE',  ( -8.050000000000000711, -5.099999999999999645, 1.750000000000000000 ) ) ;
#6428 = STYLED_ITEM ( 'NONE', ( #6166 ), #2639 ) ;
#6429 = UNCERTAINTY_MEASURE_WITH_UNIT (LENGTH_MEASURE( 1.000000000000000082E-05 ), #89, 'distance_accuracy_value', 'NONE');
#6430 = VECTOR ( 'NONE', #5013, 1000.000000000000114 ) ;
#6431 = ORIENTED_EDGE ( 'NONE', *, *, #6176, .F. ) ;
#6432 = MECHANICAL_DESIGN_GEOMETRIC_PRESENTATION_REPRESENTATION (  '', ( #2344 ), #7455 ) ;
#6433 = CARTESIAN_POINT ( 'NONE',  ( -6.970226049236039501, 0.09804061167687982969, 3.299999999999999822 ) ) ;
#6434 = CARTESIAN_POINT ( 'NONE',  ( 2.069164845640369954, 0.2415404013487021384, 3.300000000000000711 ) ) ;
#6435 = ORIENTED_EDGE ( 'NONE', *, *, #7257, .F. ) ;
#6436 = DIRECTION ( 'NONE',  ( 0.6895740745890384105, -0.7242151583988499786, 0.000000000000000000 ) ) ;
#6437 = CARTESIAN_POINT ( 'NONE',  ( 8.724699148071158206, 0.3158688576231056810, 3.299999999999998046 ) ) ;
#6438 = CARTESIAN_POINT ( 'NONE',  ( -8.172788370481690379, 5.360472266500400984, -3.225865870174752856E-15 ) ) ;
#6439 = LINE ( 'NONE', #8499, #7639 ) ;
#6440 = FACE_OUTER_BOUND ( 'NONE', #2672, .T. ) ;
#6441 = PRESENTATION_LAYER_ASSIGNMENT (  '', '', ( #5408 ) ) ;
#6442 = CARTESIAN_POINT ( 'NONE',  ( 0.1153846153846153910, 0.4940328636578734667, 3.299999999999999822 ) ) ;
#6443 = MECHANICAL_DESIGN_GEOMETRIC_PRESENTATION_REPRESENTATION (  '', ( #2054 ), #1584 ) ;
#6444 = CARTESIAN_POINT ( 'NONE',  ( -6.144847257806797636, -0.1638376451012789337, 3.199999999999999289 ) ) ;
#6445 = VECTOR ( 'NONE', #1384, 1000.000000000000000 ) ;
#6446 = ORIENTED_EDGE ( 'NONE', *, *, #1429, .T. ) ;
#6447 = CARTESIAN_POINT ( 'NONE',  ( -1.945461134408581483, 5.099999999999999645, -0.8807521802656375076 ) ) ;
#6448 = CARTESIAN_POINT ( 'NONE',  ( 9.129426145506581491, -0.4649073206360704869, 3.199999999999999734 ) ) ;
#6449 = PRESENTATION_LAYER_ASSIGNMENT (  '', '', ( #4687 ) ) ;
#6450 = CARTESIAN_POINT ( 'NONE',  ( 9.150820972121209707, -0.2133483499873540801, 3.300000000000000266 ) ) ;
#6451 = EDGE_LOOP ( 'NONE', ( #3648, #3672, #99, #9016 ) ) ;
#6452 = CARTESIAN_POINT ( 'NONE',  ( -8.060348609798481334, -0.003963931213921352385, 3.200000000000000622 ) ) ;
#6453 = DIRECTION ( 'NONE',  ( -1.000000000000000000, 0.000000000000000000, 0.000000000000000000 ) ) ;
#6454 = VECTOR ( 'NONE', #3130, 1000.000000000000000 ) ;
#6455 = EDGE_CURVE ( 'NONE', #4328, #2929, #4308, .T. ) ;
#6456 = COLOUR_RGB ( '',1.000000000000000000, 1.000000000000000000, 1.000000000000000000 ) ;
#6457 = CARTESIAN_POINT ( 'NONE',  ( -6.983019325069496297, -0.02167724614778751210, 3.300000000000000266 ) ) ;
#6458 = CARTESIAN_POINT ( 'NONE',  ( 0.000000000000000000, 0.000000000000000000, 3.299999999999999822 ) ) ;
#6459 = MECHANICAL_DESIGN_GEOMETRIC_PRESENTATION_REPRESENTATION (  '', ( #8799 ), #4546 ) ;
#6460 = EDGE_CURVE ( 'NONE', #8523, #2825, #367, .T. ) ;
#6461 = ORIENTED_EDGE ( 'NONE', *, *, #2849, .F. ) ;
#6462 = CARTESIAN_POINT ( 'NONE',  ( 1.176855773057045029, 0.2876943200368990428, 3.199999999999999734 ) ) ;
#6463 = CARTESIAN_POINT ( 'NONE',  ( -6.379622440199375077, 0.2141355633083232290, 3.299999999999999378 ) ) ;
#6464 = PRESENTATION_STYLE_ASSIGNMENT (( #2153 ) ) ;
#6465 =( NAMED_UNIT ( * ) SI_UNIT ( $, .STERADIAN. ) SOLID_ANGLE_UNIT ( ) );
#6466 = VECTOR ( 'NONE', #1253, 1000.000000000000114 ) ;
#6467 = CARTESIAN_POINT ( 'NONE',  ( 8.684140377969793434, -0.3077176764491315053, 3.299999999999998490 ) ) ;
#6468 = PRESENTATION_STYLE_ASSIGNMENT (( #9086 ) ) ;
#6469 = MECHANICAL_DESIGN_GEOMETRIC_PRESENTATION_REPRESENTATION (  '', ( #1467 ), #7926 ) ;
#6470 = VERTEX_POINT ( 'NONE', #3685 ) ;
#6471 = CARTESIAN_POINT ( 'NONE',  ( -8.239671072603394819, 0.007930290384855702424, 3.200000000000002398 ) ) ;
#6472 = ORIENTED_EDGE ( 'NONE', *, *, #5925, .T. ) ;
#6473 = PRESENTATION_LAYER_ASSIGNMENT (  '', '', ( #7924 ) ) ;
#6474 = CARTESIAN_POINT ( 'NONE',  ( -7.884752878301894974, 0.3018213465992113376, 3.299999999999999378 ) ) ;
#6475 = CARTESIAN_POINT ( 'NONE',  ( -8.223543778951693639, 0.1368979101568721657, 3.300000000000000266 ) ) ;
#6476 = CARTESIAN_POINT ( 'NONE',  ( -6.976526390668911226, -0.4125266055452846969, 3.200000000000000178 ) ) ;
#6477 =( NAMED_UNIT ( * ) PLANE_ANGLE_UNIT ( ) SI_UNIT ( $, .RADIAN. ) );
#6478 = PLANE ( 'NONE',  #2826 ) ;
#6480 = EDGE_CURVE ( 'NONE', #6942, #4876, #2129, .T. ) ;
#6479 = SURFACE_SIDE_STYLE ('',( #4398 ) ) ;
#6481 = PRESENTATION_STYLE_ASSIGNMENT (( #5784 ) ) ;
#6482 = ADVANCED_FACE ( 'NONE', ( #2776, #5572 ), #3562, .F. ) ;
#6483 = CARTESIAN_POINT ( 'NONE',  ( -5.611456296796053067, 3.158925150470279331, -4.001000000000002110 ) ) ;
#6484 = PRESENTATION_LAYER_ASSIGNMENT (  '', '', ( #4571 ) ) ;
#6485 = VERTEX_POINT ( 'NONE', #3087 ) ;
#6486 = CARTESIAN_POINT ( 'NONE',  ( -7.933023087868631862, -0.2831031713986904008, 3.199999999999999289 ) ) ;
#6487 = CARTESIAN_POINT ( 'NONE',  ( 1.172933716338959043, -0.2949274556347796783, 3.300000000000001155 ) ) ;
#6488 = FILL_AREA_STYLE ('',( #8494 ) ) ;
#6489 =( GEOMETRIC_REPRESENTATION_CONTEXT ( 3 ) GLOBAL_UNCERTAINTY_ASSIGNED_CONTEXT ( ( #5615 ) ) GLOBAL_UNIT_ASSIGNED_CONTEXT ( ( #5479, #6917, #8228 ) ) REPRESENTATION_CONTEXT ( 'NONE', 'WORKASPACE' ) );
#6490 = ORIENTED_EDGE ( 'NONE', *, *, #6480, .T. ) ;
#6491 = PRESENTATION_STYLE_ASSIGNMENT (( #818 ) ) ;
#6492 = DIRECTION ( 'NONE',  ( -0.5677975635275850363, 0.8231682251229928138, 0.000000000000000000 ) ) ;
#6493 = CARTESIAN_POINT ( 'NONE',  ( -7.124095407753660680, 0.1967357420893511011, 3.199999999999999289 ) ) ;
#6494 = LINE ( 'NONE', #1426, #6617 ) ;
#6495 = CARTESIAN_POINT ( 'NONE',  ( 1.764496007633963970, -0.5112687621461996512, 3.200000000000001066 ) ) ;
#6496 = SURFACE_STYLE_FILL_AREA ( #8687 ) ;
#6497 = CARTESIAN_POINT ( 'NONE',  ( -7.550000000000000711, -5.099999999999999645, -1.750000000000000000 ) ) ;
#6498 =( NAMED_UNIT ( * ) SI_UNIT ( $, .STERADIAN. ) SOLID_ANGLE_UNIT ( ) );
#6499 = ORIENTED_EDGE ( 'NONE', *, *, #3004, .F. ) ;
#6500 = DIRECTION ( 'NONE',  ( 0.9848077530122076872, 0.1736481776669323296, 0.000000000000000000 ) ) ;
#6501 = CARTESIAN_POINT ( 'NONE',  ( -6.744156179825924191, 0.5103087069680948273, 3.300000000000000711 ) ) ;
#6502 = CARTESIAN_POINT ( 'NONE',  ( 2.091430796074487564, -0.2115733426068731049, 3.299999999999998934 ) ) ;
#6503 = UNCERTAINTY_MEASURE_WITH_UNIT (LENGTH_MEASURE( 1.000000000000000082E-05 ), #4146, 'distance_accuracy_value', 'NONE');
#6504 = ORIENTED_EDGE ( 'NONE', *, *, #6183, .F. ) ;
#6505 = DIRECTION ( 'NONE',  ( -0.000000000000000000, -0.000000000000000000, -1.000000000000000000 ) ) ;
#6506 = FILL_AREA_STYLE_COLOUR ( '', #8805 ) ;
#6507 = DIRECTION ( 'NONE',  ( -0.000000000000000000, -0.000000000000000000, -1.000000000000000000 ) ) ;
#6508 = FILL_AREA_STYLE_COLOUR ( '', #8637 ) ;
#6509 = EDGE_CURVE ( 'NONE', #8100, #7199, #6567, .T. ) ;
#6510 = CARTESIAN_POINT ( 'NONE',  ( 8.049999999999998934, -9.099999999999999645, -1.750000000000000000 ) ) ;
#6511 = CARTESIAN_POINT ( 'NONE',  ( 9.649999999999998579, -4.599999999999998757, -3.200000000000000178 ) ) ;
#6512 = ORIENTED_EDGE ( 'NONE', *, *, #9037, .F. ) ;
#6513 = FILL_AREA_STYLE ('',( #791 ) ) ;
#6514 = FACE_OUTER_BOUND ( 'NONE', #5924, .T. ) ;
#6515 = CARTESIAN_POINT ( 'NONE',  ( 8.599765367012775386, -0.2383061434544609947, 3.299999999999999378 ) ) ;
#6516 = CARTESIAN_POINT ( 'NONE',  ( 8.952075734300789733, 0.5127797074772856289, 3.300000000000000711 ) ) ;
#6517 = VERTEX_POINT ( 'NONE', #3034 ) ;
#6518 = CARTESIAN_POINT ( 'NONE',  ( -8.189439911417320417, 0.2322041354893923382, 3.299999999999999822 ) ) ;
#6519 = ORIENTED_EDGE ( 'NONE', *, *, #6235, .F. ) ;
#6520 = CARTESIAN_POINT ( 'NONE',  ( 7.981368851358547012, -0.1640200209575111423, 3.299999999999999822 ) ) ;
#6521 = CARTESIAN_POINT ( 'NONE',  ( 0.9999999999999995559, -5.099999999999999645, -1.750000000000000444 ) ) ;
#6522 = CARTESIAN_POINT ( 'NONE',  ( 1.093850374836839778, 0.06460574420434517240, 3.199999999999999289 ) ) ;
#6523 = CARTESIAN_POINT ( 'NONE',  ( 30.67502342020044992, 12.51501761024782411, 1.500000000000008660 ) ) ;
#6524 = CARTESIAN_POINT ( 'NONE',  ( 8.549999999999998934, -7.699999999999999289, 0.000000000000000000 ) ) ;
#6525 = UNCERTAINTY_MEASURE_WITH_UNIT (LENGTH_MEASURE( 1.000000000000000082E-05 ), #4871, 'distance_accuracy_value', 'NONE');
#6526 = ORIENTED_EDGE ( 'NONE', *, *, #888, .F. ) ;
#6527 = CARTESIAN_POINT ( 'NONE',  ( -6.911456296796050225, 3.158925150470280219, -4.000000000000000888 ) ) ;
#6528 = CARTESIAN_POINT ( 'NONE',  ( 1.147205080182419623, -0.2511885229174983247, 3.300000000000000266 ) ) ;
#6529 = CARTESIAN_POINT ( 'NONE',  ( 2.119390882108975305, 0.09717518542191658226, 3.200000000000000178 ) ) ;
#6530 = VERTEX_POINT ( 'NONE', #7936 ) ;
#6531 =( NAMED_UNIT ( * ) SI_UNIT ( $, .STERADIAN. ) SOLID_ANGLE_UNIT ( ) );
#6532 = LINE ( 'NONE', #267, #4828 ) ;
#6533 = SURFACE_STYLE_USAGE ( .BOTH. , #958 ) ;
#6534 = FACE_OUTER_BOUND ( 'NONE', #7804, .T. ) ;
#6535 = CARTESIAN_POINT ( 'NONE',  ( 2.119697524995645566, -0.1140827936509005436, 3.299999999999998490 ) ) ;
#6536 = CARTESIAN_POINT ( 'NONE',  ( 9.026125532001156415, -0.3123006664395807097, 3.299999999999999378 ) ) ;
#6537 = DIRECTION ( 'NONE',  ( 1.351345363508946299E-16, 6.610348994666661011E-17, -1.000000000000000000 ) ) ;
#6538 = CARTESIAN_POINT ( 'NONE',  ( -6.239539820328943165, -0.3417455459945946128, 3.199999999999999289 ) ) ;
#6539 = VERTEX_POINT ( 'NONE', #303 ) ;
#6540 = CARTESIAN_POINT ( 'NONE',  ( -6.729806525875980938, -0.3417680260609263221, 3.199999999999999289 ) ) ;
#6541 = PRESENTATION_LAYER_ASSIGNMENT (  '', '', ( #1390 ) ) ;
#6542 = FACE_OUTER_BOUND ( 'NONE', #4766, .T. ) ;
#6543 = CARTESIAN_POINT ( 'NONE',  ( -8.050000000000000711, -9.099999999999999645, 1.750000000000000000 ) ) ;
#6544 = ORIENTED_EDGE ( 'NONE', *, *, #6585, .T. ) ;
#6545 = LINE ( 'NONE', #5199, #5846 ) ;
#6546 = CARTESIAN_POINT ( 'NONE',  ( 8.858772697512392824, -0.3521209824959727341, 3.200000000000000178 ) ) ;
#6547 = CARTESIAN_POINT ( 'NONE',  ( 8.789295027970814189, -0.3462697766657425458, 3.199999999999999734 ) ) ;
#6548 = CARTESIAN_POINT ( 'NONE',  ( -6.125754150862273484, 0.04480595572570827967, 3.299999999999999822 ) ) ;
#6549 = VECTOR ( 'NONE', #2754, 1000.000000000000000 ) ;
#6550 = LINE ( 'NONE', #1572, #5551 ) ;
#6551 = CARTESIAN_POINT ( 'NONE',  ( 9.650000000000002132, -5.099999999999999645, 3.200000000000000178 ) ) ;
#6552 = CARTESIAN_POINT ( 'NONE',  ( -7.500061426487823368, -0.4901566081137488373, 3.200000000000001510 ) ) ;
#6553 = CARTESIAN_POINT ( 'NONE',  ( 1.935569342642200708, -0.1096950664619842086, 3.199999999999999734 ) ) ;
#6554 = COLOUR_RGB ( '',0.2509803921568627416, 0.2509803921568627416, 0.2509803921568627416 ) ;
#6556 =( GEOMETRIC_REPRESENTATION_CONTEXT ( 3 ) GLOBAL_UNCERTAINTY_ASSIGNED_CONTEXT ( ( #4648 ) ) GLOBAL_UNIT_ASSIGNED_CONTEXT ( ( #5132, #4995, #3718 ) ) REPRESENTATION_CONTEXT ( 'NONE', 'WORKASPACE' ) );
#6555 = CARTESIAN_POINT ( 'NONE',  ( 1.276129911437260400, -0.4125266055452850855, 3.199999999999999734 ) ) ;
#6557 = CARTESIAN_POINT ( 'NONE',  ( 8.767210773216978836, -0.3410700691199376466, 3.300000000000000266 ) ) ;
#6558 = COLOUR_RGB ( '',0.2509803921568627416, 0.2509803921568627416, 0.2509803921568627416 ) ;
#6559 = CARTESIAN_POINT ( 'NONE',  ( -6.953199797201794041, -0.1593853426835908083, 3.299999999999999822 ) ) ;
#6560 = VECTOR ( 'NONE', #2645, 1000.000000000000114 ) ;
#6561 = ORIENTED_EDGE ( 'NONE', *, *, #6843, .T. ) ;
#6562 = SURFACE_SIDE_STYLE ('',( #3760 ) ) ;
#6563 = SURFACE_STYLE_FILL_AREA ( #8670 ) ;
#6564 = DIRECTION ( 'NONE',  ( -0.000000000000000000, -0.000000000000000000, -1.000000000000000000 ) ) ;
#6565 = EDGE_CURVE ( 'NONE', #601, #1436, #3627, .T. ) ;
#6566 = FACE_OUTER_BOUND ( 'NONE', #6015, .T. ) ;
#6567 = LINE ( 'NONE', #8675, #5219 ) ;
#6568 = EDGE_LOOP ( 'NONE', ( #4087, #5797, #2995, #7787, #2172, #279 ) ) ;
#6569 = CARTESIAN_POINT ( 'NONE',  ( -7.993874146458992413, -0.2211933102414299634, 3.199999999999999734 ) ) ;
#6570 = FACE_BOUND ( 'NONE', #3812, .T. ) ;
#6571 = SURFACE_STYLE_USAGE ( .BOTH. , #8680 ) ;
#6572 = ORIENTED_EDGE ( 'NONE', *, *, #7809, .F. ) ;
#6573 = PLANE ( 'NONE',  #7196 ) ;
#6574 = CARTESIAN_POINT ( 'NONE',  ( 1.203435150288049593, -0.3367524797816547899, 3.299999999999998490 ) ) ;
#6575 = SURFACE_STYLE_FILL_AREA ( #1604 ) ;
#6576 = CARTESIAN_POINT ( 'NONE',  ( -5.218365111445070426, 5.881416799501195669, 3.400000000000000355 ) ) ;
#6577 = CARTESIAN_POINT ( 'NONE',  ( 8.596023159736928321, 0.4490895417054543426, 3.199999999999998845 ) ) ;
#6578 = PRESENTATION_LAYER_ASSIGNMENT (  '', '', ( #6725 ) ) ;
#6579 = CARTESIAN_POINT ( 'NONE',  ( -0.9454611344085813718, 6.099999999999999645, -0.8807521802656378407 ) ) ;
#6580 = VECTOR ( 'NONE', #750, 1000.000000000000000 ) ;
#6581 = DIRECTION ( 'NONE',  ( 4.206037906820366441E-16, 7.416379648549885601E-17, -1.000000000000000000 ) ) ;
#6582 = ORIENTED_EDGE ( 'NONE', *, *, #344, .T. ) ;
#6583 = CARTESIAN_POINT ( 'NONE',  ( -7.717800532875402908, 0.5196738892988990166, 3.299999999999999822 ) ) ;
#6584 = CARTESIAN_POINT ( 'NONE',  ( 8.549999999999998934, -5.099999999999999645, 1.750000000000000000 ) ) ;
#6585 = EDGE_CURVE ( 'NONE', #3579, #4891, #7884, .T. ) ;
#6586 = ORIENTED_EDGE ( 'NONE', *, *, #3647, .F. ) ;
#6587 = EDGE_CURVE ( 'NONE', #1658, #3740, #912, .T. ) ;
#6588 = DIRECTION ( 'NONE',  ( 0.6895740745890384105, -0.7242151583988499786, 0.000000000000000000 ) ) ;
#6589 = STYLED_ITEM ( 'NONE', ( #2960 ), #7140 ) ;
#6590 = DIRECTION ( 'NONE',  ( 0.000000000000000000, 0.000000000000000000, 1.000000000000000000 ) ) ;
#6591 = CARTESIAN_POINT ( 'NONE',  ( 8.049999999999998934, -5.099999999999999645, -1.750000000000000222 ) ) ;
#6592 = CARTESIAN_POINT ( 'NONE',  ( -6.356231294197676185, 0.4336530536449935136, 3.300000000000000266 ) ) ;
#6593 = AXIS2_PLACEMENT_3D ( 'NONE', #4043, #5987, #6172 ) ;
#6594 = EDGE_CURVE ( 'NONE', #3281, #6539, #7216, .T. ) ;
#6595 = CARTESIAN_POINT ( 'NONE',  ( 9.289061159050852723, 0.3205552995553094253, 3.299999999999999822 ) ) ;
#6596 = STYLED_ITEM ( 'NONE', ( #7263 ), #7667 ) ;
#6597 = SURFACE_SIDE_STYLE ('',( #3064 ) ) ;
#6598 = CARTESIAN_POINT ( 'NONE',  ( -7.928287326090790899, -0.4954108444338117812, 3.200000000000000178 ) ) ;
#6599 = CARTESIAN_POINT ( 'NONE',  ( 1.935569342642200708, -0.1096950664619842086, 3.299999999999999378 ) ) ;
#6600 = MECHANICAL_DESIGN_GEOMETRIC_PRESENTATION_REPRESENTATION (  '', ( #4243 ), #1003 ) ;
#6601 = VECTOR ( 'NONE', #3106, 1000.000000000000114 ) ;
#6602 = FILL_AREA_STYLE_COLOUR ( '', #3038 ) ;
#6603 = VECTOR ( 'NONE', #4732, 1000.000000000000000 ) ;
#6604 = CARTESIAN_POINT ( 'NONE',  ( 8.724421368480236083, -0.3273695710141770188, 3.200000000000000178 ) ) ;
#6605 = ADVANCED_FACE ( 'NONE', ( #172 ), #2360, .T. ) ;
#6606 = EDGE_CURVE ( 'NONE', #8167, #5360, #111, .T. ) ;
#6607 = CARTESIAN_POINT ( 'NONE',  ( -6.860428738003608196, -0.2751979055728958068, 3.200000000000000178 ) ) ;
#6608 = CARTESIAN_POINT ( 'NONE',  ( -7.984155839881634797, 0.4490895417054543426, 3.200000000000002398 ) ) ;
#6609 = VERTEX_POINT ( 'NONE', #6333 ) ;
#6610 = COLOUR_RGB ( '',1.000000000000000000, 0.000000000000000000, 0.000000000000000000 ) ;
#6611 = DIRECTION ( 'NONE',  ( -0.000000000000000000, -0.000000000000000000, -1.000000000000000000 ) ) ;
#6612 = AXIS2_PLACEMENT_3D ( 'NONE', #8942, #1166, #526 ) ;
#6613 = CARTESIAN_POINT ( 'NONE',  ( 1.610977564102564097, 0.5196738892988990166, 3.299999999999999822 ) ) ;
#6614 = LINE ( 'NONE', #473, #3536 ) ;
#6615 = PRESENTATION_STYLE_ASSIGNMENT (( #3762 ) ) ;
#6616 = DIRECTION ( 'NONE',  ( 0.000000000000000000, -1.000000000000000000, 0.000000000000000000 ) ) ;
#6617 = VECTOR ( 'NONE', #7174, 1000.000000000000114 ) ;
#6618 = UNCERTAINTY_MEASURE_WITH_UNIT (LENGTH_MEASURE( 1.000000000000000082E-05 ), #8130, 'distance_accuracy_value', 'NONE');
#6619 = STYLED_ITEM ( 'NONE', ( #8574 ), #4716 ) ;
#6620 = EDGE_LOOP ( 'NONE', ( #1051, #7544, #951, #660, #7780 ) ) ;
#6621 = CARTESIAN_POINT ( 'NONE',  ( -7.768149801013612077, -0.3494713964019973695, 3.200000000000000178 ) ) ;
#6622 = CARTESIAN_POINT ( 'NONE',  ( 8.442874536893022253, 0.3171879314990538323, 3.299999999999999822 ) ) ;
#6623 = VECTOR ( 'NONE', #7368, 1000.000000000000000 ) ;
#6624 = VERTEX_POINT ( 'NONE', #8558 ) ;
#6625 = CARTESIAN_POINT ( 'NONE',  ( -1.215228923488530510, 6.891905700454088013, -1.859130753469924856E-16 ) ) ;
#6626 = CARTESIAN_POINT ( 'NONE',  ( 1.610977564102564097, 0.5196738892988990166, 3.299999999999999822 ) ) ;
#6627 = CARTESIAN_POINT ( 'NONE',  ( -7.162912712362582646, -0.005566495316485452725, 3.200000000000000178 ) ) ;
#6628 = CARTESIAN_POINT ( 'NONE',  ( 8.160856030845726750, 0.4940328636578734667, 3.299999999999999822 ) ) ;
#6629 = CARTESIAN_POINT ( 'NONE',  ( -7.356180868148929797, 0.3861944913999414419, 3.200000000000001066 ) ) ;
#6630 = CARTESIAN_POINT ( 'NONE',  ( -6.000743606425775312, 3.407981154372803800, -4.000000000000000888 ) ) ;
#6631 = SURFACE_STYLE_FILL_AREA ( #3821 ) ;
#6632 = ORIENTED_EDGE ( 'NONE', *, *, #7842, .F. ) ;
#6633 = CARTESIAN_POINT ( 'NONE',  ( -6.836471778807595712, -0.2935164394439004343, 3.200000000000000178 ) ) ;
#6634 = EDGE_CURVE ( 'NONE', #4418, #7815, #2888, .T. ) ;
#6635 = VECTOR ( 'NONE', #8461, 1000.000000000000000 ) ;
#6636 = CARTESIAN_POINT ( 'NONE',  ( 9.150820972121209707, -0.2133483499873540801, 3.200000000000000622 ) ) ;
#6637 = ORIENTED_EDGE ( 'NONE', *, *, #1156, .F. ) ;
#6638 = SURFACE_SIDE_STYLE ('',( #1756 ) ) ;
#6639 = FILL_AREA_STYLE ('',( #235 ) ) ;
#6640 = PRESENTATION_STYLE_ASSIGNMENT (( #281 ) ) ;
#6641 = LINE ( 'NONE', #5945, #3838 ) ;
#6642 = CARTESIAN_POINT ( 'NONE',  ( -6.315195590523720703, 0.4021298811425257913, 3.299999999999999822 ) ) ;
#6643 = DIRECTION ( 'NONE',  ( 0.000000000000000000, 1.000000000000000000, 0.000000000000000000 ) ) ;
#6644 = B_SPLINE_CURVE_WITH_KNOTS ( 'NONE', 3,
 ( #3534, #19, #6368, #8459, #2191, #4973, #1490, #4287, #829, #3655, #1617 ),
 .UNSPECIFIED., .F., .F.,
 ( 4, 1, 1, 1, 1, 1, 1, 1, 4 ),
 ( 0.000000000000000000, 0.1394064381817396447, 0.2723044483741594024, 0.3995253362717584578, 0.5228108782578220204, 0.6426627165918695761, 0.7610226208095217659, 0.8798007967838054055, 1.000000000000000000 ),
 .UNSPECIFIED. ) ;
#6645 = FACE_OUTER_BOUND ( 'NONE', #2176, .T. ) ;
#6646 = CARTESIAN_POINT ( 'NONE',  ( -5.364435148260017883, -0.5059671363421265333, 3.200000000000000178 ) ) ;
#6647 = CARTESIAN_POINT ( 'NONE',  ( 1.948717948717948900, -0.006568097880588056638, 3.299999999999999822 ) ) ;
#6648 = CARTESIAN_POINT ( 'NONE',  ( -7.710451716398075916, -0.5315127002847459536, 3.299999999999999378 ) ) ;
#6649 =( NAMED_UNIT ( * ) PLANE_ANGLE_UNIT ( ) SI_UNIT ( $, .RADIAN. ) );
#6650 = EDGE_CURVE ( 'NONE', #4876, #5324, #5653, .T. ) ;
#6651 =( NAMED_UNIT ( * ) PLANE_ANGLE_UNIT ( ) SI_UNIT ( $, .RADIAN. ) );
#6652 = CARTESIAN_POINT ( 'NONE',  ( -7.822095197849717074, 0.5099912977391110047, 3.300000000000000266 ) ) ;
#6653 = ORIENTED_EDGE ( 'NONE', *, *, #8115, .T. ) ;
#6654 = PLANE ( 'NONE',  #1315 ) ;
#6655 = CARTESIAN_POINT ( 'NONE',  ( 1.645904655914713688, -0.3511813902018700584, 3.299999999999999378 ) ) ;
#6656 = CARTESIAN_POINT ( 'NONE',  ( 0.7473958333333333703, -0.5059671363421265333, 3.299999999999999822 ) ) ;
#6657 = CARTESIAN_POINT ( 'NONE',  ( -6.304244128156404336, -0.01853698339026317587, 3.299999999999999822 ) ) ;
#6658 = ADVANCED_FACE ( 'NONE', ( #6514 ), #2110, .T. ) ;
#6659 = ORIENTED_EDGE ( 'NONE', *, *, #8462, .F. ) ;
#6660 = CARTESIAN_POINT ( 'NONE',  ( -7.642740022454406201, 0.3319331128999253866, 3.300000000000000266 ) ) ;
#6661 = CARTESIAN_POINT ( 'NONE',  ( 8.758083801768847820, 0.5099912977391113378, 3.299999999999999378 ) ) ;
#6662 = DIRECTION ( 'NONE',  ( -4.819705125750658792E-18, 2.733390605558793955E-17, 1.000000000000000000 ) ) ;
#6663 = CARTESIAN_POINT ( 'NONE',  ( 1.761812453343071683, 0.4988563023161741716, 3.300000000000000711 ) ) ;
#6664 = CARTESIAN_POINT ( 'NONE',  ( -6.161617841763060710, 0.1956724497542842167, 3.199999999999999289 ) ) ;
#6665 = CARTESIAN_POINT ( 'NONE',  ( -6.932563451130993037, 0.4310982707423297033, 3.299999999999999822 ) ) ;
#6666 = CARTESIAN_POINT ( 'NONE',  ( 2.091430796074487564, -0.2115733426068731049, 3.299999999999998934 ) ) ;
#6667 = CARTESIAN_POINT ( 'NONE',  ( 8.862378466743162875, 0.5196738892988990166, 3.299999999999999822 ) ) ;
#6668 = CARTESIAN_POINT ( 'NONE',  ( 30.67502342020044992, 12.51501761024782589, -1.999999999999991340 ) ) ;
#6669 = ORIENTED_EDGE ( 'NONE', *, *, #742, .F. ) ;
#6670 =( LENGTH_UNIT ( ) NAMED_UNIT ( * ) SI_UNIT ( .MILLI., .METRE. ) );
#6671 = FILL_AREA_STYLE ('',( #1086 ) ) ;
#6672 = UNCERTAINTY_MEASURE_WITH_UNIT (LENGTH_MEASURE( 1.000000000000000082E-05 ), #5122, 'distance_accuracy_value', 'NONE');
#6673 = ORIENTED_EDGE ( 'NONE', *, *, #621, .F. ) ;
#6674 = DIRECTION ( 'NONE',  ( -0.000000000000000000, -0.000000000000000000, -1.000000000000000000 ) ) ;
#6675 = DIRECTION ( 'NONE',  ( 0.000000000000000000, 0.000000000000000000, -1.000000000000000000 ) ) ;
#6676 = CARTESIAN_POINT ( 'NONE',  ( 7.527642889820085337, 0.4940328636578734667, 3.299999999999999822 ) ) ;
#6677 = CARTESIAN_POINT ( 'NONE',  ( 8.543559311308456472, -0.1433069021585721692, 3.200000000000001066 ) ) ;
#6678 = CARTESIAN_POINT ( 'NONE',  ( -6.161617841763060710, 0.1956724497542842167, 3.299999999999999822 ) ) ;
#6679 = CARTESIAN_POINT ( 'NONE',  ( -6.747691431762296688, -0.5225846741956211572, 3.300000000000000711 ) ) ;
#6680 = PRESENTATION_LAYER_ASSIGNMENT (  '', '', ( #1535 ) ) ;
#6681 = VERTEX_POINT ( 'NONE', #1577 ) ;
#6682 = DIRECTION ( 'NONE',  ( 0.000000000000000000, -1.000000000000000000, 0.000000000000000000 ) ) ;
#6683 = CARTESIAN_POINT ( 'NONE',  ( 9.650000000000002132, 5.099999999999999645, -3.200000000000000178 ) ) ;
#6684 = CARTESIAN_POINT ( 'NONE',  ( 1.771008668473997183, -0.3137282725069115430, 3.299999999999999378 ) ) ;
#6685 = CARTESIAN_POINT ( 'NONE',  ( -7.603222356079517574, 0.3203816043915226341, 3.299999999999999378 ) ) ;
#6686 = CARTESIAN_POINT ( 'NONE',  ( 1.504964870343876493, -0.5225846741956212682, 3.200000000000000178 ) ) ;
#6687 = CARTESIAN_POINT ( 'NONE',  ( -7.348010711306453224, -0.3902659293025291243, 3.300000000000000266 ) ) ;
#6688 = STYLED_ITEM ( 'NONE', ( #3757 ), #248 ) ;
#6689 = CARTESIAN_POINT ( 'NONE',  ( 8.858772697512392824, -0.3521209824959727341, 3.299999999999999822 ) ) ;
#6690 = CARTESIAN_POINT ( 'NONE',  ( -5.037111430311299820, 0.4940328636578734667, 3.299999999999999822 ) ) ;
#6691 =( GEOMETRIC_REPRESENTATION_CONTEXT ( 3 ) GLOBAL_UNCERTAINTY_ASSIGNED_CONTEXT ( ( #1362 ) ) GLOBAL_UNIT_ASSIGNED_CONTEXT ( ( #2218, #7834, #7798 ) ) REPRESENTATION_CONTEXT ( 'NONE', 'WORKASPACE' ) );
#6692 = CARTESIAN_POINT ( 'NONE',  ( -8.014043926521738470, 0.4308291787863750555, 3.300000000000000266 ) ) ;
#6693 = VECTOR ( 'NONE', #5692, 1000.000000000000000 ) ;
#6694 = EDGE_LOOP ( 'NONE', ( #5765, #587, #5287, #8159 ) ) ;
#6695 = CYLINDRICAL_SURFACE ( 'NONE', #4932, 1.250000000000000222 ) ;
#6696 = CARTESIAN_POINT ( 'NONE',  ( 8.520164799526275701, 0.007934199377222214689, 3.199999999999999734 ) ) ;
#6697 = DIRECTION ( 'NONE',  ( 0.9848077530122080203, 0.1736481776669306920, 4.270922821185615808E-16 ) ) ;
#6698 = CARTESIAN_POINT ( 'NONE',  ( 1.307054608197772305, 0.1607786497579152818, 3.300000000000001155 ) ) ;
#6699 = MECHANICAL_DESIGN_GEOMETRIC_PRESENTATION_REPRESENTATION (  '', ( #6409 ), #1413 ) ;
#6700 = UNCERTAINTY_MEASURE_WITH_UNIT (LENGTH_MEASURE( 1.000000000000000082E-05 ), #8821, 'distance_accuracy_value', 'NONE');
#6701 = ORIENTED_EDGE ( 'NONE', *, *, #3107, .F. ) ;
#6702 = SURFACE_STYLE_FILL_AREA ( #3361 ) ;
#6703 = CARTESIAN_POINT ( 'NONE',  ( 8.573891261106410866, -0.2031116944012719694, 3.299999999999999378 ) ) ;
#6704 =( NAMED_UNIT ( * ) PLANE_ANGLE_UNIT ( ) SI_UNIT ( $, .RADIAN. ) );
#6705 = CARTESIAN_POINT ( 'NONE',  ( -7.829229332768651517, -0.5233095848922482141, 3.300000000000000266 ) ) ;
#6706 = DIRECTION ( 'NONE',  ( -1.000000000000000000, 0.000000000000000000, 0.000000000000000000 ) ) ;
#6707 = CARTESIAN_POINT ( 'NONE',  ( -6.676281336483178563, 0.5192128638140554031, 3.300000000000000266 ) ) ;
#6708 = FILL_AREA_STYLE ('',( #6762 ) ) ;
#6709 = FILL_AREA_STYLE ('',( #6112 ) ) ;
#6710 = LINE ( 'NONE', #3820, #796 ) ;
#6711 = MECHANICAL_DESIGN_GEOMETRIC_PRESENTATION_REPRESENTATION (  '', ( #2609 ), #2473 ) ;
#6712 = EDGE_CURVE ( 'NONE', #5670, #7943, #7072, .T. ) ;
#6713 = EDGE_CURVE ( 'NONE', #3453, #7290, #477, .T. ) ;
#6714 = ORIENTED_EDGE ( 'NONE', *, *, #5954, .F. ) ;
#6715 = LINE ( 'NONE', #1885, #8771 ) ;
#6716 =( NAMED_UNIT ( * ) SI_UNIT ( $, .STERADIAN. ) SOLID_ANGLE_UNIT ( ) );
#6717 = FACE_OUTER_BOUND ( 'NONE', #7800, .T. ) ;
#6718 = ORIENTED_EDGE ( 'NONE', *, *, #5074, .T. ) ;
#6719 = MECHANICAL_DESIGN_GEOMETRIC_PRESENTATION_REPRESENTATION (  '', ( #2613 ), #6869 ) ;
#6720 = CARTESIAN_POINT ( 'NONE',  ( 1.608173076923077094, 0.3401867098117196120, 3.299999999999999822 ) ) ;
#6721 = CARTESIAN_POINT ( 'NONE',  ( -5.218365111445065985, 5.881416799501193005, 1.999999999999999112 ) ) ;
#6722 = CARTESIAN_POINT ( 'NONE',  ( 8.522196090833647375, -0.05312347106214458659, 3.200000000000000622 ) ) ;
#6723 = CARTESIAN_POINT ( 'NONE',  ( 9.157450582127777849, 0.1947540175040272936, 3.299999999999999822 ) ) ;
#6724 = VECTOR ( 'NONE', #193, 1000.000000000000114 ) ;
#6725 = STYLED_ITEM ( 'NONE', ( #2838 ), #1708 ) ;
#6726 = EDGE_LOOP ( 'NONE', ( #6673, #5019, #2021, #6561 ) ) ;
#6727 = CARTESIAN_POINT ( 'NONE',  ( -1.945461134408581483, 6.099999999999999645, -0.8807521802656375076 ) ) ;
#6728 =( LENGTH_UNIT ( ) NAMED_UNIT ( * ) SI_UNIT ( .MILLI., .METRE. ) );
#6729 = SURFACE_SIDE_STYLE ('',( #8009 ) ) ;
#6730 = CARTESIAN_POINT ( 'NONE',  ( 1.741644579886641564, -0.3278025382206052329, 3.300000000000001155 ) ) ;
#6731 = AXIS2_PLACEMENT_3D ( 'NONE', #7508, #465, #5392 ) ;
#6732 = CARTESIAN_POINT ( 'NONE',  ( 8.349047867594338257, 0.1031764313551906675, 3.200000000000000178 ) ) ;
#6733 = EDGE_CURVE ( 'NONE', #4679, #6026, #4880, .T. ) ;
#6734 = CARTESIAN_POINT ( 'NONE',  ( 1.098072787892044433, -0.1089287785490046512, 3.200000000000000622 ) ) ;
#6735 = DIRECTION ( 'NONE',  ( -1.000000000000000000, 0.000000000000000000, 0.000000000000000000 ) ) ;
#6737 = VECTOR ( 'NONE', #4361, 1000.000000000000000 ) ;
#6736 = CARTESIAN_POINT ( 'NONE',  ( -6.846388780311315259, -0.4933455912768260898, 3.200000000000000178 ) ) ;
#6738 = SURFACE_SIDE_STYLE ('',( #515 ) ) ;
#6739 = B_SPLINE_SURFACE_WITH_KNOTS ( 'NONE', 3, 1, ( 
 ( #815, #6306 ),
 ( #2132, #1472 ),
 ( #8493, #6260 ),
 ( #6953, #4270 ),
 ( #7092, #2224 ),
 ( #5578, #8365 ),
 ( #5004, #1513 ),
 ( #2088, #1363 ),
 ( #6894, #4121 ),
 ( #3450, #6149 ),
 ( #4728, #9038 ),
 ( #7612, #4865 ),
 ( #8943, #7662 ),
 ( #5461, #7520 ),
 ( #4772, #6062 ),
 ( #578, #8894 ),
 ( #2669, #6102 ),
 ( #3310, #475 ),
 ( #4164, #8849 ) ),
 .UNSPECIFIED., .F., .F., .F.,
 ( 4, 1, 1, 1, 1, 1, 1, 1, 1, 1, 1, 1, 1, 1, 1, 1, 4 ),
 ( 2, 2 ),
 ( 0.000000000000000000, 0.06471451654083608396, 0.1277069683294531355, 0.1888821628171186984, 0.2491582987223283363, 0.3096610287488857916, 0.3702248860571845657, 0.4323322219725860838, 0.4957818589938706721, 0.5593040765204260190, 0.6218605583615239851, 0.6833215373325061126, 0.7445229747823348676, 0.8060883712105108012, 0.8689943146702062693, 0.9334190568081365269, 1.000000000000000000 ),
 ( 0.000000000000000000, 1.000000000000000000 ),
 .UNSPECIFIED. ) ;
#6740 =( GEOMETRIC_REPRESENTATION_CONTEXT ( 3 ) GLOBAL_UNCERTAINTY_ASSIGNED_CONTEXT ( ( #2951 ) ) GLOBAL_UNIT_ASSIGNED_CONTEXT ( ( #3641, #3603, #7048 ) ) REPRESENTATION_CONTEXT ( 'NONE', 'WORKASPACE' ) );
#6741 = EDGE_CURVE ( 'NONE', #2506, #2288, #5098, .T. ) ;
#6742 = DIRECTION ( 'NONE',  ( -1.000000000000000000, 0.000000000000000000, 0.000000000000000000 ) ) ;
#6743 = MECHANICAL_DESIGN_GEOMETRIC_PRESENTATION_REPRESENTATION (  '', ( #709 ), #7193 ) ;
#6744 = VECTOR ( 'NONE', #53, 1000.000000000000000 ) ;
#6745 = EDGE_LOOP ( 'NONE', ( #4286, #1195, #1187, #4591 ) ) ;
#6746 = EDGE_CURVE ( 'NONE', #3784, #2611, #2813, .T. ) ;
#6747 = CARTESIAN_POINT ( 'NONE',  ( -8.047325625710852748, 0.09872081173813591903, 3.299999999999998934 ) ) ;
#6748 = STYLED_ITEM ( 'NONE', ( #4013 ), #7440 ) ;
#6749 = CARTESIAN_POINT ( 'NONE',  ( -7.855757631138330588, -0.3273695710141773518, 3.299999999999999822 ) ) ;
#6750 = CARTESIAN_POINT ( 'NONE',  ( 1.910819313362801974, -0.1715579668125875312, 3.299999999999999822 ) ) ;
#6751 = SURFACE_STYLE_USAGE ( .BOTH. , #575 ) ;
#6752 = CARTESIAN_POINT ( 'NONE',  ( 1.596472149418542097, 0.3398727476550354454, 3.300000000000000266 ) ) ;
#6753 = AXIS2_PLACEMENT_3D ( 'NONE', #1972, #5320, #8116 ) ;
#6754 = ORIENTED_EDGE ( 'NONE', *, *, #2557, .F. ) ;
#6755 = VECTOR ( 'NONE', #4676, 1000.000000000000000 ) ;
#6756 = CARTESIAN_POINT ( 'NONE',  ( 8.356635220666873920, 0.1368979101568717216, 3.299999999999999378 ) ) ;
#6757 = EDGE_CURVE ( 'NONE', #7981, #2266, #3068, .T. ) ;
#6758 = DIRECTION ( 'NONE',  ( -1.000000000000000000, 0.000000000000000000, 0.000000000000000000 ) ) ;
#6759 = CARTESIAN_POINT ( 'NONE',  ( -6.444053398050354708, 0.4820773748935082703, 3.300000000000000266 ) ) ;
#6760 = ADVANCED_FACE ( 'NONE', ( #7967 ), #3913, .F. ) ;
#6761 =( NAMED_UNIT ( * ) SI_UNIT ( $, .STERADIAN. ) SOLID_ANGLE_UNIT ( ) );
#6762 = FILL_AREA_STYLE_COLOUR ( '', #1827 ) ;
#6763 = CARTESIAN_POINT ( 'NONE',  ( -6.304844348291958944, -0.04203128975777400966, 3.199999999999999734 ) ) ;
#6764 = DIRECTION ( 'NONE',  ( 0.000000000000000000, -1.000000000000000000, 0.000000000000000000 ) ) ;
#6765 = VECTOR ( 'NONE', #3170, 1000.000000000000000 ) ;
#6766 = ORIENTED_EDGE ( 'NONE', *, *, #522, .F. ) ;
#6767 = VECTOR ( 'NONE', #3098, 1000.000000000000000 ) ;
#6768 = DIRECTION ( 'NONE',  ( -4.872818752743842964E-17, 1.000000000000000000, -0.000000000000000000 ) ) ;
#6769 = CARTESIAN_POINT ( 'NONE',  ( 9.258577563363720841, -0.3662656045617531109, 3.299999999999999822 ) ) ;
#6770 = DIRECTION ( 'NONE',  ( -0.000000000000000000, -0.000000000000000000, 1.000000000000000000 ) ) ;
#6771 = COLOUR_RGB ( '',0.2509803921568627416, 0.2509803921568627416, 0.2509803921568627416 ) ;
#6772 = ORIENTED_EDGE ( 'NONE', *, *, #6741, .F. ) ;
#6773 = CARTESIAN_POINT ( 'NONE',  ( 1.196598084908239823, 0.3155788406734617024, 3.300000000000000266 ) ) ;
#6774 = CARTESIAN_POINT ( 'NONE',  ( -5.270459564745146430, 6.176859125404855710, 3.999999999999999112 ) ) ;
#6775 = DIRECTION ( 'NONE',  ( -0.000000000000000000, -0.000000000000000000, -1.000000000000000000 ) ) ;
#6776 = CARTESIAN_POINT ( 'NONE',  ( 7.981368851358547012, -0.1640200209575111423, 3.299999999999999822 ) ) ;
#6777 = CARTESIAN_POINT ( 'NONE',  ( 9.205792250377749397, -0.4118328890935205600, 3.300000000000000711 ) ) ;
#6778 = CARTESIAN_POINT ( 'NONE',  ( 1.551748421546491841, -0.3477163731273746894, 3.299999999999999378 ) ) ;
#6779 = PRESENTATION_LAYER_ASSIGNMENT (  '', '', ( #6038 ) ) ;
#6780 = CARTESIAN_POINT ( 'NONE',  ( -6.402739493821509420, 0.2397606950972752948, 3.299999999999999822 ) ) ;
#6781 = ORIENTED_EDGE ( 'NONE', *, *, #2802, .T. ) ;
#6782 = PRESENTATION_STYLE_ASSIGNMENT (( #1847 ) ) ;
#6783 = ADVANCED_FACE ( 'NONE', ( #609 ), #5488, .T. ) ;
#6784 = CARTESIAN_POINT ( 'NONE',  ( -6.986772066458169839, 0.3895654489052693958, 3.300000000000000266 ) ) ;
#6785 = CARTESIAN_POINT ( 'NONE',  ( 8.406095332329165615, 0.2618354114071754224, 3.200000000000000622 ) ) ;
#6786 = UNCERTAINTY_MEASURE_WITH_UNIT (LENGTH_MEASURE( 1.000000000000000082E-05 ), #2345, 'distance_accuracy_value', 'NONE');
#6787 = ORIENTED_EDGE ( 'NONE', *, *, #2018, .T. ) ;
#6788 = DIRECTION ( 'NONE',  ( 4.872818752743842964E-17, -1.000000000000000000, 0.000000000000000000 ) ) ;
#6789 = SURFACE_STYLE_USAGE ( .BOTH. , #1244 ) ;
#6790 =( NAMED_UNIT ( * ) SI_UNIT ( $, .STERADIAN. ) SOLID_ANGLE_UNIT ( ) );
#6791 =( NAMED_UNIT ( * ) PLANE_ANGLE_UNIT ( ) SI_UNIT ( $, .RADIAN. ) );
#6792 = CARTESIAN_POINT ( 'NONE',  ( 9.149912209990898049, 0.4393128055917986385, 3.299999999999998934 ) ) ;
#6793 = DIRECTION ( 'NONE',  ( -0.5677975635275859245, 0.8231682251229921476, 0.000000000000000000 ) ) ;
#6794 = VERTEX_POINT ( 'NONE', #4851 ) ;
#6795 = CARTESIAN_POINT ( 'NONE',  ( 1.611778846153846256, -0.3521209824959727341, 3.299999999999999378 ) ) ;
#6796 = DIRECTION ( 'NONE',  ( 0.000000000000000000, 0.000000000000000000, 1.000000000000000000 ) ) ;
#6797 = CARTESIAN_POINT ( 'NONE',  ( 1.418177029616486617, 0.2853420351624343376, 3.300000000000000711 ) ) ;
#6798 = UNCERTAINTY_MEASURE_WITH_UNIT (LENGTH_MEASURE( 1.000000000000000082E-05 ), #3652, 'distance_accuracy_value', 'NONE');
#6799 =( NAMED_UNIT ( * ) PLANE_ANGLE_UNIT ( ) SI_UNIT ( $, .RADIAN. ) );
#6800 = CARTESIAN_POINT ( 'NONE',  ( -8.043729114147225800, -0.1217338719146439513, 3.199999999999999289 ) ) ;
#6801 = ORIENTED_EDGE ( 'NONE', *, *, #6228, .F. ) ;
#6802 = CARTESIAN_POINT ( 'NONE',  ( 8.596023159736928321, 0.4490895417054543426, 3.299999999999999378 ) ) ;
#6803 = CARTESIAN_POINT ( 'NONE',  ( -7.720605020054890133, -0.5316081619831521943, 3.299999999999999822 ) ) ;
#6804 = FILL_AREA_STYLE_COLOUR ( '', #7778 ) ;
#6805 = FILL_AREA_STYLE_COLOUR ( '', #2883 ) ;
#6806 = CARTESIAN_POINT ( 'NONE',  ( -6.629377726182999808, -0.3518043582883352283, 3.200000000000000178 ) ) ;
#6807 = SURFACE_STYLE_FILL_AREA ( #3423 ) ;
#6808 = ORIENTED_EDGE ( 'NONE', *, *, #8209, .F. ) ;
#6809 = LINE ( 'NONE', #2585, #133 ) ;
#6810 = LINE ( 'NONE', #4646, #7425 ) ;
#6811 = ORIENTED_EDGE ( 'NONE', *, *, #4594, .F. ) ;
#6812 = DIRECTION ( 'NONE',  ( -0.000000000000000000, -0.000000000000000000, -1.000000000000000000 ) ) ;
#6813 = CARTESIAN_POINT ( 'NONE',  ( 8.976956643539050873, 0.3203816043915231337, 3.300000000000001155 ) ) ;
#6814 = SURFACE_SIDE_STYLE ('',( #1895 ) ) ;
#6815 = CARTESIAN_POINT ( 'NONE',  ( -7.717800532875402908, 0.5196738892988990166, 3.200000000000000178 ) ) ;
#6816 = CARTESIAN_POINT ( 'NONE',  ( 9.146286300787073387, 0.2062979031220077697, 3.199999999999999734 ) ) ;
#6817 = SURFACE_SIDE_STYLE ('',( #4002 ) ) ;
#6818 = VERTEX_POINT ( 'NONE', #7647 ) ;
#6819 = CARTESIAN_POINT ( 'NONE',  ( -6.359256945870946254, 0.1868347255909332261, 3.200000000000000622 ) ) ;
#6820 = FILL_AREA_STYLE ('',( #554 ) ) ;
#6821 = SHAPE_DEFINITION_REPRESENTATION ( #4606, #577 ) ;
#6822 = CARTESIAN_POINT ( 'NONE',  ( -7.162760196366067866, 0.006262006257287160843, 3.299999999999999378 ) ) ;
#6823 = LINE ( 'NONE', #2142, #3102 ) ;
#6824 = ORIENTED_EDGE ( 'NONE', *, *, #5406, .F. ) ;
#6825 = CARTESIAN_POINT ( 'NONE',  ( 8.549999999999998934, -9.099999999999999645, 1.750000000000000000 ) ) ;
#6826 = CARTESIAN_POINT ( 'NONE',  ( -9.650000000000002132, 5.099999999999999645, 3.200000000000000178 ) ) ;
#6827 = CARTESIAN_POINT ( 'NONE',  ( 9.200245854680018098, 0.4052890225392914991, 3.199999999999999734 ) ) ;
#6828 = CARTESIAN_POINT ( 'NONE',  ( 1.292043705561810585, 0.4112873758558763804, 3.199999999999999289 ) ) ;
#6829 = ORIENTED_EDGE ( 'NONE', *, *, #6634, .T. ) ;
#6830 = AXIS2_PLACEMENT_3D ( 'NONE', #1816, #3355, #6145 ) ;
#6831 = CARTESIAN_POINT ( 'NONE',  ( -6.945601693908399987, 0.1607786497579150875, 3.200000000000000178 ) ) ;
#6832 =( GEOMETRIC_REPRESENTATION_CONTEXT ( 3 ) GLOBAL_UNCERTAINTY_ASSIGNED_CONTEXT ( ( #6700 ) ) GLOBAL_UNIT_ASSIGNED_CONTEXT ( ( #8821, #4033, #2623 ) ) REPRESENTATION_CONTEXT ( 'NONE', 'WORKASPACE' ) );
#6833 = CARTESIAN_POINT ( 'NONE',  ( -6.490843848763099722, 0.4988563023161740606, 3.199999999999998845 ) ) ;
#6834 = CARTESIAN_POINT ( 'NONE',  ( -8.006287738512154917, -0.2031116944012719416, 3.299999999999999822 ) ) ;
#6835 = CARTESIAN_POINT ( 'NONE',  ( 1.811435929500618824, -0.4945550715184536261, 3.199999999999999734 ) ) ;
#6836 = CARTESIAN_POINT ( 'NONE',  ( -5.270459564745144654, 6.176859125404855710, -1.944589023819075312E-15 ) ) ;
#6837 = AXIS2_PLACEMENT_3D ( 'NONE', #6278, #4154, #141 ) ;
#6838 = CARTESIAN_POINT ( 'NONE',  ( 9.650000000000002132, 5.099999999999999645, 3.200000000000000178 ) ) ;
#6839 = CARTESIAN_POINT ( 'NONE',  ( -8.060348609798479558, -0.003963931213921351518, 3.200000000000000178 ) ) ;
#6840 = VERTEX_POINT ( 'NONE', #2650 ) ;
#6841 = LINE ( 'NONE', #1118, #4682 ) ;
#6842 = CARTESIAN_POINT ( 'NONE',  ( 8.952075734300789733, 0.5127797074772856289, 3.200000000000001066 ) ) ;
#6843 = EDGE_CURVE ( 'NONE', #1835, #2894, #2003, .T. ) ;
#6844 = CARTESIAN_POINT ( 'NONE',  ( 0.4999999999999995559, -9.099999999999999645, 1.449999999999998623 ) ) ;
#6845 = CARTESIAN_POINT ( 'NONE',  ( -8.017080178810605418, -0.4489386903626303438, 3.300000000000000711 ) ) ;
#6846 = STYLED_ITEM ( 'NONE', ( #5662 ), #331 ) ;
#6847 = CARTESIAN_POINT ( 'NONE',  ( -6.315195590523720703, 0.4021298811425257913, 3.199999999999999289 ) ) ;
#6848 = FILL_AREA_STYLE ('',( #4823 ) ) ;
#6849 = SURFACE_STYLE_USAGE ( .BOTH. , #5515 ) ;
#6850 = CARTESIAN_POINT ( 'NONE',  ( -6.317086959463972917, -0.1096950664619841531, 3.200000000000001510 ) ) ;
#6851 = CARTESIAN_POINT ( 'NONE',  ( -7.481107029324882696, -0.2614307685271274329, 3.300000000000000711 ) ) ;
#6852 = VECTOR ( 'NONE', #8207, 1000.000000000000000 ) ;
#6853 = ORIENTED_EDGE ( 'NONE', *, *, #5104, .T. ) ;
#6854 = CARTESIAN_POINT ( 'NONE',  ( 9.118152442267760449, -0.2445380539554059818, 3.200000000000000178 ) ) ;
#6855 = DIRECTION ( 'NONE',  ( 1.000000000000000000, 0.000000000000000000, 0.000000000000000000 ) ) ;
#6856 = SURFACE_STYLE_USAGE ( .BOTH. , #5432 ) ;
#6857 = ORIENTED_EDGE ( 'NONE', *, *, #1960, .T. ) ;
#6858 = CARTESIAN_POINT ( 'NONE',  ( 1.708801511457470834, 0.3264945020559985589, 3.300000000000000711 ) ) ;
#6859 = DIRECTION ( 'NONE',  ( 0.9848077530122080203, 0.1736481776669306920, 4.270922821185605947E-16 ) ) ;
#6860 = CARTESIAN_POINT ( 'NONE',  ( -6.860979430519222433, 0.2650035628447828806, 3.300000000000000711 ) ) ;
#6861 = CARTESIAN_POINT ( 'NONE',  ( -8.050000000000000711, -9.099999999999999645, 1.449999999999998179 ) ) ;
#6862 = CARTESIAN_POINT ( 'NONE',  ( -8.214397973151809751, 0.1698066570741210979, 3.199999999999999289 ) ) ;
#6863 = CARTESIAN_POINT ( 'NONE',  ( 8.869216774398509529, 0.3397814197328729580, 3.200000000000001066 ) ) ;
#6864 = PRODUCT_DEFINITION_CONTEXT ( 'detailed design', #4021, 'design' ) ;
#6865 = FACE_OUTER_BOUND ( 'NONE', #3467, .T. ) ;
#6866 = ORIENTED_EDGE ( 'NONE', *, *, #754, .F. ) ;
#6867 = ADVANCED_FACE ( 'NONE', ( #1349, #4805 ), #1153, .F. ) ;
#6868 = EDGE_CURVE ( 'NONE', #7928, #899, #4012, .T. ) ;
#6869 =( GEOMETRIC_REPRESENTATION_CONTEXT ( 3 ) GLOBAL_UNCERTAINTY_ASSIGNED_CONTEXT ( ( #4285 ) ) GLOBAL_UNIT_ASSIGNED_CONTEXT ( ( #2848, #4156, #7066 ) ) REPRESENTATION_CONTEXT ( 'NONE', 'WORKASPACE' ) );
#6870 = CARTESIAN_POINT ( 'NONE',  ( -6.960612596544362596, 0.4112873758558763804, 3.200000000000000178 ) ) ;
#6871 = CARTESIAN_POINT ( 'NONE',  ( 8.377155037600612530, 0.2015449924610271393, 3.200000000000000178 ) ) ;
#6872 = UNCERTAINTY_MEASURE_WITH_UNIT (LENGTH_MEASURE( 1.000000000000000082E-05 ), #269, 'distance_accuracy_value', 'NONE');
#6873 = B_SPLINE_CURVE_WITH_KNOTS ( 'NONE', 3,
 ( #198, #5247, #324, #6679, #1761, #3118, #5948, #8737, #2470, #2389, #8053, #932, #4572, #7911, #5166, #887, #5906, #5115, #1667 ),
 .UNSPECIFIED., .F., .F.,
 ( 4, 1, 1, 1, 1, 1, 1, 1, 1, 1, 1, 1, 1, 1, 1, 1, 4 ),
 ( 0.000000000000000000, 0.06674865130926614654, 0.1311519760901748155, 0.1937321970570962948, 0.2553255433785980855, 0.3163881857773854778, 0.3780268629068860853, 0.4404056792054008573, 0.5045574293240812080, 0.5686582873620148471, 0.6309861790900102019, 0.6922881348732989881, 0.7526154469796391133, 0.8131995384355631407, 0.8740161248607813960, 0.9361583555105312815, 1.000000000000000000 ),
 .UNSPECIFIED. ) ;
#6874 = EDGE_LOOP ( 'NONE', ( #956, #2130, #519, #757, #4379, #2101, #8502, #5917, #968, #6446 ) ) ;
#6875 = PRESENTATION_STYLE_ASSIGNMENT (( #2604 ) ) ;
#6876 = FILL_AREA_STYLE_COLOUR ( '', #2531 ) ;
#6877 = EDGE_CURVE ( 'NONE', #2311, #2002, #7061, .T. ) ;
#6878 = SURFACE_SIDE_STYLE ('',( #2799 ) ) ;
#6879 = VECTOR ( 'NONE', #5629, 1000.000000000000000 ) ;
#6880 = SURFACE_STYLE_USAGE ( .BOTH. , #5346 ) ;
#6881 = CARTESIAN_POINT ( 'NONE',  ( 1.508500122280249878, 0.5103087069680944943, 3.199999999999998845 ) ) ;
#6882 = EDGE_LOOP ( 'NONE', ( #8555, #812, #1475, #6857 ) ) ;
#6883 = CARTESIAN_POINT ( 'NONE',  ( -5.451374250824120082, -0.2034831619831521665, 3.299999999999999822 ) ) ;
#6884 = VECTOR ( 'NONE', #2569, 1000.000000000000000 ) ;
#6885 = SURFACE_STYLE_USAGE ( .BOTH. , #8338 ) ;
#6886 = CARTESIAN_POINT ( 'NONE',  ( -7.790883971647748929, -0.3462697766657424348, 3.299999999999999378 ) ) ;
#6887 = CARTESIAN_POINT ( 'NONE',  ( 1.676501540831484505, 0.3346558347328090766, 3.200000000000000178 ) ) ;
#6888 = AXIS2_PLACEMENT_3D ( 'NONE', #168, #8614, #5082 ) ;
#6889 = EDGE_CURVE ( 'NONE', #1117, #1915, #2242, .T. ) ;
#6890 =( LENGTH_UNIT ( ) NAMED_UNIT ( * ) SI_UNIT ( .MILLI., .METRE. ) );
#6891 = SURFACE_SIDE_STYLE ('',( #2115 ) ) ;
#6892 = PRESENTATION_LAYER_ASSIGNMENT (  '', '', ( #4083 ) ) ;
#6893 = UNCERTAINTY_MEASURE_WITH_UNIT (LENGTH_MEASURE( 1.000000000000000082E-05 ), #786, 'distance_accuracy_value', 'NONE');
#6894 = CARTESIAN_POINT ( 'NONE',  ( -7.939104252224137959, 0.2643409816514169508, 3.299999999999998934 ) ) ;
#6895 = B_SPLINE_SURFACE_WITH_KNOTS ( 'NONE', 3, 1, ( 
 ( #4128, #3681 ),
 ( #421, #6051 ),
 ( #7116, #3256 ),
 ( #802, #851 ),
 ( #210, #1807 ),
 ( #7250, #6736 ),
 ( #8564, #4446 ),
 ( #8529, #2990 ),
 ( #2303, #6476 ),
 ( #5745, #6422 ),
 ( #5782, #5306 ),
 ( #8841, #1638 ),
 ( #4351, #7827 ),
 ( #2260, #2945 ),
 ( #7159, #3030 ),
 ( #1856, #2566 ),
 ( #5035, #1104 ),
 ( #5345, #8142 ),
 ( #8107, #8669 ) ),
 .UNSPECIFIED., .F., .F., .F.,
 ( 4, 1, 1, 1, 1, 1, 1, 1, 1, 1, 1, 1, 1, 1, 1, 1, 4 ),
 ( 2, 2 ),
 ( 0.000000000000000000, 0.06674865130926614654, 0.1311519760901748155, 0.1937321970570962948, 0.2553255433785980855, 0.3163881857773854778, 0.3780268629068860853, 0.4404056792054008573, 0.5045574293240812080, 0.5686582873620148471, 0.6309861790900102019, 0.6922881348732989881, 0.7526154469796391133, 0.8131995384355631407, 0.8740161248607813960, 0.9361583555105312815, 1.000000000000000000 ),
 ( 0.000000000000000000, 1.000000000000000000 ),
 .UNSPECIFIED. ) ;
#6896 = VERTEX_POINT ( 'NONE', #6452 ) ;
#6897 =( GEOMETRIC_REPRESENTATION_CONTEXT ( 3 ) GLOBAL_UNCERTAINTY_ASSIGNED_CONTEXT ( ( #3768 ) ) GLOBAL_UNIT_ASSIGNED_CONTEXT ( ( #3222, #5093, #4550 ) ) REPRESENTATION_CONTEXT ( 'NONE', 'WORKASPACE' ) );
#6898 = DIRECTION ( 'NONE',  ( -4.872818752743842964E-17, 1.000000000000000000, 0.000000000000000000 ) ) ;
#6899 = PLANE ( 'NONE',  #671 ) ;
#6900 = CARTESIAN_POINT ( 'NONE',  ( -9.649999999999998579, -4.599999999999998757, 3.200000000000000178 ) ) ;
#6902 = AXIS2_PLACEMENT_3D ( 'NONE', #2627, #1511, #729 ) ;
#6901 = DIRECTION ( 'NONE',  ( 1.000000000000000000, 0.000000000000000000, 0.000000000000000000 ) ) ;
#6903 = DIRECTION ( 'NONE',  ( 5.077843127631364393E-16, -4.202615134178275574E-16, -1.000000000000000000 ) ) ;
#6904 = SURFACE_STYLE_FILL_AREA ( #2678 ) ;
#6905 =( GEOMETRIC_REPRESENTATION_CONTEXT ( 3 ) GLOBAL_UNCERTAINTY_ASSIGNED_CONTEXT ( ( #7164 ) ) GLOBAL_UNIT_ASSIGNED_CONTEXT ( ( #1411, #1463, #8479 ) ) REPRESENTATION_CONTEXT ( 'NONE', 'WORKASPACE' ) );
#6906 = PRESENTATION_LAYER_ASSIGNMENT (  '', '', ( #1312 ) ) ;
#6907 = MANIFOLD_SOLID_BREP ( 'Cut-Extrude3', #6103 ) ;
#6908 = VERTEX_POINT ( 'NONE', #6321 ) ;
#6909 = EDGE_CURVE ( 'NONE', #4097, #4299, #8548, .T. ) ;
#6910 = PRODUCT_DEFINITION_FORMATION_WITH_SPECIFIED_SOURCE ( 'ANY', '', #8048, .NOT_KNOWN. ) ;
#6911 = DIRECTION ( 'NONE',  ( -0.000000000000000000, -0.000000000000000000, -1.000000000000000000 ) ) ;
#6912 = MECHANICAL_DESIGN_GEOMETRIC_PRESENTATION_REPRESENTATION (  '', ( #868 ), #4988 ) ;
#6913 = CARTESIAN_POINT ( 'NONE',  ( -1.215228923488530510, 6.891905700454088013, -4.000000000000000888 ) ) ;
#6914 = ORIENTED_EDGE ( 'NONE', *, *, #7549, .F. ) ;
#6915 = CARTESIAN_POINT ( 'NONE',  ( 1.608173076923077094, 0.3401867098117196120, 3.299999999999999822 ) ) ;
#6916 = FILL_AREA_STYLE_COLOUR ( '', #7177 ) ;
#6917 =( NAMED_UNIT ( * ) PLANE_ANGLE_UNIT ( ) SI_UNIT ( $, .RADIAN. ) );
#6918 = CARTESIAN_POINT ( 'NONE',  ( 1.522849776230189578, -0.3417680260609262111, 3.199999999999999734 ) ) ;
#6919 = ADVANCED_FACE ( 'NONE', ( #3484 ), #7687, .T. ) ;
#6920 = CARTESIAN_POINT ( 'NONE',  ( 8.855367248794443924, 0.3401867098117196120, 3.299999999999999822 ) ) ;
#6921 = ORIENTED_EDGE ( 'NONE', *, *, #3515, .F. ) ;
#6922 = SURFACE_SIDE_STYLE ('',( #3960 ) ) ;
#6923 = CARTESIAN_POINT ( 'NONE',  ( -7.110167782476034759, 0.2280639469605927894, 3.300000000000000711 ) ) ;
#6924 = CARTESIAN_POINT ( 'NONE',  ( 9.080160781415868243, -0.2764599410644427713, 3.200000000000000622 ) ) ;
#6925 = VERTEX_POINT ( 'NONE', #3580 ) ;
#6926 = SURFACE_SIDE_STYLE ('',( #8242 ) ) ;
#6927 = CARTESIAN_POINT ( 'NONE',  ( -7.720605020054890133, -0.5316081619831521943, 3.299999999999999822 ) ) ;
#6928 = AXIS2_PLACEMENT_3D ( 'NONE', #8138, #3160, #5341 ) ;
#6929 = FACE_OUTER_BOUND ( 'NONE', #4027, .T. ) ;
#6930 =( LENGTH_UNIT ( ) NAMED_UNIT ( * ) SI_UNIT ( .MILLI., .METRE. ) );
#6931 = COLOUR_RGB ( '',0.2509803921568627416, 0.2509803921568627416, 0.2509803921568627416 ) ;
#6932 = CARTESIAN_POINT ( 'NONE',  ( 9.223998131469638651, 0.3861944913999413864, 3.200000000000000622 ) ) ;
#6933 = CARTESIAN_POINT ( 'NONE',  ( 1.623278575923173150, -0.3518043582883352283, 3.200000000000000178 ) ) ;
#6934 = ORIENTED_EDGE ( 'NONE', *, *, #3678, .T. ) ;
#6935 = CARTESIAN_POINT ( 'NONE',  ( -6.977758731674517989, 0.06415663428369842991, 3.199999999999999289 ) ) ;
#6936 = SURFACE_STYLE_FILL_AREA ( #8936 ) ;
#6937 = EDGE_CURVE ( 'NONE', #1250, #7093, #6644, .T. ) ;
#6938 = CARTESIAN_POINT ( 'NONE',  ( 0.7307692307692308376, 0.4940328636578734667, 3.299999999999999822 ) ) ;
#6939 =( LENGTH_UNIT ( ) NAMED_UNIT ( * ) SI_UNIT ( .MILLI., .METRE. ) );
#6940 = CARTESIAN_POINT ( 'NONE',  ( 1.948717948717948900, -0.006568097880588056638, 3.299999999999999822 ) ) ;
#6941 = CARTESIAN_POINT ( 'NONE',  ( -7.980413632605789509, -0.2383061434544597734, 3.300000000000001155 ) ) ;
#6942 = VERTEX_POINT ( 'NONE', #3058 ) ;
#6943 = CARTESIAN_POINT ( 'NONE',  ( 8.767210773216978836, -0.3410700691199376466, 3.300000000000000266 ) ) ;
#6944 = CARTESIAN_POINT ( 'NONE',  ( 1.608173076923077094, 0.3401867098117196120, 3.299999999999999822 ) ) ;
#6945 = CARTESIAN_POINT ( 'NONE',  ( -6.341836988743371428, -0.1715579668125874480, 3.300000000000000266 ) ) ;
#6946 = LINE ( 'NONE', #678, #4540 ) ;
#6947 = SURFACE_STYLE_FILL_AREA ( #6848 ) ;
#6948 = CARTESIAN_POINT ( 'NONE',  ( 8.981380322311849795, 0.5068409488856574496, 3.300000000000001155 ) ) ;
#6949 = CARTESIAN_POINT ( 'NONE',  ( 8.160856030845726750, 0.4940328636578734667, 3.200000000000000178 ) ) ;
#6950 = EDGE_CURVE ( 'NONE', #4299, #7902, #8646, .T. ) ;
#6951 = ORIENTED_EDGE ( 'NONE', *, *, #3074, .T. ) ;
#6952 = DIRECTION ( 'NONE',  ( -1.000000000000000000, 0.000000000000000000, 0.000000000000000000 ) ) ;
#6953 = CARTESIAN_POINT ( 'NONE',  ( -7.792714140138280676, 0.3346024473197779514, 3.300000000000000711 ) ) ;
#6954 = ORIENTED_EDGE ( 'NONE', *, *, #1076, .F. ) ;
#6955 = CARTESIAN_POINT ( 'NONE',  ( -6.983425532875402908, -0.007970341470331657879, 3.299999999999999822 ) ) ;
#6956 = SURFACE_STYLE_FILL_AREA ( #1424 ) ;
#6957 = FACE_OUTER_BOUND ( 'NONE', #129, .T. ) ;
#6958 = CARTESIAN_POINT ( 'NONE',  ( -7.921315880695130929, 0.4801761235019863516, 3.200000000000000178 ) ) ;
#6959 =( NAMED_UNIT ( * ) PLANE_ANGLE_UNIT ( ) SI_UNIT ( $, .RADIAN. ) );
#6960 = ORIENTED_EDGE ( 'NONE', *, *, #2106, .F. ) ;
#6961 = LINE ( 'NONE', #3576, #6744 ) ;
#6962 = CARTESIAN_POINT ( 'NONE',  ( 1.406267521794859920, -0.4933455912768264229, 3.200000000000000178 ) ) ;
#6963 = FILL_AREA_STYLE ('',( #605 ) ) ;
#6964 = UNCERTAINTY_MEASURE_WITH_UNIT (LENGTH_MEASURE( 1.000000000000000082E-05 ), #8235, 'distance_accuracy_value', 'NONE');
#6965 = ORIENTED_EDGE ( 'NONE', *, *, #7296, .T. ) ;
#6966 = PRESENTATION_STYLE_ASSIGNMENT (( #5598 ) ) ;
#6967 =( LENGTH_UNIT ( ) NAMED_UNIT ( * ) SI_UNIT ( .MILLI., .METRE. ) );
#6968 = PRESENTATION_STYLE_ASSIGNMENT (( #1351 ) ) ;
#6969 = SURFACE_SIDE_STYLE ('',( #8328 ) ) ;
#6970 = CARTESIAN_POINT ( 'NONE',  ( 1.825497747397980763, -0.2759600079345373436, 3.200000000000000178 ) ) ;
#6971 = ORIENTED_EDGE ( 'NONE', *, *, #4931, .F. ) ;
#6972 = CARTESIAN_POINT ( 'NONE',  ( -6.982519105799264381, 0.02862194887885477490, 3.200000000000000178 ) ) ;
#6973 = PLANE ( 'NONE',  #5152 ) ;
#6974 = CARTESIAN_POINT ( 'NONE',  ( -7.884752878301894974, 0.3018213465992113376, 3.199999999999999734 ) ) ;
#6975 = CARTESIAN_POINT ( 'NONE',  ( 1.769632545339713037, 0.3015013959391056875, 3.200000000000001066 ) ) ;
#6976 = FACE_OUTER_BOUND ( 'NONE', #108, .T. ) ;
#6977 = UNCERTAINTY_MEASURE_WITH_UNIT (LENGTH_MEASURE( 1.000000000000000082E-05 ), #4493, 'distance_accuracy_value', 'NONE');
#6978 = CARTESIAN_POINT ( 'NONE',  ( 1.824755316220697088, 0.2633085497810983555, 3.299999999999999378 ) ) ;
#6979 = CIRCLE ( 'NONE', #6830, 1.199999999999999734 ) ;
#6980 = CARTESIAN_POINT ( 'NONE',  ( -8.049788829448024430, -0.09961101863847418580, 3.300000000000000711 ) ) ;
#6981 = EDGE_LOOP ( 'NONE', ( #673, #4512, #8752, #8885 ) ) ;
#6982 = EDGE_CURVE ( 'NONE', #4138, #6367, #928, .T. ) ;
#6983 = CARTESIAN_POINT ( 'NONE',  ( 9.649999999999998579, 4.599999999999998757, 3.200000000000000178 ) ) ;
#6984 = PRESENTATION_STYLE_ASSIGNMENT (( #8949 ) ) ;
#6985 = ADVANCED_FACE ( 'NONE', ( #7907 ), #7274, .T. ) ;
#6986 = CARTESIAN_POINT ( 'NONE',  ( -5.865837391849761495, 0.4940328636578734667, 3.299999999999999822 ) ) ;
#6987 =( GEOMETRIC_REPRESENTATION_CONTEXT ( 3 ) GLOBAL_UNCERTAINTY_ASSIGNED_CONTEXT ( ( #4120 ) ) GLOBAL_UNIT_ASSIGNED_CONTEXT ( ( #3967, #6791, #3299 ) ) REPRESENTATION_CONTEXT ( 'NONE', 'WORKASPACE' ) );
#6988 = FACE_OUTER_BOUND ( 'NONE', #4968, .T. ) ;
#6989 = CARTESIAN_POINT ( 'NONE',  ( 9.123442642277970194, 0.4545448907068034283, 3.300000000000000711 ) ) ;
#6990 = AXIS2_PLACEMENT_3D ( 'NONE', #3290, #8922, #3337 ) ;
#6991 = PRESENTATION_STYLE_ASSIGNMENT (( #5669 ) ) ;
#6992 = ORIENTED_EDGE ( 'NONE', *, *, #7941, .T. ) ;
#6993 = PRESENTATION_LAYER_ASSIGNMENT (  '', '', ( #6846 ) ) ;
#6994 = FILL_AREA_STYLE_COLOUR ( '', #7345 ) ;
#6995 = VERTEX_POINT ( 'NONE', #8731 ) ;
#6996 = CARTESIAN_POINT ( 'NONE',  ( -5.865837391849761495, 0.4940328636578734667, 3.299999999999999822 ) ) ;
#6997 = CARTESIAN_POINT ( 'NONE',  ( 8.755408848996975024, 0.3267251846924142389, 3.300000000000001599 ) ) ;
#6998 = LINE ( 'NONE', #7722, #7036 ) ;
#6999 = FILL_AREA_STYLE_COLOUR ( '', #5431 ) ;
#7000 = CARTESIAN_POINT ( 'NONE',  ( 9.104759284463021629, -0.4785579739879670669, 3.200000000000000622 ) ) ;
#7001 = DIRECTION ( 'NONE',  ( 0.000000000000000000, -0.000000000000000000, -1.000000000000000000 ) ) ;
#7002 = EDGE_CURVE ( 'NONE', #3901, #7302, #5242, .T. ) ;
#7003 = ADVANCED_FACE ( 'NONE', ( #2510 ), #2382, .F. ) ;
#7004 = VECTOR ( 'NONE', #5069, 1000.000000000000000 ) ;
#7005 = STYLED_ITEM ( 'NONE', ( #1487 ), #811 ) ;
#7006 = DIRECTION ( 'NONE',  ( -4.872818752743842964E-17, 1.000000000000000000, -0.000000000000000000 ) ) ;
#7007 = ORIENTED_EDGE ( 'NONE', *, *, #5630, .T. ) ;
#7008 = CARTESIAN_POINT ( 'NONE',  ( -6.653240310457393392, 0.5195198494354127394, 3.299999999999999822 ) ) ;
#7009 = CARTESIAN_POINT ( 'NONE',  ( 9.043640676837584991, -0.3017532178174808233, 3.200000000000001066 ) ) ;
#7010 = ORIENTED_EDGE ( 'NONE', *, *, #213, .F. ) ;
#7012 = STYLED_ITEM ( 'NONE', ( #6468 ), #1128 ) ;
#7011 = DIRECTION ( 'NONE',  ( -0.000000000000000000, -0.000000000000000000, -1.000000000000000000 ) ) ;
#7013 = FILL_AREA_STYLE ('',( #2881 ) ) ;
#7014 = DIRECTION ( 'NONE',  ( 0.000000000000000000, -0.000000000000000000, -1.000000000000000000 ) ) ;
#7015 = CARTESIAN_POINT ( 'NONE',  ( 10.14999999999999858, -7.699999999999999289, 0.000000000000000000 ) ) ;
#7016 = DIRECTION ( 'NONE',  ( -0.000000000000000000, 0.000000000000000000, -1.000000000000000000 ) ) ;
#7017 = ORIENTED_EDGE ( 'NONE', *, *, #5339, .T. ) ;
#7018 = CARTESIAN_POINT ( 'NONE',  ( 1.551748421546491841, -0.3477163731273746894, 3.199999999999999734 ) ) ;
#7019 = CARTESIAN_POINT ( 'NONE',  ( -8.050000000000000711, -7.700000000000000178, 0.000000000000000000 ) ) ;
#7020 = PLANE ( 'NONE',  #7064 ) ;
#7021 = MECHANICAL_DESIGN_GEOMETRIC_PRESENTATION_REPRESENTATION (  '', ( #2485 ), #2039 ) ;
#7022 = CARTESIAN_POINT ( 'NONE',  ( 1.856256448858277786, -0.4730185636342644218, 3.199999999999999734 ) ) ;
#7023 = CARTESIAN_POINT ( 'NONE',  ( -1.945461134408581483, 6.099999999999999645, -0.8807521802656373966 ) ) ;
#7024 = CARTESIAN_POINT ( 'NONE',  ( -7.442288338809496473, -0.2263380502071506983, 3.300000000000000266 ) ) ;
#7025 = EDGE_CURVE ( 'NONE', #95, #4372, #3987, .T. ) ;
#7026 =( GEOMETRIC_REPRESENTATION_CONTEXT ( 3 ) GLOBAL_UNCERTAINTY_ASSIGNED_CONTEXT ( ( #2219 ) ) GLOBAL_UNIT_ASSIGNED_CONTEXT ( ( #58, #149, #2970 ) ) REPRESENTATION_CONTEXT ( 'NONE', 'WORKASPACE' ) );
#7027 = VERTEX_POINT ( 'NONE', #494 ) ;
#7028 = CARTESIAN_POINT ( 'NONE',  ( -7.896038621648766131, -0.3077176764491306726, 3.200000000000000178 ) ) ;
#7029 = ADVANCED_FACE ( 'NONE', ( #8271 ), #5329, .F. ) ;
#7030 = STYLED_ITEM ( 'NONE', ( #2075 ), #2928 ) ;
#7031 = ORIENTED_EDGE ( 'NONE', *, *, #6757, .F. ) ;
#7032 = CARTESIAN_POINT ( 'NONE',  ( 9.067782662780455638, 0.4802700398739078169, 3.199999999999999734 ) ) ;
#7033 = COLOUR_RGB ( '',0.2509803921568627416, 0.2509803921568627416, 0.2509803921568627416 ) ;
#7034 = CARTESIAN_POINT ( 'NONE',  ( -6.511011722219531173, -0.3278025382206051219, 3.299999999999999822 ) ) ;
#7035 = CARTESIAN_POINT ( 'NONE',  ( -6.124451173901044321, -0.008971944034434263526, 3.199999999999999289 ) ) ;
#7036 = VECTOR ( 'NONE', #7583, 1000.000000000000000 ) ;
#7037 = CARTESIAN_POINT ( 'NONE',  ( 8.160856030845726750, -0.5059671363421265333, 3.299999999999999822 ) ) ;
#7038 = AXIS2_PLACEMENT_3D ( 'NONE', #6511, #3015, #5809 ) ;
#7039 = CARTESIAN_POINT ( 'NONE',  ( 7.545471415461110887, 0.1500825431450529823, 3.299999999999999822 ) ) ;
#7040 = AXIS2_PLACEMENT_3D ( 'NONE', #4316, #7841, #4360 ) ;
#7041 = ORIENTED_EDGE ( 'NONE', *, *, #6877, .T. ) ;
#7042 = CARTESIAN_POINT ( 'NONE',  ( -6.959650449737027955, 0.1303322648428098807, 3.299999999999999378 ) ) ;
#7043 =( GEOMETRIC_REPRESENTATION_CONTEXT ( 3 ) GLOBAL_UNCERTAINTY_ASSIGNED_CONTEXT ( ( #2843 ) ) GLOBAL_UNIT_ASSIGNED_CONTEXT ( ( #3788, #7364, #7194 ) ) REPRESENTATION_CONTEXT ( 'NONE', 'WORKASPACE' ) );
#7044 = COLOUR_RGB ( '',0.2509803921568627416, 0.2509803921568627416, 0.2509803921568627416 ) ;
#7045 =( NAMED_UNIT ( * ) SI_UNIT ( $, .STERADIAN. ) SOLID_ANGLE_UNIT ( ) );
#7046 = ORIENTED_EDGE ( 'NONE', *, *, #8970, .F. ) ;
#7047 = LINE ( 'NONE', #4916, #1302 ) ;
#7048 =( NAMED_UNIT ( * ) SI_UNIT ( $, .STERADIAN. ) SOLID_ANGLE_UNIT ( ) );
#7049 = CIRCLE ( 'NONE', #3947, 0.6499999999999995781 ) ;
#7050 = CARTESIAN_POINT ( 'NONE',  ( 8.375908983454674939, -0.2147466088594847111, 3.299999999999999822 ) ) ;
#7051 = CARTESIAN_POINT ( 'NONE',  ( -7.598798677306715099, 0.5068409488856570055, 3.199999999999999289 ) ) ;
#7052 = CARTESIAN_POINT ( 'NONE',  ( 8.486796008866937413, 0.3669594232943533818, 3.299999999999999822 ) ) ;
#7053 = EDGE_CURVE ( 'NONE', #1909, #5360, #8916, .T. ) ;
#7054 = EDGE_LOOP ( 'NONE', ( #3187, #3883, #3159, #307 ) ) ;
#7055 = AXIS2_PLACEMENT_3D ( 'NONE', #308, #5148, #7944 ) ;
#7056 = DIRECTION ( 'NONE',  ( -2.891205793294679312E-16, 0.000000000000000000, -1.000000000000000000 ) ) ;
#7057 = FACE_OUTER_BOUND ( 'NONE', #6694, .T. ) ;
#7058 = SURFACE_SIDE_STYLE ('',( #2842 ) ) ;
#7059 = MECHANICAL_DESIGN_GEOMETRIC_PRESENTATION_REPRESENTATION (  '', ( #1763 ), #3687 ) ;
#7060 = VERTEX_POINT ( 'NONE', #453 ) ;
#7061 = LINE ( 'NONE', #7856, #842 ) ;
#7062 = SURFACE_STYLE_USAGE ( .BOTH. , #2243 ) ;
#7063 = SURFACE_SIDE_STYLE ('',( #2922 ) ) ;
#7064 = AXIS2_PLACEMENT_3D ( 'NONE', #6776, #3241, #6590 ) ;
#7065 = EDGE_CURVE ( 'NONE', #2938, #1171, #547, .T. ) ;
#7066 =( NAMED_UNIT ( * ) SI_UNIT ( $, .STERADIAN. ) SOLID_ANGLE_UNIT ( ) );
#7067 = FILL_AREA_STYLE ('',( #7148 ) ) ;
#7068 = VERTEX_POINT ( 'NONE', #2590 ) ;
#7069 = STYLED_ITEM ( 'NONE', ( #1177 ), #8759 ) ;
#7070 = CARTESIAN_POINT ( 'NONE',  ( 1.411275012641417304, 0.4802558937137069717, 3.300000000000001155 ) ) ;
#7071 = CARTESIAN_POINT ( 'NONE',  ( -6.342111721423576043, 0.1580442267139252344, 3.299999999999999378 ) ) ;
#7072 = LINE ( 'NONE', #7695, #8592 ) ;
#7073 = DIRECTION ( 'NONE',  ( -1.000000000000000000, -4.872818752743842964E-17, 0.000000000000000000 ) ) ;
#7074 =( GEOMETRIC_REPRESENTATION_CONTEXT ( 3 ) GLOBAL_UNCERTAINTY_ASSIGNED_CONTEXT ( ( #4589 ) ) GLOBAL_UNIT_ASSIGNED_CONTEXT ( ( #1955, #3254, #5999 ) ) REPRESENTATION_CONTEXT ( 'NONE', 'WORKASPACE' ) );
#7075 = CARTESIAN_POINT ( 'NONE',  ( -7.484328334921676706, 0.4679707148980198905, 3.299999999999998934 ) ) ;
#7076 = AXIS2_PLACEMENT_3D ( 'NONE', #7252, #5922, #946 ) ;
#7077 = CARTESIAN_POINT ( 'NONE',  ( -6.983425532875402908, -0.007970341470331657879, 3.200000000000000178 ) ) ;
#7078 = ORIENTED_EDGE ( 'NONE', *, *, #2464, .F. ) ;
#7079 = CARTESIAN_POINT ( 'NONE',  ( -7.768149801013612077, -0.3494713964019973695, 3.200000000000000178 ) ) ;
#7080 = MECHANICAL_DESIGN_GEOMETRIC_PRESENTATION_REPRESENTATION (  '', ( #4873 ), #8232 ) ;
#7081 = VERTEX_POINT ( 'NONE', #6171 ) ;
#7082 = SURFACE_STYLE_USAGE ( .BOTH. , #2988 ) ;
#7083 = DIRECTION ( 'NONE',  ( -0.1736481776669306920, 0.9848077530122080203, 0.000000000000000000 ) ) ;
#7084 = CARTESIAN_POINT ( 'NONE',  ( -6.379148098672305700, -0.2274515614225649240, 3.300000000000000266 ) ) ;
#7085 = CARTESIAN_POINT ( 'NONE',  ( 1.307054608197772305, 0.1607786497579152818, 3.200000000000001510 ) ) ;
#7086 = DIRECTION ( 'NONE',  ( -0.000000000000000000, -0.000000000000000000, 1.000000000000000000 ) ) ;
#7087 = DIRECTION ( 'NONE',  ( 0.7242151583988499786, 0.6895740745890384105, -0.000000000000000000 ) ) ;
#7088 = SURFACE_STYLE_USAGE ( .BOTH. , #3508 ) ;
#7089 = B_SPLINE_CURVE_WITH_KNOTS ( 'NONE', 3,
 ( #6626, #7172, #2414, #3815, #6663, #866, #5047, #3849, #7224, #957, #180, #5149, #2367, #5186, #220, #309, #8683, #7945, #3141 ),
 .UNSPECIFIED., .F., .F.,
 ( 4, 1, 1, 1, 1, 1, 1, 1, 1, 1, 1, 1, 1, 1, 1, 1, 4 ),
 ( 0.000000000000000000, 0.06339559666159050311, 0.1251572666424213276, 0.1856494665262528321, 0.2459766793408152408, 0.3061083686579567087, 0.3673505880891747011, 0.4299020782799140017, 0.4945399581831937952, 0.5593725826940477708, 0.6224096858457371928, 0.6843574258194753401, 0.7458066007722103929, 0.8074302750159150222, 0.8699955160697815382, 0.9339278677192726086, 1.000000000000000000 ),
 .UNSPECIFIED. ) ;
#7090 = ORIENTED_EDGE ( 'NONE', *, *, #60, .T. ) ;
#7091 = SURFACE_STYLE_USAGE ( .BOTH. , #8364 ) ;
#7092 = CARTESIAN_POINT ( 'NONE',  ( -7.824770150621593423, 0.3267251846924146275, 3.299999999999999822 ) ) ;
#7093 = VERTEX_POINT ( 'NONE', #8966 ) ;
#7094 =( NAMED_UNIT ( * ) PLANE_ANGLE_UNIT ( ) SI_UNIT ( $, .RADIAN. ) );
#7095 = CARTESIAN_POINT ( 'NONE',  ( 8.532853373907713035, 0.09872081173813589128, 3.299999999999999822 ) ) ;
#7096 = SURFACE_SIDE_STYLE ('',( #3521 ) ) ;
#7097 = CARTESIAN_POINT ( 'NONE',  ( 8.651891673527776661, -0.4954108444338113371, 3.299999999999999822 ) ) ;
#7098 = SURFACE_STYLE_USAGE ( .BOTH. , #688 ) ;
#7099 =( LENGTH_UNIT ( ) NAMED_UNIT ( * ) SI_UNIT ( .MILLI., .METRE. ) );
#7100 = ORIENTED_EDGE ( 'NONE', *, *, #5767, .T. ) ;
#7101 = CARTESIAN_POINT ( 'NONE',  ( 9.154630371533984956, -0.4494348596310139832, 3.200000000000001510 ) ) ;
#7102 = CARTESIAN_POINT ( 'NONE',  ( 8.858772697512392824, -0.3521209824959727341, 3.200000000000000178 ) ) ;
#7103 = ORIENTED_EDGE ( 'NONE', *, *, #7969, .F. ) ;
#7104 = CARTESIAN_POINT ( 'NONE',  ( 0.9999999999999995559, -9.099999999999999645, 1.750000000000000000 ) ) ;
#7105 = VERTEX_POINT ( 'NONE', #1836 ) ;
#7106 = CARTESIAN_POINT ( 'NONE',  ( 1.443036095454333756, 0.4926127530368563101, 3.199999999999999289 ) ) ;
#7107 = PRESENTATION_STYLE_ASSIGNMENT (( #7782 ) ) ;
#7108 = DIRECTION ( 'NONE',  ( -0.000000000000000000, -0.000000000000000000, -1.000000000000000000 ) ) ;
#7109 = CARTESIAN_POINT ( 'NONE',  ( -7.297986009658241180, 0.3283707110311213095, 3.200000000000000622 ) ) ;
#7110 = CARTESIAN_POINT ( 'NONE',  ( 8.451251235938011419, -0.3460104751725771033, 3.200000000000001066 ) ) ;
#7111 = EDGE_LOOP ( 'NONE', ( #1950, #8325, #3663, #2570 ) ) ;
#7112 =( NAMED_UNIT ( * ) PLANE_ANGLE_UNIT ( ) SI_UNIT ( $, .RADIAN. ) );
#7113 = VERTEX_POINT ( 'NONE', #6774 ) ;
#7114 = DIRECTION ( 'NONE',  ( -0.000000000000000000, -0.000000000000000000, -1.000000000000000000 ) ) ;
#7115 = CARTESIAN_POINT ( 'NONE',  ( 7.365984235973931149, -0.5059671363421265333, 3.200000000000000178 ) ) ;
#7116 = CARTESIAN_POINT ( 'NONE',  ( -6.694804934965429055, -0.5303724282754067598, 3.299999999999998934 ) ) ;
#7117 = CARTESIAN_POINT ( 'NONE',  ( 8.787464859480284218, 0.3346024473197780069, 3.299999999999998934 ) ) ;
#7118 = PRESENTATION_STYLE_ASSIGNMENT (( #38 ) ) ;
#7119 = FACE_BOUND ( 'NONE', #5225, .T. ) ;
#7120 = COLOUR_RGB ( '',0.2509803921568627416, 0.2509803921568627416, 0.2509803921568627416 ) ;
#7121 = VERTEX_POINT ( 'NONE', #4794 ) ;
#7122 = PLANE ( 'NONE',  #4543 ) ;
#7123 = EDGE_CURVE ( 'NONE', #8959, #4177, #3283, .T. ) ;
#7124 =( NAMED_UNIT ( * ) SI_UNIT ( $, .STERADIAN. ) SOLID_ANGLE_UNIT ( ) );
#7125 =( GEOMETRIC_REPRESENTATION_CONTEXT ( 3 ) GLOBAL_UNCERTAINTY_ASSIGNED_CONTEXT ( ( #6241 ) ) GLOBAL_UNIT_ASSIGNED_CONTEXT ( ( #8747, #6649, #1064 ) ) REPRESENTATION_CONTEXT ( 'NONE', 'WORKASPACE' ) );
#7126 = VERTEX_POINT ( 'NONE', #7582 ) ;
#7127 =( NAMED_UNIT ( * ) SI_UNIT ( $, .STERADIAN. ) SOLID_ANGLE_UNIT ( ) );
#7128 = SURFACE_SIDE_STYLE ('',( #6956 ) ) ;
#7129 = CARTESIAN_POINT ( 'NONE',  ( -6.676281336483178563, 0.5192128638140554031, 3.200000000000000622 ) ) ;
#7130 = CARTESIAN_POINT ( 'NONE',  ( 8.976351265358905707, -0.5214442516924296944, 3.200000000000001066 ) ) ;
#7131 =( LENGTH_UNIT ( ) NAMED_UNIT ( * ) SI_UNIT ( .MILLI., .METRE. ) );
#7132 = LINE ( 'NONE', #6442, #7412 ) ;
#7133 = ADVANCED_FACE ( 'NONE', ( #1280 ), #1189, .F. ) ;
#7134 = PRESENTATION_LAYER_ASSIGNMENT (  '', '', ( #7718 ) ) ;
#7135 = SURFACE_STYLE_USAGE ( .BOTH. , #5533 ) ;
#7136 = ORIENTED_EDGE ( 'NONE', *, *, #1017, .F. ) ;
#7137 =( NAMED_UNIT ( * ) PLANE_ANGLE_UNIT ( ) SI_UNIT ( $, .RADIAN. ) );
#7138 = CARTESIAN_POINT ( 'NONE',  ( -6.777095650614363365, 0.5023653327911609123, 3.199999999999999734 ) ) ;
#7139 = CARTESIAN_POINT ( 'NONE',  ( -7.481107029324882696, -0.2614307685271274329, 3.200000000000001066 ) ) ;
#7140 = MANIFOLD_SOLID_BREP ( 'Boss-Extrude8', #3027 ) ;
#7141 = ORIENTED_EDGE ( 'NONE', *, *, #4946, .T. ) ;
#7142 =( NAMED_UNIT ( * ) PLANE_ANGLE_UNIT ( ) SI_UNIT ( $, .RADIAN. ) );
#7143 = VECTOR ( 'NONE', #8105, 1000.000000000000000 ) ;
#7144 = STYLED_ITEM ( 'NONE', ( #4767 ), #616 ) ;
#7145 = EDGE_CURVE ( 'NONE', #4372, #265, #1246, .T. ) ;
#7146 = EDGE_CURVE ( 'NONE', #2074, #4036, #2135, .T. ) ;
#7147 = CARTESIAN_POINT ( 'NONE',  ( -6.983425532875402908, -0.007970341470331657879, 3.299999999999999822 ) ) ;
#7148 = FILL_AREA_STYLE_COLOUR ( '', #7460 ) ;
#7149 = ORIENTED_EDGE ( 'NONE', *, *, #9015, .T. ) ;
#7150 = CARTESIAN_POINT ( 'NONE',  ( 1.196598084908239823, 0.3155788406734617024, 3.200000000000000622 ) ) ;
#7151 = ADVANCED_FACE ( 'NONE', ( #2874, #1477 ), #2038, .F. ) ;
#7152 =( NAMED_UNIT ( * ) PLANE_ANGLE_UNIT ( ) SI_UNIT ( $, .RADIAN. ) );
#7153 = FILL_AREA_STYLE_COLOUR ( '', #3415 ) ;
#7154 = EDGE_CURVE ( 'NONE', #6681, #7189, #6532, .T. ) ;
#7155 = SURFACE_STYLE_USAGE ( .BOTH. , #4901 ) ;
#7156 = CARTESIAN_POINT ( 'NONE',  ( 8.340733024755580871, -0.02321618748560063880, 3.199999999999999734 ) ) ;
#7157 = ORIENTED_EDGE ( 'NONE', *, *, #6195, .T. ) ;
#7158 = ORIENTED_EDGE ( 'NONE', *, *, #5354, .T. ) ;
#7159 = CARTESIAN_POINT ( 'NONE',  ( -7.142929484932185602, -0.1581913680433310598, 3.299999999999999822 ) ) ;
#7160 = LINE ( 'NONE', #2169, #8516 ) ;
#7161 = FILL_AREA_STYLE_COLOUR ( '', #4031 ) ;
#7162 = SURFACE_STYLE_FILL_AREA ( #2948 ) ;
#7163 = CARTESIAN_POINT ( 'NONE',  ( -6.641678738003607307, 0.5196738892988990166, 3.299999999999999822 ) ) ;
#7164 = UNCERTAINTY_MEASURE_WITH_UNIT (LENGTH_MEASURE( 1.000000000000000082E-05 ), #1411, 'distance_accuracy_value', 'NONE');
#7165 = VERTEX_POINT ( 'NONE', #5094 ) ;
#7166 = STYLED_ITEM ( 'NONE', ( #7552 ), #6867 ) ;
#7167 = SURFACE_STYLE_USAGE ( .BOTH. , #5143 ) ;
#7168 = CARTESIAN_POINT ( 'NONE',  ( 1.317009143217589440, -0.4445046030591507935, 3.299999999999999378 ) ) ;
#7169 = VECTOR ( 'NONE', #5757, 1000.000000000000000 ) ;
#7170 = ORIENTED_EDGE ( 'NONE', *, *, #5519, .F. ) ;
#7171 = DIRECTION ( 'NONE',  ( -1.000000000000000000, -4.872818752743843581E-17, -0.000000000000000000 ) ) ;
#7172 = CARTESIAN_POINT ( 'NONE',  ( 1.628363789664602601, 0.5192237287839791549, 3.299999999999999822 ) ) ;
#7173 = CARTESIAN_POINT ( 'NONE',  ( -7.093894663678294243, 0.2584767473356285317, 3.199999999999999734 ) ) ;
#7174 = DIRECTION ( 'NONE',  ( -0.7228807680948493575, -0.6909727889856448479, 0.000000000000000000 ) ) ;
#7175 =( LENGTH_UNIT ( ) NAMED_UNIT ( * ) SI_UNIT ( .MILLI., .METRE. ) );
#7176 = CARTESIAN_POINT ( 'NONE',  ( 8.898428904158789621, -0.3509739145552372985, 3.299999999999999378 ) ) ;
#7177 = COLOUR_RGB ( '',0.2509803921568627416, 0.2509803921568627416, 0.2509803921568627416 ) ;
#7178 = DIRECTION ( 'NONE',  ( 1.000000000000000000, 0.000000000000000000, -0.000000000000000000 ) ) ;
#7179 = EDGE_CURVE ( 'NONE', #7981, #8825, #7089, .T. ) ;
#7180 = EDGE_CURVE ( 'NONE', #5779, #3397, #7511, .T. ) ;
#7181 =( GEOMETRIC_REPRESENTATION_CONTEXT ( 3 ) GLOBAL_UNCERTAINTY_ASSIGNED_CONTEXT ( ( #2188 ) ) GLOBAL_UNIT_ASSIGNED_CONTEXT ( ( #685, #6265, #4227 ) ) REPRESENTATION_CONTEXT ( 'NONE', 'WORKASPACE' ) );
#7182 = CARTESIAN_POINT ( 'NONE',  ( -6.441220372605553024, -0.4945550715184538482, 3.200000000000000178 ) ) ;
#7183 = COLOUR_RGB ( '',0.2509803921568627416, 0.2509803921568627416, 0.2509803921568627416 ) ;
#7184 = VERTEX_POINT ( 'NONE', #4459 ) ;
#7185 = CARTESIAN_POINT ( 'NONE',  ( -6.784920407032069001, -0.3224749732304595939, 3.199999999999999289 ) ) ;
#7186 = LINE ( 'NONE', #2239, #1102 ) ;
#7187 = COLOUR_RGB ( '',0.2509803921568627416, 0.2509803921568627416, 0.2509803921568627416 ) ;
#7188 = CARTESIAN_POINT ( 'NONE',  ( -7.536538322780980792, -0.3017532178174808788, 3.200000000000000178 ) ) ;
#7189 = VERTEX_POINT ( 'NONE', #5792 ) ;
#7190 = CARTESIAN_POINT ( 'NONE',  ( 7.997995453922650100, -0.5059671363421265333, 3.299999999999999822 ) ) ;
#7191 = CARTESIAN_POINT ( 'NONE',  ( -8.006254224104294437, 0.1888369438955760649, 3.199999999999999289 ) ) ;
#7193 =( GEOMETRIC_REPRESENTATION_CONTEXT ( 3 ) GLOBAL_UNCERTAINTY_ASSIGNED_CONTEXT ( ( #3482 ) ) GLOBAL_UNIT_ASSIGNED_CONTEXT ( ( #5855, #3013, #972 ) ) REPRESENTATION_CONTEXT ( 'NONE', 'WORKASPACE' ) );
#7192 = FILL_AREA_STYLE ('',( #4331 ) ) ;
#7194 =( NAMED_UNIT ( * ) SI_UNIT ( $, .STERADIAN. ) SOLID_ANGLE_UNIT ( ) );
#7195 = STYLED_ITEM ( 'NONE', ( #7940 ), #2801 ) ;
#7196 = AXIS2_PLACEMENT_3D ( 'NONE', #8081, #1650, #7985 ) ;
#7197 = CARTESIAN_POINT ( 'NONE',  ( 8.859573979563675650, -0.5316081619831521943, 3.299999999999999822 ) ) ;
#7198 = VECTOR ( 'NONE', #8542, 1000.000000000000000 ) ;
#7199 = VERTEX_POINT ( 'NONE', #7264 ) ;
#7200 = CARTESIAN_POINT ( 'NONE',  ( 1.576374965622993951, 0.5192128638140552921, 3.199999999999999734 ) ) ;
#7201 = CARTESIAN_POINT ( 'NONE',  ( -6.640877455952326258, -0.3521209824959727341, 3.200000000000000178 ) ) ;
#7202 = CARTESIAN_POINT ( 'NONE',  ( -6.543854790648703457, 0.3264945020559983924, 3.300000000000000711 ) ) ;
#7203 = SURFACE_SIDE_STYLE ('',( #4986 ) ) ;
#7204 = CARTESIAN_POINT ( 'NONE',  ( 8.704050969962317197, -0.3180292644309248296, 3.299999999999999378 ) ) ;
#7205 = VECTOR ( 'NONE', #926, 1000.000000000000000 ) ;
#7206 = CARTESIAN_POINT ( 'NONE',  ( 8.606205803733917747, -0.4745334255685819680, 3.199999999999998845 ) ) ;
#7207 = PRESENTATION_LAYER_ASSIGNMENT (  '', '', ( #1467 ) ) ;
#7208 = VERTEX_POINT ( 'NONE', #7349 ) ;
#7209 = CARTESIAN_POINT ( 'NONE',  ( -8.214397973151809751, 0.1698066570741210979, 3.299999999999998934 ) ) ;
#7210 = EDGE_LOOP ( 'NONE', ( #545, #8428, #3564, #2190 ) ) ;
#7211 = DIRECTION ( 'NONE',  ( 0.6909727889856448479, -0.7228807680948494685, 0.000000000000000000 ) ) ;
#7212 = CARTESIAN_POINT ( 'NONE',  ( 31.21952175000662422, 12.30639937317762822, 1.500000000000008660 ) ) ;
#7213 = PRESENTATION_STYLE_ASSIGNMENT (( #7828 ) ) ;
#7214 = CARTESIAN_POINT ( 'NONE',  ( 1.093850374836839778, 0.06460574420434517240, 3.299999999999998934 ) ) ;
#7215 =( NAMED_UNIT ( * ) PLANE_ANGLE_UNIT ( ) SI_UNIT ( $, .RADIAN. ) );
#7216 = LINE ( 'NONE', #6483, #805 ) ;
#7217 = VECTOR ( 'NONE', #4340, 1000.000000000000000 ) ;
#7218 = ORIENTED_EDGE ( 'NONE', *, *, #8552, .T. ) ;
#7219 = FILL_AREA_STYLE ('',( #1419 ) ) ;
#7220 = CARTESIAN_POINT ( 'NONE',  ( -6.261456296796050758, 3.158925150470280219, 4.001000000000000334 ) ) ;
#7221 =( GEOMETRIC_REPRESENTATION_CONTEXT ( 3 ) GLOBAL_UNCERTAINTY_ASSIGNED_CONTEXT ( ( #9085 ) ) GLOBAL_UNIT_ASSIGNED_CONTEXT ( ( #7175, #3471, #92 ) ) REPRESENTATION_CONTEXT ( 'NONE', 'WORKASPACE' ) );
#7222 = ORIENTED_EDGE ( 'NONE', *, *, #314, .T. ) ;
#7223 = FILL_AREA_STYLE_COLOUR ( '', #1449 ) ;
#7224 = CARTESIAN_POINT ( 'NONE',  ( 1.937460711582450923, 0.4021298811425257913, 3.300000000000000711 ) ) ;
#7225 = CARTESIAN_POINT ( 'NONE',  ( -6.644483225183094532, 0.3401867098117196120, 3.299999999999999822 ) ) ;
#7226 = CARTESIAN_POINT ( 'NONE',  ( 8.348483850219983182, -0.1142971413678126186, 3.300000000000001155 ) ) ;
#7227 = CARTESIAN_POINT ( 'NONE',  ( 1.939764984914184254, -0.4157181939899464718, 3.299999999999998934 ) ) ;
#7228 =( LENGTH_UNIT ( ) NAMED_UNIT ( * ) SI_UNIT ( .MILLI., .METRE. ) );
#7229 = DIRECTION ( 'NONE',  ( 0.3109000917920075602, -0.9504425984370236113, 0.000000000000000000 ) ) ;
#7230 = ORIENTED_EDGE ( 'NONE', *, *, #1483, .T. ) ;
#7231 = LINE ( 'NONE', #5845, #2505 ) ;
#7232 = CARTESIAN_POINT ( 'NONE',  ( -6.144847257806797636, -0.1638376451012789337, 3.299999999999998934 ) ) ;
#7233 = LINE ( 'NONE', #2240, #7205 ) ;
#7234 = ORIENTED_EDGE ( 'NONE', *, *, #2143, .F. ) ;
#7235 = CARTESIAN_POINT ( 'NONE',  ( 9.650000000000002132, -5.099999999999999645, -3.200000000000000178 ) ) ;
#7236 = FILL_AREA_STYLE ('',( #3061 ) ) ;
#7237 = DIRECTION ( 'NONE',  ( 0.000000000000000000, 0.000000000000000000, -1.000000000000000000 ) ) ;
#7238 = SURFACE_STYLE_USAGE ( .BOTH. , #326 ) ;
#7239 = PRESENTATION_STYLE_ASSIGNMENT (( #6044 ) ) ;
#7240 = CARTESIAN_POINT ( 'NONE',  ( 1.893511459468955938, -0.2001349369862042149, 3.299999999999998934 ) ) ;
#7241 = ADVANCED_FACE ( 'NONE', ( #3773 ), #1691, .F. ) ;
#7242 = CARTESIAN_POINT ( 'NONE',  ( -7.295124250824120971, -0.3407027132652034607, 3.299999999999999822 ) ) ;
#7243 = CARTESIAN_POINT ( 'NONE',  ( 8.519926762883656579, -0.01231487174682617015, 3.199999999999999734 ) ) ;
#7244 = CARTESIAN_POINT ( 'NONE',  ( 8.922425954214709520, 0.5167158220057405105, 3.199999999999998845 ) ) ;
#7245 = ORIENTED_EDGE ( 'NONE', *, *, #2986, .F. ) ;
#7246 = CARTESIAN_POINT ( 'NONE',  ( 1.089743589743589869, -0.005566495316485452725, 3.200000000000000178 ) ) ;
#7247 = ORIENTED_EDGE ( 'NONE', *, *, #742, .T. ) ;
#7248 = CARTESIAN_POINT ( 'NONE',  ( 30.67502342020044992, 12.51501761024782589, 1.999999999999999112 ) ) ;
#7249 = CARTESIAN_POINT ( 'NONE',  ( -7.422728417490787933, 0.1947540175040272936, 3.299999999999999822 ) ) ;
#7250 = CARTESIAN_POINT ( 'NONE',  ( -6.846388780311315259, -0.4933455912768260898, 3.300000000000000266 ) ) ;
#7251 = CARTESIAN_POINT ( 'NONE',  ( -4.818974302811127153, 3.616358967573117145, 3.999999999999999112 ) ) ;
#7252 = CARTESIAN_POINT ( 'NONE',  ( -6.000743606425777088, 3.407981154372800248, 3.400000000000000355 ) ) ;
#7253 = DIRECTION ( 'NONE',  ( -0.000000000000000000, -0.000000000000000000, -1.000000000000000000 ) ) ;
#7254 = CARTESIAN_POINT ( 'NONE',  ( -6.936036504527685942, -0.1920591169622866967, 3.200000000000001954 ) ) ;
#7255 =( NAMED_UNIT ( * ) PLANE_ANGLE_UNIT ( ) SI_UNIT ( $, .RADIAN. ) );
#7256 = UNCERTAINTY_MEASURE_WITH_UNIT (LENGTH_MEASURE( 1.000000000000000082E-05 ), #7976, 'distance_accuracy_value', 'NONE');
#7257 = EDGE_CURVE ( 'NONE', #356, #4486, #5365, .T. ) ;
#7258 = EDGE_CURVE ( 'NONE', #2611, #4191, #5312, .T. ) ;
#7259 = ORIENTED_EDGE ( 'NONE', *, *, #800, .T. ) ;
#7260 = CARTESIAN_POINT ( 'NONE',  ( -8.057982908784920184, -0.05312347106214442699, 3.200000000000001510 ) ) ;
#7261 = FILL_AREA_STYLE_COLOUR ( '', #4922 ) ;
#7262 = ORIENTED_EDGE ( 'NONE', *, *, #5288, .T. ) ;
#7263 = PRESENTATION_STYLE_ASSIGNMENT (( #7386 ) ) ;
#7264 = CARTESIAN_POINT ( 'NONE',  ( -5.270459564745145542, 6.176859125404857487, -4.000000000000000888 ) ) ;
#7265 = FILL_AREA_STYLE_COLOUR ( '', #1738 ) ;
#7266 = FACE_OUTER_BOUND ( 'NONE', #8046, .T. ) ;
#7267 = SURFACE_SIDE_STYLE ('',( #5838 ) ) ;
#7268 = CARTESIAN_POINT ( 'NONE',  ( 8.862378466743162875, 0.5196738892988990166, 3.199999999999999289 ) ) ;
#7269 = CARTESIAN_POINT ( 'NONE',  ( -7.518426297894672317, -0.2899547384880497569, 3.300000000000000266 ) ) ;
#7270 = CARTESIAN_POINT ( 'NONE',  ( -6.182702416060185335, -0.2570586708335779735, 3.199999999999999734 ) ) ;
#7271 = ORIENTED_EDGE ( 'NONE', *, *, #1578, .T. ) ;
#7272 = SURFACE_STYLE_FILL_AREA ( #4468 ) ;
#7273 = ORIENTED_EDGE ( 'NONE', *, *, #1161, .F. ) ;
#7274 = CYLINDRICAL_SURFACE ( 'NONE', #398, 1.000000000000000000 ) ;
#7275 = LINE ( 'NONE', #831, #6724 ) ;
#7276 = ADVANCED_FACE ( 'NONE', ( #1176 ), #4836, .T. ) ;
#7277 = EDGE_CURVE ( 'NONE', #5168, #204, #3420, .T. ) ;
#7278 = FILL_AREA_STYLE ('',( #5944 ) ) ;
#7279 = B_SPLINE_CURVE_WITH_KNOTS ( 'NONE', 3,
 ( #7903, #8777, #6633, #5156, #7185, #4560, #6540, #3149, #2461, #5238, #8043 ),
 .UNSPECIFIED., .F., .F.,
 ( 4, 1, 1, 1, 1, 1, 1, 1, 4 ),
 ( 0.000000000000000000, 0.1279910255623731841, 0.2530983915017065988, 0.3761840584327904580, 0.4989363124701270413, 0.6215258806257312196, 0.7457068938016923054, 0.8715753502968724975, 1.000000000000000000 ),
 .UNSPECIFIED. ) ;
#7280 = FILL_AREA_STYLE_COLOUR ( '', #1112 ) ;
#7281 = CARTESIAN_POINT ( 'NONE',  ( 1.276034533417868877, -0.08772791109500197027, 3.200000000000001066 ) ) ;
#7282 = CARTESIAN_POINT ( 'NONE',  ( -7.928287326090790899, -0.4954108444338117812, 3.299999999999999822 ) ) ;
#7283 =( NAMED_UNIT ( * ) PLANE_ANGLE_UNIT ( ) SI_UNIT ( $, .RADIAN. ) );
#7284 =( GEOMETRIC_REPRESENTATION_CONTEXT ( 3 ) GLOBAL_UNCERTAINTY_ASSIGNED_CONTEXT ( ( #436 ) ) GLOBAL_UNIT_ASSIGNED_CONTEXT ( ( #7485, #635, #4737 ) ) REPRESENTATION_CONTEXT ( 'NONE', 'WORKASPACE' ) );
#7286 = VECTOR ( 'NONE', #7114, 1000.000000000000000 ) ;
#7285 = CARTESIAN_POINT ( 'NONE',  ( -7.400092359929167252, -0.4317492700529764749, 3.300000000000000266 ) ) ;
#7287 = CARTESIAN_POINT ( 'NONE',  ( 8.614359987211621217, -0.2543802362554989926, 3.299999999999999378 ) ) ;
#7288 = LINE ( 'NONE', #6690, #4942 ) ;
#7289 = CARTESIAN_POINT ( 'NONE',  ( 1.099107007456302521, 0.09876229304471627335, 3.199999999999999734 ) ) ;
#7290 = VERTEX_POINT ( 'NONE', #6385 ) ;
#7291 = DIRECTION ( 'NONE',  ( 3.576749435003726573E-16, -1.000000000000000000, 0.000000000000000000 ) ) ;
#7292 = EDGE_CURVE ( 'NONE', #2825, #457, #7709, .T. ) ;
#7293 = CARTESIAN_POINT ( 'NONE',  ( -7.822095197849717074, 0.5099912977391110047, 3.300000000000000266 ) ) ;
#7294 = CARTESIAN_POINT ( 'NONE',  ( -6.976621768688304748, -0.08772791109500198414, 3.199999999999999734 ) ) ;
#7295 = DIRECTION ( 'NONE',  ( -1.000000000000000000, -4.872818752743842964E-17, -6.195440985631454085E-17 ) ) ;
#7296 = EDGE_CURVE ( 'NONE', #7184, #7199, #2214, .T. ) ;
#7297 = VECTOR ( 'NONE', #1441, 1000.000000000000000 ) ;
#7298 = VERTEX_POINT ( 'NONE', #2899 ) ;
#7299 = CARTESIAN_POINT ( 'NONE',  ( -8.027701018177783254, -0.1640320186669446678, 3.199999999999998845 ) ) ;
#7300 = CARTESIAN_POINT ( 'NONE',  ( 8.543559311308456472, -0.1433069021585721692, 3.300000000000000711 ) ) ;
#7301 = FILL_AREA_STYLE_COLOUR ( '', #8814 ) ;
#7302 = VERTEX_POINT ( 'NONE', #6206 ) ;
#7303 = FILL_AREA_STYLE ('',( #4499 ) ) ;
#7304 = CARTESIAN_POINT ( 'NONE',  ( 1.593988254756661060, -0.5311913691742899957, 3.300000000000000266 ) ) ;
#7305 = CARTESIAN_POINT ( 'NONE',  ( -6.986772066458169839, 0.3895654489052693958, 3.200000000000000622 ) ) ;
#7306 = CARTESIAN_POINT ( 'NONE',  ( -7.110167782476034759, 0.2280639469605927894, 3.300000000000000711 ) ) ;
#7307 = CARTESIAN_POINT ( 'NONE',  ( -7.430266789627663293, 0.4393128055917991381, 3.199999999999999289 ) ) ;
#7308 = CARTESIAN_POINT ( 'NONE',  ( 8.850553566844441278, 0.5194102690144177803, 3.199999999999999289 ) ) ;
#7309 = LINE ( 'NONE', #2503, #8727 ) ;
#7310 = VECTOR ( 'NONE', #6674, 1000.000000000000000 ) ;
#7311 = PLANE ( 'NONE',  #9077 ) ;
#7312 = EDGE_LOOP ( 'NONE', ( #1686, #41, #8776, #8538, #8715 ) ) ;
#7313 = CARTESIAN_POINT ( 'NONE',  ( -7.569629665000014995, 0.4997908919589795218, 3.299999999999999822 ) ) ;
#7314 = COLOUR_RGB ( '',0.2509803921568627416, 0.2509803921568627416, 0.2509803921568627416 ) ;
#7315 = CARTESIAN_POINT ( 'NONE',  ( -6.125840152217834955, -0.06219616703049761497, 3.199999999999999734 ) ) ;
#7316 = CARTESIAN_POINT ( 'NONE',  ( 1.856256448858277786, -0.4730185636342644218, 3.299999999999999378 ) ) ;
#7317 = UNCERTAINTY_MEASURE_WITH_UNIT (LENGTH_MEASURE( 1.000000000000000082E-05 ), #8416, 'distance_accuracy_value', 'NONE');
#7318 = VERTEX_POINT ( 'NONE', #2772 ) ;
#7319 = EDGE_CURVE ( 'NONE', #6269, #4604, #1369, .T. ) ;
#7320 = LINE ( 'NONE', #3155, #5990 ) ;
#7321 = VECTOR ( 'NONE', #9094, 1000.000000000000114 ) ;
#7322 = CARTESIAN_POINT ( 'NONE',  ( 8.835216208330622933, -0.3518959455551436410, 3.200000000000000178 ) ) ;
#7323 = STYLED_ITEM ( 'NONE', ( #6396 ), #3334 ) ;
#7324 = CARTESIAN_POINT ( 'NONE',  ( -4.610596489610812476, 2.434589663958467209, 3.400000000000000355 ) ) ;
#7325 = PRESENTATION_LAYER_ASSIGNMENT (  '', '', ( #8347 ) ) ;
#7326 = FILL_AREA_STYLE_COLOUR ( '', #7183 ) ;
#7327 = CARTESIAN_POINT ( 'NONE',  ( -6.640276494413864583, -0.5316081619831521943, 3.200000000000000178 ) ) ;
#7328 = DIRECTION ( 'NONE',  ( 0.000000000000000000, 1.000000000000000000, 0.000000000000000000 ) ) ;
#7329 = CARTESIAN_POINT ( 'NONE',  ( 1.710994643136713789, -0.3386277985677162983, 3.300000000000000266 ) ) ;
#7330 = CARTESIAN_POINT ( 'NONE',  ( 1.109726817173985580, -0.1581913680433307545, 3.199999999999998845 ) ) ;
#7331 = SURFACE_STYLE_FILL_AREA ( #3124 ) ;
#7332 = VECTOR ( 'NONE', #7620, 1000.000000000000000 ) ;
#7333 = ADVANCED_FACE ( 'NONE', ( #36 ), #6895, .T. ) ;
#7334 = CARTESIAN_POINT ( 'NONE',  ( 8.630294114871741584, -0.2691643865731928043, 3.199999999999998401 ) ) ;
#7335 = STYLED_ITEM ( 'NONE', ( #4782 ), #4010 ) ;
#7336 = CARTESIAN_POINT ( 'NONE',  ( -6.870250721453914799, -0.2668699378461330540, 3.200000000000000622 ) ) ;
#7337 = VERTEX_POINT ( 'NONE', #7212 ) ;
#7338 = CARTESIAN_POINT ( 'NONE',  ( 1.400273643682722335, -0.2813502882735540167, 3.299999999999999822 ) ) ;
#7339 =( GEOMETRIC_REPRESENTATION_CONTEXT ( 3 ) GLOBAL_UNCERTAINTY_ASSIGNED_CONTEXT ( ( #5968 ) ) GLOBAL_UNIT_ASSIGNED_CONTEXT ( ( #7833, #7797, #8568 ) ) REPRESENTATION_CONTEXT ( 'NONE', 'WORKASPACE' ) );
#7340 = CARTESIAN_POINT ( 'NONE',  ( -7.921315880695130929, 0.4801761235019863516, 3.299999999999999822 ) ) ;
#7341 = DIRECTION ( 'NONE',  ( 3.334232686009356162E-16, 5.685891063888251215E-16, 1.000000000000000000 ) ) ;
#7342 = CARTESIAN_POINT ( 'NONE',  ( -6.341836988743371428, -0.1715579668125874480, 3.299999999999999822 ) ) ;
#7343 = VECTOR ( 'NONE', #8083, 1000.000000000000000 ) ;
#7344 = UNCERTAINTY_MEASURE_WITH_UNIT (LENGTH_MEASURE( 1.000000000000000082E-05 ), #244, 'distance_accuracy_value', 'NONE');
#7345 = COLOUR_RGB ( '',0.2509803921568627416, 0.2509803921568627416, 0.2509803921568627416 ) ;
#7346 = ORIENTED_EDGE ( 'NONE', *, *, #6256, .F. ) ;
#7347 = CIRCLE ( 'NONE', #6928, 0.8000000000000003775 ) ;
#7348 = ORIENTED_EDGE ( 'NONE', *, *, #5125, .F. ) ;
#7349 = CARTESIAN_POINT ( 'NONE',  ( -4.818974302811126265, 3.616358967573120253, -4.000000000000000888 ) ) ;
#7350 = CARTESIAN_POINT ( 'NONE',  ( -6.183491456465803893, 0.2415404013487023882, 3.300000000000000711 ) ) ;
#7351 = CARTESIAN_POINT ( 'NONE',  ( -5.221606622618993221, 0.4940328636578734667, 3.200000000000000178 ) ) ;
#7353 =( GEOMETRIC_REPRESENTATION_CONTEXT ( 3 ) GLOBAL_UNCERTAINTY_ASSIGNED_CONTEXT ( ( #3498 ) ) GLOBAL_UNIT_ASSIGNED_CONTEXT ( ( #3868, #7968, #4437 ) ) REPRESENTATION_CONTEXT ( 'NONE', 'WORKASPACE' ) );
#7352 = CARTESIAN_POINT ( 'NONE',  ( -7.404475210188510736, 0.4232118250606071719, 3.200000000000001954 ) ) ;
#7354 = CARTESIAN_POINT ( 'NONE',  ( 8.658863118923434854, 0.4801761235019858520, 3.299999999999999822 ) ) ;
#7355 = CARTESIAN_POINT ( 'NONE',  ( -4.610596489610811588, 2.434589663958468098, -3.400000000000000355 ) ) ;
#7356 = ORIENTED_EDGE ( 'NONE', *, *, #2122, .F. ) ;
#7357 = MECHANICAL_DESIGN_GEOMETRIC_PRESENTATION_REPRESENTATION (  '', ( #5455 ), #753 ) ;
#7358 = CARTESIAN_POINT ( 'NONE',  ( -6.312891317191988705, -0.4157181939899461387, 3.299999999999999378 ) ) ;
#7359 = EDGE_LOOP ( 'NONE', ( #5650, #1041, #6165, #1403 ) ) ;
#7360 =( LENGTH_UNIT ( ) NAMED_UNIT ( * ) SI_UNIT ( .MILLI., .METRE. ) );
#7361 = CARTESIAN_POINT ( 'NONE',  ( -6.656184152687630196, 0.3398727476550354454, 3.200000000000000178 ) ) ;
#7362 = DIRECTION ( 'NONE',  ( 0.1736481776669306920, -0.9848077530122080203, 0.000000000000000000 ) ) ;
#7363 = DIRECTION ( 'NONE',  ( -0.000000000000000000, -0.000000000000000000, -1.000000000000000000 ) ) ;
#7364 =( NAMED_UNIT ( * ) PLANE_ANGLE_UNIT ( ) SI_UNIT ( $, .RADIAN. ) );
#7365 = LINE ( 'NONE', #6510, #6420 ) ;
#7366 = FACE_OUTER_BOUND ( 'NONE', #8905, .T. ) ;
#7367 = EDGE_LOOP ( 'NONE', ( #6435, #8560, #4292, #8850 ) ) ;
#7368 = DIRECTION ( 'NONE',  ( -0.000000000000000000, -0.000000000000000000, -1.000000000000000000 ) ) ;
#7369 = LINE ( 'NONE', #1062, #8596 ) ;
#7370 = CARTESIAN_POINT ( 'NONE',  ( -7.527384011667990649, 0.2835775364371888041, 3.300000000000000266 ) ) ;
#7371 = CARTESIAN_POINT ( 'NONE',  ( -7.631760014741517217, -0.5260850608630796010, 3.299999999999999378 ) ) ;
#7372 = FACE_OUTER_BOUND ( 'NONE', #6282, .T. ) ;
#7373 = CARTESIAN_POINT ( 'NONE',  ( -6.976621768688304748, -0.08772791109500198414, 3.199999999999999734 ) ) ;
#7374 = SURFACE_STYLE_FILL_AREA ( #1809 ) ;
#7375 = VERTEX_POINT ( 'NONE', #254 ) ;
#7376 = DIRECTION ( 'NONE',  ( -1.000000000000000000, -4.872818752743842964E-17, 0.000000000000000000 ) ) ;
#7377 = CARTESIAN_POINT ( 'NONE',  ( -8.239671072603394819, 0.007930290384855702424, 3.299999999999999822 ) ) ;
#7378 = CARTESIAN_POINT ( 'NONE',  ( -2.945461134408580595, 5.099999999999999645, 1.119247819734363159 ) ) ;
#7379 = EDGE_CURVE ( 'NONE', #728, #7318, #1883, .T. ) ;
#7380 = DIRECTION ( 'NONE',  ( 0.000000000000000000, -0.000000000000000000, 1.000000000000000000 ) ) ;
#7381 = LINE ( 'NONE', #1074, #2519 ) ;
#7382 = B_SPLINE_SURFACE_WITH_KNOTS ( 'NONE', 3, 1, ( 
 ( #7242, #8015 ),
 ( #8604, #7919 ),
 ( #937, #1630 ),
 ( #6687, #3750 ),
 ( #2431, #290 ),
 ( #5071, #4384 ),
 ( #5171, #247 ),
 ( #3713, #5209 ),
 ( #1719, #201 ),
 ( #3069, #5863 ),
 ( #4525, #8796 ),
 ( #8189, #5344 ),
 ( #8243, #7553 ),
 ( #1806, #5393 ),
 ( #2703, #6133 ),
 ( #1855, #3965 ),
 ( #7411, #512 ),
 ( #1103, #2651 ),
 ( #6927, #3914 ) ),
 .UNSPECIFIED., .F., .F., .F.,
 ( 4, 1, 1, 1, 1, 1, 1, 1, 1, 1, 1, 1, 1, 1, 1, 1, 4 ),
 ( 2, 2 ),
 ( 0.000000000000000000, 0.07778293631334770586, 0.1518156572691091999, 0.2225398385800625156, 0.2902775346822921154, 0.3546406074863794888, 0.4157977534850320622, 0.4747090076698663452, 0.5304260996200420575, 0.5855797458252653964, 0.6409061648040293990, 0.6979010906656706315, 0.7554203208806050673, 0.8145212584872895123, 0.8744618312159079254, 0.9366697167404223201, 0.9999999999999998890 ),
 ( 0.000000000000000000, 1.000000000000000000 ),
 .UNSPECIFIED. ) ;
#7383 = ORIENTED_EDGE ( 'NONE', *, *, #6049, .T. ) ;
#7384 = CARTESIAN_POINT ( 'NONE',  ( -6.757811981502287679, -0.3332738282322757484, 3.300000000000001155 ) ) ;
#7385 = CARTESIAN_POINT ( 'NONE',  ( 8.463816242269675882, 0.3428730918388118165, 3.299999999999999378 ) ) ;
#7386 = SURFACE_STYLE_USAGE ( .BOTH. , #347 ) ;
#7387 = CARTESIAN_POINT ( 'NONE',  ( 0.1153846153846153910, 0.4940328636578734667, 3.200000000000000178 ) ) ;
#7388 = CARTESIAN_POINT ( 'NONE',  ( -6.960612596544362596, 0.4112873758558763804, 3.299999999999999822 ) ) ;
#7389 = CARTESIAN_POINT ( 'NONE',  ( -7.720605020054890133, -0.5316081619831521943, 3.200000000000000178 ) ) ;
#7390 =( NAMED_UNIT ( * ) SI_UNIT ( $, .STERADIAN. ) SOLID_ANGLE_UNIT ( ) );
#7391 = DIRECTION ( 'NONE',  ( 0.000000000000000000, 0.000000000000000000, -1.000000000000000000 ) ) ;
#7392 = EDGE_CURVE ( 'NONE', #9049, #3814, #3633, .T. ) ;
#7393 = ORIENTED_EDGE ( 'NONE', *, *, #3990, .T. ) ;
#7394 = LINE ( 'NONE', #8643, #677 ) ;
#7395 =( NAMED_UNIT ( * ) PLANE_ANGLE_UNIT ( ) SI_UNIT ( $, .RADIAN. ) );
#7396 = ORIENTED_EDGE ( 'NONE', *, *, #504, .T. ) ;
#7397 = CARTESIAN_POINT ( 'NONE',  ( -6.656184152687630196, 0.3398727476550354454, 3.299999999999999822 ) ) ;
#7398 = EDGE_CURVE ( 'NONE', #7418, #7728, #4617, .T. ) ;
#7399 = CARTESIAN_POINT ( 'NONE',  ( 1.551748421546491841, -0.3477163731273746894, 3.199999999999999734 ) ) ;
#7400 = VECTOR ( 'NONE', #2478, 1000.000000000000000 ) ;
#7401 = CARTESIAN_POINT ( 'NONE',  ( 0.2948717948717948789, -0.5059671363421265333, 3.299999999999999822 ) ) ;
#7402 = AXIS2_PLACEMENT_3D ( 'NONE', #7882, #3169, #4491 ) ;
#7403 = ORIENTED_EDGE ( 'NONE', *, *, #3631, .F. ) ;
#7404 = CARTESIAN_POINT ( 'NONE',  ( 1.363053574163274995, -0.2504615528896944610, 3.300000000000002043 ) ) ;
#7405 = ORIENTED_EDGE ( 'NONE', *, *, #3199, .F. ) ;
#7406 = CARTESIAN_POINT ( 'NONE',  ( -7.450752854111984291, -0.4649073206360703758, 3.200000000000001510 ) ) ;
#7407 = CARTESIAN_POINT ( 'NONE',  ( 1.623278575923173150, -0.3518043582883352283, 3.299999999999999822 ) ) ;
#7408 = CARTESIAN_POINT ( 'NONE',  ( 8.356635220666873920, 0.1368979101568717216, 3.199999999999999734 ) ) ;
#7409 = UNCERTAINTY_MEASURE_WITH_UNIT (LENGTH_MEASURE( 1.000000000000000082E-05 ), #4278, 'distance_accuracy_value', 'NONE');
#7410 = CARTESIAN_POINT ( 'NONE',  ( -7.295124250824120971, -0.3407027132652034607, 3.299999999999999822 ) ) ;
#7411 = CARTESIAN_POINT ( 'NONE',  ( -7.690325055303554258, -0.5313234687482653040, 3.299999999999998934 ) ) ;
#7412 = VECTOR ( 'NONE', #1352, 1000.000000000000000 ) ;
#7413 = CARTESIAN_POINT ( 'NONE',  ( 8.858772697512392824, -0.3521209824959727341, 3.199999999999999734 ) ) ;
#7414 = CARTESIAN_POINT ( 'NONE',  ( 9.010549334618549011, 0.4997908919589792998, 3.199999999999999289 ) ) ;
#7415 = VECTOR ( 'NONE', #3321, 1000.000000000000000 ) ;
#7416 = CARTESIAN_POINT ( 'NONE',  ( -7.717800532875402908, 0.5196738892988990166, 3.200000000000002398 ) ) ;
#7417 = EDGE_CURVE ( 'NONE', #2300, #7027, #1589, .T. ) ;
#7418 = VERTEX_POINT ( 'NONE', #6520 ) ;
#7419 = ADVANCED_FACE ( 'NONE', ( #2354 ), #5134, .T. ) ;
#7420 = CARTESIAN_POINT ( 'NONE',  ( -7.724811750824120971, 0.3401867098117196120, 3.299999999999999822 ) ) ;
#7421 = DIRECTION ( 'NONE',  ( 0.3110687615652540927, -0.9503874081543058905, 0.000000000000000000 ) ) ;
#7422 = DIRECTION ( 'NONE',  ( -0.000000000000000000, -0.000000000000000000, -1.000000000000000000 ) ) ;
#7423 = COLOUR_RGB ( '',0.2509803921568627416, 0.2509803921568627416, 0.2509803921568627416 ) ;
#7424 = CARTESIAN_POINT ( 'NONE',  ( -6.606751646191459493, -0.3511813902018701694, 3.300000000000000711 ) ) ;
#7425 = VECTOR ( 'NONE', #6911, 1000.000000000000000 ) ;
#7426 = UNCERTAINTY_MEASURE_WITH_UNIT (LENGTH_MEASURE( 1.000000000000000082E-05 ), #6930, 'distance_accuracy_value', 'NONE');
#7427 = ORIENTED_EDGE ( 'NONE', *, *, #3473, .F. ) ;
#7428 = CARTESIAN_POINT ( 'NONE',  ( -7.490839867934784735, 0.2586993857108030870, 3.199999999999999734 ) ) ;
#7429 =( NAMED_UNIT ( * ) SI_UNIT ( $, .STERADIAN. ) SOLID_ANGLE_UNIT ( ) );
#7430 =( GEOMETRIC_REPRESENTATION_CONTEXT ( 3 ) GLOBAL_UNCERTAINTY_ASSIGNED_CONTEXT ( ( #5595 ) ) GLOBAL_UNIT_ASSIGNED_CONTEXT ( ( #1869, #6799, #4388 ) ) REPRESENTATION_CONTEXT ( 'NONE', 'WORKASPACE' ) );
#7431 = CARTESIAN_POINT ( 'NONE',  ( 9.285054748794443924, -0.3407027132652034607, 3.200000000000000178 ) ) ;
#7432 = CARTESIAN_POINT ( 'NONE',  ( -7.880034257267876541, -0.5117538462312654080, 3.299999999999998934 ) ) ;
#7433 = CARTESIAN_POINT ( 'NONE',  ( -6.399235242741713847, 0.4601356041372028916, 3.199999999999998845 ) ) ;
#7434 = CARTESIAN_POINT ( 'NONE',  ( -7.136331184542781259, 0.1648621580501562212, 3.300000000000000266 ) ) ;
#7435 = PLANE ( 'NONE',  #6395 ) ;
#7436 = PLANE ( 'NONE',  #8650 ) ;
#7437 = SURFACE_STYLE_USAGE ( .BOTH. , #8120 ) ;
#7438 = ORIENTED_EDGE ( 'NONE', *, *, #6256, .T. ) ;
#7439 = CARTESIAN_POINT ( 'NONE',  ( 0.9999999999999997780, -9.099999999999999645, -1.750000000000000444 ) ) ;
#7440 = ADVANCED_FACE ( 'NONE', ( #4714 ), #9023, .T. ) ;
#7441 = CARTESIAN_POINT ( 'NONE',  ( 9.232168288312113447, -0.3902659293025290688, 3.299999999999998934 ) ) ;
#7442 = SURFACE_STYLE_FILL_AREA ( #3151 ) ;
#7443 = EDGE_LOOP ( 'NONE', ( #3590, #2221, #2850, #702, #1600, #5109, #1354, #4844, #5886, #8211 ) ) ;
#7444 =( NAMED_UNIT ( * ) PLANE_ANGLE_UNIT ( ) SI_UNIT ( $, .RADIAN. ) );
#7445 = CARTESIAN_POINT ( 'NONE',  ( 8.049999999999998934, -5.099999999999999645, -1.750000000000000000 ) ) ;
#7446 = CARTESIAN_POINT ( 'NONE',  ( -7.550000000000000711, -8.799999999999995381, -1.750000000000000000 ) ) ;
#7447 = SURFACE_SIDE_STYLE ('',( #7585 ) ) ;
#7448 =( NAMED_UNIT ( * ) PLANE_ANGLE_UNIT ( ) SI_UNIT ( $, .RADIAN. ) );
#7449 =( GEOMETRIC_REPRESENTATION_CONTEXT ( 3 ) GLOBAL_UNCERTAINTY_ASSIGNED_CONTEXT ( ( #5684 ) ) GLOBAL_UNIT_ASSIGNED_CONTEXT ( ( #8647, #8049, #4514 ) ) REPRESENTATION_CONTEXT ( 'NONE', 'WORKASPACE' ) );
#7450 = ORIENTED_EDGE ( 'NONE', *, *, #1272, .F. ) ;
#7451 = CARTESIAN_POINT ( 'NONE',  ( -6.512874137676015529, 0.3154119740129490146, 3.199999999999999289 ) ) ;
#7452 =( NAMED_UNIT ( * ) SI_UNIT ( $, .STERADIAN. ) SOLID_ANGLE_UNIT ( ) );
#7453 = CARTESIAN_POINT ( 'NONE',  ( 1.539506050813388871, 0.3345323263372207978, 3.299999999999998934 ) ) ;
#7454 = FACE_OUTER_BOUND ( 'NONE', #1144, .T. ) ;
#7455 =( GEOMETRIC_REPRESENTATION_CONTEXT ( 3 ) GLOBAL_UNCERTAINTY_ASSIGNED_CONTEXT ( ( #4750 ) ) GLOBAL_UNIT_ASSIGNED_CONTEXT ( ( #7360, #1052, #880 ) ) REPRESENTATION_CONTEXT ( 'NONE', 'WORKASPACE' ) );
#7456 = CARTESIAN_POINT ( 'NONE',  ( 0.1153846153846153910, -0.5059671363421265333, 3.299999999999999822 ) ) ;
#7457 = ORIENTED_EDGE ( 'NONE', *, *, #3372, .T. ) ;
#7458 = PRESENTATION_LAYER_ASSIGNMENT (  '', '', ( #2054 ) ) ;
#7459 = EDGE_CURVE ( 'NONE', #8946, #2236, #513, .T. ) ;
#7460 = COLOUR_RGB ( '',0.7764705882352941346, 0.7568627450980391913, 0.7372549019607843590 ) ;
#7461 = SURFACE_SIDE_STYLE ('',( #4580 ) ) ;
#7462 = CARTESIAN_POINT ( 'NONE',  ( 9.067782662780455638, 0.4802700398739078169, 3.199999999999999289 ) ) ;
#7463 = CARTESIAN_POINT ( 'NONE',  ( 1.320092850975180365, 0.4310982707423295368, 3.200000000000001066 ) ) ;
#7464 = VECTOR ( 'NONE', #8305, 1000.000000000000000 ) ;
#7465 = ORIENTED_EDGE ( 'NONE', *, *, #3372, .F. ) ;
#7466 = CARTESIAN_POINT ( 'NONE',  ( 1.467735895074102848, -0.3224749732304595939, 3.300000000000000711 ) ) ;
#7467 = VECTOR ( 'NONE', #6436, 1000.000000000000114 ) ;
#7468 = FACE_OUTER_BOUND ( 'NONE', #1273, .T. ) ;
#7469 = CARTESIAN_POINT ( 'NONE',  ( 8.532853373907713035, 0.09872081173813589128, 3.299999999999999822 ) ) ;
#7470 =( LENGTH_UNIT ( ) NAMED_UNIT ( * ) SI_UNIT ( .MILLI., .METRE. ) );
#7471 = COLOUR_RGB ( '',0.2509803921568627416, 0.2509803921568627416, 0.2509803921568627416 ) ;
#7472 = CARTESIAN_POINT ( 'NONE',  ( 1.269537145234438391, 0.004398000095624846582, 3.300000000000000266 ) ) ;
#7473 = CARTESIAN_POINT ( 'NONE',  ( 1.797741940380192194, 0.2837438070785937572, 3.299999999999999378 ) ) ;
#7474 = CIRCLE ( 'NONE', #4245, 0.8000000000000003775 ) ;
#7475 = PRESENTATION_STYLE_ASSIGNMENT (( #7850 ) ) ;
#7476 = ORIENTED_EDGE ( 'NONE', *, *, #7792, .F. ) ;
#7477 = CARTESIAN_POINT ( 'NONE',  ( 8.520116716172024596, -0.02877474711494829376, 3.299999999999999378 ) ) ;
#7478 = CARTESIAN_POINT ( 'NONE',  ( -5.451374250824120082, -0.2034831619831521665, 3.200000000000000178 ) ) ;
#7479 = CARTESIAN_POINT ( 'NONE',  ( -6.640877455952326258, -0.3521209824959727341, 3.200000000000000178 ) ) ;
#7480 = CARTESIAN_POINT ( 'NONE',  ( -6.490843848763099722, 0.4988563023161740606, 3.299999999999998490 ) ) ;
#7481 = STYLED_ITEM ( 'NONE', ( #4515 ), #8368 ) ;
#7482 = FACE_OUTER_BOUND ( 'NONE', #4960, .T. ) ;
#7483 = CARTESIAN_POINT ( 'NONE',  ( 1.612379807692307709, -0.5316081619831521943, 3.200000000000000178 ) ) ;
#7484 = CARTESIAN_POINT ( 'NONE',  ( -6.640877455952326258, -0.3521209824959727341, 3.200000000000000178 ) ) ;
#7485 =( LENGTH_UNIT ( ) NAMED_UNIT ( * ) SI_UNIT ( .MILLI., .METRE. ) );
#7486 =( GEOMETRIC_REPRESENTATION_CONTEXT ( 3 ) GLOBAL_UNCERTAINTY_ASSIGNED_CONTEXT ( ( #2116 ) ) GLOBAL_UNIT_ASSIGNED_CONTEXT ( ( #2411, #4313, #7124 ) ) REPRESENTATION_CONTEXT ( 'NONE', 'WORKASPACE' ) );
#7487 = ORIENTED_EDGE ( 'NONE', *, *, #1111, .T. ) ;
#7488 = VECTOR ( 'NONE', #3329, 1000.000000000000114 ) ;
#7489 = CARTESIAN_POINT ( 'NONE',  ( -7.291117840567710395, 0.3205552995553094253, 3.299999999999999822 ) ) ;
#7490 = CARTESIAN_POINT ( 'NONE',  ( 2.127766062763237542, 0.009149648307352998763, 3.199999999999999734 ) ) ;
#7491 = PLANE ( 'NONE',  #5286 ) ;
#7492 = VECTOR ( 'NONE', #761, 1000.000000000000000 ) ;
#7493 = EDGE_LOOP ( 'NONE', ( #1278, #5821, #4248, #1329 ) ) ;
#7494 = CARTESIAN_POINT ( 'NONE',  ( 1.739782164430155431, 0.3154119740129488481, 3.299999999999999378 ) ) ;
#7495 = CARTESIAN_POINT ( 'NONE',  ( 10.14999999999999858, 4.599999999999998757, 3.200000000000000178 ) ) ;
#7496 = DIRECTION ( 'NONE',  ( -1.000000000000000000, 0.000000000000000000, 0.000000000000000000 ) ) ;
#7497 = FACE_OUTER_BOUND ( 'NONE', #2247, .T. ) ;
#7498 = CARTESIAN_POINT ( 'NONE',  ( 9.124478961674007849, 0.2288467283147193332, 3.299999999999999822 ) ) ;
#7499 = UNCERTAINTY_MEASURE_WITH_UNIT (LENGTH_MEASURE( 1.000000000000000082E-05 ), #6035, 'distance_accuracy_value', 'NONE');
#7500 = FILL_AREA_STYLE_COLOUR ( '', #1725 ) ;
#7501 = EDGE_LOOP ( 'NONE', ( #8319, #8389, #5229, #7041 ) ) ;
#7502 = CARTESIAN_POINT ( 'NONE',  ( 1.337933883094522880, -0.2223573830769847437, 3.199999999999999289 ) ) ;
#7503 = CARTESIAN_POINT ( 'NONE',  ( -8.239445974862983135, -0.02321618748560065268, 3.200000000000000622 ) ) ;
#7504 = CARTESIAN_POINT ( 'NONE',  ( 1.269537145234438391, 0.004398000095624846582, 3.200000000000000622 ) ) ;
#7505 = PLANE ( 'NONE',  #3954 ) ;
#7506 = UNCERTAINTY_MEASURE_WITH_UNIT (LENGTH_MEASURE( 1.000000000000000082E-05 ), #1389, 'distance_accuracy_value', 'NONE');
#7507 = VERTEX_POINT ( 'NONE', #4662 ) ;
#7508 = CARTESIAN_POINT ( 'NONE',  ( 9.649999999999998579, -4.599999999999998757, 3.200000000000000178 ) ) ;
#7509 = FILL_AREA_STYLE ('',( #2705 ) ) ;
#7510 = DIRECTION ( 'NONE',  ( -0.1736481776669306920, 0.9848077530122080203, 4.163336342344336410E-17 ) ) ;
#7511 = B_SPLINE_CURVE_WITH_KNOTS ( 'NONE', 3,
 ( #5930, #7304, #8718, #5836, #2451, #918, #8034, #2319, #8628, #3000, #6574, #8576, #1651, #7894, #3730, #4551, #3095, #1602, #3044 ),
 .UNSPECIFIED., .F., .F.,
 ( 4, 1, 1, 1, 1, 1, 1, 1, 1, 1, 1, 1, 1, 1, 1, 1, 4 ),
 ( 0.000000000000000000, 0.06674865130926613266, 0.1311519760901755649, 0.1937321970570957674, 0.2553255433785987516, 0.3163881857773856443, 0.3780268629068865294, 0.4404056792054015235, 0.5045574293240810970, 0.5686582873620150691, 0.6309861790900103129, 0.6922881348732988771, 0.7526154469796393354, 0.8131995384355630296, 0.8740161248607813960, 0.9361583555105312815, 1.000000000000000000 ),
 .UNSPECIFIED. ) ;
#7512 = B_SPLINE_CURVE_WITH_KNOTS ( 'NONE', 3,
 ( #144, #8456, #2279, #4190, #4370, #2186, #7101, #6448, #5056, #54, #7853, #5641, #876, #4326, #3704, #8380, #5682, #3609, #826 ),
 .UNSPECIFIED., .F., .F.,
 ( 4, 1, 1, 1, 1, 1, 1, 1, 1, 1, 1, 1, 1, 1, 1, 1, 4 ),
 ( 0.000000000000000000, 0.07778293631334785851, 0.1518156572691081452, 0.2225398385800615997, 0.2902775346822942248, 0.3546406074863788227, 0.4157977534850313961, 0.4747090076698673999, 0.5304260996200432787, 0.5855797458252649523, 0.6409061648040323966, 0.6979010906656721858, 0.7554203208806048453, 0.8145212584872911776, 0.8744618312159095908, 0.9366697167404259838, 1.000000000000000000 ),
 .UNSPECIFIED. ) ;
#7513 = FILL_AREA_STYLE ('',( #6281 ) ) ;
#7514 = ADVANCED_FACE ( 'NONE', ( #6929 ), #5492, .T. ) ;
#7515 = ORIENTED_EDGE ( 'NONE', *, *, #7154, .F. ) ;
#7516 =( LENGTH_UNIT ( ) NAMED_UNIT ( * ) SI_UNIT ( .MILLI., .METRE. ) );
#7517 = CARTESIAN_POINT ( 'NONE',  ( -8.049788829448024430, -0.09961101863847418580, 3.300000000000000266 ) ) ;
#7518 = CARTESIAN_POINT ( 'NONE',  ( 1.910544580682598248, 0.1580442267139253454, 3.200000000000001510 ) ) ;
#7519 = CARTESIAN_POINT ( 'NONE',  ( 1.269230769230769162, -0.007970341470331657879, 3.299999999999999822 ) ) ;
#7520 = CARTESIAN_POINT ( 'NONE',  ( -8.036652235391898103, 0.1301962769749490934, 3.200000000000000622 ) ) ;
#7521 = FILL_AREA_STYLE_COLOUR ( '', #847 ) ;
#7522 = ORIENTED_EDGE ( 'NONE', *, *, #1330, .F. ) ;
#7523 = DIRECTION ( 'NONE',  ( -1.351345363508946546E-16, -6.610348994666661011E-17, 1.000000000000000000 ) ) ;
#7524 = CARTESIAN_POINT ( 'NONE',  ( -8.095022221448104460, -0.3841557640895613135, 3.299999999999999822 ) ) ;
#7525 = CARTESIAN_POINT ( 'NONE',  ( -6.624292512441568803, 0.5192237287839790438, 3.299999999999999822 ) ) ;
#7526 = FILL_AREA_STYLE ('',( #6804 ) ) ;
#7527 = CARTESIAN_POINT ( 'NONE',  ( -7.775748953722565027, -0.5302024331416018699, 3.199999999999999734 ) ) ;
#7528 = CARTESIAN_POINT ( 'NONE',  ( -7.422728417490787933, -0.2066882901882803603, 3.299999999999999822 ) ) ;
#7529 = EDGE_CURVE ( 'NONE', #2241, #3598, #2090, .T. ) ;
#7530 = EDGE_CURVE ( 'NONE', #3397, #7981, #3359, .T. ) ;
#7531 = VERTEX_POINT ( 'NONE', #6955 ) ;
#7532 = CARTESIAN_POINT ( 'NONE',  ( -7.379933144938541467, 0.4052890225392918322, 3.299999999999998046 ) ) ;
#7533 = CARTESIAN_POINT ( 'NONE',  ( -6.261456296796052534, 3.158925150470279331, 3.999999999999999112 ) ) ;
#7534 = ADVANCED_FACE ( 'NONE', ( #641 ), #2999, .F. ) ;
#7535 = SURFACE_SIDE_STYLE ('',( #3280 ) ) ;
#7536 = EDGE_LOOP ( 'NONE', ( #7149, #8447, #6954, #3756 ) ) ;
#7537 = CARTESIAN_POINT ( 'NONE',  ( 1.116325117563392366, 0.1648621580501563322, 3.300000000000000266 ) ) ;
#7538 = PRESENTATION_STYLE_ASSIGNMENT (( #8225 ) ) ;
#7539 = CARTESIAN_POINT ( 'NONE',  ( -6.806240812219338743, 0.3021718888387588398, 3.299999999999998934 ) ) ;
#7540 = LINE ( 'NONE', #6861, #284 ) ;
#7541 = CARTESIAN_POINT ( 'NONE',  ( 9.154630371533984956, -0.4494348596310139832, 3.200000000000001510 ) ) ;
#7542 = CARTESIAN_POINT ( 'NONE',  ( 1.581499309617327098, -0.3514494753323377796, 3.299999999999999378 ) ) ;
#7543 = SURFACE_STYLE_USAGE ( .BOTH. , #6817 ) ;
#7544 = ORIENTED_EDGE ( 'NONE', *, *, #1578, .F. ) ;
#7545 = CARTESIAN_POINT ( 'NONE',  ( 1.612379807692307709, -0.5316081619831521943, 3.299999999999999822 ) ) ;
#7546 = CARTESIAN_POINT ( 'NONE',  ( 1.269230769230769162, -0.007970341470331657879, 3.299999999999999822 ) ) ;
#7547 = CARTESIAN_POINT ( 'NONE',  ( -7.093894663678294243, 0.2584767473356285317, 3.299999999999999378 ) ) ;
#7548 = CARTESIAN_POINT ( 'NONE',  ( 8.850553566844441278, 0.5194102690144177803, 3.200000000000000178 ) ) ;
#7549 = EDGE_CURVE ( 'NONE', #601, #6485, #684, .T. ) ;
#7550 = EDGE_CURVE ( 'NONE', #7298, #2530, #7047, .T. ) ;
#7551 = ORIENTED_EDGE ( 'NONE', *, *, #3354, .F. ) ;
#7552 = PRESENTATION_STYLE_ASSIGNMENT (( #1954 ) ) ;
#7553 = CARTESIAN_POINT ( 'NONE',  ( -7.576595270978131680, -0.5156567323843216366, 3.199999999999998845 ) ) ;
#7554 = SURFACE_SIDE_STYLE ('',( #4761 ) ) ;
#7555 = VECTOR ( 'NONE', #5612, 1000.000000000000000 ) ;
#7556 = CARTESIAN_POINT ( 'NONE',  ( -6.591628258233098947, 3.303792247772646018, -3.400000000000000355 ) ) ;
#7557 = CARTESIAN_POINT ( 'NONE',  ( 1.610977564102564097, 0.5196738892988990166, 3.200000000000000178 ) ) ;
#7558 = EDGE_LOOP ( 'NONE', ( #4054, #7875, #1348, #5723, #3028, #7346, #6320, #5823, #7774, #8609 ) ) ;
#7559 = STYLED_ITEM ( 'NONE', ( #4077 ), #5381 ) ;
#7560 = PRESENTATION_STYLE_ASSIGNMENT (( #6885 ) ) ;
#7561 = CARTESIAN_POINT ( 'NONE',  ( -7.768149801013612077, -0.3494713964019973695, 3.299999999999999822 ) ) ;
#7562 = CARTESIAN_POINT ( 'NONE',  ( 1.947778898282149784, 0.02875541866581782929, 3.199999999999999734 ) ) ;
#7563 = FILL_AREA_STYLE ('',( #6100 ) ) ;
#7564 = EDGE_CURVE ( 'NONE', #8934, #7113, #7721, .T. ) ;
#7565 = PRESENTATION_LAYER_ASSIGNMENT (  '', '', ( #9029 ) ) ;
#7566 = LINE ( 'NONE', #6838, #6852 ) ;
#7567 = ORIENTED_EDGE ( 'NONE', *, *, #1027, .T. ) ;
#7568 = VECTOR ( 'NONE', #128, 1000.000000000000000 ) ;
#7569 = LINE ( 'NONE', #6248, #6603 ) ;
#7570 = SURFACE_STYLE_FILL_AREA ( #6019 ) ;
#7571 = VECTOR ( 'NONE', #6095, 1000.000000000000000 ) ;
#7572 = SURFACE_STYLE_USAGE ( .BOTH. , #1974 ) ;
#7573 = EDGE_CURVE ( 'NONE', #2241, #8398, #1556, .T. ) ;
#7574 = SURFACE_STYLE_FILL_AREA ( #6111 ) ;
#7575 = FILL_AREA_STYLE ('',( #4641 ) ) ;
#7576 = VERTEX_POINT ( 'NONE', #6394 ) ;
#7577 =( LENGTH_UNIT ( ) NAMED_UNIT ( * ) SI_UNIT ( .MILLI., .METRE. ) );
#7578 = CARTESIAN_POINT ( 'NONE',  ( 9.180086639689395867, -0.4317492700529750871, 3.299999999999998934 ) ) ;
#7579 = CARTESIAN_POINT ( 'NONE',  ( 1.713166865136146466, 0.5109268450267248074, 3.200000000000000178 ) ) ;
#7580 = ORIENTED_EDGE ( 'NONE', *, *, #8218, .F. ) ;
#7581 = CARTESIAN_POINT ( 'NONE',  ( 1.411275012641417304, 0.4802558937137069717, 3.300000000000001155 ) ) ;
#7582 = CARTESIAN_POINT ( 'NONE',  ( -8.172788370481692155, 5.360472266500400984, 3.399999999999999911 ) ) ;
#7583 = DIRECTION ( 'NONE',  ( -0.000000000000000000, -0.000000000000000000, -1.000000000000000000 ) ) ;
#7584 = FACE_BOUND ( 'NONE', #2584, .T. ) ;
#7585 = SURFACE_STYLE_FILL_AREA ( #5438 ) ;
#7586 = CARTESIAN_POINT ( 'NONE',  ( 1.441581751240559095, -0.3091098579958833636, 3.299999999999999378 ) ) ;
#7587 = COLOUR_RGB ( '',0.2509803921568627416, 0.2509803921568627416, 0.2509803921568627416 ) ;
#7588 = CARTESIAN_POINT ( 'NONE',  ( -6.609896387670847417, 0.3392199482447084136, 3.300000000000000266 ) ) ;
#7589 = ORIENTED_EDGE ( 'NONE', *, *, #4931, .T. ) ;
#7590 = ADVANCED_FACE ( 'NONE', ( #865 ), #5046, .T. ) ;
#7591 = CARTESIAN_POINT ( 'NONE',  ( -8.057538795995480285, -0.4186946399918629047, 3.300000000000000266 ) ) ;
#7592 = CARTESIAN_POINT ( 'NONE',  ( 1.343874202534839135, 0.2168938213975744600, 3.200000000000000178 ) ) ;
#7593 = CARTESIAN_POINT ( 'NONE',  ( -7.162912712362582646, -0.005566495316485452725, 3.299999999999999822 ) ) ;
#7594 = UNCERTAINTY_MEASURE_WITH_UNIT (LENGTH_MEASURE( 1.000000000000000082E-05 ), #906, 'distance_accuracy_value', 'NONE');
#7595 = ORIENTED_EDGE ( 'NONE', *, *, #1960, .F. ) ;
#7596 = DIRECTION ( 'NONE',  ( -1.000000000000000000, -4.872818752743842964E-17, 0.000000000000000000 ) ) ;
#7597 = DIRECTION ( 'NONE',  ( 0.000000000000000000, 1.000000000000000000, 0.000000000000000000 ) ) ;
#7598 = MECHANICAL_DESIGN_GEOMETRIC_PRESENTATION_REPRESENTATION (  '', ( #8354 ), #8061 ) ;
#7599 =( GEOMETRIC_REPRESENTATION_CONTEXT ( 3 ) GLOBAL_UNCERTAINTY_ASSIGNED_CONTEXT ( ( #3686 ) ) GLOBAL_UNIT_ASSIGNED_CONTEXT ( ( #4329, #5059, #4892 ) ) REPRESENTATION_CONTEXT ( 'NONE', 'WORKASPACE' ) );
#7600 = CARTESIAN_POINT ( 'NONE',  ( 1.379853117821800090, 0.4661060021047254143, 3.199999999999999289 ) ) ;
#7601 = VERTEX_POINT ( 'NONE', #1377 ) ;
#7602 = VECTOR ( 'NONE', #674, 1000.000000000000114 ) ;
#7603 = CARTESIAN_POINT ( 'NONE',  ( -6.834479272489687673, 0.2853420351624346152, 3.200000000000001066 ) ) ;
#7604 = B_SPLINE_CURVE_WITH_KNOTS ( 'NONE', 3,
 ( #3859, #4699, #9013, #2593, #8914, #4652, #6862, #8864, #2636, #5380, #1192, #3433, #548, #8176, #4000, #6174, #1282, #2738, #1896, #6958, #8273, #1338, #4093, #4840, #6036, #8969, #6815 ),
 .UNSPECIFIED., .F., .F.,
 ( 4, 1, 1, 1, 1, 1, 1, 1, 1, 1, 1, 1, 1, 1, 1, 1, 1, 1, 1, 1, 1, 1, 1, 1, 4 ),
 ( 0.000000000000000000, 0.04466333090637093078, 0.08851180578014528066, 0.1309255913017770834, 0.1729040372808871018, 0.2140001199049665903, 0.2549850203589834052, 0.2952912763870593205, 0.3357724419527878812, 0.3761808205537701122, 0.4161784084745209222, 0.4563500514444744360, 0.4965121666444158310, 0.5370405736377807937, 0.5781187440077620865, 0.6197245605548123981, 0.6624219701988836029, 0.7052989535209034377, 0.7474300005339106212, 0.7894329840393825570, 0.8312674212030608523, 0.8728250959642297468, 0.9148701104843923737, 0.9570270028395010398, 1.000000000000000000 ),
 .UNSPECIFIED. ) ;
#7605 = CARTESIAN_POINT ( 'NONE',  ( -6.240831873561444532, 0.3273396378151152697, 3.199999999999999289 ) ) ;
#7606 = EDGE_CURVE ( 'NONE', #7943, #6840, #4182, .T. ) ;
#7607 = CARTESIAN_POINT ( 'NONE',  ( -7.550000000000000711, -9.099999999999999645, 1.750000000000000000 ) ) ;
#7608 = CARTESIAN_POINT ( 'NONE',  ( 1.948717948717948900, -0.006568097880588056638, 3.200000000000000178 ) ) ;
#7609 =( NAMED_UNIT ( * ) SI_UNIT ( $, .STERADIAN. ) SOLID_ANGLE_UNIT ( ) );
#7610 = DIRECTION ( 'NONE',  ( -0.000000000000000000, -0.000000000000000000, -1.000000000000000000 ) ) ;
#7611 = UNCERTAINTY_MEASURE_WITH_UNIT (LENGTH_MEASURE( 1.000000000000000082E-05 ), #6939, 'distance_accuracy_value', 'NONE');
#7612 = CARTESIAN_POINT ( 'NONE',  ( -8.006254224104294437, 0.1888369438955760649, 3.299999999999998934 ) ) ;
#7613 = MECHANICAL_DESIGN_GEOMETRIC_PRESENTATION_REPRESENTATION (  '', ( #8930 ), #5857 ) ;
#7614 = CARTESIAN_POINT ( 'NONE',  ( -8.057982908784920184, -0.05312347106214442699, 3.200000000000001510 ) ) ;
#7615 = ORIENTED_EDGE ( 'NONE', *, *, #4334, .T. ) ;
#7616 = VECTOR ( 'NONE', #3518, 1000.000000000000000 ) ;
#7617 = CARTESIAN_POINT ( 'NONE',  ( -6.671156992488842974, -0.3514494753323376131, 3.299999999999998934 ) ) ;
#7618 = EDGE_CURVE ( 'NONE', #1810, #6908, #2832, .T. ) ;
#7619 =( GEOMETRIC_REPRESENTATION_CONTEXT ( 3 ) GLOBAL_UNCERTAINTY_ASSIGNED_CONTEXT ( ( #5486 ) ) GLOBAL_UNIT_ASSIGNED_CONTEXT ( ( #1786, #4733, #8118 ) ) REPRESENTATION_CONTEXT ( 'NONE', 'WORKASPACE' ) );
#7620 = DIRECTION ( 'NONE',  ( -0.000000000000000000, -0.000000000000000000, -1.000000000000000000 ) ) ;
#7621 = DIRECTION ( 'NONE',  ( -6.195440985631452852E-17, 0.000000000000000000, 1.000000000000000000 ) ) ;
#7622 = CARTESIAN_POINT ( 'NONE',  ( -6.892263095472505263, -0.4714591131061920404, 3.200000000000001066 ) ) ;
#7623 = FILL_AREA_STYLE_COLOUR ( '', #5605 ) ;
#7624 = CARTESIAN_POINT ( 'NONE',  ( 9.650000000000002132, 5.099999999999999645, 3.200000000000000178 ) ) ;
#7625 = SURFACE_STYLE_FILL_AREA ( #5000 ) ;
#7626 = COLOUR_RGB ( '',0.2509803921568627416, 0.2509803921568627416, 0.2509803921568627416 ) ;
#7627 = AXIS2_PLACEMENT_3D ( 'NONE', #3733, #184, #2370 ) ;
#7628 = ORIENTED_EDGE ( 'NONE', *, *, #5896, .F. ) ;
#7629 = DIRECTION ( 'NONE',  ( 0.3127009199179953680, 0.9498516382480157727, 0.000000000000000000 ) ) ;
#7630 = CARTESIAN_POINT ( 'NONE',  ( 1.628363789664602601, 0.5192237287839791549, 3.200000000000000178 ) ) ;
#7631 = MECHANICAL_DESIGN_GEOMETRIC_PRESENTATION_REPRESENTATION (  '', ( #5601 ), #5879 ) ;
#7632 = CARTESIAN_POINT ( 'NONE',  ( 1.662688136830053232, 0.5183350099680890111, 3.199999999999999734 ) ) ;
#7633 = ORIENTED_EDGE ( 'NONE', *, *, #2189, .F. ) ;
#7634 = CARTESIAN_POINT ( 'NONE',  ( 1.508500122280249878, 0.5103087069680944943, 3.299999999999998490 ) ) ;
#7635 = CARTESIAN_POINT ( 'NONE',  ( -6.977758731674517989, 0.06415663428369842991, 3.299999999999998934 ) ) ;
#7636 = CARTESIAN_POINT ( 'NONE',  ( 30.72711787350053214, 12.21957528434416318, -1.500000000000000888 ) ) ;
#7638 = PRESENTATION_LAYER_ASSIGNMENT (  '', '', ( #1763 ) ) ;
#7637 = SURFACE_STYLE_USAGE ( .BOTH. , #7447 ) ;
#7639 = VECTOR ( 'NONE', #1479, 1000.000000000000000 ) ;
#7640 = SURFACE_STYLE_USAGE ( .BOTH. , #779 ) ;
#7641 = ORIENTED_EDGE ( 'NONE', *, *, #2253, .F. ) ;
#7642 = CARTESIAN_POINT ( 'NONE',  ( 1.269230769230769162, -0.007970341470331657879, 3.200000000000000178 ) ) ;
#7643 = CARTESIAN_POINT ( 'NONE',  ( -8.158896336556237472, -0.3050528996669297221, 3.299999999999999822 ) ) ;
#7644 = DIRECTION ( 'NONE',  ( 0.000000000000000000, 0.000000000000000000, 1.000000000000000000 ) ) ;
#7645 = CARTESIAN_POINT ( 'NONE',  ( -6.983425532875402908, -0.007970341470331657879, 3.200000000000000178 ) ) ;
#7646 = ORIENTED_EDGE ( 'NONE', *, *, #6065, .F. ) ;
#7647 = CARTESIAN_POINT ( 'NONE',  ( -5.364435148260017883, -0.5059671363421265333, 3.299999999999999822 ) ) ;
#7648 = DIRECTION ( 'NONE',  ( 3.334232686009356655E-16, 5.685891063888251215E-16, 1.000000000000000000 ) ) ;
#7649 = VECTOR ( 'NONE', #6564, 1000.000000000000000 ) ;
#7650 = CARTESIAN_POINT ( 'NONE',  ( -7.291117840567710395, 0.3205552995553094253, 3.200000000000000178 ) ) ;
#7651 = COLOUR_RGB ( '',0.2509803921568627416, 0.2509803921568627416, 0.2509803921568627416 ) ;
#7652 = CARTESIAN_POINT ( 'NONE',  ( -8.224882823781769048, 5.655914592404062802, -3.225865870174752856E-15 ) ) ;
#7653 = CARTESIAN_POINT ( 'NONE',  ( -7.773397561847749770, 3.095414434572325124, 3.999999999999999112 ) ) ;
#7654 = ORIENTED_EDGE ( 'NONE', *, *, #7812, .T. ) ;
#7655 = CIRCLE ( 'NONE', #163, 1.000000000000000000 ) ;
#7656 = CARTESIAN_POINT ( 'NONE',  ( 8.549999999999998934, -6.899999999999998579, 9.797174393178827383E-17 ) ) ;
#7657 = DIRECTION ( 'NONE',  ( 1.000000000000000000, 0.000000000000000000, 0.000000000000000000 ) ) ;
#7658 = CARTESIAN_POINT ( 'NONE',  ( -7.824770150621593423, 0.3267251846924146275, 3.200000000000000178 ) ) ;
#7659 = LINE ( 'NONE', #3494, #8196 ) ;
#7660 = CARTESIAN_POINT ( 'NONE',  ( -7.707712680808389116, 0.5195227755742913844, 3.299999999999999378 ) ) ;
#7661 = CARTESIAN_POINT ( 'NONE',  ( 8.855367248794443924, 0.3401867098117196120, 3.299999999999999822 ) ) ;
#7662 = CARTESIAN_POINT ( 'NONE',  ( -8.022950155814214668, 0.1601887144121016127, 3.200000000000000178 ) ) ;
#7663 = ORIENTED_EDGE ( 'NONE', *, *, #5780, .T. ) ;
#7664 = CARTESIAN_POINT ( 'NONE',  ( 8.049999999999998934, -9.099999999999999645, -1.750000000000000000 ) ) ;
#7665 = FACE_BOUND ( 'NONE', #7811, .T. ) ;
#7666 = EDGE_CURVE ( 'NONE', #6367, #6269, #1740, .T. ) ;
#7667 = ADVANCED_FACE ( 'NONE', ( #4596 ), #6573, .F. ) ;
#7668 = CARTESIAN_POINT ( 'NONE',  ( 1.949127501097537186E-16, -9.099999999999999645, 1.449999999999998401 ) ) ;
#7669 = CARTESIAN_POINT ( 'NONE',  ( -6.427158554708191751, -0.2759600079345370105, 3.299999999999999822 ) ) ;
#7670 = SURFACE_STYLE_FILL_AREA ( #4870 ) ;
#7671 = CARTESIAN_POINT ( 'NONE',  ( -8.128927763680554364, -0.3460104751725758820, 3.200000000000000622 ) ) ;
#7672 = SURFACE_SIDE_STYLE ('',( #4875 ) ) ;
#7673 = EDGE_LOOP ( 'NONE', ( #448, #8640 ) ) ;
#7674 = FILL_AREA_STYLE ('',( #6354 ) ) ;
#7675 = CARTESIAN_POINT ( 'NONE',  ( 2.011824428544727095, 0.3273396378151156028, 3.299999999999998934 ) ) ;
#7676 = ORIENTED_EDGE ( 'NONE', *, *, #7459, .F. ) ;
#7677 = CARTESIAN_POINT ( 'NONE',  ( 1.949127501097537186E-16, -9.099999999999999645, 1.449999999999998401 ) ) ;
#7678 = CARTESIAN_POINT ( 'NONE',  ( -6.983425532875402908, -0.007970341470331657879, 3.200000000000000178 ) ) ;
#7679 = DIRECTION ( 'NONE',  ( 0.1736481776669307475, -0.9848077530122081313, 2.775557561562891351E-17 ) ) ;
#7680 = CARTESIAN_POINT ( 'NONE',  ( -7.484328334921676706, 0.4679707148980198905, 3.199999999999999289 ) ) ;
#7681 = CARTESIAN_POINT ( 'NONE',  ( 8.340834355221337759, 0.03229570314341997234, 3.300000000000000266 ) ) ;
#7682 = PLANE ( 'NONE',  #5840 ) ;
#7683 = ORIENTED_EDGE ( 'NONE', *, *, #1861, .F. ) ;
#7684 = CARTESIAN_POINT ( 'NONE',  ( 1.382405580652259269, -0.2668699378461329430, 3.300000000000000266 ) ) ;
#7685 = ADVANCED_FACE ( 'NONE', ( #4458 ), #8817, .F. ) ;
#7686 = ORIENTED_EDGE ( 'NONE', *, *, #5555, .T. ) ;
#7687 = PLANE ( 'NONE',  #2921 ) ;
#7688 = SURFACE_STYLE_USAGE ( .BOTH. , #5021 ) ;
#7689 = EDGE_CURVE ( 'NONE', #1083, #3112, #7893, .T. ) ;
#7690 = B_SPLINE_SURFACE_WITH_KNOTS ( 'NONE', 3, 1, ( 
 ( #3163, #4581 ),
 ( #898, #5212 ),
 ( #5956, #3715 ),
 ( #8749, #7244 ),
 ( #6516, #3024 ),
 ( #939, #5867 ),
 ( #6136, #7414 ),
 ( #1958, #1157 ),
 ( #1207, #7462 ),
 ( #4664, #1858 ),
 ( #1247, #2608 ),
 ( #6792, #1106 ),
 ( #4016, #4111 ),
 ( #6231, #6827 ),
 ( #5493, #6932 ),
 ( #611, #467 ),
 ( #4810, #8986 ),
 ( #6053, #2654 ),
 ( #565, #3301 ) ),
 .UNSPECIFIED., .F., .F., .F.,
 ( 4, 1, 1, 1, 1, 1, 1, 1, 1, 1, 1, 1, 1, 1, 1, 1, 4 ),
 ( 2, 2 ),
 ( 0.000000000000000000, 0.06227577837076919004, 0.1239040620075178706, 0.1850672407687278254, 0.2468401515202054974, 0.3084353298497791163, 0.3702412507091096816, 0.4325865888798539616, 0.4959245816612416480, 0.5593510709509277312, 0.6219426542010917380, 0.6843928672351853315, 0.7469858082645233210, 0.8094414645316997392, 0.8725078327139407230, 0.9357692970662282450, 1.000000000000000000 ),
 ( 0.000000000000000000, 1.000000000000000000 ),
 .UNSPECIFIED. ) ;
#7691 = CARTESIAN_POINT ( 'NONE',  ( -6.976621768688304748, -0.08772791109500198414, 3.299999999999999378 ) ) ;
#7692 = SURFACE_SIDE_STYLE ('',( #6372 ) ) ;
#7693 = VERTEX_POINT ( 'NONE', #3043 ) ;
#7694 = CARTESIAN_POINT ( 'NONE',  ( -6.745669671538203183, 0.3269926950495357643, 3.200000000000000178 ) ) ;
#7695 = CARTESIAN_POINT ( 'NONE',  ( -6.034707584157454008, -0.5059671363421265333, 3.299999999999999822 ) ) ;
#7696 =( NAMED_UNIT ( * ) SI_UNIT ( $, .STERADIAN. ) SOLID_ANGLE_UNIT ( ) );
#7697 =( LENGTH_UNIT ( ) NAMED_UNIT ( * ) SI_UNIT ( .MILLI., .METRE. ) );
#7698 = CARTESIAN_POINT ( 'NONE',  ( 1.739782164430155431, 0.3154119740129488481, 3.199999999999999734 ) ) ;
#7699 = CARTESIAN_POINT ( 'NONE',  ( -7.430266789627663293, 0.4393128055917991381, 3.299999999999998934 ) ) ;
#7700 = CARTESIAN_POINT ( 'NONE',  ( -7.500018218202700204, -0.2764599410644417721, 3.199999999999999734 ) ) ;
#7701 =( NAMED_UNIT ( * ) PLANE_ANGLE_UNIT ( ) SI_UNIT ( $, .RADIAN. ) );
#7702 = EDGE_CURVE ( 'NONE', #7199, #7208, #5887, .T. ) ;
#7703 = ORIENTED_EDGE ( 'NONE', *, *, #7818, .T. ) ;
#7704 = AXIS2_PLACEMENT_3D ( 'NONE', #2665, #5315, #2575 ) ;
#7705 = SURFACE_STYLE_USAGE ( .BOTH. , #714 ) ;
#7706 = ORIENTED_EDGE ( 'NONE', *, *, #6201, .F. ) ;
#7707 = CARTESIAN_POINT ( 'NONE',  ( 8.812029198604950153, -0.3494713964019973695, 3.299999999999999822 ) ) ;
#7708 = EDGE_CURVE ( 'NONE', #5147, #4730, #3237, .T. ) ;
#7709 = LINE ( 'NONE', #4821, #2198 ) ;
#7710 = CARTESIAN_POINT ( 'NONE',  ( -6.125754150862273484, 0.04480595572570827967, 3.299999999999999822 ) ) ;
#7711 = FILL_AREA_STYLE_COLOUR ( '', #890 ) ;
#7712 = STYLED_ITEM ( 'NONE', ( #9025 ), #5969 ) ;
#7713 = CARTESIAN_POINT ( 'NONE',  ( -8.158896336556237472, -0.3050528996669297221, 3.200000000000000178 ) ) ;
#7714 = CARTESIAN_POINT ( 'NONE',  ( 9.157450582127777849, -0.2066882901882803603, 3.299999999999999822 ) ) ;
#7715 = DIRECTION ( 'NONE',  ( 1.000000000000000000, 0.000000000000000000, -4.336808689942014778E-16 ) ) ;
#7716 = EDGE_LOOP ( 'NONE', ( #4834, #3779, #4259, #2880 ) ) ;
#7717 = CARTESIAN_POINT ( 'NONE',  ( 1.608173076923077094, 0.3401867098117196120, 3.200000000000000178 ) ) ;
#7718 = STYLED_ITEM ( 'NONE', ( #3988 ), #6352 ) ;
#7719 = LINE ( 'NONE', #4791, #4116 ) ;
#7720 = EDGE_LOOP ( 'NONE', ( #2831, #8876, #3841, #7663 ) ) ;
#7721 = LINE ( 'NONE', #2959, #2361 ) ;
#7722 = CARTESIAN_POINT ( 'NONE',  ( 8.160856030845726750, -0.5059671363421265333, 3.299999999999999822 ) ) ;
#7723 = CARTESIAN_POINT ( 'NONE',  ( -5.746246045695915683, 0.1256434405809504495, 3.200000000000000178 ) ) ;
#7724 = EDGE_CURVE ( 'NONE', #8042, #1250, #8682, .T. ) ;
#7725 = DIRECTION ( 'NONE',  ( -1.000000000000000000, 0.000000000000000000, 0.000000000000000000 ) ) ;
#7726 = CARTESIAN_POINT ( 'NONE',  ( 8.463816242269675882, 0.3428730918388118165, 3.299999999999999378 ) ) ;
#7727 =( GEOMETRIC_REPRESENTATION_CONTEXT ( 3 ) GLOBAL_UNCERTAINTY_ASSIGNED_CONTEXT ( ( #3110 ) ) GLOBAL_UNIT_ASSIGNED_CONTEXT ( ( #977, #7283, #5995 ) ) REPRESENTATION_CONTEXT ( 'NONE', 'WORKASPACE' ) );
#7728 = VERTEX_POINT ( 'NONE', #3140 ) ;
#7729 = CARTESIAN_POINT ( 'NONE',  ( -5.852816558516427570, -0.5059671363421265333, 3.299999999999999822 ) ) ;
#7730 =( NAMED_UNIT ( * ) SI_UNIT ( $, .STERADIAN. ) SOLID_ANGLE_UNIT ( ) );
#7731 = ORIENTED_EDGE ( 'NONE', *, *, #3336, .F. ) ;
#7733 = VECTOR ( 'NONE', #8842, 1000.000000000000114 ) ;
#7732 = SURFACE_SIDE_STYLE ('',( #4240 ) ) ;
#7734 = PRESENTATION_STYLE_ASSIGNMENT (( #2972 ) ) ;
#7735 = ORIENTED_EDGE ( 'NONE', *, *, #8915, .T. ) ;
#7736 = CARTESIAN_POINT ( 'NONE',  ( 1.508500122280249878, 0.5103087069680944943, 3.299999999999998490 ) ) ;
#7737 = CARTESIAN_POINT ( 'NONE',  ( 2.128205128205128638, -0.008971944034434263526, 3.299999999999999822 ) ) ;
#7738 = CARTESIAN_POINT ( 'NONE',  ( 1.601618254404669539, -0.3518956517635121184, 3.200000000000000178 ) ) ;
#7739 = CARTESIAN_POINT ( 'NONE',  ( 7.365984235973931149, 0.4940328636578734667, 3.200000000000000178 ) ) ;
#7740 = VECTOR ( 'NONE', #3435, 1000.000000000000000 ) ;
#7741 = CARTESIAN_POINT ( 'NONE',  ( -7.484328334921676706, 0.4679707148980198905, 3.199999999999999289 ) ) ;
#7742 = COLOUR_RGB ( '',1.000000000000000000, 1.000000000000000000, 1.000000000000000000 ) ;
#7743 = CARTESIAN_POINT ( 'NONE',  ( 8.606205803733917747, -0.4745334255685819680, 3.299999999999998490 ) ) ;
#7744 = ORIENTED_EDGE ( 'NONE', *, *, #7573, .T. ) ;
#7745 = CARTESIAN_POINT ( 'NONE',  ( -7.855757631138330588, -0.3273695710141773518, 3.200000000000000178 ) ) ;
#7746 = AXIS2_PLACEMENT_3D ( 'NONE', #970, #1664, #929 ) ;
#7747 = VERTEX_POINT ( 'NONE', #483 ) ;
#7748 = CARTESIAN_POINT ( 'NONE',  ( 8.451251235938011419, -0.3460104751725771033, 3.200000000000001066 ) ) ;
#7749 =( GEOMETRIC_REPRESENTATION_CONTEXT ( 3 ) GLOBAL_UNCERTAINTY_ASSIGNED_CONTEXT ( ( #8535 ) ) GLOBAL_UNIT_ASSIGNED_CONTEXT ( ( #5321, #8951, #3366 ) ) REPRESENTATION_CONTEXT ( 'NONE', 'WORKASPACE' ) );
#7750 = CARTESIAN_POINT ( 'NONE',  ( -6.328080377002540224, -0.1413161872227509663, 3.299999999999999822 ) ) ;
#7751 = CARTESIAN_POINT ( 'NONE',  ( 1.274897570431653415, 0.06415663428369823562, 3.200000000000001510 ) ) ;
#7752 = LINE ( 'NONE', #4265, #1993 ) ;
#7753 =( GEOMETRIC_REPRESENTATION_CONTEXT ( 3 ) GLOBAL_UNCERTAINTY_ASSIGNED_CONTEXT ( ( #6130 ) ) GLOBAL_UNIT_ASSIGNED_CONTEXT ( ( #2834, #736, #3142 ) ) REPRESENTATION_CONTEXT ( 'NONE', 'WORKASPACE' ) );
#7754 = CARTESIAN_POINT ( 'NONE',  ( 9.200245854680018098, 0.4052890225392914991, 3.299999999999999822 ) ) ;
#7755 = STYLED_ITEM ( 'NONE', ( #8101 ), #2066 ) ;
#7756 = ORIENTED_EDGE ( 'NONE', *, *, #7618, .F. ) ;
#7757 = CARTESIAN_POINT ( 'NONE',  ( -6.928827185556635015, 0.1897221279670409932, 3.299999999999999822 ) ) ;
#7758 =( GEOMETRIC_REPRESENTATION_CONTEXT ( 3 ) GLOBAL_UNCERTAINTY_ASSIGNED_CONTEXT ( ( #9068 ) ) GLOBAL_UNIT_ASSIGNED_CONTEXT ( ( #7577, #3426, #8088 ) ) REPRESENTATION_CONTEXT ( 'NONE', 'WORKASPACE' ) );
#7759 = FILL_AREA_STYLE ('',( #638 ) ) ;
#7760 = ORIENTED_EDGE ( 'NONE', *, *, #1330, .T. ) ;
#7761 = FILL_AREA_STYLE ('',( #1423 ) ) ;
#7762 = CARTESIAN_POINT ( 'NONE',  ( 8.843801211873984158, 0.3398665164818368556, 3.299999999999999822 ) ) ;
#7763 = FILL_AREA_STYLE ('',( #776 ) ) ;
#7764 = VECTOR ( 'NONE', #1601, 1000.000000000000000 ) ;
#7765 = CARTESIAN_POINT ( 'NONE',  ( 8.340834355221337759, 0.03229570314341997234, 3.199999999999999734 ) ) ;
#7766 = AXIS2_PLACEMENT_3D ( 'NONE', #4885, #3472, #7001 ) ;
#7767 =( NAMED_UNIT ( * ) SI_UNIT ( $, .STERADIAN. ) SOLID_ANGLE_UNIT ( ) );
#7768 = VERTEX_POINT ( 'NONE', #6944 ) ;
#7769 = SURFACE_STYLE_FILL_AREA ( #5591 ) ;
#7770 = CARTESIAN_POINT ( 'NONE',  ( -6.641678738003607307, 0.5196738892988990166, 3.200000000000000178 ) ) ;
#7771 = CARTESIAN_POINT ( 'NONE',  ( 9.026125532001156415, -0.3123006664395807097, 3.299999999999999378 ) ) ;
#7772 = UNCERTAINTY_MEASURE_WITH_UNIT (LENGTH_MEASURE( 1.000000000000000082E-05 ), #781, 'distance_accuracy_value', 'NONE');
#7773 = MECHANICAL_DESIGN_GEOMETRIC_PRESENTATION_REPRESENTATION (  '', ( #5873 ), #4110 ) ;
#7774 = ORIENTED_EDGE ( 'NONE', *, *, #4432, .F. ) ;
#7775 = CARTESIAN_POINT ( 'NONE',  ( 8.160856030845726750, -0.5059671363421265333, 3.299999999999999822 ) ) ;
#7776 =( NAMED_UNIT ( * ) SI_UNIT ( $, .STERADIAN. ) SOLID_ANGLE_UNIT ( ) );
#7777 = LINE ( 'NONE', #6407, #7789 ) ;
#7778 = COLOUR_RGB ( '',0.2509803921568627416, 0.2509803921568627416, 0.2509803921568627416 ) ;
#7779 = CARTESIAN_POINT ( 'NONE',  ( -4.868040917490787045, -0.5059671363421265333, 3.299999999999999822 ) ) ;
#7780 = ORIENTED_EDGE ( 'NONE', *, *, #1327, .F. ) ;
#7781 = CARTESIAN_POINT ( 'NONE',  ( 1.542206399341125245, 0.5155617966194667723, 3.300000000000000266 ) ) ;
#7782 = SURFACE_STYLE_USAGE ( .BOTH. , #2338 ) ;
#7783 = COLOUR_RGB ( '',0.7764705882352941346, 0.7568627450980391913, 0.7372549019607843590 ) ;
#7784 = CARTESIAN_POINT ( 'NONE',  ( -7.404475210188510736, 0.4232118250606071719, 3.300000000000001599 ) ) ;
#7785 = EDGE_CURVE ( 'NONE', #1658, #6083, #1902, .T. ) ;
#7786 = CARTESIAN_POINT ( 'NONE',  ( 8.396492658449254520, -0.2610817460956941227, 3.299999999999998934 ) ) ;
#7787 = ORIENTED_EDGE ( 'NONE', *, *, #7997, .T. ) ;
#7788 = FACE_OUTER_BOUND ( 'NONE', #9055, .T. ) ;
#7789 = VECTOR ( 'NONE', #8733, 1000.000000000000114 ) ;
#7790 = ORIENTED_EDGE ( 'NONE', *, *, #1017, .T. ) ;
#7791 = DIRECTION ( 'NONE',  ( 0.7228807680948494685, 0.6909727889856448479, 0.000000000000000000 ) ) ;
#7792 = EDGE_CURVE ( 'NONE', #4544, #63, #8950, .T. ) ;
#7793 = CARTESIAN_POINT ( 'NONE',  ( 8.667528394194713215, 0.2845935240287518764, 3.199999999999999734 ) ) ;
#7794 = CARTESIAN_POINT ( 'NONE',  ( -6.328080377002540224, -0.1413161872227509663, 3.199999999999999734 ) ) ;
#7795 = SURFACE_SIDE_STYLE ('',( #6563 ) ) ;
#7796 = CARTESIAN_POINT ( 'NONE',  ( 8.160856030845726750, -0.5059671363421265333, 3.200000000000000178 ) ) ;
#7797 =( NAMED_UNIT ( * ) PLANE_ANGLE_UNIT ( ) SI_UNIT ( $, .RADIAN. ) );
#7798 =( NAMED_UNIT ( * ) SI_UNIT ( $, .STERADIAN. ) SOLID_ANGLE_UNIT ( ) );
#7799 = UNCERTAINTY_MEASURE_WITH_UNIT (LENGTH_MEASURE( 1.000000000000000082E-05 ), #1517, 'distance_accuracy_value', 'NONE');
#7800 = EDGE_LOOP ( 'NONE', ( #2436, #2689, #7078, #274, #4391, #6965 ) ) ;
#7801 =( NAMED_UNIT ( * ) SI_UNIT ( $, .STERADIAN. ) SOLID_ANGLE_UNIT ( ) );
#7802 = PRESENTATION_STYLE_ASSIGNMENT (( #813 ) ) ;
#7803 = B_SPLINE_CURVE_WITH_KNOTS ( 'NONE', 3,
 ( #3421, #2864, #9003, #6250, #9046, #6207, #4263, #8435, #4952, #8952, #2125, #1323, #7085, #2168, #2079, #7751, #2677, #8355, #631 ),
 .UNSPECIFIED., .F., .F.,
 ( 4, 1, 1, 1, 1, 1, 1, 1, 1, 1, 1, 1, 1, 1, 1, 1, 4 ),
 ( 0.000000000000000000, 0.06460873547077429502, 0.1275117897236748565, 0.1885213083986468641, 0.2487081790893702349, 0.3085982651789124231, 0.3688122491095533473, 0.4298875018150756788, 0.4928024479242458233, 0.5557433321027936968, 0.6174852948395642693, 0.6789689634380379202, 0.7401976913545539327, 0.8023601016976087408, 0.8662447764427320118, 0.9317068283956890795, 1.000000000000000000 ),
 .UNSPECIFIED. ) ;
#7804 = EDGE_LOOP ( 'NONE', ( #2551, #694, #1791, #2375, #2877 ) ) ;
#7805 = CARTESIAN_POINT ( 'NONE',  ( -6.641678738003607307, 0.5196738892988990166, 3.200000000000000178 ) ) ;
#7806 = EDGE_CURVE ( 'NONE', #3281, #2161, #7049, .T. ) ;
#7807 = CARTESIAN_POINT ( 'NONE',  ( 8.919525478162087850, -0.5292175802107365046, 3.200000000000000622 ) ) ;
#7808 = CARTESIAN_POINT ( 'NONE',  ( 8.344265145899118608, 0.06818793015636749610, 3.199999999999998845 ) ) ;
#7809 = EDGE_CURVE ( 'NONE', #8135, #4486, #4073, .T. ) ;
#7810 = CARTESIAN_POINT ( 'NONE',  ( 0.9102564102564103532, 0.4940328636578734667, 3.299999999999999822 ) ) ;
#7811 = EDGE_LOOP ( 'NONE', ( #3592, #135 ) ) ;
#7812 = EDGE_CURVE ( 'NONE', #155, #3791, #5466, .T. ) ;
#7813 = LINE ( 'NONE', #5982, #2359 ) ;
#7814 = CARTESIAN_POINT ( 'NONE',  ( -7.643180036683362211, -0.3450295354079935262, 3.200000000000000178 ) ) ;
#7815 = VERTEX_POINT ( 'NONE', #3316 ) ;
#7816 = CARTESIAN_POINT ( 'NONE',  ( 8.341497357038491600, -0.06017966877161134986, 3.199999999999998845 ) ) ;
#7817 = CARTESIAN_POINT ( 'NONE',  ( -6.936036504527685942, -0.1920591169622866967, 3.300000000000001599 ) ) ;
#7818 = EDGE_CURVE ( 'NONE', #964, #4036, #2676, .T. ) ;
#7819 = EDGE_LOOP ( 'NONE', ( #3093, #7090, #6202, #2109 ) ) ;
#7820 = CARTESIAN_POINT ( 'NONE',  ( -6.342111721423576043, 0.1580442267139252344, 3.199999999999999734 ) ) ;
#7821 =( NAMED_UNIT ( * ) SI_UNIT ( $, .STERADIAN. ) SOLID_ANGLE_UNIT ( ) );
#7822 = CARTESIAN_POINT ( 'NONE',  ( 8.519926762883656579, -0.01231487174682617015, 3.299999999999999822 ) ) ;
#7823 = CARTESIAN_POINT ( 'NONE',  ( 8.375908983454674939, -0.2147466088594847111, 3.299999999999999822 ) ) ;
#7824 = ORIENTED_EDGE ( 'NONE', *, *, #2472, .T. ) ;
#7825 = CARTESIAN_POINT ( 'NONE',  ( -8.239671072603394819, 0.007930290384855702424, 3.299999999999999822 ) ) ;
#7826 = VERTEX_POINT ( 'NONE', #6108 ) ;
#7827 = CARTESIAN_POINT ( 'NONE',  ( -7.105451221923753558, -0.2511885229174986023, 3.199999999999998845 ) ) ;
#7828 = SURFACE_STYLE_USAGE ( .BOTH. , #7795 ) ;
#7829 = EDGE_CURVE ( 'NONE', #6257, #8655, #8853, .T. ) ;
#7830 = EDGE_CURVE ( 'NONE', #3724, #1539, #8163, .T. ) ;
#7831 = CARTESIAN_POINT ( 'NONE',  ( 8.160856030845726750, 0.4940328636578734667, 3.299999999999999822 ) ) ;
#7832 = FACE_OUTER_BOUND ( 'NONE', #8422, .T. ) ;
#7833 =( LENGTH_UNIT ( ) NAMED_UNIT ( * ) SI_UNIT ( .MILLI., .METRE. ) );
#7834 =( NAMED_UNIT ( * ) PLANE_ANGLE_UNIT ( ) SI_UNIT ( $, .RADIAN. ) );
#7835 = STYLED_ITEM ( 'NONE', ( #1867 ), #5663 ) ;
#7836 = ORIENTED_EDGE ( 'NONE', *, *, #8797, .T. ) ;
#7837 =( NAMED_UNIT ( * ) SI_UNIT ( $, .STERADIAN. ) SOLID_ANGLE_UNIT ( ) );
#7838 = CARTESIAN_POINT ( 'NONE',  ( 1.109726817173985580, -0.1581913680433307545, 3.299999999999998490 ) ) ;
#7839 = CARTESIAN_POINT ( 'NONE',  ( 2.119390882108975305, 0.09717518542191658226, 3.299999999999999822 ) ) ;
#7840 = VERTEX_POINT ( 'NONE', #1219 ) ;
#7841 = DIRECTION ( 'NONE',  ( 0.9848077530122080203, 0.1736481776669306920, -6.269303204385532806E-34 ) ) ;
#7842 = EDGE_CURVE ( 'NONE', #7892, #6367, #7569, .T. ) ;
#7843 = PRESENTATION_STYLE_ASSIGNMENT (( #2271 ) ) ;
#7844 = DIRECTION ( 'NONE',  ( -0.8231682251229921476, -0.5677975635275859245, 0.000000000000000000 ) ) ;
#7845 = CARTESIAN_POINT ( 'NONE',  ( 8.451251235938011419, -0.3460104751725771033, 3.300000000000000711 ) ) ;
#7846 = CARTESIAN_POINT ( 'NONE',  ( 9.055347678063682793, -0.5000050531162981704, 3.199999999999999289 ) ) ;
#7847 = SURFACE_SIDE_STYLE ('',( #6496 ) ) ;
#7848 = DIRECTION ( 'NONE',  ( 1.000000000000000000, 0.000000000000000000, 0.000000000000000000 ) ) ;
#7849 = MECHANICAL_DESIGN_GEOMETRIC_PRESENTATION_REPRESENTATION (  '', ( #3174 ), #1852 ) ;
#7850 = SURFACE_STYLE_USAGE ( .BOTH. , #315 ) ;
#7851 = COLOUR_RGB ( '',0.2509803921568627416, 0.2509803921568627416, 0.2509803921568627416 ) ;
#7852 = VERTEX_POINT ( 'NONE', #7431 ) ;
#7853 = CARTESIAN_POINT ( 'NONE',  ( 9.055347678063682793, -0.5000050531162981704, 3.199999999999999289 ) ) ;
#7854 = CARTESIAN_POINT ( 'NONE',  ( 2.127737542507471602, -0.02688934788521805605, 3.300000000000000266 ) ) ;
#7855 = EDGE_LOOP ( 'NONE', ( #3429, #2446, #8298, #2412 ) ) ;
#7856 = CARTESIAN_POINT ( 'NONE',  ( -5.852816558516427570, -0.5059671363421265333, 3.299999999999999822 ) ) ;
#7857 =( NAMED_UNIT ( * ) PLANE_ANGLE_UNIT ( ) SI_UNIT ( $, .RADIAN. ) );
#7858 =( GEOMETRIC_REPRESENTATION_CONTEXT ( 3 ) GLOBAL_UNCERTAINTY_ASSIGNED_CONTEXT ( ( #1549 ) ) GLOBAL_UNIT_ASSIGNED_CONTEXT ( ( #936, #5911, #3342 ) ) REPRESENTATION_CONTEXT ( 'NONE', 'WORKASPACE' ) );
#7859 = CARTESIAN_POINT ( 'NONE',  ( -7.724811750824120971, 0.3401867098117196120, 3.200000000000000178 ) ) ;
#7860 = FACE_OUTER_BOUND ( 'NONE', #8694, .T. ) ;
#7861 = CARTESIAN_POINT ( 'NONE',  ( 1.400273643682722335, -0.2813502882735540167, 3.200000000000000178 ) ) ;
#7862 =( GEOMETRIC_REPRESENTATION_CONTEXT ( 3 ) GLOBAL_UNCERTAINTY_ASSIGNED_CONTEXT ( ( #2647 ) ) GLOBAL_UNIT_ASSIGNED_CONTEXT ( ( #730, #6355, #3465 ) ) REPRESENTATION_CONTEXT ( 'NONE', 'WORKASPACE' ) );
#7863 = DIRECTION ( 'NONE',  ( 2.891205793294679312E-16, -0.000000000000000000, 1.000000000000000000 ) ) ;
#7864 = EDGE_CURVE ( 'NONE', #4177, #8526, #8260, .T. ) ;
#7865 = CARTESIAN_POINT ( 'NONE',  ( 0.9999999999999991118, -7.700000000000000178, 0.000000000000000000 ) ) ;
#7866 = AXIS2_PLACEMENT_3D ( 'NONE', #3403, #2755, #5452 ) ;
#7867 = ORIENTED_EDGE ( 'NONE', *, *, #7053, .F. ) ;
#7868 = CARTESIAN_POINT ( 'NONE',  ( 1.349417764100589778, 0.4494819551304643501, 3.300000000000000266 ) ) ;
#7869 = CARTESIAN_POINT ( 'NONE',  ( -6.454914361725979433, 0.2837438070785939792, 3.299999999999999822 ) ) ;
#7870 =( NAMED_UNIT ( * ) PLANE_ANGLE_UNIT ( ) SI_UNIT ( $, .RADIAN. ) );
#7871 = CARTESIAN_POINT ( 'NONE',  ( 8.665229813026945394, -0.2958476557347200497, 3.199999999999999289 ) ) ;
#7872 = CARTESIAN_POINT ( 'NONE',  ( 8.700144742350685689, -0.5117538462312659631, 3.199999999999999734 ) ) ;
#7873 = ORIENTED_EDGE ( 'NONE', *, *, #648, .T. ) ;
#7874 = CARTESIAN_POINT ( 'NONE',  ( -8.223543778951693639, 0.1368979101568721657, 3.300000000000000266 ) ) ;
#7875 = ORIENTED_EDGE ( 'NONE', *, *, #8007, .F. ) ;
#7876 = EDGE_CURVE ( 'NONE', #2449, #3443, #583, .T. ) ;
#7877 = DIRECTION ( 'NONE',  ( 0.000000000000000000, 1.000000000000000000, 0.000000000000000000 ) ) ;
#7878 = VECTOR ( 'NONE', #3063, 1000.000000000000000 ) ;
#7879 = CARTESIAN_POINT ( 'NONE',  ( -6.000743606425777088, 3.407981154372800248, 3.999999999999999112 ) ) ;
#7880 = DIRECTION ( 'NONE',  ( -0.000000000000000000, -0.000000000000000000, -1.000000000000000000 ) ) ;
#7881 = CARTESIAN_POINT ( 'NONE',  ( 7.981368851358547012, 0.4940328636578734667, 3.200000000000000178 ) ) ;
#7882 = CARTESIAN_POINT ( 'NONE',  ( -1.163134470188451175, 6.596463374550425307, -1.859130753469924856E-16 ) ) ;
#7883 = DIRECTION ( 'NONE',  ( 0.1736481776669306920, -0.9848077530122080203, 0.000000000000000000 ) ) ;
#7884 = LINE ( 'NONE', #5830, #8735 ) ;
#7885 = UNCERTAINTY_MEASURE_WITH_UNIT (LENGTH_MEASURE( 1.000000000000000082E-05 ), #5586, 'distance_accuracy_value', 'NONE');
#7886 = ORIENTED_EDGE ( 'NONE', *, *, #6868, .T. ) ;
#7887 = STYLED_ITEM ( 'NONE', ( #2282 ), #6919 ) ;
#7888 = DIRECTION ( 'NONE',  ( -1.000000000000000000, 0.000000000000000000, -4.206037906820356580E-16 ) ) ;
#7889 = CARTESIAN_POINT ( 'NONE',  ( 1.360393206633666807, -0.4714591131061918738, 3.300000000000001155 ) ) ;
#7890 = DIRECTION ( 'NONE',  ( -0.000000000000000000, -0.000000000000000000, -1.000000000000000000 ) ) ;
#7891 = MECHANICAL_DESIGN_GEOMETRIC_PRESENTATION_REPRESENTATION (  '', ( #2789 ), #3665 ) ;
#7892 = VERTEX_POINT ( 'NONE', #6844 ) ;
#7893 = LINE ( 'NONE', #2366, #7764 ) ;
#7895 = STYLED_ITEM ( 'NONE', ( #7475 ), #1770 ) ;
#7894 = CARTESIAN_POINT ( 'NONE',  ( 1.126248300457802776, -0.2055152108809681633, 3.300000000000000266 ) ) ;
#7896 = CARTESIAN_POINT ( 'NONE',  ( -6.640877455952326258, -0.3521209824959727341, 3.299999999999999822 ) ) ;
#7897 = CARTESIAN_POINT ( 'NONE',  ( -9.150000000000000355, -4.599999999999998757, 3.200000000000000178 ) ) ;
#7898 = FILL_AREA_STYLE_COLOUR ( '', #1185 ) ;
#7899 = CARTESIAN_POINT ( 'NONE',  ( 8.936998962935206237, -0.3450295354079940258, 3.300000000000000711 ) ) ;
#7900 = DIRECTION ( 'NONE',  ( 0.000000000000000000, -0.000000000000000000, 1.000000000000000000 ) ) ;
#7901 = DIRECTION ( 'NONE',  ( -0.000000000000000000, -0.000000000000000000, -1.000000000000000000 ) ) ;
#7902 = VERTEX_POINT ( 'NONE', #5364 ) ;
#7903 = CARTESIAN_POINT ( 'NONE',  ( -6.860428738003608196, -0.2751979055728958068, 3.200000000000000178 ) ) ;
#7904 = CARTESIAN_POINT ( 'NONE',  ( -6.441220372605553024, -0.4945550715184538482, 3.199999999999999289 ) ) ;
#7905 = CARTESIAN_POINT ( 'NONE',  ( -7.708030354410809970, -0.3517340791061676075, 3.200000000000000178 ) ) ;
#7906 = EDGE_LOOP ( 'NONE', ( #3056, #8982, #4786, #8363 ) ) ;
#7907 = FACE_OUTER_BOUND ( 'NONE', #2255, .T. ) ;
#7908 = CARTESIAN_POINT ( 'NONE',  ( -8.036652235391898103, 0.1301962769749490934, 3.200000000000000622 ) ) ;
#7909 = CARTESIAN_POINT ( 'NONE',  ( -7.422728417490787933, -0.2066882901882803603, 3.299999999999999822 ) ) ;
#7910 = PRESENTATION_LAYER_ASSIGNMENT (  '', '', ( #1911 ) ) ;
#7911 = CARTESIAN_POINT ( 'NONE',  ( -7.126408001648371737, -0.2055152108809678024, 3.300000000000001599 ) ) ;
#7912 = CARTESIAN_POINT ( 'NONE',  ( 1.316619797578489903, -0.1920591169622863359, 3.299999999999999822 ) ) ;
#7913 = COLOUR_RGB ( '',0.7764705882352941346, 0.7568627450980391913, 0.7372549019607843590 ) ;
#7914 = ORIENTED_EDGE ( 'NONE', *, *, #3615, .T. ) ;
#7915 = CARTESIAN_POINT ( 'NONE',  ( 1.265884235648000677, 0.3895654489052695069, 3.299999999999999822 ) ) ;
#7916 = CARTESIAN_POINT ( 'NONE',  ( -6.651038047701502087, -0.3518956517635120629, 3.300000000000000266 ) ) ;
#7917 = CARTESIAN_POINT ( 'NONE',  ( -6.576154761274685789, 0.3346558347328091321, 3.299999999999998934 ) ) ;
#7918 = CARTESIAN_POINT ( 'NONE',  ( -6.671156992488842974, -0.3514494753323376131, 3.299999999999998490 ) ) ;
#7919 = CARTESIAN_POINT ( 'NONE',  ( -7.304094136902170575, -0.3493628566688716242, 3.200000000000000622 ) ) ;
#7920 = B_SPLINE_CURVE_WITH_KNOTS ( 'NONE', 3,
 ( #2120, #627, #6246, #3417, #2022, #5560, #4210, #6343, #2861, #6203, #7748, #1460, #654, #4852, #6406, #1491, #7816, #2920, #4241 ),
 .UNSPECIFIED., .F., .F.,
 ( 4, 1, 1, 1, 1, 1, 1, 1, 1, 1, 1, 1, 1, 1, 1, 1, 4 ),
 ( 0.000000000000000000, 0.06737624279926482385, 0.1318365787763113861, 0.1944610676015869621, 0.2553459677434137820, 0.3155883400136118011, 0.3756274517721998052, 0.4361378520525414637, 0.4977786195747128106, 0.5594703610940525706, 0.6202777696791134110, 0.6807876889604195236, 0.7414916215916548259, 0.8032154362531898073, 0.8664927627489314998, 0.9319104429113606036, 1.000000000000000000 ),
 .UNSPECIFIED. ) ;
#7921 = PRESENTATION_LAYER_ASSIGNMENT (  '', '', ( #4400 ) ) ;
#7922 = ADVANCED_FACE ( 'NONE', ( #3937 ), #1321, .T. ) ;
#7923 = CARTESIAN_POINT ( 'NONE',  ( 8.745560429821276571, -0.3349552886624452830, 3.200000000000000178 ) ) ;
#7924 = STYLED_ITEM ( 'NONE', ( #7560 ), #4754 ) ;
#7925 = EDGE_CURVE ( 'NONE', #2727, #336, #7474, .T. ) ;
#7926 =( GEOMETRIC_REPRESENTATION_CONTEXT ( 3 ) GLOBAL_UNCERTAINTY_ASSIGNED_CONTEXT ( ( #7885 ) ) GLOBAL_UNIT_ASSIGNED_CONTEXT ( ( #5586, #5530, #6173 ) ) REPRESENTATION_CONTEXT ( 'NONE', 'WORKASPACE' ) );
#7927 = ORIENTED_EDGE ( 'NONE', *, *, #2545, .F. ) ;
#7928 = VERTEX_POINT ( 'NONE', #850 ) ;
#7929 = MECHANICAL_DESIGN_GEOMETRIC_PRESENTATION_REPRESENTATION (  '', ( #7924 ), #5141 ) ;
#7930 = CARTESIAN_POINT ( 'NONE',  ( -7.759202087293613381, 0.3392346502233163363, 3.300000000000000266 ) ) ;
#7931 = FILL_AREA_STYLE_COLOUR ( '', #412 ) ;
#7932 = CARTESIAN_POINT ( 'NONE',  ( 8.724699148071158206, 0.3158688576231056810, 3.299999999999998046 ) ) ;
#7933 = CARTESIAN_POINT ( 'NONE',  ( 1.090199206530810594, 0.02976923344599166979, 3.199999999999999734 ) ) ;
#7934 = SURFACE_STYLE_FILL_AREA ( #8673 ) ;
#7935 = DIRECTION ( 'NONE',  ( -0.000000000000000000, -0.000000000000000000, -1.000000000000000000 ) ) ;
#7936 = CARTESIAN_POINT ( 'NONE',  ( 9.289061159050852723, 0.3205552995553094253, 3.200000000000000178 ) ) ;
#7937 = B_SPLINE_CURVE_WITH_KNOTS ( 'NONE', 3,
 ( #2405, #807, #1642, #7294, #3810, #2993, #7254, #3764, #2264, #2307, #1546 ),
 .UNSPECIFIED., .F., .F.,
 ( 4, 1, 1, 1, 1, 1, 1, 1, 4 ),
 ( 0.000000000000000000, 0.1348068327792202314, 0.2641990558543176881, 0.3884618167279423329, 0.5099420983643723204, 0.6304096106127703436, 0.7506710345119795846, 0.8734547255294238255, 1.000000000000000000 ),
 .UNSPECIFIED. ) ;
#7938 = EDGE_LOOP ( 'NONE', ( #4207, #4564, #3630, #5970 ) ) ;
#7939 = ADVANCED_FACE ( 'NONE', ( #6421 ), #5744, .T. ) ;
#7940 = PRESENTATION_STYLE_ASSIGNMENT (( #7167 ) ) ;
#7941 = EDGE_CURVE ( 'NONE', #1376, #1702, #1368, .T. ) ;
#7942 = FILL_AREA_STYLE_COLOUR ( '', #6771 ) ;
#7943 = VERTEX_POINT ( 'NONE', #6986 ) ;
#7944 = DIRECTION ( 'NONE',  ( 1.000000000000000000, 0.000000000000000000, 0.000000000000000000 ) ) ;
#7945 = CARTESIAN_POINT ( 'NONE',  ( 2.127766062763237542, 0.009149648307352998763, 3.299999999999999378 ) ) ;
#7946 = CARTESIAN_POINT ( 'NONE',  ( -7.110167782476034759, 0.2280639469605927894, 3.200000000000001066 ) ) ;
#7947 = CARTESIAN_POINT ( 'NONE',  ( -7.056058217197932692, 0.3155788406734617579, 3.299999999999999378 ) ) ;
#7948 = DIRECTION ( 'NONE',  ( -1.000000000000000000, 0.000000000000000000, 0.000000000000000000 ) ) ;
#7949 = CARTESIAN_POINT ( 'NONE',  ( -8.050000000000000711, -9.099999999999999645, 1.449999999999998401 ) ) ;
#7950 = LINE ( 'NONE', #5282, #2306 ) ;
#7951 =( NAMED_UNIT ( * ) PLANE_ANGLE_UNIT ( ) SI_UNIT ( $, .RADIAN. ) );
#7952 = VERTEX_POINT ( 'NONE', #7115 ) ;
#7953 = DIRECTION ( 'NONE',  ( -1.000000000000000000, 0.000000000000000000, 0.000000000000000000 ) ) ;
#7954 = CARTESIAN_POINT ( 'NONE',  ( -6.312891317191988705, -0.4157181939899461387, 3.199999999999998845 ) ) ;
#7955 = CARTESIAN_POINT ( 'NONE',  ( 1.629964570060814300, -0.5311435355532738711, 3.299999999999998934 ) ) ;
#7956 = UNCERTAINTY_MEASURE_WITH_UNIT (LENGTH_MEASURE( 1.000000000000000082E-05 ), #7516, 'distance_accuracy_value', 'NONE');
#7957 = EDGE_LOOP ( 'NONE', ( #2869, #3701, #848, #3009 ) ) ;
#7958 = CARTESIAN_POINT ( 'NONE',  ( 9.146286300787073387, 0.2062979031220077697, 3.299999999999999378 ) ) ;
#7959 = DIRECTION ( 'NONE',  ( -3.066586833366762574E-16, -0.7071067811865436870, -0.7071067811865513475 ) ) ;
#7960 = CARTESIAN_POINT ( 'NONE',  ( -6.383250445032781606, 2.122022944157993862, -3.400000000000000799 ) ) ;
#7961 = CARTESIAN_POINT ( 'NONE',  ( 8.850886734978502091, -0.3520456472934123671, 3.200000000000000178 ) ) ;
#7962 = SURFACE_STYLE_USAGE ( .BOTH. , #239 ) ;
#7963 = DIRECTION ( 'NONE',  ( 0.000000000000000000, -1.000000000000000000, 0.000000000000000000 ) ) ;
#7964 = CARTESIAN_POINT ( 'NONE',  ( 1.269636977036675329, -0.02167724614778751904, 3.199999999999999289 ) ) ;
#7965 = ADVANCED_FACE ( 'NONE', ( #8528 ), #4996, .F. ) ;
#7966 = ORIENTED_EDGE ( 'NONE', *, *, #8351, .T. ) ;
#7967 = FACE_OUTER_BOUND ( 'NONE', #1261, .T. ) ;
#7968 =( NAMED_UNIT ( * ) PLANE_ANGLE_UNIT ( ) SI_UNIT ( $, .RADIAN. ) );
#7969 = EDGE_CURVE ( 'NONE', #3618, #8431, #39, .T. ) ;
#7970 = DIRECTION ( 'NONE',  ( 0.1736481776669306920, -0.9848077530122080203, 0.000000000000000000 ) ) ;
#7971 = CARTESIAN_POINT ( 'NONE',  ( -7.921315880695130929, 0.4801761235019863516, 3.200000000000002398 ) ) ;
#7972 = ORIENTED_EDGE ( 'NONE', *, *, #6757, .T. ) ;
#7973 = CARTESIAN_POINT ( 'NONE',  ( 1.441581751240559095, -0.3091098579958833636, 3.299999999999999378 ) ) ;
#7974 = CARTESIAN_POINT ( 'NONE',  ( -5.451374250824120082, -0.2034831619831521665, 3.299999999999999822 ) ) ;
#7975 = DIRECTION ( 'NONE',  ( 0.000000000000000000, 0.7071067811865434649, -0.7071067811865515695 ) ) ;
#7976 =( LENGTH_UNIT ( ) NAMED_UNIT ( * ) SI_UNIT ( .MILLI., .METRE. ) );
#7977 = PLANE ( 'NONE',  #950 ) ;
#7978 = CARTESIAN_POINT ( 'NONE',  ( 7.365984235973931149, 0.4940328636578734667, 3.299999999999999822 ) ) ;
#7979 = DIRECTION ( 'NONE',  ( -5.077843127631364393E-16, 4.202615134178275574E-16, 1.000000000000000000 ) ) ;
#7980 = EDGE_CURVE ( 'NONE', #763, #6257, #3080, .T. ) ;
#7981 = VERTEX_POINT ( 'NONE', #6613 ) ;
#7982 = CARTESIAN_POINT ( 'NONE',  ( 1.089743589743589869, -0.005566495316485452725, 3.299999999999999822 ) ) ;
#7983 = CARTESIAN_POINT ( 'NONE',  ( 2.107699289301215195, 0.1474687861213266060, 3.299999999999999822 ) ) ;
#7984 = ORIENTED_EDGE ( 'NONE', *, *, #8970, .T. ) ;
#7985 = DIRECTION ( 'NONE',  ( 1.000000000000000000, 0.000000000000000000, 0.000000000000000000 ) ) ;
#7986 =( NAMED_UNIT ( * ) SI_UNIT ( $, .STERADIAN. ) SOLID_ANGLE_UNIT ( ) );
#7987 = LINE ( 'NONE', #181, #8929 ) ;
#7988 = CARTESIAN_POINT ( 'NONE',  ( -7.093894663678294243, 0.2584767473356285317, 3.299999999999999378 ) ) ;
#7989 = CARTESIAN_POINT ( 'NONE',  ( 8.627063006396161526, 0.4656070105419899408, 3.199999999999999734 ) ) ;
#7990 = CARTESIAN_POINT ( 'NONE',  ( -5.679539314926684845, 0.4940328636578734667, 3.299999999999999822 ) ) ;
#7991 = FACE_OUTER_BOUND ( 'NONE', #2330, .T. ) ;
#7992 = ORIENTED_EDGE ( 'NONE', *, *, #4955, .T. ) ;
#7993 = LINE ( 'NONE', #1612, #5589 ) ;
#7994 = MECHANICAL_DESIGN_GEOMETRIC_PRESENTATION_REPRESENTATION (  '', ( #7835 ), #2582 ) ;
#7995 = PRESENTATION_STYLE_ASSIGNMENT (( #8778 ) ) ;
#7996 = CARTESIAN_POINT ( 'NONE',  ( 1.978202380479154421, -0.3805210781954631027, 3.300000000000000266 ) ) ;
#7997 = EDGE_CURVE ( 'NONE', #8167, #3575, #3676, .T. ) ;
#7998 = EDGE_LOOP ( 'NONE', ( #2200, #2626 ) ) ;
#7999 = FILL_AREA_STYLE_COLOUR ( '', #8775 ) ;
#8000 = DIRECTION ( 'NONE',  ( -0.000000000000000000, -0.000000000000000000, -1.000000000000000000 ) ) ;
#8001 =( NAMED_UNIT ( * ) PLANE_ANGLE_UNIT ( ) SI_UNIT ( $, .RADIAN. ) );
#8002 = CARTESIAN_POINT ( 'NONE',  ( -6.399235242741713847, 0.4601356041372028916, 3.299999999999999378 ) ) ;
#8003 = VECTOR ( 'NONE', #8581, 1000.000000000000114 ) ;
#8004 = COLOUR_RGB ( '',0.2509803921568627416, 0.2509803921568627416, 0.2509803921568627416 ) ;
#8005 = LINE ( 'NONE', #7197, #387 ) ;
#8006 = CARTESIAN_POINT ( 'NONE',  ( 1.276034533417868877, -0.08772791109500197027, 3.300000000000001155 ) ) ;
#8007 = EDGE_CURVE ( 'NONE', #4191, #8998, #1784, .T. ) ;
#8008 = CARTESIAN_POINT ( 'NONE',  ( -7.973973195884642706, -0.4745334255685825231, 3.299999999999998934 ) ) ;
#8009 = SURFACE_STYLE_FILL_AREA ( #3910 ) ;
#8010 = CARTESIAN_POINT ( 'NONE',  ( 1.947811953814211128, -0.04203128975777397497, 3.299999999999999822 ) ) ;
#8011 = COLOUR_RGB ( '',0.7764705882352941346, 0.7568627450980391913, 0.7372549019607843590 ) ;
#8012 = ORIENTED_EDGE ( 'NONE', *, *, #7392, .T. ) ;
#8014 = COLOUR_RGB ( '',0.7764705882352941346, 0.7568627450980391913, 0.7372549019607843590 ) ;
#8013 = CARTESIAN_POINT ( 'NONE',  ( -7.475419715155543265, -0.4785579739879671779, 3.299999999999998934 ) ) ;
#8015 = CARTESIAN_POINT ( 'NONE',  ( -7.295124250824120971, -0.3407027132652034607, 3.200000000000000178 ) ) ;
#8016 = CARTESIAN_POINT ( 'NONE',  ( 8.525544374357101773, -0.07674748960075698789, 3.299999999999999378 ) ) ;
#8017 =( NAMED_UNIT ( * ) SI_UNIT ( $, .STERADIAN. ) SOLID_ANGLE_UNIT ( ) );
#8018 = CIRCLE ( 'NONE', #823, 0.6499999999999995781 ) ;
#8019 = CARTESIAN_POINT ( 'NONE',  ( -7.953115993222406921, 0.4656070105419894412, 3.200000000000003286 ) ) ;
#8020 = ORIENTED_EDGE ( 'NONE', *, *, #3181, .T. ) ;
#8021 = DIRECTION ( 'NONE',  ( -1.000000000000000000, 0.000000000000000000, 0.000000000000000000 ) ) ;
#8022 = CARTESIAN_POINT ( 'NONE',  ( 8.519830389820084449, -0.003963931213921351518, 3.200000000000000178 ) ) ;
#8023 = COLOUR_RGB ( '',0.2509803921568627416, 0.2509803921568627416, 0.2509803921568627416 ) ;
#8024 = DIRECTION ( 'NONE',  ( 1.000000000000000000, 0.000000000000000000, 0.000000000000000000 ) ) ;
#8025 = CARTESIAN_POINT ( 'NONE',  ( 1.089896105740101540, 0.006262006257287179058, 3.299999999999999822 ) ) ;
#8026 = DIRECTION ( 'NONE',  ( 0.1736481776669307475, -0.9848077530122081313, 2.775557561562891351E-17 ) ) ;
#8027 = CARTESIAN_POINT ( 'NONE',  ( -6.379148098672305700, -0.2274515614225649240, 3.299999999999999822 ) ) ;
#8028 = VECTOR ( 'NONE', #6643, 1000.000000000000000 ) ;
#8029 = ORIENTED_EDGE ( 'NONE', *, *, #3758, .F. ) ;
#8030 = CARTESIAN_POINT ( 'NONE',  ( -7.914949186591617725, -0.2958476557347205493, 3.199999999999999734 ) ) ;
#8031 = CARTESIAN_POINT ( 'NONE',  ( 8.519830389820084449, -0.003963931213921351518, 3.299999999999999822 ) ) ;
#8032 = B_SPLINE_CURVE_WITH_KNOTS ( 'NONE', 3,
 ( #1097, #5909, #5994, #2521, #8103, #1802, #3196, #7406, #8740, #6552, #5859, #2562, #8702, #8837, #4574, #1061, #8058, #2475, #5250 ),
 .UNSPECIFIED., .F., .F.,
 ( 4, 1, 1, 1, 1, 1, 1, 1, 1, 1, 1, 1, 1, 1, 1, 1, 4 ),
 ( 0.000000000000000000, 0.07778293631334770586, 0.1518156572691091999, 0.2225398385800625156, 0.2902775346822921154, 0.3546406074863794888, 0.4157977534850320622, 0.4747090076698663452, 0.5304260996200420575, 0.5855797458252653964, 0.6409061648040293990, 0.6979010906656706315, 0.7554203208806050673, 0.8145212584872895123, 0.8744618312159079254, 0.9366697167404223201, 0.9999999999999998890 ),
 .UNSPECIFIED. ) ;
#8033 = ORIENTED_EDGE ( 'NONE', *, *, #6509, .F. ) ;
#8034 = CARTESIAN_POINT ( 'NONE',  ( 1.360393206633666807, -0.4714591131061918738, 3.300000000000001155 ) ) ;
#8035 = CARTESIAN_POINT ( 'NONE',  ( -6.209883280901504321, 0.2853902983432725637, 3.299999999999999822 ) ) ;
#8036 = CARTESIAN_POINT ( 'NONE',  ( -6.537103671501438562, -0.5230614853588319013, 3.299999999999999822 ) ) ;
#8037 = CARTESIAN_POINT ( 'NONE',  ( 2.127737542507471602, -0.02688934788521805605, 3.300000000000000266 ) ) ;
#8038 = CARTESIAN_POINT ( 'NONE',  ( 8.827128334991250824, 0.5188880348865969605, 3.299999999999999378 ) ) ;
#8039 = COLOUR_RGB ( '',0.7764705882352941346, 0.7568627450980391913, 0.7372549019607843590 ) ;
#8040 = DIRECTION ( 'NONE',  ( -0.1663765121213765241, -0.9860622983434288447, 0.000000000000000000 ) ) ;
#8041 = CARTESIAN_POINT ( 'NONE',  ( -6.640276494413864583, -0.5316081619831521943, 3.200000000000000178 ) ) ;
#8042 = VERTEX_POINT ( 'NONE', #7249 ) ;
#8043 = CARTESIAN_POINT ( 'NONE',  ( -6.640877455952326258, -0.3521209824959727341, 3.200000000000000178 ) ) ;
#8044 = COLOUR_RGB ( '',0.7764705882352941346, 0.7568627450980391913, 0.7372549019607843590 ) ;
#8045 = DIRECTION ( 'NONE',  ( 0.9848077530122080203, 0.1736481776669307198, 0.000000000000000000 ) ) ;
#8046 = EDGE_LOOP ( 'NONE', ( #1392, #1317, #287, #613 ) ) ;
#8047 = FILL_AREA_STYLE ('',( #5289 ) ) ;
#8048 = PRODUCT ( 'micro_switch', 'micro_switch', '', ( #1905 ) ) ;
#8049 =( NAMED_UNIT ( * ) PLANE_ANGLE_UNIT ( ) SI_UNIT ( $, .RADIAN. ) );
#8050 = COLOUR_RGB ( '',0.7764705882352941346, 0.7568627450980391913, 0.7372549019607843590 ) ;
#8051 = SURFACE_STYLE_FILL_AREA ( #1710 ) ;
#8052 = DIRECTION ( 'NONE',  ( -1.000000000000000000, -4.872818752743843581E-17, -0.000000000000000000 ) ) ;
#8053 = CARTESIAN_POINT ( 'NONE',  ( -7.049221151818122699, -0.3367524797816546789, 3.300000000000000711 ) ) ;
#8054 = B_SPLINE_CURVE_WITH_KNOTS ( 'NONE', 3,
 ( #6667, #354, #5977, #8772, #4266, #6948, #4175, #9005, #2128, #4132, #6989, #634, #5569, #7754, #4910, #3461, #8358, #1416, #5668 ),
 .UNSPECIFIED., .F., .F.,
 ( 4, 1, 1, 1, 1, 1, 1, 1, 1, 1, 1, 1, 1, 1, 1, 1, 4 ),
 ( 0.000000000000000000, 0.06227577837076919004, 0.1239040620075178706, 0.1850672407687278254, 0.2468401515202054974, 0.3084353298497791163, 0.3702412507091096816, 0.4325865888798539616, 0.4959245816612416480, 0.5593510709509277312, 0.6219426542010917380, 0.6843928672351853315, 0.7469858082645233210, 0.8094414645316997392, 0.8725078327139407230, 0.9357692970662282450, 1.000000000000000000 ),
 .UNSPECIFIED. ) ;
#8055 =( GEOMETRIC_REPRESENTATION_CONTEXT ( 3 ) GLOBAL_UNCERTAINTY_ASSIGNED_CONTEXT ( ( #2868 ) ) GLOBAL_UNIT_ASSIGNED_CONTEXT ( ( #6134, #2053, #6790 ) ) REPRESENTATION_CONTEXT ( 'NONE', 'WORKASPACE' ) );
#8056 = CARTESIAN_POINT ( 'NONE',  ( 1.270433077030929780, -0.04854050819326435201, 3.199999999999998845 ) ) ;
#8057 = CARTESIAN_POINT ( 'NONE',  ( -7.973973195884642706, -0.4745334255685825231, 3.199999999999999289 ) ) ;
#8058 = CARTESIAN_POINT ( 'NONE',  ( -7.690325055303554258, -0.5313234687482653040, 3.199999999999999289 ) ) ;
#8059 = CARTESIAN_POINT ( 'NONE',  ( 1.948412173949768400, -0.01853698339026317241, 3.200000000000000622 ) ) ;
#8060 = PRESENTATION_LAYER_ASSIGNMENT (  '', '', ( #4841 ) ) ;
#8061 =( GEOMETRIC_REPRESENTATION_CONTEXT ( 3 ) GLOBAL_UNCERTAINTY_ASSIGNED_CONTEXT ( ( #4759 ) ) GLOBAL_UNIT_ASSIGNED_CONTEXT ( ( #992, #1038, #7837 ) ) REPRESENTATION_CONTEXT ( 'NONE', 'WORKASPACE' ) );
#8062 = CARTESIAN_POINT ( 'NONE',  ( -7.374386749240819050, -0.4118328890935196718, 3.299999999999999378 ) ) ;
#8063 = AXIS2_PLACEMENT_3D ( 'NONE', #675, #7083, #4212 ) ;
#8064 = SURFACE_STYLE_USAGE ( .BOTH. , #6738 ) ;
#8065 = VECTOR ( 'NONE', #1593, 1000.000000000000000 ) ;
#8066 = CARTESIAN_POINT ( 'NONE',  ( -7.822095197849717074, 0.5099912977391110047, 3.200000000000002842 ) ) ;
#8067 = ORIENTED_EDGE ( 'NONE', *, *, #5719, .T. ) ;
#8068 = COLOUR_RGB ( '',1.000000000000000000, 1.000000000000000000, 1.000000000000000000 ) ;
#8069 = CARTESIAN_POINT ( 'NONE',  ( -9.650000000000002132, 5.099999999999999645, 3.200000000000000178 ) ) ;
#8070 = FACE_OUTER_BOUND ( 'NONE', #1060, .T. ) ;
#8071 = CARTESIAN_POINT ( 'NONE',  ( 8.557228843804351115, 0.1601887144121011686, 3.300000000000000266 ) ) ;
#8072 = DIRECTION ( 'NONE',  ( 0.000000000000000000, 1.000000000000000000, 0.000000000000000000 ) ) ;
#8073 = ADVANCED_FACE ( 'NONE', ( #8070 ), #6654, .T. ) ;
#8074 = CARTESIAN_POINT ( 'NONE',  ( 7.545471415461110887, 0.1500825431450529823, 3.299999999999999822 ) ) ;
#8075 = CIRCLE ( 'NONE', #5145, 0.4999999999999882871 ) ;
#8076 = UNCERTAINTY_MEASURE_WITH_UNIT (LENGTH_MEASURE( 1.000000000000000082E-05 ), #8483, 'distance_accuracy_value', 'NONE');
#8077 = MECHANICAL_DESIGN_GEOMETRIC_PRESENTATION_REPRESENTATION (  '', ( #3259 ), #2823 ) ;
#8078 = ORIENTED_EDGE ( 'NONE', *, *, #2408, .T. ) ;
#8079 = EDGE_CURVE ( 'NONE', #789, #7375, #8110, .T. ) ;
#8080 = CARTESIAN_POINT ( 'NONE',  ( 8.406095332329165615, 0.2618354114071754224, 3.300000000000000266 ) ) ;
#8081 = CARTESIAN_POINT ( 'NONE',  ( 1.949127501097537186E-16, -9.099999999999999645, -1.449999999999998401 ) ) ;
#8082 = CARTESIAN_POINT ( 'NONE',  ( -6.629377726182999808, -0.3518043582883352283, 3.300000000000000266 ) ) ;
#8083 = DIRECTION ( 'NONE',  ( 0.9848077530122080203, 0.1736481776669306920, 1.445602896647340149E-16 ) ) ;
#8084 = CARTESIAN_POINT ( 'NONE',  ( 1.811435929500618824, -0.4945550715184536261, 3.199999999999999734 ) ) ;
#8085 = CARTESIAN_POINT ( 'NONE',  ( 9.061752701723889913, -0.2899547384880490908, 3.299999999999999378 ) ) ;
#8086 = DIRECTION ( 'NONE',  ( -1.000000000000000000, 0.000000000000000000, 2.891205793294679312E-16 ) ) ;
#8087 = VERTEX_POINT ( 'NONE', #1920 ) ;
#8088 =( NAMED_UNIT ( * ) SI_UNIT ( $, .STERADIAN. ) SOLID_ANGLE_UNIT ( ) );
#8089 = VECTOR ( 'NONE', #5905, 1000.000000000000000 ) ;
#8090 = DIRECTION ( 'NONE',  ( -0.1736481776669306920, 0.9848077530122080203, 4.163336342344336410E-17 ) ) ;
#8091 = EDGE_CURVE ( 'NONE', #6485, #3303, #428, .T. ) ;
#8092 =( NAMED_UNIT ( * ) PLANE_ANGLE_UNIT ( ) SI_UNIT ( $, .RADIAN. ) );
#8093 = VERTEX_POINT ( 'NONE', #2573 ) ;
#8094 = DIRECTION ( 'NONE',  ( 0.1736481776669306920, -0.9848077530122080203, 0.000000000000000000 ) ) ;
#8095 = CARTESIAN_POINT ( 'NONE',  ( 0.2948717948717948789, -0.5059671363421265333, 3.299999999999999822 ) ) ;
#8096 = CARTESIAN_POINT ( 'NONE',  ( 8.562377839854853789, -0.1841499302143287109, 3.200000000000000178 ) ) ;
#8097 = CARTESIAN_POINT ( 'NONE',  ( 8.976956643539050873, 0.3203816043915231337, 3.300000000000001155 ) ) ;
#8098 = EDGE_CURVE ( 'NONE', #2894, #4896, #432, .T. ) ;
#8099 = LINE ( 'NONE', #6920, #7740 ) ;
#8100 = VERTEX_POINT ( 'NONE', #1110 ) ;
#8101 = PRESENTATION_STYLE_ASSIGNMENT (( #3119 ) ) ;
#8102 =( NAMED_UNIT ( * ) PLANE_ANGLE_UNIT ( ) SI_UNIT ( $, .RADIAN. ) );
#8103 = CARTESIAN_POINT ( 'NONE',  ( -7.374386749240819050, -0.4118328890935196718, 3.199999999999999734 ) ) ;
#8104 = FACE_OUTER_BOUND ( 'NONE', #411, .T. ) ;
#8105 = DIRECTION ( 'NONE',  ( -0.000000000000000000, -0.000000000000000000, -1.000000000000000000 ) ) ;
#8106 = CARTESIAN_POINT ( 'NONE',  ( -5.221606622618993221, 0.4940328636578734667, 3.299999999999999822 ) ) ;
#8107 = CARTESIAN_POINT ( 'NONE',  ( -7.162912712362582646, -0.005566495316485452725, 3.299999999999999822 ) ) ;
#8108 = CARTESIAN_POINT ( 'NONE',  ( -8.068699089050522133, 0.3896584085384145468, 3.300000000000000266 ) ) ;
#8109 = ORIENTED_EDGE ( 'NONE', *, *, #8386, .T. ) ;
#8110 = LINE ( 'NONE', #7607, #4701 ) ;
#8111 = CARTESIAN_POINT ( 'NONE',  ( 1.935569342642200708, -0.1096950664619842086, 3.299999999999999378 ) ) ;
#8112 = CARTESIAN_POINT ( 'NONE',  ( -6.402075341373151929, -0.2529059731346397499, 3.299999999999999822 ) ) ;
#8113 = ORIENTED_EDGE ( 'NONE', *, *, #4854, .F. ) ;
#8114 = CARTESIAN_POINT ( 'NONE',  ( -6.852382658423450401, -0.2813502882735539612, 3.300000000000000711 ) ) ;
#8115 = EDGE_CURVE ( 'NONE', #1884, #2965, #5957, .T. ) ;
#8116 = DIRECTION ( 'NONE',  ( -0.000000000000000000, 0.000000000000000000, -1.000000000000000000 ) ) ;
#8117 = CARTESIAN_POINT ( 'NONE',  ( -7.775748953722565027, -0.5302024331416018699, 3.299999999999999378 ) ) ;
#8118 =( NAMED_UNIT ( * ) SI_UNIT ( $, .STERADIAN. ) SOLID_ANGLE_UNIT ( ) );
#8119 = CARTESIAN_POINT ( 'NONE',  ( -6.208579571182024637, -0.3005840472653508733, 3.300000000000000266 ) ) ;
#8120 = SURFACE_SIDE_STYLE ('',( #5518 ) ) ;
#8121 = ORIENTED_EDGE ( 'NONE', *, *, #3723, .T. ) ;
#8122 = CARTESIAN_POINT ( 'NONE',  ( 9.026125532001156415, -0.3123006664395807097, 3.199999999999999734 ) ) ;
#8123 = ADVANCED_FACE ( 'NONE', ( #7468 ), #1164, .T. ) ;
#8124 = CARTESIAN_POINT ( 'NONE',  ( 7.545471415461110887, -0.5059671363421265333, 3.200000000000000178 ) ) ;
#8125 = PRESENTATION_STYLE_ASSIGNMENT (( #8861 ) ) ;
#8126 = UNCERTAINTY_MEASURE_WITH_UNIT (LENGTH_MEASURE( 1.000000000000000082E-05 ), #8763, 'distance_accuracy_value', 'NONE');
#8127 = VERTEX_POINT ( 'NONE', #6546 ) ;
#8128 = CARTESIAN_POINT ( 'NONE',  ( -6.591628258233101612, 3.303792247772641577, 3.999999999999999112 ) ) ;
#8129 = LINE ( 'NONE', #1894, #3375 ) ;
#8130 =( LENGTH_UNIT ( ) NAMED_UNIT ( * ) SI_UNIT ( .MILLI., .METRE. ) );
#8131 = CARTESIAN_POINT ( 'NONE',  ( 9.258577563363720841, -0.3662656045617531109, 3.200000000000000178 ) ) ;
#8132 = B_SPLINE_CURVE_WITH_KNOTS ( 'NONE', 3,
 ( #6024, #313, #8824, #5099, #1608, #4415, #3145, #1656, #7269, #1271, #6851, #5471, #9006, #1881, #7528 ),
 .UNSPECIFIED., .F., .F.,
 ( 4, 1, 1, 1, 1, 1, 1, 1, 1, 1, 1, 1, 4 ),
 ( 0.000000000000000000, 0.1170484290483427559, 0.2299697259035126673, 0.3407035076587631717, 0.4493551469115565911, 0.5055565115208183746, 0.5653026697757549401, 0.6282049564766013505, 0.6947289918311263524, 0.7650188336519146981, 0.8395802021957275985, 0.9177497995909476014, 1.000000000000000000 ),
 .UNSPECIFIED. ) ;
#8133 = STYLED_ITEM ( 'NONE', ( #8605 ), #5776 ) ;
#8134 = VECTOR ( 'NONE', #947, 1000.000000000000000 ) ;
#8135 = VERTEX_POINT ( 'NONE', #3011 ) ;
#8136 = SURFACE_SIDE_STYLE ('',( #3959 ) ) ;
#8137 = CARTESIAN_POINT ( 'NONE',  ( -8.238681642580070630, -0.06017966877161134293, 3.299999999999998934 ) ) ;
#8138 = CARTESIAN_POINT ( 'NONE',  ( 8.049999999999998934, -7.699999999999999289, 0.000000000000000000 ) ) ;
#8139 = CARTESIAN_POINT ( 'NONE',  ( -7.056058217197932692, 0.3155788406734617579, 3.199999999999999734 ) ) ;
#8140 = CARTESIAN_POINT ( 'NONE',  ( 8.365781026466752479, 0.1698066570741219306, 3.200000000000000622 ) ) ;
#8141 = FACE_OUTER_BOUND ( 'NONE', #3856, .T. ) ;
#8142 = CARTESIAN_POINT ( 'NONE',  ( -7.162426772265724217, -0.02314887048649056853, 3.199999999999999734 ) ) ;
#8143 = MECHANICAL_DESIGN_GEOMETRIC_PRESENTATION_REPRESENTATION (  '', ( #663 ), #8879 ) ;
#8144 = DIRECTION ( 'NONE',  ( -1.000000000000000000, 0.000000000000000000, 0.000000000000000000 ) ) ;
#8145 = FILL_AREA_STYLE_COLOUR ( '', #8023 ) ;
#8146 = CIRCLE ( 'NONE', #4929, 1.000000000000000000 ) ;
#8147 = SURFACE_STYLE_FILL_AREA ( #7513 ) ;
#8148 = STYLED_ITEM ( 'NONE', ( #7107 ), #655 ) ;
#8149 = ORIENTED_EDGE ( 'NONE', *, *, #366, .F. ) ;
#8150 = DIRECTION ( 'NONE',  ( 0.000000000000000000, -1.000000000000000000, 0.000000000000000000 ) ) ;
#8151 =( NAMED_UNIT ( * ) PLANE_ANGLE_UNIT ( ) SI_UNIT ( $, .RADIAN. ) );
#8152 = CARTESIAN_POINT ( 'NONE',  ( -8.027701018177783254, -0.1640320186669446678, 3.299999999999998490 ) ) ;
#8153 = CARTESIAN_POINT ( 'NONE',  ( 8.543526764226669457, 0.1301962769749492044, 3.200000000000000622 ) ) ;
#8154 = AXIS2_PLACEMENT_3D ( 'NONE', #5774, #6413, #27 ) ;
#8155 = CARTESIAN_POINT ( 'NONE',  ( 7.365984235973931149, 0.4940328636578734667, 3.299999999999999822 ) ) ;
#8156 = CARTESIAN_POINT ( 'NONE',  ( -6.640877455952326258, -0.3521209824959727341, 3.300000000000000266 ) ) ;
#8157 = COLOUR_RGB ( '',0.2509803921568627416, 0.2509803921568627416, 0.2509803921568627416 ) ;
#8158 = FILL_AREA_STYLE_COLOUR ( '', #4055 ) ;
#8159 = ORIENTED_EDGE ( 'NONE', *, *, #8588, .T. ) ;
#8160 = CARTESIAN_POINT ( 'NONE',  ( -6.852382658423450401, -0.2813502882735539612, 3.200000000000000622 ) ) ;
#8161 = CARTESIAN_POINT ( 'NONE',  ( 8.862378466743162875, 0.5196738892988990166, 3.299999999999999822 ) ) ;
#8162 = MECHANICAL_DESIGN_GEOMETRIC_PRESENTATION_REPRESENTATION (  '', ( #5228 ), #7430 ) ;
#8163 = LINE ( 'NONE', #1931, #4098 ) ;
#8164 = CYLINDRICAL_SURFACE ( 'NONE', #1769, 1.250000000000000222 ) ;
#8165 = CARTESIAN_POINT ( 'NONE',  ( -6.573509063166299349, -0.3465187200052113892, 3.199999999999999289 ) ) ;
#8166 = COLOUR_RGB ( '',0.2509803921568627416, 0.2509803921568627416, 0.2509803921568627416 ) ;
#8167 = VERTEX_POINT ( 'NONE', #8550 ) ;
#8168 = CARTESIAN_POINT ( 'NONE',  ( 9.061752701723889913, -0.2899547384880490908, 3.199999999999999734 ) ) ;
#8169 = CARTESIAN_POINT ( 'NONE',  ( 8.948418984877047677, -0.5260850608630796010, 3.299999999999999378 ) ) ;
#8170 = ORIENTED_EDGE ( 'NONE', *, *, #8676, .T. ) ;
#8171 = CARTESIAN_POINT ( 'NONE',  ( 1.610977564102564097, 0.5196738892988990166, 3.299999999999999822 ) ) ;
#8173 = MECHANICAL_DESIGN_GEOMETRIC_PRESENTATION_REPRESENTATION (  '', ( #3924 ), #8469 ) ;
#8172 = SURFACE_SIDE_STYLE ('',( #3431 ) ) ;
#8174 = FILL_AREA_STYLE ('',( #2692 ) ) ;
#8175 = PLANE ( 'NONE',  #6027 ) ;
#8176 = CARTESIAN_POINT ( 'NONE',  ( -8.093382990751626593, 0.3669594232943545475, 3.199999999999999734 ) ) ;
#8177 = CARTESIAN_POINT ( 'NONE',  ( 1.441581751240559095, -0.3091098579958833636, 3.199999999999999734 ) ) ;
#8178 = EDGE_CURVE ( 'NONE', #2768, #457, #1760, .T. ) ;
#8179 = PRESENTATION_LAYER_ASSIGNMENT (  '', '', ( #5105 ) ) ;
#8180 = CARTESIAN_POINT ( 'NONE',  ( -3.300000000000000711, -2.700000000000002842, 3.200000000000000178 ) ) ;
#8181 = AXIS2_PLACEMENT_3D ( 'NONE', #7104, #7016, #6408 ) ;
#8182 = VERTEX_POINT ( 'NONE', #2067 ) ;
#8183 =( NAMED_UNIT ( * ) SI_UNIT ( $, .STERADIAN. ) SOLID_ANGLE_UNIT ( ) );
#8184 = CARTESIAN_POINT ( 'NONE',  ( -8.220366179297544207, -0.1658360427291140360, 3.299999999999999378 ) ) ;
#8185 = CARTESIAN_POINT ( 'NONE',  ( 1.323829116549537499, 0.1897221279670411043, 3.200000000000000178 ) ) ;
#8186 = MECHANICAL_DESIGN_GEOMETRIC_PRESENTATION_REPRESENTATION (  '', ( #6589 ), #6740 ) ;
#8187 =( NAMED_UNIT ( * ) PLANE_ANGLE_UNIT ( ) SI_UNIT ( $, .RADIAN. ) );
#8188 = VERTEX_POINT ( 'NONE', #7235 ) ;
#8189 = CARTESIAN_POINT ( 'NONE',  ( -7.550316632720260657, -0.5084839178479514388, 3.300000000000001155 ) ) ;
#8190 = AXIS2_PLACEMENT_3D ( 'NONE', #3189, #5435, #3328 ) ;
#8191 = PRESENTATION_LAYER_ASSIGNMENT (  '', '', ( #5722 ) ) ;
#8192 = PLANE ( 'NONE',  #1991 ) ;
#8193 = B_SPLINE_SURFACE_WITH_KNOTS ( 'NONE', 3, 1, ( 
 ( #3524, #1482 ),
 ( #12, #646 ),
 ( #7681, #7765 ),
 ( #2233, #7808 ),
 ( #3645, #2139 ),
 ( #6268, #9014 ),
 ( #2739, #6362 ),
 ( #3573, #2836 ),
 ( #2183, #5638 ),
 ( #5531, #5587 ),
 ( #2786, #8375 ),
 ( #2094, #4921 ),
 ( #7726, #4230 ),
 ( #7052, #50 ),
 ( #5934, #2456 ),
 ( #3776, #960 ),
 ( #2323, #871 ),
 ( #3003, #6577 ),
 ( #5795, #7989 ),
 ( #7354, #1607 ),
 ( #4504, #2418 ),
 ( #271, #5190 ),
 ( #3100, #3819 ),
 ( #8633, #5235 ),
 ( #8038, #3697 ),
 ( #312, #7308 ),
 ( #8722, #7268 ) ),
 .UNSPECIFIED., .F., .F., .F.,
 ( 4, 1, 1, 1, 1, 1, 1, 1, 1, 1, 1, 1, 1, 1, 1, 1, 1, 1, 1, 1, 1, 1, 1, 1, 4 ),
 ( 2, 2 ),
 ( 0.000000000000000000, 0.04466333090637097936, 0.08851180578014535005, 0.1309255913017771389, 0.1729040372808871850, 0.2140001199049660907, 0.2549850203589836273, 0.2952912763870586543, 0.3357724419527882143, 0.3761808205537704453, 0.4161784084745212553, 0.4563500514444734368, 0.4965121666444162751, 0.5370405736377796835, 0.5781187440077609763, 0.6197245605548113989, 0.6624219701988826037, 0.7052989535209023275, 0.7474300005339115094, 0.7894329840393835562, 0.8312674212030618515, 0.8728250959642287476, 0.9148701104843923737, 0.9570270028394999295, 1.000000000000000000 ),
 ( 0.000000000000000000, 1.000000000000000000 ),
 .UNSPECIFIED. ) ;
#8194 = MECHANICAL_DESIGN_GEOMETRIC_PRESENTATION_REPRESENTATION (  '', ( #4537 ), #4237 ) ;
#8195 = CARTESIAN_POINT ( 'NONE',  ( 1.142488519630139310, 0.2280639469605928171, 3.200000000000001510 ) ) ;
#8196 = VECTOR ( 'NONE', #2068, 1000.000000000000000 ) ;
#8197 = AXIS2_PLACEMENT_3D ( 'NONE', #4367, #3702, #6500 ) ;
#8198 = ORIENTED_EDGE ( 'NONE', *, *, #800, .F. ) ;
#8199 = DIRECTION ( 'NONE',  ( 1.000000000000000000, 0.000000000000000000, 0.000000000000000000 ) ) ;
#8200 = FACE_BOUND ( 'NONE', #7312, .T. ) ;
#8201 = EDGE_CURVE ( 'NONE', #1083, #4257, #4202, .T. ) ;
#8202 = CARTESIAN_POINT ( 'NONE',  ( -7.980413632605789509, -0.2383061434544597734, 3.300000000000000711 ) ) ;
#8203 = EDGE_CURVE ( 'NONE', #7093, #6896, #5398, .T. ) ;
#8204 = CARTESIAN_POINT ( 'NONE',  ( 1.679147238939872722, -0.3465187200052114447, 3.299999999999999822 ) ) ;
#8205 = STYLED_ITEM ( 'NONE', ( #2903 ), #4063 ) ;
#8206 =( LENGTH_UNIT ( ) NAMED_UNIT ( * ) SI_UNIT ( .MILLI., .METRE. ) );
#8207 = DIRECTION ( 'NONE',  ( -1.000000000000000000, 0.000000000000000000, 0.000000000000000000 ) ) ;
#8208 = AXIS2_PLACEMENT_3D ( 'NONE', #8648, #3743, #6453 ) ;
#8209 = EDGE_CURVE ( 'NONE', #2530, #7375, #882, .T. ) ;
#8210 = CARTESIAN_POINT ( 'NONE',  ( -8.006287738512154917, -0.2031116944012719416, 3.300000000000000266 ) ) ;
#8211 = ORIENTED_EDGE ( 'NONE', *, *, #8591, .F. ) ;
#8212 = CARTESIAN_POINT ( 'NONE',  ( -6.836471778807595712, -0.2935164394439004343, 3.200000000000000178 ) ) ;
#8213 = CARTESIAN_POINT ( 'NONE',  ( 1.949127501097537186E-16, -9.099999999999999645, -1.449999999999998401 ) ) ;
#8214 = CARTESIAN_POINT ( 'NONE',  ( -6.641678738003607307, 0.5196738892988990166, 3.299999999999999822 ) ) ;
#8215 = AXIS2_PLACEMENT_3D ( 'NONE', #6676, #363, #8784 ) ;
#8216 = LINE ( 'NONE', #6069, #2657 ) ;
#8217 = SURFACE_STYLE_USAGE ( .BOTH. , #4600 ) ;
#8218 = EDGE_CURVE ( 'NONE', #5360, #7601, #707, .T. ) ;
#8219 = EDGE_CURVE ( 'NONE', #4145, #3152, #3708, .T. ) ;
#8220 = ORIENTED_EDGE ( 'NONE', *, *, #4291, .T. ) ;
#8221 = CARTESIAN_POINT ( 'NONE',  ( 9.157450582127779626, -0.2066882901882803880, 3.200000000000000622 ) ) ;
#8222 = LINE ( 'NONE', #8311, #4806 ) ;
#8223 = ORIENTED_EDGE ( 'NONE', *, *, #1272, .T. ) ;
#8224 = CARTESIAN_POINT ( 'NONE',  ( 1.676501540831484505, 0.3346558347328090766, 3.299999999999999822 ) ) ;
#8225 = SURFACE_STYLE_USAGE ( .BOTH. , #3902 ) ;
#8226 = LINE ( 'NONE', #8912, #2931 ) ;
#8227 = FILL_AREA_STYLE_COLOUR ( '', #2956 ) ;
#8228 =( NAMED_UNIT ( * ) SI_UNIT ( $, .STERADIAN. ) SOLID_ANGLE_UNIT ( ) );
#8229 = CARTESIAN_POINT ( 'NONE',  ( 9.052794987950575134, 0.2835775364371891372, 3.300000000000000266 ) ) ;
#8230 = PRESENTATION_LAYER_ASSIGNMENT (  '', '', ( #1625 ) ) ;
#8231 = UNCERTAINTY_MEASURE_WITH_UNIT (LENGTH_MEASURE( 1.000000000000000082E-05 ), #5607, 'distance_accuracy_value', 'NONE');
#8232 =( GEOMETRIC_REPRESENTATION_CONTEXT ( 3 ) GLOBAL_UNCERTAINTY_ASSIGNED_CONTEXT ( ( #4771 ) ) GLOBAL_UNIT_ASSIGNED_CONTEXT ( ( #3613, #103, #6370 ) ) REPRESENTATION_CONTEXT ( 'NONE', 'WORKASPACE' ) );
#8233 = CARTESIAN_POINT ( 'NONE',  ( -6.342111721423576043, 0.1580442267139252344, 3.299999999999999378 ) ) ;
#8234 = VERTEX_POINT ( 'NONE', #6237 ) ;
#8235 =( LENGTH_UNIT ( ) NAMED_UNIT ( * ) SI_UNIT ( .MILLI., .METRE. ) );
#8236 = CARTESIAN_POINT ( 'NONE',  ( -8.128927763680554364, -0.3460104751725758820, 3.300000000000000266 ) ) ;
#8237 = APPLICATION_PROTOCOL_DEFINITION ( 'draft international standard', 'automotive_design', 1998, #4021 ) ;
#8238 = CARTESIAN_POINT ( 'NONE',  ( -7.136331184542781259, 0.1648621580501562212, 3.200000000000000622 ) ) ;
#8239 = SURFACE_SIDE_STYLE ('',( #5448 ) ) ;
#8240 = UNCERTAINTY_MEASURE_WITH_UNIT (LENGTH_MEASURE( 1.000000000000000082E-05 ), #4365, 'distance_accuracy_value', 'NONE');
#8241 = VERTEX_POINT ( 'NONE', #3493 ) ;
#8242 = SURFACE_STYLE_FILL_AREA ( #4106 ) ;
#8243 = CARTESIAN_POINT ( 'NONE',  ( -7.576595270978131680, -0.5156567323843216366, 3.299999999999998490 ) ) ;
#8244 = CARTESIAN_POINT ( 'NONE',  ( 10.14999999999999858, -7.699999999999999289, 0.000000000000000000 ) ) ;
#8245 = LINE ( 'NONE', #5544, #7733 ) ;
#8246 = CARTESIAN_POINT ( 'NONE',  ( 1.948717948717948900, -0.006568097880588056638, 3.200000000000000178 ) ) ;
#8247 = ORIENTED_EDGE ( 'NONE', *, *, #986, .F. ) ;
#8248 = EDGE_CURVE ( 'NONE', #6818, #5428, #1397, .T. ) ;
#8249 = CARTESIAN_POINT ( 'NONE',  ( -4.550000000000000711, -2.700000000000002842, 3.200000000000000178 ) ) ;
#8250 = CARTESIAN_POINT ( 'NONE',  ( -6.399235242741713847, 0.4601356041372028916, 3.199999999999999734 ) ) ;
#8251 = CARTESIAN_POINT ( 'NONE',  ( -7.993874146458992413, -0.2211933102414299634, 3.299999999999999378 ) ) ;
#8252 = CARTESIAN_POINT ( 'NONE',  ( 0.9102564102564103532, 0.4940328636578734667, 3.200000000000000178 ) ) ;
#8253 =( NAMED_UNIT ( * ) SI_UNIT ( $, .STERADIAN. ) SOLID_ANGLE_UNIT ( ) );
#8254 = CARTESIAN_POINT ( 'NONE',  ( -7.429358027497355188, -0.2133483499873541356, 3.199999999999999734 ) ) ;
#8255 = UNCERTAINTY_MEASURE_WITH_UNIT (LENGTH_MEASURE( 1.000000000000000082E-05 ), #1672, 'distance_accuracy_value', 'NONE');
#8256 = CARTESIAN_POINT ( 'NONE',  ( 1.849916808284662428, 0.2397606950972751283, 3.299999999999998934 ) ) ;
#8257 = ORIENTED_EDGE ( 'NONE', *, *, #2536, .T. ) ;
#8258 = CARTESIAN_POINT ( 'NONE',  ( -7.724811750824120971, 0.3401867098117196120, 3.200000000000000178 ) ) ;
#8259 =( NAMED_UNIT ( * ) PLANE_ANGLE_UNIT ( ) SI_UNIT ( $, .RADIAN. ) );
#8260 = LINE ( 'NONE', #6067, #2806 ) ;
#8261 = FILL_AREA_STYLE_COLOUR ( '', #3669 ) ;
#8262 = SURFACE_STYLE_FILL_AREA ( #7526 ) ;
#8263 = CARTESIAN_POINT ( 'NONE',  ( -6.511011722219531173, -0.3278025382206051219, 3.199999999999999734 ) ) ;
#8264 = B_SPLINE_CURVE_WITH_KNOTS ( 'NONE', 3,
 ( #3410, #4066, #4815, #574, #6197, #8992, #8002, #6592, #6642, #323, #3861, #3116, #5164, #6678, #8734, #4474, #6548, #885, #5806 ),
 .UNSPECIFIED., .F., .F.,
 ( 4, 1, 1, 1, 1, 1, 1, 1, 1, 1, 1, 1, 1, 1, 1, 1, 4 ),
 ( 0.000000000000000000, 0.06339559666158975371, 0.1251572666424208558, 0.1856494665262528876, 0.2459766793408151020, 0.3061083686579563756, 0.3673505880891742015, 0.4299020782799137241, 0.4945399581831935176, 0.5593725826940472157, 0.6224096858457371928, 0.6843574258194754512, 0.7458066007722100599, 0.8074302750159150222, 0.8699955160697814271, 0.9339278677192724976, 1.000000000000000000 ),
 .UNSPECIFIED. ) ;
#8265 = EDGE_CURVE ( 'NONE', #7184, #3579, #1619, .T. ) ;
#8266 = EDGE_LOOP ( 'NONE', ( #6364, #5296, #2814, #8454, #4549, #5580 ) ) ;
#8267 = CARTESIAN_POINT ( 'NONE',  ( 1.761812453343071683, 0.4988563023161741716, 3.200000000000001066 ) ) ;
#8268 = CARTESIAN_POINT ( 'NONE',  ( 1.713166865136146466, 0.5109268450267248074, 3.299999999999999822 ) ) ;
#8269 = ORIENTED_EDGE ( 'NONE', *, *, #2660, .T. ) ;
#8270 = CARTESIAN_POINT ( 'NONE',  ( 1.292043705561810585, 0.4112873758558763804, 3.299999999999998934 ) ) ;
#8271 = FACE_OUTER_BOUND ( 'NONE', #8382, .T. ) ;
#8272 = B_SPLINE_CURVE_WITH_KNOTS ( 'NONE', 3,
 ( #7147, #6457, #787, #7691, #4857, #153, #7817, #2976, #5649, #4333, #5769 ),
 .UNSPECIFIED., .F., .F.,
 ( 4, 1, 1, 1, 1, 1, 1, 1, 4 ),
 ( 0.000000000000000000, 0.1348068327792202314, 0.2641990558543176881, 0.3884618167279423329, 0.5099420983643723204, 0.6304096106127703436, 0.7506710345119795846, 0.8734547255294238255, 1.000000000000000000 ),
 .UNSPECIFIED. ) ;
#8273 = CARTESIAN_POINT ( 'NONE',  ( -7.888833631486791731, 0.4923525469145170752, 3.199999999999999734 ) ) ;
#8274 = SURFACE_SIDE_STYLE ('',( #5480 ) ) ;
#8275 = CARTESIAN_POINT ( 'NONE',  ( -6.483023756766457701, 0.3015013959391053544, 3.299999999999998934 ) ) ;
#8276 = EDGE_LOOP ( 'NONE', ( #785, #5539, #57, #2872 ) ) ;
#8277 = CARTESIAN_POINT ( 'NONE',  ( -8.224882823781769048, 5.655914592404062802, 3.999999999999999112 ) ) ;
#8278 = ADVANCED_FACE ( 'NONE', ( #9079 ), #7020, .T. ) ;
#8279 = CARTESIAN_POINT ( 'NONE',  ( 1.506986630567971330, 0.3269926950495357643, 3.200000000000000622 ) ) ;
#8280 = CARTESIAN_POINT ( 'NONE',  ( 9.043640676837584991, -0.3017532178174808233, 3.300000000000000711 ) ) ;
#8281 = ORIENTED_EDGE ( 'NONE', *, *, #895, .F. ) ;
#8282 = DIRECTION ( 'NONE',  ( 4.757483648915621824E-16, 8.388727275831842372E-17, -1.000000000000000000 ) ) ;
#8283 = MECHANICAL_DESIGN_GEOMETRIC_PRESENTATION_REPRESENTATION (  '', ( #4480 ), #5800 ) ;
#8284 = STYLED_ITEM ( 'NONE', ( #7118 ), #5426 ) ;
#8285 = CARTESIAN_POINT ( 'NONE',  ( 1.241107099836698424, 0.3665095015074111284, 3.199999999999999734 ) ) ;
#8286 = ORIENTED_EDGE ( 'NONE', *, *, #7146, .F. ) ;
#8287 = VECTOR ( 'NONE', #355, 1000.000000000000114 ) ;
#8288 = DIRECTION ( 'NONE',  ( 0.000000000000000000, 0.000000000000000000, 1.000000000000000000 ) ) ;
#8289 = STYLED_ITEM ( 'NONE', ( #3275 ), #5383 ) ;
#8290 = CARTESIAN_POINT ( 'NONE',  ( -8.060062283446537634, -0.02877474711494830417, 3.299999999999999378 ) ) ;
#8291 = CARTESIAN_POINT ( 'NONE',  ( 1.873033861906797659, 0.2141355633083235066, 3.199999999999999734 ) ) ;
#8292 = CARTESIAN_POINT ( 'NONE',  ( 8.519830389820084449, -0.003963931213921351518, 3.299999999999999822 ) ) ;
#8293 = FACE_OUTER_BOUND ( 'NONE', #178, .T. ) ;
#8294 = VECTOR ( 'NONE', #1698, 1000.000000000000000 ) ;
#8295 = PRESENTATION_STYLE_ASSIGNMENT (( #5505 ) ) ;
#8296 = AXIS2_PLACEMENT_3D ( 'NONE', #9000, #4868, #35 ) ;
#8297 = CARTESIAN_POINT ( 'NONE',  ( -7.993874146458992413, -0.2211933102414299634, 3.199999999999999734 ) ) ;
#8298 = ORIENTED_EDGE ( 'NONE', *, *, #522, .T. ) ;
#8299 = CARTESIAN_POINT ( 'NONE',  ( -6.640877455952326258, -0.3521209824959727341, 3.300000000000000266 ) ) ;
#8300 = FILL_AREA_STYLE ('',( #4169 ) ) ;
#8301 =( GEOMETRIC_REPRESENTATION_CONTEXT ( 3 ) GLOBAL_UNCERTAINTY_ASSIGNED_CONTEXT ( ( #4309 ) ) GLOBAL_UNIT_ASSIGNED_CONTEXT ( ( #4939, #4295, #7821 ) ) REPRESENTATION_CONTEXT ( 'NONE', 'WORKASPACE' ) );
#8302 = DIRECTION ( 'NONE',  ( 0.3128706799756180157, 0.9497957346775118825, 0.000000000000000000 ) ) ;
#8303 = CARTESIAN_POINT ( 'NONE',  ( -6.304244128156404336, -0.01853698339026317587, 3.200000000000000178 ) ) ;
#8304 = AXIS2_PLACEMENT_3D ( 'NONE', #4349, #849, #7877 ) ;
#8305 = DIRECTION ( 'NONE',  ( -4.872818752743842964E-17, 1.000000000000000000, -0.000000000000000000 ) ) ;
#8306 = PRESENTATION_STYLE_ASSIGNMENT (( #8954 ) ) ;
#8307 = DIRECTION ( 'NONE',  ( -1.000000000000000000, -0.000000000000000000, -0.000000000000000000 ) ) ;
#8308 = COLOUR_RGB ( '',0.2509803921568627416, 0.2509803921568627416, 0.2509803921568627416 ) ;
#8309 = VERTEX_POINT ( 'NONE', #7960 ) ;
#8310 = CARTESIAN_POINT ( 'NONE',  ( -6.806240812219338743, 0.3021718888387588398, 3.299999999999998934 ) ) ;
#8311 = CARTESIAN_POINT ( 'NONE',  ( 8.549999999999998934, -9.099999999999999645, 1.449999999999998623 ) ) ;
#8312 = EDGE_LOOP ( 'NONE', ( #1152, #5640, #1202, #8220 ) ) ;
#8313 = CARTESIAN_POINT ( 'NONE',  ( 1.619804788333903289, 0.3398615834816072767, 3.200000000000001066 ) ) ;
#8314 = CARTESIAN_POINT ( 'NONE',  ( 8.520822789194795632, 0.03134514367316647981, 3.299999999999998934 ) ) ;
#8315 = CARTESIAN_POINT ( 'NONE',  ( -6.908782099571333823, 0.2168938213975745710, 3.200000000000000178 ) ) ;
#8316 = LINE ( 'NONE', #1191, #3097 ) ;
#8317 = CARTESIAN_POINT ( 'NONE',  ( 9.285054748794443924, -0.3407027132652034607, 3.200000000000000178 ) ) ;
#8318 = SURFACE_STYLE_USAGE ( .BOTH. , #8274 ) ;
#8319 = ORIENTED_EDGE ( 'NONE', *, *, #6195, .F. ) ;
#8320 = CARTESIAN_POINT ( 'NONE',  ( 7.981368851358547012, 0.4940328636578734667, 3.299999999999999822 ) ) ;
#8321 = PRESENTATION_STYLE_ASSIGNMENT (( #3250 ) ) ;
#8322 = CARTESIAN_POINT ( 'NONE',  ( 1.506986630567971330, 0.3269926950495357643, 3.300000000000000266 ) ) ;
#8323 =( NAMED_UNIT ( * ) PLANE_ANGLE_UNIT ( ) SI_UNIT ( $, .RADIAN. ) );
#8324 = CARTESIAN_POINT ( 'NONE',  ( 0.2770432692307689959, 0.4940328636578736887, 3.200000000000000178 ) ) ;
#8325 = ORIENTED_EDGE ( 'NONE', *, *, #624, .F. ) ;
#8326 = CARTESIAN_POINT ( 'NONE',  ( 8.049999999999998934, -9.099999999999999645, 1.750000000000000000 ) ) ;
#8327 = DIRECTION ( 'NONE',  ( 0.000000000000000000, -1.000000000000000000, 5.685891063888250229E-16 ) ) ;
#8328 = SURFACE_STYLE_FILL_AREA ( #8544 ) ;
#8329 =( GEOMETRIC_REPRESENTATION_CONTEXT ( 3 ) GLOBAL_UNCERTAINTY_ASSIGNED_CONTEXT ( ( #7506 ) ) GLOBAL_UNIT_ASSIGNED_CONTEXT ( ( #1389, #5729, #7776 ) ) REPRESENTATION_CONTEXT ( 'NONE', 'WORKASPACE' ) );
#8330 = CARTESIAN_POINT ( 'NONE',  ( 1.949127501097537186E-16, -9.099999999999999645, 1.449999999999998401 ) ) ;
#8331 = PRESENTATION_LAYER_ASSIGNMENT (  '', '', ( #2344 ) ) ;
#8332 = ADVANCED_FACE ( 'NONE', ( #2554 ), #3190, .T. ) ;
#8333 = CARTESIAN_POINT ( 'NONE',  ( 1.947811953814211128, -0.04203128975777397497, 3.200000000000000178 ) ) ;
#8334 = EDGE_LOOP ( 'NONE', ( #6490, #6718, #7706, #542 ) ) ;
#8335 = AXIS2_PLACEMENT_3D ( 'NONE', #1693, #7844, #1518 ) ;
#8336 = CARTESIAN_POINT ( 'NONE',  ( -6.713150251292781867, 0.3345323263372206868, 3.200000000000000178 ) ) ;
#8337 = COLOUR_RGB ( '',0.2509803921568627416, 0.2509803921568627416, 0.2509803921568627416 ) ;
#8338 = SURFACE_SIDE_STYLE ('',( #6936 ) ) ;
#8339 = DIRECTION ( 'NONE',  ( 4.206037906820357073E-16, 7.416379648549869577E-17, -1.000000000000000000 ) ) ;
#8340 = DIRECTION ( 'NONE',  ( 1.000000000000000000, 0.000000000000000000, 0.000000000000000000 ) ) ;
#8341 = VECTOR ( 'NONE', #8830, 1000.000000000000000 ) ;
#8342 =( GEOMETRIC_REPRESENTATION_CONTEXT ( 3 ) GLOBAL_UNCERTAINTY_ASSIGNED_CONTEXT ( ( #7594 ) ) GLOBAL_UNIT_ASSIGNED_CONTEXT ( ( #906, #6477, #3082 ) ) REPRESENTATION_CONTEXT ( 'NONE', 'WORKASPACE' ) );
#8343 = UNCERTAINTY_MEASURE_WITH_UNIT (LENGTH_MEASURE( 1.000000000000000082E-05 ), #375, 'distance_accuracy_value', 'NONE');
#8344 = CIRCLE ( 'NONE', #4832, 1.250000000000000222 ) ;
#8345 = B_SPLINE_SURFACE_WITH_KNOTS ( 'NONE', 3, 1, ( 
 ( #1056, #5061 ),
 ( #3062, #7861 ),
 ( #1571, #4653 ),
 ( #7586, #8177 ),
 ( #597, #4001 ),
 ( #1141, #2514 ),
 ( #1796, #6918 ),
 ( #6778, #7399 ),
 ( #7542, #3287 ),
 ( #3244, #3434 ),
 ( #1091, #8865 ) ),
 .UNSPECIFIED., .F., .F., .F.,
 ( 4, 1, 1, 1, 1, 1, 1, 1, 4 ),
 ( 2, 2 ),
 ( 0.000000000000000000, 0.1279910255623737114, 0.2530983915017062102, 0.3761840584327906245, 0.4989363124701253760, 0.6215258806257302204, 0.7457068938016918613, 0.8715753502968709432, 1.000000000000000000 ),
 ( 0.000000000000000000, 1.000000000000000000 ),
 .UNSPECIFIED. ) ;
#8346 = ORIENTED_EDGE ( 'NONE', *, *, #1861, .T. ) ;
#8347 = STYLED_ITEM ( 'NONE', ( #6968 ), #7514 ) ;
#8348 = DIRECTION ( 'NONE',  ( 0.000000000000000000, -1.000000000000000000, 0.000000000000000000 ) ) ;
#8349 = CARTESIAN_POINT ( 'NONE',  ( 8.872466318810177555, 0.5195227755742916065, 3.200000000000001066 ) ) ;
#8350 = PRESENTATION_LAYER_ASSIGNMENT (  '', '', ( #709 ) ) ;
#8351 = EDGE_CURVE ( 'NONE', #1542, #4418, #5291, .T. ) ;
#8352 = SURFACE_SIDE_STYLE ('',( #4950 ) ) ;
#8354 = STYLED_ITEM ( 'NONE', ( #5226 ), #2726 ) ;
#8353 = CARTESIAN_POINT ( 'NONE',  ( -6.304844348291958944, -0.04203128975777400966, 3.299999999999999822 ) ) ;
#8355 = CARTESIAN_POINT ( 'NONE',  ( 1.269537145234438391, 0.004398000095624846582, 3.200000000000000622 ) ) ;
#8356 = DIRECTION ( 'NONE',  ( -0.1665126493365822191, -0.9860393184913633924, 0.000000000000000000 ) ) ;
#8357 = FILL_AREA_STYLE ('',( #1466 ) ) ;
#8358 = CARTESIAN_POINT ( 'NONE',  ( 9.268560292159367719, 0.3438835997552407986, 3.300000000000000711 ) ) ;
#8359 = VECTOR ( 'NONE', #3365, 1000.000000000000000 ) ;
#8360 = CARTESIAN_POINT ( 'NONE',  ( 0.9999999999999997780, -9.099999999999999645, -1.750000000000000444 ) ) ;
#8361 = STYLED_ITEM ( 'NONE', ( #9060 ), #3898 ) ;
#8362 = EDGE_CURVE ( 'NONE', #4257, #4743, #3285, .T. ) ;
#8363 = ORIENTED_EDGE ( 'NONE', *, *, #5925, .F. ) ;
#8364 = SURFACE_SIDE_STYLE ('',( #2906 ) ) ;
#8365 = CARTESIAN_POINT ( 'NONE',  ( -7.855479851547405801, 0.3158688576231048484, 3.200000000000001066 ) ) ;
#8366 = MECHANICAL_DESIGN_GEOMETRIC_PRESENTATION_REPRESENTATION (  '', ( #4553 ), #2376 ) ;
#8367 = CARTESIAN_POINT ( 'NONE',  ( 1.937460711582450923, 0.4021298811425257913, 3.300000000000000711 ) ) ;
#8368 = ADVANCED_FACE ( 'NONE', ( #6080 ), #5332, .T. ) ;
#8369 = VERTEX_POINT ( 'NONE', #6721 ) ;
#8370 = CARTESIAN_POINT ( 'NONE',  ( 1.708801511457470834, 0.3264945020559985589, 3.200000000000001066 ) ) ;
#8371 = FILL_AREA_STYLE_COLOUR ( '', #2628 ) ;
#8372 = DIRECTION ( 'NONE',  ( 0.000000000000000000, 0.000000000000000000, -1.000000000000000000 ) ) ;
#8374 =( GEOMETRIC_REPRESENTATION_CONTEXT ( 3 ) GLOBAL_UNCERTAINTY_ASSIGNED_CONTEXT ( ( #6798 ) ) GLOBAL_UNIT_ASSIGNED_CONTEXT ( ( #3652, #4742, #3948 ) ) REPRESENTATION_CONTEXT ( 'NONE', 'WORKASPACE' ) );
#8373 = CARTESIAN_POINT ( 'NONE',  ( -7.717800532875402908, 0.5196738892988990166, 3.200000000000000178 ) ) ;
#8375 = CARTESIAN_POINT ( 'NONE',  ( 8.423467697673638455, 0.2902447036081441945, 3.199999999999998845 ) ) ;
#8376 = CIRCLE ( 'NONE', #2080, 1.199999999999999734 ) ;
#8377 = PRESENTATION_STYLE_ASSIGNMENT (( #7640 ) ) ;
#8378 = ORIENTED_EDGE ( 'NONE', *, *, #4275, .T. ) ;
#8379 = AXIS2_PLACEMENT_3D ( 'NONE', #6913, #3378, #4222 ) ;
#8380 = CARTESIAN_POINT ( 'NONE',  ( 8.919525478162087850, -0.5292175802107365046, 3.200000000000000622 ) ) ;
#8381 = CARTESIAN_POINT ( 'NONE',  ( 9.080160781415868243, -0.2764599410644427713, 3.300000000000000266 ) ) ;
#8382 = EDGE_LOOP ( 'NONE', ( #3089, #6544, #8791, #7457, #7628, #4366, #8575, #8908 ) ) ;
#8383 = CARTESIAN_POINT ( 'NONE',  ( 30.72711787350053214, 12.21957528434416496, 1.999999999999999112 ) ) ;
#8384 = EDGE_CURVE ( 'NONE', #7298, #6393, #4651, .T. ) ;
#8385 = CARTESIAN_POINT ( 'NONE',  ( 0.7307692307692308376, -0.1640200209575111423, 3.299999999999999822 ) ) ;
#8386 = EDGE_CURVE ( 'NONE', #3814, #6257, #8316, .T. ) ;
#8387 = FACE_OUTER_BOUND ( 'NONE', #7210, .T. ) ;
#8388 = SURFACE_STYLE_USAGE ( .BOTH. , #4933 ) ;
#8389 = ORIENTED_EDGE ( 'NONE', *, *, #314, .F. ) ;
#8390 = PRESENTATION_LAYER_ASSIGNMENT (  '', '', ( #1935 ) ) ;
#8391 = FILL_AREA_STYLE_COLOUR ( '', #5222 ) ;
#8392 = LINE ( 'NONE', #5029, #4122 ) ;
#8393 = CARTESIAN_POINT ( 'NONE',  ( 1.935267142248066063, 0.09618413066264040745, 3.200000000000000622 ) ) ;
#8394 = CARTESIAN_POINT ( 'NONE',  ( -7.598798677306715099, 0.5068409488856570055, 3.199999999999999289 ) ) ;
#8395 = CARTESIAN_POINT ( 'NONE',  ( -7.518426297894672317, -0.2899547384880497569, 3.300000000000000266 ) ) ;
#8396 = CARTESIAN_POINT ( 'NONE',  ( 8.341497357038491600, -0.06017966877161134986, 3.299999999999998490 ) ) ;
#8397 = ORIENTED_EDGE ( 'NONE', *, *, #5224, .F. ) ;
#8398 = VERTEX_POINT ( 'NONE', #6311 ) ;
#8399 = EDGE_CURVE ( 'NONE', #3397, #2288, #9058, .T. ) ;
#8400 = CARTESIAN_POINT ( 'NONE',  ( -4.868040917490787045, -0.5059671363421265333, 3.299999999999999822 ) ) ;
#8401 =( NAMED_UNIT ( * ) PLANE_ANGLE_UNIT ( ) SI_UNIT ( $, .RADIAN. ) );
#8402 = CARTESIAN_POINT ( 'NONE',  ( -7.161467827411194698, -0.05784559197263935276, 3.200000000000000622 ) ) ;
#8403 = DIRECTION ( 'NONE',  ( -9.389415434578092713E-13, 4.877071457999135172E-14, 1.000000000000000000 ) ) ;
#8404 =( NAMED_UNIT ( * ) SI_UNIT ( $, .STERADIAN. ) SOLID_ANGLE_UNIT ( ) );
#8405 = VERTEX_POINT ( 'NONE', #645 ) ;
#8406 = DIRECTION ( 'NONE',  ( 0.9498516382480157727, -0.3127009199179953680, 0.000000000000000000 ) ) ;
#8407 = SURFACE_SIDE_STYLE ('',( #4178 ) ) ;
#8408 = CARTESIAN_POINT ( 'NONE',  ( 1.610977564102564097, 0.5196738892988990166, 3.299999999999999822 ) ) ;
#8409 = ORIENTED_EDGE ( 'NONE', *, *, #3388, .T. ) ;
#8410 = CARTESIAN_POINT ( 'NONE',  ( 8.519830389820084449, -0.003963931213921351518, 3.299999999999999822 ) ) ;
#8411 = CARTESIAN_POINT ( 'NONE',  ( 8.049999999999998934, -8.799999999999995381, -1.750000000000000000 ) ) ;
#8412 = LINE ( 'NONE', #1559, #2837 ) ;
#8413 = DIRECTION ( 'NONE',  ( -4.872818752743842964E-17, 1.000000000000000000, 0.000000000000000000 ) ) ;
#8414 = ORIENTED_EDGE ( 'NONE', *, *, #3409, .T. ) ;
#8415 = CARTESIAN_POINT ( 'NONE',  ( -4.550000000000000711, -2.700000000000002842, -3.200000000000000178 ) ) ;
#8416 =( LENGTH_UNIT ( ) NAMED_UNIT ( * ) SI_UNIT ( .MILLI., .METRE. ) );
#8417 = CARTESIAN_POINT ( 'NONE',  ( 9.118152442267760449, -0.2445380539554059818, 3.299999999999999822 ) ) ;
#8418 = UNCERTAINTY_MEASURE_WITH_UNIT (LENGTH_MEASURE( 1.000000000000000082E-05 ), #1897, 'distance_accuracy_value', 'NONE');
#8419 = ORIENTED_EDGE ( 'NONE', *, *, #1537, .F. ) ;
#8420 = FILL_AREA_STYLE ('',( #5645 ) ) ;
#8421 = CARTESIAN_POINT ( 'NONE',  ( -7.720605020054890133, -0.5316081619831521943, 3.299999999999999822 ) ) ;
#8422 = EDGE_LOOP ( 'NONE', ( #6971, #4936, #8645, #7017 ) ) ;
#8423 = CARTESIAN_POINT ( 'NONE',  ( 1.443036095454333756, 0.4926127530368563101, 3.299999999999998934 ) ) ;
#8424 = CARTESIAN_POINT ( 'NONE',  ( -6.328246927327432658, 0.1277919000503630331, 3.200000000000000178 ) ) ;
#8425 = FILL_AREA_STYLE_COLOUR ( '', #7423 ) ;
#8426 = DIRECTION ( 'NONE',  ( -1.255184016867644070E-17, 0.7071067811865515695, 0.7071067811865434649 ) ) ;
#8427 = DIRECTION ( 'NONE',  ( 0.1667046871215417114, -0.9860068697994496256, 0.000000000000000000 ) ) ;
#8428 = ORIENTED_EDGE ( 'NONE', *, *, #3054, .F. ) ;
#8429 = MECHANICAL_DESIGN_GEOMETRIC_PRESENTATION_REPRESENTATION (  '', ( #352 ), #8866 ) ;
#8430 = CARTESIAN_POINT ( 'NONE',  ( -8.156711301944927328, 0.2902447036081439724, 3.300000000000000266 ) ) ;
#8431 = VERTEX_POINT ( 'NONE', #6266 ) ;
#8432 = FACE_OUTER_BOUND ( 'NONE', #1994, .T. ) ;
#8433 = DIRECTION ( 'NONE',  ( 1.000000000000000000, 0.000000000000000000, 0.000000000000000000 ) ) ;
#8434 = CARTESIAN_POINT ( 'NONE',  ( -6.402075341373151929, -0.2529059731346397499, 3.300000000000000266 ) ) ;
#8435 = CARTESIAN_POINT ( 'NONE',  ( 1.418177029616486617, 0.2853420351624343376, 3.200000000000001066 ) ) ;
#8436 = CARTESIAN_POINT ( 'NONE',  ( -8.231695149398586153, -0.1142971413678125631, 3.200000000000000622 ) ) ;
#8437 = DIRECTION ( 'NONE',  ( -0.6895740745890384105, 0.7242151583988499786, 0.000000000000000000 ) ) ;
#8438 = CIRCLE ( 'NONE', #9031, 0.6499999999999995781 ) ;
#8439 = DIRECTION ( 'NONE',  ( -0.000000000000000000, 0.000000000000000000, -1.000000000000000000 ) ) ;
#8440 = UNCERTAINTY_MEASURE_WITH_UNIT (LENGTH_MEASURE( 1.000000000000000082E-05 ), #6348, 'distance_accuracy_value', 'NONE');
#8441 = ORIENTED_EDGE ( 'NONE', *, *, #7398, .T. ) ;
#8442 = CARTESIAN_POINT ( 'NONE',  ( 8.160856030845726750, 0.4940328636578734667, 3.299999999999999822 ) ) ;
#8443 = STYLED_ITEM ( 'NONE', ( #6991 ), #6482 ) ;
#8444 = PRESENTATION_LAYER_ASSIGNMENT (  '', '', ( #2753 ) ) ;
#8445 =( NAMED_UNIT ( * ) PLANE_ANGLE_UNIT ( ) SI_UNIT ( $, .RADIAN. ) );
#8446 =( NAMED_UNIT ( * ) PLANE_ANGLE_UNIT ( ) SI_UNIT ( $, .RADIAN. ) );
#8447 = ORIENTED_EDGE ( 'NONE', *, *, #2164, .F. ) ;
#8448 = SURFACE_SIDE_STYLE ('',( #5675 ) ) ;
#8449 = FACE_OUTER_BOUND ( 'NONE', #1782, .T. ) ;
#8450 = DIRECTION ( 'NONE',  ( 1.000000000000000000, 0.000000000000000000, 0.000000000000000000 ) ) ;
#8451 = FILL_AREA_STYLE ('',( #1339 ) ) ;
#8452 = PRESENTATION_LAYER_ASSIGNMENT (  '', '', ( #3191 ) ) ;
#8453 = FILL_AREA_STYLE_COLOUR ( '', #8773 ) ;
#8454 = ORIENTED_EDGE ( 'NONE', *, *, #860, .T. ) ;
#8455 = CARTESIAN_POINT ( 'NONE',  ( 1.089743589743589869, -0.005566495316485452725, 3.200000000000000178 ) ) ;
#8456 = CARTESIAN_POINT ( 'NONE',  ( 9.276084862716396984, -0.3493628566688715686, 3.200000000000000622 ) ) ;
#8457 = CARTESIAN_POINT ( 'NONE',  ( 9.137890660809070198, -0.2263380502071502542, 3.300000000000000266 ) ) ;
#8458 = EDGE_LOOP ( 'NONE', ( #2227, #6801, #7992, #4830 ) ) ;
#8459 = CARTESIAN_POINT ( 'NONE',  ( -7.490839867934784735, 0.2586993857108030870, 3.199999999999999734 ) ) ;
#8460 = SURFACE_SIDE_STYLE ('',( #696 ) ) ;
#8461 = DIRECTION ( 'NONE',  ( 0.000000000000000000, 1.000000000000000000, 0.000000000000000000 ) ) ;
#8462 = EDGE_CURVE ( 'NONE', #3958, #991, #7540, .T. ) ;
#8463 = DIRECTION ( 'NONE',  ( 0.000000000000000000, 0.000000000000000000, -1.000000000000000000 ) ) ;
#8464 = ORIENTED_EDGE ( 'NONE', *, *, #3135, .T. ) ;
#8465 = CARTESIAN_POINT ( 'NONE',  ( 1.292043705561810585, 0.4112873758558763804, 3.299999999999998934 ) ) ;
#8466 = SURFACE_STYLE_FILL_AREA ( #6513 ) ;
#8467 =( NAMED_UNIT ( * ) SI_UNIT ( $, .STERADIAN. ) SOLID_ANGLE_UNIT ( ) );
#8468 = CARTESIAN_POINT ( 'NONE',  ( -5.865837391849761495, 0.4940328636578734667, 3.299999999999999822 ) ) ;
#8469 =( GEOMETRIC_REPRESENTATION_CONTEXT ( 3 ) GLOBAL_UNCERTAINTY_ASSIGNED_CONTEXT ( ( #2000 ) ) GLOBAL_UNIT_ASSIGNED_CONTEXT ( ( #1382, #51, #4843 ) ) REPRESENTATION_CONTEXT ( 'NONE', 'WORKASPACE' ) );
#8470 = DIRECTION ( 'NONE',  ( -0.000000000000000000, -0.000000000000000000, -1.000000000000000000 ) ) ;
#8471 = ORIENTED_EDGE ( 'NONE', *, *, #6889, .F. ) ;
#8472 = CARTESIAN_POINT ( 'NONE',  ( -7.729292264640061916, -0.3520456472934123671, 3.199999999999999734 ) ) ;
#8473 =( GEOMETRIC_REPRESENTATION_CONTEXT ( 3 ) GLOBAL_UNCERTAINTY_ASSIGNED_CONTEXT ( ( #1241 ) ) GLOBAL_UNIT_ASSIGNED_CONTEXT ( ( #4981, #1531, #5689 ) ) REPRESENTATION_CONTEXT ( 'NONE', 'WORKASPACE' ) );
#8474 = ORIENTED_EDGE ( 'NONE', *, *, #6196, .F. ) ;
#8475 = ADVANCED_FACE ( 'NONE', ( #7584, #496 ), #8968, .F. ) ;
#8476 = CARTESIAN_POINT ( 'NONE',  ( -7.855479851547405801, 0.3158688576231048484, 3.300000000000000711 ) ) ;
#8477 = EDGE_CURVE ( 'NONE', #6470, #770, #8075, .T. ) ;
#8478 =( GEOMETRIC_REPRESENTATION_CONTEXT ( 3 ) GLOBAL_UNCERTAINTY_ASSIGNED_CONTEXT ( ( #7799 ) ) GLOBAL_UNIT_ASSIGNED_CONTEXT ( ( #1517, #1336, #7986 ) ) REPRESENTATION_CONTEXT ( 'NONE', 'WORKASPACE' ) );
#8479 =( NAMED_UNIT ( * ) SI_UNIT ( $, .STERADIAN. ) SOLID_ANGLE_UNIT ( ) );
#8480 = CARTESIAN_POINT ( 'NONE',  ( -6.359144842637217465, -0.2001349369862042427, 3.299999999999999822 ) ) ;
#8481 = DIRECTION ( 'NONE',  ( 1.000000000000000000, 0.000000000000000000, 0.000000000000000000 ) ) ;
#8482 = DIRECTION ( 'NONE',  ( 0.000000000000000000, 0.7071067811865434649, 0.7071067811865515695 ) ) ;
#8483 =( LENGTH_UNIT ( ) NAMED_UNIT ( * ) SI_UNIT ( .MILLI., .METRE. ) );
#8484 = VECTOR ( 'NONE', #1995, 1000.000000000000000 ) ;
#8485 = EDGE_CURVE ( 'NONE', #6393, #4544, #686, .T. ) ;
#8486 = FACE_BOUND ( 'NONE', #4622, .T. ) ;
#8487 = PRESENTATION_LAYER_ASSIGNMENT (  '', '', ( #6748 ) ) ;
#8488 = ORIENTED_EDGE ( 'NONE', *, *, #2663, .F. ) ;
#8489 = CARTESIAN_POINT ( 'NONE',  ( -6.745669671538203183, 0.3269926950495357643, 3.299999999999999822 ) ) ;
#8490 = CIRCLE ( 'NONE', #408, 0.4999999999999987232 ) ;
#8491 = CARTESIAN_POINT ( 'NONE',  ( 1.090229529840449185, -0.02314887048649054771, 3.299999999999999822 ) ) ;
#8492 =( GEOMETRIC_REPRESENTATION_CONTEXT ( 3 ) GLOBAL_UNCERTAINTY_ASSIGNED_CONTEXT ( ( #509 ) ) GLOBAL_UNIT_ASSIGNED_CONTEXT ( ( #2222, #2827, #7801 ) ) REPRESENTATION_CONTEXT ( 'NONE', 'WORKASPACE' ) );
#8493 = CARTESIAN_POINT ( 'NONE',  ( -7.759202087293613381, 0.3392346502233163363, 3.300000000000000266 ) ) ;
#8494 = FILL_AREA_STYLE_COLOUR ( '', #4705 ) ;
#8495 = ORIENTED_EDGE ( 'NONE', *, *, #1451, .T. ) ;
#8496 =( NAMED_UNIT ( * ) SI_UNIT ( $, .STERADIAN. ) SOLID_ANGLE_UNIT ( ) );
#8497 = CARTESIAN_POINT ( 'NONE',  ( -6.970226049236039501, 0.09804061167687982969, 3.200000000000000178 ) ) ;
#8498 = COLOUR_RGB ( '',0.2509803921568627416, 0.2509803921568627416, 0.2509803921568627416 ) ;
#8499 = CARTESIAN_POINT ( 'NONE',  ( -5.270459564745144654, 6.176859125404855710, 1.999999999999999112 ) ) ;
#8500 = CARTESIAN_POINT ( 'NONE',  ( -6.911456296796050225, 3.158925150470280219, 4.001000000000000334 ) ) ;
#8501 = EDGE_CURVE ( 'NONE', #4743, #1542, #5436, .T. ) ;
#8502 = ORIENTED_EDGE ( 'NONE', *, *, #3855, .T. ) ;
#8503 = VECTOR ( 'NONE', #3060, 1000.000000000000000 ) ;
#8504 = DIRECTION ( 'NONE',  ( -1.000000000000000000, 0.000000000000000000, 0.000000000000000000 ) ) ;
#8505 = CARTESIAN_POINT ( 'NONE',  ( 8.549999999999998934, -9.099999999999999645, -1.449999999999998623 ) ) ;
#8506 = CARTESIAN_POINT ( 'NONE',  ( 1.612379807692307709, -0.5316081619831521943, 3.299999999999999822 ) ) ;
#8507 = UNCERTAINTY_MEASURE_WITH_UNIT (LENGTH_MEASURE( 1.000000000000000082E-05 ), #1004, 'distance_accuracy_value', 'NONE');
#8508 = ORIENTED_EDGE ( 'NONE', *, *, #1494, .F. ) ;
#8509 = FILL_AREA_STYLE_COLOUR ( '', #2620 ) ;
#8510 = CARTESIAN_POINT ( 'NONE',  ( 0.000000000000000000, 0.000000000000000000, 3.299999999999999822 ) ) ;
#8511 = PRESENTATION_LAYER_ASSIGNMENT (  '', '', ( #4114 ) ) ;
#8512 = MECHANICAL_DESIGN_GEOMETRIC_PRESENTATION_REPRESENTATION (  '', ( #2380 ), #437 ) ;
#8513 = DIRECTION ( 'NONE',  ( 0.000000000000000000, -1.000000000000000000, 0.000000000000000000 ) ) ;
#8514 = DIRECTION ( 'NONE',  ( 0.000000000000000000, 0.000000000000000000, 1.000000000000000000 ) ) ;
#8515 = ORIENTED_EDGE ( 'NONE', *, *, #4562, .F. ) ;
#8516 = VECTOR ( 'NONE', #853, 1000.000000000000000 ) ;
#8517 = EDGE_CURVE ( 'NONE', #1542, #2449, #3522, .T. ) ;
#8518 = CARTESIAN_POINT ( 'NONE',  ( -6.402739493821509420, 0.2397606950972752948, 3.200000000000000178 ) ) ;
#8519 = CARTESIAN_POINT ( 'NONE',  ( 0.4999999999999995559, -9.099999999999999645, 1.449999999999998401 ) ) ;
#8520 = STYLED_ITEM ( 'NONE', ( #2251 ), #4853 ) ;
#8521 = CARTESIAN_POINT ( 'NONE',  ( 8.850886734978502091, -0.3520456472934123671, 3.299999999999999822 ) ) ;
#8522 = CARTESIAN_POINT ( 'NONE',  ( 8.485156778170463099, -0.3841557640895607584, 3.299999999999999822 ) ) ;
#8523 = VERTEX_POINT ( 'NONE', #2693 ) ;
#8524 = CARTESIAN_POINT ( 'NONE',  ( -7.834618569797289211, -0.3349552886624447279, 3.300000000000000266 ) ) ;
#8525 = ADVANCED_FACE ( 'NONE', ( #5379 ), #8175, .T. ) ;
#8526 = VERTEX_POINT ( 'NONE', #7723 ) ;
#8527 =( NAMED_UNIT ( * ) PLANE_ANGLE_UNIT ( ) SI_UNIT ( $, .RADIAN. ) );
#8528 = FACE_OUTER_BOUND ( 'NONE', #3477, .T. ) ;
#8529 = CARTESIAN_POINT ( 'NONE',  ( -6.935647158888582631, -0.4445046030591509045, 3.299999999999998490 ) ) ;
#8530 = CARTESIAN_POINT ( 'NONE',  ( 8.616414618265828551, 0.2411685070530462938, 3.299999999999999822 ) ) ;
#8531 =( LENGTH_UNIT ( ) NAMED_UNIT ( * ) SI_UNIT ( .MILLI., .METRE. ) );
#8532 = FACE_OUTER_BOUND ( 'NONE', #6124, .T. ) ;
#8533 = SURFACE_SIDE_STYLE ('',( #7162 ) ) ;
#8534 = CARTESIAN_POINT ( 'NONE',  ( -6.261456296796050758, 3.158925150470280219, -3.400000000000000355 ) ) ;
#8535 = UNCERTAINTY_MEASURE_WITH_UNIT (LENGTH_MEASURE( 1.000000000000000082E-05 ), #5321, 'distance_accuracy_value', 'NONE');
#8536 = ORIENTED_EDGE ( 'NONE', *, *, #4547, .F. ) ;
#8537 = CARTESIAN_POINT ( 'NONE',  ( 1.203435150288049593, -0.3367524797816547899, 3.299999999999998490 ) ) ;
#8538 = ORIENTED_EDGE ( 'NONE', *, *, #463, .F. ) ;
#8539 = PRESENTATION_STYLE_ASSIGNMENT (( #4224 ) ) ;
#8540 = SURFACE_SIDE_STYLE ('',( #5756 ) ) ;
#8541 = DIRECTION ( 'NONE',  ( -0.000000000000000000, -0.000000000000000000, -1.000000000000000000 ) ) ;
#8542 = DIRECTION ( 'NONE',  ( -1.000000000000000000, 0.000000000000000000, 0.000000000000000000 ) ) ;
#8543 = EDGE_CURVE ( 'NONE', #7601, #8234, #8376, .T. ) ;
#8544 = FILL_AREA_STYLE ('',( #4109 ) ) ;
#8545 = CARTESIAN_POINT ( 'NONE',  ( -6.125840152217834955, -0.06219616703049761497, 3.200000000000000622 ) ) ;
#8546 = ORIENTED_EDGE ( 'NONE', *, *, #2670, .T. ) ;
#8547 = VERTEX_POINT ( 'NONE', #8411 ) ;
#8548 = LINE ( 'NONE', #7775, #6580 ) ;
#8549 = LINE ( 'NONE', #2466, #3796 ) ;
#8550 = CARTESIAN_POINT ( 'NONE',  ( -5.792365793225459747, 2.226211850758150756, 4.000000000000000000 ) ) ;
#8551 = CARTESIAN_POINT ( 'NONE',  ( 1.849916808284662428, 0.2397606950972751283, 3.199999999999999289 ) ) ;
#8552 = EDGE_CURVE ( 'NONE', #6530, #8677, #8579, .T. ) ;
#8553 = CARTESIAN_POINT ( 'NONE',  ( 0.4999999999999992784, -5.099999999999999645, -1.750000000000000222 ) ) ;
#8554 = SURFACE_STYLE_USAGE ( .BOTH. , #2977 ) ;
#8555 = ORIENTED_EDGE ( 'NONE', *, *, #5073, .F. ) ;
#8556 = SURFACE_SIDE_STYLE ('',( #6331 ) ) ;
#8557 = CARTESIAN_POINT ( 'NONE',  ( -6.328246927327432658, 0.1277919000503630331, 3.299999999999999822 ) ) ;
#8558 = CARTESIAN_POINT ( 'NONE',  ( 8.549999999999998934, -9.099999999999999645, -1.449999999999998401 ) ) ;
#8559 = CARTESIAN_POINT ( 'NONE',  ( 8.421282663062326534, -0.3050528996669285564, 3.199999999999999734 ) ) ;
#8560 = ORIENTED_EDGE ( 'NONE', *, *, #1575, .F. ) ;
#8561 = ORIENTED_EDGE ( 'NONE', *, *, #2299, .T. ) ;
#8562 = CARTESIAN_POINT ( 'NONE',  ( -7.963764381352739008, 0.2411685070530455166, 3.299999999999999378 ) ) ;
#8563 =( LENGTH_UNIT ( ) NAMED_UNIT ( * ) SI_UNIT ( .MILLI., .METRE. ) );
#8564 = CARTESIAN_POINT ( 'NONE',  ( -6.892263095472505263, -0.4714591131061920404, 3.300000000000000711 ) ) ;
#8565 =( NAMED_UNIT ( * ) PLANE_ANGLE_UNIT ( ) SI_UNIT ( $, .RADIAN. ) );
#8566 =( NAMED_UNIT ( * ) PLANE_ANGLE_UNIT ( ) SI_UNIT ( $, .RADIAN. ) );
#8567 =( LENGTH_UNIT ( ) NAMED_UNIT ( * ) SI_UNIT ( .MILLI., .METRE. ) );
#8568 =( NAMED_UNIT ( * ) SI_UNIT ( $, .STERADIAN. ) SOLID_ANGLE_UNIT ( ) );
#8569 = VECTOR ( 'NONE', #8470, 1000.000000000000000 ) ;
#8570 = AXIS2_PLACEMENT_3D ( 'NONE', #2723, #8856, #4735 ) ;
#8571 = ORIENTED_EDGE ( 'NONE', *, *, #2683, .T. ) ;
#8572 = CARTESIAN_POINT ( 'NONE',  ( -7.744962791287942849, -0.3518959455551436410, 3.200000000000000622 ) ) ;
#8573 = CARTESIAN_POINT ( 'NONE',  ( 1.406267521794859920, -0.4933455912768264229, 3.299999999999999822 ) ) ;
#8574 = PRESENTATION_STYLE_ASSIGNMENT (( #1514 ) ) ;
#8575 = ORIENTED_EDGE ( 'NONE', *, *, #2146, .F. ) ;
#8576 = CARTESIAN_POINT ( 'NONE',  ( 1.172933716338959043, -0.2949274556347796783, 3.300000000000001155 ) ) ;
#8577 = PRESENTATION_LAYER_ASSIGNMENT (  '', '', ( #6254 ) ) ;
#8578 = LINE ( 'NONE', #8684, #3803 ) ;
#8579 = LINE ( 'NONE', #2962, #6177 ) ;
#8580 = CARTESIAN_POINT ( 'NONE',  ( -7.333342582552347722, 0.3658391449339711832, 3.200000000000000622 ) ) ;
#8581 = DIRECTION ( 'NONE',  ( -0.3127009199179953680, -0.9498516382480157727, 0.000000000000000000 ) ) ;
#8582 = AXIS2_PLACEMENT_3D ( 'NONE', #8360, #2950, #7715 ) ;
#8583 = CARTESIAN_POINT ( 'NONE',  ( -6.353602620945298263, -0.4467355914999334154, 3.200000000000001954 ) ) ;
#8584 = PRESENTATION_LAYER_ASSIGNMENT (  '', '', ( #7144 ) ) ;
#8585 = ORIENTED_EDGE ( 'NONE', *, *, #1562, .F. ) ;
#8586 = DIRECTION ( 'NONE',  ( -0.000000000000000000, -0.000000000000000000, -1.000000000000000000 ) ) ;
#8587 = CARTESIAN_POINT ( 'NONE',  ( -6.208579571182024637, -0.3005840472653508733, 3.199999999999999734 ) ) ;
#8588 = EDGE_CURVE ( 'NONE', #8934, #8369, #6439, .T. ) ;
#8589 = CARTESIAN_POINT ( 'NONE',  ( 2.128205128205128638, -0.008971944034434263526, 3.299999999999999822 ) ) ;
#8590 = ORIENTED_EDGE ( 'NONE', *, *, #2105, .F. ) ;
#8591 = EDGE_CURVE ( 'NONE', #1422, #95, #6494, .T. ) ;
#8592 = VECTOR ( 'NONE', #760, 1000.000000000000114 ) ;
#8593 = CARTESIAN_POINT ( 'NONE',  ( -4.610596489610812476, 2.434589663958467209, 3.400000000000000355 ) ) ;
#8594 = SURFACE_STYLE_FILL_AREA ( #7236 ) ;
#8595 = FACE_OUTER_BOUND ( 'NONE', #4703, .T. ) ;
#8596 = VECTOR ( 'NONE', #4052, 1000.000000000000000 ) ;
#8597 = CARTESIAN_POINT ( 'NONE',  ( -6.304877403824023396, 0.02875541866581787093, 3.199999999999999734 ) ) ;
#8598 = VECTOR ( 'NONE', #7970, 1000.000000000000000 ) ;
#8599 = ORIENTED_EDGE ( 'NONE', *, *, #1182, .T. ) ;
#8600 = CARTESIAN_POINT ( 'NONE',  ( 1.142488519630139310, 0.2280639469605928171, 3.300000000000001155 ) ) ;
#8601 = FILL_AREA_STYLE_COLOUR ( '', #8044 ) ;
#8602 = LINE ( 'NONE', #3586, #4196 ) ;
#8603 = SURFACE_SIDE_STYLE ('',( #5862 ) ) ;
#8604 = CARTESIAN_POINT ( 'NONE',  ( -7.304094136902170575, -0.3493628566688716242, 3.300000000000000266 ) ) ;
#8605 = PRESENTATION_STYLE_ASSIGNMENT (( #7155 ) ) ;
#8606 = EDGE_CURVE ( 'NONE', #7826, #3901, #5842, .T. ) ;
#8607 = ADVANCED_FACE ( 'NONE', ( #6534 ), #820, .F. ) ;
#8608 = CARTESIAN_POINT ( 'NONE',  ( 10.14999999999999858, -4.599999999999998757, -3.200000000000000178 ) ) ;
#8609 = ORIENTED_EDGE ( 'NONE', *, *, #2277, .F. ) ;
#8610 = CARTESIAN_POINT ( 'NONE',  ( -8.203023962017955029, 0.2015449924610281385, 3.200000000000002842 ) ) ;
#8611 = ORIENTED_EDGE ( 'NONE', *, *, #7864, .T. ) ;
#8612 = CARTESIAN_POINT ( 'NONE',  ( -7.939104252224137959, 0.2643409816514169508, 3.299999999999998934 ) ) ;
#8613 = MECHANICAL_DESIGN_GEOMETRIC_PRESENTATION_REPRESENTATION (  '', ( #3509 ), #9072 ) ;
#8614 = DIRECTION ( 'NONE',  ( -1.000000000000000000, -4.872818752743842964E-17, -0.000000000000000000 ) ) ;
#8615 = CARTESIAN_POINT ( 'NONE',  ( 8.755408848996975024, 0.3267251846924142389, 3.300000000000001599 ) ) ;
#8616 = PRESENTATION_LAYER_ASSIGNMENT (  '', '', ( #3525 ) ) ;
#8617 = FILL_AREA_STYLE_COLOUR ( '', #419 ) ;
#8618 = DIRECTION ( 'NONE',  ( -0.000000000000000000, -0.000000000000000000, 1.000000000000000000 ) ) ;
#8619 = VECTOR ( 'NONE', #1757, 1000.000000000000000 ) ;
#8620 = UNCERTAINTY_MEASURE_WITH_UNIT (LENGTH_MEASURE( 1.000000000000000082E-05 ), #3094, 'distance_accuracy_value', 'NONE');
#8621 = PRESENTATION_LAYER_ASSIGNMENT (  '', '', ( #5716 ) ) ;
#8622 = ORIENTED_EDGE ( 'NONE', *, *, #4690, .F. ) ;
#8623 = CARTESIAN_POINT ( 'NONE',  ( -7.896038621648766131, -0.3077176764491306726, 3.200000000000000178 ) ) ;
#8624 = CARTESIAN_POINT ( 'NONE',  ( 1.147205080182419623, -0.2511885229174983247, 3.200000000000000622 ) ) ;
#8625 = VECTOR ( 'NONE', #136, 1000.000000000000000 ) ;
#8626 = ORIENTED_EDGE ( 'NONE', *, *, #1980, .T. ) ;
#8627 = DIRECTION ( 'NONE',  ( 0.1736481776669306920, -0.9848077530122080203, 0.000000000000000000 ) ) ;
#8629 = PRESENTATION_LAYER_ASSIGNMENT (  '', '', ( #3527 ) ) ;
#8628 = CARTESIAN_POINT ( 'NONE',  ( 1.276129911437260400, -0.4125266055452850855, 3.299999999999999378 ) ) ;
#8630 = CARTESIAN_POINT ( 'NONE',  ( -7.158805927269335179, 0.06460574420434533893, 3.200000000000000622 ) ) ;
#8631 = CARTESIAN_POINT ( 'NONE',  ( -7.034618086350007182, 0.3417931446274302121, 3.300000000000000711 ) ) ;
#8632 = CARTESIAN_POINT ( 'NONE',  ( 2.126816149888339336, -0.06219616703049768436, 3.200000000000000178 ) ) ;
#8633 = CARTESIAN_POINT ( 'NONE',  ( 8.792238901760654812, 0.5156979691061264193, 3.300000000000000711 ) ) ;
#8634 = MECHANICAL_DESIGN_GEOMETRIC_PRESENTATION_REPRESENTATION (  '', ( #3531 ), #700 ) ;
#8635 = CARTESIAN_POINT ( 'NONE',  ( 8.896752092797735045, 0.3389756310232717174, 3.200000000000000622 ) ) ;
#8636 = EDGE_CURVE ( 'NONE', #7126, #3152, #3851, .T. ) ;
#8637 = COLOUR_RGB ( '',0.2509803921568627416, 0.2509803921568627416, 0.2509803921568627416 ) ;
#8638 = CARTESIAN_POINT ( 'NONE',  ( -6.124451173901044321, -0.008971944034434263526, 3.199999999999999289 ) ) ;
#8639 = COLOUR_RGB ( '',0.2509803921568627416, 0.2509803921568627416, 0.2509803921568627416 ) ;
#8640 = ORIENTED_EDGE ( 'NONE', *, *, #1161, .T. ) ;
#8641 = DIRECTION ( 'NONE',  ( 0.5676451057264807476, -0.8232733652589354634, 0.000000000000000000 ) ) ;
#8642 = EDGE_CURVE ( 'NONE', #7576, #6357, #4193, .T. ) ;
#8643 = CARTESIAN_POINT ( 'NONE',  ( -1.163134470188451175, 6.596463374550425307, 1.999999999999999112 ) ) ;
#8644 = CARTESIAN_POINT ( 'NONE',  ( -7.721406302106172070, -0.3521209824959727341, 3.200000000000000178 ) ) ;
#8645 = ORIENTED_EDGE ( 'NONE', *, *, #4314, .T. ) ;
#8646 = LINE ( 'NONE', #7190, #7310 ) ;
#8647 =( LENGTH_UNIT ( ) NAMED_UNIT ( * ) SI_UNIT ( .MILLI., .METRE. ) );
#8648 = CARTESIAN_POINT ( 'NONE',  ( -6.261456296796050758, 3.158925150470280219, -4.000000000000000888 ) ) ;
#8650 = AXIS2_PLACEMENT_3D ( 'NONE', #488, #8956, #1125 ) ;
#8649 = CARTESIAN_POINT ( 'NONE',  ( 8.767210773216978836, -0.3410700691199376466, 3.200000000000000622 ) ) ;
#8651 = FILL_AREA_STYLE_COLOUR ( '', #4976 ) ;
#8652 = STYLED_ITEM ( 'NONE', ( #996 ), #7685 ) ;
#8653 =( NAMED_UNIT ( * ) PLANE_ANGLE_UNIT ( ) SI_UNIT ( $, .RADIAN. ) );
#8654 = VECTOR ( 'NONE', #1661, 1000.000000000000000 ) ;
#8655 = VERTEX_POINT ( 'NONE', #7351 ) ;
#8656 = LINE ( 'NONE', #6683, #5293 ) ;
#8657 = CARTESIAN_POINT ( 'NONE',  ( 1.798943398574941677, -0.2963764095665051834, 3.200000000000000622 ) ) ;
#8658 = CARTESIAN_POINT ( 'NONE',  ( 1.610977564102564097, 0.5196738892988990166, 3.299999999999999822 ) ) ;
#8659 = SURFACE_STYLE_USAGE ( .BOTH. , #5124 ) ;
#8660 =( GEOMETRIC_REPRESENTATION_CONTEXT ( 3 ) GLOBAL_UNCERTAINTY_ASSIGNED_CONTEXT ( ( #7499 ) ) GLOBAL_UNIT_ASSIGNED_CONTEXT ( ( #6035, #1665, #8832 ) ) REPRESENTATION_CONTEXT ( 'NONE', 'WORKASPACE' ) );
#8661 = CARTESIAN_POINT ( 'NONE',  ( 8.812029198604950153, -0.3494713964019973695, 3.199999999999999734 ) ) ;
#8662 = AXIS2_PLACEMENT_3D ( 'NONE', #4497, #4768, #2572 ) ;
#8663 = EDGE_CURVE ( 'NONE', #4113, #7952, #311, .T. ) ;
#8664 = AXIS2_PLACEMENT_3D ( 'NONE', #7897, #3643, #3774 ) ;
#8665 = CARTESIAN_POINT ( 'NONE',  ( -7.729625432774122729, 0.5194102690144176693, 3.299999999999999378 ) ) ;
#8666 = ORIENTED_EDGE ( 'NONE', *, *, #7292, .F. ) ;
#8667 = FILL_AREA_STYLE_COLOUR ( '', #5070 ) ;
#8668 = CARTESIAN_POINT ( 'NONE',  ( 8.532853373907713035, 0.09872081173813589128, 3.200000000000000178 ) ) ;
#8669 = CARTESIAN_POINT ( 'NONE',  ( -7.162912712362582646, -0.005566495316485452725, 3.199999999999999734 ) ) ;
#8670 = FILL_AREA_STYLE ('',( #5703 ) ) ;
#8671 = CIRCLE ( 'NONE', #7076, 1.199999999999999734 ) ;
#8672 = SURFACE_STYLE_FILL_AREA ( #1679 ) ;
#8673 = FILL_AREA_STYLE ('',( #3763 ) ) ;
#8674 = SURFACE_SIDE_STYLE ('',( #8713 ) ) ;
#8675 = CARTESIAN_POINT ( 'NONE',  ( -5.270459564745143766, 6.176859125404855710, 1.572762873125089059E-15 ) ) ;
#8676 = EDGE_CURVE ( 'NONE', #5197, #5284, #6289, .T. ) ;
#8677 = VERTEX_POINT ( 'NONE', #3227 ) ;
#8678 = CARTESIAN_POINT ( 'NONE',  ( -7.721406302106172070, -0.3521209824959727341, 3.200000000000000178 ) ) ;
#8679 = CARTESIAN_POINT ( 'NONE',  ( 1.504964870343876493, -0.5225846741956212682, 3.299999999999999822 ) ) ;
#8680 = SURFACE_SIDE_STYLE ('',( #954 ) ) ;
#8681 = VERTEX_POINT ( 'NONE', #6628 ) ;
#8682 = LINE ( 'NONE', #2413, #2941 ) ;
#8683 = CARTESIAN_POINT ( 'NONE',  ( 2.126902151243899475, 0.04480595572570830049, 3.299999999999999822 ) ) ;
#8684 = CARTESIAN_POINT ( 'NONE',  ( -8.060348609798481334, -0.003963931213921352385, 3.300000000000000266 ) ) ;
#8685 = CARTESIAN_POINT ( 'NONE',  ( -6.653240310457393392, 0.5195198494354127394, 3.299999999999999822 ) ) ;
#8686 = CARTESIAN_POINT ( 'NONE',  ( 2.044076730924149654, -0.3005840472653508733, 3.200000000000000178 ) ) ;
#8687 = FILL_AREA_STYLE ('',( #224 ) ) ;
#8688 = DIRECTION ( 'NONE',  ( 1.000000000000000000, 0.000000000000000000, 0.000000000000000000 ) ) ;
#8689 = FACE_BOUND ( 'NONE', #7673, .T. ) ;
#8690 = ORIENTED_EDGE ( 'NONE', *, *, #7702, .F. ) ;
#8691 = CARTESIAN_POINT ( 'NONE',  ( -7.687641862253667746, 0.5192221192871472324, 3.299999999999999822 ) ) ;
#8692 = SURFACE_STYLE_USAGE ( .BOTH. , #967 ) ;
#8693 = UNCERTAINTY_MEASURE_WITH_UNIT (LENGTH_MEASURE( 1.000000000000000082E-05 ), #1292, 'distance_accuracy_value', 'NONE');
#8694 = EDGE_LOOP ( 'NONE', ( #5643, #764, #2796, #4752, #5130, #7427, #8029, #3628, #3184, #7646 ) ) ;
#8695 = DIRECTION ( 'NONE',  ( -0.000000000000000000, -0.000000000000000000, -1.000000000000000000 ) ) ;
#8696 = DIRECTION ( 'NONE',  ( -4.872818752743842964E-17, 1.000000000000000000, -0.000000000000000000 ) ) ;
#8697 = DIRECTION ( 'NONE',  ( -0.5677975635275850363, 0.8231682251229928138, 0.000000000000000000 ) ) ;
#8698 = CARTESIAN_POINT ( 'NONE',  ( 8.630294114871741584, -0.2691643865731928043, 3.199999999999998845 ) ) ;
#8699 = CARTESIAN_POINT ( 'NONE',  ( 0.2948717948717948789, 0.1500825431450529823, 3.200000000000000178 ) ) ;
#8700 = CARTESIAN_POINT ( 'NONE',  ( 1.269636977036675329, -0.02167724614778751904, 3.299999999999999378 ) ) ;
#8701 = FILL_AREA_STYLE_COLOUR ( '', #2452 ) ;
#8702 = CARTESIAN_POINT ( 'NONE',  ( -7.576595270978131680, -0.5156567323843216366, 3.199999999999998845 ) ) ;
#8703 = CARTESIAN_POINT ( 'NONE',  ( 1.612379807692307709, -0.5316081619831521943, 3.200000000000000178 ) ) ;
#8704 = DIRECTION ( 'NONE',  ( 0.000000000000000000, 0.000000000000000000, 1.000000000000000000 ) ) ;
#8705 = CARTESIAN_POINT ( 'NONE',  ( 8.562377839854853789, -0.1841499302143287109, 3.299999999999999822 ) ) ;
#8706 = CARTESIAN_POINT ( 'NONE',  ( -6.889602727942898852, -0.2504615528896942944, 3.200000000000001066 ) ) ;
#8707 = CARTESIAN_POINT ( 'NONE',  ( 1.089896105740101540, 0.006262006257287179058, 3.200000000000000178 ) ) ;
#8708 = ORIENTED_EDGE ( 'NONE', *, *, #3146, .T. ) ;
#8709 = CARTESIAN_POINT ( 'NONE',  ( -8.060348609798481334, -0.003963931213921352385, 3.300000000000000266 ) ) ;
#8710 = CARTESIAN_POINT ( 'NONE',  ( 8.520164799526275701, 0.007934199377222214689, 3.199999999999999734 ) ) ;
#8711 = CARTESIAN_POINT ( 'NONE',  ( 8.520822789194795632, 0.03134514367316647981, 3.199999999999999289 ) ) ;
#8712 = DIRECTION ( 'NONE',  ( 0.000000000000000000, -0.000000000000000000, -1.000000000000000000 ) ) ;
#8713 = SURFACE_STYLE_FILL_AREA ( #987 ) ;
#8714 = UNCERTAINTY_MEASURE_WITH_UNIT (LENGTH_MEASURE( 1.000000000000000082E-05 ), #4354, 'distance_accuracy_value', 'NONE');
#8715 = ORIENTED_EDGE ( 'NONE', *, *, #4452, .F. ) ;
#8716 = CARTESIAN_POINT ( 'NONE',  ( 8.530390170170544906, -0.09961101863847386662, 3.300000000000000711 ) ) ;
#8717 = ORIENTED_EDGE ( 'NONE', *, *, #986, .T. ) ;
#8718 = CARTESIAN_POINT ( 'NONE',  ( 1.557851367140742127, -0.5303724282754066488, 3.300000000000000711 ) ) ;
#8719 = CARTESIAN_POINT ( 'NONE',  ( -6.240831873561444532, 0.3273396378151152697, 3.199999999999998401 ) ) ;
#8720 = CARTESIAN_POINT ( 'NONE',  ( -7.145774984428966192, 0.1321026973104381386, 3.299999999999998934 ) ) ;
#8721 = CARTESIAN_POINT ( 'NONE',  ( 1.939764984914184254, -0.4157181939899464718, 3.199999999999999289 ) ) ;
#8722 = CARTESIAN_POINT ( 'NONE',  ( 8.862378466743162875, 0.5196738892988990166, 3.299999999999999822 ) ) ;
#8723 =( GEOMETRIC_REPRESENTATION_CONTEXT ( 3 ) GLOBAL_UNCERTAINTY_ASSIGNED_CONTEXT ( ( #2019 ) ) GLOBAL_UNIT_ASSIGNED_CONTEXT ( ( #4555, #5794, #2322 ) ) REPRESENTATION_CONTEXT ( 'NONE', 'WORKASPACE' ) );
#8724 = CARTESIAN_POINT ( 'NONE',  ( 8.976956643539050873, 0.3203816043915231337, 3.200000000000001510 ) ) ;
#8725 = ORIENTED_EDGE ( 'NONE', *, *, #333, .T. ) ;
#8726 = FILL_AREA_STYLE_COLOUR ( '', #8639 ) ;
#8727 = VECTOR ( 'NONE', #922, 1000.000000000000000 ) ;
#8728 = CARTESIAN_POINT ( 'NONE',  ( -6.161225506031686727, -0.2115733426068733269, 3.200000000000000622 ) ) ;
#8729 =( LENGTH_UNIT ( ) NAMED_UNIT ( * ) SI_UNIT ( .MILLI., .METRE. ) );
#8730 = ORIENTED_EDGE ( 'NONE', *, *, #213, .T. ) ;
#8731 = CARTESIAN_POINT ( 'NONE',  ( 0.9999999999999995559, -8.799999999999995381, 1.750000000000000000 ) ) ;
#8732 = DIRECTION ( 'NONE',  ( -0.000000000000000000, -0.000000000000000000, -1.000000000000000000 ) ) ;
#8733 = DIRECTION ( 'NONE',  ( 0.1665126493365822191, 0.9860393184913633924, 0.000000000000000000 ) ) ;
#8734 = CARTESIAN_POINT ( 'NONE',  ( -6.144957012804956875, 0.1474687861213269391, 3.300000000000000266 ) ) ;
#8735 = VECTOR ( 'NONE', #7979, 1000.000000000000000 ) ;
#8736 = VECTOR ( 'NONE', #6043, 1000.000000000000000 ) ;
#8737 = CARTESIAN_POINT ( 'NONE',  ( -6.935647158888582631, -0.4445046030591509045, 3.299999999999998490 ) ) ;
#8738 = CARTESIAN_POINT ( 'NONE',  ( 1.270433077030929780, -0.04854050819326435201, 3.299999999999998934 ) ) ;
#8739 = CARTESIAN_POINT ( 'NONE',  ( -7.829229332768651517, -0.5233095848922482141, 3.200000000000000622 ) ) ;
#8740 = CARTESIAN_POINT ( 'NONE',  ( -7.475419715155543265, -0.4785579739879671779, 3.199999999999999289 ) ) ;
#8741 = CARTESIAN_POINT ( 'NONE',  ( 1.710994643136713789, -0.3386277985677162983, 3.200000000000000622 ) ) ;
#8742 = AXIS2_PLACEMENT_3D ( 'NONE', #6524, #5785, #5086 ) ;
#8743 = EDGE_CURVE ( 'NONE', #4604, #7892, #6022, .T. ) ;
#8745 = VECTOR ( 'NONE', #1862, 1000.000000000000000 ) ;
#8744 = CARTESIAN_POINT ( 'NONE',  ( 1.147205080182419623, -0.2511885229174983247, 3.200000000000000622 ) ) ;
#8746 = DIRECTION ( 'NONE',  ( 1.000000000000000000, 0.000000000000000000, 0.000000000000000000 ) ) ;
#8747 =( LENGTH_UNIT ( ) NAMED_UNIT ( * ) SI_UNIT ( .MILLI., .METRE. ) );
#8748 = EDGE_CURVE ( 'NONE', #991, #789, #1653, .T. ) ;
#8749 = CARTESIAN_POINT ( 'NONE',  ( 8.922425954214709520, 0.5167158220057405105, 3.299999999999998934 ) ) ;
#8750 = VECTOR ( 'NONE', #4970, 1000.000000000000114 ) ;
#8751 = CARTESIAN_POINT ( 'NONE',  ( -7.921315880695130929, 0.4801761235019863516, 3.299999999999999822 ) ) ;
#8752 = ORIENTED_EDGE ( 'NONE', *, *, #4820, .T. ) ;
#8753 = LINE ( 'NONE', #8069, #1701 ) ;
#8754 = CARTESIAN_POINT ( 'NONE',  ( 8.593856398786753559, 0.2158508372157388333, 3.200000000000001066 ) ) ;
#8755 = CARTESIAN_POINT ( 'NONE',  ( 8.525231232237524992, 0.06578350923150992624, 3.300000000000000266 ) ) ;
#8756 =( NAMED_UNIT ( * ) PLANE_ANGLE_UNIT ( ) SI_UNIT ( $, .RADIAN. ) );
#8757 = CARTESIAN_POINT ( 'NONE',  ( -4.818974302811125376, 3.616358967573122474, 2.878099678015889815E-15 ) ) ;
#8758 = ADVANCED_FACE ( 'NONE', ( #7266 ), #959, .T. ) ;
#8759 = ADVANCED_FACE ( 'NONE', ( #4030 ), #8164, .F. ) ;
#8760 = PRESENTATION_LAYER_ASSIGNMENT (  '', '', ( #2479 ) ) ;
#8761 = EDGE_LOOP ( 'NONE', ( #3373, #15 ) ) ;
#8762 = CARTESIAN_POINT ( 'NONE',  ( -6.784920407032069001, -0.3224749732304595939, 3.299999999999999378 ) ) ;
#8763 =( LENGTH_UNIT ( ) NAMED_UNIT ( * ) SI_UNIT ( .MILLI., .METRE. ) );
#8764 = EDGE_CURVE ( 'NONE', #8934, #252, #5422, .T. ) ;
#8765 = CARTESIAN_POINT ( 'NONE',  ( 1.000000000000000000, -9.099999999999999645, -1.449999999999998623 ) ) ;
#8766 = CARTESIAN_POINT ( 'NONE',  ( -6.541661658969460724, -0.3386277985677164648, 3.300000000000001599 ) ) ;
#8767 = DIRECTION ( 'NONE',  ( 0.000000000000000000, 0.000000000000000000, 1.000000000000000000 ) ) ;
#8768 = EDGE_CURVE ( 'NONE', #6077, #2311, #8216, .T. ) ;
#8769 = CARTESIAN_POINT ( 'NONE',  ( -6.125840152217834955, -0.06219616703049761497, 3.300000000000000266 ) ) ;
#8770 = CARTESIAN_POINT ( 'NONE',  ( -7.291117840567710395, 0.3205552995553094253, 3.299999999999999822 ) ) ;
#8771 = VECTOR ( 'NONE', #2548, 1000.000000000000000 ) ;
#8772 = CARTESIAN_POINT ( 'NONE',  ( 8.922425954214709520, 0.5167158220057405105, 3.299999999999998934 ) ) ;
#8773 = COLOUR_RGB ( '',0.2509803921568627416, 0.2509803921568627416, 0.2509803921568627416 ) ;
#8774 = CARTESIAN_POINT ( 'NONE',  ( 8.937438977164156029, 0.3319331128999251090, 3.199999999999999734 ) ) ;
#8775 = COLOUR_RGB ( '',1.000000000000000000, 0.000000000000000000, 0.000000000000000000 ) ;
#8776 = ORIENTED_EDGE ( 'NONE', *, *, #3658, .F. ) ;
#8777 = CARTESIAN_POINT ( 'NONE',  ( -6.852382658423450401, -0.2813502882735539612, 3.200000000000000622 ) ) ;
#8778 = SURFACE_STYLE_USAGE ( .BOTH. , #230 ) ;
#8779 = PLANE ( 'NONE',  #5743 ) ;
#8780 = VERTEX_POINT ( 'NONE', #8855 ) ;
#8781 = B_SPLINE_SURFACE_WITH_KNOTS ( 'NONE', 3, 1, ( 
 ( #8408, #1333 ),
 ( #1276, #1474 ),
 ( #2175, #7632 ),
 ( #8268, #7579 ),
 ( #4137, #639 ),
 ( #3466, #6261 ),
 ( #4271, #9054 ),
 ( #2779, #6168 ),
 ( #8367, #2829 ),
 ( #8962, #2688 ),
 ( #7675, #4877 ),
 ( #5474, #4456 ),
 ( #6434, #5044 ),
 ( #2364, #3771 ),
 ( #7983, #218 ),
 ( #7839, #6529 ),
 ( #916, #2269 ),
 ( #263, #2997 ),
 ( #1648, #177 ) ),
 .UNSPECIFIED., .F., .F., .F.,
 ( 4, 1, 1, 1, 1, 1, 1, 1, 1, 1, 1, 1, 1, 1, 1, 1, 4 ),
 ( 2, 2 ),
 ( 0.000000000000000000, 0.06339559666159050311, 0.1251572666424213276, 0.1856494665262528321, 0.2459766793408152408, 0.3061083686579567087, 0.3673505880891747011, 0.4299020782799140017, 0.4945399581831937952, 0.5593725826940477708, 0.6224096858457371928, 0.6843574258194753401, 0.7458066007722103929, 0.8074302750159150222, 0.8699955160697815382, 0.9339278677192726086, 1.000000000000000000 ),
 ( 0.000000000000000000, 1.000000000000000000 ),
 .UNSPECIFIED. ) ;
#8782 = CARTESIAN_POINT ( 'NONE',  ( -6.745669671538203183, 0.3269926950495357643, 3.299999999999999822 ) ) ;
#8783 = MECHANICAL_DESIGN_GEOMETRIC_PRESENTATION_REPRESENTATION (  '', ( #1293 ), #8478 ) ;
#8784 = DIRECTION ( 'NONE',  ( -0.5676451057264810807, 0.8232733652589352413, 0.000000000000000000 ) ) ;
#8785 = CARTESIAN_POINT ( 'NONE',  ( 8.614359987211621217, -0.2543802362554989926, 3.199999999999999734 ) ) ;
#8786 = SURFACE_STYLE_FILL_AREA ( #2386 ) ;
#8787 = AXIS2_PLACEMENT_3D ( 'NONE', #2453, #6706, #8767 ) ;
#8788 = AXIS2_PLACEMENT_3D ( 'NONE', #6447, #7056, #745 ) ;
#8789 = CARTESIAN_POINT ( 'NONE',  ( -6.304877403824023396, 0.02875541866581787093, 3.299999999999999378 ) ) ;
#8790 = ORIENTED_EDGE ( 'NONE', *, *, #6606, .T. ) ;
#8791 = ORIENTED_EDGE ( 'NONE', *, *, #5503, .T. ) ;
#8792 = DIRECTION ( 'NONE',  ( 0.000000000000000000, 0.000000000000000000, 1.000000000000000000 ) ) ;
#8793 = CARTESIAN_POINT ( 'NONE',  ( -7.710962225220055366, 0.3397814197328729025, 3.299999999999999822 ) ) ;
#8794 = VECTOR ( 'NONE', #1254, 1000.000000000000000 ) ;
#8795 = CARTESIAN_POINT ( 'NONE',  ( 1.090229529840449185, -0.02314887048649054771, 3.200000000000000178 ) ) ;
#8796 = CARTESIAN_POINT ( 'NONE',  ( -7.524831321554877661, -0.5000050531162975043, 3.199999999999998845 ) ) ;
#8797 = EDGE_CURVE ( 'NONE', #2117, #7418, #4684, .T. ) ;
#8798 = AXIS2_PLACEMENT_3D ( 'NONE', #7879, #2302, #3759 ) ;
#8799 = STYLED_ITEM ( 'NONE', ( #5011 ), #3875 ) ;
#8800 = SURFACE_STYLE_USAGE ( .BOTH. , #4620 ) ;
#8801 = ADVANCED_FACE ( 'NONE', ( #7482 ), #3985, .T. ) ;
#8802 = EDGE_CURVE ( 'NONE', #4105, #6624, #1508, .T. ) ;
#8803 = FILL_AREA_STYLE_COLOUR ( '', #8337 ) ;
#8804 = EDGE_LOOP ( 'NONE', ( #3510, #6210, #3333, #7615 ) ) ;
#8805 = COLOUR_RGB ( '',0.2509803921568627416, 0.2509803921568627416, 0.2509803921568627416 ) ;
#8806 = CARTESIAN_POINT ( 'NONE',  ( -2.945461134408580595, 6.099999999999999645, -0.8807521802656372856 ) ) ;
#8807 = PRESENTATION_LAYER_ASSIGNMENT (  '', '', ( #2952 ) ) ;
#8808 = CARTESIAN_POINT ( 'NONE',  ( 1.611778846153846256, -0.3521209824959727341, 3.299999999999999378 ) ) ;
#8809 = FILL_AREA_STYLE_COLOUR ( '', #499 ) ;
#8810 = CARTESIAN_POINT ( 'NONE',  ( 1.506986630567971330, 0.3269926950495357643, 3.300000000000000266 ) ) ;
#8811 = MECHANICAL_DESIGN_GEOMETRIC_PRESENTATION_REPRESENTATION (  '', ( #2525 ), #1473 ) ;
#8812 = UNCERTAINTY_MEASURE_WITH_UNIT (LENGTH_MEASURE( 1.000000000000000082E-05 ), #7470, 'distance_accuracy_value', 'NONE');
#8813 = B_SPLINE_CURVE_WITH_KNOTS ( 'NONE', 3,
 ( #8373, #4187, #4229, #5637, #1519, #7051, #1480, #4362, #4884, #7680, #1381, #7307, #7352, #2455, #6629, #8580, #5189, #4599, #1000 ),
 .UNSPECIFIED., .F., .F.,
 ( 4, 1, 1, 1, 1, 1, 1, 1, 1, 1, 1, 1, 1, 1, 1, 1, 4 ),
 ( 0.000000000000000000, 0.06227577837077089007, 0.1239040620075177040, 0.1850672407687293519, 0.2468401515202069685, 0.3084353298497787832, 0.3702412507091075722, 0.4325865888798534065, 0.4959245816612427582, 0.5593510709509255108, 0.6219426542010910719, 0.6843928672351846654, 0.7469858082645239872, 0.8094414645316989620, 0.8725078327139383916, 0.9357692970662283560, 1.000000000000000000 ),
 .UNSPECIFIED. ) ;
#8814 = COLOUR_RGB ( '',0.7764705882352941346, 0.7568627450980391913, 0.7372549019607843590 ) ;
#8815 = EDGE_LOOP ( 'NONE', ( #5274, #5433, #3822, #8926 ) ) ;
#8816 = CARTESIAN_POINT ( 'NONE',  ( 8.599765367012775386, -0.2383061434544609947, 3.299999999999999378 ) ) ;
#8817 = PLANE ( 'NONE',  #1309 ) ;
#8818 = CARTESIAN_POINT ( 'NONE',  ( -7.928287326090790899, -0.4954108444338117812, 3.299999999999999822 ) ) ;
#8819 =( NAMED_UNIT ( * ) PLANE_ANGLE_UNIT ( ) SI_UNIT ( $, .RADIAN. ) );
#8820 = CARTESIAN_POINT ( 'NONE',  ( -6.132958777110523840, -0.1140827936509006962, 3.299999999999999378 ) ) ;
#8822 = PRESENTATION_LAYER_ASSIGNMENT (  '', '', ( #5619 ) ) ;
#8821 =( LENGTH_UNIT ( ) NAMED_UNIT ( * ) SI_UNIT ( .MILLI., .METRE. ) );
#8823 = CARTESIAN_POINT ( 'NONE',  ( 9.080160781415868243, -0.2764599410644427713, 3.300000000000000266 ) ) ;
#8824 = CARTESIAN_POINT ( 'NONE',  ( -7.681750095459774386, -0.3509739145552374096, 3.299999999999999378 ) ) ;
#8825 = VERTEX_POINT ( 'NONE', #169 ) ;
#8826 = CARTESIAN_POINT ( 'NONE',  ( 8.973752386428078154, -0.3352513681000385826, 3.200000000000000622 ) ) ;
#8827 = STYLED_ITEM ( 'NONE', ( #3242 ), #5206 ) ;
#8828 = CARTESIAN_POINT ( 'NONE',  ( 1.853421059364457113, 0.4601356041372028360, 3.199999999999999289 ) ) ;
#8829 = ORIENTED_EDGE ( 'NONE', *, *, #7179, .F. ) ;
#8830 = DIRECTION ( 'NONE',  ( -1.000000000000000000, 0.000000000000000000, 0.000000000000000000 ) ) ;
#8831 = CARTESIAN_POINT ( 'NONE',  ( -6.776655094006265756, 0.3160716312624635704, 3.200000000000001510 ) ) ;
#8832 =( NAMED_UNIT ( * ) SI_UNIT ( $, .STERADIAN. ) SOLID_ANGLE_UNIT ( ) );
#8833 = CARTESIAN_POINT ( 'NONE',  ( 8.896752092797735045, 0.3389756310232717174, 3.200000000000000622 ) ) ;
#8834 = ORIENTED_EDGE ( 'NONE', *, *, #504, .F. ) ;
#8835 = FILL_AREA_STYLE ('',( #5338 ) ) ;
#8836 = LINE ( 'NONE', #8872, #3476 ) ;
#8837 = CARTESIAN_POINT ( 'NONE',  ( -7.603827734259663629, -0.5214442516924294724, 3.200000000000001066 ) ) ;
#8838 = SURFACE_STYLE_FILL_AREA ( #5860 ) ;
#8839 = CARTESIAN_POINT ( 'NONE',  ( 8.340343210332905599, -0.004364572239562458135, 3.200000000000000178 ) ) ;
#8840 = SURFACE_STYLE_FILL_AREA ( #1204 ) ;
#8841 = CARTESIAN_POINT ( 'NONE',  ( -7.079722585767214582, -0.2949274556347795118, 3.300000000000000266 ) ) ;
#8842 = DIRECTION ( 'NONE',  ( 3.445603183558166470E-17, -0.7071067811865515695, -0.7071067811865434649 ) ) ;
#8843 = EDGE_LOOP ( 'NONE', ( #6921, #3772, #2617, #7654 ) ) ;
#8844 = CARTESIAN_POINT ( 'NONE',  ( 1.522849776230189578, -0.3417680260609262111, 3.299999999999999378 ) ) ;
#8845 = CARTESIAN_POINT ( 'NONE',  ( -6.183491456465803893, 0.2415404013487023882, 3.200000000000001066 ) ) ;
#8846 = DIRECTION ( 'NONE',  ( -0.9503874081543058905, -0.3110687615652540927, 0.000000000000000000 ) ) ;
#8847 = CARTESIAN_POINT ( 'NONE',  ( -9.150000000000000355, -4.599999999999998757, -3.200000000000000178 ) ) ;
#8848 = CARTESIAN_POINT ( 'NONE',  ( -6.303938353388223170, -0.006568097880588056638, 3.299999999999999822 ) ) ;
#8849 = CARTESIAN_POINT ( 'NONE',  ( -8.060348609798481334, -0.003963931213921352385, 3.200000000000000622 ) ) ;
#8850 = ORIENTED_EDGE ( 'NONE', *, *, #7809, .T. ) ;
#8851 = CARTESIAN_POINT ( 'NONE',  ( -7.527384011667990649, 0.2835775364371888041, 3.300000000000000266 ) ) ;
#8852 = CARTESIAN_POINT ( 'NONE',  ( 8.349047867594338257, 0.1031764313551906675, 3.299999999999999822 ) ) ;
#8853 = LINE ( 'NONE', #7478, #422 ) ;
#8854 = FILL_AREA_STYLE_COLOUR ( '', #3214 ) ;
#8855 = CARTESIAN_POINT ( 'NONE',  ( 0.9999999999999991118, -8.500000000000000000, 2.415140881304220759E-33 ) ) ;
#8856 = DIRECTION ( 'NONE',  ( 0.000000000000000000, -1.000000000000000000, 0.000000000000000000 ) ) ;
#8857 = DIRECTION ( 'NONE',  ( -0.000000000000000000, -0.000000000000000000, -1.000000000000000000 ) ) ;
#8858 = ORIENTED_EDGE ( 'NONE', *, *, #6565, .F. ) ;
#8859 = CARTESIAN_POINT ( 'NONE',  ( -7.297986009658241180, 0.3283707110311213095, 3.300000000000000266 ) ) ;
#8860 = CARTESIAN_POINT ( 'NONE',  ( -6.640276494413864583, -0.5316081619831521943, 3.199999999999999289 ) ) ;
#8861 = SURFACE_STYLE_USAGE ( .BOTH. , #7535 ) ;
#8862 = VERTEX_POINT ( 'NONE', #7796 ) ;
#8863 = CARTESIAN_POINT ( 'NONE',  ( 1.935267142248066063, 0.09618413066264040745, 3.300000000000000266 ) ) ;
#8864 = CARTESIAN_POINT ( 'NONE',  ( -8.203023962017955029, 0.2015449924610281385, 3.200000000000000622 ) ) ;
#8865 = CARTESIAN_POINT ( 'NONE',  ( 1.611778846153846256, -0.3521209824959727341, 3.200000000000000178 ) ) ;
#8866 =( GEOMETRIC_REPRESENTATION_CONTEXT ( 3 ) GLOBAL_UNCERTAINTY_ASSIGNED_CONTEXT ( ( #8812 ) ) GLOBAL_UNIT_ASSIGNED_CONTEXT ( ( #7470, #4587, #8253 ) ) REPRESENTATION_CONTEXT ( 'NONE', 'WORKASPACE' ) );
#8867 = CARTESIAN_POINT ( 'NONE',  ( -6.379622440199375077, 0.2141355633083232290, 3.299999999999999378 ) ) ;
#8868 = ORIENTED_EDGE ( 'NONE', *, *, #481, .F. ) ;
#8869 = EDGE_CURVE ( 'NONE', #4328, #7693, #7160, .T. ) ;
#8870 = CARTESIAN_POINT ( 'NONE',  ( -6.483023756766457701, 0.3015013959391053544, 3.199999999999999289 ) ) ;
#8871 = ADVANCED_FACE ( 'NONE', ( #2305 ), #6478, .F. ) ;
#8872 = CARTESIAN_POINT ( 'NONE',  ( 7.527642889820085337, 0.4940328636578734667, 3.200000000000000178 ) ) ;
#8873 = CARTESIAN_POINT ( 'NONE',  ( 1.418177029616486617, 0.2853420351624343376, 3.200000000000001066 ) ) ;
#8874 = CARTESIAN_POINT ( 'NONE',  ( -6.809620206651837648, 0.4926127530368565322, 3.299999999999998934 ) ) ;
#8875 = CARTESIAN_POINT ( 'NONE',  ( 8.537979392360039554, 0.4108470374215141274, 3.199999999999999734 ) ) ;
#8876 = ORIENTED_EDGE ( 'NONE', *, *, #486, .F. ) ;
#8877 = SURFACE_STYLE_USAGE ( .BOTH. , #1910 ) ;
#8878 = DIRECTION ( 'NONE',  ( -1.000000000000000000, 0.000000000000000000, 0.000000000000000000 ) ) ;
#8879 =( GEOMETRIC_REPRESENTATION_CONTEXT ( 3 ) GLOBAL_UNCERTAINTY_ASSIGNED_CONTEXT ( ( #6503 ) ) GLOBAL_UNIT_ASSIGNED_CONTEXT ( ( #4146, #4358, #1599 ) ) REPRESENTATION_CONTEXT ( 'NONE', 'WORKASPACE' ) );
#8880 = CARTESIAN_POINT ( 'NONE',  ( -6.124451173901044321, -0.008971944034434263526, 3.299999999999999822 ) ) ;
#8881 = FILL_AREA_STYLE ('',( #2568 ) ) ;
#8882 = VECTOR ( 'NONE', #9048, 1000.000000000000000 ) ;
#8883 = CARTESIAN_POINT ( 'NONE',  ( 1.443036095454333756, 0.4926127530368563101, 3.199999999999999289 ) ) ;
#8884 = VECTOR ( 'NONE', #2759, 1000.000000000000000 ) ;
#8885 = ORIENTED_EDGE ( 'NONE', *, *, #2409, .T. ) ;
#8886 = CARTESIAN_POINT ( 'NONE',  ( -6.959650449737027955, 0.1303322648428098807, 3.199999999999999734 ) ) ;
#8887 = CARTESIAN_POINT ( 'NONE',  ( -6.124451173901044321, -0.008971944034434263526, 3.199999999999999289 ) ) ;
#8888 = CARTESIAN_POINT ( 'NONE',  ( -7.914949186591617725, -0.2958476557347205493, 3.299999999999999378 ) ) ;
#8889 = ADVANCED_FACE ( 'NONE', ( #679 ), #4306, .T. ) ;
#8890 = EDGE_CURVE ( 'NONE', #4145, #8087, #8671, .T. ) ;
#8891 = STYLED_ITEM ( 'NONE', ( #2339 ), #6760 ) ;
#8892 = CARTESIAN_POINT ( 'NONE',  ( 1.282430252870132348, 0.09804061167688017664, 3.299999999999999822 ) ) ;
#8893 = UNCERTAINTY_MEASURE_WITH_UNIT (LENGTH_MEASURE( 1.000000000000000082E-05 ), #8729, 'distance_accuracy_value', 'NONE');
#8894 = CARTESIAN_POINT ( 'NONE',  ( -8.054947767381044343, 0.06578350923150994012, 3.200000000000001510 ) ) ;
#8895 = EDGE_LOOP ( 'NONE', ( #4310, #8397, #2295, #5981 ) ) ;
#8896 = CARTESIAN_POINT ( 'NONE',  ( -7.683426906820830737, 0.3389756310232716618, 3.299999999999998934 ) ) ;
#8897 = CARTESIAN_POINT ( 'NONE',  ( -6.261456296796050758, 3.158925150470280219, -3.400000000000000355 ) ) ;
#8898 = PRESENTATION_LAYER_ASSIGNMENT (  '', '', ( #7012 ) ) ;
#8899 = CARTESIAN_POINT ( 'NONE',  ( -4.550000000000000711, -2.700000000000002842, 3.200000000000000178 ) ) ;
#8900 = CARTESIAN_POINT ( 'NONE',  ( -8.128927763680554364, -0.3460104751725758820, 3.300000000000000266 ) ) ;
#8901 = SURFACE_STYLE_FILL_AREA ( #4683 ) ;
#8902 = SURFACE_STYLE_USAGE ( .BOTH. , #5469 ) ;
#8903 = SURFACE_STYLE_FILL_AREA ( #6709 ) ;
#8904 =( NAMED_UNIT ( * ) SI_UNIT ( $, .STERADIAN. ) SOLID_ANGLE_UNIT ( ) );
#8905 = EDGE_LOOP ( 'NONE', ( #7234, #6090, #6184, #1226 ) ) ;
#8906 = CARTESIAN_POINT ( 'NONE',  ( -5.792365793225457082, 2.226211850758152089, -4.000000000000000000 ) ) ;
#8907 = CARTESIAN_POINT ( 'NONE',  ( -9.649999999999998579, -4.599999999999998757, 3.200000000000000178 ) ) ;
#8908 = ORIENTED_EDGE ( 'NONE', *, *, #1341, .F. ) ;
#8909 = CARTESIAN_POINT ( 'NONE',  ( 1.943108021506276595, 0.06318993120499195870, 3.200000000000001510 ) ) ;
#8911 = AXIS2_PLACEMENT_3D ( 'NONE', #5639, #94, #647 ) ;
#8910 = DIRECTION ( 'NONE',  ( -0.1736481776669306920, 0.9848077530122080203, 0.000000000000000000 ) ) ;
#8912 = CARTESIAN_POINT ( 'NONE',  ( 7.365984235973931149, -0.5059671363421265333, 3.299999999999999822 ) ) ;
#8913 = SURFACE_STYLE_FILL_AREA ( #4186 ) ;
#8914 = CARTESIAN_POINT ( 'NONE',  ( -8.231131132024223973, 0.1031764313551905843, 3.199999999999999734 ) ) ;
#8915 = EDGE_CURVE ( 'NONE', #8998, #3569, #5177, .T. ) ;
#8916 = CIRCLE ( 'NONE', #4957, 1.199999999999999734 ) ;
#8917 = ADVANCED_FACE ( 'NONE', ( #5135 ), #643, .T. ) ;
#8918 = CARTESIAN_POINT ( 'NONE',  ( -6.328246927327432658, 0.1277919000503630331, 3.299999999999999822 ) ) ;
#8919 = MECHANICAL_DESIGN_GEOMETRIC_PRESENTATION_REPRESENTATION (  '', ( #5716 ), #6301 ) ;
#8920 = ORIENTED_EDGE ( 'NONE', *, *, #4305, .F. ) ;
#8921 = LINE ( 'NONE', #8277, #8484 ) ;
#8922 = DIRECTION ( 'NONE',  ( 0.6909727889856425165, -0.7228807680948516889, 0.000000000000000000 ) ) ;
#8923 = CARTESIAN_POINT ( 'NONE',  ( 1.270137196306905247, 0.02862194887885480613, 3.199999999999999289 ) ) ;
#8924 = CARTESIAN_POINT ( 'NONE',  ( -7.145774984428966192, 0.1321026973104381386, 3.199999999999999289 ) ) ;
#8925 = FILL_AREA_STYLE ('',( #5389 ) ) ;
#8926 = ORIENTED_EDGE ( 'NONE', *, *, #3336, .T. ) ;
#8927 = FACE_OUTER_BOUND ( 'NONE', #6404, .T. ) ;
#8929 = VECTOR ( 'NONE', #3001, 1000.000000000000000 ) ;
#8928 = CARTESIAN_POINT ( 'NONE',  ( -1.215228923488529622, 6.891905700454088013, -2.000000000000007105 ) ) ;
#8930 = STYLED_ITEM ( 'NONE', ( #2287 ), #2046 ) ;
#8931 = CARTESIAN_POINT ( 'NONE',  ( 8.850886734978502091, -0.3520456472934123671, 3.199999999999999734 ) ) ;
#8932 = PLANE ( 'NONE',  #7866 ) ;
#8933 = VECTOR ( 'NONE', #7953, 1000.000000000000000 ) ;
#8934 = VERTEX_POINT ( 'NONE', #4434 ) ;
#8935 = LINE ( 'NONE', #614, #4799 ) ;
#8936 = FILL_AREA_STYLE ('',( #7301 ) ) ;
#8937 = PRESENTATION_STYLE_ASSIGNMENT (( #472 ) ) ;
#8938 = ADVANCED_FACE ( 'NONE', ( #5772 ), #3619, .T. ) ;
#8939 = CARTESIAN_POINT ( 'NONE',  ( 1.629964570060814300, -0.5311435355532738711, 3.199999999999999289 ) ) ;
#8940 = SURFACE_SIDE_STYLE ('',( #434 ) ) ;
#8941 = MECHANICAL_DESIGN_GEOMETRIC_PRESENTATION_REPRESENTATION (  '', ( #1312 ), #4982 ) ;
#8942 = CARTESIAN_POINT ( 'NONE',  ( 0.2948717948717948789, -0.5059671363421265333, 3.299999999999999822 ) ) ;
#8943 = CARTESIAN_POINT ( 'NONE',  ( -8.022950155814214668, 0.1601887144121016127, 3.299999999999999822 ) ) ;
#8944 = VECTOR ( 'NONE', #7496, 1000.000000000000000 ) ;
#8945 = CARTESIAN_POINT ( 'NONE',  ( -7.949884884746821534, -0.2691643865731915275, 3.200000000000000622 ) ) ;
#8946 = VERTEX_POINT ( 'NONE', #5204 ) ;
#8947 = CARTESIAN_POINT ( 'NONE',  ( -7.603222356079517574, 0.3203816043915226341, 3.299999999999999378 ) ) ;
#8948 = VECTOR ( 'NONE', #3683, 1000.000000000000000 ) ;
#8949 = SURFACE_STYLE_USAGE ( .BOTH. , #4125 ) ;
#8950 = LINE ( 'NONE', #8213, #8359 ) ;
#8951 =( NAMED_UNIT ( * ) PLANE_ANGLE_UNIT ( ) SI_UNIT ( $, .RADIAN. ) );
#8952 = CARTESIAN_POINT ( 'NONE',  ( 1.366561661804848615, 0.2422483537722804892, 3.200000000000001066 ) ) ;
#8953 = PRESENTATION_LAYER_ASSIGNMENT (  '', '', ( #3823 ) ) ;
#8954 = SURFACE_STYLE_USAGE ( .BOTH. , #3367 ) ;
#8955 = CARTESIAN_POINT ( 'NONE',  ( 1.629964570060814300, -0.5311435355532738711, 3.199999999999999289 ) ) ;
#8956 = DIRECTION ( 'NONE',  ( -0.9497957346775117715, 0.3128706799756180712, 0.000000000000000000 ) ) ;
#8957 = DIRECTION ( 'NONE',  ( -0.5677975635275859245, 0.8231682251229921476, 0.000000000000000000 ) ) ;
#8958 = EDGE_CURVE ( 'NONE', #4418, #3443, #2392, .T. ) ;
#8959 = VERTEX_POINT ( 'NONE', #6646 ) ;
#8960 = CARTESIAN_POINT ( 'NONE',  ( 0.7307692307692308376, 0.4940328636578734667, 3.200000000000000178 ) ) ;
#8961 = CARTESIAN_POINT ( 'NONE',  ( -6.622691732045358215, -0.5311435355532739822, 3.200000000000000178 ) ) ;
#8962 = CARTESIAN_POINT ( 'NONE',  ( 1.976107669399625122, 0.3663014702377210829, 3.300000000000000266 ) ) ;
#8963 = MECHANICAL_DESIGN_GEOMETRIC_PRESENTATION_REPRESENTATION (  '', ( #4571 ), #746 ) ;
#8964 = VERTEX_POINT ( 'NONE', #3835 ) ;
#8965 = CARTESIAN_POINT ( 'NONE',  ( 1.176855773057045029, 0.2876943200368990428, 3.299999999999999378 ) ) ;
#8966 = CARTESIAN_POINT ( 'NONE',  ( -7.724811750824120971, 0.3401867098117196120, 3.200000000000000178 ) ) ;
#8967 = LINE ( 'NONE', #6720, #5856 ) ;
#8968 = PLANE ( 'NONE',  #6330 ) ;
#8969 = CARTESIAN_POINT ( 'NONE',  ( -7.729625432774122729, 0.5194102690144176693, 3.199999999999999734 ) ) ;
#8970 = EDGE_CURVE ( 'NONE', #6840, #3814, #415, .T. ) ;
#8971 = FILL_AREA_STYLE_COLOUR ( '', #6157 ) ;
#8972 = UNCERTAINTY_MEASURE_WITH_UNIT (LENGTH_MEASURE( 1.000000000000000082E-05 ), #5566, 'distance_accuracy_value', 'NONE');
#8973 = COLOUR_RGB ( '',0.2509803921568627416, 0.2509803921568627416, 0.2509803921568627416 ) ;
#8974 = SURFACE_STYLE_USAGE ( .BOTH. , #600 ) ;
#8975 = ORIENTED_EDGE ( 'NONE', *, *, #1289, .T. ) ;
#8976 = CYLINDRICAL_SURFACE ( 'NONE', #4084, 0.7999999999999994893 ) ;
#8977 = CARTESIAN_POINT ( 'NONE',  ( -8.158896336556237472, -0.3050528996669297221, 3.200000000000000178 ) ) ;
#8978 = CARTESIAN_POINT ( 'NONE',  ( 1.476001208099907647, 0.3160716312624635149, 3.200000000000001066 ) ) ;
#8979 = CARTESIAN_POINT ( 'NONE',  ( -7.145774984428966192, 0.1321026973104381386, 3.299999999999998934 ) ) ;
#8980 = DIRECTION ( 'NONE',  ( -1.000000000000000000, 0.000000000000000000, 0.000000000000000000 ) ) ;
#8981 = UNCERTAINTY_MEASURE_WITH_UNIT (LENGTH_MEASURE( 1.000000000000000082E-05 ), #3018, 'distance_accuracy_value', 'NONE');
#8982 = ORIENTED_EDGE ( 'NONE', *, *, #2557, .T. ) ;
#8983 = DIRECTION ( 'NONE',  ( -1.000000000000000000, 0.000000000000000000, -0.000000000000000000 ) ) ;
#8984 = CYLINDRICAL_SURFACE ( 'NONE', #5750, 0.5000000000000004441 ) ;
#8985 = CARTESIAN_POINT ( 'NONE',  ( 1.947778898282149784, 0.02875541866581782929, 3.299999999999999378 ) ) ;
#8986 = CARTESIAN_POINT ( 'NONE',  ( 9.268560292159367719, 0.3438835997552407986, 3.200000000000000622 ) ) ;
#8987 = CARTESIAN_POINT ( 'NONE',  ( 1.158761638427877827, 0.2584767473356285872, 3.199999999999999734 ) ) ;
#8988 = ORIENTED_EDGE ( 'NONE', *, *, #4469, .T. ) ;
#8989 = CARTESIAN_POINT ( 'NONE',  ( -6.908782099571333823, 0.2168938213975745710, 3.200000000000000178 ) ) ;
#8990 = CARTESIAN_POINT ( 'NONE',  ( -6.315195590523720703, 0.4021298811425257913, 3.200000000000000178 ) ) ;
#8991 =( LENGTH_UNIT ( ) NAMED_UNIT ( * ) SI_UNIT ( .MILLI., .METRE. ) );
#8992 = CARTESIAN_POINT ( 'NONE',  ( -6.444053398050354708, 0.4820773748935082703, 3.300000000000000266 ) ) ;
#8993 = CARTESIAN_POINT ( 'NONE',  ( -7.291117840567710395, 0.3205552995553094253, 3.200000000000000178 ) ) ;
#8994 = CARTESIAN_POINT ( 'NONE',  ( -7.554053467617412920, -0.3123006664395808207, 3.200000000000000622 ) ) ;
#8995 = UNCERTAINTY_MEASURE_WITH_UNIT (LENGTH_MEASURE( 1.000000000000000082E-05 ), #2764, 'distance_accuracy_value', 'NONE');
#8996 = SURFACE_SIDE_STYLE ('',( #6200 ) ) ;
#8997 = CARTESIAN_POINT ( 'NONE',  ( -8.036619688310116416, -0.1433069021585726133, 3.200000000000002398 ) ) ;
#8998 = VERTEX_POINT ( 'NONE', #3792 ) ;
#8999 = CARTESIAN_POINT ( 'NONE',  ( -6.700907880559681118, -0.3477163731273749114, 3.200000000000001510 ) ) ;
#9000 = CARTESIAN_POINT ( 'NONE',  ( 4.949999999999998401, -2.700000000000003286, 3.200000000000000178 ) ) ;
#9001 =( NAMED_UNIT ( * ) PLANE_ANGLE_UNIT ( ) SI_UNIT ( $, .RADIAN. ) );
#9002 = CARTESIAN_POINT ( 'NONE',  ( 0.9999999999999997780, -9.099999999999999645, -1.750000000000000444 ) ) ;
#9003 = CARTESIAN_POINT ( 'NONE',  ( 1.573379200815559820, 0.3392531119941205597, 3.200000000000000622 ) ) ;
#9004 =( NAMED_UNIT ( * ) PLANE_ANGLE_UNIT ( ) SI_UNIT ( $, .RADIAN. ) );
#9005 = CARTESIAN_POINT ( 'NONE',  ( 9.039199457713383623, 0.4905598148821877502, 3.299999999999999822 ) ) ;
#9006 = CARTESIAN_POINT ( 'NONE',  ( -7.442288338809496473, -0.2263380502071506983, 3.300000000000000266 ) ) ;
#9007 = EDGE_LOOP ( 'NONE', ( #2465, #4656, #5400, #7914 ) ) ;
#9008 = CARTESIAN_POINT ( 'NONE',  ( 9.129426145506581491, -0.4649073206360704869, 3.299999999999999378 ) ) ;
#9009 = ORIENTED_EDGE ( 'NONE', *, *, #1562, .T. ) ;
#9010 = CARTESIAN_POINT ( 'NONE',  ( 1.608173076923077094, 0.3401867098117196120, 3.200000000000000178 ) ) ;
#9011 = CARTESIAN_POINT ( 'NONE',  ( -6.977758731674517989, 0.06415663428369842991, 3.199999999999999289 ) ) ;
#9012 =( NAMED_UNIT ( * ) PLANE_ANGLE_UNIT ( ) SI_UNIT ( $, .RADIAN. ) );
#9013 = CARTESIAN_POINT ( 'NONE',  ( -8.239344644397224471, 0.03229570314341996540, 3.199999999999999289 ) ) ;
#9014 = CARTESIAN_POINT ( 'NONE',  ( 8.356635220666873920, 0.1368979101568717216, 3.199999999999998845 ) ) ;
#9015 = EDGE_CURVE ( 'NONE', #5803, #2074, #8656, .T. ) ;
#9016 = ORIENTED_EDGE ( 'NONE', *, *, #7980, .T. ) ;
#9017 = CARTESIAN_POINT ( 'NONE',  ( -6.543854790648703457, 0.3264945020559983924, 3.200000000000001066 ) ) ;
#9018 = CARTESIAN_POINT ( 'NONE',  ( -8.239835789285658407, -0.004364572239562458135, 3.200000000000000178 ) ) ;
#9019 = CARTESIAN_POINT ( 'NONE',  ( -6.841381289464753657, 0.4802558937137065831, 3.299999999999999378 ) ) ;
#9020 = CARTESIAN_POINT ( 'NONE',  ( 1.269636977036675329, -0.02167724614778751904, 3.299999999999999378 ) ) ;
#9021 = ORIENTED_EDGE ( 'NONE', *, *, #6937, .T. ) ;
#9022 = SURFACE_STYLE_FILL_AREA ( #1243 ) ;
#9023 = PLANE ( 'NONE',  #3230 ) ;
#9024 = PRESENTATION_LAYER_ASSIGNMENT (  '', '', ( #4480 ) ) ;
#9025 = PRESENTATION_STYLE_ASSIGNMENT (( #5052 ) ) ;
#9026 = CARTESIAN_POINT ( 'NONE',  ( 1.576374965622993951, 0.5192128638140552921, 3.199999999999999734 ) ) ;
#9027 = EDGE_CURVE ( 'NONE', #927, #5463, #2086, .T. ) ;
#9028 = EDGE_LOOP ( 'NONE', ( #1943, #1632, #6701, #3602 ) ) ;
#9029 = STYLED_ITEM ( 'NONE', ( #423 ), #5915 ) ;
#9030 = CARTESIAN_POINT ( 'NONE',  ( -6.303938353388223170, -0.006568097880588056638, 3.299999999999999822 ) ) ;
#9031 = AXIS2_PLACEMENT_3D ( 'NONE', #8897, #5362, #6066 ) ;
#9032 = PLANE ( 'NONE',  #3111 ) ;
#9033 = DIRECTION ( 'NONE',  ( -1.000000000000000000, 0.000000000000000000, 0.000000000000000000 ) ) ;
#9034 = CARTESIAN_POINT ( 'NONE',  ( 1.939764984914184254, -0.4157181939899464718, 3.199999999999999289 ) ) ;
#9035 = CARTESIAN_POINT ( 'NONE',  ( -7.311618707459193622, 0.3438835997552414092, 3.299999999999998934 ) ) ;
#9036 = FILL_AREA_STYLE_COLOUR ( '', #5283 ) ;
#9037 = EDGE_CURVE ( 'NONE', #3303, #6485, #7347, .T. ) ;
#9038 = CARTESIAN_POINT ( 'NONE',  ( -7.986322600831810448, 0.2158508372157389998, 3.200000000000001066 ) ) ;
#9039 = CIRCLE ( 'NONE', #8304, 0.8000000000000003775 ) ;
#9040 = CARTESIAN_POINT ( 'NONE',  ( -8.054634625261462233, -0.07674748960075709892, 3.199999999999998845 ) ) ;
#9041 = VERTEX_POINT ( 'NONE', #5169 ) ;
#9042 = SURFACE_STYLE_FILL_AREA ( #717 ) ;
#9043 = CARTESIAN_POINT ( 'NONE',  ( 8.862378466743162875, 0.5196738892988990166, 3.200000000000000178 ) ) ;
#9044 = DIRECTION ( 'NONE',  ( 0.000000000000000000, -0.7071067811865434649, 0.7071067811865515695 ) ) ;
#9045 = CARTESIAN_POINT ( 'NONE',  ( -6.379148098672305700, -0.2274515614225649240, 3.200000000000000178 ) ) ;
#9046 = CARTESIAN_POINT ( 'NONE',  ( 1.506986630567971330, 0.3269926950495357643, 3.200000000000000622 ) ) ;
#9047 = CARTESIAN_POINT ( 'NONE',  ( -5.539515276465145632, -0.5059671363421265333, 3.299999999999999822 ) ) ;
#9048 = DIRECTION ( 'NONE',  ( -1.000000000000000000, 0.000000000000000000, 2.891205793294679312E-16 ) ) ;
#9049 = VERTEX_POINT ( 'NONE', #3251 ) ;
#9050 = CARTESIAN_POINT ( 'NONE',  ( 0.9102564102564103532, 0.4940328636578734667, 3.299999999999999822 ) ) ;
#9051 = EDGE_CURVE ( 'NONE', #206, #6925, #8032, .T. ) ;
#9052 = DIRECTION ( 'NONE',  ( 0.1666805692401607530, -0.9860109471186290220, 0.000000000000000000 ) ) ;
#9053 = ADVANCED_FACE ( 'NONE', ( #1765 ), #1734, .T. ) ;
#9054 = CARTESIAN_POINT ( 'NONE',  ( 1.853421059364457113, 0.4601356041372028360, 3.199999999999999289 ) ) ;
#9055 = EDGE_LOOP ( 'NONE', ( #3312, #5699, #3463, #7735 ) ) ;
#9056 = CARTESIAN_POINT ( 'NONE',  ( 1.873033861906797659, 0.2141355633083235066, 3.199999999999999734 ) ) ;
#9057 = FILL_AREA_STYLE ('',( #4274 ) ) ;
#9058 = LINE ( 'NONE', #2784, #4252 ) ;
#9059 = CARTESIAN_POINT ( 'NONE',  ( 8.976351265358905707, -0.5214442516924296944, 3.300000000000000711 ) ) ;
#9060 = PRESENTATION_STYLE_ASSIGNMENT (( #7098 ) ) ;
#9061 = STYLED_ITEM ( 'NONE', ( #3907 ), #1552 ) ;
#9062 = ORIENTED_EDGE ( 'NONE', *, *, #5780, .F. ) ;
#9063 = LINE ( 'NONE', #2878, #2055 ) ;
#9064 = COLOUR_RGB ( '',0.2509803921568627416, 0.2509803921568627416, 0.2509803921568627416 ) ;
#9065 = CARTESIAN_POINT ( 'NONE',  ( 1.573379200815559820, 0.3392531119941205597, 3.300000000000000266 ) ) ;
#9066 = CARTESIAN_POINT ( 'NONE',  ( -7.093894663678294243, 0.2584767473356285317, 3.199999999999999734 ) ) ;
#9067 =( NAMED_UNIT ( * ) SI_UNIT ( $, .STERADIAN. ) SOLID_ANGLE_UNIT ( ) );
#9068 = UNCERTAINTY_MEASURE_WITH_UNIT (LENGTH_MEASURE( 1.000000000000000082E-05 ), #7577, 'distance_accuracy_value', 'NONE');
#9069 = ORIENTED_EDGE ( 'NONE', *, *, #7549, .T. ) ;
#9070 = SURFACE_STYLE_USAGE ( .BOTH. , #7732 ) ;
#9071 = MECHANICAL_DESIGN_GEOMETRIC_PRESENTATION_REPRESENTATION (  '', ( #2341 ), #7449 ) ;
#9072 =( GEOMETRIC_REPRESENTATION_CONTEXT ( 3 ) GLOBAL_UNCERTAINTY_ASSIGNED_CONTEXT ( ( #1347 ) ) GLOBAL_UNIT_ASSIGNED_CONTEXT ( ( #7099, #6959, #3606 ) ) REPRESENTATION_CONTEXT ( 'NONE', 'WORKASPACE' ) );
#9073 = SURFACE_SIDE_STYLE ('',( #3617 ) ) ;
#9074 = ORIENTED_EDGE ( 'NONE', *, *, #5946, .F. ) ;
#9075 = VECTOR ( 'NONE', #5278, 1000.000000000000000 ) ;
#9076 = CARTESIAN_POINT ( 'NONE',  ( -6.928827185556635015, 0.1897221279670409932, 3.200000000000000178 ) ) ;
#9077 = AXIS2_PLACEMENT_3D ( 'NONE', #2020, #2073, #2767 ) ;
#9078 = FILL_AREA_STYLE_COLOUR ( '', #7783 ) ;
#9079 = FACE_OUTER_BOUND ( 'NONE', #5385, .T. ) ;
#9080 = CARTESIAN_POINT ( 'NONE',  ( 1.608173076923077094, 0.3401867098117196120, 3.200000000000000178 ) ) ;
#9081 = VECTOR ( 'NONE', #3558, 1000.000000000000000 ) ;
#9082 = CARTESIAN_POINT ( 'NONE',  ( -7.311618707459193622, 0.3438835997552414092, 3.199999999999999289 ) ) ;
#9083 = CARTESIAN_POINT ( 'NONE',  ( -7.500018218202700204, -0.2764599410644417721, 3.299999999999999378 ) ) ;
#9084 = AXIS2_PLACEMENT_3D ( 'NONE', #7378, #708, #666 ) ;
#9085 = UNCERTAINTY_MEASURE_WITH_UNIT (LENGTH_MEASURE( 1.000000000000000082E-05 ), #7175, 'distance_accuracy_value', 'NONE');
#9086 = SURFACE_STYLE_USAGE ( .BOTH. , #6290 ) ;
#9087 =( GEOMETRIC_REPRESENTATION_CONTEXT ( 3 ) GLOBAL_UNCERTAINTY_ASSIGNED_CONTEXT ( ( #7772 ) ) GLOBAL_UNIT_ASSIGNED_CONTEXT ( ( #781, #7137, #6316 ) ) REPRESENTATION_CONTEXT ( 'NONE', 'WORKASPACE' ) );
#9088 = ORIENTED_EDGE ( 'NONE', *, *, #7564, .T. ) ;
#9089 = ORIENTED_EDGE ( 'NONE', *, *, #1844, .F. ) ;
#9090 = DIRECTION ( 'NONE',  ( -1.000000000000000000, 0.000000000000000000, 0.000000000000000000 ) ) ;
#9091 = CARTESIAN_POINT ( 'NONE',  ( 8.850886734978502091, -0.3520456472934123671, 3.299999999999999822 ) ) ;
#9092 = PRESENTATION_LAYER_ASSIGNMENT (  '', '', ( #8799 ) ) ;
#9093 = SURFACE_STYLE_USAGE ( .BOTH. , #4170 ) ;
#9094 = DIRECTION ( 'NONE',  ( 0.9848077530122080203, 0.1736481776669307198, 0.000000000000000000 ) ) ;
#9095 = CARTESIAN_POINT ( 'NONE',  ( -6.144957012804956875, 0.1474687861213269391, 3.300000000000000266 ) ) ;
#9096 = CARTESIAN_POINT ( 'NONE',  ( 1.949127501097537186E-16, -9.099999999999999645, -1.449999999999998401 ) ) ;
#9097 = CARTESIAN_POINT ( 'NONE',  ( -8.204270016163889068, -0.2147466088594844336, 3.200000000000000178 ) ) ;
#9098 = DIRECTION ( 'NONE',  ( -0.000000000000000000, 0.000000000000000000, 1.000000000000000000 ) ) ;
#9099 = PRODUCT_DEFINITION ( 'UNKNOWN', '', #6910, #6864 ) ;
ENDSEC;
END-ISO-10303-21;
