ISO-10303-21;
HEADER;
FILE_DESCRIPTION (( 'STEP AP214' ),
    '1' );
FILE_NAME ('rpi_camera.STEP',
    '2025-05-18T16:22:39',
    ( '' ),
    ( '' ),
    'SwSTEP 2.0',
    'SolidWorks 2025',
    '' );
FILE_SCHEMA (( 'AUTOMOTIVE_DESIGN' ));
ENDSEC;

DATA;
#1 = VECTOR ( 'NONE', #2869, 1000.000000000000000 ) ;
#2 = PLANE ( 'NONE',  #3053 ) ;
#3 = VECTOR ( 'NONE', #3510, 1000.000000000000000 ) ;
#4 = CARTESIAN_POINT ( 'NONE',  ( -0.7984762650792259775, -0.3516987777013035887, -2.862221659613599201 ) ) ;
#5 = CARTESIAN_POINT ( 'NONE',  ( -2.768476265079227172, 0.1961442447639590858, 7.521889477582069716 ) ) ;
#6 = STYLED_ITEM ( 'NONE', ( #5418 ), #2874 ) ;
#7 = CARTESIAN_POINT ( 'NONE',  ( 1.021523734920773752, -0.3516987777013036998, -2.788642972121562646 ) ) ;
#8 =( NAMED_UNIT ( * ) PLANE_ANGLE_UNIT ( ) SI_UNIT ( $, .RADIAN. ) );
#9 = DIRECTION ( 'NONE',  ( -0.000000000000000000, 0.000000000000000000, -1.000000000000000000 ) ) ;
#10 = SURFACE_SIDE_STYLE ('',( #3087 ) ) ;
#11 = ORIENTED_EDGE ( 'NONE', *, *, #3050, .F. ) ;
#12 = CARTESIAN_POINT ( 'NONE',  ( 0.03152373492077385764, 3.598301222298696089, 0.05862067213810127214 ) ) ;
#13 = FACE_OUTER_BOUND ( 'NONE', #5425, .T. ) ;
#14 = EDGE_LOOP ( 'NONE', ( #3757, #5669, #1813, #5457 ) ) ;
#15 = CARTESIAN_POINT ( 'NONE',  ( 0.03152373492077419764, 3.398301222298695912, -2.691379327861899373 ) ) ;
#16 = UNCERTAINTY_MEASURE_WITH_UNIT (LENGTH_MEASURE( 1.000000000000000082E-05 ), #2380, 'distance_accuracy_value', 'NONE');
#17 = EDGE_CURVE ( 'NONE', #4508, #2569, #287, .T. ) ;
#18 = COLOUR_RGB ( '',1.000000000000000000, 0.6666666666666666297, 0.1843137254901960898 ) ;
#19 = CARTESIAN_POINT ( 'NONE',  ( 2.301523734920774000, -0.3516987777013036998, 2.555884316397765144 ) ) ;
#20 = FILL_AREA_STYLE_COLOUR ( '', #2818 ) ;
#21 = ORIENTED_EDGE ( 'NONE', *, *, #1808, .F. ) ;
#22 = VECTOR ( 'NONE', #32, 1000.000000000000000 ) ;
#23 = CARTESIAN_POINT ( 'NONE',  ( 0.3515237349207738782, -0.3516987777013036442, -2.862221659613599201 ) ) ;
#24 = ORIENTED_EDGE ( 'NONE', *, *, #4386, .F. ) ;
#25 = MECHANICAL_DESIGN_GEOMETRIC_PRESENTATION_REPRESENTATION (  '', ( #1658 ), #1937 ) ;
#26 = VERTEX_POINT ( 'NONE', #1663 ) ;
#27 = EDGE_CURVE ( 'NONE', #1169, #1337, #2038, .T. ) ;
#28 = VECTOR ( 'NONE', #3598, 1000.000000000000000 ) ;
#29 = EDGE_LOOP ( 'NONE', ( #3070, #1420, #4779, #1654 ) ) ;
#30 = FACE_BOUND ( 'NONE', #1590, .T. ) ;
#31 = CARTESIAN_POINT ( 'NONE',  ( 3.531523734920773983, -0.9033975554026076882, 12.16031652251692918 ) ) ;
#32 = DIRECTION ( 'NONE',  ( 1.387778780781444196E-16, -3.330669073875468142E-16, 1.000000000000000000 ) ) ;
#33 = COLOUR_RGB ( '',0.2980392156862745057, 0.2980392156862745057, 0.2980392156862745057 ) ;
#34 = VECTOR ( 'NONE', #1718, 1000.000000000000000 ) ;
#35 = CARTESIAN_POINT ( 'NONE',  ( -7.923015875855611222E-16, 0.000000000000000000, -9.500000000000001776 ) ) ;
#36 = CARTESIAN_POINT ( 'NONE',  ( 0.3515237349207738782, -0.3516987777013036442, 2.629463003889801698 ) ) ;
#37 = LINE ( 'NONE', #3551, #5642 ) ;
#38 = FILL_AREA_STYLE ('',( #2660 ) ) ;
#39 = LINE ( 'NONE', #508, #2315 ) ;
#40 = ORIENTED_EDGE ( 'NONE', *, *, #1137, .F. ) ;
#41 = PRESENTATION_LAYER_ASSIGNMENT (  '', '', ( #4369 ) ) ;
#42 = DIRECTION ( 'NONE',  ( 4.336808689942025625E-15, -1.000000000000000000, 0.000000000000000000 ) ) ;
#43 = FILL_AREA_STYLE_COLOUR ( '', #169 ) ;
#44 = LINE ( 'NONE', #4451, #4089 ) ;
#45 = VERTEX_POINT ( 'NONE', #341 ) ;
#46 = PRESENTATION_STYLE_ASSIGNMENT (( #2220 ) ) ;
#47 = FILL_AREA_STYLE_COLOUR ( '', #5214 ) ;
#48 = DIRECTION ( 'NONE',  ( 0.000000000000000000, 3.330669073875468142E-16, -1.000000000000000000 ) ) ;
#49 = ADVANCED_FACE ( 'NONE', ( #2098 ), #2176, .T. ) ;
#50 = VERTEX_POINT ( 'NONE', #1422 ) ;
#51 = CARTESIAN_POINT ( 'NONE',  ( 3.931523734920749469, -0.5016987777013022232, -3.841379327861930371 ) ) ;
#52 = VERTEX_POINT ( 'NONE', #5372 ) ;
#53 = ORIENTED_EDGE ( 'NONE', *, *, #4921, .F. ) ;
#54 = CARTESIAN_POINT ( 'NONE',  ( 0.3515237349207738782, -0.3516987777013036442, -2.862221659613599201 ) ) ;
#55 = CIRCLE ( 'NONE', #1237, 1.050000000000000488 ) ;
#56 = LINE ( 'NONE', #3245, #3275 ) ;
#57 = AXIS2_PLACEMENT_3D ( 'NONE', #2170, #785, #3942 ) ;
#58 = EDGE_CURVE ( 'NONE', #4541, #2023, #4861, .T. ) ;
#59 = ORIENTED_EDGE ( 'NONE', *, *, #4100, .T. ) ;
#60 = LINE ( 'NONE', #2679, #1645 ) ;
#61 =( BOUNDED_CURVE ( )  B_SPLINE_CURVE ( 3, ( #1756, #3524, #4846, #4075 ),
 .UNSPECIFIED., .F., .T. ) 
 B_SPLINE_CURVE_WITH_KNOTS ( ( 4, 4 ),
 ( 1.570796326794896558, 4.712388980384689674 ),
 .UNSPECIFIED. ) 
 CURVE ( )  GEOMETRIC_REPRESENTATION_ITEM ( )  RATIONAL_B_SPLINE_CURVE ( ( 1.000000000000000000, 0.3333333333333333703, 0.3333333333333333703, 1.000000000000000000 ) ) 
 REPRESENTATION_ITEM ( '' )  );
#62 = DIRECTION ( 'NONE',  ( 0.000000000000000000, -0.000000000000000000, 1.000000000000000000 ) ) ;
#63 = CARTESIAN_POINT ( 'NONE',  ( 1.281523734920774205, -0.3516987777013035887, 2.629463003889801698 ) ) ;
#64 =( NAMED_UNIT ( * ) PLANE_ANGLE_UNIT ( ) SI_UNIT ( $, .RADIAN. ) );
#65 = CARTESIAN_POINT ( 'NONE',  ( -0.6384762650792261685, -0.3516987777013035887, 2.629463003889801698 ) ) ;
#66 = EDGE_CURVE ( 'NONE', #1639, #1308, #3212, .T. ) ;
#67 = DIRECTION ( 'NONE',  ( 0.000000000000000000, 4.130293990420967418E-16, -1.000000000000000000 ) ) ;
#68 = CARTESIAN_POINT ( 'NONE',  ( -1.698476265079226222, -0.3516987777013036998, 2.555884316397765144 ) ) ;
#69 = AXIS2_PLACEMENT_3D ( 'NONE', #4164, #4650, #3292 ) ;
#70 = SURFACE_STYLE_FILL_AREA ( #4022 ) ;
#71 = CARTESIAN_POINT ( 'NONE',  ( 2.831523734920773361, -0.3903167934542849382, 4.781211482161561221 ) ) ;
#72 = COLOUR_RGB ( '',1.000000000000000000, 0.000000000000000000, 0.000000000000000000 ) ;
#73 = CARTESIAN_POINT ( 'NONE',  ( 2.081523734920774249, -0.3516987777013035887, -2.862221659613599201 ) ) ;
#74 = ORIENTED_EDGE ( 'NONE', *, *, #2329, .F. ) ;
#75 = PRESENTATION_STYLE_ASSIGNMENT (( #4396 ) ) ;
#76 = UNCERTAINTY_MEASURE_WITH_UNIT (LENGTH_MEASURE( 1.000000000000000082E-05 ), #2412, 'distance_accuracy_value', 'NONE');
#77 = VECTOR ( 'NONE', #1264, 1000.000000000000000 ) ;
#78 = CARTESIAN_POINT ( 'NONE',  ( 2.831523734920774249, 0.1961442447639596409, 7.800754617915893974 ) ) ;
#79 = EDGE_LOOP ( 'NONE', ( #5430, #3203, #3917, #388, #4177, #266, #381, #5281 ) ) ;
#80 = FILL_AREA_STYLE ('',( #3238 ) ) ;
#81 = ORIENTED_EDGE ( 'NONE', *, *, #3119, .T. ) ;
#82 = ORIENTED_EDGE ( 'NONE', *, *, #4206, .T. ) ;
#83 = CARTESIAN_POINT ( 'NONE',  ( -9.400000000000000355, -1.951698777701299292, -9.719999999999998863 ) ) ;
#84 =( NAMED_UNIT ( * ) SI_UNIT ( $, .STERADIAN. ) SOLID_ANGLE_UNIT ( ) );
#85 = VERTEX_POINT ( 'NONE', #4116 ) ;
#86 = DIRECTION ( 'NONE',  ( 1.000000000000000000, 0.000000000000000000, 0.000000000000000000 ) ) ;
#87 = CARTESIAN_POINT ( 'NONE',  ( -1.118476265079225929, -0.3516987777013036998, -2.788642972121563091 ) ) ;
#88 = PRESENTATION_LAYER_ASSIGNMENT (  '', '', ( #2833 ) ) ;
#89 = EDGE_CURVE ( 'NONE', #4475, #1442, #4969, .T. ) ;
#90 = FILL_AREA_STYLE ('',( #1289 ) ) ;
#91 = COLOUR_RGB ( '',0.8431372549019607865, 0.8156862745098039102, 0.7529411764705882248 ) ;
#92 = FACE_OUTER_BOUND ( 'NONE', #2217, .T. ) ;
#93 = PRESENTATION_STYLE_ASSIGNMENT (( #2796 ) ) ;
#94 = ADVANCED_FACE ( 'NONE', ( #969 ), #4940, .T. ) ;
#95 = SURFACE_STYLE_USAGE ( .BOTH. , #4044 ) ;
#96 = LINE ( 'NONE', #4983, #5149 ) ;
#97 = DIRECTION ( 'NONE',  ( 0.000000000000000000, -1.000000000000000000, -3.330669073875468635E-16 ) ) ;
#98 = DIRECTION ( 'NONE',  ( 0.000000000000000000, 0.7071067811865456854, 0.7071067811865493491 ) ) ;
#99 = CARTESIAN_POINT ( 'NONE',  ( -10.50000000000000000, -1.451698777701307064, 13.55000000000000782 ) ) ;
#100 = COLOUR_RGB ( '',1.000000000000000000, 0.6666666666666666297, 0.1843137254901960898 ) ;
#101 = CARTESIAN_POINT ( 'NONE',  ( 0.03152373492077385764, 3.948301222298694846, -2.691379327861899373 ) ) ;
#102 = VERTEX_POINT ( 'NONE', #1023 ) ;
#103 = CARTESIAN_POINT ( 'NONE',  ( -3.968476265079257548, 0.2483012222986963058, -3.941379327861930459 ) ) ;
#104 = EDGE_CURVE ( 'NONE', #4310, #1992, #498, .T. ) ;
#105 = ORIENTED_EDGE ( 'NONE', *, *, #4154, .T. ) ;
#106 = DIRECTION ( 'NONE',  ( 0.000000000000000000, 1.000000000000000000, 1.110223024625156540E-16 ) ) ;
#107 = VERTEX_POINT ( 'NONE', #1368 ) ;
#108 = EDGE_LOOP ( 'NONE', ( #4889, #786 ) ) ;
#109 = LINE ( 'NONE', #3566, #585 ) ;
#110 = AXIS2_PLACEMENT_3D ( 'NONE', #5303, #3517, #1235 ) ;
#111 = ORIENTED_EDGE ( 'NONE', *, *, #5467, .T. ) ;
#112 = CIRCLE ( 'NONE', #2960, 2.003124999999998934 ) ;
#113 = FACE_BOUND ( 'NONE', #4939, .T. ) ;
#114 = CARTESIAN_POINT ( 'NONE',  ( -8.699999999999999289, -0.5516987777013057093, 9.100000000000004974 ) ) ;
#115 = LINE ( 'NONE', #4489, #531 ) ;
#116 = STYLED_ITEM ( 'NONE', ( #1803 ), #5506 ) ;
#117 = CARTESIAN_POINT ( 'NONE',  ( 1.363478986950356076, -0.3516987777013036442, -3.291379327861898130 ) ) ;
#118 = EDGE_CURVE ( 'NONE', #1679, #1357, #3651, .T. ) ;
#119 = COLOUR_RGB ( '',0.2980392156862745057, 0.2980392156862745057, 0.2980392156862745057 ) ;
#120 = FILL_AREA_STYLE ('',( #168 ) ) ;
#121 = CARTESIAN_POINT ( 'NONE',  ( 1.601523734920773823, -0.3516987777013035887, -2.862221659613599201 ) ) ;
#122 = FACE_OUTER_BOUND ( 'NONE', #4741, .T. ) ;
#123 = AXIS2_PLACEMENT_3D ( 'NONE', #4817, #455, #2216 ) ;
#124 = DIRECTION ( 'NONE',  ( 0.000000000000000000, -4.130293990420967418E-16, 1.000000000000000000 ) ) ;
#125 = EDGE_CURVE ( 'NONE', #2287, #2543, #548, .T. ) ;
#126 = DIRECTION ( 'NONE',  ( -1.000000000000000000, 0.000000000000000000, 1.112002228190259966E-16 ) ) ;
#127 = LINE ( 'NONE', #3201, #3577 ) ;
#128 = STYLED_ITEM ( 'NONE', ( #1706 ), #3889 ) ;
#129 = CARTESIAN_POINT ( 'NONE',  ( 1.821523734920773574, -0.3516987777013035887, -2.862221659613599201 ) ) ;
#130 = VERTEX_POINT ( 'NONE', #1873 ) ;
#131 = LINE ( 'NONE', #1358, #943 ) ;
#132 = DIRECTION ( 'NONE',  ( 1.000000000000000000, -0.000000000000000000, 0.000000000000000000 ) ) ;
#133 = CARTESIAN_POINT ( 'NONE',  ( 1.601523734920773823, -0.3516987777013035887, 2.629463003889801698 ) ) ;
#134 = VERTEX_POINT ( 'NONE', #1900 ) ;
#135 = VERTEX_POINT ( 'NONE', #3678 ) ;
#136 = VERTEX_POINT ( 'NONE', #5395 ) ;
#137 = DIRECTION ( 'NONE',  ( -1.000000000000000000, 0.000000000000000000, 0.000000000000000000 ) ) ;
#138 = PLANE ( 'NONE',  #2533 ) ;
#139 = ORIENTED_EDGE ( 'NONE', *, *, #5196, .F. ) ;
#140 = MECHANICAL_DESIGN_GEOMETRIC_PRESENTATION_REPRESENTATION (  '', ( #1125 ), #1414 ) ;
#141 = EDGE_CURVE ( 'NONE', #134, #4475, #4030, .T. ) ;
#142 = VECTOR ( 'NONE', #2453, 1000.000000000000000 ) ;
#143 = PRESENTATION_LAYER_ASSIGNMENT (  '', '', ( #4377 ) ) ;
#144 = CARTESIAN_POINT ( 'NONE',  ( -1.918476265079225973, -0.3516987777013035887, -2.862221659613599201 ) ) ;
#145 =( LENGTH_UNIT ( ) NAMED_UNIT ( * ) SI_UNIT ( .MILLI., .METRE. ) );
#146 = CARTESIAN_POINT ( 'NONE',  ( 2.831523734920774693, -0.3763272458298356771, 4.315009138154978885 ) ) ;
#147 = ADVANCED_FACE ( 'NONE', ( #3794 ), #296, .T. ) ;
#148 = CARTESIAN_POINT ( 'NONE',  ( 1.021523734920773752, -0.3516987777013036998, 2.555884316397764700 ) ) ;
#149 = PLANE ( 'NONE',  #645 ) ;
#150 = CARTESIAN_POINT ( 'NONE',  ( -1.378476265079226160, -0.3516987777013035887, 2.629463003889801698 ) ) ;
#151 = LINE ( 'NONE', #2389, #2051 ) ;
#152 = ORIENTED_EDGE ( 'NONE', *, *, #4971, .F. ) ;
#153 =( NAMED_UNIT ( * ) PLANE_ANGLE_UNIT ( ) SI_UNIT ( $, .RADIAN. ) );
#154 = EDGE_CURVE ( 'NONE', #2543, #3640, #1822, .T. ) ;
#155 = CARTESIAN_POINT ( 'NONE',  ( -10.40000000000000036, -3.851698777701301424, -4.000000000000003553 ) ) ;
#156 = VERTEX_POINT ( 'NONE', #4596 ) ;
#157 = FILL_AREA_STYLE ('',( #5053 ) ) ;
#158 = ORIENTED_EDGE ( 'NONE', *, *, #3214, .F. ) ;
#159 = EDGE_LOOP ( 'NONE', ( #1417, #1703 ) ) ;
#160 = EDGE_CURVE ( 'NONE', #676, #5059, #716, .T. ) ;
#161 =( NAMED_UNIT ( * ) PLANE_ANGLE_UNIT ( ) SI_UNIT ( $, .RADIAN. ) );
#162 = CYLINDRICAL_SURFACE ( 'NONE', #178, 0.5000000000000004441 ) ;
#163 = VERTEX_POINT ( 'NONE', #4659 ) ;
#164 = LINE ( 'NONE', #3249, #5404 ) ;
#165 = SURFACE_STYLE_FILL_AREA ( #3954 ) ;
#166 = PRESENTATION_LAYER_ASSIGNMENT (  '', '', ( #4947 ) ) ;
#167 = CARTESIAN_POINT ( 'NONE',  ( 3.831523734920773805, 0.3966024445973921342, 12.31031652251693131 ) ) ;
#168 = FILL_AREA_STYLE_COLOUR ( '', #1475 ) ;
#169 = COLOUR_RGB ( '',0.2980392156862745057, 0.2980392156862745057, 0.2980392156862745057 ) ;
#170 = CARTESIAN_POINT ( 'NONE',  ( 0.03152373492077385764, 4.398301222298695023, 0.05862067213810127214 ) ) ;
#171 =( BOUNDED_CURVE ( )  B_SPLINE_CURVE ( 3, ( #4891, #3160, #2286, #2261 ),
 .UNSPECIFIED., .F., .T. ) 
 B_SPLINE_CURVE_WITH_KNOTS ( ( 4, 4 ),
 ( 1.570796326794896558, 4.712388980384689674 ),
 .UNSPECIFIED. ) 
 CURVE ( )  GEOMETRIC_REPRESENTATION_ITEM ( )  RATIONAL_B_SPLINE_CURVE ( ( 1.000000000000000000, 0.3333333333333333703, 0.3333333333333333703, 1.000000000000000000 ) ) 
 REPRESENTATION_ITEM ( '' )  );
#172 = DIRECTION ( 'NONE',  ( 0.000000000000000000, 0.000000000000000000, -1.000000000000000000 ) ) ;
#173 = DIRECTION ( 'NONE',  ( 0.000000000000000000, -1.000000000000000000, -0.000000000000000000 ) ) ;
#174 = CARTESIAN_POINT ( 'NONE',  ( -10.40000000000000213, -1.451698777701299514, -9.499999999999998224 ) ) ;
#175 = CARTESIAN_POINT ( 'NONE',  ( 12.50000000000001599, -1.451698777701299514, -9.500000000000001776 ) ) ;
#176 = ORIENTED_EDGE ( 'NONE', *, *, #3130, .F. ) ;
#177 = PLANE ( 'NONE',  #2743 ) ;
#178 = AXIS2_PLACEMENT_3D ( 'NONE', #5085, #215, #1160 ) ;
#179 =( LENGTH_UNIT ( ) NAMED_UNIT ( * ) SI_UNIT ( .MILLI., .METRE. ) );
#180 = VERTEX_POINT ( 'NONE', #1053 ) ;
#181 = SURFACE_STYLE_USAGE ( .BOTH. , #1466 ) ;
#182 = CARTESIAN_POINT ( 'NONE',  ( 1.501523734920773512, -0.3516987777013035887, -2.862221659613599201 ) ) ;
#183 = EDGE_CURVE ( 'NONE', #3681, #3509, #2088, .T. ) ;
#184 = VECTOR ( 'NONE', #4600, 1000.000000000000000 ) ;
#185 = EDGE_LOOP ( 'NONE', ( #807, #3042, #1682, #494 ) ) ;
#186 = FILL_AREA_STYLE ('',( #3765 ) ) ;
#187 = SURFACE_STYLE_FILL_AREA ( #633 ) ;
#188 = PRESENTATION_LAYER_ASSIGNMENT (  '', '', ( #3690 ) ) ;
#189 = VECTOR ( 'NONE', #2429, 1000.000000000000000 ) ;
#190 = LINE ( 'NONE', #3825, #3636 ) ;
#191 = ORIENTED_EDGE ( 'NONE', *, *, #4224, .F. ) ;
#192 = FACE_BOUND ( 'NONE', #1163, .T. ) ;
#193 = DIRECTION ( 'NONE',  ( 0.8660254037844397068, 0.000000000000000000, 0.4999999999999979461 ) ) ;
#194 = VECTOR ( 'NONE', #4410, 1000.000000000000000 ) ;
#195 =( NAMED_UNIT ( * ) PLANE_ANGLE_UNIT ( ) SI_UNIT ( $, .RADIAN. ) );
#196 = VECTOR ( 'NONE', #2169, 1000.000000000000000 ) ;
#197 = EDGE_CURVE ( 'NONE', #1841, #3240, #1716, .T. ) ;
#198 = PRESENTATION_STYLE_ASSIGNMENT (( #4605 ) ) ;
#199 = VECTOR ( 'NONE', #4208, 1000.000000000000114 ) ;
#200 =( BOUNDED_CURVE ( )  B_SPLINE_CURVE ( 3, ( #5557, #2064, #3836, #2908 ),
 .UNSPECIFIED., .F., .T. ) 
 B_SPLINE_CURVE_WITH_KNOTS ( ( 4, 4 ),
 ( 1.570796326794896558, 4.712388980384689674 ),
 .UNSPECIFIED. ) 
 CURVE ( )  GEOMETRIC_REPRESENTATION_ITEM ( )  RATIONAL_B_SPLINE_CURVE ( ( 1.000000000000000000, 0.3333333333333333703, 0.3333333333333333703, 1.000000000000000000 ) ) 
 REPRESENTATION_ITEM ( '' )  );
#201 = STYLED_ITEM ( 'NONE', ( #75 ), #290 ) ;
#202 = CARTESIAN_POINT ( 'NONE',  ( 0.03152373492077422540, 3.398301222298695912, 3.058620672138101515 ) ) ;
#203 = DIRECTION ( 'NONE',  ( 0.000000000000000000, 1.000000000000000000, 1.110223024625156540E-16 ) ) ;
#204 = CARTESIAN_POINT ( 'NONE',  ( 3.331523734920773805, 0.3966024445973921342, 7.810316522516931315 ) ) ;
#205 = CARTESIAN_POINT ( 'NONE',  ( 0.03152373492077385764, 3.598301222298696089, 0.05862067213810127214 ) ) ;
#206 = ORIENTED_EDGE ( 'NONE', *, *, #2523, .F. ) ;
#207 = STYLED_ITEM ( 'NONE', ( #3760 ), #4603 ) ;
#208 = CARTESIAN_POINT ( 'NONE',  ( 12.50000000000001599, -1.451698777701299514, -9.500000000000001776 ) ) ;
#209 = DIRECTION ( 'NONE',  ( -1.000000000000000000, -0.000000000000000000, -0.000000000000000000 ) ) ;
#210 = SURFACE_STYLE_FILL_AREA ( #4168 ) ;
#211 = VERTEX_POINT ( 'NONE', #2374 ) ;
#212 = CARTESIAN_POINT ( 'NONE',  ( -1.918476265079225973, -0.3516987777013035887, -2.862221659613599201 ) ) ;
#213 = ORIENTED_EDGE ( 'NONE', *, *, #1868, .T. ) ;
#214 = CARTESIAN_POINT ( 'NONE',  ( 1.601523734920773823, -0.3516987777013035887, 2.629463003889801698 ) ) ;
#215 = DIRECTION ( 'NONE',  ( 0.000000000000000000, -1.000000000000000000, -0.000000000000000000 ) ) ;
#216 = PRESENTATION_LAYER_ASSIGNMENT (  '', '', ( #2046 ) ) ;
#217 = SURFACE_STYLE_USAGE ( .BOTH. , #692 ) ;
#218 = EDGE_CURVE ( 'NONE', #3949, #3738, #662, .T. ) ;
#219 = ORIENTED_EDGE ( 'NONE', *, *, #4073, .F. ) ;
#220 = PRESENTATION_STYLE_ASSIGNMENT (( #4120 ) ) ;
#221 = MECHANICAL_DESIGN_GEOMETRIC_PRESENTATION_REPRESENTATION (  '', ( #2148 ), #668 ) ;
#222 = ORIENTED_EDGE ( 'NONE', *, *, #1833, .F. ) ;
#223 = PRESENTATION_LAYER_ASSIGNMENT (  '', '', ( #5193 ) ) ;
#224 = EDGE_CURVE ( 'NONE', #2192, #2788, #2934, .T. ) ;
#225 = VECTOR ( 'NONE', #3325, 1000.000000000000000 ) ;
#226 = CARTESIAN_POINT ( 'NONE',  ( -6.822025473172293041E-33, -0.5016987777013026673, -5.579791188624335914E-17 ) ) ;
#227 =( NAMED_UNIT ( * ) PLANE_ANGLE_UNIT ( ) SI_UNIT ( $, .RADIAN. ) );
#228 = ADVANCED_FACE ( 'NONE', ( #4143, #1132 ), #5056, .T. ) ;
#229 = MECHANICAL_DESIGN_GEOMETRIC_PRESENTATION_REPRESENTATION (  '', ( #4377 ), #2244 ) ;
#230 = CARTESIAN_POINT ( 'NONE',  ( -1.118476265079225929, -0.3516987777013035887, -2.862221659613599201 ) ) ;
#231 = CARTESIAN_POINT ( 'NONE',  ( 0.03152373492077385764, 3.198301222298698399, 0.05862067213810127214 ) ) ;
#232 = LINE ( 'NONE', #1092, #2120 ) ;
#233 = DIRECTION ( 'NONE',  ( -1.000000000000000000, 0.000000000000000000, 3.469446951953611033E-15 ) ) ;
#234 = DIRECTION ( 'NONE',  ( -0.000000000000000000, -1.000000000000000000, -1.110223024625156540E-16 ) ) ;
#235 = ORIENTED_EDGE ( 'NONE', *, *, #495, .F. ) ;
#236 = DIRECTION ( 'NONE',  ( 1.000000000000000000, 0.000000000000000000, 0.000000000000000000 ) ) ;
#237 = EDGE_CURVE ( 'NONE', #241, #5023, #437, .T. ) ;
#238 = DIRECTION ( 'NONE',  ( -1.000000000000000000, 0.000000000000000000, 0.000000000000000000 ) ) ;
#239 =( NAMED_UNIT ( * ) PLANE_ANGLE_UNIT ( ) SI_UNIT ( $, .RADIAN. ) );
#240 = FACE_OUTER_BOUND ( 'NONE', #185, .T. ) ;
#241 = VERTEX_POINT ( 'NONE', #353 ) ;
#242 = SURFACE_SIDE_STYLE ('',( #4623 ) ) ;
#243 = EDGE_LOOP ( 'NONE', ( #715, #4723, #2004, #5081, #301 ) ) ;
#244 = UNCERTAINTY_MEASURE_WITH_UNIT (LENGTH_MEASURE( 1.000000000000000082E-05 ), #2297, 'distance_accuracy_value', 'NONE');
#245 = VERTEX_POINT ( 'NONE', #1612 ) ;
#246 = PLANE ( 'NONE',  #1457 ) ;
#247 = DIRECTION ( 'NONE',  ( 0.000000000000000000, 0.000000000000000000, 1.000000000000000000 ) ) ;
#248 =( GEOMETRIC_REPRESENTATION_CONTEXT ( 3 ) GLOBAL_UNCERTAINTY_ASSIGNED_CONTEXT ( ( #4281 ) ) GLOBAL_UNIT_ASSIGNED_CONTEXT ( ( #1412, #438, #2306 ) ) REPRESENTATION_CONTEXT ( 'NONE', 'WORKASPACE' ) );
#249 = VERTEX_POINT ( 'NONE', #3384 ) ;
#250 = EDGE_CURVE ( 'NONE', #2620, #2394, #4280, .T. ) ;
#251 = DIRECTION ( 'NONE',  ( -0.000000000000000000, 0.000000000000000000, 1.000000000000000000 ) ) ;
#252 = CARTESIAN_POINT ( 'NONE',  ( -1.538476265079226302, -0.3516987777013035887, 2.629463003889801698 ) ) ;
#253 = EDGE_CURVE ( 'NONE', #3126, #5605, #4122, .T. ) ;
#254 = CARTESIAN_POINT ( 'NONE',  ( 3.931523734920750357, -0.5016987777013031113, 3.958620672138076557 ) ) ;
#255 = STYLED_ITEM ( 'NONE', ( #1819 ), #1177 ) ;
#256 = FILL_AREA_STYLE ('',( #3372 ) ) ;
#257 = FACE_OUTER_BOUND ( 'NONE', #2053, .T. ) ;
#258 = CARTESIAN_POINT ( 'NONE',  ( 0.3515237349207738782, -0.3516987777013036442, 2.629463003889801698 ) ) ;
#259 = CARTESIAN_POINT ( 'NONE',  ( 10.50000000000000000, -0.5516987777013027117, 1.050000000000003819 ) ) ;
#260 = EDGE_CURVE ( 'NONE', #361, #4888, #5661, .T. ) ;
#261 = ORIENTED_EDGE ( 'NONE', *, *, #701, .F. ) ;
#262 = CARTESIAN_POINT ( 'NONE',  ( 1.021523734920773752, -0.3516987777013035887, -2.862221659613599201 ) ) ;
#263 = LINE ( 'NONE', #2334, #509 ) ;
#264 = LINE ( 'NONE', #4619, #4699 ) ;
#265 = CARTESIAN_POINT ( 'NONE',  ( 0.03152373492077398254, 4.398301222298695023, -0.9413793278618988181 ) ) ;
#266 = ORIENTED_EDGE ( 'NONE', *, *, #89, .T. ) ;
#267 = SURFACE_STYLE_FILL_AREA ( #4219 ) ;
#268 = LINE ( 'NONE', #3442, #4009 ) ;
#269 = EDGE_CURVE ( 'NONE', #2587, #2620, #3880, .T. ) ;
#270 = VERTEX_POINT ( 'NONE', #5138 ) ;
#271 = SURFACE_STYLE_FILL_AREA ( #1561 ) ;
#272 = VECTOR ( 'NONE', #2460, 1000.000000000000000 ) ;
#273 =( GEOMETRIC_REPRESENTATION_CONTEXT ( 3 ) GLOBAL_UNCERTAINTY_ASSIGNED_CONTEXT ( ( #2558 ) ) GLOBAL_UNIT_ASSIGNED_CONTEXT ( ( #3027, #399, #3812 ) ) REPRESENTATION_CONTEXT ( 'NONE', 'WORKASPACE' ) );
#274 = VERTEX_POINT ( 'NONE', #1674 ) ;
#275 = MECHANICAL_DESIGN_GEOMETRIC_PRESENTATION_REPRESENTATION (  '', ( #919 ), #532 ) ;
#276 = ORIENTED_EDGE ( 'NONE', *, *, #944, .T. ) ;
#277 = AXIS2_PLACEMENT_3D ( 'NONE', #1838, #2784, #3644 ) ;
#278 = CARTESIAN_POINT ( 'NONE',  ( 10.40000000000000036, -3.851698777701301424, -4.000000000000000888 ) ) ;
#279 = FILL_AREA_STYLE_COLOUR ( '', #4441 ) ;
#280 = CARTESIAN_POINT ( 'NONE',  ( -0.2584762650792261085, -0.3516987777013036998, 2.555884316397764700 ) ) ;
#281 = ADVANCED_FACE ( 'NONE', ( #845 ), #2608, .T. ) ;
#282 = LINE ( 'NONE', #1569, #4522 ) ;
#283 = VECTOR ( 'NONE', #2992, 1000.000000000000000 ) ;
#284 = PLANE ( 'NONE',  #3695 ) ;
#285 = CARTESIAN_POINT ( 'NONE',  ( -0.6384762650792259464, -0.3516987777013036998, 2.555884316397765144 ) ) ;
#286 =( LENGTH_UNIT ( ) NAMED_UNIT ( * ) SI_UNIT ( .MILLI., .METRE. ) );
#287 = LINE ( 'NONE', #4295, #4963 ) ;
#288 = CARTESIAN_POINT ( 'NONE',  ( 0.3515237349207738782, -0.3516987777013036442, 2.629463003889801698 ) ) ;
#289 = AXIS2_PLACEMENT_3D ( 'NONE', #3103, #3511, #420 ) ;
#290 = ADVANCED_FACE ( 'NONE', ( #4367 ), #2168, .F. ) ;
#291 = ORIENTED_EDGE ( 'NONE', *, *, #2806, .F. ) ;
#292 = SURFACE_SIDE_STYLE ('',( #267 ) ) ;
#293 =( NAMED_UNIT ( * ) PLANE_ANGLE_UNIT ( ) SI_UNIT ( $, .RADIAN. ) );
#294 = AXIS2_PLACEMENT_3D ( 'NONE', #2013, #5656, #1635 ) ;
#295 = ORIENTED_EDGE ( 'NONE', *, *, #5090, .T. ) ;
#296 = PLANE ( 'NONE',  #818 ) ;
#297 = UNCERTAINTY_MEASURE_WITH_UNIT (LENGTH_MEASURE( 1.000000000000000082E-05 ), #2022, 'distance_accuracy_value', 'NONE');
#298 = CARTESIAN_POINT ( 'NONE',  ( -0.3184762650792260508, -0.3516987777013035887, 2.629463003889801698 ) ) ;
#299 = CARTESIAN_POINT ( 'NONE',  ( 0.4815237349207739381, -0.3516987777013035887, -2.862221659613599201 ) ) ;
#300 = CIRCLE ( 'NONE', #3804, 2.750000000000001332 ) ;
#301 = ORIENTED_EDGE ( 'NONE', *, *, #2468, .T. ) ;
#302 = DIRECTION ( 'NONE',  ( 5.782411586589354681E-16, 3.330669073875468635E-16, -1.000000000000000000 ) ) ;
#303 = VERTEX_POINT ( 'NONE', #4932 ) ;
#304 = ORIENTED_EDGE ( 'NONE', *, *, #3222, .T. ) ;
#305 = COLOUR_RGB ( '',1.000000000000000000, 0.000000000000000000, 0.000000000000000000 ) ;
#306 = MECHANICAL_DESIGN_GEOMETRIC_PRESENTATION_REPRESENTATION (  '', ( #1229 ), #398 ) ;
#307 = SURFACE_STYLE_FILL_AREA ( #3394 ) ;
#308 = SURFACE_STYLE_USAGE ( .BOTH. , #2383 ) ;
#309 = COLOUR_RGB ( '',0.8431372549019607865, 0.6549019607843137303, 0.000000000000000000 ) ;
#310 = CARTESIAN_POINT ( 'NONE',  ( -0.3184762650792260508, -0.3516987777013036998, 2.555884316397764700 ) ) ;
#311 = CARTESIAN_POINT ( 'NONE',  ( 0.03152373492077385764, 3.598301222298696089, 0.05862067213810127214 ) ) ;
#312 = DIRECTION ( 'NONE',  ( -1.084202172485504434E-16, 0.000000000000000000, -1.000000000000000000 ) ) ;
#313 = CARTESIAN_POINT ( 'NONE',  ( 2.461523734920773698, -0.3516987777013035887, -2.862221659613599201 ) ) ;
#314 = FILL_AREA_STYLE ('',( #3869 ) ) ;
#315 = ORIENTED_EDGE ( 'NONE', *, *, #2689, .T. ) ;
#316 = LINE ( 'NONE', #5593, #5544 ) ;
#317 = EDGE_CURVE ( 'NONE', #405, #2925, #131, .T. ) ;
#318 = DIRECTION ( 'NONE',  ( 0.000000000000000000, 1.000000000000000000, 1.110223024625156540E-16 ) ) ;
#319 = SURFACE_STYLE_USAGE ( .BOTH. , #3461 ) ;
#320 = VECTOR ( 'NONE', #3883, 1000.000000000000000 ) ;
#321 = PLANE ( 'NONE',  #2830 ) ;
#322 = ORIENTED_EDGE ( 'NONE', *, *, #396, .T. ) ;
#323 =( NAMED_UNIT ( * ) PLANE_ANGLE_UNIT ( ) SI_UNIT ( $, .RADIAN. ) );
#324 =( BOUNDED_CURVE ( )  B_SPLINE_CURVE ( 3, ( #2832, #4583, #285, #1514 ),
 .UNSPECIFIED., .F., .T. ) 
 B_SPLINE_CURVE_WITH_KNOTS ( ( 4, 4 ),
 ( 1.570796326794896558, 4.712388980384689674 ),
 .UNSPECIFIED. ) 
 CURVE ( )  GEOMETRIC_REPRESENTATION_ITEM ( )  RATIONAL_B_SPLINE_CURVE ( ( 1.000000000000000000, 0.3333333333333333703, 0.3333333333333333703, 1.000000000000000000 ) ) 
 REPRESENTATION_ITEM ( '' )  );
#325 = EDGE_LOOP ( 'NONE', ( #2754, #3446, #1052, #2084 ) ) ;
#326 = DIRECTION ( 'NONE',  ( 0.000000000000000000, 3.330669073875469128E-16, -1.000000000000000000 ) ) ;
#327 = EDGE_CURVE ( 'NONE', #1564, #5363, #4052, .T. ) ;
#328 = CARTESIAN_POINT ( 'NONE',  ( 2.781523734920773538, -0.3516987777013036998, 2.555884316397765144 ) ) ;
#329 = DIRECTION ( 'NONE',  ( -1.000000000000000000, -0.000000000000000000, -0.000000000000000000 ) ) ;
#330 = EDGE_LOOP ( 'NONE', ( #3764, #2875 ) ) ;
#331 = CARTESIAN_POINT ( 'NONE',  ( -1.598476265079226133, -0.3516987777013035887, 2.629463003889801698 ) ) ;
#332 = DIRECTION ( 'NONE',  ( -1.000000000000000000, 0.000000000000000000, 8.340016711426957754E-17 ) ) ;
#333 = VERTEX_POINT ( 'NONE', #15 ) ;
#334 = ORIENTED_EDGE ( 'NONE', *, *, #2632, .F. ) ;
#335 = LINE ( 'NONE', #5123, #4156 ) ;
#336 = STYLED_ITEM ( 'NONE', ( #2780 ), #363 ) ;
#337 = FACE_OUTER_BOUND ( 'NONE', #4146, .T. ) ;
#338 = COLOUR_RGB ( '',0.4313725490196078649, 0.4980392156862745168, 0.4313725490196078649 ) ;
#339 = STYLED_ITEM ( 'NONE', ( #3790 ), #1248 ) ;
#340 = PLANE ( 'NONE',  #5560 ) ;
#341 = CARTESIAN_POINT ( 'NONE',  ( -12.50000000000000000, -0.5516987777012994920, -9.499999999999998224 ) ) ;
#342 = DIRECTION ( 'NONE',  ( 0.6123724356957953585, -0.7071067811865474617, -0.3535533905932723431 ) ) ;
#343 = CARTESIAN_POINT ( 'NONE',  ( -3.968476265079226906, -0.5516987777013035998, -3.941379327861898485 ) ) ;
#344 = MECHANICAL_DESIGN_GEOMETRIC_PRESENTATION_REPRESENTATION (  '', ( #2750 ), #1535 ) ;
#345 = CARTESIAN_POINT ( 'NONE',  ( 10.50000000000000000, -1.451698777701303067, 1.050000000000003819 ) ) ;
#346 = DIRECTION ( 'NONE',  ( -0.000000000000000000, 0.000000000000000000, 1.000000000000000000 ) ) ;
#347 = DIRECTION ( 'NONE',  ( 0.000000000000000000, 0.000000000000000000, -1.000000000000000000 ) ) ;
#348 =( GEOMETRIC_REPRESENTATION_CONTEXT ( 3 ) GLOBAL_UNCERTAINTY_ASSIGNED_CONTEXT ( ( #16 ) ) GLOBAL_UNIT_ASSIGNED_CONTEXT ( ( #2380, #1447, #1427 ) ) REPRESENTATION_CONTEXT ( 'NONE', 'WORKASPACE' ) );
#349 = ORIENTED_EDGE ( 'NONE', *, *, #5610, .F. ) ;
#350 = CARTESIAN_POINT ( 'NONE',  ( -2.768476265079226728, -0.3516987777013036442, 4.058620672138077090 ) ) ;
#351 = FACE_OUTER_BOUND ( 'NONE', #29, .T. ) ;
#352 = EDGE_LOOP ( 'NONE', ( #2026, #4279, #5386, #693 ) ) ;
#353 = CARTESIAN_POINT ( 'NONE',  ( 10.40000000000000036, -3.851698777701299647, -9.500000000000003553 ) ) ;
#354 = UNCERTAINTY_MEASURE_WITH_UNIT (LENGTH_MEASURE( 1.000000000000000082E-05 ), #3501, 'distance_accuracy_value', 'NONE');
#355 = VECTOR ( 'NONE', #4985, 1000.000000000000000 ) ;
#356 =( NAMED_UNIT ( * ) SI_UNIT ( $, .STERADIAN. ) SOLID_ANGLE_UNIT ( ) );
#357 = EDGE_CURVE ( 'NONE', #1393, #2929, #5338, .T. ) ;
#358 = ORIENTED_EDGE ( 'NONE', *, *, #3287, .T. ) ;
#359 = SURFACE_SIDE_STYLE ('',( #5144 ) ) ;
#360 = ORIENTED_EDGE ( 'NONE', *, *, #2262, .T. ) ;
#361 = VERTEX_POINT ( 'NONE', #1791 ) ;
#362 = VECTOR ( 'NONE', #2775, 1000.000000000000000 ) ;
#363 = ADVANCED_FACE ( 'NONE', ( #2666 ), #5387, .F. ) ;
#364 = CARTESIAN_POINT ( 'NONE',  ( 9.400000000000000355, -1.951698777701299292, -9.500000000000001776 ) ) ;
#365 = PRESENTATION_LAYER_ASSIGNMENT (  '', '', ( #3041 ) ) ;
#366 = CARTESIAN_POINT ( 'NONE',  ( -2.350046125486426885, 3.948301222298694846, 1.433620672138113061 ) ) ;
#367 = CARTESIAN_POINT ( 'NONE',  ( -3.268476265079226284, 0.09660244459739220080, 7.810316522516930426 ) ) ;
#368 = CARTESIAN_POINT ( 'NONE',  ( 0.03152373492077385764, 4.023301222298695912, 0.05862067213810127214 ) ) ;
#369 = DIRECTION ( 'NONE',  ( 1.000000000000000000, 0.000000000000000000, 0.000000000000000000 ) ) ;
#370 = EDGE_LOOP ( 'NONE', ( #4061, #5671 ) ) ;
#371 = SURFACE_STYLE_USAGE ( .BOTH. , #4735 ) ;
#372 = VECTOR ( 'NONE', #1341, 1000.000000000000000 ) ;
#373 = CARTESIAN_POINT ( 'NONE',  ( 10.40000000000000036, -1.451698777701299514, -9.600000000000001421 ) ) ;
#374 = SURFACE_STYLE_FILL_AREA ( #4308 ) ;
#375 = EDGE_LOOP ( 'NONE', ( #2458, #3066, #360, #966 ) ) ;
#376 = VERTEX_POINT ( 'NONE', #901 ) ;
#377 = DIRECTION ( 'NONE',  ( -1.000000000000000000, -0.000000000000000000, 1.668003342285391551E-16 ) ) ;
#378 = AXIS2_PLACEMENT_3D ( 'NONE', #311, #5100, #2965 ) ;
#379 = CARTESIAN_POINT ( 'NONE',  ( -3.468476265079226017, -0.9033975554026072441, 8.460316522516931670 ) ) ;
#380 = DIRECTION ( 'NONE',  ( 0.000000000000000000, 1.000000000000000000, 1.110223024625156540E-16 ) ) ;
#381 = ORIENTED_EDGE ( 'NONE', *, *, #2272, .T. ) ;
#382 = AXIS2_PLACEMENT_3D ( 'NONE', #3802, #1175, #3340 ) ;
#383 = CARTESIAN_POINT ( 'NONE',  ( -1.099927705371577913, -0.3516987777013036442, -3.291379327861898130 ) ) ;
#384 = ORIENTED_EDGE ( 'NONE', *, *, #3355, .T. ) ;
#385 = EDGE_LOOP ( 'NONE', ( #4374, #5696, #2844, #2887 ) ) ;
#386 = EDGE_CURVE ( 'NONE', #3947, #3555, #2250, .T. ) ;
#387 =( GEOMETRIC_REPRESENTATION_CONTEXT ( 3 ) GLOBAL_UNCERTAINTY_ASSIGNED_CONTEXT ( ( #1558 ) ) GLOBAL_UNIT_ASSIGNED_CONTEXT ( ( #179, #2338, #1552 ) ) REPRESENTATION_CONTEXT ( 'NONE', 'WORKASPACE' ) );
#388 = ORIENTED_EDGE ( 'NONE', *, *, #2731, .T. ) ;
#389 = FACE_BOUND ( 'NONE', #108, .T. ) ;
#390 = MECHANICAL_DESIGN_GEOMETRIC_PRESENTATION_REPRESENTATION (  '', ( #5194 ), #4464 ) ;
#391 = CARTESIAN_POINT ( 'NONE',  ( 1.981523734920773938, -0.3516987777013036998, -2.788642972121563091 ) ) ;
#392 = LINE ( 'NONE', #3951, #22 ) ;
#393 = VERTEX_POINT ( 'NONE', #4080 ) ;
#394 = ADVANCED_FACE ( 'NONE', ( #1761 ), #5287, .F. ) ;
#395 = MECHANICAL_DESIGN_GEOMETRIC_PRESENTATION_REPRESENTATION (  '', ( #4182 ), #5278 ) ;
#396 = EDGE_CURVE ( 'NONE', #2394, #376, #682, .T. ) ;
#397 = DIRECTION ( 'NONE',  ( 1.000000000000000000, 4.814824860968087881E-31, -1.387778780781444443E-16 ) ) ;
#398 =( GEOMETRIC_REPRESENTATION_CONTEXT ( 3 ) GLOBAL_UNCERTAINTY_ASSIGNED_CONTEXT ( ( #753 ) ) GLOBAL_UNIT_ASSIGNED_CONTEXT ( ( #5251, #1726, #1298 ) ) REPRESENTATION_CONTEXT ( 'NONE', 'WORKASPACE' ) );
#399 =( NAMED_UNIT ( * ) PLANE_ANGLE_UNIT ( ) SI_UNIT ( $, .RADIAN. ) );
#400 = CARTESIAN_POINT ( 'NONE',  ( 9.400000000000000355, -3.051698777701299381, -9.500000000000000000 ) ) ;
#401 = FILL_AREA_STYLE_COLOUR ( '', #5238 ) ;
#402 = VECTOR ( 'NONE', #3080, 1000.000000000000000 ) ;
#403 = CIRCLE ( 'NONE', #3919, 2.750000000000000444 ) ;
#404 = DIRECTION ( 'NONE',  ( -1.000000000000000000, 0.000000000000000000, 0.000000000000000000 ) ) ;
#405 = VERTEX_POINT ( 'NONE', #1045 ) ;
#406 = LINE ( 'NONE', #2163, #4270 ) ;
#407 = SURFACE_STYLE_USAGE ( .BOTH. , #1789 ) ;
#408 = FILL_AREA_STYLE ('',( #3583 ) ) ;
#409 = ORIENTED_EDGE ( 'NONE', *, *, #2581, .F. ) ;
#410 = UNCERTAINTY_MEASURE_WITH_UNIT (LENGTH_MEASURE( 1.000000000000000082E-05 ), #2422, 'distance_accuracy_value', 'NONE');
#411 = ADVANCED_FACE ( 'NONE', ( #3783 ), #1490, .T. ) ;
#412 = LINE ( 'NONE', #4794, #1192 ) ;
#413 = ORIENTED_EDGE ( 'NONE', *, *, #1589, .F. ) ;
#414 = CARTESIAN_POINT ( 'NONE',  ( 2.831523734920774249, 0.09660244459739220080, 7.810316522516929538 ) ) ;
#415 = VERTEX_POINT ( 'NONE', #262 ) ;
#416 = ORIENTED_EDGE ( 'NONE', *, *, #1099, .F. ) ;
#417 = DIRECTION ( 'NONE',  ( 1.314184451497581259E-16, 0.000000000000000000, -1.000000000000000000 ) ) ;
#418 = VERTEX_POINT ( 'NONE', #5018 ) ;
#419 = DIRECTION ( 'NONE',  ( 0.000000000000000000, 0.000000000000000000, -1.000000000000000000 ) ) ;
#420 = DIRECTION ( 'NONE',  ( 0.000000000000000000, 0.000000000000000000, 1.000000000000000000 ) ) ;
#421 = EDGE_CURVE ( 'NONE', #2577, #1584, #2691, .T. ) ;
#422 =( NAMED_UNIT ( * ) PLANE_ANGLE_UNIT ( ) SI_UNIT ( $, .RADIAN. ) );
#423 =( LENGTH_UNIT ( ) NAMED_UNIT ( * ) SI_UNIT ( .MILLI., .METRE. ) );
#424 = ADVANCED_FACE ( 'NONE', ( #1978 ), #1072, .F. ) ;
#425 =( NAMED_UNIT ( * ) SI_UNIT ( $, .STERADIAN. ) SOLID_ANGLE_UNIT ( ) );
#426 = SURFACE_SIDE_STYLE ('',( #5243 ) ) ;
#427 = FACE_OUTER_BOUND ( 'NONE', #752, .T. ) ;
#428 = STYLED_ITEM ( 'NONE', ( #2223 ), #1804 ) ;
#429 = DIRECTION ( 'NONE',  ( 0.000000000000000000, 3.330669073875468635E-16, -1.000000000000000000 ) ) ;
#430 =( LENGTH_UNIT ( ) NAMED_UNIT ( * ) SI_UNIT ( .MILLI., .METRE. ) );
#431 = VECTOR ( 'NONE', #3872, 1000.000000000000000 ) ;
#432 =( LENGTH_UNIT ( ) NAMED_UNIT ( * ) SI_UNIT ( .MILLI., .METRE. ) );
#433 = DIRECTION ( 'NONE',  ( -1.000000000000000000, -0.000000000000000000, -0.000000000000000000 ) ) ;
#434 = ORIENTED_EDGE ( 'NONE', *, *, #3387, .F. ) ;
#435 = CARTESIAN_POINT ( 'NONE',  ( -0.7384762650792262573, -0.3516987777013035887, 2.629463003889801698 ) ) ;
#436 = ORIENTED_EDGE ( 'NONE', *, *, #2267, .F. ) ;
#437 = LINE ( 'NONE', #4715, #2390 ) ;
#438 =( NAMED_UNIT ( * ) PLANE_ANGLE_UNIT ( ) SI_UNIT ( $, .RADIAN. ) );
#439 = CARTESIAN_POINT ( 'NONE',  ( -3.968476265079257548, -0.3516987777013036442, -3.941379327861930459 ) ) ;
#440 = VERTEX_POINT ( 'NONE', #4357 ) ;
#441 = CARTESIAN_POINT ( 'NONE',  ( 0.3515237349207738782, -0.3516987777013036442, 2.629463003889801698 ) ) ;
#442 = ORIENTED_EDGE ( 'NONE', *, *, #4950, .T. ) ;
#443 = EDGE_LOOP ( 'NONE', ( #3817, #3356, #500, #436, #788, #3048, #2949, #819 ) ) ;
#444 = CYLINDRICAL_SURFACE ( 'NONE', #2530, 0.5000000000000004441 ) ;
#445 = ORIENTED_EDGE ( 'NONE', *, *, #3429, .T. ) ;
#446 = CARTESIAN_POINT ( 'NONE',  ( -3.268476265079227172, 0.3966024445973921342, 12.81031652251693131 ) ) ;
#447 = CARTESIAN_POINT ( 'NONE',  ( -7.479999999999999538, -0.3516987777013059202, 9.900000000000005684 ) ) ;
#448 = DIRECTION ( 'NONE',  ( 0.8660254037844397068, 0.000000000000000000, 0.4999999999999979461 ) ) ;
#449 = CONICAL_SURFACE ( 'NONE', #3685, 2.799999999999999822, 0.7853981633974509435 ) ;
#450 = CARTESIAN_POINT ( 'NONE',  ( 0.03152373492077385764, 4.398301222298695023, 0.05862067213810127214 ) ) ;
#451 =( LENGTH_UNIT ( ) NAMED_UNIT ( * ) SI_UNIT ( .MILLI., .METRE. ) );
#452 = AXIS2_PLACEMENT_3D ( 'NONE', #4718, #380, #5229 ) ;
#453 =( NAMED_UNIT ( * ) SI_UNIT ( $, .STERADIAN. ) SOLID_ANGLE_UNIT ( ) );
#454 = EDGE_CURVE ( 'NONE', #2311, #2175, #316, .T. ) ;
#455 = DIRECTION ( 'NONE',  ( 0.000000000000000000, 1.000000000000000000, 1.110223024625156540E-16 ) ) ;
#456 = VERTEX_POINT ( 'NONE', #2941 ) ;
#457 = CARTESIAN_POINT ( 'NONE',  ( 0.9615237349207739204, -0.3516987777013035887, 2.629463003889801698 ) ) ;
#458 = CARTESIAN_POINT ( 'NONE',  ( -10.50000000000000000, -0.5516987777013064864, 11.45000000000000639 ) ) ;
#459 = LINE ( 'NONE', #2643, #5548 ) ;
#460 = VERTEX_POINT ( 'NONE', #1604 ) ;
#461 = UNCERTAINTY_MEASURE_WITH_UNIT (LENGTH_MEASURE( 1.000000000000000082E-05 ), #432, 'distance_accuracy_value', 'NONE');
#462 = CIRCLE ( 'NONE', #4610, 3.799999999999999822 ) ;
#463 = FACE_OUTER_BOUND ( 'NONE', #4685, .T. ) ;
#464 = EDGE_CURVE ( 'NONE', #1314, #3789, #3486, .T. ) ;
#465 = CARTESIAN_POINT ( 'NONE',  ( 10.40000000000000036, -1.951698777701299292, -9.720000000000000639 ) ) ;
#466 = ORIENTED_EDGE ( 'NONE', *, *, #1828, .F. ) ;
#467 =( GEOMETRIC_REPRESENTATION_CONTEXT ( 3 ) GLOBAL_UNCERTAINTY_ASSIGNED_CONTEXT ( ( #1330 ) ) GLOBAL_UNIT_ASSIGNED_CONTEXT ( ( #1176, #2032, #2879 ) ) REPRESENTATION_CONTEXT ( 'NONE', 'WORKASPACE' ) );
#468 = LINE ( 'NONE', #51, #902 ) ;
#469 = ORIENTED_EDGE ( 'NONE', *, *, #889, .F. ) ;
#470 = CIRCLE ( 'NONE', #4979, 2.299999999999999822 ) ;
#471 = EDGE_LOOP ( 'NONE', ( #3938, #1709, #3885, #3797 ) ) ;
#472 = EDGE_CURVE ( 'NONE', #4615, #972, #5619, .T. ) ;
#473 = CARTESIAN_POINT ( 'NONE',  ( -1.960334693783430282, 4.398301222298695023, 1.208620672138110974 ) ) ;
#474 = VECTOR ( 'NONE', #5312, 1000.000000000000000 ) ;
#475 = EDGE_CURVE ( 'NONE', #676, #5483, #300, .T. ) ;
#476 = CARTESIAN_POINT ( 'NONE',  ( -3.868476265079257015, -0.5516987777013030447, 3.958620672138077445 ) ) ;
#477 = STYLED_ITEM ( 'NONE', ( #2092 ), #5396 ) ;
#478 = ORIENTED_EDGE ( 'NONE', *, *, #2001, .F. ) ;
#479 = FACE_BOUND ( 'NONE', #2968, .T. ) ;
#480 = VECTOR ( 'NONE', #433, 1000.000000000000000 ) ;
#481 = EDGE_CURVE ( 'NONE', #2371, #2463, #4892, .T. ) ;
#482 = SURFACE_STYLE_USAGE ( .BOTH. , #3108 ) ;
#483 = CARTESIAN_POINT ( 'NONE',  ( 3.381523734920773627, -0.3516987777013036442, 0.2017164319438422004 ) ) ;
#484 = DIRECTION ( 'NONE',  ( -1.000000000000000000, 0.000000000000000000, 0.000000000000000000 ) ) ;
#485 =( LENGTH_UNIT ( ) NAMED_UNIT ( * ) SI_UNIT ( .MILLI., .METRE. ) );
#486 = DIRECTION ( 'NONE',  ( -0.000000000000000000, -1.000000000000000000, -0.000000000000000000 ) ) ;
#487 = LINE ( 'NONE', #4902, #4808 ) ;
#488 = PRESENTATION_LAYER_ASSIGNMENT (  '', '', ( #2148 ) ) ;
#489 = CARTESIAN_POINT ( 'NONE',  ( 9.400000000000000355, -1.951698777701299514, -9.000000000000000000 ) ) ;
#490 = CARTESIAN_POINT ( 'NONE',  ( -2.018476265079225840, -0.3516987777013036998, -2.788642972121563091 ) ) ;
#491 = CARTESIAN_POINT ( 'NONE',  ( 1.761523734920773743, -0.3516987777013035887, 2.629463003889801698 ) ) ;
#492 = ORIENTED_EDGE ( 'NONE', *, *, #218, .T. ) ;
#493 = SURFACE_STYLE_FILL_AREA ( #3151 ) ;
#494 = ORIENTED_EDGE ( 'NONE', *, *, #2632, .T. ) ;
#495 = EDGE_CURVE ( 'NONE', #3154, #1462, #3840, .T. ) ;
#496 = ORIENTED_EDGE ( 'NONE', *, *, #1313, .T. ) ;
#497 = ORIENTED_EDGE ( 'NONE', *, *, #3373, .F. ) ;
#498 = LINE ( 'NONE', #473, #5321 ) ;
#499 = VECTOR ( 'NONE', #4185, 1000.000000000000000 ) ;
#500 = ORIENTED_EDGE ( 'NONE', *, *, #4069, .T. ) ;
#501 = CARTESIAN_POINT ( 'NONE',  ( 2.831523734920774249, 0.1961442447639596409, 7.800754617915893974 ) ) ;
#502 = SURFACE_SIDE_STYLE ('',( #3625 ) ) ;
#503 = EDGE_CURVE ( 'NONE', #635, #4001, #4758, .T. ) ;
#504 = CARTESIAN_POINT ( 'NONE',  ( 0.3515237349207738782, -0.3516987777013036442, 2.629463003889801698 ) ) ;
#505 = CARTESIAN_POINT ( 'NONE',  ( -0.4784762650792260263, -0.3516987777013035887, 2.629463003889801698 ) ) ;
#506 = CYLINDRICAL_SURFACE ( 'NONE', #5664, 2.750000000000000888 ) ;
#507 = FILL_AREA_STYLE_COLOUR ( '', #2671 ) ;
#508 = CARTESIAN_POINT ( 'NONE',  ( 1.080626011731303793, -0.3516987777013036442, 3.508620672138101693 ) ) ;
#509 = VECTOR ( 'NONE', #1123, 1000.000000000000000 ) ;
#510 = DIRECTION ( 'NONE',  ( 0.000000000000000000, 1.000000000000000000, 1.110223024625156540E-16 ) ) ;
#511 = CARTESIAN_POINT ( 'NONE',  ( 9.400000000000000355, -1.951698777701299514, -9.000000000000000000 ) ) ;
#512 = CARTESIAN_POINT ( 'NONE',  ( 0.03152373492077385764, 3.198301222298698399, 0.05862067213810127214 ) ) ;
#513 = EDGE_LOOP ( 'NONE', ( #322, #2524, #852, #4028 ) ) ;
#514 = DIRECTION ( 'NONE',  ( 0.000000000000000000, 0.000000000000000000, 1.000000000000000000 ) ) ;
#515 = VECTOR ( 'NONE', #4759, 1000.000000000000000 ) ;
#516 = LINE ( 'NONE', #2280, #4970 ) ;
#517 = ORIENTED_EDGE ( 'NONE', *, *, #1002, .F. ) ;
#518 = ORIENTED_EDGE ( 'NONE', *, *, #2561, .F. ) ;
#519 = ORIENTED_EDGE ( 'NONE', *, *, #1137, .T. ) ;
#520 = DIRECTION ( 'NONE',  ( -0.8660254037844362651, 0.000000000000000000, 0.5000000000000039968 ) ) ;
#521 = STYLED_ITEM ( 'NONE', ( #5350 ), #5641 ) ;
#522 = DIRECTION ( 'NONE',  ( 0.000000000000000000, -0.000000000000000000, -1.000000000000000000 ) ) ;
#523 = EDGE_CURVE ( 'NONE', #3001, #1620, #5129, .T. ) ;
#524 = EDGE_LOOP ( 'NONE', ( #21, #851, #3131, #3338 ) ) ;
#525 = LINE ( 'NONE', #5401, #184 ) ;
#526 = LINE ( 'NONE', #2289, #5045 ) ;
#527 = EDGE_CURVE ( 'NONE', #1769, #1553, #2159, .T. ) ;
#528 = CARTESIAN_POINT ( 'NONE',  ( -10.50000000000000000, -0.5516987777013026006, 3.428223970456939392E-15 ) ) ;
#529 =( NAMED_UNIT ( * ) PLANE_ANGLE_UNIT ( ) SI_UNIT ( $, .RADIAN. ) );
#530 = SURFACE_STYLE_FILL_AREA ( #3140 ) ;
#531 = VECTOR ( 'NONE', #3658, 1000.000000000000000 ) ;
#532 =( GEOMETRIC_REPRESENTATION_CONTEXT ( 3 ) GLOBAL_UNCERTAINTY_ASSIGNED_CONTEXT ( ( #2087 ) ) GLOBAL_UNIT_ASSIGNED_CONTEXT ( ( #5606, #4857, #3071 ) ) REPRESENTATION_CONTEXT ( 'NONE', 'WORKASPACE' ) );
#533 = DIRECTION ( 'NONE',  ( -1.000000000000000000, -0.000000000000000000, -0.000000000000000000 ) ) ;
#534 = CARTESIAN_POINT ( 'NONE',  ( -3.768476265079227172, 0.3966024445973921342, 12.31031652251692954 ) ) ;
#535 =( NAMED_UNIT ( * ) PLANE_ANGLE_UNIT ( ) SI_UNIT ( $, .RADIAN. ) );
#536 = DIRECTION ( 'NONE',  ( 0.000000000000000000, 3.330669073875468635E-16, -1.000000000000000000 ) ) ;
#537 =( GEOMETRIC_REPRESENTATION_CONTEXT ( 3 ) GLOBAL_UNCERTAINTY_ASSIGNED_CONTEXT ( ( #1220 ) ) GLOBAL_UNIT_ASSIGNED_CONTEXT ( ( #4771, #2579, #4795 ) ) REPRESENTATION_CONTEXT ( 'NONE', 'WORKASPACE' ) );
#538 = CARTESIAN_POINT ( 'NONE',  ( 0.03152373492077385764, 4.398301222298695023, 0.05862067213810127214 ) ) ;
#539 = EDGE_LOOP ( 'NONE', ( #2284, #4734, #1494, #4536 ) ) ;
#540 = DIRECTION ( 'NONE',  ( 0.000000000000000000, -3.330669073875468635E-16, 1.000000000000000000 ) ) ;
#541 = CARTESIAN_POINT ( 'NONE',  ( 3.381523734920774071, -0.3516987777013036442, -1.340011777741890953 ) ) ;
#542 = EDGE_CURVE ( 'NONE', #1280, #2439, #4676, .T. ) ;
#543 = CARTESIAN_POINT ( 'NONE',  ( -3.968476265079226017, -0.5516987777013035998, 4.058620672138101959 ) ) ;
#544 = ORIENTED_EDGE ( 'NONE', *, *, #464, .T. ) ;
#545 = PRESENTATION_STYLE_ASSIGNMENT (( #181 ) ) ;
#546 = EDGE_LOOP ( 'NONE', ( #4877, #2232 ) ) ;
#547 = EDGE_LOOP ( 'NONE', ( #3299, #1573 ) ) ;
#548 = LINE ( 'NONE', #2314, #2365 ) ;
#549 = ORIENTED_EDGE ( 'NONE', *, *, #1549, .F. ) ;
#550 = PRESENTATION_LAYER_ASSIGNMENT (  '', '', ( #3981 ) ) ;
#551 = DIRECTION ( 'NONE',  ( 0.000000000000000000, 1.000000000000000000, 0.000000000000000000 ) ) ;
#552 = CARTESIAN_POINT ( 'NONE',  ( -1.058476265079226097, -0.3516987777013035887, -2.862221659613599201 ) ) ;
#553 = ADVANCED_FACE ( 'NONE', ( #2039, #4296 ), #2129, .F. ) ;
#554 = FACE_BOUND ( 'NONE', #4994, .T. ) ;
#555 = VECTOR ( 'NONE', #887, 1000.000000000000000 ) ;
#556 = CARTESIAN_POINT ( 'NONE',  ( -3.968476265079226906, -0.5516987777013035998, -3.941379327861898485 ) ) ;
#557 = STYLED_ITEM ( 'NONE', ( #4763 ), #4644 ) ;
#558 = SURFACE_SIDE_STYLE ('',( #4897 ) ) ;
#559 = EDGE_CURVE ( 'NONE', #1355, #4881, #115, .T. ) ;
#560 = CARTESIAN_POINT ( 'NONE',  ( 10.40000000000000036, -3.851698777701299647, -9.500000000000001776 ) ) ;
#561 = VECTOR ( 'NONE', #4554, 1000.000000000000000 ) ;
#562 = VECTOR ( 'NONE', #2570, 1000.000000000000000 ) ;
#563 =( BOUNDED_CURVE ( )  B_SPLINE_CURVE ( 3, ( #1453, #4071, #647, #1067 ),
 .UNSPECIFIED., .F., .T. ) 
 B_SPLINE_CURVE_WITH_KNOTS ( ( 4, 4 ),
 ( 1.570796326794896558, 4.712388980384689674 ),
 .UNSPECIFIED. ) 
 CURVE ( )  GEOMETRIC_REPRESENTATION_ITEM ( )  RATIONAL_B_SPLINE_CURVE ( ( 1.000000000000000000, 0.3333333333333333703, 0.3333333333333333703, 1.000000000000000000 ) ) 
 REPRESENTATION_ITEM ( '' )  );
#564 = EDGE_CURVE ( 'NONE', #2436, #1517, #4266, .T. ) ;
#565 = CARTESIAN_POINT ( 'NONE',  ( 0.5415237349207737694, -0.3516987777013036998, 2.555884316397765144 ) ) ;
#566 = FACE_OUTER_BOUND ( 'NONE', #1533, .T. ) ;
#567 = LINE ( 'NONE', #4584, #2714 ) ;
#568 = ORIENTED_EDGE ( 'NONE', *, *, #2966, .F. ) ;
#569 =( NAMED_UNIT ( * ) PLANE_ANGLE_UNIT ( ) SI_UNIT ( $, .RADIAN. ) );
#570 =( LENGTH_UNIT ( ) NAMED_UNIT ( * ) SI_UNIT ( .MILLI., .METRE. ) );
#571 = LINE ( 'NONE', #1794, #3777 ) ;
#572 =( GEOMETRIC_REPRESENTATION_CONTEXT ( 3 ) GLOBAL_UNCERTAINTY_ASSIGNED_CONTEXT ( ( #4453 ) ) GLOBAL_UNIT_ASSIGNED_CONTEXT ( ( #286, #5069, #3374 ) ) REPRESENTATION_CONTEXT ( 'NONE', 'WORKASPACE' ) );
#573 = ORIENTED_EDGE ( 'NONE', *, *, #4914, .F. ) ;
#574 = DIRECTION ( 'NONE',  ( 0.000000000000000000, -3.097720492815725686E-16, 1.000000000000000000 ) ) ;
#575 =( NAMED_UNIT ( * ) SI_UNIT ( $, .STERADIAN. ) SOLID_ANGLE_UNIT ( ) );
#576 = ORIENTED_EDGE ( 'NONE', *, *, #4110, .F. ) ;
#577 = EDGE_CURVE ( 'NONE', #1370, #2613, #4856, .T. ) ;
#578 = ORIENTED_EDGE ( 'NONE', *, *, #3507, .F. ) ;
#579 = DIRECTION ( 'NONE',  ( 0.000000000000000000, 0.000000000000000000, -1.000000000000000000 ) ) ;
#580 = CARTESIAN_POINT ( 'NONE',  ( 3.331523734920773805, 0.3966024445973921342, 12.31031652251693131 ) ) ;
#581 = VERTEX_POINT ( 'NONE', #3220 ) ;
#582 = FACE_BOUND ( 'NONE', #159, .T. ) ;
#583 = VECTOR ( 'NONE', #3133, 1000.000000000000000 ) ;
#584 = CARTESIAN_POINT ( 'NONE',  ( 0.03152373492079315470, 3.948301222298694846, 2.808620672138101515 ) ) ;
#585 = VECTOR ( 'NONE', #1396, 1000.000000000000000 ) ;
#586 = DIRECTION ( 'NONE',  ( 1.387778780781444443E-16, -3.330669073875468635E-16, 1.000000000000000000 ) ) ;
#587 = PLANE ( 'NONE',  #938 ) ;
#588 = CARTESIAN_POINT ( 'NONE',  ( -0.7384762650792262573, -0.3516987777013035887, 2.629463003889801698 ) ) ;
#589 = CARTESIAN_POINT ( 'NONE',  ( 0.3515237349207738782, -0.3516987777013036442, 2.629463003889801698 ) ) ;
#590 = ADVANCED_FACE ( 'NONE', ( #554, #5004, #2348, #4813, #4945 ), #2764, .F. ) ;
#591 = FILL_AREA_STYLE_COLOUR ( '', #2851 ) ;
#592 = DIRECTION ( 'NONE',  ( 0.000000000000000000, 1.000000000000000000, 0.000000000000000000 ) ) ;
#593 = CARTESIAN_POINT ( 'NONE',  ( 3.931523734920749469, -0.5516987777013022676, -3.841379327861930371 ) ) ;
#594 = CARTESIAN_POINT ( 'NONE',  ( 2.831523734920775137, -0.05982500843752575070, 6.426647767964803748 ) ) ;
#595 = CARTESIAN_POINT ( 'NONE',  ( 0.8615237349207739426, -0.3516987777013036998, -2.788642972121562646 ) ) ;
#596 = EDGE_LOOP ( 'NONE', ( #5118, #4714 ) ) ;
#597 = SURFACE_SIDE_STYLE ('',( #4108 ) ) ;
#598 = DIRECTION ( 'NONE',  ( 0.000000000000000000, -1.000000000000000000, -0.000000000000000000 ) ) ;
#599 = SURFACE_STYLE_USAGE ( .BOTH. , #5532 ) ;
#600 = EDGE_CURVE ( 'NONE', #45, #789, #2381, .T. ) ;
#601 = SURFACE_SIDE_STYLE ('',( #3645 ) ) ;
#602 = ORIENTED_EDGE ( 'NONE', *, *, #3368, .T. ) ;
#603 = CARTESIAN_POINT ( 'NONE',  ( 0.03152373492077385764, 4.398301222298695023, 0.05862067213810127214 ) ) ;
#604 = EDGE_LOOP ( 'NONE', ( #4134, #111, #5114, #5455 ) ) ;
#605 = VERTEX_POINT ( 'NONE', #3599 ) ;
#606 = DIRECTION ( 'NONE',  ( 0.000000000000000000, 0.000000000000000000, -1.000000000000000000 ) ) ;
#607 = STYLED_ITEM ( 'NONE', ( #1436 ), #1843 ) ;
#608 = AXIS2_PLACEMENT_3D ( 'NONE', #2884, #4268, #2509 ) ;
#609 = DIRECTION ( 'NONE',  ( 0.000000000000000000, 1.000000000000000000, 0.000000000000000000 ) ) ;
#610 = ORIENTED_EDGE ( 'NONE', *, *, #5163, .F. ) ;
#611 =( NAMED_UNIT ( * ) SI_UNIT ( $, .STERADIAN. ) SOLID_ANGLE_UNIT ( ) );
#612 = AXIS2_PLACEMENT_3D ( 'NONE', #4057, #106, #1840 ) ;
#613 = CARTESIAN_POINT ( 'NONE',  ( 10.50000000000000000, -1.451698777701306842, 12.50000000000000711 ) ) ;
#614 = VECTOR ( 'NONE', #536, 1000.000000000000000 ) ;
#615 = CARTESIAN_POINT ( 'NONE',  ( 1.981523734920773716, -0.3516987777013035887, 2.629463003889801698 ) ) ;
#616 = FILL_AREA_STYLE ('',( #5474 ) ) ;
#617 = FILL_AREA_STYLE_COLOUR ( '', #2421 ) ;
#618 =( BOUNDED_CURVE ( )  B_SPLINE_CURVE ( 3, ( #4021, #68, #3579, #3145 ),
 .UNSPECIFIED., .F., .T. ) 
 B_SPLINE_CURVE_WITH_KNOTS ( ( 4, 4 ),
 ( 1.570796326794896558, 4.712388980384689674 ),
 .UNSPECIFIED. ) 
 CURVE ( )  GEOMETRIC_REPRESENTATION_ITEM ( )  RATIONAL_B_SPLINE_CURVE ( ( 1.000000000000000000, 0.3333333333333333703, 0.3333333333333333703, 1.000000000000000000 ) ) 
 REPRESENTATION_ITEM ( '' )  );
#619 = CARTESIAN_POINT ( 'NONE',  ( 1.761523734920773743, -0.3516987777013035887, -2.862221659613599201 ) ) ;
#620 = EDGE_LOOP ( 'NONE', ( #3271, #4196, #3010, #53 ) ) ;
#621 = EDGE_CURVE ( 'NONE', #882, #4543, #4150, .T. ) ;
#622 = PRESENTATION_STYLE_ASSIGNMENT (( #4617 ) ) ;
#623 = PRESENTATION_LAYER_ASSIGNMENT (  '', '', ( #1098 ) ) ;
#624 = CARTESIAN_POINT ( 'NONE',  ( 0.3515237349207738782, -0.3516987777013036442, 2.629463003889801698 ) ) ;
#625 = CARTESIAN_POINT ( 'NONE',  ( 0.4815237349207739381, -0.3516987777013035887, -2.862221659613599201 ) ) ;
#626 = MECHANICAL_DESIGN_GEOMETRIC_PRESENTATION_REPRESENTATION (  '', ( #6 ), #4962 ) ;
#627 = CARTESIAN_POINT ( 'NONE',  ( -1.698476265079226000, -0.3516987777013035887, 2.629463003889801698 ) ) ;
#628 = VERTEX_POINT ( 'NONE', #976 ) ;
#629 = CARTESIAN_POINT ( 'NONE',  ( -9.400000000000000355, -1.951698777701299292, -9.500000000000000000 ) ) ;
#630 = ORIENTED_EDGE ( 'NONE', *, *, #5498, .F. ) ;
#631 = SURFACE_STYLE_FILL_AREA ( #186 ) ;
#632 = EDGE_CURVE ( 'NONE', #3465, #5160, #1889, .T. ) ;
#633 = FILL_AREA_STYLE ('',( #4117 ) ) ;
#634 = CARTESIAN_POINT ( 'NONE',  ( -9.400000000000000355, -1.951698777701299514, -9.000000000000000000 ) ) ;
#635 = VERTEX_POINT ( 'NONE', #4515 ) ;
#636 = CARTESIAN_POINT ( 'NONE',  ( -1.538476265079226524, -0.3516987777013036998, 2.555884316397765144 ) ) ;
#637 = ORIENTED_EDGE ( 'NONE', *, *, #2406, .T. ) ;
#638 =( GEOMETRIC_REPRESENTATION_CONTEXT ( 3 ) GLOBAL_UNCERTAINTY_ASSIGNED_CONTEXT ( ( #2145 ) ) GLOBAL_UNIT_ASSIGNED_CONTEXT ( ( #3605, #4667, #5611 ) ) REPRESENTATION_CONTEXT ( 'NONE', 'WORKASPACE' ) );
#639 = ADVANCED_FACE ( 'NONE', ( #1879 ), #4546, .F. ) ;
#640 =( NAMED_UNIT ( * ) SI_UNIT ( $, .STERADIAN. ) SOLID_ANGLE_UNIT ( ) );
#641 = PRESENTATION_LAYER_ASSIGNMENT (  '', '', ( #2954 ) ) ;
#642 =( NAMED_UNIT ( * ) SI_UNIT ( $, .STERADIAN. ) SOLID_ANGLE_UNIT ( ) );
#643 = AXIS2_PLACEMENT_3D ( 'NONE', #226, #2933, #4153 ) ;
#644 = CARTESIAN_POINT ( 'NONE',  ( 1.121523734920773840, -0.3516987777013035887, 2.629463003889801698 ) ) ;
#645 = AXIS2_PLACEMENT_3D ( 'NONE', #534, #1542, #1009 ) ;
#646 = EDGE_CURVE ( 'NONE', #1131, #333, #3590, .T. ) ;
#647 = CARTESIAN_POINT ( 'NONE',  ( -0.4784762650792260819, -0.3516987777013036998, -2.788642972121562646 ) ) ;
#648 = VECTOR ( 'NONE', #3136, 1000.000000000000000 ) ;
#649 =( LENGTH_UNIT ( ) NAMED_UNIT ( * ) SI_UNIT ( .MILLI., .METRE. ) );
#650 = PLANE ( 'NONE',  #3601 ) ;
#651 = DIRECTION ( 'NONE',  ( 1.000000000000000000, 0.000000000000000000, 0.000000000000000000 ) ) ;
#652 = CARTESIAN_POINT ( 'NONE',  ( -1.960334693783438054, 4.398301222298695023, -1.091379327861894177 ) ) ;
#653 = ORIENTED_EDGE ( 'NONE', *, *, #854, .F. ) ;
#654 = LINE ( 'NONE', #5417, #3284 ) ;
#655 = LINE ( 'NONE', #624, #5245 ) ;
#656 = SURFACE_STYLE_USAGE ( .BOTH. , #5132 ) ;
#657 = AXIS2_PLACEMENT_3D ( 'NONE', #3709, #2865, #4539 ) ;
#658 = CARTESIAN_POINT ( 'NONE',  ( 12.50000000000000178, -1.451698777701307286, 14.50000000000001243 ) ) ;
#659 = ORIENTED_EDGE ( 'NONE', *, *, #5445, .F. ) ;
#660 = DIRECTION ( 'NONE',  ( -0.000000000000000000, -1.000000000000000000, 0.000000000000000000 ) ) ;
#661 = ORIENTED_EDGE ( 'NONE', *, *, #1800, .F. ) ;
#662 = LINE ( 'NONE', #5426, #189 ) ;
#663 = AXIS2_PLACEMENT_3D ( 'NONE', #1320, #4842, #4356 ) ;
#664 = CARTESIAN_POINT ( 'NONE',  ( -7.479999999999999538, -0.3516987777013059202, 9.900000000000005684 ) ) ;
#665 = ADVANCED_FACE ( 'NONE', ( #5334 ), #1039, .F. ) ;
#666 = ORIENTED_EDGE ( 'NONE', *, *, #4426, .T. ) ;
#667 = LINE ( 'NONE', #787, #2480 ) ;
#668 =( GEOMETRIC_REPRESENTATION_CONTEXT ( 3 ) GLOBAL_UNCERTAINTY_ASSIGNED_CONTEXT ( ( #3766 ) ) GLOBAL_UNIT_ASSIGNED_CONTEXT ( ( #1356, #808, #2576 ) ) REPRESENTATION_CONTEXT ( 'NONE', 'WORKASPACE' ) );
#669 = ORIENTED_EDGE ( 'NONE', *, *, #2930, .F. ) ;
#670 = COLOUR_RGB ( '',0.7529411764705882248, 0.7529411764705882248, 0.7529411764705882248 ) ;
#671 = COLOUR_RGB ( '',0.2980392156862745057, 0.2980392156862745057, 0.2980392156862745057 ) ;
#672 = COLOUR_RGB ( '',0.2980392156862745057, 0.2980392156862745057, 0.2980392156862745057 ) ;
#673 = EDGE_CURVE ( 'NONE', #2259, #3094, #1381, .T. ) ;
#674 = CARTESIAN_POINT ( 'NONE',  ( 0.03152373492077385764, 3.598301222298696089, 0.05862067213810127214 ) ) ;
#675 = LINE ( 'NONE', #3371, #1934 ) ;
#676 = VERTEX_POINT ( 'NONE', #4953 ) ;
#677 = CARTESIAN_POINT ( 'NONE',  ( 3.531523734920773983, -0.9033975554026076882, 12.16031652251692918 ) ) ;
#678 = FACE_OUTER_BOUND ( 'NONE', #5297, .T. ) ;
#679 = CARTESIAN_POINT ( 'NONE',  ( 1.080626011731303793, -0.3516987777013036442, 3.508620672138101693 ) ) ;
#680 = CARTESIAN_POINT ( 'NONE',  ( 3.381523734920774071, -0.3516987777013036442, -1.340011777741890953 ) ) ;
#681 = ORIENTED_EDGE ( 'NONE', *, *, #2194, .F. ) ;
#682 = LINE ( 'NONE', #1518, #5651 ) ;
#683 = CARTESIAN_POINT ( 'NONE',  ( -1.347894313427920432, -0.3516987777013036442, 3.508620672138101693 ) ) ;
#684 = CARTESIAN_POINT ( 'NONE',  ( 0.3515237349207738782, -0.3516987777013036442, -2.862221659613599201 ) ) ;
#685 = PRESENTATION_STYLE_ASSIGNMENT (( #2785 ) ) ;
#686 = ORIENTED_EDGE ( 'NONE', *, *, #2266, .T. ) ;
#687 = CARTESIAN_POINT ( 'NONE',  ( -12.49999999999999822, -1.451698777701307286, 14.50000000000000711 ) ) ;
#688 = ORIENTED_EDGE ( 'NONE', *, *, #4899, .T. ) ;
#689 = PRESENTATION_STYLE_ASSIGNMENT (( #2921 ) ) ;
#690 = UNCERTAINTY_MEASURE_WITH_UNIT (LENGTH_MEASURE( 1.000000000000000082E-05 ), #1525, 'distance_accuracy_value', 'NONE');
#691 = CARTESIAN_POINT ( 'NONE',  ( -1.947894313427920299, -0.3516987777013036442, 3.208620672138101870 ) ) ;
#692 = SURFACE_SIDE_STYLE ('',( #271 ) ) ;
#693 = ORIENTED_EDGE ( 'NONE', *, *, #2329, .T. ) ;
#694 = VECTOR ( 'NONE', #2215, 1000.000000000000000 ) ;
#695 = ORIENTED_EDGE ( 'NONE', *, *, #3112, .F. ) ;
#696 = UNCERTAINTY_MEASURE_WITH_UNIT (LENGTH_MEASURE( 1.000000000000000082E-05 ), #1050, 'distance_accuracy_value', 'NONE');
#697 = EDGE_CURVE ( 'NONE', #1821, #880, #2243, .T. ) ;
#698 = CARTESIAN_POINT ( 'NONE',  ( -3.968476265079257548, 0.2483012222986963058, -3.941379327861930459 ) ) ;
#699 = CARTESIAN_POINT ( 'NONE',  ( 3.331523734920773805, 0.09660244459739220080, 12.81031652251693131 ) ) ;
#700 = DIRECTION ( 'NONE',  ( 0.000000000000000000, 1.000000000000000000, 3.330669073875468635E-16 ) ) ;
#701 = EDGE_CURVE ( 'NONE', #2173, #778, #2744, .T. ) ;
#702 = CARTESIAN_POINT ( 'NONE',  ( -3.268476265079227172, 0.09660244459739220080, 12.81031652251693131 ) ) ;
#703 = LINE ( 'NONE', #3806, #1394 ) ;
#704 = DIRECTION ( 'NONE',  ( 0.000000000000000000, 0.000000000000000000, 1.000000000000000000 ) ) ;
#705 = ORIENTED_EDGE ( 'NONE', *, *, #154, .F. ) ;
#706 = FILL_AREA_STYLE ('',( #802 ) ) ;
#707 = CARTESIAN_POINT ( 'NONE',  ( 10.50000000000000000, -1.451698777701306842, 12.50000000000000711 ) ) ;
#708 = PLANE ( 'NONE',  #728 ) ;
#709 = DIRECTION ( 'NONE',  ( 0.000000000000000000, 0.000000000000000000, 1.000000000000000000 ) ) ;
#710 = SURFACE_SIDE_STYLE ('',( #4677 ) ) ;
#711 = ORIENTED_EDGE ( 'NONE', *, *, #3507, .T. ) ;
#712 = FACE_OUTER_BOUND ( 'NONE', #3480, .T. ) ;
#713 = DIRECTION ( 'NONE',  ( 0.000000000000000000, -1.000000000000000000, -0.000000000000000000 ) ) ;
#714 =( BOUNDED_CURVE ( )  B_SPLINE_CURVE ( 3, ( #1458, #148, #3664, #3578 ),
 .UNSPECIFIED., .F., .T. ) 
 B_SPLINE_CURVE_WITH_KNOTS ( ( 4, 4 ),
 ( 1.570796326794896558, 4.712388980384689674 ),
 .UNSPECIFIED. ) 
 CURVE ( )  GEOMETRIC_REPRESENTATION_ITEM ( )  RATIONAL_B_SPLINE_CURVE ( ( 1.000000000000000000, 0.3333333333333333703, 0.3333333333333333703, 1.000000000000000000 ) ) 
 REPRESENTATION_ITEM ( '' )  );
#715 = ORIENTED_EDGE ( 'NONE', *, *, #4637, .F. ) ;
#716 = LINE ( 'NONE', #3712, #5156 ) ;
#717 = EDGE_CURVE ( 'NONE', #2857, #4406, #714, .T. ) ;
#718 = CARTESIAN_POINT ( 'NONE',  ( 2.721523734920773485, -0.3516987777013035887, 2.629463003889801698 ) ) ;
#719 = CARTESIAN_POINT ( 'NONE',  ( -3.768476265079226284, 0.09660244459739220080, 8.310316522516929538 ) ) ;
#720 = CIRCLE ( 'NONE', #3960, 1.050000000000000488 ) ;
#721 = VECTOR ( 'NONE', #5563, 1000.000000000000000 ) ;
#722 = VECTOR ( 'NONE', #2794, 1000.000000000000000 ) ;
#723 = VERTEX_POINT ( 'NONE', #3171 ) ;
#724 = VECTOR ( 'NONE', #3799, 1000.000000000000000 ) ;
#725 = CARTESIAN_POINT ( 'NONE',  ( 0.03152373492077385764, 3.598301222298696089, 0.05862067213810127214 ) ) ;
#726 = ORIENTED_EDGE ( 'NONE', *, *, #3894, .F. ) ;
#727 = ORIENTED_EDGE ( 'NONE', *, *, #3141, .T. ) ;
#728 = AXIS2_PLACEMENT_3D ( 'NONE', #5075, #4215, #3267 ) ;
#729 = FILL_AREA_STYLE_COLOUR ( '', #4609 ) ;
#730 = CARTESIAN_POINT ( 'NONE',  ( -0.2584762650792261085, -0.3516987777013035887, -2.862221659613599201 ) ) ;
#731 = EDGE_CURVE ( 'NONE', #2436, #1517, #96, .T. ) ;
#732 = DIRECTION ( 'NONE',  ( 0.000000000000000000, 1.000000000000000000, 1.110223024625156540E-16 ) ) ;
#733 = ORIENTED_EDGE ( 'NONE', *, *, #464, .F. ) ;
#734 = AXIS2_PLACEMENT_3D ( 'NONE', #3692, #1402, #5438 ) ;
#735 = VECTOR ( 'NONE', #3746, 1000.000000000000000 ) ;
#736 = AXIS2_PLACEMENT_3D ( 'NONE', #5601, #2645, #781 ) ;
#737 = MECHANICAL_DESIGN_GEOMETRIC_PRESENTATION_REPRESENTATION (  '', ( #4163 ), #1026 ) ;
#738 = EDGE_CURVE ( 'NONE', #3215, #2493, #3308, .T. ) ;
#739 = MECHANICAL_DESIGN_GEOMETRIC_PRESENTATION_REPRESENTATION (  '', ( #4165 ), #4442 ) ;
#740 = DIRECTION ( 'NONE',  ( 1.000000000000000000, -0.000000000000000000, 0.000000000000000000 ) ) ;
#741 = PRESENTATION_STYLE_ASSIGNMENT (( #2939 ) ) ;
#742 = ORIENTED_EDGE ( 'NONE', *, *, #4851, .T. ) ;
#743 = CARTESIAN_POINT ( 'NONE',  ( 0.3515237349207738782, -0.3516987777013036442, 2.629463003889801698 ) ) ;
#744 = AXIS2_PLACEMENT_3D ( 'NONE', #4545, #5031, #2792 ) ;
#745 = LINE ( 'NONE', #3873, #4060 ) ;
#746 = ADVANCED_FACE ( 'NONE', ( #925 ), #4927, .F. ) ;
#747 = CARTESIAN_POINT ( 'NONE',  ( 0.4815237349207738271, -0.3516987777013036998, -2.788642972121563091 ) ) ;
#748 = CARTESIAN_POINT ( 'NONE',  ( 0.3515237349207738782, -0.3516987777013036442, -2.862221659613599201 ) ) ;
#749 = ORIENTED_EDGE ( 'NONE', *, *, #2152, .T. ) ;
#750 = DIRECTION ( 'NONE',  ( 7.228014483236694583E-17, -3.330669073875468635E-16, 1.000000000000000000 ) ) ;
#751 = CARTESIAN_POINT ( 'NONE',  ( 0.03152373492077385764, 2.120176222298697066, 0.05862067213810127214 ) ) ;
#752 = EDGE_LOOP ( 'NONE', ( #1977, #3046, #1707, #1489 ) ) ;
#753 = UNCERTAINTY_MEASURE_WITH_UNIT (LENGTH_MEASURE( 1.000000000000000082E-05 ), #5251, 'distance_accuracy_value', 'NONE');
#754 = CARTESIAN_POINT ( 'NONE',  ( 2.461523734920773698, -0.3516987777013035887, 2.629463003889801698 ) ) ;
#755 = CARTESIAN_POINT ( 'NONE',  ( 10.50000000000000000, -1.451698777701306398, 11.45000000000000639 ) ) ;
#756 = EDGE_CURVE ( 'NONE', #460, #211, #2755, .T. ) ;
#757 = VECTOR ( 'NONE', #4327, 1000.000000000000000 ) ;
#758 = ORIENTED_EDGE ( 'NONE', *, *, #2074, .F. ) ;
#759 = EDGE_LOOP ( 'NONE', ( #4828, #5341 ) ) ;
#760 = ORIENTED_EDGE ( 'NONE', *, *, #3650, .T. ) ;
#761 = VECTOR ( 'NONE', #3231, 1000.000000000000000 ) ;
#762 = UNCERTAINTY_MEASURE_WITH_UNIT (LENGTH_MEASURE( 1.000000000000000082E-05 ), #1008, 'distance_accuracy_value', 'NONE');
#763 = VECTOR ( 'NONE', #5412, 1000.000000000000000 ) ;
#764 = SURFACE_SIDE_STYLE ('',( #1343 ) ) ;
#765 = AXIS2_PLACEMENT_3D ( 'NONE', #3848, #1217, #5169 ) ;
#766 = DIRECTION ( 'NONE',  ( -1.000000000000000000, 0.000000000000000000, 0.000000000000000000 ) ) ;
#767 = LINE ( 'NONE', #5101, #2685 ) ;
#768 =( NAMED_UNIT ( * ) PLANE_ANGLE_UNIT ( ) SI_UNIT ( $, .RADIAN. ) );
#769 = MECHANICAL_DESIGN_GEOMETRIC_PRESENTATION_REPRESENTATION (  '', ( #1259 ), #5202 ) ;
#770 = DIRECTION ( 'NONE',  ( -1.000000000000000000, 0.000000000000000000, 0.000000000000000000 ) ) ;
#771 = ORIENTED_EDGE ( 'NONE', *, *, #2450, .T. ) ;
#772 = DIRECTION ( 'NONE',  ( -1.112002228190259966E-16, 1.112002228190259966E-16, -1.000000000000000000 ) ) ;
#773 = EDGE_CURVE ( 'NONE', #2749, #1969, #4692, .T. ) ;
#774 = LINE ( 'NONE', #3842, #2110 ) ;
#775 = STYLED_ITEM ( 'NONE', ( #4370 ), #2592 ) ;
#776 = CARTESIAN_POINT ( 'NONE',  ( -1.438476265079225769, -0.3516987777013035887, -2.862221659613599201 ) ) ;
#777 =( NAMED_UNIT ( * ) PLANE_ANGLE_UNIT ( ) SI_UNIT ( $, .RADIAN. ) );
#778 = VERTEX_POINT ( 'NONE', #4128 ) ;
#779 = LINE ( 'NONE', #3818, #4373 ) ;
#780 = ORIENTED_EDGE ( 'NONE', *, *, #738, .F. ) ;
#781 = DIRECTION ( 'NONE',  ( 1.000000000000000000, 0.000000000000000000, -0.000000000000000000 ) ) ;
#782 = FILL_AREA_STYLE_COLOUR ( '', #1111 ) ;
#783 =( BOUNDED_CURVE ( )  B_SPLINE_CURVE ( 3, ( #588, #2351, #1945, #5440 ),
 .UNSPECIFIED., .F., .T. ) 
 B_SPLINE_CURVE_WITH_KNOTS ( ( 4, 4 ),
 ( 1.570796326794896558, 4.712388980384689674 ),
 .UNSPECIFIED. ) 
 CURVE ( )  GEOMETRIC_REPRESENTATION_ITEM ( )  RATIONAL_B_SPLINE_CURVE ( ( 1.000000000000000000, 0.3333333333333333703, 0.3333333333333333703, 1.000000000000000000 ) ) 
 REPRESENTATION_ITEM ( '' )  );
#784 = EDGE_CURVE ( 'NONE', #5318, #4286, #1385, .T. ) ;
#785 = DIRECTION ( 'NONE',  ( 0.000000000000000000, 1.000000000000000000, 0.000000000000000000 ) ) ;
#786 = ORIENTED_EDGE ( 'NONE', *, *, #1586, .T. ) ;
#787 = CARTESIAN_POINT ( 'NONE',  ( -8.699999999999999289, -0.5516987777013057093, 9.100000000000004974 ) ) ;
#788 = ORIENTED_EDGE ( 'NONE', *, *, #1516, .F. ) ;
#789 = VERTEX_POINT ( 'NONE', #2961 ) ;
#790 = EDGE_CURVE ( 'NONE', #1158, #3738, #335, .T. ) ;
#791 = CIRCLE ( 'NONE', #4031, 3.799999999999999822 ) ;
#792 = SURFACE_STYLE_USAGE ( .BOTH. , #4751 ) ;
#793 = LINE ( 'NONE', #5491, #5178 ) ;
#794 = CARTESIAN_POINT ( 'NONE',  ( 4.031523734920750002, -0.3516987777013036442, -3.941379327861930459 ) ) ;
#795 = PRESENTATION_LAYER_ASSIGNMENT (  '', '', ( #4761 ) ) ;
#796 =( GEOMETRIC_REPRESENTATION_CONTEXT ( 3 ) GLOBAL_UNCERTAINTY_ASSIGNED_CONTEXT ( ( #3471 ) ) GLOBAL_UNIT_ASSIGNED_CONTEXT ( ( #3003, #3959, #4420 ) ) REPRESENTATION_CONTEXT ( 'NONE', 'WORKASPACE' ) );
#797 = SURFACE_STYLE_FILL_AREA ( #256 ) ;
#798 =( NAMED_UNIT ( * ) PLANE_ANGLE_UNIT ( ) SI_UNIT ( $, .RADIAN. ) );
#799 = CARTESIAN_POINT ( 'NONE',  ( 3.111523734920774054, -0.3516987777013036442, -2.466379327861898840 ) ) ;
#800 = CARTESIAN_POINT ( 'NONE',  ( -10.40000000000000213, -1.451698777701299514, -9.599999999999997868 ) ) ;
#801 = ORIENTED_EDGE ( 'NONE', *, *, #3076, .T. ) ;
#802 = FILL_AREA_STYLE_COLOUR ( '', #2763 ) ;
#803 = CARTESIAN_POINT ( 'NONE',  ( 4.031523734920750002, -0.3516987777013036442, 4.058620672138048668 ) ) ;
#804 = AXIS2_PLACEMENT_3D ( 'NONE', #4431, #4341, #5231 ) ;
#805 = FACE_OUTER_BOUND ( 'NONE', #2974, .T. ) ;
#806 = DIRECTION ( 'NONE',  ( 8.659560562354936556E-17, 0.7071067811865473507, -0.7071067811865477948 ) ) ;
#807 = ORIENTED_EDGE ( 'NONE', *, *, #3855, .T. ) ;
#808 =( NAMED_UNIT ( * ) PLANE_ANGLE_UNIT ( ) SI_UNIT ( $, .RADIAN. ) );
#809 =( NAMED_UNIT ( * ) PLANE_ANGLE_UNIT ( ) SI_UNIT ( $, .RADIAN. ) );
#810 =( LENGTH_UNIT ( ) NAMED_UNIT ( * ) SI_UNIT ( .MILLI., .METRE. ) );
#811 = EDGE_CURVE ( 'NONE', #5478, #1847, #1651, .T. ) ;
#812 = ORIENTED_EDGE ( 'NONE', *, *, #5579, .F. ) ;
#813 = CARTESIAN_POINT ( 'NONE',  ( 2.401523734920773645, -0.3516987777013036998, 2.555884316397765144 ) ) ;
#814 = UNCERTAINTY_MEASURE_WITH_UNIT (LENGTH_MEASURE( 1.000000000000000082E-05 ), #4398, 'distance_accuracy_value', 'NONE');
#815 = AXIS2_PLACEMENT_3D ( 'NONE', #687, #3381, #750 ) ;
#816 = FILL_AREA_STYLE_COLOUR ( '', #5165 ) ;
#817 = FACE_BOUND ( 'NONE', #5197, .T. ) ;
#818 = AXIS2_PLACEMENT_3D ( 'NONE', #1557, #2048, #1932 ) ;
#819 = ORIENTED_EDGE ( 'NONE', *, *, #5422, .T. ) ;
#820 = EDGE_CURVE ( 'NONE', #5618, #3906, #4890, .T. ) ;
#821 = ORIENTED_EDGE ( 'NONE', *, *, #2715, .F. ) ;
#822 = VERTEX_POINT ( 'NONE', #364 ) ;
#823 =( BOUNDED_CURVE ( )  B_SPLINE_CURVE ( 3, ( #4839, #1346, #1749, #2594 ),
 .UNSPECIFIED., .F., .T. ) 
 B_SPLINE_CURVE_WITH_KNOTS ( ( 4, 4 ),
 ( 1.570796326794896558, 4.712388980384689674 ),
 .UNSPECIFIED. ) 
 CURVE ( )  GEOMETRIC_REPRESENTATION_ITEM ( )  RATIONAL_B_SPLINE_CURVE ( ( 1.000000000000000000, 0.3333333333333333703, 0.3333333333333333703, 1.000000000000000000 ) ) 
 REPRESENTATION_ITEM ( '' )  );
#824 = UNCERTAINTY_MEASURE_WITH_UNIT (LENGTH_MEASURE( 1.000000000000000082E-05 ), #3280, 'distance_accuracy_value', 'NONE');
#825 = EDGE_CURVE ( 'NONE', #3404, #2703, #2305, .T. ) ;
#826 = VERTEX_POINT ( 'NONE', #1914 ) ;
#827 = LINE ( 'NONE', #1802, #2683 ) ;
#828 = LINE ( 'NONE', #447, #1846 ) ;
#829 = EDGE_LOOP ( 'NONE', ( #844, #2391, #3100, #5665 ) ) ;
#830 = DIRECTION ( 'NONE',  ( -1.000000000000000000, 0.000000000000000000, 8.340016711426957754E-17 ) ) ;
#831 = ADVANCED_FACE ( 'NONE', ( #4230 ), #5523, .F. ) ;
#832 = CARTESIAN_POINT ( 'NONE',  ( 3.931523734920750357, -0.5516987777013030447, 3.958620672138076557 ) ) ;
#833 = SURFACE_SIDE_STYLE ('',( #3574 ) ) ;
#834 = CARTESIAN_POINT ( 'NONE',  ( 2.621523734920773840, -0.3516987777013035887, 2.629463003889801698 ) ) ;
#835 = STYLED_ITEM ( 'NONE', ( #4717 ), #3187 ) ;
#836 = CARTESIAN_POINT ( 'NONE',  ( -3.768476265079227172, 0.09660244459739220080, 12.31031652251692954 ) ) ;
#837 = AXIS2_PLACEMENT_3D ( 'NONE', #4467, #918, #3022 ) ;
#838 = SURFACE_STYLE_USAGE ( .BOTH. , #2999 ) ;
#839 = PLANE ( 'NONE',  #294 ) ;
#840 = ORIENTED_EDGE ( 'NONE', *, *, #3968, .T. ) ;
#841 = FACE_OUTER_BOUND ( 'NONE', #829, .T. ) ;
#842 = FACE_OUTER_BOUND ( 'NONE', #3208, .T. ) ;
#843 = DIRECTION ( 'NONE',  ( 1.000000000000000000, 0.000000000000000000, 0.000000000000000000 ) ) ;
#844 = ORIENTED_EDGE ( 'NONE', *, *, #790, .T. ) ;
#845 = FACE_OUTER_BOUND ( 'NONE', #4348, .T. ) ;
#846 = VECTOR ( 'NONE', #1880, 1000.000000000000000 ) ;
#847 = CARTESIAN_POINT ( 'NONE',  ( 0.7015237349207738005, -0.3516987777013035887, 2.629463003889801698 ) ) ;
#848 = ORIENTED_EDGE ( 'NONE', *, *, #5153, .T. ) ;
#849 = MECHANICAL_DESIGN_GEOMETRIC_PRESENTATION_REPRESENTATION (  '', ( #1943 ), #5636 ) ;
#850 = CARTESIAN_POINT ( 'NONE',  ( 2.831523734920773361, -0.4898948568749438848, 4.793584665980830550 ) ) ;
#851 = ORIENTED_EDGE ( 'NONE', *, *, #1413, .F. ) ;
#852 = ORIENTED_EDGE ( 'NONE', *, *, #269, .T. ) ;
#853 = AXIS2_PLACEMENT_3D ( 'NONE', #5013, #203, #124 ) ;
#854 = EDGE_CURVE ( 'NONE', #1841, #3240, #1594, .T. ) ;
#855 = ORIENTED_EDGE ( 'NONE', *, *, #996, .T. ) ;
#856 = FACE_BOUND ( 'NONE', #1336, .T. ) ;
#857 = LINE ( 'NONE', #3570, #555 ) ;
#858 = CARTESIAN_POINT ( 'NONE',  ( -6.822025473172293041E-33, -0.5516987777013026006, -6.134902700936914678E-17 ) ) ;
#859 = EDGE_CURVE ( 'NONE', #1994, #3562, #4863, .T. ) ;
#860 = VECTOR ( 'NONE', #1487, 1000.000000000000000 ) ;
#861 = CARTESIAN_POINT ( 'NONE',  ( -0.5784762650792262262, -0.3516987777013035887, -2.862221659613599201 ) ) ;
#862 = PRESENTATION_STYLE_ASSIGNMENT (( #1261 ) ) ;
#863 = CARTESIAN_POINT ( 'NONE',  ( -3.468476265079226462, 0.09660244459739220080, 12.16031652251692918 ) ) ;
#864 = CARTESIAN_POINT ( 'NONE',  ( -3.468476265079226017, 0.09660244459739231182, 12.16031652251692918 ) ) ;
#865 = EDGE_CURVE ( 'NONE', #50, #2407, #827, .T. ) ;
#866 = LINE ( 'NONE', #345, #2762 ) ;
#867 = COLOUR_RGB ( '',0.1019607843137254888, 0.1019607843137254888, 0.1019607843137254888 ) ;
#868 = VECTOR ( 'NONE', #3897, 1000.000000000000114 ) ;
#869 = DIRECTION ( 'NONE',  ( 0.000000000000000000, 1.000000000000000000, 1.110223024625156540E-16 ) ) ;
#870 = VECTOR ( 'NONE', #1312, 1000.000000000000000 ) ;
#871 = CARTESIAN_POINT ( 'NONE',  ( 3.381523734920773627, -0.3516987777013036442, -1.940011777741890819 ) ) ;
#872 = VERTEX_POINT ( 'NONE', #3542 ) ;
#873 = CARTESIAN_POINT ( 'NONE',  ( 12.50000000000001599, -0.5516987777012994920, -9.500000000000001776 ) ) ;
#874 =( NAMED_UNIT ( * ) SI_UNIT ( $, .STERADIAN. ) SOLID_ANGLE_UNIT ( ) );
#875 = VERTEX_POINT ( 'NONE', #4439 ) ;
#876 = SURFACE_SIDE_STYLE ('',( #4823 ) ) ;
#877 = UNCERTAINTY_MEASURE_WITH_UNIT (LENGTH_MEASURE( 1.000000000000000082E-05 ), #5212, 'distance_accuracy_value', 'NONE');
#878 = CIRCLE ( 'NONE', #4102, 0.5000000000000004441 ) ;
#879 = CARTESIAN_POINT ( 'NONE',  ( -1.438476265079225769, -0.3516987777013035887, 2.629463003889801698 ) ) ;
#880 = VERTEX_POINT ( 'NONE', #948 ) ;
#881 = CARTESIAN_POINT ( 'NONE',  ( 2.831523734920775581, -0.4292672240158873498, 5.395675838708224425 ) ) ;
#882 = VERTEX_POINT ( 'NONE', #501 ) ;
#883 = VERTEX_POINT ( 'NONE', #913 ) ;
#884 = CARTESIAN_POINT ( 'NONE',  ( 0.7015237349207738005, -0.3516987777013036998, 2.555884316397765144 ) ) ;
#885 = ORIENTED_EDGE ( 'NONE', *, *, #3252, .T. ) ;
#886 = FACE_BOUND ( 'NONE', #3876, .T. ) ;
#887 = DIRECTION ( 'NONE',  ( 1.387778780781444196E-16, -3.330669073875468142E-16, 1.000000000000000000 ) ) ;
#888 = SURFACE_STYLE_USAGE ( .BOTH. , #2093 ) ;
#889 = EDGE_CURVE ( 'NONE', #2313, #1334, #3419, .T. ) ;
#890 = DIRECTION ( 'NONE',  ( 0.000000000000000000, 1.000000000000000000, 1.110223024625156540E-16 ) ) ;
#891 = PRESENTATION_STYLE_ASSIGNMENT (( #1318 ) ) ;
#892 = CARTESIAN_POINT ( 'NONE',  ( 0.3515237349207738782, -0.3516987777013036442, 2.629463003889801698 ) ) ;
#893 = EDGE_CURVE ( 'NONE', #2493, #3215, #60, .T. ) ;
#894 = PRESENTATION_LAYER_ASSIGNMENT (  '', '', ( #428 ) ) ;
#895 = EDGE_CURVE ( 'NONE', #4001, #2313, #4804, .T. ) ;
#896 = CARTESIAN_POINT ( 'NONE',  ( -3.968476265079226017, -0.5516987777013035998, 4.058620672138101959 ) ) ;
#897 = FILL_AREA_STYLE ('',( #5335 ) ) ;
#898 = VERTEX_POINT ( 'NONE', #2179 ) ;
#899 = LINE ( 'NONE', #2190, #3911 ) ;
#900 = ORIENTED_EDGE ( 'NONE', *, *, #4590, .F. ) ;
#901 = CARTESIAN_POINT ( 'NONE',  ( -8.700000000000001066, -0.3516987777013059202, 9.900000000000005684 ) ) ;
#902 = VECTOR ( 'NONE', #2227, 1000.000000000000000 ) ;
#903 = LINE ( 'NONE', #2252, #1080 ) ;
#904 = CARTESIAN_POINT ( 'NONE',  ( 0.1615237349207739592, -0.3516987777013036998, 2.555884316397765144 ) ) ;
#905 = VECTOR ( 'NONE', #4488, 1000.000000000000000 ) ;
#906 = EDGE_LOOP ( 'NONE', ( #5348, #5489 ) ) ;
#907 = DIRECTION ( 'NONE',  ( 0.000000000000000000, 1.000000000000000000, 0.000000000000000000 ) ) ;
#908 = ORIENTED_EDGE ( 'NONE', *, *, #2272, .F. ) ;
#909 = ADVANCED_FACE ( 'NONE', ( #2622, #4349, #1744, #479, #3950, #2264, #389, #4036, #2149, #5298, #1285, #3568, #1315, #2207, #1824, #4834, #3597, #2233, #3921, #5349, #5269, #5703, #1399, #3101, #4010, #2712, #5672, #5326, #3078, #1371, #1713, #886, #2655, #3135, #856, #3976, #4894, #30, #3481, #5235, #4381, #4465, #113, #192, #1477, #1938, #5001, #2791, #2822, #3682, #4178, #1905, #4147, #5463, #3190, #4973, #998, #5487, #1029, #3248, #1848, #4544, #582, #2405, #5431, #2760, #973, #1426, #3624, #3718, #2848 ), #1968, .T. ) ;
#910 = EDGE_LOOP ( 'NONE', ( #496, #4635, #4586, #1531 ) ) ;
#911 = CARTESIAN_POINT ( 'NONE',  ( -9.400000000000000355, -3.051698777701299381, -9.719999999999998863 ) ) ;
#912 = EDGE_LOOP ( 'NONE', ( #2519, #5091, #4658, #5121 ) ) ;
#913 = CARTESIAN_POINT ( 'NONE',  ( 1.080626011731303793, -0.3516987777013036442, 3.208620672138101870 ) ) ;
#914 = DIRECTION ( 'NONE',  ( 0.000000000000000000, 1.000000000000000000, 0.000000000000000000 ) ) ;
#915 = PRESENTATION_STYLE_ASSIGNMENT (( #5510 ) ) ;
#916 = AXIS2_PLACEMENT_3D ( 'NONE', #1786, #3228, #4471 ) ;
#917 = VECTOR ( 'NONE', #2923, 1000.000000000000000 ) ;
#918 = DIRECTION ( 'NONE',  ( 0.000000000000000000, 0.000000000000000000, 1.000000000000000000 ) ) ;
#919 = STYLED_ITEM ( 'NONE', ( #2112 ), #1064 ) ;
#920 = FILL_AREA_STYLE ('',( #5274 ) ) ;
#921 = CARTESIAN_POINT ( 'NONE',  ( -0.8984762650792261773, -0.3516987777013035887, 2.629463003889801698 ) ) ;
#922 = MECHANICAL_DESIGN_GEOMETRIC_PRESENTATION_REPRESENTATION (  '', ( #3690 ), #1649 ) ;
#923 = MECHANICAL_DESIGN_GEOMETRIC_PRESENTATION_REPRESENTATION (  '', ( #3412 ), #1920 ) ;
#924 = EDGE_CURVE ( 'NONE', #4475, #2900, #4091, .T. ) ;
#925 = FACE_OUTER_BOUND ( 'NONE', #1305, .T. ) ;
#926 = DIRECTION ( 'NONE',  ( -0.000000000000000000, 1.000000000000000000, -0.000000000000000000 ) ) ;
#927 = VERTEX_POINT ( 'NONE', #1877 ) ;
#928 = PRESENTATION_STYLE_ASSIGNMENT (( #4393 ) ) ;
#929 = LINE ( 'NONE', #511, #5603 ) ;
#930 = CARTESIAN_POINT ( 'NONE',  ( 0.3515237349207738782, -0.3516987777013036442, -2.862221659613599201 ) ) ;
#931 = ORIENTED_EDGE ( 'NONE', *, *, #5009, .F. ) ;
#932 = FILL_AREA_STYLE ('',( #5364 ) ) ;
#933 = UNCERTAINTY_MEASURE_WITH_UNIT (LENGTH_MEASURE( 1.000000000000000082E-05 ), #1653, 'distance_accuracy_value', 'NONE');
#934 = PRESENTATION_LAYER_ASSIGNMENT (  '', '', ( #4798 ) ) ;
#935 =( NAMED_UNIT ( * ) PLANE_ANGLE_UNIT ( ) SI_UNIT ( $, .RADIAN. ) );
#936 = CARTESIAN_POINT ( 'NONE',  ( 1.441523734920773903, -0.3516987777013035887, 2.629463003889801698 ) ) ;
#937 = VERTEX_POINT ( 'NONE', #3655 ) ;
#938 = AXIS2_PLACEMENT_3D ( 'NONE', #2350, #4016, #1806 ) ;
#939 = ORIENTED_EDGE ( 'NONE', *, *, #5366, .F. ) ;
#940 = CIRCLE ( 'NONE', #4618, 2.300000000000000711 ) ;
#941 = VERTEX_POINT ( 'NONE', #1085 ) ;
#942 = PRESENTATION_STYLE_ASSIGNMENT (( #4915 ) ) ;
#943 = VECTOR ( 'NONE', #4906, 1000.000000000000000 ) ;
#944 = EDGE_CURVE ( 'NONE', #2920, #4800, #525, .T. ) ;
#945 = SURFACE_STYLE_FILL_AREA ( #3213 ) ;
#946 = AXIS2_PLACEMENT_3D ( 'NONE', #528, #2293, #4066 ) ;
#947 = ORIENTED_EDGE ( 'NONE', *, *, #5550, .T. ) ;
#948 = CARTESIAN_POINT ( 'NONE',  ( 3.681523734920773894, -0.3516987777013036442, 0.8017164319438420117 ) ) ;
#949 = LINE ( 'NONE', #4382, #3150 ) ;
#950 = LINE ( 'NONE', #2396, #5652 ) ;
#951 =( GEOMETRIC_REPRESENTATION_CONTEXT ( 3 ) GLOBAL_UNCERTAINTY_ASSIGNED_CONTEXT ( ( #5256 ) ) GLOBAL_UNIT_ASSIGNED_CONTEXT ( ( #2601, #3411, #4276 ) ) REPRESENTATION_CONTEXT ( 'NONE', 'WORKASPACE' ) );
#952 =( NAMED_UNIT ( * ) PLANE_ANGLE_UNIT ( ) SI_UNIT ( $, .RADIAN. ) );
#953 = CARTESIAN_POINT ( 'NONE',  ( 0.1615237349207739592, -0.3516987777013036998, -2.788642972121563091 ) ) ;
#954 = PLANE ( 'NONE',  #1407 ) ;
#955 = COLOUR_RGB ( '',0.2980392156862745057, 0.2980392156862745057, 0.2980392156862745057 ) ;
#956 = SURFACE_STYLE_USAGE ( .BOTH. , #4019 ) ;
#957 = DIRECTION ( 'NONE',  ( 0.000000000000000000, 0.000000000000000000, -1.000000000000000000 ) ) ;
#958 = STYLED_ITEM ( 'NONE', ( #3608 ), #4516 ) ;
#959 = CARTESIAN_POINT ( 'NONE',  ( 0.7015237349207738005, -0.3516987777013036998, -2.788642972121563091 ) ) ;
#960 = CARTESIAN_POINT ( 'NONE',  ( 1.821523734920773574, -0.3516987777013035887, 2.629463003889801698 ) ) ;
#961 = ORIENTED_EDGE ( 'NONE', *, *, #1596, .T. ) ;
#962 = CARTESIAN_POINT ( 'NONE',  ( -7.479999999999999538, -0.3516987777013056982, 9.100000000000006750 ) ) ;
#963 = EDGE_CURVE ( 'NONE', #3505, #85, #2121, .T. ) ;
#964 = VECTOR ( 'NONE', #3064, 1000.000000000000000 ) ;
#965 = CONICAL_SURFACE ( 'NONE', #2432, 1.000000000000000000, 0.7853981633974485010 ) ;
#966 = ORIENTED_EDGE ( 'NONE', *, *, #4572, .T. ) ;
#967 = VERTEX_POINT ( 'NONE', #2288 ) ;
#968 = VERTEX_POINT ( 'NONE', #2054 ) ;
#969 = FACE_OUTER_BOUND ( 'NONE', #4886, .T. ) ;
#970 = COLOUR_RGB ( '',1.000000000000000000, 0.6666666666666666297, 0.1843137254901960898 ) ;
#971 = ADVANCED_FACE ( 'NONE', ( #4201 ), #1165, .T. ) ;
#972 = VERTEX_POINT ( 'NONE', #4259 ) ;
#973 = FACE_BOUND ( 'NONE', #1297, .T. ) ;
#974 = EDGE_CURVE ( 'NONE', #1798, #1219, #3305, .T. ) ;
#975 = LINE ( 'NONE', #114, #28 ) ;
#976 = CARTESIAN_POINT ( 'NONE',  ( 1.963478986950355942, -0.3516987777013036442, -3.291379327861898130 ) ) ;
#977 = B_SPLINE_CURVE_WITH_KNOTS ( 'NONE', 3,
 ( #4372, #2141, #850, #881, #2614, #1796, #3534, #2649, #414 ),
 .UNSPECIFIED., .F., .F.,
 ( 4, 1, 1, 1, 1, 1, 4 ),
 ( 0.000000000000000000, 0.1400000000000000411, 0.2799999999999997491, 0.4200000000000002620, 0.5599999999978950704, 0.7800000000001622302, 1.000000000000000000 ),
 .UNSPECIFIED. ) ;
#978 = CARTESIAN_POINT ( 'NONE',  ( 0.3515237349207738782, -0.3516987777013036442, -2.862221659613599201 ) ) ;
#979 = CARTESIAN_POINT ( 'NONE',  ( 10.40000000000000036, -3.851698777701299647, -9.500000000000001776 ) ) ;
#980 = SURFACE_SIDE_STYLE ('',( #4101 ) ) ;
#981 =( NAMED_UNIT ( * ) PLANE_ANGLE_UNIT ( ) SI_UNIT ( $, .RADIAN. ) );
#982 =( LENGTH_UNIT ( ) NAMED_UNIT ( * ) SI_UNIT ( .MILLI., .METRE. ) );
#983 = LINE ( 'NONE', #4956, #355 ) ;
#984 = CARTESIAN_POINT ( 'NONE',  ( 0.3515237349207738782, -0.3516987777013036442, -2.862221659613599201 ) ) ;
#985 = ORIENTED_EDGE ( 'NONE', *, *, #5408, .T. ) ;
#986 =( NAMED_UNIT ( * ) SI_UNIT ( $, .STERADIAN. ) SOLID_ANGLE_UNIT ( ) );
#987 = AXIS2_PLACEMENT_3D ( 'NONE', #2540, #1183, #1665 ) ;
#988 = CARTESIAN_POINT ( 'NONE',  ( 0.03152373492077432254, 2.698301222298696178, 3.858620672138101337 ) ) ;
#989 = EDGE_CURVE ( 'NONE', #1697, #937, #3335, .T. ) ;
#990 = ORIENTED_EDGE ( 'NONE', *, *, #5050, .F. ) ;
#991 = DIRECTION ( 'NONE',  ( -0.000000000000000000, -0.000000000000000000, -1.000000000000000000 ) ) ;
#992 = ORIENTED_EDGE ( 'NONE', *, *, #924, .F. ) ;
#993 = ORIENTED_EDGE ( 'NONE', *, *, #4233, .T. ) ;
#994 = SURFACE_STYLE_FILL_AREA ( #5345 ) ;
#995 = DIRECTION ( 'NONE',  ( -0.000000000000000000, 1.000000000000000000, -0.000000000000000000 ) ) ;
#996 = EDGE_CURVE ( 'NONE', #2162, #2225, #2955, .T. ) ;
#997 = VERTEX_POINT ( 'NONE', #1588 ) ;
#998 = FACE_BOUND ( 'NONE', #2711, .T. ) ;
#999 = CARTESIAN_POINT ( 'NONE',  ( 0.03152373492077385764, 3.598301222298696089, 0.05862067213810127214 ) ) ;
#1000 = SURFACE_STYLE_USAGE ( .BOTH. , #4574 ) ;
#1001 = EDGE_CURVE ( 'NONE', #3669, #2171, #5578, .T. ) ;
#1002 = EDGE_CURVE ( 'NONE', #3453, #968, #667, .T. ) ;
#1003 = LINE ( 'NONE', #2411, #4625 ) ;
#1004 = PLANE ( 'NONE',  #1779 ) ;
#1005 = LINE ( 'NONE', #2772, #5561 ) ;
#1006 = OPEN_SHELL ( 'NONE', ( #1676, #3778, #4770, #3643, #1107, #5093, #3191, #5429, #5641, #49, #4644, #2122, #2166, #1304, #553, #971, #1177 ) ) ;
#1007 = VECTOR ( 'NONE', #1766, 1000.000000000000000 ) ;
#1008 =( LENGTH_UNIT ( ) NAMED_UNIT ( * ) SI_UNIT ( .MILLI., .METRE. ) );
#1009 = DIRECTION ( 'NONE',  ( -3.252606517456513302E-16, 0.000000000000000000, 1.000000000000000000 ) ) ;
#1010 = DIRECTION ( 'NONE',  ( 1.000000000000000000, -0.000000000000000000, 0.000000000000000000 ) ) ;
#1011 = DIRECTION ( 'NONE',  ( 0.000000000000000000, 1.000000000000000000, 0.000000000000000000 ) ) ;
#1012 = AXIS2_PLACEMENT_3D ( 'NONE', #465, #5340, #48 ) ;
#1013 = ORIENTED_EDGE ( 'NONE', *, *, #790, .F. ) ;
#1014 = FILL_AREA_STYLE ('',( #1435 ) ) ;
#1015 = LINE ( 'NONE', #2007, #1520 ) ;
#1016 = CARTESIAN_POINT ( 'NONE',  ( -1.438476265079225769, -0.3516987777013036998, -2.788642972121563091 ) ) ;
#1017 =( LENGTH_UNIT ( ) NAMED_UNIT ( * ) SI_UNIT ( .MILLI., .METRE. ) );
#1018 = ORIENTED_EDGE ( 'NONE', *, *, #2657, .T. ) ;
#1019 = SURFACE_STYLE_FILL_AREA ( #3183 ) ;
#1020 = ORIENTED_EDGE ( 'NONE', *, *, #4634, .T. ) ;
#1021 = VECTOR ( 'NONE', #4384, 1000.000000000000000 ) ;
#1022 = VERTEX_POINT ( 'NONE', #4311 ) ;
#1023 = CARTESIAN_POINT ( 'NONE',  ( -10.40000000000000036, -3.851698777701299647, -9.719999999999998863 ) ) ;
#1024 = CARTESIAN_POINT ( 'NONE',  ( 3.331523734920773805, 0.3966024445973921342, 8.310316522516931315 ) ) ;
#1025 = MECHANICAL_DESIGN_GEOMETRIC_PRESENTATION_REPRESENTATION (  '', ( #3513 ), #3235 ) ;
#1026 =( GEOMETRIC_REPRESENTATION_CONTEXT ( 3 ) GLOBAL_UNCERTAINTY_ASSIGNED_CONTEXT ( ( #2667 ) ) GLOBAL_UNIT_ASSIGNED_CONTEXT ( ( #3310, #1088, #5063 ) ) REPRESENTATION_CONTEXT ( 'NONE', 'WORKASPACE' ) );
#1027 = EDGE_LOOP ( 'NONE', ( #3975, #3964 ) ) ;
#1028 = MECHANICAL_DESIGN_GEOMETRIC_PRESENTATION_REPRESENTATION (  '', ( #4343 ), #4255 ) ;
#1029 = FACE_BOUND ( 'NONE', #759, .T. ) ;
#1030 = LINE ( 'NONE', #3683, #2186 ) ;
#1031 = FILL_AREA_STYLE_COLOUR ( '', #2478 ) ;
#1032 = EDGE_CURVE ( 'NONE', #440, #2821, #2525, .T. ) ;
#1033 = VECTOR ( 'NONE', #4418, 1000.000000000000000 ) ;
#1034 = SURFACE_SIDE_STYLE ('',( #4096 ) ) ;
#1035 = CARTESIAN_POINT ( 'NONE',  ( -10.50000000000000000, -1.451698777701302623, 3.328303898240675067E-15 ) ) ;
#1036 = EDGE_CURVE ( 'NONE', #1419, #5660, #2495, .T. ) ;
#1037 = DIRECTION ( 'NONE',  ( 1.000000000000000000, -6.933347799794049071E-32, 2.081668171172169006E-16 ) ) ;
#1038 = VECTOR ( 'NONE', #5161, 1000.000000000000000 ) ;
#1039 = PLANE ( 'NONE',  #916 ) ;
#1040 = LINE ( 'NONE', #5041, #561 ) ;
#1041 = LINE ( 'NONE', #4048, #3617 ) ;
#1042 = DIRECTION ( 'NONE',  ( 0.000000000000000000, -1.000000000000000000, -1.110223024625156540E-16 ) ) ;
#1043 = VECTOR ( 'NONE', #484, 1000.000000000000000 ) ;
#1044 = VERTEX_POINT ( 'NONE', #2491 ) ;
#1045 = CARTESIAN_POINT ( 'NONE',  ( -10.40000000000000213, -1.451698777701299514, -9.599999999999997868 ) ) ;
#1046 = DIRECTION ( 'NONE',  ( -0.000000000000000000, -1.000000000000000000, -0.000000000000000000 ) ) ;
#1047 = CARTESIAN_POINT ( 'NONE',  ( 1.601523734920773823, -0.3516987777013035887, -2.862221659613599201 ) ) ;
#1048 = MECHANICAL_DESIGN_GEOMETRIC_PRESENTATION_REPRESENTATION (  '', ( #4369 ), #5465 ) ;
#1049 = EDGE_LOOP ( 'NONE', ( #771, #4087, #445 ) ) ;
#1050 =( LENGTH_UNIT ( ) NAMED_UNIT ( * ) SI_UNIT ( .MILLI., .METRE. ) );
#1051 = ORIENTED_EDGE ( 'NONE', *, *, #4563, .T. ) ;
#1052 = ORIENTED_EDGE ( 'NONE', *, *, #1767, .T. ) ;
#1053 = CARTESIAN_POINT ( 'NONE',  ( -10.50000000000000000, -1.451698777701302845, 1.050000000000003597 ) ) ;
#1054 = MECHANICAL_DESIGN_GEOMETRIC_PRESENTATION_REPRESENTATION (  '', ( #3359 ), #5005 ) ;
#1055 = SURFACE_STYLE_FILL_AREA ( #5485 ) ;
#1056 = ORIENTED_EDGE ( 'NONE', *, *, #1621, .F. ) ;
#1057 = SURFACE_STYLE_FILL_AREA ( #1532 ) ;
#1058 =( GEOMETRIC_REPRESENTATION_CONTEXT ( 3 ) GLOBAL_UNCERTAINTY_ASSIGNED_CONTEXT ( ( #5083 ) ) GLOBAL_UNIT_ASSIGNED_CONTEXT ( ( #2043, #2011, #3737 ) ) REPRESENTATION_CONTEXT ( 'NONE', 'WORKASPACE' ) );
#1059 = AXIS2_PLACEMENT_3D ( 'NONE', #2688, #5279, #2720 ) ;
#1060 = PLANE ( 'NONE',  #2565 ) ;
#1061 = DIRECTION ( 'NONE',  ( 0.000000000000000000, -0.000000000000000000, -1.000000000000000000 ) ) ;
#1062 =( GEOMETRIC_REPRESENTATION_CONTEXT ( 3 ) GLOBAL_UNCERTAINTY_ASSIGNED_CONTEXT ( ( #297 ) ) GLOBAL_UNIT_ASSIGNED_CONTEXT ( ( #2022, #4661, #4684 ) ) REPRESENTATION_CONTEXT ( 'NONE', 'WORKASPACE' ) );
#1063 = CARTESIAN_POINT ( 'NONE',  ( 0.3515237349207738782, -0.3516987777013036442, 2.629463003889801698 ) ) ;
#1064 = ADVANCED_FACE ( 'NONE', ( #3389 ), #246, .T. ) ;
#1065 = CARTESIAN_POINT ( 'NONE',  ( -0.4184762650792261396, -0.3516987777013036998, 2.555884316397764700 ) ) ;
#1066 = PRESENTATION_STYLE_ASSIGNMENT (( #5008 ) ) ;
#1067 = CARTESIAN_POINT ( 'NONE',  ( -0.4784762650792260263, -0.3516987777013035887, -2.862221659613599201 ) ) ;
#1068 = EDGE_CURVE ( 'NONE', #456, #3913, #5319, .T. ) ;
#1069 = CARTESIAN_POINT ( 'NONE',  ( 0.5415237349207737694, -0.3516987777013035887, -2.862221659613599201 ) ) ;
#1070 = CARTESIAN_POINT ( 'NONE',  ( -1.699927705371577558, -0.3516987777013036442, -3.291379327861898130 ) ) ;
#1071 = ORIENTED_EDGE ( 'NONE', *, *, #2839, .T. ) ;
#1072 = CYLINDRICAL_SURFACE ( 'NONE', #4537, 1.050000000000000488 ) ;
#1073 = CARTESIAN_POINT ( 'NONE',  ( -3.868476265079257015, -0.5516987777013022676, -3.841379327861929482 ) ) ;
#1074 = DIRECTION ( 'NONE',  ( 0.000000000000000000, 1.000000000000000000, 1.110223024625156540E-16 ) ) ;
#1075 = CARTESIAN_POINT ( 'NONE',  ( 0.3515237349207738782, -0.3516987777013036442, 2.629463003889801698 ) ) ;
#1076 = ORIENTED_EDGE ( 'NONE', *, *, #1084, .T. ) ;
#1077 = DIRECTION ( 'NONE',  ( 0.000000000000000000, 0.000000000000000000, 1.000000000000000000 ) ) ;
#1078 = ORIENTED_EDGE ( 'NONE', *, *, #2661, .T. ) ;
#1079 = CARTESIAN_POINT ( 'NONE',  ( 1.661523734920773876, -0.3516987777013036998, 2.555884316397765144 ) ) ;
#1080 = VECTOR ( 'NONE', #3967, 1000.000000000000000 ) ;
#1081 = CARTESIAN_POINT ( 'NONE',  ( 3.531523734920773983, -0.9033975554026072441, 8.460316522516931670 ) ) ;
#1082 = DIRECTION ( 'NONE',  ( 0.000000000000000000, 3.330669073875469128E-16, -1.000000000000000000 ) ) ;
#1083 = EDGE_LOOP ( 'NONE', ( #5263, #4504, #2018 ) ) ;
#1084 = EDGE_CURVE ( 'NONE', #4888, #927, #4698, .T. ) ;
#1085 = CARTESIAN_POINT ( 'NONE',  ( -9.400000000000000355, -3.051698777701299381, -9.500000000000000000 ) ) ;
#1086 = CARTESIAN_POINT ( 'NONE',  ( 10.40000000000000036, -3.851698777701301424, -4.000000000000000888 ) ) ;
#1087 = EDGE_LOOP ( 'NONE', ( #5033, #1734 ) ) ;
#1088 =( NAMED_UNIT ( * ) PLANE_ANGLE_UNIT ( ) SI_UNIT ( $, .RADIAN. ) );
#1089 = VECTOR ( 'NONE', #2066, 1000.000000000000000 ) ;
#1090 = CARTESIAN_POINT ( 'NONE',  ( 0.3515237349207738782, -0.3516987777013036442, 2.629463003889801698 ) ) ;
#1091 = CARTESIAN_POINT ( 'NONE',  ( 1.341523734920773814, -0.3516987777013036998, 2.555884316397765144 ) ) ;
#1092 = CARTESIAN_POINT ( 'NONE',  ( 0.03152373492077385764, 3.598301222298696089, -3.741379327861898751 ) ) ;
#1093 = DIRECTION ( 'NONE',  ( -0.000000000000000000, -0.000000000000000000, 1.000000000000000000 ) ) ;
#1094 = DIRECTION ( 'NONE',  ( -0.000000000000000000, -1.000000000000000000, -0.000000000000000000 ) ) ;
#1095 = EDGE_LOOP ( 'NONE', ( #2341, #2485, #5392, #4335 ) ) ;
#1096 = FILL_AREA_STYLE_COLOUR ( '', #2040 ) ;
#1097 = DIRECTION ( 'NONE',  ( 0.000000000000000000, 1.000000000000000000, 0.000000000000000000 ) ) ;
#1098 = STYLED_ITEM ( 'NONE', ( #4046 ), #746 ) ;
#1099 = EDGE_CURVE ( 'NONE', #5254, #1253, #1195, .T. ) ;
#1100 = LINE ( 'NONE', #684, #4511 ) ;
#1101 = CARTESIAN_POINT ( 'NONE',  ( 3.831523734920773361, 0.3966024445973921342, 8.310316522516931315 ) ) ;
#1102 = ORIENTED_EDGE ( 'NONE', *, *, #1655, .T. ) ;
#1103 = ORIENTED_EDGE ( 'NONE', *, *, #1391, .T. ) ;
#1104 = SURFACE_STYLE_USAGE ( .BOTH. , #5513 ) ;
#1105 = UNCERTAINTY_MEASURE_WITH_UNIT (LENGTH_MEASURE( 1.000000000000000082E-05 ), #2854, 'distance_accuracy_value', 'NONE');
#1106 = CARTESIAN_POINT ( 'NONE',  ( 4.031523734920750002, 2.698301222298696178, 4.058620672138048668 ) ) ;
#1107 = ADVANCED_FACE ( 'NONE', ( #3011 ), #4774, .F. ) ;
#1108 = ORIENTED_EDGE ( 'NONE', *, *, #4204, .F. ) ;
#1109 = DIRECTION ( 'NONE',  ( 1.000000000000000000, 0.000000000000000000, 0.000000000000000000 ) ) ;
#1110 = VERTEX_POINT ( 'NONE', #383 ) ;
#1111 = COLOUR_RGB ( '',0.2980392156862745057, 0.2980392156862745057, 0.2980392156862745057 ) ;
#1112 = EDGE_CURVE ( 'NONE', #2175, #270, #468, .T. ) ;
#1113 = PRESENTATION_LAYER_ASSIGNMENT (  '', '', ( #4343 ) ) ;
#1114 = FILL_AREA_STYLE_COLOUR ( '', #2409 ) ;
#1115 = CARTESIAN_POINT ( 'NONE',  ( 1.761523734920773743, -0.3516987777013035887, 2.629463003889801698 ) ) ;
#1116 = MECHANICAL_DESIGN_GEOMETRIC_PRESENTATION_REPRESENTATION (  '', ( #5354 ), #3430 ) ;
#1117 = DIRECTION ( 'NONE',  ( -0.000000000000000000, -1.000000000000000000, -0.000000000000000000 ) ) ;
#1118 = DIRECTION ( 'NONE',  ( 0.000000000000000000, 0.000000000000000000, -1.000000000000000000 ) ) ;
#1119 = CARTESIAN_POINT ( 'NONE',  ( 1.121523734920773840, -0.3516987777013035887, -2.862221659613599201 ) ) ;
#1120 = ORIENTED_EDGE ( 'NONE', *, *, #4176, .F. ) ;
#1121 = FILL_AREA_STYLE ('',( #4616 ) ) ;
#1122 = VECTOR ( 'NONE', #3295, 1000.000000000000000 ) ;
#1123 = DIRECTION ( 'NONE',  ( -1.000000000000000000, 0.000000000000000000, 0.000000000000000000 ) ) ;
#1124 = FACE_OUTER_BOUND ( 'NONE', #1743, .T. ) ;
#1125 = STYLED_ITEM ( 'NONE', ( #3674 ), #3684 ) ;
#1126 = DIRECTION ( 'NONE',  ( 0.000000000000000000, 1.000000000000000000, 1.110223024625156540E-16 ) ) ;
#1127 = VERTEX_POINT ( 'NONE', #2172 ) ;
#1128 = SURFACE_STYLE_USAGE ( .BOTH. , #2919 ) ;
#1129 = DIRECTION ( 'NONE',  ( -0.000000000000000000, -1.000000000000000000, -0.000000000000000000 ) ) ;
#1130 = EDGE_CURVE ( 'NONE', #1982, #1328, #977, .T. ) ;
#1131 = VERTEX_POINT ( 'NONE', #3914 ) ;
#1132 = FACE_OUTER_BOUND ( 'NONE', #443, .T. ) ;
#1133 = CARTESIAN_POINT ( 'NONE',  ( 10.40000000000000036, -1.451698777701299514, -9.500000000000001776 ) ) ;
#1134 = AXIS2_PLACEMENT_3D ( 'NONE', #538, #2301, #5414 ) ;
#1135 = FACE_OUTER_BOUND ( 'NONE', #79, .T. ) ;
#1136 = ORIENTED_EDGE ( 'NONE', *, *, #2515, .F. ) ;
#1137 = EDGE_CURVE ( 'NONE', #4800, #2990, #4402, .T. ) ;
#1138 = MECHANICAL_DESIGN_GEOMETRIC_PRESENTATION_REPRESENTATION (  '', ( #4006 ), #4462 ) ;
#1139 = ORIENTED_EDGE ( 'NONE', *, *, #317, .T. ) ;
#1140 = PRESENTATION_LAYER_ASSIGNMENT (  '', '', ( #1125 ) ) ;
#1141 = VECTOR ( 'NONE', #4871, 1000.000000000000000 ) ;
#1142 = EDGE_CURVE ( 'NONE', #1609, #4680, #3504, .T. ) ;
#1143 = MECHANICAL_DESIGN_GEOMETRIC_PRESENTATION_REPRESENTATION (  '', ( #2722 ), #4652 ) ;
#1144 =( NAMED_UNIT ( * ) SI_UNIT ( $, .STERADIAN. ) SOLID_ANGLE_UNIT ( ) );
#1145 = EDGE_LOOP ( 'NONE', ( #4218, #222, #518, #2986, #2779, #4119, #4363, #1284 ) ) ;
#1146 = VECTOR ( 'NONE', #609, 1000.000000000000000 ) ;
#1147 = LINE ( 'NONE', #4730, #3704 ) ;
#1148 = PRESENTATION_STYLE_ASSIGNMENT (( #3314 ) ) ;
#1149 = EDGE_CURVE ( 'NONE', #4286, #5318, #3019, .T. ) ;
#1150 = SURFACE_STYLE_USAGE ( .BOTH. , #3808 ) ;
#1151 = VERTEX_POINT ( 'NONE', #2310 ) ;
#1152 =( LENGTH_UNIT ( ) NAMED_UNIT ( * ) SI_UNIT ( .MILLI., .METRE. ) );
#1153 = SURFACE_SIDE_STYLE ('',( #3759 ) ) ;
#1154 = FACE_OUTER_BOUND ( 'NONE', #2871, .T. ) ;
#1155 = ORIENTED_EDGE ( 'NONE', *, *, #2899, .F. ) ;
#1156 = SURFACE_STYLE_FILL_AREA ( #2016 ) ;
#1157 = DIRECTION ( 'NONE',  ( 0.000000000000000000, 0.000000000000000000, 1.000000000000000000 ) ) ;
#1158 = VERTEX_POINT ( 'NONE', #629 ) ;
#1159 = UNCERTAINTY_MEASURE_WITH_UNIT (LENGTH_MEASURE( 1.000000000000000082E-05 ), #3723, 'distance_accuracy_value', 'NONE');
#1160 = DIRECTION ( 'NONE',  ( 0.000000000000000000, 0.000000000000000000, -1.000000000000000000 ) ) ;
#1161 = CARTESIAN_POINT ( 'NONE',  ( 0.8015237349207738893, -0.3516987777013035887, 2.629463003889801698 ) ) ;
#1162 = EDGE_CURVE ( 'NONE', #303, #1044, #2340, .T. ) ;
#1163 = EDGE_LOOP ( 'NONE', ( #3846, #5221 ) ) ;
#1164 =( BOUNDED_CURVE ( )  B_SPLINE_CURVE ( 3, ( #3075, #280, #310, #3835 ),
 .UNSPECIFIED., .F., .T. ) 
 B_SPLINE_CURVE_WITH_KNOTS ( ( 4, 4 ),
 ( 1.570796326794896558, 4.712388980384689674 ),
 .UNSPECIFIED. ) 
 CURVE ( )  GEOMETRIC_REPRESENTATION_ITEM ( )  RATIONAL_B_SPLINE_CURVE ( ( 1.000000000000000000, 0.3333333333333333703, 0.3333333333333333703, 1.000000000000000000 ) ) 
 REPRESENTATION_ITEM ( '' )  );
#1165 = SPHERICAL_SURFACE ( 'NONE', #3408, 2.003124999999998934 ) ;
#1166 = APPLICATION_PROTOCOL_DEFINITION ( 'draft international standard', 'automotive_design', 1998, #5141 ) ;
#1167 = UNCERTAINTY_MEASURE_WITH_UNIT (LENGTH_MEASURE( 1.000000000000000082E-05 ), #2019, 'distance_accuracy_value', 'NONE');
#1168 = VECTOR ( 'NONE', #5567, 1000.000000000000000 ) ;
#1169 = VERTEX_POINT ( 'NONE', #2395 ) ;
#1170 = VERTEX_POINT ( 'NONE', #3272 ) ;
#1171 = UNCERTAINTY_MEASURE_WITH_UNIT (LENGTH_MEASURE( 1.000000000000000082E-05 ), #1685, 'distance_accuracy_value', 'NONE');
#1172 = EDGE_CURVE ( 'NONE', #2925, #3016, #4911, .T. ) ;
#1173 =( GEOMETRIC_REPRESENTATION_CONTEXT ( 3 ) GLOBAL_UNCERTAINTY_ASSIGNED_CONTEXT ( ( #5602 ) ) GLOBAL_UNIT_ASSIGNED_CONTEXT ( ( #570, #153, #2809 ) ) REPRESENTATION_CONTEXT ( 'NONE', 'WORKASPACE' ) );
#1174 = CARTESIAN_POINT ( 'NONE',  ( 2.301523734920774000, -0.3516987777013036998, -2.788642972121563091 ) ) ;
#1175 = DIRECTION ( 'NONE',  ( 0.000000000000000000, 1.000000000000000000, 1.110223024625156540E-16 ) ) ;
#1176 =( LENGTH_UNIT ( ) NAMED_UNIT ( * ) SI_UNIT ( .MILLI., .METRE. ) );
#1177 = ADVANCED_FACE ( 'NONE', ( #3708 ), #4492, .F. ) ;
#1178 = CARTESIAN_POINT ( 'NONE',  ( 0.6415237349207739692, -0.3516987777013035887, 2.629463003889801698 ) ) ;
#1179 =( LENGTH_UNIT ( ) NAMED_UNIT ( * ) SI_UNIT ( .MILLI., .METRE. ) );
#1180 = CARTESIAN_POINT ( 'NONE',  ( -3.968476265079257548, 0.2483012222986963058, 4.058620672138077090 ) ) ;
#1181 = SURFACE_SIDE_STYLE ('',( #2472 ) ) ;
#1182 = EDGE_LOOP ( 'NONE', ( #3072, #3971 ) ) ;
#1183 = DIRECTION ( 'NONE',  ( 0.000000000000000000, -1.000000000000000000, -3.330669073875468142E-16 ) ) ;
#1184 = CARTESIAN_POINT ( 'NONE',  ( 3.381523734920773627, -0.3516987777013036442, 0.2017164319438422004 ) ) ;
#1185 = CARTESIAN_POINT ( 'NONE',  ( -2.768476265079225840, -0.4898948568749438848, 4.793584665980830550 ) ) ;
#1186 = ORIENTED_EDGE ( 'NONE', *, *, #260, .T. ) ;
#1187 = DIRECTION ( 'NONE',  ( 0.000000000000000000, 1.000000000000000000, 1.110223024625156540E-16 ) ) ;
#1188 = ORIENTED_EDGE ( 'NONE', *, *, #811, .F. ) ;
#1189 = CARTESIAN_POINT ( 'NONE',  ( 2.721523734920773485, -0.3516987777013036998, 2.555884316397765144 ) ) ;
#1190 =( BOUNDED_CURVE ( )  B_SPLINE_CURVE ( 3, ( #1415, #3180, #4934, #4503 ),
 .UNSPECIFIED., .F., .T. ) 
 B_SPLINE_CURVE_WITH_KNOTS ( ( 4, 4 ),
 ( 1.570796326794896558, 4.712388980384689674 ),
 .UNSPECIFIED. ) 
 CURVE ( )  GEOMETRIC_REPRESENTATION_ITEM ( )  RATIONAL_B_SPLINE_CURVE ( ( 1.000000000000000000, 0.3333333333333333703, 0.3333333333333333703, 1.000000000000000000 ) ) 
 REPRESENTATION_ITEM ( '' )  );
#1191 = SURFACE_STYLE_USAGE ( .BOTH. , #3445 ) ;
#1192 = VECTOR ( 'NONE', #2139, 1000.000000000000000 ) ;
#1193 = MECHANICAL_DESIGN_GEOMETRIC_PRESENTATION_REPRESENTATION (  '', ( #2201 ), #1430 ) ;
#1194 = VERTEX_POINT ( 'NONE', #3209 ) ;
#1195 = CIRCLE ( 'NONE', #3232, 2.750000000000000444 ) ;
#1196 = SURFACE_STYLE_USAGE ( .BOTH. , #359 ) ;
#1197 = ORIENTED_EDGE ( 'NONE', *, *, #1383, .T. ) ;
#1198 = ORIENTED_EDGE ( 'NONE', *, *, #4830, .F. ) ;
#1199 = VECTOR ( 'NONE', #3912, 1000.000000000000000 ) ;
#1200 = PRESENTATION_LAYER_ASSIGNMENT (  '', '', ( #3412 ) ) ;
#1201 = CARTESIAN_POINT ( 'NONE',  ( 10.50000000000000000, -0.5516987777013026006, 3.428223970456939392E-15 ) ) ;
#1202 = SURFACE_STYLE_USAGE ( .BOTH. , #2061 ) ;
#1203 = ADVANCED_FACE ( 'NONE', ( #4565 ), #5369, .F. ) ;
#1204 = PRESENTATION_LAYER_ASSIGNMENT (  '', '', ( #1565 ) ) ;
#1205 = SURFACE_STYLE_USAGE ( .BOTH. , #5154 ) ;
#1206 = CARTESIAN_POINT ( 'NONE',  ( -10.40000000000000036, -3.851698777701299647, -9.500000000000000000 ) ) ;
#1207 =( LENGTH_UNIT ( ) NAMED_UNIT ( * ) SI_UNIT ( .MILLI., .METRE. ) );
#1208 = FILL_AREA_STYLE ('',( #2631 ) ) ;
#1209 = CARTESIAN_POINT ( 'NONE',  ( 0.3515237349207738782, -0.3516987777013036442, -2.862221659613599201 ) ) ;
#1210 = EDGE_CURVE ( 'NONE', #880, #5415, #3618, .T. ) ;
#1211 = ORIENTED_EDGE ( 'NONE', *, *, #5551, .F. ) ;
#1212 = SURFACE_STYLE_FILL_AREA ( #706 ) ;
#1213 = CARTESIAN_POINT ( 'NONE',  ( -1.698476265079226000, -0.3516987777013035887, -2.862221659613599201 ) ) ;
#1214 = CARTESIAN_POINT ( 'NONE',  ( -2.768476265079226284, -0.4761866003033892736, 4.319133532761401995 ) ) ;
#1215 = ORIENTED_EDGE ( 'NONE', *, *, #3397, .T. ) ;
#1216 =( NAMED_UNIT ( * ) PLANE_ANGLE_UNIT ( ) SI_UNIT ( $, .RADIAN. ) );
#1217 = DIRECTION ( 'NONE',  ( -3.073292464447715261E-32, -1.000000000000000000, -3.330669073875468142E-16 ) ) ;
#1218 = AXIS2_PLACEMENT_3D ( 'NONE', #2862, #2366, #1869 ) ;
#1219 = VERTEX_POINT ( 'NONE', #4966 ) ;
#1220 = UNCERTAINTY_MEASURE_WITH_UNIT (LENGTH_MEASURE( 1.000000000000000082E-05 ), #4771, 'distance_accuracy_value', 'NONE');
#1221 = FACE_OUTER_BOUND ( 'NONE', #2015, .T. ) ;
#1222 = CYLINDRICAL_SURFACE ( 'NONE', #452, 1.050000000000000488 ) ;
#1223 = ORIENTED_EDGE ( 'NONE', *, *, #3044, .T. ) ;
#1224 = SURFACE_SIDE_STYLE ('',( #2554 ) ) ;
#1225 = EDGE_LOOP ( 'NONE', ( #5122, #3349, #1630, #4917 ) ) ;
#1226 = ORIENTED_EDGE ( 'NONE', *, *, #2564, .F. ) ;
#1227 =( BOUNDED_CURVE ( )  B_SPLINE_CURVE ( 3, ( #2623, #5673, #2589, #3079 ),
 .UNSPECIFIED., .F., .T. ) 
 B_SPLINE_CURVE_WITH_KNOTS ( ( 4, 4 ),
 ( 1.570796326794896558, 4.712388980384689674 ),
 .UNSPECIFIED. ) 
 CURVE ( )  GEOMETRIC_REPRESENTATION_ITEM ( )  RATIONAL_B_SPLINE_CURVE ( ( 1.000000000000000000, 0.3333333333333333703, 0.3333333333333333703, 1.000000000000000000 ) ) 
 REPRESENTATION_ITEM ( '' )  );
#1228 = COLOUR_RGB ( '',0.1019607843137254888, 0.1019607843137254888, 0.1019607843137254888 ) ;
#1229 = STYLED_ITEM ( 'NONE', ( #928 ), #4413 ) ;
#1230 = DIRECTION ( 'NONE',  ( 0.000000000000000000, 3.330669073875468635E-16, -1.000000000000000000 ) ) ;
#1231 = ORIENTED_EDGE ( 'NONE', *, *, #3397, .F. ) ;
#1232 = VECTOR ( 'NONE', #4866, 1000.000000000000000 ) ;
#1233 = ADVANCED_FACE ( 'NONE', ( #4538 ), #1524, .T. ) ;
#1234 = CARTESIAN_POINT ( 'NONE',  ( 10.40000000000000036, -1.951698777701299292, -9.720000000000000639 ) ) ;
#1235 = DIRECTION ( 'NONE',  ( 0.000000000000000000, 0.000000000000000000, -1.000000000000000000 ) ) ;
#1236 = CARTESIAN_POINT ( 'NONE',  ( -0.7984762650792259775, -0.3516987777013035887, -2.862221659613599201 ) ) ;
#1237 = AXIS2_PLACEMENT_3D ( 'NONE', #1471, #1445, #3680 ) ;
#1238 = VERTEX_POINT ( 'NONE', #5570 ) ;
#1239 = CARTESIAN_POINT ( 'NONE',  ( -0.1584762650792261585, -0.3516987777013035887, 2.629463003889801698 ) ) ;
#1240 = CARTESIAN_POINT ( 'NONE',  ( 2.561523734920773343, -0.3516987777013035887, 2.629463003889801698 ) ) ;
#1241 =( LENGTH_UNIT ( ) NAMED_UNIT ( * ) SI_UNIT ( .MILLI., .METRE. ) );
#1242 = ADVANCED_FACE ( 'NONE', ( #712 ), #4656, .T. ) ;
#1243 = CARTESIAN_POINT ( 'NONE',  ( 3.531523734920773983, 0.09660244459739231182, 12.16031652251692918 ) ) ;
#1244 = CARTESIAN_POINT ( 'NONE',  ( -2.768476265079226728, 0.09811978627733032587, 7.539527972064436590 ) ) ;
#1245 = ORIENTED_EDGE ( 'NONE', *, *, #820, .F. ) ;
#1246 = PRESENTATION_STYLE_ASSIGNMENT (( #4304 ) ) ;
#1247 = EDGE_LOOP ( 'NONE', ( #3782, #3073 ) ) ;
#1248 = ADVANCED_FACE ( 'NONE', ( #2456 ), #4622, .T. ) ;
#1249 =( LENGTH_UNIT ( ) NAMED_UNIT ( * ) SI_UNIT ( .MILLI., .METRE. ) );
#1250 = VERTEX_POINT ( 'NONE', #1757 ) ;
#1251 = DIRECTION ( 'NONE',  ( 0.000000000000000000, 0.000000000000000000, 1.000000000000000000 ) ) ;
#1252 = VERTEX_POINT ( 'NONE', #458 ) ;
#1253 = VERTEX_POINT ( 'NONE', #3908 ) ;
#1254 = EDGE_CURVE ( 'NONE', #1584, #2577, #5659, .T. ) ;
#1255 = ORIENTED_EDGE ( 'NONE', *, *, #3813, .F. ) ;
#1256 = LINE ( 'NONE', #3543, #3893 ) ;
#1257 =( NAMED_UNIT ( * ) SI_UNIT ( $, .STERADIAN. ) SOLID_ANGLE_UNIT ( ) );
#1258 = EDGE_LOOP ( 'NONE', ( #2342, #4719, #2928, #5128 ) ) ;
#1259 = STYLED_ITEM ( 'NONE', ( #4874 ), #2160 ) ;
#1260 = PLANE ( 'NONE',  #2404 ) ;
#1261 = SURFACE_STYLE_USAGE ( .BOTH. , #5242 ) ;
#1262 =( NAMED_UNIT ( * ) SI_UNIT ( $, .STERADIAN. ) SOLID_ANGLE_UNIT ( ) );
#1263 = PRESENTATION_STYLE_ASSIGNMENT (( #4784 ) ) ;
#1264 = DIRECTION ( 'NONE',  ( 0.000000000000000000, 3.330669073875468635E-16, -1.000000000000000000 ) ) ;
#1265 = VECTOR ( 'NONE', #5697, 1000.000000000000000 ) ;
#1266 =( NAMED_UNIT ( * ) SI_UNIT ( $, .STERADIAN. ) SOLID_ANGLE_UNIT ( ) );
#1267 = FILL_AREA_STYLE_COLOUR ( '', #338 ) ;
#1268 = CARTESIAN_POINT ( 'NONE',  ( -1.598476265079226133, -0.3516987777013036998, -2.788642972121563091 ) ) ;
#1269 = ORIENTED_EDGE ( 'NONE', *, *, #784, .T. ) ;
#1270 = DIRECTION ( 'NONE',  ( -1.112002228190259966E-16, 1.110223024625156540E-16, -1.000000000000000000 ) ) ;
#1271 = PLANE ( 'NONE',  #5330 ) ;
#1272 = SURFACE_STYLE_FILL_AREA ( #408 ) ;
#1273 = ORIENTED_EDGE ( 'NONE', *, *, #784, .F. ) ;
#1274 = UNCERTAINTY_MEASURE_WITH_UNIT (LENGTH_MEASURE( 1.000000000000000082E-05 ), #4188, 'distance_accuracy_value', 'NONE');
#1275 = EDGE_CURVE ( 'NONE', #2249, #3589, #1365, .T. ) ;
#1276 = DIRECTION ( 'NONE',  ( 1.000000000000000000, 0.000000000000000000, 0.000000000000000000 ) ) ;
#1277 = FACE_OUTER_BOUND ( 'NONE', #4228, .T. ) ;
#1278 = ORIENTED_EDGE ( 'NONE', *, *, #1099, .T. ) ;
#1279 = DIRECTION ( 'NONE',  ( -0.000000000000000000, 1.000000000000000000, -0.000000000000000000 ) ) ;
#1280 = VERTEX_POINT ( 'NONE', #5284 ) ;
#1281 = EDGE_LOOP ( 'NONE', ( #5028, #1736 ) ) ;
#1282 = UNCERTAINTY_MEASURE_WITH_UNIT (LENGTH_MEASURE( 1.000000000000000082E-05 ), #4476, 'distance_accuracy_value', 'NONE');
#1283 = PRESENTATION_LAYER_ASSIGNMENT (  '', '', ( #3495 ) ) ;
#1284 = ORIENTED_EDGE ( 'NONE', *, *, #5237, .F. ) ;
#1285 = FACE_BOUND ( 'NONE', #4257, .T. ) ;
#1286 = VECTOR ( 'NONE', #3615, 1000.000000000000114 ) ;
#1287 = FILL_AREA_STYLE ('',( #5210 ) ) ;
#1288 = EDGE_CURVE ( 'NONE', #2225, #45, #5308, .T. ) ;
#1289 = FILL_AREA_STYLE_COLOUR ( '', #4716 ) ;
#1290 = VECTOR ( 'NONE', #2095, 1000.000000000000000 ) ;
#1291 = CYLINDRICAL_SURFACE ( 'NONE', #3974, 0.5000000000000004441 ) ;
#1292 = CARTESIAN_POINT ( 'NONE',  ( -2.768476265079226728, -0.3516987777013036442, 4.058620672138077090 ) ) ;
#1293 = CARTESIAN_POINT ( 'NONE',  ( 3.111523734920773165, -0.3516987777013036442, -2.466379327861898840 ) ) ;
#1294 = AXIS2_PLACEMENT_3D ( 'NONE', #4581, #1117, #2094 ) ;
#1295 = DIRECTION ( 'NONE',  ( -1.000000000000000000, 0.000000000000000000, 0.000000000000000000 ) ) ;
#1296 = LINE ( 'NONE', #3060, #1033 ) ;
#1297 = EDGE_LOOP ( 'NONE', ( #993, #2615 ) ) ;
#1298 =( NAMED_UNIT ( * ) SI_UNIT ( $, .STERADIAN. ) SOLID_ANGLE_UNIT ( ) );
#1299 = PRESENTATION_STYLE_ASSIGNMENT (( #1727 ) ) ;
#1300 = DIRECTION ( 'NONE',  ( 0.000000000000000000, 1.000000000000000000, 1.110223024625156540E-16 ) ) ;
#1301 = ORIENTED_EDGE ( 'NONE', *, *, #4485, .T. ) ;
#1302 = SURFACE_STYLE_FILL_AREA ( #4336 ) ;
#1303 = COLOUR_RGB ( '',0.1019607843137254888, 0.1019607843137254888, 0.1019607843137254888 ) ;
#1304 = ADVANCED_FACE ( 'NONE', ( #842 ), #1271, .T. ) ;
#1305 = EDGE_LOOP ( 'NONE', ( #2278, #3567, #158, #711 ) ) ;
#1306 = MECHANICAL_DESIGN_GEOMETRIC_PRESENTATION_REPRESENTATION (  '', ( #3716 ), #4175 ) ;
#1307 = ORIENTED_EDGE ( 'NONE', *, *, #4975, .F. ) ;
#1308 = VERTEX_POINT ( 'NONE', #350 ) ;
#1309 = PRODUCT_DEFINITION ( 'UNKNOWN', '', #4491, #5072 ) ;
#1310 = VECTOR ( 'NONE', #173, 1000.000000000000000 ) ;
#1311 = VECTOR ( 'NONE', #2539, 999.9999999999998863 ) ;
#1312 = DIRECTION ( 'NONE',  ( -0.000000000000000000, -1.172110456741086321E-16, 1.000000000000000000 ) ) ;
#1313 = EDGE_CURVE ( 'NONE', #2707, #1994, #2104, .T. ) ;
#1314 = VERTEX_POINT ( 'NONE', #3033 ) ;
#1315 = FACE_BOUND ( 'NONE', #1247, .T. ) ;
#1316 = ADVANCED_FACE ( 'NONE', ( #3936 ), #1899, .T. ) ;
#1317 = VECTOR ( 'NONE', #4132, 1000.000000000000000 ) ;
#1318 = SURFACE_STYLE_USAGE ( .BOTH. , #5677 ) ;
#1319 = CARTESIAN_POINT ( 'NONE',  ( -3.968476265079257548, 2.698301222298696178, 4.058620672138077090 ) ) ;
#1320 = CARTESIAN_POINT ( 'NONE',  ( 0.03152373492077385764, 3.198301222298698399, 0.05862067213810127214 ) ) ;
#1321 = PRESENTATION_LAYER_ASSIGNMENT (  '', '', ( #1229 ) ) ;
#1322 = EDGE_CURVE ( 'NONE', #5618, #361, #2247, .T. ) ;
#1323 = PRESENTATION_LAYER_ASSIGNMENT (  '', '', ( #1866 ) ) ;
#1324 = LINE ( 'NONE', #896, #1883 ) ;
#1325 = ORIENTED_EDGE ( 'NONE', *, *, #2074, .T. ) ;
#1326 = DIRECTION ( 'NONE',  ( 1.387778780781444196E-16, -3.330669073875468142E-16, 1.000000000000000000 ) ) ;
#1327 = CARTESIAN_POINT ( 'NONE',  ( 1.341523734920773814, -0.3516987777013035887, -2.862221659613599201 ) ) ;
#1328 = VERTEX_POINT ( 'NONE', #4499 ) ;
#1329 = SURFACE_SIDE_STYLE ('',( #3204 ) ) ;
#1330 = UNCERTAINTY_MEASURE_WITH_UNIT (LENGTH_MEASURE( 1.000000000000000082E-05 ), #1176, 'distance_accuracy_value', 'NONE');
#1331 = CARTESIAN_POINT ( 'NONE',  ( -10.40000000000000036, -3.851698777701299647, -9.500000000000001776 ) ) ;
#1332 = CIRCLE ( 'NONE', #2253, 0.5000000000000004441 ) ;
#1333 = DIRECTION ( 'NONE',  ( 0.000000000000000000, 1.000000000000000000, 0.000000000000000000 ) ) ;
#1334 = VERTEX_POINT ( 'NONE', #2300 ) ;
#1335 = CARTESIAN_POINT ( 'NONE',  ( 0.000000000000000000, -3.851698777701302312, -4.075965796229772238E-16 ) ) ;
#1336 = EDGE_LOOP ( 'NONE', ( #176, #4803 ) ) ;
#1337 = VERTEX_POINT ( 'NONE', #174 ) ;
#1338 = CARTESIAN_POINT ( 'NONE',  ( 0.03152373492077385764, 4.398301222298695023, 0.05862067213810127214 ) ) ;
#1339 = PRESENTATION_STYLE_ASSIGNMENT (( #1625 ) ) ;
#1340 = VERTEX_POINT ( 'NONE', #3147 ) ;
#1341 = DIRECTION ( 'NONE',  ( -1.000000000000000000, 0.000000000000000000, 0.000000000000000000 ) ) ;
#1342 = CARTESIAN_POINT ( 'NONE',  ( -10.50000000000000000, -1.451698777701302179, -1.049999999999997380 ) ) ;
#1343 = SURFACE_STYLE_FILL_AREA ( #2119 ) ;
#1344 = EDGE_CURVE ( 'NONE', #3789, #2812, #4867, .T. ) ;
#1345 = LINE ( 'NONE', #2211, #2872 ) ;
#1346 = CARTESIAN_POINT ( 'NONE',  ( -1.058476265079226097, -0.3516987777013036998, 2.555884316397765144 ) ) ;
#1347 = LINE ( 'NONE', #3110, #1141 ) ;
#1348 =( BOUNDED_CURVE ( )  B_SPLINE_CURVE ( 3, ( #4199, #1991, #3768, #5515 ),
 .UNSPECIFIED., .F., .T. ) 
 B_SPLINE_CURVE_WITH_KNOTS ( ( 4, 4 ),
 ( 1.570796326794896558, 4.712388980384689674 ),
 .UNSPECIFIED. ) 
 CURVE ( )  GEOMETRIC_REPRESENTATION_ITEM ( )  RATIONAL_B_SPLINE_CURVE ( ( 1.000000000000000000, 0.3333333333333333703, 0.3333333333333333703, 1.000000000000000000 ) ) 
 REPRESENTATION_ITEM ( '' )  );
#1349 = CARTESIAN_POINT ( 'NONE',  ( -2.768476265079226284, -0.2217921330325665352, 5.880009715481060439 ) ) ;
#1350 = VECTOR ( 'NONE', #4214, 1000.000000000000000 ) ;
#1351 = VECTOR ( 'NONE', #1093, 1000.000000000000000 ) ;
#1352 = EDGE_CURVE ( 'NONE', #3949, #605, #929, .T. ) ;
#1353 = STYLED_ITEM ( 'NONE', ( #942 ), #94 ) ;
#1354 = DIRECTION ( 'NONE',  ( -1.000000000000000000, 0.000000000000000000, 0.000000000000000000 ) ) ;
#1355 = VERTEX_POINT ( 'NONE', #4105 ) ;
#1356 =( LENGTH_UNIT ( ) NAMED_UNIT ( * ) SI_UNIT ( .MILLI., .METRE. ) );
#1357 = VERTEX_POINT ( 'NONE', #4049 ) ;
#1358 = CARTESIAN_POINT ( 'NONE',  ( 10.40000000000000036, -1.451698777701299514, -9.600000000000001421 ) ) ;
#1359 = MECHANICAL_DESIGN_GEOMETRIC_PRESENTATION_REPRESENTATION (  '', ( #1815 ), #3297 ) ;
#1360 = EDGE_CURVE ( 'NONE', #4344, #5179, #2697, .T. ) ;
#1361 = LINE ( 'NONE', #1793, #1980 ) ;
#1362 = CARTESIAN_POINT ( 'NONE',  ( 0.03152373492077432254, 3.598301222298696089, 3.858620672138101337 ) ) ;
#1363 = ORIENTED_EDGE ( 'NONE', *, *, #4971, .T. ) ;
#1364 = PRESENTATION_STYLE_ASSIGNMENT (( #3127 ) ) ;
#1365 = CIRCLE ( 'NONE', #3302, 3.000000000000000000 ) ;
#1366 = EDGE_LOOP ( 'NONE', ( #3157, #3990, #3528, #2732 ) ) ;
#1367 = ORIENTED_EDGE ( 'NONE', *, *, #1149, .F. ) ;
#1368 = CARTESIAN_POINT ( 'NONE',  ( -3.968476265079226906, -0.5516987777013035998, -3.941379327861898485 ) ) ;
#1369 = DIRECTION ( 'NONE',  ( 0.000000000000000000, -1.000000000000000000, -0.000000000000000000 ) ) ;
#1370 = VERTEX_POINT ( 'NONE', #150 ) ;
#1371 = FACE_BOUND ( 'NONE', #4114, .T. ) ;
#1372 = CARTESIAN_POINT ( 'NONE',  ( 1.981523734920773716, -0.3516987777013035887, -2.862221659613599201 ) ) ;
#1373 =( NAMED_UNIT ( * ) SI_UNIT ( $, .STERADIAN. ) SOLID_ANGLE_UNIT ( ) );
#1374 = MECHANICAL_DESIGN_GEOMETRIC_PRESENTATION_REPRESENTATION (  '', ( #1098 ), #638 ) ;
#1375 = VECTOR ( 'NONE', #4298, 1000.000000000000000 ) ;
#1376 = PRESENTATION_STYLE_ASSIGNMENT (( #482 ) ) ;
#1377 = EDGE_CURVE ( 'NONE', #605, #1022, #1917, .T. ) ;
#1378 = CARTESIAN_POINT ( 'NONE',  ( -0.4784762650792260819, -0.3516987777013036998, 2.555884316397764700 ) ) ;
#1379 = CARTESIAN_POINT ( 'NONE',  ( -2.018476265079225840, -0.3516987777013036998, 2.555884316397765144 ) ) ;
#1380 = PLANE ( 'NONE',  #1059 ) ;
#1381 = LINE ( 'NONE', #3143, #4416 ) ;
#1382 = CARTESIAN_POINT ( 'NONE',  ( -9.400000000000000355, -3.051698777701299381, -9.500000000000000000 ) ) ;
#1383 = EDGE_CURVE ( 'NONE', #418, #2816, #2903, .T. ) ;
#1384 = FILL_AREA_STYLE ('',( #1949 ) ) ;
#1385 = CIRCLE ( 'NONE', #3884, 1.050000000000000488 ) ;
#1386 = CARTESIAN_POINT ( 'NONE',  ( -10.40000000000000036, -3.851698777701299647, -9.719999999999998863 ) ) ;
#1387 = ORIENTED_EDGE ( 'NONE', *, *, #1516, .T. ) ;
#1388 = STYLED_ITEM ( 'NONE', ( #862 ), #3282 ) ;
#1389 = SURFACE_STYLE_FILL_AREA ( #3642 ) ;
#1390 = CARTESIAN_POINT ( 'NONE',  ( 3.381523734920773627, -0.3516987777013036442, 0.2017164319438422004 ) ) ;
#1391 = EDGE_CURVE ( 'NONE', #1818, #3619, #2498, .T. ) ;
#1392 = ORIENTED_EDGE ( 'NONE', *, *, #1377, .F. ) ;
#1393 = VERTEX_POINT ( 'NONE', #99 ) ;
#1394 = VECTOR ( 'NONE', #4641, 1000.000000000000000 ) ;
#1395 = ORIENTED_EDGE ( 'NONE', *, *, #1377, .T. ) ;
#1396 = DIRECTION ( 'NONE',  ( -0.8660254037844432595, 0.000000000000000000, -0.4999999999999919509 ) ) ;
#1397 = VECTOR ( 'NONE', #2501, 1000.000000000000000 ) ;
#1398 = VERTEX_POINT ( 'NONE', #4076 ) ;
#1399 = FACE_BOUND ( 'NONE', #1669, .T. ) ;
#1400 = DIRECTION ( 'NONE',  ( 0.000000000000000000, 1.172110456741086321E-16, -1.000000000000000000 ) ) ;
#1401 = CIRCLE ( 'NONE', #5181, 0.6249999999999997780 ) ;
#1402 = DIRECTION ( 'NONE',  ( 5.555567147270870295E-32, 1.000000000000000000, 3.330669073875468142E-16 ) ) ;
#1403 =( LENGTH_UNIT ( ) NAMED_UNIT ( * ) SI_UNIT ( .MILLI., .METRE. ) );
#1404 = EDGE_CURVE ( 'NONE', #1398, #2367, #5413, .T. ) ;
#1405 = SURFACE_STYLE_FILL_AREA ( #3989 ) ;
#1406 = DIRECTION ( 'NONE',  ( -0.000000000000000000, -3.330669073875468635E-16, 1.000000000000000000 ) ) ;
#1407 = AXIS2_PLACEMENT_3D ( 'NONE', #4607, #3062, #42 ) ;
#1408 = FACE_BOUND ( 'NONE', #4083, .T. ) ;
#1409 = CARTESIAN_POINT ( 'NONE',  ( 10.40000000000000036, -1.451698777701301291, -4.000000000000000888 ) ) ;
#1410 = LINE ( 'NONE', #5385, #1683 ) ;
#1411 = ORIENTED_EDGE ( 'NONE', *, *, #3153, .F. ) ;
#1412 =( LENGTH_UNIT ( ) NAMED_UNIT ( * ) SI_UNIT ( .MILLI., .METRE. ) );
#1413 = EDGE_CURVE ( 'NONE', #107, #1357, #983, .T. ) ;
#1414 =( GEOMETRIC_REPRESENTATION_CONTEXT ( 3 ) GLOBAL_UNCERTAINTY_ASSIGNED_CONTEXT ( ( #690 ) ) GLOBAL_UNIT_ASSIGNED_CONTEXT ( ( #1525, #3571, #4140 ) ) REPRESENTATION_CONTEXT ( 'NONE', 'WORKASPACE' ) );
#1415 = CARTESIAN_POINT ( 'NONE',  ( 2.461523734920773698, -0.3516987777013035887, -2.862221659613599201 ) ) ;
#1416 = AXIS2_PLACEMENT_3D ( 'NONE', #205, #2659, #2126 ) ;
#1417 = ORIENTED_EDGE ( 'NONE', *, *, #1421, .T. ) ;
#1418 = DIRECTION ( 'NONE',  ( -0.000000000000000000, 1.000000000000000000, -0.000000000000000000 ) ) ;
#1419 = VERTEX_POINT ( 'NONE', #2747 ) ;
#1420 = ORIENTED_EDGE ( 'NONE', *, *, #4590, .T. ) ;
#1421 = EDGE_CURVE ( 'NONE', #2111, #2128, #127, .T. ) ;
#1422 = CARTESIAN_POINT ( 'NONE',  ( -3.868476265079257015, -0.5016987777013031113, 3.958620672138077445 ) ) ;
#1423 = EDGE_CURVE ( 'NONE', #2538, #3129, #4528, .T. ) ;
#1424 =( NAMED_UNIT ( * ) PLANE_ANGLE_UNIT ( ) SI_UNIT ( $, .RADIAN. ) );
#1425 = ORIENTED_EDGE ( 'NONE', *, *, #4038, .F. ) ;
#1426 = FACE_BOUND ( 'NONE', #4678, .T. ) ;
#1427 =( NAMED_UNIT ( * ) SI_UNIT ( $, .STERADIAN. ) SOLID_ANGLE_UNIT ( ) );
#1428 =( LENGTH_UNIT ( ) NAMED_UNIT ( * ) SI_UNIT ( .MILLI., .METRE. ) );
#1429 = LINE ( 'NONE', #589, #2897 ) ;
#1430 =( GEOMETRIC_REPRESENTATION_CONTEXT ( 3 ) GLOBAL_UNCERTAINTY_ASSIGNED_CONTEXT ( ( #3830 ) ) GLOBAL_UNIT_ASSIGNED_CONTEXT ( ( #3026, #1444, #2734 ) ) REPRESENTATION_CONTEXT ( 'NONE', 'WORKASPACE' ) );
#1431 = LINE ( 'NONE', #3199, #3604 ) ;
#1432 = LINE ( 'NONE', #593, #3258 ) ;
#1433 = DIRECTION ( 'NONE',  ( -1.000000000000000000, 0.000000000000000000, 0.000000000000000000 ) ) ;
#1434 = ORIENTED_EDGE ( 'NONE', *, *, #1149, .T. ) ;
#1435 = FILL_AREA_STYLE_COLOUR ( '', #3565 ) ;
#1436 = PRESENTATION_STYLE_ASSIGNMENT (( #3124 ) ) ;
#1437 = CARTESIAN_POINT ( 'NONE',  ( 12.50000000000000178, -0.5516987777013074856, 14.50000000000001243 ) ) ;
#1438 = CARTESIAN_POINT ( 'NONE',  ( 0.03152373492077385764, 4.023301222298695912, 0.05862067213810127214 ) ) ;
#1439 = ORIENTED_EDGE ( 'NONE', *, *, #5148, .T. ) ;
#1440 =( NAMED_UNIT ( * ) SI_UNIT ( $, .STERADIAN. ) SOLID_ANGLE_UNIT ( ) );
#1441 = EDGE_CURVE ( 'NONE', #4191, #2790, #2359, .T. ) ;
#1442 = VERTEX_POINT ( 'NONE', #5559 ) ;
#1443 = ORIENTED_EDGE ( 'NONE', *, *, #1441, .F. ) ;
#1444 =( NAMED_UNIT ( * ) PLANE_ANGLE_UNIT ( ) SI_UNIT ( $, .RADIAN. ) );
#1445 = DIRECTION ( 'NONE',  ( 0.000000000000000000, 1.000000000000000000, 1.110223024625156540E-16 ) ) ;
#1446 = EDGE_LOOP ( 'NONE', ( #3969, #82 ) ) ;
#1447 =( NAMED_UNIT ( * ) PLANE_ANGLE_UNIT ( ) SI_UNIT ( $, .RADIAN. ) );
#1448 = EDGE_CURVE ( 'NONE', #2189, #1861, #5439, .T. ) ;
#1449 = CARTESIAN_POINT ( 'NONE',  ( -1.218476265079226017, -0.3516987777013036998, 2.555884316397765144 ) ) ;
#1450 = CARTESIAN_POINT ( 'NONE',  ( 3.931523734920749469, -0.5016987777013022232, -3.841379327861930371 ) ) ;
#1451 = CARTESIAN_POINT ( 'NONE',  ( 2.413093595327993501, 4.398301222298695023, 1.433620672138079533 ) ) ;
#1452 = SURFACE_STYLE_FILL_AREA ( #5407 ) ;
#1453 = CARTESIAN_POINT ( 'NONE',  ( -0.4184762650792260841, -0.3516987777013035887, -2.862221659613599201 ) ) ;
#1454 = MECHANICAL_DESIGN_GEOMETRIC_PRESENTATION_REPRESENTATION (  '', ( #3041 ), #5419 ) ;
#1455 = OPEN_SHELL ( 'NONE', ( #2440, #2296, #1248, #2859, #2373, #281, #3366, #4937, #3008 ) ) ;
#1456 = AXIS2_PLACEMENT_3D ( 'NONE', #2635, #4387, #429 ) ;
#1457 = AXIS2_PLACEMENT_3D ( 'NONE', #1335, #3043, #2257 ) ;
#1458 = CARTESIAN_POINT ( 'NONE',  ( 1.021523734920773752, -0.3516987777013035887, 2.629463003889801698 ) ) ;
#1459 = CARTESIAN_POINT ( 'NONE',  ( -2.768476265079227172, 0.1961442447639590858, 7.521889477582069716 ) ) ;
#1460 = VECTOR ( 'NONE', #1333, 1000.000000000000000 ) ;
#1461 = CARTESIAN_POINT ( 'NONE',  ( -3.768476265079227172, 0.3966024445973921342, 12.31031652251692954 ) ) ;
#1462 = VERTEX_POINT ( 'NONE', #3315 ) ;
#1463 = CARTESIAN_POINT ( 'NONE',  ( -3.968476265079226906, -0.5516987777013035998, -3.941379327861898485 ) ) ;
#1464 = PRESENTATION_STYLE_ASSIGNMENT (( #599 ) ) ;
#1465 = VERTEX_POINT ( 'NONE', #2855 ) ;
#1466 = SURFACE_SIDE_STYLE ('',( #1019 ) ) ;
#1467 = ORIENTED_EDGE ( 'NONE', *, *, #5275, .F. ) ;
#1468 = MECHANICAL_DESIGN_GEOMETRIC_PRESENTATION_REPRESENTATION (  '', ( #835 ), #2024 ) ;
#1469 = ORIENTED_EDGE ( 'NONE', *, *, #472, .T. ) ;
#1470 =( NAMED_UNIT ( * ) SI_UNIT ( $, .STERADIAN. ) SOLID_ANGLE_UNIT ( ) );
#1471 = CARTESIAN_POINT ( 'NONE',  ( -10.50000000000000000, -0.5516987777013068195, 12.50000000000000711 ) ) ;
#1472 = COLOUR_RGB ( '',0.2980392156862745057, 0.2980392156862745057, 0.2980392156862745057 ) ;
#1473 = VECTOR ( 'NONE', #3497, 1000.000000000000000 ) ;
#1474 = EDGE_CURVE ( 'NONE', #581, #4789, #1571, .T. ) ;
#1475 = COLOUR_RGB ( '',0.2980392156862745057, 0.2980392156862745057, 0.2980392156862745057 ) ;
#1476 = ORIENTED_EDGE ( 'NONE', *, *, #4003, .T. ) ;
#1477 = FACE_BOUND ( 'NONE', #4366, .T. ) ;
#1478 = SURFACE_STYLE_FILL_AREA ( #5433 ) ;
#1479 = EDGE_CURVE ( 'NONE', #3413, #2287, #2002, .T. ) ;
#1480 = DIRECTION ( 'NONE',  ( -0.6123724356957929160, -0.7071067811865475727, 0.3535533905932766729 ) ) ;
#1481 = COLOUR_RGB ( '',0.2980392156862745057, 0.2980392156862745057, 0.2980392156862745057 ) ;
#1482 = SURFACE_SIDE_STYLE ('',( #4125 ) ) ;
#1483 = CARTESIAN_POINT ( 'NONE',  ( 9.400000000000000355, -3.051698777701299381, -9.720000000000000639 ) ) ;
#1484 = EDGE_CURVE ( 'NONE', #1127, #3947, #3346, .T. ) ;
#1485 = DIRECTION ( 'NONE',  ( 0.000000000000000000, 0.000000000000000000, 1.000000000000000000 ) ) ;
#1486 = CARTESIAN_POINT ( 'NONE',  ( -2.768476265079226284, 0.1260842136544526870, 7.024596265243067350 ) ) ;
#1487 = DIRECTION ( 'NONE',  ( 0.000000000000000000, -1.000000000000000000, -1.110223024625156540E-16 ) ) ;
#1488 = PRESENTATION_LAYER_ASSIGNMENT (  '', '', ( #1776 ) ) ;
#1489 = ORIENTED_EDGE ( 'NONE', *, *, #5357, .T. ) ;
#1490 = PLANE ( 'NONE',  #3250 ) ;
#1491 = PRESENTATION_LAYER_ASSIGNMENT (  '', '', ( #4006 ) ) ;
#1492 = DIRECTION ( 'NONE',  ( -0.000000000000000000, 1.000000000000000000, -0.000000000000000000 ) ) ;
#1493 = PLANE ( 'NONE',  #4989 ) ;
#1494 = ORIENTED_EDGE ( 'NONE', *, *, #2410, .T. ) ;
#1495 =( LENGTH_UNIT ( ) NAMED_UNIT ( * ) SI_UNIT ( .MILLI., .METRE. ) );
#1496 = FACE_OUTER_BOUND ( 'NONE', #3014, .T. ) ;
#1497 = VERTEX_POINT ( 'NONE', #3780 ) ;
#1498 = AXIS2_PLACEMENT_3D ( 'NONE', #858, #1777, #4836 ) ;
#1499 = LINE ( 'NONE', #2819, #2200 ) ;
#1500 = DIRECTION ( 'NONE',  ( 0.000000000000000000, -1.000000000000000000, 0.000000000000000000 ) ) ;
#1501 = ORIENTED_EDGE ( 'NONE', *, *, #1423, .F. ) ;
#1502 = SURFACE_SIDE_STYLE ('',( #1057 ) ) ;
#1503 = STYLED_ITEM ( 'NONE', ( #1521 ), #1687 ) ;
#1504 =( GEOMETRIC_REPRESENTATION_CONTEXT ( 3 ) GLOBAL_UNCERTAINTY_ASSIGNED_CONTEXT ( ( #4337 ) ) GLOBAL_UNIT_ASSIGNED_CONTEXT ( ( #5398, #1424, #84 ) ) REPRESENTATION_CONTEXT ( 'NONE', 'WORKASPACE' ) );
#1505 = LINE ( 'NONE', #584, #4133 ) ;
#1506 = EDGE_CURVE ( 'NONE', #156, #2140, #324, .T. ) ;
#1507 = PRESENTATION_STYLE_ASSIGNMENT (( #5035 ) ) ;
#1508 = PRESENTATION_LAYER_ASSIGNMENT (  '', '', ( #5566 ) ) ;
#1509 = FACE_OUTER_BOUND ( 'NONE', #3859, .T. ) ;
#1510 = ADVANCED_FACE ( 'NONE', ( #5590 ), #1544, .F. ) ;
#1511 = CARTESIAN_POINT ( 'NONE',  ( 2.831523734920773361, -0.3903167934542849382, 4.781211482161561221 ) ) ;
#1512 = SURFACE_STYLE_FILL_AREA ( #616 ) ;
#1513 = DIRECTION ( 'NONE',  ( -0.000000000000000000, -1.000000000000000000, -0.000000000000000000 ) ) ;
#1514 = CARTESIAN_POINT ( 'NONE',  ( -0.6384762650792261685, -0.3516987777013035887, 2.629463003889801698 ) ) ;
#1515 = LINE ( 'NONE', #4957, #4000 ) ;
#1516 = EDGE_CURVE ( 'NONE', #1169, #2258, #4702, .T. ) ;
#1517 = VERTEX_POINT ( 'NONE', #4160 ) ;
#1518 = CARTESIAN_POINT ( 'NONE',  ( -8.699999999999999289, -0.3516987777013056982, 9.100000000000004974 ) ) ;
#1519 = CARTESIAN_POINT ( 'NONE',  ( -2.408476265079225964, -0.3516987777013036442, 2.233620672138101337 ) ) ;
#1520 = VECTOR ( 'NONE', #236, 1000.000000000000000 ) ;
#1521 = PRESENTATION_STYLE_ASSIGNMENT (( #656 ) ) ;
#1522 = CARTESIAN_POINT ( 'NONE',  ( -8.700000000000001066, -0.3516987777013059202, 9.900000000000005684 ) ) ;
#1523 = VERTEX_POINT ( 'NONE', #313 ) ;
#1524 = CYLINDRICAL_SURFACE ( 'NONE', #1720, 3.799999999999999822 ) ;
#1525 =( LENGTH_UNIT ( ) NAMED_UNIT ( * ) SI_UNIT ( .MILLI., .METRE. ) );
#1526 = ORIENTED_EDGE ( 'NONE', *, *, #5422, .F. ) ;
#1527 = CARTESIAN_POINT ( 'NONE',  ( 2.561523734920773343, -0.3516987777013036998, -2.788642972121563091 ) ) ;
#1528 = AXIS2_PLACEMENT_3D ( 'NONE', #1809, #5681, #1719 ) ;
#1529 =( NAMED_UNIT ( * ) PLANE_ANGLE_UNIT ( ) SI_UNIT ( $, .RADIAN. ) );
#1530 = CARTESIAN_POINT ( 'NONE',  ( 3.531523734920773983, -0.9033975554026076882, 12.16031652251692918 ) ) ;
#1531 = ORIENTED_EDGE ( 'NONE', *, *, #3822, .T. ) ;
#1532 = FILL_AREA_STYLE ('',( #2379 ) ) ;
#1533 = EDGE_LOOP ( 'NONE', ( #1155, #1120, #1725, #4452 ) ) ;
#1534 = CARTESIAN_POINT ( 'NONE',  ( -10.50000000000000000, -1.451698777701302623, 3.328303898240675067E-15 ) ) ;
#1535 =( GEOMETRIC_REPRESENTATION_CONTEXT ( 3 ) GLOBAL_UNCERTAINTY_ASSIGNED_CONTEXT ( ( #3478 ) ) GLOBAL_UNIT_ASSIGNED_CONTEXT ( ( #1495, #4086, #1440 ) ) REPRESENTATION_CONTEXT ( 'NONE', 'WORKASPACE' ) );
#1536 = SURFACE_STYLE_FILL_AREA ( #2905 ) ;
#1537 = SURFACE_STYLE_FILL_AREA ( #5493 ) ;
#1538 = MECHANICAL_DESIGN_GEOMETRIC_PRESENTATION_REPRESENTATION (  '', ( #2833 ), #3569 ) ;
#1539 = DIRECTION ( 'NONE',  ( -0.000000000000000000, -1.000000000000000000, -0.000000000000000000 ) ) ;
#1540 = EDGE_CURVE ( 'NONE', #5660, #1419, #3268, .T. ) ;
#1541 = STYLED_ITEM ( 'NONE', ( #3328 ), #147 ) ;
#1542 = DIRECTION ( 'NONE',  ( -1.000000000000000000, 0.000000000000000000, -3.252606517456513302E-16 ) ) ;
#1543 = DIRECTION ( 'NONE',  ( 0.000000000000000000, 0.000000000000000000, 1.000000000000000000 ) ) ;
#1544 = PLANE ( 'NONE',  #2153 ) ;
#1545 = CARTESIAN_POINT ( 'NONE',  ( 1.181523734920773672, -0.3516987777013036998, -2.788642972121562646 ) ) ;
#1546 = VERTEX_POINT ( 'NONE', #1319 ) ;
#1547 = CARTESIAN_POINT ( 'NONE',  ( -3.268476265079226284, 0.3966024445973921342, 7.810316522516930426 ) ) ;
#1548 =( NAMED_UNIT ( * ) SI_UNIT ( $, .STERADIAN. ) SOLID_ANGLE_UNIT ( ) );
#1549 = EDGE_CURVE ( 'NONE', #1151, #5070, #3927, .T. ) ;
#1550 = FILL_AREA_STYLE_COLOUR ( '', #3918 ) ;
#1551 = AXIS2_PLACEMENT_3D ( 'NONE', #4388, #1560, #4198 ) ;
#1552 =( NAMED_UNIT ( * ) SI_UNIT ( $, .STERADIAN. ) SOLID_ANGLE_UNIT ( ) );
#1553 = VERTEX_POINT ( 'NONE', #799 ) ;
#1554 =( NAMED_UNIT ( * ) PLANE_ANGLE_UNIT ( ) SI_UNIT ( $, .RADIAN. ) );
#1555 = FILL_AREA_STYLE_COLOUR ( '', #3621 ) ;
#1556 = EDGE_LOOP ( 'NONE', ( #3362, #3920, #1056, #5290 ) ) ;
#1557 = CARTESIAN_POINT ( 'NONE',  ( -8.061793753933755789E-16, 3.330669073875468882E-17, -9.600000000000001421 ) ) ;
#1558 = UNCERTAINTY_MEASURE_WITH_UNIT (LENGTH_MEASURE( 1.000000000000000082E-05 ), #179, 'distance_accuracy_value', 'NONE');
#1559 = EDGE_CURVE ( 'NONE', #1861, #2189, #3484, .T. ) ;
#1560 = DIRECTION ( 'NONE',  ( 0.000000000000000000, 3.330669073875468635E-16, -1.000000000000000000 ) ) ;
#1561 = FILL_AREA_STYLE ('',( #5576 ) ) ;
#1562 = ORIENTED_EDGE ( 'NONE', *, *, #1998, .T. ) ;
#1563 = PRESENTATION_STYLE_ASSIGNMENT (( #2462 ) ) ;
#1564 = VERTEX_POINT ( 'NONE', #1236 ) ;
#1565 = STYLED_ITEM ( 'NONE', ( #891 ), #3366 ) ;
#1566 = AXIS2_PLACEMENT_3D ( 'NONE', #3054, #890, #4780 ) ;
#1567 = EDGE_CURVE ( 'NONE', #2407, #4314, #5187, .T. ) ;
#1568 = VERTEX_POINT ( 'NONE', #5159 ) ;
#1569 = CARTESIAN_POINT ( 'NONE',  ( 4.031523734920773983, -0.5516987777013035998, 4.058620672138101959 ) ) ;
#1570 = DIRECTION ( 'NONE',  ( 0.000000000000000000, -1.000000000000000000, 0.000000000000000000 ) ) ;
#1571 = LINE ( 'NONE', #1070, #1351 ) ;
#1572 = CARTESIAN_POINT ( 'NONE',  ( 1.181523734920773894, -0.3516987777013035887, -2.862221659613599201 ) ) ;
#1573 = ORIENTED_EDGE ( 'NONE', *, *, #632, .T. ) ;
#1574 =( LENGTH_UNIT ( ) NAMED_UNIT ( * ) SI_UNIT ( .MILLI., .METRE. ) );
#1575 = ADVANCED_FACE ( 'NONE', ( #3457 ), #340, .F. ) ;
#1576 = AXIS2_PLACEMENT_3D ( 'NONE', #1858, #2802, #5497 ) ;
#1577 =( GEOMETRIC_REPRESENTATION_CONTEXT ( 3 ) GLOBAL_UNCERTAINTY_ASSIGNED_CONTEXT ( ( #5147 ) ) GLOBAL_UNIT_ASSIGNED_CONTEXT ( ( #1574, #569, #2597 ) ) REPRESENTATION_CONTEXT ( 'NONE', 'WORKASPACE' ) );
#1578 = LINE ( 'NONE', #2970, #3945 ) ;
#1579 = FILL_AREA_STYLE ('',( #2888 ) ) ;
#1580 = COLOUR_RGB ( '',1.000000000000000000, 0.6666666666666666297, 0.1843137254901960898 ) ;
#1581 = CARTESIAN_POINT ( 'NONE',  ( -1.598476265079226133, -0.3516987777013035887, -2.862221659613599201 ) ) ;
#1582 = EDGE_LOOP ( 'NONE', ( #985, #659, #5112, #1051 ) ) ;
#1583 = CARTESIAN_POINT ( 'NONE',  ( -9.400000000000000355, -1.951698777701299292, -9.500000000000000000 ) ) ;
#1584 = VERTEX_POINT ( 'NONE', #4811 ) ;
#1585 = CARTESIAN_POINT ( 'NONE',  ( 1.501523734920773512, -0.3516987777013035887, -2.862221659613599201 ) ) ;
#1586 = EDGE_CURVE ( 'NONE', #5363, #1564, #3342, .T. ) ;
#1587 = VERTEX_POINT ( 'NONE', #2183 ) ;
#1588 = CARTESIAN_POINT ( 'NONE',  ( 3.831523734920774249, 0.3966024445973921342, 12.31031652251693131 ) ) ;
#1589 = EDGE_CURVE ( 'NONE', #2706, #2219, #3518, .T. ) ;
#1590 = EDGE_LOOP ( 'NONE', ( #661, #497 ) ) ;
#1591 =( GEOMETRIC_REPRESENTATION_CONTEXT ( 3 ) GLOBAL_UNCERTAINTY_ASSIGNED_CONTEXT ( ( #3529 ) ) GLOBAL_UNIT_ASSIGNED_CONTEXT ( ( #810, #293, #2457 ) ) REPRESENTATION_CONTEXT ( 'NONE', 'WORKASPACE' ) );
#1592 = MECHANICAL_DESIGN_GEOMETRIC_PRESENTATION_REPRESENTATION (  '', ( #1866 ), #4550 ) ;
#1593 = MECHANICAL_DESIGN_GEOMETRIC_PRESENTATION_REPRESENTATION (  '', ( #5104 ), #1504 ) ;
#1594 = LINE ( 'NONE', #3369, #372 ) ;
#1595 =( LENGTH_UNIT ( ) NAMED_UNIT ( * ) SI_UNIT ( .MILLI., .METRE. ) );
#1596 = EDGE_CURVE ( 'NONE', #1253, #1314, #5276, .T. ) ;
#1597 = STYLED_ITEM ( 'NONE', ( #2376 ), #2505 ) ;
#1598 = DIRECTION ( 'NONE',  ( 4.336808689942025625E-15, -0.9954180016656682950, 0.09561904601034064421 ) ) ;
#1599 = SURFACE_SIDE_STYLE ('',( #797 ) ) ;
#1600 = DIRECTION ( 'NONE',  ( 0.000000000000000000, 0.000000000000000000, 1.000000000000000000 ) ) ;
#1601 =( NAMED_UNIT ( * ) SI_UNIT ( $, .STERADIAN. ) SOLID_ANGLE_UNIT ( ) );
#1602 = SURFACE_STYLE_FILL_AREA ( #314 ) ;
#1603 = DIRECTION ( 'NONE',  ( 0.000000000000000000, 1.000000000000000000, 1.110223024625156540E-16 ) ) ;
#1604 = CARTESIAN_POINT ( 'NONE',  ( -0.09847626507922616068, -0.3516987777013035887, -2.862221659613599201 ) ) ;
#1605 = DIRECTION ( 'NONE',  ( 1.000000000000000000, -4.735893305870255228E-31, 1.421904488505580788E-15 ) ) ;
#1606 = CARTESIAN_POINT ( 'NONE',  ( -12.50000000000000000, -1.451698777701299514, -9.499999999999998224 ) ) ;
#1607 = FILL_AREA_STYLE_COLOUR ( '', #119 ) ;
#1608 = EDGE_CURVE ( 'NONE', #3584, #2673, #3085, .T. ) ;
#1609 = VERTEX_POINT ( 'NONE', #921 ) ;
#1610 = FILL_AREA_STYLE ('',( #1555 ) ) ;
#1611 = EDGE_LOOP ( 'NONE', ( #4513, #1108, #3540, #2516 ) ) ;
#1612 = CARTESIAN_POINT ( 'NONE',  ( 4.031523734920773094, -0.5516987777013035998, -3.941379327861898485 ) ) ;
#1613 = UNCERTAINTY_MEASURE_WITH_UNIT (LENGTH_MEASURE( 1.000000000000000082E-05 ), #5265, 'distance_accuracy_value', 'NONE');
#1614 = SURFACE_STYLE_FILL_AREA ( #5575 ) ;
#1615 = EDGE_CURVE ( 'NONE', #333, #2812, #1347, .T. ) ;
#1616 = ORIENTED_EDGE ( 'NONE', *, *, #3721, .F. ) ;
#1617 = DIRECTION ( 'NONE',  ( -0.000000000000000000, -1.000000000000000000, -0.000000000000000000 ) ) ;
#1618 = AXIS2_PLACEMENT_3D ( 'NONE', #4591, #1074, #5021 ) ;
#1619 = EDGE_LOOP ( 'NONE', ( #2940, #139 ) ) ;
#1620 = VERTEX_POINT ( 'NONE', #4446 ) ;
#1621 = EDGE_CURVE ( 'NONE', #5415, #2672, #2686, .T. ) ;
#1622 = CARTESIAN_POINT ( 'NONE',  ( 2.301523734920773556, -0.3516987777013035887, -2.862221659613599201 ) ) ;
#1623 = CARTESIAN_POINT ( 'NONE',  ( 1.441523734920773903, -0.3516987777013035887, -2.862221659613599201 ) ) ;
#1624 = COLOUR_RGB ( '',0.2980392156862745057, 0.2980392156862745057, 0.2980392156862745057 ) ;
#1625 = SURFACE_STYLE_USAGE ( .BOTH. , #3973 ) ;
#1626 = VECTOR ( 'NONE', #1011, 1000.000000000000000 ) ;
#1627 = DIRECTION ( 'NONE',  ( 1.224646799147353207E-16, 0.000000000000000000, -1.000000000000000000 ) ) ;
#1628 =( NAMED_UNIT ( * ) SI_UNIT ( $, .STERADIAN. ) SOLID_ANGLE_UNIT ( ) );
#1629 = CARTESIAN_POINT ( 'NONE',  ( -0.6520370589126753824, -0.3516987777013036442, 3.208620672138101870 ) ) ;
#1630 = ORIENTED_EDGE ( 'NONE', *, *, #1540, .F. ) ;
#1631 = CARTESIAN_POINT ( 'NONE',  ( -3.268476265079227172, 0.3966024445973921342, 12.81031652251693131 ) ) ;
#1632 =( NAMED_UNIT ( * ) SI_UNIT ( $, .STERADIAN. ) SOLID_ANGLE_UNIT ( ) );
#1633 = LINE ( 'NONE', #836, #5516 ) ;
#1634 = DIRECTION ( 'NONE',  ( 1.000000000000000000, 0.000000000000000000, 0.000000000000000000 ) ) ;
#1635 = DIRECTION ( 'NONE',  ( 0.8660254037844363761, 0.000000000000000000, -0.5000000000000039968 ) ) ;
#1636 = VERTEX_POINT ( 'NONE', #4017 ) ;
#1637 = SURFACE_STYLE_FILL_AREA ( #5078 ) ;
#1638 = CARTESIAN_POINT ( 'NONE',  ( 0.06152373492077384959, -0.3516987777013036998, 2.555884316397765144 ) ) ;
#1639 = VERTEX_POINT ( 'NONE', #1782 ) ;
#1640 = CARTESIAN_POINT ( 'NONE',  ( -8.699999999999999289, -0.3516987777013056982, 9.100000000000004974 ) ) ;
#1641 =( NAMED_UNIT ( * ) SI_UNIT ( $, .STERADIAN. ) SOLID_ANGLE_UNIT ( ) );
#1642 = CARTESIAN_POINT ( 'NONE',  ( 3.531523734920773983, 0.09660244459739275591, 8.460316522516931670 ) ) ;
#1643 = STYLED_ITEM ( 'NONE', ( #2070 ), #2935 ) ;
#1644 = ORIENTED_EDGE ( 'NONE', *, *, #3828, .F. ) ;
#1645 = VECTOR ( 'NONE', #86, 1000.000000000000000 ) ;
#1646 = CARTESIAN_POINT ( 'NONE',  ( 0.3515237349207738782, -0.3516987777013036442, -2.862221659613599201 ) ) ;
#1647 = ORIENTED_EDGE ( 'NONE', *, *, #989, .T. ) ;
#1648 = VERTEX_POINT ( 'NONE', #3550 ) ;
#1649 =( GEOMETRIC_REPRESENTATION_CONTEXT ( 3 ) GLOBAL_UNCERTAINTY_ASSIGNED_CONTEXT ( ( #2076 ) ) GLOBAL_UNIT_ASSIGNED_CONTEXT ( ( #2837, #4651, #5505 ) ) REPRESENTATION_CONTEXT ( 'NONE', 'WORKASPACE' ) );
#1650 = EDGE_CURVE ( 'NONE', #4481, #2503, #3940, .T. ) ;
#1651 = LINE ( 'NONE', #5582, #1652 ) ;
#1652 = VECTOR ( 'NONE', #5182, 1000.000000000000000 ) ;
#1653 =( LENGTH_UNIT ( ) NAMED_UNIT ( * ) SI_UNIT ( .MILLI., .METRE. ) );
#1654 = ORIENTED_EDGE ( 'NONE', *, *, #5153, .F. ) ;
#1655 = EDGE_CURVE ( 'NONE', #4025, #4564, #3379, .T. ) ;
#1656 = PRESENTATION_LAYER_ASSIGNMENT (  '', '', ( #4163 ) ) ;
#1657 = LINE ( 'NONE', #1234, #283 ) ;
#1658 = STYLED_ITEM ( 'NONE', ( #1376 ), #5217 ) ;
#1659 = CARTESIAN_POINT ( 'NONE',  ( -9.400000000000000355, -1.951698777701299292, -9.719999999999998863 ) ) ;
#1660 = CARTESIAN_POINT ( 'NONE',  ( 2.023382163624985353, 4.398301222298695023, -1.091379327861893955 ) ) ;
#1661 = LINE ( 'NONE', #2097, #2975 ) ;
#1662 =( GEOMETRIC_REPRESENTATION_CONTEXT ( 3 ) GLOBAL_UNCERTAINTY_ASSIGNED_CONTEXT ( ( #2496 ) ) GLOBAL_UNIT_ASSIGNED_CONTEXT ( ( #3965, #3559, #4959 ) ) REPRESENTATION_CONTEXT ( 'NONE', 'WORKASPACE' ) );
#1663 = CARTESIAN_POINT ( 'NONE',  ( -3.968476265079226017, -0.3516987777013036442, 4.058620672138101959 ) ) ;
#1664 = CARTESIAN_POINT ( 'NONE',  ( 0.03152373492077385764, 3.948301222298694846, 0.05862067213810127214 ) ) ;
#1665 = DIRECTION ( 'NONE',  ( 0.000000000000000000, 3.330669073875468142E-16, -1.000000000000000000 ) ) ;
#1666 = MECHANICAL_DESIGN_GEOMETRIC_PRESENTATION_REPRESENTATION (  '', ( #477 ), #1842 ) ;
#1667 = CARTESIAN_POINT ( 'NONE',  ( 0.2215237349207738460, -0.3516987777013035887, -2.862221659613599201 ) ) ;
#1668 = PRESENTATION_STYLE_ASSIGNMENT (( #2972 ) ) ;
#1669 = EDGE_LOOP ( 'NONE', ( #5592, #947 ) ) ;
#1670 = DIRECTION ( 'NONE',  ( -0.000000000000000000, -1.000000000000000000, -0.000000000000000000 ) ) ;
#1671 = CARTESIAN_POINT ( 'NONE',  ( 0.06152373492077382877, -0.3516987777013035887, 2.629463003889801698 ) ) ;
#1672 = MECHANICAL_DESIGN_GEOMETRIC_PRESENTATION_REPRESENTATION (  '', ( #207 ), #4532 ) ;
#1673 = ORIENTED_EDGE ( 'NONE', *, *, #1001, .T. ) ;
#1674 = CARTESIAN_POINT ( 'NONE',  ( -1.058476265079226097, -0.3516987777013035887, -2.862221659613599201 ) ) ;
#1675 = UNCERTAINTY_MEASURE_WITH_UNIT (LENGTH_MEASURE( 1.000000000000000082E-05 ), #3485, 'distance_accuracy_value', 'NONE');
#1676 = ADVANCED_FACE ( 'NONE', ( #1124 ), #965, .F. ) ;
#1677 = DIRECTION ( 'NONE',  ( 0.000000000000000000, 1.000000000000000000, 0.000000000000000000 ) ) ;
#1678 = SURFACE_STYLE_FILL_AREA ( #5176 ) ;
#1679 = VERTEX_POINT ( 'NONE', #3294 ) ;
#1680 = CARTESIAN_POINT ( 'NONE',  ( 0.03152373492077385764, 4.398301222298695023, 0.05862067213810127214 ) ) ;
#1681 = VERTEX_POINT ( 'NONE', #3844 ) ;
#1682 = ORIENTED_EDGE ( 'NONE', *, *, #3867, .F. ) ;
#1683 = VECTOR ( 'NONE', #1433, 1000.000000000000000 ) ;
#1684 = STYLED_ITEM ( 'NONE', ( #1066 ), #4389 ) ;
#1685 =( LENGTH_UNIT ( ) NAMED_UNIT ( * ) SI_UNIT ( .MILLI., .METRE. ) );
#1686 = CARTESIAN_POINT ( 'NONE',  ( 0.001523734920773995791, -0.3516987777013035887, -2.862221659613599201 ) ) ;
#1687 = ADVANCED_FACE ( 'NONE', ( #3787 ), #2916, .F. ) ;
#1688 = CARTESIAN_POINT ( 'NONE',  ( 0.03152373492077385764, 4.398301222298695023, 0.05862067213810127214 ) ) ;
#1689 = EDGE_LOOP ( 'NONE', ( #3849, #4665, #3088, #2057 ) ) ;
#1690 =( GEOMETRIC_REPRESENTATION_CONTEXT ( 3 ) GLOBAL_UNCERTAINTY_ASSIGNED_CONTEXT ( ( #3015 ) ) GLOBAL_UNIT_ASSIGNED_CONTEXT ( ( #4213, #1922, #3318 ) ) REPRESENTATION_CONTEXT ( 'NONE', 'WORKASPACE' ) );
#1691 = VECTOR ( 'NONE', #3239, 1000.000000000000000 ) ;
#1692 = CARTESIAN_POINT ( 'NONE',  ( -2.350046125486437099, 4.398301222298695023, -1.316379327861893378 ) ) ;
#1693 = EDGE_CURVE ( 'NONE', #2672, #1821, #3816, .T. ) ;
#1694 = SURFACE_STYLE_FILL_AREA ( #5499 ) ;
#1695 = VECTOR ( 'NONE', #1856, 1000.000000000000000 ) ;
#1696 =( NAMED_UNIT ( * ) PLANE_ANGLE_UNIT ( ) SI_UNIT ( $, .RADIAN. ) );
#1697 = VERTEX_POINT ( 'NONE', #1606 ) ;
#1698 = CARTESIAN_POINT ( 'NONE',  ( 12.50000000000000178, -1.451698777701307286, 14.50000000000001243 ) ) ;
#1699 = SURFACE_STYLE_FILL_AREA ( #5650 ) ;
#1700 = DIRECTION ( 'NONE',  ( 1.000000000000000000, 0.000000000000000000, 0.000000000000000000 ) ) ;
#1701 = CARTESIAN_POINT ( 'NONE',  ( 3.331523734920773805, 0.3966024445973921342, 8.310316522516931315 ) ) ;
#1702 = ADVANCED_FACE ( 'NONE', ( #2947 ), #321, .F. ) ;
#1703 = ORIENTED_EDGE ( 'NONE', *, *, #4991, .T. ) ;
#1704 = DIRECTION ( 'NONE',  ( -1.000000000000000000, 0.000000000000000000, 1.112002228190259966E-16 ) ) ;
#1705 = CARTESIAN_POINT ( 'NONE',  ( 0.3515237349207738782, -0.3516987777013036442, -2.862221659613599201 ) ) ;
#1706 = PRESENTATION_STYLE_ASSIGNMENT (( #5310 ) ) ;
#1707 = ORIENTED_EDGE ( 'NONE', *, *, #811, .T. ) ;
#1708 = ORIENTED_EDGE ( 'NONE', *, *, #357, .F. ) ;
#1709 = ORIENTED_EDGE ( 'NONE', *, *, #4346, .T. ) ;
#1710 = ORIENTED_EDGE ( 'NONE', *, *, #2082, .F. ) ;
#1711 = MECHANICAL_DESIGN_GEOMETRIC_PRESENTATION_REPRESENTATION (  '', ( #2356 ), #3194 ) ;
#1712 = VERTEX_POINT ( 'NONE', #1243 ) ;
#1713 = FACE_BOUND ( 'NONE', #5581, .T. ) ;
#1714 = CARTESIAN_POINT ( 'NONE',  ( 10.40000000000000036, -1.951698777701299292, -9.720000000000000639 ) ) ;
#1715 = LINE ( 'NONE', #3483, #4275 ) ;
#1716 =( BOUNDED_CURVE ( )  B_SPLINE_CURVE ( 3, ( #1986, #5539, #1527, #2817 ),
 .UNSPECIFIED., .F., .T. ) 
 B_SPLINE_CURVE_WITH_KNOTS ( ( 4, 4 ),
 ( 1.570796326794896558, 4.712388980384689674 ),
 .UNSPECIFIED. ) 
 CURVE ( )  GEOMETRIC_REPRESENTATION_ITEM ( )  RATIONAL_B_SPLINE_CURVE ( ( 1.000000000000000000, 0.3333333333333333703, 0.3333333333333333703, 1.000000000000000000 ) ) 
 REPRESENTATION_ITEM ( '' )  );
#1717 = MECHANICAL_DESIGN_GEOMETRIC_PRESENTATION_REPRESENTATION (  '', ( #4761 ), #2180 ) ;
#1718 = DIRECTION ( 'NONE',  ( 1.000000000000000000, 0.000000000000000000, 0.000000000000000000 ) ) ;
#1719 = DIRECTION ( 'NONE',  ( 0.000000000000000000, -0.000000000000000000, 1.000000000000000000 ) ) ;
#1720 = AXIS2_PLACEMENT_3D ( 'NONE', #4171, #2976, #3847 ) ;
#1721 = EDGE_CURVE ( 'NONE', #1818, #3619, #5219, .T. ) ;
#1722 = LINE ( 'NONE', #4330, #2476 ) ;
#1723 = DIRECTION ( 'NONE',  ( 1.000000000000000000, 0.000000000000000000, -0.000000000000000000 ) ) ;
#1724 = CARTESIAN_POINT ( 'NONE',  ( -1.699927705371577558, -0.3516987777013036442, -3.291379327861898130 ) ) ;
#1725 = ORIENTED_EDGE ( 'NONE', *, *, #1479, .T. ) ;
#1726 =( NAMED_UNIT ( * ) PLANE_ANGLE_UNIT ( ) SI_UNIT ( $, .RADIAN. ) );
#1727 = SURFACE_STYLE_USAGE ( .BOTH. , #5252 ) ;
#1728 = CARTESIAN_POINT ( 'NONE',  ( 1.761523734920773743, -0.3516987777013036998, 2.555884316397765144 ) ) ;
#1729 = ORIENTED_EDGE ( 'NONE', *, *, #4038, .T. ) ;
#1730 =( NAMED_UNIT ( * ) PLANE_ANGLE_UNIT ( ) SI_UNIT ( $, .RADIAN. ) );
#1731 = UNCERTAINTY_MEASURE_WITH_UNIT (LENGTH_MEASURE( 1.000000000000000082E-05 ), #982, 'distance_accuracy_value', 'NONE');
#1732 = LINE ( 'NONE', #3500, #4421 ) ;
#1733 = EDGE_CURVE ( 'NONE', #2151, #1252, #4301, .T. ) ;
#1734 = ORIENTED_EDGE ( 'NONE', *, *, #731, .T. ) ;
#1735 = SURFACE_SIDE_STYLE ('',( #4887 ) ) ;
#1736 = ORIENTED_EDGE ( 'NONE', *, *, #2255, .T. ) ;
#1737 = VERTEX_POINT ( 'NONE', #5195 ) ;
#1738 = OPEN_SHELL ( 'NONE', ( #4405, #1316, #2505 ) ) ;
#1739 = MECHANICAL_DESIGN_GEOMETRIC_PRESENTATION_REPRESENTATION (  '', ( #3495 ), #3963 ) ;
#1740 = LINE ( 'NONE', #5556, #3736 ) ;
#1741 = STYLED_ITEM ( 'NONE', ( #1563 ), #971 ) ;
#1742 =( BOUNDED_CURVE ( )  B_SPLINE_CURVE ( 3, ( #2668, #4961, #5390, #3093 ),
 .UNSPECIFIED., .F., .T. ) 
 B_SPLINE_CURVE_WITH_KNOTS ( ( 4, 4 ),
 ( 1.570796326794896558, 4.712388980384689674 ),
 .UNSPECIFIED. ) 
 CURVE ( )  GEOMETRIC_REPRESENTATION_ITEM ( )  RATIONAL_B_SPLINE_CURVE ( ( 1.000000000000000000, 0.3333333333333333703, 0.3333333333333333703, 1.000000000000000000 ) ) 
 REPRESENTATION_ITEM ( '' )  );
#1743 = EDGE_LOOP ( 'NONE', ( #900, #3156, #105, #1887, #3303 ) ) ;
#1744 = FACE_BOUND ( 'NONE', #4648, .T. ) ;
#1745 = VECTOR ( 'NONE', #2914, 1000.000000000000000 ) ;
#1746 = SURFACE_STYLE_FILL_AREA ( #2235 ) ;
#1747 = ADVANCED_FACE ( 'NONE', ( #5624 ), #4844, .F. ) ;
#1748 = FACE_OUTER_BOUND ( 'NONE', #2228, .T. ) ;
#1749 = CARTESIAN_POINT ( 'NONE',  ( -1.118476265079225929, -0.3516987777013036998, 2.555884316397765144 ) ) ;
#1750 = CARTESIAN_POINT ( 'NONE',  ( -0.7384762650792262573, -0.3516987777013035887, -2.862221659613599201 ) ) ;
#1751 = COLOUR_RGB ( '',0.9686274509803921573, 1.000000000000000000, 1.000000000000000000 ) ;
#1752 = AXIS2_PLACEMENT_3D ( 'NONE', #4638, #700, #5096 ) ;
#1753 = MECHANICAL_DESIGN_GEOMETRIC_PRESENTATION_REPRESENTATION (  '', ( #3981 ), #2692 ) ;
#1754 = LINE ( 'NONE', #2574, #694 ) ;
#1755 = ORIENTED_EDGE ( 'NONE', *, *, #756, .T. ) ;
#1756 = CARTESIAN_POINT ( 'NONE',  ( 1.341523734920773814, -0.3516987777013035887, -2.862221659613599201 ) ) ;
#1757 = CARTESIAN_POINT ( 'NONE',  ( 0.03152373492077385764, 2.698301222298696178, -3.741379327861898751 ) ) ;
#1758 = CARTESIAN_POINT ( 'NONE',  ( 3.531523734920773983, 0.09660244459739231182, 12.16031652251692918 ) ) ;
#1759 = EDGE_CURVE ( 'NONE', #5657, #1398, #1754, .T. ) ;
#1760 = EDGE_LOOP ( 'NONE', ( #3117, #2075, #1434, #3390 ) ) ;
#1761 = FACE_OUTER_BOUND ( 'NONE', #1095, .T. ) ;
#1762 = VECTOR ( 'NONE', #4152, 1000.000000000000114 ) ;
#1763 = DIRECTION ( 'NONE',  ( 1.000000000000000000, 0.000000000000000000, 0.000000000000000000 ) ) ;
#1764 = DIRECTION ( 'NONE',  ( -0.000000000000000000, 1.000000000000000000, -0.000000000000000000 ) ) ;
#1765 = ORIENTED_EDGE ( 'NONE', *, *, #5492, .F. ) ;
#1766 = DIRECTION ( 'NONE',  ( -1.000000000000000000, 0.000000000000000000, 0.000000000000000000 ) ) ;
#1767 = EDGE_CURVE ( 'NONE', #875, #1465, #1324, .T. ) ;
#1768 = ORIENTED_EDGE ( 'NONE', *, *, #4837, .F. ) ;
#1769 = VERTEX_POINT ( 'NONE', #3409 ) ;
#1770 = VECTOR ( 'NONE', #3900, 1000.000000000000000 ) ;
#1771 = FACE_OUTER_BOUND ( 'NONE', #4029, .T. ) ;
#1772 = EDGE_CURVE ( 'NONE', #5233, #1497, #5166, .T. ) ;
#1773 = ORIENTED_EDGE ( 'NONE', *, *, #4042, .T. ) ;
#1774 = CARTESIAN_POINT ( 'NONE',  ( -3.268476265079227172, 0.09660244459739220080, 12.31031652251693131 ) ) ;
#1775 = CARTESIAN_POINT ( 'NONE',  ( 0.001523734920773996658, -0.3516987777013036998, -2.788642972121563091 ) ) ;
#1776 = STYLED_ITEM ( 'NONE', ( #93 ), #4352 ) ;
#1777 = DIRECTION ( 'NONE',  ( -1.236548955500103037E-32, -1.000000000000000000, -1.112002228190259966E-16 ) ) ;
#1778 =( BOUNDED_CURVE ( )  B_SPLINE_CURVE ( 3, ( #2550, #328, #1189, #718 ),
 .UNSPECIFIED., .F., .T. ) 
 B_SPLINE_CURVE_WITH_KNOTS ( ( 4, 4 ),
 ( 1.570796326794896558, 4.712388980384689674 ),
 .UNSPECIFIED. ) 
 CURVE ( )  GEOMETRIC_REPRESENTATION_ITEM ( )  RATIONAL_B_SPLINE_CURVE ( ( 1.000000000000000000, 0.3333333333333333703, 0.3333333333333333703, 1.000000000000000000 ) ) 
 REPRESENTATION_ITEM ( '' )  );
#1779 = AXIS2_PLACEMENT_3D ( 'NONE', #2770, #2325, #3661 ) ;
#1780 = CARTESIAN_POINT ( 'NONE',  ( -3.268476265079226284, 0.3966024445973921342, 7.810316522516930426 ) ) ;
#1781 = CARTESIAN_POINT ( 'NONE',  ( 2.781523734920773538, -0.3516987777013035887, -2.862221659613599201 ) ) ;
#1782 = CARTESIAN_POINT ( 'NONE',  ( 2.831523734920774249, -0.3516987777013025340, 4.058620672138077090 ) ) ;
#1783 = FACE_OUTER_BOUND ( 'NONE', #5025, .T. ) ;
#1784 =( NAMED_UNIT ( * ) SI_UNIT ( $, .STERADIAN. ) SOLID_ANGLE_UNIT ( ) );
#1785 = MECHANICAL_DESIGN_GEOMETRIC_PRESENTATION_REPRESENTATION (  '', ( #4646 ), #4376 ) ;
#1786 = CARTESIAN_POINT ( 'NONE',  ( 10.40000000000000036, -3.851698777701301424, -4.000000000000000888 ) ) ;
#1787 = VERTEX_POINT ( 'NONE', #1213 ) ;
#1788 = DIRECTION ( 'NONE',  ( -1.084202172485504434E-16, -0.000000000000000000, -1.000000000000000000 ) ) ;
#1789 = SURFACE_SIDE_STYLE ('',( #3992 ) ) ;
#1790 = VERTEX_POINT ( 'NONE', #2971 ) ;
#1791 = CARTESIAN_POINT ( 'NONE',  ( 0.03152373492079315470, 4.398301222298695023, 2.808620672138101515 ) ) ;
#1792 = UNCERTAINTY_MEASURE_WITH_UNIT (LENGTH_MEASURE( 1.000000000000000082E-05 ), #5272, 'distance_accuracy_value', 'NONE');
#1793 = CARTESIAN_POINT ( 'NONE',  ( -3.268476265079226284, 0.3966024445973921342, 7.810316522516930426 ) ) ;
#1794 = CARTESIAN_POINT ( 'NONE',  ( -10.40000000000000213, -1.951698777701299292, -9.719999999999998863 ) ) ;
#1795 = ORIENTED_EDGE ( 'NONE', *, *, #5237, .T. ) ;
#1796 = CARTESIAN_POINT ( 'NONE',  ( 2.831523734920774249, -0.1514163804696549154, 6.466522298779006306 ) ) ;
#1797 = ORIENTED_EDGE ( 'NONE', *, *, #2205, .F. ) ;
#1798 = VERTEX_POINT ( 'NONE', #776 ) ;
#1799 =( NAMED_UNIT ( * ) SI_UNIT ( $, .STERADIAN. ) SOLID_ANGLE_UNIT ( ) );
#1800 = EDGE_CURVE ( 'NONE', #4655, #5325, #4517, .T. ) ;
#1801 = ORIENTED_EDGE ( 'NONE', *, *, #893, .F. ) ;
#1802 = CARTESIAN_POINT ( 'NONE',  ( -3.868476265079257015, -0.5016987777013031113, 3.958620672138077445 ) ) ;
#1803 = PRESENTATION_STYLE_ASSIGNMENT (( #5236 ) ) ;
#1804 = ADVANCED_FACE ( 'NONE', ( #463 ), #5389, .F. ) ;
#1805 = CARTESIAN_POINT ( 'NONE',  ( 0.3215237349207739626, -0.3516987777013035887, -2.862221659613599201 ) ) ;
#1806 = DIRECTION ( 'NONE',  ( 0.000000000000000000, -3.330669073875468635E-16, 1.000000000000000000 ) ) ;
#1807 = PRESENTATION_LAYER_ASSIGNMENT (  '', '', ( #339 ) ) ;
#1808 = EDGE_CURVE ( 'NONE', #1357, #26, #903, .T. ) ;
#1809 = CARTESIAN_POINT ( 'NONE',  ( 2.781523734920774427, 3.398301222298695912, 0.05862067213810127214 ) ) ;
#1810 = CARTESIAN_POINT ( 'NONE',  ( 3.381523734920774071, -0.3516987777013036442, 0.8017164319438419007 ) ) ;
#1811 = CARTESIAN_POINT ( 'NONE',  ( -2.078476265079225893, -0.3516987777013035887, -2.862221659613599201 ) ) ;
#1812 = CARTESIAN_POINT ( 'NONE',  ( -1.858476265079225920, -0.3516987777013035887, 2.629463003889801698 ) ) ;
#1813 = ORIENTED_EDGE ( 'NONE', *, *, #3968, .F. ) ;
#1814 = DIRECTION ( 'NONE',  ( 1.000000000000000000, 0.000000000000000000, -0.000000000000000000 ) ) ;
#1815 = STYLED_ITEM ( 'NONE', ( #5599 ), #1233 ) ;
#1816 = CARTESIAN_POINT ( 'NONE',  ( -1.438476265079225769, -0.3516987777013035887, -2.862221659613599201 ) ) ;
#1817 = COLOUR_RGB ( '',0.2980392156862745057, 0.2980392156862745057, 0.2980392156862745057 ) ;
#1818 = VERTEX_POINT ( 'NONE', #1836 ) ;
#1819 = PRESENTATION_STYLE_ASSIGNMENT (( #4594 ) ) ;
#1820 = ORIENTED_EDGE ( 'NONE', *, *, #2450, .F. ) ;
#1821 = VERTEX_POINT ( 'NONE', #3092 ) ;
#1822 = CIRCLE ( 'NONE', #5054, 0.5000000000000004441 ) ;
#1823 = ORIENTED_EDGE ( 'NONE', *, *, #3035, .F. ) ;
#1824 = FACE_BOUND ( 'NONE', #4958, .T. ) ;
#1825 = DIRECTION ( 'NONE',  ( 0.000000000000000000, 0.000000000000000000, 1.000000000000000000 ) ) ;
#1826 = EDGE_CURVE ( 'NONE', #997, #635, #5036, .T. ) ;
#1827 = CARTESIAN_POINT ( 'NONE',  ( -12.49999999999999822, -0.5516987777013074856, 14.50000000000000711 ) ) ;
#1828 = EDGE_CURVE ( 'NONE', #3769, #3237, #4852, .T. ) ;
#1829 = EDGE_CURVE ( 'NONE', #5055, #3616, #5339, .T. ) ;
#1830 = DIRECTION ( 'NONE',  ( -0.000000000000000000, -0.000000000000000000, 1.000000000000000000 ) ) ;
#1831 = CARTESIAN_POINT ( 'NONE',  ( -2.018476265079225840, -0.3516987777013035887, -2.862221659613599201 ) ) ;
#1832 = CARTESIAN_POINT ( 'NONE',  ( 2.081523734920774249, -0.3516987777013035887, -2.862221659613599201 ) ) ;
#1833 = EDGE_CURVE ( 'NONE', #5170, #4540, #1361, .T. ) ;
#1834 = EDGE_LOOP ( 'NONE', ( #434, #4987, #4663, #4849 ) ) ;
#1835 = CIRCLE ( 'NONE', #110, 3.000000000000000000 ) ;
#1836 = CARTESIAN_POINT ( 'NONE',  ( 0.7015237349207738005, -0.3516987777013035887, -2.862221659613599201 ) ) ;
#1837 = VECTOR ( 'NONE', #2829, 1000.000000000000000 ) ;
#1838 = CARTESIAN_POINT ( 'NONE',  ( 10.50000000000000000, -1.451698777701302623, 3.328303898240675067E-15 ) ) ;
#1839 = ORIENTED_EDGE ( 'NONE', *, *, #600, .F. ) ;
#1840 = DIRECTION ( 'NONE',  ( 0.000000000000000000, 4.130293990420967418E-16, -1.000000000000000000 ) ) ;
#1841 = VERTEX_POINT ( 'NONE', #3530 ) ;
#1842 =( GEOMETRIC_REPRESENTATION_CONTEXT ( 3 ) GLOBAL_UNCERTAINTY_ASSIGNED_CONTEXT ( ( #4397 ) ) GLOBAL_UNIT_ASSIGNED_CONTEXT ( ( #3370, #5583, #3395 ) ) REPRESENTATION_CONTEXT ( 'NONE', 'WORKASPACE' ) );
#1843 = ADVANCED_FACE ( 'NONE', ( #4933 ), #1863, .T. ) ;
#1844 = ORIENTED_EDGE ( 'NONE', *, *, #3910, .F. ) ;
#1845 = CARTESIAN_POINT ( 'NONE',  ( -10.50000000000000000, -1.451698777701303067, 1.050000000000003819 ) ) ;
#1846 = VECTOR ( 'NONE', #5209, 1000.000000000000000 ) ;
#1847 = VERTEX_POINT ( 'NONE', #2860 ) ;
#1848 = FACE_BOUND ( 'NONE', #2114, .T. ) ;
#1849 = CARTESIAN_POINT ( 'NONE',  ( 2.401523734920773645, -0.3516987777013035887, 2.629463003889801698 ) ) ;
#1850 = VECTOR ( 'NONE', #1126, 1000.000000000000000 ) ;
#1851 = CARTESIAN_POINT ( 'NONE',  ( -1.378476265079226160, -0.3516987777013036998, 2.555884316397765144 ) ) ;
#1852 =( GEOMETRIC_REPRESENTATION_CONTEXT ( 3 ) GLOBAL_UNCERTAINTY_ASSIGNED_CONTEXT ( ( #4628 ) ) GLOBAL_UNIT_ASSIGNED_CONTEXT ( ( #3118, #3962, #874 ) ) REPRESENTATION_CONTEXT ( 'NONE', 'WORKASPACE' ) );
#1853 = SURFACE_SIDE_STYLE ('',( #1942 ) ) ;
#1854 = SURFACE_STYLE_USAGE ( .BOTH. , #1034 ) ;
#1855 = VECTOR ( 'NONE', #2537, 1000.000000000000000 ) ;
#1856 = DIRECTION ( 'NONE',  ( -1.000000000000000000, 0.000000000000000000, 0.000000000000000000 ) ) ;
#1857 = EDGE_CURVE ( 'NONE', #3789, #1253, #654, .T. ) ;
#1858 = CARTESIAN_POINT ( 'NONE',  ( -10.50000000000000000, -1.451698777701306842, 12.50000000000000711 ) ) ;
#1859 = CARTESIAN_POINT ( 'NONE',  ( -2.768476265079225840, -0.3903167934542861039, 4.781211482161561221 ) ) ;
#1860 = DIRECTION ( 'NONE',  ( -1.112002228190259966E-16, 1.112002228190259966E-16, -1.000000000000000000 ) ) ;
#1861 = VERTEX_POINT ( 'NONE', #2419 ) ;
#1862 = CARTESIAN_POINT ( 'NONE',  ( -10.50000000000000000, -1.451698777701307286, 13.55000000000000782 ) ) ;
#1863 = PLANE ( 'NONE',  #69 ) ;
#1864 = STYLED_ITEM ( 'NONE', ( #1246 ), #3778 ) ;
#1865 = CARTESIAN_POINT ( 'NONE',  ( -1.378476265079226160, -0.3516987777013036998, -2.788642972121563091 ) ) ;
#1866 = STYLED_ITEM ( 'NONE', ( #1974 ), #2487 ) ;
#1867 = STYLED_ITEM ( 'NONE', ( #1339 ), #2373 ) ;
#1868 = EDGE_CURVE ( 'NONE', #2925, #2398, #4588, .T. ) ;
#1869 = DIRECTION ( 'NONE',  ( 0.000000000000000000, 3.330669073875468635E-16, -1.000000000000000000 ) ) ;
#1870 = VERTEX_POINT ( 'NONE', #1890 ) ;
#1871 = VERTEX_POINT ( 'NONE', #683 ) ;
#1872 = VERTEX_POINT ( 'NONE', #4960 ) ;
#1873 = CARTESIAN_POINT ( 'NONE',  ( -10.40000000000000036, -3.851698777701301424, -4.000000000000003553 ) ) ;
#1874 = VECTOR ( 'NONE', #3744, 1000.000000000000000 ) ;
#1875 = FILL_AREA_STYLE_COLOUR ( '', #2901 ) ;
#1876 = ORIENTED_EDGE ( 'NONE', *, *, #4921, .T. ) ;
#1877 = CARTESIAN_POINT ( 'NONE',  ( 2.023382163624992902, 4.398301222298695023, 1.208620672138082996 ) ) ;
#1878 = CARTESIAN_POINT ( 'NONE',  ( 0.03152373492079315470, 3.948301222298694846, 2.808620672138101515 ) ) ;
#1879 = FACE_OUTER_BOUND ( 'NONE', #5211, .T. ) ;
#1880 = DIRECTION ( 'NONE',  ( -1.000000000000000000, 0.000000000000000000, 0.000000000000000000 ) ) ;
#1881 = CARTESIAN_POINT ( 'NONE',  ( 1.601523734920774045, -0.3516987777013036998, -2.788642972121563091 ) ) ;
#1882 = LINE ( 'NONE', #4608, #3546 ) ;
#1883 = VECTOR ( 'NONE', #1634, 1000.000000000000000 ) ;
#1884 = DIRECTION ( 'NONE',  ( 0.000000000000000000, 4.130293990420967418E-16, -1.000000000000000000 ) ) ;
#1885 = CARTESIAN_POINT ( 'NONE',  ( 0.03152373492077385764, 3.948301222298694846, 0.05862067213810127214 ) ) ;
#1886 = CARTESIAN_POINT ( 'NONE',  ( 0.3215237349207739626, -0.3516987777013036442, 2.629463003889801698 ) ) ;
#1887 = ORIENTED_EDGE ( 'NONE', *, *, #542, .F. ) ;
#1888 = EDGE_CURVE ( 'NONE', #2678, #1250, #791, .T. ) ;
#1889 =( BOUNDED_CURVE ( )  B_SPLINE_CURVE ( 3, ( #2290, #2321, #3688, #4065 ),
 .UNSPECIFIED., .F., .T. ) 
 B_SPLINE_CURVE_WITH_KNOTS ( ( 4, 4 ),
 ( 1.570796326794896558, 4.712388980384689674 ),
 .UNSPECIFIED. ) 
 CURVE ( )  GEOMETRIC_REPRESENTATION_ITEM ( )  RATIONAL_B_SPLINE_CURVE ( ( 1.000000000000000000, 0.3333333333333333703, 0.3333333333333333703, 1.000000000000000000 ) ) 
 REPRESENTATION_ITEM ( '' )  );
#1890 = CARTESIAN_POINT ( 'NONE',  ( 0.03152373492077398254, 4.123301222298696445, 0.05862067213810127214 ) ) ;
#1891 = COLOUR_RGB ( '',0.2980392156862745057, 0.2980392156862745057, 0.2980392156862745057 ) ;
#1892 = FILL_AREA_STYLE_COLOUR ( '', #2767 ) ;
#1893 =( NAMED_UNIT ( * ) PLANE_ANGLE_UNIT ( ) SI_UNIT ( $, .RADIAN. ) );
#1894 = ORIENTED_EDGE ( 'NONE', *, *, #5148, .F. ) ;
#1895 = MECHANICAL_DESIGN_GEOMETRIC_PRESENTATION_REPRESENTATION (  '', ( #255 ), #3762 ) ;
#1896 = CARTESIAN_POINT ( 'NONE',  ( 12.50000000000001599, -1.451698777701299514, -9.500000000000001776 ) ) ;
#1897 = ORIENTED_EDGE ( 'NONE', *, *, #5668, .T. ) ;
#1898 = VERTEX_POINT ( 'NONE', #2449 ) ;
#1899 = B_SPLINE_SURFACE_WITH_KNOTS ( 'NONE', 1, 3, ( 
 ( #4847, #4131, #71, #5361, #2804, #594, #2724, #5384, #4557 ),
 ( #2331, #4929, #1859, #3609, #2358, #3698, #1486, #1459, #5448 ) ),
 .UNSPECIFIED., .F., .F., .F.,
 ( 2, 2 ),
 ( 4, 1, 1, 1, 1, 1, 4 ),
 ( 0.5087719298245614308, 1.000000000000000000 ),
 ( 0.000000000000000000, 0.1400000000000000411, 0.2799999999999997491, 0.4200000000000002620, 0.5599999999978950704, 0.7800000000001622302, 1.000000000000000000 ),
 .UNSPECIFIED. ) ;
#1900 = CARTESIAN_POINT ( 'NONE',  ( -10.40000000000000213, -1.951698777701299292, -9.719999999999998863 ) ) ;
#1901 = EDGE_CURVE ( 'NONE', #156, #2140, #263, .T. ) ;
#1902 = CARTESIAN_POINT ( 'NONE',  ( 10.40000000000000036, -1.451698777701299514, -9.500000000000001776 ) ) ;
#1903 = CARTESIAN_POINT ( 'NONE',  ( 10.40000000000000036, -1.951698777701299292, -9.600000000000001421 ) ) ;
#1904 = ORIENTED_EDGE ( 'NONE', *, *, #974, .T. ) ;
#1905 = FACE_BOUND ( 'NONE', #2807, .T. ) ;
#1906 = DIRECTION ( 'NONE',  ( 1.000000000000000000, 0.000000000000000000, 0.000000000000000000 ) ) ;
#1907 = LINE ( 'NONE', #5469, #5441 ) ;
#1908 = DIRECTION ( 'NONE',  ( 1.000000000000000000, 0.000000000000000000, 0.000000000000000000 ) ) ;
#1909 = MECHANICAL_DESIGN_GEOMETRIC_PRESENTATION_REPRESENTATION (  '', ( #4875 ), #3128 ) ;
#1910 = DIRECTION ( 'NONE',  ( 0.000000000000000000, 1.000000000000000000, 1.110223024625156540E-16 ) ) ;
#1911 = CARTESIAN_POINT ( 'NONE',  ( 2.831523734920776025, -0.3322272475925910906, 5.370631857476596771 ) ) ;
#1912 = VECTOR ( 'NONE', #5663, 1000.000000000000000 ) ;
#1913 = PRESENTATION_LAYER_ASSIGNMENT (  '', '', ( #4425 ) ) ;
#1914 = CARTESIAN_POINT ( 'NONE',  ( 0.03152373492077398254, 4.398301222298695023, -0.9413793278618988181 ) ) ;
#1915 = CARTESIAN_POINT ( 'NONE',  ( 0.3515237349207738782, -0.3516987777013036442, -2.862221659613599201 ) ) ;
#1916 =( NAMED_UNIT ( * ) PLANE_ANGLE_UNIT ( ) SI_UNIT ( $, .RADIAN. ) );
#1917 = LINE ( 'NONE', #3581, #614 ) ;
#1918 = CIRCLE ( 'NONE', #5155, 0.6249999999999997780 ) ;
#1919 = LINE ( 'NONE', #3699, #1317 ) ;
#1920 =( GEOMETRIC_REPRESENTATION_CONTEXT ( 3 ) GLOBAL_UNCERTAINTY_ASSIGNED_CONTEXT ( ( #1167 ) ) GLOBAL_UNIT_ASSIGNED_CONTEXT ( ( #2019, #1730, #3037 ) ) REPRESENTATION_CONTEXT ( 'NONE', 'WORKASPACE' ) );
#1921 = ORIENTED_EDGE ( 'NONE', *, *, #5185, .F. ) ;
#1922 =( NAMED_UNIT ( * ) PLANE_ANGLE_UNIT ( ) SI_UNIT ( $, .RADIAN. ) );
#1923 = DIRECTION ( 'NONE',  ( -1.000000000000000000, 0.000000000000000000, 1.387778780781444196E-16 ) ) ;
#1924 = SURFACE_SIDE_STYLE ('',( #3671 ) ) ;
#1925 = PRESENTATION_LAYER_ASSIGNMENT (  '', '', ( #4435 ) ) ;
#1926 = DIRECTION ( 'NONE',  ( 0.000000000000000000, -3.330669073875468635E-16, 1.000000000000000000 ) ) ;
#1927 = ORIENTED_EDGE ( 'NONE', *, *, #3898, .F. ) ;
#1928 = DIRECTION ( 'NONE',  ( 1.387778780781444443E-16, -3.330669073875468635E-16, 1.000000000000000000 ) ) ;
#1929 = CARTESIAN_POINT ( 'NONE',  ( 1.080626011731303793, -0.3516987777013036442, 3.208620672138101870 ) ) ;
#1930 =( GEOMETRIC_REPRESENTATION_CONTEXT ( 3 ) GLOBAL_UNCERTAINTY_ASSIGNED_CONTEXT ( ( #3881 ) ) GLOBAL_UNIT_ASSIGNED_CONTEXT ( ( #1207, #3345, #1973 ) ) REPRESENTATION_CONTEXT ( 'NONE', 'WORKASPACE' ) );
#1931 = ORIENTED_EDGE ( 'NONE', *, *, #2042, .T. ) ;
#1932 = DIRECTION ( 'NONE',  ( -1.000000000000000000, 0.000000000000000000, 8.340016711426957754E-17 ) ) ;
#1933 = DIRECTION ( 'NONE',  ( 0.000000000000000000, 0.000000000000000000, 1.000000000000000000 ) ) ;
#1934 = VECTOR ( 'NONE', #3283, 1000.000000000000000 ) ;
#1935 = EDGE_CURVE ( 'NONE', #26, #5234, #1015, .T. ) ;
#1936 = VERTEX_POINT ( 'NONE', #5479 ) ;
#1937 =( GEOMETRIC_REPRESENTATION_CONTEXT ( 3 ) GLOBAL_UNCERTAINTY_ASSIGNED_CONTEXT ( ( #5540 ) ) GLOBAL_UNIT_ASSIGNED_CONTEXT ( ( #423, #952, #3548 ) ) REPRESENTATION_CONTEXT ( 'NONE', 'WORKASPACE' ) );
#1938 = FACE_BOUND ( 'NONE', #2378, .T. ) ;
#1939 = CARTESIAN_POINT ( 'NONE',  ( -1.058476265079226097, -0.3516987777013036998, -2.788642972121563091 ) ) ;
#1940 =( NAMED_UNIT ( * ) SI_UNIT ( $, .STERADIAN. ) SOLID_ANGLE_UNIT ( ) );
#1941 = VECTOR ( 'NONE', #3428, 1000.000000000000000 ) ;
#1942 = SURFACE_STYLE_FILL_AREA ( #4923 ) ;
#1943 = STYLED_ITEM ( 'NONE', ( #1668 ), #4691 ) ;
#1944 = CARTESIAN_POINT ( 'NONE',  ( 1.281523734920774205, -0.3516987777013035887, -2.862221659613599201 ) ) ;
#1945 = CARTESIAN_POINT ( 'NONE',  ( -0.7984762650792260885, -0.3516987777013036998, 2.555884316397765144 ) ) ;
#1946 = EDGE_CURVE ( 'NONE', #3646, #2225, #3319, .T. ) ;
#1947 = CARTESIAN_POINT ( 'NONE',  ( 10.40000000000000036, -3.851698777701299647, -9.500000000000001776 ) ) ;
#1948 = CARTESIAN_POINT ( 'NONE',  ( 3.831523734920774249, 0.3966024445973921342, 12.31031652251693131 ) ) ;
#1949 = FILL_AREA_STYLE_COLOUR ( '', #2716 ) ;
#1950 = FILL_AREA_STYLE_COLOUR ( '', #5103 ) ;
#1951 = CARTESIAN_POINT ( 'NONE',  ( 0.8015237349207738893, -0.3516987777013036998, -2.788642972121562646 ) ) ;
#1952 = PRESENTATION_LAYER_ASSIGNMENT (  '', '', ( #4457 ) ) ;
#1953 = ORIENTED_EDGE ( 'NONE', *, *, #3021, .T. ) ;
#1954 = SURFACE_STYLE_FILL_AREA ( #4649 ) ;
#1955 = DIRECTION ( 'NONE',  ( 0.000000000000000000, 0.000000000000000000, 1.000000000000000000 ) ) ;
#1956 = CARTESIAN_POINT ( 'NONE',  ( 1.021523734920773752, -0.3516987777013035887, 2.629463003889801698 ) ) ;
#1957 =( BOUNDED_CURVE ( )  B_SPLINE_CURVE ( 3, ( #2946, #4707, #2101, #3029 ),
 .UNSPECIFIED., .F., .T. ) 
 B_SPLINE_CURVE_WITH_KNOTS ( ( 4, 4 ),
 ( 1.570796326794896558, 4.712388980384689674 ),
 .UNSPECIFIED. ) 
 CURVE ( )  GEOMETRIC_REPRESENTATION_ITEM ( )  RATIONAL_B_SPLINE_CURVE ( ( 1.000000000000000000, 0.3333333333333333703, 0.3333333333333333703, 1.000000000000000000 ) ) 
 REPRESENTATION_ITEM ( '' )  );
#1958 = AXIS2_PLACEMENT_3D ( 'NONE', #3261, #1010, #3200 ) ;
#1959 = FILL_AREA_STYLE_COLOUR ( '', #672 ) ;
#1960 = VERTEX_POINT ( 'NONE', #3733 ) ;
#1961 = LINE ( 'NONE', #3741, #1232 ) ;
#1962 = ORIENTED_EDGE ( 'NONE', *, *, #421, .T. ) ;
#1963 = CARTESIAN_POINT ( 'NONE',  ( -3.268476265079226284, 0.09660244459739220080, 8.310316522516931315 ) ) ;
#1964 = AXIS2_PLACEMENT_3D ( 'NONE', #2105, #1187, #3382 ) ;
#1965 = LINE ( 'NONE', #691, #272 ) ;
#1966 = CARTESIAN_POINT ( 'NONE',  ( 0.8015237349207738893, -0.3516987777013036998, 2.555884316397764700 ) ) ;
#1967 = EDGE_LOOP ( 'NONE', ( #4303, #5204, #40, #5577 ) ) ;
#1968 = PLANE ( 'NONE',  #3966 ) ;
#1969 = VERTEX_POINT ( 'NONE', #1519 ) ;
#1970 = ADVANCED_FACE ( 'NONE', ( #5048 ), #4990, .T. ) ;
#1971 = DIRECTION ( 'NONE',  ( 0.000000000000000000, -3.097720492815725686E-16, 1.000000000000000000 ) ) ;
#1972 = EDGE_CURVE ( 'NONE', #5170, #3640, #4561, .T. ) ;
#1973 =( NAMED_UNIT ( * ) SI_UNIT ( $, .STERADIAN. ) SOLID_ANGLE_UNIT ( ) );
#1974 = PRESENTATION_STYLE_ASSIGNMENT (( #5043 ) ) ;
#1975 = ADVANCED_FACE ( 'NONE', ( #2362 ), #177, .F. ) ;
#1976 = PRESENTATION_STYLE_ASSIGNMENT (( #2067 ) ) ;
#1977 = ORIENTED_EDGE ( 'NONE', *, *, #2397, .F. ) ;
#1978 = FACE_OUTER_BOUND ( 'NONE', #3934, .T. ) ;
#1979 = CARTESIAN_POINT ( 'NONE',  ( 0.03152373492077385764, 3.948301222298694846, -2.691379327861899373 ) ) ;
#1980 = VECTOR ( 'NONE', #4081, 1000.000000000000000 ) ;
#1981 = CARTESIAN_POINT ( 'NONE',  ( 0.03152373492077385764, 4.398301222298695023, 0.05862067213810127214 ) ) ;
#1982 = VERTEX_POINT ( 'NONE', #3266 ) ;
#1983 = SURFACE_SIDE_STYLE ('',( #1637 ) ) ;
#1984 = SURFACE_STYLE_USAGE ( .BOTH. , #242 ) ;
#1985 = VERTEX_POINT ( 'NONE', #5019 ) ;
#1986 = CARTESIAN_POINT ( 'NONE',  ( 2.621523734920773840, -0.3516987777013035887, -2.862221659613599201 ) ) ;
#1987 = PRESENTATION_LAYER_ASSIGNMENT (  '', '', ( #1259 ) ) ;
#1988 = EDGE_CURVE ( 'NONE', #245, #107, #2571, .T. ) ;
#1989 = LINE ( 'NONE', #1106, #917 ) ;
#1990 =( BOUNDED_CURVE ( )  B_SPLINE_CURVE ( 3, ( #1372, #391, #4895, #4805 ),
 .UNSPECIFIED., .F., .T. ) 
 B_SPLINE_CURVE_WITH_KNOTS ( ( 4, 4 ),
 ( 1.570796326794896558, 4.712388980384689674 ),
 .UNSPECIFIED. ) 
 CURVE ( )  GEOMETRIC_REPRESENTATION_ITEM ( )  RATIONAL_B_SPLINE_CURVE ( ( 1.000000000000000000, 0.3333333333333333703, 0.3333333333333333703, 1.000000000000000000 ) ) 
 REPRESENTATION_ITEM ( '' )  );
#1991 = CARTESIAN_POINT ( 'NONE',  ( -1.698476265079226222, -0.3516987777013036998, -2.788642972121563091 ) ) ;
#1992 = VERTEX_POINT ( 'NONE', #5130 ) ;
#1993 = FILL_AREA_STYLE_COLOUR ( '', #3689 ) ;
#1994 = VERTEX_POINT ( 'NONE', #803 ) ;
#1995 = AXIS2_PLACEMENT_3D ( 'NONE', #603, #1418, #1077 ) ;
#1996 = PRODUCT ( 'rpi_camera', 'rpi_camera', '', ( #2927 ) ) ;
#1997 = SURFACE_STYLE_FILL_AREA ( #3750 ) ;
#1998 = EDGE_CURVE ( 'NONE', #1636, #4508, #4403, .T. ) ;
#1999 = FILL_AREA_STYLE ('',( #2467 ) ) ;
#2000 = CARTESIAN_POINT ( 'NONE',  ( 0.6415237349207738582, -0.3516987777013036998, 2.555884316397765144 ) ) ;
#2001 = EDGE_CURVE ( 'NONE', #1022, #941, #3841, .T. ) ;
#2002 = LINE ( 'NONE', #4613, #5037 ) ;
#2003 = PLANE ( 'NONE',  #3531 ) ;
#2004 = ORIENTED_EDGE ( 'NONE', *, *, #4697, .F. ) ;
#2005 = PRESENTATION_LAYER_ASSIGNMENT (  '', '', ( #6 ) ) ;
#2006 = MECHANICAL_DESIGN_GEOMETRIC_PRESENTATION_REPRESENTATION (  '', ( #3687 ), #3400 ) ;
#2007 = CARTESIAN_POINT ( 'NONE',  ( -3.968476265079226017, -0.3516987777013036442, 4.058620672138101959 ) ) ;
#2008 = VECTOR ( 'NONE', #302, 1000.000000000000000 ) ;
#2009 = FACE_OUTER_BOUND ( 'NONE', #3888, .T. ) ;
#2010 = ADVANCED_FACE ( 'NONE', ( #5108 ), #5621, .F. ) ;
#2011 =( NAMED_UNIT ( * ) PLANE_ANGLE_UNIT ( ) SI_UNIT ( $, .RADIAN. ) );
#2012 = VECTOR ( 'NONE', #1764, 1000.000000000000000 ) ;
#2013 = CARTESIAN_POINT ( 'NONE',  ( 0.03152373492077385764, 3.598301222298696089, 0.05862067213810127214 ) ) ;
#2014 = EDGE_CURVE ( 'NONE', #937, #789, #2130, .T. ) ;
#2015 = EDGE_LOOP ( 'NONE', ( #544, #3333, #5206, #610 ) ) ;
#2016 = FILL_AREA_STYLE ('',( #2425 ) ) ;
#2017 = CARTESIAN_POINT ( 'NONE',  ( 2.413093595327983731, 3.948301222298694846, -1.316379327861893600 ) ) ;
#2018 = ORIENTED_EDGE ( 'NONE', *, *, #2739, .T. ) ;
#2019 =( LENGTH_UNIT ( ) NAMED_UNIT ( * ) SI_UNIT ( .MILLI., .METRE. ) );
#2020 = UNCERTAINTY_MEASURE_WITH_UNIT (LENGTH_MEASURE( 1.000000000000000082E-05 ), #1179, 'distance_accuracy_value', 'NONE');
#2021 = DIRECTION ( 'NONE',  ( 1.000000000000000000, 0.000000000000000000, 0.000000000000000000 ) ) ;
#2022 =( LENGTH_UNIT ( ) NAMED_UNIT ( * ) SI_UNIT ( .MILLI., .METRE. ) );
#2023 = VERTEX_POINT ( 'NONE', #5594 ) ;
#2024 =( GEOMETRIC_REPRESENTATION_CONTEXT ( 3 ) GLOBAL_UNCERTAINTY_ASSIGNED_CONTEXT ( ( #5662 ) ) GLOBAL_UNIT_ASSIGNED_CONTEXT ( ( #1249, #5140, #1641 ) ) REPRESENTATION_CONTEXT ( 'NONE', 'WORKASPACE' ) );
#2025 = CARTESIAN_POINT ( 'NONE',  ( -12.49999999999999822, -1.451698777701307286, 14.50000000000000711 ) ) ;
#2026 = ORIENTED_EDGE ( 'NONE', *, *, #5551, .T. ) ;
#2027 = UNCERTAINTY_MEASURE_WITH_UNIT (LENGTH_MEASURE( 1.000000000000000082E-05 ), #4710, 'distance_accuracy_value', 'NONE');
#2028 = VECTOR ( 'NONE', #5524, 1000.000000000000000 ) ;
#2029 = AXIS2_PLACEMENT_3D ( 'NONE', #3895, #5643, #3455 ) ;
#2030 = CARTESIAN_POINT ( 'NONE',  ( 10.40000000000000036, -1.451698777701299514, -9.600000000000001421 ) ) ;
#2031 = CARTESIAN_POINT ( 'NONE',  ( -0.2584762650792261085, -0.3516987777013036998, -2.788642972121562646 ) ) ;
#2032 =( NAMED_UNIT ( * ) PLANE_ANGLE_UNIT ( ) SI_UNIT ( $, .RADIAN. ) );
#2033 = CIRCLE ( 'NONE', #946, 1.050000000000000488 ) ;
#2034 = FILL_AREA_STYLE_COLOUR ( '', #3633 ) ;
#2035 = CARTESIAN_POINT ( 'NONE',  ( 3.381523734920774071, -0.3516987777013036442, -1.340011777741890953 ) ) ;
#2036 = DIRECTION ( 'NONE',  ( 1.000000000000000000, -0.000000000000000000, -1.668003342285391551E-16 ) ) ;
#2037 = PRESENTATION_STYLE_ASSIGNMENT (( #1150 ) ) ;
#2038 = LINE ( 'NONE', #3434, #721 ) ;
#2039 = FACE_BOUND ( 'NONE', #2695, .T. ) ;
#2040 = COLOUR_RGB ( '',0.000000000000000000, 0.6235294117647058876, 0.06666666666666666574 ) ;
#2041 = CARTESIAN_POINT ( 'NONE',  ( 2.621523734920773840, -0.3516987777013036998, 2.555884316397765144 ) ) ;
#2042 = EDGE_CURVE ( 'NONE', #130, #1169, #2479, .T. ) ;
#2043 =( LENGTH_UNIT ( ) NAMED_UNIT ( * ) SI_UNIT ( .MILLI., .METRE. ) );
#2044 = SURFACE_SIDE_STYLE ('',( #5133 ) ) ;
#2045 = ORIENTED_EDGE ( 'NONE', *, *, #1506, .F. ) ;
#2046 = STYLED_ITEM ( 'NONE', ( #1976 ), #4248 ) ;
#2047 = ORIENTED_EDGE ( 'NONE', *, *, #5683, .T. ) ;
#2048 = DIRECTION ( 'NONE',  ( -8.340016711426957754E-17, 0.000000000000000000, -1.000000000000000000 ) ) ;
#2049 = LINE ( 'NONE', #3823, #2304 ) ;
#2050 = EDGE_CURVE ( 'NONE', #3237, #3769, #2532, .T. ) ;
#2051 = VECTOR ( 'NONE', #4161, 1000.000000000000000 ) ;
#2052 = CARTESIAN_POINT ( 'NONE',  ( 2.831523734920773805, -0.4516987777013034555, 4.058620672138077090 ) ) ;
#2053 = EDGE_LOOP ( 'NONE', ( #3944, #990, #4306, #2106 ) ) ;
#2054 = CARTESIAN_POINT ( 'NONE',  ( -8.700000000000001066, -0.5516987777013059313, 9.900000000000005684 ) ) ;
#2055 = DIRECTION ( 'NONE',  ( -1.000000000000000000, 0.000000000000000000, 0.000000000000000000 ) ) ;
#2056 =( GEOMETRIC_REPRESENTATION_CONTEXT ( 3 ) GLOBAL_UNCERTAINTY_ASSIGNED_CONTEXT ( ( #2251 ) ) GLOBAL_UNIT_ASSIGNED_CONTEXT ( ( #145, #4549, #2270 ) ) REPRESENTATION_CONTEXT ( 'NONE', 'WORKASPACE' ) );
#2057 = ORIENTED_EDGE ( 'NONE', *, *, #3721, .T. ) ;
#2058 = EDGE_LOOP ( 'NONE', ( #1425, #1013, #2867, #478 ) ) ;
#2059 = VECTOR ( 'NONE', #3726, 1000.000000000000000 ) ;
#2060 = SURFACE_STYLE_USAGE ( .BOTH. , #3773 ) ;
#2061 = SURFACE_SIDE_STYLE ('',( #1537 ) ) ;
#2062 = MECHANICAL_DESIGN_GEOMETRIC_PRESENTATION_REPRESENTATION (  '', ( #5566 ), #537 ) ;
#2063 = CARTESIAN_POINT ( 'NONE',  ( -3.868476265079257015, -0.5516987777013022676, -3.841379327861929482 ) ) ;
#2064 = CARTESIAN_POINT ( 'NONE',  ( -0.8984762650792262884, -0.3516987777013036998, 2.555884316397765144 ) ) ;
#2065 = CARTESIAN_POINT ( 'NONE',  ( 2.621523734920773840, -0.3516987777013035887, 2.629463003889801698 ) ) ;
#2066 = DIRECTION ( 'NONE',  ( 1.000000000000000000, 0.000000000000000000, 0.000000000000000000 ) ) ;
#2067 = SURFACE_STYLE_USAGE ( .BOTH. , #4211 ) ;
#2068 = ORIENTED_EDGE ( 'NONE', *, *, #2731, .F. ) ;
#2069 = CARTESIAN_POINT ( 'NONE',  ( -0.09847626507922616068, -0.3516987777013036998, 2.555884316397764700 ) ) ;
#2070 = PRESENTATION_STYLE_ASSIGNMENT (( #319 ) ) ;
#2071 = CARTESIAN_POINT ( 'NONE',  ( -2.768476265079225396, -0.3157045160118934213, 5.914711643777130767 ) ) ;
#2072 = EDGE_LOOP ( 'NONE', ( #3291, #3879, #3742, #5368 ) ) ;
#2073 = DIRECTION ( 'NONE',  ( 1.000000000000000000, 0.000000000000000000, 0.000000000000000000 ) ) ;
#2074 = EDGE_CURVE ( 'NONE', #967, #3646, #4243, .T. ) ;
#2075 = ORIENTED_EDGE ( 'NONE', *, *, #2904, .T. ) ;
#2076 = UNCERTAINTY_MEASURE_WITH_UNIT (LENGTH_MEASURE( 1.000000000000000082E-05 ), #2837, 'distance_accuracy_value', 'NONE');
#2077 = CARTESIAN_POINT ( 'NONE',  ( 10.40000000000000036, -1.951698777701299292, -9.720000000000000639 ) ) ;
#2078 = LINE ( 'NONE', #1642, #2012 ) ;
#2079 = VECTOR ( 'NONE', #4424, 1000.000000000000000 ) ;
#2080 = ORIENTED_EDGE ( 'NONE', *, *, #1448, .F. ) ;
#2081 = CARTESIAN_POINT ( 'NONE',  ( 0.000000000000000000, 0.000000000000000000, 0.000000000000000000 ) ) ;
#2082 = EDGE_CURVE ( 'NONE', #898, #3273, #1578, .T. ) ;
#2083 = PRESENTATION_LAYER_ASSIGNMENT (  '', '', ( #1503 ) ) ;
#2084 = ORIENTED_EDGE ( 'NONE', *, *, #5050, .T. ) ;
#2085 = EDGE_LOOP ( 'NONE', ( #1562, #5342 ) ) ;
#2086 = COLOUR_RGB ( '',0.1019607843137254888, 0.1019607843137254888, 0.1019607843137254888 ) ;
#2087 = UNCERTAINTY_MEASURE_WITH_UNIT (LENGTH_MEASURE( 1.000000000000000082E-05 ), #5606, 'distance_accuracy_value', 'NONE');
#2088 =( BOUNDED_CURVE ( )  B_SPLINE_CURVE ( 3, ( #1585, #4254, #3243, #4681 ),
 .UNSPECIFIED., .F., .T. ) 
 B_SPLINE_CURVE_WITH_KNOTS ( ( 4, 4 ),
 ( 1.570796326794896558, 4.712388980384689674 ),
 .UNSPECIFIED. ) 
 CURVE ( )  GEOMETRIC_REPRESENTATION_ITEM ( )  RATIONAL_B_SPLINE_CURVE ( ( 1.000000000000000000, 0.3333333333333333703, 0.3333333333333333703, 1.000000000000000000 ) ) 
 REPRESENTATION_ITEM ( '' )  );
#2089 = COLOUR_RGB ( '',0.7529411764705882248, 0.7529411764705882248, 0.7529411764705882248 ) ;
#2090 = EDGE_CURVE ( 'NONE', #5205, #2648, #3814, .T. ) ;
#2091 = CARTESIAN_POINT ( 'NONE',  ( 0.03152373492077385764, 3.948301222298694846, 0.05862067213810127214 ) ) ;
#2092 = PRESENTATION_STYLE_ASSIGNMENT (( #4232 ) ) ;
#2093 = SURFACE_SIDE_STYLE ('',( #4753 ) ) ;
#2094 = DIRECTION ( 'NONE',  ( 0.000000000000000000, 0.000000000000000000, -1.000000000000000000 ) ) ;
#2095 = DIRECTION ( 'NONE',  ( -1.000000000000000000, 0.000000000000000000, 8.340016711426957754E-17 ) ) ;
#2096 = EDGE_CURVE ( 'NONE', #2367, #1337, #3436, .T. ) ;
#2097 = CARTESIAN_POINT ( 'NONE',  ( 12.50000000000001599, -1.451698777701299514, -9.500000000000001776 ) ) ;
#2098 = FACE_OUTER_BOUND ( 'NONE', #620, .T. ) ;
#2099 = CARTESIAN_POINT ( 'NONE',  ( 2.413093595327983731, 3.948301222298694846, -1.316379327861893600 ) ) ;
#2100 = DIRECTION ( 'NONE',  ( 5.782411586589354681E-16, 3.330669073875468635E-16, -1.000000000000000000 ) ) ;
#2101 = CARTESIAN_POINT ( 'NONE',  ( -1.918476265079225973, -0.3516987777013036998, 2.555884316397765144 ) ) ;
#2102 = CARTESIAN_POINT ( 'NONE',  ( -2.768476265079226728, -0.1514163804696549154, 6.466522298779006306 ) ) ;
#2103 = EDGE_LOOP ( 'NONE', ( #3856, #5580 ) ) ;
#2104 = LINE ( 'NONE', #2164, #2846 ) ;
#2105 = CARTESIAN_POINT ( 'NONE',  ( -10.50000000000000000, -0.5516987777013068195, 12.50000000000000711 ) ) ;
#2106 = ORIENTED_EDGE ( 'NONE', *, *, #2515, .T. ) ;
#2107 = CARTESIAN_POINT ( 'NONE',  ( 2.461523734920773698, -0.3516987777013036998, 2.555884316397765144 ) ) ;
#2108 = PRESENTATION_LAYER_ASSIGNMENT (  '', '', ( #4875 ) ) ;
#2109 = DIRECTION ( 'NONE',  ( 1.000000000000000000, 0.000000000000000000, 0.000000000000000000 ) ) ;
#2110 = VECTOR ( 'NONE', #5682, 1000.000000000000000 ) ;
#2111 = VERTEX_POINT ( 'NONE', #4359 ) ;
#2112 = PRESENTATION_STYLE_ASSIGNMENT (( #1196 ) ) ;
#2113 = ORIENTED_EDGE ( 'NONE', *, *, #475, .F. ) ;
#2114 = EDGE_LOOP ( 'NONE', ( #1673, #3323 ) ) ;
#2115 = EDGE_CURVE ( 'NONE', #4253, #5318, #4297, .T. ) ;
#2116 = CARTESIAN_POINT ( 'NONE',  ( -0.1584762650792261585, -0.3516987777013035887, -2.862221659613599201 ) ) ;
#2117 = MECHANICAL_DESIGN_GEOMETRIC_PRESENTATION_REPRESENTATION (  '', ( #4435 ), #5162 ) ;
#2118 = CARTESIAN_POINT ( 'NONE',  ( 3.331523734920773805, 0.09660244459739220080, 8.310316522516931315 ) ) ;
#2119 = FILL_AREA_STYLE ('',( #3544 ) ) ;
#2120 = VECTOR ( 'NONE', #1513, 1000.000000000000000 ) ;
#2121 =( BOUNDED_CURVE ( )  B_SPLINE_CURVE ( 3, ( #4062, #636, #4721, #331 ),
 .UNSPECIFIED., .F., .T. ) 
 B_SPLINE_CURVE_WITH_KNOTS ( ( 4, 4 ),
 ( 1.570796326794896558, 4.712388980384689674 ),
 .UNSPECIFIED. ) 
 CURVE ( )  GEOMETRIC_REPRESENTATION_ITEM ( )  RATIONAL_B_SPLINE_CURVE ( ( 1.000000000000000000, 0.3333333333333333703, 0.3333333333333333703, 1.000000000000000000 ) ) 
 REPRESENTATION_ITEM ( '' )  );
#2122 = ADVANCED_FACE ( 'NONE', ( #3902, #5191 ), #2513, .T. ) ;
#2123 = CARTESIAN_POINT ( 'NONE',  ( -2.350046125486437099, 3.948301222298694846, -1.316379327861893378 ) ) ;
#2124 = COLOUR_RGB ( '',1.000000000000000000, 0.6666666666666666297, 0.1843137254901960898 ) ;
#2125 =( NAMED_UNIT ( * ) SI_UNIT ( $, .STERADIAN. ) SOLID_ANGLE_UNIT ( ) );
#2126 = DIRECTION ( 'NONE',  ( 0.000000000000000000, 0.000000000000000000, 1.000000000000000000 ) ) ;
#2127 =( LENGTH_UNIT ( ) NAMED_UNIT ( * ) SI_UNIT ( .MILLI., .METRE. ) );
#2128 = VERTEX_POINT ( 'NONE', #4898 ) ;
#2129 = PLANE ( 'NONE',  #4505 ) ;
#2130 = LINE ( 'NONE', #2598, #4486 ) ;
#2131 = EDGE_CURVE ( 'NONE', #1238, #1994, #3487, .T. ) ;
#2132 = DIRECTION ( 'NONE',  ( 1.387778780781444196E-16, -3.330669073875468142E-16, 1.000000000000000000 ) ) ;
#2133 =( LENGTH_UNIT ( ) NAMED_UNIT ( * ) SI_UNIT ( .MILLI., .METRE. ) );
#2134 = ORIENTED_EDGE ( 'NONE', *, *, #1888, .T. ) ;
#2135 = DIRECTION ( 'NONE',  ( 0.000000000000000000, 0.000000000000000000, -1.000000000000000000 ) ) ;
#2136 = ORIENTED_EDGE ( 'NONE', *, *, #58, .F. ) ;
#2137 = SURFACE_STYLE_USAGE ( .BOTH. , #5171 ) ;
#2138 = UNCERTAINTY_MEASURE_WITH_UNIT (LENGTH_MEASURE( 1.000000000000000082E-05 ), #3330, 'distance_accuracy_value', 'NONE');
#2139 = DIRECTION ( 'NONE',  ( -1.000000000000000000, 0.000000000000000000, 0.000000000000000000 ) ) ;
#2140 = VERTEX_POINT ( 'NONE', #65 ) ;
#2141 = CARTESIAN_POINT ( 'NONE',  ( 2.831523734920773805, -0.4761866003033892736, 4.319133532761401995 ) ) ;
#2142 = VERTEX_POINT ( 'NONE', #5246 ) ;
#2143 = ORIENTED_EDGE ( 'NONE', *, *, #3115, .F. ) ;
#2144 = VECTOR ( 'NONE', #3610, 1000.000000000000114 ) ;
#2145 = UNCERTAINTY_MEASURE_WITH_UNIT (LENGTH_MEASURE( 1.000000000000000082E-05 ), #3605, 'distance_accuracy_value', 'NONE');
#2146 =( BOUNDED_CURVE ( )  B_SPLINE_CURVE ( 3, ( #1572, #1545, #4703, #1119 ),
 .UNSPECIFIED., .F., .T. ) 
 B_SPLINE_CURVE_WITH_KNOTS ( ( 4, 4 ),
 ( 1.570796326794896558, 4.712388980384689674 ),
 .UNSPECIFIED. ) 
 CURVE ( )  GEOMETRIC_REPRESENTATION_ITEM ( )  RATIONAL_B_SPLINE_CURVE ( ( 1.000000000000000000, 0.3333333333333333703, 0.3333333333333333703, 1.000000000000000000 ) ) 
 REPRESENTATION_ITEM ( '' )  );
#2147 = ORIENTED_EDGE ( 'NONE', *, *, #3178, .F. ) ;
#2148 = STYLED_ITEM ( 'NONE', ( #3002 ), #4461 ) ;
#2149 = FACE_BOUND ( 'NONE', #5547, .T. ) ;
#2150 = CARTESIAN_POINT ( 'NONE',  ( 3.681523734920773894, -0.3516987777013036442, -1.340011777741890953 ) ) ;
#2151 = VERTEX_POINT ( 'NONE', #2242 ) ;
#2152 = EDGE_CURVE ( 'NONE', #415, #1587, #5701, .T. ) ;
#2153 = AXIS2_PLACEMENT_3D ( 'NONE', #1180, #2938, #233 ) ;
#2154 =( NAMED_UNIT ( * ) SI_UNIT ( $, .STERADIAN. ) SOLID_ANGLE_UNIT ( ) );
#2155 = SURFACE_STYLE_FILL_AREA ( #920 ) ;
#2156 =( NAMED_UNIT ( * ) PLANE_ANGLE_UNIT ( ) SI_UNIT ( $, .RADIAN. ) );
#2157 = CARTESIAN_POINT ( 'NONE',  ( 3.931523734920750357, -0.5516987777013030447, 3.958620672138076557 ) ) ;
#2158 = EDGE_CURVE ( 'NONE', #4333, #1340, #4814, .T. ) ;
#2159 = LINE ( 'NONE', #1293, #1038 ) ;
#2160 = ADVANCED_FACE ( 'NONE', ( #4926 ), #1380, .T. ) ;
#2161 = PRESENTATION_STYLE_ASSIGNMENT (( #5655 ) ) ;
#2162 = VERTEX_POINT ( 'NONE', #4470 ) ;
#2163 = CARTESIAN_POINT ( 'NONE',  ( -10.40000000000000213, -1.951698777701299292, -9.719999999999998863 ) ) ;
#2164 = CARTESIAN_POINT ( 'NONE',  ( -3.968476265079257548, -0.3516987777013036442, 4.058620672138077090 ) ) ;
#2165 = CARTESIAN_POINT ( 'NONE',  ( 3.531523734920773983, 0.09660244459739231182, 12.16031652251692918 ) ) ;
#2166 = ADVANCED_FACE ( 'NONE', ( #4843 ), #506, .T. ) ;
#2167 = VERTEX_POINT ( 'NONE', #3198 ) ;
#2168 = PLANE ( 'NONE',  #3426 ) ;
#2169 = DIRECTION ( 'NONE',  ( 1.000000000000000000, -0.000000000000000000, -0.000000000000000000 ) ) ;
#2170 = CARTESIAN_POINT ( 'NONE',  ( 0.03152373492077385764, 3.598301222298696089, 0.05862067213810127214 ) ) ;
#2171 = VERTEX_POINT ( 'NONE', #3754 ) ;
#2172 = CARTESIAN_POINT ( 'NONE',  ( 1.080626011731303793, -0.3516987777013036442, 3.508620672138101693 ) ) ;
#2173 = VERTEX_POINT ( 'NONE', #1115 ) ;
#2174 = ADVANCED_FACE ( 'NONE', ( #122 ), #4640, .F. ) ;
#2175 = VERTEX_POINT ( 'NONE', #5038 ) ;
#2176 = CONICAL_SURFACE ( 'NONE', #2913, 2.300000000000000711, 0.7853981633974482790 ) ;
#2177 = DIRECTION ( 'NONE',  ( 0.000000000000000000, -1.000000000000000000, -1.110223024625156540E-16 ) ) ;
#2178 = VERTEX_POINT ( 'NONE', #230 ) ;
#2179 = CARTESIAN_POINT ( 'NONE',  ( 9.400000000000000355, -1.951698777701299292, -9.720000000000000639 ) ) ;
#2180 =( GEOMETRIC_REPRESENTATION_CONTEXT ( 3 ) GLOBAL_UNCERTAINTY_ASSIGNED_CONTEXT ( ( #3939 ) ) GLOBAL_UNIT_ASSIGNED_CONTEXT ( ( #1152, #3929, #1632 ) ) REPRESENTATION_CONTEXT ( 'NONE', 'WORKASPACE' ) );
#2181 =( BOUNDED_CURVE ( )  B_SPLINE_CURVE ( 3, ( #4158, #1091, #5383, #2746 ),
 .UNSPECIFIED., .F., .T. ) 
 B_SPLINE_CURVE_WITH_KNOTS ( ( 4, 4 ),
 ( 1.570796326794896558, 4.712388980384689674 ),
 .UNSPECIFIED. ) 
 CURVE ( )  GEOMETRIC_REPRESENTATION_ITEM ( )  RATIONAL_B_SPLINE_CURVE ( ( 1.000000000000000000, 0.3333333333333333703, 0.3333333333333333703, 1.000000000000000000 ) ) 
 REPRESENTATION_ITEM ( '' )  );
#2182 = EDGE_CURVE ( 'NONE', #415, #1587, #4952, .T. ) ;
#2183 = CARTESIAN_POINT ( 'NONE',  ( 0.9615237349207739204, -0.3516987777013035887, -2.862221659613599201 ) ) ;
#2184 = CARTESIAN_POINT ( 'NONE',  ( -2.078476265079225893, -0.3516987777013035887, 2.629463003889801698 ) ) ;
#2185 = DIRECTION ( 'NONE',  ( 7.228014483236694583E-17, -3.330669073875468635E-16, 1.000000000000000000 ) ) ;
#2186 = VECTOR ( 'NONE', #1825, 1000.000000000000000 ) ;
#2187 = PRESENTATION_STYLE_ASSIGNMENT (( #95 ) ) ;
#2188 = EDGE_CURVE ( 'NONE', #4881, #1355, #563, .T. ) ;
#2189 = VERTEX_POINT ( 'NONE', #615 ) ;
#2190 = CARTESIAN_POINT ( 'NONE',  ( 4.031523734920773094, -0.5516987777013035998, -3.941379327861898485 ) ) ;
#2191 = SURFACE_SIDE_STYLE ('',( #1272 ) ) ;
#2192 = VERTEX_POINT ( 'NONE', #2385 ) ;
#2193 = UNCERTAINTY_MEASURE_WITH_UNIT (LENGTH_MEASURE( 1.000000000000000082E-05 ), #1595, 'distance_accuracy_value', 'NONE');
#2194 = EDGE_CURVE ( 'NONE', #2483, #1340, #4099, .T. ) ;
#2195 = CARTESIAN_POINT ( 'NONE',  ( 1.341523734920773814, -0.3516987777013035887, 2.629463003889801698 ) ) ;
#2196 = EDGE_LOOP ( 'NONE', ( #3523, #749 ) ) ;
#2197 = DIRECTION ( 'NONE',  ( -1.000000000000000000, 0.000000000000000000, 0.000000000000000000 ) ) ;
#2198 = VERTEX_POINT ( 'NONE', #3226 ) ;
#2199 = ORIENTED_EDGE ( 'NONE', *, *, #5301, .F. ) ;
#2200 = VECTOR ( 'NONE', #2021, 1000.000000000000000 ) ;
#2201 = STYLED_ITEM ( 'NONE', ( #1263 ), #49 ) ;
#2202 = PRESENTATION_LAYER_ASSIGNMENT (  '', '', ( #5239 ) ) ;
#2203 = SURFACE_STYLE_FILL_AREA ( #5586 ) ;
#2204 = VECTOR ( 'NONE', #2926, 1000.000000000000000 ) ;
#2205 = EDGE_CURVE ( 'NONE', #2788, #2192, #4155, .T. ) ;
#2206 = ORIENTED_EDGE ( 'NONE', *, *, #2158, .T. ) ;
#2207 = FACE_BOUND ( 'NONE', #546, .T. ) ;
#2208 = COLOUR_RGB ( '',1.000000000000000000, 0.6666666666666666297, 0.1843137254901960898 ) ;
#2209 = CARTESIAN_POINT ( 'NONE',  ( 2.081523734920774249, -0.3516987777013035887, 2.629463003889801698 ) ) ;
#2210 = DIRECTION ( 'NONE',  ( -1.000000000000000000, 0.000000000000000000, 0.000000000000000000 ) ) ;
#2211 = CARTESIAN_POINT ( 'NONE',  ( -3.968476265079257548, 2.698301222298696178, 4.058620672138077090 ) ) ;
#2212 =( GEOMETRIC_REPRESENTATION_CONTEXT ( 3 ) GLOBAL_UNCERTAINTY_ASSIGNED_CONTEXT ( ( #1105 ) ) GLOBAL_UNIT_ASSIGNED_CONTEXT ( ( #2854, #5068, #1628 ) ) REPRESENTATION_CONTEXT ( 'NONE', 'WORKASPACE' ) );
#2213 =( NAMED_UNIT ( * ) PLANE_ANGLE_UNIT ( ) SI_UNIT ( $, .RADIAN. ) );
#2214 = MECHANICAL_DESIGN_GEOMETRIC_PRESENTATION_REPRESENTATION (  '', ( #5628 ), #3425 ) ;
#2215 = DIRECTION ( 'NONE',  ( 0.000000000000000000, 1.000000000000000000, 1.110223024625156540E-16 ) ) ;
#2216 = DIRECTION ( 'NONE',  ( 0.000000000000000000, 4.130293990420967418E-16, -1.000000000000000000 ) ) ;
#2217 = EDGE_LOOP ( 'NONE', ( #3091, #3909, #4621, #1363 ) ) ;
#2218 = CARTESIAN_POINT ( 'NONE',  ( 3.331523734920773805, 0.3966024445973921342, 8.310316522516931315 ) ) ;
#2219 = VERTEX_POINT ( 'NONE', #3634 ) ;
#2220 = SURFACE_STYLE_USAGE ( .BOTH. , #1329 ) ;
#2221 = EDGE_CURVE ( 'NONE', #5234, #1679, #1882, .T. ) ;
#2222 = COLOUR_RGB ( '',0.2980392156862745057, 0.2980392156862745057, 0.2980392156862745057 ) ;
#2223 = PRESENTATION_STYLE_ASSIGNMENT (( #4053 ) ) ;
#2224 = CARTESIAN_POINT ( 'NONE',  ( 0.2215237349207738460, -0.3516987777013035887, 2.629463003889801698 ) ) ;
#2225 = VERTEX_POINT ( 'NONE', #5496 ) ;
#2226 = AXIS2_PLACEMENT_3D ( 'NONE', #1438, #2423, #2454 ) ;
#2227 = DIRECTION ( 'NONE',  ( -0.000000000000000000, -1.000000000000000000, -1.110223024625156540E-16 ) ) ;
#2228 = EDGE_LOOP ( 'NONE', ( #1301, #3596, #3677, #4261 ) ) ;
#2229 = ORIENTED_EDGE ( 'NONE', *, *, #5185, .T. ) ;
#2230 = DIRECTION ( 'NONE',  ( 0.8660254037844363761, 0.000000000000000000, -0.5000000000000039968 ) ) ;
#2231 = DIRECTION ( 'NONE',  ( -0.000000000000000000, -0.000000000000000000, -1.000000000000000000 ) ) ;
#2232 = ORIENTED_EDGE ( 'NONE', *, *, #5519, .T. ) ;
#2233 = FACE_BOUND ( 'NONE', #4722, .T. ) ;
#2234 = EDGE_CURVE ( 'NONE', #4568, #5371, #3824, .T. ) ;
#2235 = FILL_AREA_STYLE ('',( #2656 ) ) ;
#2236 = VECTOR ( 'NONE', #4986, 1000.000000000000000 ) ;
#2237 = MECHANICAL_DESIGN_GEOMETRIC_PRESENTATION_REPRESENTATION (  '', ( #1684 ), #2621 ) ;
#2238 = FACE_OUTER_BOUND ( 'NONE', #4340, .T. ) ;
#2239 = DIRECTION ( 'NONE',  ( -1.000000000000000000, -0.000000000000000000, -0.000000000000000000 ) ) ;
#2240 = CARTESIAN_POINT ( 'NONE',  ( -2.078476265079225893, -0.3516987777013036998, 2.555884316397765144 ) ) ;
#2241 = AXIS2_PLACEMENT_3D ( 'NONE', #1688, #660, #2682 ) ;
#2242 = CARTESIAN_POINT ( 'NONE',  ( -10.50000000000000000, -1.451698777701306398, 11.45000000000000639 ) ) ;
#2243 = LINE ( 'NONE', #1810, #362 ) ;
#2244 =( GEOMETRIC_REPRESENTATION_CONTEXT ( 3 ) GLOBAL_UNCERTAINTY_ASSIGNED_CONTEXT ( ( #1613 ) ) GLOBAL_UNIT_ASSIGNED_CONTEXT ( ( #5265, #2469, #2504 ) ) REPRESENTATION_CONTEXT ( 'NONE', 'WORKASPACE' ) );
#2245 = CARTESIAN_POINT ( 'NONE',  ( 3.331523734920773805, 0.3966024445973921342, 7.810316522516931315 ) ) ;
#2246 = DIRECTION ( 'NONE',  ( 0.000000000000000000, 1.000000000000000000, 3.330669073875468635E-16 ) ) ;
#2247 = LINE ( 'NONE', #3262, #1626 ) ;
#2248 = LINE ( 'NONE', #2725, #3441 ) ;
#2249 = VERTEX_POINT ( 'NONE', #202 ) ;
#2250 = LINE ( 'NONE', #2303, #2079 ) ;
#2251 = UNCERTAINTY_MEASURE_WITH_UNIT (LENGTH_MEASURE( 1.000000000000000082E-05 ), #145, 'distance_accuracy_value', 'NONE');
#2252 = CARTESIAN_POINT ( 'NONE',  ( -3.968476265079226906, -0.3516987777013036442, -3.941379327861898485 ) ) ;
#2253 = AXIS2_PLACEMENT_3D ( 'NONE', #2898, #1500, #3301 ) ;
#2254 = CARTESIAN_POINT ( 'NONE',  ( -9.400000000000000355, -3.051698777701299381, -9.000000000000000000 ) ) ;
#2255 = EDGE_CURVE ( 'NONE', #4107, #5180, #1429, .T. ) ;
#2256 = ORIENTED_EDGE ( 'NONE', *, *, #963, .F. ) ;
#2257 = DIRECTION ( 'NONE',  ( -0.000000000000000000, -3.330669073875468635E-16, 1.000000000000000000 ) ) ;
#2258 = VERTEX_POINT ( 'NONE', #1947 ) ;
#2259 = VERTEX_POINT ( 'NONE', #5443 ) ;
#2260 = DIRECTION ( 'NONE',  ( 0.000000000000000000, -1.000000000000000000, -0.000000000000000000 ) ) ;
#2261 = CARTESIAN_POINT ( 'NONE',  ( 2.081523734920774249, -0.3516987777013035887, 2.629463003889801698 ) ) ;
#2262 = EDGE_CURVE ( 'NONE', #937, #967, #1005, .T. ) ;
#2263 = EDGE_LOOP ( 'NONE', ( #840, #5393, #3184, #2654, #2068, #2316 ) ) ;
#2264 = FACE_BOUND ( 'NONE', #2283, .T. ) ;
#2265 = DIRECTION ( 'NONE',  ( -1.000000000000000000, 0.000000000000000000, 1.112002228190259966E-16 ) ) ;
#2266 = EDGE_CURVE ( 'NONE', #4310, #361, #403, .T. ) ;
#2267 = EDGE_CURVE ( 'NONE', #2258, #2167, #4523, .T. ) ;
#2268 = CARTESIAN_POINT ( 'NONE',  ( 2.721523734920773485, -0.3516987777013035887, -2.862221659613599201 ) ) ;
#2269 = PLANE ( 'NONE',  #734 ) ;
#2270 =( NAMED_UNIT ( * ) SI_UNIT ( $, .STERADIAN. ) SOLID_ANGLE_UNIT ( ) );
#2271 = SURFACE_STYLE_FILL_AREA ( #38 ) ;
#2272 = EDGE_CURVE ( 'NONE', #1442, #3416, #2881, .T. ) ;
#2273 = SURFACE_STYLE_USAGE ( .BOTH. , #980 ) ;
#2274 = CARTESIAN_POINT ( 'NONE',  ( 0.6565237349207733164, 4.023301222298695912, 0.05862067213810127214 ) ) ;
#2275 =( NAMED_UNIT ( * ) SI_UNIT ( $, .STERADIAN. ) SOLID_ANGLE_UNIT ( ) );
#2276 = DIRECTION ( 'NONE',  ( 0.000000000000000000, 0.000000000000000000, 1.000000000000000000 ) ) ;
#2277 = LINE ( 'NONE', #5224, #4364 ) ;
#2278 = ORIENTED_EDGE ( 'NONE', *, *, #4883, .T. ) ;
#2279 = VECTOR ( 'NONE', #1928, 1000.000000000000000 ) ;
#2280 = CARTESIAN_POINT ( 'NONE',  ( 10.40000000000000036, -1.951698777701299292, -9.600000000000001421 ) ) ;
#2281 = VERTEX_POINT ( 'NONE', #2326 ) ;
#2282 = CARTESIAN_POINT ( 'NONE',  ( 10.40000000000000036, -1.451698777701299514, -9.600000000000001421 ) ) ;
#2283 = EDGE_LOOP ( 'NONE', ( #3032, #5137 ) ) ;
#2284 = ORIENTED_EDGE ( 'NONE', *, *, #3047, .F. ) ;
#2285 = CARTESIAN_POINT ( 'NONE',  ( -2.768476265079226728, -0.3516987777013036442, 4.058620672138077090 ) ) ;
#2286 = CARTESIAN_POINT ( 'NONE',  ( 2.081523734920773805, -0.3516987777013036998, 2.555884316397765144 ) ) ;
#2287 = VERTEX_POINT ( 'NONE', #2413 ) ;
#2288 = CARTESIAN_POINT ( 'NONE',  ( 12.50000000000000178, -1.451698777701307286, 14.50000000000001243 ) ) ;
#2289 = CARTESIAN_POINT ( 'NONE',  ( -3.268476265079226284, 0.09660244459739220080, 7.810316522516930426 ) ) ;
#2290 = CARTESIAN_POINT ( 'NONE',  ( 0.3815237349207737938, -0.3516987777013035887, -2.862221659613599201 ) ) ;
#2291 = EDGE_CURVE ( 'NONE', #1639, #882, #2773, .T. ) ;
#2292 = VECTOR ( 'NONE', #3857, 1000.000000000000000 ) ;
#2293 = DIRECTION ( 'NONE',  ( 0.000000000000000000, 1.000000000000000000, 1.110223024625156540E-16 ) ) ;
#2294 = CARTESIAN_POINT ( 'NONE',  ( -3.768476265079227172, 0.3966024445973921342, 12.31031652251692954 ) ) ;
#2295 = CARTESIAN_POINT ( 'NONE',  ( 1.661523734920773654, -0.3516987777013035887, -2.862221659613599201 ) ) ;
#2296 = ADVANCED_FACE ( 'NONE', ( #1771 ), #2907, .T. ) ;
#2297 =( LENGTH_UNIT ( ) NAMED_UNIT ( * ) SI_UNIT ( .MILLI., .METRE. ) );
#2298 = PRESENTATION_STYLE_ASSIGNMENT (( #3286 ) ) ;
#2299 = FILL_AREA_STYLE ('',( #617 ) ) ;
#2300 = CARTESIAN_POINT ( 'NONE',  ( -3.768476265079227172, 0.09660244459739220080, 12.31031652251692954 ) ) ;
#2301 = DIRECTION ( 'NONE',  ( -0.000000000000000000, 1.000000000000000000, -0.000000000000000000 ) ) ;
#2302 = ORIENTED_EDGE ( 'NONE', *, *, #1857, .T. ) ;
#2303 = CARTESIAN_POINT ( 'NONE',  ( 1.680626011731303660, -0.3516987777013036442, 3.508620672138101693 ) ) ;
#2304 = VECTOR ( 'NONE', #2109, 1000.000000000000000 ) ;
#2305 =( BOUNDED_CURVE ( )  B_SPLINE_CURVE ( 3, ( #1622, #1174, #2931, #2988 ),
 .UNSPECIFIED., .F., .T. ) 
 B_SPLINE_CURVE_WITH_KNOTS ( ( 4, 4 ),
 ( 1.570796326794896558, 4.712388980384689674 ),
 .UNSPECIFIED. ) 
 CURVE ( )  GEOMETRIC_REPRESENTATION_ITEM ( )  RATIONAL_B_SPLINE_CURVE ( ( 1.000000000000000000, 0.3333333333333333703, 0.3333333333333333703, 1.000000000000000000 ) ) 
 REPRESENTATION_ITEM ( '' )  );
#2306 =( NAMED_UNIT ( * ) SI_UNIT ( $, .STERADIAN. ) SOLID_ANGLE_UNIT ( ) );
#2307 = PRESENTATION_LAYER_ASSIGNMENT (  '', '', ( #4165 ) ) ;
#2308 = DIRECTION ( 'NONE',  ( -1.000000000000000000, -2.777783573635435148E-32, 8.340016711426957754E-17 ) ) ;
#2309 = ORIENTED_EDGE ( 'NONE', *, *, #4383, .T. ) ;
#2310 = CARTESIAN_POINT ( 'NONE',  ( -0.6520370589126753824, -0.3516987777013036442, 3.508620672138101693 ) ) ;
#2311 = VERTEX_POINT ( 'NONE', #254 ) ;
#2312 = VECTOR ( 'NONE', #586, 1000.000000000000000 ) ;
#2313 = VERTEX_POINT ( 'NONE', #702 ) ;
#2314 = CARTESIAN_POINT ( 'NONE',  ( -3.768476265079226284, 0.3966024445973921342, 8.310316522516929538 ) ) ;
#2315 = VECTOR ( 'NONE', #1830, 1000.000000000000000 ) ;
#2316 = ORIENTED_EDGE ( 'NONE', *, *, #5530, .T. ) ;
#2317 = DIRECTION ( 'NONE',  ( 0.000000000000000000, -0.000000000000000000, 1.000000000000000000 ) ) ;
#2318 = CARTESIAN_POINT ( 'NONE',  ( 0.3515237349207738782, -0.3516987777013036442, 2.629463003889801698 ) ) ;
#2319 = CIRCLE ( 'NONE', #123, 1.050000000000000488 ) ;
#2320 = STYLED_ITEM ( 'NONE', ( #3732 ), #424 ) ;
#2321 = CARTESIAN_POINT ( 'NONE',  ( 0.3815237349207737938, -0.3516987777013036998, -2.788642972121563091 ) ) ;
#2322 = CARTESIAN_POINT ( 'NONE',  ( 0.03152373492077420458, 3.198301222298698399, -2.741379327861898751 ) ) ;
#2323 = EDGE_CURVE ( 'NONE', #4543, #249, #4265, .T. ) ;
#2324 = CARTESIAN_POINT ( 'NONE',  ( 0.3815237349207737938, -0.3516987777013035887, -2.862221659613599201 ) ) ;
#2325 = DIRECTION ( 'NONE',  ( 2.777783573635435695E-32, 1.000000000000000000, 3.330669073875468635E-16 ) ) ;
#2326 = CARTESIAN_POINT ( 'NONE',  ( -10.40000000000000213, -1.951698777701299292, -9.599999999999999645 ) ) ;
#2327 = FILL_AREA_STYLE ('',( #507 ) ) ;
#2328 = CARTESIAN_POINT ( 'NONE',  ( 0.03152373492078990036, 4.398301222298695023, 2.358620672138101337 ) ) ;
#2329 = EDGE_CURVE ( 'NONE', #2620, #5046, #1740, .T. ) ;
#2330 = CYLINDRICAL_SURFACE ( 'NONE', #4353, 1.050000000000000488 ) ;
#2331 = CARTESIAN_POINT ( 'NONE',  ( -2.768476265079226728, -0.3516987777013036442, 4.058620672138077090 ) ) ;
#2332 = CARTESIAN_POINT ( 'NONE',  ( 2.781523734920773538, -0.3516987777013035887, 2.629463003889801698 ) ) ;
#2333 = ORIENTED_EDGE ( 'NONE', *, *, #4729, .F. ) ;
#2334 = CARTESIAN_POINT ( 'NONE',  ( 0.3515237349207738782, -0.3516987777013036442, 2.629463003889801698 ) ) ;
#2335 = CARTESIAN_POINT ( 'NONE',  ( -8.061793753933754803E-16, -1.951698777701299292, -9.600000000000001421 ) ) ;
#2336 = PRESENTATION_LAYER_ASSIGNMENT (  '', '', ( #4098 ) ) ;
#2337 = EDGE_CURVE ( 'NONE', #1044, #4333, #3948, .T. ) ;
#2338 =( NAMED_UNIT ( * ) PLANE_ANGLE_UNIT ( ) SI_UNIT ( $, .RADIAN. ) );
#2339 = ORIENTED_EDGE ( 'NONE', *, *, #1808, .T. ) ;
#2340 = LINE ( 'NONE', #2753, #4127 ) ;
#2341 = ORIENTED_EDGE ( 'NONE', *, *, #4073, .T. ) ;
#2342 = ORIENTED_EDGE ( 'NONE', *, *, #2363, .T. ) ;
#2343 = DIRECTION ( 'NONE',  ( -1.000000000000000000, -0.000000000000000000, -0.000000000000000000 ) ) ;
#2344 = AXIS2_PLACEMENT_3D ( 'NONE', #2434, #1933, #3714 ) ;
#2345 = ORIENTED_EDGE ( 'NONE', *, *, #4135, .T. ) ;
#2346 = EDGE_CURVE ( 'NONE', #1872, #3161, #1164, .T. ) ;
#2347 = CARTESIAN_POINT ( 'NONE',  ( 0.3515237349207738782, -0.3516987777013036442, -0.1163793278618987237 ) ) ;
#2348 = FACE_BOUND ( 'NONE', #2892, .T. ) ;
#2349 = LINE ( 'NONE', #4493, #5266 ) ;
#2350 = CARTESIAN_POINT ( 'NONE',  ( 10.40000000000000036, -3.851698777701299647, -9.500000000000001776 ) ) ;
#2351 = CARTESIAN_POINT ( 'NONE',  ( -0.7384762650792262573, -0.3516987777013036998, 2.555884316397765144 ) ) ;
#2352 = DIRECTION ( 'NONE',  ( 1.000000000000000000, 0.000000000000000000, 0.000000000000000000 ) ) ;
#2353 = EDGE_CURVE ( 'NONE', #3129, #2538, #5296, .T. ) ;
#2354 = CARTESIAN_POINT ( 'NONE',  ( -0.09847626507922616068, -0.3516987777013035887, -2.862221659613599201 ) ) ;
#2355 = CARTESIAN_POINT ( 'NONE',  ( 3.381523734920773627, -0.3516987777013036442, -1.940011777741890819 ) ) ;
#2356 = STYLED_ITEM ( 'NONE', ( #2161 ), #1702 ) ;
#2357 = SURFACE_STYLE_FILL_AREA ( #1384 ) ;
#2358 = CARTESIAN_POINT ( 'NONE',  ( -2.768476265079226284, -0.2217921330325665352, 5.880009715481060439 ) ) ;
#2359 = CIRCLE ( 'NONE', #608, 3.799999999999999822 ) ;
#2360 = LINE ( 'NONE', #175, #2236 ) ;
#2361 = ORIENTED_EDGE ( 'NONE', *, *, #17, .F. ) ;
#2362 = FACE_OUTER_BOUND ( 'NONE', #2651, .T. ) ;
#2363 = EDGE_CURVE ( 'NONE', #2849, #2407, #3098, .T. ) ;
#2365 = VECTOR ( 'NONE', #2260, 1000.000000000000000 ) ;
#2364 =( NAMED_UNIT ( * ) PLANE_ANGLE_UNIT ( ) SI_UNIT ( $, .RADIAN. ) );
#2366 = DIRECTION ( 'NONE',  ( 0.000000000000000000, 1.000000000000000000, 3.330669073875468635E-16 ) ) ;
#2367 = VERTEX_POINT ( 'NONE', #5294 ) ;
#2368 = CARTESIAN_POINT ( 'NONE',  ( 10.50000000000000000, -0.5516987777013026006, 3.428223970456939392E-15 ) ) ;
#2369 =( GEOMETRIC_REPRESENTATION_CONTEXT ( 3 ) GLOBAL_UNCERTAINTY_ASSIGNED_CONTEXT ( ( #5670 ) ) GLOBAL_UNIT_ASSIGNED_CONTEXT ( ( #2705, #2583, #2670 ) ) REPRESENTATION_CONTEXT ( 'NONE', 'WORKASPACE' ) );
#2370 = SURFACE_SIDE_STYLE ('',( #5024 ) ) ;
#2371 = VERTEX_POINT ( 'NONE', #4831 ) ;
#2372 = VERTEX_POINT ( 'NONE', #2652 ) ;
#2373 = ADVANCED_FACE ( 'NONE', ( #4407 ), #444, .T. ) ;
#2374 = CARTESIAN_POINT ( 'NONE',  ( -0.1584762650792261585, -0.3516987777013035887, -2.862221659613599201 ) ) ;
#2375 =( LENGTH_UNIT ( ) NAMED_UNIT ( * ) SI_UNIT ( .MILLI., .METRE. ) );
#2376 = PRESENTATION_STYLE_ASSIGNMENT (( #217 ) ) ;
#2377 = AXIS2_PLACEMENT_3D ( 'NONE', #1885, #3230, #2276 ) ;
#2378 = EDGE_LOOP ( 'NONE', ( #4058, #5534 ) ) ;
#2379 = FILL_AREA_STYLE_COLOUR ( '', #3978 ) ;
#2380 =( LENGTH_UNIT ( ) NAMED_UNIT ( * ) SI_UNIT ( .MILLI., .METRE. ) );
#2381 = LINE ( 'NONE', #1827, #3219 ) ;
#2382 = LINE ( 'NONE', #556, #3984 ) ;
#2383 = SURFACE_SIDE_STYLE ('',( #5152 ) ) ;
#2384 = FILL_AREA_STYLE ('',( #5381 ) ) ;
#2385 = CARTESIAN_POINT ( 'NONE',  ( 1.661523734920773654, -0.3516987777013035887, 2.629463003889801698 ) ) ;
#2386 =( GEOMETRIC_REPRESENTATION_CONTEXT ( 3 ) GLOBAL_UNCERTAINTY_ASSIGNED_CONTEXT ( ( #4801 ) ) GLOBAL_UNIT_ASSIGNED_CONTEXT ( ( #3770, #5089, #5633 ) ) REPRESENTATION_CONTEXT ( 'NONE', 'WORKASPACE' ) );
#2387 = CARTESIAN_POINT ( 'NONE',  ( 0.001523734920773995791, -0.3516987777013035887, 2.629463003889801698 ) ) ;
#2388 = CARTESIAN_POINT ( 'NONE',  ( 10.40000000000000036, -3.851698777701299647, -9.500000000000001776 ) ) ;
#2389 = CARTESIAN_POINT ( 'NONE',  ( -10.40000000000000213, -1.451698777701299514, -9.599999999999997868 ) ) ;
#2390 = VECTOR ( 'NONE', #377, 1000.000000000000000 ) ;
#2391 = ORIENTED_EDGE ( 'NONE', *, *, #218, .F. ) ;
#2392 = CARTESIAN_POINT ( 'NONE',  ( -0.9584762650792260086, -0.3516987777013036998, -2.788642972121563091 ) ) ;
#2393 = FILL_AREA_STYLE_COLOUR ( '', #2452 ) ;
#2394 = VERTEX_POINT ( 'NONE', #2676 ) ;
#2395 = CARTESIAN_POINT ( 'NONE',  ( -10.40000000000000036, -3.851698777701299647, -9.500000000000001776 ) ) ;
#2396 = CARTESIAN_POINT ( 'NONE',  ( -8.700000000000001066, -0.3516987777013059202, 9.900000000000005684 ) ) ;
#2397 = EDGE_CURVE ( 'NONE', #180, #5667, #4484, .T. ) ;
#2398 = VERTEX_POINT ( 'NONE', #1903 ) ;
#2399 = DIRECTION ( 'NONE',  ( -0.000000000000000000, -1.000000000000000000, -0.000000000000000000 ) ) ;
#2400 =( BOUNDED_CURVE ( )  B_SPLINE_CURVE ( 3, ( #2470, #4292, #3401, #2534 ),
 .UNSPECIFIED., .F., .T. ) 
 B_SPLINE_CURVE_WITH_KNOTS ( ( 4, 4 ),
 ( 1.570796326794896558, 4.712388980384689674 ),
 .UNSPECIFIED. ) 
 CURVE ( )  GEOMETRIC_REPRESENTATION_ITEM ( )  RATIONAL_B_SPLINE_CURVE ( ( 1.000000000000000000, 0.3333333333333333703, 0.3333333333333333703, 1.000000000000000000 ) ) 
 REPRESENTATION_ITEM ( '' )  );
#2401 = CARTESIAN_POINT ( 'NONE',  ( -0.8984762650792261773, -0.3516987777013035887, -2.862221659613599201 ) ) ;
#2402 = VECTOR ( 'NONE', #3629, 1000.000000000000000 ) ;
#2403 = ORIENTED_EDGE ( 'NONE', *, *, #481, .F. ) ;
#2404 = AXIS2_PLACEMENT_3D ( 'NONE', #1450, #2850, #4976 ) ;
#2405 = FACE_BOUND ( 'NONE', #3045, .T. ) ;
#2406 = EDGE_CURVE ( 'NONE', #2990, #822, #4118, .T. ) ;
#2407 = VERTEX_POINT ( 'NONE', #476 ) ;
#2408 =( NAMED_UNIT ( * ) PLANE_ANGLE_UNIT ( ) SI_UNIT ( $, .RADIAN. ) );
#2409 = COLOUR_RGB ( '',0.000000000000000000, 0.6235294117647058876, 0.06666666666666666574 ) ;
#2410 = EDGE_CURVE ( 'NONE', #2929, #1252, #55, .T. ) ;
#2411 = CARTESIAN_POINT ( 'NONE',  ( -2.408476265079225964, -0.3516987777013036442, 2.233620672138101337 ) ) ;
#2412 =( LENGTH_UNIT ( ) NAMED_UNIT ( * ) SI_UNIT ( .MILLI., .METRE. ) );
#2413 = CARTESIAN_POINT ( 'NONE',  ( -3.768476265079226284, 0.3966024445973921342, 8.310316522516929538 ) ) ;
#2414 = AXIS2_PLACEMENT_3D ( 'NONE', #751, #2518, #2073 ) ;
#2415 = DIRECTION ( 'NONE',  ( 1.000000000000000000, 0.000000000000000000, 0.000000000000000000 ) ) ;
#2416 =( GEOMETRIC_REPRESENTATION_CONTEXT ( 3 ) GLOBAL_UNCERTAINTY_ASSIGNED_CONTEXT ( ( #2609 ) ) GLOBAL_UNIT_ASSIGNED_CONTEXT ( ( #2127, #1696, #3025 ) ) REPRESENTATION_CONTEXT ( 'NONE', 'WORKASPACE' ) );
#2417 = VERTEX_POINT ( 'NONE', #5373 ) ;
#2418 = UNCERTAINTY_MEASURE_WITH_UNIT (LENGTH_MEASURE( 1.000000000000000082E-05 ), #4601, 'distance_accuracy_value', 'NONE');
#2419 = CARTESIAN_POINT ( 'NONE',  ( 1.921523734920773885, -0.3516987777013035887, 2.629463003889801698 ) ) ;
#2420 = CARTESIAN_POINT ( 'NONE',  ( 9.400000000000000355, -1.951698777701299514, -9.000000000000000000 ) ) ;
#2421 = COLOUR_RGB ( '',0.2980392156862745057, 0.2980392156862745057, 0.2980392156862745057 ) ;
#2422 =( LENGTH_UNIT ( ) NAMED_UNIT ( * ) SI_UNIT ( .MILLI., .METRE. ) );
#2423 = DIRECTION ( 'NONE',  ( -0.000000000000000000, 1.000000000000000000, -0.000000000000000000 ) ) ;
#2424 = EDGE_LOOP ( 'NONE', ( #653, #3278 ) ) ;
#2425 = FILL_AREA_STYLE_COLOUR ( '', #3854 ) ;
#2426 = CARTESIAN_POINT ( 'NONE',  ( 0.03152373492077385764, 3.598301222298696089, 2.808620672138101959 ) ) ;
#2427 = ORIENTED_EDGE ( 'NONE', *, *, #2708, .T. ) ;
#2428 = AXIS2_PLACEMENT_3D ( 'NONE', #3234, #2808, #5071 ) ;
#2429 = DIRECTION ( 'NONE',  ( 0.000000000000000000, 3.330669073875468635E-16, -1.000000000000000000 ) ) ;
#2430 = UNCERTAINTY_MEASURE_WITH_UNIT (LENGTH_MEASURE( 1.000000000000000082E-05 ), #4732, 'distance_accuracy_value', 'NONE');
#2431 =( GEOMETRIC_REPRESENTATION_CONTEXT ( 3 ) GLOBAL_UNCERTAINTY_ASSIGNED_CONTEXT ( ( #1792 ) ) GLOBAL_UNIT_ASSIGNED_CONTEXT ( ( #5272, #422, #1257 ) ) REPRESENTATION_CONTEXT ( 'NONE', 'WORKASPACE' ) );
#2432 = AXIS2_PLACEMENT_3D ( 'NONE', #1981, #1492, #709 ) ;
#2433 = FACE_OUTER_BOUND ( 'NONE', #2665, .T. ) ;
#2434 = CARTESIAN_POINT ( 'NONE',  ( -3.053113317719177651E-17, 7.327471962526031047E-17, -9.720000000000000639 ) ) ;
#2435 = EDGE_CURVE ( 'NONE', #5702, #5462, #171, .T. ) ;
#2436 = VERTEX_POINT ( 'NONE', #4916 ) ;
#2437 = DIRECTION ( 'NONE',  ( -1.000000000000000000, 0.000000000000000000, 0.000000000000000000 ) ) ;
#2438 = VECTOR ( 'NONE', #1598, 1000.000000000000000 ) ;
#2439 = VERTEX_POINT ( 'NONE', #4512 ) ;
#2440 = ADVANCED_FACE ( 'NONE', ( #3653 ), #138, .F. ) ;
#2441 = DIRECTION ( 'NONE',  ( -1.000000000000000000, 0.000000000000000000, -0.000000000000000000 ) ) ;
#2442 = FACE_OUTER_BOUND ( 'NONE', #4380, .T. ) ;
#2443 = EDGE_CURVE ( 'NONE', #628, #2259, #56, .T. ) ;
#2444 = PLANE ( 'NONE',  #378 ) ;
#2445 = FILL_AREA_STYLE ('',( #2508 ) ) ;
#2446 = FILL_AREA_STYLE_COLOUR ( '', #2086 ) ;
#2447 = DIRECTION ( 'NONE',  ( 7.228014483236698528E-16, -0.000000000000000000, 1.000000000000000000 ) ) ;
#2448 = ORIENTED_EDGE ( 'NONE', *, *, #773, .F. ) ;
#2449 = CARTESIAN_POINT ( 'NONE',  ( -1.347894313427920432, -0.3516987777013036442, 3.208620672138101870 ) ) ;
#2450 = EDGE_CURVE ( 'NONE', #5254, #927, #109, .T. ) ;
#2451 = CARTESIAN_POINT ( 'NONE',  ( -2.078476265079225893, -0.3516987777013035887, -2.862221659613599201 ) ) ;
#2452 = COLOUR_RGB ( '',1.000000000000000000, 0.6666666666666666297, 0.1843137254901960898 ) ;
#2453 = DIRECTION ( 'NONE',  ( -0.000000000000000000, -0.000000000000000000, 1.000000000000000000 ) ) ;
#2454 = DIRECTION ( 'NONE',  ( 0.000000000000000000, 0.000000000000000000, 1.000000000000000000 ) ) ;
#2455 = VERTEX_POINT ( 'NONE', #5323 ) ;
#2456 = FACE_OUTER_BOUND ( 'NONE', #4709, .T. ) ;
#2457 =( NAMED_UNIT ( * ) SI_UNIT ( $, .STERADIAN. ) SOLID_ANGLE_UNIT ( ) );
#2458 = ORIENTED_EDGE ( 'NONE', *, *, #2689, .F. ) ;
#2459 = PRESENTATION_LAYER_ASSIGNMENT (  '', '', ( #3012 ) ) ;
#2460 = DIRECTION ( 'NONE',  ( 0.000000000000000000, 0.000000000000000000, 1.000000000000000000 ) ) ;
#2461 = ORIENTED_EDGE ( 'NONE', *, *, #1935, .T. ) ;
#2462 = SURFACE_STYLE_USAGE ( .BOTH. , #1224 ) ;
#2463 = VERTEX_POINT ( 'NONE', #2710 ) ;
#2464 = PRESENTATION_LAYER_ASSIGNMENT (  '', '', ( #521 ) ) ;
#2465 = VECTOR ( 'NONE', #2197, 1000.000000000000000 ) ;
#2466 = SURFACE_SIDE_STYLE ('',( #1997 ) ) ;
#2467 = FILL_AREA_STYLE_COLOUR ( '', #2690 ) ;
#2468 = EDGE_CURVE ( 'NONE', #2439, #826, #4287, .T. ) ;
#2469 =( NAMED_UNIT ( * ) PLANE_ANGLE_UNIT ( ) SI_UNIT ( $, .RADIAN. ) );
#2470 = CARTESIAN_POINT ( 'NONE',  ( -1.218476265079226240, -0.3516987777013035887, -2.862221659613599201 ) ) ;
#2471 =( NAMED_UNIT ( * ) PLANE_ANGLE_UNIT ( ) SI_UNIT ( $, .RADIAN. ) );
#2472 = SURFACE_STYLE_FILL_AREA ( #2910 ) ;
#2473 = EDGE_CURVE ( 'NONE', #4001, #3413, #878, .T. ) ;
#2474 = ORIENTED_EDGE ( 'NONE', *, *, #5084, .F. ) ;
#2475 = CARTESIAN_POINT ( 'NONE',  ( 10.50000000000000000, -1.451698777701306842, 12.50000000000000711 ) ) ;
#2476 = VECTOR ( 'NONE', #2132, 1000.000000000000000 ) ;
#2477 = OPEN_SHELL ( 'NONE', ( #3187, #1702, #3282, #3889 ) ) ;
#2478 = COLOUR_RGB ( '',0.000000000000000000, 0.6235294117647058876, 0.06666666666666666574 ) ;
#2479 = LINE ( 'NONE', #4329, #4209 ) ;
#2480 = VECTOR ( 'NONE', #3363, 1000.000000000000000 ) ;
#2481 = PLANE ( 'NONE',  #2580 ) ;
#2482 =( LENGTH_UNIT ( ) NAMED_UNIT ( * ) SI_UNIT ( .MILLI., .METRE. ) );
#2483 = VERTEX_POINT ( 'NONE', #1530 ) ;
#2484 = CARTESIAN_POINT ( 'NONE',  ( 2.561523734920773343, -0.3516987777013035887, 2.629463003889801698 ) ) ;
#2485 = ORIENTED_EDGE ( 'NONE', *, *, #1112, .F. ) ;
#2486 = UNCERTAINTY_MEASURE_WITH_UNIT (LENGTH_MEASURE( 1.000000000000000082E-05 ), #5099, 'distance_accuracy_value', 'NONE');
#2487 = SHELL_BASED_SURFACE_MODEL ( 'NONE', ( #3686, #3961, #3406, #5420, #3218, #1006, #1738, #1455, #2477 ) );
#2488 = PLANE ( 'NONE',  #2344 ) ;
#2489 = ORIENTED_EDGE ( 'NONE', *, *, #1142, .T. ) ;
#2490 = VECTOR ( 'NONE', #1908, 1000.000000000000000 ) ;
#2491 = CARTESIAN_POINT ( 'NONE',  ( -3.468476265079226017, 0.09660244459739275591, 8.460316522516931670 ) ) ;
#2492 = UNCERTAINTY_MEASURE_WITH_UNIT (LENGTH_MEASURE( 1.000000000000000082E-05 ), #3470, 'distance_accuracy_value', 'NONE');
#2493 = VERTEX_POINT ( 'NONE', #2820 ) ;
#2494 = ORIENTED_EDGE ( 'NONE', *, *, #2115, .T. ) ;
#2495 = CIRCLE ( 'NONE', #5241, 3.199999999999999734 ) ;
#2496 = UNCERTAINTY_MEASURE_WITH_UNIT (LENGTH_MEASURE( 1.000000000000000082E-05 ), #3965, 'distance_accuracy_value', 'NONE');
#2497 = PRESENTATION_LAYER_ASSIGNMENT (  '', '', ( #5437 ) ) ;
#2498 =( BOUNDED_CURVE ( )  B_SPLINE_CURVE ( 3, ( #4903, #959, #3666, #4473 ),
 .UNSPECIFIED., .F., .T. ) 
 B_SPLINE_CURVE_WITH_KNOTS ( ( 4, 4 ),
 ( 1.570796326794896558, 4.712388980384689674 ),
 .UNSPECIFIED. ) 
 CURVE ( )  GEOMETRIC_REPRESENTATION_ITEM ( )  RATIONAL_B_SPLINE_CURVE ( ( 1.000000000000000000, 0.3333333333333333703, 0.3333333333333333703, 1.000000000000000000 ) ) 
 REPRESENTATION_ITEM ( '' )  );
#2499 = CIRCLE ( 'NONE', #5352, 0.6249999999999997780 ) ;
#2500 = DIRECTION ( 'NONE',  ( 1.000000000000000000, -0.000000000000000000, 0.000000000000000000 ) ) ;
#2501 = DIRECTION ( 'NONE',  ( 0.000000000000000000, 1.000000000000000000, 1.110223024625156540E-16 ) ) ;
#2502 = PLANE ( 'NONE',  #1752 ) ;
#2503 = VERTEX_POINT ( 'NONE', #299 ) ;
#2504 =( NAMED_UNIT ( * ) SI_UNIT ( $, .STERADIAN. ) SOLID_ANGLE_UNIT ( ) );
#2505 = ADVANCED_FACE ( 'NONE', ( #4999 ), #5086, .T. ) ;
#2506 = COLOUR_RGB ( '',0.000000000000000000, 0.6235294117647058876, 0.06666666666666666574 ) ;
#2507 = DIRECTION ( 'NONE',  ( 0.000000000000000000, 1.000000000000000000, 0.000000000000000000 ) ) ;
#2508 = FILL_AREA_STYLE_COLOUR ( '', #5434 ) ;
#2509 = DIRECTION ( 'NONE',  ( 0.000000000000000000, 0.000000000000000000, 1.000000000000000000 ) ) ;
#2510 = LINE ( 'NONE', #3809, #5367 ) ;
#2511 = ORIENTED_EDGE ( 'NONE', *, *, #3956, .T. ) ;
#2512 = PRESENTATION_LAYER_ASSIGNMENT (  '', '', ( #2320 ) ) ;
#2513 = PLANE ( 'NONE',  #1528 ) ;
#2514 = DIRECTION ( 'NONE',  ( -0.000000000000000000, -1.000000000000000000, -1.110223024625156540E-16 ) ) ;
#2515 = EDGE_CURVE ( 'NONE', #245, #1679, #3361, .T. ) ;
#2516 = ORIENTED_EDGE ( 'NONE', *, *, #865, .T. ) ;
#2517 = VECTOR ( 'NONE', #770, 1000.000000000000000 ) ;
#2518 = DIRECTION ( 'NONE',  ( 0.000000000000000000, 0.000000000000000000, -1.000000000000000000 ) ) ;
#2519 = ORIENTED_EDGE ( 'NONE', *, *, #3355, .F. ) ;
#2520 = CARTESIAN_POINT ( 'NONE',  ( 0.03152373492078990036, 4.398301222298695023, 2.358620672138101337 ) ) ;
#2521 = DIRECTION ( 'NONE',  ( 0.000000000000000000, -1.112002228190259966E-16, 1.000000000000000000 ) ) ;
#2522 = DIRECTION ( 'NONE',  ( 0.000000000000000000, 1.000000000000000000, 1.110223024625156540E-16 ) ) ;
#2523 = EDGE_CURVE ( 'NONE', #2759, #5046, #190, .T. ) ;
#2524 = ORIENTED_EDGE ( 'NONE', *, *, #3659, .T. ) ;
#2525 = LINE ( 'NONE', #1646, #4151 ) ;
#2526 = VECTOR ( 'NONE', #5571, 1000.000000000000000 ) ;
#2527 = ORIENTED_EDGE ( 'NONE', *, *, #5645, .F. ) ;
#2528 = ORIENTED_EDGE ( 'NONE', *, *, #4054, .T. ) ;
#2529 = VECTOR ( 'NONE', #2536, 1000.000000000000000 ) ;
#2530 = AXIS2_PLACEMENT_3D ( 'NONE', #580, #1369, #4941 ) ;
#2531 =( NAMED_UNIT ( * ) PLANE_ANGLE_UNIT ( ) SI_UNIT ( $, .RADIAN. ) );
#2532 =( BOUNDED_CURVE ( )  B_SPLINE_CURVE ( 3, ( #834, #2041, #4706, #1240 ),
 .UNSPECIFIED., .F., .T. ) 
 B_SPLINE_CURVE_WITH_KNOTS ( ( 4, 4 ),
 ( 1.570796326794896558, 4.712388980384689674 ),
 .UNSPECIFIED. ) 
 CURVE ( )  GEOMETRIC_REPRESENTATION_ITEM ( )  RATIONAL_B_SPLINE_CURVE ( ( 1.000000000000000000, 0.3333333333333333703, 0.3333333333333333703, 1.000000000000000000 ) ) 
 REPRESENTATION_ITEM ( '' )  );
#2533 = AXIS2_PLACEMENT_3D ( 'NONE', #1024, #2789, #522 ) ;
#2534 = CARTESIAN_POINT ( 'NONE',  ( -1.278476265079225849, -0.3516987777013035887, -2.862221659613599201 ) ) ;
#2535 = CARTESIAN_POINT ( 'NONE',  ( 0.03152373492077385764, 4.398301222298695023, 0.05862067213810127214 ) ) ;
#2536 = DIRECTION ( 'NONE',  ( 1.000000000000000000, -0.000000000000000000, -1.112002228190259966E-16 ) ) ;
#2537 = DIRECTION ( 'NONE',  ( 1.000000000000000000, 0.000000000000000000, 0.000000000000000000 ) ) ;
#2538 = VERTEX_POINT ( 'NONE', #2870 ) ;
#2539 = DIRECTION ( 'NONE',  ( 0.000000000000000000, 0.7071067811865473507, 0.7071067811865477948 ) ) ;
#2540 = CARTESIAN_POINT ( 'NONE',  ( -9.400000000000000355, -1.951698777701299292, -9.719999999999998863 ) ) ;
#2541 = LINE ( 'NONE', #5131, #1375 ) ;
#2542 = FACE_OUTER_BOUND ( 'NONE', #1083, .T. ) ;
#2543 = VERTEX_POINT ( 'NONE', #719 ) ;
#2544 = DIRECTION ( 'NONE',  ( 0.000000000000000000, -1.000000000000000000, -0.000000000000000000 ) ) ;
#2545 = LINE ( 'NONE', #3878, #225 ) ;
#2546 = VERTEX_POINT ( 'NONE', #5461 ) ;
#2547 = DIRECTION ( 'NONE',  ( -1.387778780781444936E-16, 3.330669073875468635E-16, -1.000000000000000000 ) ) ;
#2548 = UNCERTAINTY_MEASURE_WITH_UNIT (LENGTH_MEASURE( 1.000000000000000082E-05 ), #451, 'distance_accuracy_value', 'NONE');
#2549 = ADVANCED_FACE ( 'NONE', ( #1135 ), #2488, .F. ) ;
#2550 = CARTESIAN_POINT ( 'NONE',  ( 2.781523734920773538, -0.3516987777013035887, 2.629463003889801698 ) ) ;
#2551 =( NAMED_UNIT ( * ) PLANE_ANGLE_UNIT ( ) SI_UNIT ( $, .RADIAN. ) );
#2552 = AXIS2_PLACEMENT_3D ( 'NONE', #962, #3996, #540 ) ;
#2553 = ORIENTED_EDGE ( 'NONE', *, *, #4013, .F. ) ;
#2554 = SURFACE_STYLE_FILL_AREA ( #5060 ) ;
#2555 = VECTOR ( 'NONE', #1763, 1000.000000000000000 ) ;
#2556 = ORIENTED_EDGE ( 'NONE', *, *, #3925, .F. ) ;
#2557 = EDGE_LOOP ( 'NONE', ( #4222, #3380, #1325, #4912 ) ) ;
#2558 = UNCERTAINTY_MEASURE_WITH_UNIT (LENGTH_MEASURE( 1.000000000000000082E-05 ), #3027, 'distance_accuracy_value', 'NONE');
#2559 =( BOUNDED_CURVE ( )  B_SPLINE_CURVE ( 3, ( #3263, #5016, #2834, #1832 ),
 .UNSPECIFIED., .F., .T. ) 
 B_SPLINE_CURVE_WITH_KNOTS ( ( 4, 4 ),
 ( 1.570796326794896558, 4.712388980384689674 ),
 .UNSPECIFIED. ) 
 CURVE ( )  GEOMETRIC_REPRESENTATION_ITEM ( )  RATIONAL_B_SPLINE_CURVE ( ( 1.000000000000000000, 0.3333333333333333703, 0.3333333333333333703, 1.000000000000000000 ) ) 
 REPRESENTATION_ITEM ( '' )  );
#2560 = PRESENTATION_STYLE_ASSIGNMENT (( #792 ) ) ;
#2561 = EDGE_CURVE ( 'NONE', #2287, #5170, #1332, .T. ) ;
#2562 = CARTESIAN_POINT ( 'NONE',  ( -0.7384762650792262573, -0.3516987777013035887, -2.862221659613599201 ) ) ;
#2563 =( NAMED_UNIT ( * ) PLANE_ANGLE_UNIT ( ) SI_UNIT ( $, .RADIAN. ) );
#2564 = EDGE_CURVE ( 'NONE', #3375, #3676, #3123, .T. ) ;
#2565 = AXIS2_PLACEMENT_3D ( 'NONE', #999, #2761, #193 ) ;
#2566 = LINE ( 'NONE', #2123, #199 ) ;
#2567 = CARTESIAN_POINT ( 'NONE',  ( -0.6520370589126753824, -0.3516987777013036442, 3.508620672138101693 ) ) ;
#2568 = PRESENTATION_STYLE_ASSIGNMENT (( #3139 ) ) ;
#2569 = VERTEX_POINT ( 'NONE', #3277 ) ;
#2570 = DIRECTION ( 'NONE',  ( -1.000000000000000000, 0.000000000000000000, 0.000000000000000000 ) ) ;
#2571 = LINE ( 'NONE', #343, #515 ) ;
#2572 = PRESENTATION_LAYER_ASSIGNMENT (  '', '', ( #1541 ) ) ;
#2573 = PLANE ( 'NONE',  #1551 ) ;
#2574 = CARTESIAN_POINT ( 'NONE',  ( 10.40000000000000036, -3.851698777701301424, -4.000000000000000888 ) ) ;
#2575 = VERTEX_POINT ( 'NONE', #634 ) ;
#2576 =( NAMED_UNIT ( * ) SI_UNIT ( $, .STERADIAN. ) SOLID_ANGLE_UNIT ( ) );
#2577 = VERTEX_POINT ( 'NONE', #2401 ) ;
#2578 = CARTESIAN_POINT ( 'NONE',  ( 2.401523734920773645, -0.3516987777013035887, 2.629463003889801698 ) ) ;
#2579 =( NAMED_UNIT ( * ) PLANE_ANGLE_UNIT ( ) SI_UNIT ( $, .RADIAN. ) );
#2580 = AXIS2_PLACEMENT_3D ( 'NONE', #4760, #3930, #5595 ) ;
#2581 = EDGE_CURVE ( 'NONE', #5450, #4862, #4629, .T. ) ;
#2582 = ORIENTED_EDGE ( 'NONE', *, *, #118, .F. ) ;
#2583 =( NAMED_UNIT ( * ) PLANE_ANGLE_UNIT ( ) SI_UNIT ( $, .RADIAN. ) );
#2584 = ORIENTED_EDGE ( 'NONE', *, *, #2904, .F. ) ;
#2585 = ORIENTED_EDGE ( 'NONE', *, *, #5329, .F. ) ;
#2586 = EDGE_CURVE ( 'NONE', #1787, #3832, #1348, .T. ) ;
#2587 = VERTEX_POINT ( 'NONE', #664 ) ;
#2588 = DIRECTION ( 'NONE',  ( 0.000000000000000000, -1.000000000000000000, 0.000000000000000000 ) ) ;
#2589 = CARTESIAN_POINT ( 'NONE',  ( -0.6384762650792259464, -0.3516987777013036998, -2.788642972121563091 ) ) ;
#2590 = EDGE_LOOP ( 'NONE', ( #821, #992, #4913, #5232 ) ) ;
#2591 =( GEOMETRIC_REPRESENTATION_CONTEXT ( 3 ) GLOBAL_UNCERTAINTY_ASSIGNED_CONTEXT ( ( #5139 ) ) GLOBAL_UNIT_ASSIGNED_CONTEXT ( ( #3432, #4445, #425 ) ) REPRESENTATION_CONTEXT ( 'NONE', 'WORKASPACE' ) );
#2592 = ADVANCED_FACE ( 'NONE', ( #817, #1277 ), #2611, .T. ) ;
#2593 = AXIS2_PLACEMENT_3D ( 'NONE', #2118, #4411, #5639 ) ;
#2594 = CARTESIAN_POINT ( 'NONE',  ( -1.118476265079225929, -0.3516987777013035887, 2.629463003889801698 ) ) ;
#2595 = SURFACE_STYLE_USAGE ( .BOTH. , #426 ) ;
#2596 = FILL_AREA_STYLE_COLOUR ( '', #1228 ) ;
#2597 =( NAMED_UNIT ( * ) SI_UNIT ( $, .STERADIAN. ) SOLID_ANGLE_UNIT ( ) );
#2598 = CARTESIAN_POINT ( 'NONE',  ( -12.49999999999999822, -1.451698777701307286, 14.50000000000000711 ) ) ;
#2599 = COLOUR_RGB ( '',0.2980392156862745057, 0.2980392156862745057, 0.2980392156862745057 ) ;
#2600 = SURFACE_STYLE_USAGE ( .BOTH. , #4787 ) ;
#2601 =( LENGTH_UNIT ( ) NAMED_UNIT ( * ) SI_UNIT ( .MILLI., .METRE. ) );
#2602 = ORIENTED_EDGE ( 'NONE', *, *, #2082, .T. ) ;
#2603 = DIRECTION ( 'NONE',  ( 0.000000000000000000, 3.330669073875468635E-16, -1.000000000000000000 ) ) ;
#2604 = FILL_AREA_STYLE ('',( #43 ) ) ;
#2605 = DIRECTION ( 'NONE',  ( -0.000000000000000000, 1.000000000000000000, 3.469446951953615767E-15 ) ) ;
#2606 = MECHANICAL_DESIGN_GEOMETRIC_PRESENTATION_REPRESENTATION (  '', ( #557 ), #951 ) ;
#2607 = ORIENTED_EDGE ( 'NONE', *, *, #1254, .T. ) ;
#2608 = PLANE ( 'NONE',  #736 ) ;
#2609 = UNCERTAINTY_MEASURE_WITH_UNIT (LENGTH_MEASURE( 1.000000000000000082E-05 ), #2127, 'distance_accuracy_value', 'NONE');
#2610 = CARTESIAN_POINT ( 'NONE',  ( -2.768476265079226728, -0.3516987777013036442, 4.058620672138077090 ) ) ;
#2611 = PLANE ( 'NONE',  #57 ) ;
#2612 = AXIS2_PLACEMENT_3D ( 'NONE', #1758, #4904, #3993 ) ;
#2613 = VERTEX_POINT ( 'NONE', #879 ) ;
#2614 = CARTESIAN_POINT ( 'NONE',  ( 2.831523734920772917, -0.3157045160118934213, 5.914711643777130767 ) ) ;
#2615 = ORIENTED_EDGE ( 'NONE', *, *, #5442, .T. ) ;
#2616 = EDGE_LOOP ( 'NONE', ( #2474, #2489 ) ) ;
#2617 = VECTOR ( 'NONE', #2447, 1000.000000000000000 ) ;
#2618 = EDGE_CURVE ( 'NONE', #1110, #52, #3418, .T. ) ;
#2619 = CARTESIAN_POINT ( 'NONE',  ( -3.268476265079226284, 0.3966024445973921342, 7.810316522516930426 ) ) ;
#2620 = VERTEX_POINT ( 'NONE', #3040 ) ;
#2621 =( GEOMETRIC_REPRESENTATION_CONTEXT ( 3 ) GLOBAL_UNCERTAINTY_ASSIGNED_CONTEXT ( ( #2952 ) ) GLOBAL_UNIT_ASSIGNED_CONTEXT ( ( #1403, #529, #3630 ) ) REPRESENTATION_CONTEXT ( 'NONE', 'WORKASPACE' ) );
#2622 = FACE_BOUND ( 'NONE', #4423, .T. ) ;
#2623 = CARTESIAN_POINT ( 'NONE',  ( -0.5784762650792262262, -0.3516987777013035887, -2.862221659613599201 ) ) ;
#2624 = PRESENTATION_STYLE_ASSIGNMENT (( #888 ) ) ;
#2625 = ADVANCED_FACE ( 'NONE', ( #5630 ), #1222, .F. ) ;
#2626 = CIRCLE ( 'NONE', #1964, 1.050000000000000488 ) ;
#2627 =( GEOMETRIC_REPRESENTATION_CONTEXT ( 3 ) GLOBAL_UNCERTAINTY_ASSIGNED_CONTEXT ( ( #1274 ) ) GLOBAL_UNIT_ASSIGNED_CONTEXT ( ( #4188, #2471, #1601 ) ) REPRESENTATION_CONTEXT ( 'NONE', 'WORKASPACE' ) );
#2628 = VECTOR ( 'NONE', #3776, 1000.000000000000000 ) ;
#2629 = FACE_OUTER_BOUND ( 'NONE', #14, .T. ) ;
#2630 = FACE_OUTER_BOUND ( 'NONE', #3860, .T. ) ;
#2631 = FILL_AREA_STYLE_COLOUR ( '', #3169 ) ;
#2632 = EDGE_CURVE ( 'NONE', #2733, #941, #5142, .T. ) ;
#2633 = COLOUR_RGB ( '',0.1019607843137254888, 0.1019607843137254888, 0.1019607843137254888 ) ;
#2634 = CARTESIAN_POINT ( 'NONE',  ( -2.768476265079228504, -0.3322272475925922008, 5.370631857476597659 ) ) ;
#2635 = CARTESIAN_POINT ( 'NONE',  ( 0.000000000000000000, -1.451698777701302623, -1.411430537129396640E-16 ) ) ;
#2636 = EDGE_CURVE ( 'NONE', #1636, #872, #3853, .T. ) ;
#2637 =( NAMED_UNIT ( * ) PLANE_ANGLE_UNIT ( ) SI_UNIT ( $, .RADIAN. ) );
#2638 =( NAMED_UNIT ( * ) SI_UNIT ( $, .STERADIAN. ) SOLID_ANGLE_UNIT ( ) );
#2639 = SURFACE_STYLE_FILL_AREA ( #5248 ) ;
#2640 = CARTESIAN_POINT ( 'NONE',  ( 0.03152373492077385764, 4.023301222298695912, 0.05862067213810127214 ) ) ;
#2641 = ORIENTED_EDGE ( 'NONE', *, *, #5476, .T. ) ;
#2642 = FILL_AREA_STYLE_COLOUR ( '', #3843 ) ;
#2643 = CARTESIAN_POINT ( 'NONE',  ( -9.400000000000000355, -1.951698777701299514, -9.000000000000000000 ) ) ;
#2644 = ORIENTED_EDGE ( 'NONE', *, *, #3532, .F. ) ;
#2645 = DIRECTION ( 'NONE',  ( 0.000000000000000000, -0.000000000000000000, 1.000000000000000000 ) ) ;
#2646 = DIRECTION ( 'NONE',  ( -0.000000000000000000, -1.000000000000000000, -0.000000000000000000 ) ) ;
#2647 = CARTESIAN_POINT ( 'NONE',  ( -1.099927705371577913, -0.3516987777013036442, -3.291379327861898130 ) ) ;
#2648 = VERTEX_POINT ( 'NONE', #2195 ) ;
#2649 = CARTESIAN_POINT ( 'NONE',  ( 2.831523734920774249, 0.09811978627733032587, 7.539527972064436590 ) ) ;
#2650 = ORIENTED_EDGE ( 'NONE', *, *, #1036, .T. ) ;
#2651 = EDGE_LOOP ( 'NONE', ( #276, #4739, #2863, #2978, #384 ) ) ;
#2652 = CARTESIAN_POINT ( 'NONE',  ( -2.018476265079225840, -0.3516987777013035887, 2.629463003889801698 ) ) ;
#2653 = VECTOR ( 'NONE', #3614, 1000.000000000000000 ) ;
#2654 = ORIENTED_EDGE ( 'NONE', *, *, #4417, .F. ) ;
#2655 = FACE_BOUND ( 'NONE', #1446, .T. ) ;
#2656 = FILL_AREA_STYLE_COLOUR ( '', #1303 ) ;
#2657 = EDGE_CURVE ( 'NONE', #3562, #393, #4285, .T. ) ;
#2658 = EDGE_CURVE ( 'NONE', #3013, #303, #2078, .T. ) ;
#2659 = DIRECTION ( 'NONE',  ( -0.000000000000000000, -1.000000000000000000, -0.000000000000000000 ) ) ;
#2660 = FILL_AREA_STYLE_COLOUR ( '', #4551 ) ;
#2661 = EDGE_CURVE ( 'NONE', #1219, #1798, #3181, .T. ) ;
#2662 = ORIENTED_EDGE ( 'NONE', *, *, #1322, .F. ) ;
#2663 = SURFACE_STYLE_FILL_AREA ( #3877 ) ;
#2664 = DIRECTION ( 'NONE',  ( -1.000000000000000000, -0.000000000000000000, -0.000000000000000000 ) ) ;
#2665 = EDGE_LOOP ( 'NONE', ( #705, #4438, #2835, #5598 ) ) ;
#2666 = FACE_OUTER_BOUND ( 'NONE', #5631, .T. ) ;
#2667 = UNCERTAINTY_MEASURE_WITH_UNIT (LENGTH_MEASURE( 1.000000000000000082E-05 ), #3310, 'distance_accuracy_value', 'NONE');
#2668 = CARTESIAN_POINT ( 'NONE',  ( 1.501523734920773512, -0.3516987777013035887, 2.629463003889801698 ) ) ;
#2669 = EDGE_LOOP ( 'NONE', ( #3134, #4162, #931 ) ) ;
#2670 =( NAMED_UNIT ( * ) SI_UNIT ( $, .STERADIAN. ) SOLID_ANGLE_UNIT ( ) );
#2671 = COLOUR_RGB ( '',0.1019607843137254888, 0.1019607843137254888, 0.1019607843137254888 ) ;
#2672 = VERTEX_POINT ( 'NONE', #1390 ) ;
#2673 = VERTEX_POINT ( 'NONE', #4534 ) ;
#2674 = FILL_AREA_STYLE_COLOUR ( '', #2089 ) ;
#2675 =( GEOMETRIC_REPRESENTATION_CONTEXT ( 3 ) GLOBAL_UNCERTAINTY_ASSIGNED_CONTEXT ( ( #2138 ) ) GLOBAL_UNIT_ASSIGNED_CONTEXT ( ( #3330, #5057, #1470 ) ) REPRESENTATION_CONTEXT ( 'NONE', 'WORKASPACE' ) );
#2676 = CARTESIAN_POINT ( 'NONE',  ( -8.699999999999999289, -0.3516987777013056982, 9.100000000000004974 ) ) ;
#2677 = MECHANICAL_DESIGN_GEOMETRIC_PRESENTATION_REPRESENTATION (  '', ( #5518 ), #2765 ) ;
#2678 = VERTEX_POINT ( 'NONE', #988 ) ;
#2679 = CARTESIAN_POINT ( 'NONE',  ( 0.3515237349207738782, -0.3516987777013036442, 2.629463003889801698 ) ) ;
#2680 = VECTOR ( 'NONE', #3351, 1000.000000000000000 ) ;
#2681 = AXIS2_PLACEMENT_3D ( 'NONE', #3006, #2547, #4307 ) ;
#2682 = DIRECTION ( 'NONE',  ( 0.8660254037844432595, 0.000000000000000000, 0.4999999999999920064 ) ) ;
#2683 = VECTOR ( 'NONE', #3049, 1000.000000000000000 ) ;
#2684 = SURFACE_STYLE_USAGE ( .BOTH. , #4868 ) ;
#2685 = VECTOR ( 'NONE', #2036, 1000.000000000000000 ) ;
#2686 = LINE ( 'NONE', #483, #4014 ) ;
#2687 = CARTESIAN_POINT ( 'NONE',  ( -2.768476265079227172, -0.3763272458298367873, 4.315009138154978885 ) ) ;
#2688 = CARTESIAN_POINT ( 'NONE',  ( 12.50000000000000178, -1.451698777701307286, 14.50000000000001243 ) ) ;
#2689 = EDGE_CURVE ( 'NONE', #789, #2162, #4082, .T. ) ;
#2690 = COLOUR_RGB ( '',0.4313725490196078649, 0.4980392156862745168, 0.4313725490196078649 ) ;
#2691 =( BOUNDED_CURVE ( )  B_SPLINE_CURVE ( 3, ( #5047, #5416, #2392, #3670 ),
 .UNSPECIFIED., .F., .T. ) 
 B_SPLINE_CURVE_WITH_KNOTS ( ( 4, 4 ),
 ( 1.570796326794896558, 4.712388980384689674 ),
 .UNSPECIFIED. ) 
 CURVE ( )  GEOMETRIC_REPRESENTATION_ITEM ( )  RATIONAL_B_SPLINE_CURVE ( ( 1.000000000000000000, 0.3333333333333333703, 0.3333333333333333703, 1.000000000000000000 ) ) 
 REPRESENTATION_ITEM ( '' )  );
#2692 =( GEOMETRIC_REPRESENTATION_CONTEXT ( 3 ) GLOBAL_UNCERTAINTY_ASSIGNED_CONTEXT ( ( #877 ) ) GLOBAL_UNIT_ASSIGNED_CONTEXT ( ( #5212, #4354, #2154 ) ) REPRESENTATION_CONTEXT ( 'NONE', 'WORKASPACE' ) );
#2693 = SURFACE_SIDE_STYLE ('',( #1405 ) ) ;
#2694 = DIRECTION ( 'NONE',  ( 0.000000000000000000, -1.000000000000000000, -0.000000000000000000 ) ) ;
#2695 = EDGE_LOOP ( 'NONE', ( #5143, #5675 ) ) ;
#2696 = COLOUR_RGB ( '',0.1019607843137254888, 0.1019607843137254888, 0.1019607843137254888 ) ;
#2697 = LINE ( 'NONE', #3638, #3114 ) ;
#2698 = DIRECTION ( 'NONE',  ( 0.000000000000000000, 1.000000000000000000, 1.110223024625156540E-16 ) ) ;
#2699 = ORIENTED_EDGE ( 'NONE', *, *, #1084, .F. ) ;
#2700 = MECHANICAL_DESIGN_GEOMETRIC_PRESENTATION_REPRESENTATION (  '', ( #3613 ), #3516 ) ;
#2701 = EDGE_CURVE ( 'NONE', #4704, #2417, #1918, .T. ) ;
#2702 = CARTESIAN_POINT ( 'NONE',  ( 0.03152373492077385764, 4.023301222298695912, 0.05862067213810127214 ) ) ;
#2703 = VERTEX_POINT ( 'NONE', #4882 ) ;
#2704 = PRESENTATION_LAYER_ASSIGNMENT (  '', '', ( #3716 ) ) ;
#2705 =( LENGTH_UNIT ( ) NAMED_UNIT ( * ) SI_UNIT ( .MILLI., .METRE. ) );
#2706 = VERTEX_POINT ( 'NONE', #936 ) ;
#2707 = VERTEX_POINT ( 'NONE', #3206 ) ;
#2708 = EDGE_CURVE ( 'NONE', #4253, #163, #4237, .T. ) ;
#2709 = EDGE_CURVE ( 'NONE', #2219, #2706, #1742, .T. ) ;
#2710 = CARTESIAN_POINT ( 'NONE',  ( -0.1584762650792261585, -0.3516987777013035887, 2.629463003889801698 ) ) ;
#2711 = EDGE_LOOP ( 'NONE', ( #2136, #5521 ) ) ;
#2712 = FACE_BOUND ( 'NONE', #4487, .T. ) ;
#2713 = DIRECTION ( 'NONE',  ( 1.000000000000000000, 0.000000000000000000, 0.000000000000000000 ) ) ;
#2714 = VECTOR ( 'NONE', #1860, 1000.000000000000000 ) ;
#2715 = EDGE_CURVE ( 'NONE', #2900, #2281, #4055, .T. ) ;
#2716 = COLOUR_RGB ( '',0.000000000000000000, 0.6235294117647058876, 0.06666666666666666574 ) ;
#2717 = DIRECTION ( 'NONE',  ( 1.000000000000000000, 0.000000000000000000, 0.000000000000000000 ) ) ;
#2718 = CARTESIAN_POINT ( 'NONE',  ( -0.4184762650792260841, -0.3516987777013035887, 2.629463003889801698 ) ) ;
#2719 = MECHANICAL_DESIGN_GEOMETRIC_PRESENTATION_REPRESENTATION (  '', ( #5193 ), #4085 ) ;
#2720 = DIRECTION ( 'NONE',  ( 5.782411586589354681E-16, 3.330669073875468635E-16, -1.000000000000000000 ) ) ;
#2721 = SURFACE_STYLE_USAGE ( .BOTH. , #2693 ) ;
#2722 = STYLED_ITEM ( 'NONE', ( #2187 ), #2166 ) ;
#2723 = DIRECTION ( 'NONE',  ( 1.387778780781444196E-16, -3.330669073875468142E-16, 1.000000000000000000 ) ) ;
#2724 = CARTESIAN_POINT ( 'NONE',  ( 2.831523734920773805, 0.1260842136544537140, 7.024596265243065574 ) ) ;
#2725 = CARTESIAN_POINT ( 'NONE',  ( -3.268476265079227172, 0.09660244459739220080, 12.81031652251693131 ) ) ;
#2726 = EDGE_LOOP ( 'NONE', ( #4433, #2229 ) ) ;
#2727 =( NAMED_UNIT ( * ) PLANE_ANGLE_UNIT ( ) SI_UNIT ( $, .RADIAN. ) );
#2728 = SURFACE_SIDE_STYLE ('',( #493 ) ) ;
#2729 = DIRECTION ( 'NONE',  ( -1.000000000000000000, 0.000000000000000000, 8.340016711426957754E-17 ) ) ;
#2730 = ORIENTED_EDGE ( 'NONE', *, *, #4796, .T. ) ;
#2731 = EDGE_CURVE ( 'NONE', #102, #134, #571, .T. ) ;
#2732 = ORIENTED_EDGE ( 'NONE', *, *, #1130, .F. ) ;
#2733 = VERTEX_POINT ( 'NONE', #2254 ) ;
#2734 =( NAMED_UNIT ( * ) SI_UNIT ( $, .STERADIAN. ) SOLID_ANGLE_UNIT ( ) );
#2735 = ORIENTED_EDGE ( 'NONE', *, *, #224, .F. ) ;
#2736 =( NAMED_UNIT ( * ) PLANE_ANGLE_UNIT ( ) SI_UNIT ( $, .RADIAN. ) );
#2737 = FILL_AREA_STYLE ('',( #5002 ) ) ;
#2738 = EDGE_CURVE ( 'NONE', #4107, #5180, #3336, .T. ) ;
#2739 = EDGE_CURVE ( 'NONE', #5483, #4310, #4909, .T. ) ;
#2740 = DIRECTION ( 'NONE',  ( 0.000000000000000000, -1.000000000000000000, 0.000000000000000000 ) ) ;
#2741 = CARTESIAN_POINT ( 'NONE',  ( -10.40000000000000213, -1.451698777701299514, -9.599999999999997868 ) ) ;
#2742 = CARTESIAN_POINT ( 'NONE',  ( 0.1615237349207739592, -0.3516987777013035887, -2.862221659613599201 ) ) ;
#2743 = AXIS2_PLACEMENT_3D ( 'NONE', #5074, #1923, #3703 ) ;
#2744 = LINE ( 'NONE', #2801, #5333 ) ;
#2745 =( BOUNDED_CURVE ( )  B_SPLINE_CURVE ( 3, ( #4810, #3023, #3952, #3109 ),
 .UNSPECIFIED., .F., .T. ) 
 B_SPLINE_CURVE_WITH_KNOTS ( ( 4, 4 ),
 ( 1.570796326794896558, 4.712388980384689674 ),
 .UNSPECIFIED. ) 
 CURVE ( )  GEOMETRIC_REPRESENTATION_ITEM ( )  RATIONAL_B_SPLINE_CURVE ( ( 1.000000000000000000, 0.3333333333333333703, 0.3333333333333333703, 1.000000000000000000 ) ) 
 REPRESENTATION_ITEM ( '' )  );
#2746 = CARTESIAN_POINT ( 'NONE',  ( 1.281523734920774205, -0.3516987777013035887, 2.629463003889801698 ) ) ;
#2747 = CARTESIAN_POINT ( 'NONE',  ( 0.03152373492077425315, 3.598301222298696089, -3.141379327861898219 ) ) ;
#2748 = DIRECTION ( 'NONE',  ( 1.000000000000000000, 0.000000000000000000, 0.000000000000000000 ) ) ;
#2749 = VERTEX_POINT ( 'NONE', #4854 ) ;
#2750 = STYLED_ITEM ( 'NONE', ( #545 ), #1203 ) ;
#2751 = CARTESIAN_POINT ( 'NONE',  ( -2.350046125486426885, 4.398301222298695023, 1.433620672138113061 ) ) ;
#2752 = ORIENTED_EDGE ( 'NONE', *, *, #2868, .T. ) ;
#2753 = CARTESIAN_POINT ( 'NONE',  ( 3.531523734920773983, 0.09660244459739275591, 8.460316522516931670 ) ) ;
#2754 = ORIENTED_EDGE ( 'NONE', *, *, #1935, .F. ) ;
#2755 =( BOUNDED_CURVE ( )  B_SPLINE_CURVE ( 3, ( #2354, #5637, #4317, #2116 ),
 .UNSPECIFIED., .F., .T. ) 
 B_SPLINE_CURVE_WITH_KNOTS ( ( 4, 4 ),
 ( 1.570796326794896558, 4.712388980384689674 ),
 .UNSPECIFIED. ) 
 CURVE ( )  GEOMETRIC_REPRESENTATION_ITEM ( )  RATIONAL_B_SPLINE_CURVE ( ( 1.000000000000000000, 0.3333333333333333703, 0.3333333333333333703, 1.000000000000000000 ) ) 
 REPRESENTATION_ITEM ( '' )  );
#2756 = ORIENTED_EDGE ( 'NONE', *, *, #3982, .T. ) ;
#2757 = DIRECTION ( 'NONE',  ( -1.000000000000000000, 0.000000000000000000, -0.000000000000000000 ) ) ;
#2758 = EDGE_CURVE ( 'NONE', #1328, #882, #4026, .T. ) ;
#2759 = VERTEX_POINT ( 'NONE', #5316 ) ;
#2760 = FACE_BOUND ( 'NONE', #3077, .T. ) ;
#2761 = DIRECTION ( 'NONE',  ( -0.4999999999999980016, 0.000000000000000000, 0.8660254037844398178 ) ) ;
#2762 = VECTOR ( 'NONE', #4245, 1000.000000000000000 ) ;
#2763 = COLOUR_RGB ( '',0.2980392156862745057, 0.2980392156862745057, 0.2980392156862745057 ) ;
#2764 = PLANE ( 'NONE',  #1456 ) ;
#2765 =( GEOMETRIC_REPRESENTATION_CONTEXT ( 3 ) GLOBAL_UNCERTAINTY_ASSIGNED_CONTEXT ( ( #4229 ) ) GLOBAL_UNIT_ASSIGNED_CONTEXT ( ( #4918, #2736, #611 ) ) REPRESENTATION_CONTEXT ( 'NONE', 'WORKASPACE' ) );
#2766 = EDGE_CURVE ( 'NONE', #3273, #2900, #516, .T. ) ;
#2767 = COLOUR_RGB ( '',0.2980392156862745057, 0.2980392156862745057, 0.2980392156862745057 ) ;
#2768 = DIRECTION ( 'NONE',  ( 1.084202172485504434E-16, -0.000000000000000000, 1.000000000000000000 ) ) ;
#2769 = CARTESIAN_POINT ( 'NONE',  ( 9.400000000000000355, -3.051698777701299381, -9.720000000000000639 ) ) ;
#2770 = CARTESIAN_POINT ( 'NONE',  ( 10.40000000000000036, -1.951698777701299292, -9.600000000000001421 ) ) ;
#2771 = ADVANCED_FACE ( 'NONE', ( #3587 ), #4428, .F. ) ;
#2772 = CARTESIAN_POINT ( 'NONE',  ( 12.50000000000000178, -1.451698777701307286, 14.50000000000001243 ) ) ;
#2773 = B_SPLINE_CURVE_WITH_KNOTS ( 'NONE', 3,
 ( #5473, #146, #1511, #1911, #3693, #3259, #5012, #4727, #3343 ),
 .UNSPECIFIED., .F., .F.,
 ( 4, 1, 1, 1, 1, 1, 4 ),
 ( 0.000000000000000000, 0.1400000000000000411, 0.2799999999999997491, 0.4200000000000002620, 0.5599999999978950704, 0.7800000000001622302, 1.000000000000000000 ),
 .UNSPECIFIED. ) ;
#2774 = COLOUR_RGB ( '',1.000000000000000000, 0.6666666666666666297, 0.1843137254901960898 ) ;
#2775 = DIRECTION ( 'NONE',  ( 1.000000000000000000, 0.000000000000000000, 3.614007241618349264E-16 ) ) ;
#2776 = LINE ( 'NONE', #5411, #3803 ) ;
#2777 = DIRECTION ( 'NONE',  ( 1.000000000000000000, 0.000000000000000000, 0.000000000000000000 ) ) ;
#2778 = LINE ( 'NONE', #3639, #3253 ) ;
#2779 = ORIENTED_EDGE ( 'NONE', *, *, #2473, .F. ) ;
#2780 = PRESENTATION_STYLE_ASSIGNMENT (( #3641 ) ) ;
#2781 = AXIS2_PLACEMENT_3D ( 'NONE', #4695, #732, #1971 ) ;
#2782 = FILL_AREA_STYLE_COLOUR ( '', #3753 ) ;
#2783 = CIRCLE ( 'NONE', #1566, 1.050000000000000488 ) ;
#2784 = DIRECTION ( 'NONE',  ( 0.000000000000000000, 1.000000000000000000, 1.110223024625156540E-16 ) ) ;
#2785 = SURFACE_STYLE_USAGE ( .BOTH. , #2889 ) ;
#2786 = VERTEX_POINT ( 'NONE', #3561 ) ;
#2787 = EDGE_LOOP ( 'NONE', ( #3177, #1501 ) ) ;
#2788 = VERTEX_POINT ( 'NONE', #133 ) ;
#2789 = DIRECTION ( 'NONE',  ( 0.000000000000000000, -1.000000000000000000, 0.000000000000000000 ) ) ;
#2790 = VERTEX_POINT ( 'NONE', #1362 ) ;
#2791 = FACE_BOUND ( 'NONE', #2787, .T. ) ;
#2792 = DIRECTION ( 'NONE',  ( 0.000000000000000000, 0.000000000000000000, 1.000000000000000000 ) ) ;
#2793 = EDGE_CURVE ( 'NONE', #1523, #2546, #1190, .T. ) ;
#2794 = DIRECTION ( 'NONE',  ( -1.000000000000000000, -1.927204214173387237E-16, 1.851256739560762754E-17 ) ) ;
#2795 = VECTOR ( 'NONE', #4190, 1000.000000000000000 ) ;
#2796 = SURFACE_STYLE_USAGE ( .BOTH. , #1482 ) ;
#2797 = EDGE_CURVE ( 'NONE', #875, #26, #5365, .T. ) ;
#2798 = COLOUR_RGB ( '',0.8431372549019607865, 0.8156862745098039102, 0.7529411764705882248 ) ;
#2799 = DIRECTION ( 'NONE',  ( -0.000000000000000000, 1.000000000000000000, -0.000000000000000000 ) ) ;
#2800 = EDGE_CURVE ( 'NONE', #2575, #3949, #3785, .T. ) ;
#2801 = CARTESIAN_POINT ( 'NONE',  ( 0.3515237349207738782, -0.3516987777013036442, 2.629463003889801698 ) ) ;
#2802 = DIRECTION ( 'NONE',  ( 0.000000000000000000, 1.000000000000000000, 1.110223024625156540E-16 ) ) ;
#2803 = PRESENTATION_LAYER_ASSIGNMENT (  '', '', ( #1684 ) ) ;
#2804 = CARTESIAN_POINT ( 'NONE',  ( 2.831523734920773805, -0.2217921330325654528, 5.880009715481062216 ) ) ;
#2805 = DIRECTION ( 'NONE',  ( 1.000000000000000000, -0.000000000000000000, -1.112002228190259966E-16 ) ) ;
#2806 = EDGE_CURVE ( 'NONE', #3120, #5225, #1100, .T. ) ;
#2807 = EDGE_LOOP ( 'NONE', ( #2448, #11, #4173, #3474 ) ) ;
#2808 = DIRECTION ( 'NONE',  ( -1.000000000000000000, -1.234570477171303932E-32, 1.112002228190259966E-16 ) ) ;
#2809 =( NAMED_UNIT ( * ) SI_UNIT ( $, .STERADIAN. ) SOLID_ANGLE_UNIT ( ) );
#2810 = FACE_OUTER_BOUND ( 'NONE', #4822, .T. ) ;
#2811 = STYLED_ITEM ( 'NONE', ( #2037 ), #1510 ) ;
#2812 = VERTEX_POINT ( 'NONE', #1979 ) ;
#2813 =( NAMED_UNIT ( * ) PLANE_ANGLE_UNIT ( ) SI_UNIT ( $, .RADIAN. ) );
#2814 = PLANE ( 'NONE',  #5375 ) ;
#2815 = ORIENTED_EDGE ( 'NONE', *, *, #1650, .T. ) ;
#2816 = VERTEX_POINT ( 'NONE', #2451 ) ;
#2817 = CARTESIAN_POINT ( 'NONE',  ( 2.561523734920773343, -0.3516987777013035887, -2.862221659613599201 ) ) ;
#2818 = COLOUR_RGB ( '',0.000000000000000000, 0.6235294117647058876, 0.06666666666666666574 ) ;
#2819 = CARTESIAN_POINT ( 'NONE',  ( 0.3515237349207738782, -0.3516987777013036442, -2.862221659613599201 ) ) ;
#2820 = CARTESIAN_POINT ( 'NONE',  ( 0.4815237349207739381, -0.3516987777013036442, 2.629463003889801698 ) ) ;
#2821 = VERTEX_POINT ( 'NONE', #1047 ) ;
#2822 = FACE_BOUND ( 'NONE', #3469, .T. ) ;
#2823 = LINE ( 'NONE', #3279, #4585 ) ;
#2824 = PRESENTATION_STYLE_ASSIGNMENT (( #1000 ) ) ;
#2825 = LINE ( 'NONE', #5379, #2964 ) ;
#2826 = STYLED_ITEM ( 'NONE', ( #46 ), #394 ) ;
#2827 = DIRECTION ( 'NONE',  ( 0.000000000000000000, 0.000000000000000000, 1.000000000000000000 ) ) ;
#2828 = EDGE_CURVE ( 'NONE', #130, #2367, #5109, .T. ) ;
#2829 = DIRECTION ( 'NONE',  ( -1.000000000000000000, 0.000000000000000000, 0.000000000000000000 ) ) ;
#2830 = AXIS2_PLACEMENT_3D ( 'NONE', #3463, #346, #1700 ) ;
#2831 = FACE_OUTER_BOUND ( 'NONE', #4459, .T. ) ;
#2832 = CARTESIAN_POINT ( 'NONE',  ( -0.5784762650792262262, -0.3516987777013035887, 2.629463003889801698 ) ) ;
#2833 = STYLED_ITEM ( 'NONE', ( #3063 ), #1304 ) ;
#2834 = CARTESIAN_POINT ( 'NONE',  ( 2.081523734920773805, -0.3516987777013036998, -2.788642972121563091 ) ) ;
#2835 = ORIENTED_EDGE ( 'NONE', *, *, #2561, .T. ) ;
#2836 = DIRECTION ( 'NONE',  ( 0.000000000000000000, 1.000000000000000000, 0.000000000000000000 ) ) ;
#2838 = PRESENTATION_LAYER_ASSIGNMENT (  '', '', ( #1353 ) ) ;
#2837 =( LENGTH_UNIT ( ) NAMED_UNIT ( * ) SI_UNIT ( .MILLI., .METRE. ) );
#2839 = EDGE_CURVE ( 'NONE', #3013, #3185, #264, .T. ) ;
#2840 = FILL_AREA_STYLE ('',( #1959 ) ) ;
#2841 = FILL_AREA_STYLE_COLOUR ( '', #2506 ) ;
#2842 = ORIENTED_EDGE ( 'NONE', *, *, #454, .T. ) ;
#2843 = DIRECTION ( 'NONE',  ( 0.000000000000000000, 1.000000000000000000, 1.110223024625156540E-16 ) ) ;
#2844 = ORIENTED_EDGE ( 'NONE', *, *, #396, .F. ) ;
#2845 = CARTESIAN_POINT ( 'NONE',  ( 0.8615237349207738315, -0.3516987777013035887, 2.629463003889801698 ) ) ;
#2846 = VECTOR ( 'NONE', #3492, 1000.000000000000000 ) ;
#2847 = EDGE_LOOP ( 'NONE', ( #4639, #4141, #4371, #2699 ) ) ;
#2848 = FACE_BOUND ( 'NONE', #1834, .T. ) ;
#2849 = VERTEX_POINT ( 'NONE', #1073 ) ;
#2850 = DIRECTION ( 'NONE',  ( 1.112002228190259966E-16, -1.110223024625156540E-16, 1.000000000000000000 ) ) ;
#2851 = COLOUR_RGB ( '',0.8431372549019607865, 0.8156862745098039102, 0.7529411764705882248 ) ;
#2852 = CARTESIAN_POINT ( 'NONE',  ( 0.3515237349207738782, -0.3516987777013036442, -2.862221659613599201 ) ) ;
#2853 = COLOUR_RGB ( '',0.1019607843137254888, 0.1019607843137254888, 0.1019607843137254888 ) ;
#2854 =( LENGTH_UNIT ( ) NAMED_UNIT ( * ) SI_UNIT ( .MILLI., .METRE. ) );
#2855 = CARTESIAN_POINT ( 'NONE',  ( 4.031523734920773983, -0.5516987777013035998, 4.058620672138101959 ) ) ;
#2856 = CARTESIAN_POINT ( 'NONE',  ( 0.8015237349207738893, -0.3516987777013035887, -2.862221659613599201 ) ) ;
#2857 = VERTEX_POINT ( 'NONE', #1956 ) ;
#2858 =( NAMED_UNIT ( * ) SI_UNIT ( $, .STERADIAN. ) SOLID_ANGLE_UNIT ( ) );
#2859 = ADVANCED_FACE ( 'NONE', ( #2810 ), #708, .T. ) ;
#2860 = CARTESIAN_POINT ( 'NONE',  ( -10.50000000000000000, -0.5516987777013023786, -1.049999999999997158 ) ) ;
#2861 = VECTOR ( 'NONE', #5095, 1000.000000000000000 ) ;
#2862 = CARTESIAN_POINT ( 'NONE',  ( 0.000000000000000000, -0.5516987777013026006, -4.122298149667556673E-17 ) ) ;
#2863 = ORIENTED_EDGE ( 'NONE', *, *, #89, .F. ) ;
#2864 =( NAMED_UNIT ( * ) SI_UNIT ( $, .STERADIAN. ) SOLID_ANGLE_UNIT ( ) );
#2865 = DIRECTION ( 'NONE',  ( -2.081668171172169006E-16, -3.330669073875468635E-16, 1.000000000000000000 ) ) ;
#2866 = MECHANICAL_DESIGN_GEOMETRIC_PRESENTATION_REPRESENTATION (  '', ( #4798 ), #2212 ) ;
#2867 = ORIENTED_EDGE ( 'NONE', *, *, #3855, .F. ) ;
#2868 = EDGE_CURVE ( 'NONE', #3800, #4690, #655, .T. ) ;
#2869 = DIRECTION ( 'NONE',  ( 0.000000000000000000, -1.000000000000000000, 0.000000000000000000 ) ) ;
#2870 = CARTESIAN_POINT ( 'NONE',  ( 0.6415237349207739692, -0.3516987777013035887, 2.629463003889801698 ) ) ;
#2871 = EDGE_LOOP ( 'NONE', ( #4227, #334, #5698, #1395 ) ) ;
#2872 = VECTOR ( 'NONE', #5240, 1000.000000000000000 ) ;
#2873 = CARTESIAN_POINT ( 'NONE',  ( 12.50000000000000178, -0.5516987777013074856, 14.50000000000001243 ) ) ;
#2874 = ADVANCED_FACE ( 'NONE', ( #2009 ), #2481, .F. ) ;
#2875 = ORIENTED_EDGE ( 'NONE', *, *, #1888, .F. ) ;
#2876 = PRESENTATION_LAYER_ASSIGNMENT (  '', '', ( #477 ) ) ;
#2877 = LINE ( 'NONE', #3864, #1397 ) ;
#2878 = MECHANICAL_DESIGN_GEOMETRIC_PRESENTATION_REPRESENTATION (  '', ( #4263 ), #387 ) ;
#2879 =( NAMED_UNIT ( * ) SI_UNIT ( $, .STERADIAN. ) SOLID_ANGLE_UNIT ( ) );
#2880 = EDGE_CURVE ( 'NONE', #2394, #3453, #774, .T. ) ;
#2881 = LINE ( 'NONE', #1483, #3081 ) ;
#2882 = PRESENTATION_LAYER_ASSIGNMENT (  '', '', ( #5194 ) ) ;
#2883 = SURFACE_SIDE_STYLE ('',( #4612 ) ) ;
#2884 = CARTESIAN_POINT ( 'NONE',  ( 0.03152373492077385764, 3.598301222298696089, 0.05862067213810127214 ) ) ;
#2885 = FACE_OUTER_BOUND ( 'NONE', #385, .T. ) ;
#2886 = VECTOR ( 'NONE', #704, 1000.000000000000000 ) ;
#2887 = ORIENTED_EDGE ( 'NONE', *, *, #2880, .T. ) ;
#2888 = FILL_AREA_STYLE_COLOUR ( '', #2208 ) ;
#2889 = SURFACE_SIDE_STYLE ('',( #4562 ) ) ;
#2890 = EDGE_LOOP ( 'NONE', ( #1844, #261 ) ) ;
#2891 = DIRECTION ( 'NONE',  ( 1.000000000000000000, 0.000000000000000000, 0.000000000000000000 ) ) ;
#2892 = EDGE_LOOP ( 'NONE', ( #2427, #4626 ) ) ;
#2893 = SURFACE_SIDE_STYLE ('',( #5082 ) ) ;
#2894 = UNCERTAINTY_MEASURE_WITH_UNIT (LENGTH_MEASURE( 1.000000000000000082E-05 ), #1017, 'distance_accuracy_value', 'NONE');
#2895 = PRESENTATION_LAYER_ASSIGNMENT (  '', '', ( #4646 ) ) ;
#2896 = LINE ( 'NONE', #4660, #3132 ) ;
#2897 = VECTOR ( 'NONE', #4126, 1000.000000000000000 ) ;
#2898 = CARTESIAN_POINT ( 'NONE',  ( -3.268476265079226284, 0.3966024445973921342, 8.310316522516931315 ) ) ;
#2899 = EDGE_CURVE ( 'NONE', #1334, #2543, #1633, .T. ) ;
#2900 = VERTEX_POINT ( 'NONE', #4815 ) ;
#2901 = COLOUR_RGB ( '',1.000000000000000000, 0.6666666666666666297, 0.1843137254901960898 ) ;
#2902 = ORIENTED_EDGE ( 'NONE', *, *, #3933, .F. ) ;
#2903 =( BOUNDED_CURVE ( )  B_SPLINE_CURVE ( 3, ( #1831, #490, #4023, #1811 ),
 .UNSPECIFIED., .F., .T. ) 
 B_SPLINE_CURVE_WITH_KNOTS ( ( 4, 4 ),
 ( 1.570796326794896558, 4.712388980384689674 ),
 .UNSPECIFIED. ) 
 CURVE ( )  GEOMETRIC_REPRESENTATION_ITEM ( )  RATIONAL_B_SPLINE_CURVE ( ( 1.000000000000000000, 0.3333333333333333703, 0.3333333333333333703, 1.000000000000000000 ) ) 
 REPRESENTATION_ITEM ( '' )  );
#2904 = EDGE_CURVE ( 'NONE', #163, #4286, #866, .T. ) ;
#2905 = FILL_AREA_STYLE ('',( #4752 ) ) ;
#2906 = PRESENTATION_STYLE_ASSIGNMENT (( #1202 ) ) ;
#2907 = PLANE ( 'NONE',  #5293 ) ;
#2908 = CARTESIAN_POINT ( 'NONE',  ( -0.9584762650792258976, -0.3516987777013035887, 2.629463003889801698 ) ) ;
#2909 = SURFACE_SIDE_STYLE ('',( #374 ) ) ;
#2910 = FILL_AREA_STYLE ('',( #3347 ) ) ;
#2911 = ORIENTED_EDGE ( 'NONE', *, *, #2262, .F. ) ;
#2912 = DIRECTION ( 'NONE',  ( 1.084202172485504434E-16, 0.000000000000000000, 1.000000000000000000 ) ) ;
#2913 = AXIS2_PLACEMENT_3D ( 'NONE', #1338, #3593, #520 ) ;
#2914 = DIRECTION ( 'NONE',  ( 1.000000000000000000, -0.000000000000000000, 0.000000000000000000 ) ) ;
#2915 = VECTOR ( 'NONE', #3874, 1000.000000000000000 ) ;
#2916 = CYLINDRICAL_SURFACE ( 'NONE', #1618, 1.050000000000000488 ) ;
#2917 = PLANE ( 'NONE',  #3246 ) ;
#2918 = ORIENTED_EDGE ( 'NONE', *, *, #2410, .F. ) ;
#2919 = SURFACE_SIDE_STYLE ('',( #1156 ) ) ;
#2920 = VERTEX_POINT ( 'NONE', #5192 ) ;
#2921 = SURFACE_STYLE_USAGE ( .BOTH. , #2893 ) ;
#2922 = VECTOR ( 'NONE', #2100, 1000.000000000000000 ) ;
#2923 = DIRECTION ( 'NONE',  ( 0.000000000000000000, 0.000000000000000000, -1.000000000000000000 ) ) ;
#2924 = DIRECTION ( 'NONE',  ( 4.336808689941978293E-15, 1.000000000000000000, 0.000000000000000000 ) ) ;
#2925 = VERTEX_POINT ( 'NONE', #373 ) ;
#2926 = DIRECTION ( 'NONE',  ( 1.000000000000000000, 0.000000000000000000, 0.000000000000000000 ) ) ;
#2927 = PRODUCT_CONTEXT ( 'NONE', #5141, 'mechanical' ) ;
#2928 = ORIENTED_EDGE ( 'NONE', *, *, #3119, .F. ) ;
#2929 = VERTEX_POINT ( 'NONE', #3377 ) ;
#2930 = EDGE_CURVE ( 'NONE', #3416, #2990, #1722, .T. ) ;
#2931 = CARTESIAN_POINT ( 'NONE',  ( 2.241523734920773947, -0.3516987777013036998, -2.788642972121563091 ) ) ;
#2932 = CYLINDRICAL_SURFACE ( 'NONE', #382, 1.050000000000000488 ) ;
#2933 = DIRECTION ( 'NONE',  ( -1.236548955500103037E-32, -1.000000000000000000, -1.112002228190259966E-16 ) ) ;
#2934 =( BOUNDED_CURVE ( )  B_SPLINE_CURVE ( 3, ( #4996, #1079, #4569, #214 ),
 .UNSPECIFIED., .F., .T. ) 
 B_SPLINE_CURVE_WITH_KNOTS ( ( 4, 4 ),
 ( 1.570796326794896558, 4.712388980384689674 ),
 .UNSPECIFIED. ) 
 CURVE ( )  GEOMETRIC_REPRESENTATION_ITEM ( )  RATIONAL_B_SPLINE_CURVE ( ( 1.000000000000000000, 0.3333333333333333703, 0.3333333333333333703, 1.000000000000000000 ) ) 
 REPRESENTATION_ITEM ( '' )  );
#2935 = ADVANCED_FACE ( 'NONE', ( #3488 ), #3815, .F. ) ;
#2936 = FILL_AREA_STYLE_COLOUR ( '', #970 ) ;
#2937 = CARTESIAN_POINT ( 'NONE',  ( 4.031523734920773094, -0.5516987777013035998, -3.941379327861898485 ) ) ;
#2938 = DIRECTION ( 'NONE',  ( -3.469446951953611033E-15, 0.000000000000000000, -1.000000000000000000 ) ) ;
#2939 = SURFACE_STYLE_USAGE ( .BOTH. , #1181 ) ;
#2940 = ORIENTED_EDGE ( 'NONE', *, *, #2435, .F. ) ;
#2941 = CARTESIAN_POINT ( 'NONE',  ( 2.141523734920773858, -0.3516987777013035887, -2.862221659613599201 ) ) ;
#2942 = VECTOR ( 'NONE', #3039, 1000.000000000000000 ) ;
#2943 = PRESENTATION_LAYER_ASSIGNMENT (  '', '', ( #2201 ) ) ;
#2944 = DIRECTION ( 'NONE',  ( -1.000000000000000000, 0.000000000000000000, 0.000000000000000000 ) ) ;
#2945 = AXIS2_PLACEMENT_3D ( 'NONE', #3475, #907, #4002 ) ;
#2946 = CARTESIAN_POINT ( 'NONE',  ( -1.858476265079225920, -0.3516987777013035887, 2.629463003889801698 ) ) ;
#2947 = FACE_OUTER_BOUND ( 'NONE', #4463, .T. ) ;
#2948 = VECTOR ( 'NONE', #329, 1000.000000000000000 ) ;
#2949 = ORIENTED_EDGE ( 'NONE', *, *, #4224, .T. ) ;
#2950 = ORIENTED_EDGE ( 'NONE', *, *, #1988, .T. ) ;
#2951 =( NAMED_UNIT ( * ) PLANE_ANGLE_UNIT ( ) SI_UNIT ( $, .RADIAN. ) );
#2952 = UNCERTAINTY_MEASURE_WITH_UNIT (LENGTH_MEASURE( 1.000000000000000082E-05 ), #1403, 'distance_accuracy_value', 'NONE');
#2953 = ORIENTED_EDGE ( 'NONE', *, *, #3076, .F. ) ;
#2954 = STYLED_ITEM ( 'NONE', ( #1148 ), #3227 ) ;
#2955 = LINE ( 'NONE', #2873, #2008 ) ;
#2956 = ORIENTED_EDGE ( 'NONE', *, *, #1615, .F. ) ;
#2957 = ORIENTED_EDGE ( 'NONE', *, *, #3752, .F. ) ;
#2958 = UNCERTAINTY_MEASURE_WITH_UNIT (LENGTH_MEASURE( 1.000000000000000082E-05 ), #3193, 'distance_accuracy_value', 'NONE');
#2959 = VECTOR ( 'NONE', #4468, 1000.000000000000000 ) ;
#2960 = AXIS2_PLACEMENT_3D ( 'NONE', #5587, #1627, #5157 ) ;
#2961 = CARTESIAN_POINT ( 'NONE',  ( -12.49999999999999822, -0.5516987777013074856, 14.50000000000000711 ) ) ;
#2962 = PLANE ( 'NONE',  #5632 ) ;
#2963 = ORIENTED_EDGE ( 'NONE', *, *, #1352, .T. ) ;
#2964 = VECTOR ( 'NONE', #1480, 999.9999999999998863 ) ;
#2965 = DIRECTION ( 'NONE',  ( -0.8660254037844397068, 0.000000000000000000, 0.4999999999999979461 ) ) ;
#2966 = EDGE_CURVE ( 'NONE', #3535, #2142, #2541, .T. ) ;
#2967 = DIRECTION ( 'NONE',  ( 1.000000000000000000, -7.222237291452129194E-31, 2.168404344971007685E-15 ) ) ;
#2968 = EDGE_LOOP ( 'NONE', ( #4748, #3506 ) ) ;
#2969 = CARTESIAN_POINT ( 'NONE',  ( -0.1584762650792261029, -0.3516987777013036998, 2.555884316397764700 ) ) ;
#2970 = CARTESIAN_POINT ( 'NONE',  ( 9.400000000000000355, -1.951698777701299292, -9.720000000000000639 ) ) ;
#2971 = CARTESIAN_POINT ( 'NONE',  ( -1.947894313427920299, -0.3516987777013036442, 3.208620672138101870 ) ) ;
#2972 = SURFACE_STYLE_USAGE ( .BOTH. , #710 ) ;
#2973 = EDGE_CURVE ( 'NONE', #3957, #4180, #1957, .T. ) ;
#2974 = EDGE_LOOP ( 'NONE', ( #2963, #3210, #4111, #4027 ) ) ;
#2975 = VECTOR ( 'NONE', #4733, 1000.000000000000000 ) ;
#2976 = DIRECTION ( 'NONE',  ( -0.000000000000000000, -1.000000000000000000, -0.000000000000000000 ) ) ;
#2977 = LINE ( 'NONE', #4740, #5638 ) ;
#2978 = ORIENTED_EDGE ( 'NONE', *, *, #924, .T. ) ;
#2979 = FACE_BOUND ( 'NONE', #906, .T. ) ;
#2980 = VECTOR ( 'NONE', #3958, 1000.000000000000000 ) ;
#2981 = FILL_AREA_STYLE_COLOUR ( '', #2633 ) ;
#2982 = EDGE_CURVE ( 'NONE', #4501, #2849, #745, .T. ) ;
#2983 = VERTEX_POINT ( 'NONE', #1667 ) ;
#2984 = PRESENTATION_LAYER_ASSIGNMENT (  '', '', ( #3168 ) ) ;
#2985 = ORIENTED_EDGE ( 'NONE', *, *, #27, .F. ) ;
#2986 = ORIENTED_EDGE ( 'NONE', *, *, #1479, .F. ) ;
#2987 = VECTOR ( 'NONE', #2352, 1000.000000000000000 ) ;
#2988 = CARTESIAN_POINT ( 'NONE',  ( 2.241523734920773947, -0.3516987777013035887, -2.862221659613599201 ) ) ;
#2989 = CARTESIAN_POINT ( 'NONE',  ( 0.03152373492077385764, 3.198301222298698399, 2.858620672138101337 ) ) ;
#2990 = VERTEX_POINT ( 'NONE', #3437 ) ;
#2991 =( BOUNDED_CURVE ( )  B_SPLINE_CURVE ( 3, ( #552, #1939, #87, #5464 ),
 .UNSPECIFIED., .F., .T. ) 
 B_SPLINE_CURVE_WITH_KNOTS ( ( 4, 4 ),
 ( 1.570796326794896558, 4.712388980384689674 ),
 .UNSPECIFIED. ) 
 CURVE ( )  GEOMETRIC_REPRESENTATION_ITEM ( )  RATIONAL_B_SPLINE_CURVE ( ( 1.000000000000000000, 0.3333333333333333703, 0.3333333333333333703, 1.000000000000000000 ) ) 
 REPRESENTATION_ITEM ( '' )  );
#2992 = DIRECTION ( 'NONE',  ( 1.387778780781444196E-16, -3.330669073875468142E-16, 1.000000000000000000 ) ) ;
#2993 = DIRECTION ( 'NONE',  ( 1.000000000000000000, 0.000000000000000000, 0.000000000000000000 ) ) ;
#2994 = LINE ( 'NONE', #4241, #4998 ) ;
#2995 = SURFACE_STYLE_FILL_AREA ( #5189 ) ;
#2996 = DIRECTION ( 'NONE',  ( 0.000000000000000000, 1.000000000000000000, 0.000000000000000000 ) ) ;
#2997 = FILL_AREA_STYLE ('',( #5649 ) ) ;
#2998 = ADVANCED_FACE ( 'NONE', ( #805 ), #2573, .T. ) ;
#2999 = SURFACE_SIDE_STYLE ('',( #2639 ) ) ;
#3000 = SURFACE_STYLE_USAGE ( .BOTH. , #2044 ) ;
#3001 = VERTEX_POINT ( 'NONE', #3713 ) ;
#3002 = PRESENTATION_STYLE_ASSIGNMENT (( #3491 ) ) ;
#3003 =( LENGTH_UNIT ( ) NAMED_UNIT ( * ) SI_UNIT ( .MILLI., .METRE. ) );
#3004 = CARTESIAN_POINT ( 'NONE',  ( -0.2584762650792261085, -0.3516987777013035887, -2.862221659613599201 ) ) ;
#3005 = ORIENTED_EDGE ( 'NONE', *, *, #1567, .F. ) ;
#3006 = CARTESIAN_POINT ( 'NONE',  ( 12.50000000000001599, -1.451698777701299514, -9.500000000000001776 ) ) ;
#3007 = UNCERTAINTY_MEASURE_WITH_UNIT (LENGTH_MEASURE( 1.000000000000000082E-05 ), #4440, 'distance_accuracy_value', 'NONE');
#3008 = ADVANCED_FACE ( 'NONE', ( #2433 ), #162, .T. ) ;
#3009 =( GEOMETRIC_REPRESENTATION_CONTEXT ( 3 ) GLOBAL_UNCERTAINTY_ASSIGNED_CONTEXT ( ( #814 ) ) GLOBAL_UNIT_ASSIGNED_CONTEXT ( ( #4398, #935, #4455 ) ) REPRESENTATION_CONTEXT ( 'NONE', 'WORKASPACE' ) );
#3010 = ORIENTED_EDGE ( 'NONE', *, *, #5267, .F. ) ;
#3011 = FACE_OUTER_BOUND ( 'NONE', #1049, .T. ) ;
#3012 = STYLED_ITEM ( 'NONE', ( #622 ), #1970 ) ;
#3013 = VERTEX_POINT ( 'NONE', #1081 ) ;
#3014 = EDGE_LOOP ( 'NONE', ( #5607, #2953, #1823, #3061 ) ) ;
#3015 = UNCERTAINTY_MEASURE_WITH_UNIT (LENGTH_MEASURE( 1.000000000000000082E-05 ), #4213, 'distance_accuracy_value', 'NONE');
#3016 = VERTEX_POINT ( 'NONE', #1902 ) ;
#3017 = CARTESIAN_POINT ( 'NONE',  ( -2.408476265079226408, -0.3516987777013036442, -2.466379327861898840 ) ) ;
#3018 =( NAMED_UNIT ( * ) SI_UNIT ( $, .STERADIAN. ) SOLID_ANGLE_UNIT ( ) );
#3019 = CIRCLE ( 'NONE', #4772, 1.050000000000000488 ) ;
#3020 = ORIENTED_EDGE ( 'NONE', *, *, #3734, .T. ) ;
#3021 = EDGE_CURVE ( 'NONE', #2816, #418, #1499, .T. ) ;
#3022 = DIRECTION ( 'NONE',  ( 1.000000000000000000, 0.000000000000000000, 0.000000000000000000 ) ) ;
#3023 = CARTESIAN_POINT ( 'NONE',  ( 1.181523734920773672, -0.3516987777013036998, 2.555884316397764700 ) ) ;
#3024 = CARTESIAN_POINT ( 'NONE',  ( -8.700000000000001066, -0.3516987777013059202, 9.900000000000005684 ) ) ;
#3025 =( NAMED_UNIT ( * ) SI_UNIT ( $, .STERADIAN. ) SOLID_ANGLE_UNIT ( ) );
#3026 =( LENGTH_UNIT ( ) NAMED_UNIT ( * ) SI_UNIT ( .MILLI., .METRE. ) );
#3027 =( LENGTH_UNIT ( ) NAMED_UNIT ( * ) SI_UNIT ( .MILLI., .METRE. ) );
#3028 = SURFACE_STYLE_FILL_AREA ( #2997 ) ;
#3029 = CARTESIAN_POINT ( 'NONE',  ( -1.918476265079225973, -0.3516987777013035887, 2.629463003889801698 ) ) ;
#3030 =( NAMED_UNIT ( * ) PLANE_ANGLE_UNIT ( ) SI_UNIT ( $, .RADIAN. ) );
#3031 = DIRECTION ( 'NONE',  ( 0.000000000000000000, -1.000000000000000000, 0.000000000000000000 ) ) ;
#3032 = ORIENTED_EDGE ( 'NONE', *, *, #559, .T. ) ;
#3033 = CARTESIAN_POINT ( 'NONE',  ( 2.023382163624985353, 4.398301222298695023, -1.091379327861893955 ) ) ;
#3034 = MECHANICAL_DESIGN_GEOMETRIC_PRESENTATION_REPRESENTATION (  '', ( #1643 ), #3493 ) ;
#3035 = EDGE_CURVE ( 'NONE', #1238, #1936, #1989, .T. ) ;
#3036 = EDGE_LOOP ( 'NONE', ( #3296, #466 ) ) ;
#3037 =( NAMED_UNIT ( * ) SI_UNIT ( $, .STERADIAN. ) SOLID_ANGLE_UNIT ( ) );
#3038 = PRESENTATION_LAYER_ASSIGNMENT (  '', '', ( #5518 ) ) ;
#3039 = DIRECTION ( 'NONE',  ( -0.000000000000000000, -0.000000000000000000, -1.000000000000000000 ) ) ;
#3040 = CARTESIAN_POINT ( 'NONE',  ( -7.479999999999999538, -0.3516987777013056982, 9.100000000000006750 ) ) ;
#3041 = STYLED_ITEM ( 'NONE', ( #4570 ), #3105 ) ;
#3042 = ORIENTED_EDGE ( 'NONE', *, *, #3575, .F. ) ;
#3043 = DIRECTION ( 'NONE',  ( 0.000000000000000000, -1.000000000000000000, -3.330669073875468635E-16 ) ) ;
#3044 = EDGE_CURVE ( 'NONE', #3016, #241, #3796, .T. ) ;
#3045 = EDGE_LOOP ( 'NONE', ( #2607, #1962 ) ) ;
#3046 = ORIENTED_EDGE ( 'NONE', *, *, #4816, .F. ) ;
#3047 = EDGE_CURVE ( 'NONE', #1393, #2151, #720, .T. ) ;
#3048 = ORIENTED_EDGE ( 'NONE', *, *, #27, .T. ) ;
#3049 = DIRECTION ( 'NONE',  ( -0.000000000000000000, -1.000000000000000000, -1.110223024625156540E-16 ) ) ;
#3050 = EDGE_CURVE ( 'NONE', #1553, #2749, #5514, .T. ) ;
#3051 = FACE_OUTER_BOUND ( 'NONE', #3503, .T. ) ;
#3052 = PRESENTATION_LAYER_ASSIGNMENT (  '', '', ( #1388 ) ) ;
#3053 = AXIS2_PLACEMENT_3D ( 'NONE', #35, #4838, #830 ) ;
#3054 = CARTESIAN_POINT ( 'NONE',  ( -10.50000000000000000, -1.451698777701302623, 3.328303898240675067E-15 ) ) ;
#3055 = AXIS2_PLACEMENT_3D ( 'NONE', #4835, #914, #62 ) ;
#3056 = LINE ( 'NONE', #4520, #4974 ) ;
#3057 = CARTESIAN_POINT ( 'NONE',  ( -2.768476265079227616, -0.05982500843752683317, 6.426647767964803748 ) ) ;
#3058 = CARTESIAN_POINT ( 'NONE',  ( 1.031523734920773983, 4.398301222298695023, 0.05862067213810127214 ) ) ;
#3059 =( NAMED_UNIT ( * ) PLANE_ANGLE_UNIT ( ) SI_UNIT ( $, .RADIAN. ) );
#3060 = CARTESIAN_POINT ( 'NONE',  ( 0.3515237349207738782, -0.3516987777013036442, -2.862221659613599201 ) ) ;
#3061 = ORIENTED_EDGE ( 'NONE', *, *, #2131, .T. ) ;
#3062 = DIRECTION ( 'NONE',  ( -1.000000000000000000, -4.336808689942025625E-15, 5.190112218587505536E-16 ) ) ;
#3063 = PRESENTATION_STYLE_ASSIGNMENT (( #407 ) ) ;
#3064 = DIRECTION ( 'NONE',  ( -1.000000000000000000, -0.000000000000000000, 1.668003342285391551E-16 ) ) ;
#3065 = AXIS2_PLACEMENT_3D ( 'NONE', #231, #3696, #3313 ) ;
#3066 = ORIENTED_EDGE ( 'NONE', *, *, #2014, .F. ) ;
#3067 = CARTESIAN_POINT ( 'NONE',  ( 2.461523734920773698, -0.3516987777013035887, 2.629463003889801698 ) ) ;
#3068 = UNCERTAINTY_MEASURE_WITH_UNIT (LENGTH_MEASURE( 1.000000000000000082E-05 ), #5359, 'distance_accuracy_value', 'NONE');
#3069 = DIRECTION ( 'NONE',  ( 0.000000000000000000, 0.000000000000000000, 1.000000000000000000 ) ) ;
#3070 = ORIENTED_EDGE ( 'NONE', *, *, #2701, .T. ) ;
#3071 =( NAMED_UNIT ( * ) SI_UNIT ( $, .STERADIAN. ) SOLID_ANGLE_UNIT ( ) );
#3072 = ORIENTED_EDGE ( 'NONE', *, *, #5676, .T. ) ;
#3073 = ORIENTED_EDGE ( 'NONE', *, *, #825, .T. ) ;
#3074 = VECTOR ( 'NONE', #843, 1000.000000000000000 ) ;
#3075 = CARTESIAN_POINT ( 'NONE',  ( -0.2584762650792261085, -0.3516987777013035887, 2.629463003889801698 ) ) ;
#3076 = EDGE_CURVE ( 'NONE', #1936, #3562, #2896, .T. ) ;
#3077 = EDGE_LOOP ( 'NONE', ( #5145, #5268 ) ) ;
#3078 = FACE_BOUND ( 'NONE', #1087, .T. ) ;
#3079 = CARTESIAN_POINT ( 'NONE',  ( -0.6384762650792261685, -0.3516987777013035887, -2.862221659613599201 ) ) ;
#3080 = DIRECTION ( 'NONE',  ( -0.000000000000000000, 1.000000000000000000, -0.000000000000000000 ) ) ;
#3081 = VECTOR ( 'NONE', #4552, 1000.000000000000000 ) ;
#3082 = EDGE_CURVE ( 'NONE', #1790, #723, #1965, .T. ) ;
#3083 = LINE ( 'NONE', #504, #3514 ) ;
#3084 = DIRECTION ( 'NONE',  ( 0.000000000000000000, 3.097720492815725686E-16, -1.000000000000000000 ) ) ;
#3085 = LINE ( 'NONE', #892, #3632 ) ;
#3086 = FILL_AREA_STYLE_COLOUR ( '', #3755 ) ;
#3087 = SURFACE_STYLE_FILL_AREA ( #897 ) ;
#3088 = ORIENTED_EDGE ( 'NONE', *, *, #1826, .T. ) ;
#3089 = PLANE ( 'NONE',  #3627 ) ;
#3090 = CARTESIAN_POINT ( 'NONE',  ( 1.821523734920773796, -0.3516987777013036998, 2.555884316397765144 ) ) ;
#3091 = ORIENTED_EDGE ( 'NONE', *, *, #237, .T. ) ;
#3092 = CARTESIAN_POINT ( 'NONE',  ( 3.381523734920774071, -0.3516987777013036442, 0.8017164319438419007 ) ) ;
#3093 = CARTESIAN_POINT ( 'NONE',  ( 1.441523734920773903, -0.3516987777013035887, 2.629463003889801698 ) ) ;
#3094 = VERTEX_POINT ( 'NONE', #4597 ) ;
#3095 = ORIENTED_EDGE ( 'NONE', *, *, #2708, .F. ) ;
#3096 = ORIENTED_EDGE ( 'NONE', *, *, #4033, .F. ) ;
#3097 = SURFACE_SIDE_STYLE ('',( #994 ) ) ;
#3098 = LINE ( 'NONE', #2063, #2628 ) ;
#3099 = COLOUR_RGB ( '',0.7529411764705882248, 0.7529411764705882248, 0.7529411764705882248 ) ;
#3100 = ORIENTED_EDGE ( 'NONE', *, *, #2800, .F. ) ;
#3101 = FACE_BOUND ( 'NONE', #370, .T. ) ;
#3102 = VECTOR ( 'NONE', #3556, 1000.000000000000000 ) ;
#3103 = CARTESIAN_POINT ( 'NONE',  ( 0.03152373492077385764, 4.398301222298695023, 0.05862067213810127214 ) ) ;
#3104 = DIRECTION ( 'NONE',  ( 1.000000000000000000, 0.000000000000000000, 0.000000000000000000 ) ) ;
#3105 = ADVANCED_FACE ( 'NONE', ( #4225 ), #449, .F. ) ;
#3106 = MECHANICAL_DESIGN_GEOMETRIC_PRESENTATION_REPRESENTATION (  '', ( #1353 ), #3851 ) ;
#3107 = COLOUR_RGB ( '',0.000000000000000000, 0.6235294117647058876, 0.06666666666666666574 ) ;
#3108 = SURFACE_SIDE_STYLE ('',( #4443 ) ) ;
#3109 = CARTESIAN_POINT ( 'NONE',  ( 1.121523734920773840, -0.3516987777013035887, 2.629463003889801698 ) ) ;
#3110 = CARTESIAN_POINT ( 'NONE',  ( 0.03152373492077419764, 3.598301222298696089, -2.691379327861899373 ) ) ;
#3111 = CYLINDRICAL_SURFACE ( 'NONE', #3165, 1.050000000000000488 ) ;
#3112 = EDGE_CURVE ( 'NONE', #1871, #1898, #3882, .T. ) ;
#3113 = CARTESIAN_POINT ( 'NONE',  ( 1.021523734920773752, -0.3516987777013035887, -2.862221659613599201 ) ) ;
#3114 = VECTOR ( 'NONE', #4450, 1000.000000000000000 ) ;
#3115 = EDGE_CURVE ( 'NONE', #1936, #135, #412, .T. ) ;
#3116 = SURFACE_STYLE_USAGE ( .BOTH. , #10 ) ;
#3117 = ORIENTED_EDGE ( 'NONE', *, *, #4908, .F. ) ;
#3118 =( LENGTH_UNIT ( ) NAMED_UNIT ( * ) SI_UNIT ( .MILLI., .METRE. ) );
#3119 = EDGE_CURVE ( 'NONE', #4501, #50, #1732, .T. ) ;
#3120 = VERTEX_POINT ( 'NONE', #5258 ) ;
#3121 = DIRECTION ( 'NONE',  ( 0.000000000000000000, 1.000000000000000000, 1.110223024625156540E-16 ) ) ;
#3122 = UNCERTAINTY_MEASURE_WITH_UNIT (LENGTH_MEASURE( 1.000000000000000082E-05 ), #1428, 'distance_accuracy_value', 'NONE');
#3123 =( BOUNDED_CURVE ( )  B_SPLINE_CURVE ( 3, ( #2845, #4598, #1966, #1161 ),
 .UNSPECIFIED., .F., .T. ) 
 B_SPLINE_CURVE_WITH_KNOTS ( ( 4, 4 ),
 ( 1.570796326794896558, 4.712388980384689674 ),
 .UNSPECIFIED. ) 
 CURVE ( )  GEOMETRIC_REPRESENTATION_ITEM ( )  RATIONAL_B_SPLINE_CURVE ( ( 1.000000000000000000, 0.3333333333333333703, 0.3333333333333333703, 1.000000000000000000 ) ) 
 REPRESENTATION_ITEM ( '' )  );
#3124 = SURFACE_STYLE_USAGE ( .BOTH. , #3586 ) ;
#3125 = DIRECTION ( 'NONE',  ( -0.000000000000000000, 1.000000000000000000, -0.000000000000000000 ) ) ;
#3126 = VERTEX_POINT ( 'NONE', #754 ) ;
#3127 = SURFACE_STYLE_USAGE ( .BOTH. , #1735 ) ;
#3128 =( GEOMETRIC_REPRESENTATION_CONTEXT ( 3 ) GLOBAL_UNCERTAINTY_ASSIGNED_CONTEXT ( ( #762 ) ) GLOBAL_UNIT_ASSIGNED_CONTEXT ( ( #1008, #5410, #4020 ) ) REPRESENTATION_CONTEXT ( 'NONE', 'WORKASPACE' ) );
#3129 = VERTEX_POINT ( 'NONE', #847 ) ;
#3130 = EDGE_CURVE ( 'NONE', #4004, #2786, #1778, .T. ) ;
#3131 = ORIENTED_EDGE ( 'NONE', *, *, #5295, .T. ) ;
#3132 = VECTOR ( 'NONE', #2399, 1000.000000000000000 ) ;
#3133 = DIRECTION ( 'NONE',  ( 0.000000000000000000, 1.000000000000000000, 1.110223024625156540E-16 ) ) ;
#3134 = ORIENTED_EDGE ( 'NONE', *, *, #3623, .F. ) ;
#3135 = FACE_BOUND ( 'NONE', #3622, .T. ) ;
#3136 = DIRECTION ( 'NONE',  ( 0.000000000000000000, 1.172110456741086321E-16, -1.000000000000000000 ) ) ;
#3137 = VECTOR ( 'NONE', #1600, 1000.000000000000000 ) ;
#3138 = CARTESIAN_POINT ( 'NONE',  ( 2.301523734920773556, -0.3516987777013035887, -2.862221659613599201 ) ) ;
#3139 = SURFACE_STYLE_USAGE ( .BOTH. , #833 ) ;
#3140 = FILL_AREA_STYLE ('',( #3086 ) ) ;
#3141 = EDGE_CURVE ( 'NONE', #1308, #3866, #4338, .T. ) ;
#3142 = CIRCLE ( 'NONE', #2029, 1.050000000000000488 ) ;
#3143 = CARTESIAN_POINT ( 'NONE',  ( 1.363478986950356076, -0.3516987777013036442, -3.591379327861898396 ) ) ;
#3144 =( BOUNDED_CURVE ( )  B_SPLINE_CURVE ( 3, ( #3224, #4896, #4041, #144 ),
 .UNSPECIFIED., .F., .T. ) 
 B_SPLINE_CURVE_WITH_KNOTS ( ( 4, 4 ),
 ( 1.570796326794896558, 4.712388980384689674 ),
 .UNSPECIFIED. ) 
 CURVE ( )  GEOMETRIC_REPRESENTATION_ITEM ( )  RATIONAL_B_SPLINE_CURVE ( ( 1.000000000000000000, 0.3333333333333333703, 0.3333333333333333703, 1.000000000000000000 ) ) 
 REPRESENTATION_ITEM ( '' )  );
#3145 = CARTESIAN_POINT ( 'NONE',  ( -1.758476265079226053, -0.3516987777013035887, 2.629463003889801698 ) ) ;
#3146 = SURFACE_STYLE_USAGE ( .BOTH. , #3728 ) ;
#3147 = CARTESIAN_POINT ( 'NONE',  ( -3.468476265079226017, -0.9033975554026076882, 12.16031652251692918 ) ) ;
#3148 = DIRECTION ( 'NONE',  ( 0.000000000000000000, 1.000000000000000000, 0.000000000000000000 ) ) ;
#3149 = ORIENTED_EDGE ( 'NONE', *, *, #5492, .T. ) ;
#3150 = VECTOR ( 'NONE', #2713, 1000.000000000000000 ) ;
#3151 = FILL_AREA_STYLE ('',( #47 ) ) ;
#3152 = DIRECTION ( 'NONE',  ( 0.000000000000000000, 0.000000000000000000, 1.000000000000000000 ) ) ;
#3153 = EDGE_CURVE ( 'NONE', #898, #5450, #4283, .T. ) ;
#3154 = VERTEX_POINT ( 'NONE', #5201 ) ;
#3155 = VECTOR ( 'NONE', #2694, 1000.000000000000000 ) ;
#3156 = ORIENTED_EDGE ( 'NONE', *, *, #4637, .T. ) ;
#3157 = ORIENTED_EDGE ( 'NONE', *, *, #4339, .T. ) ;
#3158 = DIRECTION ( 'NONE',  ( -1.000000000000000000, -1.936075308009829170E-16, -0.000000000000000000 ) ) ;
#3159 = PRESENTATION_LAYER_ASSIGNMENT (  '', '', ( #3359 ) ) ;
#3160 = CARTESIAN_POINT ( 'NONE',  ( 2.141523734920773858, -0.3516987777013036998, 2.555884316397765144 ) ) ;
#3161 = VERTEX_POINT ( 'NONE', #298 ) ;
#3162 = CARTESIAN_POINT ( 'NONE',  ( 4.031523734920750002, -0.3516987777013036442, -3.941379327861930459 ) ) ;
#3163 = LINE ( 'NONE', #4919, #905 ) ;
#3164 = CONICAL_SURFACE ( 'NONE', #663, 2.799999999999999822, 0.7853981633974509435 ) ;
#3165 = AXIS2_PLACEMENT_3D ( 'NONE', #1035, #1910, #4925 ) ;
#3166 = LINE ( 'NONE', #978, #846 ) ;
#3167 = MECHANICAL_DESIGN_GEOMETRIC_PRESENTATION_REPRESENTATION (  '', ( #2826 ), #1690 ) ;
#3168 = STYLED_ITEM ( 'NONE', ( #4806 ), #3600 ) ;
#3169 = COLOUR_RGB ( '',1.000000000000000000, 0.000000000000000000, 0.000000000000000000 ) ;
#3170 = DIRECTION ( 'NONE',  ( -0.000000000000000000, -1.000000000000000000, -0.000000000000000000 ) ) ;
#3171 = CARTESIAN_POINT ( 'NONE',  ( -1.947894313427920299, -0.3516987777013036442, 3.508620672138101693 ) ) ;
#3172 = PRESENTATION_LAYER_ASSIGNMENT (  '', '', ( #2722 ) ) ;
#3173 = CARTESIAN_POINT ( 'NONE',  ( 0.3515237349207738782, -0.3516987777013036442, -2.862221659613599201 ) ) ;
#3174 = SURFACE_SIDE_STYLE ('',( #4582 ) ) ;
#3175 = DIRECTION ( 'NONE',  ( -1.000000000000000000, 4.166675360453154363E-32, -1.251002506714043786E-16 ) ) ;
#3176 = LINE ( 'NONE', #3730, #3348 ) ;
#3177 = ORIENTED_EDGE ( 'NONE', *, *, #2353, .F. ) ;
#3178 = EDGE_CURVE ( 'NONE', #3676, #3375, #2049, .T. ) ;
#3179 = CARTESIAN_POINT ( 'NONE',  ( 2.301523734920773556, -0.3516987777013035887, 2.629463003889801698 ) ) ;
#3180 = CARTESIAN_POINT ( 'NONE',  ( 2.461523734920773698, -0.3516987777013036998, -2.788642972121563091 ) ) ;
#3181 =( BOUNDED_CURVE ( )  B_SPLINE_CURVE ( 3, ( #4456, #1865, #1016, #1816 ),
 .UNSPECIFIED., .F., .T. ) 
 B_SPLINE_CURVE_WITH_KNOTS ( ( 4, 4 ),
 ( 1.570796326794896558, 4.712388980384689674 ),
 .UNSPECIFIED. ) 
 CURVE ( )  GEOMETRIC_REPRESENTATION_ITEM ( )  RATIONAL_B_SPLINE_CURVE ( ( 1.000000000000000000, 0.3333333333333333703, 0.3333333333333333703, 1.000000000000000000 ) ) 
 REPRESENTATION_ITEM ( '' )  );
#3182 = EDGE_LOOP ( 'NONE', ( #5634, #3745, #4749, #3558 ) ) ;
#3183 = FILL_AREA_STYLE ('',( #4139 ) ) ;
#3184 = ORIENTED_EDGE ( 'NONE', *, *, #4078, .F. ) ;
#3185 = VERTEX_POINT ( 'NONE', #379 ) ;
#3186 =( NAMED_UNIT ( * ) SI_UNIT ( $, .STERADIAN. ) SOLID_ANGLE_UNIT ( ) );
#3187 = ADVANCED_FACE ( 'NONE', ( #4743 ), #5227, .T. ) ;
#3188 =( NAMED_UNIT ( * ) PLANE_ANGLE_UNIT ( ) SI_UNIT ( $, .RADIAN. ) );
#3189 = ORIENTED_EDGE ( 'NONE', *, *, #2523, .T. ) ;
#3190 = FACE_BOUND ( 'NONE', #3811, .T. ) ;
#3191 = ADVANCED_FACE ( 'NONE', ( #1221 ), #4437, .T. ) ;
#3192 = CARTESIAN_POINT ( 'NONE',  ( 0.3515237349207738782, -0.3516987777013036442, 2.629463003889801698 ) ) ;
#3193 =( LENGTH_UNIT ( ) NAMED_UNIT ( * ) SI_UNIT ( .MILLI., .METRE. ) );
#3194 =( GEOMETRIC_REPRESENTATION_CONTEXT ( 3 ) GLOBAL_UNCERTAINTY_ASSIGNED_CONTEXT ( ( #4850 ) ) GLOBAL_UNIT_ASSIGNED_CONTEXT ( ( #2133, #3931, #4762 ) ) REPRESENTATION_CONTEXT ( 'NONE', 'WORKASPACE' ) );
#3195 = CARTESIAN_POINT ( 'NONE',  ( 1.981523734920773716, -0.3516987777013035887, -2.862221659613599201 ) ) ;
#3196 = CARTESIAN_POINT ( 'NONE',  ( 0.8615237349207738315, -0.3516987777013035887, 2.629463003889801698 ) ) ;
#3197 = VECTOR ( 'NONE', #2944, 1000.000000000000000 ) ;
#3198 = CARTESIAN_POINT ( 'NONE',  ( 10.40000000000000036, -1.451698777701299514, -9.500000000000001776 ) ) ;
#3199 = CARTESIAN_POINT ( 'NONE',  ( 10.40000000000000036, -3.851698777701299647, -9.720000000000002416 ) ) ;
#3200 = DIRECTION ( 'NONE',  ( 0.000000000000000000, 3.330669073875468635E-16, -1.000000000000000000 ) ) ;
#3201 = CARTESIAN_POINT ( 'NONE',  ( 0.3515237349207738782, -0.3516987777013036442, -2.862221659613599201 ) ) ;
#3202 = CARTESIAN_POINT ( 'NONE',  ( 0.03152373492077385764, 4.398301222298695023, -2.691379327861899373 ) ) ;
#3203 = ORIENTED_EDGE ( 'NONE', *, *, #2581, .T. ) ;
#3204 = SURFACE_STYLE_FILL_AREA ( #1014 ) ;
#3205 = SURFACE_SIDE_STYLE ('',( #4533 ) ) ;
#3206 = CARTESIAN_POINT ( 'NONE',  ( -3.968476265079257548, -0.3516987777013036442, 4.058620672138077090 ) ) ;
#3207 = EDGE_CURVE ( 'NONE', #1960, #3016, #767, .T. ) ;
#3208 = EDGE_LOOP ( 'NONE', ( #4059, #2662, #349 ) ) ;
#3209 = CARTESIAN_POINT ( 'NONE',  ( 0.1615237349207739592, -0.3516987777013035887, -2.862221659613599201 ) ) ;
#3210 = ORIENTED_EDGE ( 'NONE', *, *, #4312, .T. ) ;
#3211 = ORIENTED_EDGE ( 'NONE', *, *, #3539, .T. ) ;
#3212 = LINE ( 'NONE', #2285, #4394 ) ;
#3213 = FILL_AREA_STYLE ('',( #1875 ) ) ;
#3214 = EDGE_CURVE ( 'NONE', #135, #1546, #5558, .T. ) ;
#3215 = VERTEX_POINT ( 'NONE', #3779 ) ;
#3216 = FACE_OUTER_BOUND ( 'NONE', #2669, .T. ) ;
#3217 = PRESENTATION_LAYER_ASSIGNMENT (  '', '', ( #4604 ) ) ;
#3218 = OPEN_SHELL ( 'NONE', ( #3105, #1970, #746, #290, #3715, #1510, #5506, #1233, #2592, #4323 ) ) ;
#3219 = VECTOR ( 'NONE', #2185, 1000.000000000000000 ) ;
#3220 = CARTESIAN_POINT ( 'NONE',  ( -1.699927705371577558, -0.3516987777013036442, -3.591379327861898396 ) ) ;
#3221 = PRESENTATION_LAYER_ASSIGNMENT (  '', '', ( #1741 ) ) ;
#3222 = EDGE_CURVE ( 'NONE', #1250, #2678, #462, .T. ) ;
#3223 = DIRECTION ( 'NONE',  ( 0.000000000000000000, -4.130293990420967418E-16, 1.000000000000000000 ) ) ;
#3224 = CARTESIAN_POINT ( 'NONE',  ( -1.858476265079225920, -0.3516987777013035887, -2.862221659613599201 ) ) ;
#3225 = SURFACE_SIDE_STYLE ('',( #1452 ) ) ;
#3226 = CARTESIAN_POINT ( 'NONE',  ( -1.538476265079226302, -0.3516987777013035887, -2.862221659613599201 ) ) ;
#3227 = ADVANCED_FACE ( 'NONE', ( #257 ), #284, .T. ) ;
#3228 = DIRECTION ( 'NONE',  ( 1.251002506714043540E-16, 3.330669073875468635E-16, -1.000000000000000000 ) ) ;
#3229 = CARTESIAN_POINT ( 'NONE',  ( 1.821523734920773574, -0.3516987777013035887, -2.862221659613599201 ) ) ;
#3230 = DIRECTION ( 'NONE',  ( -0.000000000000000000, 1.000000000000000000, -0.000000000000000000 ) ) ;
#3231 = DIRECTION ( 'NONE',  ( 0.000000000000000000, -1.000000000000000000, -0.000000000000000000 ) ) ;
#3232 = AXIS2_PLACEMENT_3D ( 'NONE', #1680, #1279, #1251 ) ;
#3233 = ORIENTED_EDGE ( 'NONE', *, *, #2266, .F. ) ;
#3234 = CARTESIAN_POINT ( 'NONE',  ( 3.931523734920749469, -0.5016987777013022232, -3.841379327861930371 ) ) ;
#3235 =( GEOMETRIC_REPRESENTATION_CONTEXT ( 3 ) GLOBAL_UNCERTAINTY_ASSIGNED_CONTEXT ( ( #2492 ) ) GLOBAL_UNIT_ASSIGNED_CONTEXT ( ( #3470, #2951, #5226 ) ) REPRESENTATION_CONTEXT ( 'NONE', 'WORKASPACE' ) );
#3236 = VECTOR ( 'NONE', #3834, 1000.000000000000000 ) ;
#3237 = VERTEX_POINT ( 'NONE', #2065 ) ;
#3238 = FILL_AREA_STYLE_COLOUR ( '', #1624 ) ;
#3239 = DIRECTION ( 'NONE',  ( -1.000000000000000000, -0.000000000000000000, -0.000000000000000000 ) ) ;
#3240 = VERTEX_POINT ( 'NONE', #3837 ) ;
#3241 = CIRCLE ( 'NONE', #744, 3.799999999999999822 ) ;
#3242 = ORIENTED_EDGE ( 'NONE', *, *, #989, .F. ) ;
#3243 = CARTESIAN_POINT ( 'NONE',  ( 1.441523734920773903, -0.3516987777013036998, -2.788642972121563091 ) ) ;
#3244 = CARTESIAN_POINT ( 'NONE',  ( 0.03152373492077385764, 3.198301222298698399, 0.05862067213810127214 ) ) ;
#3245 = CARTESIAN_POINT ( 'NONE',  ( 1.963478986950355942, -0.3516987777013036442, -3.591379327861898396 ) ) ;
#3246 = AXIS2_PLACEMENT_3D ( 'NONE', #3522, #97, #1406 ) ;
#3247 = ORIENTED_EDGE ( 'NONE', *, *, #2739, .F. ) ;
#3248 = FACE_BOUND ( 'NONE', #5134, .T. ) ;
#3249 = CARTESIAN_POINT ( 'NONE',  ( -3.468476265079226017, -0.9033975554026076882, 12.16031652251692918 ) ) ;
#3250 = AXIS2_PLACEMENT_3D ( 'NONE', #1463, #3265, #2912 ) ;
#3251 = SURFACE_SIDE_STYLE ('',( #1478 ) ) ;
#3252 = EDGE_CURVE ( 'NONE', #4191, #1250, #232, .T. ) ;
#3253 = VECTOR ( 'NONE', #2805, 1000.000000000000000 ) ;
#3254 = DIRECTION ( 'NONE',  ( 1.084202172485504434E-16, 0.000000000000000000, 1.000000000000000000 ) ) ;
#3255 = LINE ( 'NONE', #5355, #2490 ) ;
#3256 = CARTESIAN_POINT ( 'NONE',  ( -1.598476265079226133, -0.3516987777013035887, -2.862221659613599201 ) ) ;
#3257 = EDGE_CURVE ( 'NONE', #822, #2920, #5588, .T. ) ;
#3258 = VECTOR ( 'NONE', #126, 1000.000000000000000 ) ;
#3259 = CARTESIAN_POINT ( 'NONE',  ( 2.831523734920775137, -0.05982500843752575070, 6.426647767964803748 ) ) ;
#3260 = LINE ( 'NONE', #4074, #5525 ) ;
#3261 = CARTESIAN_POINT ( 'NONE',  ( 9.400000000000000355, -1.951698777701299514, -9.000000000000000000 ) ) ;
#3262 = CARTESIAN_POINT ( 'NONE',  ( 0.03152373492079315470, 4.398301222298695023, 2.808620672138101515 ) ) ;
#3263 = CARTESIAN_POINT ( 'NONE',  ( 2.141523734920773858, -0.3516987777013035887, -2.862221659613599201 ) ) ;
#3264 = ORIENTED_EDGE ( 'NONE', *, *, #4478, .T. ) ;
#3265 = DIRECTION ( 'NONE',  ( -1.000000000000000000, 0.000000000000000000, 1.084202172485504434E-16 ) ) ;
#3266 = CARTESIAN_POINT ( 'NONE',  ( 2.831523734920773805, -0.4516987777013034555, 4.058620672138077090 ) ) ;
#3267 = DIRECTION ( 'NONE',  ( -1.084202172485504434E-16, 0.000000000000000000, -1.000000000000000000 ) ) ;
#3268 = CIRCLE ( 'NONE', #1416, 3.199999999999999734 ) ;
#3269 = SURFACE_STYLE_USAGE ( .BOTH. , #1153 ) ;
#3270 = DIRECTION ( 'NONE',  ( -1.000000000000000000, 0.000000000000000000, 0.000000000000000000 ) ) ;
#3271 = ORIENTED_EDGE ( 'NONE', *, *, #5009, .T. ) ;
#3272 = CARTESIAN_POINT ( 'NONE',  ( 0.8615237349207738315, -0.3516987777013035887, -2.862221659613599201 ) ) ;
#3273 = VERTEX_POINT ( 'NONE', #3288 ) ;
#3274 =( NAMED_UNIT ( * ) SI_UNIT ( $, .STERADIAN. ) SOLID_ANGLE_UNIT ( ) );
#3275 = VECTOR ( 'NONE', #2231, 1000.000000000000000 ) ;
#3276 = SURFACE_STYLE_USAGE ( .BOTH. , #5459 ) ;
#3277 = CARTESIAN_POINT ( 'NONE',  ( 10.50000000000000000, -0.5516987777013069305, 13.55000000000000782 ) ) ;
#3278 = ORIENTED_EDGE ( 'NONE', *, *, #197, .T. ) ;
#3279 = CARTESIAN_POINT ( 'NONE',  ( 3.931523734920749469, -0.5016987777013022232, -3.841379327861930371 ) ) ;
#3280 =( LENGTH_UNIT ( ) NAMED_UNIT ( * ) SI_UNIT ( .MILLI., .METRE. ) );
#3281 = CARTESIAN_POINT ( 'NONE',  ( 4.031523734920773983, -0.3516987777013036442, 4.058620672138101959 ) ) ;
#3282 = ADVANCED_FACE ( 'NONE', ( #5042 ), #650, .F. ) ;
#3283 = DIRECTION ( 'NONE',  ( -0.000000000000000000, -1.000000000000000000, -0.000000000000000000 ) ) ;
#3284 = VECTOR ( 'NONE', #2836, 1000.000000000000000 ) ;
#3285 = CARTESIAN_POINT ( 'NONE',  ( 9.400000000000000355, -1.951698777701299292, -9.720000000000000639 ) ) ;
#3286 = SURFACE_STYLE_USAGE ( .BOTH. , #4611 ) ;
#3287 = EDGE_CURVE ( 'NONE', #5667, #1847, #3508, .T. ) ;
#3288 = CARTESIAN_POINT ( 'NONE',  ( 9.400000000000000355, -1.951698777701299292, -9.600000000000001421 ) ) ;
#3289 = SURFACE_SIDE_STYLE ('',( #5475 ) ) ;
#3290 = CARTESIAN_POINT ( 'NONE',  ( 0.3815237349207737938, -0.3516987777013035887, 2.629463003889801698 ) ) ;
#3291 = ORIENTED_EDGE ( 'NONE', *, *, #5173, .T. ) ;
#3292 = DIRECTION ( 'NONE',  ( 1.000000000000000000, 0.000000000000000000, -0.000000000000000000 ) ) ;
#3293 = SURFACE_STYLE_USAGE ( .BOTH. , #1924 ) ;
#3294 = CARTESIAN_POINT ( 'NONE',  ( 4.031523734920773094, -0.3516987777013036442, -3.941379327861898485 ) ) ;
#3295 = DIRECTION ( 'NONE',  ( 0.000000000000000000, -1.000000000000000000, -1.110223024625156540E-16 ) ) ;
#3296 = ORIENTED_EDGE ( 'NONE', *, *, #2050, .F. ) ;
#3297 =( GEOMETRIC_REPRESENTATION_CONTEXT ( 3 ) GLOBAL_UNCERTAINTY_ASSIGNED_CONTEXT ( ( #5609 ) ) GLOBAL_UNIT_ASSIGNED_CONTEXT ( ( #5535, #1554, #4194 ) ) REPRESENTATION_CONTEXT ( 'NONE', 'WORKASPACE' ) );
#3298 = LINE ( 'NONE', #1929, #1691 ) ;
#3299 = ORIENTED_EDGE ( 'NONE', *, *, #4662, .F. ) ;
#3300 = SURFACE_SIDE_STYLE ('',( #187 ) ) ;
#3301 = DIRECTION ( 'NONE',  ( 0.000000000000000000, 0.000000000000000000, -1.000000000000000000 ) ) ;
#3302 = AXIS2_PLACEMENT_3D ( 'NONE', #3525, #1670, #4766 ) ;
#3303 = ORIENTED_EDGE ( 'NONE', *, *, #5040, .F. ) ;
#3304 = EDGE_CURVE ( 'NONE', #3476, #3536, #2745, .T. ) ;
#3305 = LINE ( 'NONE', #4686, #2204 ) ;
#3306 = ORIENTED_EDGE ( 'NONE', *, *, #2096, .T. ) ;
#3307 = MECHANICAL_DESIGN_GEOMETRIC_PRESENTATION_REPRESENTATION (  '', ( #1541 ), #4319 ) ;
#3308 =( BOUNDED_CURVE ( )  B_SPLINE_CURVE ( 3, ( #4525, #565, #4901, #4497 ),
 .UNSPECIFIED., .F., .T. ) 
 B_SPLINE_CURVE_WITH_KNOTS ( ( 4, 4 ),
 ( 1.570796326794896558, 4.712388980384689674 ),
 .UNSPECIFIED. ) 
 CURVE ( )  GEOMETRIC_REPRESENTATION_ITEM ( )  RATIONAL_B_SPLINE_CURVE ( ( 1.000000000000000000, 0.3333333333333333703, 0.3333333333333333703, 1.000000000000000000 ) ) 
 REPRESENTATION_ITEM ( '' )  );
#3309 = FACE_OUTER_BOUND ( 'NONE', #4631, .T. ) ;
#3310 =( LENGTH_UNIT ( ) NAMED_UNIT ( * ) SI_UNIT ( .MILLI., .METRE. ) );
#3311 = DIRECTION ( 'NONE',  ( -0.000000000000000000, 1.000000000000000000, -0.000000000000000000 ) ) ;
#3312 =( GEOMETRIC_REPRESENTATION_CONTEXT ( 3 ) GLOBAL_UNCERTAINTY_ASSIGNED_CONTEXT ( ( #4742 ) ) GLOBAL_UNIT_ASSIGNED_CONTEXT ( ( #430, #8, #2638 ) ) REPRESENTATION_CONTEXT ( 'NONE', 'WORKASPACE' ) );
#3313 = DIRECTION ( 'NONE',  ( 0.000000000000000000, 0.000000000000000000, 1.000000000000000000 ) ) ;
#3314 = SURFACE_STYLE_USAGE ( .BOTH. , #2883 ) ;
#3315 = CARTESIAN_POINT ( 'NONE',  ( 0.3815237349207737938, -0.3516987777013035887, 2.629463003889801698 ) ) ;
#3316 = CARTESIAN_POINT ( 'NONE',  ( 0.3515237349207738782, -0.3516987777013036442, 2.629463003889801698 ) ) ;
#3317 = ORIENTED_EDGE ( 'NONE', *, *, #1474, .F. ) ;
#3318 =( NAMED_UNIT ( * ) SI_UNIT ( $, .STERADIAN. ) SOLID_ANGLE_UNIT ( ) );
#3319 = LINE ( 'NONE', #208, #5488 ) ;
#3320 = EDGE_CURVE ( 'NONE', #3800, #4690, #823, .T. ) ;
#3321 =( NAMED_UNIT ( * ) SI_UNIT ( $, .STERADIAN. ) SOLID_ANGLE_UNIT ( ) );
#3322 = SURFACE_STYLE_USAGE ( .BOTH. , #601 ) ;
#3323 = ORIENTED_EDGE ( 'NONE', *, *, #3454, .T. ) ;
#3324 =( LENGTH_UNIT ( ) NAMED_UNIT ( * ) SI_UNIT ( .MILLI., .METRE. ) );
#3325 = DIRECTION ( 'NONE',  ( -0.000000000000000000, 1.000000000000000000, -0.000000000000000000 ) ) ;
#3326 = AXIS2_PLACEMENT_3D ( 'NONE', #3444, #1276, #5174 ) ;
#3327 = EDGE_LOOP ( 'NONE', ( #2956, #3422, #760, #3673, #3233, #3247, #2113, #5177, #1765, #2957 ) ) ;
#3328 = PRESENTATION_STYLE_ASSIGNMENT (( #1104 ) ) ;
#3329 = CIRCLE ( 'NONE', #837, 2.003124999999998934 ) ;
#3330 =( LENGTH_UNIT ( ) NAMED_UNIT ( * ) SI_UNIT ( .MILLI., .METRE. ) );
#3331 = EDGE_CURVE ( 'NONE', #3589, #2249, #1835, .T. ) ;
#3332 = DIRECTION ( 'NONE',  ( 0.000000000000000000, 0.000000000000000000, 1.000000000000000000 ) ) ;
#3333 = ORIENTED_EDGE ( 'NONE', *, *, #1344, .T. ) ;
#3334 = PRESENTATION_LAYER_ASSIGNMENT (  '', '', ( #116 ) ) ;
#3335 = LINE ( 'NONE', #2025, #724 ) ;
#3336 =( BOUNDED_CURVE ( )  B_SPLINE_CURVE ( 3, ( #2224, #5288, #904, #3999 ),
 .UNSPECIFIED., .F., .T. ) 
 B_SPLINE_CURVE_WITH_KNOTS ( ( 4, 4 ),
 ( 1.570796326794896558, 4.712388980384689674 ),
 .UNSPECIFIED. ) 
 CURVE ( )  GEOMETRIC_REPRESENTATION_ITEM ( )  RATIONAL_B_SPLINE_CURVE ( ( 1.000000000000000000, 0.3333333333333333703, 0.3333333333333333703, 1.000000000000000000 ) ) 
 REPRESENTATION_ITEM ( '' )  );
#3337 =( NAMED_UNIT ( * ) PLANE_ANGLE_UNIT ( ) SI_UNIT ( $, .RADIAN. ) );
#3338 = ORIENTED_EDGE ( 'NONE', *, *, #2797, .T. ) ;
#3339 = PRESENTATION_LAYER_ASSIGNMENT (  '', '', ( #1943 ) ) ;
#3340 = DIRECTION ( 'NONE',  ( 0.000000000000000000, 4.130293990420967418E-16, -1.000000000000000000 ) ) ;
#3341 = CIRCLE ( 'NONE', #853, 1.050000000000000488 ) ;
#3342 =( BOUNDED_CURVE ( )  B_SPLINE_CURVE ( 3, ( #1750, #4840, #3953, #4 ),
 .UNSPECIFIED., .F., .T. ) 
 B_SPLINE_CURVE_WITH_KNOTS ( ( 4, 4 ),
 ( 1.570796326794896558, 4.712388980384689674 ),
 .UNSPECIFIED. ) 
 CURVE ( )  GEOMETRIC_REPRESENTATION_ITEM ( )  RATIONAL_B_SPLINE_CURVE ( ( 1.000000000000000000, 0.3333333333333333703, 0.3333333333333333703, 1.000000000000000000 ) ) 
 REPRESENTATION_ITEM ( '' )  );
#3343 = CARTESIAN_POINT ( 'NONE',  ( 2.831523734920774249, 0.1961442447639596409, 7.800754617915893974 ) ) ;
#3344 = VECTOR ( 'NONE', #3526, 1000.000000000000000 ) ;
#3345 =( NAMED_UNIT ( * ) PLANE_ANGLE_UNIT ( ) SI_UNIT ( $, .RADIAN. ) );
#3346 = LINE ( 'NONE', #679, #4575 ) ;
#3347 = FILL_AREA_STYLE_COLOUR ( '', #955 ) ;
#3348 = VECTOR ( 'NONE', #1094, 1000.000000000000000 ) ;
#3349 = ORIENTED_EDGE ( 'NONE', *, *, #5301, .T. ) ;
#3350 = PRESENTATION_STYLE_ASSIGNMENT (( #4273 ) ) ;
#3351 = DIRECTION ( 'NONE',  ( 0.000000000000000000, 1.000000000000000000, 0.000000000000000000 ) ) ;
#3352 = CARTESIAN_POINT ( 'NONE',  ( -2.768476265079228060, -0.4292672240158873498, 5.395675838708224425 ) ) ;
#3353 = EDGE_LOOP ( 'NONE', ( #4571, #2641 ) ) ;
#3354 = SURFACE_STYLE_USAGE ( .BOTH. , #1983 ) ;
#3355 = EDGE_CURVE ( 'NONE', #2900, #2920, #3926, .T. ) ;
#3356 = ORIENTED_EDGE ( 'NONE', *, *, #1946, .F. ) ;
#3357 = DIRECTION ( 'NONE',  ( 1.000000000000000000, -0.000000000000000000, -0.000000000000000000 ) ) ;
#3358 = UNCERTAINTY_MEASURE_WITH_UNIT (LENGTH_MEASURE( 1.000000000000000082E-05 ), #5453, 'distance_accuracy_value', 'NONE');
#3359 = STYLED_ITEM ( 'NONE', ( #2624 ), #3643 ) ;
#3360 = AXIS2_PLACEMENT_3D ( 'NONE', #3663, #1539, #2827 ) ;
#3361 = LINE ( 'NONE', #5542, #1146 ) ;
#3362 = ORIENTED_EDGE ( 'NONE', *, *, #697, .F. ) ;
#3363 = DIRECTION ( 'NONE',  ( -2.168404344971007685E-15, -3.330669073875468635E-16, 1.000000000000000000 ) ) ;
#3364 =( GEOMETRIC_REPRESENTATION_CONTEXT ( 3 ) GLOBAL_UNCERTAINTY_ASSIGNED_CONTEXT ( ( #354 ) ) GLOBAL_UNIT_ASSIGNED_CONTEXT ( ( #3501, #2551, #5604 ) ) REPRESENTATION_CONTEXT ( 'NONE', 'WORKASPACE' ) );
#3365 = UNCERTAINTY_MEASURE_WITH_UNIT (LENGTH_MEASURE( 1.000000000000000082E-05 ), #4434, 'distance_accuracy_value', 'NONE');
#3366 = ADVANCED_FACE ( 'NONE', ( #2630 ), #1291, .T. ) ;
#3367 = ORIENTED_EDGE ( 'NONE', *, *, #4316, .F. ) ;
#3368 = EDGE_CURVE ( 'NONE', #3120, #5225, #4944, .T. ) ;
#3369 = CARTESIAN_POINT ( 'NONE',  ( 0.3515237349207738782, -0.3516987777013036442, -2.862221659613599201 ) ) ;
#3370 =( LENGTH_UNIT ( ) NAMED_UNIT ( * ) SI_UNIT ( .MILLI., .METRE. ) );
#3371 = CARTESIAN_POINT ( 'NONE',  ( -3.968476265079257548, 0.2483012222986963058, -3.941379327861930459 ) ) ;
#3372 = FILL_AREA_STYLE_COLOUR ( '', #5067 ) ;
#3373 = EDGE_CURVE ( 'NONE', #5325, #4655, #3056, .T. ) ;
#3374 =( NAMED_UNIT ( * ) SI_UNIT ( $, .STERADIAN. ) SOLID_ANGLE_UNIT ( ) );
#3375 = VERTEX_POINT ( 'NONE', #3196 ) ;
#3376 = DIRECTION ( 'NONE',  ( 0.000000000000000000, 1.000000000000000000, 1.110223024625156540E-16 ) ) ;
#3377 = CARTESIAN_POINT ( 'NONE',  ( -10.50000000000000000, -0.5516987777013069305, 13.55000000000000782 ) ) ;
#3378 = AXIS2_PLACEMENT_3D ( 'NONE', #5280, #1723, #9 ) ;
#3379 = LINE ( 'NONE', #4216, #142 ) ;
#3380 = ORIENTED_EDGE ( 'NONE', *, *, #4572, .F. ) ;
#3381 = DIRECTION ( 'NONE',  ( -1.000000000000000000, -2.407412430484043722E-32, 7.228014483236694583E-17 ) ) ;
#3382 = DIRECTION ( 'NONE',  ( 0.000000000000000000, 3.097720492815725686E-16, -1.000000000000000000 ) ) ;
#3383 = ORIENTED_EDGE ( 'NONE', *, *, #183, .T. ) ;
#3384 = CARTESIAN_POINT ( 'NONE',  ( -2.768476265079226728, 0.09660244459739220080, 7.810316522516929538 ) ) ;
#3385 = SURFACE_SIDE_STYLE ('',( #1614 ) ) ;
#3386 = SURFACE_STYLE_USAGE ( .BOTH. , #4826 ) ;
#3387 = EDGE_CURVE ( 'NONE', #5286, #628, #3255, .T. ) ;
#3388 = ORIENTED_EDGE ( 'NONE', *, *, #4485, .F. ) ;
#3389 = FACE_OUTER_BOUND ( 'NONE', #5512, .T. ) ;
#3390 = ORIENTED_EDGE ( 'NONE', *, *, #2115, .F. ) ;
#3391 = EDGE_LOOP ( 'NONE', ( #4203, #5077 ) ) ;
#3392 = PRESENTATION_LAYER_ASSIGNMENT (  '', '', ( #4315 ) ) ;
#3393 = ADVANCED_FACE ( 'NONE', ( #92 ), #2269, .F. ) ;
#3394 = FILL_AREA_STYLE ('',( #729 ) ) ;
#3395 =( NAMED_UNIT ( * ) SI_UNIT ( $, .STERADIAN. ) SOLID_ANGLE_UNIT ( ) );
#3396 = CARTESIAN_POINT ( 'NONE',  ( -0.05203705891267546707, -0.3516987777013036442, 3.208620672138101870 ) ) ;
#3397 = EDGE_CURVE ( 'NONE', #2258, #5657, #4494, .T. ) ;
#3398 = FILL_AREA_STYLE ('',( #2034 ) ) ;
#3399 = EDGE_CURVE ( 'NONE', #3584, #2673, #3928, .T. ) ;
#3400 =( GEOMETRIC_REPRESENTATION_CONTEXT ( 3 ) GLOBAL_UNCERTAINTY_ASSIGNED_CONTEXT ( ( #824 ) ) GLOBAL_UNIT_ASSIGNED_CONTEXT ( ( #3280, #2408, #640 ) ) REPRESENTATION_CONTEXT ( 'NONE', 'WORKASPACE' ) );
#3401 = CARTESIAN_POINT ( 'NONE',  ( -1.278476265079225849, -0.3516987777013036998, -2.788642972121563091 ) ) ;
#3402 = CARTESIAN_POINT ( 'NONE',  ( 0.03152373492077385764, 2.698301222298696178, 0.05862067213810127214 ) ) ;
#3403 = DIRECTION ( 'NONE',  ( 1.000000000000000000, 0.000000000000000000, 0.000000000000000000 ) ) ;
#3404 = VERTEX_POINT ( 'NONE', #3138 ) ;
#3405 = CARTESIAN_POINT ( 'NONE',  ( 0.3515237349207738782, -0.3516987777013036442, -2.862221659613599201 ) ) ;
#3406 = OPEN_SHELL ( 'NONE', ( #424, #1687, #639, #1203, #4555, #2160, #3684, #1242, #228, #4496, #4691, #4603, #4413, #2998, #590, #4516, #4352, #5396, #2625, #3472, #665, #1804, #1064, #1575, #363, #2935, #4248, #3547 ) ) ;
#3407 = DIRECTION ( 'NONE',  ( 0.000000000000000000, 1.000000000000000000, 1.110223024625156540E-16 ) ) ;
#3408 = AXIS2_PLACEMENT_3D ( 'NONE', #5520, #5546, #1109 ) ;
#3409 = CARTESIAN_POINT ( 'NONE',  ( 3.111523734920774054, -0.3516987777013036442, 2.233620672138102226 ) ) ;
#3410 = VECTOR ( 'NONE', #3758, 1000.000000000000000 ) ;
#3411 =( NAMED_UNIT ( * ) PLANE_ANGLE_UNIT ( ) SI_UNIT ( $, .RADIAN. ) );
#3412 = STYLED_ITEM ( 'NONE', ( #689 ), #228 ) ;
#3413 = VERTEX_POINT ( 'NONE', #2294 ) ;
#3414 = FILL_AREA_STYLE_COLOUR ( '', #4220 ) ;
#3415 = CARTESIAN_POINT ( 'NONE',  ( 0.001523734920773995791, -0.3516987777013035887, 2.629463003889801698 ) ) ;
#3416 = VERTEX_POINT ( 'NONE', #2769 ) ;
#3417 = UNCERTAINTY_MEASURE_WITH_UNIT (LENGTH_MEASURE( 1.000000000000000082E-05 ), #4955, 'distance_accuracy_value', 'NONE');
#3418 = LINE ( 'NONE', #2647, #320 ) ;
#3419 = CIRCLE ( 'NONE', #5613, 0.5000000000000004441 ) ;
#3420 = ORIENTED_EDGE ( 'NONE', *, *, #1172, .T. ) ;
#3421 = LINE ( 'NONE', #4202, #3668 ) ;
#3422 = ORIENTED_EDGE ( 'NONE', *, *, #646, .F. ) ;
#3423 = ORIENTED_EDGE ( 'NONE', *, *, #4239, .F. ) ;
#3424 = UNCERTAINTY_MEASURE_WITH_UNIT (LENGTH_MEASURE( 1.000000000000000082E-05 ), #3324, 'distance_accuracy_value', 'NONE');
#3425 =( GEOMETRIC_REPRESENTATION_CONTEXT ( 3 ) GLOBAL_UNCERTAINTY_ASSIGNED_CONTEXT ( ( #3122 ) ) GLOBAL_UNIT_ASSIGNED_CONTEXT ( ( #1428, #64, #5406 ) ) REPRESENTATION_CONTEXT ( 'NONE', 'WORKASPACE' ) );
#3426 = AXIS2_PLACEMENT_3D ( 'NONE', #103, #514, #1814 ) ;
#3427 = DIRECTION ( 'NONE',  ( 0.000000000000000000, -3.097720492815725686E-16, 1.000000000000000000 ) ) ;
#3428 = DIRECTION ( 'NONE',  ( -1.000000000000000000, 4.166675360453154363E-32, -1.251002506714043786E-16 ) ) ;
#3429 = EDGE_CURVE ( 'NONE', #3906, #5254, #5380, .T. ) ;
#3430 =( GEOMETRIC_REPRESENTATION_CONTEXT ( 3 ) GLOBAL_UNCERTAINTY_ASSIGNED_CONTEXT ( ( #1159 ) ) GLOBAL_UNIT_ASSIGNED_CONTEXT ( ( #3723, #4095, #642 ) ) REPRESENTATION_CONTEXT ( 'NONE', 'WORKASPACE' ) );
#3431 = PRESENTATION_LAYER_ASSIGNMENT (  '', '', ( #207 ) ) ;
#3432 =( LENGTH_UNIT ( ) NAMED_UNIT ( * ) SI_UNIT ( .MILLI., .METRE. ) );
#3433 = PLANE ( 'NONE',  #5552 ) ;
#3434 = CARTESIAN_POINT ( 'NONE',  ( -10.40000000000000036, -3.851698777701299647, -9.500000000000001776 ) ) ;
#3435 = DIRECTION ( 'NONE',  ( 0.8660254037844362651, 0.000000000000000000, -0.5000000000000039968 ) ) ;
#3436 = LINE ( 'NONE', #4736, #77 ) ;
#3437 = CARTESIAN_POINT ( 'NONE',  ( 9.400000000000000355, -3.051698777701299381, -9.500000000000001776 ) ) ;
#3438 = CARTESIAN_POINT ( 'NONE',  ( -10.50000000000000000, -1.451698777701306398, 11.45000000000000639 ) ) ;
#3439 = CARTESIAN_POINT ( 'NONE',  ( 2.301523734920773556, -0.3516987777013035887, 2.629463003889801698 ) ) ;
#3440 = ORIENTED_EDGE ( 'NONE', *, *, #4346, .F. ) ;
#3441 = VECTOR ( 'NONE', #2664, 1000.000000000000000 ) ;
#3442 = CARTESIAN_POINT ( 'NONE',  ( -3.968476265079257548, 0.2483012222986963058, 4.058620672138077090 ) ) ;
#3443 = ORIENTED_EDGE ( 'NONE', *, *, #2766, .T. ) ;
#3444 = CARTESIAN_POINT ( 'NONE',  ( 3.531523734920773983, -0.3516987777013036442, 0.05862067213810127214 ) ) ;
#3445 = SURFACE_SIDE_STYLE ('',( #1678 ) ) ;
#3446 = ORIENTED_EDGE ( 'NONE', *, *, #2797, .F. ) ;
#3447 = PRESENTATION_LAYER_ASSIGNMENT (  '', '', ( #2826 ) ) ;
#3448 = VECTOR ( 'NONE', #2698, 1000.000000000000000 ) ;
#3449 = ORIENTED_EDGE ( 'NONE', *, *, #1344, .F. ) ;
#3450 = ORIENTED_EDGE ( 'NONE', *, *, #4078, .T. ) ;
#3451 = LINE ( 'NONE', #31, #648 ) ;
#3452 = CARTESIAN_POINT ( 'NONE',  ( 9.400000000000000355, -1.951698777701299292, -9.720000000000000639 ) ) ;
#3453 = VERTEX_POINT ( 'NONE', #4978 ) ;
#3454 = EDGE_CURVE ( 'NONE', #2171, #3669, #3144, .T. ) ;
#3455 = DIRECTION ( 'NONE',  ( 0.000000000000000000, -3.097720492815725686E-16, 1.000000000000000000 ) ) ;
#3456 = DIRECTION ( 'NONE',  ( 0.000000000000000000, 1.000000000000000000, 1.110223024625156540E-16 ) ) ;
#3457 = FACE_OUTER_BOUND ( 'NONE', #1582, .T. ) ;
#3458 = ORIENTED_EDGE ( 'NONE', *, *, #5408, .F. ) ;
#3459 = DIRECTION ( 'NONE',  ( 0.000000000000000000, 4.130293990420967418E-16, -1.000000000000000000 ) ) ;
#3460 = DIRECTION ( 'NONE',  ( 0.000000000000000000, -4.130293990420967418E-16, 1.000000000000000000 ) ) ;
#3461 = SURFACE_SIDE_STYLE ('',( #5247 ) ) ;
#3462 = EDGE_CURVE ( 'NONE', #2983, #1194, #5495, .T. ) ;
#3463 = CARTESIAN_POINT ( 'NONE',  ( 3.531523734920773983, 0.09660244459739275591, 8.460316522516931670 ) ) ;
#3464 = LINE ( 'NONE', #265, #4900 ) ;
#3465 = VERTEX_POINT ( 'NONE', #2324 ) ;
#3466 = CARTESIAN_POINT ( 'NONE',  ( -9.400000000000000355, -1.951698777701299292, -9.719999999999998863 ) ) ;
#3467 = DIRECTION ( 'NONE',  ( -1.000000000000000000, -4.622231866529363858E-32, 1.387778780781445182E-16 ) ) ;
#3468 = DIRECTION ( 'NONE',  ( 0.000000000000000000, 0.000000000000000000, 1.000000000000000000 ) ) ;
#3469 = EDGE_LOOP ( 'NONE', ( #780, #1801 ) ) ;
#3470 =( LENGTH_UNIT ( ) NAMED_UNIT ( * ) SI_UNIT ( .MILLI., .METRE. ) );
#3471 = UNCERTAINTY_MEASURE_WITH_UNIT (LENGTH_MEASURE( 1.000000000000000082E-05 ), #3003, 'distance_accuracy_value', 'NONE');
#3472 = ADVANCED_FACE ( 'NONE', ( #2238 ), #587, .F. ) ;
#3473 = MECHANICAL_DESIGN_GEOMETRIC_PRESENTATION_REPRESENTATION (  '', ( #607 ), #3009 ) ;
#3474 = ORIENTED_EDGE ( 'NONE', *, *, #5262, .F. ) ;
#3475 = CARTESIAN_POINT ( 'NONE',  ( 0.03152373492077385764, 4.398301222298695023, 0.05862067213810127214 ) ) ;
#3476 = VERTEX_POINT ( 'NONE', #3573 ) ;
#3477 = ORIENTED_EDGE ( 'NONE', *, *, #4851, .F. ) ;
#3478 = UNCERTAINTY_MEASURE_WITH_UNIT (LENGTH_MEASURE( 1.000000000000000082E-05 ), #1495, 'distance_accuracy_value', 'NONE');
#3479 = ADVANCED_FACE ( 'NONE', ( #2442 ), #5584, .F. ) ;
#3480 = EDGE_LOOP ( 'NONE', ( #1839, #1526, #1647, #5291 ) ) ;
#3481 = FACE_BOUND ( 'NONE', #1619, .T. ) ;
#3482 =( NAMED_UNIT ( * ) PLANE_ANGLE_UNIT ( ) SI_UNIT ( $, .RADIAN. ) );
#3483 = CARTESIAN_POINT ( 'NONE',  ( -1.960334693783438054, 4.398301222298695023, -1.091379327861894177 ) ) ;
#3484 = LINE ( 'NONE', #36, #3545 ) ;
#3485 =( LENGTH_UNIT ( ) NAMED_UNIT ( * ) SI_UNIT ( .MILLI., .METRE. ) );
#3486 = LINE ( 'NONE', #2099, #3527 ) ;
#3487 = LINE ( 'NONE', #3987, #5399 ) ;
#3488 = FACE_OUTER_BOUND ( 'NONE', #352, .T. ) ;
#3489 = CARTESIAN_POINT ( 'NONE',  ( 0.001523734920773995791, -0.3516987777013035887, -2.862221659613599201 ) ) ;
#3490 = ORIENTED_EDGE ( 'NONE', *, *, #1540, .T. ) ;
#3491 = SURFACE_STYLE_USAGE ( .BOTH. , #5336 ) ;
#3492 = DIRECTION ( 'NONE',  ( 1.000000000000000000, 0.000000000000000000, -3.469446951953611033E-15 ) ) ;
#3493 =( GEOMETRIC_REPRESENTATION_CONTEXT ( 3 ) GLOBAL_UNCERTAINTY_ASSIGNED_CONTEXT ( ( #3821 ) ) GLOBAL_UNIT_ASSIGNED_CONTEXT ( ( #1241, #3059, #1266 ) ) REPRESENTATION_CONTEXT ( 'NONE', 'WORKASPACE' ) );
#3494 = LINE ( 'NONE', #930, #3344 ) ;
#3495 = STYLED_ITEM ( 'NONE', ( #2824 ), #590 ) ;
#3496 = VERTEX_POINT ( 'NONE', #1944 ) ;
#3497 = DIRECTION ( 'NONE',  ( -6.994405055138486205E-15, 0.000000000000000000, -1.000000000000000000 ) ) ;
#3498 = EDGE_CURVE ( 'NONE', #1712, #2483, #3724, .T. ) ;
#3499 = MECHANICAL_DESIGN_GEOMETRIC_PRESENTATION_REPRESENTATION (  '', ( #1741 ), #2386 ) ;
#3500 = CARTESIAN_POINT ( 'NONE',  ( -3.868476265079257015, -0.5016987777013022232, -3.841379327861929482 ) ) ;
#3501 =( LENGTH_UNIT ( ) NAMED_UNIT ( * ) SI_UNIT ( .MILLI., .METRE. ) );
#3502 = VECTOR ( 'NONE', #2308, 1000.000000000000000 ) ;
#3503 = EDGE_LOOP ( 'NONE', ( #219, #3005, #4170, #3388 ) ) ;
#3504 = LINE ( 'NONE', #441, #2465 ) ;
#3505 = VERTEX_POINT ( 'NONE', #252 ) ;
#3506 = ORIENTED_EDGE ( 'NONE', *, *, #3462, .T. ) ;
#3507 = EDGE_CURVE ( 'NONE', #135, #393, #675, .T. ) ;
#3508 = CIRCLE ( 'NONE', #5257, 1.050000000000000488 ) ;
#3509 = VERTEX_POINT ( 'NONE', #1623 ) ;
#3510 = DIRECTION ( 'NONE',  ( 0.000000000000000000, -1.000000000000000000, -0.000000000000000000 ) ) ;
#3511 = DIRECTION ( 'NONE',  ( -0.000000000000000000, 1.000000000000000000, -0.000000000000000000 ) ) ;
#3512 = LINE ( 'NONE', #4291, #3702 ) ;
#3513 = STYLED_ITEM ( 'NONE', ( #3850 ), #281 ) ;
#3514 = VECTOR ( 'NONE', #2717, 1000.000000000000000 ) ;
#3515 = FILL_AREA_STYLE ('',( #4040 ) ) ;
#3516 =( GEOMETRIC_REPRESENTATION_CONTEXT ( 3 ) GLOBAL_UNCERTAINTY_ASSIGNED_CONTEXT ( ( #2193 ) ) GLOBAL_UNIT_ASSIGNED_CONTEXT ( ( #1595, #2531, #5151 ) ) REPRESENTATION_CONTEXT ( 'NONE', 'WORKASPACE' ) );
#3517 = DIRECTION ( 'NONE',  ( -0.000000000000000000, -1.000000000000000000, -0.000000000000000000 ) ) ;
#3518 = LINE ( 'NONE', #4782, #5292 ) ;
#3519 = LINE ( 'NONE', #5277, #1043 ) ;
#3520 = CARTESIAN_POINT ( 'NONE',  ( 0.9615237349207739204, -0.3516987777013035887, -2.862221659613599201 ) ) ;
#3521 = AXIS2_PLACEMENT_3D ( 'NONE', #1701, #3031, #347 ) ;
#3522 = CARTESIAN_POINT ( 'NONE',  ( 9.400000000000000355, -3.051698777701299381, -9.000000000000000000 ) ) ;
#3523 = ORIENTED_EDGE ( 'NONE', *, *, #2182, .F. ) ;
#3524 = CARTESIAN_POINT ( 'NONE',  ( 1.341523734920773814, -0.3516987777013036998, -2.788642972121563091 ) ) ;
#3525 = CARTESIAN_POINT ( 'NONE',  ( 0.03152373492077385764, 3.398301222298695912, 0.05862067213810127214 ) ) ;
#3526 = DIRECTION ( 'NONE',  ( -1.000000000000000000, 0.000000000000000000, 0.000000000000000000 ) ) ;
#3527 = VECTOR ( 'NONE', #342, 1000.000000000000114 ) ;
#3528 = ORIENTED_EDGE ( 'NONE', *, *, #2758, .F. ) ;
#3529 = UNCERTAINTY_MEASURE_WITH_UNIT (LENGTH_MEASURE( 1.000000000000000082E-05 ), #810, 'distance_accuracy_value', 'NONE');
#3530 = CARTESIAN_POINT ( 'NONE',  ( 2.621523734920773840, -0.3516987777013035887, -2.862221659613599201 ) ) ;
#3531 = AXIS2_PLACEMENT_3D ( 'NONE', #800, #397, #3986 ) ;
#3532 = EDGE_CURVE ( 'NONE', #5070, #3535, #5124, .T. ) ;
#3533 = ORIENTED_EDGE ( 'NONE', *, *, #1868, .F. ) ;
#3534 = CARTESIAN_POINT ( 'NONE',  ( 2.831523734920772917, 0.03109443852771648364, 7.058387939488190099 ) ) ;
#3535 = VERTEX_POINT ( 'NONE', #3396 ) ;
#3536 = VERTEX_POINT ( 'NONE', #644 ) ;
#3537 = PRODUCT_RELATED_PRODUCT_CATEGORY ( 'part', '', ( #1996 ) ) ;
#3538 = AXIS2_PLACEMENT_3D ( 'NONE', #489, #2246, #2603 ) ;
#3539 = EDGE_CURVE ( 'NONE', #2569, #872, #5260, .T. ) ;
#3540 = ORIENTED_EDGE ( 'NONE', *, *, #4042, .F. ) ;
#3541 = PRESENTATION_LAYER_ASSIGNMENT (  '', '', ( #1864 ) ) ;
#3542 = CARTESIAN_POINT ( 'NONE',  ( 10.50000000000000000, -0.5516987777013067085, 11.45000000000000639 ) ) ;
#3543 = CARTESIAN_POINT ( 'NONE',  ( -1.947894313427920299, -0.3516987777013036442, 3.208620672138101870 ) ) ;
#3544 = FILL_AREA_STYLE_COLOUR ( '', #4636 ) ;
#3545 = VECTOR ( 'NONE', #3403, 1000.000000000000000 ) ;
#3546 = VECTOR ( 'NONE', #5382, 1000.000000000000000 ) ;
#3547 = ADVANCED_FACE ( 'NONE', ( #3751 ), #2502, .T. ) ;
#3548 =( NAMED_UNIT ( * ) SI_UNIT ( $, .STERADIAN. ) SOLID_ANGLE_UNIT ( ) );
#3549 = DIRECTION ( 'NONE',  ( 0.000000000000000000, -1.000000000000000000, -0.000000000000000000 ) ) ;
#3550 = CARTESIAN_POINT ( 'NONE',  ( 0.06152373492077382877, -0.3516987777013035887, -2.862221659613599201 ) ) ;
#3551 = CARTESIAN_POINT ( 'NONE',  ( 2.831523734920774249, -0.3516987777013025340, 4.058620672138077090 ) ) ;
#3552 = DIRECTION ( 'NONE',  ( 1.000000000000000000, 0.000000000000000000, 0.000000000000000000 ) ) ;
#3553 =( BOUNDED_CURVE ( )  B_SPLINE_CURVE ( 3, ( #1671, #1638, #3791, #3415 ),
 .UNSPECIFIED., .F., .T. ) 
 B_SPLINE_CURVE_WITH_KNOTS ( ( 4, 4 ),
 ( 1.570796326794896558, 4.712388980384689674 ),
 .UNSPECIFIED. ) 
 CURVE ( )  GEOMETRIC_REPRESENTATION_ITEM ( )  RATIONAL_B_SPLINE_CURVE ( ( 1.000000000000000000, 0.3333333333333333703, 0.3333333333333333703, 1.000000000000000000 ) ) 
 REPRESENTATION_ITEM ( '' )  );
#3554 = DIRECTION ( 'NONE',  ( 0.000000000000000000, 0.000000000000000000, 1.000000000000000000 ) ) ;
#3555 = VERTEX_POINT ( 'NONE', #4205 ) ;
#3556 = DIRECTION ( 'NONE',  ( 1.000000000000000000, 0.000000000000000000, 0.000000000000000000 ) ) ;
#3557 = CARTESIAN_POINT ( 'NONE',  ( -2.768476265079226284, -0.4516987777013034555, 4.058620672138077090 ) ) ;
#3558 = ORIENTED_EDGE ( 'NONE', *, *, #5332, .T. ) ;
#3559 =( NAMED_UNIT ( * ) PLANE_ANGLE_UNIT ( ) SI_UNIT ( $, .RADIAN. ) );
#3560 = DIRECTION ( 'NONE',  ( 0.000000000000000000, 3.330669073875468635E-16, -1.000000000000000000 ) ) ;
#3561 = CARTESIAN_POINT ( 'NONE',  ( 2.721523734920773485, -0.3516987777013035887, 2.629463003889801698 ) ) ;
#3562 = VERTEX_POINT ( 'NONE', #794 ) ;
#3563 = VERTEX_POINT ( 'NONE', #5300 ) ;
#3564 = ORIENTED_EDGE ( 'NONE', *, *, #1596, .F. ) ;
#3565 = COLOUR_RGB ( '',0.4313725490196078649, 0.4980392156862745168, 0.4313725490196078649 ) ;
#3566 = CARTESIAN_POINT ( 'NONE',  ( 2.023382163624992902, 4.398301222298695023, 1.208620672138082996 ) ) ;
#3567 = ORIENTED_EDGE ( 'NONE', *, *, #3822, .F. ) ;
#3568 = FACE_BOUND ( 'NONE', #2424, .T. ) ;
#3569 =( GEOMETRIC_REPRESENTATION_CONTEXT ( 3 ) GLOBAL_UNCERTAINTY_ASSIGNED_CONTEXT ( ( #5549 ) ) GLOBAL_UNIT_ASSIGNED_CONTEXT ( ( #5223, #809, #4334 ) ) REPRESENTATION_CONTEXT ( 'NONE', 'WORKASPACE' ) );
#3570 = CARTESIAN_POINT ( 'NONE',  ( -10.40000000000000036, -3.851698777701299647, -9.719999999999998863 ) ) ;
#3571 =( NAMED_UNIT ( * ) PLANE_ANGLE_UNIT ( ) SI_UNIT ( $, .RADIAN. ) );
#3572 = EDGE_CURVE ( 'NONE', #1442, #4800, #392, .T. ) ;
#3573 = CARTESIAN_POINT ( 'NONE',  ( 1.181523734920773894, -0.3516987777013035887, 2.629463003889801698 ) ) ;
#3574 = SURFACE_STYLE_FILL_AREA ( #4325 ) ;
#3575 = EDGE_CURVE ( 'NONE', #2575, #1158, #4726, .T. ) ;
#3576 = DIRECTION ( 'NONE',  ( 0.000000000000000000, -1.000000000000000000, 0.000000000000000000 ) ) ;
#3577 = VECTOR ( 'NONE', #2777, 1000.000000000000000 ) ;
#3578 = CARTESIAN_POINT ( 'NONE',  ( 0.9615237349207739204, -0.3516987777013035887, 2.629463003889801698 ) ) ;
#3579 = CARTESIAN_POINT ( 'NONE',  ( -1.758476265079226275, -0.3516987777013036998, 2.555884316397765144 ) ) ;
#3580 = FILL_AREA_STYLE ('',( #5222 ) ) ;
#3581 = CARTESIAN_POINT ( 'NONE',  ( 9.400000000000000355, -3.051698777701299381, -9.000000000000000000 ) ) ;
#3582 = EDGE_CURVE ( 'NONE', #1568, #4964, #3512, .T. ) ;
#3583 = FILL_AREA_STYLE_COLOUR ( '', #1580 ) ;
#3584 = VERTEX_POINT ( 'NONE', #5183 ) ;
#3585 = CARTESIAN_POINT ( 'NONE',  ( 0.3515237349207738782, -0.3516987777013036442, -2.862221659613599201 ) ) ;
#3586 = SURFACE_SIDE_STYLE ('',( #1389 ) ) ;
#3587 = FACE_OUTER_BOUND ( 'NONE', #5337, .T. ) ;
#3588 =( BOUNDED_CURVE ( )  B_SPLINE_CURVE ( 3, ( #3290, #5477, #5044, #1886 ),
 .UNSPECIFIED., .F., .T. ) 
 B_SPLINE_CURVE_WITH_KNOTS ( ( 4, 4 ),
 ( 1.570796326794896558, 4.712388980384689674 ),
 .UNSPECIFIED. ) 
 CURVE ( )  GEOMETRIC_REPRESENTATION_ITEM ( )  RATIONAL_B_SPLINE_CURVE ( ( 1.000000000000000000, 0.3333333333333333703, 0.3333333333333333703, 1.000000000000000000 ) ) 
 REPRESENTATION_ITEM ( '' )  );
#3589 = VERTEX_POINT ( 'NONE', #5674 ) ;
#3590 = CIRCLE ( 'NONE', #4145, 2.750000000000000888 ) ;
#3591 = ORIENTED_EDGE ( 'NONE', *, *, #1404, .F. ) ;
#3592 = ORIENTED_EDGE ( 'NONE', *, *, #895, .T. ) ;
#3593 = DIRECTION ( 'NONE',  ( 0.000000000000000000, -1.000000000000000000, -0.000000000000000000 ) ) ;
#3594 = VECTOR ( 'NONE', #5427, 1000.000000000000000 ) ;
#3595 = CARTESIAN_POINT ( 'NONE',  ( 0.03152373492077385764, 4.398301222298695023, 0.05862067213810127214 ) ) ;
#3596 = ORIENTED_EDGE ( 'NONE', *, *, #2982, .F. ) ;
#3597 = FACE_BOUND ( 'NONE', #2196, .T. ) ;
#3598 = DIRECTION ( 'NONE',  ( -1.000000000000000000, 4.735893305870253476E-31, -1.421904488505580591E-15 ) ) ;
#3599 = CARTESIAN_POINT ( 'NONE',  ( 9.400000000000000355, -3.051698777701299381, -9.000000000000000000 ) ) ;
#3600 = ADVANCED_FACE ( 'NONE', ( #3051 ), #4318, .T. ) ;
#3601 = AXIS2_PLACEMENT_3D ( 'NONE', #4870, #2993, #4322 ) ;
#3602 = CARTESIAN_POINT ( 'NONE',  ( 2.721523734920773485, -0.3516987777013035887, -2.862221659613599201 ) ) ;
#3603 = PRESENTATION_STYLE_ASSIGNMENT (( #4469 ) ) ;
#3604 = VECTOR ( 'NONE', #4129, 1000.000000000000000 ) ;
#3605 =( LENGTH_UNIT ( ) NAMED_UNIT ( * ) SI_UNIT ( .MILLI., .METRE. ) );
#3606 = CYLINDRICAL_SURFACE ( 'NONE', #3988, 2.750000000000000888 ) ;
#3607 = EDGE_CURVE ( 'NONE', #3416, #898, #4350, .T. ) ;
#3608 = PRESENTATION_STYLE_ASSIGNMENT (( #3146 ) ) ;
#3609 = CARTESIAN_POINT ( 'NONE',  ( -2.768476265079228504, -0.3322272475925922008, 5.370631857476597659 ) ) ;
#3610 = DIRECTION ( 'NONE',  ( -0.000000000000000000, -0.7071067811865474617, -0.7071067811865474617 ) ) ;
#3611 = EDGE_LOOP ( 'NONE', ( #2553, #2815 ) ) ;
#3612 = SURFACE_SIDE_STYLE ('',( #4531 ) ) ;
#3613 = STYLED_ITEM ( 'NONE', ( #4725 ), #5429 ) ;
#3614 = DIRECTION ( 'NONE',  ( 1.000000000000000000, 0.000000000000000000, 0.000000000000000000 ) ) ;
#3615 = DIRECTION ( 'NONE',  ( 4.336808689941978293E-15, 0.9954180016656682950, -0.09561904601034064421 ) ) ;
#3616 = VERTEX_POINT ( 'NONE', #2150 ) ;
#3617 = VECTOR ( 'NONE', #98, 1000.000000000000114 ) ;
#3618 = LINE ( 'NONE', #4936, #4309 ) ;
#3619 = VERTEX_POINT ( 'NONE', #3865 ) ;
#3620 = EDGE_LOOP ( 'NONE', ( #2339, #2461, #4935, #4460 ) ) ;
#3621 = COLOUR_RGB ( '',0.9686274509803921573, 1.000000000000000000, 1.000000000000000000 ) ;
#3622 = EDGE_LOOP ( 'NONE', ( #3367, #666 ) ) ;
#3623 = EDGE_CURVE ( 'NONE', #5059, #4142, #1715, .T. ) ;
#3624 = FACE_BOUND ( 'NONE', #5311, .T. ) ;
#3625 = SURFACE_STYLE_FILL_AREA ( #2737 ) ;
#3626 = CARTESIAN_POINT ( 'NONE',  ( -1.438476265079225769, -0.3516987777013036998, 2.555884316397765144 ) ) ;
#3627 = AXIS2_PLACEMENT_3D ( 'NONE', #5658, #1270, #1704 ) ;
#3628 = DIRECTION ( 'NONE',  ( 0.000000000000000000, 1.000000000000000000, 1.110223024625156540E-16 ) ) ;
#3629 = DIRECTION ( 'NONE',  ( 0.000000000000000000, 1.000000000000000000, 0.000000000000000000 ) ) ;
#3630 =( NAMED_UNIT ( * ) SI_UNIT ( $, .STERADIAN. ) SOLID_ANGLE_UNIT ( ) );
#3631 = CONICAL_SURFACE ( 'NONE', #2241, 2.299999999999999822, 0.7853981633974482790 ) ;
#3632 = VECTOR ( 'NONE', #5304, 1000.000000000000000 ) ;
#3633 = COLOUR_RGB ( '',1.000000000000000000, 0.6666666666666666297, 0.1843137254901960898 ) ;
#3634 = CARTESIAN_POINT ( 'NONE',  ( 1.501523734920773512, -0.3516987777013035887, 2.629463003889801698 ) ) ;
#3635 = EDGE_CURVE ( 'NONE', #52, #581, #3923, .T. ) ;
#3636 = VECTOR ( 'NONE', #1082, 1000.000000000000000 ) ;
#3637 = DIRECTION ( 'NONE',  ( -1.000000000000000000, 0.000000000000000000, 0.000000000000000000 ) ) ;
#3638 = CARTESIAN_POINT ( 'NONE',  ( 0.3515237349207738782, -0.3516987777013036442, -2.862221659613599201 ) ) ;
#3639 = CARTESIAN_POINT ( 'NONE',  ( 3.931523734920750357, -0.5016987777013031113, 3.958620672138076557 ) ) ;
#3640 = VERTEX_POINT ( 'NONE', #367 ) ;
#3641 = SURFACE_STYLE_USAGE ( .BOTH. , #3612 ) ;
#3642 = FILL_AREA_STYLE ('',( #5314 ) ) ;
#3643 = ADVANCED_FACE ( 'NONE', ( #5640 ), #3631, .T. ) ;
#3644 = DIRECTION ( 'NONE',  ( 0.000000000000000000, -4.130293990420967418E-16, 1.000000000000000000 ) ) ;
#3645 = SURFACE_STYLE_FILL_AREA ( #4535 ) ;
#3646 = VERTEX_POINT ( 'NONE', #1896 ) ;
#3647 =( NAMED_UNIT ( * ) SI_UNIT ( $, .STERADIAN. ) SOLID_ANGLE_UNIT ( ) );
#3648 = ORIENTED_EDGE ( 'NONE', *, *, #1559, .F. ) ;
#3649 = ORIENTED_EDGE ( 'NONE', *, *, #1275, .F. ) ;
#3650 = EDGE_CURVE ( 'NONE', #1131, #5618, #4113, .T. ) ;
#3651 = LINE ( 'NONE', #4509, #4859 ) ;
#3652 = EDGE_CURVE ( 'NONE', #3555, #883, #3298, .T. ) ;
#3653 = FACE_OUTER_BOUND ( 'NONE', #1145, .T. ) ;
#3654 = ORIENTED_EDGE ( 'NONE', *, *, #2828, .T. ) ;
#3655 = CARTESIAN_POINT ( 'NONE',  ( -12.49999999999999822, -1.451698777701307286, 14.50000000000000711 ) ) ;
#3656 = DIRECTION ( 'NONE',  ( 1.000000000000000000, 0.000000000000000000, 1.314184451497581259E-16 ) ) ;
#3657 = VECTOR ( 'NONE', #137, 1000.000000000000000 ) ;
#3658 = DIRECTION ( 'NONE',  ( 1.000000000000000000, 0.000000000000000000, 0.000000000000000000 ) ) ;
#3659 = EDGE_CURVE ( 'NONE', #376, #2587, #950, .T. ) ;
#3660 = LINE ( 'NONE', #167, #3890 ) ;
#3661 = DIRECTION ( 'NONE',  ( 0.000000000000000000, -3.330669073875468635E-16, 1.000000000000000000 ) ) ;
#3662 = AXIS2_PLACEMENT_3D ( 'NONE', #4136, #1046, #5504 ) ;
#3663 = CARTESIAN_POINT ( 'NONE',  ( 3.331523734920773805, 0.09660244459739220080, 12.31031652251693131 ) ) ;
#3664 = CARTESIAN_POINT ( 'NONE',  ( 0.9615237349207739204, -0.3516987777013036998, 2.555884316397764700 ) ) ;
#3665 = CARTESIAN_POINT ( 'NONE',  ( 0.3515237349207738782, -0.3516987777013036442, 2.629463003889801698 ) ) ;
#3666 = CARTESIAN_POINT ( 'NONE',  ( 0.6415237349207738582, -0.3516987777013036998, -2.788642972121563091 ) ) ;
#3667 = CARTESIAN_POINT ( 'NONE',  ( 1.761523734920773743, -0.3516987777013036998, -2.788642972121563091 ) ) ;
#3668 = VECTOR ( 'NONE', #2055, 1000.000000000000000 ) ;
#3669 = VERTEX_POINT ( 'NONE', #212 ) ;
#3670 = CARTESIAN_POINT ( 'NONE',  ( -0.9584762650792258976, -0.3516987777013035887, -2.862221659613599201 ) ) ;
#3671 = SURFACE_STYLE_FILL_AREA ( #4166 ) ;
#3672 =( NAMED_UNIT ( * ) SI_UNIT ( $, .STERADIAN. ) SOLID_ANGLE_UNIT ( ) );
#3673 = ORIENTED_EDGE ( 'NONE', *, *, #1322, .T. ) ;
#3674 = PRESENTATION_STYLE_ASSIGNMENT (( #1984 ) ) ;
#3675 = EDGE_CURVE ( 'NONE', #303, #1712, #1961, .T. ) ;
#3676 = VERTEX_POINT ( 'NONE', #5456 ) ;
#3677 = ORIENTED_EDGE ( 'NONE', *, *, #5654, .F. ) ;
#3678 = CARTESIAN_POINT ( 'NONE',  ( -3.968476265079257548, 2.698301222298696178, -3.941379327861930459 ) ) ;
#3679 = CARTESIAN_POINT ( 'NONE',  ( -2.408476265079226408, -0.3516987777013036442, -2.466379327861898840 ) ) ;
#3680 = DIRECTION ( 'NONE',  ( 0.000000000000000000, 3.097720492815725686E-16, -1.000000000000000000 ) ) ;
#3681 = VERTEX_POINT ( 'NONE', #182 ) ;
#3682 = FACE_BOUND ( 'NONE', #5061, .T. ) ;
#3683 = CARTESIAN_POINT ( 'NONE',  ( 1.363478986950356076, -0.3516987777013036442, -3.591379327861898396 ) ) ;
#3684 = ADVANCED_FACE ( 'NONE', ( #4195 ), #5328, .T. ) ;
#3685 = AXIS2_PLACEMENT_3D ( 'NONE', #3244, #1677, #3069 ) ;
#3686 = CLOSED_SHELL ( 'NONE', ( #394, #5228, #1747, #4461, #3479, #3600 ) ) ;
#3687 = STYLED_ITEM ( 'NONE', ( #1507 ), #639 ) ;
#3688 = CARTESIAN_POINT ( 'NONE',  ( 0.3215237349207739626, -0.3516987777013036998, -2.788642972121563091 ) ) ;
#3689 = COLOUR_RGB ( '',0.8431372549019607865, 0.8156862745098039102, 0.7529411764705882248 ) ;
#3690 = STYLED_ITEM ( 'NONE', ( #1464 ), #2859 ) ;
#3691 = CARTESIAN_POINT ( 'NONE',  ( 2.413093595327993501, 4.398301222298695023, 1.433620672138079533 ) ) ;
#3692 = CARTESIAN_POINT ( 'NONE',  ( -10.40000000000000036, -3.851698777701299647, -9.719999999999998863 ) ) ;
#3693 = CARTESIAN_POINT ( 'NONE',  ( 2.831523734920773805, -0.2217921330325654528, 5.880009715481062216 ) ) ;
#3694 = AXIS2_PLACEMENT_3D ( 'NONE', #2091, #3863, #3833 ) ;
#3695 = AXIS2_PLACEMENT_3D ( 'NONE', #2937, #3807, #312 ) ;
#3696 = DIRECTION ( 'NONE',  ( 0.000000000000000000, 1.000000000000000000, 0.000000000000000000 ) ) ;
#3697 = LINE ( 'NONE', #3665, #763 ) ;
#3698 = CARTESIAN_POINT ( 'NONE',  ( -2.768476265079227616, -0.05982500843752683317, 6.426647767964803748 ) ) ;
#3699 = CARTESIAN_POINT ( 'NONE',  ( 3.681523734920773894, -0.3516987777013036442, -1.340011777741890953 ) ) ;
#3700 = ORIENTED_EDGE ( 'NONE', *, *, #2158, .F. ) ;
#3701 =( LENGTH_UNIT ( ) NAMED_UNIT ( * ) SI_UNIT ( .MILLI., .METRE. ) );
#3702 = VECTOR ( 'NONE', #3977, 1000.000000000000000 ) ;
#3703 = DIRECTION ( 'NONE',  ( 1.387778780781444196E-16, 0.000000000000000000, 1.000000000000000000 ) ) ;
#3704 = VECTOR ( 'NONE', #766, 1000.000000000000000 ) ;
#3705 = VECTOR ( 'NONE', #3121, 1000.000000000000000 ) ;
#3706 = CARTESIAN_POINT ( 'NONE',  ( 3.831523734920774249, 0.09660244459739220080, 12.31031652251693131 ) ) ;
#3707 = ORIENTED_EDGE ( 'NONE', *, *, #3320, .F. ) ;
#3708 = FACE_OUTER_BOUND ( 'NONE', #243, .T. ) ;
#3709 = CARTESIAN_POINT ( 'NONE',  ( 12.50000000000000178, -1.451698777701307286, 14.50000000000001243 ) ) ;
#3710 = VECTOR ( 'NONE', #4577, 1000.000000000000000 ) ;
#3711 = ORIENTED_EDGE ( 'NONE', *, *, #1972, .F. ) ;
#3712 = CARTESIAN_POINT ( 'NONE',  ( -2.350046125486437099, 4.398301222298695023, -1.316379327861893378 ) ) ;
#3713 = CARTESIAN_POINT ( 'NONE',  ( 1.181523734920773894, -0.3516987777013035887, -2.862221659613599201 ) ) ;
#3714 = DIRECTION ( 'NONE',  ( 1.000000000000000000, 0.000000000000000000, -0.000000000000000000 ) ) ;
#3715 = ADVANCED_FACE ( 'NONE', ( #1496 ), #2814, .F. ) ;
#3716 = STYLED_ITEM ( 'NONE', ( #4391 ), #4770 ) ;
#3717 = EDGE_LOOP ( 'NONE', ( #1018, #578, #2143, #801 ) ) ;
#3718 = FACE_BOUND ( 'NONE', #4395, .T. ) ;
#3719 = SURFACE_STYLE_USAGE ( .BOTH. , #502 ) ;
#3720 = CARTESIAN_POINT ( 'NONE',  ( -1.218476265079226240, -0.3516987777013035887, 2.629463003889801698 ) ) ;
#3721 = EDGE_CURVE ( 'NONE', #635, #5371, #779, .T. ) ;
#3722 = CIRCLE ( 'NONE', #5184, 2.799999999999999822 ) ;
#3723 =( LENGTH_UNIT ( ) NAMED_UNIT ( * ) SI_UNIT ( .MILLI., .METRE. ) );
#3724 = LINE ( 'NONE', #3774, #3236 ) ;
#3725 = EDGE_CURVE ( 'NONE', #927, #3906, #5136, .T. ) ;
#3726 = DIRECTION ( 'NONE',  ( 0.000000000000000000, 1.000000000000000000, 1.110223024625156540E-16 ) ) ;
#3727 = DIRECTION ( 'NONE',  ( 0.8660254037844362651, 0.000000000000000000, -0.5000000000000039968 ) ) ;
#3728 = SURFACE_SIDE_STYLE ('',( #2357 ) ) ;
#3729 = FILL_AREA_STYLE ('',( #1950 ) ) ;
#3730 = CARTESIAN_POINT ( 'NONE',  ( 0.03152373492077432254, 3.598301222298696089, 3.858620672138101337 ) ) ;
#3731 = ORIENTED_EDGE ( 'NONE', *, *, #1721, .F. ) ;
#3732 = PRESENTATION_STYLE_ASSIGNMENT (( #4560 ) ) ;
#3733 = CARTESIAN_POINT ( 'NONE',  ( -10.40000000000000213, -1.451698777701299514, -9.499999999999998224 ) ) ;
#3734 = EDGE_CURVE ( 'NONE', #1252, #2929, #2626, .T. ) ;
#3735 = SURFACE_STYLE_FILL_AREA ( #1579 ) ;
#3736 = VECTOR ( 'NONE', #2177, 1000.000000000000000 ) ;
#3737 =( NAMED_UNIT ( * ) SI_UNIT ( $, .STERADIAN. ) SOLID_ANGLE_UNIT ( ) );
#3738 = VERTEX_POINT ( 'NONE', #4767 ) ;
#3739 = B_SPLINE_CURVE_WITH_KNOTS ( 'NONE', 3,
 ( #4302, #1214, #1185, #3352, #2071, #2102, #5111, #1244, #4332 ),
 .UNSPECIFIED., .F., .F.,
 ( 4, 1, 1, 1, 1, 1, 4 ),
 ( 0.000000000000000000, 0.1400000000000000411, 0.2799999999999997491, 0.4200000000000002620, 0.5599999999978950704, 0.7800000000001622302, 1.000000000000000000 ),
 .UNSPECIFIED. ) ;
#3740 = FILL_AREA_STYLE_COLOUR ( '', #4300 ) ;
#3741 = CARTESIAN_POINT ( 'NONE',  ( 3.531523734920773983, 0.09660244459739231182, 12.16031652251692918 ) ) ;
#3742 = ORIENTED_EDGE ( 'NONE', *, *, #3115, .T. ) ;
#3743 = CARTESIAN_POINT ( 'NONE',  ( -10.50000000000000000, -1.451698777701306842, 12.50000000000000711 ) ) ;
#3744 = DIRECTION ( 'NONE',  ( -0.000000000000000000, -1.000000000000000000, -9.130123557772668088E-16 ) ) ;
#3745 = ORIENTED_EDGE ( 'NONE', *, *, #1172, .F. ) ;
#3746 = DIRECTION ( 'NONE',  ( 1.387778780781444196E-16, -3.330669073875468142E-16, 1.000000000000000000 ) ) ;
#3747 =( BOUNDED_CURVE ( )  B_SPLINE_CURVE ( 3, ( #4106, #595, #1951, #4500 ),
 .UNSPECIFIED., .F., .T. ) 
 B_SPLINE_CURVE_WITH_KNOTS ( ( 4, 4 ),
 ( 1.570796326794896558, 4.712388980384689674 ),
 .UNSPECIFIED. ) 
 CURVE ( )  GEOMETRIC_REPRESENTATION_ITEM ( )  RATIONAL_B_SPLINE_CURVE ( ( 1.000000000000000000, 0.3333333333333333703, 0.3333333333333333703, 1.000000000000000000 ) ) 
 REPRESENTATION_ITEM ( '' )  );
#3748 = APPLICATION_PROTOCOL_DEFINITION ( 'draft international standard', 'automotive_design', 1998, #5030 ) ;
#3749 = VERTEX_POINT ( 'NONE', #3004 ) ;
#3750 = FILL_AREA_STYLE ('',( #1114 ) ) ;
#3751 = FACE_OUTER_BOUND ( 'NONE', #513, .T. ) ;
#3752 = EDGE_CURVE ( 'NONE', #2812, #4025, #2545, .T. ) ;
#3753 = COLOUR_RGB ( '',0.1019607843137254888, 0.1019607843137254888, 0.1019607843137254888 ) ;
#3754 = CARTESIAN_POINT ( 'NONE',  ( -1.858476265079225920, -0.3516987777013035887, -2.862221659613599201 ) ) ;
#3755 = COLOUR_RGB ( '',0.000000000000000000, 0.6235294117647058876, 0.06666666666666666574 ) ;
#3756 = FILL_AREA_STYLE_COLOUR ( '', #18 ) ;
#3757 = ORIENTED_EDGE ( 'NONE', *, *, #3044, .F. ) ;
#3758 = DIRECTION ( 'NONE',  ( 0.000000000000000000, 1.000000000000000000, 1.110223024625156540E-16 ) ) ;
#3759 = SURFACE_STYLE_FILL_AREA ( #2840 ) ;
#3760 = PRESENTATION_STYLE_ASSIGNMENT (( #3322 ) ) ;
#3761 = EDGE_LOOP ( 'NONE', ( #2403, #295 ) ) ;
#3762 =( GEOMETRIC_REPRESENTATION_CONTEXT ( 3 ) GLOBAL_UNCERTAINTY_ASSIGNED_CONTEXT ( ( #696 ) ) GLOBAL_UNIT_ASSIGNED_CONTEXT ( ( #1050, #2813, #3647 ) ) REPRESENTATION_CONTEXT ( 'NONE', 'WORKASPACE' ) );
#3763 = FILL_AREA_STYLE ('',( #4566 ) ) ;
#3764 = ORIENTED_EDGE ( 'NONE', *, *, #3222, .F. ) ;
#3765 = FILL_AREA_STYLE_COLOUR ( '', #91 ) ;
#3766 = UNCERTAINTY_MEASURE_WITH_UNIT (LENGTH_MEASURE( 1.000000000000000082E-05 ), #1356, 'distance_accuracy_value', 'NONE');
#3767 = DIRECTION ( 'NONE',  ( 0.000000000000000000, 1.000000000000000000, 1.110223024625156540E-16 ) ) ;
#3768 = CARTESIAN_POINT ( 'NONE',  ( -1.758476265079226275, -0.3516987777013036998, -2.788642972121563091 ) ) ;
#3769 = VERTEX_POINT ( 'NONE', #2484 ) ;
#3770 =( LENGTH_UNIT ( ) NAMED_UNIT ( * ) SI_UNIT ( .MILLI., .METRE. ) );
#3771 = ORIENTED_EDGE ( 'NONE', *, *, #3331, .F. ) ;
#3772 =( BOUNDED_CURVE ( )  B_SPLINE_CURVE ( 3, ( #3891, #5327, #1775, #1686 ),
 .UNSPECIFIED., .F., .T. ) 
 B_SPLINE_CURVE_WITH_KNOTS ( ( 4, 4 ),
 ( 1.570796326794896558, 4.712388980384689674 ),
 .UNSPECIFIED. ) 
 CURVE ( )  GEOMETRIC_REPRESENTATION_ITEM ( )  RATIONAL_B_SPLINE_CURVE ( ( 1.000000000000000000, 0.3333333333333333703, 0.3333333333333333703, 1.000000000000000000 ) ) 
 REPRESENTATION_ITEM ( '' )  );
#3773 = SURFACE_SIDE_STYLE ('',( #1536 ) ) ;
#3774 = CARTESIAN_POINT ( 'NONE',  ( 3.531523734920773983, 0.09660244459739231182, 12.16031652251692918 ) ) ;
#3775 = PRESENTATION_LAYER_ASSIGNMENT (  '', '', ( #3687 ) ) ;
#3776 = DIRECTION ( 'NONE',  ( 0.000000000000000000, -1.112002228190259966E-16, 1.000000000000000000 ) ) ;
#3777 = VECTOR ( 'NONE', #4109, 1000.000000000000000 ) ;
#3778 = ADVANCED_FACE ( 'NONE', ( #351 ), #4712, .T. ) ;
#3779 = CARTESIAN_POINT ( 'NONE',  ( 0.5415237349207737694, -0.3516987777013035887, 2.629463003889801698 ) ) ;
#3780 = CARTESIAN_POINT ( 'NONE',  ( 1.921523734920773885, -0.3516987777013035887, -2.862221659613599201 ) ) ;
#3781 = CARTESIAN_POINT ( 'NONE',  ( -1.918476265079225973, -0.3516987777013035887, 2.629463003889801698 ) ) ;
#3782 = ORIENTED_EDGE ( 'NONE', *, *, #4750, .F. ) ;
#3783 = FACE_OUTER_BOUND ( 'NONE', #524, .T. ) ;
#3784 = CARTESIAN_POINT ( 'NONE',  ( 0.03152373492077385764, 2.698301222298696178, 0.05862067213810127214 ) ) ;
#3785 = LINE ( 'NONE', #2420, #1745 ) ;
#3786 = ADVANCED_FACE ( 'NONE', ( #5627 ), #4221, .F. ) ;
#3787 = FACE_OUTER_BOUND ( 'NONE', #1760, .T. ) ;
#3788 = FILL_AREA_STYLE_COLOUR ( '', #2599 ) ;
#3789 = VERTEX_POINT ( 'NONE', #2017 ) ;
#3790 = PRESENTATION_STYLE_ASSIGNMENT (( #5482 ) ) ;
#3791 = CARTESIAN_POINT ( 'NONE',  ( 0.001523734920773996658, -0.3516987777013036998, 2.555884316397765144 ) ) ;
#3792 = MECHANICAL_DESIGN_GEOMETRIC_PRESENTATION_REPRESENTATION (  '', ( #1388 ), #2591 ) ;
#3793 = ORIENTED_EDGE ( 'NONE', *, *, #5040, .T. ) ;
#3794 = FACE_OUTER_BOUND ( 'NONE', #4992, .T. ) ;
#3795 = CIRCLE ( 'NONE', #1294, 2.750000000000000888 ) ;
#3796 = LINE ( 'NONE', #1133, #1 ) ;
#3797 = ORIENTED_EDGE ( 'NONE', *, *, #2291, .F. ) ;
#3798 = COLOUR_RGB ( '',0.2980392156862745057, 0.2980392156862745057, 0.2980392156862745057 ) ;
#3799 = DIRECTION ( 'NONE',  ( 7.228014483236694583E-17, -3.330669073875468635E-16, 1.000000000000000000 ) ) ;
#3800 = VERTEX_POINT ( 'NONE', #5079 ) ;
#3801 = DIRECTION ( 'NONE',  ( -5.555567147270871390E-32, -1.000000000000000000, -3.330669073875468635E-16 ) ) ;
#3802 = CARTESIAN_POINT ( 'NONE',  ( 10.50000000000000000, -1.451698777701302623, 3.328303898240675067E-15 ) ) ;
#3803 = VECTOR ( 'NONE', #1485, 1000.000000000000000 ) ;
#3804 = AXIS2_PLACEMENT_3D ( 'NONE', #1664, #2996, #3435 ) ;
#3805 = DIRECTION ( 'NONE',  ( -1.000000000000000000, 0.000000000000000000, -1.314184451497581259E-16 ) ) ;
#3806 = CARTESIAN_POINT ( 'NONE',  ( 0.3515237349207738782, -0.3516987777013036442, 2.629463003889801698 ) ) ;
#3807 = DIRECTION ( 'NONE',  ( 1.000000000000000000, 0.000000000000000000, -1.084202172485504434E-16 ) ) ;
#3808 = SURFACE_SIDE_STYLE ('',( #4673 ) ) ;
#3809 = CARTESIAN_POINT ( 'NONE',  ( 3.931523734920750357, -0.5016987777013031113, 3.958620672138076557 ) ) ;
#3810 = VECTOR ( 'NONE', #3937, 1000.000000000000000 ) ;
#3811 = EDGE_LOOP ( 'NONE', ( #5394, #4249 ) ) ;
#3812 =( NAMED_UNIT ( * ) SI_UNIT ( $, .STERADIAN. ) SOLID_ANGLE_UNIT ( ) );
#3813 = EDGE_CURVE ( 'NONE', #1568, #4964, #3553, .T. ) ;
#3814 = LINE ( 'NONE', #743, #431 ) ;
#3815 = PLANE ( 'NONE',  #3871 ) ;
#3816 = LINE ( 'NONE', #1184, #1168 ) ;
#3817 = ORIENTED_EDGE ( 'NONE', *, *, #1288, .F. ) ;
#3818 = CARTESIAN_POINT ( 'NONE',  ( 3.331523734920773805, 0.3966024445973921342, 12.81031652251693131 ) ) ;
#3819 = ORIENTED_EDGE ( 'NONE', *, *, #1857, .F. ) ;
#3820 = CARTESIAN_POINT ( 'NONE',  ( -7.479999999999999538, -0.3516987777013056982, 9.100000000000006750 ) ) ;
#3821 = UNCERTAINTY_MEASURE_WITH_UNIT (LENGTH_MEASURE( 1.000000000000000082E-05 ), #1241, 'distance_accuracy_value', 'NONE');
#3822 = EDGE_CURVE ( 'NONE', #1546, #2707, #268, .T. ) ;
#3823 = CARTESIAN_POINT ( 'NONE',  ( 0.3515237349207738782, -0.3516987777013036442, 2.629463003889801698 ) ) ;
#3824 = CIRCLE ( 'NONE', #3360, 0.5000000000000004441 ) ;
#3825 = CARTESIAN_POINT ( 'NONE',  ( -7.479999999999999538, -0.5516987777013057093, 9.100000000000006750 ) ) ;
#3826 = EDGE_LOOP ( 'NONE', ( #3771, #3649 ) ) ;
#3827 = FILL_AREA_STYLE ('',( #1993 ) ) ;
#3828 = EDGE_CURVE ( 'NONE', #723, #1871, #2977, .T. ) ;
#3829 = COLOUR_RGB ( '',0.8431372549019607865, 0.6549019607843137303, 0.000000000000000000 ) ;
#3830 = UNCERTAINTY_MEASURE_WITH_UNIT (LENGTH_MEASURE( 1.000000000000000082E-05 ), #3026, 'distance_accuracy_value', 'NONE');
#3831 = ORIENTED_EDGE ( 'NONE', *, *, #3582, .T. ) ;
#3832 = VERTEX_POINT ( 'NONE', #4657 ) ;
#3833 = DIRECTION ( 'NONE',  ( -0.8660254037844433705, 0.000000000000000000, -0.4999999999999920064 ) ) ;
#3834 = DIRECTION ( 'NONE',  ( 0.000000000000000000, -1.000000000000000000, 0.000000000000000000 ) ) ;
#3835 = CARTESIAN_POINT ( 'NONE',  ( -0.3184762650792260508, -0.3516987777013035887, 2.629463003889801698 ) ) ;
#3836 = CARTESIAN_POINT ( 'NONE',  ( -0.9584762650792260086, -0.3516987777013036998, 2.555884316397765144 ) ) ;
#3837 = CARTESIAN_POINT ( 'NONE',  ( 2.561523734920773343, -0.3516987777013035887, -2.862221659613599201 ) ) ;
#3838 = CARTESIAN_POINT ( 'NONE',  ( 1.921523734920773885, -0.3516987777013035887, 2.629463003889801698 ) ) ;
#3839 = EDGE_LOOP ( 'NONE', ( #5344, #4764, #3449, #2302, #416, #5207, #1245, #5486 ) ) ;
#3840 = LINE ( 'NONE', #288, #34 ) ;
#3841 = LINE ( 'NONE', #400, #3197 ) ;
#3842 = CARTESIAN_POINT ( 'NONE',  ( -8.699999999999999289, -0.3516987777013056982, 9.100000000000004974 ) ) ;
#3843 = COLOUR_RGB ( '',0.8431372549019607865, 0.6549019607843137303, 0.000000000000000000 ) ;
#3844 = CARTESIAN_POINT ( 'NONE',  ( 3.331523734920773805, 0.09660244459739220080, 7.810316522516931315 ) ) ;
#3845 = LINE ( 'NONE', #748, #5080 ) ;
#3846 = ORIENTED_EDGE ( 'NONE', *, *, #4869, .F. ) ;
#3847 = DIRECTION ( 'NONE',  ( 0.000000000000000000, 0.000000000000000000, -1.000000000000000000 ) ) ;
#3848 = CARTESIAN_POINT ( 'NONE',  ( 9.400000000000000355, -3.051698777701299381, -9.720000000000000639 ) ) ;
#3849 = ORIENTED_EDGE ( 'NONE', *, *, #2234, .F. ) ;
#3850 = PRESENTATION_STYLE_ASSIGNMENT (( #2137 ) ) ;
#3851 =( GEOMETRIC_REPRESENTATION_CONTEXT ( 3 ) GLOBAL_UNCERTAINTY_ASSIGNED_CONTEXT ( ( #3365 ) ) GLOBAL_UNIT_ASSIGNED_CONTEXT ( ( #4434, #161, #3186 ) ) REPRESENTATION_CONTEXT ( 'NONE', 'WORKASPACE' ) );
#3852 = CARTESIAN_POINT ( 'NONE',  ( -1.347894313427920432, -0.3516987777013036442, 3.208620672138101870 ) ) ;
#3853 = LINE ( 'NONE', #755, #4429 ) ;
#3854 = COLOUR_RGB ( '',0.1019607843137254888, 0.1019607843137254888, 0.1019607843137254888 ) ;
#3855 = EDGE_CURVE ( 'NONE', #941, #1158, #5536, .T. ) ;
#3856 = ORIENTED_EDGE ( 'NONE', *, *, #5073, .F. ) ;
#3857 = DIRECTION ( 'NONE',  ( 1.000000000000000000, 0.000000000000000000, 0.000000000000000000 ) ) ;
#3858 =( NAMED_UNIT ( * ) SI_UNIT ( $, .STERADIAN. ) SOLID_ANGLE_UNIT ( ) );
#3859 = EDGE_LOOP ( 'NONE', ( #727, #3887, #4599, #3440 ) ) ;
#3860 = EDGE_LOOP ( 'NONE', ( #469, #5307, #4115, #4746 ) ) ;
#3861 = VECTOR ( 'NONE', #3175, 1000.000000000000000 ) ;
#3862 = EDGE_CURVE ( 'NONE', #4862, #102, #4821, .T. ) ;
#3863 = DIRECTION ( 'NONE',  ( 0.000000000000000000, 1.000000000000000000, 0.000000000000000000 ) ) ;
#3864 = CARTESIAN_POINT ( 'NONE',  ( -12.50000000000000000, -1.451698777701299514, -9.499999999999998224 ) ) ;
#3865 = CARTESIAN_POINT ( 'NONE',  ( 0.6415237349207739692, -0.3516987777013035887, -2.862221659613599201 ) ) ;
#3866 = VERTEX_POINT ( 'NONE', #3557 ) ;
#3867 = EDGE_CURVE ( 'NONE', #2733, #2575, #459, .T. ) ;
#3868 = PRESENTATION_STYLE_ASSIGNMENT (( #5127 ) ) ;
#3869 = FILL_AREA_STYLE_COLOUR ( '', #305 ) ;
#3870 = FILL_AREA_STYLE_COLOUR ( '', #4693 ) ;
#3871 = AXIS2_PLACEMENT_3D ( 'NONE', #5565, #4737, #1605 ) ;
#3872 = DIRECTION ( 'NONE',  ( 1.000000000000000000, 0.000000000000000000, 0.000000000000000000 ) ) ;
#3873 = CARTESIAN_POINT ( 'NONE',  ( -3.868476265079257015, -0.5016987777013022232, -3.841379327861929482 ) ) ;
#3874 = DIRECTION ( 'NONE',  ( -1.000000000000000000, 0.000000000000000000, 0.000000000000000000 ) ) ;
#3875 = CARTESIAN_POINT ( 'NONE',  ( -1.118476265079225929, -0.3516987777013035887, 2.629463003889801698 ) ) ;
#3876 = EDGE_LOOP ( 'NONE', ( #1198, #1469 ) ) ;
#3877 = FILL_AREA_STYLE ('',( #2642 ) ) ;
#3878 = CARTESIAN_POINT ( 'NONE',  ( 0.03152373492077385764, 4.398301222298695023, -2.691379327861899373 ) ) ;
#3879 = ORIENTED_EDGE ( 'NONE', *, *, #3035, .T. ) ;
#3880 = LINE ( 'NONE', #3820, #4711 ) ;
#3881 = UNCERTAINTY_MEASURE_WITH_UNIT (LENGTH_MEASURE( 1.000000000000000082E-05 ), #1207, 'distance_accuracy_value', 'NONE');
#3882 = LINE ( 'NONE', #3852, #2942 ) ;
#3883 = DIRECTION ( 'NONE',  ( 7.228014483236698528E-16, 0.000000000000000000, -1.000000000000000000 ) ) ;
#3884 = AXIS2_PLACEMENT_3D ( 'NONE', #1201, #4290, #3427 ) ;
#3885 = ORIENTED_EDGE ( 'NONE', *, *, #621, .F. ) ;
#3886 = MECHANICAL_DESIGN_GEOMETRIC_PRESENTATION_REPRESENTATION (  '', ( #2954 ), #1930 ) ;
#3887 = ORIENTED_EDGE ( 'NONE', *, *, #4669, .T. ) ;
#3888 = EDGE_LOOP ( 'NONE', ( #1223, #152, #409, #1439, #3533, #3420 ) ) ;
#3889 = ADVANCED_FACE ( 'NONE', ( #13 ), #4880, .F. ) ;
#3890 = VECTOR ( 'NONE', #2768, 1000.000000000000000 ) ;
#3891 = CARTESIAN_POINT ( 'NONE',  ( 0.06152373492077382877, -0.3516987777013035887, -2.862221659613599201 ) ) ;
#3892 = CARTESIAN_POINT ( 'NONE',  ( -1.099927705371577691, -0.3516987777013036442, -3.591379327861898396 ) ) ;
#3893 = VECTOR ( 'NONE', #5299, 1000.000000000000000 ) ;
#3894 = EDGE_CURVE ( 'NONE', #3681, #3509, #3494, .T. ) ;
#3895 = CARTESIAN_POINT ( 'NONE',  ( 10.50000000000000000, -0.5516987777013068195, 12.50000000000000711 ) ) ;
#3896 = DIRECTION ( 'NONE',  ( 0.000000000000000000, 0.000000000000000000, -1.000000000000000000 ) ) ;
#3897 = DIRECTION ( 'NONE',  ( -0.8660254037844397068, -0.000000000000000000, 0.4999999999999979461 ) ) ;
#3898 = EDGE_CURVE ( 'NONE', #4559, #5647, #44, .T. ) ;
#3899 = ORIENTED_EDGE ( 'NONE', *, *, #4284, .F. ) ;
#3900 = DIRECTION ( 'NONE',  ( -1.000000000000000000, -0.000000000000000000, -0.000000000000000000 ) ) ;
#3901 = MECHANICAL_DESIGN_GEOMETRIC_PRESENTATION_REPRESENTATION (  '', ( #1864 ), #1591 ) ;
#3902 = FACE_BOUND ( 'NONE', #596, .T. ) ;
#3903 = FILL_AREA_STYLE_COLOUR ( '', #4231 ) ;
#3904 = SURFACE_SIDE_STYLE ('',( #210 ) ) ;
#3905 = FILL_AREA_STYLE ('',( #3788 ) ) ;
#3906 = VERTEX_POINT ( 'NONE', #5285 ) ;
#3907 = COLOUR_RGB ( '',0.000000000000000000, 0.6235294117647058876, 0.06666666666666666574 ) ;
#3908 = CARTESIAN_POINT ( 'NONE',  ( 2.413093595327983731, 4.398301222298695023, -1.316379327861893600 ) ) ;
#3909 = ORIENTED_EDGE ( 'NONE', *, *, #5530, .F. ) ;
#3910 = EDGE_CURVE ( 'NONE', #778, #2173, #4510, .T. ) ;
#3911 = VECTOR ( 'NONE', #1788, 1000.000000000000000 ) ;
#3912 = DIRECTION ( 'NONE',  ( 0.000000000000000000, 3.330669073875468635E-16, -1.000000000000000000 ) ) ;
#3913 = VERTEX_POINT ( 'NONE', #73 ) ;
#3914 = CARTESIAN_POINT ( 'NONE',  ( 0.03152373492077385764, 3.398301222298695912, 2.808620672138101959 ) ) ;
#3915 = VECTOR ( 'NONE', #4172, 1000.000000000000000 ) ;
#3916 = EDGE_LOOP ( 'NONE', ( #2045, #5600 ) ) ;
#3917 = ORIENTED_EDGE ( 'NONE', *, *, #3862, .T. ) ;
#3918 = COLOUR_RGB ( '',0.000000000000000000, 0.6235294117647058876, 0.06666666666666666574 ) ;
#3919 = AXIS2_PLACEMENT_3D ( 'NONE', #170, #2799, #5064 ) ;
#3920 = ORIENTED_EDGE ( 'NONE', *, *, #1693, .F. ) ;
#3921 = FACE_BOUND ( 'NONE', #547, .T. ) ;
#3922 = FACE_BOUND ( 'NONE', #330, .T. ) ;
#3923 = LINE ( 'NONE', #3892, #4642 ) ;
#3924 = VERTEX_POINT ( 'NONE', #1327 ) ;
#3925 = EDGE_CURVE ( 'NONE', #5400, #1737, #3722, .T. ) ;
#3926 = LINE ( 'NONE', #1659, #1021 ) ;
#3927 = LINE ( 'NONE', #2567, #4282 ) ;
#3928 =( BOUNDED_CURVE ( )  B_SPLINE_CURVE ( 3, ( #2718, #1065, #1378, #505 ),
 .UNSPECIFIED., .F., .T. ) 
 B_SPLINE_CURVE_WITH_KNOTS ( ( 4, 4 ),
 ( 1.570796326794896558, 4.712388980384689674 ),
 .UNSPECIFIED. ) 
 CURVE ( )  GEOMETRIC_REPRESENTATION_ITEM ( )  RATIONAL_B_SPLINE_CURVE ( ( 1.000000000000000000, 0.3333333333333333703, 0.3333333333333333703, 1.000000000000000000 ) ) 
 REPRESENTATION_ITEM ( '' )  );
#3929 =( NAMED_UNIT ( * ) PLANE_ANGLE_UNIT ( ) SI_UNIT ( $, .RADIAN. ) );
#3930 = DIRECTION ( 'NONE',  ( -1.000000000000000000, 0.000000000000000000, 1.387778780781444443E-16 ) ) ;
#3931 =( NAMED_UNIT ( * ) PLANE_ANGLE_UNIT ( ) SI_UNIT ( $, .RADIAN. ) );
#3932 = LINE ( 'NONE', #3173, #5537 ) ;
#3933 = EDGE_CURVE ( 'NONE', #5371, #2313, #2248, .T. ) ;
#3934 = EDGE_LOOP ( 'NONE', ( #1467, #4777, #3211, #5000 ) ) ;
#3935 = FACE_OUTER_BOUND ( 'NONE', #1611, .T. ) ;
#3936 = FACE_OUTER_BOUND ( 'NONE', #471, .T. ) ;
#3937 = DIRECTION ( 'NONE',  ( -1.000000000000000000, -0.000000000000000000, -0.000000000000000000 ) ) ;
#3938 = ORIENTED_EDGE ( 'NONE', *, *, #66, .T. ) ;
#3939 = UNCERTAINTY_MEASURE_WITH_UNIT (LENGTH_MEASURE( 1.000000000000000082E-05 ), #1152, 'distance_accuracy_value', 'NONE');
#3940 =( BOUNDED_CURVE ( )  B_SPLINE_CURVE ( 3, ( #4708, #4653, #747, #625 ),
 .UNSPECIFIED., .F., .T. ) 
 B_SPLINE_CURVE_WITH_KNOTS ( ( 4, 4 ),
 ( 1.570796326794896558, 4.712388980384689674 ),
 .UNSPECIFIED. ) 
 CURVE ( )  GEOMETRIC_REPRESENTATION_ITEM ( )  RATIONAL_B_SPLINE_CURVE ( ( 1.000000000000000000, 0.3333333333333333703, 0.3333333333333333703, 1.000000000000000000 ) ) 
 REPRESENTATION_ITEM ( '' )  );
#3941 = MECHANICAL_DESIGN_GEOMETRIC_PRESENTATION_REPRESENTATION (  '', ( #428 ), #248 ) ;
#3942 = DIRECTION ( 'NONE',  ( 0.000000000000000000, -0.000000000000000000, 1.000000000000000000 ) ) ;
#3943 = B_SPLINE_CURVE_WITH_KNOTS ( 'NONE', 3,
 ( #1292, #2687, #5213, #2634, #1349, #3057, #4385, #5, #4783 ),
 .UNSPECIFIED., .F., .F.,
 ( 4, 1, 1, 1, 1, 1, 4 ),
 ( 0.000000000000000000, 0.1400000000000000411, 0.2799999999999997491, 0.4200000000000002620, 0.5599999999978950704, 0.7800000000001622302, 1.000000000000000000 ),
 .UNSPECIFIED. ) ;
#3944 = ORIENTED_EDGE ( 'NONE', *, *, #2221, .F. ) ;
#3945 = VECTOR ( 'NONE', #5164, 1000.000000000000000 ) ;
#3946 = ORIENTED_EDGE ( 'NONE', *, *, #5253, .F. ) ;
#3947 = VERTEX_POINT ( 'NONE', #4024 ) ;
#3948 = LINE ( 'NONE', #5700, #870 ) ;
#3949 = VERTEX_POINT ( 'NONE', #4474 ) ;
#3950 = FACE_BOUND ( 'NONE', #4530, .T. ) ;
#3951 = CARTESIAN_POINT ( 'NONE',  ( -9.400000000000000355, -3.051698777701299381, -9.719999999999998863 ) ) ;
#3952 = CARTESIAN_POINT ( 'NONE',  ( 1.121523734920773396, -0.3516987777013036998, 2.555884316397764700 ) ) ;
#3953 = CARTESIAN_POINT ( 'NONE',  ( -0.7984762650792260885, -0.3516987777013036998, -2.788642972121563091 ) ) ;
#3954 = FILL_AREA_STYLE ('',( #1031 ) ) ;
#3955 =( NAMED_UNIT ( * ) PLANE_ANGLE_UNIT ( ) SI_UNIT ( $, .RADIAN. ) );
#3956 = EDGE_CURVE ( 'NONE', #211, #460, #4848, .T. ) ;
#3957 = VERTEX_POINT ( 'NONE', #1812 ) ;
#3958 = DIRECTION ( 'NONE',  ( -1.000000000000000000, 0.000000000000000000, 0.000000000000000000 ) ) ;
#3959 =( NAMED_UNIT ( * ) PLANE_ANGLE_UNIT ( ) SI_UNIT ( $, .RADIAN. ) );
#3960 = AXIS2_PLACEMENT_3D ( 'NONE', #3743, #3767, #4683 ) ;
#3961 = CLOSED_SHELL ( 'NONE', ( #4389, #2874, #4305, #831, #147, #5217, #2771, #3393, #2010, #1975, #3786, #2174, #2549 ) ) ;
#3962 =( NAMED_UNIT ( * ) PLANE_ANGLE_UNIT ( ) SI_UNIT ( $, .RADIAN. ) );
#3963 =( GEOMETRIC_REPRESENTATION_CONTEXT ( 3 ) GLOBAL_UNCERTAINTY_ASSIGNED_CONTEXT ( ( #2958 ) ) GLOBAL_UNIT_ASSIGNED_CONTEXT ( ( #3193, #195, #1940 ) ) REPRESENTATION_CONTEXT ( 'NONE', 'WORKASPACE' ) );
#3964 = ORIENTED_EDGE ( 'NONE', *, *, #4624, .F. ) ;
#3965 =( LENGTH_UNIT ( ) NAMED_UNIT ( * ) SI_UNIT ( .MILLI., .METRE. ) );
#3966 = AXIS2_PLACEMENT_3D ( 'NONE', #2347, #551, #2317 ) ;
#3967 = DIRECTION ( 'NONE',  ( 1.084202172485504434E-16, 0.000000000000000000, 1.000000000000000000 ) ) ;
#3968 = EDGE_CURVE ( 'NONE', #5023, #1960, #2277, .T. ) ;
#3969 = ORIENTED_EDGE ( 'NONE', *, *, #2973, .F. ) ;
#3970 = FILL_AREA_STYLE ('',( #5261 ) ) ;
#3971 = ORIENTED_EDGE ( 'NONE', *, *, #4666, .T. ) ;
#3972 = ORIENTED_EDGE ( 'NONE', *, *, #2636, .T. ) ;
#3973 = SURFACE_SIDE_STYLE ('',( #2203 ) ) ;
#3974 = AXIS2_PLACEMENT_3D ( 'NONE', #4355, #3549, #3896 ) ;
#3975 = ORIENTED_EDGE ( 'NONE', *, *, #253, .F. ) ;
#3976 = FACE_BOUND ( 'NONE', #3036, .T. ) ;
#3977 = DIRECTION ( 'NONE',  ( -1.000000000000000000, 0.000000000000000000, 0.000000000000000000 ) ) ;
#3978 = COLOUR_RGB ( '',0.1019607843137254888, 0.1019607843137254888, 0.1019607843137254888 ) ;
#3979 = PRESENTATION_LAYER_ASSIGNMENT (  '', '', ( #3513 ) ) ;
#3980 = VECTOR ( 'NONE', #1230, 1000.000000000000000 ) ;
#3981 = STYLED_ITEM ( 'NONE', ( #4015 ), #5228 ) ;
#3982 = EDGE_CURVE ( 'NONE', #1712, #4333, #4365, .T. ) ;
#3983 = CARTESIAN_POINT ( 'NONE',  ( 0.1615237349207739592, -0.3516987777013035887, 2.629463003889801698 ) ) ;
#3984 = VECTOR ( 'NONE', #3254, 1000.000000000000000 ) ;
#3985 =( NAMED_UNIT ( * ) SI_UNIT ( $, .STERADIAN. ) SOLID_ANGLE_UNIT ( ) );
#3986 = DIRECTION ( 'NONE',  ( -1.387778780781444443E-16, 0.000000000000000000, -1.000000000000000000 ) ) ;
#3987 = CARTESIAN_POINT ( 'NONE',  ( 4.031523734920750002, 0.2483012222986963058, 4.058620672138048668 ) ) ;
#3988 = AXIS2_PLACEMENT_3D ( 'NONE', #4362, #5686, #4047 ) ;
#3989 = FILL_AREA_STYLE ('',( #591 ) ) ;
#3990 = ORIENTED_EDGE ( 'NONE', *, *, #2291, .T. ) ;
#3991 = LINE ( 'NONE', #4765, #2980 ) ;
#3992 = SURFACE_STYLE_FILL_AREA ( #2604 ) ;
#3993 = DIRECTION ( 'NONE',  ( -1.000000000000000000, 0.000000000000000000, -0.000000000000000000 ) ) ;
#3994 = MECHANICAL_DESIGN_GEOMETRIC_PRESENTATION_REPRESENTATION (  '', ( #2320 ), #1577 ) ;
#3995 = ORIENTED_EDGE ( 'NONE', *, *, #104, .F. ) ;
#3996 = DIRECTION ( 'NONE',  ( -1.000000000000000000, 0.000000000000000000, 0.000000000000000000 ) ) ;
#3997 = UNCERTAINTY_MEASURE_WITH_UNIT (LENGTH_MEASURE( 1.000000000000000082E-05 ), #485, 'distance_accuracy_value', 'NONE');
#3998 = DIRECTION ( 'NONE',  ( 0.000000000000000000, 0.000000000000000000, 1.000000000000000000 ) ) ;
#3999 = CARTESIAN_POINT ( 'NONE',  ( 0.1615237349207739592, -0.3516987777013035887, 2.629463003889801698 ) ) ;
#4000 = VECTOR ( 'NONE', #4614, 1000.000000000000000 ) ;
#4001 = VERTEX_POINT ( 'NONE', #5690 ) ;
#4002 = DIRECTION ( 'NONE',  ( -0.8660254037844432595, 0.000000000000000000, -0.4999999999999920064 ) ) ;
#4003 = EDGE_CURVE ( 'NONE', #456, #3913, #2559, .T. ) ;
#4004 = VERTEX_POINT ( 'NONE', #2332 ) ;
#4005 = EDGE_LOOP ( 'NONE', ( #1273, #1367 ) ) ;
#4006 = STYLED_ITEM ( 'NONE', ( #4130 ), #4496 ) ;
#4007 = SURFACE_STYLE_USAGE ( .BOTH. , #4032 ) ;
#4008 = ORIENTED_EDGE ( 'NONE', *, *, #3607, .F. ) ;
#4009 = VECTOR ( 'NONE', #1129, 1000.000000000000000 ) ;
#4010 = FACE_BOUND ( 'NONE', #3916, .T. ) ;
#4011 = SURFACE_SIDE_STYLE ('',( #1746 ) ) ;
#4012 =( NAMED_UNIT ( * ) PLANE_ANGLE_UNIT ( ) SI_UNIT ( $, .RADIAN. ) );
#4013 = EDGE_CURVE ( 'NONE', #4481, #2503, #1410, .T. ) ;
#4014 = VECTOR ( 'NONE', #2239, 1000.000000000000000 ) ;
#4015 = PRESENTATION_STYLE_ASSIGNMENT (( #2684 ) ) ;
#4016 = DIRECTION ( 'NONE',  ( -1.000000000000000000, 0.000000000000000000, 0.000000000000000000 ) ) ;
#4017 = CARTESIAN_POINT ( 'NONE',  ( 10.50000000000000000, -1.451698777701306620, 11.45000000000000639 ) ) ;
#4018 = PRESENTATION_LAYER_ASSIGNMENT (  '', '', ( #775 ) ) ;
#4019 = SURFACE_SIDE_STYLE ('',( #530 ) ) ;
#4020 =( NAMED_UNIT ( * ) SI_UNIT ( $, .STERADIAN. ) SOLID_ANGLE_UNIT ( ) );
#4021 = CARTESIAN_POINT ( 'NONE',  ( -1.698476265079226000, -0.3516987777013035887, 2.629463003889801698 ) ) ;
#4022 = FILL_AREA_STYLE ('',( #5688 ) ) ;
#4023 = CARTESIAN_POINT ( 'NONE',  ( -2.078476265079225893, -0.3516987777013036998, -2.788642972121563091 ) ) ;
#4024 = CARTESIAN_POINT ( 'NONE',  ( 1.680626011731303660, -0.3516987777013036442, 3.508620672138101693 ) ) ;
#4025 = VERTEX_POINT ( 'NONE', #3202 ) ;
#4026 = LINE ( 'NONE', #78, #1286 ) ;
#4027 = ORIENTED_EDGE ( 'NONE', *, *, #2800, .T. ) ;
#4028 = ORIENTED_EDGE ( 'NONE', *, *, #250, .T. ) ;
#4029 = EDGE_LOOP ( 'NONE', ( #812, #3711, #4595, #2730 ) ) ;
#4030 = LINE ( 'NONE', #83, #5511 ) ;
#4031 = AXIS2_PLACEMENT_3D ( 'NONE', #3784, #1097, #1955 ) ;
#4032 = SURFACE_SIDE_STYLE ('',( #945 ) ) ;
#4033 = EDGE_CURVE ( 'NONE', #3616, #4404, #1919, .T. ) ;
#4034 = AXIS2_PLACEMENT_3D ( 'NONE', #707, #318, #3460 ) ;
#4035 = VERTEX_POINT ( 'NONE', #2856 ) ;
#4036 = FACE_BOUND ( 'NONE', #4480, .T. ) ;
#4037 = MECHANICAL_DESIGN_GEOMETRIC_PRESENTATION_REPRESENTATION (  '', ( #339 ), #5317 ) ;
#4038 = EDGE_CURVE ( 'NONE', #3738, #1022, #4930, .T. ) ;
#4039 = PRESENTATION_LAYER_ASSIGNMENT (  '', '', ( #255 ) ) ;
#4040 = FILL_AREA_STYLE_COLOUR ( '', #5172 ) ;
#4041 = CARTESIAN_POINT ( 'NONE',  ( -1.918476265079225973, -0.3516987777013036998, -2.788642972121563091 ) ) ;
#4042 = EDGE_CURVE ( 'NONE', #50, #2311, #2778, .T. ) ;
#4043 = AXIS2_PLACEMENT_3D ( 'NONE', #2081, #247, #5120 ) ;
#4044 = SURFACE_SIDE_STYLE ('',( #2271 ) ) ;
#4045 = VECTOR ( 'NONE', #3467, 1000.000000000000000 ) ;
#4046 = PRESENTATION_STYLE_ASSIGNMENT (( #2273 ) ) ;
#4047 = DIRECTION ( 'NONE',  ( 0.000000000000000000, 0.000000000000000000, 1.000000000000000000 ) ) ;
#4048 = CARTESIAN_POINT ( 'NONE',  ( 0.03152373492077385764, 3.198301222298698399, 2.858620672138101337 ) ) ;
#4049 = CARTESIAN_POINT ( 'NONE',  ( -3.968476265079226906, -0.3516987777013036442, -3.941379327861898485 ) ) ;
#4050 = LINE ( 'NONE', #101, #2144 ) ;
#4051 = ORIENTED_EDGE ( 'NONE', *, *, #4100, .F. ) ;
#4052 = LINE ( 'NONE', #3585, #474 ) ;
#4053 = SURFACE_STYLE_USAGE ( .BOTH. , #2728 ) ;
#4054 = EDGE_CURVE ( 'NONE', #1170, #4035, #3747, .T. ) ;
#4055 = LINE ( 'NONE', #2335, #3502 ) ;
#4056 = EDGE_LOOP ( 'NONE', ( #1226, #2147 ) ) ;
#4057 = CARTESIAN_POINT ( 'NONE',  ( -10.50000000000000000, -1.451698777701306842, 12.50000000000000711 ) ) ;
#4058 = ORIENTED_EDGE ( 'NONE', *, *, #717, .F. ) ;
#4059 = ORIENTED_EDGE ( 'NONE', *, *, #260, .F. ) ;
#4060 = VECTOR ( 'NONE', #2514, 1000.000000000000000 ) ;
#4061 = ORIENTED_EDGE ( 'NONE', *, *, #3399, .F. ) ;
#4062 = CARTESIAN_POINT ( 'NONE',  ( -1.538476265079226302, -0.3516987777013035887, 2.629463003889801698 ) ) ;
#4063 = DIRECTION ( 'NONE',  ( 4.996003610813204432E-15, -0.7071067811865474617, 0.7071067811865474617 ) ) ;
#4064 = EDGE_CURVE ( 'NONE', #4541, #2023, #5098, .T. ) ;
#4065 = CARTESIAN_POINT ( 'NONE',  ( 0.3215237349207739626, -0.3516987777013035887, -2.862221659613599201 ) ) ;
#4066 = DIRECTION ( 'NONE',  ( 0.000000000000000000, 3.097720492815725686E-16, -1.000000000000000000 ) ) ;
#4067 = PRESENTATION_STYLE_ASSIGNMENT (( #1854 ) ) ;
#4068 = CARTESIAN_POINT ( 'NONE',  ( 1.661523734920773876, -0.3516987777013036998, -2.788642972121563091 ) ) ;
#4069 = EDGE_CURVE ( 'NONE', #3646, #2167, #2360, .T. ) ;
#4070 = PRESENTATION_LAYER_ASSIGNMENT (  '', '', ( #1658 ) ) ;
#4071 = CARTESIAN_POINT ( 'NONE',  ( -0.4184762650792261396, -0.3516987777013036998, -2.788642972121562646 ) ) ;
#4072 = PRESENTATION_LAYER_ASSIGNMENT (  '', '', ( #3613 ) ) ;
#4073 = EDGE_CURVE ( 'NONE', #4314, #270, #567, .T. ) ;
#4074 = CARTESIAN_POINT ( 'NONE',  ( 0.3515237349207738782, -0.3516987777013036442, 2.629463003889801698 ) ) ;
#4075 = CARTESIAN_POINT ( 'NONE',  ( 1.281523734920774205, -0.3516987777013035887, -2.862221659613599201 ) ) ;
#4076 = CARTESIAN_POINT ( 'NONE',  ( 10.40000000000000036, -1.451698777701301291, -4.000000000000000888 ) ) ;
#4077 = LINE ( 'NONE', #1461, #761 ) ;
#4078 = EDGE_CURVE ( 'NONE', #2281, #405, #151, .T. ) ;
#4079 = ORIENTED_EDGE ( 'NONE', *, *, #5163, .T. ) ;
#4080 = CARTESIAN_POINT ( 'NONE',  ( -3.968476265079257548, -0.3516987777013036442, -3.941379327861930459 ) ) ;
#4081 = DIRECTION ( 'NONE',  ( 1.000000000000000000, 0.000000000000000000, 1.314184451497581259E-16 ) ) ;
#4082 = LINE ( 'NONE', #1437, #4884 ) ;
#4083 = EDGE_LOOP ( 'NONE', ( #5481, #2918 ) ) ;
#4084 = CIRCLE ( 'NONE', #1576, 1.050000000000000488 ) ;
#4085 =( GEOMETRIC_REPRESENTATION_CONTEXT ( 3 ) GLOBAL_UNCERTAINTY_ASSIGNED_CONTEXT ( ( #4345 ) ) GLOBAL_UNIT_ASSIGNED_CONTEXT ( ( #3701, #5451, #2858 ) ) REPRESENTATION_CONTEXT ( 'NONE', 'WORKASPACE' ) );
#4086 =( NAMED_UNIT ( * ) PLANE_ANGLE_UNIT ( ) SI_UNIT ( $, .RADIAN. ) );
#4087 = ORIENTED_EDGE ( 'NONE', *, *, #3725, .T. ) ;
#4088 = ORIENTED_EDGE ( 'NONE', *, *, #1759, .F. ) ;
#4089 = VECTOR ( 'NONE', #4791, 1000.000000000000000 ) ;
#4090 = ORIENTED_EDGE ( 'NONE', *, *, #1162, .F. ) ;
#4091 = LINE ( 'NONE', #5029, #735 ) ;
#4092 = LINE ( 'NONE', #3192, #5597 ) ;
#4093 = MECHANICAL_DESIGN_GEOMETRIC_PRESENTATION_REPRESENTATION (  '', ( #4457 ), #2416 ) ;
#4094 = CARTESIAN_POINT ( 'NONE',  ( -1.378476265079226160, -0.3516987777013035887, 2.629463003889801698 ) ) ;
#4095 =( NAMED_UNIT ( * ) PLANE_ANGLE_UNIT ( ) SI_UNIT ( $, .RADIAN. ) );
#4096 = SURFACE_STYLE_FILL_AREA ( #120 ) ;
#4097 = FILL_AREA_STYLE_COLOUR ( '', #309 ) ;
#4098 = STYLED_ITEM ( 'NONE', ( #5507 ), #1676 ) ;
#4099 = LINE ( 'NONE', #677, #499 ) ;
#4100 = EDGE_CURVE ( 'NONE', #2167, #1398, #1515, .T. ) ;
#4101 = SURFACE_STYLE_FILL_AREA ( #2327 ) ;
#4102 = AXIS2_PLACEMENT_3D ( 'NONE', #4226, #5058, #4256 ) ;
#4103 = LINE ( 'NONE', #1948, #1310 ) ;
#4104 = CARTESIAN_POINT ( 'NONE',  ( -10.50000000000000000, -1.451698777701306842, 12.50000000000000711 ) ) ;
#4105 = CARTESIAN_POINT ( 'NONE',  ( -0.4784762650792260263, -0.3516987777013035887, -2.862221659613599201 ) ) ;
#4106 = CARTESIAN_POINT ( 'NONE',  ( 0.8615237349207738315, -0.3516987777013035887, -2.862221659613599201 ) ) ;
#4107 = VERTEX_POINT ( 'NONE', #4529 ) ;
#4108 = SURFACE_STYLE_FILL_AREA ( #1121 ) ;
#4109 = DIRECTION ( 'NONE',  ( -9.130123557772668088E-16, 1.000000000000000000, -0.000000000000000000 ) ) ;
#4110 = EDGE_CURVE ( 'NONE', #1462, #3154, #3588, .T. ) ;
#4111 = ORIENTED_EDGE ( 'NONE', *, *, #3867, .T. ) ;
#4112 = SURFACE_STYLE_FILL_AREA ( #80 ) ;
#4113 = LINE ( 'NONE', #2426, #3915 ) ;
#4114 = EDGE_LOOP ( 'NONE', ( #4593, #4995 ) ) ;
#4115 = ORIENTED_EDGE ( 'NONE', *, *, #2473, .T. ) ;
#4116 = CARTESIAN_POINT ( 'NONE',  ( -1.598476265079226133, -0.3516987777013035887, 2.629463003889801698 ) ) ;
#4117 = FILL_AREA_STYLE_COLOUR ( '', #100 ) ;
#4118 = LINE ( 'NONE', #4436, #4922 ) ;
#4119 = ORIENTED_EDGE ( 'NONE', *, *, #503, .F. ) ;
#4120 = SURFACE_STYLE_USAGE ( .BOTH. , #1502 ) ;
#4121 = FILL_AREA_STYLE_COLOUR ( '', #4696 ) ;
#4122 =( BOUNDED_CURVE ( )  B_SPLINE_CURVE ( 3, ( #3067, #2107, #813, #2578 ),
 .UNSPECIFIED., .F., .T. ) 
 B_SPLINE_CURVE_WITH_KNOTS ( ( 4, 4 ),
 ( 1.570796326794896558, 4.712388980384689674 ),
 .UNSPECIFIED. ) 
 CURVE ( )  GEOMETRIC_REPRESENTATION_ITEM ( )  RATIONAL_B_SPLINE_CURVE ( ( 1.000000000000000000, 0.3333333333333333703, 0.3333333333333333703, 1.000000000000000000 ) ) 
 REPRESENTATION_ITEM ( '' )  );
#4123 = DIRECTION ( 'NONE',  ( 1.000000000000000000, -0.000000000000000000, -0.000000000000000000 ) ) ;
#4124 = DIRECTION ( 'NONE',  ( 1.000000000000000000, 0.000000000000000000, 0.000000000000000000 ) ) ;
#4125 = SURFACE_STYLE_FILL_AREA ( #4951 ) ;
#4126 = DIRECTION ( 'NONE',  ( -1.000000000000000000, 0.000000000000000000, 0.000000000000000000 ) ) ;
#4127 = VECTOR ( 'NONE', #4506, 1000.000000000000000 ) ;
#4128 = CARTESIAN_POINT ( 'NONE',  ( 1.821523734920773574, -0.3516987777013035887, 2.629463003889801698 ) ) ;
#4129 = DIRECTION ( 'NONE',  ( 1.387778780781444196E-16, -3.330669073875468142E-16, 1.000000000000000000 ) ) ;
#4130 = PRESENTATION_STYLE_ASSIGNMENT (( #4527 ) ) ;
#4131 = CARTESIAN_POINT ( 'NONE',  ( 2.831523734920774693, -0.3763272458298356771, 4.315009138154978885 ) ) ;
#4132 = DIRECTION ( 'NONE',  ( 0.000000000000000000, 0.000000000000000000, -1.000000000000000000 ) ) ;
#4133 = VECTOR ( 'NONE', #4063, 1000.000000000000114 ) ;
#4134 = ORIENTED_EDGE ( 'NONE', *, *, #3498, .T. ) ;
#4135 = EDGE_CURVE ( 'NONE', #2790, #2678, #3176, .T. ) ;
#4136 = CARTESIAN_POINT ( 'NONE',  ( 0.03152373492077385764, 3.598301222298696089, 0.05862067213810127214 ) ) ;
#4137 = MECHANICAL_DESIGN_GEOMETRIC_PRESENTATION_REPRESENTATION (  '', ( #4315 ), #796 ) ;
#4138 = EDGE_LOOP ( 'NONE', ( #4313, #2345, #2134, #4768 ) ) ;
#4139 = FILL_AREA_STYLE_COLOUR ( '', #3107 ) ;
#4140 =( NAMED_UNIT ( * ) SI_UNIT ( $, .STERADIAN. ) SOLID_ANGLE_UNIT ( ) );
#4141 = ORIENTED_EDGE ( 'NONE', *, *, #820, .T. ) ;
#4142 = VERTEX_POINT ( 'NONE', #652 ) ;
#4143 = FACE_BOUND ( 'NONE', #2058, .T. ) ;
#4144 = EDGE_CURVE ( 'NONE', #4564, #2812, #4050, .T. ) ;
#4145 = AXIS2_PLACEMENT_3D ( 'NONE', #4448, #486, #957 ) ;
#4146 = EDGE_LOOP ( 'NONE', ( #1102, #4845, #4567 ) ) ;
#4147 = FACE_BOUND ( 'NONE', #3611, .T. ) ;
#4148 = CARTESIAN_POINT ( 'NONE',  ( -10.50000000000000000, -0.5516987777013027117, 1.050000000000003819 ) ) ;
#4149 = EDGE_CURVE ( 'NONE', #3832, #1787, #5362, .T. ) ;
#4150 = LINE ( 'NONE', #4920, #722 ) ;
#4151 = VECTOR ( 'NONE', #2437, 1000.000000000000000 ) ;
#4152 = DIRECTION ( 'NONE',  ( 8.659560562354957510E-17, 0.7071067811865456854, -0.7071067811865493491 ) ) ;
#4153 = DIRECTION ( 'NONE',  ( 0.000000000000000000, 1.112002228190259966E-16, -1.000000000000000000 ) ) ;
#4154 = EDGE_CURVE ( 'NONE', #826, #2439, #5282, .T. ) ;
#4155 = LINE ( 'NONE', #1090, #2987 ) ;
#4156 = VECTOR ( 'NONE', #2500, 1000.000000000000000 ) ;
#4157 = MECHANICAL_DESIGN_GEOMETRIC_PRESENTATION_REPRESENTATION (  '', ( #1565 ), #4244 ) ;
#4158 = CARTESIAN_POINT ( 'NONE',  ( 1.341523734920773814, -0.3516987777013035887, 2.629463003889801698 ) ) ;
#4159 = CARTESIAN_POINT ( 'NONE',  ( 10.50000000000000000, -1.451698777701307064, 13.55000000000000782 ) ) ;
#4160 = CARTESIAN_POINT ( 'NONE',  ( -1.278476265079225849, -0.3516987777013035887, 2.629463003889801698 ) ) ;
#4161 = DIRECTION ( 'NONE',  ( -0.000000000000000000, 1.000000000000000000, 3.469446951953615767E-15 ) ) ;
#4162 = ORIENTED_EDGE ( 'NONE', *, *, #160, .F. ) ;
#4163 = STYLED_ITEM ( 'NONE', ( #2906 ), #3547 ) ;
#4164 = CARTESIAN_POINT ( 'NONE',  ( -3.968476265079226017, -0.5516987777013035998, 4.058620672138101959 ) ) ;
#4165 = STYLED_ITEM ( 'NONE', ( #3868 ), #5093 ) ;
#4166 = FILL_AREA_STYLE ('',( #1892 ) ) ;
#4167 = PRESENTATION_LAYER_ASSIGNMENT (  '', '', ( #201 ) ) ;
#4168 = FILL_AREA_STYLE ('',( #2393 ) ) ;
#4169 = FACE_BOUND ( 'NONE', #2103, .T. ) ;
#4170 = ORIENTED_EDGE ( 'NONE', *, *, #2363, .F. ) ;
#4171 = CARTESIAN_POINT ( 'NONE',  ( 0.03152373492077385764, 3.598301222298696089, 0.05862067213810127214 ) ) ;
#4172 = DIRECTION ( 'NONE',  ( -0.000000000000000000, 1.000000000000000000, -0.000000000000000000 ) ) ;
#4173 = ORIENTED_EDGE ( 'NONE', *, *, #527, .F. ) ;
#4174 = CARTESIAN_POINT ( 'NONE',  ( 10.40000000000000036, -3.851698777701299647, -9.720000000000002416 ) ) ;
#4175 =( GEOMETRIC_REPRESENTATION_CONTEXT ( 3 ) GLOBAL_UNCERTAINTY_ASSIGNED_CONTEXT ( ( #3068 ) ) GLOBAL_UNIT_ASSIGNED_CONTEXT ( ( #5359, #981, #4876 ) ) REPRESENTATION_CONTEXT ( 'NONE', 'WORKASPACE' ) );
#4176 = EDGE_CURVE ( 'NONE', #3413, #1334, #4077, .T. ) ;
#4177 = ORIENTED_EDGE ( 'NONE', *, *, #141, .T. ) ;
#4178 = FACE_OUTER_BOUND ( 'NONE', #3620, .T. ) ;
#4179 = CARTESIAN_POINT ( 'NONE',  ( 10.40000000000000036, -1.951698777701299292, -9.600000000000001421 ) ) ;
#4180 = VERTEX_POINT ( 'NONE', #3781 ) ;
#4181 = EDGE_CURVE ( 'NONE', #136, #3749, #2994, .T. ) ;
#4182 = STYLED_ITEM ( 'NONE', ( #741 ), #4305 ) ;
#4183 = LINE ( 'NONE', #2322, #1762 ) ;
#4184 = PRESENTATION_LAYER_ASSIGNMENT (  '', '', ( #958 ) ) ;
#4185 = DIRECTION ( 'NONE',  ( -1.000000000000000000, -0.000000000000000000, -0.000000000000000000 ) ) ;
#4186 =( NAMED_UNIT ( * ) PLANE_ANGLE_UNIT ( ) SI_UNIT ( $, .RADIAN. ) );
#4187 = MECHANICAL_DESIGN_GEOMETRIC_PRESENTATION_REPRESENTATION (  '', ( #3168 ), #2431 ) ;
#4188 =( LENGTH_UNIT ( ) NAMED_UNIT ( * ) SI_UNIT ( .MILLI., .METRE. ) );
#4189 = MECHANICAL_DESIGN_GEOMETRIC_PRESENTATION_REPRESENTATION (  '', ( #2811 ), #2627 ) ;
#4190 = DIRECTION ( 'NONE',  ( 1.000000000000000000, 0.000000000000000000, 0.000000000000000000 ) ) ;
#4191 = VERTEX_POINT ( 'NONE', #5105 ) ;
#4192 = CARTESIAN_POINT ( 'NONE',  ( 10.40000000000000036, -1.451698777701299514, -9.600000000000001421 ) ) ;
#4193 = ORIENTED_EDGE ( 'NONE', *, *, #4738, .F. ) ;
#4194 =( NAMED_UNIT ( * ) SI_UNIT ( $, .STERADIAN. ) SOLID_ANGLE_UNIT ( ) );
#4195 = FACE_OUTER_BOUND ( 'NONE', #375, .T. ) ;
#4196 = ORIENTED_EDGE ( 'NONE', *, *, #475, .T. ) ;
#4197 = FILL_AREA_STYLE ('',( #4627 ) ) ;
#4198 = DIRECTION ( 'NONE',  ( -1.000000000000000000, 0.000000000000000000, 0.000000000000000000 ) ) ;
#4199 = CARTESIAN_POINT ( 'NONE',  ( -1.698476265079226000, -0.3516987777013035887, -2.862221659613599201 ) ) ;
#4200 = ORIENTED_EDGE ( 'NONE', *, *, #4796, .F. ) ;
#4201 = FACE_OUTER_BOUND ( 'NONE', #4242, .T. ) ;
#4202 = CARTESIAN_POINT ( 'NONE',  ( 0.3515237349207738782, -0.3516987777013036442, 2.629463003889801698 ) ) ;
#4203 = ORIENTED_EDGE ( 'NONE', *, *, #4149, .T. ) ;
#4204 = EDGE_CURVE ( 'NONE', #2311, #4314, #2510, .T. ) ;
#4205 = CARTESIAN_POINT ( 'NONE',  ( 1.680626011731303660, -0.3516987777013036442, 3.208620672138101870 ) ) ;
#4206 = EDGE_CURVE ( 'NONE', #3957, #4180, #5591, .T. ) ;
#4207 = PRESENTATION_LAYER_ASSIGNMENT (  '', '', ( #5125 ) ) ;
#4208 = DIRECTION ( 'NONE',  ( -0.6123724356957954695, -0.7071067811865474617, -0.3535533905932722876 ) ) ;
#4209 = VECTOR ( 'NONE', #5216, 1000.000000000000000 ) ;
#4210 = CARTESIAN_POINT ( 'NONE',  ( -3.968476265079257548, 2.698301222298696178, -3.941379327861930459 ) ) ;
#4211 = SURFACE_SIDE_STYLE ('',( #1602 ) ) ;
#4212 = EDGE_LOOP ( 'NONE', ( #1307, #2528 ) ) ;
#4213 =( LENGTH_UNIT ( ) NAMED_UNIT ( * ) SI_UNIT ( .MILLI., .METRE. ) );
#4214 = DIRECTION ( 'NONE',  ( 0.000000000000000000, -1.000000000000000000, 0.000000000000000000 ) ) ;
#4215 = DIRECTION ( 'NONE',  ( 1.000000000000000000, 0.000000000000000000, -1.084202172485504434E-16 ) ) ;
#4216 = CARTESIAN_POINT ( 'NONE',  ( 0.03152373492077385764, 4.398301222298695023, -2.241379327861898751 ) ) ;
#4217 = FILL_AREA_STYLE_COLOUR ( '', #33 ) ;
#4218 = ORIENTED_EDGE ( 'NONE', *, *, #4634, .F. ) ;
#4219 = FILL_AREA_STYLE ('',( #3740 ) ) ;
#4220 = COLOUR_RGB ( '',0.000000000000000000, 0.6235294117647058876, 0.06666666666666666574 ) ;
#4221 = PLANE ( 'NONE',  #765 ) ;
#4222 = ORIENTED_EDGE ( 'NONE', *, *, #996, .F. ) ;
#4223 = UNCERTAINTY_MEASURE_WITH_UNIT (LENGTH_MEASURE( 1.000000000000000082E-05 ), #649, 'distance_accuracy_value', 'NONE');
#4224 = EDGE_CURVE ( 'NONE', #1337, #1697, #1661, .T. ) ;
#4225 = FACE_OUTER_BOUND ( 'NONE', #1225, .T. ) ;
#4226 = CARTESIAN_POINT ( 'NONE',  ( -3.268476265079227172, 0.3966024445973921342, 12.31031652251693131 ) ) ;
#4227 = ORIENTED_EDGE ( 'NONE', *, *, #2001, .T. ) ;
#4228 = EDGE_LOOP ( 'NONE', ( #4409, #4430 ) ) ;
#4229 = UNCERTAINTY_MEASURE_WITH_UNIT (LENGTH_MEASURE( 1.000000000000000082E-05 ), #4918, 'distance_accuracy_value', 'NONE');
#4230 = FACE_OUTER_BOUND ( 'NONE', #3182, .T. ) ;
#4231 = COLOUR_RGB ( '',0.5176470588235293491, 0.5294117647058823595, 0.5490196078431373028 ) ;
#4232 = SURFACE_STYLE_USAGE ( .BOTH. , #2466 ) ;
#4233 = EDGE_CURVE ( 'NONE', #4792, #1648, #4293, .T. ) ;
#4234 = PRESENTATION_STYLE_ASSIGNMENT (( #308 ) ) ;
#4235 = PRESENTATION_LAYER_ASSIGNMENT (  '', '', ( #919 ) ) ;
#4236 = PRESENTATION_STYLE_ASSIGNMENT (( #1205 ) ) ;
#4237 = CIRCLE ( 'NONE', #277, 1.050000000000000488 ) ;
#4238 = CARTESIAN_POINT ( 'NONE',  ( -7.479999999999999538, -0.5516987777013057093, 9.100000000000006750 ) ) ;
#4239 = EDGE_CURVE ( 'NONE', #2142, #1151, #4269, .T. ) ;
#4240 = CARTESIAN_POINT ( 'NONE',  ( 1.981523734920773938, -0.3516987777013036998, 2.555884316397765144 ) ) ;
#4241 = CARTESIAN_POINT ( 'NONE',  ( 0.3515237349207738782, -0.3516987777013036442, -2.862221659613599201 ) ) ;
#4242 = EDGE_LOOP ( 'NONE', ( #5106, #3793, #4967, #848 ) ) ;
#4243 = LINE ( 'NONE', #1698, #2922 ) ;
#4244 =( GEOMETRIC_REPRESENTATION_CONTEXT ( 3 ) GLOBAL_UNCERTAINTY_ASSIGNED_CONTEXT ( ( #4793 ) ) GLOBAL_UNIT_ASSIGNED_CONTEXT ( ( #5186, #798, #2125 ) ) REPRESENTATION_CONTEXT ( 'NONE', 'WORKASPACE' ) );
#4245 = DIRECTION ( 'NONE',  ( 0.000000000000000000, 1.000000000000000000, 1.110223024625156540E-16 ) ) ;
#4246 = EDGE_CURVE ( 'NONE', #2178, #274, #5562, .T. ) ;
#4247 = SURFACE_STYLE_FILL_AREA ( #5533 ) ;
#4248 = ADVANCED_FACE ( 'NONE', ( #2885 ), #3433, .F. ) ;
#4249 = ORIENTED_EDGE ( 'NONE', *, *, #4274, .T. ) ;
#4250 =( NAMED_UNIT ( * ) SI_UNIT ( $, .STERADIAN. ) SOLID_ANGLE_UNIT ( ) );
#4251 = COLOUR_RGB ( '',1.000000000000000000, 0.6666666666666666297, 0.1843137254901960898 ) ;
#4252 = SURFACE_STYLE_FILL_AREA ( #1610 ) ;
#4253 = VERTEX_POINT ( 'NONE', #5188 ) ;
#4254 = CARTESIAN_POINT ( 'NONE',  ( 1.501523734920773512, -0.3516987777013036998, -2.788642972121563091 ) ) ;
#4255 =( GEOMETRIC_REPRESENTATION_CONTEXT ( 3 ) GLOBAL_UNCERTAINTY_ASSIGNED_CONTEXT ( ( #4223 ) ) GLOBAL_UNIT_ASSIGNED_CONTEXT ( ( #649, #4186, #4498 ) ) REPRESENTATION_CONTEXT ( 'NONE', 'WORKASPACE' ) );
#4256 = DIRECTION ( 'NONE',  ( 0.000000000000000000, 0.000000000000000000, -1.000000000000000000 ) ) ;
#4257 = EDGE_LOOP ( 'NONE', ( #1953, #1197 ) ) ;
#4258 = MECHANICAL_DESIGN_GEOMETRIC_PRESENTATION_REPRESENTATION (  '', ( #116 ), #5531 ) ;
#4259 = CARTESIAN_POINT ( 'NONE',  ( -1.758476265079226053, -0.3516987777013035887, 2.629463003889801698 ) ) ;
#4260 = LINE ( 'NONE', #4179, #4946 ) ;
#4261 = ORIENTED_EDGE ( 'NONE', *, *, #1112, .T. ) ;
#4262 = ORIENTED_EDGE ( 'NONE', *, *, #5654, .T. ) ;
#4263 = STYLED_ITEM ( 'NONE', ( #685 ), #4555 ) ;
#4264 = CARTESIAN_POINT ( 'NONE',  ( -0.3184762650792260508, -0.3516987777013036998, -2.788642972121562646 ) ) ;
#4265 = LINE ( 'NONE', #4378, #2438 ) ;
#4266 =( BOUNDED_CURVE ( )  B_SPLINE_CURVE ( 3, ( #3720, #1449, #5466, #5351 ),
 .UNSPECIFIED., .F., .T. ) 
 B_SPLINE_CURVE_WITH_KNOTS ( ( 4, 4 ),
 ( 1.570796326794896558, 4.712388980384689674 ),
 .UNSPECIFIED. ) 
 CURVE ( )  GEOMETRIC_REPRESENTATION_ITEM ( )  RATIONAL_B_SPLINE_CURVE ( ( 1.000000000000000000, 0.3333333333333333703, 0.3333333333333333703, 1.000000000000000000 ) ) 
 REPRESENTATION_ITEM ( '' )  );
#4267 = DIRECTION ( 'NONE',  ( 0.000000000000000000, 0.000000000000000000, 1.000000000000000000 ) ) ;
#4268 = DIRECTION ( 'NONE',  ( 0.000000000000000000, 1.000000000000000000, 0.000000000000000000 ) ) ;
#4269 = LINE ( 'NONE', #1629, #2886 ) ;
#4270 = VECTOR ( 'NONE', #1326, 1000.000000000000000 ) ;
#4271 = ORIENTED_EDGE ( 'NONE', *, *, #2930, .T. ) ;
#4272 = DIRECTION ( 'NONE',  ( 0.000000000000000000, 1.000000000000000000, 1.110223024625156540E-16 ) ) ;
#4273 = SURFACE_STYLE_USAGE ( .BOTH. , #4786 ) ;
#4274 = EDGE_CURVE ( 'NONE', #3001, #1620, #2146, .T. ) ;
#4275 = VECTOR ( 'NONE', #448, 1000.000000000000227 ) ;
#4276 =( NAMED_UNIT ( * ) SI_UNIT ( $, .STERADIAN. ) SOLID_ANGLE_UNIT ( ) );
#4277 = ORIENTED_EDGE ( 'NONE', *, *, #5366, .T. ) ;
#4278 = DIRECTION ( 'NONE',  ( -1.000000000000000000, 0.000000000000000000, 0.000000000000000000 ) ) ;
#4279 = ORIENTED_EDGE ( 'NONE', *, *, #2880, .F. ) ;
#4280 = LINE ( 'NONE', #1640, #4977 ) ;
#4281 = UNCERTAINTY_MEASURE_WITH_UNIT (LENGTH_MEASURE( 1.000000000000000082E-05 ), #1412, 'distance_accuracy_value', 'NONE');
#4282 = VECTOR ( 'NONE', #5678, 1000.000000000000000 ) ;
#4283 = LINE ( 'NONE', #2077, #196 ) ;
#4284 = EDGE_CURVE ( 'NONE', #4893, #5055, #4755, .T. ) ;
#4285 = LINE ( 'NONE', #439, #2948 ) ;
#4286 = VERTEX_POINT ( 'NONE', #259 ) ;
#4287 = CIRCLE ( 'NONE', #4379, 1.000000000000000000 ) ;
#4288 = ORIENTED_EDGE ( 'NONE', *, *, #2337, .F. ) ;
#4289 = ORIENTED_EDGE ( 'NONE', *, *, #4135, .F. ) ;
#4290 = DIRECTION ( 'NONE',  ( 0.000000000000000000, 1.000000000000000000, 1.110223024625156540E-16 ) ) ;
#4291 = CARTESIAN_POINT ( 'NONE',  ( 0.3515237349207738782, -0.3516987777013036442, 2.629463003889801698 ) ) ;
#4292 = CARTESIAN_POINT ( 'NONE',  ( -1.218476265079226017, -0.3516987777013036998, -2.788642972121563091 ) ) ;
#4293 = LINE ( 'NONE', #1209, #2795 ) ;
#4294 = PRESENTATION_LAYER_ASSIGNMENT (  '', '', ( #336 ) ) ;
#4295 = CARTESIAN_POINT ( 'NONE',  ( 10.50000000000000000, -1.451698777701307286, 13.55000000000000782 ) ) ;
#4296 = FACE_OUTER_BOUND ( 'NONE', #5370, .T. ) ;
#4297 = LINE ( 'NONE', #5564, #4942 ) ;
#4298 = DIRECTION ( 'NONE',  ( -1.000000000000000000, -0.000000000000000000, -0.000000000000000000 ) ) ;
#4299 = MECHANICAL_DESIGN_GEOMETRIC_PRESENTATION_REPRESENTATION (  '', ( #1503 ), #5679 ) ;
#4300 = COLOUR_RGB ( '',1.000000000000000000, 0.6666666666666666297, 0.1843137254901960898 ) ;
#4301 = LINE ( 'NONE', #3438, #5585 ) ;
#4302 = CARTESIAN_POINT ( 'NONE',  ( -2.768476265079226284, -0.4516987777013034555, 4.058620672138077090 ) ) ;
#4303 = ORIENTED_EDGE ( 'NONE', *, *, #3257, .F. ) ;
#4304 = SURFACE_STYLE_USAGE ( .BOTH. , #5113 ) ;
#4305 = ADVANCED_FACE ( 'NONE', ( #4674 ), #2003, .F. ) ;
#4306 = ORIENTED_EDGE ( 'NONE', *, *, #4454, .T. ) ;
#4307 = DIRECTION ( 'NONE',  ( -1.000000000000000000, -4.622231866529362763E-32, 1.387778780781444936E-16 ) ) ;
#4308 = FILL_AREA_STYLE ('',( #782 ) ) ;
#4309 = VECTOR ( 'NONE', #991, 1000.000000000000000 ) ;
#4310 = VERTEX_POINT ( 'NONE', #5644 ) ;
#4311 = CARTESIAN_POINT ( 'NONE',  ( 9.400000000000000355, -3.051698777701299381, -9.500000000000001776 ) ) ;
#4312 = EDGE_CURVE ( 'NONE', #605, #2733, #3519, .T. ) ;
#4313 = ORIENTED_EDGE ( 'NONE', *, *, #5572, .F. ) ;
#4314 = VERTEX_POINT ( 'NONE', #2157 ) ;
#4315 = STYLED_ITEM ( 'NONE', ( #1299 ), #1316 ) ;
#4316 = EDGE_CURVE ( 'NONE', #2372, #2455, #5694, .T. ) ;
#4317 = CARTESIAN_POINT ( 'NONE',  ( -0.1584762650792261029, -0.3516987777013036998, -2.788642972121562646 ) ) ;
#4318 = PLANE ( 'NONE',  #1498 ) ;
#4319 =( GEOMETRIC_REPRESENTATION_CONTEXT ( 3 ) GLOBAL_UNCERTAINTY_ASSIGNED_CONTEXT ( ( #4688 ) ) GLOBAL_UNIT_ASSIGNED_CONTEXT ( ( #5484, #5115, #3274 ) ) REPRESENTATION_CONTEXT ( 'NONE', 'WORKASPACE' ) );
#4320 = AXIS2_PLACEMENT_3D ( 'NONE', #1534, #1603, #67 ) ;
#4321 = DIRECTION ( 'NONE',  ( -0.000000000000000000, 1.000000000000000000, -0.000000000000000000 ) ) ;
#4322 = DIRECTION ( 'NONE',  ( 0.000000000000000000, 0.000000000000000000, -1.000000000000000000 ) ) ;
#4323 = ADVANCED_FACE ( 'NONE', ( #1783 ), #3164, .F. ) ;
#4324 =( BOUNDED_CURVE ( )  B_SPLINE_CURVE ( 3, ( #5568, #5220, #1268, #1581 ),
 .UNSPECIFIED., .F., .T. ) 
 B_SPLINE_CURVE_WITH_KNOTS ( ( 4, 4 ),
 ( 1.570796326794896558, 4.712388980384689674 ),
 .UNSPECIFIED. ) 
 CURVE ( )  GEOMETRIC_REPRESENTATION_ITEM ( )  RATIONAL_B_SPLINE_CURVE ( ( 1.000000000000000000, 0.3333333333333333703, 0.3333333333333333703, 1.000000000000000000 ) ) 
 REPRESENTATION_ITEM ( '' )  );
#4325 = FILL_AREA_STYLE ('',( #2596 ) ) ;
#4326 = ORIENTED_EDGE ( 'NONE', *, *, #386, .F. ) ;
#4327 = DIRECTION ( 'NONE',  ( -1.000000000000000000, 0.000000000000000000, 0.000000000000000000 ) ) ;
#4328 = STYLED_ITEM ( 'NONE', ( #5027 ), #3008 ) ;
#4329 = CARTESIAN_POINT ( 'NONE',  ( -10.40000000000000036, -3.851698777701299647, -9.500000000000001776 ) ) ;
#4330 = CARTESIAN_POINT ( 'NONE',  ( 9.400000000000000355, -3.051698777701299381, -9.720000000000000639 ) ) ;
#4331 = CARTESIAN_POINT ( 'NONE',  ( 0.3515237349207738782, -0.3516987777013036442, -2.862221659613599201 ) ) ;
#4332 = CARTESIAN_POINT ( 'NONE',  ( -2.768476265079226728, 0.09660244459739220080, 7.810316522516929538 ) ) ;
#4333 = VERTEX_POINT ( 'NONE', #863 ) ;
#4334 =( NAMED_UNIT ( * ) SI_UNIT ( $, .STERADIAN. ) SOLID_ANGLE_UNIT ( ) );
#4335 = ORIENTED_EDGE ( 'NONE', *, *, #4204, .T. ) ;
#4336 = FILL_AREA_STYLE ('',( #5692 ) ) ;
#4337 = UNCERTAINTY_MEASURE_WITH_UNIT (LENGTH_MEASURE( 1.000000000000000082E-05 ), #5398, 'distance_accuracy_value', 'NONE');
#4338 = LINE ( 'NONE', #2610, #1912 ) ;
#4339 = EDGE_CURVE ( 'NONE', #1982, #1639, #37, .T. ) ;
#4340 = EDGE_LOOP ( 'NONE', ( #59, #4088, #1231, #4419 ) ) ;
#4341 = DIRECTION ( 'NONE',  ( 0.4999999999999919509, 0.000000000000000000, -0.8660254037844432595 ) ) ;
#4342 = EDGE_LOOP ( 'NONE', ( #1255, #3831 ) ) ;
#4343 = STYLED_ITEM ( 'NONE', ( #2298 ), #4937 ) ;
#4344 = VERTEX_POINT ( 'NONE', #5244 ) ;
#4345 = UNCERTAINTY_MEASURE_WITH_UNIT (LENGTH_MEASURE( 1.000000000000000082E-05 ), #3701, 'distance_accuracy_value', 'NONE');
#4346 = EDGE_CURVE ( 'NONE', #1308, #4543, #3943, .T. ) ;
#4347 = CIRCLE ( 'NONE', #2593, 0.4999999999999995559 ) ;
#4348 = EDGE_LOOP ( 'NONE', ( #2902, #1616, #4910, #3592 ) ) ;
#4349 = FACE_BOUND ( 'NONE', #1556, .T. ) ;
#4350 = LINE ( 'NONE', #3452, #402 ) ;
#4351 = ORIENTED_EDGE ( 'NONE', *, *, #2618, .F. ) ;
#4352 = ADVANCED_FACE ( 'NONE', ( #427 ), #3111, .F. ) ;
#4353 = AXIS2_PLACEMENT_3D ( 'NONE', #4104, #510, #1884 ) ;
#4354 =( NAMED_UNIT ( * ) PLANE_ANGLE_UNIT ( ) SI_UNIT ( $, .RADIAN. ) );
#4355 = CARTESIAN_POINT ( 'NONE',  ( -3.268476265079227172, 0.3966024445973921342, 12.31031652251693131 ) ) ;
#4356 = DIRECTION ( 'NONE',  ( 0.000000000000000000, 0.000000000000000000, 1.000000000000000000 ) ) ;
#4357 = CARTESIAN_POINT ( 'NONE',  ( 1.661523734920773654, -0.3516987777013035887, -2.862221659613599201 ) ) ;
#4358 = MECHANICAL_DESIGN_GEOMETRIC_PRESENTATION_REPRESENTATION (  '', ( #128 ), #1852 ) ;
#4359 = CARTESIAN_POINT ( 'NONE',  ( -1.278476265079225849, -0.3516987777013035887, -2.862221659613599201 ) ) ;
#4360 = PRESENTATION_STYLE_ASSIGNMENT (( #2600 ) ) ;
#4361 =( BOUNDED_CURVE ( )  B_SPLINE_CURVE ( 3, ( #2295, #4068, #1881, #121 ),
 .UNSPECIFIED., .F., .T. ) 
 B_SPLINE_CURVE_WITH_KNOTS ( ( 4, 4 ),
 ( 1.570796326794896558, 4.712388980384689674 ),
 .UNSPECIFIED. ) 
 CURVE ( )  GEOMETRIC_REPRESENTATION_ITEM ( )  RATIONAL_B_SPLINE_CURVE ( ( 1.000000000000000000, 0.3333333333333333703, 0.3333333333333333703, 1.000000000000000000 ) ) 
 REPRESENTATION_ITEM ( '' )  );
#4362 = CARTESIAN_POINT ( 'NONE',  ( 0.03152373492077385764, 3.598301222298696089, 0.05862067213810127214 ) ) ;
#4363 = ORIENTED_EDGE ( 'NONE', *, *, #1826, .F. ) ;
#4364 = VECTOR ( 'NONE', #2605, 1000.000000000000000 ) ;
#4365 = LINE ( 'NONE', #2165, #3810 ) ;
#4366 = EDGE_LOOP ( 'NONE', ( #4905, #5289 ) ) ;
#4367 = FACE_OUTER_BOUND ( 'NONE', #3717, .T. ) ;
#4368 = SURFACE_STYLE_USAGE ( .BOTH. , #3385 ) ;
#4369 = STYLED_ITEM ( 'NONE', ( #3603 ), #4405 ) ;
#4370 = PRESENTATION_STYLE_ASSIGNMENT (( #3386 ) ) ;
#4371 = ORIENTED_EDGE ( 'NONE', *, *, #3725, .F. ) ;
#4372 = CARTESIAN_POINT ( 'NONE',  ( 2.831523734920773805, -0.4516987777013034555, 4.058620672138077090 ) ) ;
#4373 = VECTOR ( 'NONE', #713, 1000.000000000000000 ) ;
#4374 = ORIENTED_EDGE ( 'NONE', *, *, #1002, .T. ) ;
#4375 = VERTEX_POINT ( 'NONE', #3256 ) ;
#4376 =( GEOMETRIC_REPRESENTATION_CONTEXT ( 3 ) GLOBAL_UNCERTAINTY_ASSIGNED_CONTEXT ( ( #2430 ) ) GLOBAL_UNIT_ASSIGNED_CONTEXT ( ( #4732, #768, #1262 ) ) REPRESENTATION_CONTEXT ( 'NONE', 'WORKASPACE' ) );
#4377 = STYLED_ITEM ( 'NONE', ( #4236 ), #2296 ) ;
#4378 = CARTESIAN_POINT ( 'NONE',  ( -2.768476265079226728, 0.1961442447639585307, 7.800754617915893974 ) ) ;
#4379 = AXIS2_PLACEMENT_3D ( 'NONE', #3595, #5347, #3332 ) ;
#4380 = EDGE_LOOP ( 'NONE', ( #2842, #4262, #81, #1773 ) ) ;
#4381 = FACE_BOUND ( 'NONE', #2890, .T. ) ;
#4382 = CARTESIAN_POINT ( 'NONE',  ( 0.3515237349207738782, -0.3516987777013036442, 2.629463003889801698 ) ) ;
#4383 = EDGE_CURVE ( 'NONE', #440, #2821, #4361, .T. ) ;
#4384 = DIRECTION ( 'NONE',  ( 1.387778780781444196E-16, -3.330669073875468142E-16, 1.000000000000000000 ) ) ;
#4385 = CARTESIAN_POINT ( 'NONE',  ( -2.768476265079226284, 0.1260842136544526870, 7.024596265243067350 ) ) ;
#4386 = EDGE_CURVE ( 'NONE', #4479, #1985, #783, .T. ) ;
#4387 = DIRECTION ( 'NONE',  ( 0.000000000000000000, 1.000000000000000000, 3.330669073875468635E-16 ) ) ;
#4388 = CARTESIAN_POINT ( 'NONE',  ( 0.000000000000000000, -0.5516987777012996030, -9.000000000000000000 ) ) ;
#4389 = ADVANCED_FACE ( 'NONE', ( #4521 ), #1004, .F. ) ;
#4390 = PRESENTATION_STYLE_ASSIGNMENT (( #838 ) ) ;
#4391 = PRESENTATION_STYLE_ASSIGNMENT (( #3116 ) ) ;
#4392 = ORIENTED_EDGE ( 'NONE', *, *, #1759, .T. ) ;
#4393 = SURFACE_STYLE_USAGE ( .BOTH. , #4878 ) ;
#4394 = VECTOR ( 'NONE', #3158, 1000.000000000000000 ) ;
#4395 = EDGE_LOOP ( 'NONE', ( #5699, #3899, #2333, #3096 ) ) ;
#4396 = SURFACE_STYLE_USAGE ( .BOTH. , #876 ) ;
#4397 = UNCERTAINTY_MEASURE_WITH_UNIT (LENGTH_MEASURE( 1.000000000000000082E-05 ), #3370, 'distance_accuracy_value', 'NONE');
#4398 =( LENGTH_UNIT ( ) NAMED_UNIT ( * ) SI_UNIT ( .MILLI., .METRE. ) );
#4399 = AXIS2_PLACEMENT_3D ( 'NONE', #4502, #2646, #3998 ) ;
#4400 = CARTESIAN_POINT ( 'NONE',  ( -9.400000000000000355, -3.051698777701299381, -9.000000000000000000 ) ) ;
#4401 = ORIENTED_EDGE ( 'NONE', *, *, #3635, .F. ) ;
#4402 = LINE ( 'NONE', #5666, #1265 ) ;
#4403 = CIRCLE ( 'NONE', #4034, 1.050000000000000488 ) ;
#4404 = VERTEX_POINT ( 'NONE', #5470 ) ;
#4405 = ADVANCED_FACE ( 'NONE', ( #1509 ), #954, .T. ) ;
#4406 = VERTEX_POINT ( 'NONE', #457 ) ;
#4407 = FACE_OUTER_BOUND ( 'NONE', #1689, .T. ) ;
#4408 = MECHANICAL_DESIGN_GEOMETRIC_PRESENTATION_REPRESENTATION (  '', ( #4947 ), #4589 ) ;
#4409 = ORIENTED_EDGE ( 'NONE', *, *, #1441, .T. ) ;
#4410 = DIRECTION ( 'NONE',  ( -0.000000000000000000, -0.000000000000000000, -1.000000000000000000 ) ) ;
#4411 = DIRECTION ( 'NONE',  ( 0.000000000000000000, -1.000000000000000000, 0.000000000000000000 ) ) ;
#4412 = SURFACE_STYLE_USAGE ( .BOTH. , #764 ) ;
#4413 = ADVANCED_FACE ( 'NONE', ( #841 ), #4790, .F. ) ;
#4414 = SURFACE_STYLE_FILL_AREA ( #3515 ) ;
#4415 = PRESENTATION_STYLE_ASSIGNMENT (( #2595 ) ) ;
#4416 = VECTOR ( 'NONE', #533, 1000.000000000000000 ) ;
#4417 = EDGE_CURVE ( 'NONE', #134, #2281, #406, .T. ) ;
#4418 = DIRECTION ( 'NONE',  ( 1.000000000000000000, 0.000000000000000000, 0.000000000000000000 ) ) ;
#4419 = ORIENTED_EDGE ( 'NONE', *, *, #2267, .T. ) ;
#4420 =( NAMED_UNIT ( * ) SI_UNIT ( $, .STERADIAN. ) SOLID_ANGLE_UNIT ( ) );
#4421 = VECTOR ( 'NONE', #2521, 1000.000000000000000 ) ;
#4422 = CARTESIAN_POINT ( 'NONE',  ( 0.3515237349207738782, -0.3516987777013036442, -2.862221659613599201 ) ) ;
#4423 = EDGE_LOOP ( 'NONE', ( #4401, #4351, #5608, #3317 ) ) ;
#4424 = DIRECTION ( 'NONE',  ( 0.000000000000000000, 0.000000000000000000, -1.000000000000000000 ) ) ;
#4425 = STYLED_ITEM ( 'NONE', ( #1364 ), #1107 ) ;
#4426 = EDGE_CURVE ( 'NONE', #2372, #2455, #3991, .T. ) ;
#4427 = CARTESIAN_POINT ( 'NONE',  ( 2.241523734920773947, -0.3516987777013035887, 2.629463003889801698 ) ) ;
#4428 = PLANE ( 'NONE',  #1012 ) ;
#4429 = VECTOR ( 'NONE', #2522, 1000.000000000000000 ) ;
#4430 = ORIENTED_EDGE ( 'NONE', *, *, #5572, .T. ) ;
#4431 = CARTESIAN_POINT ( 'NONE',  ( 0.03152373492077385764, 3.598301222298696089, 0.05862067213810127214 ) ) ;
#4432 = ORIENTED_EDGE ( 'NONE', *, *, #1288, .T. ) ;
#4433 = ORIENTED_EDGE ( 'NONE', *, *, #4816, .T. ) ;
#4434 =( LENGTH_UNIT ( ) NAMED_UNIT ( * ) SI_UNIT ( .MILLI., .METRE. ) );
#4435 = STYLED_ITEM ( 'NONE', ( #2560 ), #831 ) ;
#4436 = CARTESIAN_POINT ( 'NONE',  ( 9.400000000000000355, -1.951698777701299292, -9.500000000000001776 ) ) ;
#4437 = CONICAL_SURFACE ( 'NONE', #5065, 2.299999999999999822, 0.7853981633974482790 ) ;
#4438 = ORIENTED_EDGE ( 'NONE', *, *, #125, .F. ) ;
#4439 = CARTESIAN_POINT ( 'NONE',  ( -3.968476265079226017, -0.5516987777013035998, 4.058620672138101959 ) ) ;
#4440 =( LENGTH_UNIT ( ) NAMED_UNIT ( * ) SI_UNIT ( .MILLI., .METRE. ) );
#4441 = COLOUR_RGB ( '',1.000000000000000000, 0.000000000000000000, 0.000000000000000000 ) ;
#4442 =( GEOMETRIC_REPRESENTATION_CONTEXT ( 3 ) GLOBAL_UNCERTAINTY_ASSIGNED_CONTEXT ( ( #2020 ) ) GLOBAL_UNIT_ASSIGNED_CONTEXT ( ( #1179, #5615, #4700 ) ) REPRESENTATION_CONTEXT ( 'NONE', 'WORKASPACE' ) );
#4443 = SURFACE_STYLE_FILL_AREA ( #90 ) ;
#4444 = CIRCLE ( 'NONE', #5444, 1.050000000000000488 ) ;
#4445 =( NAMED_UNIT ( * ) PLANE_ANGLE_UNIT ( ) SI_UNIT ( $, .RADIAN. ) );
#4446 = CARTESIAN_POINT ( 'NONE',  ( 1.121523734920773840, -0.3516987777013035887, -2.862221659613599201 ) ) ;
#4447 = CARTESIAN_POINT ( 'NONE',  ( 0.9615237349207739204, -0.3516987777013036998, -2.788642972121562646 ) ) ;
#4448 = CARTESIAN_POINT ( 'NONE',  ( 0.03152373492077385764, 3.398301222298695912, 0.05862067213810127214 ) ) ;
#4449 = FACE_OUTER_BOUND ( 'NONE', #3839, .T. ) ;
#4450 = DIRECTION ( 'NONE',  ( 1.000000000000000000, 0.000000000000000000, 0.000000000000000000 ) ) ;
#4451 = CARTESIAN_POINT ( 'NONE',  ( 3.831523734920773361, 0.3966024445973921342, 8.310316522516931315 ) ) ;
#4452 = ORIENTED_EDGE ( 'NONE', *, *, #125, .T. ) ;
#4453 = UNCERTAINTY_MEASURE_WITH_UNIT (LENGTH_MEASURE( 1.000000000000000082E-05 ), #286, 'distance_accuracy_value', 'NONE');
#4454 = EDGE_CURVE ( 'NONE', #1465, #245, #899, .T. ) ;
#4455 =( NAMED_UNIT ( * ) SI_UNIT ( $, .STERADIAN. ) SOLID_ANGLE_UNIT ( ) );
#4456 = CARTESIAN_POINT ( 'NONE',  ( -1.378476265079226160, -0.3516987777013035887, -2.862221659613599201 ) ) ;
#4457 = STYLED_ITEM ( 'NONE', ( #2568 ), #4323 ) ;
#4458 = EDGE_LOOP ( 'NONE', ( #726, #3383 ) ) ;
#4459 = EDGE_LOOP ( 'NONE', ( #1708, #573, #5527, #3020 ) ) ;
#4460 = ORIENTED_EDGE ( 'NONE', *, *, #118, .T. ) ;
#4461 = ADVANCED_FACE ( 'NONE', ( #3935 ), #3089, .F. ) ;
#4462 =( GEOMETRIC_REPRESENTATION_CONTEXT ( 3 ) GLOBAL_UNCERTAINTY_ASSIGNED_CONTEXT ( ( #1731 ) ) GLOBAL_UNIT_ASSIGNED_CONTEXT ( ( #982, #1916, #2275 ) ) REPRESENTATION_CONTEXT ( 'NONE', 'WORKASPACE' ) );
#4463 = EDGE_LOOP ( 'NONE', ( #742, #4090, #4818, #1071 ) ) ;
#4464 =( GEOMETRIC_REPRESENTATION_CONTEXT ( 3 ) GLOBAL_UNCERTAINTY_ASSIGNED_CONTEXT ( ( #3007 ) ) GLOBAL_UNIT_ASSIGNED_CONTEXT ( ( #4440, #4012, #1373 ) ) REPRESENTATION_CONTEXT ( 'NONE', 'WORKASPACE' ) );
#4465 = FACE_BOUND ( 'NONE', #4858, .T. ) ;
#4466 = DIRECTION ( 'NONE',  ( -1.000000000000000000, 0.000000000000000000, 0.000000000000000000 ) ) ;
#4467 = CARTESIAN_POINT ( 'NONE',  ( 0.03152373492077385764, 2.120176222298697066, 0.05862067213810127214 ) ) ;
#4468 = DIRECTION ( 'NONE',  ( 0.000000000000000000, -3.330669073875468635E-16, 1.000000000000000000 ) ) ;
#4469 = SURFACE_STYLE_USAGE ( .BOTH. , #3225 ) ;
#4470 = CARTESIAN_POINT ( 'NONE',  ( 12.50000000000000178, -0.5516987777013074856, 14.50000000000001243 ) ) ;
#4471 = DIRECTION ( 'NONE',  ( -1.000000000000000000, 4.166675360453153816E-32, -1.251002506714043540E-16 ) ) ;
#4472 =( NAMED_UNIT ( * ) SI_UNIT ( $, .STERADIAN. ) SOLID_ANGLE_UNIT ( ) );
#4473 = CARTESIAN_POINT ( 'NONE',  ( 0.6415237349207739692, -0.3516987777013035887, -2.862221659613599201 ) ) ;
#4474 = CARTESIAN_POINT ( 'NONE',  ( 9.400000000000000355, -1.951698777701299514, -9.000000000000000000 ) ) ;
#4475 = VERTEX_POINT ( 'NONE', #3466 ) ;
#4476 =( LENGTH_UNIT ( ) NAMED_UNIT ( * ) SI_UNIT ( .MILLI., .METRE. ) );
#4477 = DIRECTION ( 'NONE',  ( 1.000000000000000000, -6.933347799794049071E-32, 2.081668171172169006E-16 ) ) ;
#4478 = EDGE_CURVE ( 'NONE', #3924, #3496, #61, .T. ) ;
#4479 = VERTEX_POINT ( 'NONE', #435 ) ;
#4480 = EDGE_LOOP ( 'NONE', ( #5538, #1897 ) ) ;
#4481 = VERTEX_POINT ( 'NONE', #1069 ) ;
#4482 = DIRECTION ( 'NONE',  ( -0.000000000000000000, -1.000000000000000000, -0.000000000000000000 ) ) ;
#4483 =( GEOMETRIC_REPRESENTATION_CONTEXT ( 3 ) GLOBAL_UNCERTAINTY_ASSIGNED_CONTEXT ( ( #461 ) ) GLOBAL_UNIT_ASSIGNED_CONTEXT ( ( #432, #3030, #4788 ) ) REPRESENTATION_CONTEXT ( 'NONE', 'WORKASPACE' ) );
#4484 = LINE ( 'NONE', #1845, #583 ) ;
#4485 = EDGE_CURVE ( 'NONE', #270, #2849, #1432, .T. ) ;
#4486 = VECTOR ( 'NONE', #3407, 1000.000000000000000 ) ;
#4487 = EDGE_LOOP ( 'NONE', ( #24, #442 ) ) ;
#4488 = DIRECTION ( 'NONE',  ( 1.000000000000000000, 0.000000000000000000, 0.000000000000000000 ) ) ;
#4489 = CARTESIAN_POINT ( 'NONE',  ( 0.3515237349207738782, -0.3516987777013036442, -2.862221659613599201 ) ) ;
#4490 = EDGE_CURVE ( 'NONE', #1370, #2613, #3697, .T. ) ;
#4491 = PRODUCT_DEFINITION_FORMATION_WITH_SPECIFIED_SOURCE ( 'ANY', '', #1996, .NOT_KNOWN. ) ;
#4492 = CONICAL_SURFACE ( 'NONE', #1995, 1.000000000000000000, 0.7853981633974485010 ) ;
#4493 = CARTESIAN_POINT ( 'NONE',  ( -1.099927705371577913, -0.3516987777013036442, -3.291379327861898130 ) ) ;
#4494 = LINE ( 'NONE', #979, #2959 ) ;
#4495 = CARTESIAN_POINT ( 'NONE',  ( 0.03152373492077385764, 3.598301222298696089, 0.05862067213810127214 ) ) ;
#4496 = ADVANCED_FACE ( 'NONE', ( #5447 ), #4556, .F. ) ;
#4497 = CARTESIAN_POINT ( 'NONE',  ( 0.4815237349207739381, -0.3516987777013036442, 2.629463003889801698 ) ) ;
#4498 =( NAMED_UNIT ( * ) SI_UNIT ( $, .STERADIAN. ) SOLID_ANGLE_UNIT ( ) );
#4499 = CARTESIAN_POINT ( 'NONE',  ( 2.831523734920774249, 0.09660244459739220080, 7.810316522516929538 ) ) ;
#4500 = CARTESIAN_POINT ( 'NONE',  ( 0.8015237349207738893, -0.3516987777013035887, -2.862221659613599201 ) ) ;
#4501 = VERTEX_POINT ( 'NONE', #5014 ) ;
#4502 = CARTESIAN_POINT ( 'NONE',  ( 3.331523734920773805, 0.3966024445973921342, 12.31031652251693131 ) ) ;
#4503 = CARTESIAN_POINT ( 'NONE',  ( 2.401523734920773645, -0.3516987777013035887, -2.862221659613599201 ) ) ;
#4504 = ORIENTED_EDGE ( 'NONE', *, *, #5267, .T. ) ;
#4505 = AXIS2_PLACEMENT_3D ( 'NONE', #3058, #2740, #1061 ) ;
#4506 = DIRECTION ( 'NONE',  ( -1.000000000000000000, -0.000000000000000000, -0.000000000000000000 ) ) ;
#4507 = ORIENTED_EDGE ( 'NONE', *, *, #2042, .F. ) ;
#4508 = VERTEX_POINT ( 'NONE', #4159 ) ;
#4509 = CARTESIAN_POINT ( 'NONE',  ( -3.968476265079226906, -0.3516987777013036442, -3.941379327861898485 ) ) ;
#4510 =( BOUNDED_CURVE ( )  B_SPLINE_CURVE ( 3, ( #960, #3090, #1728, #491 ),
 .UNSPECIFIED., .F., .T. ) 
 B_SPLINE_CURVE_WITH_KNOTS ( ( 4, 4 ),
 ( 1.570796326794896558, 4.712388980384689674 ),
 .UNSPECIFIED. ) 
 CURVE ( )  GEOMETRIC_REPRESENTATION_ITEM ( )  RATIONAL_B_SPLINE_CURVE ( ( 1.000000000000000000, 0.3333333333333333703, 0.3333333333333333703, 1.000000000000000000 ) ) 
 REPRESENTATION_ITEM ( '' )  );
#4511 = VECTOR ( 'NONE', #238, 1000.000000000000000 ) ;
#4512 = CARTESIAN_POINT ( 'NONE',  ( 0.03152373492077385764, 4.398301222298695023, 1.058620672138101293 ) ) ;
#4513 = ORIENTED_EDGE ( 'NONE', *, *, #1567, .T. ) ;
#4514 = CARTESIAN_POINT ( 'NONE',  ( 3.831523734920773361, 0.09660244459739220080, 8.310316522516931315 ) ) ;
#4515 = CARTESIAN_POINT ( 'NONE',  ( 3.331523734920773805, 0.3966024445973921342, 12.81031652251693131 ) ) ;
#4516 = ADVANCED_FACE ( 'NONE', ( #2831 ), #2330, .F. ) ;
#4517 =( BOUNDED_CURVE ( )  B_SPLINE_CURVE ( 3, ( #3179, #19, #4824, #4427 ),
 .UNSPECIFIED., .F., .T. ) 
 B_SPLINE_CURVE_WITH_KNOTS ( ( 4, 4 ),
 ( 1.570796326794896558, 4.712388980384689674 ),
 .UNSPECIFIED. ) 
 CURVE ( )  GEOMETRIC_REPRESENTATION_ITEM ( )  RATIONAL_B_SPLINE_CURVE ( ( 1.000000000000000000, 0.3333333333333333703, 0.3333333333333333703, 1.000000000000000000 ) ) 
 REPRESENTATION_ITEM ( '' )  );
#4518 = DIRECTION ( 'NONE',  ( 1.084202172485504434E-16, -0.000000000000000000, 1.000000000000000000 ) ) ;
#4519 = PRESENTATION_LAYER_ASSIGNMENT (  '', '', ( #5628 ) ) ;
#4520 = CARTESIAN_POINT ( 'NONE',  ( 0.3515237349207738782, -0.3516987777013036442, 2.629463003889801698 ) ) ;
#4521 = FACE_OUTER_BOUND ( 'NONE', #912, .T. ) ;
#4522 = VECTOR ( 'NONE', #2507, 1000.000000000000000 ) ;
#4523 = LINE ( 'NONE', #560, #2059 ) ;
#4524 = VECTOR ( 'NONE', #4466, 1000.000000000000000 ) ;
#4525 = CARTESIAN_POINT ( 'NONE',  ( 0.5415237349207737694, -0.3516987777013035887, 2.629463003889801698 ) ) ;
#4526 = CARTESIAN_POINT ( 'NONE',  ( 0.03152373492077385764, 4.398301222298695023, 0.05862067213810127214 ) ) ;
#4527 = SURFACE_STYLE_USAGE ( .BOTH. , #3174 ) ;
#4528 = LINE ( 'NONE', #258, #1089 ) ;
#4529 = CARTESIAN_POINT ( 'NONE',  ( 0.2215237349207738460, -0.3516987777013035887, 2.629463003889801698 ) ) ;
#4530 = EDGE_LOOP ( 'NONE', ( #2511, #1755 ) ) ;
#4531 = SURFACE_STYLE_FILL_AREA ( #932 ) ;
#4532 =( GEOMETRIC_REPRESENTATION_CONTEXT ( 3 ) GLOBAL_UNCERTAINTY_ASSIGNED_CONTEXT ( ( #2894 ) ) GLOBAL_UNIT_ASSIGNED_CONTEXT ( ( #1017, #1893, #3672 ) ) REPRESENTATION_CONTEXT ( 'NONE', 'WORKASPACE' ) );
#4533 = SURFACE_STYLE_FILL_AREA ( #5529 ) ;
#4534 = CARTESIAN_POINT ( 'NONE',  ( -0.4784762650792260263, -0.3516987777013035887, 2.629463003889801698 ) ) ;
#4535 = FILL_AREA_STYLE ('',( #4217 ) ) ;
#4536 = ORIENTED_EDGE ( 'NONE', *, *, #1733, .F. ) ;
#4537 = AXIS2_PLACEMENT_3D ( 'NONE', #2475, #4272, #3459 ) ;
#4538 = FACE_OUTER_BOUND ( 'NONE', #4602, .T. ) ;
#4539 = DIRECTION ( 'NONE',  ( 1.000000000000000000, -6.933347799794049071E-32, 2.081668171172169006E-16 ) ) ;
#4540 = VERTEX_POINT ( 'NONE', #204 ) ;
#4541 = VERTEX_POINT ( 'NONE', #3229 ) ;
#4542 = CARTESIAN_POINT ( 'NONE',  ( -3.968476265079226906, -0.5516987777013035998, -3.941379327861898485 ) ) ;
#4543 = VERTEX_POINT ( 'NONE', #4984 ) ;
#4544 = FACE_BOUND ( 'NONE', #1182, .T. ) ;
#4545 = CARTESIAN_POINT ( 'NONE',  ( 0.03152373492077385764, 3.598301222298696089, 0.05862067213810127214 ) ) ;
#4546 = CYLINDRICAL_SURFACE ( 'NONE', #4320, 1.050000000000000488 ) ;
#4547 = CARTESIAN_POINT ( 'NONE',  ( 2.241523734920773947, -0.3516987777013035887, 2.629463003889801698 ) ) ;
#4548 = EDGE_CURVE ( 'NONE', #5400, #5660, #1041, .T. ) ;
#4549 =( NAMED_UNIT ( * ) PLANE_ANGLE_UNIT ( ) SI_UNIT ( $, .RADIAN. ) );
#4550 =( GEOMETRIC_REPRESENTATION_CONTEXT ( 3 ) GLOBAL_UNCERTAINTY_ASSIGNED_CONTEXT ( ( #2548 ) ) GLOBAL_UNIT_ASSIGNED_CONTEXT ( ( #451, #2156, #3985 ) ) REPRESENTATION_CONTEXT ( 'NONE', 'WORKASPACE' ) );
#4551 = COLOUR_RGB ( '',0.2980392156862745057, 0.2980392156862745057, 0.2980392156862745057 ) ;
#4552 = DIRECTION ( 'NONE',  ( 1.000000000000000000, -0.000000000000000000, -9.227252531791526626E-17 ) ) ;
#4553 = MECHANICAL_DESIGN_GEOMETRIC_PRESENTATION_REPRESENTATION (  '', ( #1597 ), #1062 ) ;
#4554 = DIRECTION ( 'NONE',  ( -0.000000000000000000, 1.000000000000000000, -0.000000000000000000 ) ) ;
#4555 = ADVANCED_FACE ( 'NONE', ( #5360, #1408, #2979, #5508, #4169, #4654 ), #5454, .T. ) ;
#4556 = PLANE ( 'NONE',  #1958 ) ;
#4557 = CARTESIAN_POINT ( 'NONE',  ( 2.831523734920774693, 0.1961442447639599462, 7.800754617915895750 ) ) ;
#4558 = CARTESIAN_POINT ( 'NONE',  ( 1.821523734920773796, -0.3516987777013036998, -2.788642972121563091 ) ) ;
#4559 = VERTEX_POINT ( 'NONE', #1101 ) ;
#4560 = SURFACE_STYLE_USAGE ( .BOTH. , #4988 ) ;
#4561 = LINE ( 'NONE', #1547, #4672 ) ;
#4562 = SURFACE_STYLE_FILL_AREA ( #5076 ) ;
#4563 = EDGE_CURVE ( 'NONE', #376, #968, #5480, .T. ) ;
#4564 = VERTEX_POINT ( 'NONE', #5051 ) ;
#4565 = FACE_OUTER_BOUND ( 'NONE', #539, .T. ) ;
#4566 = FILL_AREA_STYLE_COLOUR ( '', #867 ) ;
#4567 = ORIENTED_EDGE ( 'NONE', *, *, #3752, .T. ) ;
#4568 = VERTEX_POINT ( 'NONE', #3706 ) ;
#4569 = CARTESIAN_POINT ( 'NONE',  ( 1.601523734920774045, -0.3516987777013036998, 2.555884316397765144 ) ) ;
#4570 = PRESENTATION_STYLE_ASSIGNMENT (( #3276 ) ) ;
#4571 = ORIENTED_EDGE ( 'NONE', *, *, #1360, .T. ) ;
#4572 = EDGE_CURVE ( 'NONE', #967, #2162, #4620, .T. ) ;
#4573 = CARTESIAN_POINT ( 'NONE',  ( 0.03152373492077385764, 3.598301222298696089, 3.258620672138101249 ) ) ;
#4574 = SURFACE_SIDE_STYLE ('',( #165 ) ) ;
#4575 = VECTOR ( 'NONE', #651, 1000.000000000000000 ) ;
#4576 =( BOUNDED_CURVE ( )  B_SPLINE_CURVE ( 3, ( #730, #2031, #4264, #5612 ),
 .UNSPECIFIED., .F., .T. ) 
 B_SPLINE_CURVE_WITH_KNOTS ( ( 4, 4 ),
 ( 1.570796326794896558, 4.712388980384689674 ),
 .UNSPECIFIED. ) 
 CURVE ( )  GEOMETRIC_REPRESENTATION_ITEM ( )  RATIONAL_B_SPLINE_CURVE ( ( 1.000000000000000000, 0.3333333333333333703, 0.3333333333333333703, 1.000000000000000000 ) ) 
 REPRESENTATION_ITEM ( '' )  );
#4577 = DIRECTION ( 'NONE',  ( 1.000000000000000000, 0.000000000000000000, 0.000000000000000000 ) ) ;
#4578 = CARTESIAN_POINT ( 'NONE',  ( 2.721523734920773485, -0.3516987777013036998, -2.788642972121563091 ) ) ;
#4579 = AXIS2_PLACEMENT_3D ( 'NONE', #4542, #579, #2757 ) ;
#4580 = DIRECTION ( 'NONE',  ( 0.000000000000000000, 0.000000000000000000, 1.000000000000000000 ) ) ;
#4581 = CARTESIAN_POINT ( 'NONE',  ( 0.03152373492077385764, 3.398301222298695912, 0.05862067213810127214 ) ) ;
#4582 = SURFACE_STYLE_FILL_AREA ( #2299 ) ;
#4583 = CARTESIAN_POINT ( 'NONE',  ( -0.5784762650792262262, -0.3516987777013036998, 2.555884316397765144 ) ) ;
#4584 = CARTESIAN_POINT ( 'NONE',  ( 3.931523734920749469, -0.5516987777013022676, -3.841379327861930371 ) ) ;
#4585 = VECTOR ( 'NONE', #2265, 1000.000000000000000 ) ;
#4586 = ORIENTED_EDGE ( 'NONE', *, *, #5173, .F. ) ;
#4587 = DIRECTION ( 'NONE',  ( -2.168404344971007685E-15, -3.330669073875468635E-16, 1.000000000000000000 ) ) ;
#4588 = LINE ( 'NONE', #4192, #1350 ) ;
#4589 =( GEOMETRIC_REPRESENTATION_CONTEXT ( 3 ) GLOBAL_UNCERTAINTY_ASSIGNED_CONTEXT ( ( #3424 ) ) GLOBAL_UNIT_ASSIGNED_CONTEXT ( ( #3324, #1216, #4250 ) ) REPRESENTATION_CONTEXT ( 'NONE', 'WORKASPACE' ) );
#4590 = EDGE_CURVE ( 'NONE', #2417, #3563, #4724, .T. ) ;
#4591 = CARTESIAN_POINT ( 'NONE',  ( 10.50000000000000000, -1.451698777701302623, 3.328303898240675067E-15 ) ) ;
#4592 = DIRECTION ( 'NONE',  ( 1.000000000000000000, 0.000000000000000000, 0.000000000000000000 ) ) ;
#4593 = ORIENTED_EDGE ( 'NONE', *, *, #577, .F. ) ;
#4594 = SURFACE_STYLE_USAGE ( .BOTH. , #4993 ) ;
#4595 = ORIENTED_EDGE ( 'NONE', *, *, #1833, .T. ) ;
#4596 = CARTESIAN_POINT ( 'NONE',  ( -0.5784762650792262262, -0.3516987777013035887, 2.629463003889801698 ) ) ;
#4597 = CARTESIAN_POINT ( 'NONE',  ( 1.363478986950356076, -0.3516987777013036442, -3.591379327861898396 ) ) ;
#4598 = CARTESIAN_POINT ( 'NONE',  ( 0.8615237349207739426, -0.3516987777013036998, 2.555884316397764700 ) ) ;
#4599 = ORIENTED_EDGE ( 'NONE', *, *, #2323, .F. ) ;
#4600 = DIRECTION ( 'NONE',  ( -0.000000000000000000, -1.000000000000000000, -0.000000000000000000 ) ) ;
#4601 =( LENGTH_UNIT ( ) NAMED_UNIT ( * ) SI_UNIT ( .MILLI., .METRE. ) );
#4602 = EDGE_LOOP ( 'NONE', ( #4289, #1443, #885, #304 ) ) ;
#4603 = ADVANCED_FACE ( 'NONE', ( #240 ), #1493, .F. ) ;
#4604 = STYLED_ITEM ( 'NONE', ( #4360 ), #2998 ) ;
#4605 = SURFACE_STYLE_USAGE ( .BOTH. , #1853 ) ;
#4606 = CARTESIAN_POINT ( 'NONE',  ( -0.05203705891267546707, -0.3516987777013036442, 3.208620672138101870 ) ) ;
#4607 = CARTESIAN_POINT ( 'NONE',  ( -2.768476265079226728, -0.3516987777013036442, 4.058620672138077090 ) ) ;
#4608 = CARTESIAN_POINT ( 'NONE',  ( 4.031523734920773094, -0.3516987777013036442, -3.941379327861898485 ) ) ;
#4609 = COLOUR_RGB ( '',0.8431372549019607865, 0.8156862745098039102, 0.7529411764705882248 ) ;
#4610 = AXIS2_PLACEMENT_3D ( 'NONE', #3402, #5158, #1543 ) ;
#4611 = SURFACE_SIDE_STYLE ('',( #1512 ) ) ;
#4612 = SURFACE_STYLE_FILL_AREA ( #2445 ) ;
#4613 = CARTESIAN_POINT ( 'NONE',  ( -3.768476265079227172, 0.3966024445973921342, 12.31031652251692954 ) ) ;
#4614 = DIRECTION ( 'NONE',  ( 0.000000000000000000, -3.330669073875468635E-16, 1.000000000000000000 ) ) ;
#4615 = VERTEX_POINT ( 'NONE', #627 ) ;
#4616 = FILL_AREA_STYLE_COLOUR ( '', #670 ) ;
#4617 = SURFACE_STYLE_USAGE ( .BOTH. , #3205 ) ;
#4618 = AXIS2_PLACEMENT_3D ( 'NONE', #4526, #592, #3727 ) ;
#4619 = CARTESIAN_POINT ( 'NONE',  ( 3.531523734920773983, -0.9033975554026072441, 8.460316522516931670 ) ) ;
#4620 = LINE ( 'NONE', #658, #1850 ) ;
#4621 = ORIENTED_EDGE ( 'NONE', *, *, #3862, .F. ) ;
#4622 = CYLINDRICAL_SURFACE ( 'NONE', #5049, 0.4999999999999995559 ) ;
#4623 = SURFACE_STYLE_FILL_AREA ( #157 ) ;
#4624 = EDGE_CURVE ( 'NONE', #5605, #3126, #5022, .T. ) ;
#4625 = VECTOR ( 'NONE', #5436, 1000.000000000000000 ) ;
#4626 = ORIENTED_EDGE ( 'NONE', *, *, #4908, .T. ) ;
#4627 = FILL_AREA_STYLE_COLOUR ( '', #4885 ) ;
#4628 = UNCERTAINTY_MEASURE_WITH_UNIT (LENGTH_MEASURE( 1.000000000000000082E-05 ), #3118, 'distance_accuracy_value', 'NONE');
#4629 = LINE ( 'NONE', #4174, #1874 ) ;
#4630 = CIRCLE ( 'NONE', #3521, 0.4999999999999995559 ) ;
#4631 = EDGE_LOOP ( 'NONE', ( #2584, #3095, #2494, #1269 ) ) ;
#4632 = CARTESIAN_POINT ( 'NONE',  ( 0.3515237349207738782, -0.3516987777013036442, -2.862221659613599201 ) ) ;
#4633 = CARTESIAN_POINT ( 'NONE',  ( 2.141523734920773858, -0.3516987777013035887, 2.629463003889801698 ) ) ;
#4634 = EDGE_CURVE ( 'NONE', #4540, #4559, #4630, .T. ) ;
#4635 = ORIENTED_EDGE ( 'NONE', *, *, #2131, .F. ) ;
#4636 = COLOUR_RGB ( '',0.4313725490196078649, 0.4980392156862745168, 0.4313725490196078649 ) ;
#4637 = EDGE_CURVE ( 'NONE', #2417, #826, #3464, .T. ) ;
#4638 = CARTESIAN_POINT ( 'NONE',  ( 0.000000000000000000, -0.3516987777013026450, -1.901852100417243469E-17 ) ) ;
#4639 = ORIENTED_EDGE ( 'NONE', *, *, #5610, .T. ) ;
#4640 = PLANE ( 'NONE',  #4744 ) ;
#4641 = DIRECTION ( 'NONE',  ( -1.000000000000000000, 0.000000000000000000, 0.000000000000000000 ) ) ;
#4642 = VECTOR ( 'NONE', #2210, 1000.000000000000000 ) ;
#4643 = PRESENTATION_STYLE_ASSIGNMENT (( #4701 ) ) ;
#4644 = ADVANCED_FACE ( 'NONE', ( #2542 ), #839, .F. ) ;
#4645 = CARTESIAN_POINT ( 'NONE',  ( 1.921523734920773885, -0.3516987777013036998, 2.555884316397765144 ) ) ;
#4646 = STYLED_ITEM ( 'NONE', ( #4415 ), #1575 ) ;
#4647 = DIRECTION ( 'NONE',  ( 2.168404344971007685E-15, 3.330669073875468635E-16, -1.000000000000000000 ) ) ;
#4648 = EDGE_LOOP ( 'NONE', ( #549, #3423, #568, #2644 ) ) ;
#4649 = FILL_AREA_STYLE ('',( #1096 ) ) ;
#4650 = DIRECTION ( 'NONE',  ( 0.000000000000000000, 0.000000000000000000, 1.000000000000000000 ) ) ;
#4651 =( NAMED_UNIT ( * ) PLANE_ANGLE_UNIT ( ) SI_UNIT ( $, .RADIAN. ) );
#4652 =( GEOMETRIC_REPRESENTATION_CONTEXT ( 3 ) GLOBAL_UNCERTAINTY_ASSIGNED_CONTEXT ( ( #3997 ) ) GLOBAL_UNIT_ASSIGNED_CONTEXT ( ( #485, #3955, #453 ) ) REPRESENTATION_CONTEXT ( 'NONE', 'WORKASPACE' ) );
#4653 = CARTESIAN_POINT ( 'NONE',  ( 0.5415237349207737694, -0.3516987777013036998, -2.788642972121563091 ) ) ;
#4654 = FACE_BOUND ( 'NONE', #4938, .T. ) ;
#4655 = VERTEX_POINT ( 'NONE', #3439 ) ;
#4656 = PLANE ( 'NONE',  #815 ) ;
#4657 = CARTESIAN_POINT ( 'NONE',  ( -1.758476265079226053, -0.3516987777013035887, -2.862221659613599201 ) ) ;
#4658 = ORIENTED_EDGE ( 'NONE', *, *, #4837, .T. ) ;
#4659 = CARTESIAN_POINT ( 'NONE',  ( 10.50000000000000000, -1.451698777701302845, 1.050000000000003597 ) ) ;
#4660 = CARTESIAN_POINT ( 'NONE',  ( 4.031523734920750002, 0.2483012222986963058, -3.941379327861930459 ) ) ;
#4661 =( NAMED_UNIT ( * ) PLANE_ANGLE_UNIT ( ) SI_UNIT ( $, .RADIAN. ) );
#4662 = EDGE_CURVE ( 'NONE', #3465, #5160, #3845, .T. ) ;
#4663 = ORIENTED_EDGE ( 'NONE', *, *, #673, .F. ) ;
#4664 = FILL_AREA_STYLE_COLOUR ( '', #1751 ) ;
#4665 = ORIENTED_EDGE ( 'NONE', *, *, #4899, .F. ) ;
#4666 = EDGE_CURVE ( 'NONE', #2198, #4375, #4324, .T. ) ;
#4667 =( NAMED_UNIT ( * ) PLANE_ANGLE_UNIT ( ) SI_UNIT ( $, .RADIAN. ) );
#4668 = LINE ( 'NONE', #278, #1941 ) ;
#4669 = EDGE_CURVE ( 'NONE', #3866, #249, #3739, .T. ) ;
#4670 = SURFACE_STYLE_FILL_AREA ( #3398 ) ;
#4671 = CARTESIAN_POINT ( 'NONE',  ( -0.05203705891267546707, -0.3516987777013036442, 3.508620672138101693 ) ) ;
#4672 = VECTOR ( 'NONE', #598, 1000.000000000000000 ) ;
#4673 = SURFACE_STYLE_FILL_AREA ( #5500 ) ;
#4674 = FACE_OUTER_BOUND ( 'NONE', #2263, .T. ) ;
#4675 = DIRECTION ( 'NONE',  ( 0.000000000000000000, 1.000000000000000000, 1.110223024625156540E-16 ) ) ;
#4676 = LINE ( 'NONE', #5190, #1311 ) ;
#4677 = SURFACE_STYLE_FILL_AREA ( #5625 ) ;
#4678 = EDGE_LOOP ( 'NONE', ( #1644, #5517, #4943, #695 ) ) ;
#4679 = CARTESIAN_POINT ( 'NONE',  ( 4.031523734920750002, 0.2483012222986963058, -3.941379327861930459 ) ) ;
#4680 = VERTEX_POINT ( 'NONE', #5596 ) ;
#4681 = CARTESIAN_POINT ( 'NONE',  ( 1.441523734920773903, -0.3516987777013035887, -2.862221659613599201 ) ) ;
#4682 = UNCERTAINTY_MEASURE_WITH_UNIT (LENGTH_MEASURE( 1.000000000000000082E-05 ), #5270, 'distance_accuracy_value', 'NONE');
#4683 = DIRECTION ( 'NONE',  ( 0.000000000000000000, 4.130293990420967418E-16, -1.000000000000000000 ) ) ;
#4684 =( NAMED_UNIT ( * ) SI_UNIT ( $, .STERADIAN. ) SOLID_ANGLE_UNIT ( ) );
#4685 = EDGE_LOOP ( 'NONE', ( #3306, #2985, #4507, #3654 ) ) ;
#4686 = CARTESIAN_POINT ( 'NONE',  ( 0.3515237349207738782, -0.3516987777013036442, -2.862221659613599201 ) ) ;
#4687 = SHAPE_DEFINITION_REPRESENTATION ( #5403, #4872 ) ;
#4688 = UNCERTAINTY_MEASURE_WITH_UNIT (LENGTH_MEASURE( 1.000000000000000082E-05 ), #5484, 'distance_accuracy_value', 'NONE');
#4689 = ORIENTED_EDGE ( 'NONE', *, *, #1655, .F. ) ;
#4690 = VERTEX_POINT ( 'NONE', #3875 ) ;
#4691 = ADVANCED_FACE ( 'NONE', ( #1154 ), #2917, .F. ) ;
#4692 = LINE ( 'NONE', #3017, #2861 ) ;
#4693 = COLOUR_RGB ( '',0.2980392156862745057, 0.2980392156862745057, 0.2980392156862745057 ) ;
#4694 = DIRECTION ( 'NONE',  ( 1.000000000000000000, 0.000000000000000000, 0.000000000000000000 ) ) ;
#4695 = CARTESIAN_POINT ( 'NONE',  ( 10.50000000000000000, -0.5516987777013068195, 12.50000000000000711 ) ) ;
#4696 = COLOUR_RGB ( '',0.000000000000000000, 0.6235294117647058876, 0.06666666666666666574 ) ;
#4697 = EDGE_CURVE ( 'NONE', #1280, #4704, #1401, .T. ) ;
#4698 = CIRCLE ( 'NONE', #2945, 2.299999999999999822 ) ;
#4699 = VECTOR ( 'NONE', #209, 1000.000000000000000 ) ;
#4700 =( NAMED_UNIT ( * ) SI_UNIT ( $, .STERADIAN. ) SOLID_ANGLE_UNIT ( ) );
#4701 = SURFACE_STYLE_USAGE ( .BOTH. , #2909 ) ;
#4702 = LINE ( 'NONE', #2388, #5653 ) ;
#4703 = CARTESIAN_POINT ( 'NONE',  ( 1.121523734920773396, -0.3516987777013036998, -2.788642972121562646 ) ) ;
#4704 = VERTEX_POINT ( 'NONE', #2274 ) ;
#4705 = CARTESIAN_POINT ( 'NONE',  ( 0.3515237349207738782, -0.3516987777013036442, 2.629463003889801698 ) ) ;
#4706 = CARTESIAN_POINT ( 'NONE',  ( 2.561523734920773343, -0.3516987777013036998, 2.555884316397765144 ) ) ;
#4707 = CARTESIAN_POINT ( 'NONE',  ( -1.858476265079226142, -0.3516987777013036998, 2.555884316397765144 ) ) ;
#4708 = CARTESIAN_POINT ( 'NONE',  ( 0.5415237349207737694, -0.3516987777013035887, -2.862221659613599201 ) ) ;
#4709 = EDGE_LOOP ( 'NONE', ( #630, #4200, #1020, #5264 ) ) ;
#4710 =( LENGTH_UNIT ( ) NAMED_UNIT ( * ) SI_UNIT ( .MILLI., .METRE. ) );
#4711 = VECTOR ( 'NONE', #326, 1000.000000000000000 ) ;
#4712 = SPHERICAL_SURFACE ( 'NONE', #2414, 2.003124999999998934 ) ;
#4713 = MECHANICAL_DESIGN_GEOMETRIC_PRESENTATION_REPRESENTATION (  '', ( #5437 ), #467 ) ;
#4714 = ORIENTED_EDGE ( 'NONE', *, *, #4980, .T. ) ;
#4715 = CARTESIAN_POINT ( 'NONE',  ( -10.40000000000000036, -3.851698777701299647, -9.500000000000000000 ) ) ;
#4716 = COLOUR_RGB ( '',0.8431372549019607865, 0.8156862745098039102, 0.7529411764705882248 ) ;
#4717 = PRESENTATION_STYLE_ASSIGNMENT (( #4368 ) ) ;
#4718 = CARTESIAN_POINT ( 'NONE',  ( 10.50000000000000000, -1.451698777701306842, 12.50000000000000711 ) ) ;
#4719 = ORIENTED_EDGE ( 'NONE', *, *, #865, .F. ) ;
#4720 = PRESENTATION_LAYER_ASSIGNMENT (  '', '', ( #5354 ) ) ;
#4721 = CARTESIAN_POINT ( 'NONE',  ( -1.598476265079226133, -0.3516987777013036998, 2.555884316397765144 ) ) ;
#4722 = EDGE_LOOP ( 'NONE', ( #3731, #1103 ) ) ;
#4723 = ORIENTED_EDGE ( 'NONE', *, *, #2701, .F. ) ;
#4724 = CIRCLE ( 'NONE', #2226, 0.6249999999999997780 ) ;
#4725 = PRESENTATION_STYLE_ASSIGNMENT (( #2060 ) ) ;
#4726 = LINE ( 'NONE', #5704, #3980 ) ;
#4727 = CARTESIAN_POINT ( 'NONE',  ( 2.831523734920774693, 0.1961442447639601683, 7.521889477582069716 ) ) ;
#4728 = MECHANICAL_DESIGN_GEOMETRIC_PRESENTATION_REPRESENTATION (  '', ( #1776 ), #2056 ) ;
#4729 = EDGE_CURVE ( 'NONE', #4404, #4893, #5306, .T. ) ;
#4730 = CARTESIAN_POINT ( 'NONE',  ( 0.3515237349207738782, -0.3516987777013036442, -2.862221659613599201 ) ) ;
#4731 = CARTESIAN_POINT ( 'NONE',  ( 10.40000000000000036, -1.951698777701299292, -9.500000000000001776 ) ) ;
#4732 =( LENGTH_UNIT ( ) NAMED_UNIT ( * ) SI_UNIT ( .MILLI., .METRE. ) );
#4733 = DIRECTION ( 'NONE',  ( -1.000000000000000000, -4.622231866529363858E-32, 1.387778780781445182E-16 ) ) ;
#4734 = ORIENTED_EDGE ( 'NONE', *, *, #357, .T. ) ;
#4735 = SURFACE_SIDE_STYLE ('',( #1212 ) ) ;
#4736 = CARTESIAN_POINT ( 'NONE',  ( -10.40000000000000036, -1.451698777701299514, -9.500000000000001776 ) ) ;
#4737 = DIRECTION ( 'NONE',  ( -1.421904488505580788E-15, -3.330669073875469128E-16, 1.000000000000000000 ) ) ;
#4738 = EDGE_CURVE ( 'NONE', #883, #1127, #39, .T. ) ;
#4739 = ORIENTED_EDGE ( 'NONE', *, *, #3572, .F. ) ;
#4740 = CARTESIAN_POINT ( 'NONE',  ( -1.947894313427920299, -0.3516987777013036442, 3.508620672138101693 ) ) ;
#4741 = EDGE_LOOP ( 'NONE', ( #637, #1768, #1710, #4008, #4271 ) ) ;
#4742 = UNCERTAINTY_MEASURE_WITH_UNIT (LENGTH_MEASURE( 1.000000000000000082E-05 ), #430, 'distance_accuracy_value', 'NONE');
#4743 = FACE_OUTER_BOUND ( 'NONE', #604, .T. ) ;
#4744 = AXIS2_PLACEMENT_3D ( 'NONE', #3285, #4981, #5409 ) ;
#4745 = FILL_AREA_STYLE ('',( #2981 ) ) ;
#4746 = ORIENTED_EDGE ( 'NONE', *, *, #4176, .T. ) ;
#4747 = AXIS2_PLACEMENT_3D ( 'NONE', #2052, #5116, #2924 ) ;
#4748 = ORIENTED_EDGE ( 'NONE', *, *, #4802, .T. ) ;
#4749 = ORIENTED_EDGE ( 'NONE', *, *, #317, .F. ) ;
#4750 = EDGE_CURVE ( 'NONE', #3404, #2703, #3932, .T. ) ;
#4751 = SURFACE_SIDE_STYLE ('',( #307 ) ) ;
#4752 = FILL_AREA_STYLE_COLOUR ( '', #2222 ) ;
#4753 = SURFACE_STYLE_FILL_AREA ( #1287 ) ;
#4754 = DIRECTION ( 'NONE',  ( 0.000000000000000000, 3.330669073875468635E-16, -1.000000000000000000 ) ) ;
#4755 = LINE ( 'NONE', #680, #2617 ) ;
#4756 = VECTOR ( 'NONE', #1295, 1000.000000000000000 ) ;
#4757 = ORIENTED_EDGE ( 'NONE', *, *, #5693, .F. ) ;
#4758 = LINE ( 'NONE', #1631, #1770 ) ;
#4759 = DIRECTION ( 'NONE',  ( -1.000000000000000000, -0.000000000000000000, -0.000000000000000000 ) ) ;
#4760 = CARTESIAN_POINT ( 'NONE',  ( 10.40000000000000036, -1.451698777701299514, -9.600000000000001421 ) ) ;
#4761 = STYLED_ITEM ( 'NONE', ( #3350 ), #2122 ) ;
#4762 =( NAMED_UNIT ( * ) SI_UNIT ( $, .STERADIAN. ) SOLID_ANGLE_UNIT ( ) );
#4763 = PRESENTATION_STYLE_ASSIGNMENT (( #3000 ) ) ;
#4764 = ORIENTED_EDGE ( 'NONE', *, *, #1615, .T. ) ;
#4765 = CARTESIAN_POINT ( 'NONE',  ( 0.3515237349207738782, -0.3516987777013036442, 2.629463003889801698 ) ) ;
#4766 = DIRECTION ( 'NONE',  ( 0.000000000000000000, 0.000000000000000000, -1.000000000000000000 ) ) ;
#4767 = CARTESIAN_POINT ( 'NONE',  ( 9.400000000000000355, -1.951698777701299292, -9.500000000000000000 ) ) ;
#4768 = ORIENTED_EDGE ( 'NONE', *, *, #3252, .F. ) ;
#4769 = DIRECTION ( 'NONE',  ( -1.000000000000000000, 4.735893305870253476E-31, -1.421904488505580591E-15 ) ) ;
#4770 = ADVANCED_FACE ( 'NONE', ( #4449 ), #3606, .T. ) ;
#4771 =( LENGTH_UNIT ( ) NAMED_UNIT ( * ) SI_UNIT ( .MILLI., .METRE. ) );
#4772 = AXIS2_PLACEMENT_3D ( 'NONE', #2368, #2843, #574 ) ;
#4773 = ORIENTED_EDGE ( 'NONE', *, *, #4548, .T. ) ;
#4774 = PLANE ( 'NONE',  #804 ) ;
#4775 = EDGE_LOOP ( 'NONE', ( #1729, #1392, #5088, #492 ) ) ;
#4776 = ORIENTED_EDGE ( 'NONE', *, *, #4914, .T. ) ;
#4777 = ORIENTED_EDGE ( 'NONE', *, *, #17, .T. ) ;
#4778 = PLANE ( 'NONE',  #3055 ) ;
#4779 = ORIENTED_EDGE ( 'NONE', *, *, #5097, .T. ) ;
#4780 = DIRECTION ( 'NONE',  ( 0.000000000000000000, 4.130293990420967418E-16, -1.000000000000000000 ) ) ;
#4781 = MECHANICAL_DESIGN_GEOMETRIC_PRESENTATION_REPRESENTATION (  '', ( #4425 ), #2369 ) ;
#4782 = CARTESIAN_POINT ( 'NONE',  ( 0.3515237349207738782, -0.3516987777013036442, 2.629463003889801698 ) ) ;
#4783 = CARTESIAN_POINT ( 'NONE',  ( -2.768476265079226728, 0.1961442447639585307, 7.800754617915893974 ) ) ;
#4784 = SURFACE_STYLE_USAGE ( .BOTH. , #5215 ) ;
#4785 = PRESENTATION_LAYER_ASSIGNMENT (  '', '', ( #4328 ) ) ;
#4786 = SURFACE_SIDE_STYLE ('',( #3028 ) ) ;
#4787 = SURFACE_SIDE_STYLE ('',( #1699 ) ) ;
#4788 =( NAMED_UNIT ( * ) SI_UNIT ( $, .STERADIAN. ) SOLID_ANGLE_UNIT ( ) );
#4789 = VERTEX_POINT ( 'NONE', #1724 ) ;
#4790 = PLANE ( 'NONE',  #3538 ) ;
#4791 = DIRECTION ( 'NONE',  ( 0.000000000000000000, -1.000000000000000000, -0.000000000000000000 ) ) ;
#4792 = VERTEX_POINT ( 'NONE', #3489 ) ;
#4793 = UNCERTAINTY_MEASURE_WITH_UNIT (LENGTH_MEASURE( 1.000000000000000082E-05 ), #5186, 'distance_accuracy_value', 'NONE');
#4794 = CARTESIAN_POINT ( 'NONE',  ( 4.031523734920750002, 2.698301222298696178, -3.941379327861930459 ) ) ;
#4795 =( NAMED_UNIT ( * ) SI_UNIT ( $, .STERADIAN. ) SOLID_ANGLE_UNIT ( ) );
#4796 = EDGE_CURVE ( 'NONE', #4540, #1681, #5249, .T. ) ;
#4797 = EDGE_LOOP ( 'NONE', ( #3700, #4288, #3477, #2527 ) ) ;
#4798 = STYLED_ITEM ( 'NONE', ( #4643 ), #3191 ) ;
#4799 = ORIENTED_EDGE ( 'NONE', *, *, #2709, .F. ) ;
#4800 = VERTEX_POINT ( 'NONE', #1382 ) ;
#4801 = UNCERTAINTY_MEASURE_WITH_UNIT (LENGTH_MEASURE( 1.000000000000000082E-05 ), #3770, 'distance_accuracy_value', 'NONE');
#4802 = EDGE_CURVE ( 'NONE', #1194, #2983, #1296, .T. ) ;
#4803 = ORIENTED_EDGE ( 'NONE', *, *, #5271, .F. ) ;
#4804 = LINE ( 'NONE', #446, #3 ) ;
#4805 = CARTESIAN_POINT ( 'NONE',  ( 1.921523734920773885, -0.3516987777013035887, -2.862221659613599201 ) ) ;
#4806 = PRESENTATION_STYLE_ASSIGNMENT (( #4412 ) ) ;
#4807 = VECTOR ( 'NONE', #4592, 1000.000000000000000 ) ;
#4808 = VECTOR ( 'NONE', #2723, 1000.000000000000000 ) ;
#4809 = DIRECTION ( 'NONE',  ( -0.000000000000000000, 1.000000000000000000, -0.000000000000000000 ) ) ;
#4810 = CARTESIAN_POINT ( 'NONE',  ( 1.181523734920773894, -0.3516987777013035887, 2.629463003889801698 ) ) ;
#4811 = CARTESIAN_POINT ( 'NONE',  ( -0.9584762650792258976, -0.3516987777013035887, -2.862221659613599201 ) ) ;
#4812 =( NAMED_UNIT ( * ) SI_UNIT ( $, .STERADIAN. ) SOLID_ANGLE_UNIT ( ) );
#4813 = FACE_BOUND ( 'NONE', #2085, .T. ) ;
#4814 = LINE ( 'NONE', #864, #5490 ) ;
#4815 = CARTESIAN_POINT ( 'NONE',  ( -9.399999999999998579, -1.951698777701299292, -9.599999999999999645 ) ) ;
#4816 = EDGE_CURVE ( 'NONE', #5478, #180, #2319, .T. ) ;
#4817 = CARTESIAN_POINT ( 'NONE',  ( -10.50000000000000000, -1.451698777701302623, 3.328303898240675067E-15 ) ) ;
#4818 = ORIENTED_EDGE ( 'NONE', *, *, #2658, .F. ) ;
#4819 = PRESENTATION_LAYER_ASSIGNMENT (  '', '', ( #4182 ) ) ;
#4820 = DIRECTION ( 'NONE',  ( 1.000000000000000000, 0.000000000000000000, -6.994405055138486205E-15 ) ) ;
#4821 = LINE ( 'NONE', #1386, #964 ) ;
#4822 = EDGE_LOOP ( 'NONE', ( #3946, #1927, #1795, #688 ) ) ;
#4823 = SURFACE_STYLE_FILL_AREA ( #5255 ) ;
#4824 = CARTESIAN_POINT ( 'NONE',  ( 2.241523734920773947, -0.3516987777013036998, 2.555884316397765144 ) ) ;
#4825 =( GEOMETRIC_REPRESENTATION_CONTEXT ( 3 ) GLOBAL_UNCERTAINTY_ASSIGNED_CONTEXT ( ( #3417 ) ) GLOBAL_UNIT_ASSIGNED_CONTEXT ( ( #4955, #535, #4472 ) ) REPRESENTATION_CONTEXT ( 'NONE', 'WORKASPACE' ) );
#4826 = SURFACE_SIDE_STYLE ('',( #5695 ) ) ;
#4827 = ORIENTED_EDGE ( 'NONE', *, *, #3572, .T. ) ;
#4828 = ORIENTED_EDGE ( 'NONE', *, *, #5117, .F. ) ;
#4829 = EDGE_LOOP ( 'NONE', ( #519, #669, #908, #4827 ) ) ;
#4830 = EDGE_CURVE ( 'NONE', #4615, #972, #618, .T. ) ;
#4831 = CARTESIAN_POINT ( 'NONE',  ( -0.09847626507922616068, -0.3516987777013035887, 2.629463003889801698 ) ) ;
#4832 = PRESENTATION_LAYER_ASSIGNMENT (  '', '', ( #1597 ) ) ;
#4833 = ORIENTED_EDGE ( 'NONE', *, *, #1998, .F. ) ;
#4834 = FACE_BOUND ( 'NONE', #5168, .T. ) ;
#4835 = CARTESIAN_POINT ( 'NONE',  ( 0.03152373492077385764, 2.698301222298696178, 0.05862067213810127214 ) ) ;
#4836 = DIRECTION ( 'NONE',  ( 0.000000000000000000, 1.112002228190259966E-16, -1.000000000000000000 ) ) ;
#4837 = EDGE_CURVE ( 'NONE', #3273, #822, #487, .T. ) ;
#4838 = DIRECTION ( 'NONE',  ( -8.340016711426957754E-17, 0.000000000000000000, -1.000000000000000000 ) ) ;
#4839 = CARTESIAN_POINT ( 'NONE',  ( -1.058476265079226097, -0.3516987777013035887, 2.629463003889801698 ) ) ;
#4840 = CARTESIAN_POINT ( 'NONE',  ( -0.7384762650792262573, -0.3516987777013036998, -2.788642972121563091 ) ) ;
#4841 = EDGE_CURVE ( 'NONE', #1737, #5400, #5543, .T. ) ;
#4842 = DIRECTION ( 'NONE',  ( 0.000000000000000000, 1.000000000000000000, 0.000000000000000000 ) ) ;
#4843 = FACE_OUTER_BOUND ( 'NONE', #3327, .T. ) ;
#4844 = PLANE ( 'NONE',  #3378 ) ;
#4845 = ORIENTED_EDGE ( 'NONE', *, *, #4144, .T. ) ;
#4846 = CARTESIAN_POINT ( 'NONE',  ( 1.281523734920774205, -0.3516987777013036998, -2.788642972121563091 ) ) ;
#4847 = CARTESIAN_POINT ( 'NONE',  ( 2.831523734920774249, -0.3516987777013025340, 4.058620672138077090 ) ) ;
#4848 = LINE ( 'NONE', #4422, #3074 ) ;
#4849 = ORIENTED_EDGE ( 'NONE', *, *, #2443, .F. ) ;
#4850 = UNCERTAINTY_MEASURE_WITH_UNIT (LENGTH_MEASURE( 1.000000000000000082E-05 ), #2133, 'distance_accuracy_value', 'NONE');
#4851 = EDGE_CURVE ( 'NONE', #3185, #1044, #1040, .T. ) ;
#4852 = LINE ( 'NONE', #4907, #2555 ) ;
#4853 = AXIS2_PLACEMENT_3D ( 'NONE', #1331, #132, #3560 ) ;
#4854 = CARTESIAN_POINT ( 'NONE',  ( -2.408476265079226408, -0.3516987777013036442, -2.466379327861898840 ) ) ;
#4855 = EDGE_LOOP ( 'NONE', ( #4051, #5052, #758, #2911, #3242, #191, #5503, #3591 ) ) ;
#4856 =( BOUNDED_CURVE ( )  B_SPLINE_CURVE ( 3, ( #4094, #1851, #3626, #5402 ),
 .UNSPECIFIED., .F., .T. ) 
 B_SPLINE_CURVE_WITH_KNOTS ( ( 4, 4 ),
 ( 1.570796326794896558, 4.712388980384689674 ),
 .UNSPECIFIED. ) 
 CURVE ( )  GEOMETRIC_REPRESENTATION_ITEM ( )  RATIONAL_B_SPLINE_CURVE ( ( 1.000000000000000000, 0.3333333333333333703, 0.3333333333333333703, 1.000000000000000000 ) ) 
 REPRESENTATION_ITEM ( '' )  );
#4857 =( NAMED_UNIT ( * ) PLANE_ANGLE_UNIT ( ) SI_UNIT ( $, .RADIAN. ) );
#4858 = EDGE_LOOP ( 'NONE', ( #2735, #1797 ) ) ;
#4859 = VECTOR ( 'NONE', #2343, 1000.000000000000000 ) ;
#4860 = ORIENTED_EDGE ( 'NONE', *, *, #600, .T. ) ;
#4861 = LINE ( 'NONE', #54, #3657 ) ;
#4862 = VERTEX_POINT ( 'NONE', #5066 ) ;
#4863 = LINE ( 'NONE', #3162, #194 ) ;
#4864 = FACE_OUTER_BOUND ( 'NONE', #2072, .T. ) ;
#4865 = MECHANICAL_DESIGN_GEOMETRIC_PRESENTATION_REPRESENTATION (  '', ( #521 ), #348 ) ;
#4866 = DIRECTION ( 'NONE',  ( -0.000000000000000000, -1.172110456741086321E-16, 1.000000000000000000 ) ) ;
#4867 = CIRCLE ( 'NONE', #2377, 2.750000000000000888 ) ;
#4868 = SURFACE_SIDE_STYLE ('',( #4414 ) ) ;
#4869 = EDGE_CURVE ( 'NONE', #2648, #5205, #2181, .T. ) ;
#4870 = CARTESIAN_POINT ( 'NONE',  ( -3.468476265079226017, -0.3516987777013036442, 0.05862067213810127214 ) ) ;
#4871 = DIRECTION ( 'NONE',  ( -0.000000000000000000, 1.000000000000000000, -0.000000000000000000 ) ) ;
#4872 = MANIFOLD_SURFACE_SHAPE_REPRESENTATION ( 'rpi_camera', ( #2487, #4043 ), #5502 ) ;
#4873 = FILL_AREA_STYLE_COLOUR ( '', #3907 ) ;
#4874 = PRESENTATION_STYLE_ASSIGNMENT (( #956 ) ) ;
#4875 = STYLED_ITEM ( 'NONE', ( #5358 ), #665 ) ;
#4876 =( NAMED_UNIT ( * ) SI_UNIT ( $, .STERADIAN. ) SOLID_ANGLE_UNIT ( ) );
#4877 = ORIENTED_EDGE ( 'NONE', *, *, #1772, .F. ) ;
#4878 = SURFACE_SIDE_STYLE ('',( #5283 ) ) ;
#4879 = MECHANICAL_DESIGN_GEOMETRIC_PRESENTATION_REPRESENTATION (  '', ( #4604 ), #3312 ) ;
#4880 = PLANE ( 'NONE',  #2612 ) ;
#4881 = VERTEX_POINT ( 'NONE', #5446 ) ;
#4882 = CARTESIAN_POINT ( 'NONE',  ( 2.241523734920773947, -0.3516987777013035887, -2.862221659613599201 ) ) ;
#4883 = EDGE_CURVE ( 'NONE', #393, #2707, #2776, .T. ) ;
#4884 = VECTOR ( 'NONE', #4477, 1000.000000000000000 ) ;
#4885 = COLOUR_RGB ( '',0.000000000000000000, 0.6235294117647058876, 0.06666666666666666574 ) ;
#4886 = EDGE_LOOP ( 'NONE', ( #2582, #1136, #2950, #5322 ) ) ;
#4887 = SURFACE_STYLE_FILL_AREA ( #3970 ) ;
#4888 = VERTEX_POINT ( 'NONE', #2328 ) ;
#4889 = ORIENTED_EDGE ( 'NONE', *, *, #327, .T. ) ;
#4890 = CIRCLE ( 'NONE', #3694, 2.750000000000000444 ) ;
#4891 = CARTESIAN_POINT ( 'NONE',  ( 2.141523734920773858, -0.3516987777013035887, 2.629463003889801698 ) ) ;
#4892 =( BOUNDED_CURVE ( )  B_SPLINE_CURVE ( 3, ( #5680, #2069, #2969, #1239 ),
 .UNSPECIFIED., .F., .T. ) 
 B_SPLINE_CURVE_WITH_KNOTS ( ( 4, 4 ),
 ( 1.570796326794896558, 4.712388980384689674 ),
 .UNSPECIFIED. ) 
 CURVE ( )  GEOMETRIC_REPRESENTATION_ITEM ( )  RATIONAL_B_SPLINE_CURVE ( ( 1.000000000000000000, 0.3333333333333333703, 0.3333333333333333703, 1.000000000000000000 ) ) 
 REPRESENTATION_ITEM ( '' )  );
#4893 = VERTEX_POINT ( 'NONE', #2355 ) ;
#4894 = FACE_BOUND ( 'NONE', #1027, .T. ) ;
#4895 = CARTESIAN_POINT ( 'NONE',  ( 1.921523734920773885, -0.3516987777013036998, -2.788642972121563091 ) ) ;
#4896 = CARTESIAN_POINT ( 'NONE',  ( -1.858476265079226142, -0.3516987777013036998, -2.788642972121563091 ) ) ;
#4897 = SURFACE_STYLE_FILL_AREA ( #2384 ) ;
#4898 = CARTESIAN_POINT ( 'NONE',  ( -1.218476265079226240, -0.3516987777013035887, -2.862221659613599201 ) ) ;
#4899 = EDGE_CURVE ( 'NONE', #997, #4568, #4103, .T. ) ;
#4900 = VECTOR ( 'NONE', #806, 999.9999999999998863 ) ;
#4901 = CARTESIAN_POINT ( 'NONE',  ( 0.4815237349207738271, -0.3516987777013036998, 2.555884316397765144 ) ) ;
#4902 = CARTESIAN_POINT ( 'NONE',  ( 9.400000000000000355, -1.951698777701299292, -9.720000000000000639 ) ) ;
#4903 = CARTESIAN_POINT ( 'NONE',  ( 0.7015237349207738005, -0.3516987777013035887, -2.862221659613599201 ) ) ;
#4904 = DIRECTION ( 'NONE',  ( 0.000000000000000000, 0.000000000000000000, -1.000000000000000000 ) ) ;
#4905 = ORIENTED_EDGE ( 'NONE', *, *, #3304, .F. ) ;
#4906 = DIRECTION ( 'NONE',  ( 1.000000000000000000, -0.000000000000000000, -1.668003342285391551E-16 ) ) ;
#4907 = CARTESIAN_POINT ( 'NONE',  ( 0.3515237349207738782, -0.3516987777013036442, 2.629463003889801698 ) ) ;
#4908 = EDGE_CURVE ( 'NONE', #163, #4253, #3341, .T. ) ;
#4909 = LINE ( 'NONE', #2751, #1460 ) ;
#4910 = ORIENTED_EDGE ( 'NONE', *, *, #503, .T. ) ;
#4911 = LINE ( 'NONE', #2282, #2279 ) ;
#4912 = ORIENTED_EDGE ( 'NONE', *, *, #1946, .T. ) ;
#4913 = ORIENTED_EDGE ( 'NONE', *, *, #141, .F. ) ;
#4914 = EDGE_CURVE ( 'NONE', #2151, #1393, #4084, .T. ) ;
#4915 = SURFACE_STYLE_USAGE ( .BOTH. , #3097 ) ;
#4916 = CARTESIAN_POINT ( 'NONE',  ( -1.218476265079226240, -0.3516987777013035887, 2.629463003889801698 ) ) ;
#4917 = ORIENTED_EDGE ( 'NONE', *, *, #4548, .F. ) ;
#4918 =( LENGTH_UNIT ( ) NAMED_UNIT ( * ) SI_UNIT ( .MILLI., .METRE. ) );
#4919 = CARTESIAN_POINT ( 'NONE',  ( 0.3515237349207738782, -0.3516987777013036442, -2.862221659613599201 ) ) ;
#4920 = CARTESIAN_POINT ( 'NONE',  ( -2.768476265079226728, 0.1961442447639585307, 7.800754617915893974 ) ) ;
#4921 = EDGE_CURVE ( 'NONE', #4142, #1992, #940, .T. ) ;
#4922 = VECTOR ( 'NONE', #995, 1000.000000000000000 ) ;
#4923 = FILL_AREA_STYLE ('',( #5006 ) ) ;
#4924 = CARTESIAN_POINT ( 'NONE',  ( 0.2215237349207738460, -0.3516987777013036998, -2.788642972121563091 ) ) ;
#4925 = DIRECTION ( 'NONE',  ( 0.000000000000000000, 4.130293990420967418E-16, -1.000000000000000000 ) ) ;
#4926 = FACE_OUTER_BOUND ( 'NONE', #2557, .T. ) ;
#4927 = PLANE ( 'NONE',  #5620 ) ;
#4928 =( NAMED_UNIT ( * ) SI_UNIT ( $, .STERADIAN. ) SOLID_ANGLE_UNIT ( ) );
#4929 = CARTESIAN_POINT ( 'NONE',  ( -2.768476265079227172, -0.3763272458298367873, 4.315009138154978885 ) ) ;
#4930 = LINE ( 'NONE', #5449, #860 ) ;
#4931 = ORIENTED_EDGE ( 'NONE', *, *, #1404, .T. ) ;
#4932 = CARTESIAN_POINT ( 'NONE',  ( 3.531523734920773983, 0.09660244459739275591, 8.460316522516931670 ) ) ;
#4933 = FACE_OUTER_BOUND ( 'NONE', #325, .T. ) ;
#4934 = CARTESIAN_POINT ( 'NONE',  ( 2.401523734920773645, -0.3516987777013036998, -2.788642972121563091 ) ) ;
#4935 = ORIENTED_EDGE ( 'NONE', *, *, #2221, .T. ) ;
#4936 = CARTESIAN_POINT ( 'NONE',  ( 3.681523734920773894, -0.3516987777013036442, 0.2017164319438422004 ) ) ;
#4937 = ADVANCED_FACE ( 'NONE', ( #566 ), #149, .T. ) ;
#4938 = EDGE_LOOP ( 'NONE', ( #3458, #517, #1211, #206 ) ) ;
#4939 = EDGE_LOOP ( 'NONE', ( #4799, #413 ) ) ;
#4940 = PLANE ( 'NONE',  #4579 ) ;
#4941 = DIRECTION ( 'NONE',  ( 0.000000000000000000, 0.000000000000000000, -1.000000000000000000 ) ) ;
#4942 = VECTOR ( 'NONE', #3376, 1000.000000000000000 ) ;
#4943 = ORIENTED_EDGE ( 'NONE', *, *, #5472, .F. ) ;
#4944 =( BOUNDED_CURVE ( )  B_SPLINE_CURVE ( 3, ( #1781, #5007, #4578, #3602 ),
 .UNSPECIFIED., .F., .T. ) 
 B_SPLINE_CURVE_WITH_KNOTS ( ( 4, 4 ),
 ( 1.570796326794896558, 4.712388980384689674 ),
 .UNSPECIFIED. ) 
 CURVE ( )  GEOMETRIC_REPRESENTATION_ITEM ( )  RATIONAL_B_SPLINE_CURVE ( ( 1.000000000000000000, 0.3333333333333333703, 0.3333333333333333703, 1.000000000000000000 ) ) 
 REPRESENTATION_ITEM ( '' )  );
#4945 = FACE_OUTER_BOUND ( 'NONE', #4855, .T. ) ;
#4946 = VECTOR ( 'NONE', #332, 1000.000000000000000 ) ;
#4947 = STYLED_ITEM ( 'NONE', ( #5135 ), #1242 ) ;
#4948 = LINE ( 'NONE', #1063, #3710 ) ;
#4949 = CARTESIAN_POINT ( 'NONE',  ( 0.2215237349207738460, -0.3516987777013035887, -2.862221659613599201 ) ) ;
#4950 = EDGE_CURVE ( 'NONE', #4479, #1985, #3260, .T. ) ;
#4951 = FILL_AREA_STYLE ('',( #4873 ) ) ;
#4952 = LINE ( 'NONE', #2852, #1695 ) ;
#4953 = CARTESIAN_POINT ( 'NONE',  ( -2.350046125486437099, 3.948301222298694846, -1.316379327861893378 ) ) ;
#4954 = LINE ( 'NONE', #1915, #1837 ) ;
#4955 =( LENGTH_UNIT ( ) NAMED_UNIT ( * ) SI_UNIT ( .MILLI., .METRE. ) );
#4956 = CARTESIAN_POINT ( 'NONE',  ( -3.968476265079226906, -0.5516987777013035998, -3.941379327861898485 ) ) ;
#4957 = CARTESIAN_POINT ( 'NONE',  ( 10.40000000000000036, -1.451698777701299514, -9.500000000000001776 ) ) ;
#4958 = EDGE_LOOP ( 'NONE', ( #5423, #2309 ) ) ;
#4959 =( NAMED_UNIT ( * ) SI_UNIT ( $, .STERADIAN. ) SOLID_ANGLE_UNIT ( ) );
#4960 = CARTESIAN_POINT ( 'NONE',  ( -0.2584762650792261085, -0.3516987777013035887, 2.629463003889801698 ) ) ;
#4961 = CARTESIAN_POINT ( 'NONE',  ( 1.501523734920773512, -0.3516987777013036998, 2.555884316397765144 ) ) ;
#4962 =( GEOMETRIC_REPRESENTATION_CONTEXT ( 3 ) GLOBAL_UNCERTAINTY_ASSIGNED_CONTEXT ( ( #3358 ) ) GLOBAL_UNIT_ASSIGNED_CONTEXT ( ( #5453, #2364, #1548 ) ) REPRESENTATION_CONTEXT ( 'NONE', 'WORKASPACE' ) );
#4963 = VECTOR ( 'NONE', #4675, 1000.000000000000000 ) ;
#4964 = VERTEX_POINT ( 'NONE', #2387 ) ;
#4965 = MECHANICAL_DESIGN_GEOMETRIC_PRESENTATION_REPRESENTATION (  '', ( #5239 ), #273 ) ;
#4966 = CARTESIAN_POINT ( 'NONE',  ( -1.378476265079226160, -0.3516987777013035887, -2.862221659613599201 ) ) ;
#4967 = ORIENTED_EDGE ( 'NONE', *, *, #4697, .T. ) ;
#4968 = EDGE_LOOP ( 'NONE', ( #5509, #1476 ) ) ;
#4969 = LINE ( 'NONE', #911, #5391 ) ;
#4970 = VECTOR ( 'NONE', #2729, 1000.000000000000000 ) ;
#4971 = EDGE_CURVE ( 'NONE', #4862, #241, #1431, .T. ) ;
#4972 = ORIENTED_EDGE ( 'NONE', *, *, #5693, .T. ) ;
#4973 = FACE_BOUND ( 'NONE', #4458, .T. ) ;
#4974 = VECTOR ( 'NONE', #4124, 1000.000000000000000 ) ;
#4975 = EDGE_CURVE ( 'NONE', #1170, #4035, #4954, .T. ) ;
#4976 = DIRECTION ( 'NONE',  ( 1.000000000000000000, 0.000000000000000000, -1.112002228190259966E-16 ) ) ;
#4977 = VECTOR ( 'NONE', #4769, 1000.000000000000000 ) ;
#4978 = CARTESIAN_POINT ( 'NONE',  ( -8.699999999999999289, -0.5516987777013057093, 9.100000000000004974 ) ) ;
#4979 = AXIS2_PLACEMENT_3D ( 'NONE', #450, #4809, #5302 ) ;
#4980 = EDGE_CURVE ( 'NONE', #333, #1131, #3795, .T. ) ;
#4981 = DIRECTION ( 'NONE',  ( 1.000000000000000000, 0.000000000000000000, -1.387778780781444196E-16 ) ) ;
#4982 = CIRCLE ( 'NONE', #289, 2.750000000000000444 ) ;
#4983 = CARTESIAN_POINT ( 'NONE',  ( 0.3515237349207738782, -0.3516987777013036442, 2.629463003889801698 ) ) ;
#4984 = CARTESIAN_POINT ( 'NONE',  ( -2.768476265079226728, 0.1961442447639585307, 7.800754617915893974 ) ) ;
#4985 = DIRECTION ( 'NONE',  ( 0.000000000000000000, 1.000000000000000000, 0.000000000000000000 ) ) ;
#4986 = DIRECTION ( 'NONE',  ( -1.000000000000000000, -4.622231866529363858E-32, 1.387778780781445182E-16 ) ) ;
#4987 = ORIENTED_EDGE ( 'NONE', *, *, #5589, .F. ) ;
#4988 = SURFACE_SIDE_STYLE ('',( #1954 ) ) ;
#4989 = AXIS2_PLACEMENT_3D ( 'NONE', #5421, #3270, #1926 ) ;
#4990 = CYLINDRICAL_SURFACE ( 'NONE', #3662, 3.799999999999999822 ) ;
#4991 = EDGE_CURVE ( 'NONE', #2128, #2111, #2400, .T. ) ;
#4992 = EDGE_LOOP ( 'NONE', ( #213, #4972, #3443, #5374, #3450, #1139 ) ) ;
#4993 = SURFACE_SIDE_STYLE ('',( #4112 ) ) ;
#4994 = EDGE_LOOP ( 'NONE', ( #4776, #5424 ) ) ;
#4995 = ORIENTED_EDGE ( 'NONE', *, *, #4490, .T. ) ;
#4996 = CARTESIAN_POINT ( 'NONE',  ( 1.661523734920773654, -0.3516987777013035887, 2.629463003889801698 ) ) ;
#4997 = FILL_AREA_STYLE_COLOUR ( '', #2853 ) ;
#4998 = VECTOR ( 'NONE', #2415, 1000.000000000000000 ) ;
#4999 = FACE_OUTER_BOUND ( 'NONE', #1366, .T. ) ;
#5000 = ORIENTED_EDGE ( 'NONE', *, *, #2636, .F. ) ;
#5001 = FACE_BOUND ( 'NONE', #4056, .T. ) ;
#5002 = FILL_AREA_STYLE_COLOUR ( '', #1817 ) ;
#5003 = COLOUR_RGB ( '',0.4313725490196078649, 0.4980392156862745168, 0.4313725490196078649 ) ;
#5004 = FACE_BOUND ( 'NONE', #2726, .T. ) ;
#5005 =( GEOMETRIC_REPRESENTATION_CONTEXT ( 3 ) GLOBAL_UNCERTAINTY_ASSIGNED_CONTEXT ( ( #933 ) ) GLOBAL_UNIT_ASSIGNED_CONTEXT ( ( #1653, #2563, #575 ) ) REPRESENTATION_CONTEXT ( 'NONE', 'WORKASPACE' ) );
#5006 = FILL_AREA_STYLE_COLOUR ( '', #3798 ) ;
#5007 = CARTESIAN_POINT ( 'NONE',  ( 2.781523734920773538, -0.3516987777013036998, -2.788642972121563091 ) ) ;
#5008 = SURFACE_STYLE_USAGE ( .BOTH. , #558 ) ;
#5009 = EDGE_CURVE ( 'NONE', #4142, #676, #2566, .T. ) ;
#5010 = MECHANICAL_DESIGN_GEOMETRIC_PRESENTATION_REPRESENTATION (  '', ( #4098 ), #1058 ) ;
#5011 =( GEOMETRIC_REPRESENTATION_CONTEXT ( 3 ) GLOBAL_UNCERTAINTY_ASSIGNED_CONTEXT ( ( #2486 ) ) GLOBAL_UNIT_ASSIGNED_CONTEXT ( ( #5099, #3188, #1799 ) ) REPRESENTATION_CONTEXT ( 'NONE', 'WORKASPACE' ) );
#5012 = CARTESIAN_POINT ( 'NONE',  ( 2.831523734920773805, 0.1260842136544537140, 7.024596265243065574 ) ) ;
#5013 = CARTESIAN_POINT ( 'NONE',  ( 10.50000000000000000, -1.451698777701302623, 3.328303898240675067E-15 ) ) ;
#5014 = CARTESIAN_POINT ( 'NONE',  ( -3.868476265079257015, -0.5016987777013022232, -3.841379327861929482 ) ) ;
#5015 = CARTESIAN_POINT ( 'NONE',  ( 1.981523734920773716, -0.3516987777013035887, 2.629463003889801698 ) ) ;
#5016 = CARTESIAN_POINT ( 'NONE',  ( 2.141523734920773858, -0.3516987777013036998, -2.788642972121563091 ) ) ;
#5017 = ORIENTED_EDGE ( 'NONE', *, *, #3652, .F. ) ;
#5018 = CARTESIAN_POINT ( 'NONE',  ( -2.018476265079225840, -0.3516987777013035887, -2.862221659613599201 ) ) ;
#5019 = CARTESIAN_POINT ( 'NONE',  ( -0.7984762650792259775, -0.3516987777013035887, 2.629463003889801698 ) ) ;
#5020 = DIRECTION ( 'NONE',  ( -1.000000000000000000, 0.000000000000000000, 0.000000000000000000 ) ) ;
#5021 = DIRECTION ( 'NONE',  ( 0.000000000000000000, 4.130293990420967418E-16, -1.000000000000000000 ) ) ;
#5022 = LINE ( 'NONE', #1075, #4807 ) ;
#5023 = VERTEX_POINT ( 'NONE', #1206 ) ;
#5024 = SURFACE_STYLE_FILL_AREA ( #3763 ) ;
#5025 = EDGE_LOOP ( 'NONE', ( #2199, #2556, #4773, #5569 ) ) ;
#5026 = DIRECTION ( 'NONE',  ( 0.000000000000000000, 1.000000000000000000, 0.000000000000000000 ) ) ;
#5027 = PRESENTATION_STYLE_ASSIGNMENT (( #5541 ) ) ;
#5028 = ORIENTED_EDGE ( 'NONE', *, *, #2738, .F. ) ;
#5029 = CARTESIAN_POINT ( 'NONE',  ( -9.400000000000000355, -1.951698777701299292, -9.719999999999998863 ) ) ;
#5030 = APPLICATION_CONTEXT ( 'automotive_design' ) ;
#5031 = DIRECTION ( 'NONE',  ( 0.000000000000000000, 1.000000000000000000, 0.000000000000000000 ) ) ;
#5032 = PRESENTATION_LAYER_ASSIGNMENT (  '', '', ( #607 ) ) ;
#5033 = ORIENTED_EDGE ( 'NONE', *, *, #564, .F. ) ;
#5034 =( GEOMETRIC_REPRESENTATION_CONTEXT ( 3 ) GLOBAL_UNCERTAINTY_ASSIGNED_CONTEXT ( ( #1282 ) ) GLOBAL_UNIT_ASSIGNED_CONTEXT ( ( #4476, #2727, #986 ) ) REPRESENTATION_CONTEXT ( 'NONE', 'WORKASPACE' ) );
#5035 = SURFACE_STYLE_USAGE ( .BOTH. , #3251 ) ;
#5036 = CIRCLE ( 'NONE', #4399, 0.5000000000000004441 ) ;
#5037 = VECTOR ( 'NONE', #5102, 1000.000000000000000 ) ;
#5038 = CARTESIAN_POINT ( 'NONE',  ( 3.931523734920749469, -0.5016987777013022232, -3.841379327861930371 ) ) ;
#5039 = PRESENTATION_LAYER_ASSIGNMENT (  '', '', ( #1815 ) ) ;
#5040 = EDGE_CURVE ( 'NONE', #3563, #1280, #2499, .T. ) ;
#5041 = CARTESIAN_POINT ( 'NONE',  ( -3.468476265079226017, 0.09660244459739275591, 8.460316522516931670 ) ) ;
#5042 = FACE_OUTER_BOUND ( 'NONE', #4797, .T. ) ;
#5043 = SURFACE_STYLE_USAGE ( .BOTH. , #3289 ) ;
#5044 = CARTESIAN_POINT ( 'NONE',  ( 0.3215237349207739626, -0.3516987777013036998, 2.555884316397765144 ) ) ;
#5045 = VECTOR ( 'NONE', #3656, 1000.000000000000000 ) ;
#5046 = VERTEX_POINT ( 'NONE', #4238 ) ;
#5047 = CARTESIAN_POINT ( 'NONE',  ( -0.8984762650792261773, -0.3516987777013035887, -2.862221659613599201 ) ) ;
#5048 = FACE_OUTER_BOUND ( 'NONE', #4138, .T. ) ;
#5049 = AXIS2_PLACEMENT_3D ( 'NONE', #2218, #2544, #2135 ) ;
#5050 = EDGE_CURVE ( 'NONE', #1465, #5234, #282, .T. ) ;
#5051 = CARTESIAN_POINT ( 'NONE',  ( 0.03152373492077385764, 4.398301222298695023, -2.241379327861898751 ) ) ;
#5052 = ORIENTED_EDGE ( 'NONE', *, *, #4069, .F. ) ;
#5053 = FILL_AREA_STYLE_COLOUR ( '', #5468 ) ;
#5054 = AXIS2_PLACEMENT_3D ( 'NONE', #1963, #5458, #606 ) ;
#5055 = VERTEX_POINT ( 'NONE', #2035 ) ;
#5056 = PLANE ( 'NONE',  #2681 ) ;
#5057 =( NAMED_UNIT ( * ) PLANE_ANGLE_UNIT ( ) SI_UNIT ( $, .RADIAN. ) );
#5058 = DIRECTION ( 'NONE',  ( 0.000000000000000000, -1.000000000000000000, 0.000000000000000000 ) ) ;
#5059 = VERTEX_POINT ( 'NONE', #1692 ) ;
#5060 = FILL_AREA_STYLE ('',( #4664 ) ) ;
#5061 = EDGE_LOOP ( 'NONE', ( #576, #235 ) ) ;
#5062 = PRESENTATION_LAYER_ASSIGNMENT (  '', '', ( #1643 ) ) ;
#5063 =( NAMED_UNIT ( * ) SI_UNIT ( $, .STERADIAN. ) SOLID_ANGLE_UNIT ( ) );
#5064 = DIRECTION ( 'NONE',  ( 0.000000000000000000, 0.000000000000000000, 1.000000000000000000 ) ) ;
#5065 = AXIS2_PLACEMENT_3D ( 'NONE', #2535, #1570, #1118 ) ;
#5066 = CARTESIAN_POINT ( 'NONE',  ( 10.40000000000000036, -3.851698777701299647, -9.720000000000002416 ) ) ;
#5067 = COLOUR_RGB ( '',0.2980392156862745057, 0.2980392156862745057, 0.2980392156862745057 ) ;
#5068 =( NAMED_UNIT ( * ) PLANE_ANGLE_UNIT ( ) SI_UNIT ( $, .RADIAN. ) );
#5069 =( NAMED_UNIT ( * ) PLANE_ANGLE_UNIT ( ) SI_UNIT ( $, .RADIAN. ) );
#5070 = VERTEX_POINT ( 'NONE', #4671 ) ;
#5071 = DIRECTION ( 'NONE',  ( 1.112002228190259966E-16, 0.000000000000000000, 1.000000000000000000 ) ) ;
#5072 = PRODUCT_DEFINITION_CONTEXT ( 'detailed design', #5030, 'design' ) ;
#5073 = EDGE_CURVE ( 'NONE', #872, #2569, #3142, .T. ) ;
#5074 = CARTESIAN_POINT ( 'NONE',  ( -9.400000000000000355, -3.051698777701299381, -9.719999999999998863 ) ) ;
#5075 = CARTESIAN_POINT ( 'NONE',  ( 3.831523734920773805, 0.3966024445973921342, 12.31031652251693131 ) ) ;
#5076 = FILL_AREA_STYLE ('',( #2841 ) ) ;
#5077 = ORIENTED_EDGE ( 'NONE', *, *, #2586, .T. ) ;
#5078 = FILL_AREA_STYLE ('',( #3414 ) ) ;
#5079 = CARTESIAN_POINT ( 'NONE',  ( -1.058476265079226097, -0.3516987777013035887, 2.629463003889801698 ) ) ;
#5080 = VECTOR ( 'NONE', #5167, 1000.000000000000000 ) ;
#5081 = ORIENTED_EDGE ( 'NONE', *, *, #542, .T. ) ;
#5082 = SURFACE_STYLE_FILL_AREA ( #4197 ) ;
#5083 = UNCERTAINTY_MEASURE_WITH_UNIT (LENGTH_MEASURE( 1.000000000000000082E-05 ), #2043, 'distance_accuracy_value', 'NONE');
#5084 = EDGE_CURVE ( 'NONE', #1609, #4680, #200, .T. ) ;
#5085 = CARTESIAN_POINT ( 'NONE',  ( -3.268476265079226284, 0.3966024445973921342, 8.310316522516931315 ) ) ;
#5086 = PLANE ( 'NONE',  #4747 ) ;
#5087 = PRESENTATION_LAYER_ASSIGNMENT (  '', '', ( #557 ) ) ;
#5088 = ORIENTED_EDGE ( 'NONE', *, *, #1352, .F. ) ;
#5089 =( NAMED_UNIT ( * ) PLANE_ANGLE_UNIT ( ) SI_UNIT ( $, .RADIAN. ) );
#5090 = EDGE_CURVE ( 'NONE', #2371, #2463, #703, .T. ) ;
#5091 = ORIENTED_EDGE ( 'NONE', *, *, #2766, .F. ) ;
#5092 = PRESENTATION_LAYER_ASSIGNMENT (  '', '', ( #128 ) ) ;
#5093 = ADVANCED_FACE ( 'NONE', ( #678 ), #2444, .T. ) ;
#5094 = MECHANICAL_DESIGN_GEOMETRIC_PRESENTATION_REPRESENTATION (  '', ( #2046 ), #572 ) ;
#5095 = DIRECTION ( 'NONE',  ( 9.227252531791526626E-17, 0.000000000000000000, 1.000000000000000000 ) ) ;
#5096 = DIRECTION ( 'NONE',  ( 0.000000000000000000, 3.330669073875468635E-16, -1.000000000000000000 ) ) ;
#5097 = EDGE_CURVE ( 'NONE', #3563, #1870, #112, .T. ) ;
#5098 =( BOUNDED_CURVE ( )  B_SPLINE_CURVE ( 3, ( #129, #4558, #3667, #619 ),
 .UNSPECIFIED., .F., .T. ) 
 B_SPLINE_CURVE_WITH_KNOTS ( ( 4, 4 ),
 ( 1.570796326794896558, 4.712388980384689674 ),
 .UNSPECIFIED. ) 
 CURVE ( )  GEOMETRIC_REPRESENTATION_ITEM ( )  RATIONAL_B_SPLINE_CURVE ( ( 1.000000000000000000, 0.3333333333333333703, 0.3333333333333333703, 1.000000000000000000 ) ) 
 REPRESENTATION_ITEM ( '' )  );
#5099 =( LENGTH_UNIT ( ) NAMED_UNIT ( * ) SI_UNIT ( .MILLI., .METRE. ) );
#5100 = DIRECTION ( 'NONE',  ( -0.4999999999999980016, 0.000000000000000000, -0.8660254037844398178 ) ) ;
#5101 = CARTESIAN_POINT ( 'NONE',  ( 10.40000000000000036, -1.451698777701299514, -9.500000000000001776 ) ) ;
#5102 = DIRECTION ( 'NONE',  ( 3.252606517456513302E-16, 0.000000000000000000, -1.000000000000000000 ) ) ;
#5103 = COLOUR_RGB ( '',0.2980392156862745057, 0.2980392156862745057, 0.2980392156862745057 ) ;
#5104 = STYLED_ITEM ( 'NONE', ( #5428 ), #2440 ) ;
#5105 = CARTESIAN_POINT ( 'NONE',  ( 0.03152373492077385764, 3.598301222298696089, -3.741379327861898751 ) ) ;
#5106 = ORIENTED_EDGE ( 'NONE', *, *, #5097, .F. ) ;
#5107 = PRESENTATION_STYLE_ASSIGNMENT (( #5528 ) ) ;
#5108 = FACE_OUTER_BOUND ( 'NONE', #2590, .T. ) ;
#5109 = LINE ( 'NONE', #155, #3410 ) ;
#5110 = MECHANICAL_DESIGN_GEOMETRIC_PRESENTATION_REPRESENTATION (  '', ( #775 ), #3364 ) ;
#5111 = CARTESIAN_POINT ( 'NONE',  ( -2.768476265079225396, 0.03109443852771648364, 7.058387939488190099 ) ) ;
#5112 = ORIENTED_EDGE ( 'NONE', *, *, #3659, .F. ) ;
#5113 = SURFACE_SIDE_STYLE ('',( #4252 ) ) ;
#5114 = ORIENTED_EDGE ( 'NONE', *, *, #2658, .T. ) ;
#5115 =( NAMED_UNIT ( * ) PLANE_ANGLE_UNIT ( ) SI_UNIT ( $, .RADIAN. ) );
#5116 = DIRECTION ( 'NONE',  ( 1.000000000000000000, -4.336808689941978293E-15, 5.182180843311863867E-16 ) ) ;
#5117 = EDGE_CURVE ( 'NONE', #1523, #2546, #1147, .T. ) ;
#5118 = ORIENTED_EDGE ( 'NONE', *, *, #646, .T. ) ;
#5119 = DIRECTION ( 'NONE',  ( 0.000000000000000000, 0.000000000000000000, 1.000000000000000000 ) ) ;
#5120 = DIRECTION ( 'NONE',  ( 1.000000000000000000, 0.000000000000000000, 0.000000000000000000 ) ) ;
#5121 = ORIENTED_EDGE ( 'NONE', *, *, #3257, .T. ) ;
#5122 = ORIENTED_EDGE ( 'NONE', *, *, #4841, .F. ) ;
#5123 = CARTESIAN_POINT ( 'NONE',  ( 9.400000000000000355, -1.951698777701299292, -9.500000000000000000 ) ) ;
#5124 = LINE ( 'NONE', #4606, #2028 ) ;
#5125 = STYLED_ITEM ( 'NONE', ( #4390 ), #1747 ) ;
#5126 = CARTESIAN_POINT ( 'NONE',  ( 0.7015237349207738005, -0.3516987777013035887, 2.629463003889801698 ) ) ;
#5127 = SURFACE_STYLE_USAGE ( .BOTH. , #1599 ) ;
#5128 = ORIENTED_EDGE ( 'NONE', *, *, #2982, .T. ) ;
#5129 = LINE ( 'NONE', #3405, #757 ) ;
#5130 = CARTESIAN_POINT ( 'NONE',  ( -1.960334693783430282, 4.398301222298695023, 1.208620672138110974 ) ) ;
#5131 = CARTESIAN_POINT ( 'NONE',  ( -0.6520370589126753824, -0.3516987777013036442, 3.208620672138101870 ) ) ;
#5132 = SURFACE_SIDE_STYLE ('',( #4247 ) ) ;
#5133 = SURFACE_STYLE_FILL_AREA ( #3905 ) ;
#5134 = EDGE_LOOP ( 'NONE', ( #291, #602 ) ) ;
#5135 = PRESENTATION_STYLE_ASSIGNMENT (( #3354 ) ) ;
#5136 = LINE ( 'NONE', #5198, #2526 ) ;
#5137 = ORIENTED_EDGE ( 'NONE', *, *, #2188, .T. ) ;
#5138 = CARTESIAN_POINT ( 'NONE',  ( 3.931523734920749469, -0.5516987777013022676, -3.841379327861930371 ) ) ;
#5139 = UNCERTAINTY_MEASURE_WITH_UNIT (LENGTH_MEASURE( 1.000000000000000082E-05 ), #3432, 'distance_accuracy_value', 'NONE');
#5140 =( NAMED_UNIT ( * ) PLANE_ANGLE_UNIT ( ) SI_UNIT ( $, .RADIAN. ) );
#5141 = APPLICATION_CONTEXT ( 'automotive_design' ) ;
#5142 = LINE ( 'NONE', #4400, #1199 ) ;
#5143 = ORIENTED_EDGE ( 'NONE', *, *, #2468, .F. ) ;
#5144 = SURFACE_STYLE_FILL_AREA ( #3827 ) ;
#5145 = ORIENTED_EDGE ( 'NONE', *, *, #4181, .T. ) ;
#5146 = ORIENTED_EDGE ( 'NONE', *, *, #269, .F. ) ;
#5147 = UNCERTAINTY_MEASURE_WITH_UNIT (LENGTH_MEASURE( 1.000000000000000082E-05 ), #1574, 'distance_accuracy_value', 'NONE');
#5148 = EDGE_CURVE ( 'NONE', #5450, #2398, #1657, .T. ) ;
#5149 = VECTOR ( 'NONE', #1354, 1000.000000000000000 ) ;
#5150 = DIRECTION ( 'NONE',  ( 1.000000000000000000, 0.000000000000000000, 0.000000000000000000 ) ) ;
#5151 =( NAMED_UNIT ( * ) SI_UNIT ( $, .STERADIAN. ) SOLID_ANGLE_UNIT ( ) );
#5152 = SURFACE_STYLE_FILL_AREA ( #1999 ) ;
#5153 = EDGE_CURVE ( 'NONE', #4704, #1870, #3329, .T. ) ;
#5154 = SURFACE_SIDE_STYLE ('',( #4670 ) ) ;
#5155 = AXIS2_PLACEMENT_3D ( 'NONE', #2702, #3125, #3152 ) ;
#5156 = VECTOR ( 'NONE', #5026, 1000.000000000000000 ) ;
#5157 = DIRECTION ( 'NONE',  ( -1.000000000000000000, 0.000000000000000000, -1.217824593119444050E-16 ) ) ;
#5158 = DIRECTION ( 'NONE',  ( 0.000000000000000000, 1.000000000000000000, 0.000000000000000000 ) ) ;
#5159 = CARTESIAN_POINT ( 'NONE',  ( 0.06152373492077382877, -0.3516987777013035887, 2.629463003889801698 ) ) ;
#5160 = VERTEX_POINT ( 'NONE', #1805 ) ;
#5161 = DIRECTION ( 'NONE',  ( -1.845450506358305325E-16, -0.000000000000000000, -1.000000000000000000 ) ) ;
#5162 =( GEOMETRIC_REPRESENTATION_CONTEXT ( 3 ) GLOBAL_UNCERTAINTY_ASSIGNED_CONTEXT ( ( #1171 ) ) GLOBAL_UNIT_ASSIGNED_CONTEXT ( ( #1685, #5208, #1144 ) ) REPRESENTATION_CONTEXT ( 'NONE', 'WORKASPACE' ) );
#5163 = EDGE_CURVE ( 'NONE', #1314, #4564, #470, .T. ) ;
#5164 = DIRECTION ( 'NONE',  ( 1.387778780781444196E-16, -3.330669073875468142E-16, 1.000000000000000000 ) ) ;
#5165 = COLOUR_RGB ( '',1.000000000000000000, 0.6666666666666666297, 0.1843137254901960898 ) ;
#5166 = LINE ( 'NONE', #4331, #2915 ) ;
#5167 = DIRECTION ( 'NONE',  ( -1.000000000000000000, 0.000000000000000000, 0.000000000000000000 ) ) ;
#5168 = EDGE_LOOP ( 'NONE', ( #2585, #3264 ) ) ;
#5169 = DIRECTION ( 'NONE',  ( 0.000000000000000000, 3.330669073875468142E-16, -1.000000000000000000 ) ) ;
#5170 = VERTEX_POINT ( 'NONE', #1780 ) ;
#5171 = SURFACE_SIDE_STYLE ('',( #1302 ) ) ;
#5172 = COLOUR_RGB ( '',0.4313725490196078649, 0.4980392156862745168, 0.4313725490196078649 ) ;
#5173 = EDGE_CURVE ( 'NONE', #1546, #1238, #1345, .T. ) ;
#5174 = DIRECTION ( 'NONE',  ( 0.000000000000000000, 0.000000000000000000, -1.000000000000000000 ) ) ;
#5175 = MECHANICAL_DESIGN_GEOMETRIC_PRESENTATION_REPRESENTATION (  '', ( #201 ), #1662 ) ;
#5176 = FILL_AREA_STYLE ('',( #20 ) ) ;
#5177 = ORIENTED_EDGE ( 'NONE', *, *, #160, .T. ) ;
#5178 = VECTOR ( 'NONE', #4694, 1000.000000000000000 ) ;
#5179 = VERTEX_POINT ( 'NONE', #861 ) ;
#5180 = VERTEX_POINT ( 'NONE', #3983 ) ;
#5181 = AXIS2_PLACEMENT_3D ( 'NONE', #2640, #926, #3554 ) ;
#5182 = DIRECTION ( 'NONE',  ( 0.000000000000000000, 1.000000000000000000, 1.110223024625156540E-16 ) ) ;
#5183 = CARTESIAN_POINT ( 'NONE',  ( -0.4184762650792260841, -0.3516987777013035887, 2.629463003889801698 ) ) ;
#5184 = AXIS2_PLACEMENT_3D ( 'NONE', #512, #3148, #3468 ) ;
#5185 = EDGE_CURVE ( 'NONE', #180, #5478, #2783, .T. ) ;
#5186 =( LENGTH_UNIT ( ) NAMED_UNIT ( * ) SI_UNIT ( .MILLI., .METRE. ) );
#5187 = LINE ( 'NONE', #832, #2529 ) ;
#5188 = CARTESIAN_POINT ( 'NONE',  ( 10.50000000000000000, -1.451698777701302401, -1.049999999999997158 ) ) ;
#5189 = FILL_AREA_STYLE ('',( #3870 ) ) ;
#5190 = CARTESIAN_POINT ( 'NONE',  ( 0.03152373492077385764, 4.398301222298695023, 1.058620672138101293 ) ) ;
#5191 = FACE_OUTER_BOUND ( 'NONE', #3826, .T. ) ;
#5192 = CARTESIAN_POINT ( 'NONE',  ( -9.399999999999998579, -1.951698777701299292, -9.500000000000000000 ) ) ;
#5193 = STYLED_ITEM ( 'NONE', ( #5107 ), #411 ) ;
#5194 = STYLED_ITEM ( 'NONE', ( #915 ), #3715 ) ;
#5195 = CARTESIAN_POINT ( 'NONE',  ( 0.03152373492077422540, 3.198301222298698399, -2.741379327861898751 ) ) ;
#5196 = EDGE_CURVE ( 'NONE', #5462, #5702, #3083, .T. ) ;
#5197 = EDGE_LOOP ( 'NONE', ( #3490, #2650 ) ) ;
#5198 = CARTESIAN_POINT ( 'NONE',  ( 2.413093595327993501, 3.948301222298694846, 1.433620672138079533 ) ) ;
#5199 = ORIENTED_EDGE ( 'NONE', *, *, #3623, .T. ) ;
#5200 = UNCERTAINTY_MEASURE_WITH_UNIT (LENGTH_MEASURE( 1.000000000000000082E-05 ), #2482, 'distance_accuracy_value', 'NONE');
#5201 = CARTESIAN_POINT ( 'NONE',  ( 0.3215237349207739626, -0.3516987777013036442, 2.629463003889801698 ) ) ;
#5202 =( GEOMETRIC_REPRESENTATION_CONTEXT ( 3 ) GLOBAL_UNCERTAINTY_ASSIGNED_CONTEXT ( ( #244 ) ) GLOBAL_UNIT_ASSIGNED_CONTEXT ( ( #2297, #2637, #1784 ) ) REPRESENTATION_CONTEXT ( 'NONE', 'WORKASPACE' ) );
#5203 = PRESENTATION_STYLE_ASSIGNMENT (( #1191 ) ) ;
#5204 = ORIENTED_EDGE ( 'NONE', *, *, #2406, .F. ) ;
#5205 = VERTEX_POINT ( 'NONE', #63 ) ;
#5206 = ORIENTED_EDGE ( 'NONE', *, *, #4144, .F. ) ;
#5207 = ORIENTED_EDGE ( 'NONE', *, *, #3429, .F. ) ;
#5208 =( NAMED_UNIT ( * ) PLANE_ANGLE_UNIT ( ) SI_UNIT ( $, .RADIAN. ) );
#5209 = DIRECTION ( 'NONE',  ( 0.000000000000000000, -1.000000000000000000, -1.110223024625156540E-16 ) ) ;
#5210 = FILL_AREA_STYLE_COLOUR ( '', #671 ) ;
#5211 = EDGE_LOOP ( 'NONE', ( #1921, #5687, #358, #1188 ) ) ;
#5212 =( LENGTH_UNIT ( ) NAMED_UNIT ( * ) SI_UNIT ( .MILLI., .METRE. ) );
#5213 = CARTESIAN_POINT ( 'NONE',  ( -2.768476265079225840, -0.3903167934542861039, 4.781211482161561221 ) ) ;
#5214 = COLOUR_RGB ( '',0.2980392156862745057, 0.2980392156862745057, 0.2980392156862745057 ) ;
#5215 = SURFACE_SIDE_STYLE ('',( #2995 ) ) ;
#5216 = DIRECTION ( 'NONE',  ( 0.000000000000000000, 3.330669073875468635E-16, -1.000000000000000000 ) ) ;
#5217 = ADVANCED_FACE ( 'NONE', ( #5273, #2629 ), #2, .F. ) ;
#5218 = DIRECTION ( 'NONE',  ( 3.252606517456513302E-16, 0.000000000000000000, -1.000000000000000000 ) ) ;
#5219 = LINE ( 'NONE', #5685, #4756 ) ;
#5220 = CARTESIAN_POINT ( 'NONE',  ( -1.538476265079226524, -0.3516987777013036998, -2.788642972121563091 ) ) ;
#5221 = ORIENTED_EDGE ( 'NONE', *, *, #2090, .F. ) ;
#5222 = FILL_AREA_STYLE_COLOUR ( '', #2798 ) ;
#5223 =( LENGTH_UNIT ( ) NAMED_UNIT ( * ) SI_UNIT ( .MILLI., .METRE. ) );
#5224 = CARTESIAN_POINT ( 'NONE',  ( -10.40000000000000213, -1.451698777701299514, -9.499999999999998224 ) ) ;
#5225 = VERTEX_POINT ( 'NONE', #2268 ) ;
#5226 =( NAMED_UNIT ( * ) SI_UNIT ( $, .STERADIAN. ) SOLID_ANGLE_UNIT ( ) );
#5227 = PLANE ( 'NONE',  #3326 ) ;
#5228 = ADVANCED_FACE ( 'NONE', ( #1748 ), #1260, .F. ) ;
#5229 = DIRECTION ( 'NONE',  ( 0.000000000000000000, 4.130293990420967418E-16, -1.000000000000000000 ) ) ;
#5230 = ORIENTED_EDGE ( 'NONE', *, *, #3498, .F. ) ;
#5231 = DIRECTION ( 'NONE',  ( -0.8660254037844432595, 0.000000000000000000, -0.4999999999999919509 ) ) ;
#5232 = ORIENTED_EDGE ( 'NONE', *, *, #4417, .T. ) ;
#5233 = VERTEX_POINT ( 'NONE', #3195 ) ;
#5234 = VERTEX_POINT ( 'NONE', #3281 ) ;
#5235 = FACE_BOUND ( 'NONE', #5250, .T. ) ;
#5236 = SURFACE_STYLE_USAGE ( .BOTH. , #4011 ) ;
#5237 = EDGE_CURVE ( 'NONE', #4559, #997, #3660, .T. ) ;
#5238 = COLOUR_RGB ( '',1.000000000000000000, 0.000000000000000000, 0.000000000000000000 ) ;
#5239 = STYLED_ITEM ( 'NONE', ( #5648 ), #553 ) ;
#5240 = DIRECTION ( 'NONE',  ( 1.000000000000000000, 0.000000000000000000, -3.469446951953611033E-15 ) ) ;
#5241 = AXIS2_PLACEMENT_3D ( 'NONE', #725, #1617, #5119 ) ;
#5242 = SURFACE_SIDE_STYLE ('',( #1694 ) ) ;
#5243 = SURFACE_STYLE_FILL_AREA ( #1208 ) ;
#5244 = CARTESIAN_POINT ( 'NONE',  ( -0.6384762650792261685, -0.3516987777013035887, -2.862221659613599201 ) ) ;
#5245 = VECTOR ( 'NONE', #5020, 1000.000000000000000 ) ;
#5246 = CARTESIAN_POINT ( 'NONE',  ( -0.6520370589126753824, -0.3516987777013036442, 3.208620672138101870 ) ) ;
#5247 = SURFACE_STYLE_FILL_AREA ( #5623 ) ;
#5248 = FILL_AREA_STYLE ('',( #1267 ) ) ;
#5249 = LINE ( 'NONE', #2245, #3155 ) ;
#5250 = EDGE_LOOP ( 'NONE', ( #2080, #3648 ) ) ;
#5251 =( LENGTH_UNIT ( ) NAMED_UNIT ( * ) SI_UNIT ( .MILLI., .METRE. ) );
#5252 = SURFACE_SIDE_STYLE ('',( #2663 ) ) ;
#5253 = EDGE_CURVE ( 'NONE', #5647, #4568, #1907, .T. ) ;
#5254 = VERTEX_POINT ( 'NONE', #3691 ) ;
#5255 = FILL_AREA_STYLE ('',( #5574 ) ) ;
#5256 = UNCERTAINTY_MEASURE_WITH_UNIT (LENGTH_MEASURE( 1.000000000000000082E-05 ), #2601, 'distance_accuracy_value', 'NONE');
#5257 = AXIS2_PLACEMENT_3D ( 'NONE', #5616, #3456, #3084 ) ;
#5258 = CARTESIAN_POINT ( 'NONE',  ( 2.781523734920773538, -0.3516987777013035887, -2.862221659613599201 ) ) ;
#5259 = ORIENTED_EDGE ( 'NONE', *, *, #5073, .T. ) ;
#5260 = CIRCLE ( 'NONE', #2781, 1.050000000000000488 ) ;
#5261 = FILL_AREA_STYLE_COLOUR ( '', #1472 ) ;
#5262 = EDGE_CURVE ( 'NONE', #1969, #1769, #1003, .T. ) ;
#5263 = ORIENTED_EDGE ( 'NONE', *, *, #104, .T. ) ;
#5264 = ORIENTED_EDGE ( 'NONE', *, *, #3898, .T. ) ;
#5265 =( LENGTH_UNIT ( ) NAMED_UNIT ( * ) SI_UNIT ( .MILLI., .METRE. ) );
#5266 = VECTOR ( 'NONE', #4123, 1000.000000000000000 ) ;
#5267 = EDGE_CURVE ( 'NONE', #1992, #5483, #2825, .T. ) ;
#5268 = ORIENTED_EDGE ( 'NONE', *, *, #5388, .T. ) ;
#5269 = FACE_BOUND ( 'NONE', #4342, .T. ) ;
#5270 =( LENGTH_UNIT ( ) NAMED_UNIT ( * ) SI_UNIT ( .MILLI., .METRE. ) );
#5271 = EDGE_CURVE ( 'NONE', #2786, #4004, #4948, .T. ) ;
#5272 =( LENGTH_UNIT ( ) NAMED_UNIT ( * ) SI_UNIT ( .MILLI., .METRE. ) );
#5273 = FACE_BOUND ( 'NONE', #1967, .T. ) ;
#5274 = FILL_AREA_STYLE_COLOUR ( '', #2774 ) ;
#5275 = EDGE_CURVE ( 'NONE', #4508, #1636, #4444, .T. ) ;
#5276 = LINE ( 'NONE', #1660, #868 ) ;
#5277 = CARTESIAN_POINT ( 'NONE',  ( 9.400000000000000355, -3.051698777701299381, -9.000000000000000000 ) ) ;
#5278 =( GEOMETRIC_REPRESENTATION_CONTEXT ( 3 ) GLOBAL_UNCERTAINTY_ASSIGNED_CONTEXT ( ( #1675 ) ) GLOBAL_UNIT_ASSIGNED_CONTEXT ( ( #3485, #2213, #4812 ) ) REPRESENTATION_CONTEXT ( 'NONE', 'WORKASPACE' ) );
#5279 = DIRECTION ( 'NONE',  ( 1.000000000000000000, -1.925929944387234539E-31, 5.782411586589354681E-16 ) ) ;
#5280 = CARTESIAN_POINT ( 'NONE',  ( -3.868476265079257015, -0.5016987777013022232, -3.841379327861929482 ) ) ;
#5281 = ORIENTED_EDGE ( 'NONE', *, *, #3607, .T. ) ;
#5282 = CIRCLE ( 'NONE', #1134, 1.000000000000000000 ) ;
#5283 = SURFACE_STYLE_FILL_AREA ( #3580 ) ;
#5284 = CARTESIAN_POINT ( 'NONE',  ( 0.03152373492077385764, 4.023301222298695912, 0.6836206721381010709 ) ) ;
#5285 = CARTESIAN_POINT ( 'NONE',  ( 2.413093595327993501, 3.948301222298694846, 1.433620672138079533 ) ) ;
#5286 = VERTEX_POINT ( 'NONE', #117 ) ;
#5287 = PLANE ( 'NONE',  #2428 ) ;
#5288 = CARTESIAN_POINT ( 'NONE',  ( 0.2215237349207738460, -0.3516987777013036998, 2.555884316397765144 ) ) ;
#5289 = ORIENTED_EDGE ( 'NONE', *, *, #5614, .F. ) ;
#5290 = ORIENTED_EDGE ( 'NONE', *, *, #1210, .F. ) ;
#5291 = ORIENTED_EDGE ( 'NONE', *, *, #2014, .T. ) ;
#5292 = VECTOR ( 'NONE', #369, 1000.000000000000000 ) ;
#5293 = AXIS2_PLACEMENT_3D ( 'NONE', #2619, #417, #3805 ) ;
#5294 = CARTESIAN_POINT ( 'NONE',  ( -10.40000000000000036, -1.451698777701301291, -4.000000000000003553 ) ) ;
#5295 = EDGE_CURVE ( 'NONE', #107, #875, #2382, .T. ) ;
#5296 =( BOUNDED_CURVE ( )  B_SPLINE_CURVE ( 3, ( #5126, #884, #2000, #1178 ),
 .UNSPECIFIED., .F., .T. ) 
 B_SPLINE_CURVE_WITH_KNOTS ( ( 4, 4 ),
 ( 1.570796326794896558, 4.712388980384689674 ),
 .UNSPECIFIED. ) 
 CURVE ( )  GEOMETRIC_REPRESENTATION_ITEM ( )  RATIONAL_B_SPLINE_CURVE ( ( 1.000000000000000000, 0.3333333333333333703, 0.3333333333333333703, 1.000000000000000000 ) ) 
 REPRESENTATION_ITEM ( '' )  );
#5297 = EDGE_LOOP ( 'NONE', ( #3564, #3819, #733 ) ) ;
#5298 = FACE_BOUND ( 'NONE', #3391, .T. ) ;
#5299 = DIRECTION ( 'NONE',  ( -1.000000000000000000, -0.000000000000000000, -0.000000000000000000 ) ) ;
#5300 = CARTESIAN_POINT ( 'NONE',  ( -0.5934762650792255734, 4.023301222298695912, 0.05862067213810119581 ) ) ;
#5301 = EDGE_CURVE ( 'NONE', #1737, #1419, #4183, .T. ) ;
#5302 = DIRECTION ( 'NONE',  ( 0.000000000000000000, 0.000000000000000000, 1.000000000000000000 ) ) ;
#5303 = CARTESIAN_POINT ( 'NONE',  ( 0.03152373492077385764, 3.398301222298695912, 0.05862067213810127214 ) ) ;
#5304 = DIRECTION ( 'NONE',  ( -1.000000000000000000, 0.000000000000000000, 0.000000000000000000 ) ) ;
#5305 = DIRECTION ( 'NONE',  ( 4.336808689941978293E-15, 1.000000000000000000, -0.000000000000000000 ) ) ;
#5306 = LINE ( 'NONE', #871, #480 ) ;
#5307 = ORIENTED_EDGE ( 'NONE', *, *, #895, .F. ) ;
#5308 = LINE ( 'NONE', #873, #4045 ) ;
#5309 = MECHANICAL_DESIGN_GEOMETRIC_PRESENTATION_REPRESENTATION (  '', ( #336 ), #5034 ) ;
#5310 = SURFACE_STYLE_USAGE ( .BOTH. , #2191 ) ;
#5311 = EDGE_LOOP ( 'NONE', ( #5545, #4193, #5017, #4326 ) ) ;
#5312 = DIRECTION ( 'NONE',  ( 1.000000000000000000, 0.000000000000000000, 0.000000000000000000 ) ) ;
#5313 = UNCERTAINTY_MEASURE_WITH_UNIT (LENGTH_MEASURE( 1.000000000000000082E-05 ), #2375, 'distance_accuracy_value', 'NONE');
#5314 = FILL_AREA_STYLE_COLOUR ( '', #3099 ) ;
#5315 = PRESENTATION_LAYER_ASSIGNMENT (  '', '', ( #2356 ) ) ;
#5316 = CARTESIAN_POINT ( 'NONE',  ( -7.479999999999999538, -0.5516987777013059313, 9.900000000000005684 ) ) ;
#5317 =( GEOMETRIC_REPRESENTATION_CONTEXT ( 3 ) GLOBAL_UNCERTAINTY_ASSIGNED_CONTEXT ( ( #2027 ) ) GLOBAL_UNIT_ASSIGNED_CONTEXT ( ( #4710, #323, #2864 ) ) REPRESENTATION_CONTEXT ( 'NONE', 'WORKASPACE' ) );
#5318 = VERTEX_POINT ( 'NONE', #5405 ) ;
#5319 = LINE ( 'NONE', #23, #1007 ) ;
#5320 = ORIENTED_EDGE ( 'NONE', *, *, #2828, .F. ) ;
#5321 = VECTOR ( 'NONE', #2230, 999.9999999999998863 ) ;
#5322 = ORIENTED_EDGE ( 'NONE', *, *, #1413, .T. ) ;
#5323 = CARTESIAN_POINT ( 'NONE',  ( -2.078476265079225893, -0.3516987777013035887, 2.629463003889801698 ) ) ;
#5324 = PRESENTATION_LAYER_ASSIGNMENT (  '', '', ( #2750 ) ) ;
#5325 = VERTEX_POINT ( 'NONE', #4547 ) ;
#5326 = FACE_BOUND ( 'NONE', #5629, .T. ) ;
#5327 = CARTESIAN_POINT ( 'NONE',  ( 0.06152373492077384959, -0.3516987777013036998, -2.788642972121563091 ) ) ;
#5328 = PLANE ( 'NONE',  #657 ) ;
#5329 = EDGE_CURVE ( 'NONE', #3924, #3496, #3166, .T. ) ;
#5330 = AXIS2_PLACEMENT_3D ( 'NONE', #12, #4820, #5689 ) ;
#5331 = CARTESIAN_POINT ( 'NONE',  ( -2.018476265079225840, -0.3516987777013035887, 2.629463003889801698 ) ) ;
#5332 = EDGE_CURVE ( 'NONE', #405, #1960, #5353, .T. ) ;
#5333 = VECTOR ( 'NONE', #3552, 1000.000000000000000 ) ;
#5334 = FACE_OUTER_BOUND ( 'NONE', #5691, .T. ) ;
#5335 = FILL_AREA_STYLE_COLOUR ( '', #1481 ) ;
#5336 = SURFACE_SIDE_STYLE ('',( #70 ) ) ;
#5337 = EDGE_LOOP ( 'NONE', ( #4757, #1894, #1411, #2602 ) ) ;
#5338 = LINE ( 'NONE', #1862, #3705 ) ;
#5339 = LINE ( 'NONE', #541, #2653 ) ;
#5340 = DIRECTION ( 'NONE',  ( 0.000000000000000000, -1.000000000000000000, -3.330669073875468142E-16 ) ) ;
#5341 = ORIENTED_EDGE ( 'NONE', *, *, #2793, .T. ) ;
#5342 = ORIENTED_EDGE ( 'NONE', *, *, #5275, .T. ) ;
#5343 = EDGE_CURVE ( 'NONE', #4789, #1110, #2349, .T. ) ;
#5344 = ORIENTED_EDGE ( 'NONE', *, *, #4980, .F. ) ;
#5345 = FILL_AREA_STYLE ('',( #2674 ) ) ;
#5346 = AXIS2_PLACEMENT_3D ( 'NONE', #2030, #3801, #5553 ) ;
#5347 = DIRECTION ( 'NONE',  ( -0.000000000000000000, 1.000000000000000000, -0.000000000000000000 ) ) ;
#5348 = ORIENTED_EDGE ( 'NONE', *, *, #5357, .F. ) ;
#5349 = FACE_BOUND ( 'NONE', #1281, .T. ) ;
#5350 = PRESENTATION_STYLE_ASSIGNMENT (( #3719 ) ) ;
#5351 = CARTESIAN_POINT ( 'NONE',  ( -1.278476265079225849, -0.3516987777013035887, 2.629463003889801698 ) ) ;
#5352 = AXIS2_PLACEMENT_3D ( 'NONE', #368, #4321, #4267 ) ;
#5353 = LINE ( 'NONE', #2741, #2312 ) ;
#5354 = STYLED_ITEM ( 'NONE', ( #198 ), #2487 ) ;
#5355 = CARTESIAN_POINT ( 'NONE',  ( 1.363478986950356076, -0.3516987777013036442, -3.291379327861898130 ) ) ;
#5356 = PRESENTATION_LAYER_ASSIGNMENT (  '', '', ( #4263 ) ) ;
#5357 = EDGE_CURVE ( 'NONE', #1847, #5667, #2033, .T. ) ;
#5358 = PRESENTATION_STYLE_ASSIGNMENT (( #2721 ) ) ;
#5359 =( LENGTH_UNIT ( ) NAMED_UNIT ( * ) SI_UNIT ( .MILLI., .METRE. ) );
#5360 = FACE_OUTER_BOUND ( 'NONE', #5573, .T. ) ;
#5361 = CARTESIAN_POINT ( 'NONE',  ( 2.831523734920776025, -0.3322272475925910906, 5.370631857476596771 ) ) ;
#5362 = LINE ( 'NONE', #984, #5460 ) ;
#5363 = VERTEX_POINT ( 'NONE', #2562 ) ;
#5364 = FILL_AREA_STYLE_COLOUR ( '', #72 ) ;
#5365 = LINE ( 'NONE', #543, #2680 ) ;
#5366 = EDGE_CURVE ( 'NONE', #5657, #130, #4668, .T. ) ;
#5367 = VECTOR ( 'NONE', #234, 1000.000000000000000 ) ;
#5368 = ORIENTED_EDGE ( 'NONE', *, *, #3214, .T. ) ;
#5369 = CYLINDRICAL_SURFACE ( 'NONE', #612, 1.050000000000000488 ) ;
#5370 = EDGE_LOOP ( 'NONE', ( #1186, #1076, #1820, #1278, #961, #4079, #4689, #3149, #5199, #1876, #3995, #686 ) ) ;
#5371 = VERTEX_POINT ( 'NONE', #699 ) ;
#5372 = CARTESIAN_POINT ( 'NONE',  ( -1.099927705371577691, -0.3516987777013036442, -3.591379327861898396 ) ) ;
#5373 = CARTESIAN_POINT ( 'NONE',  ( 0.03152373492077395478, 4.023301222298695912, -0.5663793278618984850 ) ) ;
#5374 = ORIENTED_EDGE ( 'NONE', *, *, #2715, .T. ) ;
#5375 = AXIS2_PLACEMENT_3D ( 'NONE', #4679, #4278, #1157 ) ;
#5376 = PRESENTATION_LAYER_ASSIGNMENT (  '', '', ( #2811 ) ) ;
#5377 = PRESENTATION_LAYER_ASSIGNMENT (  '', '', ( #5104 ) ) ;
#5378 = PRESENTATION_LAYER_ASSIGNMENT (  '', '', ( #1867 ) ) ;
#5379 = CARTESIAN_POINT ( 'NONE',  ( -2.350046125486426885, 3.948301222298694846, 1.433620672138113061 ) ) ;
#5380 = LINE ( 'NONE', #1451, #2402 ) ;
#5381 = FILL_AREA_STYLE_COLOUR ( '', #5555 ) ;
#5382 = DIRECTION ( 'NONE',  ( -1.084202172485504434E-16, -0.000000000000000000, -1.000000000000000000 ) ) ;
#5383 = CARTESIAN_POINT ( 'NONE',  ( 1.281523734920774205, -0.3516987777013036998, 2.555884316397765144 ) ) ;
#5384 = CARTESIAN_POINT ( 'NONE',  ( 2.831523734920774693, 0.1961442447639601683, 7.521889477582069716 ) ) ;
#5385 = CARTESIAN_POINT ( 'NONE',  ( 0.3515237349207738782, -0.3516987777013036442, -2.862221659613599201 ) ) ;
#5386 = ORIENTED_EDGE ( 'NONE', *, *, #250, .F. ) ;
#5387 = PLANE ( 'NONE',  #2552 ) ;
#5388 = EDGE_CURVE ( 'NONE', #3749, #136, #4576, .T. ) ;
#5389 = PLANE ( 'NONE',  #4853 ) ;
#5390 = CARTESIAN_POINT ( 'NONE',  ( 1.441523734920773903, -0.3516987777013036998, 2.555884316397765144 ) ) ;
#5391 = VECTOR ( 'NONE', #4482, 1000.000000000000000 ) ;
#5392 = ORIENTED_EDGE ( 'NONE', *, *, #454, .F. ) ;
#5393 = ORIENTED_EDGE ( 'NONE', *, *, #5332, .F. ) ;
#5394 = ORIENTED_EDGE ( 'NONE', *, *, #523, .F. ) ;
#5395 = CARTESIAN_POINT ( 'NONE',  ( -0.3184762650792260508, -0.3516987777013035887, -2.862221659613599201 ) ) ;
#5396 = ADVANCED_FACE ( 'NONE', ( #3309 ), #2932, .F. ) ;
#5397 = MECHANICAL_DESIGN_GEOMETRIC_PRESENTATION_REPRESENTATION (  '', ( #5125 ), #4483 ) ;
#5398 =( LENGTH_UNIT ( ) NAMED_UNIT ( * ) SI_UNIT ( .MILLI., .METRE. ) );
#5399 = VECTOR ( 'NONE', #3170, 1000.000000000000000 ) ;
#5400 = VERTEX_POINT ( 'NONE', #2989 ) ;
#5401 = CARTESIAN_POINT ( 'NONE',  ( -9.400000000000000355, -3.051698777701299381, -9.500000000000000000 ) ) ;
#5402 = CARTESIAN_POINT ( 'NONE',  ( -1.438476265079225769, -0.3516987777013035887, 2.629463003889801698 ) ) ;
#5403 = PRODUCT_DEFINITION_SHAPE ( 'NONE', 'NONE',  #1309 ) ;
#5404 = VECTOR ( 'NONE', #1400, 1000.000000000000000 ) ;
#5405 = CARTESIAN_POINT ( 'NONE',  ( 10.50000000000000000, -0.5516987777013024896, -1.049999999999996936 ) ) ;
#5406 =( NAMED_UNIT ( * ) SI_UNIT ( $, .STERADIAN. ) SOLID_ANGLE_UNIT ( ) );
#5407 = FILL_AREA_STYLE ('',( #4097 ) ) ;
#5408 = EDGE_CURVE ( 'NONE', #968, #2759, #793, .T. ) ;
#5409 = DIRECTION ( 'NONE',  ( -1.387778780781444196E-16, 0.000000000000000000, -1.000000000000000000 ) ) ;
#5410 =( NAMED_UNIT ( * ) PLANE_ANGLE_UNIT ( ) SI_UNIT ( $, .RADIAN. ) );
#5411 = CARTESIAN_POINT ( 'NONE',  ( -3.968476265079257548, -0.3516987777013036442, -3.941379327861930459 ) ) ;
#5412 = DIRECTION ( 'NONE',  ( -1.000000000000000000, 0.000000000000000000, 0.000000000000000000 ) ) ;
#5413 = LINE ( 'NONE', #1409, #3861 ) ;
#5414 = DIRECTION ( 'NONE',  ( 0.000000000000000000, 0.000000000000000000, 1.000000000000000000 ) ) ;
#5415 = VERTEX_POINT ( 'NONE', #5554 ) ;
#5416 = CARTESIAN_POINT ( 'NONE',  ( -0.8984762650792262884, -0.3516987777013036998, -2.788642972121563091 ) ) ;
#5417 = CARTESIAN_POINT ( 'NONE',  ( 2.413093595327983731, 4.398301222298695023, -1.316379327861893600 ) ) ;
#5418 = PRESENTATION_STYLE_ASSIGNMENT (( #3293 ) ) ;
#5419 =( GEOMETRIC_REPRESENTATION_CONTEXT ( 3 ) GLOBAL_UNCERTAINTY_ASSIGNED_CONTEXT ( ( #5313 ) ) GLOBAL_UNIT_ASSIGNED_CONTEXT ( ( #2375, #1529, #356 ) ) REPRESENTATION_CONTEXT ( 'NONE', 'WORKASPACE' ) );
#5420 = OPEN_SHELL ( 'NONE', ( #3227, #94, #411, #909, #1843 ) ) ;
#5421 = CARTESIAN_POINT ( 'NONE',  ( -9.400000000000000355, -1.951698777701299514, -9.000000000000000000 ) ) ;
#5422 = EDGE_CURVE ( 'NONE', #1697, #45, #2877, .T. ) ;
#5423 = ORIENTED_EDGE ( 'NONE', *, *, #1032, .F. ) ;
#5424 = ORIENTED_EDGE ( 'NONE', *, *, #3047, .T. ) ;
#5425 = EDGE_LOOP ( 'NONE', ( #2206, #681, #5230, #2756 ) ) ;
#5426 = CARTESIAN_POINT ( 'NONE',  ( 9.400000000000000355, -1.951698777701299514, -9.000000000000000000 ) ) ;
#5427 = DIRECTION ( 'NONE',  ( -1.000000000000000000, -0.000000000000000000, -0.000000000000000000 ) ) ;
#5428 = PRESENTATION_STYLE_ASSIGNMENT (( #4007 ) ) ;
#5429 = ADVANCED_FACE ( 'NONE', ( #337 ), #2962, .F. ) ;
#5430 = ORIENTED_EDGE ( 'NONE', *, *, #3153, .T. ) ;
#5431 = FACE_BOUND ( 'NONE', #3353, .T. ) ;
#5432 = LINE ( 'NONE', #2318, #4524 ) ;
#5433 = FILL_AREA_STYLE ('',( #4121 ) ) ;
#5434 = COLOUR_RGB ( '',0.7529411764705882248, 0.7529411764705882248, 0.7529411764705882248 ) ;
#5435 = EDGE_CURVE ( 'NONE', #4406, #2857, #949, .T. ) ;
#5436 = DIRECTION ( 'NONE',  ( 1.000000000000000000, 0.000000000000000000, 0.000000000000000000 ) ) ;
#5437 = STYLED_ITEM ( 'NONE', ( #4234 ), #3479 ) ;
#5438 = DIRECTION ( 'NONE',  ( 0.000000000000000000, -3.330669073875468142E-16, 1.000000000000000000 ) ) ;
#5439 =( BOUNDED_CURVE ( )  B_SPLINE_CURVE ( 3, ( #5015, #4240, #4645, #3838 ),
 .UNSPECIFIED., .F., .T. ) 
 B_SPLINE_CURVE_WITH_KNOTS ( ( 4, 4 ),
 ( 1.570796326794896558, 4.712388980384689674 ),
 .UNSPECIFIED. ) 
 CURVE ( )  GEOMETRIC_REPRESENTATION_ITEM ( )  RATIONAL_B_SPLINE_CURVE ( ( 1.000000000000000000, 0.3333333333333333703, 0.3333333333333333703, 1.000000000000000000 ) ) 
 REPRESENTATION_ITEM ( '' )  );
#5440 = CARTESIAN_POINT ( 'NONE',  ( -0.7984762650792259775, -0.3516987777013035887, 2.629463003889801698 ) ) ;
#5441 = VECTOR ( 'NONE', #4518, 1000.000000000000000 ) ;
#5442 = EDGE_CURVE ( 'NONE', #1648, #4792, #3772, .T. ) ;
#5443 = CARTESIAN_POINT ( 'NONE',  ( 1.963478986950355942, -0.3516987777013036442, -3.591379327861898396 ) ) ;
#5444 = AXIS2_PLACEMENT_3D ( 'NONE', #613, #3628, #3223 ) ;
#5445 = EDGE_CURVE ( 'NONE', #2587, #2759, #828, .T. ) ;
#5446 = CARTESIAN_POINT ( 'NONE',  ( -0.4184762650792260841, -0.3516987777013035887, -2.862221659613599201 ) ) ;
#5447 = FACE_OUTER_BOUND ( 'NONE', #4775, .T. ) ;
#5448 = CARTESIAN_POINT ( 'NONE',  ( -2.768476265079227172, 0.1961442447639588638, 7.800754617915895750 ) ) ;
#5449 = CARTESIAN_POINT ( 'NONE',  ( 9.400000000000000355, -1.951698777701299292, -9.500000000000000000 ) ) ;
#5450 = VERTEX_POINT ( 'NONE', #1714 ) ;
#5451 =( NAMED_UNIT ( * ) PLANE_ANGLE_UNIT ( ) SI_UNIT ( $, .RADIAN. ) );
#5452 = DIRECTION ( 'NONE',  ( 0.000000000000000000, 1.000000000000000000, 1.110223024625156540E-16 ) ) ;
#5453 =( LENGTH_UNIT ( ) NAMED_UNIT ( * ) SI_UNIT ( .MILLI., .METRE. ) );
#5454 = PLANE ( 'NONE',  #1218 ) ;
#5455 = ORIENTED_EDGE ( 'NONE', *, *, #3675, .T. ) ;
#5456 = CARTESIAN_POINT ( 'NONE',  ( 0.8015237349207738893, -0.3516987777013035887, 2.629463003889801698 ) ) ;
#5457 = ORIENTED_EDGE ( 'NONE', *, *, #237, .F. ) ;
#5458 = DIRECTION ( 'NONE',  ( 0.000000000000000000, -1.000000000000000000, 0.000000000000000000 ) ) ;
#5459 = SURFACE_SIDE_STYLE ('',( #1055 ) ) ;
#5460 = VECTOR ( 'NONE', #2748, 1000.000000000000000 ) ;
#5461 = CARTESIAN_POINT ( 'NONE',  ( 2.401523734920773645, -0.3516987777013035887, -2.862221659613599201 ) ) ;
#5462 = VERTEX_POINT ( 'NONE', #2209 ) ;
#5463 = FACE_BOUND ( 'NONE', #4212, .T. ) ;
#5464 = CARTESIAN_POINT ( 'NONE',  ( -1.118476265079225929, -0.3516987777013035887, -2.862221659613599201 ) ) ;
#5465 =( GEOMETRIC_REPRESENTATION_CONTEXT ( 3 ) GLOBAL_UNCERTAINTY_ASSIGNED_CONTEXT ( ( #76 ) ) GLOBAL_UNIT_ASSIGNED_CONTEXT ( ( #2412, #227, #5494 ) ) REPRESENTATION_CONTEXT ( 'NONE', 'WORKASPACE' ) );
#5466 = CARTESIAN_POINT ( 'NONE',  ( -1.278476265079225849, -0.3516987777013036998, 2.555884316397765144 ) ) ;
#5467 = EDGE_CURVE ( 'NONE', #2483, #3013, #3451, .T. ) ;
#5468 = COLOUR_RGB ( '',0.000000000000000000, 0.6235294117647058876, 0.06666666666666666574 ) ;
#5469 = CARTESIAN_POINT ( 'NONE',  ( 3.831523734920773805, 0.09660244459739220080, 12.31031652251693131 ) ) ;
#5470 = CARTESIAN_POINT ( 'NONE',  ( 3.681523734920773894, -0.3516987777013036442, -1.940011777741890819 ) ) ;
#5471 = MECHANICAL_DESIGN_GEOMETRIC_PRESENTATION_REPRESENTATION (  '', ( #1867 ), #5011 ) ;
#5472 = EDGE_CURVE ( 'NONE', #1898, #1790, #1256, .T. ) ;
#5473 = CARTESIAN_POINT ( 'NONE',  ( 2.831523734920774249, -0.3516987777013025340, 4.058620672138077090 ) ) ;
#5474 = FILL_AREA_STYLE_COLOUR ( '', #2124 ) ;
#5475 = SURFACE_STYLE_FILL_AREA ( #3729 ) ;
#5476 = EDGE_CURVE ( 'NONE', #5179, #4344, #1227, .T. ) ;
#5477 = CARTESIAN_POINT ( 'NONE',  ( 0.3815237349207737938, -0.3516987777013036998, 2.555884316397765144 ) ) ;
#5478 = VERTEX_POINT ( 'NONE', #1342 ) ;
#5479 = CARTESIAN_POINT ( 'NONE',  ( 4.031523734920750002, 2.698301222298696178, -3.941379327861930459 ) ) ;
#5480 = LINE ( 'NONE', #1522, #1122 ) ;
#5481 = ORIENTED_EDGE ( 'NONE', *, *, #3734, .F. ) ;
#5482 = SURFACE_STYLE_USAGE ( .BOTH. , #292 ) ;
#5483 = VERTEX_POINT ( 'NONE', #366 ) ;
#5484 =( LENGTH_UNIT ( ) NAMED_UNIT ( * ) SI_UNIT ( .MILLI., .METRE. ) );
#5485 = FILL_AREA_STYLE ('',( #4997 ) ) ;
#5486 = ORIENTED_EDGE ( 'NONE', *, *, #3650, .F. ) ;
#5487 = FACE_BOUND ( 'NONE', #4968, .T. ) ;
#5488 = VECTOR ( 'NONE', #5452, 1000.000000000000000 ) ;
#5489 = ORIENTED_EDGE ( 'NONE', *, *, #3287, .F. ) ;
#5490 = VECTOR ( 'NONE', #3576, 1000.000000000000000 ) ;
#5491 = CARTESIAN_POINT ( 'NONE',  ( -8.700000000000001066, -0.5516987777013059313, 9.900000000000005684 ) ) ;
#5492 = EDGE_CURVE ( 'NONE', #4025, #5059, #4982, .T. ) ;
#5493 = FILL_AREA_STYLE ('',( #279 ) ) ;
#5494 =( NAMED_UNIT ( * ) SI_UNIT ( $, .STERADIAN. ) SOLID_ANGLE_UNIT ( ) );
#5495 =( BOUNDED_CURVE ( )  B_SPLINE_CURVE ( 3, ( #4949, #4924, #953, #2742 ),
 .UNSPECIFIED., .F., .T. ) 
 B_SPLINE_CURVE_WITH_KNOTS ( ( 4, 4 ),
 ( 1.570796326794896558, 4.712388980384689674 ),
 .UNSPECIFIED. ) 
 CURVE ( )  GEOMETRIC_REPRESENTATION_ITEM ( )  RATIONAL_B_SPLINE_CURVE ( ( 1.000000000000000000, 0.3333333333333333703, 0.3333333333333333703, 1.000000000000000000 ) ) 
 REPRESENTATION_ITEM ( '' )  );
#5496 = CARTESIAN_POINT ( 'NONE',  ( 12.50000000000001599, -0.5516987777012994920, -9.500000000000001776 ) ) ;
#5497 = DIRECTION ( 'NONE',  ( 0.000000000000000000, 4.130293990420967418E-16, -1.000000000000000000 ) ) ;
#5498 = EDGE_CURVE ( 'NONE', #1681, #5647, #4347, .T. ) ;
#5499 = FILL_AREA_STYLE ('',( #3756 ) ) ;
#5500 = FILL_AREA_STYLE ('',( #2446 ) ) ;
#5501 = CARTESIAN_POINT ( 'NONE',  ( -8.699999999999999289, -0.3516987777013056982, 9.100000000000004974 ) ) ;
#5502 =( GEOMETRIC_REPRESENTATION_CONTEXT ( 3 ) GLOBAL_UNCERTAINTY_ASSIGNED_CONTEXT ( ( #2418 ) ) GLOBAL_UNIT_ASSIGNED_CONTEXT ( ( #4601, #3337, #3858 ) ) REPRESENTATION_CONTEXT ( 'NONE', 'WORKASPACE' ) );
#5503 = ORIENTED_EDGE ( 'NONE', *, *, #2096, .F. ) ;
#5504 = DIRECTION ( 'NONE',  ( 0.000000000000000000, 0.000000000000000000, -1.000000000000000000 ) ) ;
#5505 =( NAMED_UNIT ( * ) SI_UNIT ( $, .STERADIAN. ) SOLID_ANGLE_UNIT ( ) );
#5506 = ADVANCED_FACE ( 'NONE', ( #4864, #3922 ), #4778, .T. ) ;
#5507 = PRESENTATION_STYLE_ASSIGNMENT (( #3269 ) ) ;
#5508 = FACE_BOUND ( 'NONE', #4005, .T. ) ;
#5509 = ORIENTED_EDGE ( 'NONE', *, *, #1068, .F. ) ;
#5510 = SURFACE_STYLE_USAGE ( .BOTH. , #2370 ) ;
#5511 = VECTOR ( 'NONE', #3357, 1000.000000000000000 ) ;
#5512 = EDGE_LOOP ( 'NONE', ( #1215, #4277, #1931, #1387 ) ) ;
#5513 = SURFACE_SIDE_STYLE ('',( #631 ) ) ;
#5514 = LINE ( 'NONE', #3679, #3594 ) ;
#5515 = CARTESIAN_POINT ( 'NONE',  ( -1.758476265079226053, -0.3516987777013035887, -2.862221659613599201 ) ) ;
#5516 = VECTOR ( 'NONE', #5218, 1000.000000000000000 ) ;
#5517 = ORIENTED_EDGE ( 'NONE', *, *, #3082, .F. ) ;
#5518 = STYLED_ITEM ( 'NONE', ( #220 ), #909 ) ;
#5519 = EDGE_CURVE ( 'NONE', #5233, #1497, #1990, .T. ) ;
#5520 = CARTESIAN_POINT ( 'NONE',  ( 0.03152373492077385764, 2.120176222298697066, 0.05862067213810127214 ) ) ;
#5521 = ORIENTED_EDGE ( 'NONE', *, *, #4064, .T. ) ;
#5522 = MECHANICAL_DESIGN_GEOMETRIC_PRESENTATION_REPRESENTATION (  '', ( #4328 ), #2675 ) ;
#5523 = PLANE ( 'NONE',  #5346 ) ;
#5524 = DIRECTION ( 'NONE',  ( -0.000000000000000000, -0.000000000000000000, -1.000000000000000000 ) ) ;
#5525 = VECTOR ( 'NONE', #3637, 1000.000000000000000 ) ;
#5526 = CARTESIAN_POINT ( 'NONE',  ( 0.3515237349207738782, -0.3516987777013036442, -2.862221659613599201 ) ) ;
#5527 = ORIENTED_EDGE ( 'NONE', *, *, #1733, .T. ) ;
#5528 = SURFACE_STYLE_USAGE ( .BOTH. , #597 ) ;
#5529 = FILL_AREA_STYLE ('',( #2782 ) ) ;
#5530 = EDGE_CURVE ( 'NONE', #102, #5023, #857, .T. ) ;
#5531 =( GEOMETRIC_REPRESENTATION_CONTEXT ( 3 ) GLOBAL_UNCERTAINTY_ASSIGNED_CONTEXT ( ( #4682 ) ) GLOBAL_UNIT_ASSIGNED_CONTEXT ( ( #5270, #3482, #3018 ) ) REPRESENTATION_CONTEXT ( 'NONE', 'WORKASPACE' ) );
#5532 = SURFACE_SIDE_STYLE ('',( #3735 ) ) ;
#5533 = FILL_AREA_STYLE ('',( #1550 ) ) ;
#5534 = ORIENTED_EDGE ( 'NONE', *, *, #5435, .F. ) ;
#5535 =( LENGTH_UNIT ( ) NAMED_UNIT ( * ) SI_UNIT ( .MILLI., .METRE. ) );
#5536 = LINE ( 'NONE', #1583, #3448 ) ;
#5537 = VECTOR ( 'NONE', #404, 1000.000000000000000 ) ;
#5538 = ORIENTED_EDGE ( 'NONE', *, *, #4246, .T. ) ;
#5539 = CARTESIAN_POINT ( 'NONE',  ( 2.621523734920773840, -0.3516987777013036998, -2.788642972121563091 ) ) ;
#5540 = UNCERTAINTY_MEASURE_WITH_UNIT (LENGTH_MEASURE( 1.000000000000000082E-05 ), #423, 'distance_accuracy_value', 'NONE');
#5541 = SURFACE_STYLE_USAGE ( .BOTH. , #3300 ) ;
#5542 = CARTESIAN_POINT ( 'NONE',  ( 4.031523734920773094, -0.5516987777013035998, -3.941379327861898485 ) ) ;
#5543 = CIRCLE ( 'NONE', #3065, 2.799999999999999822 ) ;
#5544 = VECTOR ( 'NONE', #772, 1000.000000000000000 ) ;
#5545 = ORIENTED_EDGE ( 'NONE', *, *, #1484, .F. ) ;
#5546 = DIRECTION ( 'NONE',  ( 0.000000000000000000, 0.000000000000000000, -1.000000000000000000 ) ) ;
#5547 = EDGE_LOOP ( 'NONE', ( #1904, #1078 ) ) ;
#5548 = VECTOR ( 'NONE', #1300, 1000.000000000000000 ) ;
#5549 = UNCERTAINTY_MEASURE_WITH_UNIT (LENGTH_MEASURE( 1.000000000000000082E-05 ), #5223, 'distance_accuracy_value', 'NONE');
#5550 = EDGE_CURVE ( 'NONE', #1872, #3161, #5432, .T. ) ;
#5551 = EDGE_CURVE ( 'NONE', #5046, #3453, #975, .T. ) ;
#5552 = AXIS2_PLACEMENT_3D ( 'NONE', #5501, #2967, #4647 ) ;
#5553 = DIRECTION ( 'NONE',  ( 0.000000000000000000, 3.330669073875468635E-16, -1.000000000000000000 ) ) ;
#5554 = CARTESIAN_POINT ( 'NONE',  ( 3.681523734920773894, -0.3516987777013036442, 0.2017164319438422004 ) ) ;
#5555 = COLOUR_RGB ( '',0.8431372549019607865, 0.8156862745098039102, 0.7529411764705882248 ) ;
#5556 = CARTESIAN_POINT ( 'NONE',  ( -7.479999999999999538, -0.3516987777013056982, 9.100000000000006750 ) ) ;
#5557 = CARTESIAN_POINT ( 'NONE',  ( -0.8984762650792261773, -0.3516987777013035887, 2.629463003889801698 ) ) ;
#5558 = LINE ( 'NONE', #4210, #3137 ) ;
#5559 = CARTESIAN_POINT ( 'NONE',  ( -9.400000000000000355, -3.051698777701299381, -9.719999999999998863 ) ) ;
#5560 = AXIS2_PLACEMENT_3D ( 'NONE', #3024, #4754, #5617 ) ;
#5561 = VECTOR ( 'NONE', #1037, 1000.000000000000000 ) ;
#5562 = LINE ( 'NONE', #5526, #1855 ) ;
#5563 = DIRECTION ( 'NONE',  ( 0.000000000000000000, 1.000000000000000000, 1.110223024625156540E-16 ) ) ;
#5564 = CARTESIAN_POINT ( 'NONE',  ( 10.50000000000000000, -1.451698777701302179, -1.049999999999997380 ) ) ;
#5565 = CARTESIAN_POINT ( 'NONE',  ( -8.699999999999999289, -0.3516987777013056982, 9.100000000000004974 ) ) ;
#5566 = STYLED_ITEM ( 'NONE', ( #5203 ), #2625 ) ;
#5567 = DIRECTION ( 'NONE',  ( 7.228014483236699514E-16, 0.000000000000000000, 1.000000000000000000 ) ) ;
#5568 = CARTESIAN_POINT ( 'NONE',  ( -1.538476265079226302, -0.3516987777013035887, -2.862221659613599201 ) ) ;
#5569 = ORIENTED_EDGE ( 'NONE', *, *, #1036, .F. ) ;
#5570 = CARTESIAN_POINT ( 'NONE',  ( 4.031523734920750002, 2.698301222298696178, 4.058620672138048668 ) ) ;
#5571 = DIRECTION ( 'NONE',  ( 0.6123724356957978010, -0.7071067811865475727, 0.3535533905932680687 ) ) ;
#5572 = EDGE_CURVE ( 'NONE', #2790, #4191, #3241, .T. ) ;
#5573 = EDGE_LOOP ( 'NONE', ( #855, #4432, #4860, #315 ) ) ;
#5574 = FILL_AREA_STYLE_COLOUR ( '', #2696 ) ;
#5575 = FILL_AREA_STYLE ('',( #816 ) ) ;
#5576 = FILL_AREA_STYLE_COLOUR ( '', #3829 ) ;
#5577 = ORIENTED_EDGE ( 'NONE', *, *, #944, .F. ) ;
#5578 = LINE ( 'NONE', #4632, #2292 ) ;
#5579 = EDGE_CURVE ( 'NONE', #3640, #1681, #526, .T. ) ;
#5580 = ORIENTED_EDGE ( 'NONE', *, *, #3539, .F. ) ;
#5581 = EDGE_LOOP ( 'NONE', ( #2256, #2047 ) ) ;
#5582 = CARTESIAN_POINT ( 'NONE',  ( -10.50000000000000000, -1.451698777701302179, -1.049999999999997380 ) ) ;
#5583 =( NAMED_UNIT ( * ) PLANE_ANGLE_UNIT ( ) SI_UNIT ( $, .RADIAN. ) );
#5584 = PLANE ( 'NONE',  #643 ) ;
#5585 = VECTOR ( 'NONE', #869, 1000.000000000000000 ) ;
#5586 = FILL_AREA_STYLE ('',( #2936 ) ) ;
#5587 = CARTESIAN_POINT ( 'NONE',  ( 0.03152373492077385764, 2.120176222298697066, 0.05862067213810127214 ) ) ;
#5588 = LINE ( 'NONE', #4731, #1290 ) ;
#5589 = EDGE_CURVE ( 'NONE', #3094, #5286, #1030, .T. ) ;
#5590 = FACE_OUTER_BOUND ( 'NONE', #910, .T. ) ;
#5591 = LINE ( 'NONE', #3316, #2517 ) ;
#5592 = ORIENTED_EDGE ( 'NONE', *, *, #2346, .F. ) ;
#5593 = CARTESIAN_POINT ( 'NONE',  ( 3.931523734920749469, -0.5016987777013022232, -3.841379327861930371 ) ) ;
#5594 = CARTESIAN_POINT ( 'NONE',  ( 1.761523734920773743, -0.3516987777013035887, -2.862221659613599201 ) ) ;
#5595 = DIRECTION ( 'NONE',  ( 1.387778780781444443E-16, 0.000000000000000000, 1.000000000000000000 ) ) ;
#5596 = CARTESIAN_POINT ( 'NONE',  ( -0.9584762650792258976, -0.3516987777013035887, 2.629463003889801698 ) ) ;
#5597 = VECTOR ( 'NONE', #1906, 1000.000000000000000 ) ;
#5598 = ORIENTED_EDGE ( 'NONE', *, *, #1972, .T. ) ;
#5599 = PRESENTATION_STYLE_ASSIGNMENT (( #1128 ) ) ;
#5600 = ORIENTED_EDGE ( 'NONE', *, *, #1901, .T. ) ;
#5601 = CARTESIAN_POINT ( 'NONE',  ( -3.268476265079227172, 0.3966024445973921342, 12.81031652251693131 ) ) ;
#5602 = UNCERTAINTY_MEASURE_WITH_UNIT (LENGTH_MEASURE( 1.000000000000000082E-05 ), #570, 'distance_accuracy_value', 'NONE');
#5603 = VECTOR ( 'NONE', #1042, 1000.000000000000000 ) ;
#5604 =( NAMED_UNIT ( * ) SI_UNIT ( $, .STERADIAN. ) SOLID_ANGLE_UNIT ( ) );
#5605 = VERTEX_POINT ( 'NONE', #1849 ) ;
#5606 =( LENGTH_UNIT ( ) NAMED_UNIT ( * ) SI_UNIT ( .MILLI., .METRE. ) );
#5607 = ORIENTED_EDGE ( 'NONE', *, *, #859, .T. ) ;
#5608 = ORIENTED_EDGE ( 'NONE', *, *, #5343, .F. ) ;
#5609 = UNCERTAINTY_MEASURE_WITH_UNIT (LENGTH_MEASURE( 1.000000000000000082E-05 ), #5535, 'distance_accuracy_value', 'NONE');
#5610 = EDGE_CURVE ( 'NONE', #4888, #5618, #1505, .T. ) ;
#5611 =( NAMED_UNIT ( * ) SI_UNIT ( $, .STERADIAN. ) SOLID_ANGLE_UNIT ( ) );
#5612 = CARTESIAN_POINT ( 'NONE',  ( -0.3184762650792260508, -0.3516987777013035887, -2.862221659613599201 ) ) ;
#5613 = AXIS2_PLACEMENT_3D ( 'NONE', #1774, #2588, #419 ) ;
#5614 = EDGE_CURVE ( 'NONE', #3536, #3476, #4092, .T. ) ;
#5615 =( NAMED_UNIT ( * ) PLANE_ANGLE_UNIT ( ) SI_UNIT ( $, .RADIAN. ) );
#5616 = CARTESIAN_POINT ( 'NONE',  ( -10.50000000000000000, -0.5516987777013026006, 3.428223970456939392E-15 ) ) ;
#5617 = DIRECTION ( 'NONE',  ( -1.000000000000000000, 0.000000000000000000, 0.000000000000000000 ) ) ;
#5618 = VERTEX_POINT ( 'NONE', #1878 ) ;
#5619 = LINE ( 'NONE', #4705, #562 ) ;
#5620 = AXIS2_PLACEMENT_3D ( 'NONE', #698, #5150, #172 ) ;
#5621 = PLANE ( 'NONE',  #987 ) ;
#5622 = PRESENTATION_LAYER_ASSIGNMENT (  '', '', ( #835 ) ) ;
#5623 = FILL_AREA_STYLE ('',( #401 ) ) ;
#5624 = FACE_OUTER_BOUND ( 'NONE', #1258, .T. ) ;
#5625 = FILL_AREA_STYLE ('',( #1607 ) ) ;
#5626 = EDGE_LOOP ( 'NONE', ( #2361, #4833, #3972, #5259 ) ) ;
#5627 = FACE_OUTER_BOUND ( 'NONE', #4829, .T. ) ;
#5628 = STYLED_ITEM ( 'NONE', ( #4067 ), #3472 ) ;
#5629 = EDGE_LOOP ( 'NONE', ( #3707, #2752 ) ) ;
#5630 = FACE_OUTER_BOUND ( 'NONE', #5626, .T. ) ;
#5631 = EDGE_LOOP ( 'NONE', ( #3189, #74, #5146, #5635 ) ) ;
#5632 = AXIS2_PLACEMENT_3D ( 'NONE', #674, #2441, #251 ) ;
#5633 =( NAMED_UNIT ( * ) SI_UNIT ( $, .STERADIAN. ) SOLID_ANGLE_UNIT ( ) );
#5634 = ORIENTED_EDGE ( 'NONE', *, *, #3207, .T. ) ;
#5635 = ORIENTED_EDGE ( 'NONE', *, *, #5445, .T. ) ;
#5636 =( GEOMETRIC_REPRESENTATION_CONTEXT ( 3 ) GLOBAL_UNCERTAINTY_ASSIGNED_CONTEXT ( ( #5200 ) ) GLOBAL_UNIT_ASSIGNED_CONTEXT ( ( #2482, #777, #4928 ) ) REPRESENTATION_CONTEXT ( 'NONE', 'WORKASPACE' ) );
#5637 = CARTESIAN_POINT ( 'NONE',  ( -0.09847626507922616068, -0.3516987777013036998, -2.788642972121562646 ) ) ;
#5638 = VECTOR ( 'NONE', #2891, 1000.000000000000000 ) ;
#5639 = DIRECTION ( 'NONE',  ( 0.000000000000000000, 0.000000000000000000, -1.000000000000000000 ) ) ;
#5640 = FACE_OUTER_BOUND ( 'NONE', #2847, .T. ) ;
#5641 = ADVANCED_FACE ( 'NONE', ( #3216 ), #1060, .T. ) ;
#5642 = VECTOR ( 'NONE', #5305, 1000.000000000000000 ) ;
#5643 = DIRECTION ( 'NONE',  ( 0.000000000000000000, 1.000000000000000000, 1.110223024625156540E-16 ) ) ;
#5644 = CARTESIAN_POINT ( 'NONE',  ( -2.350046125486426885, 4.398301222298695023, 1.433620672138113061 ) ) ;
#5645 = EDGE_CURVE ( 'NONE', #1340, #3185, #164, .T. ) ;
#5646 = MECHANICAL_DESIGN_GEOMETRIC_PRESENTATION_REPRESENTATION (  '', ( #958 ), #4825 ) ;
#5647 = VERTEX_POINT ( 'NONE', #4514 ) ;
#5648 = PRESENTATION_STYLE_ASSIGNMENT (( #371 ) ) ;
#5649 = FILL_AREA_STYLE_COLOUR ( '', #1891 ) ;
#5650 = FILL_AREA_STYLE ('',( #3903 ) ) ;
#5651 = VECTOR ( 'NONE', #4587, 1000.000000000000000 ) ;
#5652 = VECTOR ( 'NONE', #3104, 1000.000000000000000 ) ;
#5653 = VECTOR ( 'NONE', #740, 1000.000000000000000 ) ;
#5654 = EDGE_CURVE ( 'NONE', #2175, #4501, #2823, .T. ) ;
#5655 = SURFACE_STYLE_USAGE ( .BOTH. , #3904 ) ;
#5656 = DIRECTION ( 'NONE',  ( 0.5000000000000039968, -0.000000000000000000, 0.8660254037844363761 ) ) ;
#5657 = VERTEX_POINT ( 'NONE', #1086 ) ;
#5658 = CARTESIAN_POINT ( 'NONE',  ( 3.931523734920750357, -0.5016987777013031113, 3.958620672138076557 ) ) ;
#5659 = LINE ( 'NONE', #1705, #3102 ) ;
#5660 = VERTEX_POINT ( 'NONE', #4573 ) ;
#5661 = LINE ( 'NONE', #2520, #1473 ) ;
#5662 = UNCERTAINTY_MEASURE_WITH_UNIT (LENGTH_MEASURE( 1.000000000000000082E-05 ), #1249, 'distance_accuracy_value', 'NONE');
#5663 = DIRECTION ( 'NONE',  ( 4.336808689942025625E-15, -1.000000000000000000, 0.000000000000000000 ) ) ;
#5664 = AXIS2_PLACEMENT_3D ( 'NONE', #4495, #3311, #4580 ) ;
#5665 = ORIENTED_EDGE ( 'NONE', *, *, #3575, .T. ) ;
#5666 = CARTESIAN_POINT ( 'NONE',  ( 9.400000000000000355, -3.051698777701299381, -9.500000000000001776 ) ) ;
#5667 = VERTEX_POINT ( 'NONE', #4148 ) ;
#5668 = EDGE_CURVE ( 'NONE', #274, #2178, #2991, .T. ) ;
#5669 = ORIENTED_EDGE ( 'NONE', *, *, #3207, .F. ) ;
#5670 = UNCERTAINTY_MEASURE_WITH_UNIT (LENGTH_MEASURE( 1.000000000000000082E-05 ), #2705, 'distance_accuracy_value', 'NONE');
#5671 = ORIENTED_EDGE ( 'NONE', *, *, #1608, .T. ) ;
#5672 = FACE_BOUND ( 'NONE', #2616, .T. ) ;
#5673 = CARTESIAN_POINT ( 'NONE',  ( -0.5784762650792262262, -0.3516987777013036998, -2.788642972121563091 ) ) ;
#5674 = CARTESIAN_POINT ( 'NONE',  ( 0.03152373492077385764, 3.398301222298695912, -2.941379327861898485 ) ) ;
#5675 = ORIENTED_EDGE ( 'NONE', *, *, #4154, .F. ) ;
#5676 = EDGE_CURVE ( 'NONE', #4375, #2198, #3163, .T. ) ;
#5677 = SURFACE_SIDE_STYLE ('',( #2155 ) ) ;
#5678 = DIRECTION ( 'NONE',  ( 1.000000000000000000, 0.000000000000000000, 0.000000000000000000 ) ) ;
#5679 =( GEOMETRIC_REPRESENTATION_CONTEXT ( 3 ) GLOBAL_UNCERTAINTY_ASSIGNED_CONTEXT ( ( #410 ) ) GLOBAL_UNIT_ASSIGNED_CONTEXT ( ( #2422, #239, #3321 ) ) REPRESENTATION_CONTEXT ( 'NONE', 'WORKASPACE' ) );
#5680 = CARTESIAN_POINT ( 'NONE',  ( -0.09847626507922616068, -0.3516987777013035887, 2.629463003889801698 ) ) ;
#5681 = DIRECTION ( 'NONE',  ( 0.000000000000000000, 1.000000000000000000, 0.000000000000000000 ) ) ;
#5682 = DIRECTION ( 'NONE',  ( 0.000000000000000000, -1.000000000000000000, -1.110223024625156540E-16 ) ) ;
#5683 = EDGE_CURVE ( 'NONE', #3505, #85, #3421, .T. ) ;
#5684 = MECHANICAL_DESIGN_GEOMETRIC_PRESENTATION_REPRESENTATION (  '', ( #3012 ), #1173 ) ;
#5685 = CARTESIAN_POINT ( 'NONE',  ( 0.3515237349207738782, -0.3516987777013036442, -2.862221659613599201 ) ) ;
#5686 = DIRECTION ( 'NONE',  ( -0.000000000000000000, 1.000000000000000000, -0.000000000000000000 ) ) ;
#5687 = ORIENTED_EDGE ( 'NONE', *, *, #2397, .T. ) ;
#5688 = FILL_AREA_STYLE_COLOUR ( '', #5003 ) ;
#5689 = DIRECTION ( 'NONE',  ( -6.994405055138486205E-15, 0.000000000000000000, -1.000000000000000000 ) ) ;
#5690 = CARTESIAN_POINT ( 'NONE',  ( -3.268476265079227172, 0.3966024445973921342, 12.81031652251693131 ) ) ;
#5691 = EDGE_LOOP ( 'NONE', ( #4931, #5320, #939, #4392 ) ) ;
#5692 = FILL_AREA_STYLE_COLOUR ( '', #4251 ) ;
#5693 = EDGE_CURVE ( 'NONE', #2398, #3273, #4260, .T. ) ;
#5694 =( BOUNDED_CURVE ( )  B_SPLINE_CURVE ( 3, ( #5331, #1379, #2240, #2184 ),
 .UNSPECIFIED., .F., .T. ) 
 B_SPLINE_CURVE_WITH_KNOTS ( ( 4, 4 ),
 ( 1.570796326794896558, 4.712388980384689674 ),
 .UNSPECIFIED. ) 
 CURVE ( )  GEOMETRIC_REPRESENTATION_ITEM ( )  RATIONAL_B_SPLINE_CURVE ( ( 1.000000000000000000, 0.3333333333333333703, 0.3333333333333333703, 1.000000000000000000 ) ) 
 REPRESENTATION_ITEM ( '' )  );
#5695 = SURFACE_STYLE_FILL_AREA ( #4745 ) ;
#5696 = ORIENTED_EDGE ( 'NONE', *, *, #4563, .F. ) ;
#5697 = DIRECTION ( 'NONE',  ( 1.000000000000000000, -0.000000000000000000, -9.227252531791526626E-17 ) ) ;
#5698 = ORIENTED_EDGE ( 'NONE', *, *, #4312, .F. ) ;
#5699 = ORIENTED_EDGE ( 'NONE', *, *, #1829, .F. ) ;
#5700 = CARTESIAN_POINT ( 'NONE',  ( -3.468476265079226017, 0.09660244459739231182, 12.16031652251692918 ) ) ;
#5701 =( BOUNDED_CURVE ( )  B_SPLINE_CURVE ( 3, ( #3113, #7, #4447, #3520 ),
 .UNSPECIFIED., .F., .T. ) 
 B_SPLINE_CURVE_WITH_KNOTS ( ( 4, 4 ),
 ( 1.570796326794896558, 4.712388980384689674 ),
 .UNSPECIFIED. ) 
 CURVE ( )  GEOMETRIC_REPRESENTATION_ITEM ( )  RATIONAL_B_SPLINE_CURVE ( ( 1.000000000000000000, 0.3333333333333333703, 0.3333333333333333703, 1.000000000000000000 ) ) 
 REPRESENTATION_ITEM ( '' )  );
#5702 = VERTEX_POINT ( 'NONE', #4633 ) ;
#5703 = FACE_BOUND ( 'NONE', #3761, .T. ) ;
#5704 = CARTESIAN_POINT ( 'NONE',  ( -9.400000000000000355, -1.951698777701299514, -9.000000000000000000 ) ) ;
ENDSEC;
END-ISO-10303-21;
