ISO-10303-21;
HEADER;
FILE_DESCRIPTION (( 'STEP AP214' ),
    '1' );
FILE_NAME ('ultrasonic_hysrf05.STEP',
    '2025-05-18T16:23:35',
    ( '' ),
    ( '' ),
    'SwSTEP 2.0',
    'SolidWorks 2025',
    '' );
FILE_SCHEMA (( 'AUTOMOTIVE_DESIGN' ));
ENDSEC;

DATA;
#1 = CARTESIAN_POINT ( 'NONE',  ( -18.33802732923233947, -3.506958904266358257, 0.000000000000000000 ) ) ;
#2 = CARTESIAN_POINT ( 'NONE',  ( -19.20206877810008805, 0.7795094986176662744, -0.1000000000000000056 ) ) ;
#3 = VERTEX_POINT ( 'NONE', #1139 ) ;
#4 = CARTESIAN_POINT ( 'NONE',  ( 0.000000000000000000, -8.406000000000007688, 3.100000000000000089 ) ) ;
#5 = CARTESIAN_POINT ( 'NONE',  ( -18.21746023288989846, 2.339211536964302063, -0.1000000000000000056 ) ) ;
#6 = CARTESIAN_POINT ( 'NONE',  ( -19.10748746512883045, -3.834351037832890885, 0.000000000000000000 ) ) ;
#7 = ADVANCED_FACE ( 'NONE', ( #1280 ), #7674, .F. ) ;
#8 = LINE ( 'NONE', #6958, #3731 ) ;
#9 = COLOUR_RGB ( '',0.8666666666666666963, 0.9098039215686274384, 1.000000000000000000 ) ;
#10 = CARTESIAN_POINT ( 'NONE',  ( -19.80098619822726747, -3.544947653133361243, -0.1000000000000000056 ) ) ;
#11 = CARTESIAN_POINT ( 'NONE',  ( -3.540000000000000480, -8.406000000000007688, 0.000000000000000000 ) ) ;
#12 = CARTESIAN_POINT ( 'NONE',  ( -18.65063986915950522, -0.7319708251953128686, 0.000000000000000000 ) ) ;
#13 = MECHANICAL_DESIGN_GEOMETRIC_PRESENTATION_REPRESENTATION (  '', ( #2387 ), #5659 ) ;
#14 = CARTESIAN_POINT ( 'NONE',  ( -19.10063250833854198, 2.272938895657683034, -0.1000000000000000056 ) ) ;
#15 = FACE_OUTER_BOUND ( 'NONE', #6777, .T. ) ;
#16 = ORIENTED_EDGE ( 'NONE', *, *, #2359, .F. ) ;
#17 = CARTESIAN_POINT ( 'NONE',  ( -18.38893280896451188, -3.276172478212727501, 0.000000000000000000 ) ) ;
#18 = CARTESIAN_POINT ( 'NONE',  ( -19.82765216647192119, 1.938278007507323153, -0.1000000000000000056 ) ) ;
#19 = B_SPLINE_CURVE_WITH_KNOTS ( 'NONE', 3,
 ( #8052, #2330, #6721, #3909, #2422, #1724, #6678, #4552, #5918, #2997, #5303, #7290, #8712, #238, #7968 ),
 .UNSPECIFIED., .F., .F.,
 ( 4, 1, 1, 1, 1, 1, 1, 1, 1, 1, 1, 1, 4 ),
 ( 0.000000000000000000, 0.1040204183058898446, 0.1984384377377630126, 0.2852052694932441512, 0.3645191814587275259, 0.4379596956786613315, 0.5089411891061546012, 0.5791356503040273607, 0.6513139732291022277, 0.7277679993785591828, 0.8105665045951374603, 0.9010705907186846719, 1.000000000000000000 ),
 .UNSPECIFIED. ) ;
#20 = EDGE_CURVE ( 'NONE', #1831, #3197, #1712, .T. ) ;
#21 = CIRCLE ( 'NONE', #6583, 1.000000000000001776 ) ;
#22 = TOROIDAL_SURFACE ( 'NONE', #5977, 1.700000000000000178, 0.2999999999999999889 ) ;
#23 = CARTESIAN_POINT ( 'NONE',  ( -18.84567156929378129, -3.421883347829183464, -0.1000000000000000056 ) ) ;
#24 = DIRECTION ( 'NONE',  ( 0.000000000000000000, 1.000000000000000000, -0.000000000000000000 ) ) ;
#25 = ORIENTED_EDGE ( 'NONE', *, *, #6498, .F. ) ;
#26 = CARTESIAN_POINT ( 'NONE',  ( 5.080000000000005400, -8.406000000000005912, 3.100000000000000089 ) ) ;
#27 = CARTESIAN_POINT ( 'NONE',  ( -18.41507688977921475, -1.939080607096354436, -0.1000000000000000056 ) ) ;
#28 = CARTESIAN_POINT ( 'NONE',  ( -19.51784872510636148, -4.262606417338054676, -0.1000000000000000056 ) ) ;
#29 = FACE_OUTER_BOUND ( 'NONE', #5513, .T. ) ;
#30 = PRESENTATION_LAYER_ASSIGNMENT (  '', '', ( #8947 ) ) ;
#31 = EDGE_LOOP ( 'NONE', ( #4051, #7846, #3369, #8714 ) ) ;
#32 = EDGE_LOOP ( 'NONE', ( #5695, #4456, #6747, #6566 ) ) ;
#33 = CARTESIAN_POINT ( 'NONE',  ( -12.50000000000000000, 0.000000000000000000, 15.50000000000000000 ) ) ;
#34 = SURFACE_SIDE_STYLE ('',( #6374 ) ) ;
#35 = CARTESIAN_POINT ( 'NONE',  ( -18.44198890918778844, -1.305526805720551797, -0.000000000000000000 ) ) ;
#36 = CARTESIAN_POINT ( 'NONE',  ( -19.18567664197073697, -1.219624181369367788, -0.000000000000000000 ) ) ;
#37 = DIRECTION ( 'NONE',  ( 1.000000000000000000, 0.000000000000000000, 0.000000000000000000 ) ) ;
#38 = COLOUR_RGB ( '',0.000000000000000000, 0.1921568627450980227, 0.6549019607843137303 ) ;
#39 = VERTEX_POINT ( 'NONE', #5528 ) ;
#40 = CARTESIAN_POINT ( 'NONE',  ( -18.27388415006262079, 4.247548867096269554, -0.1000000000000000056 ) ) ;
#41 = ADVANCED_FACE ( 'NONE', ( #2686 ), #7244, .T. ) ;
#42 = CARTESIAN_POINT ( 'NONE',  ( -18.41451385965707033, 4.067468614868783305, -0.1000000000000000056 ) ) ;
#43 = CARTESIAN_POINT ( 'NONE',  ( -19.35093585094681501, 1.255380462291809440, 0.000000000000000000 ) ) ;
#44 = CARTESIAN_POINT ( 'NONE',  ( -18.74598104659399667, 2.607674678708939098, -0.1000000000000000056 ) ) ;
#45 = EDGE_CURVE ( 'NONE', #1775, #1418, #8361, .T. ) ;
#46 = CYLINDRICAL_SURFACE ( 'NONE', #4738, 1.000000000000001776 ) ;
#47 = ORIENTED_EDGE ( 'NONE', *, *, #3374, .T. ) ;
#48 = CARTESIAN_POINT ( 'NONE',  ( 2.540000000000004476, -8.406000000000007688, -0.09999999999999982514 ) ) ;
#49 = CARTESIAN_POINT ( 'NONE',  ( -18.90945756842869230, 2.268706555851359497, -0.1000000000000000056 ) ) ;
#50 = CARTESIAN_POINT ( 'NONE',  ( -19.86697954633439167, -0.3467230224609372247, 0.000000000000000000 ) ) ;
#51 = CARTESIAN_POINT ( 'NONE',  ( -18.12731484407839133, 4.167840111844263618, -0.1000000000000000056 ) ) ;
#52 = ORIENTED_EDGE ( 'NONE', *, *, #411, .F. ) ;
#53 = FILL_AREA_STYLE_COLOUR ( '', #755 ) ;
#54 = CARTESIAN_POINT ( 'NONE',  ( -18.60468127128846660, -1.152433954013083905, -0.1000000000000000056 ) ) ;
#55 = CARTESIAN_POINT ( 'NONE',  ( -18.64818698236140904, -4.224299229463327698, 0.000000000000000000 ) ) ;
#56 = DIRECTION ( 'NONE',  ( 0.000000000000000000, -0.000000000000000000, 1.000000000000000000 ) ) ;
#57 = CARTESIAN_POINT ( 'NONE',  ( -18.29296635613266986, 1.019102823729683305, 0.000000000000000000 ) ) ;
#58 = PRESENTATION_LAYER_ASSIGNMENT (  '', '', ( #942 ) ) ;
#59 = DIRECTION ( 'NONE',  ( -1.000000000000000000, 0.000000000000000000, 0.000000000000000000 ) ) ;
#60 = DIRECTION ( 'NONE',  ( -1.000000000000000000, 0.000000000000000000, 0.000000000000000000 ) ) ;
#61 = CARTESIAN_POINT ( 'NONE',  ( -19.20162969207735060, 2.270974913529665962, -0.1000000000000000056 ) ) ;
#62 = CARTESIAN_POINT ( 'NONE',  ( 3.000000000000004441, 9.994999999999997442, 5.700000000000000178 ) ) ;
#63 = ORIENTED_EDGE ( 'NONE', *, *, #1681, .T. ) ;
#64 = PRESENTATION_STYLE_ASSIGNMENT (( #756 ) ) ;
#65 = CARTESIAN_POINT ( 'NONE',  ( -19.84089593073133884, 3.693386760987159345, 0.000000000000000000 ) ) ;
#66 = CARTESIAN_POINT ( 'NONE',  ( -19.07160335360571324, 2.966006781260170921, 0.000000000000000000 ) ) ;
#67 = ORIENTED_EDGE ( 'NONE', *, *, #3508, .F. ) ;
#68 = CARTESIAN_POINT ( 'NONE',  ( -19.95696226004370999, -2.928352739161244056, -0.1000000000000000056 ) ) ;
#69 = CARTESIAN_POINT ( 'NONE',  ( -18.48690955299739258, 1.331914017995197819, 0.000000000000000000 ) ) ;
#70 = CARTESIAN_POINT ( 'NONE',  ( -18.84617127735252140, -1.193339398963113362, 1.355252715606880543E-17 ) ) ;
#71 =( GEOMETRIC_REPRESENTATION_CONTEXT ( 3 ) GLOBAL_UNCERTAINTY_ASSIGNED_CONTEXT ( ( #816 ) ) GLOBAL_UNIT_ASSIGNED_CONTEXT ( ( #2316, #8659, #5903 ) ) REPRESENTATION_CONTEXT ( 'NONE', 'WORKASPACE' ) );
#72 = EDGE_CURVE ( 'NONE', #2103, #3138, #775, .T. ) ;
#73 = CARTESIAN_POINT ( 'NONE',  ( -18.66858346115367695, -0.7323280900487826317, -0.1000000000000000056 ) ) ;
#74 = EDGE_CURVE ( 'NONE', #3329, #2385, #511, .T. ) ;
#75 = FILL_AREA_STYLE ('',( #5654 ) ) ;
#76 = CARTESIAN_POINT ( 'NONE',  ( -18.64428171877704798, 1.644595282361704047, 0.000000000000000000 ) ) ;
#77 = CARTESIAN_POINT ( 'NONE',  ( -19.79098457583688031, -3.355224522487846528, 0.000000000000000000 ) ) ;
#78 = CARTESIAN_POINT ( 'NONE',  ( -19.49145258098508293, 4.299160798489699786, -0.1000000000000000056 ) ) ;
#79 = DIRECTION ( 'NONE',  ( -0.000000000000000000, 0.000000000000000000, 1.000000000000000000 ) ) ;
#80 = ORIENTED_EDGE ( 'NONE', *, *, #3794, .F. ) ;
#81 = VERTEX_POINT ( 'NONE', #6423 ) ;
#82 = CARTESIAN_POINT ( 'NONE',  ( -19.59168788729711608, -1.335124416351318732, -0.1000000000000000056 ) ) ;
#83 = CARTESIAN_POINT ( 'NONE',  ( -20.10834900551997961, -2.090822708434528554, -0.1000000000000000056 ) ) ;
#84 = UNCERTAINTY_MEASURE_WITH_UNIT (LENGTH_MEASURE( 1.000000000000000082E-05 ), #1627, 'distance_accuracy_value', 'NONE');
#85 = CARTESIAN_POINT ( 'NONE',  ( -18.09169567458220484, -3.786346212177369441, -0.1000000000000000056 ) ) ;
#86 = CARTESIAN_POINT ( 'NONE',  ( -18.84913958735970141, -0.7621804236680875810, 0.000000000000000000 ) ) ;
#87 = DIRECTION ( 'NONE',  ( -0.000000000000000000, -0.000000000000000000, -1.000000000000000000 ) ) ;
#88 = VECTOR ( 'NONE', #8509, 1000.000000000000000 ) ;
#89 = CARTESIAN_POINT ( 'NONE',  ( -18.39289103885029775, 4.170511211006792784, -0.1000000000000000056 ) ) ;
#90 = CARTESIAN_POINT ( 'NONE',  ( -18.18138838206747465, 2.290787593607816586, 0.000000000000000000 ) ) ;
#91 = VECTOR ( 'NONE', #7526, 1000.000000000000000 ) ;
#92 = CARTESIAN_POINT ( 'NONE',  ( -18.79118019077904478, 3.470806148516514256, 0.000000000000000000 ) ) ;
#93 = CARTESIAN_POINT ( 'NONE',  ( -19.81140289357765027, -0.7401537671204410085, -0.1000000000000000056 ) ) ;
#94 = CARTESIAN_POINT ( 'NONE',  ( -19.66181958825609399, 2.922646890899428751, 0.000000000000000000 ) ) ;
#95 = ADVANCED_FACE ( 'NONE', ( #2929 ), #2106, .T. ) ;
#96 = ORIENTED_EDGE ( 'NONE', *, *, #3747, .T. ) ;
#97 = CARTESIAN_POINT ( 'NONE',  ( -20.06442702035639059, 1.700104778732903110, -0.1000000000000000056 ) ) ;
#98 = CARTESIAN_POINT ( 'NONE',  ( -18.39397867075660642, 2.075662431514452066, -0.1000000000000000056 ) ) ;
#99 = CARTESIAN_POINT ( 'NONE',  ( -19.28210571296598630, -1.589560526723145850, -0.1000000000000000056 ) ) ;
#100 = SURFACE_STYLE_USAGE ( .BOTH. , #785 ) ;
#101 = CARTESIAN_POINT ( 'NONE',  ( -20.10937329148706354, -2.145409775562556298, -0.1000000000000000056 ) ) ;
#102 = CARTESIAN_POINT ( 'NONE',  ( -19.03191632620645635, 3.549720191466237740, -0.1000000000000000056 ) ) ;
#103 = EDGE_CURVE ( 'NONE', #8884, #570, #5980, .T. ) ;
#104 = CARTESIAN_POINT ( 'NONE',  ( -18.84937216084243872, 3.347416978438999102, 0.000000000000000000 ) ) ;
#105 = DIRECTION ( 'NONE',  ( -0.000000000000000000, 0.000000000000000000, 1.000000000000000000 ) ) ;
#106 = CARTESIAN_POINT ( 'NONE',  ( -18.39995352721988908, -0.7896768694622852136, 0.000000000000000000 ) ) ;
#107 = CARTESIAN_POINT ( 'NONE',  ( -18.32197533745173956, 3.094422715504962174, -0.1000000000000000056 ) ) ;
#108 = CARTESIAN_POINT ( 'NONE',  ( -20.04618306759414281, -0.7351752697156943572, -0.1000000000000000056 ) ) ;
#109 = ORIENTED_EDGE ( 'NONE', *, *, #6196, .T. ) ;
#110 = CARTESIAN_POINT ( 'NONE',  ( -19.17120766704521628, 3.872680684247027827, -0.1000000000000000056 ) ) ;
#111 = FACE_OUTER_BOUND ( 'NONE', #5452, .T. ) ;
#112 = CARTESIAN_POINT ( 'NONE',  ( -18.56957731066747996, -3.865319620768230546, -0.1000000000000000056 ) ) ;
#113 = ORIENTED_EDGE ( 'NONE', *, *, #4563, .F. ) ;
#114 = CARTESIAN_POINT ( 'NONE',  ( -18.67264923963804435, -3.832338987974138966, -0.1000000000000000056 ) ) ;
#115 = FACE_OUTER_BOUND ( 'NONE', #9052, .T. ) ;
#116 = CARTESIAN_POINT ( 'NONE',  ( -19.58890726722236408, -0.8596249188412734554, -0.1000000000000000056 ) ) ;
#117 = CARTESIAN_POINT ( 'NONE',  ( -18.70363959257612052, -0.7330260731315412226, 1.355252715606880543E-17 ) ) ;
#118 =( LENGTH_UNIT ( ) NAMED_UNIT ( * ) SI_UNIT ( .MILLI., .METRE. ) );
#119 = CARTESIAN_POINT ( 'NONE',  ( 2.540000000000004476, -8.406000000000007688, 3.100000000000000089 ) ) ;
#120 = LINE ( 'NONE', #7757, #4327 ) ;
#121 = CARTESIAN_POINT ( 'NONE',  ( -19.03200975167560571, 3.616682261672305554, -0.000000000000000000 ) ) ;
#122 = ORIENTED_EDGE ( 'NONE', *, *, #8203, .T. ) ;
#123 = EDGE_CURVE ( 'NONE', #4490, #4175, #5075, .T. ) ;
#124 = CARTESIAN_POINT ( 'NONE',  ( -18.15154395465491532, -3.038011171447197345, -0.1000000000000000056 ) ) ;
#125 = CARTESIAN_POINT ( 'NONE',  ( 3.540000000000004921, -8.406000000000007688, 3.100000000000000089 ) ) ;
#126 = CARTESIAN_POINT ( 'NONE',  ( 5.580000000000007176, -8.406000000000005912, -0.09999999999999982514 ) ) ;
#127 = CARTESIAN_POINT ( 'NONE',  ( -19.68288232406076332, 1.331027441209933881, -0.1000000000000000056 ) ) ;
#128 = ORIENTED_EDGE ( 'NONE', *, *, #1715, .F. ) ;
#129 = CARTESIAN_POINT ( 'NONE',  ( -19.21094421608650293, 0.7153027120358708135, 0.000000000000000000 ) ) ;
#130 = CARTESIAN_POINT ( 'NONE',  ( -19.04666647049883466, 0.8831801548605684449, -0.1000000000000000056 ) ) ;
#131 = CARTESIAN_POINT ( 'NONE',  ( -19.04506010937983262, -2.886506913140781894, 0.000000000000000000 ) ) ;
#132 = CARTESIAN_POINT ( 'NONE',  ( -19.89131670961232246, 1.458963722893769743, 0.000000000000000000 ) ) ;
#133 = ORIENTED_EDGE ( 'NONE', *, *, #7080, .F. ) ;
#134 = CARTESIAN_POINT ( 'NONE',  ( -18.47076243207002122, 1.338797396719451305, -0.000000000000000000 ) ) ;
#135 = CARTESIAN_POINT ( 'NONE',  ( -20.08161370229463571, 1.745786103309411308, -0.1000000000000000056 ) ) ;
#136 = CARTESIAN_POINT ( 'NONE',  ( -19.49649460060810213, -3.069862799488131344, -0.1000000000000000056 ) ) ;
#137 = CARTESIAN_POINT ( 'NONE',  ( -19.37440104604546676, 3.941066854797398822, -0.1000000000000000056 ) ) ;
#138 = CARTESIAN_POINT ( 'NONE',  ( -19.50588084072413508, -4.261996216823863648, -0.000000000000000000 ) ) ;
#139 =( GEOMETRIC_REPRESENTATION_CONTEXT ( 3 ) GLOBAL_UNCERTAINTY_ASSIGNED_CONTEXT ( ( #170 ) ) GLOBAL_UNIT_ASSIGNED_CONTEXT ( ( #6818, #5349, #6773 ) ) REPRESENTATION_CONTEXT ( 'NONE', 'WORKASPACE' ) );
#140 = CARTESIAN_POINT ( 'NONE',  ( -18.38258111257201932, -4.175232627234126248, -0.1000000000000000056 ) ) ;
#141 = CARTESIAN_POINT ( 'NONE',  ( -18.63632329495037254, -2.795654559959158902, 0.000000000000000000 ) ) ;
#142 = CIRCLE ( 'NONE', #2983, 1.000000000000000888 ) ;
#143 = VECTOR ( 'NONE', #5933, 1000.000000000000000 ) ;
#144 = DIRECTION ( 'NONE',  ( 0.000000000000000000, 0.000000000000000000, 1.000000000000000000 ) ) ;
#145 = CARTESIAN_POINT ( 'NONE',  ( -2.999999999999995559, 8.294999999999998153, 6.000000000000000000 ) ) ;
#146 = CARTESIAN_POINT ( 'NONE',  ( -18.10687864759171362, 0.8310918744405112468, -0.1000000000000000056 ) ) ;
#147 = CARTESIAN_POINT ( 'NONE',  ( -20.11002305806498924, -0.8812320341059820539, -0.1000000000000000056 ) ) ;
#149 = ADVANCED_FACE ( 'NONE', ( #8025 ), #1696, .F. ) ;
#148 = ORIENTED_EDGE ( 'NONE', *, *, #2806, .T. ) ;
#150 = EDGE_CURVE ( 'NONE', #6020, #2969, #5942, .T. ) ;
#151 = CARTESIAN_POINT ( 'NONE',  ( -22.50000000000000000, 10.44500000000000028, 0.000000000000000000 ) ) ;
#152 = CARTESIAN_POINT ( 'NONE',  ( -18.79118019077904478, 3.470806148516514256, -0.1000000000000000056 ) ) ;
#153 = FILL_AREA_STYLE_COLOUR ( '', #4987 ) ;
#154 = AXIS2_PLACEMENT_3D ( 'NONE', #334, #7432, #6653 ) ;
#155 = VERTEX_POINT ( 'NONE', #218 ) ;
#156 = CARTESIAN_POINT ( 'NONE',  ( -19.07599676306207570, -3.911613713349327170, 0.000000000000000000 ) ) ;
#157 = CARTESIAN_POINT ( 'NONE',  ( -18.76665582308070412, 1.265702143110936317, -0.1000000000000000056 ) ) ;
#158 = STYLED_ITEM ( 'NONE', ( #4978 ), #4981 ) ;
#159 = DIRECTION ( 'NONE',  ( -1.000000000000000000, 1.734723475976807094E-16, -0.000000000000000000 ) ) ;
#160 = CARTESIAN_POINT ( 'NONE',  ( -18.35145187581038329, 4.220704031452712002, 0.000000000000000000 ) ) ;
#161 = CARTESIAN_POINT ( 'NONE',  ( -18.53626942772273622, -2.768165982564291028, -0.1000000000000000056 ) ) ;
#162 = EDGE_CURVE ( 'NONE', #9061, #4620, #908, .T. ) ;
#163 = CARTESIAN_POINT ( 'NONE',  ( -19.52243069679823151, -3.069354279737747326, 0.000000000000000000 ) ) ;
#164 = CARTESIAN_POINT ( 'NONE',  ( -2.540000000000000036, -8.406000000000007688, 3.100000000000000089 ) ) ;
#165 = AXIS2_PLACEMENT_3D ( 'NONE', #6746, #8116, #6132 ) ;
#166 = ORIENTED_EDGE ( 'NONE', *, *, #5352, .F. ) ;
#167 = VECTOR ( 'NONE', #7305, 1000.000000000000000 ) ;
#168 = DIRECTION ( 'NONE',  ( -1.000000000000000000, 0.000000000000000000, 0.000000000000000000 ) ) ;
#169 = CARTESIAN_POINT ( 'NONE',  ( -20.10834900551997961, -2.090822708434528554, 0.000000000000000000 ) ) ;
#170 = UNCERTAINTY_MEASURE_WITH_UNIT (LENGTH_MEASURE( 1.000000000000000082E-05 ), #6818, 'distance_accuracy_value', 'NONE');
#171 = CARTESIAN_POINT ( 'NONE',  ( -19.87168396659924241, -1.164876217362721622, -0.1000000000000000056 ) ) ;
#172 = DIRECTION ( 'NONE',  ( 0.8543981745992493826, -0.5196188595898636464, 0.000000000000000000 ) ) ;
#173 = CARTESIAN_POINT ( 'NONE',  ( -20.02019709781182399, 1.612285152700691393, -0.1000000000000000056 ) ) ;
#174 = ORIENTED_EDGE ( 'NONE', *, *, #4277, .T. ) ;
#175 = CARTESIAN_POINT ( 'NONE',  ( -19.97041506568329083, -1.103157313473631662, 0.000000000000000000 ) ) ;
#176 =( GEOMETRIC_REPRESENTATION_CONTEXT ( 3 ) GLOBAL_UNCERTAINTY_ASSIGNED_CONTEXT ( ( #1560 ) ) GLOBAL_UNIT_ASSIGNED_CONTEXT ( ( #4410, #1750, #4498 ) ) REPRESENTATION_CONTEXT ( 'NONE', 'WORKASPACE' ) );
#177 = CARTESIAN_POINT ( 'NONE',  ( -19.36777474363793417, -4.188124338826548332, 0.000000000000000000 ) ) ;
#178 = LINE ( 'NONE', #8742, #3200 ) ;
#179 = CARTESIAN_POINT ( 'NONE',  ( -18.84567156929378129, -3.421883347829183464, 0.000000000000000000 ) ) ;
#180 = CARTESIAN_POINT ( 'NONE',  ( -19.94332505971822300, -0.6973972017470806417, -0.1000000000000000056 ) ) ;
#181 = CIRCLE ( 'NONE', #5367, 1.000000000000000444 ) ;
#182 = B_SPLINE_CURVE_WITH_KNOTS ( 'NONE', 3,
 ( #9124, #2646, #1428, #6993, #5581, #8462, #3537, #8516, #3493, #8417, #6336, #1988, #4092, #6947, #5476 ),
 .UNSPECIFIED., .F., .F.,
 ( 4, 1, 1, 1, 1, 1, 1, 1, 1, 1, 1, 1, 4 ),
 ( 0.000000000000000000, 0.08746920846939179595, 0.1688274040181861058, 0.2449515997949324453, 0.3154329728852033887, 0.3848614173371596170, 0.4560008808743482578, 0.5304747800843313543, 0.6090604505790907508, 0.6938447258498844361, 0.7858670613342996214, 0.8880768554850440033, 1.000000000000000000 ),
 .UNSPECIFIED. ) ;
#183 = ORIENTED_EDGE ( 'NONE', *, *, #2629, .T. ) ;
#184 = DIRECTION ( 'NONE',  ( 1.000000000000000000, 0.000000000000000000, -0.000000000000000000 ) ) ;
#185 = CARTESIAN_POINT ( 'NONE',  ( -20.49999999999999289, -8.444999999999998508, 3.000000000000000000 ) ) ;
#186 = PRESENTATION_STYLE_ASSIGNMENT (( #7453 ) ) ;
#187 = CARTESIAN_POINT ( 'NONE',  ( -19.44893468619664745, -4.251239838341200894, -0.1000000000000000056 ) ) ;
#188 = EDGE_CURVE ( 'NONE', #7522, #578, #5301, .T. ) ;
#189 = CARTESIAN_POINT ( 'NONE',  ( -19.60161779831326712, 3.919494934691880150, 0.000000000000000000 ) ) ;
#190 = CARTESIAN_POINT ( 'NONE',  ( -19.20541313640307024, 1.246244083037329808, -0.1000000000000000056 ) ) ;
#191 =( GEOMETRIC_REPRESENTATION_CONTEXT ( 3 ) GLOBAL_UNCERTAINTY_ASSIGNED_CONTEXT ( ( #1443 ) ) GLOBAL_UNIT_ASSIGNED_CONTEXT ( ( #8291, #3976, #4068 ) ) REPRESENTATION_CONTEXT ( 'NONE', 'WORKASPACE' ) );
#192 = CARTESIAN_POINT ( 'NONE',  ( -4.079999999999998295, -8.406000000000007688, -0.09999999999999982514 ) ) ;
#193 = SURFACE_STYLE_USAGE ( .BOTH. , #1581 ) ;
#194 =( NAMED_UNIT ( * ) SI_UNIT ( $, .STERADIAN. ) SOLID_ANGLE_UNIT ( ) );
#195 =( LENGTH_UNIT ( ) NAMED_UNIT ( * ) SI_UNIT ( .MILLI., .METRE. ) );
#196 = ORIENTED_EDGE ( 'NONE', *, *, #8314, .F. ) ;
#197 =( NAMED_UNIT ( * ) SI_UNIT ( $, .STERADIAN. ) SOLID_ANGLE_UNIT ( ) );
#198 = EDGE_CURVE ( 'NONE', #7671, #3791, #1037, .T. ) ;
#199 = SURFACE_STYLE_FILL_AREA ( #931 ) ;
#200 = ORIENTED_EDGE ( 'NONE', *, *, #3421, .F. ) ;
#201 = CARTESIAN_POINT ( 'NONE',  ( -20.10976134028496531, 3.532021182900820566, -0.1000000000000000056 ) ) ;
#202 = CARTESIAN_POINT ( 'NONE',  ( -18.81030129910326920, 3.425128391739745037, -0.1000000000000000056 ) ) ;
#203 =( NAMED_UNIT ( * ) PLANE_ANGLE_UNIT ( ) SI_UNIT ( $, .RADIAN. ) );
#204 = VERTEX_POINT ( 'NONE', #338 ) ;
#205 = CARTESIAN_POINT ( 'NONE',  ( -18.79825935816133509, -4.192636269301550200, 0.000000000000000000 ) ) ;
#206 =( LENGTH_UNIT ( ) NAMED_UNIT ( * ) SI_UNIT ( .MILLI., .METRE. ) );
#207 = CARTESIAN_POINT ( 'NONE',  ( -18.63296511256474375, -0.7324759085832257544, -0.1000000000000000056 ) ) ;
#208 = CARTESIAN_POINT ( 'NONE',  ( -18.29377372360557175, -2.322636755172235556, 0.000000000000000000 ) ) ;
#209 = DIRECTION ( 'NONE',  ( -0.000000000000000000, -0.000000000000000000, -1.000000000000000000 ) ) ;
#210 = STYLED_ITEM ( 'NONE', ( #8252 ), #3628 ) ;
#211 = CARTESIAN_POINT ( 'NONE',  ( -19.51223052798315294, -3.069140828450521497, -0.1000000000000000056 ) ) ;
#212 = FILL_AREA_STYLE ('',( #6740 ) ) ;
#213 = EDGE_LOOP ( 'NONE', ( #8587, #3371 ) ) ;
#214 = FACE_OUTER_BOUND ( 'NONE', #1117, .T. ) ;
#216 = EDGE_CURVE ( 'NONE', #4754, #5131, #7944, .T. ) ;
#215 =( GEOMETRIC_REPRESENTATION_CONTEXT ( 3 ) GLOBAL_UNCERTAINTY_ASSIGNED_CONTEXT ( ( #2780 ) ) GLOBAL_UNIT_ASSIGNED_CONTEXT ( ( #1009, #4587, #3677 ) ) REPRESENTATION_CONTEXT ( 'NONE', 'WORKASPACE' ) );
#217 = CARTESIAN_POINT ( 'NONE',  ( -19.20042782650209645, -1.222376105539968894, -0.000000000000000000 ) ) ;
#218 = CARTESIAN_POINT ( 'NONE',  ( -19.23051807223363951, 3.135355294545489446, 0.000000000000000000 ) ) ;
#219 = CARTESIAN_POINT ( 'NONE',  ( -19.82765216647192119, 1.938278007507323153, 1.355252715606880543E-17 ) ) ;
#220 = ORIENTED_EDGE ( 'NONE', *, *, #659, .T. ) ;
#221 = FACE_OUTER_BOUND ( 'NONE', #3883, .T. ) ;
#222 = VERTEX_POINT ( 'NONE', #7648 ) ;
#223 = LINE ( 'NONE', #7366, #8318 ) ;
#224 = CARTESIAN_POINT ( 'NONE',  ( -18.52328770738523289, -3.860004513831261530, -0.1000000000000000056 ) ) ;
#225 = CARTESIAN_POINT ( 'NONE',  ( -19.44530967930286991, -2.684432972021222330, -0.000000000000000000 ) ) ;
#226 = VECTOR ( 'NONE', #3915, 1000.000000000000000 ) ;
#227 = CARTESIAN_POINT ( 'NONE',  ( -18.91564229619935134, 2.626780270814437213, -0.1000000000000000056 ) ) ;
#228 = ORIENTED_EDGE ( 'NONE', *, *, #7143, .T. ) ;
#229 = CARTESIAN_POINT ( 'NONE',  ( -18.65063986915950522, -0.7319708251953128686, 0.000000000000000000 ) ) ;
#230 = LINE ( 'NONE', #2939, #7465 ) ;
#231 = STYLED_ITEM ( 'NONE', ( #8114 ), #149 ) ;
#232 = DIRECTION ( 'NONE',  ( -0.000000000000000000, -0.000000000000000000, 1.000000000000000000 ) ) ;
#233 = FACE_BOUND ( 'NONE', #1436, .T. ) ;
#234 = MECHANICAL_DESIGN_GEOMETRIC_PRESENTATION_REPRESENTATION (  '', ( #369 ), #6190 ) ;
#235 = ADVANCED_FACE ( 'NONE', ( #6960 ), #9173, .T. ) ;
#236 = EDGE_CURVE ( 'NONE', #328, #7607, #967, .T. ) ;
#237 = DIRECTION ( 'NONE',  ( -0.000000000000000000, 0.000000000000000000, -1.000000000000000000 ) ) ;
#238 = CARTESIAN_POINT ( 'NONE',  ( -18.10714659178618291, -0.1237523366562018612, -0.1000000000000000056 ) ) ;
#239 = FACE_OUTER_BOUND ( 'NONE', #2540, .T. ) ;
#240 = ORIENTED_EDGE ( 'NONE', *, *, #8089, .T. ) ;
#241 = DIRECTION ( 'NONE',  ( 0.000000000000000000, 0.000000000000000000, 1.000000000000000000 ) ) ;
#242 = ORIENTED_EDGE ( 'NONE', *, *, #8511, .T. ) ;
#243 = DIRECTION ( 'NONE',  ( 1.000000000000000000, -8.673617379884037444E-16, 0.000000000000000000 ) ) ;
#244 = CARTESIAN_POINT ( 'NONE',  ( -18.72950053127595993, -1.144486988157620067, -0.1000000000000000056 ) ) ;
#245 = CARTESIAN_POINT ( 'NONE',  ( -19.82307650284646883, 1.999320288065234985, 1.355252715606880543E-17 ) ) ;
#246 = ORIENTED_EDGE ( 'NONE', *, *, #8619, .F. ) ;
#247 = CARTESIAN_POINT ( 'NONE',  ( -18.72663446651920438, -4.213350813921210580, -0.1000000000000000056 ) ) ;
#248 = CARTESIAN_POINT ( 'NONE',  ( -19.92361148857630937, -1.940484139356313475, -0.1000000000000000056 ) ) ;
#249 = DIRECTION ( 'NONE',  ( -0.000000000000000000, -0.000000000000000000, 1.000000000000000000 ) ) ;
#250 = CARTESIAN_POINT ( 'NONE',  ( -19.20042782650209645, -1.222376105539968894, 0.000000000000000000 ) ) ;
#251 = CARTESIAN_POINT ( 'NONE',  ( -19.64841233920526520, -4.243220972973444027, -0.1000000000000000056 ) ) ;
#252 = CARTESIAN_POINT ( 'NONE',  ( 6.080000000000007176, -8.406000000000005912, 3.100000000000000089 ) ) ;
#253 = LINE ( 'NONE', #3835, #3069 ) ;
#254 = ORIENTED_EDGE ( 'NONE', *, *, #123, .T. ) ;
#255 = CARTESIAN_POINT ( 'NONE',  ( -19.86892388110170771, 4.142628054940392879, 0.000000000000000000 ) ) ;
#256 = FACE_OUTER_BOUND ( 'NONE', #1675, .T. ) ;
#257 = FILL_AREA_STYLE ('',( #2266 ) ) ;
#258 = CARTESIAN_POINT ( 'NONE',  ( -19.51423447418342860, 1.637735082298404254, 1.355252715606880543E-17 ) ) ;
#259 = FACE_OUTER_BOUND ( 'NONE', #7380, .T. ) ;
#260 = ORIENTED_EDGE ( 'NONE', *, *, #5396, .F. ) ;
#261 = FACE_OUTER_BOUND ( 'NONE', #5199, .T. ) ;
#262 = B_SPLINE_CURVE_WITH_KNOTS ( 'NONE', 3,
 ( #7708, #5458, #3340, #1269, #6271, #4122, #2064, #2725, #4903, #6928, #2630, #9053, #7754, #1174, #7619 ),
 .UNSPECIFIED., .F., .F.,
 ( 4, 1, 1, 1, 1, 1, 1, 1, 1, 1, 1, 1, 4 ),
 ( 0.000000000000000000, 0.1040204183058898446, 0.1984384377377630126, 0.2852052694932441512, 0.3645191814587275259, 0.4379596956786613315, 0.5089411891061546012, 0.5791356503040273607, 0.6513139732291022277, 0.7277679993785591828, 0.8105665045951374603, 0.9010705907186846719, 1.000000000000000000 ),
 .UNSPECIFIED. ) ;
#263 = CARTESIAN_POINT ( 'NONE',  ( -19.33939340584999655, -4.100293962820781957, -0.1000000000000000056 ) ) ;
#264 = CARTESIAN_POINT ( 'NONE',  ( -18.44081972048845941, -3.810017038931931221, -0.1000000000000000056 ) ) ;
#265 = DIRECTION ( 'NONE',  ( -0.000000000000000000, -0.000000000000000000, 1.000000000000000000 ) ) ;
#266 = EDGE_CURVE ( 'NONE', #5569, #6029, #3218, .T. ) ;
#267 = VERTEX_POINT ( 'NONE', #3950 ) ;
#268 = CARTESIAN_POINT ( 'NONE',  ( -19.54841704867489582, 1.288361527331263634, 0.000000000000000000 ) ) ;
#269 = DIRECTION ( 'NONE',  ( 0.000000000000000000, 0.000000000000000000, 1.000000000000000000 ) ) ;
#270 = DIRECTION ( 'NONE',  ( -0.000000000000000000, 0.000000000000000000, -1.000000000000000000 ) ) ;
#271 = CARTESIAN_POINT ( 'NONE',  ( -19.44893468619664745, -4.251239838341200894, 0.000000000000000000 ) ) ;
#272 = EDGE_CURVE ( 'NONE', #3314, #5380, #397, .T. ) ;
#273 = CARTESIAN_POINT ( 'NONE',  ( 3.000000000000004441, 6.594999999999998863, 6.000000000000000000 ) ) ;
#274 = DIRECTION ( 'NONE',  ( -1.000000000000000000, 0.000000000000000000, 0.000000000000000000 ) ) ;
#275 = FACE_OUTER_BOUND ( 'NONE', #5120, .T. ) ;
#276 =( NAMED_UNIT ( * ) PLANE_ANGLE_UNIT ( ) SI_UNIT ( $, .RADIAN. ) );
#277 = VERTEX_POINT ( 'NONE', #5519 ) ;
#278 = VECTOR ( 'NONE', #9179, 1000.000000000000114 ) ;
#279 = DIRECTION ( 'NONE',  ( 1.000000000000000000, 0.000000000000000000, 0.000000000000000000 ) ) ;
#280 = VERTEX_POINT ( 'NONE', #4862 ) ;
#281 = CARTESIAN_POINT ( 'NONE',  ( -19.41037756434710104, 2.256473852337017139, 1.355252715606880543E-17 ) ) ;
#282 = AXIS2_PLACEMENT_3D ( 'NONE', #5995, #1647, #3929 ) ;
#283 = CIRCLE ( 'NONE', #1476, 2.000000000000000000 ) ;
#284 = EDGE_LOOP ( 'NONE', ( #6325, #993, #1081, #1015 ) ) ;
#285 = CARTESIAN_POINT ( 'NONE',  ( -18.83141088883116154, -4.178047101190111690, 0.000000000000000000 ) ) ;
#286 = CARTESIAN_POINT ( 'NONE',  ( -20.09907550095612550, -3.302915202137145734, -0.1000000000000000056 ) ) ;
#287 = DIRECTION ( 'NONE',  ( -1.000000000000000000, 0.000000000000000000, 0.000000000000000000 ) ) ;
#288 = CARTESIAN_POINT ( 'NONE',  ( -19.30474727735802531, -1.082785819605982303, 0.000000000000000000 ) ) ;
#289 = CARTESIAN_POINT ( 'NONE',  ( -19.78039099982649773, -4.181582249589816946, 0.000000000000000000 ) ) ;
#290 = DIRECTION ( 'NONE',  ( 0.000000000000000000, 1.000000000000000000, 0.000000000000000000 ) ) ;
#291 = EDGE_CURVE ( 'NONE', #2854, #6370, #3984, .T. ) ;
#292 = CARTESIAN_POINT ( 'NONE',  ( -20.07650059883832583, -0.7696241066408602283, 0.000000000000000000 ) ) ;
#293 = EDGE_CURVE ( 'NONE', #8862, #7117, #5860, .T. ) ;
#294 = VERTEX_POINT ( 'NONE', #7667 ) ;
#295 = CARTESIAN_POINT ( 'NONE',  ( -20.07346997164091107, 3.840048222506829312, 0.000000000000000000 ) ) ;
#296 = VECTOR ( 'NONE', #8743, 1000.000000000000000 ) ;
#297 = CARTESIAN_POINT ( 'NONE',  ( -1.539999999999999591, -8.406000000000007688, 3.100000000000000089 ) ) ;
#298 = CARTESIAN_POINT ( 'NONE',  ( -19.89937395219337546, -1.148105272249591469, -0.1000000000000000056 ) ) ;
#299 = CARTESIAN_POINT ( 'NONE',  ( -19.26531848616861353, 1.609439051610472848, 1.355252715606880543E-17 ) ) ;
#300 = CARTESIAN_POINT ( 'NONE',  ( -19.65623142845138815, 3.270971788341475950, -0.1000000000000000056 ) ) ;
#301 = VERTEX_POINT ( 'NONE', #1132 ) ;
#302 = VECTOR ( 'NONE', #87, 1000.000000000000000 ) ;
#303 = CARTESIAN_POINT ( 'NONE',  ( -19.41825657873453892, -4.235582628076191902, 0.000000000000000000 ) ) ;
#304 = DIRECTION ( 'NONE',  ( 1.000000000000000000, 0.000000000000000000, 0.000000000000000000 ) ) ;
#305 = CARTESIAN_POINT ( 'NONE',  ( -19.21658231589904986, -2.736142614346155799, 0.000000000000000000 ) ) ;
#306 = ORIENTED_EDGE ( 'NONE', *, *, #2389, .T. ) ;
#307 =( LENGTH_UNIT ( ) NAMED_UNIT ( * ) SI_UNIT ( .MILLI., .METRE. ) );
#308 = VECTOR ( 'NONE', #6523, 1000.000000000000000 ) ;
#309 = DIRECTION ( 'NONE',  ( -0.000000000000000000, 0.000000000000000000, 1.000000000000000000 ) ) ;
#310 =( LENGTH_UNIT ( ) NAMED_UNIT ( * ) SI_UNIT ( .MILLI., .METRE. ) );
#311 = EDGE_CURVE ( 'NONE', #5253, #570, #4126, .T. ) ;
#312 = SURFACE_STYLE_FILL_AREA ( #3719 ) ;
#313 = CARTESIAN_POINT ( 'NONE',  ( -19.85333535332088317, 3.595646158854164831, -0.1000000000000000056 ) ) ;
#314 = CARTESIAN_POINT ( 'NONE',  ( -18.10687864759171362, 3.332794793446856918, -0.1000000000000000056 ) ) ;
#315 = CARTESIAN_POINT ( 'NONE',  ( -18.07036519568200106, -3.689863343027646181, -0.1000000000000000056 ) ) ;
#316 = AXIS2_PLACEMENT_3D ( 'NONE', #8513, #2977, #1522 ) ;
#317 = CYLINDRICAL_SURFACE ( 'NONE', #7235, 1.000000000000001776 ) ;
#318 = UNCERTAINTY_MEASURE_WITH_UNIT (LENGTH_MEASURE( 1.000000000000000082E-05 ), #1818, 'distance_accuracy_value', 'NONE');
#319 = CARTESIAN_POINT ( 'NONE',  ( -20.09674023784777219, -2.053243427651604058, 0.000000000000000000 ) ) ;
#320 = DIRECTION ( 'NONE',  ( -0.000000000000000000, -0.000000000000000000, 1.000000000000000000 ) ) ;
#321 = VERTEX_POINT ( 'NONE', #2634 ) ;
#322 = VECTOR ( 'NONE', #3153, 1000.000000000000000 ) ;
#323 = CARTESIAN_POINT ( 'NONE',  ( 1.000000000000000444, -8.406000000000007688, -0.09999999999999982514 ) ) ;
#324 = CARTESIAN_POINT ( 'NONE',  ( -18.44437177477880851, -1.299007434844970943, 0.000000000000000000 ) ) ;
#325 = ORIENTED_EDGE ( 'NONE', *, *, #5924, .F. ) ;
#326 = CARTESIAN_POINT ( 'NONE',  ( -19.53792809186356294, 2.944245063581951261, -0.1000000000000000056 ) ) ;
#327 = CARTESIAN_POINT ( 'NONE',  ( -19.57001524312108032, 2.227952712998476859, -0.1000000000000000056 ) ) ;
#328 = VERTEX_POINT ( 'NONE', #527 ) ;
#329 = CARTESIAN_POINT ( 'NONE',  ( -19.03936543268366322, -3.980627007053595179, 0.000000000000000000 ) ) ;
#330 = CARTESIAN_POINT ( 'NONE',  ( -19.98288292307847769, -2.966466662586350278, 0.000000000000000000 ) ) ;
#331 = CARTESIAN_POINT ( 'NONE',  ( -19.11714069000406369, -1.016954234830025783, -0.1000000000000000056 ) ) ;
#332 = CARTESIAN_POINT ( 'NONE',  ( -19.49649460060810213, -3.069862799488131344, -0.000000000000000000 ) ) ;
#333 = CARTESIAN_POINT ( 'NONE',  ( -19.26409885662615906, -1.625000429551596737, -0.1000000000000000056 ) ) ;
#334 = CARTESIAN_POINT ( 'NONE',  ( 12.50000000000000000, 0.000000000000000000, 16.00000000000000000 ) ) ;
#335 = ORIENTED_EDGE ( 'NONE', *, *, #9217, .F. ) ;
#336 = PLANE ( 'NONE',  #3118 ) ;
#337 = ADVANCED_FACE ( 'NONE', ( #8299 ), #5418, .T. ) ;
#338 = CARTESIAN_POINT ( 'NONE',  ( -1.000000000000000444, -8.406000000000007688, -0.09999999999999982514 ) ) ;
#339 = CARTESIAN_POINT ( 'NONE',  ( -19.64206718951841779, 1.675095787269231362, 1.355252715606880543E-17 ) ) ;
#340 = CARTESIAN_POINT ( 'NONE',  ( -18.24928079961690131, 1.020022521230489865, -0.000000000000000000 ) ) ;
#341 = ORIENTED_EDGE ( 'NONE', *, *, #103, .T. ) ;
#342 = CARTESIAN_POINT ( 'NONE',  ( -19.36777474363793417, -4.188124338826548332, -0.1000000000000000056 ) ) ;
#343 = CARTESIAN_POINT ( 'NONE',  ( -18.41451385965707033, 4.067468614868783305, 0.000000000000000000 ) ) ;
#344 = CARTESIAN_POINT ( 'NONE',  ( -18.10728452667434141, 4.060245638507653965, -0.000000000000000000 ) ) ;
#345 = DIRECTION ( 'NONE',  ( 1.000000000000000000, 0.000000000000000000, 0.000000000000000000 ) ) ;
#346 = CARTESIAN_POINT ( 'NONE',  ( -19.49999999999999289, -8.444999999999998508, 3.000000000000000000 ) ) ;
#347 = VECTOR ( 'NONE', #9185, 1000.000000000000000 ) ;
#348 = VERTEX_POINT ( 'NONE', #4719 ) ;
#349 =( NAMED_UNIT ( * ) SI_UNIT ( $, .STERADIAN. ) SOLID_ANGLE_UNIT ( ) );
#350 = CARTESIAN_POINT ( 'NONE',  ( -19.75602278393081335, -3.246070231928189553, 0.000000000000000000 ) ) ;
#351 = LINE ( 'NONE', #8127, #4028 ) ;
#352 = DIRECTION ( 'NONE',  ( 1.000000000000000000, 0.000000000000000000, 0.000000000000000000 ) ) ;
#353 = AXIS2_PLACEMENT_3D ( 'NONE', #8405, #4816, #1272 ) ;
#354 = CARTESIAN_POINT ( 'NONE',  ( -18.32514041218205847, 4.236965642672266164, -0.1000000000000000056 ) ) ;
#355 = CARTESIAN_POINT ( 'NONE',  ( -18.53626942772273622, -2.768165982564291028, -0.1000000000000000056 ) ) ;
#356 = CARTESIAN_POINT ( 'NONE',  ( -18.05807206862467140, -3.585795903067558577, -0.1000000000000000056 ) ) ;
#357 = EDGE_CURVE ( 'NONE', #8076, #7382, #7964, .T. ) ;
#358 = DIRECTION ( 'NONE',  ( 1.000000000000000000, 0.000000000000000000, 0.000000000000000000 ) ) ;
#359 = CARTESIAN_POINT ( 'NONE',  ( -19.86778214592342096, -1.939080607096354436, 0.000000000000000000 ) ) ;
#360 = CARTESIAN_POINT ( 'NONE',  ( -18.18407559717591226, 1.564314196547224700, -0.1000000000000000056 ) ) ;
#361 = CARTESIAN_POINT ( 'NONE',  ( -18.42445239319404138, 2.119130011960311588, 0.000000000000000000 ) ) ;
#362 = ORIENTED_EDGE ( 'NONE', *, *, #7143, .F. ) ;
#363 = B_SPLINE_CURVE_WITH_KNOTS ( 'NONE', 3,
 ( #813, #4442, #8020, #8730, #7220, #903, #3060, #6515, #5190, #1642, #7938, #1556, #4489, #121, #1512 ),
 .UNSPECIFIED., .F., .F.,
 ( 4, 1, 1, 1, 1, 1, 1, 1, 1, 1, 1, 1, 4 ),
 ( 0.000000000000000000, 0.1053589723053370841, 0.2029760680342642676, 0.2959402060008507473, 0.3836510920238717648, 0.4670876711934597858, 0.5464415818684881243, 0.6223114907784088601, 0.6979259700195674654, 0.7724550321512897444, 0.8467087283597054537, 0.9222659934748491661, 1.000000000000000000 ),
 .UNSPECIFIED. ) ;
#364 = SURFACE_STYLE_FILL_AREA ( #6769 ) ;
#365 = CARTESIAN_POINT ( 'NONE',  ( -18.66824981453238763, -1.143268512187079144, -0.1000000000000000056 ) ) ;
#366 = ORIENTED_EDGE ( 'NONE', *, *, #2765, .F. ) ;
#367 = DIRECTION ( 'NONE',  ( 0.9853660729310436128, 0.1704514661610549431, 0.000000000000000000 ) ) ;
#368 = CARTESIAN_POINT ( 'NONE',  ( -19.51426025257980967, 2.962997427730376554, -0.1000000000000000056 ) ) ;
#369 = STYLED_ITEM ( 'NONE', ( #2173 ), #8839 ) ;
#370 = CARTESIAN_POINT ( 'NONE',  ( -19.55857676970661885, -2.689412346602536807, -0.1000000000000000056 ) ) ;
#371 = ORIENTED_EDGE ( 'NONE', *, *, #8048, .F. ) ;
#372 = CARTESIAN_POINT ( 'NONE',  ( -18.13709547729266092, -2.234173001584935481, 0.000000000000000000 ) ) ;
#373 = CARTESIAN_POINT ( 'NONE',  ( -19.77026629585628115, 2.509327615102131315, -0.1000000000000000056 ) ) ;
#374 = ORIENTED_EDGE ( 'NONE', *, *, #3818, .T. ) ;
#375 = CARTESIAN_POINT ( 'NONE',  ( -18.64428171877704798, 1.644595282361704047, -0.1000000000000000056 ) ) ;
#376 = CARTESIAN_POINT ( 'NONE',  ( -18.09169567458220484, -3.786346212177369441, 0.000000000000000000 ) ) ;
#377 = B_SPLINE_SURFACE_WITH_KNOTS ( 'NONE', 3, 1, ( 
 ( #4107, #5635 ),
 ( #8477, #1393 ),
 ( #2555, #8985 ),
 ( #7506, #4644 ),
 ( #4097, #5389 ),
 ( #2650, #8228 ),
 ( #8320, #5482 ),
 ( #4001, #3316 ),
 ( #1948, #8373 ),
 ( #6200, #1904 ),
 ( #1148, #4593 ),
 ( #3957, #4692 ),
 ( #6767, #451 ),
 ( #4787, #7548 ),
 ( #6811, #361 ),
 ( #7463, #6152 ),
 ( #8940, #1062 ),
 ( #9031, #2699 ),
 ( #6064, #1862 ),
 ( #3263, #2602 ),
 ( #405, #6242 ),
 ( #3225, #2507 ),
 ( #4050, #7639 ) ),
 .UNSPECIFIED., .F., .F., .F.,
 ( 4, 1, 1, 1, 1, 1, 1, 1, 1, 1, 1, 1, 1, 1, 1, 1, 1, 1, 1, 1, 4 ),
 ( 2, 2 ),
 ( 0.000000000000000000, 0.06738236761726831836, 0.1316231465968440151, 0.1927331764410487869, 0.2511816882161231890, 0.3061260101418870061, 0.3584625931751451722, 0.4073881668424609304, 0.4537821082674490247, 0.5385647031207839719, 0.6151022662880895053, 0.6842919982863976402, 0.7472416725558771455, 0.7773066825295988913, 0.8072524202451695219, 0.8368789015652139396, 0.8670457695720228397, 0.8985067967867191863, 0.9305379273796815509, 0.9642488327105729340, 1.000000000000000000 ),
 ( 0.000000000000000000, 1.000000000000000000 ),
 .UNSPECIFIED. ) ;
#378 = EDGE_CURVE ( 'NONE', #7927, #610, #6991, .T. ) ;
#379 = ORIENTED_EDGE ( 'NONE', *, *, #8048, .T. ) ;
#380 = CARTESIAN_POINT ( 'NONE',  ( -20.03721567836697304, 3.928101776601644612, 0.000000000000000000 ) ) ;
#381 = CARTESIAN_POINT ( 'NONE',  ( -19.76070313847342774, -0.7636403975184337112, 0.000000000000000000 ) ) ;
#382 = CARTESIAN_POINT ( 'NONE',  ( -18.72042271772914646, -2.972475680457312031, -0.1000000000000000056 ) ) ;
#383 = CARTESIAN_POINT ( 'NONE',  ( -19.82711619452485863, 1.908183520770096120, 1.355252715606880543E-17 ) ) ;
#384 = FACE_OUTER_BOUND ( 'NONE', #6072, .T. ) ;
#385 = EDGE_LOOP ( 'NONE', ( #4841, #8013, #63, #2571 ) ) ;
#386 = CARTESIAN_POINT ( 'NONE',  ( -18.68856865329570383, 1.277654723428790495, 0.000000000000000000 ) ) ;
#387 = SURFACE_STYLE_USAGE ( .BOTH. , #7486 ) ;
#388 = B_SPLINE_CURVE_WITH_KNOTS ( 'NONE', 3,
 ( #7656, #8343, #4160, #6264, #3378, #1966, #4116, #615, #1837, #1219, #565 ),
 .UNSPECIFIED., .F., .F.,
 ( 4, 1, 1, 1, 1, 1, 1, 1, 4 ),
 ( 0.000000000000000000, 0.1234478424554437959, 0.2372645441751971007, 0.3459877958337392312, 0.4562725972761524917, 0.5724604415685624614, 0.6988789839190954201, 0.8403966771546137471, 1.000000000000000000 ),
 .UNSPECIFIED. ) ;
#389 = CARTESIAN_POINT ( 'NONE',  ( -18.05600824963104145, -3.447276945489225586, -0.000000000000000000 ) ) ;
#390 = FILL_AREA_STYLE ('',( #3209 ) ) ;
#391 = PLANE ( 'NONE',  #4601 ) ;
#392 = ORIENTED_EDGE ( 'NONE', *, *, #3900, .F. ) ;
#393 = VERTEX_POINT ( 'NONE', #7758 ) ;
#394 = CARTESIAN_POINT ( 'NONE',  ( -18.56957731066747996, -3.865319620768230546, 0.000000000000000000 ) ) ;
#395 = CARTESIAN_POINT ( 'NONE',  ( 0.000000000000000000, -8.406000000000007688, 0.000000000000000000 ) ) ;
#396 = ORIENTED_EDGE ( 'NONE', *, *, #7258, .F. ) ;
#397 = B_SPLINE_CURVE_WITH_KNOTS ( 'NONE', 3,
 ( #8000, #5960, #5211, #3806, #8354, #5567, #7571, #3343, #8970, #6138, #2020 ),
 .UNSPECIFIED., .F., .F.,
 ( 4, 1, 1, 1, 1, 1, 1, 1, 4 ),
 ( 0.000000000000000000, 0.1552804412543558332, 0.2995415886338245737, 0.4324427896539456695, 0.5547892922039798780, 0.6700135071063055836, 0.7827907858096015969, 0.8918985861569906914, 1.000000000000000000 ),
 .UNSPECIFIED. ) ;
#398 = CARTESIAN_POINT ( 'NONE',  ( -19.93774286895747849, -1.124120876596390595, -0.1000000000000000056 ) ) ;
#399 = CARTESIAN_POINT ( 'NONE',  ( -18.35145187581038329, 4.220704031452712002, -0.1000000000000000056 ) ) ;
#400 = CARTESIAN_POINT ( 'NONE',  ( -18.10687864759171717, 0.8310918744405113578, -0.1000000000000000056 ) ) ;
#401 = ADVANCED_FACE ( 'NONE', ( #5005 ), #7262, .F. ) ;
#402 = CARTESIAN_POINT ( 'NONE',  ( -18.18151495160590869, -3.992245276628796358, -0.1000000000000000056 ) ) ;
#403 =( LENGTH_UNIT ( ) NAMED_UNIT ( * ) SI_UNIT ( .MILLI., .METRE. ) );
#404 = CARTESIAN_POINT ( 'NONE',  ( -20.10955053989628283, -2.117308301680831395, -0.000000000000000000 ) ) ;
#405 = CARTESIAN_POINT ( 'NONE',  ( -18.36438238923829402, 1.966593809753808708, -0.1000000000000000056 ) ) ;
#406 = ORIENTED_EDGE ( 'NONE', *, *, #4012, .T. ) ;
#407 = CARTESIAN_POINT ( 'NONE',  ( -19.48601053848585352, 3.151898849510245348, 0.000000000000000000 ) ) ;
#408 = DIRECTION ( 'NONE',  ( -0.000000000000000000, -0.000000000000000000, 1.000000000000000000 ) ) ;
#409 = ORIENTED_EDGE ( 'NONE', *, *, #2957, .F. ) ;
#410 = CARTESIAN_POINT ( 'NONE',  ( -18.90466162075310308, 0.7424532391164463396, -0.1000000000000000056 ) ) ;
#411 = EDGE_CURVE ( 'NONE', #7752, #4754, #9186, .T. ) ;
#412 = ORIENTED_EDGE ( 'NONE', *, *, #797, .F. ) ;
#413 = CARTESIAN_POINT ( 'NONE',  ( 22.50000000000000000, 10.44500000000000028, 0.000000000000000000 ) ) ;
#414 = DIRECTION ( 'NONE',  ( -0.000000000000000000, -0.000000000000000000, 1.000000000000000000 ) ) ;
#415 = CARTESIAN_POINT ( 'NONE',  ( -19.30509461402094828, -1.554695239767356130, 1.355252715606880543E-17 ) ) ;
#416 = AXIS2_PLACEMENT_3D ( 'NONE', #7265, #6561, #168 ) ;
#417 = CARTESIAN_POINT ( 'NONE',  ( -18.59485919772192375, -3.120908501942953439, -0.1000000000000000056 ) ) ;
#418 = CARTESIAN_POINT ( 'NONE',  ( -18.05807206862467140, -3.585795903067558577, 0.000000000000000000 ) ) ;
#419 = PRESENTATION_LAYER_ASSIGNMENT (  '', '', ( #8913 ) ) ;
#420 = ORIENTED_EDGE ( 'NONE', *, *, #4356, .T. ) ;
#421 = CARTESIAN_POINT ( 'NONE',  ( -19.08249976614075294, 4.230364357360583583, 0.000000000000000000 ) ) ;
#422 = FILL_AREA_STYLE ('',( #4161 ) ) ;
#423 = CARTESIAN_POINT ( 'NONE',  ( -19.04506010937983262, -2.886506913140781894, 0.000000000000000000 ) ) ;
#424 = LINE ( 'NONE', #6661, #3587 ) ;
#425 = ORIENTED_EDGE ( 'NONE', *, *, #4701, .T. ) ;
#426 = CIRCLE ( 'NONE', #8773, 0.5000000000000004441 ) ;
#427 = CARTESIAN_POINT ( 'NONE',  ( -18.54901014349219324, 1.309616832906178363, 0.000000000000000000 ) ) ;
#428 = CARTESIAN_POINT ( 'NONE',  ( -18.38730497004482345, 1.811959372932808732, -0.1000000000000000056 ) ) ;
#429 = CARTESIAN_POINT ( 'NONE',  ( -18.21879974336730967, -2.938098441306122410, 0.000000000000000000 ) ) ;
#430 = LINE ( 'NONE', #6931, #5570 ) ;
#431 = CARTESIAN_POINT ( 'NONE',  ( -19.04506010937983262, -2.886506913140781894, -0.1000000000000000056 ) ) ;
#432 = DIRECTION ( 'NONE',  ( 1.000000000000000000, -0.000000000000000000, 0.000000000000000000 ) ) ;
#433 = ORIENTED_EDGE ( 'NONE', *, *, #2321, .F. ) ;
#434 = ORIENTED_EDGE ( 'NONE', *, *, #2758, .F. ) ;
#435 = CARTESIAN_POINT ( 'NONE',  ( -5.080000000000000071, -8.406000000000007688, 0.000000000000000000 ) ) ;
#436 =( NAMED_UNIT ( * ) PLANE_ANGLE_UNIT ( ) SI_UNIT ( $, .RADIAN. ) );
#437 = LINE ( 'NONE', #1758, #8038 ) ;
#438 = VECTOR ( 'NONE', #7819, 1000.000000000000000 ) ;
#439 = CARTESIAN_POINT ( 'NONE',  ( -19.21928033641843214, 3.071936179904772857, -0.1000000000000000056 ) ) ;
#440 = VECTOR ( 'NONE', #1869, 1000.000000000000000 ) ;
#441 = CARTESIAN_POINT ( 'NONE',  ( -19.79603119273520662, 4.195027439115881940, 0.000000000000000000 ) ) ;
#442 = CARTESIAN_POINT ( 'NONE',  ( -18.10740756912099059, -1.380056515265207118, 0.000000000000000000 ) ) ;
#443 = DIRECTION ( 'NONE',  ( -0.000000000000000000, -0.000000000000000000, 1.000000000000000000 ) ) ;
#444 = PRESENTATION_LAYER_ASSIGNMENT (  '', '', ( #5813 ) ) ;
#445 = CARTESIAN_POINT ( 'NONE',  ( -19.20996798879725986, 2.631655538532770677, 1.355252715606880543E-17 ) ) ;
#446 = COLOUR_RGB ( '',1.000000000000000000, 0.9607843137254902244, 0.8901960784313724950 ) ;
#447 = CARTESIAN_POINT ( 'NONE',  ( -18.10687864759171362, 3.332794793446856918, -0.1000000000000000056 ) ) ;
#448 = EDGE_CURVE ( 'NONE', #6704, #2618, #3568, .T. ) ;
#449 = ADVANCED_FACE ( 'NONE', ( #29 ), #8545, .T. ) ;
#450 = DIRECTION ( 'NONE',  ( 1.000000000000000000, 0.000000000000000000, 0.000000000000000000 ) ) ;
#451 = CARTESIAN_POINT ( 'NONE',  ( -18.48859093015320454, 2.173999165827406710, 0.000000000000000000 ) ) ;
#452 = ORIENTED_EDGE ( 'NONE', *, *, #5660, .F. ) ;
#453 = B_SPLINE_SURFACE_WITH_KNOTS ( 'NONE', 3, 1, ( 
 ( #5366, #2400 ),
 ( #5943, #3797 ),
 ( #1038, #8830 ),
 ( #8115, #6084 ),
 ( #3105, #299 ),
 ( #5899, #1078 ),
 ( #1650, #6659 ),
 ( #8072, #8735 ),
 ( #5286, #5320 ),
 ( #2354, #258 ),
 ( #8918, #2527 ),
 ( #8781, #339 ),
 ( #4495, #7360 ),
 ( #8158, #6041 ),
 ( #3934, #3888 ),
 ( #1789, #7528 ),
 ( #1746, #6789 ),
 ( #3156, #5243 ),
 ( #951, #1697 ),
 ( #4535, #7403 ),
 ( #7439, #383 ),
 ( #8205, #3842 ),
 ( #6700, #8875 ) ),
 .UNSPECIFIED., .F., .F., .F.,
 ( 4, 1, 1, 1, 1, 1, 1, 1, 1, 1, 1, 1, 1, 1, 1, 1, 1, 1, 1, 1, 4 ),
 ( 2, 2 ),
 ( 0.000000000000000000, 0.06804463966209674253, 0.1329991030441658451, 0.1948736791621023257, 0.2536853183319574545, 0.3094909894434599851, 0.3622862500143886333, 0.4117209794496397568, 0.4586601928118262395, 0.5446305932895171287, 0.6215734549491198635, 0.6911912982567059993, 0.7545254406632192490, 0.7847144906786455154, 0.8140967600353102851, 0.8434655636399595036, 0.8731025198391443309, 0.9027794899488092994, 0.9338467621595969437, 0.9661744479400227181, 1.000000000000000000 ),
 ( 0.000000000000000000, 1.000000000000000000 ),
 .UNSPECIFIED. ) ;
#454 = MECHANICAL_DESIGN_GEOMETRIC_PRESENTATION_REPRESENTATION (  '', ( #1346 ), #7901 ) ;
#455 = CARTESIAN_POINT ( 'NONE',  ( -18.90239379365844030, -4.134429430201347344, -0.1000000000000000056 ) ) ;
#456 = CARTESIAN_POINT ( 'NONE',  ( -19.84731424955938550, 2.461948518103673322, 1.355252715606880543E-17 ) ) ;
#457 = VERTEX_POINT ( 'NONE', #5991 ) ;
#458 = VECTOR ( 'NONE', #3395, 1000.000000000000000 ) ;
#459 = FILL_AREA_STYLE_COLOUR ( '', #5275 ) ;
#460 = CARTESIAN_POINT ( 'NONE',  ( 5.080000000000005400, -8.406000000000005912, 3.100000000000000089 ) ) ;
#461 = PLANE ( 'NONE',  #8989 ) ;
#462 = B_SPLINE_CURVE_WITH_KNOTS ( 'NONE', 3,
 ( #5076, #8620, #102, #1441, #8576, #4341, #2946, #7965, #7152, #5777, #2235, #2372, #3222, #7501, #8179 ),
 .UNSPECIFIED., .F., .F.,
 ( 4, 1, 1, 1, 1, 1, 1, 1, 1, 1, 1, 1, 4 ),
 ( 0.000000000000000000, 0.1044433434483753309, 0.1932635473200736698, 0.2679194929016834870, 0.3292507359682874113, 0.3917171682627310636, 0.4691452740976796987, 0.5601207821184785995, 0.6668410564283049347, 0.7719464879236614951, 0.8619305877665516258, 0.9367865228454469451, 1.000000000000000000 ),
 .UNSPECIFIED. ) ;
#463 = STYLED_ITEM ( 'NONE', ( #3550 ), #2715 ) ;
#464 = ORIENTED_EDGE ( 'NONE', *, *, #2891, .T. ) ;
#465 = LINE ( 'NONE', #4604, #1109 ) ;
#466 = CARTESIAN_POINT ( 'NONE',  ( -18.65063986915950522, -0.7319708251953128686, 0.000000000000000000 ) ) ;
#467 = DIRECTION ( 'NONE',  ( 0.000000000000000000, 0.000000000000000000, -1.000000000000000000 ) ) ;
#468 = DIRECTION ( 'NONE',  ( -0.000000000000000000, -0.000000000000000000, 1.000000000000000000 ) ) ;
#469 = CARTESIAN_POINT ( 'NONE',  ( -19.06063192691740227, 1.605454830043311576, -0.1000000000000000056 ) ) ;
#470 = CARTESIAN_POINT ( 'NONE',  ( -18.39898421063154288, -3.758442547617231622, -0.1000000000000000056 ) ) ;
#471 = ORIENTED_EDGE ( 'NONE', *, *, #2879, .T. ) ;
#472 = EDGE_CURVE ( 'NONE', #8503, #7398, #8729, .T. ) ;
#473 = CARTESIAN_POINT ( 'NONE',  ( -19.20027808564996619, 4.276420960964380846, 0.000000000000000000 ) ) ;
#474 = LINE ( 'NONE', #8344, #1257 ) ;
#475 = CARTESIAN_POINT ( 'NONE',  ( -19.16707034674308474, -2.766064391041721304, 0.000000000000000000 ) ) ;
#476 = CARTESIAN_POINT ( 'NONE',  ( -19.85131390101182092, 3.540358549259218446, -0.1000000000000000056 ) ) ;
#477 = ORIENTED_EDGE ( 'NONE', *, *, #1678, .T. ) ;
#478 = CARTESIAN_POINT ( 'NONE',  ( -18.10714659178618291, -0.1237523366562018612, 0.000000000000000000 ) ) ;
#479 =( LENGTH_UNIT ( ) NAMED_UNIT ( * ) SI_UNIT ( .MILLI., .METRE. ) );
#480 = CARTESIAN_POINT ( 'NONE',  ( -18.97900377839497921, 4.165238096487537511, -0.1000000000000000056 ) ) ;
#481 = CARTESIAN_POINT ( 'NONE',  ( -18.93074843047948619, -3.118931762363307492, -0.1000000000000000056 ) ) ;
#482 = DIRECTION ( 'NONE',  ( -0.000000000000000000, -0.000000000000000000, 1.000000000000000000 ) ) ;
#483 = ORIENTED_EDGE ( 'NONE', *, *, #2454, .F. ) ;
#484 = EDGE_CURVE ( 'NONE', #7411, #2987, #2921, .T. ) ;
#485 = ORIENTED_EDGE ( 'NONE', *, *, #8628, .T. ) ;
#486 = PRESENTATION_STYLE_ASSIGNMENT (( #8409 ) ) ;
#487 = CARTESIAN_POINT ( 'NONE',  ( -18.08119546074275519, 1.929449412027993915, -0.1000000000000000056 ) ) ;
#488 =( NAMED_UNIT ( * ) PLANE_ANGLE_UNIT ( ) SI_UNIT ( $, .RADIAN. ) );
#489 = CARTESIAN_POINT ( 'NONE',  ( -20.11016722181046390, 3.590429261525469595, -0.1000000000000000056 ) ) ;
#490 = CARTESIAN_POINT ( 'NONE',  ( -19.22987457369818998, 3.124456411348942808, -0.1000000000000000056 ) ) ;
#491 = CARTESIAN_POINT ( 'NONE',  ( -20.08665296628051777, 3.793324916837998551, 0.000000000000000000 ) ) ;
#492 = CARTESIAN_POINT ( 'NONE',  ( -18.19777495783751675, 1.010084440408975492, -0.1000000000000000056 ) ) ;
#493 = CARTESIAN_POINT ( 'NONE',  ( -18.05551227389380031, -3.476861419677735210, -0.1000000000000000056 ) ) ;
#494 = FACE_OUTER_BOUND ( 'NONE', #8783, .T. ) ;
#495 = LINE ( 'NONE', #2789, #1192 ) ;
#496 = ORIENTED_EDGE ( 'NONE', *, *, #8248, .F. ) ;
#497 = CARTESIAN_POINT ( 'NONE',  ( -20.04994474055430231, -0.2945388398440957345, 0.000000000000000000 ) ) ;
#498 = LINE ( 'NONE', #2558, #1544 ) ;
#499 = CARTESIAN_POINT ( 'NONE',  ( -18.66824981453238763, -1.143268512187079144, 0.000000000000000000 ) ) ;
#500 = B_SPLINE_CURVE_WITH_KNOTS ( 'NONE', 3,
 ( #2172, #5010, #4532, #3885, #3839, #1787, #3102, #8022, #255, #1694, #5152, #8155, #6612, #6787, #380, #6742, #295, #948, #6656, #3063, #8112, #5939, #7312 ),
 .UNSPECIFIED., .F., .F.,
 ( 4, 1, 1, 1, 1, 1, 1, 1, 1, 1, 1, 1, 1, 1, 1, 1, 1, 1, 1, 1, 4 ),
 ( 0.000000000000000000, 0.08555738422559445999, 0.1686642389838706457, 0.2497474519697828188, 0.3305169896373619243, 0.3708375280270757024, 0.4104601219375036969, 0.4498839935391460432, 0.4893030834951047625, 0.5289114027079855340, 0.5691711198908538938, 0.6095165840465770479, 0.6506257233054638656, 0.6921863325671929745, 0.7339053835026270178, 0.7761854509024861404, 0.8189384313532527271, 0.8624648162177718236, 0.9069351619472322268, 0.9528309098716876147, 1.000000000000000000 ),
 .UNSPECIFIED. ) ;
#501 =( GEOMETRIC_REPRESENTATION_CONTEXT ( 3 ) GLOBAL_UNCERTAINTY_ASSIGNED_CONTEXT ( ( #8802 ) ) GLOBAL_UNIT_ASSIGNED_CONTEXT ( ( #6864, #4652, #8861 ) ) REPRESENTATION_CONTEXT ( 'NONE', 'WORKASPACE' ) );
#502 = ORIENTED_EDGE ( 'NONE', *, *, #7112, .F. ) ;
#503 = CARTESIAN_POINT ( 'NONE',  ( -18.32197533745173956, 3.094422715504962174, -0.1000000000000000056 ) ) ;
#504 = DIRECTION ( 'NONE',  ( 0.000000000000000000, -0.000000000000000000, 1.000000000000000000 ) ) ;
#505 = VECTOR ( 'NONE', #7424, 1000.000000000000000 ) ;
#506 = EDGE_CURVE ( 'NONE', #6279, #8758, #6645, .T. ) ;
#507 = ORIENTED_EDGE ( 'NONE', *, *, #606, .F. ) ;
#508 = FACE_OUTER_BOUND ( 'NONE', #8348, .T. ) ;
#509 = SURFACE_STYLE_FILL_AREA ( #1828 ) ;
#510 = AXIS2_PLACEMENT_3D ( 'NONE', #8262, #2589, #3391 ) ;
#511 = B_SPLINE_CURVE_WITH_KNOTS ( 'NONE', 3,
 ( #5759, #817, #3485, #7181, #7087, #2073, #5012, #6376, #5618, #634, #4916, #3531, #7850, #1468, #1516, #7767, #4369, #4962, #85, #4179, #4227, #4319, #6473 ),
 .UNSPECIFIED., .F., .F.,
 ( 4, 1, 1, 1, 1, 1, 1, 1, 1, 1, 1, 1, 1, 1, 1, 1, 1, 1, 1, 1, 4 ),
 ( 0.000000000000000000, 0.03847308069039725303, 0.07601427363470941723, 0.1131275875935897762, 0.1494189242513772609, 0.1856613287475944174, 0.2218179426151901668, 0.2583104309034179313, 0.2950029681081990929, 0.3320025443929345843, 0.3693046504900199256, 0.4073894652276766060, 0.4457065538084681866, 0.4848673034645534785, 0.5250328878074690397, 0.5668242538787431339, 0.6096968430924675220, 0.6993219127827999815, 0.7934639858657910327, 0.8933935320584941442, 1.000000000000000000 ),
 .UNSPECIFIED. ) ;
#512 = COLOUR_RGB ( '',0.8666666666666666963, 0.9098039215686274384, 1.000000000000000000 ) ;
#513 = ORIENTED_EDGE ( 'NONE', *, *, #8024, .F. ) ;
#514 = CARTESIAN_POINT ( 'NONE',  ( -18.11625726035600437, -3.861474514890980814, 0.000000000000000000 ) ) ;
#515 = ADVANCED_FACE ( 'NONE', ( #3882 ), #4610, .T. ) ;
#516 = VERTEX_POINT ( 'NONE', #5149 ) ;
#517 =( GEOMETRIC_REPRESENTATION_CONTEXT ( 3 ) GLOBAL_UNCERTAINTY_ASSIGNED_CONTEXT ( ( #7869 ) ) GLOBAL_UNIT_ASSIGNED_CONTEXT ( ( #3004, #203, #1589 ) ) REPRESENTATION_CONTEXT ( 'NONE', 'WORKASPACE' ) );
#518 = CARTESIAN_POINT ( 'NONE',  ( -19.02864900624958722, 4.200166769040226455, 0.000000000000000000 ) ) ;
#519 = CARTESIAN_POINT ( 'NONE',  ( -19.21094421608650293, 0.7153027120358708135, -0.000000000000000000 ) ) ;
#520 = CARTESIAN_POINT ( 'NONE',  ( -19.76220112758461056, -2.754742640392168873, 0.000000000000000000 ) ) ;
#521 = CARTESIAN_POINT ( 'NONE',  ( -18.10687864759171362, 0.8310918744405112468, -0.1000000000000000056 ) ) ;
#522 = ORIENTED_EDGE ( 'NONE', *, *, #4418, .T. ) ;
#523 = DIRECTION ( 'NONE',  ( -0.000000000000000000, -0.000000000000000000, -1.000000000000000000 ) ) ;
#524 = CARTESIAN_POINT ( 'NONE',  ( -20.10386033204714096, -3.619166230999047773, -0.1000000000000000056 ) ) ;
#525 = CARTESIAN_POINT ( 'NONE',  ( -18.52312139664147850, -2.768598858199809332, -0.000000000000000000 ) ) ;
#526 = PLANE ( 'NONE',  #5725 ) ;
#527 = CARTESIAN_POINT ( 'NONE',  ( -19.03147337415421703, 3.601264355977374709, -0.1000000000000000056 ) ) ;
#528 = SURFACE_STYLE_FILL_AREA ( #8167 ) ;
#529 = EDGE_CURVE ( 'NONE', #628, #9060, #253, .T. ) ;
#530 = ORIENTED_EDGE ( 'NONE', *, *, #6049, .F. ) ;
#531 = EDGE_LOOP ( 'NONE', ( #1121, #2733, #4850, #3782 ) ) ;
#532 = FACE_OUTER_BOUND ( 'NONE', #3520, .T. ) ;
#533 = B_SPLINE_SURFACE_WITH_KNOTS ( 'NONE', 3, 1, ( 
 ( #7808, #7041 ),
 ( #1376, #682 ),
 ( #3533, #5669 ),
 ( #8512, #1423 ),
 ( #3579, #3706 ),
 ( #2355, #3667 ),
 ( #1470, #2219 ),
 ( #8028, #8697 ),
 ( #173, #8556 ),
 ( #5714, #7184 ),
 ( #728, #7852 ),
 ( #5854, #5805 ),
 ( #5055, #777 ),
 ( #866, #2880 ),
 ( #2175, #4321 ),
 ( #2975, #2268 ),
 ( #8604, #5014 ),
 ( #127, #3067 ),
 ( #7902, #2311 ) ),
 .UNSPECIFIED., .F., .F., .F.,
 ( 4, 1, 1, 1, 1, 1, 1, 1, 1, 1, 1, 1, 1, 1, 1, 1, 4 ),
 ( 2, 2 ),
 ( 0.000000000000000000, 0.06335343325915822332, 0.1250164064091084659, 0.1859310753290185636, 0.2459211931907862858, 0.3060070524856319807, 0.3662169449209510819, 0.4268881915774920821, 0.4886145999380950289, 0.5506434113024281096, 0.6126229112579313352, 0.6745471358170799236, 0.7371138530732050942, 0.8006446392797548217, 0.8658699784627438278, 0.9320058594313835876, 1.000000000000000000 ),
 ( 0.000000000000000000, 1.000000000000000000 ),
 .UNSPECIFIED. ) ;
#534 = CARTESIAN_POINT ( 'NONE',  ( -18.72042271772914646, -2.972475680457312031, -0.1000000000000000056 ) ) ;
#535 = UNCERTAINTY_MEASURE_WITH_UNIT (LENGTH_MEASURE( 1.000000000000000082E-05 ), #1176, 'distance_accuracy_value', 'NONE');
#536 = DIRECTION ( 'NONE',  ( 1.000000000000000000, 0.000000000000000000, 0.000000000000000000 ) ) ;
#537 = CARTESIAN_POINT ( 'NONE',  ( -19.87500209550502461, 3.019232253218170126, -0.1000000000000000056 ) ) ;
#538 = CARTESIAN_POINT ( 'NONE',  ( -19.59168788729711608, -1.335124416351318732, 0.000000000000000000 ) ) ;
#539 = CARTESIAN_POINT ( 'NONE',  ( -18.41871891620819213, -1.440083633723454382, -0.1000000000000000056 ) ) ;
#540 = EDGE_CURVE ( 'NONE', #1707, #1868, #1599, .T. ) ;
#541 = EDGE_CURVE ( 'NONE', #2969, #4769, #5936, .T. ) ;
#542 = CARTESIAN_POINT ( 'NONE',  ( -19.74311551836045098, 4.224727501584736977, -0.1000000000000000056 ) ) ;
#543 = CARTESIAN_POINT ( 'NONE',  ( -18.13603465560955286, -1.126315057893871430, -0.1000000000000000056 ) ) ;
#544 = CARTESIAN_POINT ( 'NONE',  ( -18.10687864759171362, 3.332794793446856918, 0.000000000000000000 ) ) ;
#545 = ADVANCED_FACE ( 'NONE', ( #5237 ), #1692, .T. ) ;
#546 = PRESENTATION_STYLE_ASSIGNMENT (( #1243 ) ) ;
#547 =( LENGTH_UNIT ( ) NAMED_UNIT ( * ) SI_UNIT ( .MILLI., .METRE. ) );
#548 = CARTESIAN_POINT ( 'NONE',  ( -19.86697954633439522, -0.3467230224609372802, 0.000000000000000000 ) ) ;
#549 =( NAMED_UNIT ( * ) SI_UNIT ( $, .STERADIAN. ) SOLID_ANGLE_UNIT ( ) );
#550 = EDGE_CURVE ( 'NONE', #1823, #2803, #7749, .T. ) ;
#551 = CARTESIAN_POINT ( 'NONE',  ( -18.08119546074275519, 1.929449412027993915, 0.000000000000000000 ) ) ;
#552 = CARTESIAN_POINT ( 'NONE',  ( -19.09065594597316462, 0.8823473572089748362, -0.1000000000000000056 ) ) ;
#553 = ORIENTED_EDGE ( 'NONE', *, *, #3681, .T. ) ;
#554 = SURFACE_STYLE_USAGE ( .BOTH. , #1955 ) ;
#555 = CARTESIAN_POINT ( 'NONE',  ( -19.69361766170684902, 2.176787198693421743, 0.000000000000000000 ) ) ;
#556 = CARTESIAN_POINT ( 'NONE',  ( -19.09258504277726232, -0.9710836895441161687, -0.1000000000000000056 ) ) ;
#557 = CARTESIAN_POINT ( 'NONE',  ( -19.20390658096726710, 3.042885245656838933, 0.000000000000000000 ) ) ;
#558 = CARTESIAN_POINT ( 'NONE',  ( -18.72166993278865377, -2.941928793589275060, 0.000000000000000000 ) ) ;
#559 = CARTESIAN_POINT ( 'NONE',  ( -19.18976792709743506, 3.247997146459014495, 0.000000000000000000 ) ) ;
#560 = DIRECTION ( 'NONE',  ( -0.000000000000000000, -0.000000000000000000, -1.000000000000000000 ) ) ;
#561 = LINE ( 'NONE', #4154, #9069 ) ;
#562 = ORIENTED_EDGE ( 'NONE', *, *, #5535, .F. ) ;
#563 = CARTESIAN_POINT ( 'NONE',  ( -20.11002305806498924, -0.8812320341059820539, -0.1000000000000000056 ) ) ;
#564 = CARTESIAN_POINT ( 'NONE',  ( -18.38258111257201932, -4.175232627234126248, 0.000000000000000000 ) ) ;
#565 = CARTESIAN_POINT ( 'NONE',  ( -19.86697954633439167, -2.324328409830729303, 0.000000000000000000 ) ) ;
#566 = CARTESIAN_POINT ( 'NONE',  ( -2.540000000000000036, -8.406000000000007688, 3.000000000000000000 ) ) ;
#567 = CARTESIAN_POINT ( 'NONE',  ( -19.33886901675268533, -4.088041006724040471, -0.1000000000000000056 ) ) ;
#568 = FACE_OUTER_BOUND ( 'NONE', #5226, .T. ) ;
#569 = CARTESIAN_POINT ( 'NONE',  ( -19.05795916059220119, 0.8836621475219728072, 0.000000000000000000 ) ) ;
#570 = VERTEX_POINT ( 'NONE', #6874 ) ;
#571 = CARTESIAN_POINT ( 'NONE',  ( -18.24085958759604509, -0.3340333975192067983, 0.000000000000000000 ) ) ;
#572 = CARTESIAN_POINT ( 'NONE',  ( -18.40743657848208770, 1.777584114426168371, -0.1000000000000000056 ) ) ;
#573 = AXIS2_PLACEMENT_3D ( 'NONE', #8702, #1611, #2320 ) ;
#574 = CARTESIAN_POINT ( 'NONE',  ( -19.02864900624958722, 4.200166769040226455, 0.000000000000000000 ) ) ;
#575 = CARTESIAN_POINT ( 'NONE',  ( -19.33886901675268533, -4.088041006724040471, 0.000000000000000000 ) ) ;
#576 = CARTESIAN_POINT ( 'NONE',  ( -18.98313116343242868, -2.992870482629910622, -0.1000000000000000056 ) ) ;
#577 = CARTESIAN_POINT ( 'NONE',  ( -18.75181625652377448, -3.730051611565518233, -0.1000000000000000056 ) ) ;
#578 = VERTEX_POINT ( 'NONE', #1965 ) ;
#579 = ORIENTED_EDGE ( 'NONE', *, *, #2196, .T. ) ;
#580 = CARTESIAN_POINT ( 'NONE',  ( -18.60537973941753975, -3.114352948643992924, -0.1000000000000000056 ) ) ;
#581 = CIRCLE ( 'NONE', #5795, 0.2999999999999999334 ) ;
#582 = STYLED_ITEM ( 'NONE', ( #3971 ), #6766 ) ;
#583 = CARTESIAN_POINT ( 'NONE',  ( -20.11016722181046390, 3.590429261525469595, 2.710505431213761085E-17 ) ) ;
#584 = CARTESIAN_POINT ( 'NONE',  ( -22.50000000000000000, 10.44500000000000028, 3.000000000000000000 ) ) ;
#585 = CARTESIAN_POINT ( 'NONE',  ( -19.85694705147151495, -1.173801898956299050, 1.355252715606880543E-17 ) ) ;
#586 = DIRECTION ( 'NONE',  ( -0.000000000000000000, -0.000000000000000000, 1.000000000000000000 ) ) ;
#587 = CARTESIAN_POINT ( 'NONE',  ( -18.12540733804141269, -1.169982505325806166, -0.1000000000000000056 ) ) ;
#588 = VECTOR ( 'NONE', #7710, 1000.000000000000000 ) ;
#589 = CARTESIAN_POINT ( 'NONE',  ( -18.36789316504813030, 1.996476020748247038, 0.000000000000000000 ) ) ;
#590 = SURFACE_STYLE_USAGE ( .BOTH. , #5678 ) ;
#591 = STYLED_ITEM ( 'NONE', ( #3387 ), #5703 ) ;
#592 = CARTESIAN_POINT ( 'NONE',  ( -20.10851361746178512, -0.1937284944099172956, -0.1000000000000000056 ) ) ;
#593 = CARTESIAN_POINT ( 'NONE',  ( -19.33480733500524451, -1.520807513851532011, -0.1000000000000000056 ) ) ;
#594 = CARTESIAN_POINT ( 'NONE',  ( -18.79825935816133509, -4.192636269301550200, -0.1000000000000000056 ) ) ;
#595 = CARTESIAN_POINT ( 'NONE',  ( -19.17064552095162711, 0.8378657356823441260, -0.1000000000000000056 ) ) ;
#596 = ORIENTED_EDGE ( 'NONE', *, *, #8269, .T. ) ;
#597 = STYLED_ITEM ( 'NONE', ( #7932 ), #3274 ) ;
#598 = DIRECTION ( 'NONE',  ( -0.000000000000000000, -0.000000000000000000, -1.000000000000000000 ) ) ;
#599 = CARTESIAN_POINT ( 'NONE',  ( -18.66824981453238763, -1.143268512187079144, -0.1000000000000000056 ) ) ;
#600 = CARTESIAN_POINT ( 'NONE',  ( -20.11016722181046745, -0.8904842440287276117, 0.000000000000000000 ) ) ;
#601 = STYLED_ITEM ( 'NONE', ( #3729 ), #5971 ) ;
#602 = SURFACE_SIDE_STYLE ('',( #9181 ) ) ;
#603 = CARTESIAN_POINT ( 'NONE',  ( -19.80196897962296276, -3.483282216389974373, 0.000000000000000000 ) ) ;
#604 = CARTESIAN_POINT ( 'NONE',  ( -18.69232616300708116, -3.045597334411904722, 0.000000000000000000 ) ) ;
#605 = CARTESIAN_POINT ( 'NONE',  ( -19.15954104157178151, 3.290663783758865701, -0.1000000000000000056 ) ) ;
#606 = EDGE_CURVE ( 'NONE', #578, #6785, #4019, .T. ) ;
#607 = CARTESIAN_POINT ( 'NONE',  ( -20.07701510184501359, -0.2652680781706576729, 0.000000000000000000 ) ) ;
#608 = VECTOR ( 'NONE', #1667, 1000.000000000000000 ) ;
#609 = SURFACE_STYLE_USAGE ( .BOTH. , #6823 ) ;
#610 = VERTEX_POINT ( 'NONE', #4707 ) ;
#611 = CARTESIAN_POINT ( 'NONE',  ( -18.34711266336975299, -3.391039716800825499, -0.1000000000000000056 ) ) ;
#612 = CARTESIAN_POINT ( 'NONE',  ( -19.88441778669896820, 0.03801809679747307491, -0.000000000000000000 ) ) ;
#613 = B_SPLINE_SURFACE_WITH_KNOTS ( 'NONE', 3, 1, ( 
 ( #4438, #2162 ),
 ( #7887, #7306 ),
 ( #4361, #6366 ),
 ( #7796, #1410 ),
 ( #3236, #5358 ),
 ( #8821, #289 ),
 ( #3146, #940 ),
 ( #251, #4565 ),
 ( #1781, #899 ),
 ( #6692, #7353 ),
 ( #3097, #3788 ) ),
 .UNSPECIFIED., .F., .F., .F.,
 ( 4, 1, 1, 1, 1, 1, 1, 1, 4 ),
 ( 2, 2 ),
 ( 0.000000000000000000, 0.1310432858292828184, 0.2602794438147880141, 0.3915179713767431569, 0.5246504431444306560, 0.6543480556673345605, 0.7755705844254063841, 0.8901494005975469914, 1.000000000000000000 ),
 ( 0.000000000000000000, 1.000000000000000000 ),
 .UNSPECIFIED. ) ;
#614 = AXIS2_PLACEMENT_3D ( 'NONE', #7110, #4248, #5597 ) ;
#615 = CARTESIAN_POINT ( 'NONE',  ( -19.97072604525638440, -2.313122176599783586, 0.000000000000000000 ) ) ;
#616 = PRESENTATION_STYLE_ASSIGNMENT (( #6083 ) ) ;
#617 = B_SPLINE_SURFACE_WITH_KNOTS ( 'NONE', 3, 1, ( 
 ( #9117, #2734 ),
 ( #3989, #6844 ),
 ( #5468, #9020 ),
 ( #2639, #6144 ),
 ( #8974, #2587 ),
 ( #8306, #3575 ),
 ( #2822, #7943 ),
 ( #6472, #1372 ),
 ( #83, #169 ),
 ( #2071, #4368 ),
 ( #1466, #8507 ) ),
 .UNSPECIFIED., .F., .F., .F.,
 ( 4, 1, 1, 1, 1, 1, 1, 1, 4 ),
 ( 2, 2 ),
 ( 0.000000000000000000, 0.1664877746693297633, 0.3115077802889103520, 0.4400940730803492018, 0.5571216504119713697, 0.6667079260682495789, 0.7735000327110845841, 0.8837499482804025419, 0.9999999999999998890 ),
 ( 0.000000000000000000, 1.000000000000000000 ),
 .UNSPECIFIED. ) ;
#618 = CARTESIAN_POINT ( 'NONE',  ( -19.33243470660848473, -2.695591818571395404, -0.1000000000000000056 ) ) ;
#619 = DIRECTION ( 'NONE',  ( 0.000000000000000000, 0.000000000000000000, 1.000000000000000000 ) ) ;
#620 = CARTESIAN_POINT ( 'NONE',  ( -18.24928079961690131, 1.020022521230489865, -0.1000000000000000056 ) ) ;
#621 = ORIENTED_EDGE ( 'NONE', *, *, #1111, .T. ) ;
#622 = CARTESIAN_POINT ( 'NONE',  ( -18.14550257371000086, -0.2694375574350390545, 0.000000000000000000 ) ) ;
#623 = CARTESIAN_POINT ( 'NONE',  ( -19.09046444394791564, 1.605199178059895093, -0.1000000000000000056 ) ) ;
#624 = PRESENTATION_LAYER_ASSIGNMENT (  '', '', ( #1065 ) ) ;
#625 = CARTESIAN_POINT ( 'NONE',  ( -18.27133487210599583, 1.020028051547700709, 0.000000000000000000 ) ) ;
#626 = CARTESIAN_POINT ( 'NONE',  ( -20.01532449787428902, -0.3188158622882812376, -0.1000000000000000056 ) ) ;
#627 = CARTESIAN_POINT ( 'NONE',  ( -18.84567156929378129, -3.421883347829183464, -0.1000000000000000056 ) ) ;
#628 = VERTEX_POINT ( 'NONE', #3331 ) ;
#629 = EDGE_CURVE ( 'NONE', #8256, #8541, #1742, .T. ) ;
#630 = EDGE_CURVE ( 'NONE', #4957, #8533, #6941, .T. ) ;
#631 = ORIENTED_EDGE ( 'NONE', *, *, #6141, .F. ) ;
#632 = CARTESIAN_POINT ( 'NONE',  ( 0.000000000000000000, -8.406000000000007688, 3.100000000000000089 ) ) ;
#633 = DIRECTION ( 'NONE',  ( -1.000000000000000000, 0.000000000000000000, 0.000000000000000000 ) ) ;
#634 = CARTESIAN_POINT ( 'NONE',  ( -18.31712602665879785, -4.135826985048958626, -0.1000000000000000056 ) ) ;
#635 = CARTESIAN_POINT ( 'NONE',  ( -20.10976134028496531, 3.532021182900820566, -0.1000000000000000056 ) ) ;
#636 = LINE ( 'NONE', #9210, #8804 ) ;
#637 = CARTESIAN_POINT ( 'NONE',  ( -19.06913051141696513, 0.8832129295430076743, 0.000000000000000000 ) ) ;
#638 = CARTESIAN_POINT ( 'NONE',  ( -18.25847886361972527, 2.384369889762649741, -0.1000000000000000056 ) ) ;
#639 = CARTESIAN_POINT ( 'NONE',  ( -19.42307709885156797, -3.083358942986200724, -0.1000000000000000056 ) ) ;
#640 = CARTESIAN_POINT ( 'NONE',  ( -18.90305743990942133, 0.03852478027343772538, 0.000000000000000000 ) ) ;
#641 = PRESENTATION_STYLE_ASSIGNMENT (( #2696 ) ) ;
#642 = CARTESIAN_POINT ( 'NONE',  ( -18.11284958892196428, -1.266553390581976579, 0.000000000000000000 ) ) ;
#643 = CARTESIAN_POINT ( 'NONE',  ( -19.51223052798315294, -3.069140828450521497, 1.355252715606880543E-17 ) ) ;
#644 = CARTESIAN_POINT ( 'NONE',  ( -20.10971609918597380, 1.986944655052615083, 0.000000000000000000 ) ) ;
#645 = SURFACE_STYLE_FILL_AREA ( #1337 ) ;
#646 = CYLINDRICAL_SURFACE ( 'NONE', #9074, 1.000000000000000444 ) ;
#647 = ORIENTED_EDGE ( 'NONE', *, *, #4571, .F. ) ;
#648 = ADVANCED_FACE ( 'NONE', ( #8289 ), #7764, .T. ) ;
#649 = CARTESIAN_POINT ( 'NONE',  ( -18.16686037115016816, 4.220796847108856831, -0.1000000000000000056 ) ) ;
#650 = CARTESIAN_POINT ( 'NONE',  ( -19.25850670372446771, 2.269258193152186465, 0.000000000000000000 ) ) ;
#651 = CARTESIAN_POINT ( 'NONE',  ( -20.10974128693873908, -0.8631483917756539448, 0.000000000000000000 ) ) ;
#652 = CARTESIAN_POINT ( 'NONE',  ( -19.06591622162019917, -0.9289924687492073785, -0.1000000000000000056 ) ) ;
#653 = CARTESIAN_POINT ( 'NONE',  ( -19.07160335360570969, 2.966006781260170477, 0.000000000000000000 ) ) ;
#654 = CARTESIAN_POINT ( 'NONE',  ( -18.44667818956389382, -0.7688256514506229822, -0.1000000000000000056 ) ) ;
#655 = CARTESIAN_POINT ( 'NONE',  ( -6.080000000000001847, -8.406000000000007688, -0.09999999999999982514 ) ) ;
#656 = DIRECTION ( 'NONE',  ( 0.000000000000000000, -0.000000000000000000, -1.000000000000000000 ) ) ;
#657 = EDGE_LOOP ( 'NONE', ( #729, #113, #7323, #183 ) ) ;
#659 = EDGE_CURVE ( 'NONE', #7130, #1235, #8280, .T. ) ;
#658 = STYLED_ITEM ( 'NONE', ( #3385 ), #4508 ) ;
#660 = CARTESIAN_POINT ( 'NONE',  ( -18.34197768399841522, -3.427103890187773949, -0.1000000000000000056 ) ) ;
#661 = CARTESIAN_POINT ( 'NONE',  ( -19.80196897962296276, -3.483282216389974373, 0.000000000000000000 ) ) ;
#662 = ADVANCED_FACE ( 'NONE', ( #4948 ), #6201, .T. ) ;
#663 = STYLED_ITEM ( 'NONE', ( #7219 ), #401 ) ;
#664 = LINE ( 'NONE', #883, #1520 ) ;
#665 = CARTESIAN_POINT ( 'NONE',  ( -18.64982994737486877, -3.847135242184588133, -0.1000000000000000056 ) ) ;
#666 = CARTESIAN_POINT ( 'NONE',  ( -19.46918335185741356, 3.101679177020281841, -0.1000000000000000056 ) ) ;
#667 = CARTESIAN_POINT ( 'NONE',  ( 12.50000000000000000, 0.000000000000000000, 16.00000000000000000 ) ) ;
#668 = CARTESIAN_POINT ( 'NONE',  ( -18.10687864759171362, 4.044299329121905373, 0.000000000000000000 ) ) ;
#669 = VERTEX_POINT ( 'NONE', #661 ) ;
#670 = FILL_AREA_STYLE_COLOUR ( '', #7361 ) ;
#671 = CARTESIAN_POINT ( 'NONE',  ( -18.59062473052404485, 1.659655883859915138, 0.000000000000000000 ) ) ;
#672 = DIRECTION ( 'NONE',  ( 0.000000000000000000, 0.000000000000000000, 1.000000000000000000 ) ) ;
#673 = AXIS2_PLACEMENT_3D ( 'NONE', #3698, #2305, #3149 ) ;
#674 = CARTESIAN_POINT ( 'NONE',  ( -19.96291385323578282, 4.045791009444256403, -0.1000000000000000056 ) ) ;
#675 = CIRCLE ( 'NONE', #8562, 0.5000000000000013323 ) ;
#676 = ORIENTED_EDGE ( 'NONE', *, *, #4115, .T. ) ;
#677 = ORIENTED_EDGE ( 'NONE', *, *, #6934, .T. ) ;
#678 = PLANE ( 'NONE',  #1163 ) ;
#679 = CARTESIAN_POINT ( 'NONE',  ( -18.21879974336730967, -2.938098441306122410, -0.1000000000000000056 ) ) ;
#680 = DIRECTION ( 'NONE',  ( -0.000000000000000000, 0.000000000000000000, 1.000000000000000000 ) ) ;
#681 = CARTESIAN_POINT ( 'NONE',  ( -20.01536704923873700, 3.184968357463018762, 2.710505431213761085E-17 ) ) ;
#682 = CARTESIAN_POINT ( 'NONE',  ( -20.10971819592883847, 1.925559497856180968, 0.000000000000000000 ) ) ;
#683 = CARTESIAN_POINT ( 'NONE',  ( -20.49999999999999289, -8.444999999999998508, 0.000000000000000000 ) ) ;
#684 = CARTESIAN_POINT ( 'NONE',  ( -19.39876186302462813, 2.618602881508016011, -0.1000000000000000056 ) ) ;
#685 = CARTESIAN_POINT ( 'NONE',  ( -19.48642499572146747, -3.916015650172579132, -0.000000000000000000 ) ) ;
#686 = CARTESIAN_POINT ( 'NONE',  ( -20.06442702035639059, 1.700104778732903110, 0.000000000000000000 ) ) ;
#687 = CYLINDRICAL_SURFACE ( 'NONE', #3857, 1.000000000000000444 ) ;
#688 = CYLINDRICAL_SURFACE ( 'NONE', #2396, 1.000000000000000888 ) ;
#689 = CARTESIAN_POINT ( 'NONE',  ( -18.71997954662404950, 2.249536306020340160, -0.1000000000000000056 ) ) ;
#690 = CARTESIAN_POINT ( 'NONE',  ( -19.65648994907517277, -3.827441160106387130, 0.000000000000000000 ) ) ;
#691 = B_SPLINE_SURFACE_WITH_KNOTS ( 'NONE', 3, 1, ( 
 ( #489, #583 ),
 ( #4727, #7768 ),
 ( #635, #4869 ),
 ( #1326, #2687 ),
 ( #9065, #1236 ),
 ( #2735, #7675 ),
 ( #7088, #6189 ),
 ( #6940, #6231 ),
 ( #4086, #4228 ),
 ( #3440, #681 ),
 ( #3532, #1281 ),
 ( #1982, #4132 ),
 ( #537, #6284 ),
 ( #3486, #1895 ),
 ( #3351, #6377 ),
 ( #6330, #1937 ),
 ( #8362, #5576 ),
 ( #9163, #8412 ),
 ( #3392, #8308 ) ),
 .UNSPECIFIED., .F., .F., .F.,
 ( 4, 1, 1, 1, 1, 1, 1, 1, 1, 1, 1, 1, 1, 1, 1, 1, 4 ),
 ( 2, 2 ),
 ( 0.000000000000000000, 0.06450583079245070239, 0.1257003490472282381, 0.1845603124204926448, 0.2404533103004709571, 0.2941509815605866107, 0.3456887803325744413, 0.3950683699914047664, 0.4434122827432732672, 0.5342984258742938808, 0.6178213727056326432, 0.6955579538707602483, 0.7681941770278252202, 0.8358171608293667454, 0.8963565394511299189, 0.9510006524474016176, 0.9999999999999998890 ),
 ( 0.000000000000000000, 1.000000000000000000 ),
 .UNSPECIFIED. ) ;
#692 = EDGE_CURVE ( 'NONE', #2775, #7707, #6648, .T. ) ;
#693 = CARTESIAN_POINT ( 'NONE',  ( -18.16686037115016816, 4.220796847108856831, 0.000000000000000000 ) ) ;
#694 = EDGE_CURVE ( 'NONE', #2385, #2803, #7789, .T. ) ;
#695 = CARTESIAN_POINT ( 'NONE',  ( -20.09819726337040180, 2.072848493137993131, 1.355252715606880543E-17 ) ) ;
#696 = ORIENTED_EDGE ( 'NONE', *, *, #3508, .T. ) ;
#697 = CARTESIAN_POINT ( 'NONE',  ( -20.11016722181046390, -2.130901908874511808, 0.000000000000000000 ) ) ;
#698 = CARTESIAN_POINT ( 'NONE',  ( -18.10583723952224133, 2.124195220557056896, -0.1000000000000000056 ) ) ;
#699 = CARTESIAN_POINT ( 'NONE',  ( -19.97211812172104217, 0.02722968101287282644, 0.000000000000000000 ) ) ;
#700 = CARTESIAN_POINT ( 'NONE',  ( -19.10651643572851199, 2.632526652018228219, 0.000000000000000000 ) ) ;
#701 = CARTESIAN_POINT ( 'NONE',  ( -19.80196897962296276, -3.483282216389974373, -0.1000000000000000056 ) ) ;
#702 = CARTESIAN_POINT ( 'NONE',  ( 2.540000000000004476, -8.406000000000007688, 0.000000000000000000 ) ) ;
#703 = DIRECTION ( 'NONE',  ( 0.000000000000000000, 0.000000000000000000, 1.000000000000000000 ) ) ;
#704 = ADVANCED_FACE ( 'NONE', ( #5601 ), #2621, .T. ) ;
#705 = CARTESIAN_POINT ( 'NONE',  ( -19.43558226723079230, 3.942369181315102278, 0.000000000000000000 ) ) ;
#706 = VERTEX_POINT ( 'NONE', #5088 ) ;
#707 = CARTESIAN_POINT ( 'NONE',  ( -18.48722613367854350, -3.180663144966631162, 0.000000000000000000 ) ) ;
#708 = CARTESIAN_POINT ( 'NONE',  ( -18.05551227389380031, -3.476861419677735210, -0.1000000000000000056 ) ) ;
#709 = ADVANCED_FACE ( 'NONE', ( #6599 ), #5926, .F. ) ;
#710 = CARTESIAN_POINT ( 'NONE',  ( -18.10687864759171362, -2.082745933532715199, -0.1000000000000000056 ) ) ;
#711 = CARTESIAN_POINT ( 'NONE',  ( -18.48690955299739258, 1.331914017995197819, -0.1000000000000000056 ) ) ;
#712 = CARTESIAN_POINT ( 'NONE',  ( -18.95442381360734174, -1.583930288950602616, -0.1000000000000000056 ) ) ;
#713 =( NAMED_UNIT ( * ) SI_UNIT ( $, .STERADIAN. ) SOLID_ANGLE_UNIT ( ) );
#714 = ORIENTED_EDGE ( 'NONE', *, *, #5807, .F. ) ;
#715 = CARTESIAN_POINT ( 'NONE',  ( -5.080000000000000071, -8.406000000000007688, 3.100000000000000089 ) ) ;
#716 = EDGE_CURVE ( 'NONE', #2523, #8274, #4538, .T. ) ;
#717 = CARTESIAN_POINT ( 'NONE',  ( 1.540000000000004032, -8.406000000000007688, 3.100000000000000089 ) ) ;
#718 = CARTESIAN_POINT ( 'NONE',  ( -19.69833090191900737, -3.157558432790906089, -0.1000000000000000056 ) ) ;
#719 = CARTESIAN_POINT ( 'NONE',  ( -20.10982705601517040, 3.608228001548793529, -0.1000000000000000056 ) ) ;
#720 =( LENGTH_UNIT ( ) NAMED_UNIT ( * ) SI_UNIT ( .MILLI., .METRE. ) );
#721 = ORIENTED_EDGE ( 'NONE', *, *, #3372, .F. ) ;
#722 = ORIENTED_EDGE ( 'NONE', *, *, #1304, .T. ) ;
#723 = DIRECTION ( 'NONE',  ( -0.000000000000000000, -0.000000000000000000, 1.000000000000000000 ) ) ;
#724 = CARTESIAN_POINT ( 'NONE',  ( -18.41619446829940898, -2.790441669161609628, -0.1000000000000000056 ) ) ;
#725 = UNCERTAINTY_MEASURE_WITH_UNIT (LENGTH_MEASURE( 1.000000000000000082E-05 ), #5179, 'distance_accuracy_value', 'NONE');
#726 = CARTESIAN_POINT ( 'NONE',  ( -18.10687864759171362, 3.332794793446856918, -0.1000000000000000056 ) ) ;
#727 = DIRECTION ( 'NONE',  ( 1.000000000000000000, 0.000000000000000000, 0.000000000000000000 ) ) ;
#728 = CARTESIAN_POINT ( 'NONE',  ( -19.96174249689398295, 1.530994431903278441, -0.1000000000000000056 ) ) ;
#729 = ORIENTED_EDGE ( 'NONE', *, *, #1834, .F. ) ;
#730 = CARTESIAN_POINT ( 'NONE',  ( -19.20206877810008805, 0.7795094986176662744, 0.000000000000000000 ) ) ;
#731 = CARTESIAN_POINT ( 'NONE',  ( 5.080000000000005400, -8.406000000000005912, 3.000000000000000000 ) ) ;
#732 = CARTESIAN_POINT ( 'NONE',  ( -19.49898763476416264, -3.911067797342937968, 0.000000000000000000 ) ) ;
#733 = AXIS2_PLACEMENT_3D ( 'NONE', #8885, #6799, #2500 ) ;
#734 = CARTESIAN_POINT ( 'NONE',  ( -18.36393881671773798, 1.946045063967761335, -0.000000000000000000 ) ) ;
#735 = STYLED_ITEM ( 'NONE', ( #5000 ), #8271 ) ;
#736 = STYLED_ITEM ( 'NONE', ( #1708 ), #1162 ) ;
#737 = B_SPLINE_CURVE_WITH_KNOTS ( 'NONE', 3,
 ( #6546, #8681, #1021, #202, #152, #2427, #3003, #5785, #4477, #4558, #5834 ),
 .UNSPECIFIED., .F., .F.,
 ( 4, 1, 1, 1, 1, 1, 1, 1, 4 ),
 ( 0.000000000000000000, 0.1445038918250242665, 0.2817994906783469755, 0.4136731472091026984, 0.5401592023144619059, 0.6610650352905746985, 0.7776803969070553713, 0.8908311600299231303, 1.000000000000000000 ),
 .UNSPECIFIED. ) ;
#738 = CARTESIAN_POINT ( 'NONE',  ( -19.42307709885156797, -3.083358942986200724, -0.1000000000000000056 ) ) ;
#739 = DIRECTION ( 'NONE',  ( 1.000000000000000000, 0.000000000000000000, 0.000000000000000000 ) ) ;
#740 = AXIS2_PLACEMENT_3D ( 'NONE', #8066, #7395, #990 ) ;
#741 = CARTESIAN_POINT ( 'NONE',  ( -18.14439319488221258, 4.197543939735908225, -0.1000000000000000056 ) ) ;
#742 = ORIENTED_EDGE ( 'NONE', *, *, #9087, .T. ) ;
#743 = CARTESIAN_POINT ( 'NONE',  ( -20.09683531966418357, -2.212967923694697081, 0.000000000000000000 ) ) ;
#744 = CARTESIAN_POINT ( 'NONE',  ( -19.45479736277855309, 2.250393775802476348, 0.000000000000000000 ) ) ;
#745 = CARTESIAN_POINT ( 'NONE',  ( -20.10502105058991873, -0.8370844220484419118, 0.000000000000000000 ) ) ;
#746 =( NAMED_UNIT ( * ) SI_UNIT ( $, .STERADIAN. ) SOLID_ANGLE_UNIT ( ) );
#747 = EDGE_CURVE ( 'NONE', #1417, #2228, #4794, .T. ) ;
#748 = VECTOR ( 'NONE', #6245, 1000.000000000000000 ) ;
#749 = CARTESIAN_POINT ( 'NONE',  ( -18.39248411833053964, 0.9467333016865074891, 0.000000000000000000 ) ) ;
#750 = FILL_AREA_STYLE_COLOUR ( '', #3309 ) ;
#751 = CARTESIAN_POINT ( 'NONE',  ( -18.66537184176503672, -2.817096845973401820, 0.000000000000000000 ) ) ;
#752 = VECTOR ( 'NONE', #3890, 1000.000000000000000 ) ;
#753 = LINE ( 'NONE', #5551, #3714 ) ;
#754 = ORIENTED_EDGE ( 'NONE', *, *, #72, .T. ) ;
#755 = COLOUR_RGB ( '',1.000000000000000000, 0.9607843137254902244, 0.8901960784313724950 ) ;
#756 = SURFACE_STYLE_USAGE ( .BOTH. , #7161 ) ;
#757 = CARTESIAN_POINT ( 'NONE',  ( -18.33827297894534070, -3.493040833765310715, -0.1000000000000000056 ) ) ;
#758 = CARTESIAN_POINT ( 'NONE',  ( -19.28210571296598630, -1.589560526723145850, 0.000000000000000000 ) ) ;
#759 = AXIS2_PLACEMENT_3D ( 'NONE', #4235, #8371, #7096 ) ;
#760 = CIRCLE ( 'NONE', #5357, 0.2999999999999999334 ) ;
#761 = CARTESIAN_POINT ( 'NONE',  ( -19.55857676970661885, -2.689412346602536807, 0.000000000000000000 ) ) ;
#762 = CARTESIAN_POINT ( 'NONE',  ( -19.51932378481050989, 3.194825984149532339, -0.1000000000000000056 ) ) ;
#763 = CARTESIAN_POINT ( 'NONE',  ( -4.500000000000000888, 9.797174393178823685E-16, 3.000000000000000000 ) ) ;
#764 = CARTESIAN_POINT ( 'NONE',  ( -19.10651643572851199, 2.632526652018228219, 0.000000000000000000 ) ) ;
#765 = LINE ( 'NONE', #3614, #5398 ) ;
#766 = VECTOR ( 'NONE', #414, 1000.000000000000000 ) ;
#767 = CARTESIAN_POINT ( 'NONE',  ( -2.999999999999995559, 6.294999999999998153, 6.000000000000000000 ) ) ;
#768 =( NAMED_UNIT ( * ) PLANE_ANGLE_UNIT ( ) SI_UNIT ( $, .RADIAN. ) );
#769 = CARTESIAN_POINT ( 'NONE',  ( -18.77480588385868998, -3.681539115780105398, 0.000000000000000000 ) ) ;
#770 = ORIENTED_EDGE ( 'NONE', *, *, #7918, .F. ) ;
#771 = ORIENTED_EDGE ( 'NONE', *, *, #3632, .T. ) ;
#772 = FILL_AREA_STYLE_COLOUR ( '', #9214 ) ;
#773 = COLOUR_RGB ( '',0.000000000000000000, 0.1921568627450980227, 0.6549019607843137303 ) ;
#774 = CARTESIAN_POINT ( 'NONE',  ( -18.18335344718428814, -2.984992970424891645, -0.1000000000000000056 ) ) ;
#775 = LINE ( 'NONE', #7225, #88 ) ;
#776 = CARTESIAN_POINT ( 'NONE',  ( -20.11016722181046390, -2.130901908874511808, -0.1000000000000000056 ) ) ;
#777 = CARTESIAN_POINT ( 'NONE',  ( -19.89131670961232246, 1.458963722893769743, 0.000000000000000000 ) ) ;
#778 = ORIENTED_EDGE ( 'NONE', *, *, #3012, .T. ) ;
#779 = CARTESIAN_POINT ( 'NONE',  ( -19.10651643572851199, 2.632526652018228219, -0.1000000000000000056 ) ) ;
#780 = DIRECTION ( 'NONE',  ( -0.000000000000000000, 0.000000000000000000, 1.000000000000000000 ) ) ;
#781 = CARTESIAN_POINT ( 'NONE',  ( -19.21125568209692247, 0.03852478027343772538, -0.1000000000000000056 ) ) ;
#782 = LINE ( 'NONE', #5165, #5819 ) ;
#783 = CYLINDRICAL_SURFACE ( 'NONE', #2100, 1.000000000000000444 ) ;
#784 = CARTESIAN_POINT ( 'NONE',  ( -19.52526403936544952, -1.374867803535272159, -0.1000000000000000056 ) ) ;
#785 = SURFACE_SIDE_STYLE ('',( #4335 ) ) ;
#786 = FILL_AREA_STYLE ('',( #4338 ) ) ;
#787 = CARTESIAN_POINT ( 'NONE',  ( -19.88441778669896820, 0.03801809679747307491, 0.000000000000000000 ) ) ;
#788 = CARTESIAN_POINT ( 'NONE',  ( -18.41507688977921475, 4.052325325012205326, 0.000000000000000000 ) ) ;
#789 = CARTESIAN_POINT ( 'NONE',  ( -19.66592834928238531, 1.323888022104898310, 0.000000000000000000 ) ) ;
#790 = UNCERTAINTY_MEASURE_WITH_UNIT (LENGTH_MEASURE( 1.000000000000000082E-05 ), #6230, 'distance_accuracy_value', 'NONE');
#791 = SURFACE_STYLE_FILL_AREA ( #4293 ) ;
#792 = CARTESIAN_POINT ( 'NONE',  ( 20.50000000000000355, 9.797174393178825657E-16, 16.00000000000000000 ) ) ;
#793 = DIRECTION ( 'NONE',  ( -1.000000000000000000, 0.000000000000000000, 0.000000000000000000 ) ) ;
#794 = DIRECTION ( 'NONE',  ( -0.000000000000000000, 0.000000000000000000, 1.000000000000000000 ) ) ;
#795 = ORIENTED_EDGE ( 'NONE', *, *, #4141, .T. ) ;
#796 = CARTESIAN_POINT ( 'NONE',  ( -19.26281818355381503, 3.917800448801757707, -0.1000000000000000056 ) ) ;
#797 = EDGE_CURVE ( 'NONE', #7382, #7626, #915, .T. ) ;
#798 = DIRECTION ( 'NONE',  ( -1.000000000000000000, 0.000000000000000000, -0.000000000000000000 ) ) ;
#799 = ADVANCED_FACE ( 'NONE', ( #7599 ), #461, .T. ) ;
#800 = CARTESIAN_POINT ( 'NONE',  ( -19.52526403936544952, -1.374867803535272159, 0.000000000000000000 ) ) ;
#801 = COLOUR_RGB ( '',1.000000000000000000, 0.9607843137254902244, 0.8901960784313724950 ) ;
#802 = ORIENTED_EDGE ( 'NONE', *, *, #1189, .F. ) ;
#803 = DIRECTION ( 'NONE',  ( -0.000000000000000000, -0.000000000000000000, 1.000000000000000000 ) ) ;
#804 = CARTESIAN_POINT ( 'NONE',  ( -19.47526864892123299, 3.127847083856355681, -0.1000000000000000056 ) ) ;
#805 = CARTESIAN_POINT ( 'NONE',  ( -18.31473825908644670, -0.8444035786909709351, -0.1000000000000000056 ) ) ;
#806 = CIRCLE ( 'NONE', #6027, 1.999999999999999556 ) ;
#807 = CARTESIAN_POINT ( 'NONE',  ( -18.65063986915950522, -0.7319708251953128686, -0.1000000000000000056 ) ) ;
#808 = CARTESIAN_POINT ( 'NONE',  ( -19.50000000000000355, 8.572527594031474176E-16, 16.00000000000000000 ) ) ;
#809 = CARTESIAN_POINT ( 'NONE',  ( -18.18335344718428814, -2.984992970424891645, -0.1000000000000000056 ) ) ;
#810 = EDGE_CURVE ( 'NONE', #2912, #4537, #4684, .T. ) ;
#811 = LINE ( 'NONE', #3478, #588 ) ;
#812 = CARTESIAN_POINT ( 'NONE',  ( -19.48642499572146747, -3.916015650172579132, -0.1000000000000000056 ) ) ;
#813 = CARTESIAN_POINT ( 'NONE',  ( -19.43558226723079230, 3.942369181315102278, 0.000000000000000000 ) ) ;
#814 = ORIENTED_EDGE ( 'NONE', *, *, #6997, .F. ) ;
#815 = PLANE ( 'NONE',  #5144 ) ;
#816 = UNCERTAINTY_MEASURE_WITH_UNIT (LENGTH_MEASURE( 1.000000000000000082E-05 ), #2316, 'distance_accuracy_value', 'NONE');
#817 = CARTESIAN_POINT ( 'NONE',  ( -18.59350481878557204, -4.224740931017870516, -0.1000000000000000056 ) ) ;
#818 = CARTESIAN_POINT ( 'NONE',  ( -19.13914245259985591, -1.067082963931367923, 0.000000000000000000 ) ) ;
#819 = LINE ( 'NONE', #3625, #4755 ) ;
#820 = ORIENTED_EDGE ( 'NONE', *, *, #1286, .T. ) ;
#821 = STYLED_ITEM ( 'NONE', ( #8869 ), #449 ) ;
#822 = CARTESIAN_POINT ( 'NONE',  ( -18.35145187581038329, 4.220704031452712002, 0.000000000000000000 ) ) ;
#823 = ADVANCED_FACE ( 'NONE', ( #2044 ), #1199, .T. ) ;
#824 = AXIS2_PLACEMENT_3D ( 'NONE', #566, #1309, #4664 ) ;
#825 = CARTESIAN_POINT ( 'NONE',  ( -19.42995699150785427, -3.943235583640141151, 0.000000000000000000 ) ) ;
#826 = CARTESIAN_POINT ( 'NONE',  ( -19.85665548680189119, -0.7214493537310546767, -0.1000000000000000056 ) ) ;
#827 = B_SPLINE_CURVE_WITH_KNOTS ( 'NONE', 3,
 ( #3538, #134, #5768, #4459, #1430, #8610, #828, #873, #6436, #7141, #4415, #8704, #7193, #4329, #5866, #2986, #1478, #8566, #6384 ),
 .UNSPECIFIED., .F., .F.,
 ( 4, 1, 1, 1, 1, 1, 1, 1, 1, 1, 1, 1, 1, 1, 1, 1, 4 ),
 ( 0.000000000000000000, 0.06819445039611969628, 0.1337604984181151868, 0.1976841348832744927, 0.2602900130661454092, 0.3215916863063495446, 0.3818798919928519942, 0.4419323108891064500, 0.5014036694294476959, 0.5611379963023768180, 0.6208926775134955278, 0.6805545771674575972, 0.7417106038346986674, 0.8038681233347134691, 0.8671096104850670727, 0.9323885804212804773, 1.000000000000000000 ),
 .UNSPECIFIED. ) ;
#828 = CARTESIAN_POINT ( 'NONE',  ( -18.27554525391818885, 1.459621046358205998, 0.000000000000000000 ) ) ;
#829 = LINE ( 'NONE', #5122, #7756 ) ;
#830 = EDGE_CURVE ( 'NONE', #2161, #3252, #7732, .T. ) ;
#831 = CARTESIAN_POINT ( 'NONE',  ( -18.60771238126736193, 2.225851540758575275, -0.1000000000000000056 ) ) ;
#832 = CARTESIAN_POINT ( 'NONE',  ( -19.13358201143107351, 3.843744442782654147, 0.000000000000000000 ) ) ;
#833 = CARTESIAN_POINT ( 'NONE',  ( -18.19492095390114272, 4.236662680153434835, 0.000000000000000000 ) ) ;
#834 = EDGE_CURVE ( 'NONE', #3188, #1653, #2708, .T. ) ;
#835 = CARTESIAN_POINT ( 'NONE',  ( -20.01341006449763782, -2.297766017244464720, 0.000000000000000000 ) ) ;
#836 = CARTESIAN_POINT ( 'NONE',  ( -18.34941839419621346, -4.156536443180423923, -0.1000000000000000056 ) ) ;
#837 = CARTESIAN_POINT ( 'NONE',  ( -18.53626942772273622, -2.768165982564291028, 0.000000000000000000 ) ) ;
#838 = FILL_AREA_STYLE ('',( #2283 ) ) ;
#839 = EDGE_CURVE ( 'NONE', #3554, #2350, #5273, .T. ) ;
#840 = DIRECTION ( 'NONE',  ( 0.000000000000000000, 0.000000000000000000, 1.000000000000000000 ) ) ;
#841 = CARTESIAN_POINT ( 'NONE',  ( -19.82745948219602283, 1.948856909508591695, -0.1000000000000000056 ) ) ;
#842 = ORIENTED_EDGE ( 'NONE', *, *, #8157, .T. ) ;
#843 = CARTESIAN_POINT ( 'NONE',  ( -19.03200975167560571, 3.616682261672305554, -0.1000000000000000056 ) ) ;
#844 = CARTESIAN_POINT ( 'NONE',  ( -18.81292706762182831, -1.170191532725643802, -0.1000000000000000056 ) ) ;
#845 = FILL_AREA_STYLE ('',( #153 ) ) ;
#846 = ORIENTED_EDGE ( 'NONE', *, *, #6398, .T. ) ;
#847 = B_SPLINE_CURVE_WITH_KNOTS ( 'NONE', 3,
 ( #3028, #344, #1608, #4625, #957, #3208, #5902, #913, #5948, #6706, #2406 ),
 .UNSPECIFIED., .F., .F.,
 ( 4, 1, 1, 1, 1, 1, 1, 1, 4 ),
 ( 0.000000000000000000, 0.1633466419797980074, 0.3066913266864577658, 0.4345989141071393558, 0.5476893777153222231, 0.6552956344685770818, 0.7615750495759896488, 0.8747651816497119537, 1.000000000000000000 ),
 .UNSPECIFIED. ) ;
#848 = CARTESIAN_POINT ( 'NONE',  ( -19.73872321815970565, 1.732537502672945928, -0.1000000000000000056 ) ) ;
#849 = CARTESIAN_POINT ( 'NONE',  ( -20.04733910443078315, -3.097375116759701452, 0.000000000000000000 ) ) ;
#850 = EDGE_CURVE ( 'NONE', #1868, #2567, #6301, .T. ) ;
#851 = PRODUCT ( 'ultrasonic_hysrf05', 'ultrasonic_hysrf05', '', ( #986 ) ) ;
#852 = CARTESIAN_POINT ( 'NONE',  ( -19.04163038808605890, 2.970270162161372074, -0.1000000000000000056 ) ) ;
#853 = CARTESIAN_POINT ( 'NONE',  ( -19.41159102803920788, -0.9867999023974299844, 0.000000000000000000 ) ) ;
#854 = CARTESIAN_POINT ( 'NONE',  ( -18.65063986915950522, -0.7319708251953128686, 1.355252715606880543E-17 ) ) ;
#855 = CARTESIAN_POINT ( 'NONE',  ( -18.05551227389380031, -3.476861419677735210, -0.1000000000000000056 ) ) ;
#856 = CARTESIAN_POINT ( 'NONE',  ( -19.57161661902283001, -3.075919647992757522, 0.000000000000000000 ) ) ;
#857 = SURFACE_STYLE_USAGE ( .BOTH. , #8824 ) ;
#858 = CARTESIAN_POINT ( 'NONE',  ( 20.49999999999999645, 8.444999999999998508, 3.000000000000000000 ) ) ;
#859 = ORIENTED_EDGE ( 'NONE', *, *, #8798, .F. ) ;
#860 = DIRECTION ( 'NONE',  ( -0.000000000000000000, -0.000000000000000000, -1.000000000000000000 ) ) ;
#861 = FACE_OUTER_BOUND ( 'NONE', #7083, .T. ) ;
#862 = EDGE_CURVE ( 'NONE', #7626, #2762, #1439, .T. ) ;
#863 = EDGE_CURVE ( 'NONE', #8389, #1823, #3917, .T. ) ;
#864 =( NAMED_UNIT ( * ) PLANE_ANGLE_UNIT ( ) SI_UNIT ( $, .RADIAN. ) );
#865 = CARTESIAN_POINT ( 'NONE',  ( -18.12540733804141269, -1.169982505325806166, -0.1000000000000000056 ) ) ;
#866 = CARTESIAN_POINT ( 'NONE',  ( -19.85188432461570684, 1.426791903879170986, -0.1000000000000000056 ) ) ;
#867 = EDGE_LOOP ( 'NONE', ( #5972, #425, #8656, #3827, #9159, #1849 ) ) ;
#868 = CARTESIAN_POINT ( 'NONE',  ( -20.10492075302139270, 2.030337975801288497, 1.355252715606880543E-17 ) ) ;
#869 = CARTESIAN_POINT ( 'NONE',  ( -18.54627209909214258, -3.864245750441775762, -0.1000000000000000056 ) ) ;
#870 = CARTESIAN_POINT ( 'NONE',  ( 2.540000000000004476, -8.406000000000007688, 0.000000000000000000 ) ) ;
#871 = CARTESIAN_POINT ( 'NONE',  ( 4.499999999999999112, 0.000000000000000000, 16.00000000000000000 ) ) ;
#872 = ORIENTED_EDGE ( 'NONE', *, *, #9064, .F. ) ;
#873 = CARTESIAN_POINT ( 'NONE',  ( -18.24212404777031793, 1.492384979735884132, 0.000000000000000000 ) ) ;
#874 = DIRECTION ( 'NONE',  ( -0.000000000000000000, -0.000000000000000000, -1.000000000000000000 ) ) ;
#875 = CARTESIAN_POINT ( 'NONE',  ( -19.34040989635432695, -4.124045435889738265, -0.1000000000000000056 ) ) ;
#876 = AXIS2_PLACEMENT_3D ( 'NONE', #5422, #8358, #5616 ) ;
#877 = CARTESIAN_POINT ( 'NONE',  ( -19.69542316463639864, 3.876987169119121113, 0.000000000000000000 ) ) ;
#878 = VECTOR ( 'NONE', #443, 1000.000000000000000 ) ;
#879 = PLANE ( 'NONE',  #8931 ) ;
#880 = EDGE_CURVE ( 'NONE', #7035, #3, #5509, .T. ) ;
#881 = CARTESIAN_POINT ( 'NONE',  ( -18.69007243453957656, -2.843185233033041825, -0.1000000000000000056 ) ) ;
#882 = EDGE_CURVE ( 'NONE', #6508, #4702, #5914, .T. ) ;
#883 = CARTESIAN_POINT ( 'NONE',  ( -19.49898763476416264, -3.911067797342937968, -0.1000000000000000056 ) ) ;
#884 = MECHANICAL_DESIGN_GEOMETRIC_PRESENTATION_REPRESENTATION (  '', ( #5338 ), #2375 ) ;
#885 =( LENGTH_UNIT ( ) NAMED_UNIT ( * ) SI_UNIT ( .MILLI., .METRE. ) );
#886 = FILL_AREA_STYLE_COLOUR ( '', #8937 ) ;
#887 = ORIENTED_EDGE ( 'NONE', *, *, #7833, .F. ) ;
#888 = EDGE_LOOP ( 'NONE', ( #4065, #1048, #502, #1275 ) ) ;
#889 = FACE_OUTER_BOUND ( 'NONE', #2776, .T. ) ;
#890 = CARTESIAN_POINT ( 'NONE',  ( -19.54246156057991968, -3.069773450609912580, -0.1000000000000000056 ) ) ;
#891 = CARTESIAN_POINT ( 'NONE',  ( -19.80716850779046467, 2.053975455358346469, -0.1000000000000000056 ) ) ;
#892 = ADVANCED_FACE ( 'NONE', ( #3725 ), #6358, .T. ) ;
#893 = ORIENTED_EDGE ( 'NONE', *, *, #8081, .T. ) ;
#894 = CARTESIAN_POINT ( 'NONE',  ( -19.18192969141606952, -3.590087258588215757, -0.1000000000000000056 ) ) ;
#895 =( NAMED_UNIT ( * ) PLANE_ANGLE_UNIT ( ) SI_UNIT ( $, .RADIAN. ) );
#896 = DIRECTION ( 'NONE',  ( -0.000000000000000000, -0.000000000000000000, -1.000000000000000000 ) ) ;
#897 = VECTOR ( 'NONE', #7456, 1000.000000000000000 ) ;
#898 = FACE_OUTER_BOUND ( 'NONE', #2938, .T. ) ;
#899 = CARTESIAN_POINT ( 'NONE',  ( -19.58282237092466715, -4.259318086769810385, 0.000000000000000000 ) ) ;
#900 = CARTESIAN_POINT ( 'NONE',  ( -18.05696646916399928, -3.390120074878027356, -0.1000000000000000056 ) ) ;
#901 =( LENGTH_UNIT ( ) NAMED_UNIT ( * ) SI_UNIT ( .MILLI., .METRE. ) );
#902 =( NAMED_UNIT ( * ) PLANE_ANGLE_UNIT ( ) SI_UNIT ( $, .RADIAN. ) );
#903 = CARTESIAN_POINT ( 'NONE',  ( -19.21433751532838841, 3.897570273126615081, 0.000000000000000000 ) ) ;
#904 = AXIS2_PLACEMENT_3D ( 'NONE', #2931, #6426, #6567 ) ;
#905 = ORIENTED_EDGE ( 'NONE', *, *, #8720, .F. ) ;
#906 = VECTOR ( 'NONE', #2745, 1000.000000000000000 ) ;
#907 = CARTESIAN_POINT ( 'NONE',  ( -18.76977844069392276, 1.622552916482236762, 0.000000000000000000 ) ) ;
#908 = LINE ( 'NONE', #3704, #6494 ) ;
#909 = CARTESIAN_POINT ( 'NONE',  ( -18.14888636828996127, -1.084761868821189745, -0.1000000000000000056 ) ) ;
#910 = AXIS2_PLACEMENT_3D ( 'NONE', #8653, #2825, #172 ) ;
#911 = DIRECTION ( 'NONE',  ( 0.000000000000000000, 1.000000000000000000, 0.000000000000000000 ) ) ;
#912 = AXIS2_PLACEMENT_3D ( 'NONE', #6428, #8559, #7042 ) ;
#913 = CARTESIAN_POINT ( 'NONE',  ( -18.19492095390114272, 4.236662680153434835, 0.000000000000000000 ) ) ;
#914 = CARTESIAN_POINT ( 'NONE',  ( -18.46016978697587518, -3.826920102969535442, -0.1000000000000000056 ) ) ;
#915 = B_SPLINE_CURVE_WITH_KNOTS ( 'NONE', 3,
 ( #1771, #4744, #1825, #370, #7645, #7555, #1069, #2477, #4700, #5490, #6819, #5310, #8235, #6910, #1871, #8281, #3406, #1910, #8327, #7513, #1155, #2655, #6957, #8143, #9037, #1110, #6774 ),
 .UNSPECIFIED., .F., .F.,
 ( 4, 1, 1, 1, 1, 1, 1, 1, 1, 1, 1, 1, 1, 1, 1, 1, 1, 1, 1, 1, 1, 1, 1, 1, 4 ),
 ( 0.000000000000000000, 0.03954210681344171030, 0.07820219236775849403, 0.1161470572547766700, 0.1535530712087758431, 0.1907114202332718944, 0.2277279744460519451, 0.2651078234837029313, 0.3025922226048526897, 0.3405241931359190288, 0.3780477234368809780, 0.4161421649315614757, 0.4547690203548311882, 0.4939382266719140047, 0.5339965628090455052, 0.5752046428828238023, 0.6177445243678719722, 0.6613239180574975729, 0.7057853923806577390, 0.7512760747587184929, 0.7981973511255984199, 0.8460311338199594244, 0.8956568541560698815, 0.9471832004610982736, 1.000000000000000000 ),
 .UNSPECIFIED. ) ;
#916 = CARTESIAN_POINT ( 'NONE',  ( -20.02264234627830319, -3.917666150427725924, 0.000000000000000000 ) ) ;
#917 = ADVANCED_FACE ( 'NONE', ( #6631 ), #7827, .F. ) ;
#918 = CARTESIAN_POINT ( 'NONE',  ( -18.66974818125608593, 2.593668212188491751, -0.1000000000000000056 ) ) ;
#919 = EDGE_CURVE ( 'NONE', #328, #1112, #462, .T. ) ;
#920 = EDGE_LOOP ( 'NONE', ( #4253, #5756, #7348, #4659 ) ) ;
#921 = MECHANICAL_DESIGN_GEOMETRIC_PRESENTATION_REPRESENTATION (  '', ( #5682 ), #3453 ) ;
#922 = VERTEX_POINT ( 'NONE', #6062 ) ;
#923 = B_SPLINE_CURVE_WITH_KNOTS ( 'NONE', 3,
 ( #2746, #1483, #784, #7726, #3636, #6490, #593, #3452, #99, #2941, #6295, #9128, #5588, #8422, #2038 ),
 .UNSPECIFIED., .F., .F.,
 ( 4, 1, 1, 1, 1, 1, 1, 1, 1, 1, 1, 1, 4 ),
 ( 0.000000000000000000, 0.1291033786422653429, 0.2441426434766920395, 0.3462024750724035926, 0.4346600576605188504, 0.5126693494362447590, 0.5849445756870438329, 0.6514981264037603692, 0.7135209959564828841, 0.7761447469526167042, 0.8439525286289458750, 0.9186818151574834834, 0.9999999999999998890 ),
 .UNSPECIFIED. ) ;
#924 = CARTESIAN_POINT ( 'NONE',  ( 20.49999999999999645, 8.444999999999998508, 3.000000000000000000 ) ) ;
#925 = SURFACE_STYLE_USAGE ( .BOTH. , #8891 ) ;
#926 = CARTESIAN_POINT ( 'NONE',  ( -19.33886901675268533, -4.088041006724040471, -0.1000000000000000056 ) ) ;
#927 = CARTESIAN_POINT ( 'NONE',  ( -18.66537184176503672, -2.817096845973401820, 0.000000000000000000 ) ) ;
#928 = CARTESIAN_POINT ( 'NONE',  ( -18.35160598497116879, 1.401428877245353144, -0.1000000000000000056 ) ) ;
#929 = EDGE_LOOP ( 'NONE', ( #496, #2478, #3000, #8443, #8100, #1013, #5376, #4128 ) ) ;
#930 =( LENGTH_UNIT ( ) NAMED_UNIT ( * ) SI_UNIT ( .MILLI., .METRE. ) );
#931 = FILL_AREA_STYLE ('',( #2952 ) ) ;
#932 = ORIENTED_EDGE ( 'NONE', *, *, #8314, .T. ) ;
#933 = CARTESIAN_POINT ( 'NONE',  ( -19.82708479948694347, 1.969428031061269513, 1.355252715606880543E-17 ) ) ;
#934 = ORIENTED_EDGE ( 'NONE', *, *, #3302, .T. ) ;
#935 = CARTESIAN_POINT ( 'NONE',  ( -2.540000000000000036, -8.406000000000007688, 0.000000000000000000 ) ) ;
#936 = CARTESIAN_POINT ( 'NONE',  ( -20.02816653647867895, -3.051214815096173982, 0.000000000000000000 ) ) ;
#937 = CARTESIAN_POINT ( 'NONE',  ( -19.13914245259985591, -1.067082963931367923, -0.1000000000000000056 ) ) ;
#938 = EDGE_CURVE ( 'NONE', #4316, #7427, #3907, .T. ) ;
#939 = CARTESIAN_POINT ( 'NONE',  ( -19.35625438807534593, -1.033986697313229453, -0.1000000000000000056 ) ) ;
#940 = CARTESIAN_POINT ( 'NONE',  ( -19.71457996577061778, -4.217072851169334946, 0.000000000000000000 ) ) ;
#941 = CARTESIAN_POINT ( 'NONE',  ( -18.65063986915950522, -0.7319708251953128686, -0.1000000000000000056 ) ) ;
#942 = STYLED_ITEM ( 'NONE', ( #7933 ), #3715 ) ;
#943 = B_SPLINE_CURVE_WITH_KNOTS ( 'NONE', 3,
 ( #4585, #8622, #1709, #7451, #5378, #5333, #7202, #350, #6754, #6711, #7371, #8172, #2237, #7493, #3852, #8928, #8216, #1851, #963 ),
 .UNSPECIFIED., .F., .F.,
 ( 4, 1, 1, 1, 1, 1, 1, 1, 1, 1, 1, 1, 1, 1, 1, 1, 4 ),
 ( 0.000000000000000000, 0.08001952532404786600, 0.1567723552351563132, 0.2298064684519448564, 0.3003103663417418523, 0.3678432436751490342, 0.4334956367244707787, 0.4980274256210861505, 0.5614147804807703146, 0.6224280272064023345, 0.6805249023635890904, 0.7358515071489912795, 0.7891494952270388108, 0.8415352667228044314, 0.8932596061118520669, 0.9456453776076121365, 1.000000000000000000 ),
 .UNSPECIFIED. ) ;
#944 = FACE_OUTER_BOUND ( 'NONE', #32, .T. ) ;
#945 = EDGE_CURVE ( 'NONE', #4769, #5652, #5217, .T. ) ;
#946 = DIRECTION ( 'NONE',  ( -1.000000000000000000, 0.000000000000000000, 0.000000000000000000 ) ) ;
#947 = VERTEX_POINT ( 'NONE', #4550 ) ;
#948 = CARTESIAN_POINT ( 'NONE',  ( -20.08665296628051777, 3.793324916837998551, 0.000000000000000000 ) ) ;
#949 =( GEOMETRIC_REPRESENTATION_CONTEXT ( 3 ) GLOBAL_UNCERTAINTY_ASSIGNED_CONTEXT ( ( #4178 ) ) GLOBAL_UNIT_ASSIGNED_CONTEXT ( ( #979, #3085, #1017 ) ) REPRESENTATION_CONTEXT ( 'NONE', 'WORKASPACE' ) );
#950 = CARTESIAN_POINT ( 'NONE',  ( -18.19830978580295167, -2.294538774921230040, -0.1000000000000000056 ) ) ;
#951 = CARTESIAN_POINT ( 'NONE',  ( -19.81660243018259493, 1.851871006815907883, -0.1000000000000000056 ) ) ;
#952 = ADVANCED_FACE ( 'NONE', ( #6761 ), #317, .T. ) ;
#953 = CARTESIAN_POINT ( 'NONE',  ( -19.75069316590477086, 3.344688240829602588, 0.000000000000000000 ) ) ;
#954 = EDGE_LOOP ( 'NONE', ( #8124, #5311, #1041, #4992 ) ) ;
#955 = CARTESIAN_POINT ( 'NONE',  ( -18.41507688977921475, 4.052325325012205326, -0.1000000000000000056 ) ) ;
#956 = VECTOR ( 'NONE', #5546, 1000.000000000000000 ) ;
#957 = CARTESIAN_POINT ( 'NONE',  ( -18.12731484407839133, 4.167840111844263618, 0.000000000000000000 ) ) ;
#958 = CARTESIAN_POINT ( 'NONE',  ( -18.56957731066747996, -3.865319620768230546, -0.1000000000000000056 ) ) ;
#959 = LINE ( 'NONE', #6666, #8034 ) ;
#960 = AXIS2_PLACEMENT_3D ( 'NONE', #5372, #2450, #2633 ) ;
#961 = ORIENTED_EDGE ( 'NONE', *, *, #3655, .F. ) ;
#962 = CARTESIAN_POINT ( 'NONE',  ( -18.52328770738523289, -3.860004513831261530, 0.000000000000000000 ) ) ;
#963 = CARTESIAN_POINT ( 'NONE',  ( -19.51223052798315294, -3.069140828450521497, 0.000000000000000000 ) ) ;
#964 = PRESENTATION_STYLE_ASSIGNMENT (( #3990 ) ) ;
#965 = PRESENTATION_LAYER_ASSIGNMENT (  '', '', ( #7666 ) ) ;
#966 = ADVANCED_FACE ( 'NONE', ( #5386 ), #1878, .T. ) ;
#967 = LINE ( 'NONE', #1759, #3215 ) ;
#968 = CARTESIAN_POINT ( 'NONE',  ( -19.48552994790466641, 1.274586147744287468, -0.1000000000000000056 ) ) ;
#969 = DIRECTION ( 'NONE',  ( -0.000000000000000000, -0.000000000000000000, -1.000000000000000000 ) ) ;
#970 = MECHANICAL_DESIGN_GEOMETRIC_PRESENTATION_REPRESENTATION (  '', ( #8244 ), #517 ) ;
#971 = VECTOR ( 'NONE', #1277, 1000.000000000000000 ) ;
#972 = LINE ( 'NONE', #273, #7514 ) ;
#973 = UNCERTAINTY_MEASURE_WITH_UNIT (LENGTH_MEASURE( 1.000000000000000082E-05 ), #885, 'distance_accuracy_value', 'NONE');
#974 = CARTESIAN_POINT ( 'NONE',  ( -19.21125568209692247, 0.7010707410176596488, -0.1000000000000000056 ) ) ;
#975 = EDGE_CURVE ( 'NONE', #3573, #4554, #972, .T. ) ;
#976 = EDGE_CURVE ( 'NONE', #3717, #2024, #1579, .T. ) ;
#977 = LINE ( 'NONE', #7339, #8051 ) ;
#978 = ORIENTED_EDGE ( 'NONE', *, *, #4296, .F. ) ;
#979 =( LENGTH_UNIT ( ) NAMED_UNIT ( * ) SI_UNIT ( .MILLI., .METRE. ) );
#980 = CYLINDRICAL_SURFACE ( 'NONE', #7589, 7.000000000000000000 ) ;
#981 = VERTEX_POINT ( 'NONE', #2082 ) ;
#982 =( NAMED_UNIT ( * ) PLANE_ANGLE_UNIT ( ) SI_UNIT ( $, .RADIAN. ) );
#983 = CARTESIAN_POINT ( 'NONE',  ( -19.14170910583254326, 2.272893639037486313, -0.1000000000000000056 ) ) ;
#984 = ORIENTED_EDGE ( 'NONE', *, *, #2233, .T. ) ;
#985 = CARTESIAN_POINT ( 'NONE',  ( -18.64818698236140904, -4.224299229463327698, -0.1000000000000000056 ) ) ;
#986 = PRODUCT_CONTEXT ( 'NONE', #1391, 'mechanical' ) ;
#987 = CARTESIAN_POINT ( 'NONE',  ( -18.80324893067594516, -0.7488153013027717408, -0.1000000000000000056 ) ) ;
#988 = CARTESIAN_POINT ( 'NONE',  ( -19.85665548680189119, -0.7214493537310546767, 0.000000000000000000 ) ) ;
#989 = CARTESIAN_POINT ( 'NONE',  ( -18.10855890910848842, -2.139709431857729438, 0.000000000000000000 ) ) ;
#990 = DIRECTION ( 'NONE',  ( 1.000000000000000000, 0.000000000000000000, 0.000000000000000000 ) ) ;
#991 = CARTESIAN_POINT ( 'NONE',  ( -19.95085120338801943, -0.6966564432779951410, -0.1000000000000000056 ) ) ;
#992 = DIRECTION ( 'NONE',  ( -1.000000000000000000, 0.000000000000000000, 0.000000000000000000 ) ) ;
#993 = ORIENTED_EDGE ( 'NONE', *, *, #6634, .F. ) ;
#994 = CARTESIAN_POINT ( 'NONE',  ( -18.59062473052404485, 1.659655883859915138, 0.000000000000000000 ) ) ;
#995 = DIRECTION ( 'NONE',  ( -1.734723475976806848E-16, -1.000000000000000000, 0.000000000000000000 ) ) ;
#996 = DIRECTION ( 'NONE',  ( 1.000000000000000000, 0.000000000000000000, 0.000000000000000000 ) ) ;
#997 = DIRECTION ( 'NONE',  ( -0.000000000000000000, -0.000000000000000000, 1.000000000000000000 ) ) ;
#998 = CARTESIAN_POINT ( 'NONE',  ( 21.50000000000000000, 8.444999999999998508, 3.000000000000000000 ) ) ;
#999 = ORIENTED_EDGE ( 'NONE', *, *, #6934, .F. ) ;
#1000 = FACE_OUTER_BOUND ( 'NONE', #9017, .T. ) ;
#1001 = CARTESIAN_POINT ( 'NONE',  ( -18.64982994737486877, -3.847135242184588133, 0.000000000000000000 ) ) ;
#1002 = PRESENTATION_STYLE_ASSIGNMENT (( #5058 ) ) ;
#1003 = CARTESIAN_POINT ( 'NONE',  ( -18.92527715501157104, 0.8125186821202161624, 0.000000000000000000 ) ) ;
#1004 = ADVANCED_FACE ( 'NONE', ( #494 ), #4094, .F. ) ;
#1005 = VERTEX_POINT ( 'NONE', #1332 ) ;
#1006 = CARTESIAN_POINT ( 'NONE',  ( -22.50000000000000000, -10.44500000000000028, 3.000000000000000000 ) ) ;
#1007 = CARTESIAN_POINT ( 'NONE',  ( -19.12939052401586792, 1.245634562174478210, 0.000000000000000000 ) ) ;
#1008 = CARTESIAN_POINT ( 'NONE',  ( -20.10983220463640109, -0.9013569624372976818, 1.355252715606880543E-17 ) ) ;
#1009 =( LENGTH_UNIT ( ) NAMED_UNIT ( * ) SI_UNIT ( .MILLI., .METRE. ) );
#1010 = CARTESIAN_POINT ( 'NONE',  ( -18.69007243453957656, -2.843185233033041825, -0.1000000000000000056 ) ) ;
#1011 = CARTESIAN_POINT ( 'NONE',  ( -18.09169567458220484, -3.786346212177369441, -0.1000000000000000056 ) ) ;
#1012 = CARTESIAN_POINT ( 'NONE',  ( -19.39876186302462813, 2.618602881508016011, 1.355252715606880543E-17 ) ) ;
#1013 = ORIENTED_EDGE ( 'NONE', *, *, #1991, .F. ) ;
#1014 = CARTESIAN_POINT ( 'NONE',  ( -18.35160598497116879, 1.401428877245353144, 0.000000000000000000 ) ) ;
#1015 = ORIENTED_EDGE ( 'NONE', *, *, #7343, .T. ) ;
#1016 = VECTOR ( 'NONE', #969, 1000.000000000000000 ) ;
#1017 =( NAMED_UNIT ( * ) SI_UNIT ( $, .STERADIAN. ) SOLID_ANGLE_UNIT ( ) );
#1018 = CARTESIAN_POINT ( 'NONE',  ( -19.79623886856958848, 2.493356301358681026, 1.355252715606880543E-17 ) ) ;
#1019 = VERTEX_POINT ( 'NONE', #9169 ) ;
#1020 = CARTESIAN_POINT ( 'NONE',  ( 3.000000000000004441, 10.29499999999999638, 6.000000000000000000 ) ) ;
#1021 = CARTESIAN_POINT ( 'NONE',  ( -18.83232871956146326, 3.378279694039084458, -0.1000000000000000056 ) ) ;
#1022 = CARTESIAN_POINT ( 'NONE',  ( -19.81598048852763938, 2.027298692975424199, 1.355252715606880543E-17 ) ) ;
#1023 = VECTOR ( 'NONE', #723, 1000.000000000000000 ) ;
#1024 = EDGE_CURVE ( 'NONE', #1908, #4302, #1920, .T. ) ;
#1025 = COLOUR_RGB ( '',1.000000000000000000, 0.9607843137254902244, 0.8901960784313724950 ) ;
#1026 = ORIENTED_EDGE ( 'NONE', *, *, #4296, .T. ) ;
#1027 = CARTESIAN_POINT ( 'NONE',  ( -19.82711619452485863, 1.908183520770096120, -0.1000000000000000056 ) ) ;
#1028 = CARTESIAN_POINT ( 'NONE',  ( -20.10960107270063091, -3.418341944651672737, 0.000000000000000000 ) ) ;
#1029 = CARTESIAN_POINT ( 'NONE',  ( -19.59931258339290139, 3.243706239064532149, 0.000000000000000000 ) ) ;
#1030 = FACE_OUTER_BOUND ( 'NONE', #5112, .T. ) ;
#1031 =( NAMED_UNIT ( * ) PLANE_ANGLE_UNIT ( ) SI_UNIT ( $, .RADIAN. ) );
#1032 = CARTESIAN_POINT ( 'NONE',  ( 0.000000000000000000, -8.406000000000007688, 3.100000000000000089 ) ) ;
#1033 = ORIENTED_EDGE ( 'NONE', *, *, #6714, .F. ) ;
#1034 = CARTESIAN_POINT ( 'NONE',  ( -18.64428171877704798, 1.644595282361704047, 0.000000000000000000 ) ) ;
#1035 = CARTESIAN_POINT ( 'NONE',  ( -18.33128094435477351, -2.323740287839115570, 0.000000000000000000 ) ) ;
#1036 = CIRCLE ( 'NONE', #154, 8.000000000000001776 ) ;
#1037 = LINE ( 'NONE', #3887, #8558 ) ;
#1038 = CARTESIAN_POINT ( 'NONE',  ( -19.15093773803311095, 1.605306630816814684, -0.1000000000000000056 ) ) ;
#1039 = ORIENTED_EDGE ( 'NONE', *, *, #9071, .T. ) ;
#1040 = CARTESIAN_POINT ( 'NONE',  ( -18.12898359105253121, 0.9468244697510702634, 0.000000000000000000 ) ) ;
#1041 = ORIENTED_EDGE ( 'NONE', *, *, #7822, .T. ) ;
#1042 = CARTESIAN_POINT ( 'NONE',  ( -19.17120766704521628, 3.872680684247027827, 0.000000000000000000 ) ) ;
#1043 = CARTESIAN_POINT ( 'NONE',  ( -19.23693886894587735, -1.800230878194173600, -0.1000000000000000056 ) ) ;
#1044 = EDGE_CURVE ( 'NONE', #4121, #7601, #142, .T. ) ;
#1045 = CARTESIAN_POINT ( 'NONE',  ( -19.44893468619664745, -4.251239838341200894, 0.000000000000000000 ) ) ;
#1046 =( NAMED_UNIT ( * ) SI_UNIT ( $, .STERADIAN. ) SOLID_ANGLE_UNIT ( ) );
#1047 = CARTESIAN_POINT ( 'NONE',  ( -20.11016722181046390, -3.478466618855795112, -0.1000000000000000056 ) ) ;
#1048 = ORIENTED_EDGE ( 'NONE', *, *, #45, .T. ) ;
#1049 = PRESENTATION_LAYER_ASSIGNMENT (  '', '', ( #1346 ) ) ;
#1050 = CARTESIAN_POINT ( 'NONE',  ( -18.83232871956146326, 3.378279694039084458, -0.1000000000000000056 ) ) ;
#1051 = SURFACE_STYLE_FILL_AREA ( #3946 ) ;
#1052 = STYLED_ITEM ( 'NONE', ( #6749 ), #6475 ) ;
#1053 = DIRECTION ( 'NONE',  ( -0.000000000000000000, -0.000000000000000000, -1.000000000000000000 ) ) ;
#1054 = CARTESIAN_POINT ( 'NONE',  ( -19.74311551836045098, 4.224727501584736977, 0.000000000000000000 ) ) ;
#1055 = CARTESIAN_POINT ( 'NONE',  ( -19.54841704867489582, 1.288361527331263634, -0.1000000000000000056 ) ) ;
#1056 = B_SPLINE_CURVE_WITH_KNOTS ( 'NONE', 3,
 ( #3455, #1568, #552, #4099, #4146, #595, #7949, #2, #5630, #9130, #5486 ),
 .UNSPECIFIED., .F., .F.,
 ( 4, 1, 1, 1, 1, 1, 1, 1, 4 ),
 ( 0.000000000000000000, 0.1237081006163633645, 0.2383660369870032325, 0.3487204905726691284, 0.4602183380952702962, 0.5772751561838367351, 0.7024896784038233699, 0.8423182318581209360, 1.000000000000000000 ),
 .UNSPECIFIED. ) ;
#1057 = CARTESIAN_POINT ( 'NONE',  ( -18.20566979272348007, -4.025320841620651180, -0.1000000000000000056 ) ) ;
#1058 =( GEOMETRIC_REPRESENTATION_CONTEXT ( 3 ) GLOBAL_UNCERTAINTY_ASSIGNED_CONTEXT ( ( #8552 ) ) GLOBAL_UNIT_ASSIGNED_CONTEXT ( ( #7216, #5609, #8445 ) ) REPRESENTATION_CONTEXT ( 'NONE', 'WORKASPACE' ) );
#1059 = CARTESIAN_POINT ( 'NONE',  ( -19.30824975739275473, 2.626997012296255818, -0.1000000000000000056 ) ) ;
#1060 = ORIENTED_EDGE ( 'NONE', *, *, #880, .F. ) ;
#1061 = CARTESIAN_POINT ( 'NONE',  ( -18.27554525391818885, 1.459621046358205998, 0.000000000000000000 ) ) ;
#1062 = CARTESIAN_POINT ( 'NONE',  ( -18.39397867075660642, 2.075662431514452066, 0.000000000000000000 ) ) ;
#1063 = ORIENTED_EDGE ( 'NONE', *, *, #2144, .F. ) ;
#1064 = ADVANCED_FACE ( 'NONE', ( #2743 ), #687, .T. ) ;
#1065 = STYLED_ITEM ( 'NONE', ( #4756 ), #1595 ) ;
#1066 = CARTESIAN_POINT ( 'NONE',  ( -19.60161779831326712, 3.919494934691880150, -0.1000000000000000056 ) ) ;
#1067 = ORIENTED_EDGE ( 'NONE', *, *, #6647, .T. ) ;
#1068 = SURFACE_STYLE_USAGE ( .BOTH. , #8009 ) ;
#1069 = CARTESIAN_POINT ( 'NONE',  ( -19.68411583654080488, -2.719918963373671783, -0.1000000000000000056 ) ) ;
#1070 = ORIENTED_EDGE ( 'NONE', *, *, #3160, .T. ) ;
#1071 = DIRECTION ( 'NONE',  ( 0.000000000000000000, 0.000000000000000000, 1.000000000000000000 ) ) ;
#1072 = CARTESIAN_POINT ( 'NONE',  ( -19.46519691712790134, -1.414237897272477396, 1.355252715606880543E-17 ) ) ;
#1073 = CARTESIAN_POINT ( 'NONE',  ( -18.70399454404775952, 1.632458565758723834, -0.1000000000000000056 ) ) ;
#1074 = CARTESIAN_POINT ( 'NONE',  ( -18.16041669473411346, -3.955702998395771441, 0.000000000000000000 ) ) ;
#1075 = ORIENTED_EDGE ( 'NONE', *, *, #7343, .F. ) ;
#1076 = CARTESIAN_POINT ( 'NONE',  ( -19.06063192691740227, 1.605454830043311576, -0.000000000000000000 ) ) ;
#1077 = CARTESIAN_POINT ( 'NONE',  ( -19.64867062771942230, -0.8236186771021952735, 0.000000000000000000 ) ) ;
#1078 = CARTESIAN_POINT ( 'NONE',  ( -19.31832603685499095, 1.612464562196404438, 1.355252715606880543E-17 ) ) ;
#1079 = TOROIDAL_SURFACE ( 'NONE', #8690, 1.700000000000000178, 0.2999999999999999889 ) ;
#1080 = DIRECTION ( 'NONE',  ( -0.000000000000000000, -0.000000000000000000, 1.000000000000000000 ) ) ;
#1081 = ORIENTED_EDGE ( 'NONE', *, *, #2282, .T. ) ;
#1082 = CARTESIAN_POINT ( 'NONE',  ( -18.35127022245133332, -0.3467230224609372247, 0.000000000000000000 ) ) ;
#1083 = CARTESIAN_POINT ( 'NONE',  ( -19.58282237092466715, -4.259318086769810385, -0.1000000000000000056 ) ) ;
#1084 =( NAMED_UNIT ( * ) PLANE_ANGLE_UNIT ( ) SI_UNIT ( $, .RADIAN. ) );
#1085 = CARTESIAN_POINT ( 'NONE',  ( -18.47487055916194976, 2.529392604827880309, 0.000000000000000000 ) ) ;
#1086 = ORIENTED_EDGE ( 'NONE', *, *, #8419, .F. ) ;
#1087 = COLOUR_RGB ( '',1.000000000000000000, 0.9607843137254902244, 0.8901960784313724950 ) ;
#1088 = ORIENTED_EDGE ( 'NONE', *, *, #1460, .F. ) ;
#1089 = CARTESIAN_POINT ( 'NONE',  ( -18.83232871956146326, 3.378279694039084458, 0.000000000000000000 ) ) ;
#1090 = DIRECTION ( 'NONE',  ( 0.000000000000000000, 1.000000000000000000, 0.000000000000000000 ) ) ;
#1091 = EDGE_CURVE ( 'NONE', #5131, #39, #6039, .T. ) ;
#1092 = CARTESIAN_POINT ( 'NONE',  ( -20.04412938482917284, -1.049196215127384590, 1.355252715606880543E-17 ) ) ;
#1093 = MECHANICAL_DESIGN_GEOMETRIC_PRESENTATION_REPRESENTATION (  '', ( #2153 ), #71 ) ;
#1094 = CARTESIAN_POINT ( 'NONE',  ( -20.10480034263578730, 3.695108081985210902, -0.1000000000000000056 ) ) ;
#1095 = DIRECTION ( 'NONE',  ( 1.000000000000000000, 0.000000000000000000, 0.000000000000000000 ) ) ;
#1096 = CARTESIAN_POINT ( 'NONE',  ( -18.23031217262267845, -4.057111963109341524, 0.000000000000000000 ) ) ;
#1097 = EDGE_CURVE ( 'NONE', #922, #8986, #827, .T. ) ;
#1098 = FILL_AREA_STYLE ('',( #8893 ) ) ;
#1099 = ADVANCED_FACE ( 'NONE', ( #3672, #9219 ), #7997, .T. ) ;
#1100 =( NAMED_UNIT ( * ) PLANE_ANGLE_UNIT ( ) SI_UNIT ( $, .RADIAN. ) );
#1101 = EDGE_LOOP ( 'NONE', ( #4430, #6036 ) ) ;
#1102 = SURFACE_STYLE_FILL_AREA ( #8896 ) ;
#1103 = VERTEX_POINT ( 'NONE', #4282 ) ;
#1104 = CARTESIAN_POINT ( 'NONE',  ( -18.76324503603567351, -4.204110896737042857, -0.1000000000000000056 ) ) ;
#1105 = CARTESIAN_POINT ( 'NONE',  ( -19.69542316463639864, 3.876987169119121113, -0.1000000000000000056 ) ) ;
#1106 = COLOUR_RGB ( '',0.000000000000000000, 0.1921568627450980227, 0.6549019607843137303 ) ;
#1107 = ORIENTED_EDGE ( 'NONE', *, *, #1091, .F. ) ;
#1108 = CARTESIAN_POINT ( 'NONE',  ( -19.02506834955750392, 0.8822583075675163311, -0.1000000000000000056 ) ) ;
#1109 = VECTOR ( 'NONE', #8332, 1000.000000000000114 ) ;
#1110 = CARTESIAN_POINT ( 'NONE',  ( -20.10997695587489176, -3.458260497906558761, -0.1000000000000000056 ) ) ;
#1111 = EDGE_CURVE ( 'NONE', #6029, #6370, #8664, .T. ) ;
#1112 = VERTEX_POINT ( 'NONE', #3033 ) ;
#1113 = PLANE ( 'NONE',  #3805 ) ;
#1114 = SURFACE_SIDE_STYLE ('',( #509 ) ) ;
#1115 =( LENGTH_UNIT ( ) NAMED_UNIT ( * ) SI_UNIT ( .MILLI., .METRE. ) );
#1116 = DIRECTION ( 'NONE',  ( 0.000000000000000000, 0.000000000000000000, 1.000000000000000000 ) ) ;
#1117 = EDGE_LOOP ( 'NONE', ( #8161, #2514, #2201, #579 ) ) ;
#1118 = DIRECTION ( 'NONE',  ( -1.000000000000000000, 0.000000000000000000, 0.000000000000000000 ) ) ;
#1119 = CARTESIAN_POINT ( 'NONE',  ( -18.33886504529830219, -3.532558407252507582, 0.000000000000000000 ) ) ;
#1120 = B_SPLINE_SURFACE_WITH_KNOTS ( 'NONE', 3, 1, ( 
 ( #9030, #2698 ),
 ( #5481, #6856 ),
 ( #592, #4691 ),
 ( #6904, #3361 ),
 ( #7050, #1335 ),
 ( #4786, #497 ),
 ( #6199, #5987 ),
 ( #3144, #4734 ),
 ( #8319, #8372 ),
 ( #8820, #2649 ),
 ( #6294, #548 ) ),
 .UNSPECIFIED., .F., .F., .F.,
 ( 4, 1, 1, 1, 1, 1, 1, 1, 4 ),
 ( 2, 2 ),
 ( 0.000000000000000000, 0.1169912366922745278, 0.2272028356408349048, 0.3351889169562188298, 0.4467835482919838008, 0.5650013104486442117, 0.6927251599433743579, 0.8363621727257571914, 1.000000000000000000 ),
 ( 0.000000000000000000, 1.000000000000000000 ),
 .UNSPECIFIED. ) ;
#1121 = ORIENTED_EDGE ( 'NONE', *, *, #5586, .F. ) ;
#1122 = ADVANCED_FACE ( 'NONE', ( #2323 ), #46, .T. ) ;
#1123 = CARTESIAN_POINT ( 'NONE',  ( -18.97900377839497921, 4.165238096487537511, 0.000000000000000000 ) ) ;
#1124 = LINE ( 'NONE', #6968, #3360 ) ;
#1125 = CARTESIAN_POINT ( 'NONE',  ( -18.90799245901898118, -3.189099277343226735, 0.000000000000000000 ) ) ;
#1126 = CARTESIAN_POINT ( 'NONE',  ( -19.70634212275253461, 3.306101340691884438, -0.1000000000000000056 ) ) ;
#1127 = ORIENTED_EDGE ( 'NONE', *, *, #8365, .F. ) ;
#1128 = CARTESIAN_POINT ( 'NONE',  ( -18.48690955299739258, 1.331914017995197819, 0.000000000000000000 ) ) ;
#1129 = CARTESIAN_POINT ( 'NONE',  ( -5.080000000000000071, -8.406000000000007688, -0.09999999999999982514 ) ) ;
#1130 = CARTESIAN_POINT ( 'NONE',  ( -19.08249976614075294, 4.230364357360583583, -0.1000000000000000056 ) ) ;
#1131 = SURFACE_STYLE_FILL_AREA ( #1887 ) ;
#1132 = CARTESIAN_POINT ( 'NONE',  ( -18.10687864759171717, -0.1107587432861326104, 0.000000000000000000 ) ) ;
#1133 = CARTESIAN_POINT ( 'NONE',  ( -19.07346962343978802, 2.632238338379849996, -0.000000000000000000 ) ) ;
#1134 = EDGE_LOOP ( 'NONE', ( #5993, #4736 ) ) ;
#1135 = EDGE_CURVE ( 'NONE', #4866, #4668, #9176, .T. ) ;
#1136 = ORIENTED_EDGE ( 'NONE', *, *, #8402, .T. ) ;
#1137 = SURFACE_SIDE_STYLE ('',( #2638 ) ) ;
#1138 = FACE_OUTER_BOUND ( 'NONE', #7147, .T. ) ;
#1139 = CARTESIAN_POINT ( 'NONE',  ( -0.5000000000000004441, -8.406000000000007688, -0.09999999999999982514 ) ) ;
#1140 = CARTESIAN_POINT ( 'NONE',  ( -19.10186770646220467, 2.967830533644399971, -0.1000000000000000056 ) ) ;
#1141 = DIRECTION ( 'NONE',  ( -1.000000000000000000, 0.000000000000000000, 0.000000000000000000 ) ) ;
#1142 = CARTESIAN_POINT ( 'NONE',  ( -18.13603465560955286, -1.126315057893871430, 0.000000000000000000 ) ) ;
#1143 = CARTESIAN_POINT ( 'NONE',  ( -19.19038809278214330, -1.240417664845784973, 0.000000000000000000 ) ) ;
#1144 = EDGE_CURVE ( 'NONE', #1730, #267, #581, .T. ) ;
#1145 = CARTESIAN_POINT ( 'NONE',  ( -19.14183575131425030, 2.632229245829619035, -0.1000000000000000056 ) ) ;
#1146 = CARTESIAN_POINT ( 'NONE',  ( -18.89239005528139259, 4.082624177687526945, -0.1000000000000000056 ) ) ;
#1147 = CARTESIAN_POINT ( 'NONE',  ( 0.5000000000000004441, -8.406000000000007688, 3.100000000000000089 ) ) ;
#1148 = CARTESIAN_POINT ( 'NONE',  ( -18.60771238126736193, 2.225851540758575275, -0.1000000000000000056 ) ) ;
#1149 = EDGE_LOOP ( 'NONE', ( #7940, #122, #148, #5947 ) ) ;
#1150 = CARTESIAN_POINT ( 'NONE',  ( -18.72663446651920438, -4.213350813921210580, -0.1000000000000000056 ) ) ;
#1151 = CARTESIAN_POINT ( 'NONE',  ( -18.53711564908542542, -1.183502085978232365, 0.000000000000000000 ) ) ;
#1152 = VERTEX_POINT ( 'NONE', #229 ) ;
#1153 = EDGE_CURVE ( 'NONE', #81, #1005, #4677, .T. ) ;
#1154 = CARTESIAN_POINT ( 'NONE',  ( -19.46808755058650675, 3.074357725779213624, 0.000000000000000000 ) ) ;
#1155 = CARTESIAN_POINT ( 'NONE',  ( -20.07876860249296058, -3.195935133352672430, -0.1000000000000000056 ) ) ;
#1156 = ORIENTED_EDGE ( 'NONE', *, *, #8619, .T. ) ;
#1157 = CARTESIAN_POINT ( 'NONE',  ( -19.19038809278214330, -3.555917479197185038, 0.000000000000000000 ) ) ;
#1158 = DIRECTION ( 'NONE',  ( -1.000000000000000000, -0.000000000000000000, -0.000000000000000000 ) ) ;
#1159 =( NAMED_UNIT ( * ) SI_UNIT ( $, .STERADIAN. ) SOLID_ANGLE_UNIT ( ) );
#1160 = CARTESIAN_POINT ( 'NONE',  ( -19.41382108082896352, -1.451356979756482701, 1.355252715606880543E-17 ) ) ;
#1161 = ORIENTED_EDGE ( 'NONE', *, *, #8667, .F. ) ;
#1162 = ADVANCED_FACE ( 'NONE', ( #3810 ), #6753, .F. ) ;
#1163 = AXIS2_PLACEMENT_3D ( 'NONE', #33, #2926, #5105 ) ;
#1164 = CARTESIAN_POINT ( 'NONE',  ( -18.91916893147156387, 1.609042923875216413, -0.1000000000000000056 ) ) ;
#1165 = CARTESIAN_POINT ( 'NONE',  ( -18.37403730459950424, -3.712842942694115411, 0.000000000000000000 ) ) ;
#1166 = AXIS2_PLACEMENT_3D ( 'NONE', #460, #2610, #4979 ) ;
#1167 = STYLED_ITEM ( 'NONE', ( #546 ), #1004 ) ;
#1168 = ORIENTED_EDGE ( 'NONE', *, *, #8169, .T. ) ;
#1169 = LINE ( 'NONE', #7563, #5282 ) ;
#1170 = DIRECTION ( 'NONE',  ( -1.000000000000000000, 0.000000000000000000, -0.000000000000000000 ) ) ;
#1171 = LINE ( 'NONE', #7660, #1794 ) ;
#1172 = ORIENTED_EDGE ( 'NONE', *, *, #3945, .T. ) ;
#1173 = COLOUR_RGB ( '',0.8666666666666666963, 0.9098039215686274384, 1.000000000000000000 ) ;
#1174 = CARTESIAN_POINT ( 'NONE',  ( -18.10714659178618291, -0.1237523366562018612, -0.000000000000000000 ) ) ;
#1175 = CARTESIAN_POINT ( 'NONE',  ( -18.45663055021851662, -2.777736892617174380, 0.000000000000000000 ) ) ;
#1176 =( LENGTH_UNIT ( ) NAMED_UNIT ( * ) SI_UNIT ( .MILLI., .METRE. ) );
#1177 = DIRECTION ( 'NONE',  ( -0.000000000000000000, -0.000000000000000000, -1.000000000000000000 ) ) ;
#1178 = CARTESIAN_POINT ( 'NONE',  ( -18.53447598344275349, 2.555073718399941463, 0.000000000000000000 ) ) ;
#1179 = ORIENTED_EDGE ( 'NONE', *, *, #6997, .T. ) ;
#1180 = MECHANICAL_DESIGN_GEOMETRIC_PRESENTATION_REPRESENTATION (  '', ( #5212 ), #2521 ) ;
#1181 = VERTEX_POINT ( 'NONE', #1802 ) ;
#1182 = CARTESIAN_POINT ( 'NONE',  ( -19.20953304026463471, 1.607046424840709253, 0.000000000000000000 ) ) ;
#1183 = LINE ( 'NONE', #1322, #2915 ) ;
#1184 = ORIENTED_EDGE ( 'NONE', *, *, #7048, .F. ) ;
#1185 = DIRECTION ( 'NONE',  ( -0.000000000000000000, -0.000000000000000000, 1.000000000000000000 ) ) ;
#1186 = CARTESIAN_POINT ( 'NONE',  ( -18.41871891620819213, -1.440083633723454382, 0.000000000000000000 ) ) ;
#1187 = PRESENTATION_LAYER_ASSIGNMENT (  '', '', ( #1788 ) ) ;
#1188 = CARTESIAN_POINT ( 'NONE',  ( -20.10982705601517040, 3.608228001548793529, -0.1000000000000000056 ) ) ;
#1189 = EDGE_CURVE ( 'NONE', #3649, #2811, #5793, .T. ) ;
#1190 = DIRECTION ( 'NONE',  ( -0.000000000000000000, -0.000000000000000000, -1.000000000000000000 ) ) ;
#1191 = CARTESIAN_POINT ( 'NONE',  ( -18.16041669473411346, -3.955702998395771441, -0.1000000000000000056 ) ) ;
#1192 = VECTOR ( 'NONE', #6996, 1000.000000000000000 ) ;
#1193 = DIRECTION ( 'NONE',  ( 1.000000000000000000, 0.000000000000000000, 0.000000000000000000 ) ) ;
#1194 = CIRCLE ( 'NONE', #4475, 2.000000000000000000 ) ;
#1195 = CARTESIAN_POINT ( 'NONE',  ( -18.42182099812873375, -1.403777985227941061, -0.1000000000000000056 ) ) ;
#1196 = CARTESIAN_POINT ( 'NONE',  ( -18.84617127735252140, -1.193339398963113362, 0.000000000000000000 ) ) ;
#1197 =( NAMED_UNIT ( * ) PLANE_ANGLE_UNIT ( ) SI_UNIT ( $, .RADIAN. ) );
#1198 = VERTEX_POINT ( 'NONE', #1979 ) ;
#1199 = B_SPLINE_SURFACE_WITH_KNOTS ( 'NONE', 3, 1, ( 
 ( #7106, #3595 ),
 ( #1342, #787 ),
 ( #8476, #4339 ),
 ( #2796, #699 ),
 ( #9134, #3459 ),
 ( #2188, #3502 ),
 ( #5029, #5688 ),
 ( #4885, #9083 ),
 ( #8527, #8380 ),
 ( #8426, #7009 ),
 ( #4938, #7692 ) ),
 .UNSPECIFIED., .F., .F., .F.,
 ( 4, 1, 1, 1, 1, 1, 1, 1, 4 ),
 ( 2, 2 ),
 ( 0.000000000000000000, 0.1655556038889432480, 0.3119994156397201679, 0.4409235387043479171, 0.5588821122018861054, 0.6702320758808332224, 0.7769938271265361962, 0.8855363212147941976, 1.000000000000000000 ),
 ( 0.000000000000000000, 1.000000000000000000 ),
 .UNSPECIFIED. ) ;
#1200 = VECTOR ( 'NONE', #3286, 1000.000000000000000 ) ;
#1201 = CARTESIAN_POINT ( 'NONE',  ( -19.59931258339290139, 3.243706239064532149, 0.000000000000000000 ) ) ;
#1202 = ADVANCED_FACE ( 'NONE', ( #532 ), #7538, .F. ) ;
#1203 = CARTESIAN_POINT ( 'NONE',  ( -19.85182265400231572, 3.645666970460157863, -0.1000000000000000056 ) ) ;
#1204 = ORIENTED_EDGE ( 'NONE', *, *, #1912, .F. ) ;
#1205 = MECHANICAL_DESIGN_GEOMETRIC_PRESENTATION_REPRESENTATION (  '', ( #3884 ), #3162 ) ;
#1206 = CARTESIAN_POINT ( 'NONE',  ( -18.44971230982399391, -1.287133705498147318, -0.000000000000000000 ) ) ;
#1207 = DIRECTION ( 'NONE',  ( 1.000000000000000000, 0.000000000000000000, 0.000000000000000000 ) ) ;
#1208 = CARTESIAN_POINT ( 'NONE',  ( 0.000000000000000000, 0.000000000000000000, 6.000000000000000000 ) ) ;
#1209 = CARTESIAN_POINT ( 'NONE',  ( -18.89191483369793190, -0.7806786967117664844, 1.355252715606880543E-17 ) ) ;
#1210 = VERTEX_POINT ( 'NONE', #5572 ) ;
#1211 = PRESENTATION_STYLE_ASSIGNMENT (( #6163 ) ) ;
#1212 = PRESENTATION_LAYER_ASSIGNMENT (  '', '', ( #8809 ) ) ;
#1213 = LINE ( 'NONE', #4848, #2107 ) ;
#1214 = SURFACE_SIDE_STYLE ('',( #2003 ) ) ;
#1215 = CARTESIAN_POINT ( 'NONE',  ( -18.37397834895619297, 1.850302369701432248, -0.1000000000000000056 ) ) ;
#1216 = CARTESIAN_POINT ( 'NONE',  ( -18.44081972048845941, -3.810017038931931221, -0.1000000000000000056 ) ) ;
#1217 = ORIENTED_EDGE ( 'NONE', *, *, #162, .T. ) ;
#1218 = ADVANCED_FACE ( 'NONE', ( #4129 ), #9116, .F. ) ;
#1219 = CARTESIAN_POINT ( 'NONE',  ( -19.88575682960556890, -2.323805400439520774, -0.000000000000000000 ) ) ;
#1220 = FACE_OUTER_BOUND ( 'NONE', #213, .T. ) ;
#1221 = CARTESIAN_POINT ( 'NONE',  ( -19.95696226004370999, -2.928352739161244056, 0.000000000000000000 ) ) ;
#1222 = CARTESIAN_POINT ( 'NONE',  ( -18.39248411833053964, 0.9467333016865074891, -0.1000000000000000056 ) ) ;
#1223 = ORIENTED_EDGE ( 'NONE', *, *, #2892, .F. ) ;
#1224 = EDGE_CURVE ( 'NONE', #3918, #6298, #6143, .T. ) ;
#1225 = CARTESIAN_POINT ( 'NONE',  ( -18.36419223127069245, 1.920571456968866775, 0.000000000000000000 ) ) ;
#1226 = CARTESIAN_POINT ( 'NONE',  ( -18.06551967892372090, -3.307472283703196680, 0.000000000000000000 ) ) ;
#1227 = CARTESIAN_POINT ( 'NONE',  ( -19.46929144997005423, -2.683893025716147296, -0.1000000000000000056 ) ) ;
#1228 = CARTESIAN_POINT ( 'NONE',  ( -18.97850180127823805, 2.980854873657224680, 0.000000000000000000 ) ) ;
#1229 = ORIENTED_EDGE ( 'NONE', *, *, #6435, .F. ) ;
#1230 = ORIENTED_EDGE ( 'NONE', *, *, #2604, .F. ) ;
#1231 = CARTESIAN_POINT ( 'NONE',  ( -19.36847621390428387, 1.617041908944811368, 0.000000000000000000 ) ) ;
#1233 = EDGE_CURVE ( 'NONE', #6111, #8295, #5043, .T. ) ;
#1232 = STYLED_ITEM ( 'NONE', ( #4849 ), #3836 ) ;
#1234 = DIRECTION ( 'NONE',  ( 1.000000000000000000, 0.000000000000000000, 0.000000000000000000 ) ) ;
#1235 = VERTEX_POINT ( 'NONE', #3482 ) ;
#1236 = CARTESIAN_POINT ( 'NONE',  ( -20.09841602443135145, 3.421904449256055969, 2.710505431213761085E-17 ) ) ;
#1237 = CARTESIAN_POINT ( 'NONE',  ( -18.12095643405164225, 1.687602810193226111, -0.1000000000000000056 ) ) ;
#1238 = CARTESIAN_POINT ( 'NONE',  ( -19.07160335360570969, 2.966006781260170477, -0.1000000000000000056 ) ) ;
#1239 = CARTESIAN_POINT ( 'NONE',  ( -20.10480034263578730, 3.695108081985210902, 0.000000000000000000 ) ) ;
#1240 = CARTESIAN_POINT ( 'NONE',  ( -19.60857063808489542, 1.304105028515372355, 0.000000000000000000 ) ) ;
#1241 = AXIS2_PLACEMENT_3D ( 'NONE', #4239, #1435, #7052 ) ;
#1242 = CARTESIAN_POINT ( 'NONE',  ( -18.40785395798816282, 2.098402936243645378, 0.000000000000000000 ) ) ;
#1243 = SURFACE_STYLE_USAGE ( .BOTH. , #4927 ) ;
#1244 = CARTESIAN_POINT ( 'NONE',  ( -18.13603465560955286, -1.126315057893871430, 0.000000000000000000 ) ) ;
#1245 = COLOUR_RGB ( '',1.000000000000000000, 0.9490196078431372140, 0.9098039215686274384 ) ;
#1246 = CARTESIAN_POINT ( 'NONE',  ( -19.60621054785805129, 2.920433456658238836, -0.000000000000000000 ) ) ;
#1247 = CARTESIAN_POINT ( 'NONE',  ( -19.48601053848585352, 3.151898849510245348, -0.1000000000000000056 ) ) ;
#1248 = AXIS2_PLACEMENT_3D ( 'NONE', #2092, #6347, #2753 ) ;
#1249 = ORIENTED_EDGE ( 'NONE', *, *, #2695, .F. ) ;
#1250 = FACE_BOUND ( 'NONE', #7102, .T. ) ;
#1251 = CARTESIAN_POINT ( 'NONE',  ( -19.41037756434710104, 2.256473852337017139, 0.000000000000000000 ) ) ;
#1252 = FILL_AREA_STYLE_COLOUR ( '', #6171 ) ;
#1253 = PRESENTATION_LAYER_ASSIGNMENT (  '', '', ( #6487 ) ) ;
#1254 = DIRECTION ( 'NONE',  ( 1.000000000000000000, 0.000000000000000000, 0.000000000000000000 ) ) ;
#1255 = EDGE_CURVE ( 'NONE', #4662, #2361, #5966, .T. ) ;
#1256 = LINE ( 'NONE', #6959, #9157 ) ;
#1257 = VECTOR ( 'NONE', #6509, 1000.000000000000000 ) ;
#1258 = CARTESIAN_POINT ( 'NONE',  ( -18.95442381360733819, -1.939080607096354436, -0.1000000000000000056 ) ) ;
#1259 = ORIENTED_EDGE ( 'NONE', *, *, #5912, .T. ) ;
#1260 = CARTESIAN_POINT ( 'NONE',  ( -18.84139122874377392, 1.614569266218613519, -0.1000000000000000056 ) ) ;
#1261 = CARTESIAN_POINT ( 'NONE',  ( -20.08869345138886331, 2.114329505343464533, -0.1000000000000000056 ) ) ;
#1262 = AXIS2_PLACEMENT_3D ( 'NONE', #1032, #4568, #1739 ) ;
#1263 = DIRECTION ( 'NONE',  ( 1.000000000000000000, 0.000000000000000000, 0.000000000000000000 ) ) ;
#1264 = CARTESIAN_POINT ( 'NONE',  ( -2.540000000000000036, -8.406000000000007688, -0.09999999999999982514 ) ) ;
#1265 = CARTESIAN_POINT ( 'NONE',  ( -19.79913665345591767, -2.777130750438792539, 0.000000000000000000 ) ) ;
#1266 = CARTESIAN_POINT ( 'NONE',  ( -18.93077236799922503, -1.344544989569531168, -0.1000000000000000056 ) ) ;
#1267 = CARTESIAN_POINT ( 'NONE',  ( -18.32367715252594920, 1.010177934926482335, -0.1000000000000000056 ) ) ;
#1268 = EDGE_LOOP ( 'NONE', ( #3987, #3962, #2640, #5788 ) ) ;
#1269 = CARTESIAN_POINT ( 'NONE',  ( -18.27430831901652653, -0.3414786893598783513, 0.000000000000000000 ) ) ;
#1270 = CARTESIAN_POINT ( 'NONE',  ( -18.50029964354466827, 1.696182911668320248, 0.000000000000000000 ) ) ;
#1271 = CARTESIAN_POINT ( 'NONE',  ( -19.99419158119563988, -3.967249768575034086, -0.1000000000000000056 ) ) ;
#1272 = DIRECTION ( 'NONE',  ( 1.000000000000000000, 0.000000000000000000, 0.000000000000000000 ) ) ;
#1273 = CARTESIAN_POINT ( 'NONE',  ( -20.04994474055430231, -0.2945388398440957345, -0.1000000000000000056 ) ) ;
#1274 = FILL_AREA_STYLE_COLOUR ( '', #7600 ) ;
#1275 = ORIENTED_EDGE ( 'NONE', *, *, #6594, .F. ) ;
#1276 = VERTEX_POINT ( 'NONE', #4224 ) ;
#1277 = DIRECTION ( 'NONE',  ( -0.000000000000000000, -0.000000000000000000, 1.000000000000000000 ) ) ;
#1278 = UNCERTAINTY_MEASURE_WITH_UNIT (LENGTH_MEASURE( 1.000000000000000082E-05 ), #5299, 'distance_accuracy_value', 'NONE');
#1279 = STYLED_ITEM ( 'NONE', ( #6808 ), #952 ) ;
#1280 = FACE_OUTER_BOUND ( 'NONE', #8084, .T. ) ;
#1281 = CARTESIAN_POINT ( 'NONE',  ( -19.97737006045238672, 3.127927943608301842, 2.710505431213761085E-17 ) ) ;
#1282 = CARTESIAN_POINT ( 'NONE',  ( -18.10679400200810818, 1.732538063876646328, -0.1000000000000000056 ) ) ;
#1283 = CARTESIAN_POINT ( 'NONE',  ( -18.41507688977921475, -1.573095194498698168, -0.1000000000000000056 ) ) ;
#1284 = CARTESIAN_POINT ( 'NONE',  ( -18.08119546074275519, 1.929449412027993915, 0.000000000000000000 ) ) ;
#1285 = CARTESIAN_POINT ( 'NONE',  ( -18.10687864759171362, -1.442271461486816619, -0.1000000000000000056 ) ) ;
#1286 = EDGE_CURVE ( 'NONE', #1403, #3570, #6471, .T. ) ;
#1287 = CARTESIAN_POINT ( 'NONE',  ( -18.90945756842869230, 2.268706555851359497, 0.000000000000000000 ) ) ;
#1288 = B_SPLINE_CURVE_WITH_KNOTS ( 'NONE', 3,
 ( #4843, #599, #2091, #54, #4884, #5593, #2844, #3458, #6300, #5028, #4198 ),
 .UNSPECIFIED., .F., .F.,
 ( 4, 1, 1, 1, 1, 1, 1, 1, 4 ),
 ( 0.000000000000000000, 0.1318384088878591931, 0.2582861022564524878, 0.3802599328560015701, 0.5034302499283157539, 0.6257295857694635810, 0.7470716303050879414, 0.8709999257135648820, 1.000000000000000000 ),
 .UNSPECIFIED. ) ;
#1289 = CARTESIAN_POINT ( 'NONE',  ( -20.10976134028496531, 3.532021182900820566, 0.000000000000000000 ) ) ;
#1290 = CARTESIAN_POINT ( 'NONE',  ( -18.69804681897088017, -1.143447392940908136, -0.000000000000000000 ) ) ;
#1291 = CARTESIAN_POINT ( 'NONE',  ( -20.09819726337040180, 2.072848493137993131, 0.000000000000000000 ) ) ;
#1292 = CARTESIAN_POINT ( 'NONE',  ( -19.03936543268366322, -3.980627007053595179, -0.1000000000000000056 ) ) ;
#1293 = CARTESIAN_POINT ( 'NONE',  ( -20.08869345138886331, 2.114329505343464533, 1.355252715606880543E-17 ) ) ;
#1294 = EDGE_LOOP ( 'NONE', ( #5049, #7178 ) ) ;
#1295 = CARTESIAN_POINT ( 'NONE',  ( -19.61496327537899020, 2.919857304890948857, -0.1000000000000000056 ) ) ;
#1296 = CARTESIAN_POINT ( 'NONE',  ( -19.57001524312108032, 2.227952712998476859, 0.000000000000000000 ) ) ;
#1297 = CARTESIAN_POINT ( 'NONE',  ( -20.06266029450879174, -0.7510142499173804165, 0.000000000000000000 ) ) ;
#1298 = CARTESIAN_POINT ( 'NONE',  ( -19.11714069000406369, -1.016954234830025783, 1.355252715606880543E-17 ) ) ;
#1299 = CARTESIAN_POINT ( 'NONE',  ( -19.51415490052533031, -3.904497014184474590, -0.1000000000000000056 ) ) ;
#1300 = CARTESIAN_POINT ( 'NONE',  ( -19.15954104157178151, 3.290663783758865701, 0.000000000000000000 ) ) ;
#1301 =( LENGTH_UNIT ( ) NAMED_UNIT ( * ) SI_UNIT ( .MILLI., .METRE. ) );
#1302 =( NAMED_UNIT ( * ) PLANE_ANGLE_UNIT ( ) SI_UNIT ( $, .RADIAN. ) );
#1303 = EDGE_LOOP ( 'NONE', ( #8764, #7561, #6828, #5487 ) ) ;
#1304 = EDGE_CURVE ( 'NONE', #1210, #2775, #4367, .T. ) ;
#1305 = CARTESIAN_POINT ( 'NONE',  ( -18.41112173164944465, -3.248091478621463413, -0.1000000000000000056 ) ) ;
#1306 = ADVANCED_FACE ( 'NONE', ( #7131 ), #678, .T. ) ;
#1307 = CARTESIAN_POINT ( 'NONE',  ( -19.24352355149337868, -1.704868082237302573, 0.000000000000000000 ) ) ;
#1308 = CARTESIAN_POINT ( 'NONE',  ( -18.82385133042687286, 3.984318174862395256, 0.000000000000000000 ) ) ;
#1309 = DIRECTION ( 'NONE',  ( 0.000000000000000000, -0.000000000000000000, -1.000000000000000000 ) ) ;
#1310 = CARTESIAN_POINT ( 'NONE',  ( -18.95504362274490262, -3.053188778485784738, 0.000000000000000000 ) ) ;
#1311 = CARTESIAN_POINT ( 'NONE',  ( -18.91652171837176866, -1.298160403048310707, 1.355252715606880543E-17 ) ) ;
#1312 = CARTESIAN_POINT ( 'NONE',  ( -18.17111153539203983, 0.9947247834416780288, -0.1000000000000000056 ) ) ;
#1313 = ORIENTED_EDGE ( 'NONE', *, *, #2982, .T. ) ;
#1314 = CARTESIAN_POINT ( 'NONE',  ( -18.21120118687360545, -0.3232693381920512254, -0.1000000000000000056 ) ) ;
#1315 = SURFACE_STYLE_USAGE ( .BOTH. , #5044 ) ;
#1316 = CARTESIAN_POINT ( 'NONE',  ( -18.41507688977921475, 0.8310918744405112468, -0.1000000000000000056 ) ) ;
#1317 = CARTESIAN_POINT ( 'NONE',  ( -19.88617744556443867, -0.3463014106120232416, -0.1000000000000000056 ) ) ;
#1318 = CARTESIAN_POINT ( 'NONE',  ( -18.62486816906040588, -3.857681525247253163, -0.1000000000000000056 ) ) ;
#1319 = ORIENTED_EDGE ( 'NONE', *, *, #4779, .T. ) ;
#1320 = EDGE_LOOP ( 'NONE', ( #5471, #5523, #2653, #7552, #1891, #1363, #1875, #3563, #4560, #1836, #6802, #3755, #6916, #2322, #2089 ) ) ;
#1321 = CARTESIAN_POINT ( 'NONE',  ( 20.49999999999999645, 8.444999999999998508, 3.000000000000000000 ) ) ;
#1322 = CARTESIAN_POINT ( 'NONE',  ( -20.11016722181046390, 1.942692305246987994, -0.1000000000000000056 ) ) ;
#1323 = AXIS2_PLACEMENT_3D ( 'NONE', #2647, #8465, #1382 ) ;
#1324 = PRESENTATION_LAYER_ASSIGNMENT (  '', '', ( #5338 ) ) ;
#1325 = CARTESIAN_POINT ( 'NONE',  ( -18.10687864759171362, 3.332794793446856918, 0.000000000000000000 ) ) ;
#1326 = CARTESIAN_POINT ( 'NONE',  ( -20.10495762525006214, 3.475528244376112408, -0.1000000000000000056 ) ) ;
#1327 =( NAMED_UNIT ( * ) PLANE_ANGLE_UNIT ( ) SI_UNIT ( $, .RADIAN. ) );
#1328 = CARTESIAN_POINT ( 'NONE',  ( -18.08119546074275519, 1.929449412027993915, -0.1000000000000000056 ) ) ;
#1329 = CARTESIAN_POINT ( 'NONE',  ( -19.41958249066706443, 1.263994582680181500, 0.000000000000000000 ) ) ;
#1330 = STYLED_ITEM ( 'NONE', ( #6558 ), #7373 ) ;
#1331 = CARTESIAN_POINT ( 'NONE',  ( -18.42445239319404138, 2.119130011960311588, 0.000000000000000000 ) ) ;
#1332 = CARTESIAN_POINT ( 'NONE',  ( 22.50000000000000000, -10.44500000000000028, 3.000000000000000000 ) ) ;
#1333 = CARTESIAN_POINT ( 'NONE',  ( -19.78704005653693443, 3.388719039845911496, 0.000000000000000000 ) ) ;
#1334 = PRESENTATION_LAYER_ASSIGNMENT (  '', '', ( #591 ) ) ;
#1335 = CARTESIAN_POINT ( 'NONE',  ( -20.07701510184501359, -0.2652680781706576729, 0.000000000000000000 ) ) ;
#1336 = CARTESIAN_POINT ( 'NONE',  ( -19.43558226723079230, 3.942369181315102278, -0.1000000000000000056 ) ) ;
#1337 = FILL_AREA_STYLE ('',( #1531 ) ) ;
#1338 = VERTEX_POINT ( 'NONE', #7941 ) ;
#1339 = MECHANICAL_DESIGN_GEOMETRIC_PRESENTATION_REPRESENTATION (  '', ( #5813 ), #8935 ) ;
#1340 = CARTESIAN_POINT ( 'NONE',  ( -18.22740898456244452, 4.246622875533979879, -0.1000000000000000056 ) ) ;
#1341 = CARTESIAN_POINT ( 'NONE',  ( -19.82765216647192119, 1.938278007507323153, 1.355252715606880543E-17 ) ) ;
#1342 = CARTESIAN_POINT ( 'NONE',  ( -19.88441778669896820, 0.03801809679747307491, -0.1000000000000000056 ) ) ;
#1343 = PRESENTATION_LAYER_ASSIGNMENT (  '', '', ( #2690 ) ) ;
#1344 = CARTESIAN_POINT ( 'NONE',  ( -19.00417395417479227, -0.8575280205613997619, -0.1000000000000000056 ) ) ;
#1345 = FACE_OUTER_BOUND ( 'NONE', #2117, .T. ) ;
#1346 = STYLED_ITEM ( 'NONE', ( #4460 ), #2054 ) ;
#1347 = CARTESIAN_POINT ( 'NONE',  ( -18.72123792344973481, -2.952509599442533883, -0.1000000000000000056 ) ) ;
#1348 = CARTESIAN_POINT ( 'NONE',  ( -18.44667818956389382, -0.7688256514506229822, 0.000000000000000000 ) ) ;
#1349 = COLOUR_RGB ( '',0.8666666666666666963, 0.9098039215686274384, 1.000000000000000000 ) ;
#1350 = CARTESIAN_POINT ( 'NONE',  ( -19.76202226110594040, 2.122077727960236970, -0.1000000000000000056 ) ) ;
#1351 = CARTESIAN_POINT ( 'NONE',  ( -1.539999999999999591, -8.406000000000007688, 3.000000000000000000 ) ) ;
#1352 = ORIENTED_EDGE ( 'NONE', *, *, #8769, .T. ) ;
#1353 = FACE_OUTER_BOUND ( 'NONE', #8560, .T. ) ;
#1354 = CARTESIAN_POINT ( 'NONE',  ( -18.54627209909214258, -3.864245750441775762, 0.000000000000000000 ) ) ;
#1355 = COLOUR_RGB ( '',0.8666666666666666963, 0.9098039215686274384, 1.000000000000000000 ) ;
#1356 = FILL_AREA_STYLE ('',( #5826 ) ) ;
#1357 = CARTESIAN_POINT ( 'NONE',  ( -19.68411583654080488, -2.719918963373671783, -0.1000000000000000056 ) ) ;
#1358 = EDGE_CURVE ( 'NONE', #1005, #9039, #2874, .T. ) ;
#1359 = B_SPLINE_SURFACE_WITH_KNOTS ( 'NONE', 3, 1, ( 
 ( #4699, #9036 ),
 ( #8191, #5442 ),
 ( #6070, #7644 ),
 ( #6025, #6206 ),
 ( #326, #5397 ),
 ( #368, #8992 ),
 ( #6909, #4651 ),
 ( #3185, #3271 ),
 ( #8142, #4056 ),
 ( #8859, #2476 ),
 ( #7512, #1154 ) ),
 .UNSPECIFIED., .F., .F., .F.,
 ( 4, 1, 1, 1, 1, 1, 1, 1, 4 ),
 ( 2, 2 ),
 ( 0.000000000000000000, 0.1114715458088110234, 0.2241751454234940932, 0.3432508452318505099, 0.4742655188123585663, 0.6072405107465497220, 0.7347692292926802926, 0.8647702990993452188, 1.000000000000000000 ),
 ( 0.000000000000000000, 1.000000000000000000 ),
 .UNSPECIFIED. ) ;
#1360 = SURFACE_SIDE_STYLE ('',( #5143 ) ) ;
#1361 = CARTESIAN_POINT ( 'NONE',  ( -18.68153995333715756, -1.142901814778646274, 1.355252715606880543E-17 ) ) ;
#1362 = CARTESIAN_POINT ( 'NONE',  ( -18.53447598344275349, 2.555073718399941463, 0.000000000000000000 ) ) ;
#1363 = ORIENTED_EDGE ( 'NONE', *, *, #1545, .T. ) ;
#1364 = FACE_OUTER_BOUND ( 'NONE', #3972, .T. ) ;
#1365 = SURFACE_STYLE_FILL_AREA ( #7841 ) ;
#1366 = CARTESIAN_POINT ( 'NONE',  ( -18.32367715252594920, 1.010177934926482335, 0.000000000000000000 ) ) ;
#1367 = CARTESIAN_POINT ( 'NONE',  ( -19.40199950846368893, -3.962194269274252001, -0.1000000000000000056 ) ) ;
#1368 = CARTESIAN_POINT ( 'NONE',  ( -18.80545494119295569, -3.582429304061712561, -0.1000000000000000056 ) ) ;
#1369 = EDGE_LOOP ( 'NONE', ( #7064, #6531 ) ) ;
#1370 = ORIENTED_EDGE ( 'NONE', *, *, #5849, .F. ) ;
#1371 = CARTESIAN_POINT ( 'NONE',  ( -19.82288567689162306, 1.879181091382861490, 0.000000000000000000 ) ) ;
#1372 = CARTESIAN_POINT ( 'NONE',  ( -20.09674023784777219, -2.053243427651604058, 0.000000000000000000 ) ) ;
#1373 = UNCERTAINTY_MEASURE_WITH_UNIT (LENGTH_MEASURE( 1.000000000000000082E-05 ), #2480, 'distance_accuracy_value', 'NONE');
#1374 = CARTESIAN_POINT ( 'NONE',  ( -18.32197533745173956, 3.094422715504962174, -0.1000000000000000056 ) ) ;
#1375 = CARTESIAN_POINT ( 'NONE',  ( -19.22734172585815315, 3.170181789003156503, 0.000000000000000000 ) ) ;
#1376 = CARTESIAN_POINT ( 'NONE',  ( -20.10971819592883847, 1.925559497856180968, -0.1000000000000000056 ) ) ;
#1377 = B_SPLINE_CURVE_WITH_KNOTS ( 'NONE', 3,
 ( #3551, #2851, #7157, #5032, #6449, #751, #5739, #8580, #2193, #5598, #7872 ),
 .UNSPECIFIED., .F., .F.,
 ( 4, 1, 1, 1, 1, 1, 1, 1, 4 ),
 ( 0.000000000000000000, 0.1245655558609946312, 0.2459908538353197949, 0.3703277289655541038, 0.4997907297413654026, 0.6288999521096533263, 0.7511677673232211028, 0.8724590602375718040, 1.000000000000000000 ),
 .UNSPECIFIED. ) ;
#1378 = CARTESIAN_POINT ( 'NONE',  ( -19.18960306831089468, 0.8118610229390309518, -0.1000000000000000056 ) ) ;
#1379 = CARTESIAN_POINT ( 'NONE',  ( -18.21746023288989846, 2.339211536964302063, 0.000000000000000000 ) ) ;
#1380 = CARTESIAN_POINT ( 'NONE',  ( -19.35140707272520899, -3.130916015438224509, -0.1000000000000000056 ) ) ;
#1381 = CARTESIAN_POINT ( 'NONE',  ( -20.10971819592883847, 1.925559497856180968, -0.000000000000000000 ) ) ;
#1382 = DIRECTION ( 'NONE',  ( 0.000000000000000000, 0.000000000000000000, 1.000000000000000000 ) ) ;
#1383 = CARTESIAN_POINT ( 'NONE',  ( -19.83769766204326146, 3.486927190664106391, 0.000000000000000000 ) ) ;
#1384 = CARTESIAN_POINT ( 'NONE',  ( -19.24156321266422509, -3.348197533890458377, 1.355252715606880543E-17 ) ) ;
#1385 = CARTESIAN_POINT ( 'NONE',  ( -19.62225192208060420, -3.849696316186396849, 0.000000000000000000 ) ) ;
#1386 = CARTESIAN_POINT ( 'NONE',  ( -18.11507178873201696, 4.132191378395137171, 0.000000000000000000 ) ) ;
#1387 = CARTESIAN_POINT ( 'NONE',  ( 0.000000000000000000, -8.406000000000007688, 3.100000000000000089 ) ) ;
#1388 = EDGE_LOOP ( 'NONE', ( #2157, #8965, #3377, #7559 ) ) ;
#1389 = CARTESIAN_POINT ( 'NONE',  ( -20.07620572860295738, -2.246644970359644500, 0.000000000000000000 ) ) ;
#1390 = CARTESIAN_POINT ( 'NONE',  ( -18.08172384105899866, 1.952213940317206742, -0.1000000000000000056 ) ) ;
#1391 = APPLICATION_CONTEXT ( 'automotive_design' ) ;
#1392 = CARTESIAN_POINT ( 'NONE',  ( -19.03936543268366322, -3.980627007053595179, 0.000000000000000000 ) ) ;
#1393 = CARTESIAN_POINT ( 'NONE',  ( -19.05969679639674297, 2.272925519885498069, 0.000000000000000000 ) ) ;
#1394 = CARTESIAN_POINT ( 'NONE',  ( -19.65648994907517277, -3.827441160106387130, -0.1000000000000000056 ) ) ;
#1395 =( NAMED_UNIT ( * ) SI_UNIT ( $, .STERADIAN. ) SOLID_ANGLE_UNIT ( ) );
#1396 = CARTESIAN_POINT ( 'NONE',  ( -19.92222675955006395, -0.3455097188889115212, 0.000000000000000000 ) ) ;
#1397 =( LENGTH_UNIT ( ) NAMED_UNIT ( * ) SI_UNIT ( .MILLI., .METRE. ) );
#1398 = FACE_BOUND ( 'NONE', #7697, .T. ) ;
#1399 = ORIENTED_EDGE ( 'NONE', *, *, #1702, .T. ) ;
#1400 = VECTOR ( 'NONE', #367, 1000.000000000000114 ) ;
#1401 = CARTESIAN_POINT ( 'NONE',  ( -18.33802732923233947, -3.506958904266358257, 0.000000000000000000 ) ) ;
#1402 = CARTESIAN_POINT ( 'NONE',  ( -18.46016978697587518, -3.826920102969535442, -0.1000000000000000056 ) ) ;
#1403 = VERTEX_POINT ( 'NONE', #3528 ) ;
#1404 = MECHANICAL_DESIGN_GEOMETRIC_PRESENTATION_REPRESENTATION (  '', ( #821 ), #3659 ) ;
#1405 = CARTESIAN_POINT ( 'NONE',  ( -19.86828259011749864, -2.829333067576274008, 0.000000000000000000 ) ) ;
#1406 = CARTESIAN_POINT ( 'NONE',  ( -18.85007159115672692, 1.256551883876812825, -0.1000000000000000056 ) ) ;
#1407 = SURFACE_STYLE_USAGE ( .BOTH. , #7168 ) ;
#1408 = CARTESIAN_POINT ( 'NONE',  ( -18.75475447120654238, -0.7392843202665990709, 1.355252715606880543E-17 ) ) ;
#1409 = ORIENTED_EDGE ( 'NONE', *, *, #2319, .F. ) ;
#1410 = CARTESIAN_POINT ( 'NONE',  ( -19.90099884885801274, -4.087338382032381645, 0.000000000000000000 ) ) ;
#1411 = CARTESIAN_POINT ( 'NONE',  ( -20.11016722181046390, -2.130901908874511808, -0.1000000000000000056 ) ) ;
#1412 = CARTESIAN_POINT ( 'NONE',  ( -19.73923445366678919, -3.213860117287928642, -0.1000000000000000056 ) ) ;
#1413 = AXIS2_PLACEMENT_3D ( 'NONE', #164, #7984, #6654 ) ;
#1414 = CARTESIAN_POINT ( 'NONE',  ( -20.03721567836697304, 3.928101776601644612, -0.1000000000000000056 ) ) ;
#1415 = CARTESIAN_POINT ( 'NONE',  ( -18.79197942421374634, -3.629173216096271304, 0.000000000000000000 ) ) ;
#1416 = AXIS2_PLACEMENT_3D ( 'NONE', #1264, #6215, #6880 ) ;
#1417 = VERTEX_POINT ( 'NONE', #4958 ) ;
#1418 = VERTEX_POINT ( 'NONE', #5757 ) ;
#1419 = FILL_AREA_STYLE ('',( #772 ) ) ;
#1420 = CARTESIAN_POINT ( 'NONE',  ( -18.29544728036928802, -2.861874470167900419, -0.1000000000000000056 ) ) ;
#1421 = CARTESIAN_POINT ( 'NONE',  ( -18.11807622303146204, 3.234349173421707135, 0.000000000000000000 ) ) ;
#1422 = CARTESIAN_POINT ( 'NONE',  ( -18.93213297688625829, -0.8021376415227529089, 0.000000000000000000 ) ) ;
#1423 = CARTESIAN_POINT ( 'NONE',  ( -20.10369538454544625, 1.841654894363345951, 0.000000000000000000 ) ) ;
#1424 = CARTESIAN_POINT ( 'NONE',  ( -18.26298426765804095, 4.248159624735513340, 0.000000000000000000 ) ) ;
#1425 = CARTESIAN_POINT ( 'NONE',  ( -18.47487055916194976, 2.529392604827880309, -0.1000000000000000056 ) ) ;
#1426 = CARTESIAN_POINT ( 'NONE',  ( -19.46237941354222301, -3.925486112662318394, 0.000000000000000000 ) ) ;
#1427 = ADVANCED_FACE ( 'NONE', ( #5050, #1558 ), #4268, .T. ) ;
#1428 = CARTESIAN_POINT ( 'NONE',  ( -19.54342977507056034, -3.891814513880406334, -0.1000000000000000056 ) ) ;
#1429 = EDGE_CURVE ( 'NONE', #3824, #981, #3564, .T. ) ;
#1430 = CARTESIAN_POINT ( 'NONE',  ( -18.35160598497116879, 1.401428877245353144, 0.000000000000000000 ) ) ;
#1431 = CARTESIAN_POINT ( 'NONE',  ( -20.04463625051677056, 1.655282106254094554, -0.1000000000000000056 ) ) ;
#1432 = CARTESIAN_POINT ( 'NONE',  ( -19.27585837024449233, -3.245712554813257267, -0.1000000000000000056 ) ) ;
#1433 = CARTESIAN_POINT ( 'NONE',  ( -19.58506729820404857, -3.871507384510238126, 0.000000000000000000 ) ) ;
#1434 = B_SPLINE_SURFACE_WITH_KNOTS ( 'NONE', 3, 1, ( 
 ( #1328, #1284 ),
 ( #2077, #2178 ),
 ( #5017, #3535 ),
 ( #2739, #4183 ),
 ( #4137, #2032 ),
 ( #7812, #3629 ),
 ( #7855, #3445 ),
 ( #5673, #90 ),
 ( #1472, #1379 ),
 ( #638, #2829 ),
 ( #6990, #8415 ),
 ( #8514, #6479 ),
 ( #4922, #4324 ),
 ( #3490, #5579 ),
 ( #1425, #4279 ) ),
 .UNSPECIFIED., .F., .F., .F.,
 ( 4, 1, 1, 1, 1, 1, 1, 1, 1, 1, 1, 1, 4 ),
 ( 2, 2 ),
 ( 0.000000000000000000, 0.08952427709590991822, 0.1754766049522667459, 0.2586909596412973467, 0.3397224667510413965, 0.4195422710018931745, 0.4983216921810360578, 0.5769322473500460013, 0.6566392467508933573, 0.7378703790793303963, 0.8224787060298337504, 0.9089304481639295386, 1.000000000000000000 ),
 ( 0.000000000000000000, 1.000000000000000000 ),
 .UNSPECIFIED. ) ;
#1435 = DIRECTION ( 'NONE',  ( -0.000000000000000000, -0.000000000000000000, -1.000000000000000000 ) ) ;
#1436 = EDGE_LOOP ( 'NONE', ( #6177, #2195 ) ) ;
#1437 = CARTESIAN_POINT ( 'NONE',  ( -18.14439319488221258, 4.197543939735908225, -0.1000000000000000056 ) ) ;
#1438 = DIRECTION ( 'NONE',  ( 1.000000000000000000, 0.000000000000000000, 0.000000000000000000 ) ) ;
#1439 = LINE ( 'NONE', #7780, #2448 ) ;
#1440 = PRODUCT_DEFINITION_SHAPE ( 'NONE', 'NONE',  #6901 ) ;
#1441 = CARTESIAN_POINT ( 'NONE',  ( -19.03772146964434597, 3.503682885544967096, -0.1000000000000000056 ) ) ;
#1442 = CARTESIAN_POINT ( 'NONE',  ( -19.20390658096726710, 3.042885245656838933, -0.1000000000000000056 ) ) ;
#1443 = UNCERTAINTY_MEASURE_WITH_UNIT (LENGTH_MEASURE( 1.000000000000000082E-05 ), #8291, 'distance_accuracy_value', 'NONE');
#1444 = DIRECTION ( 'NONE',  ( 1.000000000000000000, 0.000000000000000000, 0.000000000000000000 ) ) ;
#1445 = CARTESIAN_POINT ( 'NONE',  ( -19.82708479948694347, 1.969428031061269513, -0.1000000000000000056 ) ) ;
#1446 =( LENGTH_UNIT ( ) NAMED_UNIT ( * ) SI_UNIT ( .MILLI., .METRE. ) );
#1447 = ORIENTED_EDGE ( 'NONE', *, *, #8578, .T. ) ;
#1448 = SURFACE_STYLE_FILL_AREA ( #7835 ) ;
#1449 = LINE ( 'NONE', #8436, #4602 ) ;
#1450 = CARTESIAN_POINT ( 'NONE',  ( -19.01341534788206289, 2.974955146931854699, 0.000000000000000000 ) ) ;
#1451 = CARTESIAN_POINT ( 'NONE',  ( 0.000000000000000000, -8.406000000000007688, 3.100000000000000089 ) ) ;
#1452 = CARTESIAN_POINT ( 'NONE',  ( -18.54901014349219324, 1.309616832906178363, -0.1000000000000000056 ) ) ;
#1453 = SURFACE_STYLE_FILL_AREA ( #9195 ) ;
#1454 = EDGE_CURVE ( 'NONE', #4211, #5131, #500, .T. ) ;
#1455 = CARTESIAN_POINT ( 'NONE',  ( -19.00921187359339726, 2.631677728010221262, -0.1000000000000000056 ) ) ;
#1456 = DIRECTION ( 'NONE',  ( -0.000000000000000000, 0.000000000000000000, 1.000000000000000000 ) ) ;
#1457 = DIRECTION ( 'NONE',  ( -0.000000000000000000, -0.000000000000000000, 1.000000000000000000 ) ) ;
#1458 = B_SPLINE_CURVE_WITH_KNOTS ( 'NONE', 3,
 ( #5479, #4188, #9029, #5584, #4877, #1195, #8316, #8420, #8518, #3359, #3539 ),
 .UNSPECIFIED., .F., .F.,
 ( 4, 1, 1, 1, 1, 1, 1, 1, 4 ),
 ( 0.000000000000000000, 0.07515934448808592183, 0.1633778205362386160, 0.2662965420498409341, 0.3833175794359116595, 0.5142533600420532425, 0.6607945581205604269, 0.8232004060776951793, 1.000000000000000000 ),
 .UNSPECIFIED. ) ;
#1459 = CARTESIAN_POINT ( 'NONE',  ( -19.65173472936560728, -3.113808264679263083, 0.000000000000000000 ) ) ;
#1460 = EDGE_CURVE ( 'NONE', #5835, #4662, #3728, .T. ) ;
#1461 = SURFACE_SIDE_STYLE ('',( #2166 ) ) ;
#1462 = DIRECTION ( 'NONE',  ( -0.000000000000000000, -0.000000000000000000, -1.000000000000000000 ) ) ;
#1463 = VERTEX_POINT ( 'NONE', #2307 ) ;
#1464 = ORIENTED_EDGE ( 'NONE', *, *, #3609, .F. ) ;
#1465 = CARTESIAN_POINT ( 'NONE',  ( -19.76473815090729502, 1.758881379167298364, 0.000000000000000000 ) ) ;
#1466 = CARTESIAN_POINT ( 'NONE',  ( -20.11016722181046390, -2.130901908874511808, -0.1000000000000000056 ) ) ;
#1467 = UNCERTAINTY_MEASURE_WITH_UNIT (LENGTH_MEASURE( 1.000000000000000082E-05 ), #930, 'distance_accuracy_value', 'NONE');
#1468 = CARTESIAN_POINT ( 'NONE',  ( -18.20566979272348007, -4.025320841620651180, -0.1000000000000000056 ) ) ;
#1469 = CARTESIAN_POINT ( 'NONE',  ( -5.080000000000000071, -8.406000000000007688, -0.09999999999999982514 ) ) ;
#1470 = CARTESIAN_POINT ( 'NONE',  ( -20.06442702035639059, 1.700104778732903110, -0.1000000000000000056 ) ) ;
#1471 = ORIENTED_EDGE ( 'NONE', *, *, #3849, .F. ) ;
#1472 = CARTESIAN_POINT ( 'NONE',  ( -18.21746023288989846, 2.339211536964302063, -0.1000000000000000056 ) ) ;
#1473 = CARTESIAN_POINT ( 'NONE',  ( -19.77026629585628115, 2.509327615102131315, 1.355252715606880543E-17 ) ) ;
#1474 = COLOUR_RGB ( '',0.000000000000000000, 0.1921568627450980227, 0.6549019607843137303 ) ;
#1475 = CARTESIAN_POINT ( 'NONE',  ( -19.25995938937284535, -1.133796288956432363, -0.1000000000000000056 ) ) ;
#1476 = AXIS2_PLACEMENT_3D ( 'NONE', #4215, #4522, #4434 ) ;
#1477 = B_SPLINE_CURVE_WITH_KNOTS ( 'NONE', 3,
 ( #5988, #332, #6075, #2434, #4485, #3832, #7475, #2343, #1639, #5234, #5187, #3879, #8726, #5276, #7430 ),
 .UNSPECIFIED., .F., .F.,
 ( 4, 1, 1, 1, 1, 1, 1, 1, 1, 1, 1, 1, 4 ),
 ( 0.000000000000000000, 0.07407688714068663693, 0.1427945705617572336, 0.2093768921062688360, 0.2765779332930129453, 0.3458924083704876251, 0.4174554413909642991, 0.4925010438251171130, 0.5715797787023655374, 0.6593770763349792174, 0.7600739645933066724, 0.8737540081986580054, 0.9999999999999998890 ),
 .UNSPECIFIED. ) ;
#1478 = CARTESIAN_POINT ( 'NONE',  ( -18.08206653552674936, 1.877843888124169469, 0.000000000000000000 ) ) ;
#1479 = DIRECTION ( 'NONE',  ( -0.000000000000000000, -0.000000000000000000, -1.000000000000000000 ) ) ;
#1480 = ADVANCED_FACE ( 'NONE', ( #7399 ), #336, .T. ) ;
#1481 = EDGE_CURVE ( 'NONE', #1338, #8895, #4307, .T. ) ;
#1482 = FACE_OUTER_BOUND ( 'NONE', #6452, .T. ) ;
#1483 = CARTESIAN_POINT ( 'NONE',  ( -19.56871230903987779, -1.348871396252154353, -0.1000000000000000056 ) ) ;
#1484 = FILL_AREA_STYLE ('',( #5026 ) ) ;
#1485 = CARTESIAN_POINT ( 'NONE',  ( -18.10804658454597416, 4.090185615981282830, -0.1000000000000000056 ) ) ;
#1486 = CARTESIAN_POINT ( 'NONE',  ( -18.41732958373462381, -4.190475927816401658, -0.1000000000000000056 ) ) ;
#1487 = DIRECTION ( 'NONE',  ( 0.000000000000000000, -1.000000000000000000, 0.000000000000000000 ) ) ;
#1488 = CARTESIAN_POINT ( 'NONE',  ( -18.57107283228923578, -2.770032115317873522, -0.1000000000000000056 ) ) ;
#1489 = STYLED_ITEM ( 'NONE', ( #3779 ), #7588 ) ;
#1490 = CARTESIAN_POINT ( 'NONE',  ( -18.41348154157584460, 0.8741935645647732622, 0.000000000000000000 ) ) ;
#1491 = ADVANCED_FACE ( 'NONE', ( #214 ), #4492, .T. ) ;
#1492 = CARTESIAN_POINT ( 'NONE',  ( -20.09618943189540374, -0.2314568442387917035, 0.000000000000000000 ) ) ;
#1493 = STYLED_ITEM ( 'NONE', ( #2000 ), #3324 ) ;
#1494 = CARTESIAN_POINT ( 'NONE',  ( 2.540000000000004476, -8.406000000000007688, 3.100000000000000089 ) ) ;
#1495 = LINE ( 'NONE', #2379, #7443 ) ;
#1496 = VERTEX_POINT ( 'NONE', #5317 ) ;
#1497 = COLOUR_RGB ( '',0.9960784313725490335, 0.8705882352941176627, 0.7607843137254901578 ) ;
#1498 = CARTESIAN_POINT ( 'NONE',  ( -18.34197768399841522, -3.427103890187773949, 0.000000000000000000 ) ) ;
#1499 = CARTESIAN_POINT ( 'NONE',  ( -18.52328770738523289, -3.860004513831261530, -0.1000000000000000056 ) ) ;
#1500 = EDGE_CURVE ( 'NONE', #8920, #6752, #2398, .T. ) ;
#1501 = AXIS2_PLACEMENT_3D ( 'NONE', #1615, #7282, #1528 ) ;
#1502 = ORIENTED_EDGE ( 'NONE', *, *, #8464, .F. ) ;
#1503 = CARTESIAN_POINT ( 'NONE',  ( -19.90001977332558880, -2.859416979040721341, 0.000000000000000000 ) ) ;
#1504 = CARTESIAN_POINT ( 'NONE',  ( -19.99419158119563988, -3.967249768575034086, 0.000000000000000000 ) ) ;
#1505 = CARTESIAN_POINT ( 'NONE',  ( -19.70609934158331811, -0.7912587149791584507, -0.1000000000000000056 ) ) ;
#1506 =( LENGTH_UNIT ( ) NAMED_UNIT ( * ) SI_UNIT ( .MILLI., .METRE. ) );
#1507 = FACE_BOUND ( 'NONE', #7479, .T. ) ;
#1508 = CARTESIAN_POINT ( 'NONE',  ( -19.06063192691740227, 1.605454830043311576, -0.1000000000000000056 ) ) ;
#1509 = CARTESIAN_POINT ( 'NONE',  ( -18.27133487210599583, 1.020028051547700709, -0.1000000000000000056 ) ) ;
#1510 = FILL_AREA_STYLE ('',( #7889 ) ) ;
#1511 = STYLED_ITEM ( 'NONE', ( #2113 ), #6625 ) ;
#1512 = CARTESIAN_POINT ( 'NONE',  ( -19.03147337415421703, 3.601264355977374709, 0.000000000000000000 ) ) ;
#1513 = VERTEX_POINT ( 'NONE', #8827 ) ;
#1514 = DIRECTION ( 'NONE',  ( -0.000000000000000000, -0.000000000000000000, -1.000000000000000000 ) ) ;
#1515 = FACE_OUTER_BOUND ( 'NONE', #7947, .T. ) ;
#1517 = EDGE_CURVE ( 'NONE', #321, #3053, #2439, .T. ) ;
#1516 = CARTESIAN_POINT ( 'NONE',  ( -18.18151495160590869, -3.992245276628796358, -0.1000000000000000056 ) ) ;
#1518 = CARTESIAN_POINT ( 'NONE',  ( -19.51784872510636148, -4.262606417338054676, -0.1000000000000000056 ) ) ;
#1519 = PLANE ( 'NONE',  #7175 ) ;
#1520 = VECTOR ( 'NONE', #6590, 1000.000000000000000 ) ;
#1521 = ORIENTED_EDGE ( 'NONE', *, *, #3900, .T. ) ;
#1522 = DIRECTION ( 'NONE',  ( 0.000000000000000000, 0.000000000000000000, -1.000000000000000000 ) ) ;
#1523 = CARTESIAN_POINT ( 'NONE',  ( -18.90466162075310308, 0.7424532391164463396, -0.1000000000000000056 ) ) ;
#1524 = CARTESIAN_POINT ( 'NONE',  ( -19.15507937647404901, 1.245840525782203390, -0.1000000000000000056 ) ) ;
#1525 = CARTESIAN_POINT ( 'NONE',  ( -19.68288232406076332, 1.331027441209933881, -0.000000000000000000 ) ) ;
#1526 = EDGE_CURVE ( 'NONE', #2762, #9044, #5506, .T. ) ;
#1527 = SURFACE_STYLE_USAGE ( .BOTH. , #2227 ) ;
#1528 = DIRECTION ( 'NONE',  ( -0.000000000000000000, 0.000000000000000000, 1.000000000000000000 ) ) ;
#1529 = PRESENTATION_STYLE_ASSIGNMENT (( #7911 ) ) ;
#1530 = CARTESIAN_POINT ( 'NONE',  ( -19.12939052401586792, 1.245634562174478210, 0.000000000000000000 ) ) ;
#1531 = FILL_AREA_STYLE_COLOUR ( '', #8983 ) ;
#1532 = CARTESIAN_POINT ( 'NONE',  ( -18.25073307987542037, 4.247630408903493304, -0.1000000000000000056 ) ) ;
#1533 = FACE_BOUND ( 'NONE', #6107, .T. ) ;
#1534 = CARTESIAN_POINT ( 'NONE',  ( -18.65201352551283875, -3.082466258401008741, 0.000000000000000000 ) ) ;
#1535 = DIRECTION ( 'NONE',  ( 0.000000000000000000, -1.000000000000000000, 0.000000000000000000 ) ) ;
#1536 = UNCERTAINTY_MEASURE_WITH_UNIT (LENGTH_MEASURE( 1.000000000000000082E-05 ), #206, 'distance_accuracy_value', 'NONE');
#1537 = MECHANICAL_DESIGN_GEOMETRIC_PRESENTATION_REPRESENTATION (  '', ( #7935 ), #5257 ) ;
#1538 = CARTESIAN_POINT ( 'NONE',  ( -18.18693728839977553, -0.9997477817269295741, -0.1000000000000000056 ) ) ;
#1539 = CARTESIAN_POINT ( 'NONE',  ( -19.31217078307000179, 2.266072109619344577, -0.1000000000000000056 ) ) ;
#1540 = SURFACE_STYLE_USAGE ( .BOTH. , #6639 ) ;
#1541 = ORIENTED_EDGE ( 'NONE', *, *, #5672, .F. ) ;
#1542 = CARTESIAN_POINT ( 'NONE',  ( -19.33886901675268533, -4.088041006724040471, -0.1000000000000000056 ) ) ;
#1543 = CARTESIAN_POINT ( 'NONE',  ( -18.94941507333924946, -1.453810732743010092, -0.1000000000000000056 ) ) ;
#1544 = VECTOR ( 'NONE', #4004, 1000.000000000000000 ) ;
#1545 = EDGE_CURVE ( 'NONE', #3262, #6796, #388, .T. ) ;
#1546 = ORIENTED_EDGE ( 'NONE', *, *, #4135, .T. ) ;
#1547 = CARTESIAN_POINT ( 'NONE',  ( -19.15093773803311095, 1.605306630816814684, -0.1000000000000000056 ) ) ;
#1548 = LINE ( 'NONE', #710, #7668 ) ;
#1549 = CARTESIAN_POINT ( 'NONE',  ( -19.58282237092466715, -4.259318086769810385, 0.000000000000000000 ) ) ;
#1550 = CARTESIAN_POINT ( 'NONE',  ( -18.39995352721988908, -0.7896768694622852136, -0.1000000000000000056 ) ) ;
#1551 = CIRCLE ( 'NONE', #3640, 1.700000000000000178 ) ;
#1552 =( NAMED_UNIT ( * ) PLANE_ANGLE_UNIT ( ) SI_UNIT ( $, .RADIAN. ) );
#1553 = CARTESIAN_POINT ( 'NONE',  ( -18.49660553732481461, -2.769471845902841345, 0.000000000000000000 ) ) ;
#1554 = CARTESIAN_POINT ( 'NONE',  ( -19.62620192463313629, -3.097691901166142348, 0.000000000000000000 ) ) ;
#1555 = CARTESIAN_POINT ( 'NONE',  ( -19.83350506900698562, 4.169956983834773645, -0.1000000000000000056 ) ) ;
#1556 = CARTESIAN_POINT ( 'NONE',  ( -19.04156436645812178, 3.691616293608123822, 0.000000000000000000 ) ) ;
#1557 = ORIENTED_EDGE ( 'NONE', *, *, #4571, .T. ) ;
#1558 = FACE_BOUND ( 'NONE', #3850, .T. ) ;
#1559 = CARTESIAN_POINT ( 'NONE',  ( -18.05696646916399928, -3.390120074878027356, -0.1000000000000000056 ) ) ;
#1560 = UNCERTAINTY_MEASURE_WITH_UNIT (LENGTH_MEASURE( 1.000000000000000082E-05 ), #4410, 'distance_accuracy_value', 'NONE');
#1561 = CARTESIAN_POINT ( 'NONE',  ( -20.11016722181046745, 3.590429261525470039, -0.1000000000000000056 ) ) ;
#1562 = CARTESIAN_POINT ( 'NONE',  ( -19.03579168062076477, -0.8917009304929819358, 0.000000000000000000 ) ) ;
#1563 = CARTESIAN_POINT ( 'NONE',  ( -20.09671296323138279, -0.07623170956709024448, -0.1000000000000000056 ) ) ;
#1564 = ORIENTED_EDGE ( 'NONE', *, *, #945, .F. ) ;
#1565 = VECTOR ( 'NONE', #3023, 1000.000000000000000 ) ;
#1566 = CARTESIAN_POINT ( 'NONE',  ( -20.11016722181046745, -0.8904842440287276117, 0.000000000000000000 ) ) ;
#1567 = EDGE_CURVE ( 'NONE', #8274, #2523, #4631, .T. ) ;
#1568 = CARTESIAN_POINT ( 'NONE',  ( -19.06913051141696513, 0.8832129295430076743, -0.1000000000000000056 ) ) ;
#1569 = CARTESIAN_POINT ( 'NONE',  ( -19.05795916059220119, 0.8836621475219728072, 1.355252715606880543E-17 ) ) ;
#1570 =( GEOMETRIC_REPRESENTATION_CONTEXT ( 3 ) GLOBAL_UNCERTAINTY_ASSIGNED_CONTEXT ( ( #2215 ) ) GLOBAL_UNIT_ASSIGNED_CONTEXT ( ( #7614, #3420, #8292 ) ) REPRESENTATION_CONTEXT ( 'NONE', 'WORKASPACE' ) );
#1571 = CARTESIAN_POINT ( 'NONE',  ( -20.10971359229109012, -3.502551256743565933, -0.1000000000000000056 ) ) ;
#1572 = CARTESIAN_POINT ( 'NONE',  ( -19.70609934158331811, -0.7912587149791584507, -0.1000000000000000056 ) ) ;
#1573 = EDGE_LOOP ( 'NONE', ( #6153, #362, #2576, #1067 ) ) ;
#1574 = CARTESIAN_POINT ( 'NONE',  ( -12.50000000000000000, 0.000000000000000000, 16.00000000000000000 ) ) ;
#1575 = FACE_OUTER_BOUND ( 'NONE', #1848, .T. ) ;
#1576 = CARTESIAN_POINT ( 'NONE',  ( -18.66747826556861867, 2.240450974000034456, -0.1000000000000000056 ) ) ;
#1577 = DIRECTION ( 'NONE',  ( -0.000000000000000000, -0.000000000000000000, 1.000000000000000000 ) ) ;
#1578 = CARTESIAN_POINT ( 'NONE',  ( -19.85282379552610976, 3.612561970055895078, 0.000000000000000000 ) ) ;
#1579 = CIRCLE ( 'NONE', #2369, 1.999999999999999556 ) ;
#1580 = CARTESIAN_POINT ( 'NONE',  ( -20.11016722181046745, 3.590429261525470039, 0.000000000000000000 ) ) ;
#1581 = SURFACE_SIDE_STYLE ('',( #8674 ) ) ;
#1582 = FACE_OUTER_BOUND ( 'NONE', #4705, .T. ) ;
#1583 = SURFACE_STYLE_FILL_AREA ( #4553 ) ;
#1584 = EDGE_LOOP ( 'NONE', ( #6655, #8776, #7461, #3911 ) ) ;
#1585 = FACE_OUTER_BOUND ( 'NONE', #4474, .T. ) ;
#1586 = ORIENTED_EDGE ( 'NONE', *, *, #8251, .F. ) ;
#1587 = CARTESIAN_POINT ( 'NONE',  ( -19.03147337415421703, 3.601264355977374709, -0.1000000000000000056 ) ) ;
#1588 = CARTESIAN_POINT ( 'NONE',  ( -19.77003449483759212, -3.280393464545779736, -0.1000000000000000056 ) ) ;
#1589 =( NAMED_UNIT ( * ) SI_UNIT ( $, .STERADIAN. ) SOLID_ANGLE_UNIT ( ) );
#1590 = ORIENTED_EDGE ( 'NONE', *, *, #8575, .F. ) ;
#1591 = CARTESIAN_POINT ( 'NONE',  ( -19.82288567689162306, 1.879181091382861490, -0.1000000000000000056 ) ) ;
#1592 = CARTESIAN_POINT ( 'NONE',  ( -20.11016722181046390, -2.130901908874511808, -0.1000000000000000056 ) ) ;
#1593 = CARTESIAN_POINT ( 'NONE',  ( -18.84913958735970141, -0.7621804236680875810, -0.1000000000000000056 ) ) ;
#1594 = CARTESIAN_POINT ( 'NONE',  ( -19.35625438807534593, -1.033986697313229453, 0.000000000000000000 ) ) ;
#1595 = ADVANCED_FACE ( 'NONE', ( #6923 ), #9102, .F. ) ;
#1596 = DIRECTION ( 'NONE',  ( 1.000000000000000000, 0.000000000000000000, -0.000000000000000000 ) ) ;
#1597 = CARTESIAN_POINT ( 'NONE',  ( -18.33477471685475635, -2.831879000143699976, 0.000000000000000000 ) ) ;
#1598 = CARTESIAN_POINT ( 'NONE',  ( -19.95085120338801943, -0.6966564432779951410, 0.000000000000000000 ) ) ;
#1599 = LINE ( 'NONE', #4441, #7388 ) ;
#1600 = CARTESIAN_POINT ( 'NONE',  ( -18.36371051608129790, 1.935468908945718436, 0.000000000000000000 ) ) ;
#1601 = ORIENTED_EDGE ( 'NONE', *, *, #3267, .T. ) ;
#1602 = CARTESIAN_POINT ( 'NONE',  ( -18.36512499187151803, 1.891725041986249023, 0.000000000000000000 ) ) ;
#1603 = CARTESIAN_POINT ( 'NONE',  ( -18.33128094435477351, -2.323740287839115570, -0.1000000000000000056 ) ) ;
#1604 = CARTESIAN_POINT ( 'NONE',  ( -18.16627101717993042, -1.045787264506022440, -0.1000000000000000056 ) ) ;
#1605 = LINE ( 'NONE', #4449, #7595 ) ;
#1606 = ORIENTED_EDGE ( 'NONE', *, *, #266, .F. ) ;
#1607 = CARTESIAN_POINT ( 'NONE',  ( -18.41507688977921475, 4.052325325012205326, 0.000000000000000000 ) ) ;
#1608 = CARTESIAN_POINT ( 'NONE',  ( -18.10804658454597416, 4.090185615981282830, 0.000000000000000000 ) ) ;
#1609 = CARTESIAN_POINT ( 'NONE',  ( -18.90305743990942489, 0.7010707410176596488, -0.1000000000000000056 ) ) ;
#1610 = CARTESIAN_POINT ( 'NONE',  ( -19.33243470660848473, -2.695591818571395404, 0.000000000000000000 ) ) ;
#1611 = DIRECTION ( 'NONE',  ( -0.000000000000000000, 0.000000000000000000, 1.000000000000000000 ) ) ;
#1612 = ORIENTED_EDGE ( 'NONE', *, *, #1961, .T. ) ;
#1613 = CARTESIAN_POINT ( 'NONE',  ( -19.76337537573471792, 2.955233192249349994, 0.000000000000000000 ) ) ;
#1614 = ORIENTED_EDGE ( 'NONE', *, *, #9090, .T. ) ;
#1615 = CARTESIAN_POINT ( 'NONE',  ( -19.23693886894587735, -1.800230878194173600, -0.1000000000000000056 ) ) ;
#1616 =( NAMED_UNIT ( * ) SI_UNIT ( $, .STERADIAN. ) SOLID_ANGLE_UNIT ( ) );
#1617 = AXIS2_PLACEMENT_3D ( 'NONE', #3943, #7714, #6186 ) ;
#1618 = CARTESIAN_POINT ( 'NONE',  ( -19.43558226723079230, 3.942369181315102278, -0.1000000000000000056 ) ) ;
#1619 = CIRCLE ( 'NONE', #8763, 1.000000000000001776 ) ;
#1620 = CARTESIAN_POINT ( 'NONE',  ( -19.86497304736181491, 0.03852478027343772538, -0.1000000000000000056 ) ) ;
#1621 = SURFACE_SIDE_STYLE ('',( #2327 ) ) ;
#1622 = CARTESIAN_POINT ( 'NONE',  ( -4.999999999999995559, 6.294999999999998153, 6.000000000000000000 ) ) ;
#1623 = UNCERTAINTY_MEASURE_WITH_UNIT (LENGTH_MEASURE( 1.000000000000000082E-05 ), #2131, 'distance_accuracy_value', 'NONE');
#1624 =( NAMED_UNIT ( * ) PLANE_ANGLE_UNIT ( ) SI_UNIT ( $, .RADIAN. ) );
#1625 = ORIENTED_EDGE ( 'NONE', *, *, #4907, .T. ) ;
#1626 = DIRECTION ( 'NONE',  ( 0.000000000000000000, 0.000000000000000000, 1.000000000000000000 ) ) ;
#1627 =( LENGTH_UNIT ( ) NAMED_UNIT ( * ) SI_UNIT ( .MILLI., .METRE. ) );
#1628 = ORIENTED_EDGE ( 'NONE', *, *, #6892, .T. ) ;
#1629 = CARTESIAN_POINT ( 'NONE',  ( -20.06088285102987356, 3.278195185078712548, -0.1000000000000000056 ) ) ;
#1630 = CARTESIAN_POINT ( 'NONE',  ( -18.68153995333715756, -1.142901814778646274, -0.1000000000000000056 ) ) ;
#1631 = CARTESIAN_POINT ( 'NONE',  ( -19.31217078307000179, 2.266072109619344577, -0.1000000000000000056 ) ) ;
#1632 = COLOUR_RGB ( '',1.000000000000000000, 1.000000000000000000, 1.000000000000000000 ) ;
#1633 = ORIENTED_EDGE ( 'NONE', *, *, #3747, .F. ) ;
#1634 = CARTESIAN_POINT ( 'NONE',  ( -19.31832603685499095, 1.612464562196404438, -0.1000000000000000056 ) ) ;
#1635 = CIRCLE ( 'NONE', #2688, 0.5000000000000004441 ) ;
#1636 = CARTESIAN_POINT ( 'NONE',  ( -20.07876860249296058, -3.195935133352672430, 0.000000000000000000 ) ) ;
#1637 = CARTESIAN_POINT ( 'NONE',  ( -18.59485919772192375, -3.120908501942953439, -0.1000000000000000056 ) ) ;
#1638 = CARTESIAN_POINT ( 'NONE',  ( -18.27740063953795868, -0.8786820345865135051, -0.1000000000000000056 ) ) ;
#1639 = CARTESIAN_POINT ( 'NONE',  ( -19.27585837024449233, -3.245712554813257267, 0.000000000000000000 ) ) ;
#1640 = CARTESIAN_POINT ( 'NONE',  ( -18.12375278787382271, -3.096740741890679161, 0.000000000000000000 ) ) ;
#1641 = CARTESIAN_POINT ( 'NONE',  ( -19.59972421887207261, -3.084476636667433436, -0.1000000000000000056 ) ) ;
#1642 = CARTESIAN_POINT ( 'NONE',  ( -19.07593878657465680, 3.773769963462263899, 0.000000000000000000 ) ) ;
#1643 = COLOUR_RGB ( '',1.000000000000000000, 0.9607843137254902244, 0.8901960784313724950 ) ;
#1644 = ORIENTED_EDGE ( 'NONE', *, *, #6736, .T. ) ;
#1645 = PRESENTATION_LAYER_ASSIGNMENT (  '', '', ( #5671 ) ) ;
#1646 = EDGE_CURVE ( 'NONE', #3252, #4211, #2055, .T. ) ;
#1647 = DIRECTION ( 'NONE',  ( 0.000000000000000000, 0.000000000000000000, 1.000000000000000000 ) ) ;
#1648 = DIRECTION ( 'NONE',  ( 0.000000000000000000, 0.000000000000000000, 1.000000000000000000 ) ) ;
#1649 = CARTESIAN_POINT ( 'NONE',  ( -20.00613809597772530, -1.079661724528592881, -0.1000000000000000056 ) ) ;
#1650 = CARTESIAN_POINT ( 'NONE',  ( -19.36847621390428387, 1.617041908944811368, -0.1000000000000000056 ) ) ;
#1651 = CIRCLE ( 'NONE', #6869, 0.5000000000000013323 ) ;
#1652 = CARTESIAN_POINT ( 'NONE',  ( -18.14770494890115415, 0.9740147475229995466, 0.000000000000000000 ) ) ;
#1653 = VERTEX_POINT ( 'NONE', #7337 ) ;
#1654 = CARTESIAN_POINT ( 'NONE',  ( -19.89937395219337546, -1.148105272249591469, 0.000000000000000000 ) ) ;
#1655 = STYLED_ITEM ( 'NONE', ( #6884 ), #6521 ) ;
#1656 = DIRECTION ( 'NONE',  ( 0.000000000000000000, 0.000000000000000000, 1.000000000000000000 ) ) ;
#1657 = CARTESIAN_POINT ( 'NONE',  ( -18.42278837159914318, -3.789499691120965519, -0.1000000000000000056 ) ) ;
#1658 = CARTESIAN_POINT ( 'NONE',  ( -20.10386033204714096, -3.619166230999047773, -0.1000000000000000056 ) ) ;
#1659 =( GEOMETRIC_REPRESENTATION_CONTEXT ( 3 ) GLOBAL_UNCERTAINTY_ASSIGNED_CONTEXT ( ( #3041 ) ) GLOBAL_UNIT_ASSIGNED_CONTEXT ( ( #3683, #5081, #7919 ) ) REPRESENTATION_CONTEXT ( 'NONE', 'WORKASPACE' ) );
#1660 = ADVANCED_FACE ( 'NONE', ( #5875, #3772 ), #5916, .F. ) ;
#1661 = VERTEX_POINT ( 'NONE', #2329 ) ;
#1662 = CARTESIAN_POINT ( 'NONE',  ( 5.080000000000005400, -8.406000000000005912, 3.100000000000000089 ) ) ;
#1663 = DIRECTION ( 'NONE',  ( 1.000000000000000000, 0.000000000000000000, 0.000000000000000000 ) ) ;
#1664 = ORIENTED_EDGE ( 'NONE', *, *, #1778, .F. ) ;
#1665 =( GEOMETRIC_REPRESENTATION_CONTEXT ( 3 ) GLOBAL_UNCERTAINTY_ASSIGNED_CONTEXT ( ( #8623 ) ) GLOBAL_UNIT_ASSIGNED_CONTEXT ( ( #7289, #5647, #194 ) ) REPRESENTATION_CONTEXT ( 'NONE', 'WORKASPACE' ) );
#1666 = DIRECTION ( 'NONE',  ( 1.000000000000000000, 0.000000000000000000, 0.000000000000000000 ) ) ;
#1667 = DIRECTION ( 'NONE',  ( -0.000000000000000000, -0.000000000000000000, -1.000000000000000000 ) ) ;
#1668 = FACE_OUTER_BOUND ( 'NONE', #7740, .T. ) ;
#1669 = CARTESIAN_POINT ( 'NONE',  ( -19.35093585094681501, 1.255380462291809440, -0.1000000000000000056 ) ) ;
#1670 = CARTESIAN_POINT ( 'NONE',  ( -18.52795143393159805, -4.219539844967155950, -0.1000000000000000056 ) ) ;
#1671 = CARTESIAN_POINT ( 'NONE',  ( -19.56054240468395378, 2.591720397820874489, -0.1000000000000000056 ) ) ;
#1672 =( NAMED_UNIT ( * ) SI_UNIT ( $, .STERADIAN. ) SOLID_ANGLE_UNIT ( ) );
#1673 =( NAMED_UNIT ( * ) PLANE_ANGLE_UNIT ( ) SI_UNIT ( $, .RADIAN. ) );
#1674 = DIRECTION ( 'NONE',  ( 1.000000000000000000, 0.000000000000000000, 0.000000000000000000 ) ) ;
#1675 = EDGE_LOOP ( 'NONE', ( #80, #7761, #254, #2443 ) ) ;
#1676 = CARTESIAN_POINT ( 'NONE',  ( -5.080000000000000071, -8.406000000000007688, 3.000000000000000000 ) ) ;
#1678 = EDGE_CURVE ( 'NONE', #6798, #6560, #2557, .T. ) ;
#1677 = ORIENTED_EDGE ( 'NONE', *, *, #7038, .F. ) ;
#1679 = CARTESIAN_POINT ( 'NONE',  ( -19.62620192463313629, -3.097691901166142348, -0.1000000000000000056 ) ) ;
#1680 = CARTESIAN_POINT ( 'NONE',  ( -19.76202226110594040, 2.122077727960236970, 1.355252715606880543E-17 ) ) ;
#1681 = EDGE_CURVE ( 'NONE', #1707, #8503, #4511, .T. ) ;
#1682 = AXIS2_PLACEMENT_3D ( 'NONE', #6045, #8878, #8163 ) ;
#1683 = ORIENTED_EDGE ( 'NONE', *, *, #3198, .F. ) ;
#1684 = CARTESIAN_POINT ( 'NONE',  ( -19.16566061893224315, -3.655810152739176200, -0.1000000000000000056 ) ) ;
#1685 = CARTESIAN_POINT ( 'NONE',  ( -2.540000000000000036, -8.406000000000007688, 3.100000000000000089 ) ) ;
#1686 = CARTESIAN_POINT ( 'NONE',  ( -19.41159102803920788, -0.9867999023974299844, -0.1000000000000000056 ) ) ;
#1687 = CARTESIAN_POINT ( 'NONE',  ( -18.24188352006471803, -2.311937017675746553, 0.000000000000000000 ) ) ;
#1688 = DIRECTION ( 'NONE',  ( -0.9852117548196744901, -0.1713411747512474381, 0.000000000000000000 ) ) ;
#1689 = STYLED_ITEM ( 'NONE', ( #6066 ), #3986 ) ;
#1690 = CARTESIAN_POINT ( 'NONE',  ( -20.04618306759414281, -0.7351752697156943572, 0.000000000000000000 ) ) ;
#1691 = B_SPLINE_CURVE_WITH_KNOTS ( 'NONE', 3,
 ( #7973, #4299, #4125, #6976, #796, #3605, #110, #5518, #9111, #2729, #8632, #3002, #5565, #843, #1587 ),
 .UNSPECIFIED., .F., .F.,
 ( 4, 1, 1, 1, 1, 1, 1, 1, 1, 1, 1, 1, 4 ),
 ( 0.000000000000000000, 0.1053589723053370841, 0.2029760680342642676, 0.2959402060008507473, 0.3836510920238717648, 0.4670876711934597858, 0.5464415818684881243, 0.6223114907784088601, 0.6979259700195674654, 0.7724550321512897444, 0.8467087283597054537, 0.9222659934748491661, 1.000000000000000000 ),
 .UNSPECIFIED. ) ;
#1692 = PLANE ( 'NONE',  #7815 ) ;
#1693 = ORIENTED_EDGE ( 'NONE', *, *, #2594, .F. ) ;
#1694 = CARTESIAN_POINT ( 'NONE',  ( -19.90229205412016000, 4.112835990138377973, 0.000000000000000000 ) ) ;
#1695 = CARTESIAN_POINT ( 'NONE',  ( -18.44437177477880851, -1.299007434844970943, 0.000000000000000000 ) ) ;
#1696 = CYLINDRICAL_SURFACE ( 'NONE', #7381, 7.000000000000002665 ) ;
#1697 = CARTESIAN_POINT ( 'NONE',  ( -19.81660243018259493, 1.851871006815907883, 1.355252715606880543E-17 ) ) ;
#1698 = CARTESIAN_POINT ( 'NONE',  ( -18.19777495783751675, 1.010084440408975492, 0.000000000000000000 ) ) ;
#1699 = VERTEX_POINT ( 'NONE', #5174 ) ;
#1700 = CARTESIAN_POINT ( 'NONE',  ( -20.07412777763782685, -1.012575277529922602, 0.000000000000000000 ) ) ;
#1701 = STYLED_ITEM ( 'NONE', ( #4600 ), #799 ) ;
#1702 = EDGE_CURVE ( 'NONE', #5134, #8243, #8438, .T. ) ;
#1703 = CARTESIAN_POINT ( 'NONE',  ( -19.48250681461882294, -4.260804457086497798, -0.1000000000000000056 ) ) ;
#1704 = CARTESIAN_POINT ( 'NONE',  ( -18.94390057184965315, 0.8388497662732085081, -0.1000000000000000056 ) ) ;
#1705 = LINE ( 'NONE', #2272, #9073 ) ;
#1706 =( GEOMETRIC_REPRESENTATION_CONTEXT ( 3 ) GLOBAL_UNCERTAINTY_ASSIGNED_CONTEXT ( ( #8360 ) ) GLOBAL_UNIT_ASSIGNED_CONTEXT ( ( #3184, #982, #6024 ) ) REPRESENTATION_CONTEXT ( 'NONE', 'WORKASPACE' ) );
#1707 = VERTEX_POINT ( 'NONE', #974 ) ;
#1708 = PRESENTATION_STYLE_ASSIGNMENT (( #8745 ) ) ;
#1709 = CARTESIAN_POINT ( 'NONE',  ( -19.80142947783681961, -3.438916536170864902, 0.000000000000000000 ) ) ;
#1710 = B_SPLINE_CURVE_WITH_KNOTS ( 'NONE', 3,
 ( #1861, #1246, #6999, #6151, #3315, #4143, #5388, #4878, #4000, #8227, #4190 ),
 .UNSPECIFIED., .F., .F.,
 ( 4, 1, 1, 1, 1, 1, 1, 1, 4 ),
 ( 0.000000000000000000, 0.1114715458088110234, 0.2241751454234940932, 0.3432508452318505099, 0.4742655188123585663, 0.6072405107465497220, 0.7347692292926802926, 0.8647702990993452188, 1.000000000000000000 ),
 .UNSPECIFIED. ) ;
#1711 = CARTESIAN_POINT ( 'NONE',  ( -19.10049951138983815, 3.371318287861938767, 0.000000000000000000 ) ) ;
#1712 = CIRCLE ( 'NONE', #510, 1.000000000000000444 ) ;
#1713 = AXIS2_PLACEMENT_3D ( 'NONE', #7987, #995, #2441 ) ;
#1714 = CARTESIAN_POINT ( 'NONE',  ( -20.11016722181046390, -0.8904842440287275007, 1.355252715606880543E-17 ) ) ;
#1715 = EDGE_CURVE ( 'NONE', #610, #1699, #664, .T. ) ;
#1716 = CARTESIAN_POINT ( 'NONE',  ( -19.82394933650233426, 3.737974841727941033, 0.000000000000000000 ) ) ;
#1717 =( NAMED_UNIT ( * ) PLANE_ANGLE_UNIT ( ) SI_UNIT ( $, .RADIAN. ) );
#1718 = CARTESIAN_POINT ( 'NONE',  ( -18.09169567458220484, -3.786346212177369441, 0.000000000000000000 ) ) ;
#1719 = MECHANICAL_DESIGN_GEOMETRIC_PRESENTATION_REPRESENTATION (  '', ( #5738 ), #4100 ) ;
#1720 = CARTESIAN_POINT ( 'NONE',  ( -19.77026629585628115, 2.509327615102131315, 1.355252715606880543E-17 ) ) ;
#1721 = UNCERTAINTY_MEASURE_WITH_UNIT (LENGTH_MEASURE( 1.000000000000000082E-05 ), #6671, 'distance_accuracy_value', 'NONE');
#1722 = PLANE ( 'NONE',  #4046 ) ;
#1723 = B_SPLINE_CURVE_WITH_KNOTS ( 'NONE', 3,
 ( #7647, #8145, #8863, #8284, #7473, #1958, #8238, #8195, #9040, #5312, #8953 ),
 .UNSPECIFIED., .F., .F.,
 ( 4, 1, 1, 1, 1, 1, 1, 1, 4 ),
 ( 0.000000000000000000, 0.1363797155905762393, 0.2573498170193677104, 0.3670878291947012872, 0.4679166929335592529, 0.5751511589058686535, 0.6973662684484809304, 0.8403755405343549256, 1.000000000000000000 ),
 .UNSPECIFIED. ) ;
#1724 = CARTESIAN_POINT ( 'NONE',  ( -18.21120118687360545, -0.3232693381920512254, -0.1000000000000000056 ) ) ;
#1725 = CARTESIAN_POINT ( 'NONE',  ( 22.50000000000000000, 10.44500000000000028, 0.000000000000000000 ) ) ;
#1726 = VERTEX_POINT ( 'NONE', #2373 ) ;
#1727 = CARTESIAN_POINT ( 'NONE',  ( -18.15685068241062439, 3.163659733222313530, -0.1000000000000000056 ) ) ;
#1728 = ADVANCED_FACE ( 'NONE', ( #3682 ), #6311, .T. ) ;
#1729 = CARTESIAN_POINT ( 'NONE',  ( -18.10687864759171717, -0.1107587432861326104, -0.1000000000000000056 ) ) ;
#1730 = VERTEX_POINT ( 'NONE', #8894 ) ;
#1731 = CARTESIAN_POINT ( 'NONE',  ( -19.23693886894587735, -1.800230878194173600, 0.000000000000000000 ) ) ;
#1732 = CARTESIAN_POINT ( 'NONE',  ( -19.59972421887207261, -3.084476636667433436, -0.1000000000000000056 ) ) ;
#1733 = CARTESIAN_POINT ( 'NONE',  ( -19.79434835064360598, 2.078281145801886165, -0.1000000000000000056 ) ) ;
#1734 = ORIENTED_EDGE ( 'NONE', *, *, #311, .T. ) ;
#1735 = CARTESIAN_POINT ( 'NONE',  ( -19.19038809278214330, -3.555917479197185038, 0.000000000000000000 ) ) ;
#1736 = CARTESIAN_POINT ( 'NONE',  ( -18.35614933036229957, -0.8151891519104490502, 0.000000000000000000 ) ) ;
#1737 = CARTESIAN_POINT ( 'NONE',  ( -18.33128094435477351, -2.323740287839115570, -0.000000000000000000 ) ) ;
#1738 = DIRECTION ( 'NONE',  ( -0.000000000000000000, -0.000000000000000000, 1.000000000000000000 ) ) ;
#1739 = DIRECTION ( 'NONE',  ( -1.000000000000000000, 0.000000000000000000, 0.000000000000000000 ) ) ;
#1740 = B_SPLINE_CURVE_WITH_KNOTS ( 'NONE', 3,
 ( #2703, #1995, #5858, #6003, #1001, #2315, #8078, #7446, #6619, #7320, #4579, #2449, #8834, #3846, #4499, #5325, #8880 ),
 .UNSPECIFIED., .F., .F.,
 ( 4, 1, 1, 1, 1, 1, 1, 1, 1, 1, 1, 1, 1, 1, 4 ),
 ( 0.000000000000000000, 0.05075693313378840110, 0.09987948147019168332, 0.1471663999044381943, 0.1946411465927117002, 0.2441503911220636591, 0.2956730220799967390, 0.3497292318341005957, 0.4066047646331900633, 0.5230531776600171323, 0.6353599980786840407, 0.6999121552817889613, 0.7824155783949963139, 0.8825601116638781551, 1.000000000000000000 ),
 .UNSPECIFIED. ) ;
#1741 = ORIENTED_EDGE ( 'NONE', *, *, #3470, .F. ) ;
#1742 = B_SPLINE_CURVE_WITH_KNOTS ( 'NONE', 3,
 ( #4802, #6261, #6784, #3927, #1917, #7655, #4063, #8392, #8912, #1261, #4112, #9097, #2008, #5361, #8201 ),
 .UNSPECIFIED., .F., .F.,
 ( 4, 1, 1, 1, 1, 1, 1, 1, 1, 1, 1, 1, 4 ),
 ( 0.000000000000000000, 0.1316997698902564462, 0.2589892036366611694, 0.3826236310620030889, 0.5059994271876895322, 0.5676215479535942077, 0.6284157917634726198, 0.6892045335828588248, 0.7497534549212457877, 0.8114813275728226527, 0.8729975146562740651, 0.9357811003196475630, 0.9999999999999998890 ),
 .UNSPECIFIED. ) ;
#1743 = CARTESIAN_POINT ( 'NONE',  ( -18.38730497004482345, 1.811959372932808732, 0.000000000000000000 ) ) ;
#1744 = CARTESIAN_POINT ( 'NONE',  ( -18.10855890910848842, -2.139709431857729438, -0.1000000000000000056 ) ) ;
#1745 = CARTESIAN_POINT ( 'NONE',  ( -20.04412938482917284, -1.049196215127384590, -0.1000000000000000056 ) ) ;
#1746 = CARTESIAN_POINT ( 'NONE',  ( -19.79595660174143745, 1.802112463718664070, -0.1000000000000000056 ) ) ;
#1747 = CARTESIAN_POINT ( 'NONE',  ( -19.61860527553540834, 3.252947920756349198, -0.1000000000000000056 ) ) ;
#1748 = ORIENTED_EDGE ( 'NONE', *, *, #4996, .T. ) ;
#1749 = CARTESIAN_POINT ( 'NONE',  ( -19.43558226723079230, 3.942369181315102278, 0.000000000000000000 ) ) ;
#1750 =( NAMED_UNIT ( * ) PLANE_ANGLE_UNIT ( ) SI_UNIT ( $, .RADIAN. ) );
#1751 = CARTESIAN_POINT ( 'NONE',  ( -19.33886901675268533, -4.088041006724040471, -0.1000000000000000056 ) ) ;
#1752 = PLANE ( 'NONE',  #3930 ) ;
#1753 = CARTESIAN_POINT ( 'NONE',  ( -20.08219744944381802, -3.748129577892077791, 0.000000000000000000 ) ) ;
#1754 = ORIENTED_EDGE ( 'NONE', *, *, #938, .F. ) ;
#1755 = FILL_AREA_STYLE ('',( #5295 ) ) ;
#1756 = EDGE_CURVE ( 'NONE', #8450, #6907, #3819, .T. ) ;
#1757 = CARTESIAN_POINT ( 'NONE',  ( -18.75545100009142985, 3.602771565623958061, -0.1000000000000000056 ) ) ;
#1758 = CARTESIAN_POINT ( 'NONE',  ( -18.90305743990942133, 0.03852478027343772538, 0.000000000000000000 ) ) ;
#1759 = CARTESIAN_POINT ( 'NONE',  ( -19.03147337415421703, 3.601264355977374709, -0.1000000000000000056 ) ) ;
#1760 = CARTESIAN_POINT ( 'NONE',  ( -19.73601502913976447, 3.849272128633364876, 0.000000000000000000 ) ) ;
#1761 = SURFACE_STYLE_USAGE ( .BOTH. , #8934 ) ;
#1762 = DIRECTION ( 'NONE',  ( 0.000000000000000000, 0.000000000000000000, 1.000000000000000000 ) ) ;
#1763 = EDGE_CURVE ( 'NONE', #3053, #3262, #5385, .T. ) ;
#1764 = CARTESIAN_POINT ( 'NONE',  ( -19.13978489802586225, 4.256072517191131332, -0.1000000000000000056 ) ) ;
#1765 = ORIENTED_EDGE ( 'NONE', *, *, #747, .F. ) ;
#1766 = ORIENTED_EDGE ( 'NONE', *, *, #4343, .T. ) ;
#1767 = VECTOR ( 'NONE', #5169, 1000.000000000000000 ) ;
#1768 = CARTESIAN_POINT ( 'NONE',  ( -20.01491556221396806, 2.282067000997935136, 1.355252715606880543E-17 ) ) ;
#1769 = ORIENTED_EDGE ( 'NONE', *, *, #9217, .T. ) ;
#1770 = DIRECTION ( 'NONE',  ( 1.000000000000000000, 0.000000000000000000, 0.000000000000000000 ) ) ;
#1771 = CARTESIAN_POINT ( 'NONE',  ( -19.46929144997005423, -2.683893025716147296, -0.1000000000000000056 ) ) ;
#1772 = PRESENTATION_LAYER_ASSIGNMENT (  '', '', ( #6396 ) ) ;
#1773 = ADVANCED_FACE ( 'NONE', ( #3261 ), #1722, .T. ) ;
#1774 = VECTOR ( 'NONE', #5907, 1000.000000000000000 ) ;
#1775 = VERTEX_POINT ( 'NONE', #7460 ) ;
#1776 =( GEOMETRIC_REPRESENTATION_CONTEXT ( 3 ) GLOBAL_UNCERTAINTY_ASSIGNED_CONTEXT ( ( #6520 ) ) GLOBAL_UNIT_ASSIGNED_CONTEXT ( ( #5359, #1830, #6915 ) ) REPRESENTATION_CONTEXT ( 'NONE', 'WORKASPACE' ) );
#1777 = PLANE ( 'NONE',  #7154 ) ;
#1778 = EDGE_CURVE ( 'NONE', #2161, #7752, #8062, .T. ) ;
#1779 = CARTESIAN_POINT ( 'NONE',  ( -20.09026127179165400, -3.248371330022932213, -0.1000000000000000056 ) ) ;
#1780 = CARTESIAN_POINT ( 'NONE',  ( -18.49552363815251255, -0.7525811951312546544, 0.000000000000000000 ) ) ;
#1781 = CARTESIAN_POINT ( 'NONE',  ( -19.58282237092466715, -4.259318086769810385, -0.1000000000000000056 ) ) ;
#1782 = CARTESIAN_POINT ( 'NONE',  ( 20.49999999999999645, 8.444999999999998508, 0.000000000000000000 ) ) ;
#1783 = VECTOR ( 'NONE', #7396, 1000.000000000000000 ) ;
#1784 = CARTESIAN_POINT ( 'NONE',  ( -18.50029964354466827, 1.696182911668320248, -0.1000000000000000056 ) ) ;
#1785 = ORIENTED_EDGE ( 'NONE', *, *, #7918, .T. ) ;
#1786 = ADVANCED_FACE ( 'NONE', ( #4641 ), #3956, .F. ) ;
#1787 = CARTESIAN_POINT ( 'NONE',  ( -19.74311551836045098, 4.224727501584736977, 0.000000000000000000 ) ) ;
#1788 = STYLED_ITEM ( 'NONE', ( #7285 ), #5166 ) ;
#1789 = CARTESIAN_POINT ( 'NONE',  ( -19.78204749569450982, 1.779363481767646471, -0.1000000000000000056 ) ) ;
#1790 = PLANE ( 'NONE',  #165 ) ;
#1791 = VERTEX_POINT ( 'NONE', #5538 ) ;
#1792 = CARTESIAN_POINT ( 'NONE',  ( 4.580000000000004512, -8.406000000000005912, -0.09999999999999982514 ) ) ;
#1793 = CARTESIAN_POINT ( 'NONE',  ( 0.000000000000000000, -8.406000000000007688, 3.100000000000000089 ) ) ;
#1794 = VECTOR ( 'NONE', #8399, 1000.000000000000000 ) ;
#1795 = DIRECTION ( 'NONE',  ( 0.000000000000000000, -1.000000000000000000, 0.000000000000000000 ) ) ;
#1796 = LINE ( 'NONE', #3294, #8548 ) ;
#1797 = CARTESIAN_POINT ( 'NONE',  ( -18.99430408764438027, 0.8735950868324086072, 0.000000000000000000 ) ) ;
#1798 = EDGE_CURVE ( 'NONE', #2925, #5253, #1458, .T. ) ;
#1799 =( GEOMETRIC_REPRESENTATION_CONTEXT ( 3 ) GLOBAL_UNCERTAINTY_ASSIGNED_CONTEXT ( ( #5825 ) ) GLOBAL_UNIT_ASSIGNED_CONTEXT ( ( #403, #3817, #5339 ) ) REPRESENTATION_CONTEXT ( 'NONE', 'WORKASPACE' ) );
#1800 = VERTEX_POINT ( 'NONE', #7724 ) ;
#1801 = VERTEX_POINT ( 'NONE', #1990 ) ;
#1802 = CARTESIAN_POINT ( 'NONE',  ( 2.040000000000004032, -8.406000000000007688, 3.100000000000000089 ) ) ;
#1803 = B_SPLINE_SURFACE_WITH_KNOTS ( 'NONE', 3, 1, ( 
 ( #1047, #2979 ),
 ( #1571, #7951 ),
 ( #3112, #5204 ),
 ( #1658, #8701 ),
 ( #4412, #5809 ),
 ( #8836, #1753 ),
 ( #5293, #8123 ),
 ( #4581, #3711 ),
 ( #7276, #916 ),
 ( #7994, #8035 ),
 ( #5160, #7448 ) ),
 .UNSPECIFIED., .F., .F., .F.,
 ( 4, 1, 1, 1, 1, 1, 1, 1, 4 ),
 ( 2, 2 ),
 ( 0.000000000000000000, 0.1421212240103507385, 0.2790478055087090015, 0.4097528246128993024, 0.5352845381732613816, 0.6572548948418674986, 0.7745865193284784400, 0.8883820750027382473, 1.000000000000000000 ),
 ( 0.000000000000000000, 1.000000000000000000 ),
 .UNSPECIFIED. ) ;
#1804 = COLOUR_RGB ( '',0.9960784313725490335, 0.8705882352941176627, 0.7607843137254901578 ) ;
#1805 = CARTESIAN_POINT ( 'NONE',  ( -18.81030129910326920, 3.425128391739745037, -0.1000000000000000056 ) ) ;
#1806 = ORIENTED_EDGE ( 'NONE', *, *, #830, .T. ) ;
#1807 = FILL_AREA_STYLE_COLOUR ( '', #1643 ) ;
#1808 = AXIS2_PLACEMENT_3D ( 'NONE', #1129, #7620, #6793 ) ;
#1809 =( NAMED_UNIT ( * ) SI_UNIT ( $, .STERADIAN. ) SOLID_ANGLE_UNIT ( ) );
#1810 = CARTESIAN_POINT ( 'NONE',  ( -19.58454092841849103, 4.282526958077891521, -0.1000000000000000056 ) ) ;
#1811 = CARTESIAN_POINT ( 'NONE',  ( -18.14770494890115415, 0.9740147475229995466, 0.000000000000000000 ) ) ;
#1812 = FILL_AREA_STYLE ('',( #4549 ) ) ;
#1813 = B_SPLINE_CURVE_WITH_KNOTS ( 'NONE', 3,
 ( #6651, #6606, #6033, #8016, #8908, #5932, #3193, #8771, #2392, #8107, #1029 ),
 .UNSPECIFIED., .F., .F.,
 ( 4, 1, 1, 1, 1, 1, 1, 1, 4 ),
 ( 0.000000000000000000, 0.1214975217877459213, 0.2369420107628985583, 0.3501745078323858507, 0.4656189968075398755, 0.5862375210488441901, 0.7135126164354747003, 0.8499683097631539619, 1.000000000000000000 ),
 .UNSPECIFIED. ) ;
#1814 = CARTESIAN_POINT ( 'NONE',  ( -19.10651643572851199, 2.632526652018228219, -0.1000000000000000056 ) ) ;
#1815 = CARTESIAN_POINT ( 'NONE',  ( -19.20027808564996619, 4.276420960964380846, -0.1000000000000000056 ) ) ;
#1816 = ORIENTED_EDGE ( 'NONE', *, *, #8628, .F. ) ;
#1817 = DIRECTION ( 'NONE',  ( 1.000000000000000000, 0.000000000000000000, -0.000000000000000000 ) ) ;
#1818 =( LENGTH_UNIT ( ) NAMED_UNIT ( * ) SI_UNIT ( .MILLI., .METRE. ) );
#1819 = EDGE_LOOP ( 'NONE', ( #8036, #8756 ) ) ;
#1820 = AXIS2_PLACEMENT_3D ( 'NONE', #2996, #237, #7745 ) ;
#1821 = CARTESIAN_POINT ( 'NONE',  ( -19.59931258339290139, 3.243706239064532149, -0.1000000000000000056 ) ) ;
#1822 = CARTESIAN_POINT ( 'NONE',  ( -19.54902683155491872, 3.932535090481665385, -0.1000000000000000056 ) ) ;
#1823 = VERTEX_POINT ( 'NONE', #2648 ) ;
#1824 = EDGE_CURVE ( 'NONE', #4433, #7206, #9137, .T. ) ;
#1825 = CARTESIAN_POINT ( 'NONE',  ( -19.51433311034130469, -2.684877312420661077, -0.1000000000000000056 ) ) ;
#1826 = ORIENTED_EDGE ( 'NONE', *, *, #4834, .F. ) ;
#1827 = CARTESIAN_POINT ( 'NONE',  ( -18.53626942772273622, -2.768165982564291028, 0.000000000000000000 ) ) ;
#1828 = FILL_AREA_STYLE ('',( #9138 ) ) ;
#1829 = FACE_OUTER_BOUND ( 'NONE', #8449, .T. ) ;
#1830 =( NAMED_UNIT ( * ) PLANE_ANGLE_UNIT ( ) SI_UNIT ( $, .RADIAN. ) );
#1831 = VERTEX_POINT ( 'NONE', #4928 ) ;
#1832 = EDGE_CURVE ( 'NONE', #8170, #8693, #4354, .T. ) ;
#1833 = CARTESIAN_POINT ( 'NONE',  ( -18.36512499187151803, 1.891725041986249023, -0.1000000000000000056 ) ) ;
#1834 = EDGE_CURVE ( 'NONE', #6688, #3626, #6805, .T. ) ;
#1835 = CARTESIAN_POINT ( 'NONE',  ( 3.000000000000004441, 8.294999999999996376, 3.000000000000000000 ) ) ;
#1836 = ORIENTED_EDGE ( 'NONE', *, *, #1834, .T. ) ;
#1837 = CARTESIAN_POINT ( 'NONE',  ( -19.92118362722515457, -2.322818647053108254, 0.000000000000000000 ) ) ;
#1838 = CARTESIAN_POINT ( 'NONE',  ( 4.700000000000004619, 8.294999999999998153, 6.000000000000000000 ) ) ;
#1839 = CARTESIAN_POINT ( 'NONE',  ( -18.90799245901898118, -3.189099277343226735, -0.1000000000000000056 ) ) ;
#1840 = CARTESIAN_POINT ( 'NONE',  ( -19.59931258339290139, 3.243706239064532149, -0.1000000000000000056 ) ) ;
#1841 = ORIENTED_EDGE ( 'NONE', *, *, #8419, .T. ) ;
#1842 = CARTESIAN_POINT ( 'NONE',  ( -19.07593878657465680, 3.773769963462263899, 0.000000000000000000 ) ) ;
#1843 = CARTESIAN_POINT ( 'NONE',  ( -20.08219744944381802, -3.748129577892077791, -0.1000000000000000056 ) ) ;
#1844 = CARTESIAN_POINT ( 'NONE',  ( -18.79679539586811643, 3.929746055571274432, -0.1000000000000000056 ) ) ;
#1845 = CARTESIAN_POINT ( 'NONE',  ( -18.10687864759171362, -1.442271461486816619, -0.1000000000000000056 ) ) ;
#1846 = CARTESIAN_POINT ( 'NONE',  ( -19.92222675955006395, -0.3455097188889115212, -0.1000000000000000056 ) ) ;
#1847 = CARTESIAN_POINT ( 'NONE',  ( -18.66974818125608593, 2.593668212188491751, 0.000000000000000000 ) ) ;
#1848 = EDGE_LOOP ( 'NONE', ( #4155, #820, #7491, #1996 ) ) ;
#1849 = ORIENTED_EDGE ( 'NONE', *, *, #6987, .T. ) ;
#1850 = DIRECTION ( 'NONE',  ( 1.000000000000000000, 0.000000000000000000, 0.000000000000000000 ) ) ;
#1851 = CARTESIAN_POINT ( 'NONE',  ( -19.52243069679823151, -3.069354279737747326, -0.000000000000000000 ) ) ;
#1852 = ORIENTED_EDGE ( 'NONE', *, *, #7324, .F. ) ;
#1853 = CARTESIAN_POINT ( 'NONE',  ( -19.03147337415421703, 3.601264355977374709, 0.000000000000000000 ) ) ;
#1854 = CARTESIAN_POINT ( 'NONE',  ( -18.41507688977921475, -1.573095194498698168, 0.000000000000000000 ) ) ;
#1855 = VECTOR ( 'NONE', #586, 1000.000000000000000 ) ;
#1856 = CARTESIAN_POINT ( 'NONE',  ( -19.21125568209692247, 0.03852478027343772538, 0.000000000000000000 ) ) ;
#1857 = CARTESIAN_POINT ( 'NONE',  ( -18.11792118791563766, -1.216426565857709807, -0.1000000000000000056 ) ) ;
#1858 = CARTESIAN_POINT ( 'NONE',  ( -12.50000000000000000, 0.000000000000000000, 16.00000000000000000 ) ) ;
#1859 = VECTOR ( 'NONE', #8455, 1000.000000000000000 ) ;
#1860 = FILL_AREA_STYLE_COLOUR ( '', #38 ) ;
#1861 = CARTESIAN_POINT ( 'NONE',  ( -19.61496327537899020, 2.919857304890948857, 0.000000000000000000 ) ) ;
#1862 = CARTESIAN_POINT ( 'NONE',  ( -18.37448798777871062, 2.024516972470239651, 0.000000000000000000 ) ) ;
#1863 = EDGE_LOOP ( 'NONE', ( #6403, #6470, #4196, #7006 ) ) ;
#1864 = CARTESIAN_POINT ( 'NONE',  ( -18.09121876242484817, 2.062204185472779727, 0.000000000000000000 ) ) ;
#1865 = EDGE_CURVE ( 'NONE', #706, #6077, #495, .T. ) ;
#1866 = CARTESIAN_POINT ( 'NONE',  ( -18.41507688977921475, 0.8310918744405112468, -0.1000000000000000056 ) ) ;
#1867 = AXIS2_PLACEMENT_3D ( 'NONE', #5443, #4105, #3965 ) ;
#1868 = VERTEX_POINT ( 'NONE', #2697 ) ;
#1869 = DIRECTION ( 'NONE',  ( -0.000000000000000000, -0.000000000000000000, 1.000000000000000000 ) ) ;
#1870 = FILL_AREA_STYLE_COLOUR ( '', #9055 ) ;
#1871 = CARTESIAN_POINT ( 'NONE',  ( -19.95696226004370999, -2.928352739161244056, -0.1000000000000000056 ) ) ;
#1872 = ORIENTED_EDGE ( 'NONE', *, *, #7864, .T. ) ;
#1873 = LINE ( 'NONE', #2658, #1918 ) ;
#1874 = CARTESIAN_POINT ( 'NONE',  ( 2.540000000000004476, -8.406000000000007688, 3.100000000000000089 ) ) ;
#1875 = ORIENTED_EDGE ( 'NONE', *, *, #3996, .T. ) ;
#1876 = CARTESIAN_POINT ( 'NONE',  ( -18.41507688977921475, 0.03852478027343772538, -0.1000000000000000056 ) ) ;
#1877 = CARTESIAN_POINT ( 'NONE',  ( -18.34046372216889154, -3.581411873224420006, -0.1000000000000000056 ) ) ;
#1878 = B_SPLINE_SURFACE_WITH_KNOTS ( 'NONE', 3, 1, ( 
 ( #1814, #4590 ),
 ( #1145, #4640 ),
 ( #3997, #445 ),
 ( #1059, #6853 ),
 ( #5300, #1012 ),
 ( #3176, #3312 ),
 ( #1671, #6015 ),
 ( #3125, #4509 ),
 ( #8091, #7377 ),
 ( #7459, #6676 ),
 ( #6719, #1720 ) ),
 .UNSPECIFIED., .F., .F., .F.,
 ( 4, 1, 1, 1, 1, 1, 1, 1, 4 ),
 ( 2, 2 ),
 ( 0.000000000000000000, 0.1552804412543558332, 0.2995415886338245737, 0.4324427896539456695, 0.5547892922039798780, 0.6700135071063055836, 0.7827907858096015969, 0.8918985861569906914, 1.000000000000000000 ),
 ( 0.000000000000000000, 1.000000000000000000 ),
 .UNSPECIFIED. ) ;
#1879 = ORIENTED_EDGE ( 'NONE', *, *, #5894, .F. ) ;
#1880 = CARTESIAN_POINT ( 'NONE',  ( -19.99419158119563988, -3.967249768575034086, 0.000000000000000000 ) ) ;
#1881 = CARTESIAN_POINT ( 'NONE',  ( -18.93074843047948619, -3.118931762363307492, 0.000000000000000000 ) ) ;
#1882 = CARTESIAN_POINT ( 'NONE',  ( -19.85265738984116624, 3.577103559546721101, -0.1000000000000000056 ) ) ;
#1883 = ORIENTED_EDGE ( 'NONE', *, *, #2727, .T. ) ;
#1884 = CARTESIAN_POINT ( 'NONE',  ( -18.13072447467296655, -0.2446715743858094982, 0.000000000000000000 ) ) ;
#1885 = CARTESIAN_POINT ( 'NONE',  ( -18.36419223127069245, 1.920571456968866775, -0.1000000000000000056 ) ) ;
#1886 = CARTESIAN_POINT ( 'NONE',  ( -18.18335344718428814, -2.984992970424891645, 0.000000000000000000 ) ) ;
#1887 = FILL_AREA_STYLE ('',( #5292 ) ) ;
#1888 = CARTESIAN_POINT ( 'NONE',  ( -18.90799245901898118, -3.189099277343226735, -0.1000000000000000056 ) ) ;
#1889 = CARTESIAN_POINT ( 'NONE',  ( -19.05990683459227597, 2.967007081926710921, 0.000000000000000000 ) ) ;
#1890 = ORIENTED_EDGE ( 'NONE', *, *, #4701, .F. ) ;
#1891 = ORIENTED_EDGE ( 'NONE', *, *, #1763, .T. ) ;
#1892 =( NAMED_UNIT ( * ) SI_UNIT ( $, .STERADIAN. ) SOLID_ANGLE_UNIT ( ) );
#1893 = DIRECTION ( 'NONE',  ( -0.000000000000000000, -0.000000000000000000, 1.000000000000000000 ) ) ;
#1894 = SURFACE_SIDE_STYLE ('',( #8307 ) ) ;
#1895 = CARTESIAN_POINT ( 'NONE',  ( -19.81879166633020972, 2.982463431985966196, 2.710505431213761085E-17 ) ) ;
#1896 = FACE_OUTER_BOUND ( 'NONE', #8635, .T. ) ;
#1897 = CARTESIAN_POINT ( 'NONE',  ( -19.58454092841849103, 4.282526958077891521, 0.000000000000000000 ) ) ;
#1898 = CARTESIAN_POINT ( 'NONE',  ( -18.10843165101305630, 0.8742112110522267665, -0.1000000000000000056 ) ) ;
#1899 = CARTESIAN_POINT ( 'NONE',  ( -18.05807206862467140, -3.585795903067558577, 0.000000000000000000 ) ) ;
#1900 = ADVANCED_FACE ( 'NONE', ( #9126 ), #688, .F. ) ;
#1901 = CARTESIAN_POINT ( 'NONE',  ( -18.74960050822685886, 3.707640721799101424, -0.1000000000000000056 ) ) ;
#1902 = ORIENTED_EDGE ( 'NONE', *, *, #2928, .F. ) ;
#1903 = CARTESIAN_POINT ( 'NONE',  ( -18.91652171837176866, -1.298160403048310707, 0.000000000000000000 ) ) ;
#1904 = CARTESIAN_POINT ( 'NONE',  ( -18.66747826556861867, 2.240450974000034456, 0.000000000000000000 ) ) ;
#1905 = ORIENTED_EDGE ( 'NONE', *, *, #747, .T. ) ;
#1906 = CARTESIAN_POINT ( 'NONE',  ( -19.07599676306207570, -3.911613713349327170, -0.1000000000000000056 ) ) ;
#1907 = CARTESIAN_POINT ( 'NONE',  ( -19.80013147403325746, 3.778859096595787115, -0.1000000000000000056 ) ) ;
#1908 = VERTEX_POINT ( 'NONE', #3634 ) ;
#1909 = CARTESIAN_POINT ( 'NONE',  ( -18.53711564908542542, -1.183502085978232365, 0.000000000000000000 ) ) ;
#1910 = CARTESIAN_POINT ( 'NONE',  ( -20.02816653647867895, -3.051214815096173982, -0.1000000000000000056 ) ) ;
#1911 = VERTEX_POINT ( 'NONE', #3588 ) ;
#1912 = EDGE_CURVE ( 'NONE', #3333, #3570, #8794, .T. ) ;
#1913 = AXIS2_PLACEMENT_3D ( 'NONE', #3322, #8903, #1770 ) ;
#1914 = CARTESIAN_POINT ( 'NONE',  ( -19.23693886894587735, -1.800230878194173600, -0.1000000000000000056 ) ) ;
#1915 = PRESENTATION_LAYER_ASSIGNMENT (  '', '', ( #6841 ) ) ;
#1916 = CARTESIAN_POINT ( 'NONE',  ( -18.54246652145182495, 1.675985409412564575, -0.1000000000000000056 ) ) ;
#1917 = CARTESIAN_POINT ( 'NONE',  ( -19.97391459549125869, 2.340776937762301557, -0.1000000000000000056 ) ) ;
#1918 = VECTOR ( 'NONE', #5496, 1000.000000000000000 ) ;
#1919 = EDGE_CURVE ( 'NONE', #7411, #7464, #782, .T. ) ;
#1920 = CIRCLE ( 'NONE', #2815, 1.000000000000000888 ) ;
#1921 = ORIENTED_EDGE ( 'NONE', *, *, #716, .T. ) ;
#1922 = CARTESIAN_POINT ( 'NONE',  ( -20.09437791311219001, -3.685161229122946747, 0.000000000000000000 ) ) ;
#1923 = CARTESIAN_POINT ( 'NONE',  ( -19.05795916059220119, 0.8836621475219728072, 0.000000000000000000 ) ) ;
#1924 = CARTESIAN_POINT ( 'NONE',  ( -19.01254573207625498, -2.937168657139915595, -0.1000000000000000056 ) ) ;
#1925 = DIRECTION ( 'NONE',  ( 0.000000000000000000, 0.000000000000000000, 1.000000000000000000 ) ) ;
#1926 = ORIENTED_EDGE ( 'NONE', *, *, #8081, .F. ) ;
#1927 =( NAMED_UNIT ( * ) SI_UNIT ( $, .STERADIAN. ) SOLID_ANGLE_UNIT ( ) );
#1928 = CARTESIAN_POINT ( 'NONE',  ( -18.79679539586811643, 3.929746055571274432, 0.000000000000000000 ) ) ;
#1929 =( LENGTH_UNIT ( ) NAMED_UNIT ( * ) SI_UNIT ( .MILLI., .METRE. ) );
#1930 = CARTESIAN_POINT ( 'NONE',  ( -18.33827297894534070, -3.493040833765310715, -0.1000000000000000056 ) ) ;
#1931 = VERTEX_POINT ( 'NONE', #2988 ) ;
#1932 = ORIENTED_EDGE ( 'NONE', *, *, #6879, .T. ) ;
#1933 = DIRECTION ( 'NONE',  ( -0.000000000000000000, -0.000000000000000000, -1.000000000000000000 ) ) ;
#1934 = CARTESIAN_POINT ( 'NONE',  ( -18.39390547588036284, 1.375770782983968488, -0.1000000000000000056 ) ) ;
#1935 = UNCERTAINTY_MEASURE_WITH_UNIT (LENGTH_MEASURE( 1.000000000000000082E-05 ), #1301, 'distance_accuracy_value', 'NONE');
#1936 = ORIENTED_EDGE ( 'NONE', *, *, #3175, .F. ) ;
#1937 = CARTESIAN_POINT ( 'NONE',  ( -19.71095689674960028, 2.935049362506112924, 2.710505431213761085E-17 ) ) ;
#1938 = CARTESIAN_POINT ( 'NONE',  ( -20.04412938482917284, -1.049196215127384590, -0.1000000000000000056 ) ) ;
#1939 = CIRCLE ( 'NONE', #7177, 0.5000000000000013323 ) ;
#1940 = AXIS2_PLACEMENT_3D ( 'NONE', #1622, #6496, #56 ) ;
#1941 = CARTESIAN_POINT ( 'NONE',  ( -19.83350506900698562, 4.169956983834773645, 0.000000000000000000 ) ) ;
#1942 = CARTESIAN_POINT ( 'NONE',  ( -19.60857063808489542, 1.304105028515372355, -0.1000000000000000056 ) ) ;
#1943 = ADVANCED_FACE ( 'NONE', ( #8612 ), #7328, .T. ) ;
#1944 = LINE ( 'NONE', #2693, #2066 ) ;
#1945 = AXIS2_PLACEMENT_3D ( 'NONE', #6847, #8843, #3899 ) ;
#1946 = CARTESIAN_POINT ( 'NONE',  ( -19.85265738984116624, 3.577103559546721101, -0.000000000000000000 ) ) ;
#1947 = DIRECTION ( 'NONE',  ( 0.000000000000000000, 0.000000000000000000, 1.000000000000000000 ) ) ;
#1948 = CARTESIAN_POINT ( 'NONE',  ( -18.71997954662404950, 2.249536306020340160, -0.1000000000000000056 ) ) ;
#1949 = B_SPLINE_SURFACE_WITH_KNOTS ( 'NONE', 3, 1, ( 
 ( #5763, #4920 ),
 ( #2221, #637 ),
 ( #2784, #3489 ),
 ( #6332, #5621 ),
 ( #8458, #6478 ),
 ( #7137, #4966 ),
 ( #1378, #2076 ),
 ( #7769, #730 ),
 ( #6526, #5057 ),
 ( #7904, #129 ),
 ( #7090, #2827 ) ),
 .UNSPECIFIED., .F., .F., .F.,
 ( 4, 1, 1, 1, 1, 1, 1, 1, 4 ),
 ( 2, 2 ),
 ( 0.000000000000000000, 0.1237081006163633645, 0.2383660369870032325, 0.3487204905726691284, 0.4602183380952702962, 0.5772751561838367351, 0.7024896784038233699, 0.8423182318581209360, 1.000000000000000000 ),
 ( 0.000000000000000000, 1.000000000000000000 ),
 .UNSPECIFIED. ) ;
#1950 =( GEOMETRIC_REPRESENTATION_CONTEXT ( 3 ) GLOBAL_UNCERTAINTY_ASSIGNED_CONTEXT ( ( #2588 ) ) GLOBAL_UNIT_ASSIGNED_CONTEXT ( ( #7060, #2098, #1395 ) ) REPRESENTATION_CONTEXT ( 'NONE', 'WORKASPACE' ) );
#1951 = CARTESIAN_POINT ( 'NONE',  ( -19.58889545610912108, 3.238986016978368188, -0.1000000000000000056 ) ) ;
#1952 = SURFACE_STYLE_FILL_AREA ( #8471 ) ;
#1953 = ORIENTED_EDGE ( 'NONE', *, *, #7834, .F. ) ;
#1954 = PRESENTATION_LAYER_ASSIGNMENT (  '', '', ( #1052 ) ) ;
#1955 = SURFACE_SIDE_STYLE ('',( #6908 ) ) ;
#1956 = FACE_OUTER_BOUND ( 'NONE', #1149, .T. ) ;
#1957 = CARTESIAN_POINT ( 'NONE',  ( -19.00417395417479227, -0.8575280205613997619, 1.355252715606880543E-17 ) ) ;
#1958 = CARTESIAN_POINT ( 'NONE',  ( -18.69232616300708116, -3.045597334411904722, 0.000000000000000000 ) ) ;
#1959 = STYLED_ITEM ( 'NONE', ( #9192 ), #1660 ) ;
#1960 = DIRECTION ( 'NONE',  ( -1.000000000000000000, 0.000000000000000000, 0.000000000000000000 ) ) ;
#1961 = EDGE_CURVE ( 'NONE', #7601, #4121, #2249, .T. ) ;
#1962 = CARTESIAN_POINT ( 'NONE',  ( -19.52526403936544952, -1.374867803535272159, 1.355252715606880543E-17 ) ) ;
#1963 = ORIENTED_EDGE ( 'NONE', *, *, #1865, .T. ) ;
#1964 = CARTESIAN_POINT ( 'NONE',  ( -20.09833500465420997, -0.8126322423152415597, 0.000000000000000000 ) ) ;
#1965 = CARTESIAN_POINT ( 'NONE',  ( -19.85694705147151495, -1.173801898956299050, -0.1000000000000000056 ) ) ;
#1966 = CARTESIAN_POINT ( 'NONE',  ( -20.04891839815260113, -2.275511002735636445, 0.000000000000000000 ) ) ;
#1967 = CARTESIAN_POINT ( 'NONE',  ( -19.44530967930286991, -2.684432972021222330, 0.000000000000000000 ) ) ;
#1968 = DIRECTION ( 'NONE',  ( 1.000000000000000000, 0.000000000000000000, 0.000000000000000000 ) ) ;
#1969 = CARTESIAN_POINT ( 'NONE',  ( -18.47487055916194620, 2.529392604827879865, 0.000000000000000000 ) ) ;
#1970 = ORIENTED_EDGE ( 'NONE', *, *, #5950, .F. ) ;
#1971 = CARTESIAN_POINT ( 'NONE',  ( -18.16323149859457686, -0.2913106975932860387, 0.000000000000000000 ) ) ;
#1972 = CARTESIAN_POINT ( 'NONE',  ( -18.36371051608129790, 1.935468908945718436, -0.1000000000000000056 ) ) ;
#1973 = DIRECTION ( 'NONE',  ( 0.9853660729310436128, 0.1704514661610549431, 0.000000000000000000 ) ) ;
#1974 = CARTESIAN_POINT ( 'NONE',  ( -19.40199950846368893, -3.962194269274252001, -0.1000000000000000056 ) ) ;
#1975 = CARTESIAN_POINT ( 'NONE',  ( -20.07701510184501359, -0.2652680781706576729, -0.1000000000000000056 ) ) ;
#1976 = FACE_OUTER_BOUND ( 'NONE', #7017, .T. ) ;
#1977 = ORIENTED_EDGE ( 'NONE', *, *, #6385, .T. ) ;
#1978 = ORIENTED_EDGE ( 'NONE', *, *, #150, .F. ) ;
#1979 = CARTESIAN_POINT ( 'NONE',  ( -19.61496327537899020, 2.919857304890948857, -0.1000000000000000056 ) ) ;
#1980 = CARTESIAN_POINT ( 'NONE',  ( -18.18407559717591226, 1.564314196547224700, -0.1000000000000000056 ) ) ;
#1981 =( NAMED_UNIT ( * ) SI_UNIT ( $, .STERADIAN. ) SOLID_ANGLE_UNIT ( ) );
#1982 = CARTESIAN_POINT ( 'NONE',  ( -19.92805127605796045, 3.068075475416135678, -0.1000000000000000056 ) ) ;
#1983 = CARTESIAN_POINT ( 'NONE',  ( -18.16026195309160229, 1.603782107138323365, -0.1000000000000000056 ) ) ;
#1984 = CARTESIAN_POINT ( 'NONE',  ( -19.87168396659924241, -1.164876217362721622, 1.355252715606880543E-17 ) ) ;
#1985 = LINE ( 'NONE', #2503, #8536 ) ;
#1986 = CARTESIAN_POINT ( 'NONE',  ( -18.22804157293182570, 1.019081164068401657, 0.000000000000000000 ) ) ;
#1987 = CIRCLE ( 'NONE', #9135, 1.000000000000001776 ) ;
#1988 = CARTESIAN_POINT ( 'NONE',  ( -19.79275891067561233, -3.602341132604112151, -0.1000000000000000056 ) ) ;
#1989 = DIRECTION ( 'NONE',  ( -0.000000000000000000, -0.000000000000000000, -1.000000000000000000 ) ) ;
#1990 = CARTESIAN_POINT ( 'NONE',  ( 21.50000000000000000, 8.444999999999998508, 0.000000000000000000 ) ) ;
#1991 = EDGE_CURVE ( 'NONE', #8541, #5847, #3586, .T. ) ;
#1992 = CARTESIAN_POINT ( 'NONE',  ( -18.94113435886800190, -1.396364754032753064, 0.000000000000000000 ) ) ;
#1993 = CARTESIAN_POINT ( 'NONE',  ( -19.80196897962296276, -3.483282216389974373, 0.000000000000000000 ) ) ;
#1994 = CARTESIAN_POINT ( 'NONE',  ( -18.45409689431819089, 2.519149730073038995, -0.000000000000000000 ) ) ;
#1995 = CARTESIAN_POINT ( 'NONE',  ( -18.57911321081274991, -3.864980932821430404, -0.000000000000000000 ) ) ;
#1996 = ORIENTED_EDGE ( 'NONE', *, *, #5219, .F. ) ;
#1997 = FACE_OUTER_BOUND ( 'NONE', #4628, .T. ) ;
#1998 = CARTESIAN_POINT ( 'NONE',  ( -19.79434835064360598, 2.078281145801886165, 0.000000000000000000 ) ) ;
#1999 = CARTESIAN_POINT ( 'NONE',  ( -19.19038809278214330, -3.555917479197185038, 0.000000000000000000 ) ) ;
#2000 = PRESENTATION_STYLE_ASSIGNMENT (( #5689 ) ) ;
#2001 = CARTESIAN_POINT ( 'NONE',  ( -19.80098619822726747, -3.544947653133361243, 0.000000000000000000 ) ) ;
#2002 = CARTESIAN_POINT ( 'NONE',  ( -19.07813573149224950, 3.404385076110486796, -0.1000000000000000056 ) ) ;
#2003 = SURFACE_STYLE_FILL_AREA ( #4013 ) ;
#2004 = CIRCLE ( 'NONE', #6786, 1.000000000000000444 ) ;
#2005 = SURFACE_STYLE_USAGE ( .BOTH. , #4892 ) ;
#2006 = ORIENTED_EDGE ( 'NONE', *, *, #6820, .F. ) ;
#2007 = CARTESIAN_POINT ( 'NONE',  ( -18.37539239558712012, -3.300675855702474237, 0.000000000000000000 ) ) ;
#2008 = CARTESIAN_POINT ( 'NONE',  ( -20.10971609918597380, 1.986944655052615083, -0.1000000000000000056 ) ) ;
#2009 = EDGE_CURVE ( 'NONE', #6020, #2295, #230, .T. ) ;
#2010 = ORIENTED_EDGE ( 'NONE', *, *, #1500, .F. ) ;
#2011 = CARTESIAN_POINT ( 'NONE',  ( -20.00361389410089785, -3.950828685915165117, -0.000000000000000000 ) ) ;
#2012 = CARTESIAN_POINT ( 'NONE',  ( -18.41507688977921475, 0.8310918744405112468, -0.1000000000000000056 ) ) ;
#2013 = CARTESIAN_POINT ( 'NONE',  ( -19.21658231589904986, -2.736142614346155799, 0.000000000000000000 ) ) ;
#2014 = CARTESIAN_POINT ( 'NONE',  ( -18.95341715991583698, -1.516990021835824098, -0.1000000000000000056 ) ) ;
#2015 = CARTESIAN_POINT ( 'NONE',  ( -18.10687864759171362, 3.332794793446856918, 0.000000000000000000 ) ) ;
#2016 = ORIENTED_EDGE ( 'NONE', *, *, #9023, .F. ) ;
#2017 = CARTESIAN_POINT ( 'NONE',  ( -18.10765966070774269, -0.1486329240148341890, 0.000000000000000000 ) ) ;
#2018 = CARTESIAN_POINT ( 'NONE',  ( -18.27115050847773503, 3.104408831485544251, 0.000000000000000000 ) ) ;
#2019 = CARTESIAN_POINT ( 'NONE',  ( -19.71457996577061778, -4.217072851169334946, -0.1000000000000000056 ) ) ;
#2020 = CARTESIAN_POINT ( 'NONE',  ( -19.77026629585628115, 2.509327615102131315, 1.355252715606880543E-17 ) ) ;
#2021 = CARTESIAN_POINT ( 'NONE',  ( -18.81668839694132345, -3.537433054906372831, -0.1000000000000000056 ) ) ;
#2022 = ORIENTED_EDGE ( 'NONE', *, *, #4164, .T. ) ;
#2023 = EDGE_CURVE ( 'NONE', #3230, #3138, #1651, .T. ) ;
#2024 = VERTEX_POINT ( 'NONE', #2276 ) ;
#2025 = CARTESIAN_POINT ( 'NONE',  ( -18.84567156929378129, -3.421883347829183464, -0.1000000000000000056 ) ) ;
#2026 = UNCERTAINTY_MEASURE_WITH_UNIT (LENGTH_MEASURE( 1.000000000000000082E-05 ), #3121, 'distance_accuracy_value', 'NONE');
#2028 = EDGE_CURVE ( 'NONE', #1403, #1181, #7603, .T. ) ;
#2027 = CARTESIAN_POINT ( 'NONE',  ( -18.11807622303146204, 3.234349173421707135, -0.1000000000000000056 ) ) ;
#2029 = CARTESIAN_POINT ( 'NONE',  ( -19.23051807223363951, 3.135355294545489446, 0.000000000000000000 ) ) ;
#2030 = CARTESIAN_POINT ( 'NONE',  ( -18.08119546074275519, 1.929449412027993915, 0.000000000000000000 ) ) ;
#2031 = B_SPLINE_SURFACE_WITH_KNOTS ( 'NONE', 3, 1, ( 
 ( #712, #8492 ),
 ( #2768, #4856 ),
 ( #2014, #3561 ),
 ( #8441, #4258 ),
 ( #2160, #5605 ),
 ( #1266, #7793 ),
 ( #6268, #1311 ),
 ( #3612, #5700 ),
 ( #8539, #2060 ),
 ( #6460, #70 ),
 ( #2916, #8346 ),
 ( #4809, #4119 ),
 ( #4163, #7025 ),
 ( #3473, #6314 ),
 ( #4900, #1361 ) ),
 .UNSPECIFIED., .F., .F., .F.,
 ( 4, 1, 1, 1, 1, 1, 1, 1, 1, 1, 1, 1, 4 ),
 ( 2, 2 ),
 ( 0.000000000000000000, 0.1160562243873936028, 0.2235196287418851346, 0.3208183963417878815, 0.4102422643191342977, 0.4913570538463281623, 0.5663281030484000889, 0.6367097908870306133, 0.7038852883046146092, 0.7707000216772741386, 0.8406387950665049624, 0.9163674554039635822, 1.000000000000000000 ),
 ( 0.000000000000000000, 1.000000000000000000 ),
 .UNSPECIFIED. ) ;
#2032 = CARTESIAN_POINT ( 'NONE',  ( -18.10583723952224133, 2.124195220557056896, 0.000000000000000000 ) ) ;
#2033 = CARTESIAN_POINT ( 'NONE',  ( 3.000000000000004441, 8.294999999999996376, 5.700000000000000178 ) ) ;
#2034 = CARTESIAN_POINT ( 'NONE',  ( -2.999999999999995559, 6.294999999999998153, 5.700000000000000178 ) ) ;
#2035 =( NAMED_UNIT ( * ) PLANE_ANGLE_UNIT ( ) SI_UNIT ( $, .RADIAN. ) );
#2036 = CARTESIAN_POINT ( 'NONE',  ( -19.59931258339290139, 3.243706239064532149, 0.000000000000000000 ) ) ;
#2037 = CARTESIAN_POINT ( 'NONE',  ( -18.89763503771467157, -1.257536317682812266, 0.000000000000000000 ) ) ;
#2038 = CARTESIAN_POINT ( 'NONE',  ( -19.23693886894587735, -1.800230878194173600, -0.1000000000000000056 ) ) ;
#2039 = CARTESIAN_POINT ( 'NONE',  ( -18.22740898456244452, 4.246622875533979879, -0.1000000000000000056 ) ) ;
#2040 = CARTESIAN_POINT ( 'NONE',  ( -20.10971609918597380, 1.986944655052615083, 1.355252715606880543E-17 ) ) ;
#2041 = VERTEX_POINT ( 'NONE', #8666 ) ;
#2042 = CARTESIAN_POINT ( 'NONE',  ( 12.50000000000000000, 0.000000000000000000, 3.000000000000000000 ) ) ;
#2043 = CARTESIAN_POINT ( 'NONE',  ( -18.30521068383675853, 2.425912391017387648, -0.1000000000000000056 ) ) ;
#2044 = FACE_OUTER_BOUND ( 'NONE', #4629, .T. ) ;
#2045 = CARTESIAN_POINT ( 'NONE',  ( -18.60689819155737368, -4.224884236653647207, -0.1000000000000000056 ) ) ;
#2046 = CARTESIAN_POINT ( 'NONE',  ( -19.21928033641843214, 3.071936179904772857, -0.1000000000000000056 ) ) ;
#2047 = CARTESIAN_POINT ( 'NONE',  ( -18.21306863851122415, -0.9565403115582894467, -0.1000000000000000056 ) ) ;
#2048 = CARTESIAN_POINT ( 'NONE',  ( 2.540000000000004476, -8.406000000000007688, 3.100000000000000089 ) ) ;
#2049 = DIRECTION ( 'NONE',  ( -0.000000000000000000, -0.000000000000000000, -1.000000000000000000 ) ) ;
#2050 = EDGE_LOOP ( 'NONE', ( #647, #7689, #3863, #3749 ) ) ;
#2051 = FILL_AREA_STYLE_COLOUR ( '', #1632 ) ;
#2052 = CARTESIAN_POINT ( 'NONE',  ( -19.82745948219602283, 1.948856909508591695, -0.1000000000000000056 ) ) ;
#2053 = EDGE_CURVE ( 'NONE', #7853, #3425, #829, .T. ) ;
#2054 = ADVANCED_FACE ( 'NONE', ( #1575 ), #3718, .F. ) ;
#2055 = B_SPLINE_CURVE_WITH_KNOTS ( 'NONE', 3,
 ( #2572, #6878, #4663, #6128, #4710, #9048, #1308, #7613, #7021, #7525, #1123, #518, #421, #8961, #473, #3334, #6172, #2667, #7967 ),
 .UNSPECIFIED., .F., .F.,
 ( 4, 1, 1, 1, 1, 1, 1, 1, 1, 1, 1, 1, 1, 1, 1, 1, 4 ),
 ( 0.000000000000000000, 0.06416322472068149152, 0.1273172680304466564, 0.1889008402738771297, 0.2507436741265532398, 0.3118466397110790655, 0.3721266096274443713, 0.4318652127644147520, 0.4917369034997252086, 0.5517576267568187198, 0.6128074015015909648, 0.6743461175627096793, 0.7374885855999484541, 0.8017239202009153187, 0.8663412249116649866, 0.9322317951620165966, 1.000000000000000000 ),
 .UNSPECIFIED. ) ;
#2056 = VERTEX_POINT ( 'NONE', #6712 ) ;
#2057 = SURFACE_SIDE_STYLE ('',( #5220 ) ) ;
#2058 = DIRECTION ( 'NONE',  ( -1.000000000000000000, 0.000000000000000000, -0.000000000000000000 ) ) ;
#2059 = CARTESIAN_POINT ( 'NONE',  ( -19.55857676970661885, -2.689412346602536807, 0.000000000000000000 ) ) ;
#2060 = CARTESIAN_POINT ( 'NONE',  ( -18.87432158363005641, -1.222486006737192321, 1.355252715606880543E-17 ) ) ;
#2061 = CARTESIAN_POINT ( 'NONE',  ( -18.74598104659399667, 2.607674678708939098, -0.1000000000000000056 ) ) ;
#2062 = VERTEX_POINT ( 'NONE', #7452 ) ;
#2063 = VECTOR ( 'NONE', #860, 1000.000000000000000 ) ;
#2064 = CARTESIAN_POINT ( 'NONE',  ( -18.18535202683003860, -0.3090766927518823759, 0.000000000000000000 ) ) ;
#2065 = CARTESIAN_POINT ( 'NONE',  ( -3.540000000000000480, -8.406000000000007688, 3.000000000000000000 ) ) ;
#2066 = VECTOR ( 'NONE', #2080, 1000.000000000000000 ) ;
#2067 = CARTESIAN_POINT ( 'NONE',  ( -19.80196897962296276, -3.483282216389974373, -0.1000000000000000056 ) ) ;
#2068 = CARTESIAN_POINT ( 'NONE',  ( -18.81668839694132345, -3.537433054906372831, 0.000000000000000000 ) ) ;
#2069 = EDGE_LOOP ( 'NONE', ( #7923, #1075, #9095, #5369 ) ) ;
#2070 = ORIENTED_EDGE ( 'NONE', *, *, #5894, .T. ) ;
#2071 = CARTESIAN_POINT ( 'NONE',  ( -20.10955053989628283, -2.117308301680831395, -0.1000000000000000056 ) ) ;
#2072 = CIRCLE ( 'NONE', #2823, 1.699999999999999734 ) ;
#2073 = CARTESIAN_POINT ( 'NONE',  ( -18.45311228189248709, -4.202724961912517543, -0.1000000000000000056 ) ) ;
#2074 = LINE ( 'NONE', #4776, #2543 ) ;
#2075 = SURFACE_STYLE_USAGE ( .BOTH. , #7718 ) ;
#2076 = CARTESIAN_POINT ( 'NONE',  ( -19.18960306831089468, 0.8118610229390309518, 0.000000000000000000 ) ) ;
#2077 = CARTESIAN_POINT ( 'NONE',  ( -18.08172384105899866, 1.952213940317206742, -0.1000000000000000056 ) ) ;
#2078 = DIRECTION ( 'NONE',  ( 1.000000000000000000, 0.000000000000000000, 0.000000000000000000 ) ) ;
#2079 = VECTOR ( 'NONE', #7467, 1000.000000000000000 ) ;
#2080 = DIRECTION ( 'NONE',  ( 0.000000000000000000, -1.000000000000000000, 0.000000000000000000 ) ) ;
#2081 = ADVANCED_FACE ( 'NONE', ( #6009 ), #5381, .T. ) ;
#2082 = CARTESIAN_POINT ( 'NONE',  ( -2.039999999999999591, -8.406000000000007688, 3.100000000000000089 ) ) ;
#2083 = CARTESIAN_POINT ( 'NONE',  ( -19.81682205701777733, 3.436007575348836607, 0.000000000000000000 ) ) ;
#2084 = VECTOR ( 'NONE', #1190, 1000.000000000000000 ) ;
#2085 = CARTESIAN_POINT ( 'NONE',  ( -19.38433374438880108, -3.102661616864247129, 1.355252715606880543E-17 ) ) ;
#2086 = CARTESIAN_POINT ( 'NONE',  ( -20.08869345138886331, 2.114329505343464533, 0.000000000000000000 ) ) ;
#2087 = EDGE_CURVE ( 'NONE', #6111, #7035, #351, .T. ) ;
#2088 = CARTESIAN_POINT ( 'NONE',  ( -18.53825955881098153, -3.148458859614379879, 0.000000000000000000 ) ) ;
#2089 = ORIENTED_EDGE ( 'NONE', *, *, #6488, .T. ) ;
#2090 = SURFACE_STYLE_FILL_AREA ( #9178 ) ;
#2091 = CARTESIAN_POINT ( 'NONE',  ( -18.64221295486996866, -1.143986913183653087, -0.1000000000000000056 ) ) ;
#2092 = CARTESIAN_POINT ( 'NONE',  ( 5.080000000000005400, -8.406000000000005912, -0.09999999999999982514 ) ) ;
#2093 = VECTOR ( 'NONE', #7830, 1000.000000000000000 ) ;
#2094 = CARTESIAN_POINT ( 'NONE',  ( -18.96957957991775956, -0.8277862373002062846, -0.1000000000000000056 ) ) ;
#2095 = CARTESIAN_POINT ( 'NONE',  ( -19.78033292502522755, -3.653726360876522694, -0.1000000000000000056 ) ) ;
#2096 = UNCERTAINTY_MEASURE_WITH_UNIT (LENGTH_MEASURE( 1.000000000000000082E-05 ), #8037, 'distance_accuracy_value', 'NONE');
#2097 = MECHANICAL_DESIGN_GEOMETRIC_PRESENTATION_REPRESENTATION (  '', ( #8185 ), #7332 ) ;
#2098 =( NAMED_UNIT ( * ) PLANE_ANGLE_UNIT ( ) SI_UNIT ( $, .RADIAN. ) );
#2099 = CARTESIAN_POINT ( 'NONE',  ( -18.65063986915950522, -0.7319708251953128686, -0.1000000000000000056 ) ) ;
#2100 = AXIS2_PLACEMENT_3D ( 'NONE', #4586, #5335, #6672 ) ;
#2101 = CARTESIAN_POINT ( 'NONE',  ( -19.57001524312108032, 2.227952712998476859, -0.1000000000000000056 ) ) ;
#2102 = DIRECTION ( 'NONE',  ( 0.000000000000000000, 0.000000000000000000, 1.000000000000000000 ) ) ;
#2103 = VERTEX_POINT ( 'NONE', #7372 ) ;
#2104 = CARTESIAN_POINT ( 'NONE',  ( -18.36395225005395559, -3.327916675301923810, 0.000000000000000000 ) ) ;
#2105 = CARTESIAN_POINT ( 'NONE',  ( -19.30509461402094828, -1.554695239767356130, 0.000000000000000000 ) ) ;
#2106 = B_SPLINE_SURFACE_WITH_KNOTS ( 'NONE', 3, 1, ( 
 ( #1374, #9208 ),
 ( #7806, #3623 ),
 ( #8602, #2972 ),
 ( #4868, #6522 ),
 ( #5053, #2824 ),
 ( #2877, #2122 ),
 ( #3665, #8411 ),
 ( #2027, #1421 ),
 ( #4270, #7133 ),
 ( #7716, #2216 ),
 ( #726, #1325 ) ),
 .UNSPECIFIED., .F., .F., .F.,
 ( 4, 1, 1, 1, 1, 1, 1, 1, 4 ),
 ( 2, 2 ),
 ( 0.000000000000000000, 0.1492661353527153234, 0.2812044032233076973, 0.3971664241197268574, 0.5024552292382663543, 0.6056963999326571146, 0.7199433969517312626, 0.8495487189710294595, 0.9999999999999998890 ),
 ( 0.000000000000000000, 1.000000000000000000 ),
 .UNSPECIFIED. ) ;
#2107 = VECTOR ( 'NONE', #1158, 1000.000000000000000 ) ;
#2108 = CARTESIAN_POINT ( 'NONE',  ( -19.86828259011749864, -2.829333067576274008, -0.1000000000000000056 ) ) ;
#2109 = CARTESIAN_POINT ( 'NONE',  ( -20.11016722181046390, -3.478466618855795112, -1.355252715606880543E-17 ) ) ;
#2110 = CARTESIAN_POINT ( 'NONE',  ( -0.5000000000000004441, -8.406000000000007688, 3.100000000000000089 ) ) ;
#2111 =( NAMED_UNIT ( * ) PLANE_ANGLE_UNIT ( ) SI_UNIT ( $, .RADIAN. ) );
#2112 = ORIENTED_EDGE ( 'NONE', *, *, #3609, .T. ) ;
#2113 = PRESENTATION_STYLE_ASSIGNMENT (( #1315 ) ) ;
#2114 = CARTESIAN_POINT ( 'NONE',  ( -19.75602278393081335, -3.246070231928189553, -0.1000000000000000056 ) ) ;
#2115 = CARTESIAN_POINT ( 'NONE',  ( -19.37898543977169297, -3.982970809477029306, -0.1000000000000000056 ) ) ;
#2116 = LINE ( 'NONE', #5753, #6579 ) ;
#2117 = EDGE_LOOP ( 'NONE', ( #721, #128, #893, #2377 ) ) ;
#2118 = ORIENTED_EDGE ( 'NONE', *, *, #198, .T. ) ;
#2119 = B_SPLINE_CURVE_WITH_KNOTS ( 'NONE', 3,
 ( #2433, #8819, #5274, #3192, #8147, #8106, #6032, #1736, #4564, #2481, #1780, #4605, #7474, #6118, #466 ),
 .UNSPECIFIED., .F., .F.,
 ( 4, 1, 1, 1, 1, 1, 1, 1, 1, 1, 1, 1, 4 ),
 ( 0.000000000000000000, 0.08259178216996052035, 0.1642255450426349517, 0.2465938318446980748, 0.3290869349125307153, 0.4120645108506680310, 0.4941904263161427946, 0.5766211448756330959, 0.6598540648118951246, 0.7441235173473449427, 0.8282911644061393686, 0.9134839720891906323, 1.000000000000000000 ),
 .UNSPECIFIED. ) ;
#2120 = CARTESIAN_POINT ( 'NONE',  ( -19.78204749569450982, 1.779363481767646471, 0.000000000000000000 ) ) ;
#2121 = CARTESIAN_POINT ( 'NONE',  ( -18.12375278787382271, -3.096740741890679161, -0.1000000000000000056 ) ) ;
#2122 = CARTESIAN_POINT ( 'NONE',  ( -18.15685068241062439, 3.163659733222313530, 0.000000000000000000 ) ) ;
#2123 = CARTESIAN_POINT ( 'NONE',  ( -18.89191483369793190, -0.7806786967117664844, 0.000000000000000000 ) ) ;
#2124 = CARTESIAN_POINT ( 'NONE',  ( 6.080000000000007176, -8.406000000000005912, 0.000000000000000000 ) ) ;
#2125 = VERTEX_POINT ( 'NONE', #3214 ) ;
#2126 = CARTESIAN_POINT ( 'NONE',  ( -19.07160335360570969, 2.966006781260170477, -0.1000000000000000056 ) ) ;
#2127 = ORIENTED_EDGE ( 'NONE', *, *, #3091, .F. ) ;
#2128 = CARTESIAN_POINT ( 'NONE',  ( -19.70441781707885553, 2.543184102633257559, -0.1000000000000000056 ) ) ;
#2129 = CARTESIAN_POINT ( 'NONE',  ( -19.22470592051654492, -3.410023046466255092, -0.1000000000000000056 ) ) ;
#2130 = CARTESIAN_POINT ( 'NONE',  ( -20.09434990509178576, 1.793121069572125581, 0.000000000000000000 ) ) ;
#2131 =( LENGTH_UNIT ( ) NAMED_UNIT ( * ) SI_UNIT ( .MILLI., .METRE. ) );
#2132 = CARTESIAN_POINT ( 'NONE',  ( -18.16052791086793405, -1.058662721322354505, -0.000000000000000000 ) ) ;
#2133 = CARTESIAN_POINT ( 'NONE',  ( -19.20766442248596562, -3.480218562374956637, -0.1000000000000000056 ) ) ;
#2134 = CARTESIAN_POINT ( 'NONE',  ( -20.11016722181046390, 1.942692305246987994, 0.000000000000000000 ) ) ;
#2135 = AXIS2_PLACEMENT_3D ( 'NONE', #8866, #1071, #2483 ) ;
#2136 = B_SPLINE_CURVE_WITH_KNOTS ( 'NONE', 3,
 ( #3172, #138, #5962, #271, #3077, #3855, #7414, #6716, #3119, #5910, #2366 ),
 .UNSPECIFIED., .F., .F.,
 ( 4, 1, 1, 1, 1, 1, 1, 1, 4 ),
 ( 0.000000000000000000, 0.1286683721050298490, 0.2512973715702621069, 0.3723609026645586240, 0.4976410587710396460, 0.6232104981565530499, 0.7450252415600343570, 0.8684631259765674960, 1.000000000000000000 ),
 .UNSPECIFIED. ) ;
#2137 = CARTESIAN_POINT ( 'NONE',  ( -18.25073307987542037, 4.247630408903493304, -0.1000000000000000056 ) ) ;
#2138 = CARTESIAN_POINT ( 'NONE',  ( -20.08869345138886331, 2.114329505343464533, -0.1000000000000000056 ) ) ;
#2139 = ORIENTED_EDGE ( 'NONE', *, *, #8522, .F. ) ;
#2140 = B_SPLINE_CURVE_WITH_KNOTS ( 'NONE', 3,
 ( #8919, #2528, #7529, #3979, #1040, #1652, #6832, #1698, #3843, #340, #4536 ),
 .UNSPECIFIED., .F., .F.,
 ( 4, 1, 1, 1, 1, 1, 1, 1, 4 ),
 ( 0.000000000000000000, 0.1631617008063159235, 0.3054497305669772733, 0.4326196334640751151, 0.5495891988933663264, 0.6607960529556101692, 0.7695424440343472394, 0.8817899633885906141, 1.000000000000000000 ),
 .UNSPECIFIED. ) ;
#2141 = CARTESIAN_POINT ( 'NONE',  ( -18.16627101717993042, -1.045787264506022440, -0.1000000000000000056 ) ) ;
#2142 = LINE ( 'NONE', #6956, #6399 ) ;
#2143 = CARTESIAN_POINT ( 'NONE',  ( -19.16566061893224315, -3.655810152739176200, 0.000000000000000000 ) ) ;
#2144 = EDGE_CURVE ( 'NONE', #2968, #9061, #21, .T. ) ;
#2145 = CARTESIAN_POINT ( 'NONE',  ( -19.51415490052533031, -3.904497014184474590, 0.000000000000000000 ) ) ;
#2146 = FACE_OUTER_BOUND ( 'NONE', #7701, .T. ) ;
#2147 = EDGE_CURVE ( 'NONE', #8068, #7821, #437, .T. ) ;
#2148 = CARTESIAN_POINT ( 'NONE',  ( -18.27740063953795868, -0.8786820345865135051, -0.1000000000000000056 ) ) ;
#2149 = VECTOR ( 'NONE', #2845, 1000.000000000000000 ) ;
#2150 =( NAMED_UNIT ( * ) PLANE_ANGLE_UNIT ( ) SI_UNIT ( $, .RADIAN. ) );
#2151 = FACE_BOUND ( 'NONE', #8287, .T. ) ;
#2152 = ORIENTED_EDGE ( 'NONE', *, *, #2189, .F. ) ;
#2153 = STYLED_ITEM ( 'NONE', ( #1002 ), #4392 ) ;
#2154 = PLANE ( 'NONE',  #6917 ) ;
#2155 = LINE ( 'NONE', #9096, #8642 ) ;
#2156 = CARTESIAN_POINT ( 'NONE',  ( -20.10954794448689142, -0.1398371038543154421, -0.000000000000000000 ) ) ;
#2157 = ORIENTED_EDGE ( 'NONE', *, *, #2598, .F. ) ;
#2158 = CARTESIAN_POINT ( 'NONE',  ( -18.10687864759171362, -1.442271461486816619, -0.1000000000000000056 ) ) ;
#2159 = CARTESIAN_POINT ( 'NONE',  ( -19.12939052401586792, 1.245634562174478210, -0.1000000000000000056 ) ) ;
#2160 = CARTESIAN_POINT ( 'NONE',  ( -18.94113435886800190, -1.396364754032753064, -0.1000000000000000056 ) ) ;
#2161 = VERTEX_POINT ( 'NONE', #8796 ) ;
#2162 = CARTESIAN_POINT ( 'NONE',  ( -19.99419158119563633, -3.967249768575033642, 0.000000000000000000 ) ) ;
#2163 = LINE ( 'NONE', #717, #5984 ) ;
#2164 = CARTESIAN_POINT ( 'NONE',  ( -19.67605165122133215, -3.133564029980504984, 0.000000000000000000 ) ) ;
#2165 = AXIS2_PLACEMENT_3D ( 'NONE', #8192, #3233, #504 ) ;
#2166 = SURFACE_STYLE_FILL_AREA ( #7844 ) ;
#2167 = CARTESIAN_POINT ( 'NONE',  ( -18.64982994737486877, -3.847135242184588133, 0.000000000000000000 ) ) ;
#2168 = VECTOR ( 'NONE', #4318, 1000.000000000000114 ) ;
#2169 = ORIENTED_EDGE ( 'NONE', *, *, #5340, .F. ) ;
#2170 = EDGE_CURVE ( 'NONE', #516, #1801, #5668, .T. ) ;
#2171 = ORIENTED_EDGE ( 'NONE', *, *, #2464, .F. ) ;
#2172 = CARTESIAN_POINT ( 'NONE',  ( -19.39545228777929253, 4.301933797200518050, 0.000000000000000000 ) ) ;
#2173 = PRESENTATION_STYLE_ASSIGNMENT (( #8551 ) ) ;
#2174 = CARTESIAN_POINT ( 'NONE',  ( -19.15916330605645612, -1.121022773221005631, 0.000000000000000000 ) ) ;
#2175 = CARTESIAN_POINT ( 'NONE',  ( -19.80956341918047414, 1.396930282857972383, -0.1000000000000000056 ) ) ;
#2176 = ORIENTED_EDGE ( 'NONE', *, *, #7495, .T. ) ;
#2177 = CARTESIAN_POINT ( 'NONE',  ( -18.29503355311960178, 4.246363793808039411, 0.000000000000000000 ) ) ;
#2178 = CARTESIAN_POINT ( 'NONE',  ( -18.08172384105899866, 1.952213940317206742, 0.000000000000000000 ) ) ;
#2179 = CARTESIAN_POINT ( 'NONE',  ( -19.66592834928238531, 1.323888022104898310, 0.000000000000000000 ) ) ;
#2180 = CARTESIAN_POINT ( 'NONE',  ( 4.080000000000003624, -8.406000000000005912, 3.100000000000000089 ) ) ;
#2181 = EDGE_CURVE ( 'NONE', #6660, #4800, #6146, .T. ) ;
#2182 = SURFACE_STYLE_FILL_AREA ( #5677 ) ;
#2183 = CARTESIAN_POINT ( 'NONE',  ( -19.49649460060810213, -3.069862799488131344, 1.355252715606880543E-17 ) ) ;
#2184 = CARTESIAN_POINT ( 'NONE',  ( -19.71499736501611721, -3.772135305086711021, 0.000000000000000000 ) ) ;
#2185 = CYLINDRICAL_SURFACE ( 'NONE', #4520, 7.000000000000002665 ) ;
#2186 = SURFACE_SIDE_STYLE ('',( #2090 ) ) ;
#2187 = CARTESIAN_POINT ( 'NONE',  ( -18.41360292252173636, 2.499183359932919846, -0.1000000000000000056 ) ) ;
#2188 = CARTESIAN_POINT ( 'NONE',  ( -20.05038087878489605, -0.01361802202761991029, -0.1000000000000000056 ) ) ;
#2189 = EDGE_CURVE ( 'NONE', #7607, #155, #2682, .T. ) ;
#2190 = CARTESIAN_POINT ( 'NONE',  ( 0.000000000000000000, -8.406000000000007688, -0.09999999999999982514 ) ) ;
#2191 = CARTESIAN_POINT ( 'NONE',  ( -19.80163162666483601, -3.504449708561509613, 0.000000000000000000 ) ) ;
#2192 = CARTESIAN_POINT ( 'NONE',  ( -19.23051807223363951, 3.135355294545489446, 0.000000000000000000 ) ) ;
#2193 = CARTESIAN_POINT ( 'NONE',  ( -18.71962618106655896, -2.906578954604071896, 0.000000000000000000 ) ) ;
#2194 = PRESENTATION_STYLE_ASSIGNMENT (( #8481 ) ) ;
#2196 = EDGE_CURVE ( 'NONE', #5709, #4702, #2074, .T. ) ;
#2195 = ORIENTED_EDGE ( 'NONE', *, *, #1024, .T. ) ;
#2197 = EDGE_CURVE ( 'NONE', #8153, #3053, #9119, .T. ) ;
#2198 = CARTESIAN_POINT ( 'NONE',  ( -19.42995699150785427, -3.943235583640141151, 0.000000000000000000 ) ) ;
#2199 = CARTESIAN_POINT ( 'NONE',  ( -18.36395225005395559, -3.327916675301923810, -0.1000000000000000056 ) ) ;
#2200 = CARTESIAN_POINT ( 'NONE',  ( -20.11016722181046745, -0.1532965215047198959, 0.000000000000000000 ) ) ;
#2201 = ORIENTED_EDGE ( 'NONE', *, *, #8154, .T. ) ;
#2202 = CARTESIAN_POINT ( 'NONE',  ( -19.46929144997005423, -2.683893025716147296, 0.000000000000000000 ) ) ;
#2203 = CARTESIAN_POINT ( 'NONE',  ( -18.50714439442518255, 1.324648708584006185, -0.1000000000000000056 ) ) ;
#2204 = CARTESIAN_POINT ( 'NONE',  ( -18.24303303494919248, -0.9159646545115908145, -0.1000000000000000056 ) ) ;
#2205 = CARTESIAN_POINT ( 'NONE',  ( -18.41344951408191477, 4.096095313367245083, 0.000000000000000000 ) ) ;
#2206 = CARTESIAN_POINT ( 'NONE',  ( 5.080000000000005400, -8.406000000000005912, 3.000000000000000000 ) ) ;
#2207 = CARTESIAN_POINT ( 'NONE',  ( -18.13306470757481392, 3.195027973866737092, 0.000000000000000000 ) ) ;
#2208 = ADVANCED_FACE ( 'NONE', ( #4180 ), #691, .T. ) ;
#2209 = CARTESIAN_POINT ( 'NONE',  ( -18.32367715252594920, 1.010177934926482335, -0.1000000000000000056 ) ) ;
#2210 = CARTESIAN_POINT ( 'NONE',  ( -19.42776084543809745, 4.301000554334851067, -0.1000000000000000056 ) ) ;
#2211 = DIRECTION ( 'NONE',  ( -0.000000000000000000, -0.000000000000000000, -1.000000000000000000 ) ) ;
#2212 = ORIENTED_EDGE ( 'NONE', *, *, #4201, .T. ) ;
#2213 = ORIENTED_EDGE ( 'NONE', *, *, #8394, .F. ) ;
#2214 = CARTESIAN_POINT ( 'NONE',  ( -18.53626942772273622, -2.768165982564291028, -0.1000000000000000056 ) ) ;
#2215 = UNCERTAINTY_MEASURE_WITH_UNIT (LENGTH_MEASURE( 1.000000000000000082E-05 ), #7614, 'distance_accuracy_value', 'NONE');
#2216 = CARTESIAN_POINT ( 'NONE',  ( -18.10736637847881170, 3.314675609730989514, 0.000000000000000000 ) ) ;
#2217 = LINE ( 'NONE', #2878, #4336 ) ;
#2218 = COLOUR_RGB ( '',1.000000000000000000, 0.9607843137254902244, 0.8901960784313724950 ) ;
#2219 = CARTESIAN_POINT ( 'NONE',  ( -20.06442702035639059, 1.700104778732903110, 0.000000000000000000 ) ) ;
#2220 = VERTEX_POINT ( 'NONE', #5472 ) ;
#2221 = CARTESIAN_POINT ( 'NONE',  ( -19.06913051141696513, 0.8832129295430076743, -0.1000000000000000056 ) ) ;
#2222 = EDGE_CURVE ( 'NONE', #1653, #2024, #2782, .T. ) ;
#2223 = CARTESIAN_POINT ( 'NONE',  ( -21.49999999999999645, -8.444999999999998508, 0.000000000000000000 ) ) ;
#2224 = DIRECTION ( 'NONE',  ( 1.000000000000000000, 0.000000000000000000, 0.000000000000000000 ) ) ;
#2225 = STYLED_ITEM ( 'NONE', ( #486 ), #1218 ) ;
#2226 = CARTESIAN_POINT ( 'NONE',  ( -18.47487055916194976, 2.529392604827880309, -0.1000000000000000056 ) ) ;
#2227 = SURFACE_SIDE_STYLE ('',( #2182 ) ) ;
#2228 = VERTEX_POINT ( 'NONE', #5425 ) ;
#2229 = DIRECTION ( 'NONE',  ( 0.000000000000000000, 0.000000000000000000, 1.000000000000000000 ) ) ;
#2230 = SURFACE_STYLE_FILL_AREA ( #8613 ) ;
#2231 = CARTESIAN_POINT ( 'NONE',  ( -19.26281818355381503, 3.917800448801757707, 0.000000000000000000 ) ) ;
#2232 =( NAMED_UNIT ( * ) PLANE_ANGLE_UNIT ( ) SI_UNIT ( $, .RADIAN. ) );
#2233 = EDGE_CURVE ( 'NONE', #3, #7035, #6724, .T. ) ;
#2234 = CARTESIAN_POINT ( 'NONE',  ( -19.86697954633439167, -2.324328409830729303, -0.1000000000000000056 ) ) ;
#2235 = CARTESIAN_POINT ( 'NONE',  ( -19.18976792709743506, 3.247997146459014495, -0.1000000000000000056 ) ) ;
#2236 = AXIS2_PLACEMENT_3D ( 'NONE', #4007, #3270, #8278 ) ;
#2237 = CARTESIAN_POINT ( 'NONE',  ( -19.65173472936560728, -3.113808264679263083, 0.000000000000000000 ) ) ;
#2238 = B_SPLINE_CURVE_WITH_KNOTS ( 'NONE', 3,
 ( #776, #5852, #7851, #5054, #3624, #5013, #4448, #3753, #4370, #2310, #7316 ),
 .UNSPECIFIED., .F., .F.,
 ( 4, 1, 1, 1, 1, 1, 1, 1, 4 ),
 ( 0.000000000000000000, 0.1234478424554437959, 0.2372645441751971007, 0.3459877958337392312, 0.4562725972761524917, 0.5724604415685624614, 0.6988789839190954201, 0.8403966771546137471, 1.000000000000000000 ),
 .UNSPECIFIED. ) ;
#2239 = CYLINDRICAL_SURFACE ( 'NONE', #8193, 1.000000000000000444 ) ;
#2240 = CARTESIAN_POINT ( 'NONE',  ( -18.17318651290355191, -1.030381202963053022, -0.1000000000000000056 ) ) ;
#2241 = CIRCLE ( 'NONE', #3140, 1.000000000000001776 ) ;
#2242 = DIRECTION ( 'NONE',  ( -0.000000000000000000, -0.000000000000000000, -1.000000000000000000 ) ) ;
#2243 = DIRECTION ( 'NONE',  ( 1.000000000000000000, 0.000000000000000000, 0.000000000000000000 ) ) ;
#2244 = ORIENTED_EDGE ( 'NONE', *, *, #4804, .F. ) ;
#2245 = MECHANICAL_DESIGN_GEOMETRIC_PRESENTATION_REPRESENTATION (  '', ( #7329 ), #5520 ) ;
#2246 = CARTESIAN_POINT ( 'NONE',  ( 12.50000000000000000, 0.000000000000000000, 16.00000000000000000 ) ) ;
#2247 =( LENGTH_UNIT ( ) NAMED_UNIT ( * ) SI_UNIT ( .MILLI., .METRE. ) );
#2248 = CARTESIAN_POINT ( 'NONE',  ( -19.25850670372446771, 2.269258193152186465, 1.355252715606880543E-17 ) ) ;
#2249 = CIRCLE ( 'NONE', #9091, 1.000000000000000888 ) ;
#2250 = EDGE_LOOP ( 'NONE', ( #5895, #5798, #6485, #1932 ) ) ;
#2251 = CARTESIAN_POINT ( 'NONE',  ( -19.82747083254083620, 1.928096221661918852, -0.1000000000000000056 ) ) ;
#2252 = AXIS2_PLACEMENT_3D ( 'NONE', #8077, #7319, #5857 ) ;
#2253 = EDGE_CURVE ( 'NONE', #9177, #5063, #4238, .T. ) ;
#2254 = CARTESIAN_POINT ( 'NONE',  ( -18.73098022016369413, -3.767342767871441733, -0.1000000000000000056 ) ) ;
#2255 = CYLINDRICAL_SURFACE ( 'NONE', #2401, 0.5000000000000004441 ) ;
#2256 = CARTESIAN_POINT ( 'NONE',  ( -19.81140289357765027, -0.7401537671204410085, 0.000000000000000000 ) ) ;
#2257 = CARTESIAN_POINT ( 'NONE',  ( 2.540000000000004476, -8.406000000000007688, -0.09999999999999982514 ) ) ;
#2258 = CARTESIAN_POINT ( 'NONE',  ( -18.05551227389380031, -3.476861419677735210, 0.000000000000000000 ) ) ;
#2259 = MECHANICAL_DESIGN_GEOMETRIC_PRESENTATION_REPRESENTATION (  '', ( #6282 ), #1659 ) ;
#2260 = CARTESIAN_POINT ( 'NONE',  ( -19.62620192463313629, -3.097691901166142348, -0.1000000000000000056 ) ) ;
#2261 = VECTOR ( 'NONE', #1738, 1000.000000000000000 ) ;
#2262 = VERTEX_POINT ( 'NONE', #6565 ) ;
#2263 = CARTESIAN_POINT ( 'NONE',  ( -19.41576115847787420, 1.621990873057695293, 0.000000000000000000 ) ) ;
#2264 = EDGE_CURVE ( 'NONE', #2553, #5954, #4407, .T. ) ;
#2265 = CARTESIAN_POINT ( 'NONE',  ( -19.46954055206917999, 3.042885545685848570, -0.1000000000000000056 ) ) ;
#2266 = FILL_AREA_STYLE_COLOUR ( '', #3947 ) ;
#2267 = CARTESIAN_POINT ( 'NONE',  ( 2.540000000000004476, -8.406000000000007688, -0.09999999999999982514 ) ) ;
#2268 = CARTESIAN_POINT ( 'NONE',  ( -19.76431068597936758, 1.369821714187586359, 0.000000000000000000 ) ) ;
#2269 = PRESENTATION_LAYER_ASSIGNMENT (  '', '', ( #7046 ) ) ;
#2270 = FILL_AREA_STYLE ('',( #6569 ) ) ;
#2271 = CARTESIAN_POINT ( 'NONE',  ( -18.91190360907055279, 0.7803690654780860436, 1.355252715606880543E-17 ) ) ;
#2272 = CARTESIAN_POINT ( 'NONE',  ( -18.33802732923233947, -3.506958904266358257, -0.1000000000000000056 ) ) ;
#2273 = CARTESIAN_POINT ( 'NONE',  ( -18.82792124332567241, 2.618995107485920126, -0.1000000000000000056 ) ) ;
#2274 = EDGE_LOOP ( 'NONE', ( #3558, #5449, #978, #2455 ) ) ;
#2275 = CARTESIAN_POINT ( 'NONE',  ( -22.50000000000000000, 10.44500000000000028, 0.000000000000000000 ) ) ;
#2276 = CARTESIAN_POINT ( 'NONE',  ( 3.000000000000004441, 6.294999999999998153, 5.700000000000000178 ) ) ;
#2277 = CARTESIAN_POINT ( 'NONE',  ( -18.36371051608129790, 1.935468908945718436, -0.1000000000000000056 ) ) ;
#2278 = CARTESIAN_POINT ( 'NONE',  ( -19.03236843833728642, 1.246155932585718329, 0.000000000000000000 ) ) ;
#2279 = CARTESIAN_POINT ( 'NONE',  ( -19.85182265400231572, 3.645666970460157863, -0.1000000000000000056 ) ) ;
#2280 = CARTESIAN_POINT ( 'NONE',  ( -19.92118362722515457, -2.322818647053108254, 0.000000000000000000 ) ) ;
#2281 = CARTESIAN_POINT ( 'NONE',  ( 0.000000000000000000, 0.000000000000000000, 0.000000000000000000 ) ) ;
#2282 = EDGE_CURVE ( 'NONE', #280, #2505, #2238, .T. ) ;
#2283 = FILL_AREA_STYLE_COLOUR ( '', #6445 ) ;
#2284 = AXIS2_PLACEMENT_3D ( 'NONE', #2048, #560, #9094 ) ;
#2285 = B_SPLINE_CURVE_WITH_KNOTS ( 'NONE', 3,
 ( #8778, #217, #3064, #2352, #5193, #6743, #8156, #4493, #3840, #7481, #1077, #3931, #381, #3244, #7358, #5940, #8695, #2399, #6697 ),
 .UNSPECIFIED., .F., .F.,
 ( 4, 1, 1, 1, 1, 1, 1, 1, 1, 1, 1, 1, 1, 1, 1, 1, 4 ),
 ( 0.000000000000000000, 0.06469325295789031538, 0.1319128785284785776, 0.2029611573507837385, 0.2774449648096110610, 0.3542204712830415159, 0.4310223431692136176, 0.5070640098484600067, 0.5831750998531961550, 0.6571478000892178040, 0.7258991217706136645, 0.7898864299282034596, 0.8490237008499543769, 0.9011499219737284516, 0.9433466200773504839, 0.9763205444642349962, 1.000000000000000000 ),
 .UNSPECIFIED. ) ;
#2286 = CARTESIAN_POINT ( 'NONE',  ( -18.24212404777031793, 1.492384979735884132, 0.000000000000000000 ) ) ;
#2287 = DIRECTION ( 'NONE',  ( -1.000000000000000000, 0.000000000000000000, 0.000000000000000000 ) ) ;
#2288 = FACE_OUTER_BOUND ( 'NONE', #6810, .T. ) ;
#2289 =( NAMED_UNIT ( * ) PLANE_ANGLE_UNIT ( ) SI_UNIT ( $, .RADIAN. ) );
#2290 = ORIENTED_EDGE ( 'NONE', *, *, #8367, .F. ) ;
#2291 = CARTESIAN_POINT ( 'NONE',  ( -19.33997570640790542, -4.058776797439029416, -0.1000000000000000056 ) ) ;
#2292 = CARTESIAN_POINT ( 'NONE',  ( -19.80196897962296276, -3.483282216389974373, -0.1000000000000000056 ) ) ;
#2293 = CARTESIAN_POINT ( 'NONE',  ( -19.50858291302021286, 2.241682809937265652, 1.355252715606880543E-17 ) ) ;
#2294 = AXIS2_PLACEMENT_3D ( 'NONE', #3823, #241, #7971 ) ;
#2295 = VERTEX_POINT ( 'NONE', #3705 ) ;
#2296 = CARTESIAN_POINT ( 'NONE',  ( -18.90239379365844030, -4.134429430201347344, -0.1000000000000000056 ) ) ;
#2297 = ADVANCED_FACE ( 'NONE', ( #7807 ), #7945, .T. ) ;
#2298 = CARTESIAN_POINT ( 'NONE',  ( -20.07876860249296058, -3.195935133352672430, -0.1000000000000000056 ) ) ;
#2299 = CARTESIAN_POINT ( 'NONE',  ( -18.68856865329570383, 1.277654723428790495, 0.000000000000000000 ) ) ;
#2300 = CARTESIAN_POINT ( 'NONE',  ( -18.59788592611133140, -0.7334783503562773976, -0.1000000000000000056 ) ) ;
#2301 = VECTOR ( 'NONE', #6707, 1000.000000000000000 ) ;
#2302 =( NAMED_UNIT ( * ) SI_UNIT ( $, .STERADIAN. ) SOLID_ANGLE_UNIT ( ) );
#2303 = CARTESIAN_POINT ( 'NONE',  ( -18.09894620495635209, -3.160799164391408844, 0.000000000000000000 ) ) ;
#2304 = CARTESIAN_POINT ( 'NONE',  ( -19.86497304736181491, 0.03852478027343772538, -0.1000000000000000056 ) ) ;
#2305 = DIRECTION ( 'NONE',  ( -0.000000000000000000, -0.000000000000000000, -1.000000000000000000 ) ) ;
#2306 = VERTEX_POINT ( 'NONE', #7900 ) ;
#2307 = CARTESIAN_POINT ( 'NONE',  ( -19.86697954633439522, -0.3467230224609372802, 0.000000000000000000 ) ) ;
#2308 = CARTESIAN_POINT ( 'NONE',  ( -18.19830978580295167, -2.294538774921230040, 0.000000000000000000 ) ) ;
#2309 = SURFACE_SIDE_STYLE ('',( #5997 ) ) ;
#2310 = CARTESIAN_POINT ( 'NONE',  ( -19.88575682960556890, -2.323805400439520774, -0.1000000000000000056 ) ) ;
#2311 = CARTESIAN_POINT ( 'NONE',  ( -19.66592834928238531, 1.323888022104898310, 0.000000000000000000 ) ) ;
#2312 = ORIENTED_EDGE ( 'NONE', *, *, #7291, .T. ) ;
#2313 = VECTOR ( 'NONE', #2353, 1000.000000000000000 ) ;
#2314 = FACE_BOUND ( 'NONE', #1294, .T. ) ;
#2315 = CARTESIAN_POINT ( 'NONE',  ( -18.67264923963804435, -3.832338987974138966, 0.000000000000000000 ) ) ;
#2316 =( LENGTH_UNIT ( ) NAMED_UNIT ( * ) SI_UNIT ( .MILLI., .METRE. ) );
#2317 = AXIS2_PLACEMENT_3D ( 'NONE', #395, #309, #1663 ) ;
#2318 = CARTESIAN_POINT ( 'NONE',  ( -18.88595977371062773, -3.263074468482884960, 0.000000000000000000 ) ) ;
#2319 = EDGE_CURVE ( 'NONE', #3570, #3333, #5224, .T. ) ;
#2320 = DIRECTION ( 'NONE',  ( 1.000000000000000000, 0.000000000000000000, 0.000000000000000000 ) ) ;
#2321 = EDGE_CURVE ( 'NONE', #2103, #4864, #6425, .T. ) ;
#2322 = ORIENTED_EDGE ( 'NONE', *, *, #810, .T. ) ;
#2323 = FACE_OUTER_BOUND ( 'NONE', #3739, .T. ) ;
#2324 = SURFACE_STYLE_USAGE ( .BOTH. , #7998 ) ;
#2325 = CARTESIAN_POINT ( 'NONE',  ( -19.45514201560898115, 3.941830654990515992, -0.1000000000000000056 ) ) ;
#2326 = CARTESIAN_POINT ( 'NONE',  ( -19.41958249066706443, 1.263994582680181500, -0.1000000000000000056 ) ) ;
#2327 = SURFACE_STYLE_FILL_AREA ( #786 ) ;
#2328 =( LENGTH_UNIT ( ) NAMED_UNIT ( * ) SI_UNIT ( .MILLI., .METRE. ) );
#2329 = CARTESIAN_POINT ( 'NONE',  ( -18.65063986915950522, -0.7319708251953128686, -0.1000000000000000056 ) ) ;
#2330 = CARTESIAN_POINT ( 'NONE',  ( -18.33761397356202494, -0.3464091719252174739, -0.1000000000000000056 ) ) ;
#2331 = SURFACE_STYLE_USAGE ( .BOTH. , #5829 ) ;
#2332 = VERTEX_POINT ( 'NONE', #7269 ) ;
#2333 = DIRECTION ( 'NONE',  ( -0.000000000000000000, 0.000000000000000000, 1.000000000000000000 ) ) ;
#2334 = ORIENTED_EDGE ( 'NONE', *, *, #8154, .F. ) ;
#2335 = FACE_OUTER_BOUND ( 'NONE', #6741, .T. ) ;
#2336 = EDGE_CURVE ( 'NONE', #1152, #8008, #4788, .T. ) ;
#2337 = CARTESIAN_POINT ( 'NONE',  ( -19.78171562266391703, -3.316744761012391685, -0.1000000000000000056 ) ) ;
#2338 = ORIENTED_EDGE ( 'NONE', *, *, #8899, .T. ) ;
#2339 = CARTESIAN_POINT ( 'NONE',  ( -19.19038809278214330, -3.555917479197185038, -0.1000000000000000056 ) ) ;
#2340 = CARTESIAN_POINT ( 'NONE',  ( -20.00650135737299351, -3.007561368684630310, -0.1000000000000000056 ) ) ;
#2341 = CARTESIAN_POINT ( 'NONE',  ( -19.51784872510636148, -4.262606417338054676, -0.1000000000000000056 ) ) ;
#2342 = CARTESIAN_POINT ( 'NONE',  ( -19.19038809278214330, -1.240417664845784973, 0.000000000000000000 ) ) ;
#2343 = CARTESIAN_POINT ( 'NONE',  ( -19.29771789823721662, -3.203046340898052513, 0.000000000000000000 ) ) ;
#2344 = CARTESIAN_POINT ( 'NONE',  ( -18.45663055021851662, -2.777736892617174380, 0.000000000000000000 ) ) ;
#2345 = EDGE_CURVE ( 'NONE', #6390, #669, #2217, .T. ) ;
#2346 = SURFACE_STYLE_FILL_AREA ( #3195 ) ;
#2347 = EDGE_CURVE ( 'NONE', #6732, #8990, #5713, .T. ) ;
#2348 = SURFACE_STYLE_FILL_AREA ( #212 ) ;
#2349 =( NAMED_UNIT ( * ) PLANE_ANGLE_UNIT ( ) SI_UNIT ( $, .RADIAN. ) );
#2350 = VERTEX_POINT ( 'NONE', #126 ) ;
#2351 = CARTESIAN_POINT ( 'NONE',  ( -18.91916893147156387, 1.609042923875216413, 0.000000000000000000 ) ) ;
#2352 = CARTESIAN_POINT ( 'NONE',  ( -19.25995938937284535, -1.133796288956432363, 0.000000000000000000 ) ) ;
#2353 = DIRECTION ( 'NONE',  ( -0.000000000000000000, -0.000000000000000000, 1.000000000000000000 ) ) ;
#2354 = CARTESIAN_POINT ( 'NONE',  ( -19.51423447418342860, 1.637735082298404254, -0.1000000000000000056 ) ) ;
#2355 = CARTESIAN_POINT ( 'NONE',  ( -20.08161370229463571, 1.745786103309411308, -0.1000000000000000056 ) ) ;
#2356 = ORIENTED_EDGE ( 'NONE', *, *, #2626, .T. ) ;
#2357 = CARTESIAN_POINT ( 'NONE',  ( -19.87168396659924241, -1.164876217362721622, -0.000000000000000000 ) ) ;
#2358 = CARTESIAN_POINT ( 'NONE',  ( -19.51784872510636148, -4.262606417338054676, -0.1000000000000000056 ) ) ;
#2359 = EDGE_CURVE ( 'NONE', #8407, #294, #2973, .T. ) ;
#2360 = CARTESIAN_POINT ( 'NONE',  ( -19.08151448074983847, -2.841201333268087215, 0.000000000000000000 ) ) ;
#2361 = VERTEX_POINT ( 'NONE', #219 ) ;
#2362 = DIRECTION ( 'NONE',  ( -0.000000000000000000, -0.000000000000000000, -1.000000000000000000 ) ) ;
#2363 = EDGE_CURVE ( 'NONE', #2056, #922, #7482, .T. ) ;
#2364 = ADVANCED_FACE ( 'NONE', ( #3066 ), #453, .T. ) ;
#2365 = MECHANICAL_DESIGN_GEOMETRIC_PRESENTATION_REPRESENTATION (  '', ( #736 ), #6239 ) ;
#2366 = CARTESIAN_POINT ( 'NONE',  ( -19.33886901675268533, -4.088041006724040471, 0.000000000000000000 ) ) ;
#2367 = AXIS2_PLACEMENT_3D ( 'NONE', #2281, #3679, #8801 ) ;
#2368 = CARTESIAN_POINT ( 'NONE',  ( -19.12939052401586792, 1.245634562174478210, -0.1000000000000000056 ) ) ;
#2369 = AXIS2_PLACEMENT_3D ( 'NONE', #2419, #8848, #358 ) ;
#2370 =( NAMED_UNIT ( * ) PLANE_ANGLE_UNIT ( ) SI_UNIT ( $, .RADIAN. ) );
#2371 = CARTESIAN_POINT ( 'NONE',  ( -18.59485919772192375, -3.120908501942953439, -0.1000000000000000056 ) ) ;
#2372 = CARTESIAN_POINT ( 'NONE',  ( -19.21254041672500179, 3.207222666845936043, -0.1000000000000000056 ) ) ;
#2373 = CARTESIAN_POINT ( 'NONE',  ( -18.41507688977921475, 0.03852478027343772538, 0.000000000000000000 ) ) ;
#2374 = ADVANCED_FACE ( 'NONE', ( #5998 ), #6124, .T. ) ;
#2375 =( GEOMETRIC_REPRESENTATION_CONTEXT ( 3 ) GLOBAL_UNCERTAINTY_ASSIGNED_CONTEXT ( ( #3530 ) ) GLOBAL_UNIT_ASSIGNED_CONTEXT ( ( #1446, #1302, #9140 ) ) REPRESENTATION_CONTEXT ( 'NONE', 'WORKASPACE' ) );
#2376 = CARTESIAN_POINT ( 'NONE',  ( -19.09647887652715426, 1.245811420454381979, -0.1000000000000000056 ) ) ;
#2377 = ORIENTED_EDGE ( 'NONE', *, *, #2345, .T. ) ;
#2378 = CARTESIAN_POINT ( 'NONE',  ( -19.46808755058650675, 3.074357725779213624, 0.000000000000000000 ) ) ;
#2379 = CARTESIAN_POINT ( 'NONE',  ( 4.499999999999999112, 0.000000000000000000, 16.00000000000000000 ) ) ;
#2380 = VERTEX_POINT ( 'NONE', #5604 ) ;
#2381 = PRESENTATION_STYLE_ASSIGNMENT (( #1068 ) ) ;
#2382 = SURFACE_STYLE_FILL_AREA ( #845 ) ;
#2383 = CIRCLE ( 'NONE', #6259, 1.000000000000000444 ) ;
#2384 = ADVANCED_BREP_SHAPE_REPRESENTATION ( 'ultrasonic_hysrf05', ( #7588, #8573 ), #7825 ) ;
#2385 = VERTEX_POINT ( 'NONE', #4712 ) ;
#2386 = CARTESIAN_POINT ( 'NONE',  ( -18.68830917156022053, -4.220246184988410754, 0.000000000000000000 ) ) ;
#2387 = STYLED_ITEM ( 'NONE', ( #3394 ), #2819 ) ;
#2388 = CARTESIAN_POINT ( 'NONE',  ( -20.10997695587489176, -3.458260497906558761, -0.1000000000000000056 ) ) ;
#2389 = EDGE_CURVE ( 'NONE', #7927, #1931, #4808, .T. ) ;
#2390 = MECHANICAL_DESIGN_GEOMETRIC_PRESENTATION_REPRESENTATION (  '', ( #591 ), #6119 ) ;
#2391 = CARTESIAN_POINT ( 'NONE',  ( -19.58890726722236408, -0.8596249188412734554, 0.000000000000000000 ) ) ;
#2392 = CARTESIAN_POINT ( 'NONE',  ( -19.56900382164791807, 3.229972694038570680, 0.000000000000000000 ) ) ;
#2393 = CARTESIAN_POINT ( 'NONE',  ( -18.29544728036928802, -2.861874470167900419, 0.000000000000000000 ) ) ;
#2394 = CARTESIAN_POINT ( 'NONE',  ( -19.96404186933357039, -0.6979881106803730306, -0.1000000000000000056 ) ) ;
#2395 = DIRECTION ( 'NONE',  ( -1.000000000000000000, 0.000000000000000000, 0.000000000000000000 ) ) ;
#2396 = AXIS2_PLACEMENT_3D ( 'NONE', #185, #874, #7910 ) ;
#2397 = ORIENTED_EDGE ( 'NONE', *, *, #4418, .F. ) ;
#2398 = LINE ( 'NONE', #5240, #322 ) ;
#2399 = CARTESIAN_POINT ( 'NONE',  ( -19.94332505971822300, -0.6973972017470806417, -0.000000000000000000 ) ) ;
#2400 = CARTESIAN_POINT ( 'NONE',  ( -19.09046444394791564, 1.605199178059895093, 1.355252715606880543E-17 ) ) ;
#2401 = AXIS2_PLACEMENT_3D ( 'NONE', #1685, #3055, #5184 ) ;
#2402 = CARTESIAN_POINT ( 'NONE',  ( -19.78704005653693443, 3.388719039845911496, -0.1000000000000000056 ) ) ;
#2403 = EDGE_LOOP ( 'NONE', ( #8808, #1156 ) ) ;
#2404 = B_SPLINE_CURVE_WITH_KNOTS ( 'NONE', 3,
 ( #2292, #5136, #5228, #7975, #8101, #2337, #1588, #5979, #4432, #3051, #5925, #5180, #8058, #1679, #1732, #7297, #890, #6598, #5882 ),
 .UNSPECIFIED., .F., .F.,
 ( 4, 1, 1, 1, 1, 1, 1, 1, 1, 1, 1, 1, 1, 1, 1, 1, 4 ),
 ( 0.000000000000000000, 0.08001952532404786600, 0.1567723552351563132, 0.2298064684519448564, 0.3003103663417418523, 0.3678432436751490342, 0.4334956367244707787, 0.4980274256210861505, 0.5614147804807703146, 0.6224280272064023345, 0.6805249023635890904, 0.7358515071489912795, 0.7891494952270388108, 0.8415352667228044314, 0.8932596061118520669, 0.9456453776076121365, 1.000000000000000000 ),
 .UNSPECIFIED. ) ;
#2405 =( GEOMETRIC_REPRESENTATION_CONTEXT ( 3 ) GLOBAL_UNCERTAINTY_ASSIGNED_CONTEXT ( ( #6229 ) ) GLOBAL_UNIT_ASSIGNED_CONTEXT ( ( #479, #4814, #5459 ) ) REPRESENTATION_CONTEXT ( 'NONE', 'WORKASPACE' ) );
#2406 = CARTESIAN_POINT ( 'NONE',  ( -18.26298426765803740, 4.248159624735512452, 0.000000000000000000 ) ) ;
#2407 = CARTESIAN_POINT ( 'NONE',  ( -12.50000000000000000, 0.000000000000000000, 15.50000000000000000 ) ) ;
#2408 = CARTESIAN_POINT ( 'NONE',  ( -18.93074843047948619, -3.118931762363307492, 0.000000000000000000 ) ) ;
#2409 = VERTEX_POINT ( 'NONE', #9050 ) ;
#2410 = SURFACE_STYLE_FILL_AREA ( #1755 ) ;
#2411 = CARTESIAN_POINT ( 'NONE',  ( -19.35093585094681501, 1.255380462291809440, 0.000000000000000000 ) ) ;
#2412 = AXIS2_PLACEMENT_3D ( 'NONE', #2764, #3082, #5078 ) ;
#2413 = CARTESIAN_POINT ( 'NONE',  ( -19.04570617547842915, 3.465480838609803271, 0.000000000000000000 ) ) ;
#2414 = LINE ( 'NONE', #6055, #8658 ) ;
#2415 = CARTESIAN_POINT ( 'NONE',  ( -19.85182265400231572, 3.645666970460157863, 0.000000000000000000 ) ) ;
#2416 = CARTESIAN_POINT ( 'NONE',  ( -18.72166993278865377, -2.941928793589275060, -0.1000000000000000056 ) ) ;
#2417 = LINE ( 'NONE', #3039, #1016 ) ;
#2418 = ADVANCED_FACE ( 'NONE', ( #2669 ), #9147, .T. ) ;
#2419 = CARTESIAN_POINT ( 'NONE',  ( 3.000000000000004885, 8.294999999999998153, 5.700000000000000178 ) ) ;
#2420 = CARTESIAN_POINT ( 'NONE',  ( -20.11016722181046390, -2.130901908874511808, 0.000000000000000000 ) ) ;
#2421 = ORIENTED_EDGE ( 'NONE', *, *, #3167, .F. ) ;
#2422 = CARTESIAN_POINT ( 'NONE',  ( -18.24085958759604509, -0.3340333975192067983, -0.1000000000000000056 ) ) ;
#2423 = ORIENTED_EDGE ( 'NONE', *, *, #4722, .T. ) ;
#2424 = SURFACE_STYLE_USAGE ( .BOTH. , #7466 ) ;
#2425 = CARTESIAN_POINT ( 'NONE',  ( -18.46018341094351101, -1.263853075448103658, 0.000000000000000000 ) ) ;
#2426 = ORIENTED_EDGE ( 'NONE', *, *, #5332, .F. ) ;
#2427 = CARTESIAN_POINT ( 'NONE',  ( -18.77609816787774122, 3.515810940553874442, -0.1000000000000000056 ) ) ;
#2428 = CARTESIAN_POINT ( 'NONE',  ( -19.36286226323284154, 2.261558762429606073, 1.355252715606880543E-17 ) ) ;
#2429 = STYLED_ITEM ( 'NONE', ( #3328 ), #3838 ) ;
#2430 = ORIENTED_EDGE ( 'NONE', *, *, #378, .T. ) ;
#2431 = CARTESIAN_POINT ( 'NONE',  ( -19.36847621390428387, 1.617041908944811368, -0.1000000000000000056 ) ) ;
#2432 = CARTESIAN_POINT ( 'NONE',  ( -19.97428057703814730, -1.950401280722171782, -0.1000000000000000056 ) ) ;
#2433 = CARTESIAN_POINT ( 'NONE',  ( -18.16627101717993042, -1.045787264506022440, 0.000000000000000000 ) ) ;
#2434 = CARTESIAN_POINT ( 'NONE',  ( -19.42307709885156797, -3.083358942986200724, 0.000000000000000000 ) ) ;
#2435 = CARTESIAN_POINT ( 'NONE',  ( -18.41507688977921475, 3.408640454610186943, -0.1000000000000000056 ) ) ;
#2436 =( GEOMETRIC_REPRESENTATION_CONTEXT ( 3 ) GLOBAL_UNCERTAINTY_ASSIGNED_CONTEXT ( ( #5574 ) ) GLOBAL_UNIT_ASSIGNED_CONTEXT ( ( #2747, #2232, #5683 ) ) REPRESENTATION_CONTEXT ( 'NONE', 'WORKASPACE' ) );
#2437 = FILL_AREA_STYLE_COLOUR ( '', #7886 ) ;
#2438 = ORIENTED_EDGE ( 'NONE', *, *, #3800, .F. ) ;
#2439 = LINE ( 'NONE', #8069, #5089 ) ;
#2440 =( GEOMETRIC_REPRESENTATION_CONTEXT ( 3 ) GLOBAL_UNCERTAINTY_ASSIGNED_CONTEXT ( ( #725 ) ) GLOBAL_UNIT_ASSIGNED_CONTEXT ( ( #5179, #4557, #3231 ) ) REPRESENTATION_CONTEXT ( 'NONE', 'WORKASPACE' ) );
#2441 = DIRECTION ( 'NONE',  ( 1.000000000000000000, -1.734723475976806848E-16, 0.000000000000000000 ) ) ;
#2442 = CARTESIAN_POINT ( 'NONE',  ( -18.84567156929378129, -3.421883347829183464, -0.1000000000000000056 ) ) ;
#2443 = ORIENTED_EDGE ( 'NONE', *, *, #7095, .T. ) ;
#2444 = CARTESIAN_POINT ( 'NONE',  ( -19.85131390101182092, 3.540358549259218446, -0.1000000000000000056 ) ) ;
#2445 = ORIENTED_EDGE ( 'NONE', *, *, #7281, .F. ) ;
#2446 = CARTESIAN_POINT ( 'NONE',  ( -19.41467646754817977, 3.941924172589010400, -0.1000000000000000056 ) ) ;
#2447 = CARTESIAN_POINT ( 'NONE',  ( -20.04412938482917284, -1.049196215127384590, 0.000000000000000000 ) ) ;
#2448 = VECTOR ( 'NONE', #6249, 1000.000000000000000 ) ;
#2449 = CARTESIAN_POINT ( 'NONE',  ( -18.79197942421374634, -3.629173216096271304, 0.000000000000000000 ) ) ;
#2450 = DIRECTION ( 'NONE',  ( -0.000000000000000000, -0.000000000000000000, -1.000000000000000000 ) ) ;
#2451 = FACE_OUTER_BOUND ( 'NONE', #3928, .T. ) ;
#2452 = MECHANICAL_DESIGN_GEOMETRIC_PRESENTATION_REPRESENTATION (  '', ( #6487 ), #3589 ) ;
#2453 = EDGE_CURVE ( 'NONE', #8679, #2762, #8451, .T. ) ;
#2454 = EDGE_CURVE ( 'NONE', #4316, #8377, #5244, .T. ) ;
#2455 = ORIENTED_EDGE ( 'NONE', *, *, #6987, .F. ) ;
#2456 = CARTESIAN_POINT ( 'NONE',  ( -18.34046372216889154, -3.581411873224420006, 0.000000000000000000 ) ) ;
#2457 = CARTESIAN_POINT ( 'NONE',  ( -18.74982389649004944, 3.644856910182488363, -0.1000000000000000056 ) ) ;
#2458 = SURFACE_SIDE_STYLE ('',( #1051 ) ) ;
#2459 = MECHANICAL_DESIGN_GEOMETRIC_PRESENTATION_REPRESENTATION (  '', ( #663 ), #8855 ) ;
#2460 = VECTOR ( 'NONE', #803, 1000.000000000000000 ) ;
#2461 = CARTESIAN_POINT ( 'NONE',  ( -18.10687864759171362, 0.8310918744405112468, 0.000000000000000000 ) ) ;
#2462 = CARTESIAN_POINT ( 'NONE',  ( -18.72166993278865377, -2.941928793589275060, 0.000000000000000000 ) ) ;
#2463 =( NAMED_UNIT ( * ) SI_UNIT ( $, .STERADIAN. ) SOLID_ANGLE_UNIT ( ) );
#2464 = EDGE_CURVE ( 'NONE', #2306, #628, #4905, .T. ) ;
#2465 = SURFACE_STYLE_FILL_AREA ( #1812 ) ;
#2466 = PRESENTATION_LAYER_ASSIGNMENT (  '', '', ( #8244 ) ) ;
#2467 = CARTESIAN_POINT ( 'NONE',  ( -18.77569789197526973, 3.872119108782804187, -0.1000000000000000056 ) ) ;
#2468 = ORIENTED_EDGE ( 'NONE', *, *, #5093, .F. ) ;
#2469 = B_SPLINE_CURVE_WITH_KNOTS ( 'NONE', 3,
 ( #5951, #5250, #8080, #7410, #1003, #3848, #2635, #1797, #5521, #2537, #6182 ),
 .UNSPECIFIED., .F., .F.,
 ( 4, 1, 1, 1, 1, 1, 1, 1, 4 ),
 ( 0.000000000000000000, 0.1583368512908818193, 0.2984998071311207313, 0.4235606258555247305, 0.5399428293702756010, 0.6509356980120057923, 0.7619482096710933350, 0.8755333808131989803, 1.000000000000000000 ),
 .UNSPECIFIED. ) ;
#2470 = CARTESIAN_POINT ( 'NONE',  ( -18.16627101717993042, -1.045787264506022440, -0.1000000000000000056 ) ) ;
#2471 = ORIENTED_EDGE ( 'NONE', *, *, #6977, .F. ) ;
#2472 = FILL_AREA_STYLE ('',( #5132 ) ) ;
#2473 = DIRECTION ( 'NONE',  ( -0.000000000000000000, -0.000000000000000000, 1.000000000000000000 ) ) ;
#2474 = EDGE_LOOP ( 'NONE', ( #5590, #1644, #8852, #246 ) ) ;
#2475 = LINE ( 'NONE', #3870, #1400 ) ;
#2476 = CARTESIAN_POINT ( 'NONE',  ( -19.46857820814159723, 3.063730026411961571, 0.000000000000000000 ) ) ;
#2477 = CARTESIAN_POINT ( 'NONE',  ( -19.72361074902013911, -2.736127809225429086, -0.1000000000000000056 ) ) ;
#2478 = ORIENTED_EDGE ( 'NONE', *, *, #7864, .F. ) ;
#2479 = CARTESIAN_POINT ( 'NONE',  ( -19.59931258339290139, 3.243706239064532149, -0.1000000000000000056 ) ) ;
#2480 =( LENGTH_UNIT ( ) NAMED_UNIT ( * ) SI_UNIT ( .MILLI., .METRE. ) );
#2481 = CARTESIAN_POINT ( 'NONE',  ( -18.44667818956389382, -0.7688256514506229822, 0.000000000000000000 ) ) ;
#2482 = EDGE_CURVE ( 'NONE', #6704, #2262, #6731, .T. ) ;
#2483 = DIRECTION ( 'NONE',  ( 1.000000000000000000, 0.000000000000000000, 0.000000000000000000 ) ) ;
#2484 = CARTESIAN_POINT ( 'NONE',  ( -19.33480733500524451, -1.520807513851532011, -0.1000000000000000056 ) ) ;
#2485 = ORIENTED_EDGE ( 'NONE', *, *, #5537, .T. ) ;
#2486 = DIRECTION ( 'NONE',  ( -0.000000000000000000, 0.000000000000000000, 1.000000000000000000 ) ) ;
#2487 = LINE ( 'NONE', #8873, #5734 ) ;
#2488 = CARTESIAN_POINT ( 'NONE',  ( -18.69232616300708116, -3.045597334411904722, -0.1000000000000000056 ) ) ;
#2489 = CARTESIAN_POINT ( 'NONE',  ( -18.88595977371062773, -3.263074468482884960, -0.1000000000000000056 ) ) ;
#2490 = ADVANCED_FACE ( 'NONE', ( #3692 ), #5681, .T. ) ;
#2491 = EDGE_LOOP ( 'NONE', ( #7990, #8665, #3006, #6380 ) ) ;
#2492 = CARTESIAN_POINT ( 'NONE',  ( -1.539999999999999591, -8.406000000000007688, -0.09999999999999982514 ) ) ;
#2493 = ORIENTED_EDGE ( 'NONE', *, *, #5773, .F. ) ;
#2494 = CARTESIAN_POINT ( 'NONE',  ( -19.31629957267346853, 3.931840156818431353, -0.1000000000000000056 ) ) ;
#2495 = CARTESIAN_POINT ( 'NONE',  ( -19.35100300207924917, -4.157808329342947751, 0.000000000000000000 ) ) ;
#2496 = CARTESIAN_POINT ( 'NONE',  ( -6.080000000000001847, -8.406000000000007688, 3.100000000000000089 ) ) ;
#2497 = CARTESIAN_POINT ( 'NONE',  ( -18.53825955881098153, -3.148458859614379879, -0.1000000000000000056 ) ) ;
#2498 = ORIENTED_EDGE ( 'NONE', *, *, #2170, .F. ) ;
#2499 = ORIENTED_EDGE ( 'NONE', *, *, #357, .T. ) ;
#2500 = DIRECTION ( 'NONE',  ( -1.000000000000000000, 0.000000000000000000, 0.000000000000000000 ) ) ;
#2501 = CARTESIAN_POINT ( 'NONE',  ( -18.95442381360733819, -1.583930288950602394, -0.1000000000000000056 ) ) ;
#2502 = FACE_OUTER_BOUND ( 'NONE', #6051, .T. ) ;
#2503 = CARTESIAN_POINT ( 'NONE',  ( -18.60689819155737368, -4.224884236653647207, -0.1000000000000000056 ) ) ;
#2504 = SURFACE_STYLE_USAGE ( .BOTH. , #8132 ) ;
#2505 = VERTEX_POINT ( 'NONE', #7882 ) ;
#2506 = CARTESIAN_POINT ( 'NONE',  ( -18.08704657968000262, 1.827573387342284139, -0.1000000000000000056 ) ) ;
#2507 = CARTESIAN_POINT ( 'NONE',  ( -18.36393881671773798, 1.946045063967761335, 0.000000000000000000 ) ) ;
#2508 = EDGE_LOOP ( 'NONE', ( #7510, #5008, #2312, #1921 ) ) ;
#2509 = CARTESIAN_POINT ( 'NONE',  ( -18.10687864759171362, 4.044299329121905373, -0.1000000000000000056 ) ) ;
#2510 = CARTESIAN_POINT ( 'NONE',  ( -18.50741220619382688, -1.205750852756980684, 0.000000000000000000 ) ) ;
#2511 = EDGE_LOOP ( 'NONE', ( #371, #3134, #7530, #6981 ) ) ;
#2512 = CARTESIAN_POINT ( 'NONE',  ( -20.11016722181046745, 3.590429261525470039, -0.1000000000000000056 ) ) ;
#2513 = CARTESIAN_POINT ( 'NONE',  ( -19.99145362913032642, -0.7007554726250874166, 0.000000000000000000 ) ) ;
#2514 = ORIENTED_EDGE ( 'NONE', *, *, #6319, .F. ) ;
#2515 = COLOUR_RGB ( '',0.000000000000000000, 0.1921568627450980227, 0.6549019607843137303 ) ;
#2516 =( LENGTH_UNIT ( ) NAMED_UNIT ( * ) SI_UNIT ( .MILLI., .METRE. ) );
#2517 = CARTESIAN_POINT ( 'NONE',  ( -18.70363959257612052, -0.7330260731315412226, -0.1000000000000000056 ) ) ;
#2518 = CARTESIAN_POINT ( 'NONE',  ( -18.16325716664534795, -2.268807182184954030, 0.000000000000000000 ) ) ;
#2519 = SURFACE_SIDE_STYLE ('',( #4061 ) ) ;
#2520 = ORIENTED_EDGE ( 'NONE', *, *, #5755, .T. ) ;
#2521 =( GEOMETRIC_REPRESENTATION_CONTEXT ( 3 ) GLOBAL_UNCERTAINTY_ASSIGNED_CONTEXT ( ( #3703 ) ) GLOBAL_UNIT_ASSIGNED_CONTEXT ( ( #8150, #2619, #3926 ) ) REPRESENTATION_CONTEXT ( 'NONE', 'WORKASPACE' ) );
#2522 = CARTESIAN_POINT ( 'NONE',  ( -18.34941839419621346, -4.156536443180423923, 0.000000000000000000 ) ) ;
#2523 = VERTEX_POINT ( 'NONE', #5649 ) ;
#2524 = EDGE_CURVE ( 'NONE', #9044, #5954, #5691, .T. ) ;
#2525 = ADVANCED_FACE ( 'NONE', ( #115 ), #2255, .F. ) ;
#2526 = CIRCLE ( 'NONE', #7741, 0.5000000000000004441 ) ;
#2527 = CARTESIAN_POINT ( 'NONE',  ( -19.57576203171375084, 1.652193042651804999, 1.355252715606880543E-17 ) ) ;
#2528 = CARTESIAN_POINT ( 'NONE',  ( -18.10741937422069014, 0.8461052177526662277, -0.000000000000000000 ) ) ;
#2529 = EDGE_LOOP ( 'NONE', ( #396, #6355, #9203, #8998 ) ) ;
#2530 = CARTESIAN_POINT ( 'NONE',  ( -19.03306748684207861, 3.647086334171017796, 0.000000000000000000 ) ) ;
#2531 = CARTESIAN_POINT ( 'NONE',  ( -20.09437791311219001, -3.685161229122946747, -0.1000000000000000056 ) ) ;
#2532 = PRESENTATION_LAYER_ASSIGNMENT (  '', '', ( #2387 ) ) ;
#2533 = CARTESIAN_POINT ( 'NONE',  ( -19.37295059235150418, 4.301437359414070905, -0.1000000000000000056 ) ) ;
#2534 =( NAMED_UNIT ( * ) PLANE_ANGLE_UNIT ( ) SI_UNIT ( $, .RADIAN. ) );
#2535 = CARTESIAN_POINT ( 'NONE',  ( -19.86697954633439522, -0.3467230224609372802, -0.1000000000000000056 ) ) ;
#2536 = AXIS2_PLACEMENT_3D ( 'NONE', #3507, #6351, #1444 ) ;
#2537 = CARTESIAN_POINT ( 'NONE',  ( -19.04666647049883466, 0.8831801548605684449, -0.000000000000000000 ) ) ;
#2538 = ORIENTED_EDGE ( 'NONE', *, *, #2928, .T. ) ;
#2539 = EDGE_CURVE ( 'NONE', #4260, #348, #7765, .T. ) ;
#2540 = EDGE_LOOP ( 'NONE', ( #8856, #2016, #240, #984 ) ) ;
#2541 = DIRECTION ( 'NONE',  ( -0.000000000000000000, -0.000000000000000000, -1.000000000000000000 ) ) ;
#2542 = B_SPLINE_SURFACE_WITH_KNOTS ( 'NONE', 3, 1, ( 
 ( #7485, #1082 ),
 ( #3937, #6792 ),
 ( #3248, #8966 ),
 ( #4859, #5562 ),
 ( #3476, #571 ),
 ( #1314, #7075 ),
 ( #7662, #7028 ),
 ( #2672, #1971 ),
 ( #8350, #622 ),
 ( #2578, #1884 ),
 ( #6973, #6317 ),
 ( #8444, #8401 ),
 ( #5514, #2017 ),
 ( #4813, #478 ),
 ( #9151, #7567 ) ),
 .UNSPECIFIED., .F., .F., .F.,
 ( 4, 1, 1, 1, 1, 1, 1, 1, 1, 1, 1, 1, 4 ),
 ( 2, 2 ),
 ( 0.000000000000000000, 0.1040204183058898446, 0.1984384377377630126, 0.2852052694932441512, 0.3645191814587275259, 0.4379596956786613315, 0.5089411891061546012, 0.5791356503040273607, 0.6513139732291022277, 0.7277679993785591828, 0.8105665045951374603, 0.9010705907186846719, 1.000000000000000000 ),
 ( 0.000000000000000000, 1.000000000000000000 ),
 .UNSPECIFIED. ) ;
#2543 = VECTOR ( 'NONE', #1185, 1000.000000000000000 ) ;
#2544 = CARTESIAN_POINT ( 'NONE',  ( -18.81030129910326920, 3.425128391739745037, 0.000000000000000000 ) ) ;
#2545 = PRESENTATION_LAYER_ASSIGNMENT (  '', '', ( #3884 ) ) ;
#2546 = CARTESIAN_POINT ( 'NONE',  ( -19.89937395219337546, -1.148105272249591469, 1.355252715606880543E-17 ) ) ;
#2547 = CARTESIAN_POINT ( 'NONE',  ( -19.39545228777929253, 4.301933797200518050, -0.1000000000000000056 ) ) ;
#2548 = MECHANICAL_DESIGN_GEOMETRIC_PRESENTATION_REPRESENTATION (  '', ( #4345 ), #4932 ) ;
#2549 = CARTESIAN_POINT ( 'NONE',  ( -18.10930372309841374, -1.320900150949182894, -0.1000000000000000056 ) ) ;
#2550 = CARTESIAN_POINT ( 'NONE',  ( -18.28669251715071198, -4.111986581720076472, -0.1000000000000000056 ) ) ;
#2551 = SURFACE_STYLE_FILL_AREA ( #1098 ) ;
#2552 = DIRECTION ( 'NONE',  ( -0.000000000000000000, 0.000000000000000000, 1.000000000000000000 ) ) ;
#2553 = VERTEX_POINT ( 'NONE', #2341 ) ;
#2554 = DIRECTION ( 'NONE',  ( 0.000000000000000000, -0.000000000000000000, -1.000000000000000000 ) ) ;
#2555 = CARTESIAN_POINT ( 'NONE',  ( -19.02076101168914946, 2.272854189898987354, -0.1000000000000000056 ) ) ;
#2556 = VERTEX_POINT ( 'NONE', #3142 ) ;
#2557 = CIRCLE ( 'NONE', #2412, 1.000000000000000444 ) ;
#2558 = CARTESIAN_POINT ( 'NONE',  ( 3.540000000000004921, -8.406000000000007688, 3.100000000000000089 ) ) ;
#2559 = CARTESIAN_POINT ( 'NONE',  ( -18.48269933143347998, -1.233431704723095823, 0.000000000000000000 ) ) ;
#2560 = ORIENTED_EDGE ( 'NONE', *, *, #272, .F. ) ;
#2561 = FILL_AREA_STYLE ('',( #1870 ) ) ;
#2562 = SURFACE_STYLE_USAGE ( .BOTH. , #4008 ) ;
#2563 = ORIENTED_EDGE ( 'NONE', *, *, #6141, .T. ) ;
#2564 = CARTESIAN_POINT ( 'NONE',  ( -19.86697954633439167, -0.3467230224609372247, -0.1000000000000000056 ) ) ;
#2565 = CARTESIAN_POINT ( 'NONE',  ( -19.03147337415421347, 3.601264355977374265, 0.000000000000000000 ) ) ;
#2566 =( NAMED_UNIT ( * ) PLANE_ANGLE_UNIT ( ) SI_UNIT ( $, .RADIAN. ) );
#2567 = VERTEX_POINT ( 'NONE', #5887 ) ;
#2568 = SURFACE_STYLE_USAGE ( .BOTH. , #6966 ) ;
#2569 = CARTESIAN_POINT ( 'NONE',  ( -18.20566979272348007, -4.025320841620651180, 0.000000000000000000 ) ) ;
#2570 = EDGE_CURVE ( 'NONE', #6752, #1726, #3921, .T. ) ;
#2571 = ORIENTED_EDGE ( 'NONE', *, *, #8223, .T. ) ;
#2572 = CARTESIAN_POINT ( 'NONE',  ( -18.74895831881567076, 3.686339912414548614, 0.000000000000000000 ) ) ;
#2573 = DIRECTION ( 'NONE',  ( -0.000000000000000000, -0.000000000000000000, -1.000000000000000000 ) ) ;
#2574 = CARTESIAN_POINT ( 'NONE',  ( -20.04733910443078315, -3.097375116759701452, 0.000000000000000000 ) ) ;
#2575 = CARTESIAN_POINT ( 'NONE',  ( -19.81682205701777733, 3.436007575348836607, 0.000000000000000000 ) ) ;
#2576 = ORIENTED_EDGE ( 'NONE', *, *, #5080, .T. ) ;
#2577 = B_SPLINE_CURVE_WITH_KNOTS ( 'NONE', 3,
 ( #355, #5870, #3856, #3038, #6758, #3768, #1010, #7333, #5168, #7375, #2416 ),
 .UNSPECIFIED., .F., .F.,
 ( 4, 1, 1, 1, 1, 1, 1, 1, 4 ),
 ( 0.000000000000000000, 0.1245655558609946312, 0.2459908538353197949, 0.3703277289655541038, 0.4997907297413654026, 0.6288999521096533263, 0.7511677673232211028, 0.8724590602375718040, 1.000000000000000000 ),
 .UNSPECIFIED. ) ;
#2578 = CARTESIAN_POINT ( 'NONE',  ( -18.13072447467296655, -0.2446715743858094982, -0.1000000000000000056 ) ) ;
#2579 = B_SPLINE_CURVE_WITH_KNOTS ( 'NONE', 3,
 ( #8065, #1737, #208, #1687, #4527, #2518, #372, #7394, #989, #8148, #6738 ),
 .UNSPECIFIED., .F., .F.,
 ( 4, 1, 1, 1, 1, 1, 1, 1, 4 ),
 ( 0.000000000000000000, 0.1505673933743036097, 0.2825196804827814767, 0.3973543704744805782, 0.5018539184075410109, 0.6061585588727329554, 0.7204604116073325404, 0.8504394402177249956, 1.000000000000000000 ),
 .UNSPECIFIED. ) ;
#2580 = EDGE_CURVE ( 'NONE', #393, #8472, #6779, .T. ) ;
#2581 = CARTESIAN_POINT ( 'NONE',  ( -18.29544728036928802, -2.861874470167900419, 0.000000000000000000 ) ) ;
#2582 = CARTESIAN_POINT ( 'NONE',  ( -18.41507688977921475, -1.573095194498698168, -0.1000000000000000056 ) ) ;
#2583 = CARTESIAN_POINT ( 'NONE',  ( -18.35127022245133332, -0.3467230224609372247, 0.000000000000000000 ) ) ;
#2584 = ORIENTED_EDGE ( 'NONE', *, *, #7527, .T. ) ;
#2585 = STYLED_ITEM ( 'NONE', ( #2991 ), #4136 ) ;
#2586 = ORIENTED_EDGE ( 'NONE', *, *, #6373, .T. ) ;
#2587 = CARTESIAN_POINT ( 'NONE',  ( -20.01701482067518967, -1.967090734772503957, 0.000000000000000000 ) ) ;
#2588 = UNCERTAINTY_MEASURE_WITH_UNIT (LENGTH_MEASURE( 1.000000000000000082E-05 ), #7060, 'distance_accuracy_value', 'NONE');
#2589 = DIRECTION ( 'NONE',  ( -0.000000000000000000, -0.000000000000000000, -1.000000000000000000 ) ) ;
#2590 = CARTESIAN_POINT ( 'NONE',  ( 3.000000000000004441, 6.294999999999998153, 6.000000000000000000 ) ) ;
#2591 = PLANE ( 'NONE',  #912 ) ;
#2592 = EDGE_CURVE ( 'NONE', #9079, #8054, #4524, .T. ) ;
#2594 = EDGE_CURVE ( 'NONE', #1661, #5944, #8003, .T. ) ;
#2593 = MECHANICAL_DESIGN_GEOMETRIC_PRESENTATION_REPRESENTATION (  '', ( #658 ), #9142 ) ;
#2595 = CARTESIAN_POINT ( 'NONE',  ( -19.86892388110170771, 4.142628054940392879, 0.000000000000000000 ) ) ;
#2596 = CARTESIAN_POINT ( 'NONE',  ( -18.12540733804141269, -1.169982505325806166, 0.000000000000000000 ) ) ;
#2597 = CARTESIAN_POINT ( 'NONE',  ( -18.28669251715071198, -4.111986581720076472, 0.000000000000000000 ) ) ;
#2598 = EDGE_CURVE ( 'NONE', #3626, #1152, #2119, .T. ) ;
#2599 = AXIS2_PLACEMENT_3D ( 'NONE', #3304, #4632, #536 ) ;
#2600 = SURFACE_SIDE_STYLE ('',( #6150 ) ) ;
#2601 = CARTESIAN_POINT ( 'NONE',  ( 1.000000000000000444, -8.406000000000007688, 3.100000000000000089 ) ) ;
#2602 = CARTESIAN_POINT ( 'NONE',  ( -18.36789316504813030, 1.996476020748247038, 0.000000000000000000 ) ) ;
#2603 = ORIENTED_EDGE ( 'NONE', *, *, #4446, .F. ) ;
#2604 = EDGE_CURVE ( 'NONE', #5569, #2854, #1213, .T. ) ;
#2605 = CARTESIAN_POINT ( 'NONE',  ( -18.83141088883116154, -4.178047101190111690, -0.1000000000000000056 ) ) ;
#2606 = CARTESIAN_POINT ( 'NONE',  ( -19.97391459549125869, 2.340776937762301557, -0.1000000000000000056 ) ) ;
#2607 = VECTOR ( 'NONE', #2395, 1000.000000000000000 ) ;
#2608 = ORIENTED_EDGE ( 'NONE', *, *, #6977, .T. ) ;
#2609 = FACE_OUTER_BOUND ( 'NONE', #2069, .T. ) ;
#2610 = DIRECTION ( 'NONE',  ( -0.000000000000000000, -0.000000000000000000, -1.000000000000000000 ) ) ;
#2611 = COLOUR_RGB ( '',1.000000000000000000, 0.9607843137254902244, 0.8901960784313724950 ) ;
#2612 = SURFACE_STYLE_FILL_AREA ( #3367 ) ;
#2613 = EDGE_LOOP ( 'NONE', ( #2563, #596 ) ) ;
#2614 = CARTESIAN_POINT ( 'NONE',  ( -19.51223052798315294, -3.069140828450521497, -0.1000000000000000056 ) ) ;
#2615 = CARTESIAN_POINT ( 'NONE',  ( -19.05927186331129519, 3.433703580312178705, -0.1000000000000000056 ) ) ;
#2616 = CYLINDRICAL_SURFACE ( 'NONE', #7499, 2.000000000000000000 ) ;
#2617 = CARTESIAN_POINT ( 'NONE',  ( -19.23748243479320763, -1.750965883815785773, 1.355252715606880543E-17 ) ) ;
#2618 = VERTEX_POINT ( 'NONE', #6822 ) ;
#2619 =( NAMED_UNIT ( * ) PLANE_ANGLE_UNIT ( ) SI_UNIT ( $, .RADIAN. ) );
#2620 = CARTESIAN_POINT ( 'NONE',  ( -18.23031217262267845, -4.057111963109341524, 0.000000000000000000 ) ) ;
#2621 = B_SPLINE_SURFACE_WITH_KNOTS ( 'NONE', 3, 1, ( 
 ( #18, #8437 ),
 ( #2052, #4559 ),
 ( #7426, #933 ),
 ( #7298, #245 ),
 ( #8814, #1022 ),
 ( #891, #8059 ),
 ( #1733, #8682 ),
 ( #8011, #3136 ),
 ( #3825, #1680 ),
 ( #3872, #6547 ),
 ( #6730, #6685 ),
 ( #5181, #3780 ),
 ( #327, #3737 ),
 ( #5137, #2293 ),
 ( #3186, #4519 ),
 ( #6026, #281 ),
 ( #5981, #2428 ),
 ( #1631, #6642 ),
 ( #5270, #2248 ),
 ( #8103, #8761 ),
 ( #983, #7976 ),
 ( #3689, #3090 ),
 ( #4478, #7346 ) ),
 .UNSPECIFIED., .F., .F., .F.,
 ( 4, 1, 1, 1, 1, 1, 1, 1, 1, 1, 1, 1, 1, 1, 1, 1, 1, 1, 1, 1, 4 ),
 ( 2, 2 ),
 ( 0.000000000000000000, 0.03468459236940104468, 0.06744565414733065534, 0.09862322502525248946, 0.1292872295390971316, 0.1593073403390191933, 0.1885149799993238451, 0.2184001393877244013, 0.2488088555944510394, 0.3123564811809400044, 0.3816173654511922364, 0.4577909214636339263, 0.5419743642606698053, 0.5877748398729888413, 0.6364816906141695929, 0.6890010815968156122, 0.7444912264551040160, 0.8033856234448670808, 0.8652853294054383415, 0.9311181111013392409, 1.000000000000000000 ),
 ( 0.000000000000000000, 1.000000000000000000 ),
 .UNSPECIFIED. ) ;
#2622 = ORIENTED_EDGE ( 'NONE', *, *, #74, .F. ) ;
#2623 = CARTESIAN_POINT ( 'NONE',  ( -19.99419158119563988, -3.967249768575034086, 0.000000000000000000 ) ) ;
#2624 = DIRECTION ( 'NONE',  ( -1.000000000000000000, 0.000000000000000000, 0.000000000000000000 ) ) ;
#2625 = CARTESIAN_POINT ( 'NONE',  ( -19.12164168572621037, -2.800461622954413254, 0.000000000000000000 ) ) ;
#2626 = EDGE_CURVE ( 'NONE', #5599, #1908, #8196, .T. ) ;
#2627 = CARTESIAN_POINT ( 'NONE',  ( -2.540000000000000036, -8.406000000000007688, -0.09999999999999982514 ) ) ;
#2628 = ORIENTED_EDGE ( 'NONE', *, *, #7416, .F. ) ;
#2629 = EDGE_CURVE ( 'NONE', #5063, #3626, #8285, .T. ) ;
#2630 = CARTESIAN_POINT ( 'NONE',  ( -18.12002084228869947, -0.2160849281736285932, 0.000000000000000000 ) ) ;
#2631 = CARTESIAN_POINT ( 'NONE',  ( -20.10882291376803366, -3.549840220062409291, -0.1000000000000000056 ) ) ;
#2632 = CARTESIAN_POINT ( 'NONE',  ( -19.08249976614075294, 4.230364357360583583, 0.000000000000000000 ) ) ;
#2633 = DIRECTION ( 'NONE',  ( -1.000000000000000000, 0.000000000000000000, 0.000000000000000000 ) ) ;
#2634 = CARTESIAN_POINT ( 'NONE',  ( -19.86778214592342096, -1.939080607096354436, -0.1000000000000000056 ) ) ;
#2635 = CARTESIAN_POINT ( 'NONE',  ( -18.96751075938622577, 0.8588078729842003600, 0.000000000000000000 ) ) ;
#2636 = ORIENTED_EDGE ( 'NONE', *, *, #4982, .F. ) ;
#2637 = EDGE_LOOP ( 'NONE', ( #7712, #7892 ) ) ;
#2638 = SURFACE_STYLE_FILL_AREA ( #9018 ) ;
#2639 = CARTESIAN_POINT ( 'NONE',  ( -19.97428057703814730, -1.950401280722171782, -0.1000000000000000056 ) ) ;
#2640 = ORIENTED_EDGE ( 'NONE', *, *, #8815, .F. ) ;
#2641 = DIRECTION ( 'NONE',  ( -1.000000000000000000, 0.000000000000000000, 0.000000000000000000 ) ) ;
#2642 = ADVANCED_FACE ( 'NONE', ( #3327 ), #3411, .T. ) ;
#2643 = CARTESIAN_POINT ( 'NONE',  ( -18.42645705524041944, -1.371717154495803559, -0.1000000000000000056 ) ) ;
#2644 = CARTESIAN_POINT ( 'NONE',  ( -19.93379586030951600, 4.080629701535621656, -0.1000000000000000056 ) ) ;
#2645 = CARTESIAN_POINT ( 'NONE',  ( -18.11284958892196428, -1.266553390581976579, -0.1000000000000000056 ) ) ;
#2646 = CARTESIAN_POINT ( 'NONE',  ( -19.51415490052533031, -3.904497014184474590, -0.1000000000000000056 ) ) ;
#2647 = CARTESIAN_POINT ( 'NONE',  ( 22.50000000000000000, 10.44500000000000028, 3.000000000000000000 ) ) ;
#2648 = CARTESIAN_POINT ( 'NONE',  ( -18.60689819155737368, -4.224884236653647207, 0.000000000000000000 ) ) ;
#2649 = CARTESIAN_POINT ( 'NONE',  ( -19.88617744556443867, -0.3463014106120232416, 0.000000000000000000 ) ) ;
#2650 = CARTESIAN_POINT ( 'NONE',  ( -18.85791725871653313, 2.265723448395527306, -0.1000000000000000056 ) ) ;
#2651 = CARTESIAN_POINT ( 'NONE',  ( -19.51932378481050989, 3.194825984149532339, -0.1000000000000000056 ) ) ;
#2652 = CARTESIAN_POINT ( 'NONE',  ( -20.11001571888853690, 1.957553808380801508, 1.355252715606880543E-17 ) ) ;
#2653 = ORIENTED_EDGE ( 'NONE', *, *, #4751, .T. ) ;
#2654 = CARTESIAN_POINT ( 'NONE',  ( -18.99430408764438027, 0.8735950868324086072, -0.1000000000000000056 ) ) ;
#2655 = CARTESIAN_POINT ( 'NONE',  ( -20.09026127179165400, -3.248371330022932213, -0.1000000000000000056 ) ) ;
#2656 = CARTESIAN_POINT ( 'NONE',  ( -18.80324893067594516, -0.7488153013027717408, -0.1000000000000000056 ) ) ;
#2657 = ADVANCED_FACE ( 'NONE', ( #6164 ), #3227, .T. ) ;
#2658 = CARTESIAN_POINT ( 'NONE',  ( -20.11016722181046745, -0.8904842440287276117, -0.1000000000000000056 ) ) ;
#2659 = CARTESIAN_POINT ( 'NONE',  ( -19.10049951138983815, 3.371318287861938767, 0.000000000000000000 ) ) ;
#2660 = FILL_AREA_STYLE_COLOUR ( '', #5864 ) ;
#2661 = DIRECTION ( 'NONE',  ( -1.000000000000000000, 0.000000000000000000, 0.000000000000000000 ) ) ;
#2662 = COLOUR_RGB ( '',0.9960784313725490335, 0.8705882352941176627, 0.7607843137254901578 ) ;
#2663 = CARTESIAN_POINT ( 'NONE',  ( -18.38730497004482345, 1.811959372932808732, -0.1000000000000000056 ) ) ;
#2664 = CARTESIAN_POINT ( 'NONE',  ( -18.25762662035246819, -4.085810590166641276, 0.000000000000000000 ) ) ;
#2665 = CIRCLE ( 'NONE', #7870, 1.000000000000000444 ) ;
#2666 = ORIENTED_EDGE ( 'NONE', *, *, #2347, .T. ) ;
#2667 = CARTESIAN_POINT ( 'NONE',  ( -19.37295059235150418, 4.301437359414070905, -0.000000000000000000 ) ) ;
#2668 = CARTESIAN_POINT ( 'NONE',  ( -18.97850180127823805, 2.980854873657224680, 0.000000000000000000 ) ) ;
#2669 = FACE_OUTER_BOUND ( 'NONE', #5347, .T. ) ;
#2670 = FACE_OUTER_BOUND ( 'NONE', #4614, .T. ) ;
#2671 = ORIENTED_EDGE ( 'NONE', *, *, #3421, .T. ) ;
#2672 = CARTESIAN_POINT ( 'NONE',  ( -18.16323149859457686, -0.2913106975932860387, -0.1000000000000000056 ) ) ;
#2673 = CARTESIAN_POINT ( 'NONE',  ( -18.50029964354466827, 1.696182911668320248, -0.1000000000000000056 ) ) ;
#2674 = CARTESIAN_POINT ( 'NONE',  ( -18.09894620495635209, -3.160799164391408844, 0.000000000000000000 ) ) ;
#2675 = FILL_AREA_STYLE_COLOUR ( '', #5873 ) ;
#2676 = CARTESIAN_POINT ( 'NONE',  ( -20.11016722181046745, -0.1532965215047198959, -0.1000000000000000056 ) ) ;
#2677 = CARTESIAN_POINT ( 'NONE',  ( -19.00921187359339726, 2.631677728010221262, 0.000000000000000000 ) ) ;
#2678 = ORIENTED_EDGE ( 'NONE', *, *, #293, .F. ) ;
#2679 = TOROIDAL_SURFACE ( 'NONE', #6258, 1.700000000000000178, 0.2999999999999999889 ) ;
#2680 = EDGE_CURVE ( 'NONE', #1775, #7787, #8951, .T. ) ;
#2681 = VERTEX_POINT ( 'NONE', #7737 ) ;
#2682 = B_SPLINE_CURVE_WITH_KNOTS ( 'NONE', 3,
 ( #1853, #5957, #4680, #8976, #2413, #5255, #8087, #1711, #7040, #8263, #7717, #6895, #1375, #7630, #2029 ),
 .UNSPECIFIED., .F., .F.,
 ( 4, 1, 1, 1, 1, 1, 1, 1, 1, 1, 1, 1, 4 ),
 ( 0.000000000000000000, 0.1044433434483753309, 0.1932635473200736698, 0.2679194929016834870, 0.3292507359682874113, 0.3917171682627310636, 0.4691452740976796987, 0.5601207821184785995, 0.6668410564283049347, 0.7719464879236614951, 0.8619305877665516258, 0.9367865228454469451, 1.000000000000000000 ),
 .UNSPECIFIED. ) ;
#2683 = FILL_AREA_STYLE ('',( #3349 ) ) ;
#2684 = CARTESIAN_POINT ( 'NONE',  ( -18.48690955299739258, 1.331914017995197819, -0.1000000000000000056 ) ) ;
#2685 = UNCERTAINTY_MEASURE_WITH_UNIT (LENGTH_MEASURE( 1.000000000000000082E-05 ), #5210, 'distance_accuracy_value', 'NONE');
#2686 = FACE_OUTER_BOUND ( 'NONE', #3211, .T. ) ;
#2687 = CARTESIAN_POINT ( 'NONE',  ( -20.10495762525006214, 3.475528244376112408, 2.710505431213761085E-17 ) ) ;
#2688 = AXIS2_PLACEMENT_3D ( 'NONE', #2627, #1925, #2723 ) ;
#2689 = PRESENTATION_STYLE_ASSIGNMENT (( #9066 ) ) ;
#2690 = STYLED_ITEM ( 'NONE', ( #7969 ), #5963 ) ;
#2691 = CARTESIAN_POINT ( 'NONE',  ( -20.03721567836697304, 3.928101776601644612, 0.000000000000000000 ) ) ;
#2692 = CARTESIAN_POINT ( 'NONE',  ( -19.66592834928238887, 1.323888022104898532, -0.1000000000000000056 ) ) ;
#2693 = CARTESIAN_POINT ( 'NONE',  ( -18.41507688977921475, 4.052325325012205326, -0.1000000000000000056 ) ) ;
#2694 = COLOUR_RGB ( '',1.000000000000000000, 0.9607843137254902244, 0.8901960784313724950 ) ;
#2695 = EDGE_CURVE ( 'NONE', #8648, #1019, #7156, .T. ) ;
#2696 = SURFACE_STYLE_USAGE ( .BOTH. , #7682 ) ;
#2697 = CARTESIAN_POINT ( 'NONE',  ( -19.21125568209692247, 0.7010707410176596488, 0.000000000000000000 ) ) ;
#2698 = CARTESIAN_POINT ( 'NONE',  ( -20.11016722181046745, -0.1532965215047198959, 0.000000000000000000 ) ) ;
#2699 = CARTESIAN_POINT ( 'NONE',  ( -18.38327807526592750, 2.050817013837700653, 0.000000000000000000 ) ) ;
#2700 = B_SPLINE_SURFACE_WITH_KNOTS ( 'NONE', 3, 1, ( 
 ( #4071, #1969 ),
 ( #8347, #9105 ),
 ( #4857, #1362 ),
 ( #4165, #7026 ),
 ( #3474, #6315 ),
 ( #2061, #4901 ),
 ( #7751, #3519 ),
 ( #2810, #5748 ),
 ( #1455, #5651 ),
 ( #8641, #5841 ),
 ( #4259, #764 ) ),
 .UNSPECIFIED., .F., .F., .F.,
 ( 4, 1, 1, 1, 1, 1, 1, 1, 4 ),
 ( 2, 2 ),
 ( 0.000000000000000000, 0.09826898557417505786, 0.2035984945132167101, 0.3160897864500791798, 0.4364796403267232061, 0.5640546948898984558, 0.7009614723437623818, 0.8462088990950534795, 1.000000000000000000 ),
 ( 0.000000000000000000, 1.000000000000000000 ),
 .UNSPECIFIED. ) ;
#2701 = VECTOR ( 'NONE', #249, 1000.000000000000000 ) ;
#2702 = CARTESIAN_POINT ( 'NONE',  ( -18.18138838206747465, 2.290787593607816586, 0.000000000000000000 ) ) ;
#2703 = CARTESIAN_POINT ( 'NONE',  ( -18.56957731066747996, -3.865319620768230546, 0.000000000000000000 ) ) ;
#2704 = EDGE_LOOP ( 'NONE', ( #6043, #4450, #4977, #1039 ) ) ;
#2705 = VECTOR ( 'NONE', #1457, 1000.000000000000000 ) ;
#2706 = DIRECTION ( 'NONE',  ( -1.000000000000000000, 0.000000000000000000, 0.000000000000000000 ) ) ;
#2707 = CARTESIAN_POINT ( 'NONE',  ( -19.82745948219602283, 1.948856909508591695, -0.000000000000000000 ) ) ;
#2708 = LINE ( 'NONE', #4149, #2149 ) ;
#2709 = CARTESIAN_POINT ( 'NONE',  ( -19.03579168062076477, -0.8917009304929819358, -0.1000000000000000056 ) ) ;
#2710 = CARTESIAN_POINT ( 'NONE',  ( -19.74018339094939378, -3.737971347425340429, -0.1000000000000000056 ) ) ;
#2711 = AXIS2_PLACEMENT_3D ( 'NONE', #7248, #6540, #274 ) ;
#2712 = CARTESIAN_POINT ( 'NONE',  ( -19.21254041672500179, 3.207222666845936043, -0.1000000000000000056 ) ) ;
#2713 = FACE_OUTER_BOUND ( 'NONE', #2274, .T. ) ;
#2714 = CARTESIAN_POINT ( 'NONE',  ( 0.000000000000000000, 6.594999999999998863, 5.700000000000000178 ) ) ;
#2715 = ADVANCED_FACE ( 'NONE', ( #7871 ), #7203, .F. ) ;
#2716 = CARTESIAN_POINT ( 'NONE',  ( -18.95442381360733819, -1.583930288950602394, -0.1000000000000000056 ) ) ;
#2717 = CARTESIAN_POINT ( 'NONE',  ( -18.31712602665879785, -4.135826985048958626, 0.000000000000000000 ) ) ;
#2718 = ADVANCED_FACE ( 'NONE', ( #8530 ), #3642, .T. ) ;
#2719 = ORIENTED_EDGE ( 'NONE', *, *, #6488, .F. ) ;
#2720 = DIRECTION ( 'NONE',  ( -0.000000000000000000, -0.000000000000000000, -1.000000000000000000 ) ) ;
#2721 = CARTESIAN_POINT ( 'NONE',  ( -19.12102701733996923, 0.8731431154950455298, 0.000000000000000000 ) ) ;
#2722 = CARTESIAN_POINT ( 'NONE',  ( -20.00650135737299351, -3.007561368684630310, 0.000000000000000000 ) ) ;
#2723 = DIRECTION ( 'NONE',  ( 1.000000000000000000, 0.000000000000000000, 0.000000000000000000 ) ) ;
#2724 = VERTEX_POINT ( 'NONE', #11 ) ;
#2725 = CARTESIAN_POINT ( 'NONE',  ( -18.16323149859457686, -0.2913106975932860387, 0.000000000000000000 ) ) ;
#2726 = CARTESIAN_POINT ( 'NONE',  ( -18.91916893147156387, 1.609042923875216413, -0.1000000000000000056 ) ) ;
#2727 = EDGE_CURVE ( 'NONE', #457, #8060, #8626, .T. ) ;
#2728 = CARTESIAN_POINT ( 'NONE',  ( -19.90099884885801274, -4.087338382032381645, -0.1000000000000000056 ) ) ;
#2729 = CARTESIAN_POINT ( 'NONE',  ( -19.07593878657465680, 3.773769963462263899, -0.1000000000000000056 ) ) ;
#2730 = CARTESIAN_POINT ( 'NONE',  ( -19.44530967930286991, -2.684432972021222330, -0.1000000000000000056 ) ) ;
#2731 = CARTESIAN_POINT ( 'NONE',  ( -18.71261376628584472, -3.791742540266432648, 0.000000000000000000 ) ) ;
#2732 = ORIENTED_EDGE ( 'NONE', *, *, #506, .F. ) ;
#2733 = ORIENTED_EDGE ( 'NONE', *, *, #6398, .F. ) ;
#2734 = CARTESIAN_POINT ( 'NONE',  ( -19.86778214592342096, -1.939080607096354436, 0.000000000000000000 ) ) ;
#2735 = CARTESIAN_POINT ( 'NONE',  ( -20.08892380152779822, 3.371014886879487804, -0.1000000000000000056 ) ) ;
#2736 = CARTESIAN_POINT ( 'NONE',  ( -18.18407559717591226, 1.564314196547224700, 0.000000000000000000 ) ) ;
#2737 = CARTESIAN_POINT ( 'NONE',  ( -18.41509312871885484, -1.556773176432503458, 0.000000000000000000 ) ) ;
#2738 = ADVANCED_FACE ( 'NONE', ( #2146 ), #2239, .T. ) ;
#2739 = CARTESIAN_POINT ( 'NONE',  ( -18.09121876242484817, 2.062204185472779727, -0.1000000000000000056 ) ) ;
#2740 = CARTESIAN_POINT ( 'NONE',  ( -18.41507688977921475, -1.573095194498698168, -0.1000000000000000056 ) ) ;
#2741 = MECHANICAL_DESIGN_GEOMETRIC_PRESENTATION_REPRESENTATION (  '', ( #3194 ), #2436 ) ;
#2742 = CARTESIAN_POINT ( 'NONE',  ( -18.90305743990942133, 0.7010707410176596488, -0.1000000000000000056 ) ) ;
#2743 = FACE_OUTER_BOUND ( 'NONE', #5404, .T. ) ;
#2744 =( GEOMETRIC_REPRESENTATION_CONTEXT ( 3 ) GLOBAL_UNCERTAINTY_ASSIGNED_CONTEXT ( ( #535 ) ) GLOBAL_UNIT_ASSIGNED_CONTEXT ( ( #1176, #1084, #7534 ) ) REPRESENTATION_CONTEXT ( 'NONE', 'WORKASPACE' ) );
#2745 = DIRECTION ( 'NONE',  ( -0.000000000000000000, -0.000000000000000000, -1.000000000000000000 ) ) ;
#2746 = CARTESIAN_POINT ( 'NONE',  ( -19.59168788729711608, -1.335124416351318732, -0.1000000000000000056 ) ) ;
#2747 =( LENGTH_UNIT ( ) NAMED_UNIT ( * ) SI_UNIT ( .MILLI., .METRE. ) );
#2748 = EDGE_CURVE ( 'NONE', #3032, #8972, #181, .T. ) ;
#2749 = FACE_OUTER_BOUND ( 'NONE', #9106, .T. ) ;
#2750 = EDGE_LOOP ( 'NONE', ( #4166, #6504, #7730, #3646 ) ) ;
#2751 = CARTESIAN_POINT ( 'NONE',  ( -18.68153995333715756, -1.142901814778646274, 0.000000000000000000 ) ) ;
#2752 = CARTESIAN_POINT ( 'NONE',  ( -19.81598048852763938, 2.027298692975424199, 0.000000000000000000 ) ) ;
#2753 = DIRECTION ( 'NONE',  ( -1.000000000000000000, 0.000000000000000000, 0.000000000000000000 ) ) ;
#2754 = CARTESIAN_POINT ( 'NONE',  ( -19.71499736501611721, -3.772135305086711021, -0.1000000000000000056 ) ) ;
#2755 = DIRECTION ( 'NONE',  ( -0.000000000000000000, -0.000000000000000000, -1.000000000000000000 ) ) ;
#2756 = CARTESIAN_POINT ( 'NONE',  ( -19.51784872510636148, -4.262606417338054676, 0.000000000000000000 ) ) ;
#2757 = SURFACE_STYLE_USAGE ( .BOTH. , #5498 ) ;
#2758 = EDGE_CURVE ( 'NONE', #3150, #7081, #19, .T. ) ;
#2759 = VERTEX_POINT ( 'NONE', #3774 ) ;
#2760 = CARTESIAN_POINT ( 'NONE',  ( -19.85282379552610976, 3.612561970055895078, -0.000000000000000000 ) ) ;
#2761 = CARTESIAN_POINT ( 'NONE',  ( -19.23748243479320763, -1.750965883815785773, 0.000000000000000000 ) ) ;
#2762 = VERTEX_POINT ( 'NONE', #3129 ) ;
#2763 = ADVANCED_FACE ( 'NONE', ( #1582 ), #3083, .T. ) ;
#2764 = CARTESIAN_POINT ( 'NONE',  ( -2.540000000000000036, -8.406000000000007688, 3.000000000000000000 ) ) ;
#2765 = EDGE_CURVE ( 'NONE', #7382, #8679, #977, .T. ) ;
#2766 = CARTESIAN_POINT ( 'NONE',  ( -19.51433311034130469, -2.684877312420661077, -0.1000000000000000056 ) ) ;
#2767 = CARTESIAN_POINT ( 'NONE',  ( -19.08151448074983847, -2.841201333268087215, 0.000000000000000000 ) ) ;
#2768 = CARTESIAN_POINT ( 'NONE',  ( -18.95407977139814193, -1.561052235080655715, -0.1000000000000000056 ) ) ;
#2769 = CARTESIAN_POINT ( 'NONE',  ( -18.27133487210599583, 1.020028051547700709, -0.1000000000000000056 ) ) ;
#2770 = ORIENTED_EDGE ( 'NONE', *, *, #5427, .F. ) ;
#2771 = CARTESIAN_POINT ( 'NONE',  ( -1.000000000000000444, -8.406000000000007688, 3.100000000000000089 ) ) ;
#2772 = ADVANCED_FACE ( 'NONE', ( #275 ), #4611, .T. ) ;
#2773 = CARTESIAN_POINT ( 'NONE',  ( -18.41452141949229571, 0.8460990735771011240, 0.000000000000000000 ) ) ;
#2774 = CARTESIAN_POINT ( 'NONE',  ( -19.42995699150785427, -3.943235583640141151, -0.1000000000000000056 ) ) ;
#2775 = VERTEX_POINT ( 'NONE', #538 ) ;
#2776 = EDGE_LOOP ( 'NONE', ( #6662, #3152 ) ) ;
#2777 = DIRECTION ( 'NONE',  ( -0.000000000000000000, -0.000000000000000000, -1.000000000000000000 ) ) ;
#2778 = B_SPLINE_SURFACE_WITH_KNOTS ( 'NONE', 3, 1, ( 
 ( #2358, #8787 ),
 ( #8741, #8165 ),
 ( #1703, #6046 ),
 ( #3163, #1045 ),
 ( #3110, #303 ),
 ( #3894, #6750 ),
 ( #8700, #177 ),
 ( #7992, #2495 ),
 ( #8121, #3070 ),
 ( #263, #7407 ),
 ( #1751, #5248 ) ),
 .UNSPECIFIED., .F., .F., .F.,
 ( 4, 1, 1, 1, 1, 1, 1, 1, 4 ),
 ( 2, 2 ),
 ( 0.000000000000000000, 0.1286683721050298490, 0.2512973715702621069, 0.3723609026645586240, 0.4976410587710396460, 0.6232104981565530499, 0.7450252415600343570, 0.8684631259765674960, 1.000000000000000000 ),
 ( 0.000000000000000000, 1.000000000000000000 ),
 .UNSPECIFIED. ) ;
#2779 = CARTESIAN_POINT ( 'NONE',  ( -18.21164312074031955, 1.527246127566215916, -0.1000000000000000056 ) ) ;
#2780 = UNCERTAINTY_MEASURE_WITH_UNIT (LENGTH_MEASURE( 1.000000000000000082E-05 ), #1009, 'distance_accuracy_value', 'NONE');
#2781 = CARTESIAN_POINT ( 'NONE',  ( -18.41702743801516107, -1.480653587006073302, 0.000000000000000000 ) ) ;
#2782 = LINE ( 'NONE', #2590, #8943 ) ;
#2783 = DIRECTION ( 'NONE',  ( 1.000000000000000000, 0.000000000000000000, 0.000000000000000000 ) ) ;
#2784 = CARTESIAN_POINT ( 'NONE',  ( -19.09065594597316462, 0.8823473572089748362, -0.1000000000000000056 ) ) ;
#2785 = B_SPLINE_SURFACE_WITH_KNOTS ( 'NONE', 3, 1, ( 
 ( #5208, #6497 ),
 ( #4630, #104 ),
 ( #1050, #1089 ),
 ( #1805, #2544 ),
 ( #2947, #6053 ),
 ( #6097, #6008 ),
 ( #3944, #5778 ),
 ( #1757, #8842 ),
 ( #2457, #6801 ),
 ( #3811, #4503 ),
 ( #8886, #5296 ) ),
 .UNSPECIFIED., .F., .F., .F.,
 ( 4, 1, 1, 1, 1, 1, 1, 1, 4 ),
 ( 2, 2 ),
 ( 0.000000000000000000, 0.1445038918250242665, 0.2817994906783469755, 0.4136731472091026984, 0.5401592023144619059, 0.6610650352905746985, 0.7776803969070553713, 0.8908311600299231303, 1.000000000000000000 ),
 ( 0.000000000000000000, 1.000000000000000000 ),
 .UNSPECIFIED. ) ;
#2786 = CARTESIAN_POINT ( 'NONE',  ( -19.56054240468395378, 2.591720397820874489, -0.1000000000000000056 ) ) ;
#2787 = CARTESIAN_POINT ( 'NONE',  ( -18.75545100009142985, 3.602771565623958061, 0.000000000000000000 ) ) ;
#2788 = CARTESIAN_POINT ( 'NONE',  ( -0.5000000000000004441, -8.406000000000007688, 3.100000000000000089 ) ) ;
#2789 = CARTESIAN_POINT ( 'NONE',  ( -19.07962934949600964, 2.272962036132811559, -0.1000000000000000056 ) ) ;
#2790 = CARTESIAN_POINT ( 'NONE',  ( -19.02076101168914946, 2.272854189898987354, -0.1000000000000000056 ) ) ;
#2791 = PLANE ( 'NONE',  #8178 ) ;
#2792 = CARTESIAN_POINT ( 'NONE',  ( -18.34197768399841522, -3.427103890187773949, 0.000000000000000000 ) ) ;
#2793 = CARTESIAN_POINT ( 'NONE',  ( -20.09819726337040180, 2.072848493137993131, -0.1000000000000000056 ) ) ;
#2794 = ORIENTED_EDGE ( 'NONE', *, *, #630, .T. ) ;
#2795 = CARTESIAN_POINT ( 'NONE',  ( -19.82307650284646883, 1.999320288065234985, 0.000000000000000000 ) ) ;
#2796 = CARTESIAN_POINT ( 'NONE',  ( -19.97211812172104217, 0.02722968101287282644, -0.1000000000000000056 ) ) ;
#2797 = EDGE_CURVE ( 'NONE', #6344, #5543, #7616, .T. ) ;
#2798 = CARTESIAN_POINT ( 'NONE',  ( -18.32367715252594920, 1.010177934926482335, 0.000000000000000000 ) ) ;
#2799 = FILL_AREA_STYLE_COLOUR ( '', #7191 ) ;
#2800 = CARTESIAN_POINT ( 'NONE',  ( -20.11016722181046745, -0.1532965215047198959, 0.000000000000000000 ) ) ;
#2801 = CARTESIAN_POINT ( 'NONE',  ( -18.10687864759171362, 3.332794793446856918, -0.1000000000000000056 ) ) ;
#2802 = DIRECTION ( 'NONE',  ( 1.000000000000000000, 0.000000000000000000, 0.000000000000000000 ) ) ;
#2803 = VERTEX_POINT ( 'NONE', #5620 ) ;
#2804 = CARTESIAN_POINT ( 'NONE',  ( -18.35409247072949057, -3.357915788221014886, -0.1000000000000000056 ) ) ;
#2805 = CARTESIAN_POINT ( 'NONE',  ( -18.50145025120451692, -3.851609225124557057, -0.1000000000000000056 ) ) ;
#2806 = EDGE_CURVE ( 'NONE', #8226, #6927, #636, .T. ) ;
#2807 = CARTESIAN_POINT ( 'NONE',  ( -18.71261376628584472, -3.791742540266432648, -0.1000000000000000056 ) ) ;
#2808 = CARTESIAN_POINT ( 'NONE',  ( -18.54901014349219324, 1.309616832906178363, 0.000000000000000000 ) ) ;
#2809 = CARTESIAN_POINT ( 'NONE',  ( -5.080000000000000071, -8.406000000000007688, -0.09999999999999982514 ) ) ;
#2810 = CARTESIAN_POINT ( 'NONE',  ( -18.91564229619935134, 2.626780270814437213, -0.1000000000000000056 ) ) ;
#2811 = VERTEX_POINT ( 'NONE', #2124 ) ;
#2812 = DIRECTION ( 'NONE',  ( -0.000000000000000000, -0.000000000000000000, -1.000000000000000000 ) ) ;
#2813 = CARTESIAN_POINT ( 'NONE',  ( -19.06063192691740227, 1.605454830043311576, 0.000000000000000000 ) ) ;
#2814 = MECHANICAL_DESIGN_GEOMETRIC_PRESENTATION_REPRESENTATION (  '', ( #735 ), #8305 ) ;
#2815 = AXIS2_PLACEMENT_3D ( 'NONE', #6948, #3358, #6197 ) ;
#2816 = CARTESIAN_POINT ( 'NONE',  ( -18.39248411833053964, 0.9467333016865074891, 0.000000000000000000 ) ) ;
#2817 = CARTESIAN_POINT ( 'NONE',  ( -20.05708089332155808, 3.885039332380009647, -0.1000000000000000056 ) ) ;
#2818 = CARTESIAN_POINT ( 'NONE',  ( -21.49999999999999645, -8.444999999999998508, 3.000000000000000000 ) ) ;
#2819 = ADVANCED_FACE ( 'NONE', ( #6942 ), #8457, .F. ) ;
#2820 = ORIENTED_EDGE ( 'NONE', *, *, #5119, .F. ) ;
#2821 = ORIENTED_EDGE ( 'NONE', *, *, #484, .F. ) ;
#2822 = CARTESIAN_POINT ( 'NONE',  ( -20.07777764932211539, -2.019900280046480034, -0.1000000000000000056 ) ) ;
#2823 = AXIS2_PLACEMENT_3D ( 'NONE', #4473, #2333, #2243 ) ;
#2824 = CARTESIAN_POINT ( 'NONE',  ( -18.18802522194638982, 3.139696930941160424, 0.000000000000000000 ) ) ;
#2825 = DIRECTION ( 'NONE',  ( -0.5196188595898637574, -0.8543981745992494936, 0.000000000000000000 ) ) ;
#2826 = APPLICATION_CONTEXT ( 'automotive_design' ) ;
#2827 = CARTESIAN_POINT ( 'NONE',  ( -19.21125568209692247, 0.7010707410176596488, 0.000000000000000000 ) ) ;
#2828 = ORIENTED_EDGE ( 'NONE', *, *, #236, .T. ) ;
#2829 = CARTESIAN_POINT ( 'NONE',  ( -18.25847886361972527, 2.384369889762649741, 0.000000000000000000 ) ) ;
#2830 = CARTESIAN_POINT ( 'NONE',  ( -18.77609816787774122, 3.515810940553874442, 0.000000000000000000 ) ) ;
#2831 = CIRCLE ( 'NONE', #7170, 7.000000000000000000 ) ;
#2832 = B_SPLINE_CURVE_WITH_KNOTS ( 'NONE', 3,
 ( #9206, #4226, #2970, #8651, #7085, #5051, #7897, #5106, #2265, #5801, #6562 ),
 .UNSPECIFIED., .F., .F.,
 ( 4, 1, 1, 1, 1, 1, 1, 1, 4 ),
 ( 0.000000000000000000, 0.1114715458088110234, 0.2241751454234940932, 0.3432508452318505099, 0.4742655188123585663, 0.6072405107465497220, 0.7347692292926802926, 0.8647702990993452188, 1.000000000000000000 ),
 .UNSPECIFIED. ) ;
#2833 = CARTESIAN_POINT ( 'NONE',  ( -20.04463625051677056, 1.655282106254094554, 0.000000000000000000 ) ) ;
#2834 = FILL_AREA_STYLE_COLOUR ( '', #9218 ) ;
#2835 = CIRCLE ( 'NONE', #904, 1.000000000000000444 ) ;
#2836 = SURFACE_STYLE_FILL_AREA ( #5626 ) ;
#2837 = AXIS2_PLACEMENT_3D ( 'NONE', #2033, #7813, #3583 ) ;
#2838 = CARTESIAN_POINT ( 'NONE',  ( -19.29771789823721662, -3.203046340898052513, 1.355252715606880543E-17 ) ) ;
#2839 = DIRECTION ( 'NONE',  ( -1.000000000000000000, 0.000000000000000000, 0.000000000000000000 ) ) ;
#2840 = CARTESIAN_POINT ( 'NONE',  ( -18.38893280896451188, -3.276172478212727501, 0.000000000000000000 ) ) ;
#2841 =( LENGTH_UNIT ( ) NAMED_UNIT ( * ) SI_UNIT ( .MILLI., .METRE. ) );
#2842 = ORIENTED_EDGE ( 'NONE', *, *, #5934, .T. ) ;
#2843 = CARTESIAN_POINT ( 'NONE',  ( -19.88575682960556890, -2.323805400439520774, -0.1000000000000000056 ) ) ;
#2844 = CARTESIAN_POINT ( 'NONE',  ( -18.50741220619382688, -1.205750852756980684, -0.1000000000000000056 ) ) ;
#2845 = DIRECTION ( 'NONE',  ( 1.000000000000000000, 0.000000000000000000, 0.000000000000000000 ) ) ;
#2846 = CARTESIAN_POINT ( 'NONE',  ( -18.96957957991775956, -0.8277862373002062846, 1.355252715606880543E-17 ) ) ;
#2847 = FACE_OUTER_BOUND ( 'NONE', #4956, .T. ) ;
#2848 = PRESENTATION_LAYER_ASSIGNMENT (  '', '', ( #4345 ) ) ;
#2849 = B_SPLINE_CURVE_WITH_KNOTS ( 'NONE', 3,
 ( #6873, #3416, #1833, #1215, #2663, #8338, #3280, #7654, #1784, #1916, #4660, #375, #1073, #4062, #1260, #1164, #3240, #469, #8957 ),
 .UNSPECIFIED., .F., .F.,
 ( 4, 1, 1, 1, 1, 1, 1, 1, 1, 1, 1, 1, 1, 1, 1, 1, 4 ),
 ( 0.000000000000000000, 0.05004452659864821323, 0.09690282500097292806, 0.1418805979969471331, 0.1860269339771858654, 0.2301595093453233376, 0.2757475799681438633, 0.3239245878896979680, 0.3758474505970835766, 0.4326295513593807485, 0.4947465404817349977, 0.5632259117326346987, 0.6374266595317188422, 0.7184702833508985753, 0.8055403051114993218, 0.8996503425031964207, 1.000000000000000000 ),
 .UNSPECIFIED. ) ;
#2850 = SURFACE_SIDE_STYLE ('',( #4986 ) ) ;
#2851 = CARTESIAN_POINT ( 'NONE',  ( -18.54796887569405328, -2.768793298291877480, -0.000000000000000000 ) ) ;
#2852 = CARTESIAN_POINT ( 'NONE',  ( -19.25850670372446771, 2.269258193152186465, -0.1000000000000000056 ) ) ;
#2853 = FACE_BOUND ( 'NONE', #1134, .T. ) ;
#2854 = VERTEX_POINT ( 'NONE', #584 ) ;
#2855 = CARTESIAN_POINT ( 'NONE',  ( -19.77050617088199758, 3.815975639143019293, 0.000000000000000000 ) ) ;
#2856 = CARTESIAN_POINT ( 'NONE',  ( -19.05990683459227597, 2.967007081926710921, 0.000000000000000000 ) ) ;
#2857 = B_SPLINE_SURFACE_WITH_KNOTS ( 'NONE', 3, 1, ( 
 ( #2547, #8889 ),
 ( #4636, #8978 ),
 ( #8932, #5383 ),
 ( #1810, #1897 ),
 ( #4685, #8219 ),
 ( #542, #1054 ),
 ( #6897, #441 ),
 ( #4780, #1941 ),
 ( #6849, #2595 ),
 ( #4042, #4830 ),
 ( #2644, #7582 ),
 ( #7632, #6233 ),
 ( #3396, #5430 ),
 ( #8266, #7542 ),
 ( #9067, #2691 ),
 ( #4090, #4729 ),
 ( #5533, #3354 ),
 ( #3308, #491 ),
 ( #6148, #7497 ),
 ( #1094, #1239 ),
 ( #8366, #8175 ),
 ( #1188, #6194 ),
 ( #5336, #6944 ) ),
 .UNSPECIFIED., .F., .F., .F.,
 ( 4, 1, 1, 1, 1, 1, 1, 1, 1, 1, 1, 1, 1, 1, 1, 1, 1, 1, 1, 1, 4 ),
 ( 2, 2 ),
 ( 0.000000000000000000, 0.08555738422559445999, 0.1686642389838706457, 0.2497474519697828188, 0.3305169896373619243, 0.3708375280270757024, 0.4104601219375036969, 0.4498839935391460432, 0.4893030834951047625, 0.5289114027079855340, 0.5691711198908538938, 0.6095165840465770479, 0.6506257233054638656, 0.6921863325671929745, 0.7339053835026270178, 0.7761854509024861404, 0.8189384313532527271, 0.8624648162177718236, 0.9069351619472322268, 0.9528309098716876147, 1.000000000000000000 ),
 ( 0.000000000000000000, 1.000000000000000000 ),
 .UNSPECIFIED. ) ;
#2858 = STYLED_ITEM ( 'NONE', ( #4469 ), #2763 ) ;
#2859 = ORIENTED_EDGE ( 'NONE', *, *, #8675, .F. ) ;
#2860 = DIRECTION ( 'NONE',  ( -0.000000000000000000, -0.000000000000000000, -1.000000000000000000 ) ) ;
#2861 = B_SPLINE_SURFACE_WITH_KNOTS ( 'NONE', 3, 1, ( 
 ( #5241, #3201 ),
 ( #1603, #1035 ),
 ( #7313, #6040 ),
 ( #3751, #5897 ),
 ( #950, #2308 ),
 ( #5318, #6657 ),
 ( #4445, #3103 ),
 ( #6788, #3886 ),
 ( #1744, #5284 ),
 ( #8733, #4573 ),
 ( #8113, #8070 ) ),
 .UNSPECIFIED., .F., .F., .F.,
 ( 4, 1, 1, 1, 1, 1, 1, 1, 4 ),
 ( 2, 2 ),
 ( 0.000000000000000000, 0.1505673933743036097, 0.2825196804827814767, 0.3973543704744805782, 0.5018539184075410109, 0.6061585588727329554, 0.7204604116073325404, 0.8504394402177249956, 1.000000000000000000 ),
 ( 0.000000000000000000, 1.000000000000000000 ),
 .UNSPECIFIED. ) ;
#2862 = CARTESIAN_POINT ( 'NONE',  ( -18.93870015573949317, 1.250395994646189779, 0.000000000000000000 ) ) ;
#2863 =( LENGTH_UNIT ( ) NAMED_UNIT ( * ) SI_UNIT ( .MILLI., .METRE. ) );
#2864 = FACE_BOUND ( 'NONE', #9114, .T. ) ;
#2865 = VERTEX_POINT ( 'NONE', #7089 ) ;
#2866 = SURFACE_STYLE_FILL_AREA ( #75 ) ;
#2867 = CARTESIAN_POINT ( 'NONE',  ( -18.84139122874377392, 1.614569266218613519, 0.000000000000000000 ) ) ;
#2868 = CARTESIAN_POINT ( 'NONE',  ( -19.69833090191900737, -3.157558432790906089, 0.000000000000000000 ) ) ;
#2869 = ADVANCED_FACE ( 'NONE', ( #4181 ), #533, .T. ) ;
#2870 = CARTESIAN_POINT ( 'NONE',  ( -20.09707077064267366, 3.745070865060717846, -0.1000000000000000056 ) ) ;
#2871 =( NAMED_UNIT ( * ) SI_UNIT ( $, .STERADIAN. ) SOLID_ANGLE_UNIT ( ) );
#2872 = ORIENTED_EDGE ( 'NONE', *, *, #938, .T. ) ;
#2873 = EDGE_LOOP ( 'NONE', ( #6842, #3212 ) ) ;
#2874 = LINE ( 'NONE', #5663, #6698 ) ;
#2875 = DIRECTION ( 'NONE',  ( 0.000000000000000000, 0.000000000000000000, -1.000000000000000000 ) ) ;
#2876 = UNCERTAINTY_MEASURE_WITH_UNIT (LENGTH_MEASURE( 1.000000000000000082E-05 ), #5806, 'distance_accuracy_value', 'NONE');
#2877 = CARTESIAN_POINT ( 'NONE',  ( -18.15685068241062439, 3.163659733222313530, -0.1000000000000000056 ) ) ;
#2878 = CARTESIAN_POINT ( 'NONE',  ( -19.80196897962296276, -3.483282216389974373, -0.1000000000000000056 ) ) ;
#2879 = EDGE_CURVE ( 'NONE', #1800, #9039, #819, .T. ) ;
#2880 = CARTESIAN_POINT ( 'NONE',  ( -19.85188432461570684, 1.426791903879170986, 0.000000000000000000 ) ) ;
#2881 = EDGE_LOOP ( 'NONE', ( #3432, #7777, #742, #4020 ) ) ;
#2882 = CARTESIAN_POINT ( 'NONE',  ( -18.27388415006262079, 4.247548867096269554, 0.000000000000000000 ) ) ;
#2883 = ORIENTED_EDGE ( 'NONE', *, *, #6079, .T. ) ;
#2884 = DIRECTION ( 'NONE',  ( -0.000000000000000000, 0.000000000000000000, 1.000000000000000000 ) ) ;
#2885 = ADVANCED_FACE ( 'NONE', ( #221 ), #1519, .T. ) ;
#2886 = CARTESIAN_POINT ( 'NONE',  ( -19.12939052401586792, 1.245634562174478210, 0.000000000000000000 ) ) ;
#2887 = CARTESIAN_POINT ( 'NONE',  ( -19.92808777079787674, 1.493560555473286700, 0.000000000000000000 ) ) ;
#2888 = FILL_AREA_STYLE ('',( #4971 ) ) ;
#2889 = ORIENTED_EDGE ( 'NONE', *, *, #1798, .T. ) ;
#2890 = CARTESIAN_POINT ( 'NONE',  ( -20.10369538454544625, 1.841654894363345951, -0.1000000000000000056 ) ) ;
#2891 = EDGE_CURVE ( 'NONE', #2724, #8972, #6476, .T. ) ;
#2892 = EDGE_CURVE ( 'NONE', #1418, #2380, #2835, .T. ) ;
#2893 = CARTESIAN_POINT ( 'NONE',  ( -19.19038809278214330, -3.555917479197185038, -0.1000000000000000056 ) ) ;
#2894 = CARTESIAN_POINT ( 'NONE',  ( -19.54342977507056034, -3.891814513880406334, 0.000000000000000000 ) ) ;
#2895 = VECTOR ( 'NONE', #5817, 1000.000000000000114 ) ;
#2896 = FACE_OUTER_BOUND ( 'NONE', #3299, .T. ) ;
#2897 = ORIENTED_EDGE ( 'NONE', *, *, #7234, .T. ) ;
#2898 = SURFACE_STYLE_USAGE ( .BOTH. , #2186 ) ;
#2899 = CARTESIAN_POINT ( 'NONE',  ( -18.12538781197357096, 2.183190919144450515, -0.1000000000000000056 ) ) ;
#2900 = CARTESIAN_POINT ( 'NONE',  ( -18.62081920701407967, -4.224686994400237872, -0.000000000000000000 ) ) ;
#2901 = PRESENTATION_LAYER_ASSIGNMENT (  '', '', ( #658 ) ) ;
#2902 = CARTESIAN_POINT ( 'NONE',  ( -19.74018339094939378, -3.737971347425340429, 0.000000000000000000 ) ) ;
#2903 = SURFACE_STYLE_USAGE ( .BOTH. , #2850 ) ;
#2904 = CARTESIAN_POINT ( 'NONE',  ( -20.04994474055430231, -0.2945388398440957345, 0.000000000000000000 ) ) ;
#2905 = CARTESIAN_POINT ( 'NONE',  ( -19.79434835064360598, 2.078281145801886165, -0.1000000000000000056 ) ) ;
#2906 = DIRECTION ( 'NONE',  ( -0.000000000000000000, -0.000000000000000000, 1.000000000000000000 ) ) ;
#2907 = ORIENTED_EDGE ( 'NONE', *, *, #216, .T. ) ;
#2908 = AXIS2_PLACEMENT_3D ( 'NONE', #6597, #8858, #5978 ) ;
#2909 = CARTESIAN_POINT ( 'NONE',  ( -19.33924569433329665, -4.078080516445619530, 0.000000000000000000 ) ) ;
#2910 = CARTESIAN_POINT ( 'NONE',  ( -18.37539239558712012, -3.300675855702474237, -0.1000000000000000056 ) ) ;
#2911 = CARTESIAN_POINT ( 'NONE',  ( -19.26409885662615906, -1.625000429551596737, 0.000000000000000000 ) ) ;
#2912 = VERTEX_POINT ( 'NONE', #7227 ) ;
#2913 = CARTESIAN_POINT ( 'NONE',  ( -19.51433311034130469, -2.684877312420661077, 0.000000000000000000 ) ) ;
#2914 = CARTESIAN_POINT ( 'NONE',  ( -19.54212509012566912, 3.213335038335891181, -0.1000000000000000056 ) ) ;
#2915 = VECTOR ( 'NONE', #8410, 1000.000000000000000 ) ;
#2916 = CARTESIAN_POINT ( 'NONE',  ( -18.81292706762182831, -1.170191532725643802, -0.1000000000000000056 ) ) ;
#2917 = CARTESIAN_POINT ( 'NONE',  ( -18.74895831881567076, 3.686339912414548614, 0.000000000000000000 ) ) ;
#2918 = DIRECTION ( 'NONE',  ( -0.000000000000000000, 0.000000000000000000, 1.000000000000000000 ) ) ;
#2919 = DIRECTION ( 'NONE',  ( -0.000000000000000000, -0.000000000000000000, -1.000000000000000000 ) ) ;
#2920 = CARTESIAN_POINT ( 'NONE',  ( -19.78171562266391703, -3.316744761012391685, 0.000000000000000000 ) ) ;
#2921 = CIRCLE ( 'NONE', #1262, 1.000000000000000444 ) ;
#2922 = CARTESIAN_POINT ( 'NONE',  ( -19.46237941354222301, -3.925486112662318394, -0.1000000000000000056 ) ) ;
#2923 = DIRECTION ( 'NONE',  ( 1.000000000000000000, 0.000000000000000000, 0.000000000000000000 ) ) ;
#2924 = ORIENTED_EDGE ( 'NONE', *, *, #2233, .F. ) ;
#2925 = VERTEX_POINT ( 'NONE', #6524 ) ;
#2926 = DIRECTION ( 'NONE',  ( 0.000000000000000000, 0.000000000000000000, 1.000000000000000000 ) ) ;
#2927 = CARTESIAN_POINT ( 'NONE',  ( -18.33477471685475635, -2.831879000143699976, -0.1000000000000000056 ) ) ;
#2928 = EDGE_CURVE ( 'NONE', #5543, #6344, #8786, .T. ) ;
#2929 = FACE_OUTER_BOUND ( 'NONE', #4315, .T. ) ;
#2930 = CARTESIAN_POINT ( 'NONE',  ( -19.19038809278214330, -1.240417664845784973, 0.000000000000000000 ) ) ;
#2931 = CARTESIAN_POINT ( 'NONE',  ( 2.540000000000004476, -8.406000000000007688, -0.09999999999999982514 ) ) ;
#2932 = ORIENTED_EDGE ( 'NONE', *, *, #3372, .T. ) ;
#2933 = ORIENTED_EDGE ( 'NONE', *, *, #6161, .F. ) ;
#2934 = CYLINDRICAL_SURFACE ( 'NONE', #4973, 7.000000000000000000 ) ;
#2935 = CARTESIAN_POINT ( 'NONE',  ( -18.83232871956146326, 3.378279694039084458, 0.000000000000000000 ) ) ;
#2936 = DIRECTION ( 'NONE',  ( -0.000000000000000000, -0.000000000000000000, -1.000000000000000000 ) ) ;
#2937 = CARTESIAN_POINT ( 'NONE',  ( -19.81879166633020972, 2.982463431985966196, 0.000000000000000000 ) ) ;
#2938 = EDGE_LOOP ( 'NONE', ( #5556, #3668, #3799, #4223 ) ) ;
#2939 = CARTESIAN_POINT ( 'NONE',  ( -18.41507688977921475, -1.939080607096354436, -0.1000000000000000056 ) ) ;
#2940 = CARTESIAN_POINT ( 'NONE',  ( -19.19634449364316708, -3.529818585446680146, -0.1000000000000000056 ) ) ;
#2941 = CARTESIAN_POINT ( 'NONE',  ( -19.26409885662615906, -1.625000429551596737, -0.1000000000000000056 ) ) ;
#2942 = CARTESIAN_POINT ( 'NONE',  ( -18.25073307987542037, 4.247630408903493304, 0.000000000000000000 ) ) ;
#2943 = CARTESIAN_POINT ( 'NONE',  ( -18.10728452667434141, 4.060245638507653965, -0.1000000000000000056 ) ) ;
#2944 = CARTESIAN_POINT ( 'NONE',  ( -18.62532574770440164, -3.101924204553704101, -0.1000000000000000056 ) ) ;
#2945 = EDGE_CURVE ( 'NONE', #7398, #8862, #5444, .T. ) ;
#2946 = CARTESIAN_POINT ( 'NONE',  ( -19.07813573149224950, 3.404385076110486796, -0.1000000000000000056 ) ) ;
#2947 = CARTESIAN_POINT ( 'NONE',  ( -18.79118019077904478, 3.470806148516514256, -0.1000000000000000056 ) ) ;
#2948 = UNCERTAINTY_MEASURE_WITH_UNIT (LENGTH_MEASURE( 1.000000000000000082E-05 ), #7895, 'distance_accuracy_value', 'NONE');
#2949 = SURFACE_STYLE_USAGE ( .BOTH. , #4942 ) ;
#2950 = CARTESIAN_POINT ( 'NONE',  ( -18.39995352721988908, -0.7896768694622852136, -0.1000000000000000056 ) ) ;
#2951 = CARTESIAN_POINT ( 'NONE',  ( -18.27115050847773503, 3.104408831485544251, -0.1000000000000000056 ) ) ;
#2952 = FILL_AREA_STYLE_COLOUR ( '', #2515 ) ;
#2953 = EDGE_LOOP ( 'NONE', ( #7744, #2770, #8137, #1223 ) ) ;
#2954 = DIRECTION ( 'NONE',  ( 0.000000000000000000, -1.000000000000000000, 0.000000000000000000 ) ) ;
#2955 = CARTESIAN_POINT ( 'NONE',  ( -18.95407977139814193, -1.561052235080655715, -0.1000000000000000056 ) ) ;
#2956 = CARTESIAN_POINT ( 'NONE',  ( -20.07724859382345173, -0.04289354505377143689, 0.000000000000000000 ) ) ;
#2957 = EDGE_CURVE ( 'NONE', #7081, #3918, #1605, .T. ) ;
#2958 = EDGE_LOOP ( 'NONE', ( #8897, #5880 ) ) ;
#2959 = CARTESIAN_POINT ( 'NONE',  ( -18.59485919772192375, -3.120908501942953439, -0.1000000000000000056 ) ) ;
#2960 = CARTESIAN_POINT ( 'NONE',  ( -19.95218837269773715, -4.030719109037423920, 0.000000000000000000 ) ) ;
#2961 = CARTESIAN_POINT ( 'NONE',  ( -18.17318651290355191, -1.030381202963053022, -0.1000000000000000056 ) ) ;
#2962 = CARTESIAN_POINT ( 'NONE',  ( -20.11016722181046390, -2.130901908874511808, 0.000000000000000000 ) ) ;
#2963 =( NAMED_UNIT ( * ) SI_UNIT ( $, .STERADIAN. ) SOLID_ANGLE_UNIT ( ) );
#2964 = CARTESIAN_POINT ( 'NONE',  ( -18.25620859073490720, -2.896738524245786373, 0.000000000000000000 ) ) ;
#2965 = CARTESIAN_POINT ( 'NONE',  ( -19.79720952266188050, -3.396040580450951474, 0.000000000000000000 ) ) ;
#2966 = SURFACE_STYLE_FILL_AREA ( #1510 ) ;
#2967 = SURFACE_STYLE_FILL_AREA ( #3661 ) ;
#2968 = VERTEX_POINT ( 'NONE', #8736 ) ;
#2969 = VERTEX_POINT ( 'NONE', #3935 ) ;
#2970 = CARTESIAN_POINT ( 'NONE',  ( -19.58860835215311624, 2.921592128185408921, -0.1000000000000000056 ) ) ;
#2971 = UNCERTAINTY_MEASURE_WITH_UNIT (LENGTH_MEASURE( 1.000000000000000082E-05 ), #5488, 'distance_accuracy_value', 'NONE');
#2972 = CARTESIAN_POINT ( 'NONE',  ( -18.27115050847773503, 3.104408831485544251, 0.000000000000000000 ) ) ;
#2973 = LINE ( 'NONE', #5803, #5526 ) ;
#2974 = VECTOR ( 'NONE', #6482, 1000.000000000000000 ) ;
#2975 = CARTESIAN_POINT ( 'NONE',  ( -19.76431068597936758, 1.369821714187586359, -0.1000000000000000056 ) ) ;
#2976 = VERTEX_POINT ( 'NONE', #8159 ) ;
#2977 = DIRECTION ( 'NONE',  ( 1.000000000000000000, -0.000000000000000000, 0.000000000000000000 ) ) ;
#2978 = CARTESIAN_POINT ( 'NONE',  ( -19.04666647049883466, 0.8831801548605684449, 1.355252715606880543E-17 ) ) ;
#2979 = CARTESIAN_POINT ( 'NONE',  ( -20.11016722181046390, -3.478466618855795112, 0.000000000000000000 ) ) ;
#2980 = ADVANCED_FACE ( 'NONE', ( #259 ), #1790, .T. ) ;
#2981 = CARTESIAN_POINT ( 'NONE',  ( -19.71632692653898644, 1.345111161223359719, 0.000000000000000000 ) ) ;
#2982 = EDGE_CURVE ( 'NONE', #4121, #1801, #4496, .T. ) ;
#2983 = AXIS2_PLACEMENT_3D ( 'NONE', #9072, #3494, #1193 ) ;
#2984 = VECTOR ( 'NONE', #4297, 1000.000000000000000 ) ;
#2985 = ORIENTED_EDGE ( 'NONE', *, *, #2453, .F. ) ;
#2986 = CARTESIAN_POINT ( 'NONE',  ( -18.08704657968000262, 1.827573387342284139, 0.000000000000000000 ) ) ;
#2987 = VERTEX_POINT ( 'NONE', #3107 ) ;
#2988 = CARTESIAN_POINT ( 'NONE',  ( -19.33886901675268533, -4.088041006724040471, 0.000000000000000000 ) ) ;
#2989 = CARTESIAN_POINT ( 'NONE',  ( -18.96377040295877592, 2.271119663831485447, -0.1000000000000000056 ) ) ;
#2990 = CARTESIAN_POINT ( 'NONE',  ( -19.03147337415421703, 3.601264355977374709, -0.1000000000000000056 ) ) ;
#2991 = PRESENTATION_STYLE_ASSIGNMENT (( #100 ) ) ;
#2992 = CARTESIAN_POINT ( 'NONE',  ( -20.10784737161238667, -2.173293635727515660, 0.000000000000000000 ) ) ;
#2993 = CARTESIAN_POINT ( 'NONE',  ( -18.31712602665879785, -4.135826985048958626, 0.000000000000000000 ) ) ;
#2994 = EDGE_CURVE ( 'NONE', #4819, #4159, #424, .T. ) ;
#2995 = CIRCLE ( 'NONE', #8174, 1.000000000000000444 ) ;
#2996 = CARTESIAN_POINT ( 'NONE',  ( 0.000000000000000000, -8.406000000000007688, 3.100000000000000089 ) ) ;
#2997 = CARTESIAN_POINT ( 'NONE',  ( -18.13072447467296655, -0.2446715743858094982, -0.1000000000000000056 ) ) ;
#2998 = FACE_OUTER_BOUND ( 'NONE', #31, .T. ) ;
#2999 = PRESENTATION_STYLE_ASSIGNMENT (( #1540 ) ) ;
#3000 = ORIENTED_EDGE ( 'NONE', *, *, #8748, .F. ) ;
#3001 = PRESENTATION_LAYER_ASSIGNMENT (  '', '', ( #7329 ) ) ;
#3002 = CARTESIAN_POINT ( 'NONE',  ( -19.04156436645812178, 3.691616293608123822, -0.1000000000000000056 ) ) ;
#3003 = CARTESIAN_POINT ( 'NONE',  ( -18.76370803080246219, 3.559663657968059614, -0.1000000000000000056 ) ) ;
#3004 =( LENGTH_UNIT ( ) NAMED_UNIT ( * ) SI_UNIT ( .MILLI., .METRE. ) );
#3005 = AXIS2_PLACEMENT_3D ( 'NONE', #6755, #3853, #3170 ) ;
#3006 = ORIENTED_EDGE ( 'NONE', *, *, #4018, .T. ) ;
#3007 = CARTESIAN_POINT ( 'NONE',  ( -18.94811575226697187, -4.095761163105393621, 0.000000000000000000 ) ) ;
#3008 = MECHANICAL_DESIGN_GEOMETRIC_PRESENTATION_REPRESENTATION (  '', ( #1655 ), #2405 ) ;
#3009 = DIRECTION ( 'NONE',  ( 0.000000000000000000, 0.000000000000000000, 1.000000000000000000 ) ) ;
#3010 = CARTESIAN_POINT ( 'NONE',  ( -18.61609727923015711, 1.292412755451144646, -0.1000000000000000056 ) ) ;
#3011 = CARTESIAN_POINT ( 'NONE',  ( -19.07962934949600964, 2.272962036132811559, 0.000000000000000000 ) ) ;
#3012 = EDGE_CURVE ( 'NONE', #1198, #39, #7440, .T. ) ;
#3013 = FACE_OUTER_BOUND ( 'NONE', #1101, .T. ) ;
#3014 = FACE_OUTER_BOUND ( 'NONE', #1369, .T. ) ;
#3015 = CARTESIAN_POINT ( 'NONE',  ( -18.15154395465491532, -3.038011171447197345, -0.1000000000000000056 ) ) ;
#3016 = AXIS2_PLACEMENT_3D ( 'NONE', #702, #105, #6499 ) ;
#3017 = EDGE_CURVE ( 'NONE', #1911, #3106, #5368, .T. ) ;
#3018 = DIRECTION ( 'NONE',  ( -0.000000000000000000, -0.000000000000000000, 1.000000000000000000 ) ) ;
#3019 = CARTESIAN_POINT ( 'NONE',  ( -18.16627101717993042, -1.045787264506022440, 0.000000000000000000 ) ) ;
#3020 = ORIENTED_EDGE ( 'NONE', *, *, #7896, .F. ) ;
#3021 = DIRECTION ( 'NONE',  ( 0.000000000000000000, 0.000000000000000000, 1.000000000000000000 ) ) ;
#3022 = LINE ( 'NONE', #7849, #6339 ) ;
#3023 = DIRECTION ( 'NONE',  ( -0.000000000000000000, -0.000000000000000000, 1.000000000000000000 ) ) ;
#3024 = DIRECTION ( 'NONE',  ( -0.000000000000000000, -0.000000000000000000, -1.000000000000000000 ) ) ;
#3025 = DIRECTION ( 'NONE',  ( 0.000000000000000000, 0.000000000000000000, 1.000000000000000000 ) ) ;
#3026 = MECHANICAL_DESIGN_GEOMETRIC_PRESENTATION_REPRESENTATION (  '', ( #7046 ), #1665 ) ;
#3027 = CARTESIAN_POINT ( 'NONE',  ( -19.85694705147151495, -1.173801898956299050, 0.000000000000000000 ) ) ;
#3028 = CARTESIAN_POINT ( 'NONE',  ( -18.10687864759171362, 4.044299329121905373, 0.000000000000000000 ) ) ;
#3029 = CARTESIAN_POINT ( 'NONE',  ( -18.94390057184965315, 0.8388497662732085081, 1.355252715606880543E-17 ) ) ;
#3030 = CARTESIAN_POINT ( 'NONE',  ( -19.12164168572621037, -2.800461622954413254, 0.000000000000000000 ) ) ;
#3031 = CARTESIAN_POINT ( 'NONE',  ( -19.95085120338801943, -0.6966564432779951410, -0.1000000000000000056 ) ) ;
#3032 = VERTEX_POINT ( 'NONE', #2492 ) ;
#3033 = CARTESIAN_POINT ( 'NONE',  ( -19.23051807223363951, 3.135355294545489446, -0.1000000000000000056 ) ) ;
#3034 = ORIENTED_EDGE ( 'NONE', *, *, #3017, .F. ) ;
#3035 = FILL_AREA_STYLE_COLOUR ( '', #2694 ) ;
#3036 = CARTESIAN_POINT ( 'NONE',  ( -19.35100300207924917, -4.157808329342947751, -0.1000000000000000056 ) ) ;
#3037 = CARTESIAN_POINT ( 'NONE',  ( -19.54902683155491872, 3.932535090481665385, -0.1000000000000000056 ) ) ;
#3038 = CARTESIAN_POINT ( 'NONE',  ( -18.60476709381068261, -2.779696382457563342, -0.1000000000000000056 ) ) ;
#3039 = CARTESIAN_POINT ( 'NONE',  ( 4.580000000000004512, -8.406000000000005912, 3.100000000000000089 ) ) ;
#3040 = CARTESIAN_POINT ( 'NONE',  ( -18.69007243453957656, -2.843185233033041825, 0.000000000000000000 ) ) ;
#3041 = UNCERTAINTY_MEASURE_WITH_UNIT (LENGTH_MEASURE( 1.000000000000000082E-05 ), #3683, 'distance_accuracy_value', 'NONE');
#3042 = VECTOR ( 'NONE', #7250, 1000.000000000000000 ) ;
#3043 = ADVANCED_FACE ( 'NONE', ( #384 ), #9019, .T. ) ;
#3044 = CARTESIAN_POINT ( 'NONE',  ( -18.43909054483114218, 1.352298849749846044, -0.1000000000000000056 ) ) ;
#3045 =( NAMED_UNIT ( * ) SI_UNIT ( $, .STERADIAN. ) SOLID_ANGLE_UNIT ( ) );
#3046 = B_SPLINE_CURVE_WITH_KNOTS ( 'NONE', 3,
 ( #9198, #8495, #8643, #5842, #5749, #7124, #6462, #3695, #4952, #4261, #7840 ),
 .UNSPECIFIED., .F., .F.,
 ( 4, 1, 1, 1, 1, 1, 1, 1, 4 ),
 ( 0.000000000000000000, 0.1276867499028275232, 0.2503001551654997492, 0.3780158120037406810, 0.5108044721309944469, 0.6430359745836191632, 0.7641042165194830149, 0.8816765406713701347, 1.000000000000000000 ),
 .UNSPECIFIED. ) ;
#3047 = ORIENTED_EDGE ( 'NONE', *, *, #2945, .T. ) ;
#3048 = DIRECTION ( 'NONE',  ( -0.000000000000000000, 0.000000000000000000, 1.000000000000000000 ) ) ;
#3049 = ORIENTED_EDGE ( 'NONE', *, *, #8365, .T. ) ;
#3050 = DIRECTION ( 'NONE',  ( 0.000000000000000000, -0.000000000000000000, -1.000000000000000000 ) ) ;
#3051 = CARTESIAN_POINT ( 'NONE',  ( -19.71953124170191174, -3.184397308317086672, -0.1000000000000000056 ) ) ;
#3052 = MECHANICAL_DESIGN_GEOMETRIC_PRESENTATION_REPRESENTATION (  '', ( #2585 ), #215 ) ;
#3053 = VERTEX_POINT ( 'NONE', #3158 ) ;
#3054 = CARTESIAN_POINT ( 'NONE',  ( -19.13839627833553791, -3.749704132646662469, -0.1000000000000000056 ) ) ;
#3055 = DIRECTION ( 'NONE',  ( -0.000000000000000000, -0.000000000000000000, -1.000000000000000000 ) ) ;
#3056 = CARTESIAN_POINT ( 'NONE',  ( -19.25995938937284535, -1.133796288956432363, -0.1000000000000000056 ) ) ;
#3057 = AXIS2_PLACEMENT_3D ( 'NONE', #731, #2884, #4967 ) ;
#3058 = FILL_AREA_STYLE ('',( #3745 ) ) ;
#3059 = CARTESIAN_POINT ( 'NONE',  ( -18.09894620495635209, -3.160799164391408844, -0.1000000000000000056 ) ) ;
#3060 = CARTESIAN_POINT ( 'NONE',  ( -19.17120766704521628, 3.872680684247027827, 0.000000000000000000 ) ) ;
#3061 = EDGE_LOOP ( 'NONE', ( #3980, #8791 ) ) ;
#3062 = AXIS2_PLACEMENT_3D ( 'NONE', #4364, #5100, #4955 ) ;
#3063 = CARTESIAN_POINT ( 'NONE',  ( -20.10480034263578730, 3.695108081985210902, 0.000000000000000000 ) ) ;
#3064 = CARTESIAN_POINT ( 'NONE',  ( -19.22089936123107634, -1.185588435847094724, 0.000000000000000000 ) ) ;
#3065 = CARTESIAN_POINT ( 'NONE',  ( -18.19830978580295167, -2.294538774921230040, -0.1000000000000000056 ) ) ;
#3066 = FACE_OUTER_BOUND ( 'NONE', #2250, .T. ) ;
#3067 = CARTESIAN_POINT ( 'NONE',  ( -19.68288232406076332, 1.331027441209933881, 0.000000000000000000 ) ) ;
#3068 = ORIENTED_EDGE ( 'NONE', *, *, #5535, .T. ) ;
#3069 = VECTOR ( 'NONE', #3018, 1000.000000000000000 ) ;
#3070 = CARTESIAN_POINT ( 'NONE',  ( -19.34040989635432695, -4.124045435889738265, 0.000000000000000000 ) ) ;
#3071 = CARTESIAN_POINT ( 'NONE',  ( -18.90361343938759120, 0.7154136671526724056, 1.355252715606880543E-17 ) ) ;
#3072 = CARTESIAN_POINT ( 'NONE',  ( -19.16707034674308474, -2.766064391041721304, 0.000000000000000000 ) ) ;
#3073 = DIRECTION ( 'NONE',  ( -1.000000000000000000, 0.000000000000000000, 0.000000000000000000 ) ) ;
#3074 = EDGE_LOOP ( 'NONE', ( #8096, #25, #5855, #1352 ) ) ;
#3075 = DIRECTION ( 'NONE',  ( 0.000000000000000000, 0.000000000000000000, 1.000000000000000000 ) ) ;
#3076 = DIRECTION ( 'NONE',  ( 0.000000000000000000, -0.000000000000000000, -1.000000000000000000 ) ) ;
#3077 = CARTESIAN_POINT ( 'NONE',  ( -19.41825657873453892, -4.235582628076191902, 0.000000000000000000 ) ) ;
#3078 = CARTESIAN_POINT ( 'NONE',  ( -2.540000000000000036, -8.406000000000007688, 3.100000000000000089 ) ) ;
#3079 = CARTESIAN_POINT ( 'NONE',  ( -18.60689819155737013, -4.224884236653646319, 0.000000000000000000 ) ) ;
#3080 = EDGE_CURVE ( 'NONE', #6298, #3425, #2140, .T. ) ;
#3081 =( NAMED_UNIT ( * ) PLANE_ANGLE_UNIT ( ) SI_UNIT ( $, .RADIAN. ) );
#3082 = DIRECTION ( 'NONE',  ( 0.000000000000000000, -0.000000000000000000, -1.000000000000000000 ) ) ;
#3083 = CYLINDRICAL_SURFACE ( 'NONE', #6441, 2.000000000000000000 ) ;
#3084 = ORIENTED_EDGE ( 'NONE', *, *, #8806, .F. ) ;
#3085 =( NAMED_UNIT ( * ) PLANE_ANGLE_UNIT ( ) SI_UNIT ( $, .RADIAN. ) );
#3086 = CARTESIAN_POINT ( 'NONE',  ( -19.99145362913032642, -0.7007554726250874166, -0.1000000000000000056 ) ) ;
#3087 = ORIENTED_EDGE ( 'NONE', *, *, #2580, .T. ) ;
#3088 = LINE ( 'NONE', #1731, #226 ) ;
#3089 = CARTESIAN_POINT ( 'NONE',  ( -20.11016722181046390, -3.478466618855795112, -0.1000000000000000056 ) ) ;
#3090 = CARTESIAN_POINT ( 'NONE',  ( -19.10063250833854198, 2.272938895657683034, 1.355252715606880543E-17 ) ) ;
#3091 = EDGE_CURVE ( 'NONE', #8377, #3388, #4569, .T. ) ;
#3092 = ORIENTED_EDGE ( 'NONE', *, *, #6071, .F. ) ;
#3093 = CARTESIAN_POINT ( 'NONE',  ( -19.10748746512883045, -3.834351037832890885, -0.1000000000000000056 ) ) ;
#3094 = CARTESIAN_POINT ( 'NONE',  ( -20.05158648185462056, -1.990674356323386629, -0.1000000000000000056 ) ) ;
#3095 = PRESENTATION_STYLE_ASSIGNMENT (( #5232 ) ) ;
#3096 = CARTESIAN_POINT ( 'NONE',  ( -19.20042782650209645, -1.222376105539968894, -0.1000000000000000056 ) ) ;
#3097 = CARTESIAN_POINT ( 'NONE',  ( -19.51784872510636148, -4.262606417338054676, -0.1000000000000000056 ) ) ;
#3098 = CARTESIAN_POINT ( 'NONE',  ( -18.18335344718428814, -2.984992970424891645, 0.000000000000000000 ) ) ;
#3099 = DIRECTION ( 'NONE',  ( -0.000000000000000000, -0.000000000000000000, 1.000000000000000000 ) ) ;
#3100 = EDGE_CURVE ( 'NONE', #2976, #6891, #1635, .T. ) ;
#3101 = ORIENTED_EDGE ( 'NONE', *, *, #4961, .T. ) ;
#3102 = CARTESIAN_POINT ( 'NONE',  ( -19.79603119273520662, 4.195027439115881940, 0.000000000000000000 ) ) ;
#3103 = CARTESIAN_POINT ( 'NONE',  ( -18.13709547729266092, -2.234173001584935481, 0.000000000000000000 ) ) ;
#3104 = CARTESIAN_POINT ( 'NONE',  ( -18.29377372360557175, -2.322636755172235556, -0.1000000000000000056 ) ) ;
#3105 = CARTESIAN_POINT ( 'NONE',  ( -19.26531848616861353, 1.609439051610472848, -0.1000000000000000056 ) ) ;
#3106 = VERTEX_POINT ( 'NONE', #668 ) ;
#3107 = CARTESIAN_POINT ( 'NONE',  ( 1.000000000000000444, -8.406000000000007688, 3.100000000000000089 ) ) ;
#3108 = VERTEX_POINT ( 'NONE', #5456 ) ;
#3109 = CARTESIAN_POINT ( 'NONE',  ( -18.41507688977921475, 4.052325325012205326, 0.000000000000000000 ) ) ;
#3110 = CARTESIAN_POINT ( 'NONE',  ( -19.41825657873453892, -4.235582628076191902, -0.1000000000000000056 ) ) ;
#3111 = CARTESIAN_POINT ( 'NONE',  ( -19.59931258339290139, 3.243706239064532149, 0.000000000000000000 ) ) ;
#3112 = CARTESIAN_POINT ( 'NONE',  ( -20.10882291376803366, -3.549840220062409291, -0.1000000000000000056 ) ) ;
#3113 = ORIENTED_EDGE ( 'NONE', *, *, #5478, .T. ) ;
#3114 = CARTESIAN_POINT ( 'NONE',  ( -18.50145025120451692, -3.851609225124557057, 0.000000000000000000 ) ) ;
#3115 = PRESENTATION_LAYER_ASSIGNMENT (  '', '', ( #5038 ) ) ;
#3116 = CARTESIAN_POINT ( 'NONE',  ( -19.64700727804004998, 1.317362039403019658, -0.000000000000000000 ) ) ;
#3117 = DIRECTION ( 'NONE',  ( -0.000000000000000000, -0.000000000000000000, -1.000000000000000000 ) ) ;
#3118 = AXIS2_PLACEMENT_3D ( 'NONE', #8872, #6038, #3199 ) ;
#3119 = CARTESIAN_POINT ( 'NONE',  ( -19.34040989635432695, -4.124045435889738265, 0.000000000000000000 ) ) ;
#3120 = CIRCLE ( 'NONE', #5483, 0.5000000000000013323 ) ;
#3121 =( LENGTH_UNIT ( ) NAMED_UNIT ( * ) SI_UNIT ( .MILLI., .METRE. ) );
#3122 = PRESENTATION_LAYER_ASSIGNMENT (  '', '', ( #1167 ) ) ;
#3123 = FACE_BOUND ( 'NONE', #8812, .T. ) ;
#3124 = EDGE_CURVE ( 'NONE', #3918, #7853, #5027, .T. ) ;
#3125 = CARTESIAN_POINT ( 'NONE',  ( -19.63412859782621211, 2.569881975662252849, -0.1000000000000000056 ) ) ;
#3126 = UNCERTAINTY_MEASURE_WITH_UNIT (LENGTH_MEASURE( 1.000000000000000082E-05 ), #5189, 'distance_accuracy_value', 'NONE');
#3127 = CARTESIAN_POINT ( 'NONE',  ( -18.82385133042687286, 3.984318174862395256, -0.1000000000000000056 ) ) ;
#3128 = STYLED_ITEM ( 'NONE', ( #2999 ), #7004 ) ;
#3129 = CARTESIAN_POINT ( 'NONE',  ( -20.11016722181046390, -3.478466618855795112, -1.355252715606880543E-17 ) ) ;
#3130 = DIRECTION ( 'NONE',  ( 0.000000000000000000, 0.000000000000000000, -1.000000000000000000 ) ) ;
#3131 = VERTEX_POINT ( 'NONE', #569 ) ;
#3132 = FILL_AREA_STYLE_COLOUR ( '', #3781 ) ;
#3133 = CARTESIAN_POINT ( 'NONE',  ( 5.080000000000005400, -8.406000000000005912, 0.000000000000000000 ) ) ;
#3134 = ORIENTED_EDGE ( 'NONE', *, *, #1865, .F. ) ;
#3135 = CARTESIAN_POINT ( 'NONE',  ( -18.84617127735252140, -1.193339398963113362, -0.1000000000000000056 ) ) ;
#3136 = CARTESIAN_POINT ( 'NONE',  ( -19.77994383601010853, 2.101385360727319629, 1.355252715606880543E-17 ) ) ;
#3137 = VECTOR ( 'NONE', #1973, 1000.000000000000114 ) ;
#3138 = VERTEX_POINT ( 'NONE', #6882 ) ;
#3139 = CARTESIAN_POINT ( 'NONE',  ( -19.10748746512883045, -3.834351037832890885, 0.000000000000000000 ) ) ;
#3140 = AXIS2_PLACEMENT_3D ( 'NONE', #6926, #9051, #8294 ) ;
#3141 = CARTESIAN_POINT ( 'NONE',  ( -20.10960107270063091, -3.418341944651672737, -0.1000000000000000056 ) ) ;
#3142 = CARTESIAN_POINT ( 'NONE',  ( -18.53626942772273622, -2.768165982564291028, -0.1000000000000000056 ) ) ;
#3143 = MECHANICAL_DESIGN_GEOMETRIC_PRESENTATION_REPRESENTATION (  '', ( #4607 ), #5969 ) ;
#3144 = CARTESIAN_POINT ( 'NONE',  ( -19.97222315661803904, -0.3346773025013301539, -0.1000000000000000056 ) ) ;
#3145 = EDGE_CURVE ( 'NONE', #2925, #8884, #1171, .T. ) ;
#3146 = CARTESIAN_POINT ( 'NONE',  ( -19.71457996577061778, -4.217072851169334946, -0.1000000000000000056 ) ) ;
#3147 = FACE_OUTER_BOUND ( 'NONE', #2529, .T. ) ;
#3148 = CARTESIAN_POINT ( 'NONE',  ( -20.08866384834395546, -0.7901252595772652043, -0.1000000000000000056 ) ) ;
#3149 = DIRECTION ( 'NONE',  ( -1.000000000000000000, 0.000000000000000000, 0.000000000000000000 ) ) ;
#3150 = VERTEX_POINT ( 'NONE', #3424 ) ;
#3151 = CIRCLE ( 'NONE', #7605, 1.000000000000000444 ) ;
#3152 = ORIENTED_EDGE ( 'NONE', *, *, #3167, .T. ) ;
#3153 = DIRECTION ( 'NONE',  ( 0.000000000000000000, -1.000000000000000000, 0.000000000000000000 ) ) ;
#3154 = CARTESIAN_POINT ( 'NONE',  ( 5.080000000000005400, -8.406000000000005912, 3.100000000000000089 ) ) ;
#3155 = CARTESIAN_POINT ( 'NONE',  ( -19.85694705147151495, -1.173801898956299050, -0.1000000000000000056 ) ) ;
#3156 = CARTESIAN_POINT ( 'NONE',  ( -19.80769028565874379, 1.826113829982920933, -0.1000000000000000056 ) ) ;
#3157 = VECTOR ( 'NONE', #8767, 1000.000000000000000 ) ;
#3158 = CARTESIAN_POINT ( 'NONE',  ( -19.86778214592342096, -1.939080607096354436, 0.000000000000000000 ) ) ;
#3159 = ORIENTED_EDGE ( 'NONE', *, *, #1429, .T. ) ;
#3160 = EDGE_CURVE ( 'NONE', #4714, #5599, #8031, .T. ) ;
#3161 =( LENGTH_UNIT ( ) NAMED_UNIT ( * ) SI_UNIT ( .MILLI., .METRE. ) );
#3162 =( GEOMETRIC_REPRESENTATION_CONTEXT ( 3 ) GLOBAL_UNCERTAINTY_ASSIGNED_CONTEXT ( ( #2876 ) ) GLOBAL_UNIT_ASSIGNED_CONTEXT ( ( #5806, #1327, #7811 ) ) REPRESENTATION_CONTEXT ( 'NONE', 'WORKASPACE' ) );
#3163 = CARTESIAN_POINT ( 'NONE',  ( -19.44893468619664745, -4.251239838341200894, -0.1000000000000000056 ) ) ;
#3164 = CARTESIAN_POINT ( 'NONE',  ( -18.50145025120451692, -3.851609225124557057, -0.1000000000000000056 ) ) ;
#3165 = CARTESIAN_POINT ( 'NONE',  ( -18.85224343829211335, -3.394565959661205667, -0.000000000000000000 ) ) ;
#3166 = ORIENTED_EDGE ( 'NONE', *, *, #6060, .T. ) ;
#3167 = EDGE_CURVE ( 'NONE', #8758, #6279, #2241, .T. ) ;
#3168 = CARTESIAN_POINT ( 'NONE',  ( -20.11016722181046390, 1.942692305246987994, -0.1000000000000000056 ) ) ;
#3169 =( GEOMETRIC_REPRESENTATION_CONTEXT ( 3 ) GLOBAL_UNCERTAINTY_ASSIGNED_CONTEXT ( ( #5077 ) ) GLOBAL_UNIT_ASSIGNED_CONTEXT ( ( #8270, #1100, #5302 ) ) REPRESENTATION_CONTEXT ( 'NONE', 'WORKASPACE' ) );
#3170 = DIRECTION ( 'NONE',  ( -1.000000000000000000, 0.000000000000000000, 0.000000000000000000 ) ) ;
#3171 = CARTESIAN_POINT ( 'NONE',  ( -20.11016722181046390, -0.8904842440287275007, -0.1000000000000000056 ) ) ;
#3172 = CARTESIAN_POINT ( 'NONE',  ( -19.51784872510636148, -4.262606417338054676, 0.000000000000000000 ) ) ;
#3173 = PLANE ( 'NONE',  #5477 ) ;
#3174 = B_SPLINE_CURVE_WITH_KNOTS ( 'NONE', 3,
 ( #9011, #4622, #2631, #524, #2531, #1843, #6929, #3938, #7663, #4670, #8879 ),
 .UNSPECIFIED., .F., .F.,
 ( 4, 1, 1, 1, 1, 1, 1, 1, 4 ),
 ( 0.000000000000000000, 0.1421212240103507385, 0.2790478055087090015, 0.4097528246128993024, 0.5352845381732613816, 0.6572548948418674986, 0.7745865193284784400, 0.8883820750027382473, 1.000000000000000000 ),
 .UNSPECIFIED. ) ;
#3175 = EDGE_CURVE ( 'NONE', #7853, #8920, #5804, .T. ) ;
#3176 = CARTESIAN_POINT ( 'NONE',  ( -19.48225300196149234, 2.607057530584713234, -0.1000000000000000056 ) ) ;
#3177 = DIRECTION ( 'NONE',  ( 0.000000000000000000, 0.000000000000000000, -1.000000000000000000 ) ) ;
#3178 = CARTESIAN_POINT ( 'NONE',  ( -18.48690955299739258, 1.331914017995197819, 0.000000000000000000 ) ) ;
#3179 = CARTESIAN_POINT ( 'NONE',  ( -4.079999999999998295, -8.406000000000007688, 3.100000000000000089 ) ) ;
#3180 = ORIENTED_EDGE ( 'NONE', *, *, #8575, .T. ) ;
#3181 = CARTESIAN_POINT ( 'NONE',  ( -19.46918335185741356, 3.101679177020281841, -0.1000000000000000056 ) ) ;
#3182 = CARTESIAN_POINT ( 'NONE',  ( -18.44437177477880851, -1.299007434844970943, -0.1000000000000000056 ) ) ;
#3183 = EDGE_LOOP ( 'NONE', ( #7832, #2538 ) ) ;
#3184 =( LENGTH_UNIT ( ) NAMED_UNIT ( * ) SI_UNIT ( .MILLI., .METRE. ) );
#3185 = CARTESIAN_POINT ( 'NONE',  ( -19.47858252002538748, 3.013046311912283226, -0.1000000000000000056 ) ) ;
#3186 = CARTESIAN_POINT ( 'NONE',  ( -19.45479736277855309, 2.250393775802476348, -0.1000000000000000056 ) ) ;
#3187 = VECTOR ( 'NONE', #1577, 1000.000000000000000 ) ;
#3188 = VERTEX_POINT ( 'NONE', #4713 ) ;
#3189 = B_SPLINE_CURVE_WITH_KNOTS ( 'NONE', 3,
 ( #2716, #2955, #7925, #1543, #7345, #6684, #4391, #6641, #5269, #3135, #844, #8760, #244, #3688, #1630 ),
 .UNSPECIFIED., .F., .F.,
 ( 4, 1, 1, 1, 1, 1, 1, 1, 1, 1, 1, 1, 4 ),
 ( 0.000000000000000000, 0.1160562243873936028, 0.2235196287418851346, 0.3208183963417878815, 0.4102422643191342977, 0.4913570538463281623, 0.5663281030484000889, 0.6367097908870306133, 0.7038852883046146092, 0.7707000216772741386, 0.8406387950665049624, 0.9163674554039635822, 1.000000000000000000 ),
 .UNSPECIFIED. ) ;
#3190 = DIRECTION ( 'NONE',  ( -0.000000000000000000, -0.000000000000000000, -1.000000000000000000 ) ) ;
#3191 = CARTESIAN_POINT ( 'NONE',  ( -20.00650135737299351, -3.007561368684630310, 0.000000000000000000 ) ) ;
#3192 = CARTESIAN_POINT ( 'NONE',  ( -18.21306863851122415, -0.9565403115582894467, 0.000000000000000000 ) ) ;
#3193 = CARTESIAN_POINT ( 'NONE',  ( -19.51932378481050989, 3.194825984149532339, 0.000000000000000000 ) ) ;
#3194 = STYLED_ITEM ( 'NONE', ( #5772 ), #4106 ) ;
#3195 = FILL_AREA_STYLE ('',( #2437 ) ) ;
#3196 = CARTESIAN_POINT ( 'NONE',  ( -2.540000000000000036, -8.406000000000007688, 3.100000000000000089 ) ) ;
#3197 = VERTEX_POINT ( 'NONE', #3338 ) ;
#3198 = EDGE_CURVE ( 'NONE', #8134, #3106, #6971, .T. ) ;
#3199 = DIRECTION ( 'NONE',  ( 0.000000000000000000, 0.000000000000000000, -1.000000000000000000 ) ) ;
#3200 = VECTOR ( 'NONE', #5115, 1000.000000000000000 ) ;
#3201 = CARTESIAN_POINT ( 'NONE',  ( -18.35127022245133332, -2.324328409830729303, 0.000000000000000000 ) ) ;
#3202 = CARTESIAN_POINT ( 'NONE',  ( -18.71565127990104571, -3.000753797239673837, 0.000000000000000000 ) ) ;
#3203 = CARTESIAN_POINT ( 'NONE',  ( -18.86509963437059767, -3.341126413205097734, 0.000000000000000000 ) ) ;
#3204 = CARTESIAN_POINT ( 'NONE',  ( -19.75069316590477086, 3.344688240829602588, -0.1000000000000000056 ) ) ;
#3205 = EDGE_LOOP ( 'NONE', ( #8188, #1033, #7325, #3481 ) ) ;
#3206 = CARTESIAN_POINT ( 'NONE',  ( -18.93870015573949317, 1.250395994646189779, 0.000000000000000000 ) ) ;
#3207 = SURFACE_SIDE_STYLE ('',( #8657 ) ) ;
#3208 = CARTESIAN_POINT ( 'NONE',  ( -18.14439319488221258, 4.197543939735908225, 0.000000000000000000 ) ) ;
#3209 = FILL_AREA_STYLE_COLOUR ( '', #5720 ) ;
#3210 = DIRECTION ( 'NONE',  ( 0.000000000000000000, 0.000000000000000000, -1.000000000000000000 ) ) ;
#3211 = EDGE_LOOP ( 'NONE', ( #1026, #166, #8304, #2426 ) ) ;
#3212 = ORIENTED_EDGE ( 'NONE', *, *, #1233, .T. ) ;
#3213 = CARTESIAN_POINT ( 'NONE',  ( 5.000000000000005329, 8.294999999999996376, 3.000000000000000000 ) ) ;
#3214 = CARTESIAN_POINT ( 'NONE',  ( -1.000000000000000444, -8.406000000000007688, 0.000000000000000000 ) ) ;
#3215 = VECTOR ( 'NONE', #3902, 1000.000000000000000 ) ;
#3216 = COLOUR_RGB ( '',1.000000000000000000, 0.9607843137254902244, 0.8901960784313724950 ) ;
#3217 = CARTESIAN_POINT ( 'NONE',  ( -1.539999999999999591, -8.406000000000007688, 3.100000000000000089 ) ) ;
#3218 = LINE ( 'NONE', #6011, #8706 ) ;
#3219 = CARTESIAN_POINT ( 'NONE',  ( -18.39289103885029775, 4.170511211006792784, -0.1000000000000000056 ) ) ;
#3220 = DIRECTION ( 'NONE',  ( -0.000000000000000000, -0.000000000000000000, 1.000000000000000000 ) ) ;
#3221 = CARTESIAN_POINT ( 'NONE',  ( -18.11625726035600437, -3.861474514890980814, -0.1000000000000000056 ) ) ;
#3222 = CARTESIAN_POINT ( 'NONE',  ( -19.22734172585815315, 3.170181789003156503, -0.1000000000000000056 ) ) ;
#3223 = CARTESIAN_POINT ( 'NONE',  ( -18.97900377839497921, 4.165238096487537511, -0.1000000000000000056 ) ) ;
#3224 = CARTESIAN_POINT ( 'NONE',  ( -18.16026195309160229, 1.603782107138323365, 0.000000000000000000 ) ) ;
#3225 = CARTESIAN_POINT ( 'NONE',  ( -18.36393881671773798, 1.946045063967761335, -0.1000000000000000056 ) ) ;
#3226 = ORIENTED_EDGE ( 'NONE', *, *, #3933, .T. ) ;
#3227 = B_SPLINE_SURFACE_WITH_KNOTS ( 'NONE', 3, 1, ( 
 ( #4153, #2565 ),
 ( #9092, #7517 ),
 ( #7604, #5401 ),
 ( #7557, #4011 ),
 ( #8996, #5497 ),
 ( #2615, #5447 ),
 ( #2002, #4060 ),
 ( #9041, #2659 ),
 ( #3969, #4797 ),
 ( #605, #1300 ),
 ( #6961, #559 ),
 ( #2712, #5549 ),
 ( #8386, #7014 ),
 ( #3464, #6304 ),
 ( #7784, #2192 ) ),
 .UNSPECIFIED., .F., .F., .F.,
 ( 4, 1, 1, 1, 1, 1, 1, 1, 1, 1, 1, 1, 4 ),
 ( 2, 2 ),
 ( 0.000000000000000000, 0.1044433434483753309, 0.1932635473200736698, 0.2679194929016834870, 0.3292507359682874113, 0.3917171682627310636, 0.4691452740976796987, 0.5601207821184785995, 0.6668410564283049347, 0.7719464879236614951, 0.8619305877665516258, 0.9367865228454469451, 1.000000000000000000 ),
 ( 0.000000000000000000, 1.000000000000000000 ),
 .UNSPECIFIED. ) ;
#3228 = SURFACE_STYLE_USAGE ( .BOTH. , #7421 ) ;
#3229 = CARTESIAN_POINT ( 'NONE',  ( -19.85333535332087962, 3.595646158854164387, -0.1000000000000000056 ) ) ;
#3230 = VERTEX_POINT ( 'NONE', #8442 ) ;
#3231 =( NAMED_UNIT ( * ) SI_UNIT ( $, .STERADIAN. ) SOLID_ANGLE_UNIT ( ) );
#3232 = CARTESIAN_POINT ( 'NONE',  ( -19.04666647049883466, 0.8831801548605684449, -0.1000000000000000056 ) ) ;
#3233 = DIRECTION ( 'NONE',  ( 0.000000000000000000, 1.000000000000000000, 0.000000000000000000 ) ) ;
#3234 = ORIENTED_EDGE ( 'NONE', *, *, #9013, .F. ) ;
#3235 = LINE ( 'NONE', #7602, #7097 ) ;
#3236 = CARTESIAN_POINT ( 'NONE',  ( -19.84356207371617131, -4.138033514841731986, -0.1000000000000000056 ) ) ;
#3237 = CARTESIAN_POINT ( 'NONE',  ( -19.52526403936544952, -1.374867803535272159, -0.1000000000000000056 ) ) ;
#3238 = ORIENTED_EDGE ( 'NONE', *, *, #1481, .F. ) ;
#3239 = ADVANCED_FACE ( 'NONE', ( #2670 ), #2700, .T. ) ;
#3240 = CARTESIAN_POINT ( 'NONE',  ( -19.00282184261597607, 1.605950237879600895, -0.1000000000000000056 ) ) ;
#3241 = DIRECTION ( 'NONE',  ( -0.000000000000000000, -0.000000000000000000, 1.000000000000000000 ) ) ;
#3242 = ORIENTED_EDGE ( 'NONE', *, *, #7879, .F. ) ;
#3243 = DIRECTION ( 'NONE',  ( -0.000000000000000000, -0.000000000000000000, 1.000000000000000000 ) ) ;
#3244 = CARTESIAN_POINT ( 'NONE',  ( -19.81140289357765027, -0.7401537671204410085, 0.000000000000000000 ) ) ;
#3245 = CARTESIAN_POINT ( 'NONE',  ( -18.88595977371062773, -3.263074468482884960, 0.000000000000000000 ) ) ;
#3246 = CARTESIAN_POINT ( 'NONE',  ( -19.85131390101182092, 3.540358549259218446, 0.000000000000000000 ) ) ;
#3247 = ORIENTED_EDGE ( 'NONE', *, *, #6161, .T. ) ;
#3248 = CARTESIAN_POINT ( 'NONE',  ( -18.31156212009818063, -0.3458104432236250858, -0.1000000000000000056 ) ) ;
#3249 = CARTESIAN_POINT ( 'NONE',  ( -18.89239005528139259, 4.082624177687526945, 0.000000000000000000 ) ) ;
#3250 = FACE_OUTER_BOUND ( 'NONE', #2508, .T. ) ;
#3251 = CARTESIAN_POINT ( 'NONE',  ( -18.34711266336975299, -3.391039716800825499, -0.1000000000000000056 ) ) ;
#3252 = VERTEX_POINT ( 'NONE', #2917 ) ;
#3253 = ORIENTED_EDGE ( 'NONE', *, *, #1153, .T. ) ;
#3254 =( NAMED_UNIT ( * ) PLANE_ANGLE_UNIT ( ) SI_UNIT ( $, .RADIAN. ) );
#3255 = FACE_OUTER_BOUND ( 'NONE', #6050, .T. ) ;
#3256 = ORIENTED_EDGE ( 'NONE', *, *, #3091, .T. ) ;
#3257 = CARTESIAN_POINT ( 'NONE',  ( -20.07412777763782685, -1.012575277529922602, -0.1000000000000000056 ) ) ;
#3258 = CARTESIAN_POINT ( 'NONE',  ( -18.41344951408191477, 4.096095313367245083, -0.1000000000000000056 ) ) ;
#3259 = CARTESIAN_POINT ( 'NONE',  ( -18.10705947609687527, -1.421001320074296137, -0.1000000000000000056 ) ) ;
#3260 = PRESENTATION_STYLE_ASSIGNMENT (( #1761 ) ) ;
#3261 = FACE_OUTER_BOUND ( 'NONE', #6133, .T. ) ;
#3262 = VERTEX_POINT ( 'NONE', #2962 ) ;
#3263 = CARTESIAN_POINT ( 'NONE',  ( -18.36789316504813030, 1.996476020748247038, -0.1000000000000000056 ) ) ;
#3264 = ORIENTED_EDGE ( 'NONE', *, *, #5396, .T. ) ;
#3265 = CIRCLE ( 'NONE', #8463, 1.000000000000000444 ) ;
#3266 = CARTESIAN_POINT ( 'NONE',  ( -18.62081920701407967, -4.224686994400237872, -0.1000000000000000056 ) ) ;
#3267 = EDGE_CURVE ( 'NONE', #2228, #6508, #5591, .T. ) ;
#3268 = CARTESIAN_POINT ( 'NONE',  ( -19.86697954633439522, -0.3467230224609372802, -0.1000000000000000056 ) ) ;
#3269 = ORIENTED_EDGE ( 'NONE', *, *, #5905, .T. ) ;
#3270 = DIRECTION ( 'NONE',  ( -0.000000000000000000, 0.000000000000000000, -1.000000000000000000 ) ) ;
#3271 = CARTESIAN_POINT ( 'NONE',  ( -19.47858252002538748, 3.013046311912283226, 0.000000000000000000 ) ) ;
#3272 = VERTEX_POINT ( 'NONE', #4360 ) ;
#3273 = MECHANICAL_DESIGN_GEOMETRIC_PRESENTATION_REPRESENTATION (  '', ( #582 ), #1776 ) ;
#3274 = ADVANCED_FACE ( 'NONE', ( #3013, #2864 ), #3562, .T. ) ;
#3275 = PRESENTATION_STYLE_ASSIGNMENT (( #7695 ) ) ;
#3276 = DIRECTION ( 'NONE',  ( -1.000000000000000000, 0.000000000000000000, 0.000000000000000000 ) ) ;
#3277 = CYLINDRICAL_SURFACE ( 'NONE', #7002, 1.000000000000000444 ) ;
#3278 = PRESENTATION_LAYER_ASSIGNMENT (  '', '', ( #5212 ) ) ;
#3279 = B_SPLINE_CURVE_WITH_KNOTS ( 'NONE', 3,
 ( #3311, #8980, #8268, #4185, #1287, #7722, #6290, #7680, #4281, #6433, #7045, #4970, #7140, #7814, #1331, #1242, #3398, #4875, #3585, #589, #4139, #734, #7634 ),
 .UNSPECIFIED., .F., .F.,
 ( 4, 1, 1, 1, 1, 1, 1, 1, 1, 1, 1, 1, 1, 1, 1, 1, 1, 1, 1, 1, 4 ),
 ( 0.000000000000000000, 0.06738236761726831836, 0.1316231465968440151, 0.1927331764410487869, 0.2511816882161231890, 0.3061260101418870061, 0.3584625931751451722, 0.4073881668424609304, 0.4537821082674490247, 0.5385647031207839719, 0.6151022662880895053, 0.6842919982863976402, 0.7472416725558771455, 0.7773066825295988913, 0.8072524202451695219, 0.8368789015652139396, 0.8670457695720228397, 0.8985067967867191863, 0.9305379273796815509, 0.9642488327105729340, 1.000000000000000000 ),
 .UNSPECIFIED. ) ;
#3280 = CARTESIAN_POINT ( 'NONE',  ( -18.43260922916593003, 1.746561269311636577, -0.1000000000000000056 ) ) ;
#3281 = CARTESIAN_POINT ( 'NONE',  ( -18.18151495160590869, -3.992245276628796358, 0.000000000000000000 ) ) ;
#3282 = ORIENTED_EDGE ( 'NONE', *, *, #236, .F. ) ;
#3283 = SURFACE_STYLE_FILL_AREA ( #5453 ) ;
#3284 = PRESENTATION_LAYER_ASSIGNMENT (  '', '', ( #158 ) ) ;
#3285 = CARTESIAN_POINT ( 'NONE',  ( -19.06913051141696513, 0.8832129295430076743, -0.000000000000000000 ) ) ;
#3286 = DIRECTION ( 'NONE',  ( -0.000000000000000000, -0.000000000000000000, 1.000000000000000000 ) ) ;
#3287 = CARTESIAN_POINT ( 'NONE',  ( -19.85333535332087962, 3.595646158854164387, -0.1000000000000000056 ) ) ;
#3288 = ORIENTED_EDGE ( 'NONE', *, *, #1832, .F. ) ;
#3289 = CARTESIAN_POINT ( 'NONE',  ( -19.51784872510636148, -4.262606417338054676, -0.1000000000000000056 ) ) ;
#3290 = ADVANCED_FACE ( 'NONE', ( #6461 ), #5362, .T. ) ;
#3291 = CARTESIAN_POINT ( 'NONE',  ( -18.43260922916593003, 1.746561269311636577, 0.000000000000000000 ) ) ;
#3292 = PRESENTATION_LAYER_ASSIGNMENT (  '', '', ( #1493 ) ) ;
#3293 = CARTESIAN_POINT ( 'NONE',  ( -18.85549059163642127, 4.035561129298430139, 0.000000000000000000 ) ) ;
#3294 = CARTESIAN_POINT ( 'NONE',  ( 5.000000000000004441, 8.294999999999998153, 6.000000000000000000 ) ) ;
#3295 = CARTESIAN_POINT ( 'NONE',  ( -19.08151448074983847, -2.841201333268087215, -0.1000000000000000056 ) ) ;
#3296 = MECHANICAL_DESIGN_GEOMETRIC_PRESENTATION_REPRESENTATION (  '', ( #601 ), #7746 ) ;
#3297 = CARTESIAN_POINT ( 'NONE',  ( -19.07160335360570969, 2.966006781260170477, 0.000000000000000000 ) ) ;
#3298 = ORIENTED_EDGE ( 'NONE', *, *, #7700, .T. ) ;
#3299 = EDGE_LOOP ( 'NONE', ( #4997, #631, #7370, #3844 ) ) ;
#3300 = DIRECTION ( 'NONE',  ( -1.000000000000000000, 0.000000000000000000, 0.000000000000000000 ) ) ;
#3301 = AXIS2_PLACEMENT_3D ( 'NONE', #3305, #269, #4545 ) ;
#3302 = EDGE_CURVE ( 'NONE', #81, #1800, #8, .T. ) ;
#3303 = LINE ( 'NONE', #3437, #4836 ) ;
#3304 = CARTESIAN_POINT ( 'NONE',  ( 0.000000000000000000, 0.000000000000000000, 0.000000000000000000 ) ) ;
#3305 = CARTESIAN_POINT ( 'NONE',  ( 20.49999999999999645, 8.444999999999998508, 0.000000000000000000 ) ) ;
#3306 = AXIS2_PLACEMENT_3D ( 'NONE', #3813, #270, #5959 ) ;
#3307 = CARTESIAN_POINT ( 'NONE',  ( -19.23051807223363951, 3.135355294545489446, -0.1000000000000000056 ) ) ;
#3308 = CARTESIAN_POINT ( 'NONE',  ( -20.08665296628051777, 3.793324916837998551, -0.1000000000000000056 ) ) ;
#3309 = COLOUR_RGB ( '',1.000000000000000000, 0.9607843137254902244, 0.8901960784313724950 ) ;
#3310 = CARTESIAN_POINT ( 'NONE',  ( 2.040000000000004032, -8.406000000000007688, 3.100000000000000089 ) ) ;
#3311 = CARTESIAN_POINT ( 'NONE',  ( -19.07962934949600964, 2.272962036132811559, 0.000000000000000000 ) ) ;
#3312 = CARTESIAN_POINT ( 'NONE',  ( -19.48225300196149234, 2.607057530584713234, 1.355252715606880543E-17 ) ) ;
#3313 = CARTESIAN_POINT ( 'NONE',  ( -20.05158648185462056, -1.990674356323386629, 0.000000000000000000 ) ) ;
#3314 = VERTEX_POINT ( 'NONE', #700 ) ;
#3315 = CARTESIAN_POINT ( 'NONE',  ( -19.53792809186356294, 2.944245063581951261, 0.000000000000000000 ) ) ;
#3316 = CARTESIAN_POINT ( 'NONE',  ( -18.76315711130473574, 2.256178964079694538, 0.000000000000000000 ) ) ;
#3317 = ORIENTED_EDGE ( 'NONE', *, *, #1919, .T. ) ;
#3318 = CARTESIAN_POINT ( 'NONE',  ( -19.47526864892123299, 3.127847083856355681, 0.000000000000000000 ) ) ;
#3319 = CARTESIAN_POINT ( 'NONE',  ( -19.91551890276748082, 2.404993800077257493, 1.355252715606880543E-17 ) ) ;
#3320 = ORIENTED_EDGE ( 'NONE', *, *, #7048, .T. ) ;
#3321 = CARTESIAN_POINT ( 'NONE',  ( -19.71095689674960028, 2.935049362506112924, -0.1000000000000000056 ) ) ;
#3322 = CARTESIAN_POINT ( 'NONE',  ( -12.50000000000000000, 0.000000000000000000, 15.50000000000000000 ) ) ;
#3323 = DIRECTION ( 'NONE',  ( 1.000000000000000000, 0.000000000000000000, 0.000000000000000000 ) ) ;
#3324 = ADVANCED_FACE ( 'NONE', ( #6207 ), #5595, .T. ) ;
#3325 = ORIENTED_EDGE ( 'NONE', *, *, #2282, .F. ) ;
#3326 = FILL_AREA_STYLE ('',( #6778 ) ) ;
#3327 = FACE_OUTER_BOUND ( 'NONE', #888, .T. ) ;
#3328 = PRESENTATION_STYLE_ASSIGNMENT (( #2757 ) ) ;
#3329 = VERTEX_POINT ( 'NONE', #2045 ) ;
#3330 = SURFACE_STYLE_FILL_AREA ( #8241 ) ;
#3331 = CARTESIAN_POINT ( 'NONE',  ( -18.97850180127823805, 2.980854873657224680, -0.1000000000000000056 ) ) ;
#3332 =( GEOMETRIC_REPRESENTATION_CONTEXT ( 3 ) GLOBAL_UNCERTAINTY_ASSIGNED_CONTEXT ( ( #5469 ) ) GLOBAL_UNIT_ASSIGNED_CONTEXT ( ( #6120, #2566, #7696 ) ) REPRESENTATION_CONTEXT ( 'NONE', 'WORKASPACE' ) );
#3333 = VERTEX_POINT ( 'NONE', #7733 ) ;
#3334 = CARTESIAN_POINT ( 'NONE',  ( -19.26323565878473687, 4.291389899349629999, 0.000000000000000000 ) ) ;
#3335 = CARTESIAN_POINT ( 'NONE',  ( -3.540000000000000480, -8.406000000000007688, -0.09999999999999982514 ) ) ;
#3336 = CARTESIAN_POINT ( 'NONE',  ( -19.51433311034130469, -2.684877312420661077, 0.000000000000000000 ) ) ;
#3337 = PRESENTATION_LAYER_ASSIGNMENT (  '', '', ( #7935 ) ) ;
#3338 = CARTESIAN_POINT ( 'NONE',  ( 3.540000000000004921, -8.406000000000007688, 3.100000000000000089 ) ) ;
#3339 = ORIENTED_EDGE ( 'NONE', *, *, #3145, .F. ) ;
#3340 = CARTESIAN_POINT ( 'NONE',  ( -18.31156212009818063, -0.3458104432236250858, 0.000000000000000000 ) ) ;
#3341 = CARTESIAN_POINT ( 'NONE',  ( -18.05696646916399928, -3.390120074878027356, 0.000000000000000000 ) ) ;
#3342 = ADVANCED_FACE ( 'NONE', ( #4940 ), #377, .T. ) ;
#3343 = CARTESIAN_POINT ( 'NONE',  ( -19.63412859782621211, 2.569881975662252849, 0.000000000000000000 ) ) ;
#3344 = CARTESIAN_POINT ( 'NONE',  ( -18.36395225005395559, -3.327916675301923810, -0.1000000000000000056 ) ) ;
#3345 = ADVANCED_FACE ( 'NONE', ( #3910 ), #5436, .T. ) ;
#3346 = ORIENTED_EDGE ( 'NONE', *, *, #6292, .F. ) ;
#3347 = PRESENTATION_LAYER_ASSIGNMENT (  '', '', ( #6627 ) ) ;
#3348 = ORIENTED_EDGE ( 'NONE', *, *, #1798, .F. ) ;
#3349 = FILL_AREA_STYLE_COLOUR ( '', #2662 ) ;
#3350 = CARTESIAN_POINT ( 'NONE',  ( -19.23693886894587735, -1.939080607096354436, -0.1000000000000000056 ) ) ;
#3351 = CARTESIAN_POINT ( 'NONE',  ( -19.76337537573471792, 2.955233192249349994, -0.1000000000000000056 ) ) ;
#3352 = MECHANICAL_DESIGN_GEOMETRIC_PRESENTATION_REPRESENTATION (  '', ( #1701 ), #501 ) ;
#3353 = CARTESIAN_POINT ( 'NONE',  ( -18.43680914891254830, -1.319698305115262871, 0.000000000000000000 ) ) ;
#3354 = CARTESIAN_POINT ( 'NONE',  ( -20.07346997164091107, 3.840048222506829312, 0.000000000000000000 ) ) ;
#3355 = CARTESIAN_POINT ( 'NONE',  ( -18.24928079961690131, 1.020022521230489865, -0.1000000000000000056 ) ) ;
#3356 = EDGE_CURVE ( 'NONE', #7549, #6469, #6417, .T. ) ;
#3357 = LINE ( 'NONE', #5258, #4003 ) ;
#3358 = DIRECTION ( 'NONE',  ( 0.000000000000000000, 0.000000000000000000, 1.000000000000000000 ) ) ;
#3359 = CARTESIAN_POINT ( 'NONE',  ( -18.41509312871885484, -1.556773176432503458, -0.1000000000000000056 ) ) ;
#3360 = VECTOR ( 'NONE', #9103, 1000.000000000000000 ) ;
#3361 = CARTESIAN_POINT ( 'NONE',  ( -20.09618943189540374, -0.2314568442387917035, 0.000000000000000000 ) ) ;
#3362 = CARTESIAN_POINT ( 'NONE',  ( -19.54212509012566912, 3.213335038335891181, -0.1000000000000000056 ) ) ;
#3363 = CARTESIAN_POINT ( 'NONE',  ( -19.84089593073133884, 3.693386760987159345, -0.1000000000000000056 ) ) ;
#3364 = ORIENTED_EDGE ( 'NONE', *, *, #8264, .F. ) ;
#3365 = CARTESIAN_POINT ( 'NONE',  ( -18.90305743990942133, 0.7010707410176596488, -0.1000000000000000056 ) ) ;
#3366 = CIRCLE ( 'NONE', #824, 1.000000000000000444 ) ;
#3367 = FILL_AREA_STYLE ('',( #1252 ) ) ;
#3368 = CARTESIAN_POINT ( 'NONE',  ( -19.18567664197073697, -1.219624181369367788, 1.355252715606880543E-17 ) ) ;
#3369 = ORIENTED_EDGE ( 'NONE', *, *, #4401, .F. ) ;
#3370 = DIRECTION ( 'NONE',  ( -0.000000000000000000, 1.000000000000000000, -0.000000000000000000 ) ) ;
#3371 = ORIENTED_EDGE ( 'NONE', *, *, #2748, .F. ) ;
#3372 = EDGE_CURVE ( 'NONE', #1699, #669, #4379, .T. ) ;
#3373 = CARTESIAN_POINT ( 'NONE',  ( -18.53825955881098153, -3.148458859614379879, -0.1000000000000000056 ) ) ;
#3374 = EDGE_CURVE ( 'NONE', #6270, #321, #6341, .T. ) ;
#3375 = CARTESIAN_POINT ( 'NONE',  ( -18.07036519568200106, -3.689863343027646181, 0.000000000000000000 ) ) ;
#3376 = B_SPLINE_SURFACE_WITH_KNOTS ( 'NONE', 3, 1, ( 
 ( #3171, #1714 ),
 ( #4546, #1008 ),
 ( #7413, #3854 ),
 ( #8128, #6010 ),
 ( #8844, #8977 ),
 ( #3257, #5473 ),
 ( #1938, #1092 ),
 ( #6100, #8309 ),
 ( #3991, #6989 ),
 ( #398, #8930 ),
 ( #8364, #2546 ),
 ( #6943, #1984 ),
 ( #4088, #585 ) ),
 .UNSPECIFIED., .F., .F., .F.,
 ( 4, 1, 1, 1, 1, 1, 1, 1, 1, 1, 4 ),
 ( 2, 2 ),
 ( 0.000000000000000000, 0.08120540642824845834, 0.1567580390069694130, 0.2289145877951964669, 0.2992867892265790308, 0.4379130512111260587, 0.5807652158447327295, 0.6615255222960111370, 0.7578411574528912675, 0.8711203984590842886, 1.000000000000000000 ),
 ( 0.000000000000000000, 1.000000000000000000 ),
 .UNSPECIFIED. ) ;
#3377 = ORIENTED_EDGE ( 'NONE', *, *, #6049, .T. ) ;
#3378 = CARTESIAN_POINT ( 'NONE',  ( -20.07620572860295738, -2.246644970359644500, 0.000000000000000000 ) ) ;
#3379 = CARTESIAN_POINT ( 'NONE',  ( -18.98313116343242868, -2.992870482629910622, -0.1000000000000000056 ) ) ;
#3380 = CARTESIAN_POINT ( 'NONE',  ( -18.11575693815316512, 0.9135499176688107736, -0.1000000000000000056 ) ) ;
#3381 = ORIENTED_EDGE ( 'NONE', *, *, #919, .F. ) ;
#3382 = FILL_AREA_STYLE ('',( #670 ) ) ;
#3383 = CARTESIAN_POINT ( 'NONE',  ( -18.37397834895619297, 1.850302369701432248, -0.1000000000000000056 ) ) ;
#3384 = CARTESIAN_POINT ( 'NONE',  ( -19.32857064964120752, 4.300458238503271247, 0.000000000000000000 ) ) ;
#3385 = PRESENTATION_STYLE_ASSIGNMENT (( #4030 ) ) ;
#3386 = CARTESIAN_POINT ( 'NONE',  ( -19.12164168572621037, -2.800461622954413254, -0.1000000000000000056 ) ) ;
#3387 = PRESENTATION_STYLE_ASSIGNMENT (( #9059 ) ) ;
#3388 = VERTEX_POINT ( 'NONE', #8468 ) ;
#3389 = ORIENTED_EDGE ( 'NONE', *, *, #6319, .T. ) ;
#3390 = CARTESIAN_POINT ( 'NONE',  ( -18.72166993278865377, -2.941928793589275060, -0.1000000000000000056 ) ) ;
#3391 = DIRECTION ( 'NONE',  ( -1.000000000000000000, 0.000000000000000000, 0.000000000000000000 ) ) ;
#3392 = CARTESIAN_POINT ( 'NONE',  ( -19.61496327537899020, 2.919857304890948857, -0.1000000000000000056 ) ) ;
#3393 = EDGE_CURVE ( 'NONE', #5380, #7123, #5259, .T. ) ;
#3394 = PRESENTATION_STYLE_ASSIGNMENT (( #2075 ) ) ;
#3395 = DIRECTION ( 'NONE',  ( -0.000000000000000000, -0.000000000000000000, 1.000000000000000000 ) ) ;
#3396 = CARTESIAN_POINT ( 'NONE',  ( -19.98994887594774639, 4.008625046620607257, -0.1000000000000000056 ) ) ;
#3397 = CARTESIAN_POINT ( 'NONE',  ( -19.54841704867489582, 1.288361527331263634, -0.1000000000000000056 ) ) ;
#3398 = CARTESIAN_POINT ( 'NONE',  ( -18.39397867075660642, 2.075662431514452066, 0.000000000000000000 ) ) ;
#3399 = CARTESIAN_POINT ( 'NONE',  ( -5.500000000000000888, 0.000000000000000000, 15.50000000000000000 ) ) ;
#3400 = CARTESIAN_POINT ( 'NONE',  ( 12.50000000000000000, 0.000000000000000000, 16.00000000000000000 ) ) ;
#3401 = CARTESIAN_POINT ( 'NONE',  ( -18.15079074394696690, 2.238690582538178653, 0.000000000000000000 ) ) ;
#3402 = ADVANCED_FACE ( 'NONE', ( #7196 ), #2791, .T. ) ;
#3403 = EDGE_LOOP ( 'NONE', ( #3908, #507, #1841, #722 ) ) ;
#3404 = PLANE ( 'NONE',  #2236 ) ;
#3405 = CARTESIAN_POINT ( 'NONE',  ( -18.26017516909643490, 1.020505377451578877, -0.1000000000000000056 ) ) ;
#3406 = CARTESIAN_POINT ( 'NONE',  ( -20.00650135737299351, -3.007561368684630310, -0.1000000000000000056 ) ) ;
#3407 = CARTESIAN_POINT ( 'NONE',  ( -5.080000000000000071, -8.406000000000007688, -0.09999999999999982514 ) ) ;
#3408 = CARTESIAN_POINT ( 'NONE',  ( -19.18262432963927822, 3.016799516188040542, 0.000000000000000000 ) ) ;
#3409 = CIRCLE ( 'NONE', #5937, 1.000000000000000444 ) ;
#3410 = B_SPLINE_CURVE_WITH_KNOTS ( 'NONE', 3,
 ( #1341, #2707, #7691, #2795, #2752, #4103, #1998, #7150, #8425, #5633, #555, #4148, #1296, #3594, #744, #1251, #3546, #7104, #650, #7008, #6392, #8475, #8572 ),
 .UNSPECIFIED., .F., .F.,
 ( 4, 1, 1, 1, 1, 1, 1, 1, 1, 1, 1, 1, 1, 1, 1, 1, 1, 1, 1, 1, 4 ),
 ( 0.000000000000000000, 0.03468459236940104468, 0.06744565414733065534, 0.09862322502525248946, 0.1292872295390971316, 0.1593073403390191933, 0.1885149799993238451, 0.2184001393877244013, 0.2488088555944510394, 0.3123564811809400044, 0.3816173654511922364, 0.4577909214636339263, 0.5419743642606698053, 0.5877748398729888413, 0.6364816906141695929, 0.6890010815968156122, 0.7444912264551040160, 0.8033856234448670808, 0.8652853294054383415, 0.9311181111013392409, 1.000000000000000000 ),
 .UNSPECIFIED. ) ;
#3411 = CYLINDRICAL_SURFACE ( 'NONE', #3599, 1.000000000000000444 ) ;
#3412 = CARTESIAN_POINT ( 'NONE',  ( 3.000000000000004441, 8.294999999999996376, 6.000000000000000000 ) ) ;
#3413 = SURFACE_STYLE_FILL_AREA ( #5694 ) ;
#3414 = EDGE_LOOP ( 'NONE', ( #1107, #4951, #7972, #778 ) ) ;
#3415 = VECTOR ( 'NONE', #4176, 1000.000000000000000 ) ;
#3416 = CARTESIAN_POINT ( 'NONE',  ( -18.36419223127069245, 1.920571456968866775, -0.1000000000000000056 ) ) ;
#3417 = CARTESIAN_POINT ( 'NONE',  ( -19.85694705147151495, -1.173801898956299050, -0.1000000000000000056 ) ) ;
#3418 =( GEOMETRIC_REPRESENTATION_CONTEXT ( 3 ) GLOBAL_UNCERTAINTY_ASSIGNED_CONTEXT ( ( #8049 ) ) GLOBAL_UNIT_ASSIGNED_CONTEXT ( ( #8981, #2035, #8418 ) ) REPRESENTATION_CONTEXT ( 'NONE', 'WORKASPACE' ) );
#3419 = MECHANICAL_DESIGN_GEOMETRIC_PRESENTATION_REPRESENTATION (  '', ( #8312 ), #8162 ) ;
#3420 =( NAMED_UNIT ( * ) PLANE_ANGLE_UNIT ( ) SI_UNIT ( $, .RADIAN. ) );
#3421 = EDGE_CURVE ( 'NONE', #1463, #5642, #4144, .T. ) ;
#3422 = CARTESIAN_POINT ( 'NONE',  ( -18.95504362274490262, -3.053188778485784738, -0.1000000000000000056 ) ) ;
#3423 = CARTESIAN_POINT ( 'NONE',  ( -18.10687864759171362, -2.082745933532715199, 0.000000000000000000 ) ) ;
#3424 = CARTESIAN_POINT ( 'NONE',  ( -18.35127022245133332, -0.3467230224609372247, -0.1000000000000000056 ) ) ;
#3425 = VERTEX_POINT ( 'NONE', #7000 ) ;
#3426 = VECTOR ( 'NONE', #468, 1000.000000000000000 ) ;
#3427 = CARTESIAN_POINT ( 'NONE',  ( -2.999999999999995559, 6.594999999999998863, 6.000000000000000000 ) ) ;
#3428 = CARTESIAN_POINT ( 'NONE',  ( -18.15154395465491532, -3.038011171447197345, 0.000000000000000000 ) ) ;
#3429 = CARTESIAN_POINT ( 'NONE',  ( -19.46237941354222301, -3.925486112662318394, 0.000000000000000000 ) ) ;
#3430 = CARTESIAN_POINT ( 'NONE',  ( -19.16707034674308474, -2.766064391041721304, -0.1000000000000000056 ) ) ;
#3431 = CARTESIAN_POINT ( 'NONE',  ( -18.84054226173129720, -3.443308216304977964, 0.000000000000000000 ) ) ;
#3432 = ORIENTED_EDGE ( 'NONE', *, *, #8302, .F. ) ;
#3433 = AXIS2_PLACEMENT_3D ( 'NONE', #870, #6573, #4500 ) ;
#3434 = STYLED_ITEM ( 'NONE', ( #9175 ), #7121 ) ;
#3435 = ORIENTED_EDGE ( 'NONE', *, *, #541, .F. ) ;
#3436 =( LENGTH_UNIT ( ) NAMED_UNIT ( * ) SI_UNIT ( .MILLI., .METRE. ) );
#3437 = CARTESIAN_POINT ( 'NONE',  ( -19.19038809278214330, -3.555917479197185038, -0.1000000000000000056 ) ) ;
#3438 = UNCERTAINTY_MEASURE_WITH_UNIT (LENGTH_MEASURE( 1.000000000000000082E-05 ), #5072, 'distance_accuracy_value', 'NONE');
#3439 = EDGE_CURVE ( 'NONE', #1210, #2409, #923, .T. ) ;
#3440 = CARTESIAN_POINT ( 'NONE',  ( -20.01536704923873700, 3.184968357463018762, -0.1000000000000000056 ) ) ;
#3441 = VECTOR ( 'NONE', #6790, 1000.000000000000000 ) ;
#3442 =( NAMED_UNIT ( * ) SI_UNIT ( $, .STERADIAN. ) SOLID_ANGLE_UNIT ( ) );
#3443 = CARTESIAN_POINT ( 'NONE',  ( -18.44198890918778844, -1.305526805720551797, 0.000000000000000000 ) ) ;
#3444 = COLOUR_RGB ( '',0.8666666666666666963, 0.9098039215686274384, 1.000000000000000000 ) ;
#3445 = CARTESIAN_POINT ( 'NONE',  ( -18.15079074394696690, 2.238690582538178653, 0.000000000000000000 ) ) ;
#3446 = CARTESIAN_POINT ( 'NONE',  ( -18.16052791086793405, -1.058662721322354505, -0.1000000000000000056 ) ) ;
#3447 = CARTESIAN_POINT ( 'NONE',  ( -18.84567156929378129, -3.421883347829183464, -0.1000000000000000056 ) ) ;
#3448 = FILL_AREA_STYLE_COLOUR ( '', #8624 ) ;
#3449 = COLOUR_RGB ( '',1.000000000000000000, 0.9607843137254902244, 0.8901960784313724950 ) ;
#3450 =( NAMED_UNIT ( * ) SI_UNIT ( $, .STERADIAN. ) SOLID_ANGLE_UNIT ( ) );
#3451 = FACE_OUTER_BOUND ( 'NONE', #7386, .T. ) ;
#3452 = CARTESIAN_POINT ( 'NONE',  ( -19.30509461402094828, -1.554695239767356130, -0.1000000000000000056 ) ) ;
#3453 =( GEOMETRIC_REPRESENTATION_CONTEXT ( 3 ) GLOBAL_UNCERTAINTY_ASSIGNED_CONTEXT ( ( #6589 ) ) GLOBAL_UNIT_ASSIGNED_CONTEXT ( ( #6914, #5356, #7650 ) ) REPRESENTATION_CONTEXT ( 'NONE', 'WORKASPACE' ) );
#3454 = CARTESIAN_POINT ( 'NONE',  ( -18.12538781197357096, 2.183190919144450515, 0.000000000000000000 ) ) ;
#3455 = CARTESIAN_POINT ( 'NONE',  ( -19.05795916059220119, 0.8836621475219728072, -0.1000000000000000056 ) ) ;
#3456 = ORIENTED_EDGE ( 'NONE', *, *, #3945, .F. ) ;
#3457 = CARTESIAN_POINT ( 'NONE',  ( -19.92805127605796045, 3.068075475416135678, -0.1000000000000000056 ) ) ;
#3458 = CARTESIAN_POINT ( 'NONE',  ( -18.48269933143347998, -1.233431704723095823, -0.1000000000000000056 ) ) ;
#3459 = CARTESIAN_POINT ( 'NONE',  ( -20.01553369977542474, 0.01059386597567587955, 0.000000000000000000 ) ) ;
#3460 = CARTESIAN_POINT ( 'NONE',  ( -19.19038809278214330, -1.240417664845784973, 1.355252715606880543E-17 ) ) ;
#3461 = CARTESIAN_POINT ( 'NONE',  ( -19.13097694171718643, 2.977985204855204682, -0.1000000000000000056 ) ) ;
#3462 = ADVANCED_FACE ( 'NONE', ( #4879 ), #4931, .T. ) ;
#3463 = CARTESIAN_POINT ( 'NONE',  ( -18.67409608659131592, -3.063794140091490981, -0.1000000000000000056 ) ) ;
#3464 = CARTESIAN_POINT ( 'NONE',  ( -19.22952053141110795, 3.146292656476582739, -0.1000000000000000056 ) ) ;
#3465 = CARTESIAN_POINT ( 'NONE',  ( -18.18693728839977553, -0.9997477817269295741, 0.000000000000000000 ) ) ;
#3466 = LINE ( 'NONE', #8434, #5052 ) ;
#3467 = ORIENTED_EDGE ( 'NONE', *, *, #6160, .T. ) ;
#3468 = CARTESIAN_POINT ( 'NONE',  ( -19.85182265400231572, 3.645666970460157863, 0.000000000000000000 ) ) ;
#3469 = CARTESIAN_POINT ( 'NONE',  ( -19.23693886894587735, -1.800230878194173600, 0.000000000000000000 ) ) ;
#3470 = EDGE_CURVE ( 'NONE', #5723, #8986, #4669, .T. ) ;
#3471 = CARTESIAN_POINT ( 'NONE',  ( -18.83103903897599452, -3.483002716030036972, -0.1000000000000000056 ) ) ;
#3472 = CARTESIAN_POINT ( 'NONE',  ( -19.92984277577064844, -2.892296508049057024, 0.000000000000000000 ) ) ;
#3473 = CARTESIAN_POINT ( 'NONE',  ( -18.69804681897088017, -1.143447392940908136, -0.1000000000000000056 ) ) ;
#3474 = CARTESIAN_POINT ( 'NONE',  ( -18.66974818125608593, 2.593668212188491751, -0.1000000000000000056 ) ) ;
#3475 = ORIENTED_EDGE ( 'NONE', *, *, #4834, .T. ) ;
#3476 = CARTESIAN_POINT ( 'NONE',  ( -18.24085958759604509, -0.3340333975192067983, -0.1000000000000000056 ) ) ;
#3477 = CARTESIAN_POINT ( 'NONE',  ( -18.70399454404775952, 1.632458565758723834, -0.1000000000000000056 ) ) ;
#3478 = CARTESIAN_POINT ( 'NONE',  ( -20.50000000000000000, 0.000000000000000000, 16.00000000000000000 ) ) ;
#3479 = CARTESIAN_POINT ( 'NONE',  ( -19.58454092841849103, 4.282526958077891521, -0.1000000000000000056 ) ) ;
#3480 = ORIENTED_EDGE ( 'NONE', *, *, #8522, .T. ) ;
#3481 = ORIENTED_EDGE ( 'NONE', *, *, #9000, .T. ) ;
#3482 = CARTESIAN_POINT ( 'NONE',  ( -20.11016722181046745, -0.1532965215047198959, 0.000000000000000000 ) ) ;
#3483 = VECTOR ( 'NONE', #5608, 1000.000000000000000 ) ;
#3484 = CARTESIAN_POINT ( 'NONE',  ( -18.35160598497116879, 1.401428877245353144, -0.1000000000000000056 ) ) ;
#3485 = CARTESIAN_POINT ( 'NONE',  ( -18.56704248500575005, -4.224457790868559215, -0.1000000000000000056 ) ) ;
#3486 = CARTESIAN_POINT ( 'NONE',  ( -19.81879166633020972, 2.982463431985966196, -0.1000000000000000056 ) ) ;
#3487 = B_SPLINE_CURVE_WITH_KNOTS ( 'NONE', 3,
 ( #8581, #841, #1445, #5781, #3509, #5830, #2905, #6542, #1350, #8629, #4989, #6352, #2101, #6450, #6401, #7739, #5640, #1539, #2852, #61, #4206, #14, #6502 ),
 .UNSPECIFIED., .F., .F.,
 ( 4, 1, 1, 1, 1, 1, 1, 1, 1, 1, 1, 1, 1, 1, 1, 1, 1, 1, 1, 1, 4 ),
 ( 0.000000000000000000, 0.03468459236940104468, 0.06744565414733065534, 0.09862322502525248946, 0.1292872295390971316, 0.1593073403390191933, 0.1885149799993238451, 0.2184001393877244013, 0.2488088555944510394, 0.3123564811809400044, 0.3816173654511922364, 0.4577909214636339263, 0.5419743642606698053, 0.5877748398729888413, 0.6364816906141695929, 0.6890010815968156122, 0.7444912264551040160, 0.8033856234448670808, 0.8652853294054383415, 0.9311181111013392409, 1.000000000000000000 ),
 .UNSPECIFIED. ) ;
#3488 = CARTESIAN_POINT ( 'NONE',  ( -18.08148919675925725, 1.912047460668984789, 0.000000000000000000 ) ) ;
#3489 = CARTESIAN_POINT ( 'NONE',  ( -19.09065594597316462, 0.8823473572089748362, 0.000000000000000000 ) ) ;
#3490 = CARTESIAN_POINT ( 'NONE',  ( -18.45409689431819089, 2.519149730073038995, -0.1000000000000000056 ) ) ;
#3491 = CARTESIAN_POINT ( 'NONE',  ( -19.19634449364316708, -3.529818585446680146, -0.1000000000000000056 ) ) ;
#3492 = VECTOR ( 'NONE', #3684, 1000.000000000000000 ) ;
#3493 = CARTESIAN_POINT ( 'NONE',  ( -19.74018339094939378, -3.737971347425340429, -0.1000000000000000056 ) ) ;
#3494 = DIRECTION ( 'NONE',  ( 0.000000000000000000, 0.000000000000000000, 1.000000000000000000 ) ) ;
#3495 = CARTESIAN_POINT ( 'NONE',  ( -18.11792118791563766, -1.216426565857709807, 0.000000000000000000 ) ) ;
#3496 = CARTESIAN_POINT ( 'NONE',  ( -19.51223052798315294, -3.069140828450521497, -0.1000000000000000056 ) ) ;
#3497 = CARTESIAN_POINT ( 'NONE',  ( -20.01491556221396806, 2.282067000997935136, 0.000000000000000000 ) ) ;
#3498 = CARTESIAN_POINT ( 'NONE',  ( -18.59485919772192375, -3.120908501942953439, 0.000000000000000000 ) ) ;
#3499 = CARTESIAN_POINT ( 'NONE',  ( -20.07607396076522477, 2.154782924959822044, -0.1000000000000000056 ) ) ;
#3500 = EDGE_LOOP ( 'NONE', ( #2985, #366, #5974, #8567 ) ) ;
#3501 = LINE ( 'NONE', #6346, #278 ) ;
#3502 = CARTESIAN_POINT ( 'NONE',  ( -20.05038087878489605, -0.01361802202761991029, 0.000000000000000000 ) ) ;
#3503 = CARTESIAN_POINT ( 'NONE',  ( -19.17652195751236732, -1.179220962141047657, 1.355252715606880543E-17 ) ) ;
#3504 = CARTESIAN_POINT ( 'NONE',  ( -18.26017516909643490, 1.020505377451578877, 0.000000000000000000 ) ) ;
#3505 = CARTESIAN_POINT ( 'NONE',  ( -2.540000000000000036, -8.406000000000007688, 3.100000000000000089 ) ) ;
#3506 =( GEOMETRIC_REPRESENTATION_CONTEXT ( 3 ) GLOBAL_UNCERTAINTY_ASSIGNED_CONTEXT ( ( #790 ) ) GLOBAL_UNIT_ASSIGNED_CONTEXT ( ( #6230, #488, #6894 ) ) REPRESENTATION_CONTEXT ( 'NONE', 'WORKASPACE' ) );
#3507 = CARTESIAN_POINT ( 'NONE',  ( -12.50000000000000000, 0.000000000000000000, 16.00000000000000000 ) ) ;
#3508 = EDGE_CURVE ( 'NONE', #8611, #922, #6253, .T. ) ;
#3509 = CARTESIAN_POINT ( 'NONE',  ( -19.81598048852763938, 2.027298692975424199, -0.1000000000000000056 ) ) ;
#3510 = CIRCLE ( 'NONE', #6649, 1.000000000000001776 ) ;
#3511 = DIRECTION ( 'NONE',  ( 1.000000000000000000, 0.000000000000000000, 0.000000000000000000 ) ) ;
#3512 = EDGE_LOOP ( 'NONE', ( #3592, #1590, #4288, #3087 ) ) ;
#3513 = CARTESIAN_POINT ( 'NONE',  ( -19.73601502913976447, 3.849272128633364876, 0.000000000000000000 ) ) ;
#3514 = EDGE_CURVE ( 'NONE', #2553, #7927, #6501, .T. ) ;
#3515 = CARTESIAN_POINT ( 'NONE',  ( -18.52328770738523289, -3.860004513831261530, 0.000000000000000000 ) ) ;
#3516 = EDGE_LOOP ( 'NONE', ( #961, #4101 ) ) ;
#3517 = CARTESIAN_POINT ( 'NONE',  ( -19.68411583654080488, -2.719918963373671783, 0.000000000000000000 ) ) ;
#3518 = CARTESIAN_POINT ( 'NONE',  ( -18.61609727923015711, 1.292412755451144646, 0.000000000000000000 ) ) ;
#3519 = CARTESIAN_POINT ( 'NONE',  ( -18.82792124332567241, 2.618995107485920126, 0.000000000000000000 ) ) ;
#3520 = EDGE_LOOP ( 'NONE', ( #621, #6643, #1230, #6184 ) ) ;
#3521 = FACE_OUTER_BOUND ( 'NONE', #6081, .T. ) ;
#3522 = CYLINDRICAL_SURFACE ( 'NONE', #6285, 0.2999999999999999334 ) ;
#3523 = CARTESIAN_POINT ( 'NONE',  ( -19.80142947783681961, -3.438916536170864902, 0.000000000000000000 ) ) ;
#3524 = CARTESIAN_POINT ( 'NONE',  ( -19.98994887594774639, 4.008625046620607257, -0.1000000000000000056 ) ) ;
#3525 = CARTESIAN_POINT ( 'NONE',  ( -18.62486816906040588, -3.857681525247253163, 0.000000000000000000 ) ) ;
#3526 = ORIENTED_EDGE ( 'NONE', *, *, #7457, .T. ) ;
#3527 = EDGE_LOOP ( 'NONE', ( #6420, #1217, #1953, #3020 ) ) ;
#3528 = CARTESIAN_POINT ( 'NONE',  ( 3.040000000000004921, -8.406000000000007688, 3.100000000000000089 ) ) ;
#3529 = FILL_AREA_STYLE ('',( #3702 ) ) ;
#3530 = UNCERTAINTY_MEASURE_WITH_UNIT (LENGTH_MEASURE( 1.000000000000000082E-05 ), #1446, 'distance_accuracy_value', 'NONE');
#3531 = CARTESIAN_POINT ( 'NONE',  ( -18.25762662035246819, -4.085810590166641276, -0.1000000000000000056 ) ) ;
#3532 = CARTESIAN_POINT ( 'NONE',  ( -19.97737006045238672, 3.127927943608301842, -0.1000000000000000056 ) ) ;
#3533 = CARTESIAN_POINT ( 'NONE',  ( -20.10883212552637644, 1.891751037895749832, -0.1000000000000000056 ) ) ;
#3534 = DIRECTION ( 'NONE',  ( 0.000000000000000000, 0.000000000000000000, 1.000000000000000000 ) ) ;
#3535 = CARTESIAN_POINT ( 'NONE',  ( -18.08275951972657580, 1.996834709868368307, 0.000000000000000000 ) ) ;
#3536 = CARTESIAN_POINT ( 'NONE',  ( -19.82765216647192119, 1.938278007507323153, -0.1000000000000000056 ) ) ;
#3537 = CARTESIAN_POINT ( 'NONE',  ( -19.68780008667961923, -3.802502500860125867, -0.1000000000000000056 ) ) ;
#3538 = CARTESIAN_POINT ( 'NONE',  ( -18.48690955299739258, 1.331914017995197819, 0.000000000000000000 ) ) ;
#3539 = CARTESIAN_POINT ( 'NONE',  ( -18.41507688977921475, -1.573095194498698168, -0.1000000000000000056 ) ) ;
#3540 = EDGE_CURVE ( 'NONE', #5599, #4714, #4225, .T. ) ;
#3541 = CARTESIAN_POINT ( 'NONE',  ( -18.68153995333715756, -1.142901814778646274, 0.000000000000000000 ) ) ;
#3542 = CARTESIAN_POINT ( 'NONE',  ( -20.06089635546677030, 2.194117806009693528, 0.000000000000000000 ) ) ;
#3543 = CARTESIAN_POINT ( 'NONE',  ( -18.33874842656977933, -3.466102827301804634, 0.000000000000000000 ) ) ;
#3544 = ORIENTED_EDGE ( 'NONE', *, *, #4012, .F. ) ;
#3545 = DIRECTION ( 'NONE',  ( 0.000000000000000000, 0.000000000000000000, 1.000000000000000000 ) ) ;
#3546 = CARTESIAN_POINT ( 'NONE',  ( -19.36286226323284154, 2.261558762429606073, 0.000000000000000000 ) ) ;
#3547 = CARTESIAN_POINT ( 'NONE',  ( -18.86273622017642282, -4.160699668395032802, 0.000000000000000000 ) ) ;
#3548 =( LENGTH_UNIT ( ) NAMED_UNIT ( * ) SI_UNIT ( .MILLI., .METRE. ) );
#3549 = CARTESIAN_POINT ( 'NONE',  ( -19.76193638663392349, -3.698509865551297349, 0.000000000000000000 ) ) ;
#3550 = PRESENTATION_STYLE_ASSIGNMENT (( #2949 ) ) ;
#3551 = CARTESIAN_POINT ( 'NONE',  ( -18.53626942772273622, -2.768165982564291028, 0.000000000000000000 ) ) ;
#3552 = FILL_AREA_STYLE_COLOUR ( '', #801 ) ;
#3553 = FACE_BOUND ( 'NONE', #5304, .T. ) ;
#3554 = VERTEX_POINT ( 'NONE', #1792 ) ;
#3555 = CARTESIAN_POINT ( 'NONE',  ( -18.41112173164944465, -3.248091478621463413, 0.000000000000000000 ) ) ;
#3556 = CARTESIAN_POINT ( 'NONE',  ( -19.37049631803411742, -1.486425891049862003, 0.000000000000000000 ) ) ;
#3557 = ADVANCED_FACE ( 'NONE', ( #4621 ), #2542, .T. ) ;
#3558 = ORIENTED_EDGE ( 'NONE', *, *, #8815, .T. ) ;
#3559 = CARTESIAN_POINT ( 'NONE',  ( -18.56957731066747996, -3.865319620768230546, -0.1000000000000000056 ) ) ;
#3560 = CARTESIAN_POINT ( 'NONE',  ( -19.56900382164791807, 3.229972694038570680, -0.1000000000000000056 ) ) ;
#3561 = CARTESIAN_POINT ( 'NONE',  ( -18.95341715991583698, -1.516990021835824098, 1.355252715606880543E-17 ) ) ;
#3562 = PLANE ( 'NONE',  #7458 ) ;
#3563 = ORIENTED_EDGE ( 'NONE', *, *, #3794, .T. ) ;
#3564 = CIRCLE ( 'NONE', #8762, 0.5000000000000004441 ) ;
#3565 = SURFACE_STYLE_USAGE ( .BOTH. , #8592 ) ;
#3566 = AXIS2_PLACEMENT_3D ( 'NONE', #1858, #4731, #9028 ) ;
#3567 = CARTESIAN_POINT ( 'NONE',  ( -18.41507688977921475, 0.8310918744405112468, 0.000000000000000000 ) ) ;
#3568 = LINE ( 'NONE', #6415, #5732 ) ;
#3569 = CARTESIAN_POINT ( 'NONE',  ( -18.59787795294857915, -3.864314462756790913, 0.000000000000000000 ) ) ;
#3570 = VERTEX_POINT ( 'NONE', #4715 ) ;
#3571 = EDGE_CURVE ( 'NONE', #2125, #204, #4026, .T. ) ;
#3572 = EDGE_CURVE ( 'NONE', #947, #2332, #4169, .T. ) ;
#3573 = VERTEX_POINT ( 'NONE', #3427 ) ;
#3574 = CARTESIAN_POINT ( 'NONE',  ( -19.81660243018259493, 1.851871006815907883, 0.000000000000000000 ) ) ;
#3575 = CARTESIAN_POINT ( 'NONE',  ( -20.05158648185462056, -1.990674356323386629, 0.000000000000000000 ) ) ;
#3576 = PRESENTATION_LAYER_ASSIGNMENT (  '', '', ( #3128 ) ) ;
#3577 = CARTESIAN_POINT ( 'NONE',  ( -18.44437177477880851, -1.299007434844970943, 0.000000000000000000 ) ) ;
#3578 = CARTESIAN_POINT ( 'NONE',  ( -19.06591622162019917, -0.9289924687492073785, 0.000000000000000000 ) ) ;
#3579 = CARTESIAN_POINT ( 'NONE',  ( -20.09434990509178576, 1.793121069572125581, -0.1000000000000000056 ) ) ;
#3580 = ORIENTED_EDGE ( 'NONE', *, *, #2028, .T. ) ;
#3581 = CARTESIAN_POINT ( 'NONE',  ( -4.079999999999998295, -8.406000000000007688, -0.09999999999999982514 ) ) ;
#3582 = CARTESIAN_POINT ( 'NONE',  ( -19.05795916059220119, 0.8836621475219728072, -0.1000000000000000056 ) ) ;
#3583 = DIRECTION ( 'NONE',  ( 1.000000000000000000, -2.602085213965210642E-15, 0.000000000000000000 ) ) ;
#3584 = VECTOR ( 'NONE', #2473, 1000.000000000000000 ) ;
#3585 = CARTESIAN_POINT ( 'NONE',  ( -18.37448798777871062, 2.024516972470239651, 0.000000000000000000 ) ) ;
#3586 = B_SPLINE_CURVE_WITH_KNOTS ( 'NONE', 3,
 ( #4283, #8705, #4380, #2890, #5022, #135, #97, #1431, #8568, #6533, #6578, #5064, #6438, #7194, #7860, #3763, #6624, #7237, #5724 ),
 .UNSPECIFIED., .F., .F.,
 ( 4, 1, 1, 1, 1, 1, 1, 1, 1, 1, 1, 1, 1, 1, 1, 1, 4 ),
 ( 0.000000000000000000, 0.06335343325915822332, 0.1250164064091084659, 0.1859310753290185636, 0.2459211931907862858, 0.3060070524856319807, 0.3662169449209510819, 0.4268881915774920821, 0.4886145999380950289, 0.5506434113024281096, 0.6126229112579313352, 0.6745471358170799236, 0.7371138530732050942, 0.8006446392797548217, 0.8658699784627438278, 0.9320058594313835876, 1.000000000000000000 ),
 .UNSPECIFIED. ) ;
#3587 = VECTOR ( 'NONE', #5999, 1000.000000000000000 ) ;
#3588 = CARTESIAN_POINT ( 'NONE',  ( -18.10687864759171362, 4.044299329121905373, -0.1000000000000000056 ) ) ;
#3589 =( GEOMETRIC_REPRESENTATION_CONTEXT ( 3 ) GLOBAL_UNCERTAINTY_ASSIGNED_CONTEXT ( ( #2971 ) ) GLOBAL_UNIT_ASSIGNED_CONTEXT ( ( #5488, #8378, #3963 ) ) REPRESENTATION_CONTEXT ( 'NONE', 'WORKASPACE' ) );
#3590 = CARTESIAN_POINT ( 'NONE',  ( -19.05969679639674297, 2.272925519885498069, -0.1000000000000000056 ) ) ;
#3591 = CARTESIAN_POINT ( 'NONE',  ( -19.78033292502522755, -3.653726360876522694, 0.000000000000000000 ) ) ;
#3592 = ORIENTED_EDGE ( 'NONE', *, *, #6196, .F. ) ;
#3593 = CARTESIAN_POINT ( 'NONE',  ( -20.04891839815260113, -2.275511002735636445, -0.1000000000000000056 ) ) ;
#3594 = CARTESIAN_POINT ( 'NONE',  ( -19.50858291302021286, 2.241682809937265652, 0.000000000000000000 ) ) ;
#3595 = CARTESIAN_POINT ( 'NONE',  ( -19.86497304736181491, 0.03852478027343772538, 0.000000000000000000 ) ) ;
#3596 =( GEOMETRIC_REPRESENTATION_CONTEXT ( 3 ) GLOBAL_UNCERTAINTY_ASSIGNED_CONTEXT ( ( #4826 ) ) GLOBAL_UNIT_ASSIGNED_CONTEXT ( ( #6722, #1624, #8755 ) ) REPRESENTATION_CONTEXT ( 'NONE', 'WORKASPACE' ) );
#3597 = CARTESIAN_POINT ( 'NONE',  ( -18.71962618106655896, -2.906578954604071896, -0.1000000000000000056 ) ) ;
#3598 = CARTESIAN_POINT ( 'NONE',  ( -18.40632753615924955, 0.9136580991979335042, 0.000000000000000000 ) ) ;
#3599 = AXIS2_PLACEMENT_3D ( 'NONE', #1874, #8334, #1960 ) ;
#3600 = CARTESIAN_POINT ( 'NONE',  ( -18.24303303494919248, -0.9159646545115908145, -0.1000000000000000056 ) ) ;
#3601 = COLOUR_RGB ( '',1.000000000000000000, 0.9607843137254902244, 0.8901960784313724950 ) ;
#3602 =( NAMED_UNIT ( * ) SI_UNIT ( $, .STERADIAN. ) SOLID_ANGLE_UNIT ( ) );
#3603 = DIRECTION ( 'NONE',  ( 0.000000000000000000, 0.000000000000000000, 1.000000000000000000 ) ) ;
#3604 = EDGE_LOOP ( 'NONE', ( #8946, #4006 ) ) ;
#3605 = CARTESIAN_POINT ( 'NONE',  ( -19.21433751532838841, 3.897570273126615081, -0.1000000000000000056 ) ) ;
#3606 = CARTESIAN_POINT ( 'NONE',  ( -19.85333535332087962, 3.595646158854164387, 0.000000000000000000 ) ) ;
#3607 = CARTESIAN_POINT ( 'NONE',  ( -18.99120946084822847, 2.978707520378204521, -0.1000000000000000056 ) ) ;
#3608 = MECHANICAL_DESIGN_GEOMETRIC_PRESENTATION_REPRESENTATION (  '', ( #2858 ), #4781 ) ;
#3609 = EDGE_CURVE ( 'NONE', #5642, #301, #262, .T. ) ;
#3610 = CARTESIAN_POINT ( 'NONE',  ( -19.79913665345591767, -2.777130750438792539, 0.000000000000000000 ) ) ;
#3611 = CARTESIAN_POINT ( 'NONE',  ( -18.76665582308070412, 1.265702143110936317, 0.000000000000000000 ) ) ;
#3612 = CARTESIAN_POINT ( 'NONE',  ( -18.89763503771467157, -1.257536317682812266, -0.1000000000000000056 ) ) ;
#3613 = FILL_AREA_STYLE ('',( #5001 ) ) ;
#3614 = CARTESIAN_POINT ( 'NONE',  ( 19.49999999999999645, 8.444999999999998508, 3.000000000000000000 ) ) ;
#3615 = FILL_AREA_STYLE_COLOUR ( '', #1349 ) ;
#3616 = LINE ( 'NONE', #767, #4016 ) ;
#3617 = SURFACE_STYLE_USAGE ( .BOTH. , #1461 ) ;
#3618 = CARTESIAN_POINT ( 'NONE',  ( -18.67264923963804435, -3.832338987974138966, -0.1000000000000000056 ) ) ;
#3619 = ORIENTED_EDGE ( 'NONE', *, *, #188, .T. ) ;
#3620 = ORIENTED_EDGE ( 'NONE', *, *, #1255, .T. ) ;
#3621 = CARTESIAN_POINT ( 'NONE',  ( -18.05600824963104145, -3.447276945489225586, -0.1000000000000000056 ) ) ;
#3622 = UNCERTAINTY_MEASURE_WITH_UNIT (LENGTH_MEASURE( 1.000000000000000082E-05 ), #3769, 'distance_accuracy_value', 'NONE');
#3623 = CARTESIAN_POINT ( 'NONE',  ( -18.30435177179261430, 3.097885412265897642, 0.000000000000000000 ) ) ;
#3624 = CARTESIAN_POINT ( 'NONE',  ( -20.07620572860295738, -2.246644970359644500, -0.1000000000000000056 ) ) ;
#3625 = CARTESIAN_POINT ( 'NONE',  ( -22.50000000000000000, -10.44500000000000028, 0.000000000000000000 ) ) ;
#3626 = VERTEX_POINT ( 'NONE', #5414 ) ;
#3627 = CARTESIAN_POINT ( 'NONE',  ( -18.37428353974393858, 4.198622855462116554, 0.000000000000000000 ) ) ;
#3628 = ADVANCED_FACE ( 'NONE', ( #1364 ), #4218, .T. ) ;
#3629 = CARTESIAN_POINT ( 'NONE',  ( -18.12538781197357096, 2.183190919144450515, 0.000000000000000000 ) ) ;
#3630 = CARTESIAN_POINT ( 'NONE',  ( -19.20766442248596562, -3.480218562374956637, -0.1000000000000000056 ) ) ;
#3631 = CARTESIAN_POINT ( 'NONE',  ( -19.58890726722236408, -0.8596249188412734554, -0.1000000000000000056 ) ) ;
#3632 = EDGE_CURVE ( 'NONE', #155, #3108, #3046, .T. ) ;
#3633 =( GEOMETRIC_REPRESENTATION_CONTEXT ( 3 ) GLOBAL_UNCERTAINTY_ASSIGNED_CONTEXT ( ( #9021 ) ) GLOBAL_UNIT_ASSIGNED_CONTEXT ( ( #118, #1552, #2302 ) ) REPRESENTATION_CONTEXT ( 'NONE', 'WORKASPACE' ) );
#3634 = CARTESIAN_POINT ( 'NONE',  ( -19.49999999999999289, -8.444999999999998508, 0.000000000000000000 ) ) ;
#3635 = FILL_AREA_STYLE_COLOUR ( '', #446 ) ;
#3636 = CARTESIAN_POINT ( 'NONE',  ( -19.41382108082896352, -1.451356979756482701, -0.1000000000000000056 ) ) ;
#3637 = CARTESIAN_POINT ( 'NONE',  ( -18.16686037115016816, 4.220796847108856831, -0.1000000000000000056 ) ) ;
#3638 = FACE_BOUND ( 'NONE', #4208, .T. ) ;
#3639 = CARTESIAN_POINT ( 'NONE',  ( -18.53626942772273622, -2.768165982564291028, -0.1000000000000000056 ) ) ;
#3640 = AXIS2_PLACEMENT_3D ( 'NONE', #8079, #6047, #345 ) ;
#3641 = CARTESIAN_POINT ( 'NONE',  ( -18.41507688977921475, 0.8310918744405112468, 0.000000000000000000 ) ) ;
#3642 = PLANE ( 'NONE',  #614 ) ;
#3643 = CARTESIAN_POINT ( 'NONE',  ( -2.999999999999995559, 6.594999999999998863, 5.700000000000000178 ) ) ;
#3644 = PRESENTATION_LAYER_ASSIGNMENT (  '', '', ( #1701 ) ) ;
#3645 = LINE ( 'NONE', #8678, #347 ) ;
#3646 = ORIENTED_EDGE ( 'NONE', *, *, #7649, .F. ) ;
#3647 = CARTESIAN_POINT ( 'NONE',  ( -18.41507688977921475, -1.573095194498698168, -0.1000000000000000056 ) ) ;
#3648 = CARTESIAN_POINT ( 'NONE',  ( -19.41382108082896352, -1.451356979756482701, 0.000000000000000000 ) ) ;
#3649 = VERTEX_POINT ( 'NONE', #6555 ) ;
#3650 = MECHANICAL_DESIGN_GEOMETRIC_PRESENTATION_REPRESENTATION (  '', ( #4396 ), #6180 ) ;
#3651 = CARTESIAN_POINT ( 'NONE',  ( -18.57911321081274991, -3.864980932821430404, -0.1000000000000000056 ) ) ;
#3652 = CARTESIAN_POINT ( 'NONE',  ( -19.53920026758188655, -4.261525811056581681, -0.000000000000000000 ) ) ;
#3653 =( GEOMETRIC_REPRESENTATION_CONTEXT ( 3 ) GLOBAL_UNCERTAINTY_ASSIGNED_CONTEXT ( ( #4915 ) ) GLOBAL_UNIT_ASSIGNED_CONTEXT ( ( #2516, #4655, #7516 ) ) REPRESENTATION_CONTEXT ( 'NONE', 'WORKASPACE' ) );
#3654 = CARTESIAN_POINT ( 'NONE',  ( -19.85665548680189119, -0.7214493537310546767, -0.1000000000000000056 ) ) ;
#3655 = EDGE_CURVE ( 'NONE', #6927, #4800, #8979, .T. ) ;
#3656 = CARTESIAN_POINT ( 'NONE',  ( -18.66858346115367695, -0.7323280900487826317, 1.355252715606880543E-17 ) ) ;
#3657 = CARTESIAN_POINT ( 'NONE',  ( -18.49660553732481461, -2.769471845902841345, -0.1000000000000000056 ) ) ;
#3658 = CARTESIAN_POINT ( 'NONE',  ( -18.39248411833053964, 0.9467333016865074891, -0.1000000000000000056 ) ) ;
#3659 =( GEOMETRIC_REPRESENTATION_CONTEXT ( 3 ) GLOBAL_UNCERTAINTY_ASSIGNED_CONTEXT ( ( #3126 ) ) GLOBAL_UNIT_ASSIGNED_CONTEXT ( ( #5189, #902, #7433 ) ) REPRESENTATION_CONTEXT ( 'NONE', 'WORKASPACE' ) );
#3660 = CARTESIAN_POINT ( 'NONE',  ( -19.36058333988673752, -4.005800585986644791, -0.1000000000000000056 ) ) ;
#3661 = FILL_AREA_STYLE ('',( #5797 ) ) ;
#3662 = VERTEX_POINT ( 'NONE', #808 ) ;
#3663 = CARTESIAN_POINT ( 'NONE',  ( -19.57576203171375084, 1.652193042651804999, 0.000000000000000000 ) ) ;
#3664 = DIRECTION ( 'NONE',  ( 0.000000000000000000, 0.000000000000000000, 1.000000000000000000 ) ) ;
#3665 = CARTESIAN_POINT ( 'NONE',  ( -18.13306470757481392, 3.195027973866737092, -0.1000000000000000056 ) ) ;
#3666 = DIRECTION ( 'NONE',  ( -0.000000000000000000, -0.000000000000000000, 1.000000000000000000 ) ) ;
#3667 = CARTESIAN_POINT ( 'NONE',  ( -20.08161370229463571, 1.745786103309411308, 0.000000000000000000 ) ) ;
#3668 = ORIENTED_EDGE ( 'NONE', *, *, #9000, .F. ) ;
#3669 = LINE ( 'NONE', #2126, #6728 ) ;
#3670 = CARTESIAN_POINT ( 'NONE',  ( -19.19038809278214330, -3.555917479197185038, -0.1000000000000000056 ) ) ;
#3671 = CARTESIAN_POINT ( 'NONE',  ( -19.89495583477100737, -0.7081227090925910073, -0.1000000000000000056 ) ) ;
#3672 = FACE_BOUND ( 'NONE', #1819, .T. ) ;
#3673 = EDGE_CURVE ( 'NONE', #267, #2262, #4959, .T. ) ;
#3674 = DIRECTION ( 'NONE',  ( -0.000000000000000000, -0.000000000000000000, -1.000000000000000000 ) ) ;
#3675 = CARTESIAN_POINT ( 'NONE',  ( -19.32247542135608143, -3.164394048850177388, -0.1000000000000000056 ) ) ;
#3676 = CARTESIAN_POINT ( 'NONE',  ( -18.61609727923015711, 1.292412755451144646, 0.000000000000000000 ) ) ;
#3677 =( NAMED_UNIT ( * ) SI_UNIT ( $, .STERADIAN. ) SOLID_ANGLE_UNIT ( ) );
#3678 =( NAMED_UNIT ( * ) SI_UNIT ( $, .STERADIAN. ) SOLID_ANGLE_UNIT ( ) );
#3679 = DIRECTION ( 'NONE',  ( -0.000000000000000000, 0.000000000000000000, 1.000000000000000000 ) ) ;
#3680 = CARTESIAN_POINT ( 'NONE',  ( -18.60476709381068261, -2.779696382457563342, 0.000000000000000000 ) ) ;
#3681 = EDGE_CURVE ( 'NONE', #7601, #516, #765, .T. ) ;
#3682 = FACE_OUTER_BOUND ( 'NONE', #5906, .T. ) ;
#3683 =( LENGTH_UNIT ( ) NAMED_UNIT ( * ) SI_UNIT ( .MILLI., .METRE. ) );
#3684 = DIRECTION ( 'NONE',  ( 1.000000000000000000, -1.734723475976806848E-16, -0.000000000000000000 ) ) ;
#3685 = CARTESIAN_POINT ( 'NONE',  ( -20.08866384834395546, -0.7901252595772652043, -0.1000000000000000056 ) ) ;
#3686 = ORIENTED_EDGE ( 'NONE', *, *, #4401, .T. ) ;
#3687 = CARTESIAN_POINT ( 'NONE',  ( -19.48642499572146747, -3.916015650172579132, 0.000000000000000000 ) ) ;
#3688 = CARTESIAN_POINT ( 'NONE',  ( -18.69804681897088017, -1.143447392940908136, -0.1000000000000000056 ) ) ;
#3689 = CARTESIAN_POINT ( 'NONE',  ( -19.10063250833854198, 2.272938895657683034, -0.1000000000000000056 ) ) ;
#3690 = ORIENTED_EDGE ( 'NONE', *, *, #5776, .T. ) ;
#3691 = CARTESIAN_POINT ( 'NONE',  ( -19.13839627833553791, -3.749704132646662469, 0.000000000000000000 ) ) ;
#3692 = FACE_OUTER_BOUND ( 'NONE', #4366, .T. ) ;
#3693 = CARTESIAN_POINT ( 'NONE',  ( 5.580000000000007176, -8.406000000000005912, 3.100000000000000089 ) ) ;
#3694 = CARTESIAN_POINT ( 'NONE',  ( -18.70363959257612052, -0.7330260731315412226, -0.1000000000000000056 ) ) ;
#3695 = CARTESIAN_POINT ( 'NONE',  ( -19.13097694171718643, 2.977985204855204682, 0.000000000000000000 ) ) ;
#3696 = CARTESIAN_POINT ( 'NONE',  ( -18.12375278787382271, -3.096740741890679161, -0.1000000000000000056 ) ) ;
#3697 = DIRECTION ( 'NONE',  ( 1.000000000000000000, 0.000000000000000000, 0.000000000000000000 ) ) ;
#3698 = CARTESIAN_POINT ( 'NONE',  ( 5.080000000000005400, -8.406000000000005912, -0.09999999999999982514 ) ) ;
#3699 = CARTESIAN_POINT ( 'NONE',  ( -18.16627101717993042, -1.045787264506022440, -0.1000000000000000056 ) ) ;
#3700 = ORIENTED_EDGE ( 'NONE', *, *, #7606, .F. ) ;
#3701 = CARTESIAN_POINT ( 'NONE',  ( -19.46014447136496273, 1.628626051128424290, 0.000000000000000000 ) ) ;
#3702 = FILL_AREA_STYLE_COLOUR ( '', #512 ) ;
#3703 = UNCERTAINTY_MEASURE_WITH_UNIT (LENGTH_MEASURE( 1.000000000000000082E-05 ), #8150, 'distance_accuracy_value', 'NONE');
#3704 = CARTESIAN_POINT ( 'NONE',  ( -6.080000000000001847, -8.406000000000007688, -0.09999999999999982514 ) ) ;
#3705 = CARTESIAN_POINT ( 'NONE',  ( -18.95442381360733819, -1.939080607096354436, -0.1000000000000000056 ) ) ;
#3706 = CARTESIAN_POINT ( 'NONE',  ( -20.09434990509178576, 1.793121069572125581, 0.000000000000000000 ) ) ;
#3707 = EDGE_LOOP ( 'NONE', ( #2560, #8250, #1766, #4556 ) ) ;
#3708 = CARTESIAN_POINT ( 'NONE',  ( -20.00613809597772530, -1.079661724528592881, 0.000000000000000000 ) ) ;
#3709 = CARTESIAN_POINT ( 'NONE',  ( -18.76026535116035632, 3.812058908259821077, -0.1000000000000000056 ) ) ;
#3710 = CARTESIAN_POINT ( 'NONE',  ( -18.56180507150510550, -3.864961487267507767, -0.1000000000000000056 ) ) ;
#3711 = CARTESIAN_POINT ( 'NONE',  ( -20.04550713170336351, -3.864154144790637790, 0.000000000000000000 ) ) ;
#3712 = CARTESIAN_POINT ( 'NONE',  ( -19.52833215122209154, -0.8987600590164418479, -0.1000000000000000056 ) ) ;
#3713 = AXIS2_PLACEMENT_3D ( 'NONE', #1574, #6576, #184 ) ;
#3714 = VECTOR ( 'NONE', #4799, 1000.000000000000000 ) ;
#3715 = ADVANCED_FACE ( 'NONE', ( #3014, #1507 ), #8542, .T. ) ;
#3716 = ORIENTED_EDGE ( 'NONE', *, *, #7272, .T. ) ;
#3717 = VERTEX_POINT ( 'NONE', #4308 ) ;
#3718 = CYLINDRICAL_SURFACE ( 'NONE', #3005, 0.5000000000000004441 ) ;
#3719 = FILL_AREA_STYLE ('',( #8173 ) ) ;
#3720 = CARTESIAN_POINT ( 'NONE',  ( -19.37440104604546676, 3.941066854797398822, 0.000000000000000000 ) ) ;
#3721 = PRESENTATION_LAYER_ASSIGNMENT (  '', '', ( #1489 ) ) ;
#3722 = B_SPLINE_CURVE_WITH_KNOTS ( 'NONE', 3,
 ( #3390, #6228, #534, #4083, #4177, #8453, #6187, #7037, #9062, #580, #4774 ),
 .UNSPECIFIED., .F., .F.,
 ( 4, 1, 1, 1, 1, 1, 1, 1, 4 ),
 ( 0.000000000000000000, 0.1363797155905762393, 0.2573498170193677104, 0.3670878291947012872, 0.4679166929335592529, 0.5751511589058686535, 0.6973662684484809304, 0.8403755405343549256, 1.000000000000000000 ),
 .UNSPECIFIED. ) ;
#3723 = CARTESIAN_POINT ( 'NONE',  ( -19.65059208571690519, 3.900560260640551391, -0.1000000000000000056 ) ) ;
#3724 = PLANE ( 'NONE',  #2367 ) ;
#3725 = FACE_OUTER_BOUND ( 'NONE', #8435, .T. ) ;
#3726 = SURFACE_STYLE_USAGE ( .BOTH. , #2057 ) ;
#3727 = CARTESIAN_POINT ( 'NONE',  ( -2.999999999999995559, 8.294999999999998153, 6.000000000000000000 ) ) ;
#3728 = B_SPLINE_CURVE_WITH_KNOTS ( 'NONE', 3,
 ( #7986, #5896, #1602, #3750, #1743, #7480, #6696, #3793, #4444, #8732, #994, #1034, #8777, #907, #5192, #2351, #4616, #1076, #4572 ),
 .UNSPECIFIED., .F., .F.,
 ( 4, 1, 1, 1, 1, 1, 1, 1, 1, 1, 1, 1, 1, 1, 1, 1, 4 ),
 ( 0.000000000000000000, 0.05004452659864821323, 0.09690282500097292806, 0.1418805979969471331, 0.1860269339771858654, 0.2301595093453233376, 0.2757475799681438633, 0.3239245878896979680, 0.3758474505970835766, 0.4326295513593807485, 0.4947465404817349977, 0.5632259117326346987, 0.6374266595317188422, 0.7184702833508985753, 0.8055403051114993218, 0.8996503425031964207, 1.000000000000000000 ),
 .UNSPECIFIED. ) ;
#3729 = PRESENTATION_STYLE_ASSIGNMENT (( #2331 ) ) ;
#3730 = ORIENTED_EDGE ( 'NONE', *, *, #3632, .F. ) ;
#3731 = VECTOR ( 'NONE', #8428, 1000.000000000000000 ) ;
#3732 = CARTESIAN_POINT ( 'NONE',  ( -20.07650059883832583, -0.7696241066408602283, -0.1000000000000000056 ) ) ;
#3733 = ORIENTED_EDGE ( 'NONE', *, *, #1912, .T. ) ;
#3734 = ADVANCED_FACE ( 'NONE', ( #3521 ), #613, .T. ) ;
#3735 = CARTESIAN_POINT ( 'NONE',  ( -19.33924569433329665, -4.078080516445619530, -0.1000000000000000056 ) ) ;
#3736 = CARTESIAN_POINT ( 'NONE',  ( -19.03147337415421703, 3.601264355977374709, 0.000000000000000000 ) ) ;
#3737 = CARTESIAN_POINT ( 'NONE',  ( -19.57001524312108032, 2.227952712998476859, 1.355252715606880543E-17 ) ) ;
#3738 = VECTOR ( 'NONE', #6986, 1000.000000000000000 ) ;
#3739 = EDGE_LOOP ( 'NONE', ( #1546, #5155, #4570, #5445 ) ) ;
#3740 = CARTESIAN_POINT ( 'NONE',  ( -18.79825935816133509, -4.192636269301550200, -0.1000000000000000056 ) ) ;
#3741 = COLOUR_RGB ( '',1.000000000000000000, 0.9607843137254902244, 0.8901960784313724950 ) ;
#3742 = APPLICATION_PROTOCOL_DEFINITION ( 'draft international standard', 'automotive_design', 1998, #2826 ) ;
#3743 = CARTESIAN_POINT ( 'NONE',  ( -19.09258504277726232, -0.9710836895441161687, -0.1000000000000000056 ) ) ;
#3744 = CARTESIAN_POINT ( 'NONE',  ( -19.76070313847342774, -0.7636403975184337112, 0.000000000000000000 ) ) ;
#3745 = FILL_AREA_STYLE_COLOUR ( '', #4378 ) ;
#3746 = CARTESIAN_POINT ( 'NONE',  ( -18.37554480146947000, -2.808851006133118666, -0.1000000000000000056 ) ) ;
#3747 = EDGE_CURVE ( 'NONE', #294, #8389, #1477, .T. ) ;
#3748 = CARTESIAN_POINT ( 'NONE',  ( -19.99145362913032642, -0.7007554726250874166, 0.000000000000000000 ) ) ;
#3749 = ORIENTED_EDGE ( 'NONE', *, *, #4722, .F. ) ;
#3750 = CARTESIAN_POINT ( 'NONE',  ( -18.37397834895619297, 1.850302369701432248, 0.000000000000000000 ) ) ;
#3751 = CARTESIAN_POINT ( 'NONE',  ( -18.24188352006471803, -2.311937017675746553, -0.1000000000000000056 ) ) ;
#3752 = CARTESIAN_POINT ( 'NONE',  ( -20.10983220463640109, -0.9013569624372976818, -0.1000000000000000056 ) ) ;
#3753 = CARTESIAN_POINT ( 'NONE',  ( -19.97072604525638440, -2.313122176599783586, -0.1000000000000000056 ) ) ;
#3754 = DIRECTION ( 'NONE',  ( 0.000000000000000000, 1.000000000000000000, 0.000000000000000000 ) ) ;
#3755 = ORIENTED_EDGE ( 'NONE', *, *, #2336, .T. ) ;
#3756 = SURFACE_STYLE_FILL_AREA ( #5156 ) ;
#3757 = B_SPLINE_SURFACE_WITH_KNOTS ( 'NONE', 3, 1, ( 
 ( #6320, #8544 ),
 ( #1509, #625 ),
 ( #5004, #9153 ),
 ( #2209, #1366 ),
 ( #8594, #6465 ),
 ( #7843, #8498 ),
 ( #3658, #2816 ),
 ( #4312, #5046 ),
 ( #6414, #7798 ),
 ( #7077, #2773 ),
 ( #1316, #3567 ) ),
 .UNSPECIFIED., .F., .F., .F.,
 ( 4, 1, 1, 1, 1, 1, 1, 1, 4 ),
 ( 2, 2 ),
 ( 0.000000000000000000, 0.1205231893822574368, 0.2336169200679117930, 0.3418387066134612184, 0.4525090865988544153, 0.5689143779988100613, 0.6960237924780650065, 0.8376254091569507176, 1.000000000000000000 ),
 ( 0.000000000000000000, 1.000000000000000000 ),
 .UNSPECIFIED. ) ;
#3758 = CARTESIAN_POINT ( 'NONE',  ( -12.50000000000000000, 0.000000000000000000, 15.50000000000000000 ) ) ;
#3759 = CARTESIAN_POINT ( 'NONE',  ( -18.33802732923233947, -3.506958904266358257, -0.1000000000000000056 ) ) ;
#3760 = CARTESIAN_POINT ( 'NONE',  ( -19.39899180025694037, -2.685475812768757908, 0.000000000000000000 ) ) ;
#3761 = CARTESIAN_POINT ( 'NONE',  ( -19.80956341918047414, 1.396930282857972383, 0.000000000000000000 ) ) ;
#3762 = ORIENTED_EDGE ( 'NONE', *, *, #2363, .T. ) ;
#3763 = CARTESIAN_POINT ( 'NONE',  ( -19.76431068597936758, 1.369821714187586359, -0.1000000000000000056 ) ) ;
#3764 = CARTESIAN_POINT ( 'NONE',  ( -19.23693886894587735, -1.939080607096354436, -0.1000000000000000056 ) ) ;
#3765 = EDGE_CURVE ( 'NONE', #7427, #4433, #1813, .T. ) ;
#3766 = DIRECTION ( 'NONE',  ( -0.000000000000000000, -0.000000000000000000, -1.000000000000000000 ) ) ;
#3767 = CARTESIAN_POINT ( 'NONE',  ( -18.41507688977921475, 3.408640454610186943, -0.1000000000000000056 ) ) ;
#3768 = CARTESIAN_POINT ( 'NONE',  ( -18.66537184176503672, -2.817096845973401820, -0.1000000000000000056 ) ) ;
#3769 =( LENGTH_UNIT ( ) NAMED_UNIT ( * ) SI_UNIT ( .MILLI., .METRE. ) );
#3770 = CARTESIAN_POINT ( 'NONE',  ( -18.72166993278865377, -2.941928793589275060, -0.1000000000000000056 ) ) ;
#3771 = UNCERTAINTY_MEASURE_WITH_UNIT (LENGTH_MEASURE( 1.000000000000000082E-05 ), #6658, 'distance_accuracy_value', 'NONE');
#3772 = FACE_OUTER_BOUND ( 'NONE', #8111, .T. ) ;
#3773 =( GEOMETRIC_REPRESENTATION_CONTEXT ( 3 ) GLOBAL_UNCERTAINTY_ASSIGNED_CONTEXT ( ( #8261 ) ) GLOBAL_UNIT_ASSIGNED_CONTEXT ( ( #9010, #4073, #2963 ) ) REPRESENTATION_CONTEXT ( 'NONE', 'WORKASPACE' ) );
#3774 = CARTESIAN_POINT ( 'NONE',  ( -18.10687864759171362, -2.082745933532715199, 0.000000000000000000 ) ) ;
#3775 = DIRECTION ( 'NONE',  ( -0.000000000000000000, -0.000000000000000000, -1.000000000000000000 ) ) ;
#3776 = ORIENTED_EDGE ( 'NONE', *, *, #7606, .T. ) ;
#3777 = SURFACE_STYLE_USAGE ( .BOTH. , #7341 ) ;
#3778 = ORIENTED_EDGE ( 'NONE', *, *, #2023, .T. ) ;
#3779 = PRESENTATION_STYLE_ASSIGNMENT (( #7019 ) ) ;
#3780 = CARTESIAN_POINT ( 'NONE',  ( -19.63647508782394624, 2.205337947062619097, 1.355252715606880543E-17 ) ) ;
#3781 = COLOUR_RGB ( '',1.000000000000000000, 0.9607843137254902244, 0.8901960784313724950 ) ;
#3782 = ORIENTED_EDGE ( 'NONE', *, *, #529, .T. ) ;
#3783 = CARTESIAN_POINT ( 'NONE',  ( -18.94811575226697187, -4.095761163105393621, -0.1000000000000000056 ) ) ;
#3784 = CARTESIAN_POINT ( 'NONE',  ( -20.09907550095612550, -3.302915202137145734, 0.000000000000000000 ) ) ;
#3785 = CARTESIAN_POINT ( 'NONE',  ( -18.96957957991775956, -0.8277862373002062846, -0.1000000000000000056 ) ) ;
#3786 = CARTESIAN_POINT ( 'NONE',  ( -19.95085120338801943, -0.6966564432779951410, -0.1000000000000000056 ) ) ;
#3787 = PRESENTATION_LAYER_ASSIGNMENT (  '', '', ( #7232 ) ) ;
#3788 = CARTESIAN_POINT ( 'NONE',  ( -19.51784872510636148, -4.262606417338054676, 0.000000000000000000 ) ) ;
#3789 = CARTESIAN_POINT ( 'NONE',  ( -19.12939052401586792, 1.245634562174478210, -0.1000000000000000056 ) ) ;
#3790 = CARTESIAN_POINT ( 'NONE',  ( -19.59972421887207261, -3.084476636667433436, 0.000000000000000000 ) ) ;
#3791 = VERTEX_POINT ( 'NONE', #4608 ) ;
#3792 = PRESENTATION_LAYER_ASSIGNMENT (  '', '', ( #4396 ) ) ;
#3793 = CARTESIAN_POINT ( 'NONE',  ( -18.46362067503033089, 1.719445005016467354, 0.000000000000000000 ) ) ;
#3794 = EDGE_CURVE ( 'NONE', #6727, #2759, #2579, .T. ) ;
#3795 =( NAMED_UNIT ( * ) PLANE_ANGLE_UNIT ( ) SI_UNIT ( $, .RADIAN. ) );
#3796 = CARTESIAN_POINT ( 'NONE',  ( -18.10746429374936994, -2.102600255962761455, -0.1000000000000000056 ) ) ;
#3797 = CARTESIAN_POINT ( 'NONE',  ( -19.11093204691738023, 1.605235546185691309, 1.355252715606880543E-17 ) ) ;
#3798 = CARTESIAN_POINT ( 'NONE',  ( -19.78704005653693443, 3.388719039845911496, 0.000000000000000000 ) ) ;
#3799 = ORIENTED_EDGE ( 'NONE', *, *, #8251, .T. ) ;
#3800 = EDGE_CURVE ( 'NONE', #981, #3824, #7217, .T. ) ;
#3801 = VECTOR ( 'NONE', #6405, 1000.000000000000000 ) ;
#3802 = CARTESIAN_POINT ( 'NONE',  ( -18.40626819699757633, 4.136248609779175744, -0.1000000000000000056 ) ) ;
#3803 = CARTESIAN_POINT ( 'NONE',  ( -18.74895831881567076, 3.686339912414548614, 0.000000000000000000 ) ) ;
#3804 = CARTESIAN_POINT ( 'NONE',  ( -19.05795916059220119, 0.8836621475219728072, -0.1000000000000000056 ) ) ;
#3805 = AXIS2_PLACEMENT_3D ( 'NONE', #6116, #5446, #6913 ) ;
#3806 = CARTESIAN_POINT ( 'NONE',  ( -19.30824975739275473, 2.626997012296255818, 0.000000000000000000 ) ) ;
#3807 = CARTESIAN_POINT ( 'NONE',  ( -18.86509963437059767, -3.341126413205097734, 0.000000000000000000 ) ) ;
#3808 = ORIENTED_EDGE ( 'NONE', *, *, #6760, .F. ) ;
#3809 = B_SPLINE_CURVE_WITH_KNOTS ( 'NONE', 3,
 ( #551, #8275, #7592, #1864, #9077, #3454, #3401, #2702, #6202, #4695, #5541, #8898, #8375, #1994, #9032 ),
 .UNSPECIFIED., .F., .F.,
 ( 4, 1, 1, 1, 1, 1, 1, 1, 1, 1, 1, 1, 4 ),
 ( 0.000000000000000000, 0.08952427709590991822, 0.1754766049522667459, 0.2586909596412973467, 0.3397224667510413965, 0.4195422710018931745, 0.4983216921810360578, 0.5769322473500460013, 0.6566392467508933573, 0.7378703790793303963, 0.8224787060298337504, 0.9089304481639295386, 1.000000000000000000 ),
 .UNSPECIFIED. ) ;
#3810 = FACE_OUTER_BOUND ( 'NONE', #7970, .T. ) ;
#3811 = CARTESIAN_POINT ( 'NONE',  ( -18.74924337886103132, 3.672678346447710851, -0.1000000000000000056 ) ) ;
#3812 =( NAMED_UNIT ( * ) PLANE_ANGLE_UNIT ( ) SI_UNIT ( $, .RADIAN. ) );
#3813 = CARTESIAN_POINT ( 'NONE',  ( 2.540000000000004476, -8.406000000000007688, 3.100000000000000089 ) ) ;
#3814 = CARTESIAN_POINT ( 'NONE',  ( -19.80013147403325746, 3.778859096595787115, 0.000000000000000000 ) ) ;
#3815 = DIRECTION ( 'NONE',  ( 1.000000000000000000, 0.000000000000000000, 0.000000000000000000 ) ) ;
#3816 = CARTESIAN_POINT ( 'NONE',  ( -18.52795143393159805, -4.219539844967155950, 0.000000000000000000 ) ) ;
#3817 =( NAMED_UNIT ( * ) PLANE_ANGLE_UNIT ( ) SI_UNIT ( $, .RADIAN. ) );
#3818 = EDGE_CURVE ( 'NONE', #8990, #2332, #6464, .T. ) ;
#3819 = LINE ( 'NONE', #8982, #7915 ) ;
#3820 = CARTESIAN_POINT ( 'NONE',  ( -2.540000000000000036, -8.406000000000007688, -0.09999999999999982514 ) ) ;
#3821 = CARTESIAN_POINT ( 'NONE',  ( -18.61609727923015711, 1.292412755451144646, -0.1000000000000000056 ) ) ;
#3822 = ORIENTED_EDGE ( 'NONE', *, *, #2009, .F. ) ;
#3823 = CARTESIAN_POINT ( 'NONE',  ( -5.080000000000000071, -8.406000000000007688, -0.09999999999999982514 ) ) ;
#3824 = VERTEX_POINT ( 'NONE', #6780 ) ;
#3825 = CARTESIAN_POINT ( 'NONE',  ( -19.76202226110594040, 2.122077727960236970, -0.1000000000000000056 ) ) ;
#3826 = ADVANCED_FACE ( 'NONE', ( #1829 ), #4657, .F. ) ;
#3827 = ORIENTED_EDGE ( 'NONE', *, *, #4446, .T. ) ;
#3828 = CARTESIAN_POINT ( 'NONE',  ( -19.78204749569450982, 1.779363481767646471, -0.1000000000000000056 ) ) ;
#3829 = CARTESIAN_POINT ( 'NONE',  ( -20.10997695587489176, -3.458260497906558761, 0.000000000000000000 ) ) ;
#3830 =( NAMED_UNIT ( * ) PLANE_ANGLE_UNIT ( ) SI_UNIT ( $, .RADIAN. ) );
#3831 = CARTESIAN_POINT ( 'NONE',  ( -19.94332505971822300, -0.6973972017470806417, 0.000000000000000000 ) ) ;
#3832 = CARTESIAN_POINT ( 'NONE',  ( -19.35140707272520899, -3.130916015438224509, 0.000000000000000000 ) ) ;
#3833 = LINE ( 'NONE', #373, #3426 ) ;
#3834 = CARTESIAN_POINT ( 'NONE',  ( -20.06266029450879174, -0.7510142499173804165, 0.000000000000000000 ) ) ;
#3835 = CARTESIAN_POINT ( 'NONE',  ( -18.97850180127823805, 2.980854873657224680, -0.1000000000000000056 ) ) ;
#3836 = ADVANCED_FACE ( 'NONE', ( #4798 ), #2616, .T. ) ;
#3837 = ORIENTED_EDGE ( 'NONE', *, *, #1481, .T. ) ;
#3838 = ADVANCED_FACE ( 'NONE', ( #2713 ), #1079, .T. ) ;
#3839 = CARTESIAN_POINT ( 'NONE',  ( -19.67334413072348198, 4.256153623723125889, 0.000000000000000000 ) ) ;
#3840 = CARTESIAN_POINT ( 'NONE',  ( -19.52833215122209154, -0.8987600590164418479, 0.000000000000000000 ) ) ;
#3841 = CARTESIAN_POINT ( 'NONE',  ( -20.10918549110403220, -0.9223455405550418096, -0.1000000000000000056 ) ) ;
#3842 = CARTESIAN_POINT ( 'NONE',  ( -19.82747083254083620, 1.928096221661918852, 1.355252715606880543E-17 ) ) ;
#3843 = CARTESIAN_POINT ( 'NONE',  ( -18.22804157293182570, 1.019081164068401657, 0.000000000000000000 ) ) ;
#3844 = ORIENTED_EDGE ( 'NONE', *, *, #5278, .T. ) ;
#3845 = FILL_AREA_STYLE_COLOUR ( '', #3741 ) ;
#3846 = CARTESIAN_POINT ( 'NONE',  ( -18.81668839694132345, -3.537433054906372831, 0.000000000000000000 ) ) ;
#3847 = CARTESIAN_POINT ( 'NONE',  ( -18.99430408764438027, 0.8735950868324086072, 1.355252715606880543E-17 ) ) ;
#3848 = CARTESIAN_POINT ( 'NONE',  ( -18.94390057184965315, 0.8388497662732085081, 0.000000000000000000 ) ) ;
#3849 = EDGE_CURVE ( 'NONE', #5162, #8134, #8433, .T. ) ;
#3850 = EDGE_LOOP ( 'NONE', ( #6782, #5394, #2290, #2628 ) ) ;
#3851 = DIRECTION ( 'NONE',  ( 0.000000000000000000, 0.000000000000000000, -1.000000000000000000 ) ) ;
#3852 = CARTESIAN_POINT ( 'NONE',  ( -19.59972421887207261, -3.084476636667433436, 0.000000000000000000 ) ) ;
#3853 = DIRECTION ( 'NONE',  ( -0.000000000000000000, -0.000000000000000000, -1.000000000000000000 ) ) ;
#3854 = CARTESIAN_POINT ( 'NONE',  ( -20.10918549110403220, -0.9223455405550418096, 1.355252715606880543E-17 ) ) ;
#3855 = CARTESIAN_POINT ( 'NONE',  ( -19.39059585632677241, -4.214519543126007406, 0.000000000000000000 ) ) ;
#3856 = CARTESIAN_POINT ( 'NONE',  ( -18.57107283228923578, -2.770032115317873522, -0.1000000000000000056 ) ) ;
#3857 = AXIS2_PLACEMENT_3D ( 'NONE', #9125, #1989, #4833 ) ;
#3858 =( NAMED_UNIT ( * ) PLANE_ANGLE_UNIT ( ) SI_UNIT ( $, .RADIAN. ) );
#3859 = CARTESIAN_POINT ( 'NONE',  ( -19.46808755058650675, 3.074357725779213624, -0.1000000000000000056 ) ) ;
#3860 = UNCERTAINTY_MEASURE_WITH_UNIT (LENGTH_MEASURE( 1.000000000000000082E-05 ), #3548, 'distance_accuracy_value', 'NONE');
#3861 = DIRECTION ( 'NONE',  ( 1.000000000000000000, 0.000000000000000000, 0.000000000000000000 ) ) ;
#3862 = AXIS2_PLACEMENT_3D ( 'NONE', #62, #7016, #3603 ) ;
#3863 = ORIENTED_EDGE ( 'NONE', *, *, #2222, .F. ) ;
#3864 = CARTESIAN_POINT ( 'NONE',  ( -18.31231436618611497, 1.429638291497783875, -0.1000000000000000056 ) ) ;
#3865 = CYLINDRICAL_SURFACE ( 'NONE', #7022, 0.5000000000000004441 ) ;
#3866 = VERTEX_POINT ( 'NONE', #655 ) ;
#3867 = CYLINDRICAL_SURFACE ( 'NONE', #7503, 0.5000000000000013323 ) ;
#3868 = CARTESIAN_POINT ( 'NONE',  ( -19.84731424955938550, 2.461948518103673322, -0.1000000000000000056 ) ) ;
#3869 = ORIENTED_EDGE ( 'NONE', *, *, #2482, .F. ) ;
#3870 = CARTESIAN_POINT ( 'NONE',  ( -18.97850180127823805, 2.980854873657224680, 0.000000000000000000 ) ) ;
#3871 = EDGE_CURVE ( 'NONE', #5343, #706, #3487, .T. ) ;
#3872 = CARTESIAN_POINT ( 'NONE',  ( -19.73481591685363057, 2.148329389107063836, -0.1000000000000000056 ) ) ;
#3873 = CIRCLE ( 'NONE', #2837, 2.000000000000000000 ) ;
#3874 = ORIENTED_EDGE ( 'NONE', *, *, #2957, .T. ) ;
#3875 = CARTESIAN_POINT ( 'NONE',  ( -19.64206718951841779, 1.675095787269231362, -0.1000000000000000056 ) ) ;
#3876 = CARTESIAN_POINT ( 'NONE',  ( -20.11016722181046390, -3.478466618855795112, -0.1000000000000000056 ) ) ;
#3877 = CARTESIAN_POINT ( 'NONE',  ( -18.89191483369793190, -0.7806786967117664844, -0.1000000000000000056 ) ) ;
#3878 = CIRCLE ( 'NONE', #2536, 7.000000000000000000 ) ;
#3879 = CARTESIAN_POINT ( 'NONE',  ( -19.22470592051654492, -3.410023046466255092, 0.000000000000000000 ) ) ;
#3880 = CARTESIAN_POINT ( 'NONE',  ( -19.41382108082896352, -1.451356979756482701, -0.1000000000000000056 ) ) ;
#3881 = CARTESIAN_POINT ( 'NONE',  ( 2.540000000000004476, -8.406000000000007688, 3.000000000000000000 ) ) ;
#3882 = FACE_OUTER_BOUND ( 'NONE', #7515, .T. ) ;
#3883 = EDGE_LOOP ( 'NONE', ( #8393, #5364, #8731, #5465 ) ) ;
#3884 = STYLED_ITEM ( 'NONE', ( #2689 ), #6395 ) ;
#3885 = CARTESIAN_POINT ( 'NONE',  ( -19.58454092841849103, 4.282526958077891521, 0.000000000000000000 ) ) ;
#3886 = CARTESIAN_POINT ( 'NONE',  ( -18.11923000037472420, -2.191152639001975988, 0.000000000000000000 ) ) ;
#3887 = CARTESIAN_POINT ( 'NONE',  ( -18.32197533745173956, 3.094422715504962174, -0.1000000000000000056 ) ) ;
#3888 = CARTESIAN_POINT ( 'NONE',  ( -19.76473815090729502, 1.758881379167298364, 1.355252715606880543E-17 ) ) ;
#3889 = VECTOR ( 'NONE', #4204, 1000.000000000000000 ) ;
#3890 = DIRECTION ( 'NONE',  ( -0.000000000000000000, -0.000000000000000000, 1.000000000000000000 ) ) ;
#3891 = ORIENTED_EDGE ( 'NONE', *, *, #5252, .T. ) ;
#3892 = CARTESIAN_POINT ( 'NONE',  ( -18.76665582308070412, 1.265702143110936317, 0.000000000000000000 ) ) ;
#3893 = PRESENTATION_LAYER_ASSIGNMENT (  '', '', ( #1511 ) ) ;
#3894 = CARTESIAN_POINT ( 'NONE',  ( -19.39059585632677241, -4.214519543126007406, -0.1000000000000000056 ) ) ;
#3895 = FACE_BOUND ( 'NONE', #4936, .T. ) ;
#3896 = CARTESIAN_POINT ( 'NONE',  ( -18.90799245901898118, -3.189099277343226735, 0.000000000000000000 ) ) ;
#3897 = ORIENTED_EDGE ( 'NONE', *, *, #8960, .T. ) ;
#3898 = DIRECTION ( 'NONE',  ( -0.000000000000000000, -0.000000000000000000, 1.000000000000000000 ) ) ;
#3899 = DIRECTION ( 'NONE',  ( 1.000000000000000000, 0.000000000000000000, 0.000000000000000000 ) ) ;
#3900 = EDGE_CURVE ( 'NONE', #1730, #1276, #4295, .T. ) ;
#3901 = FACE_BOUND ( 'NONE', #6764, .T. ) ;
#3902 = DIRECTION ( 'NONE',  ( -0.000000000000000000, -0.000000000000000000, 1.000000000000000000 ) ) ;
#3903 = DIRECTION ( 'NONE',  ( -0.000000000000000000, -0.000000000000000000, 1.000000000000000000 ) ) ;
#3904 = EDGE_CURVE ( 'NONE', #2618, #1513, #4382, .T. ) ;
#3905 = DIRECTION ( 'NONE',  ( 0.000000000000000000, 0.000000000000000000, 1.000000000000000000 ) ) ;
#3906 = CARTESIAN_POINT ( 'NONE',  ( -18.23031217262267845, -4.057111963109341524, -0.1000000000000000056 ) ) ;
#3907 = LINE ( 'NONE', #3859, #8329 ) ;
#3908 = ORIENTED_EDGE ( 'NONE', *, *, #8838, .F. ) ;
#3909 = CARTESIAN_POINT ( 'NONE',  ( -18.27430831901652653, -0.3414786893598783513, -0.1000000000000000056 ) ) ;
#3910 = FACE_OUTER_BOUND ( 'NONE', #4745, .T. ) ;
#3911 = ORIENTED_EDGE ( 'NONE', *, *, #8720, .T. ) ;
#3912 =( NAMED_UNIT ( * ) PLANE_ANGLE_UNIT ( ) SI_UNIT ( $, .RADIAN. ) );
#3913 = CARTESIAN_POINT ( 'NONE',  ( -19.43558226723079230, 3.942369181315102278, -0.1000000000000000056 ) ) ;
#3914 = ORIENTED_EDGE ( 'NONE', *, *, #1567, .T. ) ;
#3915 = DIRECTION ( 'NONE',  ( 0.000000000000000000, -1.000000000000000000, 0.000000000000000000 ) ) ;
#3916 = DIRECTION ( 'NONE',  ( -0.000000000000000000, 0.000000000000000000, 1.000000000000000000 ) ) ;
#3917 = B_SPLINE_CURVE_WITH_KNOTS ( 'NONE', 3,
 ( #1999, #4199, #2143, #7200, #6, #9180, #1392, #4245, #4980, #5733, #3547, #7826, #4291, #6447, #4844, #7151, #55, #2900, #7287 ),
 .UNSPECIFIED., .F., .F.,
 ( 4, 1, 1, 1, 1, 1, 1, 1, 1, 1, 1, 1, 1, 1, 1, 1, 4 ),
 ( 0.000000000000000000, 0.1085358101851137125, 0.2087601293164244032, 0.3012585259217841482, 0.3862856771541099410, 0.4658143429596178775, 0.5416700893277868190, 0.6158294566265207770, 0.6890214010786430698, 0.7256266687003875004, 0.7623618248931550712, 0.7992978662436438508, 0.8371213181396855996, 0.8758338091760717870, 0.9156382273714008813, 0.9570881620514093413, 1.000000000000000000 ),
 .UNSPECIFIED. ) ;
#3918 = VERTEX_POINT ( 'NONE', #146 ) ;
#3919 = B_SPLINE_CURVE_WITH_KNOTS ( 'NONE', 3,
 ( #3498, #6343, #2088, #5728, #5629, #9174, #2840, #6442, #8521, #7863, #7820, #2792, #3543, #8470, #1 ),
 .UNSPECIFIED., .F., .F.,
 ( 4, 1, 1, 1, 1, 1, 1, 1, 1, 1, 1, 1, 4 ),
 ( 0.000000000000000000, 0.1289937682148104559, 0.2489057897661870467, 0.3614566847417542972, 0.4676939636324345950, 0.5204024143951737624, 0.5758094663195127971, 0.6352030052420981621, 0.6977049570545653667, 0.7651541981758027688, 0.8382126754235744714, 0.9164092787385360594, 1.000000000000000000 ),
 .UNSPECIFIED. ) ;
#3920 = CARTESIAN_POINT ( 'NONE',  ( -18.60689819155737368, -4.224884236653647207, -0.1000000000000000056 ) ) ;
#3921 = LINE ( 'NONE', #8724, #3157 ) ;
#3922 = DIRECTION ( 'NONE',  ( 0.000000000000000000, 0.000000000000000000, 1.000000000000000000 ) ) ;
#3923 = CARTESIAN_POINT ( 'NONE',  ( -19.26409885662615906, -1.625000429551596737, 1.355252715606880543E-17 ) ) ;
#3924 = ORIENTED_EDGE ( 'NONE', *, *, #8793, .T. ) ;
#3925 = AXIS2_PLACEMENT_3D ( 'NONE', #4388, #7921, #4348 ) ;
#3926 =( NAMED_UNIT ( * ) SI_UNIT ( $, .STERADIAN. ) SOLID_ANGLE_UNIT ( ) );
#3927 = CARTESIAN_POINT ( 'NONE',  ( -19.91551890276748082, 2.404993800077257493, -0.1000000000000000056 ) ) ;
#3928 = EDGE_LOOP ( 'NONE', ( #8204, #6006, #8168, #4649 ) ) ;
#3929 = DIRECTION ( 'NONE',  ( 1.000000000000000000, 0.000000000000000000, 0.000000000000000000 ) ) ;
#3930 = AXIS2_PLACEMENT_3D ( 'NONE', #8166, #4626, #8969 ) ;
#3931 = CARTESIAN_POINT ( 'NONE',  ( -19.70609934158331811, -0.7912587149791584507, 0.000000000000000000 ) ) ;
#3932 = ADVANCED_FACE ( 'NONE', ( #5693 ), #7873, .T. ) ;
#3933 = EDGE_CURVE ( 'NONE', #3824, #6891, #3645, .T. ) ;
#3934 = CARTESIAN_POINT ( 'NONE',  ( -19.76473815090729502, 1.758881379167298364, -0.1000000000000000056 ) ) ;
#3935 = CARTESIAN_POINT ( 'NONE',  ( -18.41507688977921475, -1.939080607096354436, 0.000000000000000000 ) ) ;
#3936 = ORIENTED_EDGE ( 'NONE', *, *, #6333, .T. ) ;
#3937 = CARTESIAN_POINT ( 'NONE',  ( -18.33761397356202494, -0.3464091719252174739, -0.1000000000000000056 ) ) ;
#3938 = CARTESIAN_POINT ( 'NONE',  ( -20.04550713170336351, -3.864154144790637790, -0.1000000000000000056 ) ) ;
#3939 = CARTESIAN_POINT ( 'NONE',  ( -19.53920026758188655, -4.261525811056581681, -0.1000000000000000056 ) ) ;
#3940 = CARTESIAN_POINT ( 'NONE',  ( -18.74598104659399667, 2.607674678708939098, 0.000000000000000000 ) ) ;
#3941 = ORIENTED_EDGE ( 'NONE', *, *, #8667, .T. ) ;
#3942 = ORIENTED_EDGE ( 'NONE', *, *, #694, .T. ) ;
#3943 = CARTESIAN_POINT ( 'NONE',  ( 5.080000000000005400, -8.406000000000005912, 0.000000000000000000 ) ) ;
#3944 = CARTESIAN_POINT ( 'NONE',  ( -18.76370803080246219, 3.559663657968059614, -0.1000000000000000056 ) ) ;
#3945 = EDGE_CURVE ( 'NONE', #7671, #5162, #8473, .T. ) ;
#3946 = FILL_AREA_STYLE ('',( #1807 ) ) ;
#3947 = COLOUR_RGB ( '',1.000000000000000000, 0.9490196078431372140, 0.9098039215686274384 ) ;
#3948 = PRESENTATION_LAYER_ASSIGNMENT (  '', '', ( #9004 ) ) ;
#3949 = CARTESIAN_POINT ( 'NONE',  ( -18.41512428454094774, -1.525457961121879702, -0.1000000000000000056 ) ) ;
#3950 = CARTESIAN_POINT ( 'NONE',  ( -2.999999999999995115, 9.994999999999999218, 6.000000000000000000 ) ) ;
#3951 = CARTESIAN_POINT ( 'NONE',  ( -18.26298426765803740, 4.248159624735512452, -0.1000000000000000056 ) ) ;
#3952 = CARTESIAN_POINT ( 'NONE',  ( -18.12898359105253121, 0.9468244697510702634, -0.1000000000000000056 ) ) ;
#3953 = CARTESIAN_POINT ( 'NONE',  ( -18.16041669473411346, -3.955702998395771441, 0.000000000000000000 ) ) ;
#3954 = EDGE_CURVE ( 'NONE', #9061, #2968, #1987, .T. ) ;
#3955 = DIRECTION ( 'NONE',  ( 0.000000000000000000, 1.000000000000000000, 0.000000000000000000 ) ) ;
#3956 = PLANE ( 'NONE',  #8351 ) ;
#3957 = CARTESIAN_POINT ( 'NONE',  ( -18.54322014289402887, 2.203087240436032879, -0.1000000000000000056 ) ) ;
#3958 = EDGE_LOOP ( 'NONE', ( #7436, #4222, #47, #4791 ) ) ;
#3959 = B_SPLINE_SURFACE_WITH_KNOTS ( 'NONE', 3, 1, ( 
 ( #3699, #3019 ),
 ( #2240, #7738 ),
 ( #1538, #3465 ),
 ( #2047, #8432 ),
 ( #3600, #5692 ),
 ( #2148, #9184 ),
 ( #4890, #6305 ),
 ( #6500, #5082 ),
 ( #2950, #106 ),
 ( #654, #1348 ),
 ( #5780, #8480 ),
 ( #5639, #7920 ),
 ( #4988, #8627 ),
 ( #4387, #8531 ),
 ( #2099, #12 ) ),
 .UNSPECIFIED., .F., .F., .F.,
 ( 4, 1, 1, 1, 1, 1, 1, 1, 1, 1, 1, 1, 4 ),
 ( 2, 2 ),
 ( 0.000000000000000000, 0.08259178216996052035, 0.1642255450426349517, 0.2465938318446980748, 0.3290869349125307153, 0.4120645108506680310, 0.4941904263161427946, 0.5766211448756330959, 0.6598540648118951246, 0.7441235173473449427, 0.8282911644061393686, 0.9134839720891906323, 1.000000000000000000 ),
 ( 0.000000000000000000, 1.000000000000000000 ),
 .UNSPECIFIED. ) ;
#3960 = CARTESIAN_POINT ( 'NONE',  ( -18.68830917156022053, -4.220246184988410754, -0.1000000000000000056 ) ) ;
#3961 = CARTESIAN_POINT ( 'NONE',  ( -19.82394933650233426, 3.737974841727941033, -0.1000000000000000056 ) ) ;
#3962 = ORIENTED_EDGE ( 'NONE', *, *, #8082, .F. ) ;
#3963 =( NAMED_UNIT ( * ) SI_UNIT ( $, .STERADIAN. ) SOLID_ANGLE_UNIT ( ) );
#3964 = SURFACE_STYLE_USAGE ( .BOTH. , #4743 ) ;
#3965 = DIRECTION ( 'NONE',  ( 1.000000000000000000, 0.000000000000000000, 0.000000000000000000 ) ) ;
#3966 = ORIENTED_EDGE ( 'NONE', *, *, #8954, .F. ) ;
#3967 = FACE_OUTER_BOUND ( 'NONE', #3988, .T. ) ;
#3968 = ADVANCED_FACE ( 'NONE', ( #2288 ), #8715, .F. ) ;
#3969 = CARTESIAN_POINT ( 'NONE',  ( -19.12796792562329529, 3.332434303317755919, -0.1000000000000000056 ) ) ;
#3970 =( NAMED_UNIT ( * ) PLANE_ANGLE_UNIT ( ) SI_UNIT ( $, .RADIAN. ) );
#3971 = PRESENTATION_STYLE_ASSIGNMENT (( #6076 ) ) ;
#3972 = EDGE_LOOP ( 'NONE', ( #1502, #802, #6126, #2421 ) ) ;
#3973 = DIRECTION ( 'NONE',  ( 0.000000000000000000, 0.000000000000000000, -1.000000000000000000 ) ) ;
#3974 = CARTESIAN_POINT ( 'NONE',  ( -18.52795143393159805, -4.219539844967155950, 0.000000000000000000 ) ) ;
#3975 = VERTEX_POINT ( 'NONE', #323 ) ;
#3976 =( NAMED_UNIT ( * ) PLANE_ANGLE_UNIT ( ) SI_UNIT ( $, .RADIAN. ) );
#3977 = CARTESIAN_POINT ( 'NONE',  ( -19.14780852565607461, 0.8584722728092487598, 0.000000000000000000 ) ) ;
#3978 = CARTESIAN_POINT ( 'NONE',  ( -20.10540034009007115, -3.359565321765539903, 0.000000000000000000 ) ) ;
#3979 = CARTESIAN_POINT ( 'NONE',  ( -18.11575693815316512, 0.9135499176688107736, 0.000000000000000000 ) ) ;
#3980 = ORIENTED_EDGE ( 'NONE', *, *, #4135, .F. ) ;
#3981 = CARTESIAN_POINT ( 'NONE',  ( -19.41825657873453892, -4.235582628076191902, -0.1000000000000000056 ) ) ;
#3982 = CARTESIAN_POINT ( 'NONE',  ( -18.37397834895619297, 1.850302369701432248, 0.000000000000000000 ) ) ;
#3983 = CARTESIAN_POINT ( 'NONE',  ( -19.39545228777929253, 4.301933797200518050, -0.1000000000000000056 ) ) ;
#3984 = LINE ( 'NONE', #4171, #4244 ) ;
#3985 = CARTESIAN_POINT ( 'NONE',  ( -18.99120946084822847, 2.978707520378204521, -0.000000000000000000 ) ) ;
#3986 = ADVANCED_FACE ( 'NONE', ( #1585 ), #3867, .F. ) ;
#3987 = ORIENTED_EDGE ( 'NONE', *, *, #5905, .F. ) ;
#3988 = EDGE_LOOP ( 'NONE', ( #200, #1184, #522, #5901 ) ) ;
#3989 = CARTESIAN_POINT ( 'NONE',  ( -19.88722773055933146, -1.939569463028618213, -0.1000000000000000056 ) ) ;
#3990 = SURFACE_STYLE_USAGE ( .BOTH. , #2458 ) ;
#3991 = CARTESIAN_POINT ( 'NONE',  ( -19.97041506568329083, -1.103157313473631662, -0.1000000000000000056 ) ) ;
#3992 = CARTESIAN_POINT ( 'NONE',  ( 4.580000000000004512, -8.406000000000005912, 3.100000000000000089 ) ) ;
#3993 = CARTESIAN_POINT ( 'NONE',  ( -18.11284958892196428, -1.266553390581976579, 0.000000000000000000 ) ) ;
#3994 = ADVANCED_FACE ( 'NONE', ( #8757 ), #8505, .T. ) ;
#3995 = CARTESIAN_POINT ( 'NONE',  ( -18.10687864759171717, -0.1107587432861326104, -0.1000000000000000056 ) ) ;
#3996 = EDGE_CURVE ( 'NONE', #6796, #6727, #4789, .T. ) ;
#3997 = CARTESIAN_POINT ( 'NONE',  ( -19.20996798879725986, 2.631655538532770677, -0.1000000000000000056 ) ) ;
#3998 = CARTESIAN_POINT ( 'NONE',  ( -18.76026535116035632, 3.812058908259821077, -0.1000000000000000056 ) ) ;
#3999 = MECHANICAL_DESIGN_GEOMETRIC_PRESENTATION_REPRESENTATION (  '', ( #6841 ), #8461 ) ;
#4000 = CARTESIAN_POINT ( 'NONE',  ( -19.46954055206917999, 3.042885545685848570, 0.000000000000000000 ) ) ;
#4001 = CARTESIAN_POINT ( 'NONE',  ( -18.76315711130473574, 2.256178964079694538, -0.1000000000000000056 ) ) ;
#4002 = ORIENTED_EDGE ( 'NONE', *, *, #6686, .T. ) ;
#4003 = VECTOR ( 'NONE', #8090, 1000.000000000000000 ) ;
#4004 = DIRECTION ( 'NONE',  ( -0.000000000000000000, -0.000000000000000000, -1.000000000000000000 ) ) ;
#4005 = CARTESIAN_POINT ( 'NONE',  ( -19.77026629585628115, 2.509327615102131315, 1.355252715606880543E-17 ) ) ;
#4006 = ORIENTED_EDGE ( 'NONE', *, *, #3100, .T. ) ;
#4007 = CARTESIAN_POINT ( 'NONE',  ( 5.080000000000005400, -8.406000000000005912, 3.100000000000000089 ) ) ;
#4008 = SURFACE_SIDE_STYLE ('',( #2612 ) ) ;
#4009 = ORIENTED_EDGE ( 'NONE', *, *, #3673, .F. ) ;
#4010 = COLOUR_RGB ( '',1.000000000000000000, 0.9490196078431372140, 0.9098039215686274384 ) ;
#4011 = CARTESIAN_POINT ( 'NONE',  ( -19.03772146964434597, 3.503682885544967096, 0.000000000000000000 ) ) ;
#4012 = EDGE_CURVE ( 'NONE', #8986, #8243, #3809, .T. ) ;
#4013 = FILL_AREA_STYLE ('',( #2660 ) ) ;
#4014 = CARTESIAN_POINT ( 'NONE',  ( -19.25142666988181617, -1.663012017102727391, 1.355252715606880543E-17 ) ) ;
#4015 = ORIENTED_EDGE ( 'NONE', *, *, #6877, .T. ) ;
#4016 = VECTOR ( 'NONE', #6513, 1000.000000000000000 ) ;
#4017 = CARTESIAN_POINT ( 'NONE',  ( -20.08866384834395546, -0.7901252595772652043, 0.000000000000000000 ) ) ;
#4018 = EDGE_CURVE ( 'NONE', #6525, #3329, #5460, .T. ) ;
#4019 = LINE ( 'NONE', #3417, #9003 ) ;
#4020 = ORIENTED_EDGE ( 'NONE', *, *, #4563, .T. ) ;
#4021 = CARTESIAN_POINT ( 'NONE',  ( -20.04550713170336351, -3.864154144790637790, 0.000000000000000000 ) ) ;
#4022 = DIRECTION ( 'NONE',  ( -0.000000000000000000, -0.000000000000000000, 1.000000000000000000 ) ) ;
#4023 = CARTESIAN_POINT ( 'NONE',  ( -19.27152765663569411, -2.712285910255560317, -0.1000000000000000056 ) ) ;
#4024 = CARTESIAN_POINT ( 'NONE',  ( -18.40632753615924955, 0.9136580991979335042, -0.1000000000000000056 ) ) ;
#4025 = ORIENTED_EDGE ( 'NONE', *, *, #448, .T. ) ;
#4026 = LINE ( 'NONE', #2771, #4803 ) ;
#4027 = DIRECTION ( 'NONE',  ( -0.000000000000000000, -0.000000000000000000, -1.000000000000000000 ) ) ;
#4028 = VECTOR ( 'NONE', #5334, 1000.000000000000000 ) ;
#4029 = CARTESIAN_POINT ( 'NONE',  ( -18.89239005528139259, 4.082624177687526945, -0.1000000000000000056 ) ) ;
#4030 = SURFACE_STYLE_USAGE ( .BOTH. , #6887 ) ;
#4031 = CARTESIAN_POINT ( 'NONE',  ( -18.38078319949056194, 0.9632672471013765669, -0.1000000000000000056 ) ) ;
#4032 = CARTESIAN_POINT ( 'NONE',  ( -18.91564229619935134, 2.626780270814437213, 0.000000000000000000 ) ) ;
#4033 = ORIENTED_EDGE ( 'NONE', *, *, #2891, .F. ) ;
#4034 = ORIENTED_EDGE ( 'NONE', *, *, #1224, .T. ) ;
#4035 = PRESENTATION_LAYER_ASSIGNMENT (  '', '', ( #5682 ) ) ;
#4036 = CARTESIAN_POINT ( 'NONE',  ( -18.24212404777031793, 1.492384979735884132, -0.1000000000000000056 ) ) ;
#4037 = B_SPLINE_CURVE_WITH_KNOTS ( 'NONE', 3,
 ( #6492, #2943, #1485, #5774, #7149, #1437, #649, #4289, #1340, #1532, #4337 ),
 .UNSPECIFIED., .F., .F.,
 ( 4, 1, 1, 1, 1, 1, 1, 1, 4 ),
 ( 0.000000000000000000, 0.1633466419797980074, 0.3066913266864577658, 0.4345989141071393558, 0.5476893777153222231, 0.6552956344685770818, 0.7615750495759896488, 0.8747651816497119537, 1.000000000000000000 ),
 .UNSPECIFIED. ) ;
#4038 = EDGE_LOOP ( 'NONE', ( #9002, #5440, #8840, #6972 ) ) ;
#4039 = CARTESIAN_POINT ( 'NONE',  ( -18.10687864759171362, -1.442271461486816619, -0.1000000000000000056 ) ) ;
#4040 = VECTOR ( 'NONE', #1053, 1000.000000000000000 ) ;
#4041 = CARTESIAN_POINT ( 'NONE',  ( -19.80196897962296276, -3.483282216389974373, -0.1000000000000000056 ) ) ;
#4042 = CARTESIAN_POINT ( 'NONE',  ( -19.90229205412016000, 4.112835990138377973, -0.1000000000000000056 ) ) ;
#4043 = AXIS2_PLACEMENT_3D ( 'NONE', #7676, #4087, #2783 ) ;
#4044 = CARTESIAN_POINT ( 'NONE',  ( -19.64700727804004998, 1.317362039403019658, -0.1000000000000000056 ) ) ;
#4045 = CARTESIAN_POINT ( 'NONE',  ( -18.07036519568200106, -3.689863343027646181, 0.000000000000000000 ) ) ;
#4046 = AXIS2_PLACEMENT_3D ( 'NONE', #447, #8133, #3177 ) ;
#4047 =( NAMED_UNIT ( * ) SI_UNIT ( $, .STERADIAN. ) SOLID_ANGLE_UNIT ( ) );
#4048 = CARTESIAN_POINT ( 'NONE',  ( -19.70634212275253461, 3.306101340691884438, 0.000000000000000000 ) ) ;
#4049 = CARTESIAN_POINT ( 'NONE',  ( -18.72950053127595993, -1.144486988157620067, 0.000000000000000000 ) ) ;
#4050 = CARTESIAN_POINT ( 'NONE',  ( -18.36371051608129790, 1.935468908945718436, -0.1000000000000000056 ) ) ;
#4051 = ORIENTED_EDGE ( 'NONE', *, *, #448, .F. ) ;
#4052 = CARTESIAN_POINT ( 'NONE',  ( -18.99698605297088605, -4.042080142805495768, -0.1000000000000000056 ) ) ;
#4053 = CARTESIAN_POINT ( 'NONE',  ( -19.77050617088199758, 3.815975639143019293, -0.1000000000000000056 ) ) ;
#4054 = ORIENTED_EDGE ( 'NONE', *, *, #1358, .F. ) ;
#4055 = CARTESIAN_POINT ( 'NONE',  ( -2.039999999999999591, -8.406000000000007688, 3.100000000000000089 ) ) ;
#4056 = CARTESIAN_POINT ( 'NONE',  ( -19.46954055206917999, 3.042885545685848570, 0.000000000000000000 ) ) ;
#4057 = CARTESIAN_POINT ( 'NONE',  ( -18.26298426765803740, 4.248159624735512452, -0.1000000000000000056 ) ) ;
#4058 = CARTESIAN_POINT ( 'NONE',  ( -18.93213297688625829, -0.8021376415227529089, 1.355252715606880543E-17 ) ) ;
#4059 = EDGE_LOOP ( 'NONE', ( #8021, #8290, #553, #3808 ) ) ;
#4060 = CARTESIAN_POINT ( 'NONE',  ( -19.07813573149224950, 3.404385076110486796, 0.000000000000000000 ) ) ;
#4061 = SURFACE_STYLE_FILL_AREA ( #5315 ) ;
#4062 = CARTESIAN_POINT ( 'NONE',  ( -18.76977844069392276, 1.622552916482236762, -0.1000000000000000056 ) ) ;
#4063 = CARTESIAN_POINT ( 'NONE',  ( -20.04267103818477125, 2.232414747130833543, -0.1000000000000000056 ) ) ;
#4064 = COLOUR_RGB ( '',1.000000000000000000, 0.9607843137254902244, 0.8901960784313724950 ) ;
#4065 = ORIENTED_EDGE ( 'NONE', *, *, #2680, .F. ) ;
#4066 = EDGE_CURVE ( 'NONE', #3197, #6469, #498, .T. ) ;
#4067 = ADVANCED_FACE ( 'NONE', ( #8987 ), #8184, .T. ) ;
#4068 =( NAMED_UNIT ( * ) SI_UNIT ( $, .STERADIAN. ) SOLID_ANGLE_UNIT ( ) );
#4069 = CARTESIAN_POINT ( 'NONE',  ( -19.98288292307847769, -2.966466662586350278, 0.000000000000000000 ) ) ;
#4070 = VECTOR ( 'NONE', #1141, 1000.000000000000000 ) ;
#4071 = CARTESIAN_POINT ( 'NONE',  ( -18.47487055916194620, 2.529392604827879865, -0.1000000000000000056 ) ) ;
#4072 = EDGE_LOOP ( 'NONE', ( #4761, #477 ) ) ;
#4073 =( NAMED_UNIT ( * ) PLANE_ANGLE_UNIT ( ) SI_UNIT ( $, .RADIAN. ) );
#4074 = CARTESIAN_POINT ( 'NONE',  ( -18.36512499187151803, 1.891725041986249023, -0.1000000000000000056 ) ) ;
#4075 = CARTESIAN_POINT ( 'NONE',  ( -18.37554480146947000, -2.808851006133118666, 0.000000000000000000 ) ) ;
#4076 = DIRECTION ( 'NONE',  ( -0.000000000000000000, -0.000000000000000000, 1.000000000000000000 ) ) ;
#4077 = CARTESIAN_POINT ( 'NONE',  ( -19.33886901675268533, -4.088041006724040471, -0.1000000000000000056 ) ) ;
#4078 = CARTESIAN_POINT ( 'NONE',  ( -18.38893280896451188, -3.276172478212727501, -0.1000000000000000056 ) ) ;
#4079 = ORIENTED_EDGE ( 'NONE', *, *, #2023, .F. ) ;
#4080 = AXIS2_PLACEMENT_3D ( 'NONE', #7770, #9122, #4872 ) ;
#4081 = ORIENTED_EDGE ( 'NONE', *, *, #8899, .F. ) ;
#4082 =( NAMED_UNIT ( * ) PLANE_ANGLE_UNIT ( ) SI_UNIT ( $, .RADIAN. ) );
#4083 = CARTESIAN_POINT ( 'NONE',  ( -18.71565127990104571, -3.000753797239673837, -0.1000000000000000056 ) ) ;
#4084 = UNCERTAINTY_MEASURE_WITH_UNIT (LENGTH_MEASURE( 1.000000000000000082E-05 ), #5996, 'distance_accuracy_value', 'NONE');
#4085 = SURFACE_SIDE_STYLE ('',( #6098 ) ) ;
#4086 = CARTESIAN_POINT ( 'NONE',  ( -20.04262760204055738, 3.236101435042462171, -0.1000000000000000056 ) ) ;
#4087 = DIRECTION ( 'NONE',  ( 0.000000000000000000, 0.000000000000000000, 1.000000000000000000 ) ) ;
#4088 = CARTESIAN_POINT ( 'NONE',  ( -19.85694705147151495, -1.173801898956299050, -0.1000000000000000056 ) ) ;
#4089 = VECTOR ( 'NONE', #598, 1000.000000000000000 ) ;
#4090 = CARTESIAN_POINT ( 'NONE',  ( -20.05708089332155808, 3.885039332380009647, -0.1000000000000000056 ) ) ;
#4091 = CARTESIAN_POINT ( 'NONE',  ( -18.16627101717993042, -1.045787264506022440, 0.000000000000000000 ) ) ;
#4092 = CARTESIAN_POINT ( 'NONE',  ( -19.80098619822726747, -3.544947653133361243, -0.1000000000000000056 ) ) ;
#4093 = VECTOR ( 'NONE', #6090, 1000.000000000000000 ) ;
#4094 = PLANE ( 'NONE',  #1323 ) ;
#4095 = CIRCLE ( 'NONE', #7817, 8.000000000000001776 ) ;
#4096 = CARTESIAN_POINT ( 'NONE',  ( -18.10687864759171362, 3.332794793446856918, -0.1000000000000000056 ) ) ;
#4097 = CARTESIAN_POINT ( 'NONE',  ( -18.90945756842869230, 2.268706555851359497, -0.1000000000000000056 ) ) ;
#4098 = CARTESIAN_POINT ( 'NONE',  ( -19.58889545610912108, 3.238986016978368188, 0.000000000000000000 ) ) ;
#4099 = CARTESIAN_POINT ( 'NONE',  ( -19.12102701733996923, 0.8731431154950455298, -0.1000000000000000056 ) ) ;
#4100 =( GEOMETRIC_REPRESENTATION_CONTEXT ( 3 ) GLOBAL_UNCERTAINTY_ASSIGNED_CONTEXT ( ( #4985 ) ) GLOBAL_UNIT_ASSIGNED_CONTEXT ( ( #7310, #5845, #8151 ) ) REPRESENTATION_CONTEXT ( 'NONE', 'WORKASPACE' ) );
#4101 = ORIENTED_EDGE ( 'NONE', *, *, #4287, .F. ) ;
#4102 = CARTESIAN_POINT ( 'NONE',  ( -18.46018341094351101, -1.263853075448103658, 0.000000000000000000 ) ) ;
#4103 = CARTESIAN_POINT ( 'NONE',  ( -19.80716850779046467, 2.053975455358346469, 0.000000000000000000 ) ) ;
#4104 = PRODUCT_DEFINITION_FORMATION_WITH_SPECIFIED_SOURCE ( 'ANY', '', #851, .NOT_KNOWN. ) ;
#4105 = DIRECTION ( 'NONE',  ( 0.000000000000000000, 0.000000000000000000, 1.000000000000000000 ) ) ;
#4106 = ADVANCED_FACE ( 'NONE', ( #9129 ), #5070, .T. ) ;
#4107 = CARTESIAN_POINT ( 'NONE',  ( -19.07962934949600964, 2.272962036132811559, -0.1000000000000000056 ) ) ;
#4108 = FACE_BOUND ( 'NONE', #8283, .T. ) ;
#4109 = DIRECTION ( 'NONE',  ( -0.000000000000000000, -0.000000000000000000, -1.000000000000000000 ) ) ;
#4110 = ORIENTED_EDGE ( 'NONE', *, *, #7719, .F. ) ;
#4111 = FILL_AREA_STYLE_COLOUR ( '', #9 ) ;
#4112 = CARTESIAN_POINT ( 'NONE',  ( -20.09819726337040180, 2.072848493137993131, -0.1000000000000000056 ) ) ;
#4113 = B_SPLINE_SURFACE_WITH_KNOTS ( 'NONE', 3, 1, ( 
 ( #1972, #4763 ),
 ( #1885, #1225 ),
 ( #4074, #7532 ),
 ( #3383, #3982 ),
 ( #428, #6135 ),
 ( #572, #6974 ),
 ( #9054, #3291 ),
 ( #8967, #6835 ),
 ( #2673, #1270 ),
 ( #8496, #8543 ),
 ( #9108, #671 ),
 ( #5750, #76 ),
 ( #3477, #4860 ),
 ( #7755, #7076 ),
 ( #6463, #2867 ),
 ( #2726, #8403 ),
 ( #5563, #5704 ),
 ( #1508, #2813 ),
 ( #623, #8593 ) ),
 .UNSPECIFIED., .F., .F., .F.,
 ( 4, 1, 1, 1, 1, 1, 1, 1, 1, 1, 1, 1, 1, 1, 1, 1, 4 ),
 ( 2, 2 ),
 ( 0.000000000000000000, 0.05004452659864821323, 0.09690282500097292806, 0.1418805979969471331, 0.1860269339771858654, 0.2301595093453233376, 0.2757475799681438633, 0.3239245878896979680, 0.3758474505970835766, 0.4326295513593807485, 0.4947465404817349977, 0.5632259117326346987, 0.6374266595317188422, 0.7184702833508985753, 0.8055403051114993218, 0.8996503425031964207, 1.000000000000000000 ),
 ( 0.000000000000000000, 1.000000000000000000 ),
 .UNSPECIFIED. ) ;
#4114 = COLOUR_RGB ( '',1.000000000000000000, 0.9607843137254902244, 0.8901960784313724950 ) ;
#4115 = EDGE_CURVE ( 'NONE', #8054, #4866, #3919, .T. ) ;
#4116 = CARTESIAN_POINT ( 'NONE',  ( -20.01341006449763782, -2.297766017244464720, 0.000000000000000000 ) ) ;
#4117 = CARTESIAN_POINT ( 'NONE',  ( 5.499999999999997335, 8.572527594031476148E-16, 16.00000000000000000 ) ) ;
#4118 = CARTESIAN_POINT ( 'NONE',  ( -19.83471580746224916, -2.801693080352995135, 0.000000000000000000 ) ) ;
#4119 = CARTESIAN_POINT ( 'NONE',  ( -18.77391864266701660, -1.154204271508742830, 1.355252715606880543E-17 ) ) ;
#4120 = CARTESIAN_POINT ( 'NONE',  ( -19.85333535332087962, 3.595646158854164387, -0.1000000000000000056 ) ) ;
#4121 = VERTEX_POINT ( 'NONE', #4933 ) ;
#4122 = CARTESIAN_POINT ( 'NONE',  ( -18.21120118687360545, -0.3232693381920512254, 0.000000000000000000 ) ) ;
#4123 = DIRECTION ( 'NONE',  ( -1.000000000000000000, 0.000000000000000000, 0.000000000000000000 ) ) ;
#4124 = CARTESIAN_POINT ( 'NONE',  ( -19.98012585477605541, -3.988503915839042513, -0.1000000000000000056 ) ) ;
#4125 = CARTESIAN_POINT ( 'NONE',  ( -19.37440104604546676, 3.941066854797398822, -0.1000000000000000056 ) ) ;
#4126 = LINE ( 'NONE', #2582, #4093 ) ;
#4127 = ORIENTED_EDGE ( 'NONE', *, *, #2147, .T. ) ;
#4128 = ORIENTED_EDGE ( 'NONE', *, *, #4343, .F. ) ;
#4129 = FACE_OUTER_BOUND ( 'NONE', #4059, .T. ) ;
#4130 = CARTESIAN_POINT ( 'NONE',  ( -18.08704657968000262, 1.827573387342284139, -0.1000000000000000056 ) ) ;
#4131 = FILL_AREA_STYLE ('',( #4775 ) ) ;
#4132 = CARTESIAN_POINT ( 'NONE',  ( -19.92805127605796045, 3.068075475416135678, 2.710505431213761085E-17 ) ) ;
#4133 = CARTESIAN_POINT ( 'NONE',  ( -18.13875162517988571, 1.644597845504147449, 0.000000000000000000 ) ) ;
#4134 = CARTESIAN_POINT ( 'NONE',  ( -18.43680914891254830, -1.319698305115262871, -0.1000000000000000056 ) ) ;
#4135 = EDGE_CURVE ( 'NONE', #8226, #6660, #5868, .T. ) ;
#4136 = ADVANCED_FACE ( 'NONE', ( #2896 ), #2185, .F. ) ;
#4137 = CARTESIAN_POINT ( 'NONE',  ( -18.10583723952224133, 2.124195220557056896, -0.1000000000000000056 ) ) ;
#4138 = CARTESIAN_POINT ( 'NONE',  ( -18.10687864759171717, 0.8310918744405113578, 0.000000000000000000 ) ) ;
#4139 = CARTESIAN_POINT ( 'NONE',  ( -18.36438238923829402, 1.966593809753808708, 0.000000000000000000 ) ) ;
#4140 = B_SPLINE_CURVE_WITH_KNOTS ( 'NONE', 3,
 ( #8971, #6048, #2497, #4627, #8882, #9015, #4078, #4818, #3344, #8300, #3251, #5327, #7535, #1930, #6091 ),
 .UNSPECIFIED., .F., .F.,
 ( 4, 1, 1, 1, 1, 1, 1, 1, 1, 1, 1, 1, 4 ),
 ( 0.000000000000000000, 0.1289937682148104559, 0.2489057897661870467, 0.3614566847417542972, 0.4676939636324345950, 0.5204024143951737624, 0.5758094663195127971, 0.6352030052420981621, 0.6977049570545653667, 0.7651541981758027688, 0.8382126754235744714, 0.9164092787385360594, 1.000000000000000000 ),
 .UNSPECIFIED. ) ;
#4141 = EDGE_CURVE ( 'NONE', #5954, #1931, #2136, .T. ) ;
#4142 = CARTESIAN_POINT ( 'NONE',  ( -20.11016722181046745, 3.590429261525470039, 0.000000000000000000 ) ) ;
#4143 = CARTESIAN_POINT ( 'NONE',  ( -19.51426025257980967, 2.962997427730376554, 0.000000000000000000 ) ) ;
#4144 = LINE ( 'NONE', #50, #438 ) ;
#4145 = CARTESIAN_POINT ( 'NONE',  ( -19.56900382164791807, 3.229972694038570680, -0.1000000000000000056 ) ) ;
#4146 = CARTESIAN_POINT ( 'NONE',  ( -19.14780852565607461, 0.8584722728092487598, -0.1000000000000000056 ) ) ;
#4147 = ORIENTED_EDGE ( 'NONE', *, *, #3954, .F. ) ;
#4148 = CARTESIAN_POINT ( 'NONE',  ( -19.63647508782394624, 2.205337947062619097, 0.000000000000000000 ) ) ;
#4149 = CARTESIAN_POINT ( 'NONE',  ( -4.999999999999995559, 6.294999999999998153, 3.000000000000000000 ) ) ;
#4150 = FILL_AREA_STYLE_COLOUR ( '', #5507 ) ;
#4151 = CARTESIAN_POINT ( 'NONE',  ( -19.62225192208060420, -3.849696316186396849, 0.000000000000000000 ) ) ;
#4152 = AXIS2_PLACEMENT_3D ( 'NONE', #4518, #7425, #6506 ) ;
#4153 = CARTESIAN_POINT ( 'NONE',  ( -19.03147337415421347, 3.601264355977374265, -0.1000000000000000056 ) ) ;
#4154 = CARTESIAN_POINT ( 'NONE',  ( -19.82765216647192119, 1.938278007507323153, -0.1000000000000000056 ) ) ;
#4155 = ORIENTED_EDGE ( 'NONE', *, *, #2028, .F. ) ;
#4156 = LINE ( 'NONE', #3647, #7734 ) ;
#4157 = CARTESIAN_POINT ( 'NONE',  ( -18.44081972048845941, -3.810017038931931221, 0.000000000000000000 ) ) ;
#4158 =( GEOMETRIC_REPRESENTATION_CONTEXT ( 3 ) GLOBAL_UNCERTAINTY_ASSIGNED_CONTEXT ( ( #9183 ) ) GLOBAL_UNIT_ASSIGNED_CONTEXT ( ( #4234, #6293, #4047 ) ) REPRESENTATION_CONTEXT ( 'NONE', 'WORKASPACE' ) );
#4159 = VERTEX_POINT ( 'NONE', #2462 ) ;
#4160 = CARTESIAN_POINT ( 'NONE',  ( -20.10784737161238667, -2.173293635727515660, 0.000000000000000000 ) ) ;
#4161 = FILL_AREA_STYLE_COLOUR ( '', #3216 ) ;
#4162 = CARTESIAN_POINT ( 'NONE',  ( -20.07876860249296058, -3.195935133352672430, 0.000000000000000000 ) ) ;
#4163 = CARTESIAN_POINT ( 'NONE',  ( -18.72950053127595993, -1.144486988157620067, -0.1000000000000000056 ) ) ;
#4164 = EDGE_CURVE ( 'NONE', #5709, #8648, #5297, .T. ) ;
#4165 = CARTESIAN_POINT ( 'NONE',  ( -18.59941200900698277, 2.575284139238176451, -0.1000000000000000056 ) ) ;
#4166 = ORIENTED_EDGE ( 'NONE', *, *, #162, .F. ) ;
#4167 = VECTOR ( 'NONE', #1118, 1000.000000000000000 ) ;
#4168 = B_SPLINE_CURVE_WITH_KNOTS ( 'NONE', 3,
 ( #7772, #1381, #4232, #6383, #2130, #7094, #686, #2833, #4832, #5675, #4783, #2887, #132, #7995, #3761, #8608, #2981, #1525, #5767 ),
 .UNSPECIFIED., .F., .F.,
 ( 4, 1, 1, 1, 1, 1, 1, 1, 1, 1, 1, 1, 1, 1, 1, 1, 4 ),
 ( 0.000000000000000000, 0.06335343325915822332, 0.1250164064091084659, 0.1859310753290185636, 0.2459211931907862858, 0.3060070524856319807, 0.3662169449209510819, 0.4268881915774920821, 0.4886145999380950289, 0.5506434113024281096, 0.6126229112579313352, 0.6745471358170799236, 0.7371138530732050942, 0.8006446392797548217, 0.8658699784627438278, 0.9320058594313835876, 1.000000000000000000 ),
 .UNSPECIFIED. ) ;
#4169 = LINE ( 'NONE', #9107, #3483 ) ;
#4170 = CARTESIAN_POINT ( 'NONE',  ( -4.079999999999998295, -8.406000000000007688, -0.09999999999999982514 ) ) ;
#4171 = CARTESIAN_POINT ( 'NONE',  ( -22.50000000000000000, 10.44500000000000028, 3.000000000000000000 ) ) ;
#4172 = CARTESIAN_POINT ( 'NONE',  ( -18.56957731066747641, -3.865319620768230102, 0.000000000000000000 ) ) ;
#4173 = ORIENTED_EDGE ( 'NONE', *, *, #4996, .F. ) ;
#4174 = VECTOR ( 'NONE', #3220, 1000.000000000000000 ) ;
#4175 = VERTEX_POINT ( 'NONE', #8670 ) ;
#4176 = DIRECTION ( 'NONE',  ( -0.000000000000000000, -0.000000000000000000, 1.000000000000000000 ) ) ;
#4177 = CARTESIAN_POINT ( 'NONE',  ( -18.70580803544139670, -3.024736317174879119, -0.1000000000000000056 ) ) ;
#4178 = UNCERTAINTY_MEASURE_WITH_UNIT (LENGTH_MEASURE( 1.000000000000000082E-05 ), #979, 'distance_accuracy_value', 'NONE');
#4179 = CARTESIAN_POINT ( 'NONE',  ( -18.07036519568200106, -3.689863343027646181, -0.1000000000000000056 ) ) ;
#4180 = FACE_OUTER_BOUND ( 'NONE', #3414, .T. ) ;
#4181 = FACE_OUTER_BOUND ( 'NONE', #7875, .T. ) ;
#4182 = AXIS2_PLACEMENT_3D ( 'NONE', #4265, #79, #7760 ) ;
#4183 = CARTESIAN_POINT ( 'NONE',  ( -18.09121876242484817, 2.062204185472779727, 0.000000000000000000 ) ) ;
#4184 = CARTESIAN_POINT ( 'NONE',  ( -19.27953701844224454, 1.250156533885034449, 0.000000000000000000 ) ) ;
#4185 = CARTESIAN_POINT ( 'NONE',  ( -18.96377040295877592, 2.271119663831485447, 0.000000000000000000 ) ) ;
#4186 = SURFACE_STYLE_FILL_AREA ( #4732 ) ;
#4187 = ADVANCED_FACE ( 'NONE', ( #8001 ), #6800, .T. ) ;
#4188 = CARTESIAN_POINT ( 'NONE',  ( -18.44198890918778844, -1.305526805720551797, -0.1000000000000000056 ) ) ;
#4189 = ADVANCED_FACE ( 'NONE', ( #1668 ), #2857, .T. ) ;
#4190 = CARTESIAN_POINT ( 'NONE',  ( -19.46808755058650675, 3.074357725779213624, 0.000000000000000000 ) ) ;
#4191 = CARTESIAN_POINT ( 'NONE',  ( -19.68780008667961923, -3.802502500860125867, 0.000000000000000000 ) ) ;
#4192 = B_SPLINE_SURFACE_WITH_KNOTS ( 'NONE', 3, 1, ( 
 ( #7551, #4696 ),
 ( #365, #499 ),
 ( #6110, #6067 ),
 ( #4648, #5346 ),
 ( #8811, #8900 ),
 ( #8945, #1151 ),
 ( #5267, #2510 ),
 ( #8988, #2559 ),
 ( #5393, #2425 ),
 ( #6726, #8231 ),
 ( #3182, #324 ) ),
 .UNSPECIFIED., .F., .F., .F.,
 ( 4, 1, 1, 1, 1, 1, 1, 1, 4 ),
 ( 2, 2 ),
 ( 0.000000000000000000, 0.1318384088878591931, 0.2582861022564524878, 0.3802599328560015701, 0.5034302499283157539, 0.6257295857694635810, 0.7470716303050879414, 0.8709999257135648820, 1.000000000000000000 ),
 ( 0.000000000000000000, 1.000000000000000000 ),
 .UNSPECIFIED. ) ;
#4193 = VECTOR ( 'NONE', #4109, 1000.000000000000000 ) ;
#4194 = SURFACE_STYLE_USAGE ( .BOTH. , #7100 ) ;
#4195 =( NAMED_UNIT ( * ) PLANE_ANGLE_UNIT ( ) SI_UNIT ( $, .RADIAN. ) );
#4196 = ORIENTED_EDGE ( 'NONE', *, *, #5773, .T. ) ;
#4197 = CARTESIAN_POINT ( 'NONE',  ( -20.04891839815260113, -2.275511002735636445, 0.000000000000000000 ) ) ;
#4198 = CARTESIAN_POINT ( 'NONE',  ( -18.44437177477880851, -1.299007434844970943, -0.1000000000000000056 ) ) ;
#4199 = CARTESIAN_POINT ( 'NONE',  ( -19.18192969141606952, -3.590087258588215757, -0.000000000000000000 ) ) ;
#4200 = CARTESIAN_POINT ( 'NONE',  ( -19.09258504277726232, -0.9710836895441161687, 1.355252715606880543E-17 ) ) ;
#4201 = EDGE_CURVE ( 'NONE', #2567, #7130, #9026, .T. ) ;
#4202 = CARTESIAN_POINT ( 'NONE',  ( -19.79275891067561233, -3.602341132604112151, -0.1000000000000000056 ) ) ;
#4203 = MECHANICAL_DESIGN_GEOMETRIC_PRESENTATION_REPRESENTATION (  '', ( #1065 ), #191 ) ;
#4204 = DIRECTION ( 'NONE',  ( 0.000000000000000000, 1.000000000000000000, 0.000000000000000000 ) ) ;
#4205 = LINE ( 'NONE', #7061, #2093 ) ;
#4206 = CARTESIAN_POINT ( 'NONE',  ( -19.14170910583254326, 2.272893639037486313, -0.1000000000000000056 ) ) ;
#4207 = CARTESIAN_POINT ( 'NONE',  ( 4.080000000000003624, -8.406000000000005912, 3.000000000000000000 ) ) ;
#4208 = EDGE_LOOP ( 'NONE', ( #3480, #3690 ) ) ;
#4209 = CARTESIAN_POINT ( 'NONE',  ( -18.53825955881098153, -3.148458859614379879, 0.000000000000000000 ) ) ;
#4210 = CARTESIAN_POINT ( 'NONE',  ( -18.56180507150510550, -3.864961487267507767, 0.000000000000000000 ) ) ;
#4211 = VERTEX_POINT ( 'NONE', #5474 ) ;
#4212 = SURFACE_SIDE_STYLE ('',( #4424 ) ) ;
#4213 = FACE_OUTER_BOUND ( 'NONE', #9197, .T. ) ;
#4214 = CARTESIAN_POINT ( 'NONE',  ( -19.50068826027856872, 3.174213056412996892, -0.1000000000000000056 ) ) ;
#4215 = CARTESIAN_POINT ( 'NONE',  ( -2.999999999999995559, 8.294999999999998153, 3.000000000000000000 ) ) ;
#4216 = CARTESIAN_POINT ( 'NONE',  ( -18.29296635613266986, 1.019102823729683305, -0.1000000000000000056 ) ) ;
#4217 = ORIENTED_EDGE ( 'NONE', *, *, #5566, .F. ) ;
#4218 = CYLINDRICAL_SURFACE ( 'NONE', #6310, 1.000000000000001776 ) ;
#4219 = CARTESIAN_POINT ( 'NONE',  ( -19.80196897962296276, -3.483282216389974373, 0.000000000000000000 ) ) ;
#4220 = CARTESIAN_POINT ( 'NONE',  ( -19.90229205412016000, 4.112835990138377973, -0.1000000000000000056 ) ) ;
#4221 = CARTESIAN_POINT ( 'NONE',  ( -18.84054226173129720, -3.443308216304977964, -0.1000000000000000056 ) ) ;
#4222 = ORIENTED_EDGE ( 'NONE', *, *, #8769, .F. ) ;
#4223 = ORIENTED_EDGE ( 'NONE', *, *, #6776, .T. ) ;
#4224 = CARTESIAN_POINT ( 'NONE',  ( 3.000000000000004441, 10.29499999999999638, 5.700000000000000178 ) ) ;
#4225 = CIRCLE ( 'NONE', #1682, 1.000000000000000888 ) ;
#4226 = CARTESIAN_POINT ( 'NONE',  ( -19.60621054785805129, 2.920433456658238836, -0.1000000000000000056 ) ) ;
#4227 = CARTESIAN_POINT ( 'NONE',  ( -18.05807206862467140, -3.585795903067558577, -0.1000000000000000056 ) ) ;
#4228 = CARTESIAN_POINT ( 'NONE',  ( -20.04262760204055738, 3.236101435042462171, 2.710505431213761085E-17 ) ) ;
#4229 = CARTESIAN_POINT ( 'NONE',  ( -18.08206653552674936, 1.877843888124169469, 0.000000000000000000 ) ) ;
#4230 = CARTESIAN_POINT ( 'NONE',  ( -18.41507688977921475, 0.8310918744405112468, 0.000000000000000000 ) ) ;
#4231 = CARTESIAN_POINT ( 'NONE',  ( -19.33997570640790542, -4.058776797439029416, 0.000000000000000000 ) ) ;
#4232 = CARTESIAN_POINT ( 'NONE',  ( -20.10883212552637644, 1.891751037895749832, 0.000000000000000000 ) ) ;
#4233 = EDGE_CURVE ( 'NONE', #3329, #1823, #1985, .T. ) ;
#4234 =( LENGTH_UNIT ( ) NAMED_UNIT ( * ) SI_UNIT ( .MILLI., .METRE. ) );
#4235 = CARTESIAN_POINT ( 'NONE',  ( 12.50000000000000000, 0.000000000000000000, 16.00000000000000000 ) ) ;
#4236 = CARTESIAN_POINT ( 'NONE',  ( -19.22470592051654492, -3.410023046466255092, -0.1000000000000000056 ) ) ;
#4237 = CARTESIAN_POINT ( 'NONE',  ( -19.77026629585628115, 2.509327615102131315, 1.355252715606880543E-17 ) ) ;
#4238 = B_SPLINE_CURVE_WITH_KNOTS ( 'NONE', 3,
 ( #4039, #9022, #4827, #8456, #5153, #5760, #865, #4963, #909, #7226, #1604 ),
 .UNSPECIFIED., .F., .F.,
 ( 4, 1, 1, 1, 1, 1, 1, 1, 4 ),
 ( 0.000000000000000000, 0.1578772743215378083, 0.3039121393467164034, 0.4392364836526222449, 0.5620384919248749833, 0.6777652923427514020, 0.7880577262557927343, 0.8954428073456970338, 1.000000000000000000 ),
 .UNSPECIFIED. ) ;
#4239 = CARTESIAN_POINT ( 'NONE',  ( -2.540000000000000036, -8.406000000000007688, 3.100000000000000089 ) ) ;
#4240 = DIRECTION ( 'NONE',  ( -0.000000000000000000, -0.000000000000000000, -1.000000000000000000 ) ) ;
#4241 = ORIENTED_EDGE ( 'NONE', *, *, #7416, .T. ) ;
#4242 = CARTESIAN_POINT ( 'NONE',  ( -2.540000000000000036, -8.406000000000007688, -0.09999999999999982514 ) ) ;
#4243 = CARTESIAN_POINT ( 'NONE',  ( -5.080000000000000071, -8.406000000000007688, 3.100000000000000089 ) ) ;
#4244 = VECTOR ( 'NONE', #1177, 1000.000000000000000 ) ;
#4245 = CARTESIAN_POINT ( 'NONE',  ( -18.99698605297088605, -4.042080142805495768, 0.000000000000000000 ) ) ;
#4246 = CARTESIAN_POINT ( 'NONE',  ( -18.84913958735970141, -0.7621804236680875810, -0.1000000000000000056 ) ) ;
#4247 = CARTESIAN_POINT ( 'NONE',  ( -19.80163162666483601, -3.504449708561509613, -0.1000000000000000056 ) ) ;
#4248 = DIRECTION ( 'NONE',  ( 0.000000000000000000, 1.000000000000000000, 0.000000000000000000 ) ) ;
#4249 = COLOUR_RGB ( '',1.000000000000000000, 0.9607843137254902244, 0.8901960784313724950 ) ;
#4250 = CARTESIAN_POINT ( 'NONE',  ( -19.88617744556443867, -0.3463014106120232416, -0.000000000000000000 ) ) ;
#4251 = DIRECTION ( 'NONE',  ( 1.000000000000000000, 0.000000000000000000, 0.000000000000000000 ) ) ;
#4252 = FACE_BOUND ( 'NONE', #6065, .T. ) ;
#4253 = ORIENTED_EDGE ( 'NONE', *, *, #2222, .T. ) ;
#4254 = CARTESIAN_POINT ( 'NONE',  ( 1.540000000000004032, -8.406000000000007688, 3.000000000000000000 ) ) ;
#4255 = CARTESIAN_POINT ( 'NONE',  ( -20.05038087878489605, -0.01361802202761991029, 0.000000000000000000 ) ) ;
#4256 = CARTESIAN_POINT ( 'NONE',  ( -19.48441780562243153, -2.684223579044636043, 0.000000000000000000 ) ) ;
#4257 = CARTESIAN_POINT ( 'NONE',  ( -18.93870015573949317, 1.250395994646189779, -0.1000000000000000056 ) ) ;
#4258 = CARTESIAN_POINT ( 'NONE',  ( -18.94941507333924946, -1.453810732743010092, 1.355252715606880543E-17 ) ) ;
#4259 = CARTESIAN_POINT ( 'NONE',  ( -19.10651643572851199, 2.632526652018228219, -0.1000000000000000056 ) ) ;
#4260 = VERTEX_POINT ( 'NONE', #3992 ) ;
#4261 = CARTESIAN_POINT ( 'NONE',  ( -19.08171286345594808, 2.966615987833335133, -0.000000000000000000 ) ) ;
#4262 = FACE_OUTER_BOUND ( 'NONE', #9115, .T. ) ;
#4263 = CARTESIAN_POINT ( 'NONE',  ( -19.73923445366678919, -3.213860117287928642, 0.000000000000000000 ) ) ;
#4264 = CARTESIAN_POINT ( 'NONE',  ( -20.07346997164091107, 3.840048222506829312, -0.1000000000000000056 ) ) ;
#4265 = CARTESIAN_POINT ( 'NONE',  ( 0.000000000000000000, -8.406000000000007688, 3.000000000000000000 ) ) ;
#4266 = VERTEX_POINT ( 'NONE', #8310 ) ;
#4267 = ORIENTED_EDGE ( 'NONE', *, *, #7365, .F. ) ;
#4268 = PLANE ( 'NONE',  #416 ) ;
#4269 = CARTESIAN_POINT ( 'NONE',  ( -18.49660553732481461, -2.769471845902841345, -0.1000000000000000056 ) ) ;
#4270 = CARTESIAN_POINT ( 'NONE',  ( -18.10827426211069735, 3.280947767689575745, -0.1000000000000000056 ) ) ;
#4271 = CARTESIAN_POINT ( 'NONE',  ( -19.00417395417479227, -0.8575280205613997619, 0.000000000000000000 ) ) ;
#4272 = CARTESIAN_POINT ( 'NONE',  ( -19.88441778669896820, 0.03801809679747307491, -0.1000000000000000056 ) ) ;
#4273 = EDGE_LOOP ( 'NONE', ( #6825, #4009, #8901, #6668 ) ) ;
#4274 = B_SPLINE_CURVE_WITH_KNOTS ( 'NONE', 3,
 ( #6241, #7590, #9075, #5435, #1992, #8272, #1903, #2037, #5587, #1196, #4837, #7684, #4049, #1290, #3541 ),
 .UNSPECIFIED., .F., .F.,
 ( 4, 1, 1, 1, 1, 1, 1, 1, 1, 1, 1, 1, 4 ),
 ( 0.000000000000000000, 0.1160562243873936028, 0.2235196287418851346, 0.3208183963417878815, 0.4102422643191342977, 0.4913570538463281623, 0.5663281030484000889, 0.6367097908870306133, 0.7038852883046146092, 0.7707000216772741386, 0.8406387950665049624, 0.9163674554039635822, 1.000000000000000000 ),
 .UNSPECIFIED. ) ;
#4275 = FACE_OUTER_BOUND ( 'NONE', #7576, .T. ) ;
#4276 = ORIENTED_EDGE ( 'NONE', *, *, #8429, .T. ) ;
#4277 = EDGE_CURVE ( 'NONE', #1417, #6833, #7278, .T. ) ;
#4278 = B_SPLINE_SURFACE_WITH_KNOTS ( 'NONE', 3, 1, ( 
 ( #7487, #3803 ),
 ( #4452, #6664 ),
 ( #4540, #5158 ),
 ( #3709, #9012 ),
 ( #8968, #5416 ),
 ( #1844, #1928 ),
 ( #4717, #8253 ),
 ( #4671, #3293 ),
 ( #4029, #3249 ),
 ( #7533, #6886 ),
 ( #480, #7569 ),
 ( #6221, #574 ),
 ( #1130, #2632 ),
 ( #6794, #6089 ),
 ( #4765, #4815 ),
 ( #7622, #9110 ),
 ( #8922, #3384 ),
 ( #2533, #5461 ),
 ( #3983, #6836 ) ),
 .UNSPECIFIED., .F., .F., .F.,
 ( 4, 1, 1, 1, 1, 1, 1, 1, 1, 1, 1, 1, 1, 1, 1, 1, 4 ),
 ( 2, 2 ),
 ( 0.000000000000000000, 0.06416322472068149152, 0.1273172680304466564, 0.1889008402738771297, 0.2507436741265532398, 0.3118466397110790655, 0.3721266096274443713, 0.4318652127644147520, 0.4917369034997252086, 0.5517576267568187198, 0.6128074015015909648, 0.6743461175627096793, 0.7374885855999484541, 0.8017239202009153187, 0.8663412249116649866, 0.9322317951620165966, 1.000000000000000000 ),
 ( 0.000000000000000000, 1.000000000000000000 ),
 .UNSPECIFIED. ) ;
#4279 = CARTESIAN_POINT ( 'NONE',  ( -18.47487055916194976, 2.529392604827880309, 0.000000000000000000 ) ) ;
#4280 = DIRECTION ( 'NONE',  ( -0.000000000000000000, 0.000000000000000000, 1.000000000000000000 ) ) ;
#4281 = CARTESIAN_POINT ( 'NONE',  ( -18.71997954662404950, 2.249536306020340160, 0.000000000000000000 ) ) ;
#4282 = CARTESIAN_POINT ( 'NONE',  ( -18.84567156929378129, -3.421883347829183464, 0.000000000000000000 ) ) ;
#4283 = CARTESIAN_POINT ( 'NONE',  ( -20.11016722181046390, 1.942692305246987994, -0.1000000000000000056 ) ) ;
#4284 = CARTESIAN_POINT ( 'NONE',  ( -19.46616118517118110, -3.071254509483688722, 1.355252715606880543E-17 ) ) ;
#4285 = CARTESIAN_POINT ( 'NONE',  ( -19.76193638663392349, -3.698509865551297349, 0.000000000000000000 ) ) ;
#4286 = DIRECTION ( 'NONE',  ( -0.000000000000000000, -0.000000000000000000, -1.000000000000000000 ) ) ;
#4287 = EDGE_CURVE ( 'NONE', #4800, #6927, #5262, .T. ) ;
#4288 = ORIENTED_EDGE ( 'NONE', *, *, #7598, .T. ) ;
#4289 = CARTESIAN_POINT ( 'NONE',  ( -18.19492095390114272, 4.236662680153434835, -0.1000000000000000056 ) ) ;
#4290 = CARTESIAN_POINT ( 'NONE',  ( -18.08275951972657580, 1.996834709868368307, -0.1000000000000000056 ) ) ;
#4291 = CARTESIAN_POINT ( 'NONE',  ( -18.79825935816133509, -4.192636269301550200, 0.000000000000000000 ) ) ;
#4292 = CARTESIAN_POINT ( 'NONE',  ( -18.27133487210599583, 1.020028051547700709, -0.000000000000000000 ) ) ;
#4293 = FILL_AREA_STYLE ('',( #750 ) ) ;
#4294 = CARTESIAN_POINT ( 'NONE',  ( -20.10960516327052616, -0.1670393105075174967, -0.000000000000000000 ) ) ;
#4295 = LINE ( 'NONE', #7205, #3492 ) ;
#4296 = EDGE_CURVE ( 'NONE', #8925, #3717, #6632, .T. ) ;
#4297 = DIRECTION ( 'NONE',  ( 0.000000000000000000, 1.000000000000000000, 0.000000000000000000 ) ) ;
#4298 = ORIENTED_EDGE ( 'NONE', *, *, #272, .T. ) ;
#4299 = CARTESIAN_POINT ( 'NONE',  ( -19.41467646754817977, 3.941924172589010400, -0.1000000000000000056 ) ) ;
#4300 = FILL_AREA_STYLE ('',( #2051 ) ) ;
#4301 = CARTESIAN_POINT ( 'NONE',  ( -18.97850180127823805, 2.980854873657224680, -0.1000000000000000056 ) ) ;
#4302 = VERTEX_POINT ( 'NONE', #2223 ) ;
#4303 = DIRECTION ( 'NONE',  ( -0.000000000000000000, 0.000000000000000000, 1.000000000000000000 ) ) ;
#4304 = CARTESIAN_POINT ( 'NONE',  ( -19.84356207371617131, -4.138033514841731986, 0.000000000000000000 ) ) ;
#4305 = CYLINDRICAL_SURFACE ( 'NONE', #6701, 8.000000000000001776 ) ;
#4306 = CARTESIAN_POINT ( 'NONE',  ( -18.40626819699757633, 4.136248609779175744, 0.000000000000000000 ) ) ;
#4307 = CIRCLE ( 'NONE', #282, 1.000000000000000444 ) ;
#4308 = CARTESIAN_POINT ( 'NONE',  ( 5.000000000000004441, 8.294999999999998153, 5.700000000000000178 ) ) ;
#4309 = CARTESIAN_POINT ( 'NONE',  ( -18.10827426211069735, 3.280947767689575745, 0.000000000000000000 ) ) ;
#4310 = VECTOR ( 'NONE', #5650, 1000.000000000000000 ) ;
#4311 = PRESENTATION_LAYER_ASSIGNMENT (  '', '', ( #8160 ) ) ;
#4312 = CARTESIAN_POINT ( 'NONE',  ( -18.40632753615924955, 0.9136580991979335042, -0.1000000000000000056 ) ) ;
#4313 = CARTESIAN_POINT ( 'NONE',  ( -20.11016722181046745, 3.590429261525470039, -0.1000000000000000056 ) ) ;
#4314 = CARTESIAN_POINT ( 'NONE',  ( -18.79197942421374634, -3.629173216096271304, -0.1000000000000000056 ) ) ;
#4315 = EDGE_LOOP ( 'NONE', ( #6883, #5316, #1172, #6277 ) ) ;
#4316 = VERTEX_POINT ( 'NONE', #5718 ) ;
#4317 = CARTESIAN_POINT ( 'NONE',  ( 3.040000000000004921, -8.406000000000007688, 3.100000000000000089 ) ) ;
#4318 = DIRECTION ( 'NONE',  ( 0.8543981745992493826, -0.5196188595898636464, 0.000000000000000000 ) ) ;
#4319 = CARTESIAN_POINT ( 'NONE',  ( -18.05638373238485173, -3.513947159160422107, -0.1000000000000000056 ) ) ;
#4320 = CARTESIAN_POINT ( 'NONE',  ( -18.65063986915950522, -0.7319708251953128686, 0.000000000000000000 ) ) ;
#4321 = CARTESIAN_POINT ( 'NONE',  ( -19.80956341918047414, 1.396930282857972383, 0.000000000000000000 ) ) ;
#4322 = VERTEX_POINT ( 'NONE', #4230 ) ;
#4323 = CARTESIAN_POINT ( 'NONE',  ( -18.35145187581038329, 4.220704031452712002, -0.1000000000000000056 ) ) ;
#4324 = CARTESIAN_POINT ( 'NONE',  ( -18.41360292252173636, 2.499183359932919846, 0.000000000000000000 ) ) ;
#4325 = VECTOR ( 'NONE', #4421, 1000.000000000000000 ) ;
#4326 = CARTESIAN_POINT ( 'NONE',  ( 0.000000000000000000, -8.406000000000007688, 3.000000000000000000 ) ) ;
#4327 = VECTOR ( 'NONE', #5610, 1000.000000000000000 ) ;
#4328 = CARTESIAN_POINT ( 'NONE',  ( -19.30474727735802531, -1.082785819605982303, -0.1000000000000000056 ) ) ;
#4329 = CARTESIAN_POINT ( 'NONE',  ( -18.10679400200810818, 1.732538063876646328, 0.000000000000000000 ) ) ;
#4330 = PRESENTATION_LAYER_ASSIGNMENT (  '', '', ( #597 ) ) ;
#4331 = DIRECTION ( 'NONE',  ( 1.000000000000000000, 0.000000000000000000, 0.000000000000000000 ) ) ;
#4332 = CIRCLE ( 'NONE', #4911, 1.000000000000000444 ) ;
#4333 = CARTESIAN_POINT ( 'NONE',  ( -18.36438238923829402, 1.966593809753808708, -0.1000000000000000056 ) ) ;
#4334 = CARTESIAN_POINT ( 'NONE',  ( -20.04267103818477125, 2.232414747130833543, 0.000000000000000000 ) ) ;
#4335 = SURFACE_STYLE_FILL_AREA ( #1484 ) ;
#4336 = VECTOR ( 'NONE', #3666, 1000.000000000000000 ) ;
#4337 = CARTESIAN_POINT ( 'NONE',  ( -18.26298426765803740, 4.248159624735512452, -0.1000000000000000056 ) ) ;
#4338 = FILL_AREA_STYLE_COLOUR ( '', #5331 ) ;
#4339 = CARTESIAN_POINT ( 'NONE',  ( -19.92106255841281026, 0.03706322154890511616, 0.000000000000000000 ) ) ;
#4340 = VECTOR ( 'NONE', #8984, 1000.000000000000000 ) ;
#4341 = CARTESIAN_POINT ( 'NONE',  ( -19.05927186331129519, 3.433703580312178705, -0.1000000000000000056 ) ) ;
#4342 = CARTESIAN_POINT ( 'NONE',  ( -19.71499736501611721, -3.772135305086711021, 0.000000000000000000 ) ) ;
#4343 = EDGE_CURVE ( 'NONE', #277, #8256, #8595, .T. ) ;
#4344 = UNCERTAINTY_MEASURE_WITH_UNIT (LENGTH_MEASURE( 1.000000000000000082E-05 ), #7799, 'distance_accuracy_value', 'NONE');
#4345 = STYLED_ITEM ( 'NONE', ( #3095 ), #2525 ) ;
#4346 = CARTESIAN_POINT ( 'NONE',  ( -19.19038809278214330, -1.240417664845784973, -0.1000000000000000056 ) ) ;
#4347 =( GEOMETRIC_REPRESENTATION_CONTEXT ( 3 ) GLOBAL_UNCERTAINTY_ASSIGNED_CONTEXT ( ( #7267 ) ) GLOBAL_UNIT_ASSIGNED_CONTEXT ( ( #3161, #8209, #1927 ) ) REPRESENTATION_CONTEXT ( 'NONE', 'WORKASPACE' ) );
#4348 = DIRECTION ( 'NONE',  ( 1.000000000000000000, 0.000000000000000000, 0.000000000000000000 ) ) ;
#4349 = FILL_AREA_STYLE ('',( #7922 ) ) ;
#4350 = ORIENTED_EDGE ( 'NONE', *, *, #7389, .T. ) ;
#4351 = CARTESIAN_POINT ( 'NONE',  ( -19.40199950846368893, -3.962194269274252001, 0.000000000000000000 ) ) ;
#4352 = CARTESIAN_POINT ( 'NONE',  ( -19.69542316463639864, 3.876987169119121113, 0.000000000000000000 ) ) ;
#4353 = CARTESIAN_POINT ( 'NONE',  ( -19.25142666988181617, -1.663012017102727391, 0.000000000000000000 ) ) ;
#4354 = CIRCLE ( 'NONE', #759, 8.000000000000001776 ) ;
#4355 = ORIENTED_EDGE ( 'NONE', *, *, #4982, .T. ) ;
#4356 = EDGE_CURVE ( 'NONE', #8975, #3131, #7678, .T. ) ;
#4357 = CARTESIAN_POINT ( 'NONE',  ( -18.81668839694132345, -3.537433054906372831, -0.1000000000000000056 ) ) ;
#4358 = CARTESIAN_POINT ( 'NONE',  ( -19.71457996577061778, -4.217072851169334946, 0.000000000000000000 ) ) ;
#4359 = CARTESIAN_POINT ( 'NONE',  ( -19.46922577237993934, -0.9416367777884928625, -0.1000000000000000056 ) ) ;
#4360 = CARTESIAN_POINT ( 'NONE',  ( -18.56957731066747996, -3.865319620768230546, -0.1000000000000000056 ) ) ;
#4361 = CARTESIAN_POINT ( 'NONE',  ( -19.95218837269773715, -4.030719109037423920, -0.1000000000000000056 ) ) ;
#4362 = CARTESIAN_POINT ( 'NONE',  ( -18.10687864759171362, 3.332794793446856918, 0.000000000000000000 ) ) ;
#4363 = CARTESIAN_POINT ( 'NONE',  ( -19.79720952266188050, -3.396040580450951474, -0.1000000000000000056 ) ) ;
#4364 = CARTESIAN_POINT ( 'NONE',  ( -20.49999999999999289, -8.444999999999998508, 3.000000000000000000 ) ) ;
#4365 = FACE_OUTER_BOUND ( 'NONE', #1388, .T. ) ;
#4366 = EDGE_LOOP ( 'NONE', ( #67, #5646, #7068, #3762 ) ) ;
#4367 = LINE ( 'NONE', #82, #1023 ) ;
#4368 = CARTESIAN_POINT ( 'NONE',  ( -20.10955053989628283, -2.117308301680831395, 0.000000000000000000 ) ) ;
#4369 = CARTESIAN_POINT ( 'NONE',  ( -18.14091815022949561, -3.916898480373980362, -0.1000000000000000056 ) ) ;
#4370 = CARTESIAN_POINT ( 'NONE',  ( -19.92118362722515457, -2.322818647053108254, -0.1000000000000000056 ) ) ;
#4371 = CARTESIAN_POINT ( 'NONE',  ( -19.21125568209692247, 0.03852478027343772538, -0.1000000000000000056 ) ) ;
#4372 = EDGE_LOOP ( 'NONE', ( #3348, #5328, #6218, #2006, #3822, #6768 ) ) ;
#4373 = ORIENTED_EDGE ( 'NONE', *, *, #6160, .F. ) ;
#4374 = CARTESIAN_POINT ( 'NONE',  ( -18.96751075938622577, 0.8588078729842003600, -0.1000000000000000056 ) ) ;
#4375 = CARTESIAN_POINT ( 'NONE',  ( -19.37898543977169297, -3.982970809477029306, 0.000000000000000000 ) ) ;
#4376 = EDGE_CURVE ( 'NONE', #3150, #5642, #6430, .T. ) ;
#4377 = CARTESIAN_POINT ( 'NONE',  ( -18.53447598344275349, 2.555073718399941463, -0.1000000000000000056 ) ) ;
#4378 = COLOUR_RGB ( '',1.000000000000000000, 0.9607843137254902244, 0.8901960784313724950 ) ;
#4379 = B_SPLINE_CURVE_WITH_KNOTS ( 'NONE', 3,
 ( #8570, #5727, #2894, #1433, #1385, #690, #4191, #2184, #5771, #4285, #3591, #8520, #6440, #7775, #1993 ),
 .UNSPECIFIED., .F., .F.,
 ( 4, 1, 1, 1, 1, 1, 1, 1, 1, 1, 1, 1, 4 ),
 ( 0.000000000000000000, 0.08746920846939179595, 0.1688274040181861058, 0.2449515997949324453, 0.3154329728852033887, 0.3848614173371596170, 0.4560008808743482578, 0.5304747800843313543, 0.6090604505790907508, 0.6938447258498844361, 0.7858670613342996214, 0.8880768554850440033, 1.000000000000000000 ),
 .UNSPECIFIED. ) ;
#4380 = CARTESIAN_POINT ( 'NONE',  ( -20.10883212552637644, 1.891751037895749832, -0.1000000000000000056 ) ) ;
#4381 = CARTESIAN_POINT ( 'NONE',  ( -19.13358201143107351, 3.843744442782654147, -0.1000000000000000056 ) ) ;
#4382 = CIRCLE ( 'NONE', #3925, 2.000000000000000000 ) ;
#4383 = ADVANCED_FACE ( 'NONE', ( #8459 ), #1434, .T. ) ;
#4384 = CARTESIAN_POINT ( 'NONE',  ( -18.41732958373462381, -4.190475927816401658, 0.000000000000000000 ) ) ;
#4385 = CARTESIAN_POINT ( 'NONE',  ( -18.72166993278865377, -2.941928793589275060, 0.000000000000000000 ) ) ;
#4386 = CARTESIAN_POINT ( 'NONE',  ( -18.90305743990942133, 0.03852478027343772538, -0.1000000000000000056 ) ) ;
#4387 = CARTESIAN_POINT ( 'NONE',  ( -18.63296511256474375, -0.7324759085832257544, -0.1000000000000000056 ) ) ;
#4388 = CARTESIAN_POINT ( 'NONE',  ( -2.999999999999995559, 8.294999999999998153, 3.000000000000000000 ) ) ;
#4389 = EDGE_LOOP ( 'NONE', ( #4414, #3298 ) ) ;
#4390 = CARTESIAN_POINT ( 'NONE',  ( -19.37898543977169297, -3.982970809477029306, -0.1000000000000000056 ) ) ;
#4391 = CARTESIAN_POINT ( 'NONE',  ( -18.91652171837176866, -1.298160403048310707, -0.1000000000000000056 ) ) ;
#4392 = ADVANCED_FACE ( 'NONE', ( #7188 ), #2934, .F. ) ;
#4393 = PRESENTATION_STYLE_ASSIGNMENT (( #7926 ) ) ;
#4394 = EDGE_LOOP ( 'NONE', ( #3242, #5811, #2022, #8583 ) ) ;
#4395 = CARTESIAN_POINT ( 'NONE',  ( -19.82765216647192119, 1.938278007507323153, -0.1000000000000000056 ) ) ;
#4396 = STYLED_ITEM ( 'NONE', ( #6985 ), #41 ) ;
#4397 = CARTESIAN_POINT ( 'NONE',  ( -19.60160987706908386, -2.696623597792289218, -0.1000000000000000056 ) ) ;
#4398 = CARTESIAN_POINT ( 'NONE',  ( -18.99120946084822847, 2.978707520378204521, -0.1000000000000000056 ) ) ;
#4399 = CARTESIAN_POINT ( 'NONE',  ( -19.92531867118307431, -0.6991694752234125509, 0.000000000000000000 ) ) ;
#4400 = DIRECTION ( 'NONE',  ( 0.000000000000000000, -0.000000000000000000, 1.000000000000000000 ) ) ;
#4401 = EDGE_CURVE ( 'NONE', #1513, #1730, #178, .T. ) ;
#4402 = CARTESIAN_POINT ( 'NONE',  ( -19.54246156057991968, -3.069773450609912580, 0.000000000000000000 ) ) ;
#4403 = ORIENTED_EDGE ( 'NONE', *, *, #4804, .T. ) ;
#4404 = SURFACE_SIDE_STYLE ('',( #8600 ) ) ;
#4405 = DIRECTION ( 'NONE',  ( 1.000000000000000000, 0.000000000000000000, -0.000000000000000000 ) ) ;
#4406 = CARTESIAN_POINT ( 'NONE',  ( -18.16325716664534795, -2.268807182184954030, -0.1000000000000000056 ) ) ;
#4407 = LINE ( 'NONE', #1518, #4925 ) ;
#4408 = CARTESIAN_POINT ( 'NONE',  ( -20.11016722181046745, -0.1532965215047198959, -0.1000000000000000056 ) ) ;
#4409 = EDGE_LOOP ( 'NONE', ( #7574, #8973, #5021, #7642 ) ) ;
#4410 =( LENGTH_UNIT ( ) NAMED_UNIT ( * ) SI_UNIT ( .MILLI., .METRE. ) );
#4411 =( NAMED_UNIT ( * ) SI_UNIT ( $, .STERADIAN. ) SOLID_ANGLE_UNIT ( ) );
#4412 = CARTESIAN_POINT ( 'NONE',  ( -20.09437791311219001, -3.685161229122946747, -0.1000000000000000056 ) ) ;
#4413 = CARTESIAN_POINT ( 'NONE',  ( -19.20042782650209645, -1.222376105539968894, -0.1000000000000000056 ) ) ;
#4414 = ORIENTED_EDGE ( 'NONE', *, *, #7192, .T. ) ;
#4415 = CARTESIAN_POINT ( 'NONE',  ( -18.16026195309160229, 1.603782107138323365, 0.000000000000000000 ) ) ;
#4416 = CARTESIAN_POINT ( 'NONE',  ( 2.540000000000004476, -8.406000000000007688, 3.100000000000000089 ) ) ;
#4417 = ADVANCED_FACE ( 'NONE', ( #7993 ), #8423, .T. ) ;
#4418 = EDGE_CURVE ( 'NONE', #7117, #3150, #5808, .T. ) ;
#4419 = CARTESIAN_POINT ( 'NONE',  ( -19.07962934949600964, 2.272962036132811559, -0.1000000000000000056 ) ) ;
#4420 = CARTESIAN_POINT ( 'NONE',  ( -19.26281818355381503, 3.917800448801757707, -0.1000000000000000056 ) ) ;
#4421 = DIRECTION ( 'NONE',  ( -0.000000000000000000, 1.000000000000000000, -0.000000000000000000 ) ) ;
#4422 = FACE_BOUND ( 'NONE', #9158, .T. ) ;
#4423 = CARTESIAN_POINT ( 'NONE',  ( -18.70890289826942876, -2.872979724112291855, -0.1000000000000000056 ) ) ;
#4424 = SURFACE_STYLE_FILL_AREA ( #1356 ) ;
#4425 = EDGE_CURVE ( 'NONE', #7279, #3272, #4926, .T. ) ;
#4426 = DIRECTION ( 'NONE',  ( 1.000000000000000000, 0.000000000000000000, 0.000000000000000000 ) ) ;
#4427 = DIRECTION ( 'NONE',  ( -1.000000000000000000, 0.000000000000000000, 0.000000000000000000 ) ) ;
#4428 = ORIENTED_EDGE ( 'NONE', *, *, #291, .T. ) ;
#4429 =( NAMED_UNIT ( * ) SI_UNIT ( $, .STERADIAN. ) SOLID_ANGLE_UNIT ( ) );
#4430 = ORIENTED_EDGE ( 'NONE', *, *, #7112, .T. ) ;
#4431 = CARTESIAN_POINT ( 'NONE',  ( -2.999999999999995115, 9.994999999999999218, 6.000000000000000000 ) ) ;
#4432 = CARTESIAN_POINT ( 'NONE',  ( -19.73923445366678919, -3.213860117287928642, -0.1000000000000000056 ) ) ;
#4433 = VERTEX_POINT ( 'NONE', #3111 ) ;
#4434 = DIRECTION ( 'NONE',  ( 1.000000000000000000, 0.000000000000000000, 0.000000000000000000 ) ) ;
#4435 = CARTESIAN_POINT ( 'NONE',  ( -20.09026127179165400, -3.248371330022932213, 0.000000000000000000 ) ) ;
#4436 = CARTESIAN_POINT ( 'NONE',  ( -19.00417395417479227, -0.8575280205613997619, -0.1000000000000000056 ) ) ;
#4437 = CARTESIAN_POINT ( 'NONE',  ( -20.11016722181046745, -0.1532965215047198959, -0.1000000000000000056 ) ) ;
#4438 = CARTESIAN_POINT ( 'NONE',  ( -19.99419158119563633, -3.967249768575033642, -0.1000000000000000056 ) ) ;
#4439 = LINE ( 'NONE', #3789, #2261 ) ;
#4440 = CARTESIAN_POINT ( 'NONE',  ( -19.96404186933357039, -0.6979881106803730306, 0.000000000000000000 ) ) ;
#4441 = CARTESIAN_POINT ( 'NONE',  ( -19.21125568209692247, 0.7010707410176596488, -0.1000000000000000056 ) ) ;
#4442 = CARTESIAN_POINT ( 'NONE',  ( -19.41467646754817977, 3.941924172589010400, -0.000000000000000000 ) ) ;
#4443 = ORIENTED_EDGE ( 'NONE', *, *, #839, .T. ) ;
#4444 = CARTESIAN_POINT ( 'NONE',  ( -18.50029964354466827, 1.696182911668320248, 0.000000000000000000 ) ) ;
#4445 = CARTESIAN_POINT ( 'NONE',  ( -18.13709547729266092, -2.234173001584935481, -0.1000000000000000056 ) ) ;
#4446 = EDGE_CURVE ( 'NONE', #2262, #3573, #1551, .T. ) ;
#4447 = SURFACE_STYLE_USAGE ( .BOTH. , #2309 ) ;
#4448 = CARTESIAN_POINT ( 'NONE',  ( -20.01341006449763782, -2.297766017244464720, -0.1000000000000000056 ) ) ;
#4449 = CARTESIAN_POINT ( 'NONE',  ( -18.10687864759171362, -0.1107587432861325966, -0.1000000000000000056 ) ) ;
#4450 = ORIENTED_EDGE ( 'NONE', *, *, #5491, .F. ) ;
#4451 = CYLINDRICAL_SURFACE ( 'NONE', #2252, 1.000000000000001776 ) ;
#4452 = CARTESIAN_POINT ( 'NONE',  ( -18.74960050822685886, 3.707640721799101424, -0.1000000000000000056 ) ) ;
#4453 = CARTESIAN_POINT ( 'NONE',  ( -19.02506834955750392, 0.8822583075675163311, -0.1000000000000000056 ) ) ;
#4454 = LINE ( 'NONE', #7321, #8639 ) ;
#4455 = DIRECTION ( 'NONE',  ( 0.000000000000000000, 0.000000000000000000, 1.000000000000000000 ) ) ;
#4456 = ORIENTED_EDGE ( 'NONE', *, *, #4066, .T. ) ;
#4457 = AXIS2_PLACEMENT_3D ( 'NONE', #6681, #794, #7874 ) ;
#4458 = ORIENTED_EDGE ( 'NONE', *, *, #2524, .F. ) ;
#4459 = CARTESIAN_POINT ( 'NONE',  ( -18.39390547588036284, 1.375770782983968488, 0.000000000000000000 ) ) ;
#4460 = PRESENTATION_STYLE_ASSIGNMENT (( #2324 ) ) ;
#4461 = PLANE ( 'NONE',  #3306 ) ;
#4462 = AXIS2_PLACEMENT_3D ( 'NONE', #5844, #8868, #5892 ) ;
#4463 = CARTESIAN_POINT ( 'NONE',  ( -19.43558226723079230, 3.942369181315102278, 0.000000000000000000 ) ) ;
#4464 = FACE_OUTER_BOUND ( 'NONE', #4273, .T. ) ;
#4465 = AXIS2_PLACEMENT_3D ( 'NONE', #4838, #5680, #739 ) ;
#4466 = CARTESIAN_POINT ( 'NONE',  ( -18.57107283228923578, -2.770032115317873522, 0.000000000000000000 ) ) ;
#4467 = AXIS2_PLACEMENT_3D ( 'NONE', #7771, #4280, #2224 ) ;
#4468 = DIRECTION ( 'NONE',  ( -0.000000000000000000, -0.000000000000000000, 1.000000000000000000 ) ) ;
#4469 = PRESENTATION_STYLE_ASSIGNMENT (( #6636 ) ) ;
#4470 = ORIENTED_EDGE ( 'NONE', *, *, #2570, .F. ) ;
#4471 = COLOUR_RGB ( '',0.7764705882352941346, 0.7568627450980391913, 0.7372549019607843590 ) ;
#4472 = CARTESIAN_POINT ( 'NONE',  ( -19.46808755058650675, 3.074357725779213624, -0.1000000000000000056 ) ) ;
#4473 = CARTESIAN_POINT ( 'NONE',  ( 3.000000000000004885, 8.294999999999998153, 6.000000000000000000 ) ) ;
#4474 = EDGE_LOOP ( 'NONE', ( #433, #754, #7423, #7073 ) ) ;
#4475 = AXIS2_PLACEMENT_3D ( 'NONE', #7638, #2554, #8421 ) ;
#4476 = CARTESIAN_POINT ( 'NONE',  ( -20.04262760204055738, 3.236101435042462171, -0.1000000000000000056 ) ) ;
#4477 = CARTESIAN_POINT ( 'NONE',  ( -18.74982389649004944, 3.644856910182488363, -0.1000000000000000056 ) ) ;
#4478 = CARTESIAN_POINT ( 'NONE',  ( -19.07962934949600964, 2.272962036132811559, -0.1000000000000000056 ) ) ;
#4479 = PRESENTATION_LAYER_ASSIGNMENT (  '', '', ( #6272 ) ) ;
#4480 = EDGE_LOOP ( 'NONE', ( #1826, #5294, #3226, #5922 ) ) ;
#4481 = CARTESIAN_POINT ( 'NONE',  ( -18.99698605297088605, -4.042080142805495768, -0.1000000000000000056 ) ) ;
#4482 = MECHANICAL_DESIGN_GEOMETRIC_PRESENTATION_REPRESENTATION (  '', ( #5823 ), #4347 ) ;
#4483 = CARTESIAN_POINT ( 'NONE',  ( -18.65063986915950522, -0.7319708251953128686, -0.1000000000000000056 ) ) ;
#4484 = CARTESIAN_POINT ( 'NONE',  ( -19.22089936123107634, -1.185588435847094724, -0.1000000000000000056 ) ) ;
#4485 = CARTESIAN_POINT ( 'NONE',  ( -19.38433374438880108, -3.102661616864247129, 0.000000000000000000 ) ) ;
#4486 = CARTESIAN_POINT ( 'NONE',  ( -18.52312139664147850, -2.768598858199809332, 0.000000000000000000 ) ) ;
#4487 = CARTESIAN_POINT ( 'NONE',  ( -19.54246156057991968, -3.069773450609912580, -0.1000000000000000056 ) ) ;
#4488 = CARTESIAN_POINT ( 'NONE',  ( -19.21125568209692247, 0.03852478027343772538, -0.1000000000000000056 ) ) ;
#4489 = CARTESIAN_POINT ( 'NONE',  ( -19.03306748684207861, 3.647086334171017796, 0.000000000000000000 ) ) ;
#4490 = VERTEX_POINT ( 'NONE', #8881 ) ;
#4491 = ORIENTED_EDGE ( 'NONE', *, *, #9090, .F. ) ;
#4492 = PLANE ( 'NONE',  #5480 ) ;
#4493 = CARTESIAN_POINT ( 'NONE',  ( -19.46922577237993934, -0.9416367777884928625, 0.000000000000000000 ) ) ;
#4494 = CARTESIAN_POINT ( 'NONE',  ( -19.97041506568329083, -1.103157313473631662, -0.1000000000000000056 ) ) ;
#4495 = CARTESIAN_POINT ( 'NONE',  ( -19.69827873016739161, 1.704165433323016954, -0.1000000000000000056 ) ) ;
#4496 = LINE ( 'NONE', #998, #3441 ) ;
#4497 = ORIENTED_EDGE ( 'NONE', *, *, #3198, .T. ) ;
#4498 =( NAMED_UNIT ( * ) SI_UNIT ( $, .STERADIAN. ) SOLID_ANGLE_UNIT ( ) );
#4499 = CARTESIAN_POINT ( 'NONE',  ( -18.83103903897599452, -3.483002716030036972, 0.000000000000000000 ) ) ;
#4500 = DIRECTION ( 'NONE',  ( 1.000000000000000000, 0.000000000000000000, 0.000000000000000000 ) ) ;
#4501 = EDGE_LOOP ( 'NONE', ( #1070, #2356, #1229, #2493 ) ) ;
#4502 = CARTESIAN_POINT ( 'NONE',  ( -18.48043151699154052, -3.840723537818802047, 0.000000000000000000 ) ) ;
#4503 = CARTESIAN_POINT ( 'NONE',  ( -18.74924337886103132, 3.672678346447710851, 0.000000000000000000 ) ) ;
#4504 = CARTESIAN_POINT ( 'NONE',  ( -19.64700727804004998, 1.317362039403019658, -0.1000000000000000056 ) ) ;
#4505 = AXIS2_PLACEMENT_3D ( 'NONE', #7171, #1456, #5097 ) ;
#4506 = B_SPLINE_CURVE_WITH_KNOTS ( 'NONE', 3,
 ( #6975, #389, #3341, #1226, #6178, #2674, #8298, #3428, #1886, #429, #6136, #2581, #5517, #4075, #5371, #1175, #6930, #525, #9056 ),
 .UNSPECIFIED., .F., .F.,
 ( 4, 1, 1, 1, 1, 1, 1, 1, 1, 1, 1, 1, 1, 1, 1, 1, 4 ),
 ( 0.000000000000000000, 0.09386280752509838787, 0.1813418859747540079, 0.2633550240757469574, 0.3400919876797375840, 0.4123851954759529259, 0.4811184227019399962, 0.5460580824941955180, 0.6082057743284575713, 0.6674011110543567327, 0.7227140565901071234, 0.7745889305053866858, 0.8240306334148013168, 0.8709687562673724681, 0.9159443283727559670, 0.9583205443235927046, 1.000000000000000000 ),
 .UNSPECIFIED. ) ;
#4507 = FACE_BOUND ( 'NONE', #2958, .T. ) ;
#4508 = ADVANCED_FACE ( 'NONE', ( #3250 ), #8122, .T. ) ;
#4509 = CARTESIAN_POINT ( 'NONE',  ( -19.63412859782621211, 2.569881975662252849, 1.355252715606880543E-17 ) ) ;
#4510 = UNCERTAINTY_MEASURE_WITH_UNIT (LENGTH_MEASURE( 1.000000000000000082E-05 ), #310, 'distance_accuracy_value', 'NONE');
#4511 = LINE ( 'NONE', #4897, #5992 ) ;
#4512 = PRESENTATION_LAYER_ASSIGNMENT (  '', '', ( #2585 ) ) ;
#4513 =( NAMED_UNIT ( * ) SI_UNIT ( $, .STERADIAN. ) SOLID_ANGLE_UNIT ( ) );
#4514 = CARTESIAN_POINT ( 'NONE',  ( -18.93870015573949317, 1.250395994646189779, -0.1000000000000000056 ) ) ;
#4515 = ORIENTED_EDGE ( 'NONE', *, *, #1358, .T. ) ;
#4516 = CARTESIAN_POINT ( 'NONE',  ( -18.11807622303146204, 3.234349173421707135, -0.1000000000000000056 ) ) ;
#4517 = VERTEX_POINT ( 'NONE', #6837 ) ;
#4518 = CARTESIAN_POINT ( 'NONE',  ( -5.080000000000000071, -8.406000000000007688, 3.100000000000000089 ) ) ;
#4519 = CARTESIAN_POINT ( 'NONE',  ( -19.45479736277855309, 2.250393775802476348, 1.355252715606880543E-17 ) ) ;
#4520 = AXIS2_PLACEMENT_3D ( 'NONE', #7331, #6536, #7455 ) ;
#4521 = ORIENTED_EDGE ( 'NONE', *, *, #4690, .F. ) ;
#4522 = DIRECTION ( 'NONE',  ( 0.000000000000000000, -0.000000000000000000, -1.000000000000000000 ) ) ;
#4523 = APPLICATION_PROTOCOL_DEFINITION ( 'draft international standard', 'automotive_design', 1998, #1391 ) ;
#4524 = LINE ( 'NONE', #1637, #2701 ) ;
#4525 = CARTESIAN_POINT ( 'NONE',  ( -18.35614933036229957, -0.8151891519104490502, -0.1000000000000000056 ) ) ;
#4526 = VECTOR ( 'NONE', #7296, 1000.000000000000000 ) ;
#4527 = CARTESIAN_POINT ( 'NONE',  ( -18.19830978580295167, -2.294538774921230040, 0.000000000000000000 ) ) ;
#4528 = CARTESIAN_POINT ( 'NONE',  ( -18.41619446829940898, -2.790441669161609628, -0.1000000000000000056 ) ) ;
#4529 = CARTESIAN_POINT ( 'NONE',  ( -19.02245076046230210, -2.922347206732374136, -0.1000000000000000056 ) ) ;
#4530 = ORIENTED_EDGE ( 'NONE', *, *, #1429, .F. ) ;
#4531 = CIRCLE ( 'NONE', #8102, 0.5000000000000004441 ) ;
#4532 = CARTESIAN_POINT ( 'NONE',  ( -19.49145258098508293, 4.299160798489699786, 0.000000000000000000 ) ) ;
#4533 =( NAMED_UNIT ( * ) SI_UNIT ( $, .STERADIAN. ) SOLID_ANGLE_UNIT ( ) );
#4534 = CARTESIAN_POINT ( 'NONE',  ( -20.11016722181046745, -0.8904842440287276117, -0.1000000000000000056 ) ) ;
#4535 = CARTESIAN_POINT ( 'NONE',  ( -19.82288567689162306, 1.879181091382861490, -0.1000000000000000056 ) ) ;
#4536 = CARTESIAN_POINT ( 'NONE',  ( -18.26017516909643490, 1.020505377451578877, 0.000000000000000000 ) ) ;
#4537 = VERTEX_POINT ( 'NONE', #8254 ) ;
#4538 = CIRCLE ( 'NONE', #1867, 8.000000000000000000 ) ;
#4539 = CARTESIAN_POINT ( 'NONE',  ( -18.41344951408191477, 4.096095313367245083, -0.1000000000000000056 ) ) ;
#4540 = CARTESIAN_POINT ( 'NONE',  ( -18.75087478647185790, 3.749907314064130581, -0.1000000000000000056 ) ) ;
#4541 = DIRECTION ( 'NONE',  ( -0.000000000000000000, -0.000000000000000000, 1.000000000000000000 ) ) ;
#4542 = EDGE_LOOP ( 'NONE', ( #5268, #8631, #2608, #5420 ) ) ;
#4543 = SURFACE_STYLE_USAGE ( .BOTH. , #6484 ) ;
#4544 = CARTESIAN_POINT ( 'NONE',  ( -19.15507937647404901, 1.245840525782203390, -0.000000000000000000 ) ) ;
#4545 = DIRECTION ( 'NONE',  ( 1.000000000000000000, 0.000000000000000000, 0.000000000000000000 ) ) ;
#4546 = CARTESIAN_POINT ( 'NONE',  ( -20.10983220463640109, -0.9013569624372976818, -0.1000000000000000056 ) ) ;
#4547 = SURFACE_STYLE_FILL_AREA ( #5964 ) ;
#4548 = PRESENTATION_LAYER_ASSIGNMENT (  '', '', ( #1279 ) ) ;
#4549 = FILL_AREA_STYLE_COLOUR ( '', #2218 ) ;
#4550 = CARTESIAN_POINT ( 'NONE',  ( 19.50000000000000355, 0.000000000000000000, 15.50000000000000000 ) ) ;
#4551 = CARTESIAN_POINT ( 'NONE',  ( -18.79679539586811643, 3.929746055571274432, -0.1000000000000000056 ) ) ;
#4552 = CARTESIAN_POINT ( 'NONE',  ( -18.16323149859457686, -0.2913106975932860387, -0.1000000000000000056 ) ) ;
#4553 = FILL_AREA_STYLE ('',( #886 ) ) ;
#4554 = VERTEX_POINT ( 'NONE', #6137 ) ;
#4555 = CARTESIAN_POINT ( 'NONE',  ( -12.50000000000000000, 0.000000000000000000, 15.50000000000000000 ) ) ;
#4556 = ORIENTED_EDGE ( 'NONE', *, *, #6737, .T. ) ;
#4557 =( NAMED_UNIT ( * ) PLANE_ANGLE_UNIT ( ) SI_UNIT ( $, .RADIAN. ) );
#4558 = CARTESIAN_POINT ( 'NONE',  ( -18.74924337886103132, 3.672678346447710851, -0.1000000000000000056 ) ) ;
#4559 = CARTESIAN_POINT ( 'NONE',  ( -19.82745948219602283, 1.948856909508591695, 1.355252715606880543E-17 ) ) ;
#4560 = ORIENTED_EDGE ( 'NONE', *, *, #8302, .T. ) ;
#4561 = CARTESIAN_POINT ( 'NONE',  ( -19.18192969141606952, -3.590087258588215757, 0.000000000000000000 ) ) ;
#4562 = CARTESIAN_POINT ( 'NONE',  ( -20.11016722181046390, -3.478466618855795112, 0.000000000000000000 ) ) ;
#4563 = EDGE_CURVE ( 'NONE', #9177, #6688, #6222, .T. ) ;
#4564 = CARTESIAN_POINT ( 'NONE',  ( -18.39995352721988908, -0.7896768694622852136, 0.000000000000000000 ) ) ;
#4565 = CARTESIAN_POINT ( 'NONE',  ( -19.64841233920526520, -4.243220972973444027, 0.000000000000000000 ) ) ;
#4566 = CARTESIAN_POINT ( 'NONE',  ( -18.06551967892372090, -3.307472283703196680, -0.1000000000000000056 ) ) ;
#4567 =( NAMED_UNIT ( * ) SI_UNIT ( $, .STERADIAN. ) SOLID_ANGLE_UNIT ( ) );
#4568 = DIRECTION ( 'NONE',  ( -0.000000000000000000, -0.000000000000000000, -1.000000000000000000 ) ) ;
#4569 = B_SPLINE_CURVE_WITH_KNOTS ( 'NONE', 3,
 ( #7404, #5412, #300, #5287, #3204, #6042, #8876, #5321, #476, #1882, #4120 ),
 .UNSPECIFIED., .F., .F.,
 ( 4, 1, 1, 1, 1, 1, 1, 1, 4 ),
 ( 0.000000000000000000, 0.1392985493198580782, 0.2716711840405311995, 0.3977381694385785371, 0.5216186626718850583, 0.6426743857257605219, 0.7607895086447236110, 0.8792874391207795570, 1.000000000000000000 ),
 .UNSPECIFIED. ) ;
#4570 = ORIENTED_EDGE ( 'NONE', *, *, #4287, .T. ) ;
#4571 = EDGE_CURVE ( 'NONE', #3717, #8533, #1796, .T. ) ;
#4572 = CARTESIAN_POINT ( 'NONE',  ( -19.09046444394791564, 1.605199178059895093, 0.000000000000000000 ) ) ;
#4573 = CARTESIAN_POINT ( 'NONE',  ( -18.10746429374936994, -2.102600255962761455, 0.000000000000000000 ) ) ;
#4574 = CARTESIAN_POINT ( 'NONE',  ( -18.84567156929378129, -3.421883347829183464, 0.000000000000000000 ) ) ;
#4575 = CARTESIAN_POINT ( 'NONE',  ( -19.75069316590477086, 3.344688240829602588, -0.1000000000000000056 ) ) ;
#4576 = ORIENTED_EDGE ( 'NONE', *, *, #5492, .T. ) ;
#4577 = CARTESIAN_POINT ( 'NONE',  ( -19.21433751532838841, 3.897570273126615081, -0.1000000000000000056 ) ) ;
#4578 = PLANE ( 'NONE',  #1808 ) ;
#4579 = CARTESIAN_POINT ( 'NONE',  ( -18.77480588385868998, -3.681539115780105398, 0.000000000000000000 ) ) ;
#4580 = CARTESIAN_POINT ( 'NONE',  ( -5.500000000000000888, 0.000000000000000000, 15.50000000000000000 ) ) ;
#4581 = CARTESIAN_POINT ( 'NONE',  ( -20.04550713170336351, -3.864154144790637790, -0.1000000000000000056 ) ) ;
#4582 = ORIENTED_EDGE ( 'NONE', *, *, #7258, .T. ) ;
#4583 =( NAMED_UNIT ( * ) PLANE_ANGLE_UNIT ( ) SI_UNIT ( $, .RADIAN. ) );
#4584 = VECTOR ( 'NONE', #9070, 1000.000000000000000 ) ;
#4585 = CARTESIAN_POINT ( 'NONE',  ( -19.80196897962296276, -3.483282216389974373, 0.000000000000000000 ) ) ;
#4586 = CARTESIAN_POINT ( 'NONE',  ( 2.540000000000004476, -8.406000000000007688, 3.100000000000000089 ) ) ;
#4587 =( NAMED_UNIT ( * ) PLANE_ANGLE_UNIT ( ) SI_UNIT ( $, .RADIAN. ) );
#4588 = PRESENTATION_LAYER_ASSIGNMENT (  '', '', ( #5484 ) ) ;
#4589 = AXIS2_PLACEMENT_3D ( 'NONE', #119, #209, #7307 ) ;
#4590 = CARTESIAN_POINT ( 'NONE',  ( -19.10651643572851199, 2.632526652018228219, 1.355252715606880543E-17 ) ) ;
#4591 = CARTESIAN_POINT ( 'NONE',  ( -20.07777764932211539, -2.019900280046480034, 0.000000000000000000 ) ) ;
#4592 =( GEOMETRIC_REPRESENTATION_CONTEXT ( 3 ) GLOBAL_UNCERTAINTY_ASSIGNED_CONTEXT ( ( #5665 ) ) GLOBAL_UNIT_ASSIGNED_CONTEXT ( ( #2247, #8633, #8719 ) ) REPRESENTATION_CONTEXT ( 'NONE', 'WORKASPACE' ) );
#4593 = CARTESIAN_POINT ( 'NONE',  ( -18.60771238126736193, 2.225851540758575275, 0.000000000000000000 ) ) ;
#4594 = ORIENTED_EDGE ( 'NONE', *, *, #6333, .F. ) ;
#4595 = CARTESIAN_POINT ( 'NONE',  ( -18.13306470757481392, 3.195027973866737092, -0.1000000000000000056 ) ) ;
#4596 = CARTESIAN_POINT ( 'NONE',  ( -19.85282379552610976, 3.612561970055895078, -0.1000000000000000056 ) ) ;
#4597 = ORIENTED_EDGE ( 'NONE', *, *, #5491, .T. ) ;
#4598 = CARTESIAN_POINT ( 'NONE',  ( -20.08892380152779822, 3.371014886879487804, -0.1000000000000000056 ) ) ;
#4599 = CARTESIAN_POINT ( 'NONE',  ( -19.05795916059220119, 0.8836621475219728072, -0.1000000000000000056 ) ) ;
#4600 = PRESENTATION_STYLE_ASSIGNMENT (( #2562 ) ) ;
#4601 = AXIS2_PLACEMENT_3D ( 'NONE', #6839, #432, #3210 ) ;
#4602 = VECTOR ( 'NONE', #6308, 1000.000000000000000 ) ;
#4603 = ORIENTED_EDGE ( 'NONE', *, *, #2604, .T. ) ;
#4604 = CARTESIAN_POINT ( 'NONE',  ( -19.85694705147151495, -1.173801898956299050, -0.1000000000000000056 ) ) ;
#4605 = CARTESIAN_POINT ( 'NONE',  ( -18.54592106956028275, -0.7402113266096524979, 0.000000000000000000 ) ) ;
#4606 = COLOUR_RGB ( '',1.000000000000000000, 0.9607843137254902244, 0.8901960784313724950 ) ;
#4607 = STYLED_ITEM ( 'NONE', ( #6539 ), #917 ) ;
#4608 = CARTESIAN_POINT ( 'NONE',  ( -18.32197533745173956, 3.094422715504962174, 0.000000000000000000 ) ) ;
#4609 = LINE ( 'NONE', #5403, #6251 ) ;
#4610 = CYLINDRICAL_SURFACE ( 'NONE', #1413, 1.000000000000000444 ) ;
#4611 = B_SPLINE_SURFACE_WITH_KNOTS ( 'NONE', 3, 1, ( 
 ( #8094, #3178 ),
 ( #7419, #8135 ),
 ( #3044, #5973 ),
 ( #5876, #5175 ),
 ( #928, #1014 ),
 ( #3864, #8850 ),
 ( #7462, #1061 ),
 ( #8676, #2286 ),
 ( #5130, #5577 ),
 ( #360, #2736 ),
 ( #1983, #3224 ),
 ( #8413, #4133 ),
 ( #1237, #4643 ),
 ( #1282, #6378 ),
 ( #6331, #6988 ),
 ( #2506, #7505 ),
 ( #9164, #4229 ),
 ( #6286, #3488 ),
 ( #4828, #2030 ) ),
 .UNSPECIFIED., .F., .F., .F.,
 ( 4, 1, 1, 1, 1, 1, 1, 1, 1, 1, 1, 1, 1, 1, 1, 1, 4 ),
 ( 2, 2 ),
 ( 0.000000000000000000, 0.06819445039611969628, 0.1337604984181151868, 0.1976841348832744927, 0.2602900130661454092, 0.3215916863063495446, 0.3818798919928519942, 0.4419323108891064500, 0.5014036694294476959, 0.5611379963023768180, 0.6208926775134955278, 0.6805545771674575972, 0.7417106038346986674, 0.8038681233347134691, 0.8671096104850670727, 0.9323885804212804773, 1.000000000000000000 ),
 ( 0.000000000000000000, 1.000000000000000000 ),
 .UNSPECIFIED. ) ;
#4612 = MECHANICAL_DESIGN_GEOMETRIC_PRESENTATION_REPRESENTATION (  '', ( #6272 ), #6125 ) ;
#4613 = B_SPLINE_CURVE_WITH_KNOTS ( 'NONE', 3,
 ( #5545, #1390, #4290, #8379, #698, #2899, #5731, #9133, #5, #5687, #2043, #8526, #2187, #7731, #7055 ),
 .UNSPECIFIED., .F., .F.,
 ( 4, 1, 1, 1, 1, 1, 1, 1, 1, 1, 1, 1, 4 ),
 ( 0.000000000000000000, 0.08952427709590991822, 0.1754766049522667459, 0.2586909596412973467, 0.3397224667510413965, 0.4195422710018931745, 0.4983216921810360578, 0.5769322473500460013, 0.6566392467508933573, 0.7378703790793303963, 0.8224787060298337504, 0.9089304481639295386, 1.000000000000000000 ),
 .UNSPECIFIED. ) ;
#4614 = EDGE_LOOP ( 'NONE', ( #8237, #5375, #8910, #3101 ) ) ;
#4615 = VECTOR ( 'NONE', #8699, 1000.000000000000000 ) ;
#4616 = CARTESIAN_POINT ( 'NONE',  ( -19.00282184261597607, 1.605950237879600895, 0.000000000000000000 ) ) ;
#4617 = CARTESIAN_POINT ( 'NONE',  ( -18.85224343829211335, -3.394565959661205667, -0.1000000000000000056 ) ) ;
#4618 = AXIS2_PLACEMENT_3D ( 'NONE', #7249, #5779, #59 ) ;
#4619 = CARTESIAN_POINT ( 'NONE',  ( -19.59931258339290139, 3.243706239064532149, 0.000000000000000000 ) ) ;
#4620 = VERTEX_POINT ( 'NONE', #2496 ) ;
#4621 = FACE_OUTER_BOUND ( 'NONE', #5863, .T. ) ;
#4622 = CARTESIAN_POINT ( 'NONE',  ( -20.10971359229109012, -3.502551256743565933, -0.1000000000000000056 ) ) ;
#4623 = AXIS2_PLACEMENT_3D ( 'NONE', #2435, #6512, #1688 ) ;
#4624 = ADVANCED_FACE ( 'NONE', ( #5326 ), #1752, .T. ) ;
#4625 = CARTESIAN_POINT ( 'NONE',  ( -18.11507178873201696, 4.132191378395137171, 0.000000000000000000 ) ) ;
#4626 = DIRECTION ( 'NONE',  ( -1.000000000000000000, 0.000000000000000000, -0.000000000000000000 ) ) ;
#4627 = CARTESIAN_POINT ( 'NONE',  ( -18.48722613367854350, -3.180663144966631162, -0.1000000000000000056 ) ) ;
#4628 = EDGE_LOOP ( 'NONE', ( #8357, #5407, #5702, #6122 ) ) ;
#4629 = EDGE_LOOP ( 'NONE', ( #6418, #2820, #3047, #2883 ) ) ;
#4630 = CARTESIAN_POINT ( 'NONE',  ( -18.84937216084243872, 3.347416978438999102, -0.1000000000000000056 ) ) ;
#4631 = CIRCLE ( 'NONE', #5379, 8.000000000000000000 ) ;
#4632 = DIRECTION ( 'NONE',  ( -0.000000000000000000, 0.000000000000000000, 1.000000000000000000 ) ) ;
#4633 =( NAMED_UNIT ( * ) SI_UNIT ( $, .STERADIAN. ) SOLID_ANGLE_UNIT ( ) );
#4634 = CARTESIAN_POINT ( 'NONE',  ( -19.18262432963927822, 3.016799516188040542, -0.1000000000000000056 ) ) ;
#4635 = CARTESIAN_POINT ( 'NONE',  ( -18.59485919772192375, -3.120908501942953439, 0.000000000000000000 ) ) ;
#4636 = CARTESIAN_POINT ( 'NONE',  ( -19.42776084543809745, 4.301000554334851067, -0.1000000000000000056 ) ) ;
#4637 = CARTESIAN_POINT ( 'NONE',  ( -18.24928079961690131, 1.020022521230489865, 0.000000000000000000 ) ) ;
#4638 = DIRECTION ( 'NONE',  ( 1.000000000000000000, 0.000000000000000000, -0.000000000000000000 ) ) ;
#4639 = EDGE_CURVE ( 'NONE', #2062, #9044, #430, .T. ) ;
#4640 = CARTESIAN_POINT ( 'NONE',  ( -19.14183575131425030, 2.632229245829619035, 1.355252715606880543E-17 ) ) ;
#4641 = FACE_OUTER_BOUND ( 'NONE', #5206, .T. ) ;
#4642 = ORIENTED_EDGE ( 'NONE', *, *, #7347, .T. ) ;
#4643 = CARTESIAN_POINT ( 'NONE',  ( -18.12095643405164225, 1.687602810193226111, 0.000000000000000000 ) ) ;
#4644 = CARTESIAN_POINT ( 'NONE',  ( -18.96377040295877592, 2.271119663831485447, 0.000000000000000000 ) ) ;
#4645 = VERTEX_POINT ( 'NONE', #4580 ) ;
#4646 = ADVANCED_FACE ( 'NONE', ( #3895, #6179 ), #526, .F. ) ;
#4647 = CARTESIAN_POINT ( 'NONE',  ( -18.10728452667434141, 4.060245638507653965, 0.000000000000000000 ) ) ;
#4648 = CARTESIAN_POINT ( 'NONE',  ( -18.60468127128846660, -1.152433954013083905, -0.1000000000000000056 ) ) ;
#4649 = ORIENTED_EDGE ( 'NONE', *, *, #4639, .T. ) ;
#4650 = CYLINDRICAL_SURFACE ( 'NONE', #2908, 1.000000000000001776 ) ;
#4651 = CARTESIAN_POINT ( 'NONE',  ( -19.49403377245127800, 2.986363654218269215, 0.000000000000000000 ) ) ;
#4652 =( NAMED_UNIT ( * ) PLANE_ANGLE_UNIT ( ) SI_UNIT ( $, .RADIAN. ) );
#4653 = AXIS2_PLACEMENT_3D ( 'NONE', #2206, #2918, #5002 ) ;
#4654 = ORIENTED_EDGE ( 'NONE', *, *, #1681, .F. ) ;
#4655 =( NAMED_UNIT ( * ) PLANE_ANGLE_UNIT ( ) SI_UNIT ( $, .RADIAN. ) );
#4656 = ADVANCED_FACE ( 'NONE', ( #5741 ), #7610, .T. ) ;
#4657 = CYLINDRICAL_SURFACE ( 'NONE', #2284, 0.5000000000000004441 ) ;
#4658 = CARTESIAN_POINT ( 'NONE',  ( -19.56871230903987779, -1.348871396252154353, -0.1000000000000000056 ) ) ;
#4659 = ORIENTED_EDGE ( 'NONE', *, *, #834, .T. ) ;
#4660 = CARTESIAN_POINT ( 'NONE',  ( -18.59062473052404485, 1.659655883859915138, -0.1000000000000000056 ) ) ;
#4661 = DIRECTION ( 'NONE',  ( 1.000000000000000000, 0.000000000000000000, 0.000000000000000000 ) ) ;
#4662 = VERTEX_POINT ( 'NONE', #5035 ) ;
#4663 = CARTESIAN_POINT ( 'NONE',  ( -18.75087478647185790, 3.749907314064130581, 0.000000000000000000 ) ) ;
#4664 = DIRECTION ( 'NONE',  ( 1.000000000000000000, 0.000000000000000000, 0.000000000000000000 ) ) ;
#4665 = CARTESIAN_POINT ( 'NONE',  ( -18.85224343829211335, -3.394565959661205667, 0.000000000000000000 ) ) ;
#4666 = EDGE_CURVE ( 'NONE', #3138, #3230, #6324, .T. ) ;
#4667 = CARTESIAN_POINT ( 'NONE',  ( -19.70634212275253461, 3.306101340691884438, 0.000000000000000000 ) ) ;
#4668 = VERTEX_POINT ( 'NONE', #4993 ) ;
#4669 = LINE ( 'NONE', #8119, #3187 ) ;
#4670 = CARTESIAN_POINT ( 'NONE',  ( -20.00361389410089785, -3.950828685915165117, -0.1000000000000000056 ) ) ;
#4671 = CARTESIAN_POINT ( 'NONE',  ( -18.85549059163642127, 4.035561129298430139, -0.1000000000000000056 ) ) ;
#4672 = SURFACE_STYLE_USAGE ( .BOTH. , #5462 ) ;
#4673 = CARTESIAN_POINT ( 'NONE',  ( -20.10851361746178512, -0.1937284944099172956, -0.1000000000000000056 ) ) ;
#4674 = CARTESIAN_POINT ( 'NONE',  ( -19.10651643572851199, 2.632526652018228219, 0.000000000000000000 ) ) ;
#4675 = ORIENTED_EDGE ( 'NONE', *, *, #6879, .F. ) ;
#4676 = EDGE_LOOP ( 'NONE', ( #7340, #5034, #1614, #485 ) ) ;
#4677 = LINE ( 'NONE', #1006, #1774 ) ;
#4678 = CARTESIAN_POINT ( 'NONE',  ( -18.10679400200810818, 1.732538063876646328, -0.1000000000000000056 ) ) ;
#4679 = FILL_AREA_STYLE_COLOUR ( '', #4681 ) ;
#4680 = CARTESIAN_POINT ( 'NONE',  ( -19.03191632620645635, 3.549720191466237740, 0.000000000000000000 ) ) ;
#4681 = COLOUR_RGB ( '',0.8666666666666666963, 0.9098039215686274384, 1.000000000000000000 ) ;
#4682 = CIRCLE ( 'NONE', #2317, 1.000000000000000444 ) ;
#4683 = CARTESIAN_POINT ( 'NONE',  ( -19.13097694171718643, 2.977985204855204682, -0.1000000000000000056 ) ) ;
#4684 = B_SPLINE_CURVE_WITH_KNOTS ( 'NONE', 3,
 ( #6159, #8904, #2513, #8993, #5350, #1297, #7056, #8574, #5634, #745, #651, #6393, #600 ),
 .UNSPECIFIED., .F., .F.,
 ( 4, 1, 1, 1, 1, 1, 1, 1, 1, 1, 4 ),
 ( 0.000000000000000000, 0.1421053962225759804, 0.2953117760055939400, 0.3768369013572741566, 0.4575895033594541972, 0.5411397773640043152, 0.6266672613025775496, 0.7147343468961885327, 0.8048766421783346559, 0.9001682164234507955, 1.000000000000000000 ),
 .UNSPECIFIED. ) ;
#4685 = CARTESIAN_POINT ( 'NONE',  ( -19.67334413072348198, 4.256153623723125889, -0.1000000000000000056 ) ) ;
#4686 = CARTESIAN_POINT ( 'NONE',  ( -18.10741937422069014, 0.8461052177526662277, 0.000000000000000000 ) ) ;
#4687 = FACE_OUTER_BOUND ( 'NONE', #7591, .T. ) ;
#4688 = EDGE_CURVE ( 'NONE', #6370, #1800, #7665, .T. ) ;
#4689 = FILL_AREA_STYLE ('',( #1860 ) ) ;
#4690 = EDGE_CURVE ( 'NONE', #8450, #328, #1691, .T. ) ;
#4691 = CARTESIAN_POINT ( 'NONE',  ( -20.10851361746178512, -0.1937284944099172956, 0.000000000000000000 ) ) ;
#4692 = CARTESIAN_POINT ( 'NONE',  ( -18.54322014289402887, 2.203087240436032879, 0.000000000000000000 ) ) ;
#4693 = ORIENTED_EDGE ( 'NONE', *, *, #8157, .F. ) ;
#4694 = B_SPLINE_SURFACE_WITH_KNOTS ( 'NONE', 3, 1, ( 
 ( #400, #4138 ),
 ( #4782, #4686 ),
 ( #1898, #9027 ),
 ( #6945, #6898 ),
 ( #3952, #6289 ),
 ( #6992, #1811 ),
 ( #5431, #6806 ),
 ( #492, #6850 ),
 ( #6102, #1986 ),
 ( #3355, #4637 ),
 ( #5384, #7679 ) ),
 .UNSPECIFIED., .F., .F., .F.,
 ( 4, 1, 1, 1, 1, 1, 1, 1, 4 ),
 ( 2, 2 ),
 ( 0.000000000000000000, 0.1631617008063159235, 0.3054497305669772733, 0.4326196334640751151, 0.5495891988933663264, 0.6607960529556101692, 0.7695424440343472394, 0.8817899633885906141, 1.000000000000000000 ),
 ( 0.000000000000000000, 1.000000000000000000 ),
 .UNSPECIFIED. ) ;
#4695 = CARTESIAN_POINT ( 'NONE',  ( -18.25847886361972527, 2.384369889762649741, 0.000000000000000000 ) ) ;
#4696 = CARTESIAN_POINT ( 'NONE',  ( -18.68153995333715756, -1.142901814778646274, 0.000000000000000000 ) ) ;
#4697 = ORIENTED_EDGE ( 'NONE', *, *, #484, .T. ) ;
#4698 = CYLINDRICAL_SURFACE ( 'NONE', #7018, 0.5000000000000004441 ) ;
#4699 = CARTESIAN_POINT ( 'NONE',  ( -19.61496327537898665, 2.919857304890948413, -0.1000000000000000056 ) ) ;
#4700 = CARTESIAN_POINT ( 'NONE',  ( -19.76220112758461056, -2.754742640392168873, -0.1000000000000000056 ) ) ;
#4701 = EDGE_CURVE ( 'NONE', #8995, #267, #5833, .T. ) ;
#4702 = VERTEX_POINT ( 'NONE', #7207 ) ;
#4703 = SURFACE_SIDE_STYLE ('',( #6073 ) ) ;
#4704 = CARTESIAN_POINT ( 'NONE',  ( -19.59168788729711608, -1.335124416351318732, -0.1000000000000000056 ) ) ;
#4705 = EDGE_LOOP ( 'NONE', ( #1852, #3467, #4025, #196 ) ) ;
#4706 = CARTESIAN_POINT ( 'NONE',  ( -18.59485919772192375, -3.120908501942953439, 0.000000000000000000 ) ) ;
#4707 = CARTESIAN_POINT ( 'NONE',  ( -19.49898763476416264, -3.911067797342937968, -0.1000000000000000056 ) ) ;
#4708 = EDGE_LOOP ( 'NONE', ( #6427, #7536, #8877, #4965 ) ) ;
#4709 = ADVANCED_FACE ( 'NONE', ( #889, #9057 ), #2154, .T. ) ;
#4710 = CARTESIAN_POINT ( 'NONE',  ( -18.77569789197526973, 3.872119108782804187, 0.000000000000000000 ) ) ;
#4711 = CARTESIAN_POINT ( 'NONE',  ( -6.080000000000001847, -8.406000000000007688, 3.000000000000000000 ) ) ;
#4712 = CARTESIAN_POINT ( 'NONE',  ( -18.05551227389380031, -3.476861419677735210, -0.1000000000000000056 ) ) ;
#4713 = CARTESIAN_POINT ( 'NONE',  ( -2.999999999999995559, 6.294999999999998153, 3.000000000000000000 ) ) ;
#4714 = VERTEX_POINT ( 'NONE', #6683 ) ;
#4715 = CARTESIAN_POINT ( 'NONE',  ( 3.040000000000004921, -8.406000000000007688, -0.09999999999999982514 ) ) ;
#4716 = SURFACE_STYLE_FILL_AREA ( #8164 ) ;
#4717 = CARTESIAN_POINT ( 'NONE',  ( -18.82385133042687286, 3.984318174862395256, -0.1000000000000000056 ) ) ;
#4718 = SURFACE_STYLE_FILL_AREA ( #390 ) ;
#4719 = CARTESIAN_POINT ( 'NONE',  ( 5.580000000000007176, -8.406000000000005912, 3.100000000000000089 ) ) ;
#4720 = CARTESIAN_POINT ( 'NONE',  ( -19.01341534788206289, 2.974955146931854699, 0.000000000000000000 ) ) ;
#4721 = ORIENTED_EDGE ( 'NONE', *, *, #5219, .T. ) ;
#4722 = EDGE_CURVE ( 'NONE', #8533, #1653, #806, .T. ) ;
#4723 = ORIENTED_EDGE ( 'NONE', *, *, #4639, .F. ) ;
#4724 =( NAMED_UNIT ( * ) SI_UNIT ( $, .STERADIAN. ) SOLID_ANGLE_UNIT ( ) );
#4725 = CARTESIAN_POINT ( 'NONE',  ( -18.47076243207002122, 1.338797396719451305, -0.1000000000000000056 ) ) ;
#4726 = UNCERTAINTY_MEASURE_WITH_UNIT (LENGTH_MEASURE( 1.000000000000000082E-05 ), #307, 'distance_accuracy_value', 'NONE');
#4727 = CARTESIAN_POINT ( 'NONE',  ( -20.11002957262878255, 3.570620958557346292, -0.1000000000000000056 ) ) ;
#4728 = CARTESIAN_POINT ( 'NONE',  ( -18.43088107687475130, -1.343610178042401682, 0.000000000000000000 ) ) ;
#4729 = CARTESIAN_POINT ( 'NONE',  ( -20.05708089332155808, 3.885039332380009647, 0.000000000000000000 ) ) ;
#4730 = CARTESIAN_POINT ( 'NONE',  ( -18.10687864759171362, -1.442271461486816619, 0.000000000000000000 ) ) ;
#4731 = DIRECTION ( 'NONE',  ( 0.000000000000000000, 0.000000000000000000, 1.000000000000000000 ) ) ;
#4732 = FILL_AREA_STYLE ('',( #3448 ) ) ;
#4733 =( GEOMETRIC_REPRESENTATION_CONTEXT ( 3 ) GLOBAL_UNCERTAINTY_ASSIGNED_CONTEXT ( ( #2948 ) ) GLOBAL_UNIT_ASSIGNED_CONTEXT ( ( #7895, #7763, #7084 ) ) REPRESENTATION_CONTEXT ( 'NONE', 'WORKASPACE' ) );
#4734 = CARTESIAN_POINT ( 'NONE',  ( -19.97222315661803904, -0.3346773025013301539, 0.000000000000000000 ) ) ;
#4735 = PRESENTATION_STYLE_ASSIGNMENT (( #8273 ) ) ;
#4736 = ORIENTED_EDGE ( 'NONE', *, *, #1044, .F. ) ;
#4737 = CIRCLE ( 'NONE', #573, 1.000000000000001776 ) ;
#4738 = AXIS2_PLACEMENT_3D ( 'NONE', #1662, #2541, #5955 ) ;
#4739 = CARTESIAN_POINT ( 'NONE',  ( -18.10687864759171362, 4.044299329121905373, 0.000000000000000000 ) ) ;
#4740 = CARTESIAN_POINT ( 'NONE',  ( -19.73601502913976447, 3.849272128633364876, -0.1000000000000000056 ) ) ;
#4741 = EDGE_LOOP ( 'NONE', ( #5288, #4491, #5661, #452, #1161, #8952, #859, #2622, #6815, #5102, #8744, #1926, #8494, #6622, #2445, #5178, #412 ) ) ;
#4742 = CARTESIAN_POINT ( 'NONE',  ( -18.50741220619382688, -1.205750852756980684, 0.000000000000000000 ) ) ;
#4743 = SURFACE_SIDE_STYLE ('',( #4793 ) ) ;
#4744 = CARTESIAN_POINT ( 'NONE',  ( -19.48441780562243153, -2.684223579044636043, -0.1000000000000000056 ) ) ;
#4745 = EDGE_LOOP ( 'NONE', ( #1970, #3288, #1179, #9047 ) ) ;
#4746 = MECHANICAL_DESIGN_GEOMETRIC_PRESENTATION_REPRESENTATION (  '', ( #3128 ), #6709 ) ;
#4747 = CARTESIAN_POINT ( 'NONE',  ( -18.60689819155737368, -4.224884236653647207, 0.000000000000000000 ) ) ;
#4748 = DIRECTION ( 'NONE',  ( -0.000000000000000000, 0.000000000000000000, 1.000000000000000000 ) ) ;
#4749 = DIRECTION ( 'NONE',  ( 1.000000000000000000, 0.000000000000000000, 0.000000000000000000 ) ) ;
#4750 = ORIENTED_EDGE ( 'NONE', *, *, #1991, .T. ) ;
#4751 = EDGE_CURVE ( 'NONE', #7707, #8153, #3088, .T. ) ;
#4752 = CARTESIAN_POINT ( 'NONE',  ( -20.10502105058991873, -0.8370844220484419118, -0.1000000000000000056 ) ) ;
#4753 = CARTESIAN_POINT ( 'NONE',  ( -18.42278837159914318, -3.789499691120965519, -0.1000000000000000056 ) ) ;
#4754 = VERTEX_POINT ( 'NONE', #2512 ) ;
#4755 = VECTOR ( 'NONE', #5197, 1000.000000000000000 ) ;
#4756 = PRESENTATION_STYLE_ASSIGNMENT (( #8245 ) ) ;
#4757 = CIRCLE ( 'NONE', #5059, 8.000000000000001776 ) ;
#4758 = CARTESIAN_POINT ( 'NONE',  ( -19.09065594597316462, 0.8823473572089748362, 0.000000000000000000 ) ) ;
#4759 = CARTESIAN_POINT ( 'NONE',  ( -19.72361074902013911, -2.736127809225429086, 0.000000000000000000 ) ) ;
#4760 = CARTESIAN_POINT ( 'NONE',  ( -18.35043340456985206, 0.9947142086122785498, -0.1000000000000000056 ) ) ;
#4761 = ORIENTED_EDGE ( 'NONE', *, *, #8954, .T. ) ;
#4762 = SURFACE_SIDE_STYLE ('',( #8296 ) ) ;
#4763 = CARTESIAN_POINT ( 'NONE',  ( -18.36371051608129790, 1.935468908945718436, 0.000000000000000000 ) ) ;
#4764 = PRESENTATION_LAYER_ASSIGNMENT (  '', '', ( #8185 ) ) ;
#4765 = CARTESIAN_POINT ( 'NONE',  ( -19.20027808564996619, 4.276420960964380846, -0.1000000000000000056 ) ) ;
#4766 = CARTESIAN_POINT ( 'NONE',  ( -18.95504362274490262, -3.053188778485784738, -0.1000000000000000056 ) ) ;
#4767 = PRESENTATION_LAYER_ASSIGNMENT (  '', '', ( #601 ) ) ;
#4768 = CARTESIAN_POINT ( 'NONE',  ( 5.080000000000005400, -8.406000000000005912, -0.09999999999999982514 ) ) ;
#4769 = VERTEX_POINT ( 'NONE', #5348 ) ;
#4770 = ORIENTED_EDGE ( 'NONE', *, *, #8282, .F. ) ;
#4771 = CARTESIAN_POINT ( 'NONE',  ( -19.26531848616861353, 1.609439051610472848, 0.000000000000000000 ) ) ;
#4772 = B_SPLINE_SURFACE_WITH_KNOTS ( 'NONE', 3, 1, ( 
 ( #1285, #4730 ),
 ( #3259, #5337 ),
 ( #8933, #442 ),
 ( #2549, #8220 ),
 ( #2645, #3993 ),
 ( #1857, #7543 ),
 ( #587, #2596 ),
 ( #543, #1142 ),
 ( #8176, #8267 ),
 ( #3446, #7498 ),
 ( #5475, #4091 ) ),
 .UNSPECIFIED., .F., .F., .F.,
 ( 4, 1, 1, 1, 1, 1, 1, 1, 4 ),
 ( 2, 2 ),
 ( 0.000000000000000000, 0.1578772743215378083, 0.3039121393467164034, 0.4392364836526222449, 0.5620384919248749833, 0.6777652923427514020, 0.7880577262557927343, 0.8954428073456970338, 1.000000000000000000 ),
 ( 0.000000000000000000, 1.000000000000000000 ),
 .UNSPECIFIED. ) ;
#4773 = VECTOR ( 'NONE', #8026, 1000.000000000000000 ) ;
#4774 = CARTESIAN_POINT ( 'NONE',  ( -18.59485919772192375, -3.120908501942953439, -0.1000000000000000056 ) ) ;
#4775 = FILL_AREA_STYLE_COLOUR ( '', #1106 ) ;
#4776 = CARTESIAN_POINT ( 'NONE',  ( -18.41507688977921475, 3.408640454610186943, -0.1000000000000000056 ) ) ;
#4777 = AXIS2_PLACEMENT_3D ( 'NONE', #1793, #4027, #4123 ) ;
#4778 = CARTESIAN_POINT ( 'NONE',  ( -18.41509312871885484, -1.556773176432503458, -0.1000000000000000056 ) ) ;
#4779 = EDGE_CURVE ( 'NONE', #1276, #4957, #8813, .T. ) ;
#4780 = CARTESIAN_POINT ( 'NONE',  ( -19.83350506900698562, 4.169956983834773645, -0.1000000000000000056 ) ) ;
#4781 =( GEOMETRIC_REPRESENTATION_CONTEXT ( 3 ) GLOBAL_UNCERTAINTY_ASSIGNED_CONTEXT ( ( #973 ) ) GLOBAL_UNIT_ASSIGNED_CONTEXT ( ( #885, #1673, #4513 ) ) REPRESENTATION_CONTEXT ( 'NONE', 'WORKASPACE' ) );
#4782 = CARTESIAN_POINT ( 'NONE',  ( -18.10741937422069014, 0.8461052177526662277, -0.1000000000000000056 ) ) ;
#4783 = CARTESIAN_POINT ( 'NONE',  ( -19.96174249689398295, 1.530994431903278441, 0.000000000000000000 ) ) ;
#4784 = CARTESIAN_POINT ( 'NONE',  ( -20.07586286853400637, 3.323271735683105188, 0.000000000000000000 ) ) ;
#4785 = CARTESIAN_POINT ( 'NONE',  ( -18.10705947609687527, -1.421001320074296137, -0.000000000000000000 ) ) ;
#4786 = CARTESIAN_POINT ( 'NONE',  ( -20.04994474055430231, -0.2945388398440957345, -0.1000000000000000056 ) ) ;
#4787 = CARTESIAN_POINT ( 'NONE',  ( -18.44950711233109075, 2.145591621569727714, -0.1000000000000000056 ) ) ;
#4788 = B_SPLINE_CURVE_WITH_KNOTS ( 'NONE', 3,
 ( #4320, #6474, #8696, #7988, #5110, #86, #2123, #1422, #7134, #4271, #1562, #3578, #6424, #8603, #818, #2174, #7182, #36, #2930 ),
 .UNSPECIFIED., .F., .F.,
 ( 4, 1, 1, 1, 1, 1, 1, 1, 1, 1, 1, 1, 1, 1, 1, 1, 4 ),
 ( 0.000000000000000000, 0.06594219813266470609, 0.1288303013562868415, 0.1890106106024899424, 0.2475118961072786672, 0.3041416451367280338, 0.3600298959845402158, 0.4148632064225805660, 0.4706561808339158048, 0.5273627449312683346, 0.5858081977336109247, 0.6466459508818690471, 0.7102281684247442328, 0.7769360596728637214, 0.8477312525032871804, 0.9216350145973438712, 1.000000000000000000 ),
 .UNSPECIFIED. ) ;
#4789 = LINE ( 'NONE', #8321, #6167 ) ;
#4790 = DIRECTION ( 'NONE',  ( -1.000000000000000000, 0.000000000000000000, 0.000000000000000000 ) ) ;
#4791 = ORIENTED_EDGE ( 'NONE', *, *, #1517, .T. ) ;
#4792 = CARTESIAN_POINT ( 'NONE',  ( -18.56945248111956914, -1.165320310314579944, 0.000000000000000000 ) ) ;
#4793 = SURFACE_STYLE_FILL_AREA ( #2561 ) ;
#4794 = LINE ( 'NONE', #4057, #6921 ) ;
#4795 = CARTESIAN_POINT ( 'NONE',  ( -19.11714069000406369, -1.016954234830025783, -0.1000000000000000056 ) ) ;
#4796 = LINE ( 'NONE', #413, #7384 ) ;
#4797 = CARTESIAN_POINT ( 'NONE',  ( -19.12796792562329529, 3.332434303317755919, 0.000000000000000000 ) ) ;
#4798 = FACE_OUTER_BOUND ( 'NONE', #7468, .T. ) ;
#4799 = DIRECTION ( 'NONE',  ( -0.000000000000000000, -0.000000000000000000, -1.000000000000000000 ) ) ;
#4800 = VERTEX_POINT ( 'NONE', #8141 ) ;
#4801 = CARTESIAN_POINT ( 'NONE',  ( -20.09833500465420997, -0.8126322423152415597, -0.1000000000000000056 ) ) ;
#4802 = CARTESIAN_POINT ( 'NONE',  ( -19.77026629585628115, 2.509327615102131315, -0.1000000000000000056 ) ) ;
#4803 = VECTOR ( 'NONE', #523, 1000.000000000000000 ) ;
#4804 = EDGE_CURVE ( 'NONE', #9060, #3791, #2475, .T. ) ;
#4805 = CARTESIAN_POINT ( 'NONE',  ( -12.50000000000000000, 0.000000000000000000, 3.000000000000000000 ) ) ;
#4806 = ADVANCED_FACE ( 'NONE', ( #2335 ), #4650, .T. ) ;
#4807 = PLANE ( 'NONE',  #1416 ) ;
#4808 = LINE ( 'NONE', #567, #1200 ) ;
#4809 = CARTESIAN_POINT ( 'NONE',  ( -18.77391864266701660, -1.154204271508742830, -0.1000000000000000056 ) ) ;
#4810 = COLOUR_RGB ( '',1.000000000000000000, 0.9490196078431372140, 0.9098039215686274384 ) ;
#4811 = CARTESIAN_POINT ( 'NONE',  ( -18.19777495783751675, 1.010084440408975492, -0.1000000000000000056 ) ) ;
#4812 = ORIENTED_EDGE ( 'NONE', *, *, #2945, .F. ) ;
#4813 = CARTESIAN_POINT ( 'NONE',  ( -18.10714659178618291, -0.1237523366562018612, -0.1000000000000000056 ) ) ;
#4814 =( NAMED_UNIT ( * ) PLANE_ANGLE_UNIT ( ) SI_UNIT ( $, .RADIAN. ) );
#4815 = CARTESIAN_POINT ( 'NONE',  ( -19.20027808564996619, 4.276420960964380846, 0.000000000000000000 ) ) ;
#4816 = DIRECTION ( 'NONE',  ( 0.000000000000000000, 0.000000000000000000, 1.000000000000000000 ) ) ;
#4817 = CARTESIAN_POINT ( 'NONE',  ( -20.09618943189540374, -0.2314568442387917035, -0.1000000000000000056 ) ) ;
#4818 = CARTESIAN_POINT ( 'NONE',  ( -18.37539239558712012, -3.300675855702474237, -0.1000000000000000056 ) ) ;
#4819 = VERTEX_POINT ( 'NONE', #5881 ) ;
#4820 = PRESENTATION_LAYER_ASSIGNMENT (  '', '', ( #6481 ) ) ;
#4821 = B_SPLINE_CURVE_WITH_KNOTS ( 'NONE', 3,
 ( #1923, #3285, #4758, #2721, #3977, #6830, #6924, #4854, #7703, #519, #6174 ),
 .UNSPECIFIED., .F., .F.,
 ( 4, 1, 1, 1, 1, 1, 1, 1, 4 ),
 ( 0.000000000000000000, 0.1237081006163633645, 0.2383660369870032325, 0.3487204905726691284, 0.4602183380952702962, 0.5772751561838367351, 0.7024896784038233699, 0.8423182318581209360, 1.000000000000000000 ),
 .UNSPECIFIED. ) ;
#4822 = ORIENTED_EDGE ( 'NONE', *, *, #1832, .T. ) ;
#4823 = SURFACE_STYLE_FILL_AREA ( #2683 ) ;
#4824 = EDGE_CURVE ( 'NONE', #4754, #1198, #5363, .T. ) ;
#4825 = CARTESIAN_POINT ( 'NONE',  ( -18.08148919675925725, 1.912047460668984789, -0.1000000000000000056 ) ) ;
#4826 = UNCERTAINTY_MEASURE_WITH_UNIT (LENGTH_MEASURE( 1.000000000000000082E-05 ), #6722, 'distance_accuracy_value', 'NONE');
#4827 = CARTESIAN_POINT ( 'NONE',  ( -18.10740756912099059, -1.380056515265207118, -0.1000000000000000056 ) ) ;
#4828 = CARTESIAN_POINT ( 'NONE',  ( -18.08119546074275519, 1.929449412027993915, -0.1000000000000000056 ) ) ;
#4829 = CARTESIAN_POINT ( 'NONE',  ( -18.44198890918778844, -1.305526805720551797, -0.1000000000000000056 ) ) ;
#4830 = CARTESIAN_POINT ( 'NONE',  ( -19.90229205412016000, 4.112835990138377973, 0.000000000000000000 ) ) ;
#4831 = CARTESIAN_POINT ( 'NONE',  ( -19.48552994790466641, 1.274586147744287468, 0.000000000000000000 ) ) ;
#4832 = CARTESIAN_POINT ( 'NONE',  ( -20.02019709781182399, 1.612285152700691393, 0.000000000000000000 ) ) ;
#4833 = DIRECTION ( 'NONE',  ( -1.000000000000000000, 0.000000000000000000, 0.000000000000000000 ) ) ;
#4834 = EDGE_CURVE ( 'NONE', #981, #2976, #6817, .T. ) ;
#4835 = CARTESIAN_POINT ( 'NONE',  ( -18.10687864759171362, -1.442271461486816619, 0.000000000000000000 ) ) ;
#4836 = VECTOR ( 'NONE', #1893, 1000.000000000000000 ) ;
#4837 = CARTESIAN_POINT ( 'NONE',  ( -18.81292706762182831, -1.170191532725643802, 0.000000000000000000 ) ) ;
#4838 = CARTESIAN_POINT ( 'NONE',  ( 2.540000000000004476, -8.406000000000007688, 3.000000000000000000 ) ) ;
#4839 = CARTESIAN_POINT ( 'NONE',  ( -19.47526864892123299, 3.127847083856355681, -0.1000000000000000056 ) ) ;
#4840 = CARTESIAN_POINT ( 'NONE',  ( -19.86697954633439522, -0.3467230224609372802, -0.1000000000000000056 ) ) ;
#4841 = ORIENTED_EDGE ( 'NONE', *, *, #850, .F. ) ;
#4842 = CARTESIAN_POINT ( 'NONE',  ( -18.44437177477880851, -1.299007434844970943, 0.000000000000000000 ) ) ;
#4843 = CARTESIAN_POINT ( 'NONE',  ( -18.68153995333715756, -1.142901814778646274, -0.1000000000000000056 ) ) ;
#4844 = CARTESIAN_POINT ( 'NONE',  ( -18.72663446651920438, -4.213350813921210580, 0.000000000000000000 ) ) ;
#4845 = CARTESIAN_POINT ( 'NONE',  ( -18.89191483369793190, -0.7806786967117664844, -0.1000000000000000056 ) ) ;
#4846 = CARTESIAN_POINT ( 'NONE',  ( -19.23051807223363951, 3.135355294545489446, -0.1000000000000000056 ) ) ;
#4847 = CARTESIAN_POINT ( 'NONE',  ( -18.72042271772914646, -2.972475680457312031, 0.000000000000000000 ) ) ;
#4848 = CARTESIAN_POINT ( 'NONE',  ( -22.50000000000000000, 10.44500000000000028, 3.000000000000000000 ) ) ;
#4849 = PRESENTATION_STYLE_ASSIGNMENT (( #6871 ) ) ;
#4850 = ORIENTED_EDGE ( 'NONE', *, *, #2464, .T. ) ;
#4851 = CARTESIAN_POINT ( 'NONE',  ( -18.38893280896451188, -3.276172478212727501, -0.1000000000000000056 ) ) ;
#4852 = CARTESIAN_POINT ( 'NONE',  ( -19.04163038808605890, 2.970270162161372074, 0.000000000000000000 ) ) ;
#4853 = B_SPLINE_SURFACE_WITH_KNOTS ( 'NONE', 3, 1, ( 
 ( #7422, #4005 ),
 ( #6860, #1018 ),
 ( #3868, #456 ),
 ( #5306, #3319 ),
 ( #2606, #8139 ),
 ( #6155, #1768 ),
 ( #5439, #8276 ),
 ( #7101, #4935 ),
 ( #3499, #7005 ),
 ( #2138, #1293 ),
 ( #2793, #695 ),
 ( #5684, #868 ),
 ( #8523, #2040 ),
 ( #6297, #2652 ),
 ( #6389, #5114 ) ),
 .UNSPECIFIED., .F., .F., .F.,
 ( 4, 1, 1, 1, 1, 1, 1, 1, 1, 1, 1, 1, 4 ),
 ( 2, 2 ),
 ( 0.000000000000000000, 0.1316997698902564462, 0.2589892036366611694, 0.3826236310620030889, 0.5059994271876895322, 0.5676215479535942077, 0.6284157917634726198, 0.6892045335828588248, 0.7497534549212457877, 0.8114813275728226527, 0.8729975146562740651, 0.9357811003196475630, 0.9999999999999998890 ),
 ( 0.000000000000000000, 1.000000000000000000 ),
 .UNSPECIFIED. ) ;
#4854 = CARTESIAN_POINT ( 'NONE',  ( -19.20206877810008805, 0.7795094986176662744, 0.000000000000000000 ) ) ;
#4855 = CARTESIAN_POINT ( 'NONE',  ( -20.02816653647867895, -3.051214815096173982, 0.000000000000000000 ) ) ;
#4856 = CARTESIAN_POINT ( 'NONE',  ( -18.95407977139814193, -1.561052235080655715, 1.355252715606880543E-17 ) ) ;
#4857 = CARTESIAN_POINT ( 'NONE',  ( -18.53447598344275349, 2.555073718399941463, -0.1000000000000000056 ) ) ;
#4858 = ORIENTED_EDGE ( 'NONE', *, *, #1135, .T. ) ;
#4859 = CARTESIAN_POINT ( 'NONE',  ( -18.27430831901652653, -0.3414786893598783513, -0.1000000000000000056 ) ) ;
#4860 = CARTESIAN_POINT ( 'NONE',  ( -18.70399454404775952, 1.632458565758723834, 0.000000000000000000 ) ) ;
#4861 = CARTESIAN_POINT ( 'NONE',  ( -19.64841233920526520, -4.243220972973444027, -0.1000000000000000056 ) ) ;
#4862 = CARTESIAN_POINT ( 'NONE',  ( -20.11016722181046390, -2.130901908874511808, -0.1000000000000000056 ) ) ;
#4863 = CARTESIAN_POINT ( 'NONE',  ( -2.999999999999995559, 8.294999999999998153, 5.700000000000000178 ) ) ;
#4864 = VERTEX_POINT ( 'NONE', #6157 ) ;
#4865 = ADVANCED_FACE ( 'NONE', ( #1250, #9081 ), #3404, .F. ) ;
#4866 = VERTEX_POINT ( 'NONE', #6863 ) ;
#4867 = DIRECTION ( 'NONE',  ( -0.000000000000000000, 0.000000000000000000, 1.000000000000000000 ) ) ;
#4868 = CARTESIAN_POINT ( 'NONE',  ( -18.22576376836059708, 3.119886247786107347, -0.1000000000000000056 ) ) ;
#4869 = CARTESIAN_POINT ( 'NONE',  ( -20.10976134028496531, 3.532021182900820566, 2.710505431213761085E-17 ) ) ;
#4870 = DIRECTION ( 'NONE',  ( -0.000000000000000000, -0.000000000000000000, -1.000000000000000000 ) ) ;
#4871 = DIRECTION ( 'NONE',  ( -0.000000000000000000, -0.000000000000000000, 1.000000000000000000 ) ) ;
#4872 = DIRECTION ( 'NONE',  ( 0.000000000000000000, 0.000000000000000000, 1.000000000000000000 ) ) ;
#4873 = CARTESIAN_POINT ( 'NONE',  ( -19.41958249066706443, 1.263994582680181500, -0.1000000000000000056 ) ) ;
#4874 = ADVANCED_FACE ( 'NONE', ( #2609 ), #8991, .T. ) ;
#4875 = CARTESIAN_POINT ( 'NONE',  ( -18.38327807526592750, 2.050817013837700653, 0.000000000000000000 ) ) ;
#4876 = CARTESIAN_POINT ( 'NONE',  ( -20.04262760204055738, 3.236101435042462171, 0.000000000000000000 ) ) ;
#4877 = CARTESIAN_POINT ( 'NONE',  ( -18.42645705524041944, -1.371717154495803559, -0.1000000000000000056 ) ) ;
#4878 = CARTESIAN_POINT ( 'NONE',  ( -19.47858252002538748, 3.013046311912283226, 0.000000000000000000 ) ) ;
#4879 = FACE_OUTER_BOUND ( 'NONE', #7253, .T. ) ;
#4880 = CARTESIAN_POINT ( 'NONE',  ( -18.12731484407839133, 4.167840111844263618, 0.000000000000000000 ) ) ;
#4881 = DIRECTION ( 'NONE',  ( -0.000000000000000000, -0.000000000000000000, -1.000000000000000000 ) ) ;
#4882 = ORIENTED_EDGE ( 'NONE', *, *, #2994, .T. ) ;
#4883 = FILL_AREA_STYLE ('',( #459 ) ) ;
#4884 = CARTESIAN_POINT ( 'NONE',  ( -18.56945248111956914, -1.165320310314579944, -0.1000000000000000056 ) ) ;
#4885 = CARTESIAN_POINT ( 'NONE',  ( -20.09671296323138279, -0.07623170956709024448, -0.1000000000000000056 ) ) ;
#4886 = FILL_AREA_STYLE ('',( #4150 ) ) ;
#4887 = CARTESIAN_POINT ( 'NONE',  ( -19.62225192208060420, -3.849696316186396849, -0.1000000000000000056 ) ) ;
#4888 = CIRCLE ( 'NONE', #8012, 1.000000000000001776 ) ;
#4889 = DIRECTION ( 'NONE',  ( -1.000000000000000000, 0.000000000000000000, 0.000000000000000000 ) ) ;
#4890 = CARTESIAN_POINT ( 'NONE',  ( -18.31473825908644670, -0.8444035786909709351, -0.1000000000000000056 ) ) ;
#4891 = CARTESIAN_POINT ( 'NONE',  ( -18.30435177179261430, 3.097885412265897642, -0.1000000000000000056 ) ) ;
#4892 = SURFACE_SIDE_STYLE ('',( #3413 ) ) ;
#4893 = ORIENTED_EDGE ( 'NONE', *, *, #3017, .T. ) ;
#4894 = CARTESIAN_POINT ( 'NONE',  ( -18.33874842656977933, -3.466102827301804634, 0.000000000000000000 ) ) ;
#4895 = CARTESIAN_POINT ( 'NONE',  ( -18.99120946084822847, 2.978707520378204521, 0.000000000000000000 ) ) ;
#4896 = CIRCLE ( 'NONE', #6103, 1.000000000000001776 ) ;
#4897 = CARTESIAN_POINT ( 'NONE',  ( -19.21125568209692247, 0.7010707410176596488, -0.1000000000000000056 ) ) ;
#4898 = DIRECTION ( 'NONE',  ( 0.000000000000000000, 1.000000000000000000, 0.000000000000000000 ) ) ;
#4899 = CARTESIAN_POINT ( 'NONE',  ( -20.09907550095612550, -3.302915202137145734, 0.000000000000000000 ) ) ;
#4900 = CARTESIAN_POINT ( 'NONE',  ( -18.68153995333715756, -1.142901814778646274, -0.1000000000000000056 ) ) ;
#4901 = CARTESIAN_POINT ( 'NONE',  ( -18.74598104659399667, 2.607674678708939098, 0.000000000000000000 ) ) ;
#4902 = EDGE_LOOP ( 'NONE', ( #5353, #5762, #2636, #4428 ) ) ;
#4903 = CARTESIAN_POINT ( 'NONE',  ( -18.14550257371000086, -0.2694375574350390545, 0.000000000000000000 ) ) ;
#4904 = CARTESIAN_POINT ( 'NONE',  ( -18.30435177179261430, 3.097885412265897642, -0.000000000000000000 ) ) ;
#4905 = B_SPLINE_CURVE_WITH_KNOTS ( 'NONE', 3,
 ( #7839, #5094, #6552, #852, #4950, #4398, #5040 ),
 .UNSPECIFIED., .F., .F.,
 ( 4, 1, 1, 1, 4 ),
 ( 0.000000000000000000, 0.08977327424520940846, 0.2835811563816762471, 0.5900183244039752806, 1.000000000000000000 ),
 .UNSPECIFIED. ) ;
#4906 = FACE_OUTER_BOUND ( 'NONE', #4409, .T. ) ;
#4907 = EDGE_CURVE ( 'NONE', #8472, #8884, #6044, .T. ) ;
#4908 = CARTESIAN_POINT ( 'NONE',  ( -19.67334413072348198, 4.256153623723125889, -0.1000000000000000056 ) ) ;
#4909 = CARTESIAN_POINT ( 'NONE',  ( -18.67264923963804435, -3.832338987974138966, 0.000000000000000000 ) ) ;
#4910 = ORIENTED_EDGE ( 'NONE', *, *, #6183, .T. ) ;
#4911 = AXIS2_PLACEMENT_3D ( 'NONE', #3078, #3905, #3815 ) ;
#4912 = EDGE_LOOP ( 'NONE', ( #4822, #6316 ) ) ;
#4913 = CARTESIAN_POINT ( 'NONE',  ( -19.69827873016739161, 1.704165433323016954, 0.000000000000000000 ) ) ;
#4914 = DIRECTION ( 'NONE',  ( 0.000000000000000000, 0.000000000000000000, -1.000000000000000000 ) ) ;
#4915 = UNCERTAINTY_MEASURE_WITH_UNIT (LENGTH_MEASURE( 1.000000000000000082E-05 ), #2516, 'distance_accuracy_value', 'NONE');
#4916 = CARTESIAN_POINT ( 'NONE',  ( -18.28669251715071198, -4.111986581720076472, -0.1000000000000000056 ) ) ;
#4917 = CARTESIAN_POINT ( 'NONE',  ( -19.23693886894587735, -1.939080607096354436, 0.000000000000000000 ) ) ;
#4918 = AXIS2_PLACEMENT_3D ( 'NONE', #3400, #9076, #2839 ) ;
#4919 = CARTESIAN_POINT ( 'NONE',  ( -22.50000000000000000, 10.44500000000000028, 3.000000000000000000 ) ) ;
#4920 = CARTESIAN_POINT ( 'NONE',  ( -19.05795916059220474, 0.8836621475219729183, 0.000000000000000000 ) ) ;
#4921 = VECTOR ( 'NONE', #6950, 1000.000000000000000 ) ;
#4922 = CARTESIAN_POINT ( 'NONE',  ( -18.41360292252173636, 2.499183359932919846, -0.1000000000000000056 ) ) ;
#4923 = CARTESIAN_POINT ( 'NONE',  ( -18.74982389649004944, 3.644856910182488363, 0.000000000000000000 ) ) ;
#4924 = CARTESIAN_POINT ( 'NONE',  ( 0.000000000000000000, -8.406000000000007688, -0.09999999999999982514 ) ) ;
#4925 = VECTOR ( 'NONE', #9209, 1000.000000000000000 ) ;
#4926 = B_SPLINE_CURVE_WITH_KNOTS ( 'NONE', 3,
 ( #3759, #5203, #8033, #8835, #7367, #6665, #1657, #264, #914, #7275, #3164, #224, #869, #3710, #958 ),
 .UNSPECIFIED., .F., .F.,
 ( 4, 1, 1, 1, 1, 1, 1, 1, 1, 1, 1, 1, 4 ),
 ( 0.000000000000000000, 0.1628280401941429034, 0.3107370531842537087, 0.4477418064479613546, 0.5772785394411465987, 0.6392390121154012395, 0.6964904078921161368, 0.7507738351345916161, 0.8022350317933144570, 0.8521020831481934676, 0.9011120093223152772, 0.9505193794593276291, 1.000000000000000000 ),
 .UNSPECIFIED. ) ;
#4927 = SURFACE_SIDE_STYLE ('',( #6900 ) ) ;
#4928 = CARTESIAN_POINT ( 'NONE',  ( 1.540000000000004032, -8.406000000000007688, 3.100000000000000089 ) ) ;
#4929 = CARTESIAN_POINT ( 'NONE',  ( -18.44950711233109075, 2.145591621569727714, -0.1000000000000000056 ) ) ;
#4930 = CARTESIAN_POINT ( 'NONE',  ( -20.10492075302139270, 2.030337975801288497, 0.000000000000000000 ) ) ;
#4931 = B_SPLINE_SURFACE_WITH_KNOTS ( 'NONE', 3, 1, ( 
 ( #1336, #1749 ),
 ( #2446, #6087 ),
 ( #137, #3720 ),
 ( #2494, #7239 ),
 ( #4420, #2231 ),
 ( #4577, #5323 ),
 ( #8833, #1042 ),
 ( #4381, #832 ),
 ( #7444, #5370 ),
 ( #8921, #1842 ),
 ( #6834, #8669 ),
 ( #6535, #6581 ),
 ( #8208, #2530 ),
 ( #5289, #5069 ),
 ( #2990, #7912 ) ),
 .UNSPECIFIED., .F., .F., .F.,
 ( 4, 1, 1, 1, 1, 1, 1, 1, 1, 1, 1, 1, 4 ),
 ( 2, 2 ),
 ( 0.000000000000000000, 0.1053589723053370841, 0.2029760680342642676, 0.2959402060008507473, 0.3836510920238717648, 0.4670876711934597858, 0.5464415818684881243, 0.6223114907784088601, 0.6979259700195674654, 0.7724550321512897444, 0.8467087283597054537, 0.9222659934748491661, 1.000000000000000000 ),
 ( 0.000000000000000000, 1.000000000000000000 ),
 .UNSPECIFIED. ) ;
#4932 =( GEOMETRIC_REPRESENTATION_CONTEXT ( 3 ) GLOBAL_UNCERTAINTY_ASSIGNED_CONTEXT ( ( #1536 ) ) GLOBAL_UNIT_ASSIGNED_CONTEXT ( ( #206, #3830, #8063 ) ) REPRESENTATION_CONTEXT ( 'NONE', 'WORKASPACE' ) );
#4933 = CARTESIAN_POINT ( 'NONE',  ( 21.50000000000000000, 8.444999999999998508, 3.000000000000000000 ) ) ;
#4934 = EDGE_CURVE ( 'NONE', #4266, #6068, #4757, .T. ) ;
#4935 = CARTESIAN_POINT ( 'NONE',  ( -20.06089635546677030, 2.194117806009693528, 1.355252715606880543E-17 ) ) ;
#4936 = EDGE_LOOP ( 'NONE', ( #8849, #8557 ) ) ;
#4937 = DIRECTION ( 'NONE',  ( -1.000000000000000000, 0.000000000000000000, 0.000000000000000000 ) ) ;
#4938 = CARTESIAN_POINT ( 'NONE',  ( -20.11016722181046745, -0.1532965215047198959, -0.1000000000000000056 ) ) ;
#4939 = B_SPLINE_SURFACE_WITH_KNOTS ( 'NONE', 3, 1, ( 
 ( #6630, #3079 ),
 ( #5913, #5215 ),
 ( #7916, #8046 ),
 ( #1670, #3816 ),
 ( #6585, #5775 ),
 ( #6675, #7865 ),
 ( #1486, #4384 ),
 ( #140, #7243 ),
 ( #836, #6538 ),
 ( #5128, #2993 ),
 ( #2550, #2597 ),
 ( #6718, #6059 ),
 ( #3906, #1096 ),
 ( #1057, #6899 ),
 ( #402, #7585 ),
 ( #1191, #3953 ),
 ( #6014, #7500 ),
 ( #3221, #6759 ),
 ( #1011, #1718 ),
 ( #315, #4045 ),
 ( #356, #1899 ),
 ( #8847, #8131 ),
 ( #493, #8892 ) ),
 .UNSPECIFIED., .F., .F., .F.,
 ( 4, 1, 1, 1, 1, 1, 1, 1, 1, 1, 1, 1, 1, 1, 1, 1, 1, 1, 1, 1, 4 ),
 ( 2, 2 ),
 ( 0.000000000000000000, 0.03847308069039725303, 0.07601427363470941723, 0.1131275875935897762, 0.1494189242513772609, 0.1856613287475944174, 0.2218179426151901668, 0.2583104309034179313, 0.2950029681081990929, 0.3320025443929345843, 0.3693046504900199256, 0.4073894652276766060, 0.4457065538084681866, 0.4848673034645534785, 0.5250328878074690397, 0.5668242538787431339, 0.6096968430924675220, 0.6993219127827999815, 0.7934639858657910327, 0.8933935320584941442, 1.000000000000000000 ),
 ( 0.000000000000000000, 1.000000000000000000 ),
 .UNSPECIFIED. ) ;
#4940 = FACE_OUTER_BOUND ( 'NONE', #2511, .T. ) ;
#4941 = CARTESIAN_POINT ( 'NONE',  ( -19.68780008667961923, -3.802502500860125867, -0.1000000000000000056 ) ) ;
#4942 = SURFACE_SIDE_STYLE ('',( #791 ) ) ;
#4943 = CARTESIAN_POINT ( 'NONE',  ( -20.10851361746178512, -0.1937284944099172956, 0.000000000000000000 ) ) ;
#4944 = FILL_AREA_STYLE ('',( #3552 ) ) ;
#4945 = FACE_BOUND ( 'NONE', #3516, .T. ) ;
#4946 = ORIENTED_EDGE ( 'NONE', *, *, #7105, .T. ) ;
#4947 = CARTESIAN_POINT ( 'NONE',  ( -20.11016722181046745, -0.8904842440287276117, -0.1000000000000000056 ) ) ;
#4948 = FACE_OUTER_BOUND ( 'NONE', #531, .T. ) ;
#4949 = CARTESIAN_POINT ( 'NONE',  ( -18.77480588385868998, -3.681539115780105398, -0.1000000000000000056 ) ) ;
#4950 = CARTESIAN_POINT ( 'NONE',  ( -19.01341534788206289, 2.974955146931854699, -0.1000000000000000056 ) ) ;
#4951 = ORIENTED_EDGE ( 'NONE', *, *, #216, .F. ) ;
#4952 = CARTESIAN_POINT ( 'NONE',  ( -19.10186770646220467, 2.967830533644399971, 0.000000000000000000 ) ) ;
#4953 = DIRECTION ( 'NONE',  ( 1.734723475976802657E-16, 1.000000000000000000, 0.000000000000000000 ) ) ;
#4954 = CARTESIAN_POINT ( 'NONE',  ( -19.75602278393081335, -3.246070231928189553, 0.000000000000000000 ) ) ;
#4955 = DIRECTION ( 'NONE',  ( -1.000000000000000000, 0.000000000000000000, 0.000000000000000000 ) ) ;
#4956 = EDGE_LOOP ( 'NONE', ( #3730, #562, #1977, #846 ) ) ;
#4957 = VERTEX_POINT ( 'NONE', #6955 ) ;
#4958 = CARTESIAN_POINT ( 'NONE',  ( -18.26298426765803740, 4.248159624735512452, -0.1000000000000000056 ) ) ;
#4959 = CIRCLE ( 'NONE', #4505, 1.700000000000000178 ) ;
#4960 = CARTESIAN_POINT ( 'NONE',  ( -18.25620859073490720, -2.896738524245786373, -0.1000000000000000056 ) ) ;
#4961 = EDGE_CURVE ( 'NONE', #277, #3314, #8233, .T. ) ;
#4962 = CARTESIAN_POINT ( 'NONE',  ( -18.11625726035600437, -3.861474514890980814, -0.1000000000000000056 ) ) ;
#4963 = CARTESIAN_POINT ( 'NONE',  ( -18.13603465560955286, -1.126315057893871430, -0.1000000000000000056 ) ) ;
#4964 = FILL_AREA_STYLE_COLOUR ( '', #773 ) ;
#4965 = ORIENTED_EDGE ( 'NONE', *, *, #7999, .T. ) ;
#4966 = CARTESIAN_POINT ( 'NONE',  ( -19.17064552095162711, 0.8378657356823441260, 0.000000000000000000 ) ) ;
#4967 = DIRECTION ( 'NONE',  ( 1.000000000000000000, 0.000000000000000000, 0.000000000000000000 ) ) ;
#4968 = CARTESIAN_POINT ( 'NONE',  ( -19.40199950846368893, -3.962194269274252001, 0.000000000000000000 ) ) ;
#4969 = MECHANICAL_DESIGN_GEOMETRIC_PRESENTATION_REPRESENTATION (  '', ( #1689 ), #949 ) ;
#4970 = CARTESIAN_POINT ( 'NONE',  ( -18.54322014289402887, 2.203087240436032879, 0.000000000000000000 ) ) ;
#4971 = FILL_AREA_STYLE_COLOUR ( '', #1025 ) ;
#4972 = PRESENTATION_STYLE_ASSIGNMENT (( #590 ) ) ;
#4973 = AXIS2_PLACEMENT_3D ( 'NONE', #2407, #5159, #304 ) ;
#4974 = CARTESIAN_POINT ( 'NONE',  ( -19.20766442248596562, -3.480218562374956637, 1.355252715606880543E-17 ) ) ;
#4975 = DIRECTION ( 'NONE',  ( -1.000000000000000000, 0.000000000000000000, 0.000000000000000000 ) ) ;
#4976 = CARTESIAN_POINT ( 'NONE',  ( 5.080000000000005400, -8.406000000000005912, 3.100000000000000089 ) ) ;
#4977 = ORIENTED_EDGE ( 'NONE', *, *, #4425, .T. ) ;
#4978 = PRESENTATION_STYLE_ASSIGNMENT (( #2898 ) ) ;
#4979 = DIRECTION ( 'NONE',  ( -1.000000000000000000, 0.000000000000000000, 0.000000000000000000 ) ) ;
#4980 = CARTESIAN_POINT ( 'NONE',  ( -18.94811575226697187, -4.095761163105393621, 0.000000000000000000 ) ) ;
#4981 = ADVANCED_FACE ( 'NONE', ( #1997 ), #4698, .F. ) ;
#4982 = EDGE_CURVE ( 'NONE', #2854, #81, #7054, .T. ) ;
#4983 = FILL_AREA_STYLE_COLOUR ( '', #3444 ) ;
#4984 = CARTESIAN_POINT ( 'NONE',  ( -19.15802710124050989, 2.994698815054058105, 0.000000000000000000 ) ) ;
#4985 = UNCERTAINTY_MEASURE_WITH_UNIT (LENGTH_MEASURE( 1.000000000000000082E-05 ), #7310, 'distance_accuracy_value', 'NONE');
#4986 = SURFACE_STYLE_FILL_AREA ( #8431 ) ;
#4987 = COLOUR_RGB ( '',0.000000000000000000, 0.1921568627450980227, 0.6549019607843137303 ) ;
#4988 = CARTESIAN_POINT ( 'NONE',  ( -18.59788592611133140, -0.7334783503562773976, -0.1000000000000000056 ) ) ;
#4989 = CARTESIAN_POINT ( 'NONE',  ( -19.69361766170684902, 2.176787198693421743, -0.1000000000000000056 ) ) ;
#4990 = AXIS2_PLACEMENT_3D ( 'NONE', #5850, #4405, #4914 ) ;
#4991 = FACE_BOUND ( 'NONE', #6771, .T. ) ;
#4992 = ORIENTED_EDGE ( 'NONE', *, *, #3145, .T. ) ;
#4993 = CARTESIAN_POINT ( 'NONE',  ( -18.56957731066747996, -3.865319620768230546, 0.000000000000000000 ) ) ;
#4994 = CARTESIAN_POINT ( 'NONE',  ( -19.80013147403325746, 3.778859096595787115, 0.000000000000000000 ) ) ;
#4995 = CARTESIAN_POINT ( 'NONE',  ( -18.48043151699154052, -3.840723537818802047, 0.000000000000000000 ) ) ;
#4996 = EDGE_CURVE ( 'NONE', #1911, #1417, #4037, .T. ) ;
#4997 = ORIENTED_EDGE ( 'NONE', *, *, #2347, .F. ) ;
#4998 = CARTESIAN_POINT ( 'NONE',  ( -19.60160987706908386, -2.696623597792289218, 0.000000000000000000 ) ) ;
#4999 = CARTESIAN_POINT ( 'NONE',  ( -19.98012585477605541, -3.988503915839042513, -0.000000000000000000 ) ) ;
#5000 = PRESENTATION_STYLE_ASSIGNMENT (( #1407 ) ) ;
#5001 = FILL_AREA_STYLE_COLOUR ( '', #5967 ) ;
#5002 = DIRECTION ( 'NONE',  ( 1.000000000000000000, 0.000000000000000000, 0.000000000000000000 ) ) ;
#5003 = FACE_OUTER_BOUND ( 'NONE', #6246, .T. ) ;
#5004 = CARTESIAN_POINT ( 'NONE',  ( -18.29296635613266986, 1.019102823729683305, -0.1000000000000000056 ) ) ;
#5005 = FACE_OUTER_BOUND ( 'NONE', #4501, .T. ) ;
#5006 = CARTESIAN_POINT ( 'NONE',  ( -18.69346297252846156, -3.813683730360152957, 0.000000000000000000 ) ) ;
#5007 = PRODUCT_RELATED_PRODUCT_CATEGORY ( 'part', '', ( #851 ) ) ;
#5008 = ORIENTED_EDGE ( 'NONE', *, *, #2797, .F. ) ;
#5009 = ORIENTED_EDGE ( 'NONE', *, *, #9087, .F. ) ;
#5010 = CARTESIAN_POINT ( 'NONE',  ( -19.42776084543809745, 4.301000554334851067, -0.000000000000000000 ) ) ;
#5011 = PRODUCT_DEFINITION_CONTEXT ( 'detailed design', #2826, 'design' ) ;
#5012 = CARTESIAN_POINT ( 'NONE',  ( -18.41732958373462381, -4.190475927816401658, -0.1000000000000000056 ) ) ;
#5013 = CARTESIAN_POINT ( 'NONE',  ( -20.04891839815260113, -2.275511002735636445, -0.1000000000000000056 ) ) ;
#5014 = CARTESIAN_POINT ( 'NONE',  ( -19.71632692653898644, 1.345111161223359719, 0.000000000000000000 ) ) ;
#5015 = ORIENTED_EDGE ( 'NONE', *, *, #8387, .F. ) ;
#5016 = CARTESIAN_POINT ( 'NONE',  ( -18.32514041218205847, 4.236965642672266164, -0.1000000000000000056 ) ) ;
#5017 = CARTESIAN_POINT ( 'NONE',  ( -18.08275951972657580, 1.996834709868368307, -0.1000000000000000056 ) ) ;
#5018 = CARTESIAN_POINT ( 'NONE',  ( -19.12939052401586792, 1.245634562174478210, -0.1000000000000000056 ) ) ;
#5019 = CARTESIAN_POINT ( 'NONE',  ( -19.19038809278214330, -1.240417664845784973, -0.1000000000000000056 ) ) ;
#5020 =( NAMED_UNIT ( * ) PLANE_ANGLE_UNIT ( ) SI_UNIT ( $, .RADIAN. ) );
#5021 = ORIENTED_EDGE ( 'NONE', *, *, #3175, .T. ) ;
#5022 = CARTESIAN_POINT ( 'NONE',  ( -20.09434990509178576, 1.793121069572125581, -0.1000000000000000056 ) ) ;
#5023 = CARTESIAN_POINT ( 'NONE',  ( -19.42307709885156797, -3.083358942986200724, 1.355252715606880543E-17 ) ) ;
#5024 = CARTESIAN_POINT ( 'NONE',  ( -20.11001571888853690, 1.957553808380801508, -0.000000000000000000 ) ) ;
#5025 = B_SPLINE_CURVE_WITH_KNOTS ( 'NONE', 3,
 ( #1085, #7572, #1178, #5374, #1847, #3940, #6795, #4032, #2677, #1133, #4674 ),
 .UNSPECIFIED., .F., .F.,
 ( 4, 1, 1, 1, 1, 1, 1, 1, 4 ),
 ( 0.000000000000000000, 0.09826898557417505786, 0.2035984945132167101, 0.3160897864500791798, 0.4364796403267232061, 0.5640546948898984558, 0.7009614723437623818, 0.8462088990950534795, 1.000000000000000000 ),
 .UNSPECIFIED. ) ;
#5026 = FILL_AREA_STYLE_COLOUR ( '', #4810 ) ;
#5027 = B_SPLINE_CURVE_WITH_KNOTS ( 'NONE', 3,
 ( #521, #7617, #5560, #3380, #9149, #8249, #1312, #4811, #6217, #620, #9008 ),
 .UNSPECIFIED., .F., .F.,
 ( 4, 1, 1, 1, 1, 1, 1, 1, 4 ),
 ( 0.000000000000000000, 0.1631617008063159235, 0.3054497305669772733, 0.4326196334640751151, 0.5495891988933663264, 0.6607960529556101692, 0.7695424440343472394, 0.8817899633885906141, 1.000000000000000000 ),
 .UNSPECIFIED. ) ;
#5028 = CARTESIAN_POINT ( 'NONE',  ( -18.44971230982399391, -1.287133705498147318, -0.1000000000000000056 ) ) ;
#5029 = CARTESIAN_POINT ( 'NONE',  ( -20.07724859382345173, -0.04289354505377143689, -0.1000000000000000056 ) ) ;
#5030 = CARTESIAN_POINT ( 'NONE',  ( -18.71962618106655896, -2.906578954604071896, 0.000000000000000000 ) ) ;
#5031 = CARTESIAN_POINT ( 'NONE',  ( -19.15802710124050989, 2.994698815054058105, -0.1000000000000000056 ) ) ;
#5032 = CARTESIAN_POINT ( 'NONE',  ( -18.60476709381068261, -2.779696382457563342, 0.000000000000000000 ) ) ;
#5033 = CARTESIAN_POINT ( 'NONE',  ( -20.09833500465420997, -0.8126322423152415597, -0.1000000000000000056 ) ) ;
#5034 = ORIENTED_EDGE ( 'NONE', *, *, #9071, .F. ) ;
#5035 = CARTESIAN_POINT ( 'NONE',  ( -19.09046444394791564, 1.605199178059895093, 0.000000000000000000 ) ) ;
#5036 = CARTESIAN_POINT ( 'NONE',  ( -19.65059208571690519, 3.900560260640551391, 0.000000000000000000 ) ) ;
#5037 = CARTESIAN_POINT ( 'NONE',  ( -18.48043151699154052, -3.840723537818802047, -0.1000000000000000056 ) ) ;
#5038 = STYLED_ITEM ( 'NONE', ( #7470 ), #7753 ) ;
#5039 = CARTESIAN_POINT ( 'NONE',  ( -19.79913665345591767, -2.777130750438792539, -0.1000000000000000056 ) ) ;
#5040 = CARTESIAN_POINT ( 'NONE',  ( -18.97850180127823805, 2.980854873657224680, -0.1000000000000000056 ) ) ;
#5041 = CARTESIAN_POINT ( 'NONE',  ( -4.999999999999995559, 10.29499999999999815, 3.000000000000000000 ) ) ;
#5042 = CARTESIAN_POINT ( 'NONE',  ( -18.37428353974393858, 4.198622855462116554, 0.000000000000000000 ) ) ;
#5043 = CIRCLE ( 'NONE', #6998, 0.5000000000000004441 ) ;
#5044 = SURFACE_SIDE_STYLE ('',( #1365 ) ) ;
#5045 = MECHANICAL_DESIGN_GEOMETRIC_PRESENTATION_REPRESENTATION (  '', ( #8160 ), #7727 ) ;
#5046 = CARTESIAN_POINT ( 'NONE',  ( -18.40632753615924955, 0.9136580991979335042, 0.000000000000000000 ) ) ;
#5047 = FACE_OUTER_BOUND ( 'NONE', #8883, .T. ) ;
#5048 = ORIENTED_EDGE ( 'NONE', *, *, #6736, .F. ) ;
#5049 = ORIENTED_EDGE ( 'NONE', *, *, #8282, .T. ) ;
#5050 = FACE_OUTER_BOUND ( 'NONE', #929, .T. ) ;
#5051 = CARTESIAN_POINT ( 'NONE',  ( -19.51426025257980967, 2.962997427730376554, -0.1000000000000000056 ) ) ;
#5052 = VECTOR ( 'NONE', #2049, 1000.000000000000000 ) ;
#5053 = CARTESIAN_POINT ( 'NONE',  ( -18.18802522194638982, 3.139696930941160424, -0.1000000000000000056 ) ) ;
#5054 = CARTESIAN_POINT ( 'NONE',  ( -20.09683531966418357, -2.212967923694697081, -0.1000000000000000056 ) ) ;
#5055 = CARTESIAN_POINT ( 'NONE',  ( -19.89131670961232246, 1.458963722893769743, -0.1000000000000000056 ) ) ;
#5056 = EDGE_LOOP ( 'NONE', ( #5176, #3034, #1748, #1905 ) ) ;
#5057 = CARTESIAN_POINT ( 'NONE',  ( -19.21035654920517999, 0.7421552665478529098, 0.000000000000000000 ) ) ;
#5058 = SURFACE_STYLE_USAGE ( .BOTH. , #5949 ) ;
#5059 = AXIS2_PLACEMENT_3D ( 'NONE', #2042, #5395, #2706 ) ;
#5060 = CARTESIAN_POINT ( 'NONE',  ( -19.36058333988673752, -4.005800585986644791, 0.000000000000000000 ) ) ;
#5061 = CARTESIAN_POINT ( 'NONE',  ( -18.59941200900698277, 2.575284139238176451, -0.1000000000000000056 ) ) ;
#5062 = PRESENTATION_STYLE_ASSIGNMENT (( #1527 ) ) ;
#5063 = VERTEX_POINT ( 'NONE', #2141 ) ;
#5064 = CARTESIAN_POINT ( 'NONE',  ( -19.92808777079787674, 1.493560555473286700, -0.1000000000000000056 ) ) ;
#5065 = PRESENTATION_LAYER_ASSIGNMENT (  '', '', ( #4607 ) ) ;
#5066 = ADVANCED_FACE ( 'NONE', ( #7103 ), #9098, .T. ) ;
#5067 = EDGE_CURVE ( 'NONE', #6891, #2976, #2526, .T. ) ;
#5068 = SURFACE_SIDE_STYLE ('',( #2230 ) ) ;
#5069 = CARTESIAN_POINT ( 'NONE',  ( -19.03200975167560571, 3.616682261672305554, 0.000000000000000000 ) ) ;
#5070 = CYLINDRICAL_SURFACE ( 'NONE', #1241, 1.000000000000000444 ) ;
#5071 = VECTOR ( 'NONE', #3117, 1000.000000000000000 ) ;
#5072 =( LENGTH_UNIT ( ) NAMED_UNIT ( * ) SI_UNIT ( .MILLI., .METRE. ) );
#5073 =( NAMED_UNIT ( * ) SI_UNIT ( $, .STERADIAN. ) SOLID_ANGLE_UNIT ( ) );
#5074 = MECHANICAL_DESIGN_GEOMETRIC_PRESENTATION_REPRESENTATION (  '', ( #8947 ), #9093 ) ;
#5075 = B_SPLINE_CURVE_WITH_KNOTS ( 'NONE', 3,
 ( #8071, #7402, #3104, #5851, #3065, #4406, #5802, #5242, #7268, #3796, #8829 ),
 .UNSPECIFIED., .F., .F.,
 ( 4, 1, 1, 1, 1, 1, 1, 1, 4 ),
 ( 0.000000000000000000, 0.1505673933743036097, 0.2825196804827814767, 0.3973543704744805782, 0.5018539184075410109, 0.6061585588727329554, 0.7204604116073325404, 0.8504394402177249956, 1.000000000000000000 ),
 .UNSPECIFIED. ) ;
#5076 = CARTESIAN_POINT ( 'NONE',  ( -19.03147337415421703, 3.601264355977374709, -0.1000000000000000056 ) ) ;
#5077 = UNCERTAINTY_MEASURE_WITH_UNIT (LENGTH_MEASURE( 1.000000000000000082E-05 ), #8270, 'distance_accuracy_value', 'NONE');
#5078 = DIRECTION ( 'NONE',  ( 1.000000000000000000, 0.000000000000000000, 0.000000000000000000 ) ) ;
#5079 = EDGE_CURVE ( 'NONE', #4490, #6727, #5686, .T. ) ;
#5080 = EDGE_CURVE ( 'NONE', #5847, #2220, #6375, .T. ) ;
#5081 =( NAMED_UNIT ( * ) PLANE_ANGLE_UNIT ( ) SI_UNIT ( $, .RADIAN. ) );
#5082 = CARTESIAN_POINT ( 'NONE',  ( -18.35614933036229957, -0.8151891519104490502, 0.000000000000000000 ) ) ;
#5083 = MECHANICAL_DESIGN_GEOMETRIC_PRESENTATION_REPRESENTATION (  '', ( #1511 ), #1058 ) ;
#5084 = CARTESIAN_POINT ( 'NONE',  ( -18.22576376836059708, 3.119886247786107347, -0.1000000000000000056 ) ) ;
#5085 = SURFACE_STYLE_FILL_AREA ( #4349 ) ;
#5086 = ORIENTED_EDGE ( 'NONE', *, *, #6965, .T. ) ;
#5087 = CARTESIAN_POINT ( 'NONE',  ( -19.36058333988673752, -4.005800585986644791, -0.1000000000000000056 ) ) ;
#5088 = CARTESIAN_POINT ( 'NONE',  ( -19.07962934949600964, 2.272962036132811559, -0.1000000000000000056 ) ) ;
#5089 = VECTOR ( 'NONE', #3243, 1000.000000000000000 ) ;
#5090 = ORIENTED_EDGE ( 'NONE', *, *, #529, .F. ) ;
#5091 = DIRECTION ( 'NONE',  ( 0.000000000000000000, -0.000000000000000000, -1.000000000000000000 ) ) ;
#5092 = CARTESIAN_POINT ( 'NONE',  ( -18.80545494119295569, -3.582429304061712561, -0.1000000000000000056 ) ) ;
#5093 = EDGE_CURVE ( 'NONE', #8895, #1338, #4332, .T. ) ;
#5094 = CARTESIAN_POINT ( 'NONE',  ( -19.06879091929940273, 2.966247304095039450, -0.1000000000000000056 ) ) ;
#5095 = CARTESIAN_POINT ( 'NONE',  ( -18.49552363815251255, -0.7525811951312546544, -0.1000000000000000056 ) ) ;
#5096 = SURFACE_STYLE_FILL_AREA ( #3613 ) ;
#5097 = DIRECTION ( 'NONE',  ( 1.000000000000000000, 0.000000000000000000, 0.000000000000000000 ) ) ;
#5098 = CARTESIAN_POINT ( 'NONE',  ( -18.21879974336730967, -2.938098441306122410, 0.000000000000000000 ) ) ;
#5099 = LINE ( 'NONE', #8774, #1783 ) ;
#5100 = DIRECTION ( 'NONE',  ( -0.000000000000000000, -0.000000000000000000, -1.000000000000000000 ) ) ;
#5101 = DIRECTION ( 'NONE',  ( -1.000000000000000000, 0.000000000000000000, 0.000000000000000000 ) ) ;
#5102 = ORIENTED_EDGE ( 'NONE', *, *, #5252, .F. ) ;
#5103 = EDGE_CURVE ( 'NONE', #2556, #4819, #2577, .T. ) ;
#5104 = EDGE_LOOP ( 'NONE', ( #2719, #2213, #3619, #5744 ) ) ;
#5105 = DIRECTION ( 'NONE',  ( 1.000000000000000000, 0.000000000000000000, -0.000000000000000000 ) ) ;
#5106 = CARTESIAN_POINT ( 'NONE',  ( -19.47858252002538748, 3.013046311912283226, -0.1000000000000000056 ) ) ;
#5107 = UNCERTAINTY_MEASURE_WITH_UNIT (LENGTH_MEASURE( 1.000000000000000082E-05 ), #5150, 'distance_accuracy_value', 'NONE');
#5109 = ADVANCED_FACE ( 'NONE', ( #5911, #8002 ), #879, .F. ) ;
#5108 = CARTESIAN_POINT ( 'NONE',  ( -18.41509312871885484, -1.556773176432503458, -0.000000000000000000 ) ) ;
#5110 = CARTESIAN_POINT ( 'NONE',  ( -18.80324893067594516, -0.7488153013027717408, 0.000000000000000000 ) ) ;
#5111 = CARTESIAN_POINT ( 'NONE',  ( -19.97211812172104217, 0.02722968101287282644, -0.1000000000000000056 ) ) ;
#5112 = EDGE_LOOP ( 'NONE', ( #7295, #8956, #7027, #6457 ) ) ;
#5113 = CARTESIAN_POINT ( 'NONE',  ( -18.41451385965707033, 4.067468614868783305, -0.1000000000000000056 ) ) ;
#5114 = CARTESIAN_POINT ( 'NONE',  ( -20.11016722181046390, 1.942692305246987994, 1.355252715606880543E-17 ) ) ;
#5115 = DIRECTION ( 'NONE',  ( -0.000000000000000000, -0.000000000000000000, 1.000000000000000000 ) ) ;
#5116 = CARTESIAN_POINT ( 'NONE',  ( -18.90305743990942133, 0.03852478027343772538, -0.1000000000000000056 ) ) ;
#5117 = CARTESIAN_POINT ( 'NONE',  ( -19.64867062771942230, -0.8236186771021952735, -0.1000000000000000056 ) ) ;
#5119 = EDGE_CURVE ( 'NONE', #7398, #7130, #8846, .T. ) ;
#5118 =( GEOMETRIC_REPRESENTATION_CONTEXT ( 3 ) GLOBAL_UNCERTAINTY_ASSIGNED_CONTEXT ( ( #1935 ) ) GLOBAL_UNIT_ASSIGNED_CONTEXT ( ( #1301, #6165, #7015 ) ) REPRESENTATION_CONTEXT ( 'NONE', 'WORKASPACE' ) );
#5120 = EDGE_LOOP ( 'NONE', ( #7894, #8117, #6140, #6371 ) ) ;
#5121 = DIRECTION ( 'NONE',  ( -1.000000000000000000, -0.000000000000000000, -0.000000000000000000 ) ) ;
#5122 = CARTESIAN_POINT ( 'NONE',  ( -18.26017516909643490, 1.020505377451578877, -0.1000000000000000056 ) ) ;
#5123 = CARTESIAN_POINT ( 'NONE',  ( -19.32247542135608143, -3.164394048850177388, 1.355252715606880543E-17 ) ) ;
#5124 = CARTESIAN_POINT ( 'NONE',  ( -19.50588084072413508, -4.261996216823863648, -0.1000000000000000056 ) ) ;
#5125 = MECHANICAL_DESIGN_GEOMETRIC_PRESENTATION_REPRESENTATION (  '', ( #7646 ), #8225 ) ;
#5126 = CARTESIAN_POINT ( 'NONE',  ( -19.77050617088199758, 3.815975639143019293, -0.1000000000000000056 ) ) ;
#5127 = CARTESIAN_POINT ( 'NONE',  ( -19.88575682960556890, -2.323805400439520774, 0.000000000000000000 ) ) ;
#5128 = CARTESIAN_POINT ( 'NONE',  ( -18.31712602665879785, -4.135826985048958626, -0.1000000000000000056 ) ) ;
#5129 = PRESENTATION_LAYER_ASSIGNMENT (  '', '', ( #8390 ) ) ;
#5130 = CARTESIAN_POINT ( 'NONE',  ( -18.21164312074031955, 1.527246127566215916, -0.1000000000000000056 ) ) ;
#5131 = VERTEX_POINT ( 'NONE', #1580 ) ;
#5132 = FILL_AREA_STYLE_COLOUR ( '', #1087 ) ;
#5133 = CARTESIAN_POINT ( 'NONE',  ( -20.02287329472199318, -0.7176548243293278118, -0.1000000000000000056 ) ) ;
#5134 = VERTEX_POINT ( 'NONE', #7962 ) ;
#5135 = CARTESIAN_POINT ( 'NONE',  ( -19.42995699150785427, -3.943235583640141151, -0.1000000000000000056 ) ) ;
#5136 = CARTESIAN_POINT ( 'NONE',  ( -19.80178666477020499, -3.468289638673932362, -0.1000000000000000056 ) ) ;
#5137 = CARTESIAN_POINT ( 'NONE',  ( -19.50858291302021286, 2.241682809937265652, -0.1000000000000000056 ) ) ;
#5138 = EDGE_CURVE ( 'NONE', #1005, #5569, #6717, .T. ) ;
#5139 = ORIENTED_EDGE ( 'NONE', *, *, #4666, .F. ) ;
#5140 = CARTESIAN_POINT ( 'NONE',  ( -19.11093204691738023, 1.605235546185691309, -0.1000000000000000056 ) ) ;
#5141 = MECHANICAL_DESIGN_GEOMETRIC_PRESENTATION_REPRESENTATION (  '', ( #7666 ), #3506 ) ;
#5142 = CARTESIAN_POINT ( 'NONE',  ( -20.10955053989628283, -2.117308301680831395, -0.1000000000000000056 ) ) ;
#5143 = SURFACE_STYLE_FILL_AREA ( #8685 ) ;
#5144 = AXIS2_PLACEMENT_3D ( 'NONE', #7224, #8601, #2875 ) ;
#5145 = CARTESIAN_POINT ( 'NONE',  ( -19.22089936123107634, -1.185588435847094724, 0.000000000000000000 ) ) ;
#5146 = CARTESIAN_POINT ( 'NONE',  ( -18.25620859073490720, -2.896738524245786373, -0.1000000000000000056 ) ) ;
#5147 = SURFACE_SIDE_STYLE ('',( #2346 ) ) ;
#5148 = B_SPLINE_CURVE_WITH_KNOTS ( 'NONE', 3,
 ( #7856, #8515, #9167, #639, #5623, #1380, #8416, #6335, #8460, #6431, #7908, #2129, #3630, #3491, #3670 ),
 .UNSPECIFIED., .F., .F.,
 ( 4, 1, 1, 1, 1, 1, 1, 1, 1, 1, 1, 1, 4 ),
 ( 0.000000000000000000, 0.07407688714068663693, 0.1427945705617572336, 0.2093768921062688360, 0.2765779332930129453, 0.3458924083704876251, 0.4174554413909642991, 0.4925010438251171130, 0.5715797787023655374, 0.6593770763349792174, 0.7600739645933066724, 0.8737540081986580054, 0.9999999999999998890 ),
 .UNSPECIFIED. ) ;
#5149 = CARTESIAN_POINT ( 'NONE',  ( 19.49999999999999645, 8.444999999999998508, 0.000000000000000000 ) ) ;
#5150 =( LENGTH_UNIT ( ) NAMED_UNIT ( * ) SI_UNIT ( .MILLI., .METRE. ) );
#5151 = ORIENTED_EDGE ( 'NONE', *, *, #6192, .F. ) ;
#5152 = CARTESIAN_POINT ( 'NONE',  ( -19.93379586030951600, 4.080629701535621656, 0.000000000000000000 ) ) ;
#5153 = CARTESIAN_POINT ( 'NONE',  ( -18.11284958892196428, -1.266553390581976579, -0.1000000000000000056 ) ) ;
#5154 = CARTESIAN_POINT ( 'NONE',  ( -20.10834142493986221, -0.1136145217114270800, -0.1000000000000000056 ) ) ;
#5155 = ORIENTED_EDGE ( 'NONE', *, *, #2181, .T. ) ;
#5156 = FILL_AREA_STYLE ('',( #3845 ) ) ;
#5157 = EDGE_CURVE ( 'NONE', #3388, #7206, #8750, .T. ) ;
#5158 = CARTESIAN_POINT ( 'NONE',  ( -18.75087478647185790, 3.749907314064130581, 0.000000000000000000 ) ) ;
#5159 = DIRECTION ( 'NONE',  ( -0.000000000000000000, -0.000000000000000000, 1.000000000000000000 ) ) ;
#5160 = CARTESIAN_POINT ( 'NONE',  ( -19.99419158119563988, -3.967249768575034086, -0.1000000000000000056 ) ) ;
#5161 = CARTESIAN_POINT ( 'NONE',  ( 12.50000000000000000, 0.000000000000000000, 15.50000000000000000 ) ) ;
#5162 = VERTEX_POINT ( 'NONE', #314 ) ;
#5163 = ORIENTED_EDGE ( 'NONE', *, *, #3765, .T. ) ;
#5164 = B_SPLINE_CURVE_WITH_KNOTS ( 'NONE', 3,
 ( #3307, #490, #8265, #439, #8414, #4634, #7631, #4683, #1140, #6848, #1238 ),
 .UNSPECIFIED., .F., .F.,
 ( 4, 1, 1, 1, 1, 1, 1, 1, 4 ),
 ( 0.000000000000000000, 0.1276867499028275232, 0.2503001551654997492, 0.3780158120037406810, 0.5108044721309944469, 0.6430359745836191632, 0.7641042165194830149, 0.8816765406713701347, 1.000000000000000000 ),
 .UNSPECIFIED. ) ;
#5165 = CARTESIAN_POINT ( 'NONE',  ( -1.000000000000000444, -8.406000000000007688, 3.100000000000000089 ) ) ;
#5166 = ADVANCED_FACE ( 'NONE', ( #4464 ), #2679, .T. ) ;
#5167 = CARTESIAN_POINT ( 'NONE',  ( -19.45514201560898115, 3.941830654990515992, 0.000000000000000000 ) ) ;
#5168 = CARTESIAN_POINT ( 'NONE',  ( -18.71962618106655896, -2.906578954604071896, -0.1000000000000000056 ) ) ;
#5169 = DIRECTION ( 'NONE',  ( 0.000000000000000000, 0.000000000000000000, 1.000000000000000000 ) ) ;
#5170 = CARTESIAN_POINT ( 'NONE',  ( -18.60537973941753975, -3.114352948643992924, 0.000000000000000000 ) ) ;
#5171 = B_SPLINE_SURFACE_WITH_KNOTS ( 'NONE', 3, 1, ( 
 ( #4846, #7694 ),
 ( #5690, #7153 ),
 ( #6397, #8528 ),
 ( #2046, #7059 ),
 ( #1442, #557 ),
 ( #6349, #3408 ),
 ( #5031, #4984 ),
 ( #3461, #9136 ),
 ( #7868, #9182 ),
 ( #5596, #8430 ),
 ( #7735, #653 ) ),
 .UNSPECIFIED., .F., .F., .F.,
 ( 4, 1, 1, 1, 1, 1, 1, 1, 4 ),
 ( 2, 2 ),
 ( 0.000000000000000000, 0.1276867499028275232, 0.2503001551654997492, 0.3780158120037406810, 0.5108044721309944469, 0.6430359745836191632, 0.7641042165194830149, 0.8816765406713701347, 1.000000000000000000 ),
 ( 0.000000000000000000, 1.000000000000000000 ),
 .UNSPECIFIED. ) ;
#5172 = CARTESIAN_POINT ( 'NONE',  ( -18.72097737010256324, -2.929949853497971102, -0.1000000000000000056 ) ) ;
#5173 = UNCERTAINTY_MEASURE_WITH_UNIT (LENGTH_MEASURE( 1.000000000000000082E-05 ), #2328, 'distance_accuracy_value', 'NONE');
#5174 = CARTESIAN_POINT ( 'NONE',  ( -19.49898763476416264, -3.911067797342937968, 0.000000000000000000 ) ) ;
#5175 = CARTESIAN_POINT ( 'NONE',  ( -18.39390547588036284, 1.375770782983968488, 0.000000000000000000 ) ) ;
#5176 = ORIENTED_EDGE ( 'NONE', *, *, #7234, .F. ) ;
#5177 = DIRECTION ( 'NONE',  ( -0.000000000000000000, -0.000000000000000000, -1.000000000000000000 ) ) ;
#5178 = ORIENTED_EDGE ( 'NONE', *, *, #6532, .F. ) ;
#5179 =( LENGTH_UNIT ( ) NAMED_UNIT ( * ) SI_UNIT ( .MILLI., .METRE. ) );
#5180 = CARTESIAN_POINT ( 'NONE',  ( -19.67605165122133215, -3.133564029980504984, -0.1000000000000000056 ) ) ;
#5181 = CARTESIAN_POINT ( 'NONE',  ( -19.63647508782394624, 2.205337947062619097, -0.1000000000000000056 ) ) ;
#5182 = ORIENTED_EDGE ( 'NONE', *, *, #540, .T. ) ;
#5183 = CARTESIAN_POINT ( 'NONE',  ( -18.76324503603567351, -4.204110896737042857, 0.000000000000000000 ) ) ;
#5184 = DIRECTION ( 'NONE',  ( -1.000000000000000000, 0.000000000000000000, 0.000000000000000000 ) ) ;
#5185 = CARTESIAN_POINT ( 'NONE',  ( -18.44667818956389382, -0.7688256514506229822, -0.1000000000000000056 ) ) ;
#5186 = ADVANCED_FACE ( 'NONE', ( #8045 ), #4694, .T. ) ;
#5187 = CARTESIAN_POINT ( 'NONE',  ( -19.24156321266422509, -3.348197533890458377, 0.000000000000000000 ) ) ;
#5188 = CARTESIAN_POINT ( 'NONE',  ( -18.06551967892372090, -3.307472283703196680, 0.000000000000000000 ) ) ;
#5189 =( LENGTH_UNIT ( ) NAMED_UNIT ( * ) SI_UNIT ( .MILLI., .METRE. ) );
#5190 = CARTESIAN_POINT ( 'NONE',  ( -19.10158282219474302, 3.810769134777305389, 0.000000000000000000 ) ) ;
#5191 = ORIENTED_EDGE ( 'NONE', *, *, #5352, .T. ) ;
#5192 = CARTESIAN_POINT ( 'NONE',  ( -18.84139122874377392, 1.614569266218613519, 0.000000000000000000 ) ) ;
#5193 = CARTESIAN_POINT ( 'NONE',  ( -19.30474727735802531, -1.082785819605982303, 0.000000000000000000 ) ) ;
#5194 = MECHANICAL_DESIGN_GEOMETRIC_PRESENTATION_REPRESENTATION (  '', ( #6396 ), #4733 ) ;
#5195 = CARTESIAN_POINT ( 'NONE',  ( -18.48690955299739258, 1.331914017995197819, -0.1000000000000000056 ) ) ;
#5196 = VECTOR ( 'NONE', #1207, 1000.000000000000000 ) ;
#5197 = DIRECTION ( 'NONE',  ( 1.000000000000000000, 0.000000000000000000, 0.000000000000000000 ) ) ;
#5198 = COLOUR_RGB ( '',1.000000000000000000, 0.9607843137254902244, 0.8901960784313724950 ) ;
#5199 = EDGE_LOOP ( 'NONE', ( #6263, #8549, #3364, #7271 ) ) ;
#5200 = ADVANCED_FACE ( 'NONE', ( #9123 ), #4772, .T. ) ;
#5201 = CARTESIAN_POINT ( 'NONE',  ( -20.10918549110403220, -0.9223455405550418096, 0.000000000000000000 ) ) ;
#5202 = DIRECTION ( 'NONE',  ( 1.000000000000000000, 0.000000000000000000, 0.000000000000000000 ) ) ;
#5203 = CARTESIAN_POINT ( 'NONE',  ( -18.33886504529830219, -3.532558407252507582, -0.1000000000000000056 ) ) ;
#5204 = CARTESIAN_POINT ( 'NONE',  ( -20.10882291376803366, -3.549840220062409291, 0.000000000000000000 ) ) ;
#5205 = CIRCLE ( 'NONE', #3862, 0.2999999999999999334 ) ;
#5206 = EDGE_LOOP ( 'NONE', ( #1625, #341, #7318, #5799, #6812, #109 ) ) ;
#5207 = PRESENTATION_STYLE_ASSIGNMENT (( #4543 ) ) ;
#5208 = CARTESIAN_POINT ( 'NONE',  ( -18.85811186292374586, 3.331590894063311659, -0.1000000000000000056 ) ) ;
#5209 = ORIENTED_EDGE ( 'NONE', *, *, #2189, .T. ) ;
#5210 =( LENGTH_UNIT ( ) NAMED_UNIT ( * ) SI_UNIT ( .MILLI., .METRE. ) );
#5211 = CARTESIAN_POINT ( 'NONE',  ( -19.20996798879725986, 2.631655538532770677, 0.000000000000000000 ) ) ;
#5212 = STYLED_ITEM ( 'NONE', ( #6260 ), #7417 ) ;
#5213 = CARTESIAN_POINT ( 'NONE',  ( -19.80013147403325746, 3.778859096595787115, -0.1000000000000000056 ) ) ;
#5214 = DIRECTION ( 'NONE',  ( 1.000000000000000000, 0.000000000000000000, -0.000000000000000000 ) ) ;
#5215 = CARTESIAN_POINT ( 'NONE',  ( -18.59350481878557204, -4.224740931017870516, 0.000000000000000000 ) ) ;
#5216 = MECHANICAL_DESIGN_GEOMETRIC_PRESENTATION_REPRESENTATION (  '', ( #1493 ), #6862 ) ;
#5217 = LINE ( 'NONE', #8936, #8118 ) ;
#5218 = COLOUR_RGB ( '',0.8666666666666666963, 0.9098039215686274384, 1.000000000000000000 ) ;
#5219 = EDGE_CURVE ( 'NONE', #1181, #3333, #7583, .T. ) ;
#5220 = SURFACE_STYLE_FILL_AREA ( #838 ) ;
#5221 = FILL_AREA_STYLE ('',( #8754 ) ) ;
#5222 = FILL_AREA_STYLE_COLOUR ( '', #4606 ) ;
#5223 = ORIENTED_EDGE ( 'NONE', *, *, #8464, .T. ) ;
#5224 = CIRCLE ( 'NONE', #5676, 0.5000000000000004441 ) ;
#5225 = CARTESIAN_POINT ( 'NONE',  ( -18.10736637847881170, 3.314675609730989514, -0.1000000000000000056 ) ) ;
#5226 = EDGE_LOOP ( 'NONE', ( #5865, #7713, #5883, #814 ) ) ;
#5227 = CARTESIAN_POINT ( 'NONE',  ( 3.000000000000004885, 8.294999999999998153, 3.000000000000000000 ) ) ;
#5228 = CARTESIAN_POINT ( 'NONE',  ( -19.80142947783681961, -3.438916536170864902, -0.1000000000000000056 ) ) ;
#5229 = PRESENTATION_LAYER_ASSIGNMENT (  '', '', ( #2858 ) ) ;
#5230 = EDGE_LOOP ( 'NONE', ( #5437, #4675, #8400, #1963 ) ) ;
#5231 = CARTESIAN_POINT ( 'NONE',  ( -18.99698605297088605, -4.042080142805495768, 0.000000000000000000 ) ) ;
#5232 = SURFACE_STYLE_USAGE ( .BOTH. , #1360 ) ;
#5233 = CARTESIAN_POINT ( 'NONE',  ( -19.94332505971822300, -0.6973972017470806417, -0.1000000000000000056 ) ) ;
#5234 = CARTESIAN_POINT ( 'NONE',  ( -19.25785423172354172, -3.293840183780594622, 0.000000000000000000 ) ) ;
#5235 = CARTESIAN_POINT ( 'NONE',  ( 5.499999999999997335, 8.572527594031476148E-16, 15.50000000000000000 ) ) ;
#5236 = CARTESIAN_POINT ( 'NONE',  ( -20.02287329472199318, -0.7176548243293278118, -0.1000000000000000056 ) ) ;
#5237 = FACE_OUTER_BOUND ( 'NONE', #4741, .T. ) ;
#5238 =( GEOMETRIC_REPRESENTATION_CONTEXT ( 3 ) GLOBAL_UNCERTAINTY_ASSIGNED_CONTEXT ( ( #5915 ) ) GLOBAL_UNIT_ASSIGNED_CONTEXT ( ( #8050, #6633, #1672 ) ) REPRESENTATION_CONTEXT ( 'NONE', 'WORKASPACE' ) );
#5239 = VERTEX_POINT ( 'NONE', #6234 ) ;
#5240 = CARTESIAN_POINT ( 'NONE',  ( -18.41507688977921475, 0.8310918744405112468, -0.1000000000000000056 ) ) ;
#5241 = CARTESIAN_POINT ( 'NONE',  ( -18.35127022245133332, -2.324328409830729303, -0.1000000000000000056 ) ) ;
#5242 = CARTESIAN_POINT ( 'NONE',  ( -18.11923000037472420, -2.191152639001975988, -0.1000000000000000056 ) ) ;
#5243 = CARTESIAN_POINT ( 'NONE',  ( -19.80769028565874379, 1.826113829982920933, 1.355252715606880543E-17 ) ) ;
#5244 = B_SPLINE_CURVE_WITH_KNOTS ( 'NONE', 3,
 ( #6362, #8491, #666, #804, #7930, #4214, #762, #2914, #3560, #8538, #5746 ),
 .UNSPECIFIED., .F., .F.,
 ( 4, 1, 1, 1, 1, 1, 1, 1, 4 ),
 ( 0.000000000000000000, 0.1214975217877459213, 0.2369420107628985583, 0.3501745078323858507, 0.4656189968075398755, 0.5862375210488441901, 0.7135126164354747003, 0.8499683097631539619, 1.000000000000000000 ),
 .UNSPECIFIED. ) ;
#5245 = CARTESIAN_POINT ( 'NONE',  ( -19.61496327537899020, 2.919857304890948857, -0.1000000000000000056 ) ) ;
#5246 = EDGE_LOOP ( 'NONE', ( #9131, #8832, #3317, #3264 ) ) ;
#5247 = CARTESIAN_POINT ( 'NONE',  ( -20.10983220463640109, -0.9013569624372976818, -0.000000000000000000 ) ) ;
#5248 = CARTESIAN_POINT ( 'NONE',  ( -19.33886901675268533, -4.088041006724040471, 0.000000000000000000 ) ) ;
#5249 = CARTESIAN_POINT ( 'NONE',  ( -18.90466162075310308, 0.7424532391164463396, 1.355252715606880543E-17 ) ) ;
#5250 = CARTESIAN_POINT ( 'NONE',  ( -18.90361343938759120, 0.7154136671526724056, -0.000000000000000000 ) ) ;
#5251 = ADVANCED_FACE ( 'NONE', ( #6149 ), #6052, .T. ) ;
#5252 = EDGE_CURVE ( 'NONE', #8407, #6525, #5148, .T. ) ;
#5253 = VERTEX_POINT ( 'NONE', #2740 ) ;
#5254 = CARTESIAN_POINT ( 'NONE',  ( -19.27953701844224454, 1.250156533885034449, 0.000000000000000000 ) ) ;
#5255 = CARTESIAN_POINT ( 'NONE',  ( -19.05927186331129519, 3.433703580312178705, 0.000000000000000000 ) ) ;
#5256 = FACE_OUTER_BOUND ( 'NONE', #5104, .T. ) ;
#5257 =( GEOMETRIC_REPRESENTATION_CONTEXT ( 3 ) GLOBAL_UNCERTAINTY_ASSIGNED_CONTEXT ( ( #5637 ) ) GLOBAL_UNIT_ASSIGNED_CONTEXT ( ( #1115, #3970, #1159 ) ) REPRESENTATION_CONTEXT ( 'NONE', 'WORKASPACE' ) );
#5258 = CARTESIAN_POINT ( 'NONE',  ( -19.39545228777929253, 4.301933797200518050, -0.1000000000000000056 ) ) ;
#5259 = B_SPLINE_CURVE_WITH_KNOTS ( 'NONE', 3,
 ( #4237, #7051, #7099, #9172, #7685, #3497, #4334, #3542, #7145, #2086, #1291, #4930, #644, #5024, #2134 ),
 .UNSPECIFIED., .F., .F.,
 ( 4, 1, 1, 1, 1, 1, 1, 1, 1, 1, 1, 1, 4 ),
 ( 0.000000000000000000, 0.1316997698902564462, 0.2589892036366611694, 0.3826236310620030889, 0.5059994271876895322, 0.5676215479535942077, 0.6284157917634726198, 0.6892045335828588248, 0.7497534549212457877, 0.8114813275728226527, 0.8729975146562740651, 0.9357811003196475630, 0.9999999999999998890 ),
 .UNSPECIFIED. ) ;
#5260 = UNCERTAINTY_MEASURE_WITH_UNIT (LENGTH_MEASURE( 1.000000000000000082E-05 ), #6765, 'distance_accuracy_value', 'NONE');
#5261 = SURFACE_STYLE_USAGE ( .BOTH. , #2600 ) ;
#5262 = CIRCLE ( 'NONE', #3057, 1.000000000000001776 ) ;
#5263 = ORIENTED_EDGE ( 'NONE', *, *, #7700, .F. ) ;
#5264 = CARTESIAN_POINT ( 'NONE',  ( -18.48690955299739258, 1.331914017995197819, -0.1000000000000000056 ) ) ;
#5265 = ORIENTED_EDGE ( 'NONE', *, *, #2264, .F. ) ;
#5266 = DIRECTION ( 'NONE',  ( 1.000000000000000000, 0.000000000000000000, 0.000000000000000000 ) ) ;
#5267 = CARTESIAN_POINT ( 'NONE',  ( -18.50741220619382688, -1.205750852756980684, -0.1000000000000000056 ) ) ;
#5268 = ORIENTED_EDGE ( 'NONE', *, *, #810, .F. ) ;
#5269 = CARTESIAN_POINT ( 'NONE',  ( -18.87432158363005641, -1.222486006737192321, -0.1000000000000000056 ) ) ;
#5270 = CARTESIAN_POINT ( 'NONE',  ( -19.25850670372446771, 2.269258193152186465, -0.1000000000000000056 ) ) ;
#5271 = ORIENTED_EDGE ( 'NONE', *, *, #6937, .F. ) ;
#5272 = CARTESIAN_POINT ( 'NONE',  ( -19.57576203171375084, 1.652193042651804999, -0.1000000000000000056 ) ) ;
#5273 = CIRCLE ( 'NONE', #1248, 0.5000000000000013323 ) ;
#5274 = CARTESIAN_POINT ( 'NONE',  ( -18.18693728839977553, -0.9997477817269295741, 0.000000000000000000 ) ) ;
#5275 = COLOUR_RGB ( '',1.000000000000000000, 0.9607843137254902244, 0.8901960784313724950 ) ;
#5276 = CARTESIAN_POINT ( 'NONE',  ( -19.19634449364316708, -3.529818585446680146, -0.000000000000000000 ) ) ;
#5277 = CARTESIAN_POINT ( 'NONE',  ( -18.07925092719625937, -3.231021328864539299, -0.1000000000000000056 ) ) ;
#5278 = EDGE_CURVE ( 'NONE', #2332, #8990, #7454, .T. ) ;
#5279 = CARTESIAN_POINT ( 'NONE',  ( -20.07650059883832583, -0.7696241066408602283, -0.1000000000000000056 ) ) ;
#5280 = ORIENTED_EDGE ( 'NONE', *, *, #4066, .F. ) ;
#5281 = MECHANICAL_DESIGN_GEOMETRIC_PRESENTATION_REPRESENTATION (  '', ( #231 ), #6337 ) ;
#5282 = VECTOR ( 'NONE', #4022, 1000.000000000000000 ) ;
#5283 = CARTESIAN_POINT ( 'NONE',  ( -20.11016722181046390, -3.478466618855795112, -1.355252715606880543E-17 ) ) ;
#5284 = CARTESIAN_POINT ( 'NONE',  ( -18.10855890910848842, -2.139709431857729438, 0.000000000000000000 ) ) ;
#5285 = CARTESIAN_POINT ( 'NONE',  ( -18.41512428454094774, -1.525457961121879702, 0.000000000000000000 ) ) ;
#5286 = CARTESIAN_POINT ( 'NONE',  ( -19.46014447136496273, 1.628626051128424290, -0.1000000000000000056 ) ) ;
#5287 = CARTESIAN_POINT ( 'NONE',  ( -19.70634212275253461, 3.306101340691884438, -0.1000000000000000056 ) ) ;
#5288 = ORIENTED_EDGE ( 'NONE', *, *, #357, .F. ) ;
#5289 = CARTESIAN_POINT ( 'NONE',  ( -19.03200975167560571, 3.616682261672305554, -0.1000000000000000056 ) ) ;
#5290 = VECTOR ( 'NONE', #946, 1000.000000000000000 ) ;
#5291 = CARTESIAN_POINT ( 'NONE',  ( -19.85333535332087962, 3.595646158854164387, 0.000000000000000000 ) ) ;
#5292 = FILL_AREA_STYLE_COLOUR ( '', #1245 ) ;
#5293 = CARTESIAN_POINT ( 'NONE',  ( -20.06581131863770295, -3.807833441481938586, -0.1000000000000000056 ) ) ;
#5294 = ORIENTED_EDGE ( 'NONE', *, *, #3800, .T. ) ;
#5295 = FILL_AREA_STYLE_COLOUR ( '', #5198 ) ;
#5296 = CARTESIAN_POINT ( 'NONE',  ( -18.74895831881567076, 3.686339912414548614, 0.000000000000000000 ) ) ;
#5297 = LINE ( 'NONE', #3767, #2895 ) ;
#5298 = CARTESIAN_POINT ( 'NONE',  ( -19.66592834928238531, 1.323888022104898310, -0.1000000000000000056 ) ) ;
#5299 =( LENGTH_UNIT ( ) NAMED_UNIT ( * ) SI_UNIT ( .MILLI., .METRE. ) );
#5300 = CARTESIAN_POINT ( 'NONE',  ( -19.39876186302462813, 2.618602881508016011, -0.1000000000000000056 ) ) ;
#5301 = B_SPLINE_CURVE_WITH_KNOTS ( 'NONE', 3,
 ( #4534, #3752, #3841, #6699, #6564, #8780, #1745, #1649, #4494, #7359, #298, #171, #3155 ),
 .UNSPECIFIED., .F., .F.,
 ( 4, 1, 1, 1, 1, 1, 1, 1, 1, 1, 4 ),
 ( 0.000000000000000000, 0.08120540642824845834, 0.1567580390069694130, 0.2289145877951964669, 0.2992867892265790308, 0.4379130512111260587, 0.5807652158447327295, 0.6615255222960111370, 0.7578411574528912675, 0.8711203984590842886, 1.000000000000000000 ),
 .UNSPECIFIED. ) ;
#5302 =( NAMED_UNIT ( * ) SI_UNIT ( $, .STERADIAN. ) SOLID_ANGLE_UNIT ( ) );
#5303 = CARTESIAN_POINT ( 'NONE',  ( -18.12002084228869947, -0.2160849281736285932, -0.1000000000000000056 ) ) ;
#5304 = EDGE_LOOP ( 'NONE', ( #6936, #4267 ) ) ;
#5305 = SURFACE_STYLE_FILL_AREA ( #2472 ) ;
#5306 = CARTESIAN_POINT ( 'NONE',  ( -19.91551890276748082, 2.404993800077257493, -0.1000000000000000056 ) ) ;
#5307 = EDGE_LOOP ( 'NONE', ( #4697, #7669, #2520, #7800 ) ) ;
#5308 = CARTESIAN_POINT ( 'NONE',  ( -20.10495762525006214, 3.475528244376112408, -0.1000000000000000056 ) ) ;
#5309 = CARTESIAN_POINT ( 'NONE',  ( -18.90361343938759120, 0.7154136671526724056, -0.1000000000000000056 ) ) ;
#5310 = CARTESIAN_POINT ( 'NONE',  ( -19.86828259011749864, -2.829333067576274008, -0.1000000000000000056 ) ) ;
#5311 = ORIENTED_EDGE ( 'NONE', *, *, #2580, .F. ) ;
#5312 = CARTESIAN_POINT ( 'NONE',  ( -18.60537973941753975, -3.114352948643992924, -0.000000000000000000 ) ) ;
#5313 = DIRECTION ( 'NONE',  ( -0.000000000000000000, -0.000000000000000000, 1.000000000000000000 ) ) ;
#5314 = CARTESIAN_POINT ( 'NONE',  ( 12.50000000000000000, 0.000000000000000000, 16.00000000000000000 ) ) ;
#5315 = FILL_AREA_STYLE ('',( #8198 ) ) ;
#5316 = ORIENTED_EDGE ( 'NONE', *, *, #198, .F. ) ;
#5317 = CARTESIAN_POINT ( 'NONE',  ( -6.080000000000001847, -8.406000000000007688, 0.000000000000000000 ) ) ;
#5318 = CARTESIAN_POINT ( 'NONE',  ( -18.16325716664534795, -2.268807182184954030, -0.1000000000000000056 ) ) ;
#5319 = CARTESIAN_POINT ( 'NONE',  ( -18.65201352551283875, -3.082466258401008741, -0.1000000000000000056 ) ) ;
#5320 = CARTESIAN_POINT ( 'NONE',  ( -19.46014447136496273, 1.628626051128424290, 1.355252715606880543E-17 ) ) ;
#5321 = CARTESIAN_POINT ( 'NONE',  ( -19.83769766204326146, 3.486927190664106391, -0.1000000000000000056 ) ) ;
#5322 = ORIENTED_EDGE ( 'NONE', *, *, #8269, .F. ) ;
#5323 = CARTESIAN_POINT ( 'NONE',  ( -19.21433751532838841, 3.897570273126615081, 0.000000000000000000 ) ) ;
#5324 = EDGE_CURVE ( 'NONE', #1019, #3252, #5707, .T. ) ;
#5325 = CARTESIAN_POINT ( 'NONE',  ( -18.84054226173129720, -3.443308216304977964, -0.000000000000000000 ) ) ;
#5326 = FACE_OUTER_BOUND ( 'NONE', #385, .T. ) ;
#5327 = CARTESIAN_POINT ( 'NONE',  ( -18.34197768399841522, -3.427103890187773949, -0.1000000000000000056 ) ) ;
#5328 = ORIENTED_EDGE ( 'NONE', *, *, #7822, .F. ) ;
#5329 = ORIENTED_EDGE ( 'NONE', *, *, #4233, .F. ) ;
#5330 = CARTESIAN_POINT ( 'NONE',  ( -18.56180507150510550, -3.864961487267507767, -0.000000000000000000 ) ) ;
#5331 = COLOUR_RGB ( '',0.000000000000000000, 0.1921568627450980227, 0.6549019607843137303 ) ;
#5332 = EDGE_CURVE ( 'NONE', #8925, #8995, #8328, .T. ) ;
#5333 = CARTESIAN_POINT ( 'NONE',  ( -19.78171562266391703, -3.316744761012391685, 0.000000000000000000 ) ) ;
#5334 = DIRECTION ( 'NONE',  ( -0.000000000000000000, -0.000000000000000000, -1.000000000000000000 ) ) ;
#5335 = DIRECTION ( 'NONE',  ( -0.000000000000000000, -0.000000000000000000, -1.000000000000000000 ) ) ;
#5336 = CARTESIAN_POINT ( 'NONE',  ( -20.11016722181046745, 3.590429261525470039, -0.1000000000000000056 ) ) ;
#5337 = CARTESIAN_POINT ( 'NONE',  ( -18.10705947609687527, -1.421001320074296137, 0.000000000000000000 ) ) ;
#5338 = STYLED_ITEM ( 'NONE', ( #6256 ), #6922 ) ;
#5339 =( NAMED_UNIT ( * ) SI_UNIT ( $, .STERADIAN. ) SOLID_ANGLE_UNIT ( ) );
#5340 = EDGE_CURVE ( 'NONE', #1931, #1699, #5917, .T. ) ;
#5341 = CARTESIAN_POINT ( 'NONE',  ( -20.01701482067518967, -1.967090734772503957, 0.000000000000000000 ) ) ;
#5342 = CIRCLE ( 'NONE', #7314, 1.000000000000000444 ) ;
#5343 = VERTEX_POINT ( 'NONE', #3536 ) ;
#5344 = ORIENTED_EDGE ( 'NONE', *, *, #1091, .T. ) ;
#5345 = CARTESIAN_POINT ( 'NONE',  ( -18.10728452667434141, 4.060245638507653965, -0.1000000000000000056 ) ) ;
#5346 = CARTESIAN_POINT ( 'NONE',  ( -18.60468127128846660, -1.152433954013083905, 0.000000000000000000 ) ) ;
#5347 = EDGE_LOOP ( 'NONE', ( #5853, #5685, #2176, #5421 ) ) ;
#5348 = CARTESIAN_POINT ( 'NONE',  ( -18.95442381360733819, -1.939080607096354436, 0.000000000000000000 ) ) ;
#5349 =( NAMED_UNIT ( * ) PLANE_ANGLE_UNIT ( ) SI_UNIT ( $, .RADIAN. ) );
#5350 = CARTESIAN_POINT ( 'NONE',  ( -20.04618306759414281, -0.7351752697156943572, 0.000000000000000000 ) ) ;
#5351 = CIRCLE ( 'NONE', #3433, 1.000000000000000444 ) ;
#5352 = EDGE_CURVE ( 'NONE', #1276, #3717, #3873, .T. ) ;
#5353 = ORIENTED_EDGE ( 'NONE', *, *, #4688, .T. ) ;
#5354 = DIRECTION ( 'NONE',  ( 0.000000000000000000, -1.000000000000000000, 0.000000000000000000 ) ) ;
#5355 = AXIS2_PLACEMENT_3D ( 'NONE', #7270, #3025, #37 ) ;
#5356 =( NAMED_UNIT ( * ) PLANE_ANGLE_UNIT ( ) SI_UNIT ( $, .RADIAN. ) );
#5357 = AXIS2_PLACEMENT_3D ( 'NONE', #3643, #60, #703 ) ;
#5358 = CARTESIAN_POINT ( 'NONE',  ( -19.84356207371617131, -4.138033514841731986, 0.000000000000000000 ) ) ;
#5359 =( LENGTH_UNIT ( ) NAMED_UNIT ( * ) SI_UNIT ( .MILLI., .METRE. ) );
#5360 = CYLINDRICAL_SURFACE ( 'NONE', #6412, 2.000000000000000000 ) ;
#5361 = CARTESIAN_POINT ( 'NONE',  ( -20.11001571888853690, 1.957553808380801508, -0.1000000000000000056 ) ) ;
#5362 = B_SPLINE_SURFACE_WITH_KNOTS ( 'NONE', 3, 1, ( 
 ( #807, #854 ),
 ( #73, #3656 ),
 ( #3694, #117 ),
 ( #7794, #1408 ),
 ( #2656, #9088 ),
 ( #4246, #7781 ),
 ( #4845, #1209 ),
 ( #5493, #4058 ),
 ( #2094, #2846 ),
 ( #1344, #1957 ),
 ( #2709, #7058 ),
 ( #652, #9038 ),
 ( #556, #4200 ),
 ( #4795, #1298 ),
 ( #7010, #6348 ),
 ( #7107, #5547 ),
 ( #7693, #3503 ),
 ( #6250, #3368 ),
 ( #8330, #3460 ) ),
 .UNSPECIFIED., .F., .F., .F.,
 ( 4, 1, 1, 1, 1, 1, 1, 1, 1, 1, 1, 1, 1, 1, 1, 1, 4 ),
 ( 2, 2 ),
 ( 0.000000000000000000, 0.06594219813266470609, 0.1288303013562868415, 0.1890106106024899424, 0.2475118961072786672, 0.3041416451367280338, 0.3600298959845402158, 0.4148632064225805660, 0.4706561808339158048, 0.5273627449312683346, 0.5858081977336109247, 0.6466459508818690471, 0.7102281684247442328, 0.7769360596728637214, 0.8477312525032871804, 0.9216350145973438712, 1.000000000000000000 ),
 ( 0.000000000000000000, 1.000000000000000000 ),
 .UNSPECIFIED. ) ;
#5363 = B_SPLINE_CURVE_WITH_KNOTS ( 'NONE', 3,
 ( #6729, #7511, #201, #5308, #8718, #4598, #7383, #1629, #4476, #7690, #9132, #3457, #7553, #7007, #7643, #3321, #6299, #6247, #1295 ),
 .UNSPECIFIED., .F., .F.,
 ( 4, 1, 1, 1, 1, 1, 1, 1, 1, 1, 1, 1, 1, 1, 1, 1, 4 ),
 ( 0.000000000000000000, 0.06450583079245070239, 0.1257003490472282381, 0.1845603124204926448, 0.2404533103004709571, 0.2941509815605866107, 0.3456887803325744413, 0.3950683699914047664, 0.4434122827432732672, 0.5342984258742938808, 0.6178213727056326432, 0.6955579538707602483, 0.7681941770278252202, 0.8358171608293667454, 0.8963565394511299189, 0.9510006524474016176, 0.9999999999999998890 ),
 .UNSPECIFIED. ) ;
#5364 = ORIENTED_EDGE ( 'NONE', *, *, #8223, .F. ) ;
#5365 = FILL_AREA_STYLE_COLOUR ( '', #7478 ) ;
#5366 = CARTESIAN_POINT ( 'NONE',  ( -19.09046444394791564, 1.605199178059895093, -0.1000000000000000056 ) ) ;
#5367 = AXIS2_PLACEMENT_3D ( 'NONE', #3820, #144, #4426 ) ;
#5368 = LINE ( 'NONE', #7362, #8647 ) ;
#5369 = ORIENTED_EDGE ( 'NONE', *, *, #5079, .T. ) ;
#5370 = CARTESIAN_POINT ( 'NONE',  ( -19.10158282219474302, 3.810769134777305389, 0.000000000000000000 ) ) ;
#5371 = CARTESIAN_POINT ( 'NONE',  ( -18.41619446829940898, -2.790441669161609628, 0.000000000000000000 ) ) ;
#5372 = CARTESIAN_POINT ( 'NONE',  ( -12.50000000000000000, 0.000000000000000000, 16.00000000000000000 ) ) ;
#5373 = CARTESIAN_POINT ( 'NONE',  ( -19.01254573207625498, -2.937168657139915595, -0.1000000000000000056 ) ) ;
#5374 = CARTESIAN_POINT ( 'NONE',  ( -18.59941200900698277, 2.575284139238176451, 0.000000000000000000 ) ) ;
#5375 = ORIENTED_EDGE ( 'NONE', *, *, #1702, .F. ) ;
#5376 = ORIENTED_EDGE ( 'NONE', *, *, #629, .F. ) ;
#5377 = CARTESIAN_POINT ( 'NONE',  ( -18.33802732923233947, -3.506958904266358257, 0.000000000000000000 ) ) ;
#5378 = CARTESIAN_POINT ( 'NONE',  ( -19.79098457583688031, -3.355224522487846528, 0.000000000000000000 ) ) ;
#5379 = AXIS2_PLACEMENT_3D ( 'NONE', #4805, #9005, #1263 ) ;
#5380 = VERTEX_POINT ( 'NONE', #1473 ) ;
#5381 = CYLINDRICAL_SURFACE ( 'NONE', #1945, 1.000000000000001776 ) ;
#5382 = CARTESIAN_POINT ( 'NONE',  ( -18.41702743801516107, -1.480653587006073302, -0.1000000000000000056 ) ) ;
#5383 = CARTESIAN_POINT ( 'NONE',  ( -19.49145258098508293, 4.299160798489699786, 0.000000000000000000 ) ) ;
#5384 = CARTESIAN_POINT ( 'NONE',  ( -18.26017516909643490, 1.020505377451578877, -0.1000000000000000056 ) ) ;
#5385 = B_SPLINE_CURVE_WITH_KNOTS ( 'NONE', 3,
 ( #359, #7502, #6063, #5387, #5341, #3313, #4591, #319, #6762, #404, #2420 ),
 .UNSPECIFIED., .F., .F.,
 ( 4, 1, 1, 1, 1, 1, 1, 1, 4 ),
 ( 0.000000000000000000, 0.1664877746693297633, 0.3115077802889103520, 0.4400940730803492018, 0.5571216504119713697, 0.6667079260682495789, 0.7735000327110845841, 0.8837499482804025419, 0.9999999999999998890 ),
 .UNSPECIFIED. ) ;
#5386 = FACE_OUTER_BOUND ( 'NONE', #3707, .T. ) ;
#5387 = CARTESIAN_POINT ( 'NONE',  ( -19.97428057703814730, -1.950401280722171782, 0.000000000000000000 ) ) ;
#5388 = CARTESIAN_POINT ( 'NONE',  ( -19.49403377245127800, 2.986363654218269215, 0.000000000000000000 ) ) ;
#5389 = CARTESIAN_POINT ( 'NONE',  ( -18.90945756842869230, 2.268706555851359497, 0.000000000000000000 ) ) ;
#5390 = VERTEX_POINT ( 'NONE', #2179 ) ;
#5391 = B_SPLINE_CURVE_WITH_KNOTS ( 'NONE', 3,
 ( #6543, #6503, #3086, #5133, #108, #8630, #3732, #3685, #5033, #5782, #8056, #147, #6595 ),
 .UNSPECIFIED., .F., .F.,
 ( 4, 1, 1, 1, 1, 1, 1, 1, 1, 1, 4 ),
 ( 0.000000000000000000, 0.1421053962225759804, 0.2953117760055939400, 0.3768369013572741566, 0.4575895033594541972, 0.5411397773640043152, 0.6266672613025775496, 0.7147343468961885327, 0.8048766421783346559, 0.9001682164234507955, 1.000000000000000000 ),
 .UNSPECIFIED. ) ;
#5392 = CARTESIAN_POINT ( 'NONE',  ( -19.50068826027856872, 3.174213056412996892, 0.000000000000000000 ) ) ;
#5393 = CARTESIAN_POINT ( 'NONE',  ( -18.46018341094351101, -1.263853075448103658, -0.1000000000000000056 ) ) ;
#5394 = ORIENTED_EDGE ( 'NONE', *, *, #3871, .F. ) ;
#5395 = DIRECTION ( 'NONE',  ( 0.000000000000000000, 0.000000000000000000, 1.000000000000000000 ) ) ;
#5396 = EDGE_CURVE ( 'NONE', #7464, #8301, #2995, .T. ) ;
#5397 = CARTESIAN_POINT ( 'NONE',  ( -19.53792809186356294, 2.944245063581951261, 0.000000000000000000 ) ) ;
#5398 = VECTOR ( 'NONE', #2812, 1000.000000000000000 ) ;
#5399 = ORIENTED_EDGE ( 'NONE', *, *, #6686, .F. ) ;
#5400 = DIRECTION ( 'NONE',  ( 0.000000000000000000, -0.000000000000000000, -1.000000000000000000 ) ) ;
#5401 = CARTESIAN_POINT ( 'NONE',  ( -19.03191632620645635, 3.549720191466237740, 0.000000000000000000 ) ) ;
#5402 = CARTESIAN_POINT ( 'NONE',  ( 3.000000000000004885, 8.294999999999998153, 5.700000000000000178 ) ) ;
#5403 = CARTESIAN_POINT ( 'NONE',  ( -19.95085120338801943, -0.6966564432779951410, -0.1000000000000000056 ) ) ;
#5404 = EDGE_LOOP ( 'NONE', ( #7903, #8502, #887, #7519 ) ) ;
#5405 = ADVANCED_FACE ( 'NONE', ( #2451 ), #1803, .T. ) ;
#5406 = CARTESIAN_POINT ( 'NONE',  ( -18.33802732923233947, -3.506958904266358257, -0.1000000000000000056 ) ) ;
#5407 = ORIENTED_EDGE ( 'NONE', *, *, #2087, .T. ) ;
#5408 = CARTESIAN_POINT ( 'NONE',  ( -20.02264234627830319, -3.917666150427725924, 0.000000000000000000 ) ) ;
#5409 = COLOUR_RGB ( '',1.000000000000000000, 0.9490196078431372140, 0.9098039215686274384 ) ;
#5410 = CARTESIAN_POINT ( 'NONE',  ( 22.50000000000000000, -10.44500000000000028, 0.000000000000000000 ) ) ;
#5411 = CARTESIAN_POINT ( 'NONE',  ( -19.27152765663569411, -2.712285910255560317, 0.000000000000000000 ) ) ;
#5412 = CARTESIAN_POINT ( 'NONE',  ( -19.61860527553540834, 3.252947920756349198, -0.1000000000000000056 ) ) ;
#5413 = ORIENTED_EDGE ( 'NONE', *, *, #7880, .F. ) ;
#5414 = CARTESIAN_POINT ( 'NONE',  ( -18.16627101717993042, -1.045787264506022440, 0.000000000000000000 ) ) ;
#5415 = CARTESIAN_POINT ( 'NONE',  ( -19.19038809278214330, -3.555917479197185038, -0.1000000000000000056 ) ) ;
#5416 = CARTESIAN_POINT ( 'NONE',  ( -18.77569789197526973, 3.872119108782804187, 0.000000000000000000 ) ) ;
#5417 = PRESENTATION_LAYER_ASSIGNMENT (  '', '', ( #821 ) ) ;
#5418 = PLANE ( 'NONE',  #8099 ) ;
#5419 = CARTESIAN_POINT ( 'NONE',  ( -4.500000000000000888, 9.797174393178823685E-16, 16.00000000000000000 ) ) ;
#5420 = ORIENTED_EDGE ( 'NONE', *, *, #8394, .T. ) ;
#5421 = ORIENTED_EDGE ( 'NONE', *, *, #150, .T. ) ;
#5422 = CARTESIAN_POINT ( 'NONE',  ( -22.50000000000000000, 10.44500000000000028, 3.000000000000000000 ) ) ;
#5423 = CARTESIAN_POINT ( 'NONE',  ( 12.50000000000000000, 0.000000000000000000, 3.000000000000000000 ) ) ;
#5424 = PRESENTATION_STYLE_ASSIGNMENT (( #6188 ) ) ;
#5425 = CARTESIAN_POINT ( 'NONE',  ( -18.26298426765803740, 4.248159624735512452, 0.000000000000000000 ) ) ;
#5426 = PRESENTATION_LAYER_ASSIGNMENT (  '', '', ( #5738 ) ) ;
#5427 = EDGE_CURVE ( 'NONE', #7787, #1775, #5351, .T. ) ;
#5428 = VECTOR ( 'NONE', #3898, 1000.000000000000000 ) ;
#5429 = FILL_AREA_STYLE_COLOUR ( '', #8189 ) ;
#5430 = CARTESIAN_POINT ( 'NONE',  ( -19.98994887594774639, 4.008625046620607257, 0.000000000000000000 ) ) ;
#5431 = CARTESIAN_POINT ( 'NONE',  ( -18.17111153539203983, 0.9947247834416780288, -0.1000000000000000056 ) ) ;
#5432 = CARTESIAN_POINT ( 'NONE',  ( -2.540000000000000036, -8.406000000000007688, 3.100000000000000089 ) ) ;
#5433 = CARTESIAN_POINT ( 'NONE',  ( -20.11002957262878255, 3.570620958557346292, -0.000000000000000000 ) ) ;
#5434 = EDGE_LOOP ( 'NONE', ( #5263, #5832, #1259, #5151 ) ) ;
#5435 = CARTESIAN_POINT ( 'NONE',  ( -18.94941507333924946, -1.453810732743010092, 0.000000000000000000 ) ) ;
#5436 = CYLINDRICAL_SURFACE ( 'NONE', #4918, 8.000000000000001776 ) ;
#5437 = ORIENTED_EDGE ( 'NONE', *, *, #7782, .F. ) ;
#5438 = CARTESIAN_POINT ( 'NONE',  ( -19.13839627833553791, -3.749704132646662469, -0.1000000000000000056 ) ) ;
#5439 = CARTESIAN_POINT ( 'NONE',  ( -20.04267103818477125, 2.232414747130833543, -0.1000000000000000056 ) ) ;
#5440 = ORIENTED_EDGE ( 'NONE', *, *, #5157, .F. ) ;
#5441 = CARTESIAN_POINT ( 'NONE',  ( -18.60468127128846660, -1.152433954013083905, 0.000000000000000000 ) ) ;
#5442 = CARTESIAN_POINT ( 'NONE',  ( -19.60621054785805129, 2.920433456658238836, 0.000000000000000000 ) ) ;
#5443 = CARTESIAN_POINT ( 'NONE',  ( -12.50000000000000000, 0.000000000000000000, 3.000000000000000000 ) ) ;
#5444 = B_SPLINE_CURVE_WITH_KNOTS ( 'NONE', 3,
 ( #7946, #4272, #5761, #5111, #7135, #8655, #6616, #1563, #5154, #7989, #4408 ),
 .UNSPECIFIED., .F., .F.,
 ( 4, 1, 1, 1, 1, 1, 1, 1, 4 ),
 ( 0.000000000000000000, 0.1655556038889432480, 0.3119994156397201679, 0.4409235387043479171, 0.5588821122018861054, 0.6702320758808332224, 0.7769938271265361962, 0.8855363212147941976, 1.000000000000000000 ),
 .UNSPECIFIED. ) ;
#5445 = ORIENTED_EDGE ( 'NONE', *, *, #2806, .F. ) ;
#5446 = DIRECTION ( 'NONE',  ( -0.000000000000000000, 0.000000000000000000, -1.000000000000000000 ) ) ;
#5447 = CARTESIAN_POINT ( 'NONE',  ( -19.05927186331129519, 3.433703580312178705, 0.000000000000000000 ) ) ;
#5448 = CARTESIAN_POINT ( 'NONE',  ( -19.23712508707344426, -1.783353373743729264, -0.1000000000000000056 ) ) ;
#5449 = ORIENTED_EDGE ( 'NONE', *, *, #976, .F. ) ;
#5450 = CARTESIAN_POINT ( 'NONE',  ( -18.57553924735805850, -3.130312652799043693, -0.1000000000000000056 ) ) ;
#5451 = CARTESIAN_POINT ( 'NONE',  ( -18.35274376823787890, -3.651016510651722058, 0.000000000000000000 ) ) ;
#5452 = EDGE_LOOP ( 'NONE', ( #2933, #6516, #9101, #2872 ) ) ;
#5453 = FILL_AREA_STYLE ('',( #5365 ) ) ;
#5454 = FACE_BOUND ( 'NONE', #3604, .T. ) ;
#5455 = CARTESIAN_POINT ( 'NONE',  ( -19.33243470660848473, -2.695591818571395404, 0.000000000000000000 ) ) ;
#5456 = CARTESIAN_POINT ( 'NONE',  ( -19.07160335360570969, 2.966006781260170477, 0.000000000000000000 ) ) ;
#5457 = ORIENTED_EDGE ( 'NONE', *, *, #4164, .F. ) ;
#5458 = CARTESIAN_POINT ( 'NONE',  ( -18.33761397356202494, -0.3464091719252174739, -0.000000000000000000 ) ) ;
#5459 =( NAMED_UNIT ( * ) SI_UNIT ( $, .STERADIAN. ) SOLID_ANGLE_UNIT ( ) );
#5460 = B_SPLINE_CURVE_WITH_KNOTS ( 'NONE', 3,
 ( #7687, #8230, #6109, #5438, #5485, #1906, #1292, #4052, #7003, #455, #7550, #2605, #594, #1104, #1150, #3960, #8944, #3266, #6905 ),
 .UNSPECIFIED., .F., .F.,
 ( 4, 1, 1, 1, 1, 1, 1, 1, 1, 1, 1, 1, 1, 1, 1, 1, 4 ),
 ( 0.000000000000000000, 0.1085358101851137125, 0.2087601293164244032, 0.3012585259217841482, 0.3862856771541099410, 0.4658143429596178775, 0.5416700893277868190, 0.6158294566265207770, 0.6890214010786430698, 0.7256266687003875004, 0.7623618248931550712, 0.7992978662436438508, 0.8371213181396855996, 0.8758338091760717870, 0.9156382273714008813, 0.9570881620514093413, 1.000000000000000000 ),
 .UNSPECIFIED. ) ;
#5461 = CARTESIAN_POINT ( 'NONE',  ( -19.37295059235150418, 4.301437359414070905, 0.000000000000000000 ) ) ;
#5462 = SURFACE_SIDE_STYLE ('',( #1131 ) ) ;
#5463 = DIRECTION ( 'NONE',  ( -1.000000000000000000, 0.000000000000000000, -0.000000000000000000 ) ) ;
#5464 = CARTESIAN_POINT ( 'NONE',  ( -18.53626942772273622, -2.768165982564291028, -0.1000000000000000056 ) ) ;
#5465 = ORIENTED_EDGE ( 'NONE', *, *, #5119, .T. ) ;
#5466 = ORIENTED_EDGE ( 'NONE', *, *, #1454, .F. ) ;
#5467 = SURFACE_STYLE_USAGE ( .BOTH. , #1137 ) ;
#5468 = CARTESIAN_POINT ( 'NONE',  ( -19.92361148857630937, -1.940484139356313475, -0.1000000000000000056 ) ) ;
#5469 = UNCERTAINTY_MEASURE_WITH_UNIT (LENGTH_MEASURE( 1.000000000000000082E-05 ), #6120, 'distance_accuracy_value', 'NONE');
#5470 = EDGE_CURVE ( 'NONE', #1103, #8679, #8349, .T. ) ;
#5471 = ORIENTED_EDGE ( 'NONE', *, *, #8838, .T. ) ;
#5472 = CARTESIAN_POINT ( 'NONE',  ( -19.12939052401586792, 1.245634562174478210, -0.1000000000000000056 ) ) ;
#5473 = CARTESIAN_POINT ( 'NONE',  ( -20.07412777763782685, -1.012575277529922602, 1.355252715606880543E-17 ) ) ;
#5474 = CARTESIAN_POINT ( 'NONE',  ( -19.39545228777929253, 4.301933797200518050, 0.000000000000000000 ) ) ;
#5475 = CARTESIAN_POINT ( 'NONE',  ( -18.16627101717993042, -1.045787264506022440, -0.1000000000000000056 ) ) ;
#5476 = CARTESIAN_POINT ( 'NONE',  ( -19.80196897962296276, -3.483282216389974373, -0.1000000000000000056 ) ) ;
#5477 = AXIS2_PLACEMENT_3D ( 'NONE', #5432, #8177, #4638 ) ;
#5478 = EDGE_CURVE ( 'NONE', #457, #8068, #6620, .T. ) ;
#5479 = CARTESIAN_POINT ( 'NONE',  ( -18.44437177477880851, -1.299007434844970943, -0.1000000000000000056 ) ) ;
#5480 = AXIS2_PLACEMENT_3D ( 'NONE', #7357, #7437, #2486 ) ;
#5481 = CARTESIAN_POINT ( 'NONE',  ( -20.10960516327052616, -0.1670393105075174967, -0.1000000000000000056 ) ) ;
#5482 = CARTESIAN_POINT ( 'NONE',  ( -18.80910952411781523, 2.261095884313887527, 0.000000000000000000 ) ) ;
#5483 = AXIS2_PLACEMENT_3D ( 'NONE', #2809, #619, #1968 ) ;
#5484 = STYLED_ITEM ( 'NONE', ( #5207 ), #1122 ) ;
#5485 = CARTESIAN_POINT ( 'NONE',  ( -19.10748746512883045, -3.834351037832890885, -0.1000000000000000056 ) ) ;
#5486 = CARTESIAN_POINT ( 'NONE',  ( -19.21125568209692247, 0.7010707410176596488, -0.1000000000000000056 ) ) ;
#5487 = ORIENTED_EDGE ( 'NONE', *, *, #2359, .T. ) ;
#5488 =( LENGTH_UNIT ( ) NAMED_UNIT ( * ) SI_UNIT ( .MILLI., .METRE. ) );
#5489 = LINE ( 'NONE', #8326, #5196 ) ;
#5490 = CARTESIAN_POINT ( 'NONE',  ( -19.79913665345591767, -2.777130750438792539, -0.1000000000000000056 ) ) ;
#5491 = EDGE_CURVE ( 'NONE', #7279, #4866, #1705, .T. ) ;
#5492 = EDGE_CURVE ( 'NONE', #2295, #4769, #4454, .T. ) ;
#5493 = CARTESIAN_POINT ( 'NONE',  ( -18.93213297688625829, -0.8021376415227529089, -0.1000000000000000056 ) ) ;
#5494 = ORIENTED_EDGE ( 'NONE', *, *, #5093, .T. ) ;
#5495 = AXIS2_PLACEMENT_3D ( 'NONE', #2714, #7113, #2102 ) ;
#5496 = DIRECTION ( 'NONE',  ( -0.000000000000000000, -0.000000000000000000, 1.000000000000000000 ) ) ;
#5497 = CARTESIAN_POINT ( 'NONE',  ( -19.04570617547842915, 3.465480838609803271, 0.000000000000000000 ) ) ;
#5498 = SURFACE_SIDE_STYLE ('',( #5550 ) ) ;
#5499 = CARTESIAN_POINT ( 'NONE',  ( -19.59168788729711608, -1.335124416351318732, 1.355252715606880543E-17 ) ) ;
#5500 = ORIENTED_EDGE ( 'NONE', *, *, #6192, .T. ) ;
#5501 =( GEOMETRIC_REPRESENTATION_CONTEXT ( 3 ) GLOBAL_UNCERTAINTY_ASSIGNED_CONTEXT ( ( #3438 ) ) GLOBAL_UNIT_ASSIGNED_CONTEXT ( ( #5072, #7242, #3678 ) ) REPRESENTATION_CONTEXT ( 'NONE', 'WORKASPACE' ) );
#5502 =( GEOMETRIC_REPRESENTATION_CONTEXT ( 3 ) GLOBAL_UNCERTAINTY_ASSIGNED_CONTEXT ( ( #9207 ) ) GLOBAL_UNIT_ASSIGNED_CONTEXT ( ( #901, #1031, #4567 ) ) REPRESENTATION_CONTEXT ( 'NONE', 'WORKASPACE' ) );
#5503 = CARTESIAN_POINT ( 'NONE',  ( -20.11016722181046745, -0.8904842440287276117, 0.000000000000000000 ) ) ;
#5504 = CARTESIAN_POINT ( 'NONE',  ( -18.41732958373462381, -4.190475927816401658, 0.000000000000000000 ) ) ;
#5505 = ORIENTED_EDGE ( 'NONE', *, *, #8169, .F. ) ;
#5506 = B_SPLINE_CURVE_WITH_KNOTS ( 'NONE', 3,
 ( #5283, #6082, #8395, #7562, #1922, #6829, #5557, #4021, #5408, #2011, #2623 ),
 .UNSPECIFIED., .F., .F.,
 ( 4, 1, 1, 1, 1, 1, 1, 1, 4 ),
 ( 0.000000000000000000, 0.1421212240103507385, 0.2790478055087090015, 0.4097528246128993024, 0.5352845381732613816, 0.6572548948418674986, 0.7745865193284784400, 0.8883820750027382473, 1.000000000000000000 ),
 .UNSPECIFIED. ) ;
#5507 = COLOUR_RGB ( '',1.000000000000000000, 0.9607843137254902244, 0.8901960784313724950 ) ;
#5508 = MECHANICAL_DESIGN_GEOMETRIC_PRESENTATION_REPRESENTATION (  '', ( #2690 ), #3596 ) ;
#5509 = CIRCLE ( 'NONE', #6266, 0.5000000000000004441 ) ;
#5510 = CARTESIAN_POINT ( 'NONE',  ( 3.000000000000004441, 9.994999999999997442, 6.000000000000000000 ) ) ;
#5511 = CARTESIAN_POINT ( 'NONE',  ( -18.98313116343242868, -2.992870482629910622, 0.000000000000000000 ) ) ;
#5512 = CARTESIAN_POINT ( 'NONE',  ( -18.41348154157584460, 0.8741935645647732622, -0.1000000000000000056 ) ) ;
#5513 = EDGE_LOOP ( 'NONE', ( #3049, #2070, #6359, #4033 ) ) ;
#5514 = CARTESIAN_POINT ( 'NONE',  ( -18.10765966070774269, -0.1486329240148341890, -0.1000000000000000056 ) ) ;
#5515 = FILL_AREA_STYLE_COLOUR ( '', #7032 ) ;
#5516 = B_SPLINE_CURVE_WITH_KNOTS ( 'NONE', 3,
 ( #3229, #4596, #1203, #3363, #3961, #1907, #4053, #4740, #1105, #8187, #1066, #1822, #8854, #6770, #3913 ),
 .UNSPECIFIED., .F., .F.,
 ( 4, 1, 1, 1, 1, 1, 1, 1, 1, 1, 1, 1, 4 ),
 ( 0.000000000000000000, 0.08329523261948054702, 0.1630125021293042653, 0.2400784912554178863, 0.3178192775489999122, 0.3953020862036547567, 0.4736979834877986240, 0.5533114437544017772, 0.6368284668760511025, 0.7230836364221956414, 0.8115706418036813252, 0.9035666097103087768, 1.000000000000000000 ),
 .UNSPECIFIED. ) ;
#5517 = CARTESIAN_POINT ( 'NONE',  ( -18.33477471685475635, -2.831879000143699976, 0.000000000000000000 ) ) ;
#5518 = CARTESIAN_POINT ( 'NONE',  ( -19.13358201143107351, 3.843744442782654147, -0.1000000000000000056 ) ) ;
#5519 = CARTESIAN_POINT ( 'NONE',  ( -19.10651643572851199, 2.632526652018228219, -0.1000000000000000056 ) ) ;
#5520 =( GEOMETRIC_REPRESENTATION_CONTEXT ( 3 ) GLOBAL_UNCERTAINTY_ASSIGNED_CONTEXT ( ( #5107 ) ) GLOBAL_UNIT_ASSIGNED_CONTEXT ( ( #5150, #2349, #6559 ) ) REPRESENTATION_CONTEXT ( 'NONE', 'WORKASPACE' ) );
#5521 = CARTESIAN_POINT ( 'NONE',  ( -19.02506834955750392, 0.8822583075675163311, 0.000000000000000000 ) ) ;
#5522 = ORIENTED_EDGE ( 'NONE', *, *, #7999, .F. ) ;
#5523 = ORIENTED_EDGE ( 'NONE', *, *, #692, .T. ) ;
#5524 = FILL_AREA_STYLE_COLOUR ( '', #1474 ) ;
#5525 = B_SPLINE_SURFACE_WITH_KNOTS ( 'NONE', 3, 1, ( 
 ( #3496, #643 ),
 ( #136, #2183 ),
 ( #7238, #4284 ),
 ( #738, #5023 ),
 ( #8467, #2085 ),
 ( #5726, #6534 ),
 ( #3675, #5123 ),
 ( #7959, #2838 ),
 ( #1432, #9171 ),
 ( #8569, #7144 ),
 ( #7774, #1384 ),
 ( #4236, #8519 ),
 ( #2133, #4974 ),
 ( #2940, #7818 ),
 ( #2893, #7861 ) ),
 .UNSPECIFIED., .F., .F., .F.,
 ( 4, 1, 1, 1, 1, 1, 1, 1, 1, 1, 1, 1, 4 ),
 ( 2, 2 ),
 ( 0.000000000000000000, 0.07407688714068663693, 0.1427945705617572336, 0.2093768921062688360, 0.2765779332930129453, 0.3458924083704876251, 0.4174554413909642991, 0.4925010438251171130, 0.5715797787023655374, 0.6593770763349792174, 0.7600739645933066724, 0.8737540081986580054, 0.9999999999999998890 ),
 ( 0.000000000000000000, 1.000000000000000000 ),
 .UNSPECIFIED. ) ;
#5526 = VECTOR ( 'NONE', #997, 1000.000000000000000 ) ;
#5527 = DIRECTION ( 'NONE',  ( 0.000000000000000000, 0.000000000000000000, 1.000000000000000000 ) ) ;
#5528 = CARTESIAN_POINT ( 'NONE',  ( -19.61496327537899020, 2.919857304890948857, 0.000000000000000000 ) ) ;
#5529 = DIRECTION ( 'NONE',  ( -0.000000000000000000, -0.000000000000000000, -1.000000000000000000 ) ) ;
#5530 = PRESENTATION_LAYER_ASSIGNMENT (  '', '', ( #5823 ) ) ;
#5531 = DIRECTION ( 'NONE',  ( -0.000000000000000000, 0.000000000000000000, -1.000000000000000000 ) ) ;
#5532 = CARTESIAN_POINT ( 'NONE',  ( -18.44437177477880851, -1.299007434844970943, -0.1000000000000000056 ) ) ;
#5533 = CARTESIAN_POINT ( 'NONE',  ( -20.07346997164091107, 3.840048222506829312, -0.1000000000000000056 ) ) ;
#5534 = CARTESIAN_POINT ( 'NONE',  ( -19.54841704867489582, 1.288361527331263634, 0.000000000000000000 ) ) ;
#5535 = EDGE_CURVE ( 'NONE', #1112, #155, #959, .T. ) ;
#5536 = DIRECTION ( 'NONE',  ( -0.000000000000000000, -0.000000000000000000, -1.000000000000000000 ) ) ;
#5537 = EDGE_CURVE ( 'NONE', #7821, #3131, #2469, .T. ) ;
#5538 = CARTESIAN_POINT ( 'NONE',  ( 1.000000000000000444, -8.406000000000007688, 0.000000000000000000 ) ) ;
#5539 = CARTESIAN_POINT ( 'NONE',  ( 12.50000000000000000, 0.000000000000000000, 15.50000000000000000 ) ) ;
#5540 = SURFACE_SIDE_STYLE ('',( #1102 ) ) ;
#5541 = CARTESIAN_POINT ( 'NONE',  ( -18.30521068383675853, 2.425912391017387648, 0.000000000000000000 ) ) ;
#5542 = DIRECTION ( 'NONE',  ( -1.000000000000000000, 0.000000000000000000, 0.000000000000000000 ) ) ;
#5543 = VERTEX_POINT ( 'NONE', #5419 ) ;
#5544 = CARTESIAN_POINT ( 'NONE',  ( -19.10651643572851199, 2.632526652018228219, -0.1000000000000000056 ) ) ;
#5545 = CARTESIAN_POINT ( 'NONE',  ( -18.08119546074275519, 1.929449412027993915, -0.1000000000000000056 ) ) ;
#5546 = DIRECTION ( 'NONE',  ( -0.000000000000000000, -0.000000000000000000, 1.000000000000000000 ) ) ;
#5547 = CARTESIAN_POINT ( 'NONE',  ( -19.15916330605645612, -1.121022773221005631, 1.355252715606880543E-17 ) ) ;
#5548 = CARTESIAN_POINT ( 'NONE',  ( -19.49898763476416264, -3.911067797342937968, -0.1000000000000000056 ) ) ;
#5549 = CARTESIAN_POINT ( 'NONE',  ( -19.21254041672500179, 3.207222666845936043, 0.000000000000000000 ) ) ;
#5550 = SURFACE_STYLE_FILL_AREA ( #9042 ) ;
#5551 = CARTESIAN_POINT ( 'NONE',  ( -4.500000000000000888, 9.797174393178823685E-16, 16.00000000000000000 ) ) ;
#5552 = ORIENTED_EDGE ( 'NONE', *, *, #472, .F. ) ;
#5553 = CARTESIAN_POINT ( 'NONE',  ( -18.44336311142743057, -3.216252043506112823, 0.000000000000000000 ) ) ;
#5554 = CARTESIAN_POINT ( 'NONE',  ( -18.28669251715071198, -4.111986581720076472, 0.000000000000000000 ) ) ;
#5555 = PRESENTATION_LAYER_ASSIGNMENT (  '', '', ( #2429 ) ) ;
#5556 = ORIENTED_EDGE ( 'NONE', *, *, #8890, .F. ) ;
#5557 = CARTESIAN_POINT ( 'NONE',  ( -20.06581131863770295, -3.807833441481938586, 0.000000000000000000 ) ) ;
#5558 = CARTESIAN_POINT ( 'NONE',  ( -19.86828259011749864, -2.829333067576274008, 0.000000000000000000 ) ) ;
#5559 = DIRECTION ( 'NONE',  ( -1.000000000000000000, 0.000000000000000000, 0.000000000000000000 ) ) ;
#5560 = CARTESIAN_POINT ( 'NONE',  ( -18.10843165101305630, 0.8742112110522267665, -0.1000000000000000056 ) ) ;
#5561 = ORIENTED_EDGE ( 'NONE', *, *, #5958, .T. ) ;
#5562 = CARTESIAN_POINT ( 'NONE',  ( -18.27430831901652653, -0.3414786893598783513, 0.000000000000000000 ) ) ;
#5563 = CARTESIAN_POINT ( 'NONE',  ( -19.00282184261597607, 1.605950237879600895, -0.1000000000000000056 ) ) ;
#5564 = CARTESIAN_POINT ( 'NONE',  ( -19.84356207371617131, -4.138033514841731986, -0.1000000000000000056 ) ) ;
#5565 = CARTESIAN_POINT ( 'NONE',  ( -19.03306748684207861, 3.647086334171017796, -0.1000000000000000056 ) ) ;
#5566 = EDGE_CURVE ( 'NONE', #2556, #8424, #8255, .T. ) ;
#5567 = CARTESIAN_POINT ( 'NONE',  ( -19.48225300196149234, 2.607057530584713234, 0.000000000000000000 ) ) ;
#5568 = LINE ( 'NONE', #2818, #8797 ) ;
#5569 = VERTEX_POINT ( 'NONE', #8355 ) ;
#5570 = VECTOR ( 'NONE', #7488, 1000.000000000000000 ) ;
#5571 = ORIENTED_EDGE ( 'NONE', *, *, #7974, .T. ) ;
#5572 = CARTESIAN_POINT ( 'NONE',  ( -19.59168788729711608, -1.335124416351318732, -0.1000000000000000056 ) ) ;
#5573 = DIRECTION ( 'NONE',  ( -0.000000000000000000, -0.000000000000000000, 1.000000000000000000 ) ) ;
#5574 = UNCERTAINTY_MEASURE_WITH_UNIT (LENGTH_MEASURE( 1.000000000000000082E-05 ), #2747, 'distance_accuracy_value', 'NONE');
#5575 = EDGE_LOOP ( 'NONE', ( #7136, #1754, #7176, #2586 ) ) ;
#5576 = CARTESIAN_POINT ( 'NONE',  ( -19.66181958825609399, 2.922646890899428751, 2.710505431213761085E-17 ) ) ;
#5577 = CARTESIAN_POINT ( 'NONE',  ( -18.21164312074031955, 1.527246127566215916, 0.000000000000000000 ) ) ;
#5578 = LINE ( 'NONE', #6803, #458 ) ;
#5579 = CARTESIAN_POINT ( 'NONE',  ( -18.45409689431819089, 2.519149730073038995, 0.000000000000000000 ) ) ;
#5580 = CARTESIAN_POINT ( 'NONE',  ( -18.84937216084243872, 3.347416978438999102, -0.000000000000000000 ) ) ;
#5581 = CARTESIAN_POINT ( 'NONE',  ( -19.62225192208060420, -3.849696316186396849, -0.1000000000000000056 ) ) ;
#5582 = PRESENTATION_LAYER_ASSIGNMENT (  '', '', ( #663 ) ) ;
#5583 = CARTESIAN_POINT ( 'NONE',  ( -20.06088285102987356, 3.278195185078712548, 0.000000000000000000 ) ) ;
#5584 = CARTESIAN_POINT ( 'NONE',  ( -18.43088107687475130, -1.343610178042401682, -0.1000000000000000056 ) ) ;
#5585 = PRESENTATION_LAYER_ASSIGNMENT (  '', '', ( #5888 ) ) ;
#5586 = EDGE_CURVE ( 'NONE', #3108, #9060, #7913, .T. ) ;
#5587 = CARTESIAN_POINT ( 'NONE',  ( -18.87432158363005641, -1.222486006737192321, 0.000000000000000000 ) ) ;
#5588 = CARTESIAN_POINT ( 'NONE',  ( -19.23748243479320763, -1.750965883815785773, -0.1000000000000000056 ) ) ;
#5589 = CARTESIAN_POINT ( 'NONE',  ( -18.10687864759171362, -2.082745933532715199, -0.1000000000000000056 ) ) ;
#5590 = ORIENTED_EDGE ( 'NONE', *, *, #8870, .F. ) ;
#5591 = B_SPLINE_CURVE_WITH_KNOTS ( 'NONE', 3,
 ( #8493, #7885, #6554, #8687, #160, #5042, #8591, #4306, #2205, #5701, #7169 ),
 .UNSPECIFIED., .F., .F.,
 ( 4, 1, 1, 1, 1, 1, 1, 1, 4 ),
 ( 0.000000000000000000, 0.1167872151719618334, 0.2266061039830866153, 0.3341422761343995629, 0.4457647956411515122, 0.5647524418666525214, 0.6929115207512615005, 0.8375527009120964372, 1.000000000000000000 ),
 .UNSPECIFIED. ) ;
#5592 = PRESENTATION_STYLE_ASSIGNMENT (( #554 ) ) ;
#5593 = CARTESIAN_POINT ( 'NONE',  ( -18.53711564908542542, -1.183502085978232365, -0.1000000000000000056 ) ) ;
#5594 = CARTESIAN_POINT ( 'NONE',  ( -19.21125568209692247, 0.7010707410176596488, 0.000000000000000000 ) ) ;
#5595 = CYLINDRICAL_SURFACE ( 'NONE', #7891, 1.000000000000001776 ) ;
#5596 = CARTESIAN_POINT ( 'NONE',  ( -19.08171286345594808, 2.966615987833335133, -0.1000000000000000056 ) ) ;
#5597 = DIRECTION ( 'NONE',  ( 0.000000000000000000, -0.000000000000000000, 1.000000000000000000 ) ) ;
#5598 = CARTESIAN_POINT ( 'NONE',  ( -18.72097737010256324, -2.929949853497971102, -0.000000000000000000 ) ) ;
#5599 = VERTEX_POINT ( 'NONE', #346 ) ;
#5600 = PLANE ( 'NONE',  #5653 ) ;
#5601 = FACE_OUTER_BOUND ( 'NONE', #5230, .T. ) ;
#5602 = DIRECTION ( 'NONE',  ( 0.000000000000000000, -1.000000000000000000, 0.000000000000000000 ) ) ;
#5603 = CARTESIAN_POINT ( 'NONE',  ( -18.41507688977921475, 0.8310918744405112468, -0.1000000000000000056 ) ) ;
#5604 = CARTESIAN_POINT ( 'NONE',  ( 1.540000000000004032, -8.406000000000007688, -0.09999999999999982514 ) ) ;
#5605 = CARTESIAN_POINT ( 'NONE',  ( -18.94113435886800190, -1.396364754032753064, 1.355252715606880543E-17 ) ) ;
#5606 = CARTESIAN_POINT ( 'NONE',  ( -18.41452141949229571, 0.8460990735771011240, -0.1000000000000000056 ) ) ;
#5607 = ORIENTED_EDGE ( 'NONE', *, *, #7879, .T. ) ;
#5608 = DIRECTION ( 'NONE',  ( -0.000000000000000000, -0.000000000000000000, 1.000000000000000000 ) ) ;
#5609 =( NAMED_UNIT ( * ) PLANE_ANGLE_UNIT ( ) SI_UNIT ( $, .RADIAN. ) );
#5610 = DIRECTION ( 'NONE',  ( -0.000000000000000000, -0.000000000000000000, 1.000000000000000000 ) ) ;
#5611 = SURFACE_STYLE_USAGE ( .BOTH. , #6514 ) ;
#5612 = CARTESIAN_POINT ( 'NONE',  ( -18.71261376628584472, -3.791742540266432648, -0.1000000000000000056 ) ) ;
#5613 = ORIENTED_EDGE ( 'NONE', *, *, #550, .T. ) ;
#5614 = EDGE_CURVE ( 'NONE', #8243, #3314, #5025, .T. ) ;
#5615 = ORIENTED_EDGE ( 'NONE', *, *, #3514, .T. ) ;
#5616 = DIRECTION ( 'NONE',  ( 0.000000000000000000, -0.000000000000000000, -1.000000000000000000 ) ) ;
#5617 = CARTESIAN_POINT ( 'NONE',  ( -18.13875162517988571, 1.644597845504147449, -0.1000000000000000056 ) ) ;
#5618 = CARTESIAN_POINT ( 'NONE',  ( -18.34941839419621346, -4.156536443180423923, -0.1000000000000000056 ) ) ;
#5619 = DIRECTION ( 'NONE',  ( -0.000000000000000000, -0.000000000000000000, 1.000000000000000000 ) ) ;
#5620 = CARTESIAN_POINT ( 'NONE',  ( -18.05551227389380031, -3.476861419677735210, 0.000000000000000000 ) ) ;
#5621 = CARTESIAN_POINT ( 'NONE',  ( -19.12102701733996923, 0.8731431154950455298, 0.000000000000000000 ) ) ;
#5622 = CARTESIAN_POINT ( 'NONE',  ( -19.74838470625596187, 2.520578197943517118, -0.1000000000000000056 ) ) ;
#5623 = CARTESIAN_POINT ( 'NONE',  ( -19.38433374438880108, -3.102661616864247129, -0.1000000000000000056 ) ) ;
#5624 = CARTESIAN_POINT ( 'NONE',  ( -19.23693886894587735, -1.939080607096354436, 0.000000000000000000 ) ) ;
#5625 = ADVANCED_FACE ( 'NONE', ( #6889 ), #391, .T. ) ;
#5626 = FILL_AREA_STYLE ('',( #6386 ) ) ;
#5627 = FACE_OUTER_BOUND ( 'NONE', #8027, .T. ) ;
#5628 = CARTESIAN_POINT ( 'NONE',  ( -19.23693886894587735, -1.939080607096354436, -0.1000000000000000056 ) ) ;
#5629 = CARTESIAN_POINT ( 'NONE',  ( -18.44336311142743057, -3.216252043506112823, 0.000000000000000000 ) ) ;
#5630 = CARTESIAN_POINT ( 'NONE',  ( -19.21035654920517999, 0.7421552665478529098, -0.1000000000000000056 ) ) ;
#5631 = EDGE_LOOP ( 'NONE', ( #3346, #3238, #3936, #7985 ) ) ;
#5632 = DIRECTION ( 'NONE',  ( 0.000000000000000000, -1.000000000000000000, 0.000000000000000000 ) ) ;
#5633 = CARTESIAN_POINT ( 'NONE',  ( -19.73481591685363057, 2.148329389107063836, 0.000000000000000000 ) ) ;
#5634 = CARTESIAN_POINT ( 'NONE',  ( -20.09833500465420997, -0.8126322423152415597, 0.000000000000000000 ) ) ;
#5635 = CARTESIAN_POINT ( 'NONE',  ( -19.07962934949600964, 2.272962036132811559, 0.000000000000000000 ) ) ;
#5636 = CARTESIAN_POINT ( 'NONE',  ( -18.35043340456985206, 0.9947142086122785498, 0.000000000000000000 ) ) ;
#5637 = UNCERTAINTY_MEASURE_WITH_UNIT (LENGTH_MEASURE( 1.000000000000000082E-05 ), #1115, 'distance_accuracy_value', 'NONE');
#5638 = DIRECTION ( 'NONE',  ( -0.000000000000000000, -0.000000000000000000, 1.000000000000000000 ) ) ;
#5639 = CARTESIAN_POINT ( 'NONE',  ( -18.54592106956028275, -0.7402113266096524979, -0.1000000000000000056 ) ) ;
#5640 = CARTESIAN_POINT ( 'NONE',  ( -19.36286226323284154, 2.261558762429606073, -0.1000000000000000056 ) ) ;
#5641 = FACE_BOUND ( 'NONE', #6611, .T. ) ;
#5642 = VERTEX_POINT ( 'NONE', #2583 ) ;
#5643 = CARTESIAN_POINT ( 'NONE',  ( -1.000000000000000444, -8.406000000000007688, 3.000000000000000000 ) ) ;
#5644 = CARTESIAN_POINT ( 'NONE',  ( -19.04163038808605890, 2.970270162161372074, -0.1000000000000000056 ) ) ;
#5645 = CIRCLE ( 'NONE', #4589, 1.000000000000000444 ) ;
#5646 = ORIENTED_EDGE ( 'NONE', *, *, #6647, .F. ) ;
#5647 =( NAMED_UNIT ( * ) PLANE_ANGLE_UNIT ( ) SI_UNIT ( $, .RADIAN. ) );
#5648 = CARTESIAN_POINT ( 'NONE',  ( -19.76220112758461056, -2.754742640392168873, 0.000000000000000000 ) ) ;
#5649 = CARTESIAN_POINT ( 'NONE',  ( -20.50000000000000000, 0.000000000000000000, 3.000000000000000000 ) ) ;
#5650 = DIRECTION ( 'NONE',  ( 0.000000000000000000, 1.000000000000000000, 0.000000000000000000 ) ) ;
#5651 = CARTESIAN_POINT ( 'NONE',  ( -19.00921187359339726, 2.631677728010221262, 0.000000000000000000 ) ) ;
#5652 = VERTEX_POINT ( 'NONE', #6139 ) ;
#5653 = AXIS2_PLACEMENT_3D ( 'NONE', #9143, #7208, #798 ) ;
#5654 = FILL_AREA_STYLE_COLOUR ( '', #4064 ) ;
#5655 = DIRECTION ( 'NONE',  ( 1.000000000000000000, -1.734723475976806848E-16, 0.000000000000000000 ) ) ;
#5656 = CARTESIAN_POINT ( 'NONE',  ( -19.77003449483759212, -3.280393464545779736, -0.1000000000000000056 ) ) ;
#5657 = CARTESIAN_POINT ( 'NONE',  ( -20.08665296628051777, 3.793324916837998551, -0.1000000000000000056 ) ) ;
#5658 = CARTESIAN_POINT ( 'NONE',  ( -18.73098022016369413, -3.767342767871441733, 0.000000000000000000 ) ) ;
#5659 =( GEOMETRIC_REPRESENTATION_CONTEXT ( 3 ) GLOBAL_UNCERTAINTY_ASSIGNED_CONTEXT ( ( #5260 ) ) GLOBAL_UNIT_ASSIGNED_CONTEXT ( ( #6765, #8182, #3442 ) ) REPRESENTATION_CONTEXT ( 'NONE', 'WORKASPACE' ) );
#5660 = EDGE_CURVE ( 'NONE', #9079, #7279, #4140, .T. ) ;
#5661 = ORIENTED_EDGE ( 'NONE', *, *, #4425, .F. ) ;
#5662 = ORIENTED_EDGE ( 'NONE', *, *, #7166, .T. ) ;
#5663 = CARTESIAN_POINT ( 'NONE',  ( 22.50000000000000000, -10.44500000000000028, 3.000000000000000000 ) ) ;
#5664 = CARTESIAN_POINT ( 'NONE',  ( -18.09894620495635209, -3.160799164391408844, -0.1000000000000000056 ) ) ;
#5665 = UNCERTAINTY_MEASURE_WITH_UNIT (LENGTH_MEASURE( 1.000000000000000082E-05 ), #2247, 'distance_accuracy_value', 'NONE');
#5666 = DIRECTION ( 'NONE',  ( 1.000000000000000000, 0.000000000000000000, 0.000000000000000000 ) ) ;
#5667 = DIRECTION ( 'NONE',  ( -1.000000000000000000, 0.000000000000000000, 0.000000000000000000 ) ) ;
#5668 = CIRCLE ( 'NONE', #3301, 1.000000000000000888 ) ;
#5669 = CARTESIAN_POINT ( 'NONE',  ( -20.10883212552637644, 1.891751037895749832, 0.000000000000000000 ) ) ;
#5670 = PLANE ( 'NONE',  #316 ) ;
#5671 = STYLED_ITEM ( 'NONE', ( #1529 ), #6240 ) ;
#5672 = EDGE_CURVE ( 'NONE', #2350, #3554, #1939, .T. ) ;
#5673 = CARTESIAN_POINT ( 'NONE',  ( -18.18138838206747465, 2.290787593607816586, -0.1000000000000000056 ) ) ;
#5674 = CARTESIAN_POINT ( 'NONE',  ( -18.74895831881567076, 3.686339912414548614, 0.000000000000000000 ) ) ;
#5675 = CARTESIAN_POINT ( 'NONE',  ( -19.99267185805429747, 1.570639979065268532, 0.000000000000000000 ) ) ;
#5676 = AXIS2_PLACEMENT_3D ( 'NONE', #2267, #3024, #5667 ) ;
#5677 = FILL_AREA_STYLE ('',( #2834 ) ) ;
#5678 = SURFACE_SIDE_STYLE ('',( #2836 ) ) ;
#5679 = CARTESIAN_POINT ( 'NONE',  ( -18.40785395798816282, 2.098402936243645378, -0.1000000000000000056 ) ) ;
#5680 = DIRECTION ( 'NONE',  ( -0.000000000000000000, 0.000000000000000000, 1.000000000000000000 ) ) ;
#5681 = B_SPLINE_SURFACE_WITH_KNOTS ( 'NONE', 3, 1, ( 
 ( #2159, #8589 ),
 ( #5791, #7071 ),
 ( #7167, #7792 ),
 ( #4257, #2862 ),
 ( #1406, #7119 ),
 ( #157, #3611 ),
 ( #9194, #2299 ),
 ( #3010, #3518 ),
 ( #1452, #2808 ),
 ( #2203, #5699 ),
 ( #711, #69 ) ),
 .UNSPECIFIED., .F., .F., .F.,
 ( 4, 1, 1, 1, 1, 1, 1, 1, 4 ),
 ( 2, 2 ),
 ( 0.000000000000000000, 0.1515349140366612501, 0.2951833311682299232, 0.4316645165703371645, 0.5605629551313724424, 0.6814775220066758843, 0.7952699730428639535, 0.9010484770174718161, 1.000000000000000000 ),
 ( 0.000000000000000000, 1.000000000000000000 ),
 .UNSPECIFIED. ) ;
#5682 = STYLED_ITEM ( 'NONE', ( #3275 ), #2642 ) ;
#5683 =( NAMED_UNIT ( * ) SI_UNIT ( $, .STERADIAN. ) SOLID_ANGLE_UNIT ( ) );
#5684 = CARTESIAN_POINT ( 'NONE',  ( -20.10492075302139270, 2.030337975801288497, -0.1000000000000000056 ) ) ;
#5685 = ORIENTED_EDGE ( 'NONE', *, *, #311, .F. ) ;
#5686 = LINE ( 'NONE', #8525, #6114 ) ;
#5687 = CARTESIAN_POINT ( 'NONE',  ( -18.25847886361972527, 2.384369889762649741, -0.1000000000000000056 ) ) ;
#5688 = CARTESIAN_POINT ( 'NONE',  ( -20.07724859382345173, -0.04289354505377143689, 0.000000000000000000 ) ) ;
#5689 = SURFACE_STYLE_USAGE ( .BOTH. , #602 ) ;
#5690 = CARTESIAN_POINT ( 'NONE',  ( -19.22987457369818998, 3.124456411348942808, -0.1000000000000000056 ) ) ;
#5691 = B_SPLINE_CURVE_WITH_KNOTS ( 'NONE', 3,
 ( #1504, #4999, #2960, #6409, #4304, #8638, #4358, #7213, #1549, #3652, #6510 ),
 .UNSPECIFIED., .F., .F.,
 ( 4, 1, 1, 1, 1, 1, 1, 1, 4 ),
 ( 0.000000000000000000, 0.1310432858292828184, 0.2602794438147880141, 0.3915179713767431569, 0.5246504431444306560, 0.6543480556673345605, 0.7755705844254063841, 0.8901494005975469914, 1.000000000000000000 ),
 .UNSPECIFIED. ) ;
#5692 = CARTESIAN_POINT ( 'NONE',  ( -18.24303303494919248, -0.9159646545115908145, 0.000000000000000000 ) ) ;
#5693 = FACE_OUTER_BOUND ( 'NONE', #2953, .T. ) ;
#5694 = FILL_AREA_STYLE ('',( #6306 ) ) ;
#5695 = ORIENTED_EDGE ( 'NONE', *, *, #20, .T. ) ;
#5696 = CARTESIAN_POINT ( 'NONE',  ( -19.49336146244487011, 3.940778382853146411, 0.000000000000000000 ) ) ;
#5697 = CARTESIAN_POINT ( 'NONE',  ( -19.05990683459227597, 2.967007081926710921, -0.1000000000000000056 ) ) ;
#5698 = CARTESIAN_POINT ( 'NONE',  ( -19.64352926209400607, -2.706555749100298947, 0.000000000000000000 ) ) ;
#5699 = CARTESIAN_POINT ( 'NONE',  ( -18.50714439442518255, 1.324648708584006185, 0.000000000000000000 ) ) ;
#5700 = CARTESIAN_POINT ( 'NONE',  ( -18.89763503771467157, -1.257536317682812266, 1.355252715606880543E-17 ) ) ;
#5701 = CARTESIAN_POINT ( 'NONE',  ( -18.41451385965707033, 4.067468614868783305, -0.000000000000000000 ) ) ;
#5702 = ORIENTED_EDGE ( 'NONE', *, *, #880, .T. ) ;
#5703 = ADVANCED_FACE ( 'NONE', ( #1976 ), #22, .T. ) ;
#5704 = CARTESIAN_POINT ( 'NONE',  ( -19.00282184261597607, 1.605950237879600895, 0.000000000000000000 ) ) ;
#5705 = COLOUR_RGB ( '',0.8666666666666666963, 0.9098039215686274384, 1.000000000000000000 ) ;
#5706 = CARTESIAN_POINT ( 'NONE',  ( -19.67605165122133215, -3.133564029980504984, -0.1000000000000000056 ) ) ;
#5707 = B_SPLINE_CURVE_WITH_KNOTS ( 'NONE', 3,
 ( #9213, #5580, #2935, #8563, #92, #2830, #7231, #2787, #4923, #7092, #5674 ),
 .UNSPECIFIED., .F., .F.,
 ( 4, 1, 1, 1, 1, 1, 1, 1, 4 ),
 ( 0.000000000000000000, 0.1445038918250242665, 0.2817994906783469755, 0.4136731472091026984, 0.5401592023144619059, 0.6610650352905746985, 0.7776803969070553713, 0.8908311600299231303, 1.000000000000000000 ),
 .UNSPECIFIED. ) ;
#5708 = CARTESIAN_POINT ( 'NONE',  ( -18.56957731066747641, -3.865319620768230102, -0.1000000000000000056 ) ) ;
#5709 = VERTEX_POINT ( 'NONE', #8212 ) ;
#5710 = ORIENTED_EDGE ( 'NONE', *, *, #3124, .T. ) ;
#5711 = CARTESIAN_POINT ( 'NONE',  ( -18.06551967892372090, -3.307472283703196680, -0.1000000000000000056 ) ) ;
#5712 = CARTESIAN_POINT ( 'NONE',  ( -18.42645705524041944, -1.371717154495803559, 0.000000000000000000 ) ) ;
#5713 = LINE ( 'NONE', #8555, #308 ) ;
#5714 = CARTESIAN_POINT ( 'NONE',  ( -19.99267185805429747, 1.570639979065268532, -0.1000000000000000056 ) ) ;
#5715 = ORIENTED_EDGE ( 'NONE', *, *, #6868, .T. ) ;
#5716 = ADVANCED_FACE ( 'NONE', ( #6979 ), #8340, .T. ) ;
#5717 = CARTESIAN_POINT ( 'NONE',  ( -18.29503355311960178, 4.246363793808039411, -0.1000000000000000056 ) ) ;
#5718 = CARTESIAN_POINT ( 'NONE',  ( -19.46808755058650675, 3.074357725779213624, -0.1000000000000000056 ) ) ;
#5719 = DIRECTION ( 'NONE',  ( 0.000000000000000000, 0.000000000000000000, 1.000000000000000000 ) ) ;
#5720 = COLOUR_RGB ( '',0.7764705882352941346, 0.7568627450980391913, 0.7372549019607843590 ) ;
#5721 = CARTESIAN_POINT ( 'NONE',  ( -19.00921187359339726, 2.631677728010221262, -0.1000000000000000056 ) ) ;
#5722 = SURFACE_STYLE_FILL_AREA ( #2888 ) ;
#5723 = VERTEX_POINT ( 'NONE', #7845 ) ;
#5724 = CARTESIAN_POINT ( 'NONE',  ( -19.66592834928238531, 1.323888022104898310, -0.1000000000000000056 ) ) ;
#5725 = AXIS2_PLACEMENT_3D ( 'NONE', #2246, #5784, #8584 ) ;
#5726 = CARTESIAN_POINT ( 'NONE',  ( -19.35140707272520899, -3.130916015438224509, -0.1000000000000000056 ) ) ;
#5727 = CARTESIAN_POINT ( 'NONE',  ( -19.51415490052533031, -3.904497014184474590, -0.000000000000000000 ) ) ;
#5728 = CARTESIAN_POINT ( 'NONE',  ( -18.48722613367854350, -3.180663144966631162, 0.000000000000000000 ) ) ;
#5729 = ORIENTED_EDGE ( 'NONE', *, *, #2264, .T. ) ;
#5730 = CARTESIAN_POINT ( 'NONE',  ( -19.97072604525638440, -2.313122176599783586, -0.1000000000000000056 ) ) ;
#5731 = CARTESIAN_POINT ( 'NONE',  ( -18.15079074394696690, 2.238690582538178653, -0.1000000000000000056 ) ) ;
#5732 = VECTOR ( 'NONE', #8596, 1000.000000000000000 ) ;
#5733 = CARTESIAN_POINT ( 'NONE',  ( -18.90239379365844030, -4.134429430201347344, 0.000000000000000000 ) ) ;
#5734 = VECTOR ( 'NONE', #1648, 1000.000000000000000 ) ;
#5735 = CARTESIAN_POINT ( 'NONE',  ( -18.54796887569405328, -2.768793298291877480, 0.000000000000000000 ) ) ;
#5736 = CARTESIAN_POINT ( 'NONE',  ( -19.65648994907517277, -3.827441160106387130, 0.000000000000000000 ) ) ;
#5737 = UNCERTAINTY_MEASURE_WITH_UNIT (LENGTH_MEASURE( 1.000000000000000082E-05 ), #3436, 'distance_accuracy_value', 'NONE');
#5738 = STYLED_ITEM ( 'NONE', ( #8019 ), #515 ) ;
#5739 = CARTESIAN_POINT ( 'NONE',  ( -18.69007243453957656, -2.843185233033041825, 0.000000000000000000 ) ) ;
#5740 = ORIENTED_EDGE ( 'NONE', *, *, #1715, .T. ) ;
#5741 = FACE_OUTER_BOUND ( 'NONE', #8816, .T. ) ;
#5742 = CARTESIAN_POINT ( 'NONE',  ( -18.33827297894534070, -3.493040833765310715, 0.000000000000000000 ) ) ;
#5743 = CARTESIAN_POINT ( 'NONE',  ( -19.06879091929940273, 2.966247304095039450, 0.000000000000000000 ) ) ;
#5744 = ORIENTED_EDGE ( 'NONE', *, *, #606, .T. ) ;
#5745 = CARTESIAN_POINT ( 'NONE',  ( -18.75181625652377448, -3.730051611565518233, -0.1000000000000000056 ) ) ;
#5746 = CARTESIAN_POINT ( 'NONE',  ( -19.59931258339290139, 3.243706239064532149, -0.1000000000000000056 ) ) ;
#5747 = CARTESIAN_POINT ( 'NONE',  ( -19.89495583477100737, -0.7081227090925910073, -0.1000000000000000056 ) ) ;
#5748 = CARTESIAN_POINT ( 'NONE',  ( -18.91564229619935134, 2.626780270814437213, 0.000000000000000000 ) ) ;
#5749 = CARTESIAN_POINT ( 'NONE',  ( -19.20390658096726710, 3.042885245656838933, 0.000000000000000000 ) ) ;
#5750 = CARTESIAN_POINT ( 'NONE',  ( -18.64428171877704798, 1.644595282361704047, -0.1000000000000000056 ) ) ;
#5751 = CARTESIAN_POINT ( 'NONE',  ( -19.65173472936560728, -3.113808264679263083, -0.1000000000000000056 ) ) ;
#5752 = CARTESIAN_POINT ( 'NONE',  ( -19.79603119273520662, 4.195027439115881940, -0.1000000000000000056 ) ) ;
#5753 = CARTESIAN_POINT ( 'NONE',  ( 4.080000000000003624, -8.406000000000005912, 3.100000000000000089 ) ) ;
#5754 = ORIENTED_EDGE ( 'NONE', *, *, #72, .F. ) ;
#5755 = EDGE_CURVE ( 'NONE', #8301, #7464, #6265, .T. ) ;
#5756 = ORIENTED_EDGE ( 'NONE', *, *, #8082, .T. ) ;
#5757 = CARTESIAN_POINT ( 'NONE',  ( 3.540000000000004921, -8.406000000000007688, -0.09999999999999982514 ) ) ;
#5758 = CARTESIAN_POINT ( 'NONE',  ( -18.37554480146947000, -2.808851006133118666, -0.1000000000000000056 ) ) ;
#5759 = CARTESIAN_POINT ( 'NONE',  ( -18.60689819155737368, -4.224884236653647207, -0.1000000000000000056 ) ) ;
#5760 = CARTESIAN_POINT ( 'NONE',  ( -18.11792118791563766, -1.216426565857709807, -0.1000000000000000056 ) ) ;
#5761 = CARTESIAN_POINT ( 'NONE',  ( -19.92106255841281026, 0.03706322154890511616, -0.1000000000000000056 ) ) ;
#5762 = ORIENTED_EDGE ( 'NONE', *, *, #3302, .F. ) ;
#5763 = CARTESIAN_POINT ( 'NONE',  ( -19.05795916059220474, 0.8836621475219729183, -0.1000000000000000056 ) ) ;
#5764 = B_SPLINE_SURFACE_WITH_KNOTS ( 'NONE', 3, 1, ( 
 ( #991, #1598 ),
 ( #2394, #4440 ),
 ( #7309, #3748 ),
 ( #5236, #6608 ),
 ( #5990, #1690 ),
 ( #6694, #3834 ),
 ( #5279, #292 ),
 ( #3148, #4017 ),
 ( #4801, #1964 ),
 ( #4752, #8288 ),
 ( #8911, #7608 ),
 ( #563, #8200 ),
 ( #9045, #5503 ) ),
 .UNSPECIFIED., .F., .F., .F.,
 ( 4, 1, 1, 1, 1, 1, 1, 1, 1, 1, 4 ),
 ( 2, 2 ),
 ( 0.000000000000000000, 0.1421053962225759804, 0.2953117760055939400, 0.3768369013572741566, 0.4575895033594541972, 0.5411397773640043152, 0.6266672613025775496, 0.7147343468961885327, 0.8048766421783346559, 0.9001682164234507955, 1.000000000000000000 ),
 ( 0.000000000000000000, 1.000000000000000000 ),
 .UNSPECIFIED. ) ;
#5765 = FILL_AREA_STYLE_COLOUR ( '', #5409 ) ;
#5766 = CARTESIAN_POINT ( 'NONE',  ( -19.15507937647404901, 1.245840525782203390, 0.000000000000000000 ) ) ;
#5767 = CARTESIAN_POINT ( 'NONE',  ( -19.66592834928238531, 1.323888022104898310, 0.000000000000000000 ) ) ;
#5768 = CARTESIAN_POINT ( 'NONE',  ( -18.43909054483114218, 1.352298849749846044, 0.000000000000000000 ) ) ;
#5769 = DIRECTION ( 'NONE',  ( -1.000000000000000000, 0.000000000000000000, 0.000000000000000000 ) ) ;
#5770 = CARTESIAN_POINT ( 'NONE',  ( -18.48859093015320454, 2.173999165827406710, -0.1000000000000000056 ) ) ;
#5771 = CARTESIAN_POINT ( 'NONE',  ( -19.74018339094939378, -3.737971347425340429, 0.000000000000000000 ) ) ;
#5772 = PRESENTATION_STYLE_ASSIGNMENT (( #4194 ) ) ;
#5773 = EDGE_CURVE ( 'NONE', #4714, #4302, #5568, .T. ) ;
#5774 = CARTESIAN_POINT ( 'NONE',  ( -18.11507178873201696, 4.132191378395137171, -0.1000000000000000056 ) ) ;
#5775 = CARTESIAN_POINT ( 'NONE',  ( -18.48984084254921356, -4.213216925003779423, 0.000000000000000000 ) ) ;
#5776 = EDGE_CURVE ( 'NONE', #1791, #2125, #9085, .T. ) ;
#5777 = CARTESIAN_POINT ( 'NONE',  ( -19.15954104157178151, 3.290663783758865701, -0.1000000000000000056 ) ) ;
#5778 = CARTESIAN_POINT ( 'NONE',  ( -18.76370803080246219, 3.559663657968059614, 0.000000000000000000 ) ) ;
#5779 = DIRECTION ( 'NONE',  ( -0.000000000000000000, -0.000000000000000000, -1.000000000000000000 ) ) ;
#5780 = CARTESIAN_POINT ( 'NONE',  ( -18.49552363815251255, -0.7525811951312546544, -0.1000000000000000056 ) ) ;
#5781 = CARTESIAN_POINT ( 'NONE',  ( -19.82307650284646883, 1.999320288065234985, -0.1000000000000000056 ) ) ;
#5782 = CARTESIAN_POINT ( 'NONE',  ( -20.10502105058991873, -0.8370844220484419118, -0.1000000000000000056 ) ) ;
#5783 = VERTEX_POINT ( 'NONE', #8501 ) ;
#5784 = DIRECTION ( 'NONE',  ( -0.000000000000000000, 0.000000000000000000, -1.000000000000000000 ) ) ;
#5785 = CARTESIAN_POINT ( 'NONE',  ( -18.75545100009142985, 3.602771565623958061, -0.1000000000000000056 ) ) ;
#5786 = CARTESIAN_POINT ( 'NONE',  ( -19.46519691712790134, -1.414237897272477396, 0.000000000000000000 ) ) ;
#5787 = AXIS2_PLACEMENT_3D ( 'NONE', #5161, #4455, #7322 ) ;
#5788 = ORIENTED_EDGE ( 'NONE', *, *, #975, .F. ) ;
#5789 = CARTESIAN_POINT ( 'NONE',  ( -19.81660243018259493, 1.851871006815907883, -0.1000000000000000056 ) ) ;
#5790 = CARTESIAN_POINT ( 'NONE',  ( -18.62486816906040588, -3.857681525247253163, -0.1000000000000000056 ) ) ;
#5791 = CARTESIAN_POINT ( 'NONE',  ( -19.09647887652715426, 1.245811420454381979, -0.1000000000000000056 ) ) ;
#5792 = CARTESIAN_POINT ( 'NONE',  ( -18.54592106956028275, -0.7402113266096524979, -0.1000000000000000056 ) ) ;
#5793 = CIRCLE ( 'NONE', #1617, 1.000000000000001776 ) ;
#5794 = CARTESIAN_POINT ( 'NONE',  ( -18.10687864759171362, -1.442271461486816619, 0.000000000000000000 ) ) ;
#5795 = AXIS2_PLACEMENT_3D ( 'NONE', #6669, #1850, #3851 ) ;
#5796 = CARTESIAN_POINT ( 'NONE',  ( -19.80178666477020499, -3.468289638673932362, 0.000000000000000000 ) ) ;
#5797 = FILL_AREA_STYLE_COLOUR ( '', #1497 ) ;
#5798 = ORIENTED_EDGE ( 'NONE', *, *, #7347, .F. ) ;
#5799 = ORIENTED_EDGE ( 'NONE', *, *, #541, .T. ) ;
#5800 = CARTESIAN_POINT ( 'NONE',  ( -19.64206718951841779, 1.675095787269231362, 0.000000000000000000 ) ) ;
#5801 = CARTESIAN_POINT ( 'NONE',  ( -19.46857820814159723, 3.063730026411961571, -0.1000000000000000056 ) ) ;
#5802 = CARTESIAN_POINT ( 'NONE',  ( -18.13709547729266092, -2.234173001584935481, -0.1000000000000000056 ) ) ;
#5803 = CARTESIAN_POINT ( 'NONE',  ( -19.51223052798315294, -3.069140828450521497, -0.1000000000000000056 ) ) ;
#5804 = B_SPLINE_CURVE_WITH_KNOTS ( 'NONE', 3,
 ( #6269, #2769, #4216, #1267, #4760, #9196, #1222, #4024, #5512, #5606, #7072 ),
 .UNSPECIFIED., .F., .F.,
 ( 4, 1, 1, 1, 1, 1, 1, 1, 4 ),
 ( 0.000000000000000000, 0.1205231893822574368, 0.2336169200679117930, 0.3418387066134612184, 0.4525090865988544153, 0.5689143779988100613, 0.6960237924780650065, 0.8376254091569507176, 1.000000000000000000 ),
 .UNSPECIFIED. ) ;
#5805 = CARTESIAN_POINT ( 'NONE',  ( -19.92808777079787674, 1.493560555473286700, 0.000000000000000000 ) ) ;
#5806 =( LENGTH_UNIT ( ) NAMED_UNIT ( * ) SI_UNIT ( .MILLI., .METRE. ) );
#5807 = EDGE_CURVE ( 'NONE', #3649, #6279, #2116, .T. ) ;
#5808 = LINE ( 'NONE', #5859, #2301 ) ;
#5809 = CARTESIAN_POINT ( 'NONE',  ( -20.09437791311219001, -3.685161229122946747, 0.000000000000000000 ) ) ;
#5810 = CARTESIAN_POINT ( 'NONE',  ( -18.49427432063071208, 2.537752753388470062, -0.1000000000000000056 ) ) ;
#5811 = ORIENTED_EDGE ( 'NONE', *, *, #2196, .F. ) ;
#5812 =( NAMED_UNIT ( * ) SI_UNIT ( $, .STERADIAN. ) SOLID_ANGLE_UNIT ( ) );
#5813 = STYLED_ITEM ( 'NONE', ( #4735 ), #3345 ) ;
#5814 = CARTESIAN_POINT ( 'NONE',  ( -5.080000000000000071, -8.406000000000007688, 3.100000000000000089 ) ) ;
#5815 = CARTESIAN_POINT ( 'NONE',  ( -18.76315711130473574, 2.256178964079694538, -0.1000000000000000056 ) ) ;
#5816 = CARTESIAN_POINT ( 'NONE',  ( -19.09647887652715426, 1.245811420454381979, -0.000000000000000000 ) ) ;
#5817 = DIRECTION ( 'NONE',  ( -0.9852117548196744901, -0.1713411747512474659, 0.000000000000000000 ) ) ;
#5818 = ADVANCED_FACE ( 'NONE', ( #5047 ), #7263, .F. ) ;
#5819 = VECTOR ( 'NONE', #2362, 1000.000000000000000 ) ;
#5820 = CARTESIAN_POINT ( 'NONE',  ( -19.97072604525638440, -2.313122176599783586, 0.000000000000000000 ) ) ;
#5821 = FACE_BOUND ( 'NONE', #2403, .T. ) ;
#5822 = CARTESIAN_POINT ( 'NONE',  ( -18.60537973941753975, -3.114352948643992924, -0.1000000000000000056 ) ) ;
#5823 = STYLED_ITEM ( 'NONE', ( #7445 ), #6519 ) ;
#5824 = CARTESIAN_POINT ( 'NONE',  ( -18.72097737010256324, -2.929949853497971102, 0.000000000000000000 ) ) ;
#5825 = UNCERTAINTY_MEASURE_WITH_UNIT (LENGTH_MEASURE( 1.000000000000000082E-05 ), #403, 'distance_accuracy_value', 'NONE');
#5826 = FILL_AREA_STYLE_COLOUR ( '', #6885 ) ;
#5827 = PRESENTATION_LAYER_ASSIGNMENT (  '', '', ( #6282 ) ) ;
#5828 = SURFACE_STYLE_FILL_AREA ( #5221 ) ;
#5829 = SURFACE_SIDE_STYLE ('',( #5877 ) ) ;
#5830 = CARTESIAN_POINT ( 'NONE',  ( -19.80716850779046467, 2.053975455358346469, -0.1000000000000000056 ) ) ;
#5831 =( NAMED_UNIT ( * ) PLANE_ANGLE_UNIT ( ) SI_UNIT ( $, .RADIAN. ) );
#5832 = ORIENTED_EDGE ( 'NONE', *, *, #9064, .T. ) ;
#5833 = LINE ( 'NONE', #4431, #4526 ) ;
#5834 = CARTESIAN_POINT ( 'NONE',  ( -18.74895831881567076, 3.686339912414548614, -0.1000000000000000056 ) ) ;
#5835 = VERTEX_POINT ( 'NONE', #1600 ) ;
#5836 = CARTESIAN_POINT ( 'NONE',  ( -19.69827873016739161, 1.704165433323016954, -0.1000000000000000056 ) ) ;
#5837 = CARTESIAN_POINT ( 'NONE',  ( -20.10540034009007115, -3.359565321765539903, -0.1000000000000000056 ) ) ;
#5838 = B_SPLINE_SURFACE_WITH_KNOTS ( 'NONE', 3, 1, ( 
 ( #9193, #2202 ),
 ( #7929, #4256 ),
 ( #2766, #2913 ),
 ( #7747, #761 ),
 ( #4397, #4998 ),
 ( #7838, #5698 ),
 ( #1357, #3517 ),
 ( #7255, #6361 ),
 ( #6312, #5648 ),
 ( #5039, #3610 ),
 ( #6458, #8490 ),
 ( #2108, #1405 ),
 ( #7881, #1503 ),
 ( #8537, #7118 ),
 ( #68, #8766 ),
 ( #6646, #330 ),
 ( #2340, #3191 ),
 ( #5985, #936 ),
 ( #7350, #849 ),
 ( #7390, #7429 ),
 ( #2298, #1636 ),
 ( #1779, #4435 ),
 ( #286, #3784 ),
 ( #5837, #7979 ),
 ( #3141, #1028 ),
 ( #2388, #3829 ),
 ( #3876, #4562 ) ),
 .UNSPECIFIED., .F., .F., .F.,
 ( 4, 1, 1, 1, 1, 1, 1, 1, 1, 1, 1, 1, 1, 1, 1, 1, 1, 1, 1, 1, 1, 1, 1, 1, 4 ),
 ( 2, 2 ),
 ( 0.000000000000000000, 0.03954210681344171030, 0.07820219236775849403, 0.1161470572547766700, 0.1535530712087758431, 0.1907114202332718944, 0.2277279744460519451, 0.2651078234837029313, 0.3025922226048526897, 0.3405241931359190288, 0.3780477234368809780, 0.4161421649315614757, 0.4547690203548311882, 0.4939382266719140047, 0.5339965628090455052, 0.5752046428828238023, 0.6177445243678719722, 0.6613239180574975729, 0.7057853923806577390, 0.7512760747587184929, 0.7981973511255984199, 0.8460311338199594244, 0.8956568541560698815, 0.9471832004610982736, 1.000000000000000000 ),
 ( 0.000000000000000000, 1.000000000000000000 ),
 .UNSPECIFIED. ) ;
#5839 = FILL_AREA_STYLE_COLOUR ( '', #7471 ) ;
#5840 = LINE ( 'NONE', #4437, #167 ) ;
#5841 = CARTESIAN_POINT ( 'NONE',  ( -19.07346962343978802, 2.632238338379849996, 0.000000000000000000 ) ) ;
#5842 = CARTESIAN_POINT ( 'NONE',  ( -19.21928033641843214, 3.071936179904772857, 0.000000000000000000 ) ) ;
#5843 = CARTESIAN_POINT ( 'NONE',  ( -18.05696646916399928, -3.390120074878027356, 0.000000000000000000 ) ) ;
#5844 = CARTESIAN_POINT ( 'NONE',  ( 2.540000000000004476, -8.406000000000007688, 3.100000000000000089 ) ) ;
#5845 =( NAMED_UNIT ( * ) PLANE_ANGLE_UNIT ( ) SI_UNIT ( $, .RADIAN. ) );
#5846 = SURFACE_STYLE_USAGE ( .BOTH. , #8646 ) ;
#5847 = VERTEX_POINT ( 'NONE', #5893 ) ;
#5848 = ORIENTED_EDGE ( 'NONE', *, *, #8609, .T. ) ;
#5849 = EDGE_CURVE ( 'NONE', #6907, #7607, #363, .T. ) ;
#5850 = CARTESIAN_POINT ( 'NONE',  ( 3.000000000000004441, 6.594999999999998863, 5.700000000000000178 ) ) ;
#5851 = CARTESIAN_POINT ( 'NONE',  ( -18.24188352006471803, -2.311937017675746553, -0.1000000000000000056 ) ) ;
#5852 = CARTESIAN_POINT ( 'NONE',  ( -20.10937329148706354, -2.145409775562556298, -0.1000000000000000056 ) ) ;
#5853 = ORIENTED_EDGE ( 'NONE', *, *, #7211, .F. ) ;
#5854 = CARTESIAN_POINT ( 'NONE',  ( -19.92808777079787674, 1.493560555473286700, -0.1000000000000000056 ) ) ;
#5855 = ORIENTED_EDGE ( 'NONE', *, *, #7880, .T. ) ;
#5856 = B_SPLINE_CURVE_WITH_KNOTS ( 'NONE', 3,
 ( #3606, #2760, #3468, #65, #7836, #4994, #2855, #3513, #4352, #5036, #6356, #7742, #5696, #8585, #7877 ),
 .UNSPECIFIED., .F., .F.,
 ( 4, 1, 1, 1, 1, 1, 1, 1, 1, 1, 1, 1, 4 ),
 ( 0.000000000000000000, 0.08329523261948054702, 0.1630125021293042653, 0.2400784912554178863, 0.3178192775489999122, 0.3953020862036547567, 0.4736979834877986240, 0.5533114437544017772, 0.6368284668760511025, 0.7230836364221956414, 0.8115706418036813252, 0.9035666097103087768, 1.000000000000000000 ),
 .UNSPECIFIED. ) ;
#5857 = DIRECTION ( 'NONE',  ( 1.000000000000000000, 0.000000000000000000, 0.000000000000000000 ) ) ;
#5858 = CARTESIAN_POINT ( 'NONE',  ( -18.59787795294857915, -3.864314462756790913, 0.000000000000000000 ) ) ;
#5859 = CARTESIAN_POINT ( 'NONE',  ( -19.86697954633439167, -0.3467230224609372247, -0.1000000000000000056 ) ) ;
#5860 = B_SPLINE_CURVE_WITH_KNOTS ( 'NONE', 3,
 ( #2676, #7031, #4673, #4817, #1975, #1273, #626, #8211, #1846, #1317, #2535 ),
 .UNSPECIFIED., .F., .F.,
 ( 4, 1, 1, 1, 1, 1, 1, 1, 4 ),
 ( 0.000000000000000000, 0.1169912366922745278, 0.2272028356408349048, 0.3351889169562188298, 0.4467835482919838008, 0.5650013104486442117, 0.6927251599433743579, 0.8363621727257571914, 1.000000000000000000 ),
 .UNSPECIFIED. ) ;
#5861 = CARTESIAN_POINT ( 'NONE',  ( -19.27152765663569411, -2.712285910255560317, 0.000000000000000000 ) ) ;
#5862 = CARTESIAN_POINT ( 'NONE',  ( -19.77026629585628115, 2.509327615102131315, -0.1000000000000000056 ) ) ;
#5863 = EDGE_LOOP ( 'NONE', ( #1464, #6680, #6204, #6145 ) ) ;
#5864 = COLOUR_RGB ( '',0.8666666666666666963, 0.9098039215686274384, 1.000000000000000000 ) ;
#5865 = ORIENTED_EDGE ( 'NONE', *, *, #7355, .F. ) ;
#5866 = CARTESIAN_POINT ( 'NONE',  ( -18.09486671718724438, 1.779084946726448235, 0.000000000000000000 ) ) ;
#5867 = FILL_AREA_STYLE ('',( #3035 ) ) ;
#5868 = CIRCLE ( 'NONE', #8837, 1.000000000000001776 ) ;
#5869 = CARTESIAN_POINT ( 'NONE',  ( -19.54902683155491872, 3.932535090481665385, 0.000000000000000000 ) ) ;
#5870 = CARTESIAN_POINT ( 'NONE',  ( -18.54796887569405328, -2.768793298291877480, -0.1000000000000000056 ) ) ;
#5871 = FACE_BOUND ( 'NONE', #1320, .T. ) ;
#5872 = FILL_AREA_STYLE ('',( #4983 ) ) ;
#5873 = COLOUR_RGB ( '',1.000000000000000000, 0.9607843137254902244, 0.8901960784313724950 ) ;
#5874 = ADVANCED_FACE ( 'NONE', ( #4365 ), #3959, .T. ) ;
#5875 = FACE_BOUND ( 'NONE', #2873, .T. ) ;
#5876 = CARTESIAN_POINT ( 'NONE',  ( -18.39390547588036284, 1.375770782983968488, -0.1000000000000000056 ) ) ;
#5877 = SURFACE_STYLE_FILL_AREA ( #8713 ) ;
#5878 = ORIENTED_EDGE ( 'NONE', *, *, #5324, .F. ) ;
#5879 = CARTESIAN_POINT ( 'NONE',  ( -18.10827426211069735, 3.280947767689575745, -0.1000000000000000056 ) ) ;
#5880 = ORIENTED_EDGE ( 'NONE', *, *, #2680, .T. ) ;
#5881 = CARTESIAN_POINT ( 'NONE',  ( -18.72166993278865377, -2.941928793589275060, -0.1000000000000000056 ) ) ;
#5882 = CARTESIAN_POINT ( 'NONE',  ( -19.51223052798315294, -3.069140828450521497, -0.1000000000000000056 ) ) ;
#5883 = ORIENTED_EDGE ( 'NONE', *, *, #8675, .T. ) ;
#5884 = CARTESIAN_POINT ( 'NONE',  ( -19.16566061893224315, -3.655810152739176200, 0.000000000000000000 ) ) ;
#5885 = AXIS2_PLACEMENT_3D ( 'NONE', #1835, #7477, #4661 ) ;
#5886 = DIRECTION ( 'NONE',  ( 1.000000000000000000, 0.000000000000000000, 0.000000000000000000 ) ) ;
#5887 = CARTESIAN_POINT ( 'NONE',  ( -19.21125568209692247, 0.03852478027343772538, 0.000000000000000000 ) ) ;
#5888 = STYLED_ITEM ( 'NONE', ( #616 ), #8916 ) ;
#5889 = LINE ( 'NONE', #5041, #8335 ) ;
#5890 = SURFACE_STYLE_FILL_AREA ( #3058 ) ;
#5891 = CARTESIAN_POINT ( 'NONE',  ( -18.29544728036928802, -2.861874470167900419, -0.1000000000000000056 ) ) ;
#5892 = DIRECTION ( 'NONE',  ( -1.000000000000000000, 0.000000000000000000, 0.000000000000000000 ) ) ;
#5893 = CARTESIAN_POINT ( 'NONE',  ( -19.66592834928238531, 1.323888022104898310, -0.1000000000000000056 ) ) ;
#5894 = EDGE_CURVE ( 'NONE', #2041, #3032, #4205, .T. ) ;
#5895 = ORIENTED_EDGE ( 'NONE', *, *, #1255, .F. ) ;
#5896 = CARTESIAN_POINT ( 'NONE',  ( -18.36419223127069245, 1.920571456968866775, -0.000000000000000000 ) ) ;
#5897 = CARTESIAN_POINT ( 'NONE',  ( -18.24188352006471803, -2.311937017675746553, 0.000000000000000000 ) ) ;
#5898 = DIRECTION ( 'NONE',  ( 0.000000000000000000, 0.000000000000000000, 1.000000000000000000 ) ) ;
#5899 = CARTESIAN_POINT ( 'NONE',  ( -19.31832603685499095, 1.612464562196404438, -0.1000000000000000056 ) ) ;
#5900 = CARTESIAN_POINT ( 'NONE',  ( -3.540000000000000480, -8.406000000000007688, 3.100000000000000089 ) ) ;
#5901 = ORIENTED_EDGE ( 'NONE', *, *, #4376, .T. ) ;
#5902 = CARTESIAN_POINT ( 'NONE',  ( -18.16686037115016816, 4.220796847108856831, 0.000000000000000000 ) ) ;
#5903 =( NAMED_UNIT ( * ) SI_UNIT ( $, .STERADIAN. ) SOLID_ANGLE_UNIT ( ) );
#5904 = CARTESIAN_POINT ( 'NONE',  ( -18.98313116343242868, -2.992870482629910622, 0.000000000000000000 ) ) ;
#5905 = EDGE_CURVE ( 'NONE', #7507, #3573, #760, .T. ) ;
#5906 = EDGE_LOOP ( 'NONE', ( #1902, #8057, #3914, #7221 ) ) ;
#5907 = DIRECTION ( 'NONE',  ( 1.000000000000000000, 0.000000000000000000, 0.000000000000000000 ) ) ;
#5908 = DIRECTION ( 'NONE',  ( 1.000000000000000000, 0.000000000000000000, 0.000000000000000000 ) ) ;
#5909 = DIRECTION ( 'NONE',  ( -0.000000000000000000, -0.000000000000000000, 1.000000000000000000 ) ) ;
#5910 = CARTESIAN_POINT ( 'NONE',  ( -19.33939340584999655, -4.100293962820781957, -0.000000000000000000 ) ) ;
#5911 = FACE_OUTER_BOUND ( 'NONE', #6875, .T. ) ;
#5912 = EDGE_CURVE ( 'NONE', #3662, #8005, #3878, .T. ) ;
#5913 = CARTESIAN_POINT ( 'NONE',  ( -18.59350481878557204, -4.224740931017870516, -0.1000000000000000056 ) ) ;
#5914 = LINE ( 'NONE', #788, #9086 ) ;
#5915 = UNCERTAINTY_MEASURE_WITH_UNIT (LENGTH_MEASURE( 1.000000000000000082E-05 ), #8050, 'distance_accuracy_value', 'NONE');
#5916 = PLANE ( 'NONE',  #1820 ) ;
#5917 = B_SPLINE_CURVE_WITH_KNOTS ( 'NONE', 3,
 ( #7189, #6528, #4231, #7139, #5060, #4375, #4968, #825, #1426, #685, #732 ),
 .UNSPECIFIED., .F., .F.,
 ( 4, 1, 1, 1, 1, 1, 1, 1, 4 ),
 ( 0.000000000000000000, 0.1165024731976383593, 0.2257851715444331719, 0.3345597068252782469, 0.4463155302877027664, 0.5673888587239085401, 0.6971026792112592352, 0.8417509844551590570, 1.000000000000000000 ),
 .UNSPECIFIED. ) ;
#5918 = CARTESIAN_POINT ( 'NONE',  ( -18.14550257371000086, -0.2694375574350390545, -0.1000000000000000056 ) ) ;
#5919 = EDGE_LOOP ( 'NONE', ( #7490, #7618, #5710, #9009 ) ) ;
#5920 = DIRECTION ( 'NONE',  ( -0.000000000000000000, 0.000000000000000000, 1.000000000000000000 ) ) ;
#5921 = PLANE ( 'NONE',  #4457 ) ;
#5922 = ORIENTED_EDGE ( 'NONE', *, *, #3100, .F. ) ;
#5923 = FILL_AREA_STYLE_COLOUR ( '', #7801 ) ;
#5924 = EDGE_CURVE ( 'NONE', #1235, #1463, #7409, .T. ) ;
#5925 = CARTESIAN_POINT ( 'NONE',  ( -19.69833090191900737, -3.157558432790906089, -0.1000000000000000056 ) ) ;
#5926 = PLANE ( 'NONE',  #2165 ) ;
#5927 = ORIENTED_EDGE ( 'NONE', *, *, #1517, .F. ) ;
#5928 = CARTESIAN_POINT ( 'NONE',  ( -18.72663446651920438, -4.213350813921210580, 0.000000000000000000 ) ) ;
#5929 = CARTESIAN_POINT ( 'NONE',  ( -20.09674023784777219, -2.053243427651604058, -0.1000000000000000056 ) ) ;
#5930 = CARTESIAN_POINT ( 'NONE',  ( -18.93213297688625829, -0.8021376415227529089, -0.1000000000000000056 ) ) ;
#5931 = CARTESIAN_POINT ( 'NONE',  ( -18.21306863851122415, -0.9565403115582894467, -0.1000000000000000056 ) ) ;
#5932 = CARTESIAN_POINT ( 'NONE',  ( -19.50068826027856872, 3.174213056412996892, 0.000000000000000000 ) ) ;
#5933 = DIRECTION ( 'NONE',  ( -0.000000000000000000, -0.000000000000000000, 1.000000000000000000 ) ) ;
#5934 = EDGE_CURVE ( 'NONE', #8424, #4159, #1377, .T. ) ;
#5935 = CARTESIAN_POINT ( 'NONE',  ( -19.46929144997005423, -2.683893025716147296, -0.1000000000000000056 ) ) ;
#5936 = LINE ( 'NONE', #8775, #2607 ) ;
#5937 = AXIS2_PLACEMENT_3D ( 'NONE', #4924, #5536, #8369 ) ;
#5938 = ORIENTED_EDGE ( 'NONE', *, *, #1824, .T. ) ;
#5939 = CARTESIAN_POINT ( 'NONE',  ( -20.10982705601517040, 3.608228001548793529, -0.000000000000000000 ) ) ;
#5940 = CARTESIAN_POINT ( 'NONE',  ( -19.89495583477100737, -0.7081227090925910073, 0.000000000000000000 ) ) ;
#5941 = AXIS2_PLACEMENT_3D ( 'NONE', #1321, #2777, #3300 ) ;
#5942 = LINE ( 'NONE', #6614, #2313 ) ;
#5943 = CARTESIAN_POINT ( 'NONE',  ( -19.11093204691738023, 1.605235546185691309, -0.1000000000000000056 ) ) ;
#5944 = VERTEX_POINT ( 'NONE', #4346 ) ;
#5945 = CARTESIAN_POINT ( 'NONE',  ( -19.85265738984116624, 3.577103559546721101, -0.1000000000000000056 ) ) ;
#5946 = PRESENTATION_LAYER_ASSIGNMENT (  '', '', ( #736 ) ) ;
#5947 = ORIENTED_EDGE ( 'NONE', *, *, #3655, .T. ) ;
#5948 = CARTESIAN_POINT ( 'NONE',  ( -18.22740898456244452, 4.246622875533979879, 0.000000000000000000 ) ) ;
#5949 = SURFACE_SIDE_STYLE ('',( #6334 ) ) ;
#5950 = EDGE_CURVE ( 'NONE', #8693, #6068, #7204, .T. ) ;
#5951 = CARTESIAN_POINT ( 'NONE',  ( -18.90305743990942133, 0.7010707410176596488, 0.000000000000000000 ) ) ;
#5952 = CIRCLE ( 'NONE', #740, 1.000000000000001776 ) ;
#5953 = B_SPLINE_CURVE_WITH_KNOTS ( 'NONE', 3,
 ( #5019, #4413, #7857, #1475, #4328, #6574, #7909, #7233, #3712, #3631, #5117, #1572, #7277, #93, #826, #3671, #6529, #180, #3031 ),
 .UNSPECIFIED., .F., .F.,
 ( 4, 1, 1, 1, 1, 1, 1, 1, 1, 1, 1, 1, 1, 1, 1, 1, 4 ),
 ( 0.000000000000000000, 0.06469325295789031538, 0.1319128785284785776, 0.2029611573507837385, 0.2774449648096110610, 0.3542204712830415159, 0.4310223431692136176, 0.5070640098484600067, 0.5831750998531961550, 0.6571478000892178040, 0.7258991217706136645, 0.7898864299282034596, 0.8490237008499543769, 0.9011499219737284516, 0.9433466200773504839, 0.9763205444642349962, 1.000000000000000000 ),
 .UNSPECIFIED. ) ;
#5954 = VERTEX_POINT ( 'NONE', #2756 ) ;
#5955 = DIRECTION ( 'NONE',  ( -1.000000000000000000, 0.000000000000000000, 0.000000000000000000 ) ) ;
#5956 = CARTESIAN_POINT ( 'NONE',  ( -19.48552994790466641, 1.274586147744287468, 0.000000000000000000 ) ) ;
#5957 = CARTESIAN_POINT ( 'NONE',  ( -19.03162877328925973, 3.583181318453787512, -0.000000000000000000 ) ) ;
#5958 = EDGE_CURVE ( 'NONE', #8972, #3032, #3151, .T. ) ;
#5959 = DIRECTION ( 'NONE',  ( -1.000000000000000000, 0.000000000000000000, 0.000000000000000000 ) ) ;
#5960 = CARTESIAN_POINT ( 'NONE',  ( -19.14183575131425030, 2.632229245829619035, -0.000000000000000000 ) ) ;
#5961 = COLOUR_RGB ( '',1.000000000000000000, 0.9607843137254902244, 0.8901960784313724950 ) ;
#5962 = CARTESIAN_POINT ( 'NONE',  ( -19.48250681461882294, -4.260804457086497798, 0.000000000000000000 ) ) ;
#5963 = ADVANCED_FACE ( 'NONE', ( #2998 ), #7292, .T. ) ;
#5964 = FILL_AREA_STYLE ('',( #6674 ) ) ;
#5965 = SURFACE_STYLE_USAGE ( .BOTH. , #1621 ) ;
#5966 = B_SPLINE_CURVE_WITH_KNOTS ( 'NONE', 3,
 ( #8452, #6326, #9160, #1182, #4771, #7627, #1231, #2263, #3701, #9205, #3663, #5800, #4913, #7222, #1465, #2120, #6372, #7803, #3574, #1371, #8504, #7179, #6517 ),
 .UNSPECIFIED., .F., .F.,
 ( 4, 1, 1, 1, 1, 1, 1, 1, 1, 1, 1, 1, 1, 1, 1, 1, 1, 1, 1, 1, 4 ),
 ( 0.000000000000000000, 0.06804463966209674253, 0.1329991030441658451, 0.1948736791621023257, 0.2536853183319574545, 0.3094909894434599851, 0.3622862500143886333, 0.4117209794496397568, 0.4586601928118262395, 0.5446305932895171287, 0.6215734549491198635, 0.6911912982567059993, 0.7545254406632192490, 0.7847144906786455154, 0.8140967600353102851, 0.8434655636399595036, 0.8731025198391443309, 0.9027794899488092994, 0.9338467621595969437, 0.9661744479400227181, 1.000000000000000000 ),
 .UNSPECIFIED. ) ;
#5967 = COLOUR_RGB ( '',1.000000000000000000, 0.9607843137254902244, 0.8901960784313724950 ) ;
#5968 = DIRECTION ( 'NONE',  ( 1.000000000000000000, -0.000000000000000000, 0.000000000000000000 ) ) ;
#5969 =( GEOMETRIC_REPRESENTATION_CONTEXT ( 3 ) GLOBAL_UNCERTAINTY_ASSIGNED_CONTEXT ( ( #5173 ) ) GLOBAL_UNIT_ASSIGNED_CONTEXT ( ( #2328, #3081, #746 ) ) REPRESENTATION_CONTEXT ( 'NONE', 'WORKASPACE' ) );
#5970 = CARTESIAN_POINT ( 'NONE',  ( -18.93322311648895351, 4.126200607832097411, -0.1000000000000000056 ) ) ;
#5971 = ADVANCED_FACE ( 'NONE', ( #239 ), #3865, .F. ) ;
#5972 = ORIENTED_EDGE ( 'NONE', *, *, #5332, .T. ) ;
#5973 = CARTESIAN_POINT ( 'NONE',  ( -18.43909054483114218, 1.352298849749846044, 0.000000000000000000 ) ) ;
#5974 = ORIENTED_EDGE ( 'NONE', *, *, #797, .T. ) ;
#5975 = FACE_OUTER_BOUND ( 'NONE', #8737, .T. ) ;
#5976 = ORIENTED_EDGE ( 'NONE', *, *, #103, .F. ) ;
#5977 = AXIS2_PLACEMENT_3D ( 'NONE', #4863, #6322, #7890 ) ;
#5978 = DIRECTION ( 'NONE',  ( -1.000000000000000000, 0.000000000000000000, 0.000000000000000000 ) ) ;
#5979 = CARTESIAN_POINT ( 'NONE',  ( -19.75602278393081335, -3.246070231928189553, -0.1000000000000000056 ) ) ;
#5980 = B_SPLINE_CURVE_WITH_KNOTS ( 'NONE', 3,
 ( #3577, #35, #7039, #9162, #5712, #8554, #6329, #2781, #5285, #5108, #8652 ),
 .UNSPECIFIED., .F., .F.,
 ( 4, 1, 1, 1, 1, 1, 1, 1, 4 ),
 ( 0.000000000000000000, 0.07515934448808592183, 0.1633778205362386160, 0.2662965420498409341, 0.3833175794359116595, 0.5142533600420532425, 0.6607945581205604269, 0.8232004060776951793, 1.000000000000000000 ),
 .UNSPECIFIED. ) ;
#5981 = CARTESIAN_POINT ( 'NONE',  ( -19.36286226323284154, 2.261558762429606073, -0.1000000000000000056 ) ) ;
#5982 = ORIENTED_EDGE ( 'NONE', *, *, #7782, .T. ) ;
#5983 = CARTESIAN_POINT ( 'NONE',  ( -19.46014447136496273, 1.628626051128424290, -0.1000000000000000056 ) ) ;
#5984 = VECTOR ( 'NONE', #2919, 1000.000000000000000 ) ;
#5985 = CARTESIAN_POINT ( 'NONE',  ( -20.02816653647867895, -3.051214815096173982, -0.1000000000000000056 ) ) ;
#5986 = CARTESIAN_POINT ( 'NONE',  ( -19.19038809278214330, -1.240417664845784973, -0.1000000000000000056 ) ) ;
#5987 = CARTESIAN_POINT ( 'NONE',  ( -20.01532449787428902, -0.3188158622882812376, 0.000000000000000000 ) ) ;
#5988 = CARTESIAN_POINT ( 'NONE',  ( -19.51223052798315294, -3.069140828450521497, 0.000000000000000000 ) ) ;
#5989 = CARTESIAN_POINT ( 'NONE',  ( -18.07925092719625937, -3.231021328864539299, 0.000000000000000000 ) ) ;
#5990 = CARTESIAN_POINT ( 'NONE',  ( -20.04618306759414281, -0.7351752697156943572, -0.1000000000000000056 ) ) ;
#5991 = CARTESIAN_POINT ( 'NONE',  ( -18.90305743990942133, 0.03852478027343772538, -0.1000000000000000056 ) ) ;
#5992 = VECTOR ( 'NONE', #5602, 1000.000000000000000 ) ;
#5993 = ORIENTED_EDGE ( 'NONE', *, *, #1961, .F. ) ;
#5994 = EDGE_LOOP ( 'NONE', ( #8605, #5265, #5615, #306 ) ) ;
#5995 = CARTESIAN_POINT ( 'NONE',  ( -2.540000000000000036, -8.406000000000007688, 3.100000000000000089 ) ) ;
#5996 =( LENGTH_UNIT ( ) NAMED_UNIT ( * ) SI_UNIT ( .MILLI., .METRE. ) );
#5997 = SURFACE_STYLE_FILL_AREA ( #257 ) ;
#5998 = FACE_OUTER_BOUND ( 'NONE', #6682, .T. ) ;
#5999 = DIRECTION ( 'NONE',  ( -0.000000000000000000, -0.000000000000000000, 1.000000000000000000 ) ) ;
#6000 = VERTEX_POINT ( 'NONE', #3179 ) ;
#6001 = CARTESIAN_POINT ( 'NONE',  ( -19.33886901675268533, -4.088041006724040471, -0.1000000000000000056 ) ) ;
#6002 = CARTESIAN_POINT ( 'NONE',  ( -18.41344951408191477, 4.096095313367245083, 0.000000000000000000 ) ) ;
#6003 = CARTESIAN_POINT ( 'NONE',  ( -18.62486816906040588, -3.857681525247253163, 0.000000000000000000 ) ) ;
#6004 = CARTESIAN_POINT ( 'NONE',  ( -18.90361343938759120, 0.7154136671526724056, -0.1000000000000000056 ) ) ;
#6005 = DIRECTION ( 'NONE',  ( 1.000000000000000000, 0.000000000000000000, 0.000000000000000000 ) ) ;
#6006 = ORIENTED_EDGE ( 'NONE', *, *, #862, .F. ) ;
#6007 = CARTESIAN_POINT ( 'NONE',  ( -18.54627209909214258, -3.864245750441775762, 0.000000000000000000 ) ) ;
#6008 = CARTESIAN_POINT ( 'NONE',  ( -18.77609816787774122, 3.515810940553874442, 0.000000000000000000 ) ) ;
#6009 = FACE_OUTER_BOUND ( 'NONE', #2474, .T. ) ;
#6010 = CARTESIAN_POINT ( 'NONE',  ( -20.10279153031233790, -0.9523810582631637711, 1.355252715606880543E-17 ) ) ;
#6011 = CARTESIAN_POINT ( 'NONE',  ( 22.50000000000000000, 10.44500000000000028, 3.000000000000000000 ) ) ;
#6012 = CARTESIAN_POINT ( 'NONE',  ( -19.84089593073133884, 3.693386760987159345, 0.000000000000000000 ) ) ;
#6013 = MECHANICAL_DESIGN_GEOMETRIC_PRESENTATION_REPRESENTATION (  '', ( #1232 ), #3332 ) ;
#6014 = CARTESIAN_POINT ( 'NONE',  ( -18.14091815022949561, -3.916898480373980362, -0.1000000000000000056 ) ) ;
#6015 = CARTESIAN_POINT ( 'NONE',  ( -19.56054240468395378, 2.591720397820874489, 1.355252715606880543E-17 ) ) ;
#6016 = CARTESIAN_POINT ( 'NONE',  ( -19.08249976614075294, 4.230364357360583583, -0.1000000000000000056 ) ) ;
#6017 = AXIS2_PLACEMENT_3D ( 'NONE', #1494, #2242, #793 ) ;
#6018 = SURFACE_SIDE_STYLE ('',( #5828 ) ) ;
#6019 = CARTESIAN_POINT ( 'NONE',  ( -18.68856865329570383, 1.277654723428790495, -0.1000000000000000056 ) ) ;
#6020 = VERTEX_POINT ( 'NONE', #8004 ) ;
#6021 = CARTESIAN_POINT ( 'NONE',  ( -19.46918335185741356, 3.101679177020281841, 0.000000000000000000 ) ) ;
#6022 = FACE_OUTER_BOUND ( 'NONE', #1584, .T. ) ;
#6023 = EDGE_LOOP ( 'NONE', ( #2897, #1601, #7053, #5607, #9034, #8214, #8483, #5344, #3247, #5163, #5938, #3526, #9024, #5209, #771, #8258, #4403, #7977, #4497 ) ) ;
#6024 =( NAMED_UNIT ( * ) SI_UNIT ( $, .STERADIAN. ) SOLID_ANGLE_UNIT ( ) );
#6025 = CARTESIAN_POINT ( 'NONE',  ( -19.56273197639652750, 2.930058214934319505, -0.1000000000000000056 ) ) ;
#6026 = CARTESIAN_POINT ( 'NONE',  ( -19.41037756434710104, 2.256473852337017139, -0.1000000000000000056 ) ) ;
#6028 = EDGE_CURVE ( 'NONE', #2220, #2056, #8040, .T. ) ;
#6027 = AXIS2_PLACEMENT_3D ( 'NONE', #5227, #3050, #243 ) ;
#6029 = VERTEX_POINT ( 'NONE', #1725 ) ;
#6030 = CARTESIAN_POINT ( 'NONE',  ( -18.68153995333715756, -1.142901814778646274, 0.000000000000000000 ) ) ;
#6031 = CARTESIAN_POINT ( 'NONE',  ( -20.01701482067518967, -1.967090734772503957, -0.1000000000000000056 ) ) ;
#6032 = CARTESIAN_POINT ( 'NONE',  ( -18.31473825908644670, -0.8444035786909709351, 0.000000000000000000 ) ) ;
#6033 = CARTESIAN_POINT ( 'NONE',  ( -19.46918335185741356, 3.101679177020281841, 0.000000000000000000 ) ) ;
#6034 = CARTESIAN_POINT ( 'NONE',  ( -18.41507688977921475, 0.03852478027343772538, -0.1000000000000000056 ) ) ;
#6035 = SURFACE_STYLE_USAGE ( .BOTH. , #5147 ) ;
#6036 = ORIENTED_EDGE ( 'NONE', *, *, #2892, .T. ) ;
#6037 = COLOUR_RGB ( '',0.9960784313725490335, 0.8705882352941176627, 0.7607843137254901578 ) ;
#6038 = DIRECTION ( 'NONE',  ( 1.000000000000000000, -0.000000000000000000, 0.000000000000000000 ) ) ;
#6039 = B_SPLINE_CURVE_WITH_KNOTS ( 'NONE', 3,
 ( #4142, #5433, #1289, #6995, #7635, #8315, #4784, #5583, #4876, #8517, #7858, #7326, #6530, #2937, #1613, #7816, #94, #7236, #7280 ),
 .UNSPECIFIED., .F., .F.,
 ( 4, 1, 1, 1, 1, 1, 1, 1, 1, 1, 1, 1, 1, 1, 1, 1, 4 ),
 ( 0.000000000000000000, 0.06450583079245070239, 0.1257003490472282381, 0.1845603124204926448, 0.2404533103004709571, 0.2941509815605866107, 0.3456887803325744413, 0.3950683699914047664, 0.4434122827432732672, 0.5342984258742938808, 0.6178213727056326432, 0.6955579538707602483, 0.7681941770278252202, 0.8358171608293667454, 0.8963565394511299189, 0.9510006524474016176, 0.9999999999999998890 ),
 .UNSPECIFIED. ) ;
#6040 = CARTESIAN_POINT ( 'NONE',  ( -18.29377372360557175, -2.322636755172235556, 0.000000000000000000 ) ) ;
#6041 = CARTESIAN_POINT ( 'NONE',  ( -19.73872321815970565, 1.732537502672945928, 1.355252715606880543E-17 ) ) ;
#6042 = CARTESIAN_POINT ( 'NONE',  ( -19.78704005653693443, 3.388719039845911496, -0.1000000000000000056 ) ) ;
#6043 = ORIENTED_EDGE ( 'NONE', *, *, #1135, .F. ) ;
#6044 = B_SPLINE_CURVE_WITH_KNOTS ( 'NONE', 3,
 ( #2751, #8325, #9035, #5441, #4792, #1909, #4742, #7596, #4102, #1206, #4842 ),
 .UNSPECIFIED., .F., .F.,
 ( 4, 1, 1, 1, 1, 1, 1, 1, 4 ),
 ( 0.000000000000000000, 0.1318384088878591931, 0.2582861022564524878, 0.3802599328560015701, 0.5034302499283157539, 0.6257295857694635810, 0.7470716303050879414, 0.8709999257135648820, 1.000000000000000000 ),
 .UNSPECIFIED. ) ;
#6045 = CARTESIAN_POINT ( 'NONE',  ( -20.49999999999999289, -8.444999999999998508, 3.000000000000000000 ) ) ;
#6046 = CARTESIAN_POINT ( 'NONE',  ( -19.48250681461882294, -4.260804457086497798, 0.000000000000000000 ) ) ;
#6047 = DIRECTION ( 'NONE',  ( -0.000000000000000000, 0.000000000000000000, 1.000000000000000000 ) ) ;
#6048 = CARTESIAN_POINT ( 'NONE',  ( -18.57553924735805850, -3.130312652799043693, -0.1000000000000000056 ) ) ;
#6049 = EDGE_CURVE ( 'NONE', #5063, #1661, #8370, .T. ) ;
#6050 = EDGE_LOOP ( 'NONE', ( #5878, #1249, #3776, #1806 ) ) ;
#6051 = EDGE_LOOP ( 'NONE', ( #7847, #5399 ) ) ;
#6052 = B_SPLINE_SURFACE_WITH_KNOTS ( 'NONE', 3, 1, ( 
 ( #2692, #7633 ),
 ( #4044, #8311 ),
 ( #1942, #1240 ),
 ( #3397, #5534 ),
 ( #8368, #4831 ),
 ( #4873, #1329 ),
 ( #6382, #43 ),
 ( #7721, #4184 ),
 ( #6480, #7044 ),
 ( #1524, #5766 ),
 ( #5018, #2886 ) ),
 .UNSPECIFIED., .F., .F., .F.,
 ( 4, 1, 1, 1, 1, 1, 1, 1, 4 ),
 ( 2, 2 ),
 ( 0.000000000000000000, 0.1101625006635518211, 0.2237862920302668979, 0.3420968782149917398, 0.4645085467891499897, 0.5913958755837638304, 0.7228974131495211619, 0.8585750899710251627, 1.000000000000000000 ),
 ( 0.000000000000000000, 1.000000000000000000 ),
 .UNSPECIFIED. ) ;
#6053 = CARTESIAN_POINT ( 'NONE',  ( -18.79118019077904478, 3.470806148516514256, 0.000000000000000000 ) ) ;
#6054 = CARTESIAN_POINT ( 'NONE',  ( -5.080000000000000071, -8.406000000000007688, 3.000000000000000000 ) ) ;
#6055 = CARTESIAN_POINT ( 'NONE',  ( -18.41507688977921475, 4.052325325012205326, -0.1000000000000000056 ) ) ;
#6056 = CARTESIAN_POINT ( 'NONE',  ( -18.40626819699757633, 4.136248609779175744, -0.1000000000000000056 ) ) ;
#6057 = CARTESIAN_POINT ( 'NONE',  ( 22.50000000000000000, 10.44500000000000028, 3.000000000000000000 ) ) ;
#6058 = ADVANCED_FACE ( 'NONE', ( #898 ), #7686, .T. ) ;
#6059 = CARTESIAN_POINT ( 'NONE',  ( -18.25762662035246819, -4.085810590166641276, 0.000000000000000000 ) ) ;
#6060 = EDGE_CURVE ( 'NONE', #348, #2350, #6553, .T. ) ;
#6061 = B_SPLINE_CURVE_WITH_KNOTS ( 'NONE', 3,
 ( #4419, #3590, #2790, #2989, #49, #6489, #7098, #5815, #689, #1576, #831, #6340, #5770, #4929, #8668, #5679, #98, #9221, #6387, #6439, #4333, #7195, #2277 ),
 .UNSPECIFIED., .F., .F.,
 ( 4, 1, 1, 1, 1, 1, 1, 1, 1, 1, 1, 1, 1, 1, 1, 1, 1, 1, 1, 1, 4 ),
 ( 0.000000000000000000, 0.06738236761726831836, 0.1316231465968440151, 0.1927331764410487869, 0.2511816882161231890, 0.3061260101418870061, 0.3584625931751451722, 0.4073881668424609304, 0.4537821082674490247, 0.5385647031207839719, 0.6151022662880895053, 0.6842919982863976402, 0.7472416725558771455, 0.7773066825295988913, 0.8072524202451695219, 0.8368789015652139396, 0.8670457695720228397, 0.8985067967867191863, 0.9305379273796815509, 0.9642488327105729340, 1.000000000000000000 ),
 .UNSPECIFIED. ) ;
#6062 = CARTESIAN_POINT ( 'NONE',  ( -18.48690955299739258, 1.331914017995197819, 0.000000000000000000 ) ) ;
#6063 = CARTESIAN_POINT ( 'NONE',  ( -19.92361148857630937, -1.940484139356313475, 0.000000000000000000 ) ) ;
#6064 = CARTESIAN_POINT ( 'NONE',  ( -18.37448798777871062, 2.024516972470239651, -0.1000000000000000056 ) ) ;
#6065 = EDGE_LOOP ( 'NONE', ( #6225, #7311 ) ) ;
#6066 = PRESENTATION_STYLE_ASSIGNMENT (( #3228 ) ) ;
#6067 = CARTESIAN_POINT ( 'NONE',  ( -18.64221295486996866, -1.143986913183653087, 0.000000000000000000 ) ) ;
#6068 = VERTEX_POINT ( 'NONE', #6650 ) ;
#6069 = DIRECTION ( 'NONE',  ( -1.000000000000000000, 0.000000000000000000, 0.000000000000000000 ) ) ;
#6070 = CARTESIAN_POINT ( 'NONE',  ( -19.58860835215311624, 2.921592128185408921, -0.1000000000000000056 ) ) ;
#6071 = EDGE_CURVE ( 'NONE', #4957, #1513, #5889, .T. ) ;
#6072 = EDGE_LOOP ( 'NONE', ( #9016, #6593, #3256, #6912 ) ) ;
#6073 = SURFACE_STYLE_FILL_AREA ( #3326 ) ;
#6074 = CARTESIAN_POINT ( 'NONE',  ( -18.68153995333715756, -1.142901814778646274, -0.1000000000000000056 ) ) ;
#6075 = CARTESIAN_POINT ( 'NONE',  ( -19.46616118517118110, -3.071254509483688722, 0.000000000000000000 ) ) ;
#6076 = SURFACE_STYLE_USAGE ( .BOTH. , #2519 ) ;
#6077 = VERTEX_POINT ( 'NONE', #3011 ) ;
#6078 = CARTESIAN_POINT ( 'NONE',  ( -19.46808755058650675, 3.074357725779213624, 0.000000000000000000 ) ) ;
#6079 = EDGE_CURVE ( 'NONE', #8862, #1235, #5840, .T. ) ;
#6080 = CARTESIAN_POINT ( 'NONE',  ( -18.14091815022949561, -3.916898480373980362, 0.000000000000000000 ) ) ;
#6081 = EDGE_LOOP ( 'NONE', ( #4458, #4723, #9188, #5729 ) ) ;
#6082 = CARTESIAN_POINT ( 'NONE',  ( -20.10971359229109012, -3.502551256743565933, -0.000000000000000000 ) ) ;
#6083 = SURFACE_STYLE_USAGE ( .BOTH. , #8246 ) ;
#6084 = CARTESIAN_POINT ( 'NONE',  ( -19.20953304026463471, 1.607046424840709253, 1.355252715606880543E-17 ) ) ;
#6085 = CARTESIAN_POINT ( 'NONE',  ( -19.85265738984116624, 3.577103559546721101, 0.000000000000000000 ) ) ;
#6086 = EDGE_LOOP ( 'NONE', ( #5662, #6115, #7342, #7356, #6323, #795, #6094, #2932, #1447, #96, #6142, #5613, #4582, #2842, #8074, #676, #4858 ) ) ;
#6087 = CARTESIAN_POINT ( 'NONE',  ( -19.41467646754817977, 3.941924172589010400, 0.000000000000000000 ) ) ;
#6088 = CYLINDRICAL_SURFACE ( 'NONE', #4777, 1.000000000000000444 ) ;
#6089 = CARTESIAN_POINT ( 'NONE',  ( -19.13978489802586225, 4.256072517191131332, 0.000000000000000000 ) ) ;
#6090 = DIRECTION ( 'NONE',  ( -0.000000000000000000, -0.000000000000000000, 1.000000000000000000 ) ) ;
#6091 = CARTESIAN_POINT ( 'NONE',  ( -18.33802732923233947, -3.506958904266358257, -0.1000000000000000056 ) ) ;
#6092 = ORIENTED_EDGE ( 'NONE', *, *, #3124, .F. ) ;
#6093 = MECHANICAL_DESIGN_GEOMETRIC_PRESENTATION_REPRESENTATION (  '', ( #2225 ), #8621 ) ;
#6094 = ORIENTED_EDGE ( 'NONE', *, *, #5340, .T. ) ;
#6095 = CARTESIAN_POINT ( 'NONE',  ( -18.33886504529830219, -3.532558407252507582, -0.000000000000000000 ) ) ;
#6096 = MECHANICAL_DESIGN_GEOMETRIC_PRESENTATION_REPRESENTATION (  '', ( #6236 ), #8152 ) ;
#6097 = CARTESIAN_POINT ( 'NONE',  ( -18.77609816787774122, 3.515810940553874442, -0.1000000000000000056 ) ) ;
#6098 = SURFACE_STYLE_FILL_AREA ( #4131 ) ;
#6099 = ADVANCED_FACE ( 'NONE', ( #3451 ), #1120, .T. ) ;
#6100 = CARTESIAN_POINT ( 'NONE',  ( -20.00613809597772530, -1.079661724528592881, -0.1000000000000000056 ) ) ;
#6101 = CARTESIAN_POINT ( 'NONE',  ( -18.29503355311960178, 4.246363793808039411, -0.1000000000000000056 ) ) ;
#6102 = CARTESIAN_POINT ( 'NONE',  ( -18.22804157293182570, 1.019081164068401657, -0.1000000000000000056 ) ) ;
#6103 = AXIS2_PLACEMENT_3D ( 'NONE', #3133, #3048, #279 ) ;
#6104 = DIRECTION ( 'NONE',  ( 1.000000000000000000, 0.000000000000000000, 0.000000000000000000 ) ) ;
#6105 = CARTESIAN_POINT ( 'NONE',  ( -18.85549059163642127, 4.035561129298430139, -0.1000000000000000056 ) ) ;
#6106 = MECHANICAL_DESIGN_GEOMETRIC_PRESENTATION_REPRESENTATION (  '', ( #1330 ), #5502 ) ;
#6107 = EDGE_LOOP ( 'NONE', ( #1127, #999 ) ) ;
#6108 = ORIENTED_EDGE ( 'NONE', *, *, #1500, .T. ) ;
#6109 = CARTESIAN_POINT ( 'NONE',  ( -19.16566061893224315, -3.655810152739176200, -0.1000000000000000056 ) ) ;
#6110 = CARTESIAN_POINT ( 'NONE',  ( -18.64221295486996866, -1.143986913183653087, -0.1000000000000000056 ) ) ;
#6111 = VERTEX_POINT ( 'NONE', #1147 ) ;
#6112 = CARTESIAN_POINT ( 'NONE',  ( -19.86697954633439167, -2.324328409830729303, -0.1000000000000000056 ) ) ;
#6113 = CARTESIAN_POINT ( 'NONE',  ( -18.92527715501157104, 0.8125186821202161624, -0.1000000000000000056 ) ) ;
#6114 = VECTOR ( 'NONE', #232, 1000.000000000000000 ) ;
#6115 = ORIENTED_EDGE ( 'NONE', *, *, #5470, .T. ) ;
#6116 = CARTESIAN_POINT ( 'NONE',  ( 0.000000000000000000, -8.406000000000007688, -0.09999999999999982514 ) ) ;
#6117 = AXIS2_PLACEMENT_3D ( 'NONE', #6176, #7565, #7706 ) ;
#6118 = CARTESIAN_POINT ( 'NONE',  ( -18.63296511256474375, -0.7324759085832257544, -0.000000000000000000 ) ) ;
#6119 =( GEOMETRIC_REPRESENTATION_CONTEXT ( 3 ) GLOBAL_UNCERTAINTY_ASSIGNED_CONTEXT ( ( #6328 ) ) GLOBAL_UNIT_ASSIGNED_CONTEXT ( ( #720, #6416, #2871 ) ) REPRESENTATION_CONTEXT ( 'NONE', 'WORKASPACE' ) );
#6120 =( LENGTH_UNIT ( ) NAMED_UNIT ( * ) SI_UNIT ( .MILLI., .METRE. ) );
#6121 = CARTESIAN_POINT ( 'NONE',  ( -19.37049631803411742, -1.486425891049862003, -0.1000000000000000056 ) ) ;
#6122 = ORIENTED_EDGE ( 'NONE', *, *, #8089, .F. ) ;
#6123 = CARTESIAN_POINT ( 'NONE',  ( -18.34046372216889154, -3.581411873224420006, 0.000000000000000000 ) ) ;
#6124 = B_SPLINE_SURFACE_WITH_KNOTS ( 'NONE', 3, 1, ( 
 ( #2442, #4574 ),
 ( #4617, #4665 ),
 ( #6745, #3203 ),
 ( #2489, #3245 ),
 ( #1839, #1125 ),
 ( #6615, #1881 ),
 ( #3422, #1310 ),
 ( #3379, #5511 ),
 ( #1924, #8345 ),
 ( #8397, #423 ),
 ( #8247, #2767 ),
 ( #6881, #2625 ),
 ( #7564, #475 ),
 ( #6216, #2013 ),
 ( #4023, #5411 ),
 ( #618, #5455 ),
 ( #7615, #9007 ),
 ( #7748, #1967 ),
 ( #8440, #6313 ) ),
 .UNSPECIFIED., .F., .F., .F.,
 ( 4, 1, 1, 1, 1, 1, 1, 1, 1, 1, 1, 1, 1, 1, 1, 1, 4 ),
 ( 2, 2 ),
 ( 0.000000000000000000, 0.07921412475016172128, 0.1549623585364744982, 0.2277516852892232657, 0.2968057038558976624, 0.3629293046907660636, 0.4251988157055926476, 0.4842549202790198404, 0.5404300479699480908, 0.5946178442194989255, 0.6479537361055932587, 0.7012095640608045910, 0.7548287173850043441, 0.8107386241515668335, 0.8694856334808737097, 0.9324242458613063445, 1.000000000000000000 ),
 ( 0.000000000000000000, 1.000000000000000000 ),
 .UNSPECIFIED. ) ;
#6125 =( GEOMETRIC_REPRESENTATION_CONTEXT ( 3 ) GLOBAL_UNCERTAINTY_ASSIGNED_CONTEXT ( ( #7966 ) ) GLOBAL_UNIT_ASSIGNED_CONTEXT ( ( #547, #7683, #3450 ) ) REPRESENTATION_CONTEXT ( 'NONE', 'WORKASPACE' ) );
#6126 = ORIENTED_EDGE ( 'NONE', *, *, #5807, .T. ) ;
#6127 = CIRCLE ( 'NONE', #8342, 1.000000000000000888 ) ;
#6128 = CARTESIAN_POINT ( 'NONE',  ( -18.76026535116035632, 3.812058908259821077, 0.000000000000000000 ) ) ;
#6129 = CARTESIAN_POINT ( 'NONE',  ( 0.000000000000000000, -8.406000000000007688, 3.100000000000000089 ) ) ;
#6130 = CARTESIAN_POINT ( 'NONE',  ( -19.46929144997005423, -2.683893025716147296, 0.000000000000000000 ) ) ;
#6131 = VECTOR ( 'NONE', #5313, 1000.000000000000000 ) ;
#6132 = DIRECTION ( 'NONE',  ( 0.9853660729310436128, 0.1704514661610549431, 0.000000000000000000 ) ) ;
#6133 = EDGE_LOOP ( 'NONE', ( #1683, #1471, #4910, #4893 ) ) ;
#6134 = SURFACE_STYLE_USAGE ( .BOTH. , #4762 ) ;
#6135 = CARTESIAN_POINT ( 'NONE',  ( -18.38730497004482345, 1.811959372932808732, 0.000000000000000000 ) ) ;
#6136 = CARTESIAN_POINT ( 'NONE',  ( -18.25620859073490720, -2.896738524245786373, 0.000000000000000000 ) ) ;
#6137 = CARTESIAN_POINT ( 'NONE',  ( 3.000000000000004441, 6.594999999999998863, 6.000000000000000000 ) ) ;
#6138 = CARTESIAN_POINT ( 'NONE',  ( -19.74838470625596187, 2.520578197943517118, -0.000000000000000000 ) ) ;
#6139 = CARTESIAN_POINT ( 'NONE',  ( -18.95442381360733819, -1.583930288950602394, 0.000000000000000000 ) ) ;
#6140 = ORIENTED_EDGE ( 'NONE', *, *, #8748, .T. ) ;
#6141 = EDGE_CURVE ( 'NONE', #947, #6732, #7893, .T. ) ;
#6142 = ORIENTED_EDGE ( 'NONE', *, *, #863, .T. ) ;
#6143 = LINE ( 'NONE', #7577, #3415 ) ;
#6144 = CARTESIAN_POINT ( 'NONE',  ( -19.97428057703814730, -1.950401280722171782, 0.000000000000000000 ) ) ;
#6145 = ORIENTED_EDGE ( 'NONE', *, *, #8024, .T. ) ;
#6146 = LINE ( 'NONE', #8217, #5071 ) ;
#6147 = FACE_OUTER_BOUND ( 'NONE', #2613, .T. ) ;
#6148 = CARTESIAN_POINT ( 'NONE',  ( -20.09707077064267366, 3.745070865060717846, -0.1000000000000000056 ) ) ;
#6149 = FACE_OUTER_BOUND ( 'NONE', #1573, .T. ) ;
#6150 = SURFACE_STYLE_FILL_AREA ( #4689 ) ;
#6151 = CARTESIAN_POINT ( 'NONE',  ( -19.56273197639652750, 2.930058214934319505, 0.000000000000000000 ) ) ;
#6152 = CARTESIAN_POINT ( 'NONE',  ( -18.40785395798816282, 2.098402936243645378, 0.000000000000000000 ) ) ;
#6153 = ORIENTED_EDGE ( 'NONE', *, *, #8609, .F. ) ;
#6154 = CARTESIAN_POINT ( 'NONE',  ( -18.11507178873201696, 4.132191378395137171, -0.1000000000000000056 ) ) ;
#6155 = CARTESIAN_POINT ( 'NONE',  ( -20.01491556221396806, 2.282067000997935136, -0.1000000000000000056 ) ) ;
#6156 = ORIENTED_EDGE ( 'NONE', *, *, #5755, .F. ) ;
#6157 = CARTESIAN_POINT ( 'NONE',  ( -4.579999999999999183, -8.406000000000007688, -0.09999999999999982514 ) ) ;
#6158 = CARTESIAN_POINT ( 'NONE',  ( -19.23693886894587735, -1.800230878194173600, 0.000000000000000000 ) ) ;
#6159 = CARTESIAN_POINT ( 'NONE',  ( -19.95085120338801943, -0.6966564432779951410, 0.000000000000000000 ) ) ;
#6160 = EDGE_CURVE ( 'NONE', #7507, #6704, #1194, .T. ) ;
#6161 = EDGE_CURVE ( 'NONE', #39, #7427, #1710, .T. ) ;
#6162 = ORIENTED_EDGE ( 'NONE', *, *, #2539, .T. ) ;
#6163 = SURFACE_STYLE_USAGE ( .BOTH. , #4703 ) ;
#6164 = FACE_OUTER_BOUND ( 'NONE', #8341, .T. ) ;
#6165 =( NAMED_UNIT ( * ) PLANE_ANGLE_UNIT ( ) SI_UNIT ( $, .RADIAN. ) );
#6166 = CARTESIAN_POINT ( 'NONE',  ( -19.23748243479320763, -1.750965883815785773, -0.1000000000000000056 ) ) ;
#6167 = VECTOR ( 'NONE', #7508, 1000.000000000000000 ) ;
#6168 = CARTESIAN_POINT ( 'NONE',  ( 3.000000000000004885, 8.294999999999998153, 6.000000000000000000 ) ) ;
#6169 = CARTESIAN_POINT ( 'NONE',  ( -18.39898421063154288, -3.758442547617231622, 0.000000000000000000 ) ) ;
#6170 = ORIENTED_EDGE ( 'NONE', *, *, #4115, .F. ) ;
#6171 = COLOUR_RGB ( '',0.8666666666666666963, 0.9098039215686274384, 1.000000000000000000 ) ;
#6172 = CARTESIAN_POINT ( 'NONE',  ( -19.32857064964120752, 4.300458238503271247, 0.000000000000000000 ) ) ;
#6173 = VECTOR ( 'NONE', #6288, 1000.000000000000000 ) ;
#6174 = CARTESIAN_POINT ( 'NONE',  ( -19.21125568209692247, 0.7010707410176596488, 0.000000000000000000 ) ) ;
#6175 = CARTESIAN_POINT ( 'NONE',  ( -19.68411583654080488, -2.719918963373671783, 0.000000000000000000 ) ) ;
#6176 = CARTESIAN_POINT ( 'NONE',  ( -20.49999999999999289, -8.444999999999998508, 3.000000000000000000 ) ) ;
#6177 = ORIENTED_EDGE ( 'NONE', *, *, #6435, .T. ) ;
#6178 = CARTESIAN_POINT ( 'NONE',  ( -18.07925092719625937, -3.231021328864539299, 0.000000000000000000 ) ) ;
#6179 = FACE_OUTER_BOUND ( 'NONE', #4912, .T. ) ;
#6180 =( GEOMETRIC_REPRESENTATION_CONTEXT ( 3 ) GLOBAL_UNCERTAINTY_ASSIGNED_CONTEXT ( ( #7247 ) ) GLOBAL_UNIT_ASSIGNED_CONTEXT ( ( #7494, #436, #1981 ) ) REPRESENTATION_CONTEXT ( 'NONE', 'WORKASPACE' ) );
#6181 = CARTESIAN_POINT ( 'NONE',  ( -18.84567156929378129, -3.421883347829183464, -0.1000000000000000056 ) ) ;
#6182 = CARTESIAN_POINT ( 'NONE',  ( -19.05795916059220119, 0.8836621475219728072, 0.000000000000000000 ) ) ;
#6183 = EDGE_CURVE ( 'NONE', #5162, #1911, #9127, .T. ) ;
#6184 = ORIENTED_EDGE ( 'NONE', *, *, #266, .T. ) ;
#6185 = ORIENTED_EDGE ( 'NONE', *, *, #7833, .T. ) ;
#6186 = DIRECTION ( 'NONE',  ( 1.000000000000000000, 0.000000000000000000, 0.000000000000000000 ) ) ;
#6187 = CARTESIAN_POINT ( 'NONE',  ( -18.67409608659131592, -3.063794140091490981, -0.1000000000000000056 ) ) ;
#6188 = SURFACE_STYLE_USAGE ( .BOTH. , #4085 ) ;
#6189 = CARTESIAN_POINT ( 'NONE',  ( -20.07586286853400637, 3.323271735683105188, 2.710505431213761085E-17 ) ) ;
#6190 =( GEOMETRIC_REPRESENTATION_CONTEXT ( 3 ) GLOBAL_UNCERTAINTY_ASSIGNED_CONTEXT ( ( #4084 ) ) GLOBAL_UNIT_ASSIGNED_CONTEXT ( ( #5996, #3795, #4533 ) ) REPRESENTATION_CONTEXT ( 'NONE', 'WORKASPACE' ) );
#6191 = CARTESIAN_POINT ( 'NONE',  ( -18.44437177477880851, -1.299007434844970943, 0.000000000000000000 ) ) ;
#6192 = EDGE_CURVE ( 'NONE', #4645, #8005, #7547, .T. ) ;
#6193 = EDGE_CURVE ( 'NONE', #2987, #8301, #7725, .T. ) ;
#6194 = CARTESIAN_POINT ( 'NONE',  ( -20.10982705601517040, 3.608228001548793529, 0.000000000000000000 ) ) ;
#6195 = CARTESIAN_POINT ( 'NONE',  ( -2.999999999999995559, 8.294999999999998153, 5.700000000000000178 ) ) ;
#6196 = EDGE_CURVE ( 'NONE', #5652, #8472, #4274, .T. ) ;
#6197 = DIRECTION ( 'NONE',  ( 1.000000000000000000, 0.000000000000000000, 0.000000000000000000 ) ) ;
#6198 = CARTESIAN_POINT ( 'NONE',  ( -18.16627101717993042, -1.045787264506022440, 0.000000000000000000 ) ) ;
#6199 = CARTESIAN_POINT ( 'NONE',  ( -20.01532449787428902, -0.3188158622882812376, -0.1000000000000000056 ) ) ;
#6200 = CARTESIAN_POINT ( 'NONE',  ( -18.66747826556861867, 2.240450974000034456, -0.1000000000000000056 ) ) ;
#6201 = B_SPLINE_SURFACE_WITH_KNOTS ( 'NONE', 3, 1, ( 
 ( #6507, #66 ),
 ( #7878, #5743 ),
 ( #5697, #2856 ),
 ( #5644, #4852 ),
 ( #6456, #1450 ),
 ( #3607, #4895 ),
 ( #4301, #6309 ) ),
 .UNSPECIFIED., .F., .F., .F.,
 ( 4, 1, 1, 1, 4 ),
 ( 2, 2 ),
 ( 0.000000000000000000, 0.08977327424520940846, 0.2835811563816762471, 0.5900183244039752806, 1.000000000000000000 ),
 ( 0.000000000000000000, 1.000000000000000000 ),
 .UNSPECIFIED. ) ;
#6202 = CARTESIAN_POINT ( 'NONE',  ( -18.21746023288989846, 2.339211536964302063, 0.000000000000000000 ) ) ;
#6203 = CARTESIAN_POINT ( 'NONE',  ( -19.86497304736181491, 0.03852478027343772538, 0.000000000000000000 ) ) ;
#6204 = ORIENTED_EDGE ( 'NONE', *, *, #2758, .T. ) ;
#6205 = DIRECTION ( 'NONE',  ( 0.000000000000000000, -1.000000000000000000, 0.000000000000000000 ) ) ;
#6206 = CARTESIAN_POINT ( 'NONE',  ( -19.56273197639652750, 2.930058214934319505, 0.000000000000000000 ) ) ;
#6207 = FACE_OUTER_BOUND ( 'NONE', #2750, .T. ) ;
#6208 = ORIENTED_EDGE ( 'NONE', *, *, #188, .F. ) ;
#6209 = CARTESIAN_POINT ( 'NONE',  ( -19.43558226723079230, 3.942369181315102278, -0.1000000000000000056 ) ) ;
#6210 = CARTESIAN_POINT ( 'NONE',  ( 0.000000000000000000, -8.406000000000007688, 3.100000000000000089 ) ) ;
#6211 = FACE_OUTER_BOUND ( 'NONE', #2050, .T. ) ;
#6212 = CARTESIAN_POINT ( 'NONE',  ( -18.05551227389380031, -3.476861419677735210, 0.000000000000000000 ) ) ;
#6213 = ORIENTED_EDGE ( 'NONE', *, *, #8739, .T. ) ;
#6214 = SURFACE_SIDE_STYLE ('',( #3283 ) ) ;
#6215 = DIRECTION ( 'NONE',  ( 0.000000000000000000, 0.000000000000000000, 1.000000000000000000 ) ) ;
#6216 = CARTESIAN_POINT ( 'NONE',  ( -19.21658231589904986, -2.736142614346155799, -0.1000000000000000056 ) ) ;
#6217 = CARTESIAN_POINT ( 'NONE',  ( -18.22804157293182570, 1.019081164068401657, -0.1000000000000000056 ) ) ;
#6218 = ORIENTED_EDGE ( 'NONE', *, *, #7598, .F. ) ;
#6219 = EDGE_CURVE ( 'NONE', #706, #2681, #6061, .T. ) ;
#6220 = FACE_OUTER_BOUND ( 'NONE', #6365, .T. ) ;
#6221 = CARTESIAN_POINT ( 'NONE',  ( -19.02864900624958722, 4.200166769040226455, -0.1000000000000000056 ) ) ;
#6222 = LINE ( 'NONE', #1845, #7082 ) ;
#6223 = CARTESIAN_POINT ( 'NONE',  ( -19.33997570640790542, -4.058776797439029416, -0.1000000000000000056 ) ) ;
#6224 = CARTESIAN_POINT ( 'NONE',  ( -19.06879091929940273, 2.966247304095039450, -0.000000000000000000 ) ) ;
#6225 = ORIENTED_EDGE ( 'NONE', *, *, #716, .F. ) ;
#6226 = ORIENTED_EDGE ( 'NONE', *, *, #1189, .T. ) ;
#6227 = DIRECTION ( 'NONE',  ( -1.000000000000000000, 0.000000000000000000, 0.000000000000000000 ) ) ;
#6228 = CARTESIAN_POINT ( 'NONE',  ( -18.72123792344973481, -2.952509599442533883, -0.1000000000000000056 ) ) ;
#6229 = UNCERTAINTY_MEASURE_WITH_UNIT (LENGTH_MEASURE( 1.000000000000000082E-05 ), #479, 'distance_accuracy_value', 'NONE');
#6230 =( LENGTH_UNIT ( ) NAMED_UNIT ( * ) SI_UNIT ( .MILLI., .METRE. ) );
#6231 = CARTESIAN_POINT ( 'NONE',  ( -20.06088285102987356, 3.278195185078712548, 2.710505431213761085E-17 ) ) ;
#6232 = SURFACE_SIDE_STYLE ('',( #6896 ) ) ;
#6233 = CARTESIAN_POINT ( 'NONE',  ( -19.96291385323578282, 4.045791009444256403, 0.000000000000000000 ) ) ;
#6234 = CARTESIAN_POINT ( 'NONE',  ( -19.95085120338801943, -0.6966564432779951410, -0.1000000000000000056 ) ) ;
#6235 = CARTESIAN_POINT ( 'NONE',  ( -18.59485919772192375, -3.120908501942953439, 0.000000000000000000 ) ) ;
#6236 = STYLED_ITEM ( 'NONE', ( #7286 ), #7939 ) ;
#6237 = ADVANCED_FACE ( 'NONE', ( #5627 ), #5525, .T. ) ;
#6238 = CARTESIAN_POINT ( 'NONE',  ( -19.75069316590477086, 3.344688240829602588, 0.000000000000000000 ) ) ;
#6239 =( GEOMETRIC_REPRESENTATION_CONTEXT ( 3 ) GLOBAL_UNCERTAINTY_ASSIGNED_CONTEXT ( ( #4726 ) ) GLOBAL_UNIT_ASSIGNED_CONTEXT ( ( #307, #4583, #349 ) ) REPRESENTATION_CONTEXT ( 'NONE', 'WORKASPACE' ) );
#6240 = ADVANCED_FACE ( 'NONE', ( #1482 ), #783, .T. ) ;
#6241 = CARTESIAN_POINT ( 'NONE',  ( -18.95442381360733819, -1.583930288950602394, 0.000000000000000000 ) ) ;
#6242 = CARTESIAN_POINT ( 'NONE',  ( -18.36438238923829402, 1.966593809753808708, 0.000000000000000000 ) ) ;
#6243 = MECHANICAL_DESIGN_GEOMETRIC_PRESENTATION_REPRESENTATION (  '', ( #5484 ), #6703 ) ;
#6244 = CARTESIAN_POINT ( 'NONE',  ( -19.56900382164791807, 3.229972694038570680, 0.000000000000000000 ) ) ;
#6245 = DIRECTION ( 'NONE',  ( -0.000000000000000000, -0.000000000000000000, 1.000000000000000000 ) ) ;
#6246 = EDGE_LOOP ( 'NONE', ( #5715, #392, #6477, #1890 ) ) ;
#6247 = CARTESIAN_POINT ( 'NONE',  ( -19.63000446066806148, 2.920752780387354086, -0.1000000000000000056 ) ) ;
#6248 = DIRECTION ( 'NONE',  ( 0.000000000000000000, 0.000000000000000000, 1.000000000000000000 ) ) ;
#6249 = DIRECTION ( 'NONE',  ( -0.000000000000000000, -0.000000000000000000, 1.000000000000000000 ) ) ;
#6250 = CARTESIAN_POINT ( 'NONE',  ( -19.18567664197073697, -1.219624181369367788, -0.1000000000000000056 ) ) ;
#6251 = VECTOR ( 'NONE', #7476, 1000.000000000000000 ) ;
#6252 = CARTESIAN_POINT ( 'NONE',  ( -19.76193638663392349, -3.698509865551297349, -0.1000000000000000056 ) ) ;
#6253 = B_SPLINE_CURVE_WITH_KNOTS ( 'NONE', 3,
 ( #1530, #5816, #2278, #3206, #7531, #3892, #386, #3676, #427, #6748, #1128 ),
 .UNSPECIFIED., .F., .F.,
 ( 4, 1, 1, 1, 1, 1, 1, 1, 4 ),
 ( 0.000000000000000000, 0.1515349140366612501, 0.2951833311682299232, 0.4316645165703371645, 0.5605629551313724424, 0.6814775220066758843, 0.7952699730428639535, 0.9010484770174718161, 1.000000000000000000 ),
 .UNSPECIFIED. ) ;
#6254 = CARTESIAN_POINT ( 'NONE',  ( -19.49999999999999289, -8.444999999999998508, 3.000000000000000000 ) ) ;
#6255 = FILL_AREA_STYLE_COLOUR ( '', #5705 ) ;
#6256 = PRESENTATION_STYLE_ASSIGNMENT (( #2005 ) ) ;
#6257 = ORIENTED_EDGE ( 'NONE', *, *, #293, .T. ) ;
#6258 = AXIS2_PLACEMENT_3D ( 'NONE', #6195, #9068, #1095 ) ;
#6259 = AXIS2_PLACEMENT_3D ( 'NONE', #3881, #8109, #3697 ) ;
#6260 = PRESENTATION_STYLE_ASSIGNMENT (( #2568 ) ) ;
#6261 = CARTESIAN_POINT ( 'NONE',  ( -19.79623886856958848, 2.493356301358681026, -0.1000000000000000056 ) ) ;
#6262 = VECTOR ( 'NONE', #4975, 1000.000000000000000 ) ;
#6263 = ORIENTED_EDGE ( 'NONE', *, *, #6937, .T. ) ;
#6264 = CARTESIAN_POINT ( 'NONE',  ( -20.09683531966418357, -2.212967923694697081, 0.000000000000000000 ) ) ;
#6265 = CIRCLE ( 'NONE', #4182, 1.000000000000000444 ) ;
#6266 = AXIS2_PLACEMENT_3D ( 'NONE', #2190, #7246, #6588 ) ;
#6267 = CARTESIAN_POINT ( 'NONE',  ( -19.64352926209400607, -2.706555749100298947, 0.000000000000000000 ) ) ;
#6268 = CARTESIAN_POINT ( 'NONE',  ( -18.91652171837176866, -1.298160403048310707, -0.1000000000000000056 ) ) ;
#6269 = CARTESIAN_POINT ( 'NONE',  ( -18.26017516909643490, 1.020505377451578877, -0.1000000000000000056 ) ) ;
#6270 = VERTEX_POINT ( 'NONE', #3764 ) ;
#6271 = CARTESIAN_POINT ( 'NONE',  ( -18.24085958759604509, -0.3340333975192067983, 0.000000000000000000 ) ) ;
#6272 = STYLED_ITEM ( 'NONE', ( #4972 ), #1900 ) ;
#6273 = CARTESIAN_POINT ( 'NONE',  ( -19.95218837269773715, -4.030719109037423920, -0.1000000000000000056 ) ) ;
#6274 = CARTESIAN_POINT ( 'NONE',  ( -19.49898763476416264, -3.911067797342937968, 0.000000000000000000 ) ) ;
#6275 = CARTESIAN_POINT ( 'NONE',  ( -19.21658231589904986, -2.736142614346155799, -0.1000000000000000056 ) ) ;
#6276 = CARTESIAN_POINT ( 'NONE',  ( -18.84567156929378129, -3.421883347829183464, 0.000000000000000000 ) ) ;
#6277 = ORIENTED_EDGE ( 'NONE', *, *, #3849, .T. ) ;
#6278 = EDGE_CURVE ( 'NONE', #6704, #1730, #7906, .T. ) ;
#6279 = VERTEX_POINT ( 'NONE', #8043 ) ;
#6280 =( LENGTH_UNIT ( ) NAMED_UNIT ( * ) SI_UNIT ( .MILLI., .METRE. ) );
#6281 = B_SPLINE_SURFACE_WITH_KNOTS ( 'NONE', 3, 1, ( 
 ( #4704, #5499 ),
 ( #4658, #8997 ),
 ( #3237, #1962 ),
 ( #6824, #1072 ),
 ( #3880, #1160 ),
 ( #6121, #7558 ),
 ( #2484, #8336 ),
 ( #6739, #415 ),
 ( #8149, #7431 ),
 ( #333, #3923 ),
 ( #7518, #4014 ),
 ( #6781, #6872 ),
 ( #6166, #2617 ),
 ( #5448, #8286 ),
 ( #1914, #7159 ) ),
 .UNSPECIFIED., .F., .F., .F.,
 ( 4, 1, 1, 1, 1, 1, 1, 1, 1, 1, 1, 1, 4 ),
 ( 2, 2 ),
 ( 0.000000000000000000, 0.1291033786422653429, 0.2441426434766920395, 0.3462024750724035926, 0.4346600576605188504, 0.5126693494362447590, 0.5849445756870438329, 0.6514981264037603692, 0.7135209959564828841, 0.7761447469526167042, 0.8439525286289458750, 0.9186818151574834834, 0.9999999999999998890 ),
 ( 0.000000000000000000, 1.000000000000000000 ),
 .UNSPECIFIED. ) ;
#6282 = STYLED_ITEM ( 'NONE', ( #7829 ), #2738 ) ;
#6283 = CARTESIAN_POINT ( 'NONE',  ( 6.080000000000007176, -8.406000000000005912, -0.09999999999999982514 ) ) ;
#6284 = CARTESIAN_POINT ( 'NONE',  ( -19.87500209550502461, 3.019232253218170126, 2.710505431213761085E-17 ) ) ;
#6285 = AXIS2_PLACEMENT_3D ( 'NONE', #6367, #5655, #4953 ) ;
#6286 = CARTESIAN_POINT ( 'NONE',  ( -18.08148919675925725, 1.912047460668984789, -0.1000000000000000056 ) ) ;
#6287 = CARTESIAN_POINT ( 'NONE',  ( -18.42182099812873375, -1.403777985227941061, -0.1000000000000000056 ) ) ;
#6288 = DIRECTION ( 'NONE',  ( -0.000000000000000000, -0.000000000000000000, 1.000000000000000000 ) ) ;
#6289 = CARTESIAN_POINT ( 'NONE',  ( -18.12898359105253121, 0.9468244697510702634, 0.000000000000000000 ) ) ;
#6290 = CARTESIAN_POINT ( 'NONE',  ( -18.80910952411781523, 2.261095884313887527, 0.000000000000000000 ) ) ;
#6291 = VECTOR ( 'NONE', #4468, 1000.000000000000000 ) ;
#6292 = EDGE_CURVE ( 'NONE', #8895, #6798, #8088, .T. ) ;
#6293 =( NAMED_UNIT ( * ) PLANE_ANGLE_UNIT ( ) SI_UNIT ( $, .RADIAN. ) );
#6294 = CARTESIAN_POINT ( 'NONE',  ( -19.86697954633439522, -0.3467230224609372802, -0.1000000000000000056 ) ) ;
#6295 = CARTESIAN_POINT ( 'NONE',  ( -19.25142666988181617, -1.663012017102727391, -0.1000000000000000056 ) ) ;
#6296 = CARTESIAN_POINT ( 'NONE',  ( -18.14439319488221258, 4.197543939735908225, 0.000000000000000000 ) ) ;
#6297 = CARTESIAN_POINT ( 'NONE',  ( -20.11001571888853690, 1.957553808380801508, -0.1000000000000000056 ) ) ;
#6298 = VERTEX_POINT ( 'NONE', #2461 ) ;
#6299 = CARTESIAN_POINT ( 'NONE',  ( -19.66181958825609399, 2.922646890899428751, -0.1000000000000000056 ) ) ;
#6300 = CARTESIAN_POINT ( 'NONE',  ( -18.46018341094351101, -1.263853075448103658, -0.1000000000000000056 ) ) ;
#6301 = LINE ( 'NONE', #5594, #6483 ) ;
#6302 = CARTESIAN_POINT ( 'NONE',  ( -19.49898763476416264, -3.911067797342937968, 0.000000000000000000 ) ) ;
#6303 = CARTESIAN_POINT ( 'NONE',  ( -18.67409608659131592, -3.063794140091490981, 0.000000000000000000 ) ) ;
#6304 = CARTESIAN_POINT ( 'NONE',  ( -19.22952053141110795, 3.146292656476582739, 0.000000000000000000 ) ) ;
#6305 = CARTESIAN_POINT ( 'NONE',  ( -18.31473825908644670, -0.8444035786909709351, 0.000000000000000000 ) ) ;
#6306 = FILL_AREA_STYLE_COLOUR ( '', #1173 ) ;
#6307 = ORIENTED_EDGE ( 'NONE', *, *, #2389, .F. ) ;
#6308 = DIRECTION ( 'NONE',  ( -0.000000000000000000, -0.000000000000000000, -1.000000000000000000 ) ) ;
#6309 = CARTESIAN_POINT ( 'NONE',  ( -18.97850180127823805, 2.980854873657224680, 0.000000000000000000 ) ) ;
#6310 = AXIS2_PLACEMENT_3D ( 'NONE', #26, #7215, #8688 ) ;
#6311 = CYLINDRICAL_SURFACE ( 'NONE', #2711, 8.000000000000000000 ) ;
#6312 = CARTESIAN_POINT ( 'NONE',  ( -19.76220112758461056, -2.754742640392168873, -0.1000000000000000056 ) ) ;
#6313 = CARTESIAN_POINT ( 'NONE',  ( -19.46929144997005068, -2.683893025716146852, 0.000000000000000000 ) ) ;
#6314 = CARTESIAN_POINT ( 'NONE',  ( -18.69804681897088017, -1.143447392940908136, 1.355252715606880543E-17 ) ) ;
#6315 = CARTESIAN_POINT ( 'NONE',  ( -18.66974818125608593, 2.593668212188491751, 0.000000000000000000 ) ) ;
#6316 = ORIENTED_EDGE ( 'NONE', *, *, #7355, .T. ) ;
#6317 = CARTESIAN_POINT ( 'NONE',  ( -18.12002084228869947, -0.2160849281736285932, 0.000000000000000000 ) ) ;
#6318 = CARTESIAN_POINT ( 'NONE',  ( -18.32197533745173956, 3.094422715504962174, 0.000000000000000000 ) ) ;
#6319 = EDGE_CURVE ( 'NONE', #6833, #6508, #2414, .T. ) ;
#6320 = CARTESIAN_POINT ( 'NONE',  ( -18.26017516909643490, 1.020505377451578877, -0.1000000000000000056 ) ) ;
#6321 = CARTESIAN_POINT ( 'NONE',  ( -19.49898763476416264, -3.911067797342937968, -0.1000000000000000056 ) ) ;
#6322 = DIRECTION ( 'NONE',  ( -0.000000000000000000, 0.000000000000000000, 1.000000000000000000 ) ) ;
#6323 = ORIENTED_EDGE ( 'NONE', *, *, #2524, .T. ) ;
#6324 = CIRCLE ( 'NONE', #353, 0.5000000000000013323 ) ;
#6325 = ORIENTED_EDGE ( 'NONE', *, *, #1545, .F. ) ;
#6326 = CARTESIAN_POINT ( 'NONE',  ( -19.11093204691738023, 1.605235546185691309, -0.000000000000000000 ) ) ;
#6327 = CARTESIAN_POINT ( 'NONE',  ( -18.31231436618611497, 1.429638291497783875, -0.1000000000000000056 ) ) ;
#6328 = UNCERTAINTY_MEASURE_WITH_UNIT (LENGTH_MEASURE( 1.000000000000000082E-05 ), #720, 'distance_accuracy_value', 'NONE');
#6329 = CARTESIAN_POINT ( 'NONE',  ( -18.41871891620819213, -1.440083633723454382, 0.000000000000000000 ) ) ;
#6330 = CARTESIAN_POINT ( 'NONE',  ( -19.71095689674960028, 2.935049362506112924, -0.1000000000000000056 ) ) ;
#6331 = CARTESIAN_POINT ( 'NONE',  ( -18.09486671718724438, 1.779084946726448235, -0.1000000000000000056 ) ) ;
#6332 = CARTESIAN_POINT ( 'NONE',  ( -19.12102701733996923, 0.8731431154950455298, -0.1000000000000000056 ) ) ;
#6333 = EDGE_CURVE ( 'NONE', #1338, #6560, #8888, .T. ) ;
#6334 = SURFACE_STYLE_FILL_AREA ( #8606 ) ;
#6335 = CARTESIAN_POINT ( 'NONE',  ( -19.29771789823721662, -3.203046340898052513, -0.1000000000000000056 ) ) ;
#6336 = CARTESIAN_POINT ( 'NONE',  ( -19.78033292502522755, -3.653726360876522694, -0.1000000000000000056 ) ) ;
#6337 =( GEOMETRIC_REPRESENTATION_CONTEXT ( 3 ) GLOBAL_UNCERTAINTY_ASSIGNED_CONTEXT ( ( #3771 ) ) GLOBAL_UNIT_ASSIGNED_CONTEXT ( ( #6658, #864, #7315 ) ) REPRESENTATION_CONTEXT ( 'NONE', 'WORKASPACE' ) );
#6338 = CARTESIAN_POINT ( 'NONE',  ( -18.14888636828996127, -1.084761868821189745, 0.000000000000000000 ) ) ;
#6339 = VECTOR ( 'NONE', #3664, 1000.000000000000000 ) ;
#6340 = CARTESIAN_POINT ( 'NONE',  ( -18.54322014289402887, 2.203087240436032879, -0.1000000000000000056 ) ) ;
#6341 = LINE ( 'NONE', #5628, #6262 ) ;
#6342 = ADVANCED_FACE ( 'NONE', ( #3901, #2502 ), #4461, .F. ) ;
#6343 = CARTESIAN_POINT ( 'NONE',  ( -18.57553924735805850, -3.130312652799043693, -0.000000000000000000 ) ) ;
#6344 = VERTEX_POINT ( 'NONE', #8799 ) ;
#6345 = CARTESIAN_POINT ( 'NONE',  ( -19.92118362722515457, -2.322818647053108254, -0.1000000000000000056 ) ) ;
#6346 = CARTESIAN_POINT ( 'NONE',  ( -18.41507688977921475, 3.408640454610186943, 0.000000000000000000 ) ) ;
#6347 = DIRECTION ( 'NONE',  ( -0.000000000000000000, -0.000000000000000000, -1.000000000000000000 ) ) ;
#6348 = CARTESIAN_POINT ( 'NONE',  ( -19.13914245259985591, -1.067082963931367923, 1.355252715606880543E-17 ) ) ;
#6349 = CARTESIAN_POINT ( 'NONE',  ( -19.18262432963927822, 3.016799516188040542, -0.1000000000000000056 ) ) ;
#6350 = CARTESIAN_POINT ( 'NONE',  ( -18.85811186292374586, 3.331590894063311659, -0.1000000000000000056 ) ) ;
#6351 = DIRECTION ( 'NONE',  ( 0.000000000000000000, 0.000000000000000000, 1.000000000000000000 ) ) ;
#6352 = CARTESIAN_POINT ( 'NONE',  ( -19.63647508782394624, 2.205337947062619097, -0.1000000000000000056 ) ) ;
#6353 = ADVANCED_FACE ( 'NONE', ( #5256 ), #3376, .T. ) ;
#6354 = CARTESIAN_POINT ( 'NONE',  ( -5.080000000000000071, -8.406000000000007688, -0.09999999999999982514 ) ) ;
#6355 = ORIENTED_EDGE ( 'NONE', *, *, #694, .F. ) ;
#6356 = CARTESIAN_POINT ( 'NONE',  ( -19.60161779831326712, 3.919494934691880150, 0.000000000000000000 ) ) ;
#6357 = CARTESIAN_POINT ( 'NONE',  ( -19.56871230903987779, -1.348871396252154353, -0.000000000000000000 ) ) ;
#6358 = B_SPLINE_SURFACE_WITH_KNOTS ( 'NONE', 3, 1, ( 
 ( #3639, #837 ),
 ( #7867, #5735 ),
 ( #1488, #4466 ),
 ( #7335, #3680 ),
 ( #7201, #141 ),
 ( #8711, #927 ),
 ( #881, #3040 ),
 ( #4423, #7917 ),
 ( #3597, #5030 ),
 ( #5172, #5824 ),
 ( #3770, #4385 ) ),
 .UNSPECIFIED., .F., .F., .F.,
 ( 4, 1, 1, 1, 1, 1, 1, 1, 4 ),
 ( 2, 2 ),
 ( 0.000000000000000000, 0.1245655558609946312, 0.2459908538353197949, 0.3703277289655541038, 0.4997907297413654026, 0.6288999521096533263, 0.7511677673232211028, 0.8724590602375718040, 1.000000000000000000 ),
 ( 0.000000000000000000, 1.000000000000000000 ),
 .UNSPECIFIED. ) ;
#6359 = ORIENTED_EDGE ( 'NONE', *, *, #2748, .T. ) ;
#6360 = ADVANCED_FACE ( 'NONE', ( #1896 ), #7036, .T. ) ;
#6361 = CARTESIAN_POINT ( 'NONE',  ( -19.72361074902013911, -2.736127809225429086, 0.000000000000000000 ) ) ;
#6362 = CARTESIAN_POINT ( 'NONE',  ( -19.46808755058650675, 3.074357725779213624, -0.1000000000000000056 ) ) ;
#6363 =( NAMED_UNIT ( * ) SI_UNIT ( $, .STERADIAN. ) SOLID_ANGLE_UNIT ( ) );
#6364 = DIRECTION ( 'NONE',  ( 0.000000000000000000, 1.000000000000000000, 0.000000000000000000 ) ) ;
#6365 = EDGE_LOOP ( 'NONE', ( #1088, #8029, #4241, #4642 ) ) ;
#6366 = CARTESIAN_POINT ( 'NONE',  ( -19.95218837269773715, -4.030719109037423920, 0.000000000000000000 ) ) ;
#6367 = CARTESIAN_POINT ( 'NONE',  ( 1.733856114238818296E-15, 9.994999999999999218, 5.700000000000000178 ) ) ;
#6368 = CARTESIAN_POINT ( 'NONE',  ( -19.79098457583688031, -3.355224522487846528, -0.1000000000000000056 ) ) ;
#6369 = CARTESIAN_POINT ( 'NONE',  ( -18.64982994737486877, -3.847135242184588133, -0.1000000000000000056 ) ) ;
#6370 = VERTEX_POINT ( 'NONE', #7496 ) ;
#6371 = ORIENTED_EDGE ( 'NONE', *, *, #3470, .T. ) ;
#6372 = CARTESIAN_POINT ( 'NONE',  ( -19.79595660174143745, 1.802112463718664070, 0.000000000000000000 ) ) ;
#6373 = EDGE_CURVE ( 'NONE', #8377, #4433, #5578, .T. ) ;
#6374 = SURFACE_STYLE_FILL_AREA ( #3529 ) ;
#6375 = B_SPLINE_CURVE_WITH_KNOTS ( 'NONE', 3,
 ( #5298, #4504, #7415, #1055, #968, #2326, #1669, #8130, #190, #8709, #2368 ),
 .UNSPECIFIED., .F., .F.,
 ( 4, 1, 1, 1, 1, 1, 1, 1, 4 ),
 ( 0.000000000000000000, 0.1101625006635518211, 0.2237862920302668979, 0.3420968782149917398, 0.4645085467891499897, 0.5913958755837638304, 0.7228974131495211619, 0.8585750899710251627, 1.000000000000000000 ),
 .UNSPECIFIED. ) ;
#6376 = CARTESIAN_POINT ( 'NONE',  ( -18.38258111257201932, -4.175232627234126248, -0.1000000000000000056 ) ) ;
#6377 = CARTESIAN_POINT ( 'NONE',  ( -19.76337537573471792, 2.955233192249349994, 2.710505431213761085E-17 ) ) ;
#6378 = CARTESIAN_POINT ( 'NONE',  ( -18.10679400200810818, 1.732538063876646328, 0.000000000000000000 ) ) ;
#6379 = DIRECTION ( 'NONE',  ( 1.000000000000000000, 0.000000000000000000, 0.000000000000000000 ) ) ;
#6380 = ORIENTED_EDGE ( 'NONE', *, *, #4233, .T. ) ;
#6381 = CARTESIAN_POINT ( 'NONE',  ( -19.14183575131425030, 2.632229245829619035, -0.1000000000000000056 ) ) ;
#6382 = CARTESIAN_POINT ( 'NONE',  ( -19.35093585094681501, 1.255380462291809440, -0.1000000000000000056 ) ) ;
#6383 = CARTESIAN_POINT ( 'NONE',  ( -20.10369538454544625, 1.841654894363345951, 0.000000000000000000 ) ) ;
#6384 = CARTESIAN_POINT ( 'NONE',  ( -18.08119546074275519, 1.929449412027993915, 0.000000000000000000 ) ) ;
#6385 = EDGE_CURVE ( 'NONE', #1112, #2306, #5164, .T. ) ;
#6386 = FILL_AREA_STYLE_COLOUR ( '', #1804 ) ;
#6387 = CARTESIAN_POINT ( 'NONE',  ( -18.37448798777871062, 2.024516972470239651, -0.1000000000000000056 ) ) ;
#6388 = DIRECTION ( 'NONE',  ( 0.000000000000000000, 1.000000000000000000, 0.000000000000000000 ) ) ;
#6389 = CARTESIAN_POINT ( 'NONE',  ( -20.11016722181046390, 1.942692305246987994, -0.1000000000000000056 ) ) ;
#6390 = VERTEX_POINT ( 'NONE', #4041 ) ;
#6391 = DIRECTION ( 'NONE',  ( 1.000000000000000000, 0.000000000000000000, 0.000000000000000000 ) ) ;
#6392 = CARTESIAN_POINT ( 'NONE',  ( -19.14170910583254326, 2.272893639037486313, 0.000000000000000000 ) ) ;
#6393 = CARTESIAN_POINT ( 'NONE',  ( -20.11002305806498924, -0.8812320341059820539, -0.000000000000000000 ) ) ;
#6394 =( NAMED_UNIT ( * ) SI_UNIT ( $, .STERADIAN. ) SOLID_ANGLE_UNIT ( ) );
#6395 = ADVANCED_FACE ( 'NONE', ( #6147 ), #2591, .T. ) ;
#6396 = STYLED_ITEM ( 'NONE', ( #7848 ), #1306 ) ;
#6397 = CARTESIAN_POINT ( 'NONE',  ( -19.22861314458832283, 3.103091687465670212, -0.1000000000000000056 ) ) ;
#6398 = EDGE_CURVE ( 'NONE', #2306, #3108, #3669, .T. ) ;
#6399 = VECTOR ( 'NONE', #7334, 1000.000000000000000 ) ;
#6400 = CARTESIAN_POINT ( 'NONE',  ( -20.01532449787428902, -0.3188158622882812376, 0.000000000000000000 ) ) ;
#6401 = CARTESIAN_POINT ( 'NONE',  ( -19.45479736277855309, 2.250393775802476348, -0.1000000000000000056 ) ) ;
#6402 = FACE_OUTER_BOUND ( 'NONE', #1268, .T. ) ;
#6403 = ORIENTED_EDGE ( 'NONE', *, *, #2626, .F. ) ;
#6404 = CARTESIAN_POINT ( 'NONE',  ( -18.44336311142743057, -3.216252043506112823, -0.1000000000000000056 ) ) ;
#6405 = DIRECTION ( 'NONE',  ( -0.000000000000000000, -0.000000000000000000, 1.000000000000000000 ) ) ;
#6406 = CIRCLE ( 'NONE', #7164, 1.000000000000001776 ) ;
#6407 = ORIENTED_EDGE ( 'NONE', *, *, #4690, .T. ) ;
#6408 = CARTESIAN_POINT ( 'NONE',  ( -18.79197942421374634, -3.629173216096271304, -0.1000000000000000056 ) ) ;
#6409 = CARTESIAN_POINT ( 'NONE',  ( -19.90099884885801274, -4.087338382032381645, 0.000000000000000000 ) ) ;
#6410 = DIRECTION ( 'NONE',  ( -0.000000000000000000, 0.000000000000000000, -1.000000000000000000 ) ) ;
#6411 = ORIENTED_EDGE ( 'NONE', *, *, #1763, .F. ) ;
#6412 = AXIS2_PLACEMENT_3D ( 'NONE', #6168, #3973, #6783 ) ;
#6413 = PLANE ( 'NONE',  #9100 ) ;
#6414 = CARTESIAN_POINT ( 'NONE',  ( -18.41348154157584460, 0.8741935645647732622, -0.1000000000000000056 ) ) ;
#6415 = CARTESIAN_POINT ( 'NONE',  ( -4.999999999999995559, 8.294999999999998153, 6.000000000000000000 ) ) ;
#6416 =( NAMED_UNIT ( * ) PLANE_ANGLE_UNIT ( ) SI_UNIT ( $, .RADIAN. ) );
#6417 = CIRCLE ( 'NONE', #4465, 1.000000000000000444 ) ;
#6418 = ORIENTED_EDGE ( 'NONE', *, *, #659, .F. ) ;
#6419 = VECTOR ( 'NONE', #482, 1000.000000000000000 ) ;
#6420 = ORIENTED_EDGE ( 'NONE', *, *, #2144, .T. ) ;
#6421 = CARTESIAN_POINT ( 'NONE',  ( -18.45663055021851662, -2.777736892617174380, -0.1000000000000000056 ) ) ;
#6422 = UNCERTAINTY_MEASURE_WITH_UNIT (LENGTH_MEASURE( 1.000000000000000082E-05 ), #195, 'distance_accuracy_value', 'NONE');
#6423 = CARTESIAN_POINT ( 'NONE',  ( -22.50000000000000000, -10.44500000000000028, 3.000000000000000000 ) ) ;
#6424 = CARTESIAN_POINT ( 'NONE',  ( -19.09258504277726232, -0.9710836895441161687, 0.000000000000000000 ) ) ;
#6425 = CIRCLE ( 'NONE', #8333, 0.5000000000000013323 ) ;
#6426 = DIRECTION ( 'NONE',  ( -0.000000000000000000, -0.000000000000000000, -1.000000000000000000 ) ) ;
#6427 = ORIENTED_EDGE ( 'NONE', *, *, #1646, .F. ) ;
#6428 = CARTESIAN_POINT ( 'NONE',  ( 12.50000000000000000, 0.000000000000000000, 15.50000000000000000 ) ) ;
#6429 = AXIS2_PLACEMENT_3D ( 'NONE', #145, #3130, #2287 ) ;
#6430 = LINE ( 'NONE', #7138, #6173 ) ;
#6431 = CARTESIAN_POINT ( 'NONE',  ( -19.25785423172354172, -3.293840183780594622, -0.1000000000000000056 ) ) ;
#6432 = ADVANCED_FACE ( 'NONE', ( #9165 ), #1949, .T. ) ;
#6433 = CARTESIAN_POINT ( 'NONE',  ( -18.66747826556861867, 2.240450974000034456, 0.000000000000000000 ) ) ;
#6434 = AXIS2_PLACEMENT_3D ( 'NONE', #7658, #1170, #6925 ) ;
#6435 = EDGE_CURVE ( 'NONE', #4302, #1908, #6127, .T. ) ;
#6436 = CARTESIAN_POINT ( 'NONE',  ( -18.21164312074031955, 1.527246127566215916, 0.000000000000000000 ) ) ;
#6437 = EDGE_LOOP ( 'NONE', ( #6617, #513, #3874, #4034 ) ) ;
#6438 = CARTESIAN_POINT ( 'NONE',  ( -19.89131670961232246, 1.458963722893769743, -0.1000000000000000056 ) ) ;
#6439 = CARTESIAN_POINT ( 'NONE',  ( -18.36789316504813030, 1.996476020748247038, -0.1000000000000000056 ) ) ;
#6440 = CARTESIAN_POINT ( 'NONE',  ( -19.80098619822726747, -3.544947653133361243, 0.000000000000000000 ) ) ;
#6441 = AXIS2_PLACEMENT_3D ( 'NONE', #3727, #6592, #7378 ) ;
#6442 = CARTESIAN_POINT ( 'NONE',  ( -18.37539239558712012, -3.300675855702474237, 0.000000000000000000 ) ) ;
#6443 = VERTEX_POINT ( 'NONE', #3581 ) ;
#6444 = DIRECTION ( 'NONE',  ( -0.000000000000000000, -0.000000000000000000, -1.000000000000000000 ) ) ;
#6445 = COLOUR_RGB ( '',1.000000000000000000, 0.9607843137254902244, 0.8901960784313724950 ) ;
#6446 = CARTESIAN_POINT ( 'NONE',  ( 1.540000000000004032, -8.406000000000007688, 0.000000000000000000 ) ) ;
#6447 = CARTESIAN_POINT ( 'NONE',  ( -18.76324503603567351, -4.204110896737042857, 0.000000000000000000 ) ) ;
#6448 = CARTESIAN_POINT ( 'NONE',  ( -19.68780008667961923, -3.802502500860125867, 0.000000000000000000 ) ) ;
#6449 = CARTESIAN_POINT ( 'NONE',  ( -18.63632329495037254, -2.795654559959158902, 0.000000000000000000 ) ) ;
#6450 = CARTESIAN_POINT ( 'NONE',  ( -19.50858291302021286, 2.241682809937265652, -0.1000000000000000056 ) ) ;
#6451 = DIRECTION ( 'NONE',  ( -0.000000000000000000, -0.000000000000000000, -1.000000000000000000 ) ) ;
#6452 = EDGE_LOOP ( 'NONE', ( #5280, #4002, #1628, #6596 ) ) ;
#6453 = CARTESIAN_POINT ( 'NONE',  ( -19.48642499572146747, -3.916015650172579132, -0.1000000000000000056 ) ) ;
#6454 = ADVANCED_FACE ( 'NONE', ( #9211 ), #5670, .T. ) ;
#6455 = CARTESIAN_POINT ( 'NONE',  ( -18.35409247072949057, -3.357915788221014886, 0.000000000000000000 ) ) ;
#6456 = CARTESIAN_POINT ( 'NONE',  ( -19.01341534788206289, 2.974955146931854699, -0.1000000000000000056 ) ) ;
#6457 = ORIENTED_EDGE ( 'NONE', *, *, #6498, .T. ) ;
#6458 = CARTESIAN_POINT ( 'NONE',  ( -19.83471580746224916, -2.801693080352995135, -0.1000000000000000056 ) ) ;
#6459 = DIRECTION ( 'NONE',  ( 0.000000000000000000, 0.000000000000000000, 1.000000000000000000 ) ) ;
#6460 = CARTESIAN_POINT ( 'NONE',  ( -18.84617127735252140, -1.193339398963113362, -0.1000000000000000056 ) ) ;
#6461 = FACE_OUTER_BOUND ( 'NONE', #3205, .T. ) ;
#6462 = CARTESIAN_POINT ( 'NONE',  ( -19.15802710124050989, 2.994698815054058105, 0.000000000000000000 ) ) ;
#6463 = CARTESIAN_POINT ( 'NONE',  ( -18.84139122874377392, 1.614569266218613519, -0.1000000000000000056 ) ) ;
#6464 = CIRCLE ( 'NONE', #7369, 7.000000000000002665 ) ;
#6465 = CARTESIAN_POINT ( 'NONE',  ( -18.35043340456985206, 0.9947142086122785498, 0.000000000000000000 ) ) ;
#6466 = ADVANCED_FACE ( 'NONE', ( #4275 ), #6951, .T. ) ;
#6467 = FILL_AREA_STYLE_COLOUR ( '', #8240 ) ;
#6468 = CARTESIAN_POINT ( 'NONE',  ( -18.83103903897599452, -3.483002716030036972, -0.1000000000000000056 ) ) ;
#6469 = VERTEX_POINT ( 'NONE', #7273 ) ;
#6470 = ORIENTED_EDGE ( 'NONE', *, *, #3540, .T. ) ;
#6471 = LINE ( 'NONE', #4317, #2063 ) ;
#6472 = CARTESIAN_POINT ( 'NONE',  ( -20.09674023784777219, -2.053243427651604058, -0.1000000000000000056 ) ) ;
#6473 = CARTESIAN_POINT ( 'NONE',  ( -18.05551227389380031, -3.476861419677735210, -0.1000000000000000056 ) ) ;
#6474 = CARTESIAN_POINT ( 'NONE',  ( -18.66858346115367695, -0.7323280900487826317, -0.000000000000000000 ) ) ;
#6475 = ADVANCED_FACE ( 'NONE', ( #261 ), #4451, .T. ) ;
#6476 = LINE ( 'NONE', #5900, #302 ) ;
#6477 = ORIENTED_EDGE ( 'NONE', *, *, #1144, .T. ) ;
#6478 = CARTESIAN_POINT ( 'NONE',  ( -19.14780852565607461, 0.8584722728092487598, 0.000000000000000000 ) ) ;
#6479 = CARTESIAN_POINT ( 'NONE',  ( -18.35673136128233907, 2.464235634271176867, 0.000000000000000000 ) ) ;
#6480 = CARTESIAN_POINT ( 'NONE',  ( -19.20541313640307024, 1.246244083037329808, -0.1000000000000000056 ) ) ;
#6481 = STYLED_ITEM ( 'NONE', ( #64 ), #4709 ) ;
#6482 = DIRECTION ( 'NONE',  ( -0.000000000000000000, -0.000000000000000000, 1.000000000000000000 ) ) ;
#6483 = VECTOR ( 'NONE', #1487, 1000.000000000000000 ) ;
#6484 = SURFACE_SIDE_STYLE ('',( #5722 ) ) ;
#6485 = ORIENTED_EDGE ( 'NONE', *, *, #8367, .T. ) ;
#6486 = DIRECTION ( 'NONE',  ( -1.000000000000000000, 0.000000000000000000, 0.000000000000000000 ) ) ;
#6488 = EDGE_CURVE ( 'NONE', #4537, #6785, #7185, .T. ) ;
#6487 = STYLED_ITEM ( 'NONE', ( #5592 ), #4865 ) ;
#6489 = CARTESIAN_POINT ( 'NONE',  ( -18.85791725871653313, 2.265723448395527306, -0.1000000000000000056 ) ) ;
#6490 = CARTESIAN_POINT ( 'NONE',  ( -19.37049631803411742, -1.486425891049862003, -0.1000000000000000056 ) ) ;
#6491 = CARTESIAN_POINT ( 'NONE',  ( -18.26298426765803740, 4.248159624735512452, -0.1000000000000000056 ) ) ;
#6492 = CARTESIAN_POINT ( 'NONE',  ( -18.10687864759171362, 4.044299329121905373, -0.1000000000000000056 ) ) ;
#6493 = FACE_BOUND ( 'NONE', #2637, .T. ) ;
#6494 = VECTOR ( 'NONE', #5898, 1000.000000000000000 ) ;
#6495 = PRESENTATION_LAYER_ASSIGNMENT (  '', '', ( #369 ) ) ;
#6496 = DIRECTION ( 'NONE',  ( 0.000000000000000000, 1.000000000000000000, 0.000000000000000000 ) ) ;
#6497 = CARTESIAN_POINT ( 'NONE',  ( -18.85811186292374586, 3.331590894063311659, 0.000000000000000000 ) ) ;
#6498 = EDGE_CURVE ( 'NONE', #2409, #7707, #6663, .T. ) ;
#6499 = DIRECTION ( 'NONE',  ( 1.000000000000000000, 0.000000000000000000, 0.000000000000000000 ) ) ;
#6500 = CARTESIAN_POINT ( 'NONE',  ( -18.35614933036229957, -0.8151891519104490502, -0.1000000000000000056 ) ) ;
#6501 = B_SPLINE_CURVE_WITH_KNOTS ( 'NONE', 3,
 ( #3289, #5124, #7960, #187, #3981, #7283, #342, #3036, #875, #8614, #6001 ),
 .UNSPECIFIED., .F., .F.,
 ( 4, 1, 1, 1, 1, 1, 1, 1, 4 ),
 ( 0.000000000000000000, 0.1286683721050298490, 0.2512973715702621069, 0.3723609026645586240, 0.4976410587710396460, 0.6232104981565530499, 0.7450252415600343570, 0.8684631259765674960, 1.000000000000000000 ),
 .UNSPECIFIED. ) ;
#6502 = CARTESIAN_POINT ( 'NONE',  ( -19.07962934949600964, 2.272962036132811559, -0.1000000000000000056 ) ) ;
#6503 = CARTESIAN_POINT ( 'NONE',  ( -19.96404186933357039, -0.6979881106803730306, -0.1000000000000000056 ) ) ;
#6504 = ORIENTED_EDGE ( 'NONE', *, *, #3954, .T. ) ;
#6505 = CARTESIAN_POINT ( 'NONE',  ( -19.34816872794252873, -4.031204492169765174, -0.1000000000000000056 ) ) ;
#6506 = DIRECTION ( 'NONE',  ( 1.000000000000000000, 0.000000000000000000, 0.000000000000000000 ) ) ;
#6507 = CARTESIAN_POINT ( 'NONE',  ( -19.07160335360571324, 2.966006781260170921, -0.1000000000000000056 ) ) ;
#6508 = VERTEX_POINT ( 'NONE', #3109 ) ;
#6509 = DIRECTION ( 'NONE',  ( -0.000000000000000000, -0.000000000000000000, 1.000000000000000000 ) ) ;
#6510 = CARTESIAN_POINT ( 'NONE',  ( -19.51784872510636148, -4.262606417338054676, 0.000000000000000000 ) ) ;
#6511 = CARTESIAN_POINT ( 'NONE',  ( -19.92531867118307431, -0.6991694752234125509, -0.1000000000000000056 ) ) ;
#6512 = DIRECTION ( 'NONE',  ( -0.1713411747512474659, 0.9852117548196746011, 0.000000000000000000 ) ) ;
#6513 = DIRECTION ( 'NONE',  ( -0.000000000000000000, 0.000000000000000000, -1.000000000000000000 ) ) ;
#6514 = SURFACE_SIDE_STYLE ('',( #2966 ) ) ;
#6515 = CARTESIAN_POINT ( 'NONE',  ( -19.13358201143107351, 3.843744442782654147, 0.000000000000000000 ) ) ;
#6516 = ORIENTED_EDGE ( 'NONE', *, *, #3012, .F. ) ;
#6517 = CARTESIAN_POINT ( 'NONE',  ( -19.82765216647192119, 1.938278007507323153, 1.355252715606880543E-17 ) ) ;
#6518 = CARTESIAN_POINT ( 'NONE',  ( -18.05551227389380031, -3.476861419677735210, -0.1000000000000000056 ) ) ;
#6519 = ADVANCED_FACE ( 'NONE', ( #2314, #1000 ), #4578, .F. ) ;
#6520 = UNCERTAINTY_MEASURE_WITH_UNIT (LENGTH_MEASURE( 1.000000000000000082E-05 ), #5359, 'distance_accuracy_value', 'NONE');
#6521 = ADVANCED_FACE ( 'NONE', ( #7568 ), #6088, .T. ) ;
#6522 = CARTESIAN_POINT ( 'NONE',  ( -18.22576376836059708, 3.119886247786107347, 0.000000000000000000 ) ) ;
#6523 = DIRECTION ( 'NONE',  ( -0.000000000000000000, -0.000000000000000000, 1.000000000000000000 ) ) ;
#6524 = CARTESIAN_POINT ( 'NONE',  ( -18.44437177477880851, -1.299007434844970943, -0.1000000000000000056 ) ) ;
#6525 = VERTEX_POINT ( 'NONE', #5415 ) ;
#6526 = CARTESIAN_POINT ( 'NONE',  ( -19.21035654920517999, 0.7421552665478529098, -0.1000000000000000056 ) ) ;
#6527 = CARTESIAN_POINT ( 'NONE',  ( -18.91190360907055279, 0.7803690654780860436, -0.1000000000000000056 ) ) ;
#6528 = CARTESIAN_POINT ( 'NONE',  ( -19.33924569433329665, -4.078080516445619530, -0.000000000000000000 ) ) ;
#6529 = CARTESIAN_POINT ( 'NONE',  ( -19.92531867118307431, -0.6991694752234125509, -0.1000000000000000056 ) ) ;
#6530 = CARTESIAN_POINT ( 'NONE',  ( -19.87500209550502461, 3.019232253218170126, 0.000000000000000000 ) ) ;
#6531 = ORIENTED_EDGE ( 'NONE', *, *, #7649, .T. ) ;
#6532 = EDGE_CURVE ( 'NONE', #7626, #2062, #3174, .T. ) ;
#6533 = CARTESIAN_POINT ( 'NONE',  ( -19.99267185805429747, 1.570639979065268532, -0.1000000000000000056 ) ) ;
#6534 = CARTESIAN_POINT ( 'NONE',  ( -19.35140707272520899, -3.130916015438224509, 1.355252715606880543E-17 ) ) ;
#6535 = CARTESIAN_POINT ( 'NONE',  ( -19.04156436645812178, 3.691616293608123822, -0.1000000000000000056 ) ) ;
#6536 = DIRECTION ( 'NONE',  ( -0.000000000000000000, -0.000000000000000000, 1.000000000000000000 ) ) ;
#6537 = CARTESIAN_POINT ( 'NONE',  ( -22.50000000000000000, 10.44500000000000028, 3.000000000000000000 ) ) ;
#6538 = CARTESIAN_POINT ( 'NONE',  ( -18.34941839419621346, -4.156536443180423923, 0.000000000000000000 ) ) ;
#6539 = PRESENTATION_STYLE_ASSIGNMENT (( #193 ) ) ;
#6540 = DIRECTION ( 'NONE',  ( -0.000000000000000000, -0.000000000000000000, -1.000000000000000000 ) ) ;
#6541 = CARTESIAN_POINT ( 'NONE',  ( -2.540000000000000036, -8.406000000000007688, -0.09999999999999982514 ) ) ;
#6542 = CARTESIAN_POINT ( 'NONE',  ( -19.77994383601010853, 2.101385360727319629, -0.1000000000000000056 ) ) ;
#6543 = CARTESIAN_POINT ( 'NONE',  ( -19.95085120338801943, -0.6966564432779951410, -0.1000000000000000056 ) ) ;
#6544 = EDGE_LOOP ( 'NONE', ( #260, #6156 ) ) ;
#6545 = CARTESIAN_POINT ( 'NONE',  ( -19.36058333988673752, -4.005800585986644791, 0.000000000000000000 ) ) ;
#6546 = CARTESIAN_POINT ( 'NONE',  ( -18.85811186292374586, 3.331590894063311659, -0.1000000000000000056 ) ) ;
#6547 = CARTESIAN_POINT ( 'NONE',  ( -19.73481591685363057, 2.148329389107063836, 1.355252715606880543E-17 ) ) ;
#6548 = PRESENTATION_LAYER_ASSIGNMENT (  '', '', ( #6236 ) ) ;
#6549 = ORIENTED_EDGE ( 'NONE', *, *, #7272, .F. ) ;
#6550 = CARTESIAN_POINT ( 'NONE',  ( -19.03936543268366322, -3.980627007053595179, -0.1000000000000000056 ) ) ;
#6551 = ADVANCED_FACE ( 'NONE', ( #6220 ), #4113, .T. ) ;
#6552 = CARTESIAN_POINT ( 'NONE',  ( -19.05990683459227597, 2.967007081926710921, -0.1000000000000000056 ) ) ;
#6553 = LINE ( 'NONE', #3693, #6720 ) ;
#6554 = CARTESIAN_POINT ( 'NONE',  ( -18.29503355311960178, 4.246363793808039411, 0.000000000000000000 ) ) ;
#6555 = CARTESIAN_POINT ( 'NONE',  ( 4.080000000000003624, -8.406000000000005912, 0.000000000000000000 ) ) ;
#6556 = CARTESIAN_POINT ( 'NONE',  ( -18.45663055021851662, -2.777736892617174380, -0.1000000000000000056 ) ) ;
#6557 = PRESENTATION_LAYER_ASSIGNMENT (  '', '', ( #6845 ) ) ;
#6558 = PRESENTATION_STYLE_ASSIGNMENT (( #6035 ) ) ;
#6559 =( NAMED_UNIT ( * ) SI_UNIT ( $, .STERADIAN. ) SOLID_ANGLE_UNIT ( ) );
#6560 = VERTEX_POINT ( 'NONE', #2065 ) ;
#6561 = DIRECTION ( 'NONE',  ( -0.000000000000000000, 0.000000000000000000, -1.000000000000000000 ) ) ;
#6562 = CARTESIAN_POINT ( 'NONE',  ( -19.46808755058650675, 3.074357725779213624, -0.1000000000000000056 ) ) ;
#6563 = VECTOR ( 'NONE', #9078, 1000.000000000000000 ) ;
#6564 = CARTESIAN_POINT ( 'NONE',  ( -20.09356565443837894, -0.9801998085736823851, -0.1000000000000000056 ) ) ;
#6565 = CARTESIAN_POINT ( 'NONE',  ( -4.699999999999995737, 8.294999999999998153, 6.000000000000000000 ) ) ;
#6566 = ORIENTED_EDGE ( 'NONE', *, *, #6892, .F. ) ;
#6567 = DIRECTION ( 'NONE',  ( -1.000000000000000000, 0.000000000000000000, 0.000000000000000000 ) ) ;
#6568 = ORIENTED_EDGE ( 'NONE', *, *, #850, .T. ) ;
#6569 = FILL_AREA_STYLE_COLOUR ( '', #3449 ) ;
#6570 = EDGE_LOOP ( 'NONE', ( #1936, #6092, #409, #434, #2397, #2678, #4812, #5552, #4654, #8914, #7956, #6920, #8207, #2010 ) ) ;
#6571 = FACE_OUTER_BOUND ( 'NONE', #4708, .T. ) ;
#6572 = CARTESIAN_POINT ( 'NONE',  ( -18.92527715501157104, 0.8125186821202161624, -0.1000000000000000056 ) ) ;
#6573 = DIRECTION ( 'NONE',  ( -0.000000000000000000, 0.000000000000000000, 1.000000000000000000 ) ) ;
#6574 = CARTESIAN_POINT ( 'NONE',  ( -19.35625438807534593, -1.033986697313229453, -0.1000000000000000056 ) ) ;
#6575 = ORIENTED_EDGE ( 'NONE', *, *, #2253, .F. ) ;
#6576 = DIRECTION ( 'NONE',  ( 0.000000000000000000, 0.000000000000000000, 1.000000000000000000 ) ) ;
#6577 = MECHANICAL_DESIGN_GEOMETRIC_PRESENTATION_REPRESENTATION (  '', ( #597 ), #7327 ) ;
#6578 = CARTESIAN_POINT ( 'NONE',  ( -19.96174249689398295, 1.530994431903278441, -0.1000000000000000056 ) ) ;
#6579 = VECTOR ( 'NONE', #2211, 1000.000000000000000 ) ;
#6580 = CARTESIAN_POINT ( 'NONE',  ( -3.540000000000000480, -8.406000000000007688, 3.100000000000000089 ) ) ;
#6581 = CARTESIAN_POINT ( 'NONE',  ( -19.04156436645812178, 3.691616293608123822, 0.000000000000000000 ) ) ;
#6582 = CARTESIAN_POINT ( 'NONE',  ( -19.65059208571690519, 3.900560260640551391, 0.000000000000000000 ) ) ;
#6583 = AXIS2_PLACEMENT_3D ( 'NONE', #6054, #8887, #1666 ) ;
#6584 = CARTESIAN_POINT ( 'NONE',  ( -19.33993023907989794, -1.516453738450251887, -0.1000000000000000056 ) ) ;
#6585 = CARTESIAN_POINT ( 'NONE',  ( -18.48984084254921356, -4.213216925003779423, -0.1000000000000000056 ) ) ;
#6586 = EDGE_CURVE ( 'NONE', #3791, #8134, #8825, .T. ) ;
#6587 = AXIS2_PLACEMENT_3D ( 'NONE', #6626, #3076, #352 ) ;
#6588 = DIRECTION ( 'NONE',  ( -1.000000000000000000, 0.000000000000000000, 0.000000000000000000 ) ) ;
#6589 = UNCERTAINTY_MEASURE_WITH_UNIT (LENGTH_MEASURE( 1.000000000000000082E-05 ), #6914, 'distance_accuracy_value', 'NONE');
#6590 = DIRECTION ( 'NONE',  ( -0.000000000000000000, -0.000000000000000000, 1.000000000000000000 ) ) ;
#6591 = AXIS2_PLACEMENT_3D ( 'NONE', #8907, #896, #287 ) ;
#6592 = DIRECTION ( 'NONE',  ( -0.000000000000000000, 0.000000000000000000, -1.000000000000000000 ) ) ;
#6593 = ORIENTED_EDGE ( 'NONE', *, *, #6373, .F. ) ;
#6594 = EDGE_CURVE ( 'NONE', #7787, #2380, #2163, .T. ) ;
#6595 = CARTESIAN_POINT ( 'NONE',  ( -20.11016722181046745, -0.8904842440287276117, -0.1000000000000000056 ) ) ;
#6596 = ORIENTED_EDGE ( 'NONE', *, *, #3356, .T. ) ;
#6597 = CARTESIAN_POINT ( 'NONE',  ( 5.080000000000005400, -8.406000000000005912, 3.100000000000000089 ) ) ;
#6598 = CARTESIAN_POINT ( 'NONE',  ( -19.52243069679823151, -3.069354279737747326, -0.1000000000000000056 ) ) ;
#6599 = FACE_OUTER_BOUND ( 'NONE', #6600, .T. ) ;
#6600 = EDGE_LOOP ( 'NONE', ( #471, #4054, #7484, #934 ) ) ;
#6601 = CARTESIAN_POINT ( 'NONE',  ( -19.76473815090729502, 1.758881379167298364, -0.1000000000000000056 ) ) ;
#6602 = SHAPE_DEFINITION_REPRESENTATION ( #1440, #2384 ) ;
#6603 = B_SPLINE_SURFACE_WITH_KNOTS ( 'NONE', 3, 1, ( 
 ( #5548, #6302 ),
 ( #1299, #2145 ),
 ( #8384, #7012 ),
 ( #8479, #7783 ),
 ( #4887, #4151 ),
 ( #1394, #5736 ),
 ( #4941, #6448 ),
 ( #2754, #4342 ),
 ( #2710, #2902 ),
 ( #6252, #3549 ),
 ( #2095, #7108 ),
 ( #4202, #8577 ),
 ( #10, #2001 ),
 ( #4247, #2191 ),
 ( #701, #603 ) ),
 .UNSPECIFIED., .F., .F., .F.,
 ( 4, 1, 1, 1, 1, 1, 1, 1, 1, 1, 1, 1, 4 ),
 ( 2, 2 ),
 ( 0.000000000000000000, 0.08746920846939179595, 0.1688274040181861058, 0.2449515997949324453, 0.3154329728852033887, 0.3848614173371596170, 0.4560008808743482578, 0.5304747800843313543, 0.6090604505790907508, 0.6938447258498844361, 0.7858670613342996214, 0.8880768554850440033, 1.000000000000000000 ),
 ( 0.000000000000000000, 1.000000000000000000 ),
 .UNSPECIFIED. ) ;
#6604 = CARTESIAN_POINT ( 'NONE',  ( -19.03579168062076477, -0.8917009304929819358, -0.1000000000000000056 ) ) ;
#6605 = CARTESIAN_POINT ( 'NONE',  ( -19.46922577237993934, -0.9416367777884928625, 0.000000000000000000 ) ) ;
#6606 = CARTESIAN_POINT ( 'NONE',  ( -19.46845898600781055, 3.083618670278870155, -0.000000000000000000 ) ) ;
#6607 = CARTESIAN_POINT ( 'NONE',  ( -18.41619446829940898, -2.790441669161609628, 0.000000000000000000 ) ) ;
#6608 = CARTESIAN_POINT ( 'NONE',  ( -20.02287329472199318, -0.7176548243293278118, 0.000000000000000000 ) ) ;
#6609 = DIRECTION ( 'NONE',  ( -1.000000000000000000, 0.000000000000000000, 0.000000000000000000 ) ) ;
#6610 = DIRECTION ( 'NONE',  ( -0.000000000000000000, -0.000000000000000000, -1.000000000000000000 ) ) ;
#6611 = EDGE_LOOP ( 'NONE', ( #1063, #4147 ) ) ;
#6612 = CARTESIAN_POINT ( 'NONE',  ( -19.98994887594774639, 4.008625046620607257, 0.000000000000000000 ) ) ;
#6613 = CARTESIAN_POINT ( 'NONE',  ( -20.11016722181046745, -0.1532965215047198959, -0.1000000000000000056 ) ) ;
#6614 = CARTESIAN_POINT ( 'NONE',  ( -18.41507688977921475, -1.939080607096354436, -0.1000000000000000056 ) ) ;
#6615 = CARTESIAN_POINT ( 'NONE',  ( -18.93074843047948619, -3.118931762363307492, -0.1000000000000000056 ) ) ;
#6616 = CARTESIAN_POINT ( 'NONE',  ( -20.07724859382345173, -0.04289354505377143689, -0.1000000000000000056 ) ) ;
#6617 = ORIENTED_EDGE ( 'NONE', *, *, #7527, .F. ) ;
#6618 = SURFACE_STYLE_USAGE ( .BOTH. , #6705 ) ;
#6619 = CARTESIAN_POINT ( 'NONE',  ( -18.73098022016369413, -3.767342767871441733, 0.000000000000000000 ) ) ;
#6620 = LINE ( 'NONE', #5116, #296 ) ;
#6621 = CARTESIAN_POINT ( 'NONE',  ( -18.47487055916194976, 2.529392604827880309, 0.000000000000000000 ) ) ;
#6622 = ORIENTED_EDGE ( 'NONE', *, *, #3514, .F. ) ;
#6623 = CARTESIAN_POINT ( 'NONE',  ( -18.35274376823787890, -3.651016510651722058, 0.000000000000000000 ) ) ;
#6624 = CARTESIAN_POINT ( 'NONE',  ( -19.71632692653898644, 1.345111161223359719, -0.1000000000000000056 ) ) ;
#6625 = ADVANCED_FACE ( 'NONE', ( #5003 ), #3522, .T. ) ;
#6626 = CARTESIAN_POINT ( 'NONE',  ( -2.999999999999995559, 8.294999999999998153, 5.700000000000000178 ) ) ;
#6627 = STYLED_ITEM ( 'NONE', ( #8138 ), #3968 ) ;
#6628 = CARTESIAN_POINT ( 'NONE',  ( -19.85333535332088317, 3.595646158854164831, 0.000000000000000000 ) ) ;
#6629 = CARTESIAN_POINT ( 'NONE',  ( -19.85333535332087962, 3.595646158854164387, -0.1000000000000000056 ) ) ;
#6630 = CARTESIAN_POINT ( 'NONE',  ( -18.60689819155737013, -4.224884236653646319, -0.1000000000000000056 ) ) ;
#6631 = FACE_OUTER_BOUND ( 'NONE', #920, .T. ) ;
#6632 = CIRCLE ( 'NONE', #4080, 0.2999999999999999334 ) ;
#6633 =( NAMED_UNIT ( * ) PLANE_ANGLE_UNIT ( ) SI_UNIT ( $, .RADIAN. ) );
#6634 = EDGE_CURVE ( 'NONE', #280, #3262, #7797, .T. ) ;
#6635 = ADVANCED_FACE ( 'NONE', ( #4262 ), #6413, .T. ) ;
#6636 = SURFACE_STYLE_USAGE ( .BOTH. , #6018 ) ;
#6637 = CARTESIAN_POINT ( 'NONE',  ( -19.12939052401586792, 1.245634562174478210, -0.1000000000000000056 ) ) ;
#6638 = ORIENTED_EDGE ( 'NONE', *, *, #2592, .T. ) ;
#6639 = SURFACE_SIDE_STYLE ('',( #5085 ) ) ;
#6640 = EDGE_LOOP ( 'NONE', ( #6964, #4470, #7612, #3113 ) ) ;
#6641 = CARTESIAN_POINT ( 'NONE',  ( -18.89763503771467157, -1.257536317682812266, -0.1000000000000000056 ) ) ;
#6642 = CARTESIAN_POINT ( 'NONE',  ( -19.31217078307000179, 2.266072109619344577, 1.355252715606880543E-17 ) ) ;
#6643 = ORIENTED_EDGE ( 'NONE', *, *, #291, .F. ) ;
#6644 = CARTESIAN_POINT ( 'NONE',  ( -18.90239379365844030, -4.134429430201347344, 0.000000000000000000 ) ) ;
#6645 = CIRCLE ( 'NONE', #673, 1.000000000000001776 ) ;
#6646 = CARTESIAN_POINT ( 'NONE',  ( -19.98288292307847769, -2.966466662586350278, -0.1000000000000000056 ) ) ;
#6647 = EDGE_CURVE ( 'NONE', #2220, #8611, #4439, .T. ) ;
#6648 = B_SPLINE_CURVE_WITH_KNOTS ( 'NONE', 3,
 ( #7163, #6357, #800, #5786, #3648, #3556, #7699, #2105, #758, #2911, #4353, #1307, #2761, #7020, #3469 ),
 .UNSPECIFIED., .F., .F.,
 ( 4, 1, 1, 1, 1, 1, 1, 1, 1, 1, 1, 1, 4 ),
 ( 0.000000000000000000, 0.1291033786422653429, 0.2441426434766920395, 0.3462024750724035926, 0.4346600576605188504, 0.5126693494362447590, 0.5849445756870438329, 0.6514981264037603692, 0.7135209959564828841, 0.7761447469526167042, 0.8439525286289458750, 0.9186818151574834834, 0.9999999999999998890 ),
 .UNSPECIFIED. ) ;
#6649 = AXIS2_PLACEMENT_3D ( 'NONE', #435, #4867, #1234 ) ;
#6650 = CARTESIAN_POINT ( 'NONE',  ( 20.50000000000000355, 9.797174393178823685E-16, 3.000000000000000000 ) ) ;
#6651 = CARTESIAN_POINT ( 'NONE',  ( -19.46808755058650675, 3.074357725779213624, 0.000000000000000000 ) ) ;
#6652 = CARTESIAN_POINT ( 'NONE',  ( -18.37554480146947000, -2.808851006133118666, 0.000000000000000000 ) ) ;
#6653 = DIRECTION ( 'NONE',  ( -1.000000000000000000, 0.000000000000000000, 0.000000000000000000 ) ) ;
#6654 = DIRECTION ( 'NONE',  ( -1.000000000000000000, 0.000000000000000000, 0.000000000000000000 ) ) ;
#6655 = ORIENTED_EDGE ( 'NONE', *, *, #3393, .F. ) ;
#6656 = CARTESIAN_POINT ( 'NONE',  ( -20.09707077064267366, 3.745070865060717846, 0.000000000000000000 ) ) ;
#6657 = CARTESIAN_POINT ( 'NONE',  ( -18.16325716664534795, -2.268807182184954030, 0.000000000000000000 ) ) ;
#6658 =( LENGTH_UNIT ( ) NAMED_UNIT ( * ) SI_UNIT ( .MILLI., .METRE. ) );
#6659 = CARTESIAN_POINT ( 'NONE',  ( -19.36847621390428387, 1.617041908944811368, 1.355252715606880543E-17 ) ) ;
#6660 = VERTEX_POINT ( 'NONE', #252 ) ;
#6661 = CARTESIAN_POINT ( 'NONE',  ( -18.72166993278865377, -2.941928793589275060, -0.1000000000000000056 ) ) ;
#6662 = ORIENTED_EDGE ( 'NONE', *, *, #506, .T. ) ;
#6663 = LINE ( 'NONE', #1043, #4615 ) ;
#6664 = CARTESIAN_POINT ( 'NONE',  ( -18.74960050822685886, 3.707640721799101424, 0.000000000000000000 ) ) ;
#6665 = CARTESIAN_POINT ( 'NONE',  ( -18.39898421063154288, -3.758442547617231622, -0.1000000000000000056 ) ) ;
#6666 = CARTESIAN_POINT ( 'NONE',  ( -19.23051807223363951, 3.135355294545489446, -0.1000000000000000056 ) ) ;
#6667 = ADVANCED_FACE ( 'NONE', ( #7934 ), #8017, .T. ) ;
#6668 = ORIENTED_EDGE ( 'NONE', *, *, #6278, .F. ) ;
#6669 = CARTESIAN_POINT ( 'NONE',  ( -2.999999999999995115, 9.994999999999999218, 5.700000000000000178 ) ) ;
#6670 = CARTESIAN_POINT ( 'NONE',  ( -19.60857063808489542, 1.304105028515372355, 0.000000000000000000 ) ) ;
#6671 =( LENGTH_UNIT ( ) NAMED_UNIT ( * ) SI_UNIT ( .MILLI., .METRE. ) );
#6672 = DIRECTION ( 'NONE',  ( -1.000000000000000000, 0.000000000000000000, 0.000000000000000000 ) ) ;
#6673 = CARTESIAN_POINT ( 'NONE',  ( -19.73601502913976447, 3.849272128633364876, -0.1000000000000000056 ) ) ;
#6674 = FILL_AREA_STYLE_COLOUR ( '', #5218 ) ;
#6675 = CARTESIAN_POINT ( 'NONE',  ( -18.45311228189248709, -4.202724961912517543, -0.1000000000000000056 ) ) ;
#6676 = CARTESIAN_POINT ( 'NONE',  ( -19.74838470625596187, 2.520578197943517118, 1.355252715606880543E-17 ) ) ;
#6677 = CARTESIAN_POINT ( 'NONE',  ( -18.75087478647185790, 3.749907314064130581, -0.1000000000000000056 ) ) ;
#6678 = CARTESIAN_POINT ( 'NONE',  ( -18.18535202683003860, -0.3090766927518823759, -0.1000000000000000056 ) ) ;
#6679 = CARTESIAN_POINT ( 'NONE',  ( 0.000000000000000000, -8.406000000000007688, 3.100000000000000089 ) ) ;
#6680 = ORIENTED_EDGE ( 'NONE', *, *, #4376, .F. ) ;
#6681 = CARTESIAN_POINT ( 'NONE',  ( 0.000000000000000000, 0.000000000000000000, 3.000000000000000000 ) ) ;
#6682 = EDGE_LOOP ( 'NONE', ( #8939, #1816, #2499, #7034 ) ) ;
#6683 = CARTESIAN_POINT ( 'NONE',  ( -21.49999999999999645, -8.444999999999998508, 3.000000000000000000 ) ) ;
#6684 = CARTESIAN_POINT ( 'NONE',  ( -18.93077236799922503, -1.344544989569531168, -0.1000000000000000056 ) ) ;
#6685 = CARTESIAN_POINT ( 'NONE',  ( -19.69361766170684902, 2.176787198693421743, 1.355252715606880543E-17 ) ) ;
#6686 = EDGE_CURVE ( 'NONE', #3197, #1831, #5645, .T. ) ;
#6687 = ADVANCED_FACE ( 'NONE', ( #3147 ), #8942, .T. ) ;
#6688 = VERTEX_POINT ( 'NONE', #5794 ) ;
#6689 = CARTESIAN_POINT ( 'NONE',  ( -18.62081920701407967, -4.224686994400237872, -0.1000000000000000056 ) ) ;
#6690 = CARTESIAN_POINT ( 'NONE',  ( -19.18567664197073697, -1.219624181369367788, -0.1000000000000000056 ) ) ;
#6691 = CARTESIAN_POINT ( 'NONE',  ( -18.18693728839977553, -0.9997477817269295741, -0.1000000000000000056 ) ) ;
#6692 = CARTESIAN_POINT ( 'NONE',  ( -19.53920026758188655, -4.261525811056581681, -0.1000000000000000056 ) ) ;
#6693 = CARTESIAN_POINT ( 'NONE',  ( -18.05600824963104145, -3.447276945489225586, -0.1000000000000000056 ) ) ;
#6694 = CARTESIAN_POINT ( 'NONE',  ( -20.06266029450879174, -0.7510142499173804165, -0.1000000000000000056 ) ) ;
#6695 = ORIENTED_EDGE ( 'NONE', *, *, #123, .F. ) ;
#6696 = CARTESIAN_POINT ( 'NONE',  ( -18.43260922916593003, 1.746561269311636577, 0.000000000000000000 ) ) ;
#6697 = CARTESIAN_POINT ( 'NONE',  ( -19.95085120338801943, -0.6966564432779951410, 0.000000000000000000 ) ) ;
#6698 = VECTOR ( 'NONE', #1514, 1000.000000000000000 ) ;
#6699 = CARTESIAN_POINT ( 'NONE',  ( -20.10279153031233790, -0.9523810582631637711, -0.1000000000000000056 ) ) ;
#6700 = CARTESIAN_POINT ( 'NONE',  ( -19.82765216647192119, 1.938278007507323153, -0.1000000000000000056 ) ) ;
#6701 = AXIS2_PLACEMENT_3D ( 'NONE', #667, #6970, #5559 ) ;
#6702 = CARTESIAN_POINT ( 'NONE',  ( -19.85333535332087962, 3.595646158854164387, 0.000000000000000000 ) ) ;
#6703 =( GEOMETRIC_REPRESENTATION_CONTEXT ( 3 ) GLOBAL_UNCERTAINTY_ASSIGNED_CONTEXT ( ( #2096 ) ) GLOBAL_UNIT_ASSIGNED_CONTEXT ( ( #8037, #3254, #8841 ) ) REPRESENTATION_CONTEXT ( 'NONE', 'WORKASPACE' ) );
#6704 = VERTEX_POINT ( 'NONE', #8644 ) ;
#6705 = SURFACE_SIDE_STYLE ('',( #3756 ) ) ;
#6706 = CARTESIAN_POINT ( 'NONE',  ( -18.25073307987542037, 4.247630408903493304, -0.000000000000000000 ) ) ;
#6707 = DIRECTION ( 'NONE',  ( 1.000000000000000000, 0.000000000000000000, 0.000000000000000000 ) ) ;
#6708 = CARTESIAN_POINT ( 'NONE',  ( -18.95504362274490262, -3.053188778485784738, 0.000000000000000000 ) ) ;
#6709 =( GEOMETRIC_REPRESENTATION_CONTEXT ( 3 ) GLOBAL_UNCERTAINTY_ASSIGNED_CONTEXT ( ( #84 ) ) GLOBAL_UNIT_ASSIGNED_CONTEXT ( ( #1627, #5831, #4429 ) ) REPRESENTATION_CONTEXT ( 'NONE', 'WORKASPACE' ) );
#6710 = ORIENTED_EDGE ( 'NONE', *, *, #2147, .F. ) ;
#6711 = CARTESIAN_POINT ( 'NONE',  ( -19.71953124170191174, -3.184397308317086672, 0.000000000000000000 ) ) ;
#6712 = CARTESIAN_POINT ( 'NONE',  ( -18.48690955299739258, 1.331914017995197819, -0.1000000000000000056 ) ) ;
#6713 = MECHANICAL_DESIGN_GEOMETRIC_PRESENTATION_REPRESENTATION (  '', ( #158 ), #5501 ) ;
#6714 = EDGE_CURVE ( 'NONE', #1661, #1152, #7354, .T. ) ;
#6715 = VECTOR ( 'NONE', #8691, 1000.000000000000000 ) ;
#6716 = CARTESIAN_POINT ( 'NONE',  ( -19.35100300207924917, -4.157808329342947751, 0.000000000000000000 ) ) ;
#6717 = LINE ( 'NONE', #6057, #4325 ) ;
#6718 = CARTESIAN_POINT ( 'NONE',  ( -18.25762662035246819, -4.085810590166641276, -0.1000000000000000056 ) ) ;
#6719 = CARTESIAN_POINT ( 'NONE',  ( -19.77026629585628115, 2.509327615102131315, -0.1000000000000000056 ) ) ;
#6720 = VECTOR ( 'NONE', #8686, 1000.000000000000000 ) ;
#6721 = CARTESIAN_POINT ( 'NONE',  ( -18.31156212009818063, -0.3458104432236250858, -0.1000000000000000056 ) ) ;
#6722 =( LENGTH_UNIT ( ) NAMED_UNIT ( * ) SI_UNIT ( .MILLI., .METRE. ) );
#6723 = ORIENTED_EDGE ( 'NONE', *, *, #630, .F. ) ;
#6724 = CIRCLE ( 'NONE', #8497, 0.5000000000000004441 ) ;
#6725 = CARTESIAN_POINT ( 'NONE',  ( -19.46845898600781055, 3.083618670278870155, 0.000000000000000000 ) ) ;
#6726 = CARTESIAN_POINT ( 'NONE',  ( -18.44971230982399391, -1.287133705498147318, -0.1000000000000000056 ) ) ;
#6727 = VERTEX_POINT ( 'NONE', #8772 ) ;
#6728 = VECTOR ( 'NONE', #4871, 1000.000000000000000 ) ;
#6729 = CARTESIAN_POINT ( 'NONE',  ( -20.11016722181046745, 3.590429261525470039, -0.1000000000000000056 ) ) ;
#6730 = CARTESIAN_POINT ( 'NONE',  ( -19.69361766170684902, 2.176787198693421743, -0.1000000000000000056 ) ) ;
#6731 = CIRCLE ( 'NONE', #7611, 0.2999999999999999334 ) ;
#6732 = VERTEX_POINT ( 'NONE', #5235 ) ;
#6733 = CARTESIAN_POINT ( 'NONE',  ( -19.07599676306207570, -3.911613713349327170, -0.1000000000000000056 ) ) ;
#6734 = CARTESIAN_POINT ( 'NONE',  ( -19.88722773055933146, -1.939569463028618213, -0.1000000000000000056 ) ) ;
#6735 = CARTESIAN_POINT ( 'NONE',  ( -19.06591622162019917, -0.9289924687492073785, -0.1000000000000000056 ) ) ;
#6736 = EDGE_CURVE ( 'NONE', #3866, #6443, #5952, .T. ) ;
#6737 = EDGE_CURVE ( 'NONE', #8256, #5380, #3833, .T. ) ;
#6738 = CARTESIAN_POINT ( 'NONE',  ( -18.10687864759171362, -2.082745933532715199, 0.000000000000000000 ) ) ;
#6739 = CARTESIAN_POINT ( 'NONE',  ( -19.30509461402094828, -1.554695239767356130, -0.1000000000000000056 ) ) ;
#6740 = FILL_AREA_STYLE_COLOUR ( '', #4249 ) ;
#6741 = EDGE_LOOP ( 'NONE', ( #8871, #5223, #2732, #714 ) ) ;
#6742 = CARTESIAN_POINT ( 'NONE',  ( -20.05708089332155808, 3.885039332380009647, 0.000000000000000000 ) ) ;
#6743 = CARTESIAN_POINT ( 'NONE',  ( -19.35625438807534593, -1.033986697313229453, 0.000000000000000000 ) ) ;
#6744 = DIRECTION ( 'NONE',  ( -0.000000000000000000, -0.000000000000000000, 1.000000000000000000 ) ) ;
#6745 = CARTESIAN_POINT ( 'NONE',  ( -18.86509963437059767, -3.341126413205097734, -0.1000000000000000056 ) ) ;
#6746 = CARTESIAN_POINT ( 'NONE',  ( -18.97850180127823805, 2.980854873657224680, -0.1000000000000000056 ) ) ;
#6747 = ORIENTED_EDGE ( 'NONE', *, *, #7365, .T. ) ;
#6748 = CARTESIAN_POINT ( 'NONE',  ( -18.50714439442518255, 1.324648708584006185, -0.000000000000000000 ) ) ;
#6749 = PRESENTATION_STYLE_ASSIGNMENT (( #7948 ) ) ;
#6750 = CARTESIAN_POINT ( 'NONE',  ( -19.39059585632677241, -4.214519543126007406, 0.000000000000000000 ) ) ;
#6751 = PRESENTATION_STYLE_ASSIGNMENT (( #4672 ) ) ;
#6752 = VERTEX_POINT ( 'NONE', #6034 ) ;
#6753 = CYLINDRICAL_SURFACE ( 'NONE', #733, 0.5000000000000013323 ) ;
#6754 = CARTESIAN_POINT ( 'NONE',  ( -19.73923445366678919, -3.213860117287928642, 0.000000000000000000 ) ) ;
#6755 = CARTESIAN_POINT ( 'NONE',  ( 2.540000000000004476, -8.406000000000007688, 3.100000000000000089 ) ) ;
#6756 = SURFACE_SIDE_STYLE ('',( #312 ) ) ;
#6757 = CARTESIAN_POINT ( 'NONE',  ( -18.27388415006262079, 4.247548867096269554, -0.1000000000000000056 ) ) ;
#6758 = CARTESIAN_POINT ( 'NONE',  ( -18.63632329495037254, -2.795654559959158902, -0.1000000000000000056 ) ) ;
#6759 = CARTESIAN_POINT ( 'NONE',  ( -18.11625726035600437, -3.861474514890980814, 0.000000000000000000 ) ) ;
#6760 = EDGE_CURVE ( 'NONE', #1801, #516, #6851, .T. ) ;
#6761 = FACE_OUTER_BOUND ( 'NONE', #3527, .T. ) ;
#6762 = CARTESIAN_POINT ( 'NONE',  ( -20.10834900551997961, -2.090822708434528554, 0.000000000000000000 ) ) ;
#6763 = PRESENTATION_LAYER_ASSIGNMENT (  '', '', ( #1689 ) ) ;
#6764 = EDGE_LOOP ( 'NONE', ( #4015, #3580 ) ) ;
#6765 =( LENGTH_UNIT ( ) NAMED_UNIT ( * ) SI_UNIT ( .MILLI., .METRE. ) );
#6766 = ADVANCED_FACE ( 'NONE', ( #8955 ), #3277, .T. ) ;
#6767 = CARTESIAN_POINT ( 'NONE',  ( -18.48859093015320454, 2.173999165827406710, -0.1000000000000000056 ) ) ;
#6768 = ORIENTED_EDGE ( 'NONE', *, *, #7495, .F. ) ;
#6769 = FILL_AREA_STYLE ('',( #3132 ) ) ;
#6770 = CARTESIAN_POINT ( 'NONE',  ( -19.45514201560898115, 3.941830654990515992, -0.1000000000000000056 ) ) ;
#6771 = EDGE_LOOP ( 'NONE', ( #8905, #7802 ) ) ;
#6772 = CARTESIAN_POINT ( 'NONE',  ( 5.080000000000005400, -8.406000000000005912, -0.09999999999999982514 ) ) ;
#6773 =( NAMED_UNIT ( * ) SI_UNIT ( $, .STERADIAN. ) SOLID_ANGLE_UNIT ( ) );
#6774 = CARTESIAN_POINT ( 'NONE',  ( -20.11016722181046390, -3.478466618855795112, -0.1000000000000000056 ) ) ;
#6775 = VECTOR ( 'NONE', #2954, 1000.000000000000000 ) ;
#6776 = EDGE_CURVE ( 'NONE', #5239, #2912, #4609, .T. ) ;
#6777 = EDGE_LOOP ( 'NONE', ( #8337, #4603, #4355, #3253 ) ) ;
#6778 = FILL_AREA_STYLE_COLOUR ( '', #2611 ) ;
#6779 = LINE ( 'NONE', #6074, #6131 ) ;
#6780 = CARTESIAN_POINT ( 'NONE',  ( -3.040000000000000480, -8.406000000000007688, 3.100000000000000089 ) ) ;
#6781 = CARTESIAN_POINT ( 'NONE',  ( -19.24352355149337868, -1.704868082237302573, -0.1000000000000000056 ) ) ;
#6782 = ORIENTED_EDGE ( 'NONE', *, *, #6219, .F. ) ;
#6783 = DIRECTION ( 'NONE',  ( -1.000000000000000000, 0.000000000000000000, 0.000000000000000000 ) ) ;
#6784 = CARTESIAN_POINT ( 'NONE',  ( -19.84731424955938550, 2.461948518103673322, -0.1000000000000000056 ) ) ;
#6785 = VERTEX_POINT ( 'NONE', #8867 ) ;
#6786 = AXIS2_PLACEMENT_3D ( 'NONE', #1451, #2860, #9146 ) ;
#6787 = CARTESIAN_POINT ( 'NONE',  ( -20.01479042454345958, 3.969371524822552733, 0.000000000000000000 ) ) ;
#6788 = CARTESIAN_POINT ( 'NONE',  ( -18.11923000037472420, -2.191152639001975988, -0.1000000000000000056 ) ) ;
#6789 = CARTESIAN_POINT ( 'NONE',  ( -19.79595660174143745, 1.802112463718664070, 1.355252715606880543E-17 ) ) ;
#6790 = DIRECTION ( 'NONE',  ( -0.000000000000000000, -0.000000000000000000, -1.000000000000000000 ) ) ;
#6791 = ORIENTED_EDGE ( 'NONE', *, *, #9148, .F. ) ;
#6792 = CARTESIAN_POINT ( 'NONE',  ( -18.33761397356202494, -0.3464091719252174739, 0.000000000000000000 ) ) ;
#6793 = DIRECTION ( 'NONE',  ( 1.000000000000000000, 0.000000000000000000, -0.000000000000000000 ) ) ;
#6794 = CARTESIAN_POINT ( 'NONE',  ( -19.13978489802586225, 4.256072517191131332, -0.1000000000000000056 ) ) ;
#6795 = CARTESIAN_POINT ( 'NONE',  ( -18.82792124332567241, 2.618995107485920126, 0.000000000000000000 ) ) ;
#6796 = VERTEX_POINT ( 'NONE', #8909 ) ;
#6797 = ADVANCED_FACE ( 'NONE', ( #1030 ), #6281, .T. ) ;
#6798 = VERTEX_POINT ( 'NONE', #1351 ) ;
#6799 = DIRECTION ( 'NONE',  ( -0.000000000000000000, -0.000000000000000000, -1.000000000000000000 ) ) ;
#6800 = B_SPLINE_SURFACE_WITH_KNOTS ( 'NONE', 3, 1, ( 
 ( #313, #6628 ),
 ( #7284, #1578 ),
 ( #2279, #2415 ),
 ( #8749, #6012 ),
 ( #8845, #1716 ),
 ( #5213, #3814 ),
 ( #5126, #8129 ),
 ( #6673, #1760 ),
 ( #7961, #877 ),
 ( #3723, #6582 ),
 ( #8044, #189 ),
 ( #3037, #5869 ),
 ( #8708, #7374 ),
 ( #2325, #5167 ),
 ( #1618, #4463 ) ),
 .UNSPECIFIED., .F., .F., .F.,
 ( 4, 1, 1, 1, 1, 1, 1, 1, 1, 1, 1, 1, 4 ),
 ( 2, 2 ),
 ( 0.000000000000000000, 0.08329523261948054702, 0.1630125021293042653, 0.2400784912554178863, 0.3178192775489999122, 0.3953020862036547567, 0.4736979834877986240, 0.5533114437544017772, 0.6368284668760511025, 0.7230836364221956414, 0.8115706418036813252, 0.9035666097103087768, 1.000000000000000000 ),
 ( 0.000000000000000000, 1.000000000000000000 ),
 .UNSPECIFIED. ) ;
#6801 = CARTESIAN_POINT ( 'NONE',  ( -18.74982389649004944, 3.644856910182488363, 0.000000000000000000 ) ) ;
#6802 = ORIENTED_EDGE ( 'NONE', *, *, #2598, .T. ) ;
#6803 = CARTESIAN_POINT ( 'NONE',  ( -19.59931258339290139, 3.243706239064532149, -0.1000000000000000056 ) ) ;
#6804 = CARTESIAN_POINT ( 'NONE',  ( -18.37428353974393858, 4.198622855462116554, -0.1000000000000000056 ) ) ;
#6805 = B_SPLINE_CURVE_WITH_KNOTS ( 'NONE', 3,
 ( #4835, #4785, #7049, #7636, #642, #3495, #6902, #1244, #6338, #2132, #6198 ),
 .UNSPECIFIED., .F., .F.,
 ( 4, 1, 1, 1, 1, 1, 1, 1, 4 ),
 ( 0.000000000000000000, 0.1578772743215378083, 0.3039121393467164034, 0.4392364836526222449, 0.5620384919248749833, 0.6777652923427514020, 0.7880577262557927343, 0.8954428073456970338, 1.000000000000000000 ),
 .UNSPECIFIED. ) ;
#6806 = CARTESIAN_POINT ( 'NONE',  ( -18.17111153539203983, 0.9947247834416780288, 0.000000000000000000 ) ) ;
#6807 = FACE_BOUND ( 'NONE', #8721, .T. ) ;
#6808 = PRESENTATION_STYLE_ASSIGNMENT (( #2504 ) ) ;
#6809 = CARTESIAN_POINT ( 'NONE',  ( 0.000000000000000000, 0.000000000000000000, 0.000000000000000000 ) ) ;
#6810 = EDGE_LOOP ( 'NONE', ( #5754, #4770, #3924, #3778 ) ) ;
#6811 = CARTESIAN_POINT ( 'NONE',  ( -18.42445239319404138, 2.119130011960311588, -0.1000000000000000056 ) ) ;
#6812 = ORIENTED_EDGE ( 'NONE', *, *, #945, .T. ) ;
#6813 = CARTESIAN_POINT ( 'NONE',  ( -18.10804658454597416, 4.090185615981282830, -0.1000000000000000056 ) ) ;
#6814 = LINE ( 'NONE', #3268, #2079 ) ;
#6815 = ORIENTED_EDGE ( 'NONE', *, *, #4018, .F. ) ;
#6816 = EDGE_CURVE ( 'NONE', #5543, #8274, #753, .T. ) ;
#6817 = LINE ( 'NONE', #4055, #4089 ) ;
#6818 =( LENGTH_UNIT ( ) NAMED_UNIT ( * ) SI_UNIT ( .MILLI., .METRE. ) );
#6819 = CARTESIAN_POINT ( 'NONE',  ( -19.83471580746224916, -2.801693080352995135, -0.1000000000000000056 ) ) ;
#6820 = EDGE_CURVE ( 'NONE', #2295, #4517, #8532, .T. ) ;
#6821 = ORIENTED_EDGE ( 'NONE', *, *, #7573, .F. ) ;
#6822 = CARTESIAN_POINT ( 'NONE',  ( -4.999999999999995559, 8.294999999999998153, 3.000000000000000000 ) ) ;
#6823 = SURFACE_SIDE_STYLE ('',( #5890 ) ) ;
#6824 = CARTESIAN_POINT ( 'NONE',  ( -19.46519691712790134, -1.414237897272477396, -0.1000000000000000056 ) ) ;
#6825 = ORIENTED_EDGE ( 'NONE', *, *, #2482, .T. ) ;
#6826 = FACE_OUTER_BOUND ( 'NONE', #8547, .T. ) ;
#6827 = CARTESIAN_POINT ( 'NONE',  ( -18.33802732923233947, -3.506958904266358257, 0.000000000000000000 ) ) ;
#6828 = ORIENTED_EDGE ( 'NONE', *, *, #7637, .T. ) ;
#6829 = CARTESIAN_POINT ( 'NONE',  ( -20.08219744944381802, -3.748129577892077791, 0.000000000000000000 ) ) ;
#6830 = CARTESIAN_POINT ( 'NONE',  ( -19.17064552095162711, 0.8378657356823441260, 0.000000000000000000 ) ) ;
#6831 = CARTESIAN_POINT ( 'NONE',  ( -20.10960107270063091, -3.418341944651672737, 0.000000000000000000 ) ) ;
#6832 = CARTESIAN_POINT ( 'NONE',  ( -18.17111153539203983, 0.9947247834416780288, 0.000000000000000000 ) ) ;
#6833 = VERTEX_POINT ( 'NONE', #8582 ) ;
#6834 = CARTESIAN_POINT ( 'NONE',  ( -19.05639804398763459, 3.733667052357189764, -0.1000000000000000056 ) ) ;
#6835 = CARTESIAN_POINT ( 'NONE',  ( -18.46362067503033089, 1.719445005016467354, 0.000000000000000000 ) ) ;
#6836 = CARTESIAN_POINT ( 'NONE',  ( -19.39545228777929253, 4.301933797200518050, 0.000000000000000000 ) ) ;
#6837 = CARTESIAN_POINT ( 'NONE',  ( -18.95442381360733819, -1.583930288950602394, -0.1000000000000000056 ) ) ;
#6838 = CARTESIAN_POINT ( 'NONE',  ( -18.88595977371062773, -3.263074468482884960, -0.1000000000000000056 ) ) ;
#6839 = CARTESIAN_POINT ( 'NONE',  ( -18.10687864759171362, -2.082745933532715199, -0.1000000000000000056 ) ) ;
#6840 = ORIENTED_EDGE ( 'NONE', *, *, #1756, .F. ) ;
#6841 = STYLED_ITEM ( 'NONE', ( #8259 ), #1202 ) ;
#6842 = ORIENTED_EDGE ( 'NONE', *, *, #9023, .T. ) ;
#6843 = COLOUR_RGB ( '',0.7764705882352941346, 0.7568627450980391913, 0.7372549019607843590 ) ;
#6844 = CARTESIAN_POINT ( 'NONE',  ( -19.88722773055933146, -1.939569463028618213, 0.000000000000000000 ) ) ;
#6845 = STYLED_ITEM ( 'NONE', ( #641 ), #1064 ) ;
#6846 = SURFACE_STYLE_USAGE ( .BOTH. , #1894 ) ;
#6847 = CARTESIAN_POINT ( 'NONE',  ( -5.080000000000000071, -8.406000000000007688, -0.09999999999999982514 ) ) ;
#6848 = CARTESIAN_POINT ( 'NONE',  ( -19.08171286345594808, 2.966615987833335133, -0.1000000000000000056 ) ) ;
#6849 = CARTESIAN_POINT ( 'NONE',  ( -19.86892388110170771, 4.142628054940392879, -0.1000000000000000056 ) ) ;
#6850 = CARTESIAN_POINT ( 'NONE',  ( -18.19777495783751675, 1.010084440408975492, 0.000000000000000000 ) ) ;
#6851 = CIRCLE ( 'NONE', #9223, 1.000000000000000888 ) ;
#6852 = LINE ( 'NONE', #3995, #878 ) ;
#6853 = CARTESIAN_POINT ( 'NONE',  ( -19.30824975739275473, 2.626997012296255818, 1.355252715606880543E-17 ) ) ;
#6854 = CARTESIAN_POINT ( 'NONE',  ( -18.74895831881567076, 3.686339912414548614, -0.1000000000000000056 ) ) ;
#6855 = PRESENTATION_LAYER_ASSIGNMENT (  '', '', ( #3434 ) ) ;
#6856 = CARTESIAN_POINT ( 'NONE',  ( -20.10960516327052616, -0.1670393105075174967, 0.000000000000000000 ) ) ;
#6857 = FILL_AREA_STYLE_COLOUR ( '', #4471 ) ;
#6858 = ORIENTED_EDGE ( 'NONE', *, *, #3904, .T. ) ;
#6859 = CARTESIAN_POINT ( 'NONE',  ( -18.10804658454597416, 4.090185615981282830, 0.000000000000000000 ) ) ;
#6860 = CARTESIAN_POINT ( 'NONE',  ( -19.79623886856958848, 2.493356301358681026, -0.1000000000000000056 ) ) ;
#6861 = ORIENTED_EDGE ( 'NONE', *, *, #3267, .F. ) ;
#6862 =( GEOMETRIC_REPRESENTATION_CONTEXT ( 3 ) GLOBAL_UNCERTAINTY_ASSIGNED_CONTEXT ( ( #3860 ) ) GLOBAL_UNIT_ASSIGNED_CONTEXT ( ( #3548, #6911, #6394 ) ) REPRESENTATION_CONTEXT ( 'NONE', 'WORKASPACE' ) );
#6863 = CARTESIAN_POINT ( 'NONE',  ( -18.33802732923233947, -3.506958904266358257, 0.000000000000000000 ) ) ;
#6864 =( LENGTH_UNIT ( ) NAMED_UNIT ( * ) SI_UNIT ( .MILLI., .METRE. ) );
#6865 =( GEOMETRIC_REPRESENTATION_CONTEXT ( 3 ) GLOBAL_UNCERTAINTY_ASSIGNED_CONTEXT ( ( #2026 ) ) GLOBAL_UNIT_ASSIGNED_CONTEXT ( ( #3121, #1717, #2463 ) ) REPRESENTATION_CONTEXT ( 'NONE', 'WORKASPACE' ) );
#6866 = ORIENTED_EDGE ( 'NONE', *, *, #411, .T. ) ;
#6867 = DIRECTION ( 'NONE',  ( 0.000000000000000000, -1.000000000000000000, 0.000000000000000000 ) ) ;
#6868 = EDGE_CURVE ( 'NONE', #8995, #1276, #5205, .T. ) ;
#6869 = AXIS2_PLACEMENT_3D ( 'NONE', #5814, #3075, #5908 ) ;
#6870 = MECHANICAL_DESIGN_GEOMETRIC_PRESENTATION_REPRESENTATION (  '', ( #5671 ), #6876 ) ;
#6871 = SURFACE_STYLE_USAGE ( .BOTH. , #1214 ) ;
#6872 = CARTESIAN_POINT ( 'NONE',  ( -19.24352355149337868, -1.704868082237302573, 1.355252715606880543E-17 ) ) ;
#6873 = CARTESIAN_POINT ( 'NONE',  ( -18.36371051608129790, 1.935468908945718436, -0.1000000000000000056 ) ) ;
#6874 = CARTESIAN_POINT ( 'NONE',  ( -18.41507688977921475, -1.573095194498698168, 0.000000000000000000 ) ) ;
#6875 = EDGE_LOOP ( 'NONE', ( #6954, #1086, #6208, #2471, #1586, #1693, #530, #6575, #5009, #6695, #4110, #3325, #335, #6890, #5413 ) ) ;
#6876 =( GEOMETRIC_REPRESENTATION_CONTEXT ( 3 ) GLOBAL_UNCERTAINTY_ASSIGNED_CONTEXT ( ( #2685 ) ) GLOBAL_UNIT_ASSIGNED_CONTEXT ( ( #5210, #7330, #1809 ) ) REPRESENTATION_CONTEXT ( 'NONE', 'WORKASPACE' ) );
#6877 = EDGE_CURVE ( 'NONE', #1181, #1403, #426, .T. ) ;
#6878 = CARTESIAN_POINT ( 'NONE',  ( -18.74960050822685886, 3.707640721799101424, -0.000000000000000000 ) ) ;
#6879 = EDGE_CURVE ( 'NONE', #5343, #2361, #561, .T. ) ;
#6880 = DIRECTION ( 'NONE',  ( 1.000000000000000000, 0.000000000000000000, -0.000000000000000000 ) ) ;
#6881 = CARTESIAN_POINT ( 'NONE',  ( -19.12164168572621037, -2.800461622954413254, -0.1000000000000000056 ) ) ;
#6882 = CARTESIAN_POINT ( 'NONE',  ( -5.580000000000001847, -8.406000000000007688, 3.100000000000000089 ) ) ;
#6883 = ORIENTED_EDGE ( 'NONE', *, *, #6586, .F. ) ;
#6884 = PRESENTATION_STYLE_ASSIGNMENT (( #387 ) ) ;
#6885 = COLOUR_RGB ( '',0.7764705882352941346, 0.7568627450980391913, 0.7372549019607843590 ) ;
#6886 = CARTESIAN_POINT ( 'NONE',  ( -18.93322311648895351, 4.126200607832097411, 0.000000000000000000 ) ) ;
#6887 = SURFACE_SIDE_STYLE ('',( #4718 ) ) ;
#6888 = CARTESIAN_POINT ( 'NONE',  ( -18.85224343829211335, -3.394565959661205667, -0.1000000000000000056 ) ) ;
#6889 = FACE_OUTER_BOUND ( 'NONE', #2881, .T. ) ;
#6890 = ORIENTED_EDGE ( 'NONE', *, *, #3374, .F. ) ;
#6891 = VERTEX_POINT ( 'NONE', #7651 ) ;
#6892 = EDGE_CURVE ( 'NONE', #1831, #7549, #3466, .T. ) ;
#6893 = CARTESIAN_POINT ( 'NONE',  ( -18.16026195309160229, 1.603782107138323365, -0.1000000000000000056 ) ) ;
#6894 =( NAMED_UNIT ( * ) SI_UNIT ( $, .STERADIAN. ) SOLID_ANGLE_UNIT ( ) );
#6895 = CARTESIAN_POINT ( 'NONE',  ( -19.21254041672500179, 3.207222666845936043, 0.000000000000000000 ) ) ;
#6896 = SURFACE_STYLE_FILL_AREA ( #7581 ) ;
#6897 = CARTESIAN_POINT ( 'NONE',  ( -19.79603119273520662, 4.195027439115881940, -0.1000000000000000056 ) ) ;
#6898 = CARTESIAN_POINT ( 'NONE',  ( -18.11575693815316512, 0.9135499176688107736, 0.000000000000000000 ) ) ;
#6899 = CARTESIAN_POINT ( 'NONE',  ( -18.20566979272348007, -4.025320841620651180, 0.000000000000000000 ) ) ;
#6900 = SURFACE_STYLE_FILL_AREA ( #7047 ) ;
#6901 = PRODUCT_DEFINITION ( 'UNKNOWN', '', #4104, #5011 ) ;
#6902 = CARTESIAN_POINT ( 'NONE',  ( -18.12540733804141269, -1.169982505325806166, 0.000000000000000000 ) ) ;
#6903 = ORIENTED_EDGE ( 'NONE', *, *, #6634, .T. ) ;
#6904 = CARTESIAN_POINT ( 'NONE',  ( -20.09618943189540374, -0.2314568442387917035, -0.1000000000000000056 ) ) ;
#6905 = CARTESIAN_POINT ( 'NONE',  ( -18.60689819155737368, -4.224884236653647207, -0.1000000000000000056 ) ) ;
#6906 = FACE_OUTER_BOUND ( 'NONE', #954, .T. ) ;
#6907 = VERTEX_POINT ( 'NONE', #705 ) ;
#6908 = SURFACE_STYLE_FILL_AREA ( #4883 ) ;
#6909 = CARTESIAN_POINT ( 'NONE',  ( -19.49403377245127800, 2.986363654218269215, -0.1000000000000000056 ) ) ;
#6910 = CARTESIAN_POINT ( 'NONE',  ( -19.92984277577064844, -2.892296508049057024, -0.1000000000000000056 ) ) ;
#6911 =( NAMED_UNIT ( * ) PLANE_ANGLE_UNIT ( ) SI_UNIT ( $, .RADIAN. ) );
#6912 = ORIENTED_EDGE ( 'NONE', *, *, #5157, .T. ) ;
#6913 = DIRECTION ( 'NONE',  ( -1.000000000000000000, 0.000000000000000000, 0.000000000000000000 ) ) ;
#6914 =( LENGTH_UNIT ( ) NAMED_UNIT ( * ) SI_UNIT ( .MILLI., .METRE. ) );
#6915 =( NAMED_UNIT ( * ) SI_UNIT ( $, .STERADIAN. ) SOLID_ANGLE_UNIT ( ) );
#6916 = ORIENTED_EDGE ( 'NONE', *, *, #8890, .T. ) ;
#6917 = AXIS2_PLACEMENT_3D ( 'NONE', #6772, #8902, #6069 ) ;
#6918 = CARTESIAN_POINT ( 'NONE',  ( -18.57553924735805850, -3.130312652799043693, 0.000000000000000000 ) ) ;
#6919 = CARTESIAN_POINT ( 'NONE',  ( -18.45311228189248709, -4.202724961912517543, 0.000000000000000000 ) ) ;
#6920 = ORIENTED_EDGE ( 'NONE', *, *, #2727, .F. ) ;
#6921 = VECTOR ( 'NONE', #8950, 1000.000000000000000 ) ;
#6922 = ADVANCED_FACE ( 'NONE', ( #6402 ), #7831, .T. ) ;
#6923 = FACE_OUTER_BOUND ( 'NONE', #4480, .T. ) ;
#6924 = CARTESIAN_POINT ( 'NONE',  ( -19.18960306831089468, 0.8118610229390309518, 0.000000000000000000 ) ) ;
#6925 = DIRECTION ( 'NONE',  ( -0.000000000000000000, 0.000000000000000000, 1.000000000000000000 ) ) ;
#6926 = CARTESIAN_POINT ( 'NONE',  ( 5.080000000000005400, -8.406000000000005912, -0.09999999999999982514 ) ) ;
#6927 = VERTEX_POINT ( 'NONE', #4207 ) ;
#6928 = CARTESIAN_POINT ( 'NONE',  ( -18.13072447467296655, -0.2446715743858094982, 0.000000000000000000 ) ) ;
#6929 = CARTESIAN_POINT ( 'NONE',  ( -20.06581131863770295, -3.807833441481938586, -0.1000000000000000056 ) ) ;
#6930 = CARTESIAN_POINT ( 'NONE',  ( -18.49660553732481461, -2.769471845902841345, 0.000000000000000000 ) ) ;
#6931 = CARTESIAN_POINT ( 'NONE',  ( -19.99419158119563988, -3.967249768575034086, -0.1000000000000000056 ) ) ;
#6932 = CARTESIAN_POINT ( 'NONE',  ( -19.33924569433329665, -4.078080516445619530, -0.1000000000000000056 ) ) ;
#6933 = DIRECTION ( 'NONE',  ( -0.000000000000000000, -0.000000000000000000, -1.000000000000000000 ) ) ;
#6934 = EDGE_CURVE ( 'NONE', #2041, #2724, #7449, .T. ) ;
#6935 = VECTOR ( 'NONE', #5573, 1000.000000000000000 ) ;
#6936 = ORIENTED_EDGE ( 'NONE', *, *, #3356, .F. ) ;
#6937 = EDGE_CURVE ( 'NONE', #6443, #3866, #6406, .T. ) ;
#6938 = ORIENTED_EDGE ( 'NONE', *, *, #2570, .T. ) ;
#6939 = CARTESIAN_POINT ( 'NONE',  ( -18.09486671718724438, 1.779084946726448235, -0.1000000000000000056 ) ) ;
#6940 = CARTESIAN_POINT ( 'NONE',  ( -20.06088285102987356, 3.278195185078712548, -0.1000000000000000056 ) ) ;
#6941 = CIRCLE ( 'NONE', #5885, 2.000000000000000000 ) ;
#6942 = FACE_OUTER_BOUND ( 'NONE', #4902, .T. ) ;
#6943 = CARTESIAN_POINT ( 'NONE',  ( -19.87168396659924241, -1.164876217362721622, -0.1000000000000000056 ) ) ;
#6944 = CARTESIAN_POINT ( 'NONE',  ( -20.11016722181046745, 3.590429261525470039, 0.000000000000000000 ) ) ;
#6945 = CARTESIAN_POINT ( 'NONE',  ( -18.11575693815316512, 0.9135499176688107736, -0.1000000000000000056 ) ) ;
#6946 = ADVANCED_FACE ( 'NONE', ( #5641, #8482, #4945, #3553, #7786, #1398, #4252, #4991, #15, #2853, #2151 ), #5921, .T. ) ;
#6947 = CARTESIAN_POINT ( 'NONE',  ( -19.80163162666483601, -3.504449708561509613, -0.1000000000000000056 ) ) ;
#6948 = CARTESIAN_POINT ( 'NONE',  ( -20.49999999999999289, -8.444999999999998508, 0.000000000000000000 ) ) ;
#6949 = B_SPLINE_CURVE_WITH_KNOTS ( 'NONE', 3,
 ( #8818, #6734, #248, #2432, #6031, #3094, #7303, #5929, #8864, #5142, #1592 ),
 .UNSPECIFIED., .F., .F.,
 ( 4, 1, 1, 1, 1, 1, 1, 1, 4 ),
 ( 0.000000000000000000, 0.1664877746693297633, 0.3115077802889103520, 0.4400940730803492018, 0.5571216504119713697, 0.6667079260682495789, 0.7735000327110845841, 0.8837499482804025419, 0.9999999999999998890 ),
 .UNSPECIFIED. ) ;
#6950 = DIRECTION ( 'NONE',  ( 0.000000000000000000, 1.000000000000000000, 0.000000000000000000 ) ) ;
#6951 = B_SPLINE_SURFACE_WITH_KNOTS ( 'NONE', 3, 1, ( 
 ( #7229, #1424 ),
 ( #40, #2882 ),
 ( #5717, #2177 ),
 ( #5016, #7854 ),
 ( #4323, #822 ),
 ( #7186, #3627 ),
 ( #89, #8030 ),
 ( #3802, #7406 ),
 ( #4539, #6002 ),
 ( #5113, #343 ),
 ( #955, #1607 ) ),
 .UNSPECIFIED., .F., .F., .F.,
 ( 4, 1, 1, 1, 1, 1, 1, 1, 4 ),
 ( 2, 2 ),
 ( 0.000000000000000000, 0.1167872151719618334, 0.2266061039830866153, 0.3341422761343995629, 0.4457647956411515122, 0.5647524418666525214, 0.6929115207512615005, 0.8375527009120964372, 1.000000000000000000 ),
 ( 0.000000000000000000, 1.000000000000000000 ),
 .UNSPECIFIED. ) ;
#6952 = CARTESIAN_POINT ( 'NONE',  ( -19.50068826027856872, 3.174213056412996892, -0.1000000000000000056 ) ) ;
#6953 = FILL_AREA_STYLE_COLOUR ( '', #5961 ) ;
#6954 = ORIENTED_EDGE ( 'NONE', *, *, #3439, .F. ) ;
#6955 = CARTESIAN_POINT ( 'NONE',  ( 3.000000000000004441, 10.29499999999999638, 3.000000000000000000 ) ) ;
#6956 = CARTESIAN_POINT ( 'NONE',  ( -19.23693886894587735, -1.800230878194173600, -0.1000000000000000056 ) ) ;
#6957 = CARTESIAN_POINT ( 'NONE',  ( -20.09907550095612550, -3.302915202137145734, -0.1000000000000000056 ) ) ;
#6958 = CARTESIAN_POINT ( 'NONE',  ( -22.50000000000000000, -10.44500000000000028, 3.000000000000000000 ) ) ;
#6959 = CARTESIAN_POINT ( 'NONE',  ( 6.080000000000007176, -8.406000000000005912, 3.100000000000000089 ) ) ;
#6960 = FACE_OUTER_BOUND ( 'NONE', #7859, .T. ) ;
#6961 = CARTESIAN_POINT ( 'NONE',  ( -19.18976792709743506, 3.247997146459014495, -0.1000000000000000056 ) ) ;
#6962 = PRESENTATION_STYLE_ASSIGNMENT (( #609 ) ) ;
#6963 = CARTESIAN_POINT ( 'NONE',  ( 2.540000000000004476, -8.406000000000007688, 3.100000000000000089 ) ) ;
#6964 = ORIENTED_EDGE ( 'NONE', *, *, #8960, .F. ) ;
#6965 = EDGE_CURVE ( 'NONE', #2811, #3649, #4896, .T. ) ;
#6966 = SURFACE_SIDE_STYLE ('',( #3330 ) ) ;
#6967 = CARTESIAN_POINT ( 'NONE',  ( -18.59350481878557204, -4.224740931017870516, -0.000000000000000000 ) ) ;
#6968 = CARTESIAN_POINT ( 'NONE',  ( -19.19038809278214330, -1.240417664845784973, -0.1000000000000000056 ) ) ;
#6969 = CARTESIAN_POINT ( 'NONE',  ( -19.90001977332558880, -2.859416979040721341, 0.000000000000000000 ) ) ;
#6970 = DIRECTION ( 'NONE',  ( -0.000000000000000000, -0.000000000000000000, -1.000000000000000000 ) ) ;
#6971 = LINE ( 'NONE', #2015, #9080 ) ;
#6972 = ORIENTED_EDGE ( 'NONE', *, *, #1756, .T. ) ;
#6973 = CARTESIAN_POINT ( 'NONE',  ( -18.12002084228869947, -0.2160849281736285932, -0.1000000000000000056 ) ) ;
#6974 = CARTESIAN_POINT ( 'NONE',  ( -18.40743657848208770, 1.777584114426168371, 0.000000000000000000 ) ) ;
#6975 = CARTESIAN_POINT ( 'NONE',  ( -18.05551227389380031, -3.476861419677735210, 0.000000000000000000 ) ) ;
#6976 = CARTESIAN_POINT ( 'NONE',  ( -19.31629957267346853, 3.931840156818431353, -0.1000000000000000056 ) ) ;
#6977 = EDGE_CURVE ( 'NONE', #5239, #7522, #5391, .T. ) ;
#6978 = CARTESIAN_POINT ( 'NONE',  ( -18.86509963437059767, -3.341126413205097734, -0.1000000000000000056 ) ) ;
#6979 = FACE_OUTER_BOUND ( 'NONE', #4676, .T. ) ;
#6980 = ORIENTED_EDGE ( 'NONE', *, *, #6071, .T. ) ;
#6981 = ORIENTED_EDGE ( 'NONE', *, *, #9084, .T. ) ;
#6982 =( NAMED_UNIT ( * ) PLANE_ANGLE_UNIT ( ) SI_UNIT ( $, .RADIAN. ) );
#6983 = CARTESIAN_POINT ( 'NONE',  ( -18.12095643405164225, 1.687602810193226111, -0.1000000000000000056 ) ) ;
#6984 = UNCERTAINTY_MEASURE_WITH_UNIT (LENGTH_MEASURE( 1.000000000000000082E-05 ), #2863, 'distance_accuracy_value', 'NONE');
#6985 = PRESENTATION_STYLE_ASSIGNMENT (( #6846 ) ) ;
#6986 = DIRECTION ( 'NONE',  ( -1.000000000000000000, 0.000000000000000000, 0.000000000000000000 ) ) ;
#6987 = EDGE_CURVE ( 'NONE', #4554, #8925, #2072, .T. ) ;
#6988 = CARTESIAN_POINT ( 'NONE',  ( -18.09486671718724438, 1.779084946726448235, 0.000000000000000000 ) ) ;
#6989 = CARTESIAN_POINT ( 'NONE',  ( -19.97041506568329083, -1.103157313473631662, 1.355252715606880543E-17 ) ) ;
#6990 = CARTESIAN_POINT ( 'NONE',  ( -18.30521068383675853, 2.425912391017387648, -0.1000000000000000056 ) ) ;
#6991 = B_SPLINE_CURVE_WITH_KNOTS ( 'NONE', 3,
 ( #4077, #6932, #6223, #9058, #3660, #2115, #1367, #2774, #2922, #812, #6321 ),
 .UNSPECIFIED., .F., .F.,
 ( 4, 1, 1, 1, 1, 1, 1, 1, 4 ),
 ( 0.000000000000000000, 0.1165024731976383593, 0.2257851715444331719, 0.3345597068252782469, 0.4463155302877027664, 0.5673888587239085401, 0.6971026792112592352, 0.8417509844551590570, 1.000000000000000000 ),
 .UNSPECIFIED. ) ;
#6992 = CARTESIAN_POINT ( 'NONE',  ( -18.14770494890115415, 0.9740147475229995466, -0.1000000000000000056 ) ) ;
#6993 = CARTESIAN_POINT ( 'NONE',  ( -19.58506729820404857, -3.871507384510238126, -0.1000000000000000056 ) ) ;
#6994 = VECTOR ( 'NONE', #8313, 1000.000000000000000 ) ;
#6995 = CARTESIAN_POINT ( 'NONE',  ( -20.10495762525006214, 3.475528244376112408, 0.000000000000000000 ) ) ;
#6996 = DIRECTION ( 'NONE',  ( -0.000000000000000000, -0.000000000000000000, 1.000000000000000000 ) ) ;
#6997 = EDGE_CURVE ( 'NONE', #8170, #4266, #1495, .T. ) ;
#6998 = AXIS2_PLACEMENT_3D ( 'NONE', #632, #1933, #6227 ) ;
#6999 = CARTESIAN_POINT ( 'NONE',  ( -19.58860835215311624, 2.921592128185408921, 0.000000000000000000 ) ) ;
#7000 = CARTESIAN_POINT ( 'NONE',  ( -18.26017516909643490, 1.020505377451578877, 0.000000000000000000 ) ) ;
#7001 = COLOUR_RGB ( '',0.000000000000000000, 0.1921568627450980227, 0.6549019607843137303 ) ;
#7002 = AXIS2_PLACEMENT_3D ( 'NONE', #6210, #9043, #2661 ) ;
#7003 = CARTESIAN_POINT ( 'NONE',  ( -18.94811575226697187, -4.095761163105393621, -0.1000000000000000056 ) ) ;
#7004 = ADVANCED_FACE ( 'NONE', ( #5975 ), #980, .F. ) ;
#7005 = CARTESIAN_POINT ( 'NONE',  ( -20.07607396076522477, 2.154782924959822044, 1.355252715606880543E-17 ) ) ;
#7006 = ORIENTED_EDGE ( 'NONE', *, *, #1024, .F. ) ;
#7007 = CARTESIAN_POINT ( 'NONE',  ( -19.81879166633020972, 2.982463431985966196, -0.1000000000000000056 ) ) ;
#7008 = CARTESIAN_POINT ( 'NONE',  ( -19.20162969207735060, 2.270974913529665962, 0.000000000000000000 ) ) ;
#7009 = CARTESIAN_POINT ( 'NONE',  ( -20.10954794448689142, -0.1398371038543154421, 0.000000000000000000 ) ) ;
#7010 = CARTESIAN_POINT ( 'NONE',  ( -19.13914245259985591, -1.067082963931367923, -0.1000000000000000056 ) ) ;
#7011 =( GEOMETRIC_REPRESENTATION_CONTEXT ( 3 ) GLOBAL_UNCERTAINTY_ASSIGNED_CONTEXT ( ( #8454 ) ) GLOBAL_UNIT_ASSIGNED_CONTEXT ( ( #2841, #4195, #4411 ) ) REPRESENTATION_CONTEXT ( 'NONE', 'WORKASPACE' ) );
#7012 = CARTESIAN_POINT ( 'NONE',  ( -19.54342977507056034, -3.891814513880406334, 0.000000000000000000 ) ) ;
#7013 = CARTESIAN_POINT ( 'NONE',  ( -18.70580803544139670, -3.024736317174879119, -0.1000000000000000056 ) ) ;
#7014 = CARTESIAN_POINT ( 'NONE',  ( -19.22734172585815315, 3.170181789003156503, 0.000000000000000000 ) ) ;
#7015 =( NAMED_UNIT ( * ) SI_UNIT ( $, .STERADIAN. ) SOLID_ANGLE_UNIT ( ) );
#7016 = DIRECTION ( 'NONE',  ( -1.000000000000000000, 0.000000000000000000, 0.000000000000000000 ) ) ;
#7017 = EDGE_LOOP ( 'NONE', ( #3269, #2603, #3869, #4373 ) ) ;
#7018 = AXIS2_PLACEMENT_3D ( 'NONE', #4, #6444, #7823 ) ;
#7019 = SURFACE_STYLE_USAGE ( .BOTH. , #8391 ) ;
#7020 = CARTESIAN_POINT ( 'NONE',  ( -19.23712508707344426, -1.783353373743729264, -0.000000000000000000 ) ) ;
#7021 = CARTESIAN_POINT ( 'NONE',  ( -18.89239005528139259, 4.082624177687526945, 0.000000000000000000 ) ) ;
#7022 = AXIS2_PLACEMENT_3D ( 'NONE', #6679, #3775, #4427 ) ;
#7023 = CARTESIAN_POINT ( 'NONE',  ( -19.05795916059220119, 0.8836621475219728072, -0.1000000000000000056 ) ) ;
#7024 = CARTESIAN_POINT ( 'NONE',  ( -20.09026127179165400, -3.248371330022932213, 0.000000000000000000 ) ) ;
#7025 = CARTESIAN_POINT ( 'NONE',  ( -18.72950053127595993, -1.144486988157620067, 1.355252715606880543E-17 ) ) ;
#7026 = CARTESIAN_POINT ( 'NONE',  ( -18.59941200900698277, 2.575284139238176451, 0.000000000000000000 ) ) ;
#7027 = ORIENTED_EDGE ( 'NONE', *, *, #3439, .T. ) ;
#7028 = CARTESIAN_POINT ( 'NONE',  ( -18.18535202683003860, -0.3090766927518823759, 0.000000000000000000 ) ) ;
#7029 = CARTESIAN_POINT ( 'NONE',  ( -18.22576376836059708, 3.119886247786107347, 0.000000000000000000 ) ) ;
#7030 = LINE ( 'NONE', #4170, #8023 ) ;
#7031 = CARTESIAN_POINT ( 'NONE',  ( -20.10960516327052616, -0.1670393105075174967, -0.1000000000000000056 ) ) ;
#7032 = COLOUR_RGB ( '',1.000000000000000000, 0.9607843137254902244, 0.8901960784313724950 ) ;
#7033 = CARTESIAN_POINT ( 'NONE',  ( -18.73098022016369413, -3.767342767871441733, -0.1000000000000000056 ) ) ;
#7034 = ORIENTED_EDGE ( 'NONE', *, *, #2765, .T. ) ;
#7035 = VERTEX_POINT ( 'NONE', #7509 ) ;
#7036 = B_SPLINE_SURFACE_WITH_KNOTS ( 'NONE', 3, 1, ( 
 ( #5532, #6191 ),
 ( #4829, #3443 ),
 ( #4134, #3353 ),
 ( #9025, #4728 ),
 ( #2643, #9121 ),
 ( #6287, #7677 ),
 ( #539, #1186 ),
 ( #5382, #7541 ),
 ( #3949, #8218 ),
 ( #4778, #2737 ),
 ( #1283, #1854 ) ),
 .UNSPECIFIED., .F., .F., .F.,
 ( 4, 1, 1, 1, 1, 1, 1, 1, 4 ),
 ( 2, 2 ),
 ( 0.000000000000000000, 0.07515934448808592183, 0.1633778205362386160, 0.2662965420498409341, 0.3833175794359116595, 0.5142533600420532425, 0.6607945581205604269, 0.8232004060776951793, 1.000000000000000000 ),
 ( 0.000000000000000000, 1.000000000000000000 ),
 .UNSPECIFIED. ) ;
#7037 = CARTESIAN_POINT ( 'NONE',  ( -18.65201352551283875, -3.082466258401008741, -0.1000000000000000056 ) ) ;
#7038 = EDGE_CURVE ( 'NONE', #3388, #8450, #5516, .T. ) ;
#7039 = CARTESIAN_POINT ( 'NONE',  ( -18.43680914891254830, -1.319698305115262871, 0.000000000000000000 ) ) ;
#7040 = CARTESIAN_POINT ( 'NONE',  ( -19.12796792562329529, 3.332434303317755919, 0.000000000000000000 ) ) ;
#7041 = CARTESIAN_POINT ( 'NONE',  ( -20.11016722181046390, 1.942692305246987994, 0.000000000000000000 ) ) ;
#7042 = DIRECTION ( 'NONE',  ( 1.000000000000000000, 0.000000000000000000, -0.000000000000000000 ) ) ;
#7043 = CARTESIAN_POINT ( 'NONE',  ( -19.63412859782621211, 2.569881975662252849, -0.1000000000000000056 ) ) ;
#7044 = CARTESIAN_POINT ( 'NONE',  ( -19.20541313640307024, 1.246244083037329808, 0.000000000000000000 ) ) ;
#7045 = CARTESIAN_POINT ( 'NONE',  ( -18.60771238126736193, 2.225851540758575275, 0.000000000000000000 ) ) ;
#7046 = STYLED_ITEM ( 'NONE', ( #7069 ), #1728 ) ;
#7047 = FILL_AREA_STYLE ('',( #7586 ) ) ;
#7048 = EDGE_CURVE ( 'NONE', #7117, #1463, #6814, .T. ) ;
#7049 = CARTESIAN_POINT ( 'NONE',  ( -18.10740756912099059, -1.380056515265207118, 0.000000000000000000 ) ) ;
#7050 = CARTESIAN_POINT ( 'NONE',  ( -20.07701510184501359, -0.2652680781706576729, -0.1000000000000000056 ) ) ;
#7051 = CARTESIAN_POINT ( 'NONE',  ( -19.79623886856958848, 2.493356301358681026, -0.000000000000000000 ) ) ;
#7052 = DIRECTION ( 'NONE',  ( -1.000000000000000000, 0.000000000000000000, 0.000000000000000000 ) ) ;
#7053 = ORIENTED_EDGE ( 'NONE', *, *, #882, .T. ) ;
#7054 = LINE ( 'NONE', #6537, #8789 ) ;
#7055 = CARTESIAN_POINT ( 'NONE',  ( -18.47487055916194976, 2.529392604827880309, -0.1000000000000000056 ) ) ;
#7056 = CARTESIAN_POINT ( 'NONE',  ( -20.07650059883832583, -0.7696241066408602283, 0.000000000000000000 ) ) ;
#7057 = ADVANCED_FACE ( 'NONE', ( #6906 ), #4192, .T. ) ;
#7058 = CARTESIAN_POINT ( 'NONE',  ( -19.03579168062076477, -0.8917009304929819358, 1.355252715606880543E-17 ) ) ;
#7059 = CARTESIAN_POINT ( 'NONE',  ( -19.21928033641843214, 3.071936179904772857, 0.000000000000000000 ) ) ;
#7060 =( LENGTH_UNIT ( ) NAMED_UNIT ( * ) SI_UNIT ( .MILLI., .METRE. ) );
#7061 = CARTESIAN_POINT ( 'NONE',  ( -1.539999999999999591, -8.406000000000007688, 3.100000000000000089 ) ) ;
#7062 = SURFACE_STYLE_FILL_AREA ( #4944 ) ;
#7063 = CARTESIAN_POINT ( 'NONE',  ( -2.540000000000000036, -8.406000000000007688, 0.000000000000000000 ) ) ;
#7064 = ORIENTED_EDGE ( 'NONE', *, *, #7834, .T. ) ;
#7065 = CARTESIAN_POINT ( 'NONE',  ( -18.33874842656977933, -3.466102827301804634, -0.1000000000000000056 ) ) ;
#7066 = CARTESIAN_POINT ( 'NONE',  ( -18.50145025120451692, -3.851609225124557057, 0.000000000000000000 ) ) ;
#7067 = MECHANICAL_DESIGN_GEOMETRIC_PRESENTATION_REPRESENTATION (  '', ( #2429 ), #5118 ) ;
#7068 = ORIENTED_EDGE ( 'NONE', *, *, #6028, .T. ) ;
#7069 = PRESENTATION_STYLE_ASSIGNMENT (( #8488 ) ) ;
#7070 = LINE ( 'NONE', #7212, #2460 ) ;
#7071 = CARTESIAN_POINT ( 'NONE',  ( -19.09647887652715426, 1.245811420454381979, 0.000000000000000000 ) ) ;
#7072 = CARTESIAN_POINT ( 'NONE',  ( -18.41507688977921475, 0.8310918744405112468, -0.1000000000000000056 ) ) ;
#7073 = ORIENTED_EDGE ( 'NONE', *, *, #8793, .F. ) ;
#7074 = B_SPLINE_CURVE_WITH_KNOTS ( 'NONE', 3,
 ( #6518, #3621, #1559, #5711, #7804, #5664, #2121, #124, #774, #679, #4960, #1420, #2927, #5758, #724, #6421, #4269, #7132, #2214 ),
 .UNSPECIFIED., .F., .F.,
 ( 4, 1, 1, 1, 1, 1, 1, 1, 1, 1, 1, 1, 1, 1, 1, 1, 4 ),
 ( 0.000000000000000000, 0.09386280752509838787, 0.1813418859747540079, 0.2633550240757469574, 0.3400919876797375840, 0.4123851954759529259, 0.4811184227019399962, 0.5460580824941955180, 0.6082057743284575713, 0.6674011110543567327, 0.7227140565901071234, 0.7745889305053866858, 0.8240306334148013168, 0.8709687562673724681, 0.9159443283727559670, 0.9583205443235927046, 1.000000000000000000 ),
 .UNSPECIFIED. ) ;
#7075 = CARTESIAN_POINT ( 'NONE',  ( -18.21120118687360545, -0.3232693381920512254, 0.000000000000000000 ) ) ;
#7076 = CARTESIAN_POINT ( 'NONE',  ( -18.76977844069392276, 1.622552916482236762, 0.000000000000000000 ) ) ;
#7077 = CARTESIAN_POINT ( 'NONE',  ( -18.41452141949229571, 0.8460990735771011240, -0.1000000000000000056 ) ) ;
#7078 = CARTESIAN_POINT ( 'NONE',  ( -19.93379586030951600, 4.080629701535621656, -0.1000000000000000056 ) ) ;
#7079 = CARTESIAN_POINT ( 'NONE',  ( -18.69346297252846156, -3.813683730360152957, -0.1000000000000000056 ) ) ;
#7080 = EDGE_CURVE ( 'NONE', #8920, #4322, #8098, .T. ) ;
#7081 = VERTEX_POINT ( 'NONE', #1729 ) ;
#7082 = VECTOR ( 'NONE', #4076, 1000.000000000000000 ) ;
#7083 = EDGE_LOOP ( 'NONE', ( #3686, #1521, #1319, #6980 ) ) ;
#7084 =( NAMED_UNIT ( * ) SI_UNIT ( $, .STERADIAN. ) SOLID_ANGLE_UNIT ( ) );
#7085 = CARTESIAN_POINT ( 'NONE',  ( -19.53792809186356294, 2.944245063581951261, -0.1000000000000000056 ) ) ;
#7086 = UNCERTAINTY_MEASURE_WITH_UNIT (LENGTH_MEASURE( 1.000000000000000082E-05 ), #8007, 'distance_accuracy_value', 'NONE');
#7087 = CARTESIAN_POINT ( 'NONE',  ( -18.48984084254921356, -4.213216925003779423, -0.1000000000000000056 ) ) ;
#7088 = CARTESIAN_POINT ( 'NONE',  ( -20.07586286853400637, 3.323271735683105188, -0.1000000000000000056 ) ) ;
#7089 = CARTESIAN_POINT ( 'NONE',  ( -19.09046444394791564, 1.605199178059895093, -0.09999999999999999167 ) ) ;
#7090 = CARTESIAN_POINT ( 'NONE',  ( -19.21125568209692247, 0.7010707410176596488, -0.1000000000000000056 ) ) ;
#7091 = CARTESIAN_POINT ( 'NONE',  ( -19.20996798879725986, 2.631655538532770677, -0.1000000000000000056 ) ) ;
#7092 = CARTESIAN_POINT ( 'NONE',  ( -18.74924337886103132, 3.672678346447710851, -0.000000000000000000 ) ) ;
#7093 = ADVANCED_FACE ( 'NONE', ( #6022 ), #4853, .T. ) ;
#7094 = CARTESIAN_POINT ( 'NONE',  ( -20.08161370229463571, 1.745786103309411308, 0.000000000000000000 ) ) ;
#7095 = EDGE_CURVE ( 'NONE', #4175, #2759, #7688, .T. ) ;
#7096 = DIRECTION ( 'NONE',  ( -1.000000000000000000, 0.000000000000000000, 0.000000000000000000 ) ) ;
#7097 = VECTOR ( 'NONE', #5354, 1000.000000000000000 ) ;
#7098 = CARTESIAN_POINT ( 'NONE',  ( -18.80910952411781523, 2.261095884313887527, -0.1000000000000000056 ) ) ;
#7099 = CARTESIAN_POINT ( 'NONE',  ( -19.84731424955938550, 2.461948518103673322, 0.000000000000000000 ) ) ;
#7100 = SURFACE_SIDE_STYLE ('',( #645 ) ) ;
#7101 = CARTESIAN_POINT ( 'NONE',  ( -20.06089635546677030, 2.194117806009693528, -0.1000000000000000056 ) ) ;
#7102 = EDGE_LOOP ( 'NONE', ( #6162, #2338 ) ) ;
#7103 = FACE_OUTER_BOUND ( 'NONE', #284, .T. ) ;
#7104 = CARTESIAN_POINT ( 'NONE',  ( -19.31217078307000179, 2.266072109619344577, 0.000000000000000000 ) ) ;
#7105 = EDGE_CURVE ( 'NONE', #8975, #1707, #1056, .T. ) ;
#7106 = CARTESIAN_POINT ( 'NONE',  ( -19.86497304736181491, 0.03852478027343772538, -0.1000000000000000056 ) ) ;
#7107 = CARTESIAN_POINT ( 'NONE',  ( -19.15916330605645612, -1.121022773221005631, -0.1000000000000000056 ) ) ;
#7108 = CARTESIAN_POINT ( 'NONE',  ( -19.78033292502522755, -3.653726360876522694, 0.000000000000000000 ) ) ;
#7109 = CARTESIAN_POINT ( 'NONE',  ( -18.71565127990104571, -3.000753797239673837, -0.1000000000000000056 ) ) ;
#7110 = CARTESIAN_POINT ( 'NONE',  ( -18.41507688977921475, 0.03852478027343772538, -0.1000000000000000056 ) ) ;
#7111 = CARTESIAN_POINT ( 'NONE',  ( -19.86697954633439522, -0.3467230224609372802, 0.000000000000000000 ) ) ;
#7112 = EDGE_CURVE ( 'NONE', #2380, #1418, #5342, .T. ) ;
#7113 = DIRECTION ( 'NONE',  ( -1.000000000000000000, 0.000000000000000000, -0.000000000000000000 ) ) ;
#7114 = ORIENTED_EDGE ( 'NONE', *, *, #5492, .F. ) ;
#7115 = CARTESIAN_POINT ( 'NONE',  ( -18.34711266336975299, -3.391039716800825499, 0.000000000000000000 ) ) ;
#7116 = CARTESIAN_POINT ( 'NONE',  ( -20.10834142493986221, -0.1136145217114270800, 0.000000000000000000 ) ) ;
#7117 = VERTEX_POINT ( 'NONE', #4840 ) ;
#7118 = CARTESIAN_POINT ( 'NONE',  ( -19.92984277577064844, -2.892296508049057024, 0.000000000000000000 ) ) ;
#7119 = CARTESIAN_POINT ( 'NONE',  ( -18.85007159115672692, 1.256551883876812825, 0.000000000000000000 ) ) ;
#7120 =( NAMED_UNIT ( * ) PLANE_ANGLE_UNIT ( ) SI_UNIT ( $, .RADIAN. ) );
#7121 = ADVANCED_FACE ( 'NONE', ( #2749 ), #646, .T. ) ;
#7122 = SURFACE_SIDE_STYLE ('',( #5096 ) ) ;
#7123 = VERTEX_POINT ( 'NONE', #7274 ) ;
#7124 = CARTESIAN_POINT ( 'NONE',  ( -19.18262432963927822, 3.016799516188040542, 0.000000000000000000 ) ) ;
#7125 = CARTESIAN_POINT ( 'NONE',  ( -18.15685068241062439, 3.163659733222313530, 0.000000000000000000 ) ) ;
#7126 = CARTESIAN_POINT ( 'NONE',  ( -19.71953124170191174, -3.184397308317086672, 0.000000000000000000 ) ) ;
#7127 = CARTESIAN_POINT ( 'NONE',  ( -20.10915590729119984, 3.643344999848060706, -0.1000000000000000056 ) ) ;
#7128 = DIRECTION ( 'NONE',  ( -0.000000000000000000, 0.000000000000000000, 1.000000000000000000 ) ) ;
#7129 = ORIENTED_EDGE ( 'NONE', *, *, #5478, .F. ) ;
#7130 = VERTEX_POINT ( 'NONE', #6203 ) ;
#7131 = FACE_OUTER_BOUND ( 'NONE', #4389, .T. ) ;
#7132 = CARTESIAN_POINT ( 'NONE',  ( -18.52312139664147850, -2.768598858199809332, -0.1000000000000000056 ) ) ;
#7133 = CARTESIAN_POINT ( 'NONE',  ( -18.10827426211069735, 3.280947767689575745, 0.000000000000000000 ) ) ;
#7134 = CARTESIAN_POINT ( 'NONE',  ( -18.96957957991775956, -0.8277862373002062846, 0.000000000000000000 ) ) ;
#7135 = CARTESIAN_POINT ( 'NONE',  ( -20.01553369977542474, 0.01059386597567587955, -0.1000000000000000056 ) ) ;
#7136 = ORIENTED_EDGE ( 'NONE', *, *, #3765, .F. ) ;
#7137 = CARTESIAN_POINT ( 'NONE',  ( -19.17064552095162711, 0.8378657356823441260, -0.1000000000000000056 ) ) ;
#7138 = CARTESIAN_POINT ( 'NONE',  ( -18.35127022245133332, -0.3467230224609372247, -0.1000000000000000056 ) ) ;
#7139 = CARTESIAN_POINT ( 'NONE',  ( -19.34816872794252873, -4.031204492169765174, 0.000000000000000000 ) ) ;
#7140 = CARTESIAN_POINT ( 'NONE',  ( -18.48859093015320454, 2.173999165827406710, 0.000000000000000000 ) ) ;
#7141 = CARTESIAN_POINT ( 'NONE',  ( -18.18407559717591226, 1.564314196547224700, 0.000000000000000000 ) ) ;
#7142 = SURFACE_STYLE_FILL_AREA ( #5867 ) ;
#7143 = EDGE_CURVE ( 'NONE', #5847, #5390, #9033, .T. ) ;
#7144 = CARTESIAN_POINT ( 'NONE',  ( -19.25785423172354172, -3.293840183780594622, 1.355252715606880543E-17 ) ) ;
#7145 = CARTESIAN_POINT ( 'NONE',  ( -20.07607396076522477, 2.154782924959822044, 0.000000000000000000 ) ) ;
#7146 = DIRECTION ( 'NONE',  ( -1.000000000000000000, 0.000000000000000000, 0.000000000000000000 ) ) ;
#7147 = EDGE_LOOP ( 'NONE', ( #6411, #5927, #1769, #6903 ) ) ;
#7148 = CIRCLE ( 'NONE', #1913, 7.000000000000000000 ) ;
#7149 = CARTESIAN_POINT ( 'NONE',  ( -18.12731484407839133, 4.167840111844263618, -0.1000000000000000056 ) ) ;
#7150 = CARTESIAN_POINT ( 'NONE',  ( -19.77994383601010853, 2.101385360727319629, 0.000000000000000000 ) ) ;
#7151 = CARTESIAN_POINT ( 'NONE',  ( -18.68830917156022053, -4.220246184988410754, 0.000000000000000000 ) ) ;
#7152 = CARTESIAN_POINT ( 'NONE',  ( -19.12796792562329529, 3.332434303317755919, -0.1000000000000000056 ) ) ;
#7153 = CARTESIAN_POINT ( 'NONE',  ( -19.22987457369818998, 3.124456411348942808, 0.000000000000000000 ) ) ;
#7154 = AXIS2_PLACEMENT_3D ( 'NONE', #2564, #6867, #5400 ) ;
#7155 = MECHANICAL_DESIGN_GEOMETRIC_PRESENTATION_REPRESENTATION (  '', ( #6845 ), #4158 ) ;
#7156 = LINE ( 'NONE', #6350, #9099 ) ;
#7157 = CARTESIAN_POINT ( 'NONE',  ( -18.57107283228923578, -2.770032115317873522, 0.000000000000000000 ) ) ;
#7158 = SURFACE_SIDE_STYLE ('',( #7062 ) ) ;
#7159 = CARTESIAN_POINT ( 'NONE',  ( -19.23693886894587735, -1.800230878194173600, 1.355252715606880543E-17 ) ) ;
#7160 = ORIENTED_EDGE ( 'NONE', *, *, #5138, .F. ) ;
#7161 = SURFACE_SIDE_STYLE ('',( #1448 ) ) ;
#7162 = SURFACE_STYLE_FILL_AREA ( #4300 ) ;
#7163 = CARTESIAN_POINT ( 'NONE',  ( -19.59168788729711608, -1.335124416351318732, 0.000000000000000000 ) ) ;
#7164 = AXIS2_PLACEMENT_3D ( 'NONE', #6354, #9187, #2802 ) ;
#7165 = CARTESIAN_POINT ( 'NONE',  ( -18.69346297252846156, -3.813683730360152957, -0.1000000000000000056 ) ) ;
#7166 = EDGE_CURVE ( 'NONE', #4668, #1103, #1740, .T. ) ;
#7167 = CARTESIAN_POINT ( 'NONE',  ( -19.03236843833728642, 1.246155932585718329, -0.1000000000000000056 ) ) ;
#7168 = SURFACE_SIDE_STYLE ('',( #1453 ) ) ;
#7169 = CARTESIAN_POINT ( 'NONE',  ( -18.41507688977921475, 4.052325325012205326, 0.000000000000000000 ) ) ;
#7170 = AXIS2_PLACEMENT_3D ( 'NONE', #3758, #1656, #5202 ) ;
#7171 = CARTESIAN_POINT ( 'NONE',  ( -2.999999999999995559, 8.294999999999998153, 6.000000000000000000 ) ) ;
#7172 = CARTESIAN_POINT ( 'NONE',  ( -19.80142947783681961, -3.438916536170864902, -0.1000000000000000056 ) ) ;
#7173 = CARTESIAN_POINT ( 'NONE',  ( -19.39545228777929253, 4.301933797200518050, -0.1000000000000000056 ) ) ;
#7174 = CARTESIAN_POINT ( 'NONE',  ( -18.83103903897599452, -3.483002716030036972, 0.000000000000000000 ) ) ;
#7175 = AXIS2_PLACEMENT_3D ( 'NONE', #4371, #3754, #7317 ) ;
#7176 = ORIENTED_EDGE ( 'NONE', *, *, #2454, .T. ) ;
#7177 = AXIS2_PLACEMENT_3D ( 'NONE', #4768, #6933, #7624 ) ;
#7178 = ORIENTED_EDGE ( 'NONE', *, *, #2321, .T. ) ;
#7179 = CARTESIAN_POINT ( 'NONE',  ( -19.82747083254083620, 1.928096221661918852, -0.000000000000000000 ) ) ;
#7180 = PLANE ( 'NONE',  #1713 ) ;
#7181 = CARTESIAN_POINT ( 'NONE',  ( -18.52795143393159805, -4.219539844967155950, -0.1000000000000000056 ) ) ;
#7182 = CARTESIAN_POINT ( 'NONE',  ( -19.17652195751236732, -1.179220962141047657, 0.000000000000000000 ) ) ;
#7183 = AXIS2_PLACEMENT_3D ( 'NONE', #48, #1479, #6486 ) ;
#7184 = CARTESIAN_POINT ( 'NONE',  ( -19.99267185805429747, 1.570639979065268532, 0.000000000000000000 ) ) ;
#7185 = B_SPLINE_CURVE_WITH_KNOTS ( 'NONE', 3,
 ( #1566, #5247, #5201, #7364, #8785, #1700, #2447, #3708, #175, #8120, #1654, #2357, #3027 ),
 .UNSPECIFIED., .F., .F.,
 ( 4, 1, 1, 1, 1, 1, 1, 1, 1, 1, 4 ),
 ( 0.000000000000000000, 0.08120540642824845834, 0.1567580390069694130, 0.2289145877951964669, 0.2992867892265790308, 0.4379130512111260587, 0.5807652158447327295, 0.6615255222960111370, 0.7578411574528912675, 0.8711203984590842886, 1.000000000000000000 ),
 .UNSPECIFIED. ) ;
#7186 = CARTESIAN_POINT ( 'NONE',  ( -18.37428353974393858, 4.198622855462116554, -0.1000000000000000056 ) ) ;
#7187 = VECTOR ( 'NONE', #9139, 1000.000000000000000 ) ;
#7188 = FACE_OUTER_BOUND ( 'NONE', #5434, .T. ) ;
#7189 = CARTESIAN_POINT ( 'NONE',  ( -19.33886901675268533, -4.088041006724040471, 0.000000000000000000 ) ) ;
#7190 = CARTESIAN_POINT ( 'NONE',  ( 5.080000000000005400, -8.406000000000005912, 3.100000000000000089 ) ) ;
#7191 = COLOUR_RGB ( '',1.000000000000000000, 0.9607843137254902244, 0.8901960784313724950 ) ;
#7192 = EDGE_CURVE ( 'NONE', #4645, #222, #2831, .T. ) ;
#7193 = CARTESIAN_POINT ( 'NONE',  ( -18.12095643405164225, 1.687602810193226111, 0.000000000000000000 ) ) ;
#7194 = CARTESIAN_POINT ( 'NONE',  ( -19.85188432461570684, 1.426791903879170986, -0.1000000000000000056 ) ) ;
#7195 = CARTESIAN_POINT ( 'NONE',  ( -18.36393881671773798, 1.946045063967761335, -0.1000000000000000056 ) ) ;
#7196 = FACE_OUTER_BOUND ( 'NONE', #3958, .T. ) ;
#7197 = B_SPLINE_CURVE_WITH_KNOTS ( 'NONE', 3,
 ( #7349, #5140, #1547, #7254, #8636, #1634, #2431, #7428, #5983, #8105, #5272, #3875, #5836, #848, #6601, #3828, #7387, #7302, #5789, #1591, #1027, #2251, #4395 ),
 .UNSPECIFIED., .F., .F.,
 ( 4, 1, 1, 1, 1, 1, 1, 1, 1, 1, 1, 1, 1, 1, 1, 1, 1, 1, 1, 1, 4 ),
 ( 0.000000000000000000, 0.06804463966209674253, 0.1329991030441658451, 0.1948736791621023257, 0.2536853183319574545, 0.3094909894434599851, 0.3622862500143886333, 0.4117209794496397568, 0.4586601928118262395, 0.5446305932895171287, 0.6215734549491198635, 0.6911912982567059993, 0.7545254406632192490, 0.7847144906786455154, 0.8140967600353102851, 0.8434655636399595036, 0.8731025198391443309, 0.9027794899488092994, 0.9338467621595969437, 0.9661744479400227181, 1.000000000000000000 ),
 .UNSPECIFIED. ) ;
#7198 = CARTESIAN_POINT ( 'NONE',  ( -20.11016722181046390, -2.130901908874511808, -0.1000000000000000056 ) ) ;
#7199 = FACE_BOUND ( 'NONE', #6086, .T. ) ;
#7200 = CARTESIAN_POINT ( 'NONE',  ( -19.13839627833553791, -3.749704132646662469, 0.000000000000000000 ) ) ;
#7201 = CARTESIAN_POINT ( 'NONE',  ( -18.63632329495037254, -2.795654559959158902, -0.1000000000000000056 ) ) ;
#7202 = CARTESIAN_POINT ( 'NONE',  ( -19.77003449483759212, -3.280393464545779736, 0.000000000000000000 ) ) ;
#7203 = CYLINDRICAL_SURFACE ( 'NONE', #4618, 0.5000000000000013323 ) ;
#7204 = LINE ( 'NONE', #792, #7187 ) ;
#7205 = CARTESIAN_POINT ( 'NONE',  ( 3.000000000000004441, 10.29499999999999638, 5.700000000000000178 ) ) ;
#7206 = VERTEX_POINT ( 'NONE', #5291 ) ;
#7207 = CARTESIAN_POINT ( 'NONE',  ( -18.41507688977921475, 3.408640454610186943, 0.000000000000000000 ) ) ;
#7208 = DIRECTION ( 'NONE',  ( 0.000000000000000000, 0.000000000000000000, -1.000000000000000000 ) ) ;
#7209 = CARTESIAN_POINT ( 'NONE',  ( -18.56957731066747996, -3.865319620768230546, 0.000000000000000000 ) ) ;
#7210 = ADVANCED_FACE ( 'NONE', ( #8032 ), #2778, .T. ) ;
#7211 = EDGE_CURVE ( 'NONE', #570, #2969, #223, .T. ) ;
#7212 = CARTESIAN_POINT ( 'NONE',  ( -18.36371051608129790, 1.935468908945718436, -0.1000000000000000056 ) ) ;
#7213 = CARTESIAN_POINT ( 'NONE',  ( -19.64841233920526520, -4.243220972973444027, 0.000000000000000000 ) ) ;
#7214 = CARTESIAN_POINT ( 'NONE',  ( -19.76070313847342774, -0.7636403975184337112, -0.1000000000000000056 ) ) ;
#7215 = DIRECTION ( 'NONE',  ( -0.000000000000000000, -0.000000000000000000, -1.000000000000000000 ) ) ;
#7216 =( LENGTH_UNIT ( ) NAMED_UNIT ( * ) SI_UNIT ( .MILLI., .METRE. ) );
#7217 = CIRCLE ( 'NONE', #2135, 0.5000000000000004441 ) ;
#7218 = CARTESIAN_POINT ( 'NONE',  ( -19.77003449483759212, -3.280393464545779736, 0.000000000000000000 ) ) ;
#7219 = PRESENTATION_STYLE_ASSIGNMENT (( #5611 ) ) ;
#7220 = CARTESIAN_POINT ( 'NONE',  ( -19.26281818355381503, 3.917800448801757707, 0.000000000000000000 ) ) ;
#7221 = ORIENTED_EDGE ( 'NONE', *, *, #7291, .F. ) ;
#7222 = CARTESIAN_POINT ( 'NONE',  ( -19.73872321815970565, 1.732537502672945928, 0.000000000000000000 ) ) ;
#7223 =( GEOMETRIC_REPRESENTATION_CONTEXT ( 3 ) GLOBAL_UNCERTAINTY_ASSIGNED_CONTEXT ( ( #1467 ) ) GLOBAL_UNIT_ASSIGNED_CONTEXT ( ( #930, #3912, #197 ) ) REPRESENTATION_CONTEXT ( 'NONE', 'WORKASPACE' ) );
#7224 = CARTESIAN_POINT ( 'NONE',  ( -18.95442381360733819, -1.939080607096354436, -0.1000000000000000056 ) ) ;
#7225 = CARTESIAN_POINT ( 'NONE',  ( -5.580000000000001847, -8.406000000000007688, -0.09999999999999982514 ) ) ;
#7226 = CARTESIAN_POINT ( 'NONE',  ( -18.16052791086793405, -1.058662721322354505, -0.1000000000000000056 ) ) ;
#7227 = CARTESIAN_POINT ( 'NONE',  ( -19.95085120338801943, -0.6966564432779951410, 0.000000000000000000 ) ) ;
#7228 = ORIENTED_EDGE ( 'NONE', *, *, #5537, .F. ) ;
#7229 = CARTESIAN_POINT ( 'NONE',  ( -18.26298426765804095, 4.248159624735513340, -0.1000000000000000056 ) ) ;
#7230 = CARTESIAN_POINT ( 'NONE',  ( -19.02506834955750392, 0.8822583075675163311, 1.355252715606880543E-17 ) ) ;
#7231 = CARTESIAN_POINT ( 'NONE',  ( -18.76370803080246219, 3.559663657968059614, 0.000000000000000000 ) ) ;
#7232 = STYLED_ITEM ( 'NONE', ( #2381 ), #4806 ) ;
#7233 = CARTESIAN_POINT ( 'NONE',  ( -19.46922577237993934, -0.9416367777884928625, -0.1000000000000000056 ) ) ;
#7234 = EDGE_CURVE ( 'NONE', #3106, #2228, #847, .T. ) ;
#7235 = AXIS2_PLACEMENT_3D ( 'NONE', #7545, #1762, #6104 ) ;
#7236 = CARTESIAN_POINT ( 'NONE',  ( -19.63000446066806148, 2.920752780387354086, -0.000000000000000000 ) ) ;
#7237 = CARTESIAN_POINT ( 'NONE',  ( -19.68288232406076332, 1.331027441209933881, -0.1000000000000000056 ) ) ;
#7238 = CARTESIAN_POINT ( 'NONE',  ( -19.46616118517118110, -3.071254509483688722, -0.1000000000000000056 ) ) ;
#7239 = CARTESIAN_POINT ( 'NONE',  ( -19.31629957267346853, 3.931840156818431353, 0.000000000000000000 ) ) ;
#7240 = ADVANCED_FACE ( 'NONE', ( #6571 ), #4278, .T. ) ;
#7241 = CARTESIAN_POINT ( 'NONE',  ( -18.19492095390114272, 4.236662680153434835, -0.1000000000000000056 ) ) ;
#7242 =( NAMED_UNIT ( * ) PLANE_ANGLE_UNIT ( ) SI_UNIT ( $, .RADIAN. ) );
#7243 = CARTESIAN_POINT ( 'NONE',  ( -18.38258111257201932, -4.175232627234126248, 0.000000000000000000 ) ) ;
#7244 = TOROIDAL_SURFACE ( 'NONE', #7810, 1.700000000000000178, 0.2999999999999999889 ) ;
#7245 = MECHANICAL_DESIGN_GEOMETRIC_PRESENTATION_REPRESENTATION (  '', ( #9004 ), #3653 ) ;
#7246 = DIRECTION ( 'NONE',  ( -0.000000000000000000, -0.000000000000000000, -1.000000000000000000 ) ) ;
#7247 = UNCERTAINTY_MEASURE_WITH_UNIT (LENGTH_MEASURE( 1.000000000000000082E-05 ), #7494, 'distance_accuracy_value', 'NONE');
#7248 = CARTESIAN_POINT ( 'NONE',  ( -12.50000000000000000, 0.000000000000000000, 16.00000000000000000 ) ) ;
#7249 = CARTESIAN_POINT ( 'NONE',  ( 5.080000000000005400, -8.406000000000005912, 3.100000000000000089 ) ) ;
#7250 = DIRECTION ( 'NONE',  ( -0.000000000000000000, -0.000000000000000000, 1.000000000000000000 ) ) ;
#7251 = ORIENTED_EDGE ( 'NONE', *, *, #4779, .F. ) ;
#7252 = CARTESIAN_POINT ( 'NONE',  ( -19.37898543977169297, -3.982970809477029306, 0.000000000000000000 ) ) ;
#7253 = EDGE_LOOP ( 'NONE', ( #1370, #6840, #6407, #2828 ) ) ;
#7254 = CARTESIAN_POINT ( 'NONE',  ( -19.20953304026463471, 1.607046424840709253, -0.1000000000000000056 ) ) ;
#7255 = CARTESIAN_POINT ( 'NONE',  ( -19.72361074902013911, -2.736127809225429086, -0.1000000000000000056 ) ) ;
#7256 = CARTESIAN_POINT ( 'NONE',  ( -4.699999999999995737, 8.294999999999998153, 5.700000000000000178 ) ) ;
#7257 = CARTESIAN_POINT ( 'NONE',  ( -19.95085120338801943, -0.6966564432779951410, 0.000000000000000000 ) ) ;
#7258 = EDGE_CURVE ( 'NONE', #2803, #8424, #4506, .T. ) ;
#7259 = DIRECTION ( 'NONE',  ( -1.000000000000000000, 0.000000000000000000, 0.000000000000000000 ) ) ;
#7260 = CARTESIAN_POINT ( 'NONE',  ( -18.21879974336730967, -2.938098441306122410, -0.1000000000000000056 ) ) ;
#7261 = CARTESIAN_POINT ( 'NONE',  ( -19.51223052798315294, -3.069140828450521497, 0.000000000000000000 ) ) ;
#7262 = CYLINDRICAL_SURFACE ( 'NONE', #3062, 1.000000000000000888 ) ;
#7263 = CYLINDRICAL_SURFACE ( 'NONE', #8649, 1.000000000000000888 ) ;
#7264 = EDGE_LOOP ( 'NONE', ( #7957, #242, #1136, #3897, #4127, #2485, #7652, #6568, #2212, #220, #8703, #2671, #2112, #2584 ) ) ;
#7265 = CARTESIAN_POINT ( 'NONE',  ( -18.78504304945874281, 2.612910852124668004, -0.1000000000000000056 ) ) ;
#7266 = CARTESIAN_POINT ( 'NONE',  ( -19.85694705147151495, -1.173801898956299050, 0.000000000000000000 ) ) ;
#7267 = UNCERTAINTY_MEASURE_WITH_UNIT (LENGTH_MEASURE( 1.000000000000000082E-05 ), #3161, 'distance_accuracy_value', 'NONE');
#7268 = CARTESIAN_POINT ( 'NONE',  ( -18.10855890910848842, -2.139709431857729438, -0.1000000000000000056 ) ) ;
#7269 = CARTESIAN_POINT ( 'NONE',  ( 19.50000000000000355, 0.000000000000000000, 16.00000000000000000 ) ) ;
#7270 = CARTESIAN_POINT ( 'NONE',  ( -12.50000000000000000, 0.000000000000000000, 16.00000000000000000 ) ) ;
#7271 = ORIENTED_EDGE ( 'NONE', *, *, #7288, .F. ) ;
#7272 = EDGE_CURVE ( 'NONE', #628, #7671, #8210, .T. ) ;
#7273 = CARTESIAN_POINT ( 'NONE',  ( 3.540000000000004921, -8.406000000000007688, 3.000000000000000000 ) ) ;
#7274 = CARTESIAN_POINT ( 'NONE',  ( -20.11016722181046390, 1.942692305246987994, 0.000000000000000000 ) ) ;
#7275 = CARTESIAN_POINT ( 'NONE',  ( -18.48043151699154052, -3.840723537818802047, -0.1000000000000000056 ) ) ;
#7276 = CARTESIAN_POINT ( 'NONE',  ( -20.02264234627830319, -3.917666150427725924, -0.1000000000000000056 ) ) ;
#7277 = CARTESIAN_POINT ( 'NONE',  ( -19.76070313847342774, -0.7636403975184337112, -0.1000000000000000056 ) ) ;
#7278 = B_SPLINE_CURVE_WITH_KNOTS ( 'NONE', 3,
 ( #3951, #6757, #6101, #354, #399, #6804, #3219, #6056, #3258, #42, #9212 ),
 .UNSPECIFIED., .F., .F.,
 ( 4, 1, 1, 1, 1, 1, 1, 1, 4 ),
 ( 0.000000000000000000, 0.1167872151719618334, 0.2266061039830866153, 0.3341422761343995629, 0.4457647956411515122, 0.5647524418666525214, 0.6929115207512615005, 0.8375527009120964372, 1.000000000000000000 ),
 .UNSPECIFIED. ) ;
#7279 = VERTEX_POINT ( 'NONE', #7664 ) ;
#7280 = CARTESIAN_POINT ( 'NONE',  ( -19.61496327537899020, 2.919857304890948857, 0.000000000000000000 ) ) ;
#7281 = EDGE_CURVE ( 'NONE', #2062, #2553, #8738, .T. ) ;
#7282 = DIRECTION ( 'NONE',  ( -1.000000000000000000, 0.000000000000000000, -0.000000000000000000 ) ) ;
#7283 = CARTESIAN_POINT ( 'NONE',  ( -19.39059585632677241, -4.214519543126007406, -0.1000000000000000056 ) ) ;
#7284 = CARTESIAN_POINT ( 'NONE',  ( -19.85282379552610976, 3.612561970055895078, -0.1000000000000000056 ) ) ;
#7285 = PRESENTATION_STYLE_ASSIGNMENT (( #925 ) ) ;
#7286 = PRESENTATION_STYLE_ASSIGNMENT (( #5965 ) ) ;
#7287 = CARTESIAN_POINT ( 'NONE',  ( -18.60689819155737368, -4.224884236653647207, 0.000000000000000000 ) ) ;
#7288 = EDGE_CURVE ( 'NONE', #6443, #5783, #7030, .T. ) ;
#7289 =( LENGTH_UNIT ( ) NAMED_UNIT ( * ) SI_UNIT ( .MILLI., .METRE. ) );
#7290 = CARTESIAN_POINT ( 'NONE',  ( -18.11261954933506857, -0.1841002126675184147, -0.1000000000000000056 ) ) ;
#7291 = EDGE_CURVE ( 'NONE', #6344, #2523, #811, .T. ) ;
#7292 = CYLINDRICAL_SURFACE ( 'NONE', #6429, 2.000000000000000000 ) ;
#7293 = ORIENTED_EDGE ( 'NONE', *, *, #4356, .F. ) ;
#7294 =( NAMED_UNIT ( * ) SI_UNIT ( $, .STERADIAN. ) SOLID_ANGLE_UNIT ( ) );
#7295 = ORIENTED_EDGE ( 'NONE', *, *, #692, .F. ) ;
#7296 = DIRECTION ( 'NONE',  ( -1.000000000000000000, 1.734723475976806848E-16, -0.000000000000000000 ) ) ;
#7297 = CARTESIAN_POINT ( 'NONE',  ( -19.57161661902283001, -3.075919647992757522, -0.1000000000000000056 ) ) ;
#7298 = CARTESIAN_POINT ( 'NONE',  ( -19.82307650284646883, 1.999320288065234985, -0.1000000000000000056 ) ) ;
#7299 = CIRCLE ( 'NONE', #4152, 1.000000000000001776 ) ;
#7300 = ADVANCED_FACE ( 'NONE', ( #4906 ), #3757, .T. ) ;
#7301 = ORIENTED_EDGE ( 'NONE', *, *, #6820, .T. ) ;
#7302 = CARTESIAN_POINT ( 'NONE',  ( -19.80769028565874379, 1.826113829982920933, -0.1000000000000000056 ) ) ;
#7303 = CARTESIAN_POINT ( 'NONE',  ( -20.07777764932211539, -2.019900280046480034, -0.1000000000000000056 ) ) ;
#7304 = CARTESIAN_POINT ( 'NONE',  ( -19.17652195751236732, -1.179220962141047657, -0.1000000000000000056 ) ) ;
#7305 = DIRECTION ( 'NONE',  ( -0.000000000000000000, -0.000000000000000000, 1.000000000000000000 ) ) ;
#7306 = CARTESIAN_POINT ( 'NONE',  ( -19.98012585477605541, -3.988503915839042513, 0.000000000000000000 ) ) ;
#7307 = DIRECTION ( 'NONE',  ( -1.000000000000000000, 0.000000000000000000, 0.000000000000000000 ) ) ;
#7308 = PRESENTATION_LAYER_ASSIGNMENT (  '', '', ( #8312 ) ) ;
#7309 = CARTESIAN_POINT ( 'NONE',  ( -19.99145362913032642, -0.7007554726250874166, -0.1000000000000000056 ) ) ;
#7310 =( LENGTH_UNIT ( ) NAMED_UNIT ( * ) SI_UNIT ( .MILLI., .METRE. ) );
#7311 = ORIENTED_EDGE ( 'NONE', *, *, #1567, .F. ) ;
#7312 = CARTESIAN_POINT ( 'NONE',  ( -20.11016722181046745, 3.590429261525470039, 0.000000000000000000 ) ) ;
#7313 = CARTESIAN_POINT ( 'NONE',  ( -18.29377372360557175, -2.322636755172235556, -0.1000000000000000056 ) ) ;
#7314 = AXIS2_PLACEMENT_3D ( 'NONE', #7776, #4881, #4790 ) ;
#7315 =( NAMED_UNIT ( * ) SI_UNIT ( $, .STERADIAN. ) SOLID_ANGLE_UNIT ( ) );
#7316 = CARTESIAN_POINT ( 'NONE',  ( -19.86697954633439167, -2.324328409830729303, -0.1000000000000000056 ) ) ;
#7317 = DIRECTION ( 'NONE',  ( 0.000000000000000000, -0.000000000000000000, 1.000000000000000000 ) ) ;
#7318 = ORIENTED_EDGE ( 'NONE', *, *, #7211, .T. ) ;
#7319 = DIRECTION ( 'NONE',  ( 0.000000000000000000, 0.000000000000000000, 1.000000000000000000 ) ) ;
#7320 = CARTESIAN_POINT ( 'NONE',  ( -18.75181625652377448, -3.730051611565518233, 0.000000000000000000 ) ) ;
#7321 = CARTESIAN_POINT ( 'NONE',  ( -18.95442381360733819, -1.939080607096354436, -0.1000000000000000056 ) ) ;
#7322 = DIRECTION ( 'NONE',  ( 1.000000000000000000, 0.000000000000000000, 0.000000000000000000 ) ) ;
#7323 = ORIENTED_EDGE ( 'NONE', *, *, #2253, .T. ) ;
#7324 = EDGE_CURVE ( 'NONE', #7507, #3188, #3616, .T. ) ;
#7325 = ORIENTED_EDGE ( 'NONE', *, *, #2594, .T. ) ;
#7326 = CARTESIAN_POINT ( 'NONE',  ( -19.92805127605796045, 3.068075475416135678, 0.000000000000000000 ) ) ;
#7327 =( GEOMETRIC_REPRESENTATION_CONTEXT ( 3 ) GLOBAL_UNCERTAINTY_ASSIGNED_CONTEXT ( ( #7418 ) ) GLOBAL_UNIT_ASSIGNED_CONTEXT ( ( #1506, #2111, #713 ) ) REPRESENTATION_CONTEXT ( 'NONE', 'WORKASPACE' ) );
#7328 = PLANE ( 'NONE',  #1501 ) ;
#7329 = STYLED_ITEM ( 'NONE', ( #8692 ), #5818 ) ;
#7330 =( NAMED_UNIT ( * ) PLANE_ANGLE_UNIT ( ) SI_UNIT ( $, .RADIAN. ) );
#7331 = CARTESIAN_POINT ( 'NONE',  ( 12.50000000000000000, 0.000000000000000000, 15.50000000000000000 ) ) ;
#7332 =( GEOMETRIC_REPRESENTATION_CONTEXT ( 3 ) GLOBAL_UNCERTAINTY_ASSIGNED_CONTEXT ( ( #1721 ) ) GLOBAL_UNIT_ASSIGNED_CONTEXT ( ( #6671, #8929, #4633 ) ) REPRESENTATION_CONTEXT ( 'NONE', 'WORKASPACE' ) );
#7333 = CARTESIAN_POINT ( 'NONE',  ( -18.70890289826942876, -2.872979724112291855, -0.1000000000000000056 ) ) ;
#7334 = DIRECTION ( 'NONE',  ( 0.000000000000000000, -1.000000000000000000, 0.000000000000000000 ) ) ;
#7335 = CARTESIAN_POINT ( 'NONE',  ( -18.60476709381068261, -2.779696382457563342, -0.1000000000000000056 ) ) ;
#7336 = UNCERTAINTY_MEASURE_WITH_UNIT (LENGTH_MEASURE( 1.000000000000000082E-05 ), #6280, 'distance_accuracy_value', 'NONE');
#7337 = CARTESIAN_POINT ( 'NONE',  ( 3.000000000000004441, 6.294999999999998153, 3.000000000000000000 ) ) ;
#7338 = COLOUR_RGB ( '',1.000000000000000000, 0.9607843137254902244, 0.8901960784313724950 ) ;
#7339 = CARTESIAN_POINT ( 'NONE',  ( -19.46929144997005423, -2.683893025716147296, -0.1000000000000000056 ) ) ;
#7340 = ORIENTED_EDGE ( 'NONE', *, *, #7166, .F. ) ;
#7341 = SURFACE_SIDE_STYLE ('',( #199 ) ) ;
#7343 = EDGE_CURVE ( 'NONE', #2505, #6796, #120, .T. ) ;
#7342 = ORIENTED_EDGE ( 'NONE', *, *, #2453, .T. ) ;
#7344 = ADVANCED_FACE ( 'NONE', ( #8446 ), #8740, .T. ) ;
#7345 = CARTESIAN_POINT ( 'NONE',  ( -18.94113435886800190, -1.396364754032753064, -0.1000000000000000056 ) ) ;
#7346 = CARTESIAN_POINT ( 'NONE',  ( -19.07962934949600964, 2.272962036132811559, 1.355252715606880543E-17 ) ) ;
#7347 = EDGE_CURVE ( 'NONE', #2865, #4662, #8823, .T. ) ;
#7348 = ORIENTED_EDGE ( 'NONE', *, *, #7324, .T. ) ;
#7349 = CARTESIAN_POINT ( 'NONE',  ( -19.09046444394791564, 1.605199178059895093, -0.09999999999999999167 ) ) ;
#7350 = CARTESIAN_POINT ( 'NONE',  ( -20.04733910443078315, -3.097375116759701452, -0.1000000000000000056 ) ) ;
#7351 = CARTESIAN_POINT ( 'NONE',  ( -19.15916330605645612, -1.121022773221005631, -0.1000000000000000056 ) ) ;
#7352 = CARTESIAN_POINT ( 'NONE',  ( -19.70609934158331811, -0.7912587149791584507, 0.000000000000000000 ) ) ;
#7353 = CARTESIAN_POINT ( 'NONE',  ( -19.53920026758188655, -4.261525811056581681, 0.000000000000000000 ) ) ;
#7354 = LINE ( 'NONE', #941, #143 ) ;
#7355 = EDGE_CURVE ( 'NONE', #8693, #8170, #1036, .T. ) ;
#7356 = ORIENTED_EDGE ( 'NONE', *, *, #1526, .T. ) ;
#7357 = CARTESIAN_POINT ( 'NONE',  ( -18.41507688977921475, 4.052325325012205326, -0.1000000000000000056 ) ) ;
#7358 = CARTESIAN_POINT ( 'NONE',  ( -19.85665548680189119, -0.7214493537310546767, 0.000000000000000000 ) ) ;
#7359 = CARTESIAN_POINT ( 'NONE',  ( -19.93774286895747849, -1.124120876596390595, -0.1000000000000000056 ) ) ;
#7360 = CARTESIAN_POINT ( 'NONE',  ( -19.69827873016739161, 1.704165433323016954, 1.355252715606880543E-17 ) ) ;
#7361 = COLOUR_RGB ( '',1.000000000000000000, 0.9607843137254902244, 0.8901960784313724950 ) ;
#7362 = CARTESIAN_POINT ( 'NONE',  ( -18.10687864759171362, 4.044299329121905373, -0.1000000000000000056 ) ) ;
#7363 = EDGE_LOOP ( 'NONE', ( #6710, #7129, #1883, #4350 ) ) ;
#7364 = CARTESIAN_POINT ( 'NONE',  ( -20.10279153031233790, -0.9523810582631637711, 0.000000000000000000 ) ) ;
#7365 = EDGE_CURVE ( 'NONE', #6469, #7549, #2383, .T. ) ;
#7366 = CARTESIAN_POINT ( 'NONE',  ( -18.41507688977921475, -1.573095194498698168, 0.000000000000000000 ) ) ;
#7367 = CARTESIAN_POINT ( 'NONE',  ( -18.37403730459950424, -3.712842942694115411, -0.1000000000000000056 ) ) ;
#7368 = DIRECTION ( 'NONE',  ( -0.000000000000000000, -0.000000000000000000, 1.000000000000000000 ) ) ;
#7369 = AXIS2_PLACEMENT_3D ( 'NONE', #5314, #3922, #8197 ) ;
#7370 = ORIENTED_EDGE ( 'NONE', *, *, #3572, .T. ) ;
#7371 = CARTESIAN_POINT ( 'NONE',  ( -19.69833090191900737, -3.157558432790906089, 0.000000000000000000 ) ) ;
#7372 = CARTESIAN_POINT ( 'NONE',  ( -5.580000000000001847, -8.406000000000007688, -0.09999999999999982514 ) ) ;
#7373 = ADVANCED_FACE ( 'NONE', ( #944 ), #7936, .T. ) ;
#7374 = CARTESIAN_POINT ( 'NONE',  ( -19.49336146244487011, 3.940778382853146411, 0.000000000000000000 ) ) ;
#7375 = CARTESIAN_POINT ( 'NONE',  ( -18.72097737010256324, -2.929949853497971102, -0.1000000000000000056 ) ) ;
#7376 = FACE_OUTER_BOUND ( 'NONE', #9204, .T. ) ;
#7377 = CARTESIAN_POINT ( 'NONE',  ( -19.70441781707885553, 2.543184102633257559, 1.355252715606880543E-17 ) ) ;
#7378 = DIRECTION ( 'NONE',  ( -1.000000000000000000, 0.000000000000000000, 0.000000000000000000 ) ) ;
#7379 = CARTESIAN_POINT ( 'NONE',  ( -18.85007159115672692, 1.256551883876812825, -0.1000000000000000056 ) ) ;
#7380 = EDGE_LOOP ( 'NONE', ( #2244, #5090, #3716, #2118 ) ) ;
#7381 = AXIS2_PLACEMENT_3D ( 'NONE', #8734, #7438, #996 ) ;
#7382 = VERTEX_POINT ( 'NONE', #5935 ) ;
#7383 = CARTESIAN_POINT ( 'NONE',  ( -20.07586286853400637, 3.323271735683105188, -0.1000000000000000056 ) ) ;
#7384 = VECTOR ( 'NONE', #3370, 1000.000000000000000 ) ;
#7385 = SURFACE_SIDE_STYLE ('',( #2382 ) ) ;
#7386 = EDGE_LOOP ( 'NONE', ( #325, #8213, #6257, #3320 ) ) ;
#7387 = CARTESIAN_POINT ( 'NONE',  ( -19.79595660174143745, 1.802112463718664070, -0.1000000000000000056 ) ) ;
#7388 = VECTOR ( 'NONE', #3099, 1000.000000000000000 ) ;
#7389 = EDGE_CURVE ( 'NONE', #8060, #7821, #5099, .T. ) ;
#7390 = CARTESIAN_POINT ( 'NONE',  ( -20.06417332762890027, -3.145621657756463296, -0.1000000000000000056 ) ) ;
#7391 = CARTESIAN_POINT ( 'NONE',  ( -18.75475447120654238, -0.7392843202665990709, -0.1000000000000000056 ) ) ;
#7392 = MECHANICAL_DESIGN_GEOMETRIC_PRESENTATION_REPRESENTATION (  '', ( #5888 ), #1570 ) ;
#7393 = CARTESIAN_POINT ( 'NONE',  ( -19.52833215122209154, -0.8987600590164418479, 0.000000000000000000 ) ) ;
#7394 = CARTESIAN_POINT ( 'NONE',  ( -18.11923000037472420, -2.191152639001975988, 0.000000000000000000 ) ) ;
#7395 = DIRECTION ( 'NONE',  ( 0.000000000000000000, 0.000000000000000000, 1.000000000000000000 ) ) ;
#7396 = DIRECTION ( 'NONE',  ( -0.000000000000000000, -0.000000000000000000, 1.000000000000000000 ) ) ;
#7397 = DIRECTION ( 'NONE',  ( -0.000000000000000000, 0.000000000000000000, -1.000000000000000000 ) ) ;
#7398 = VERTEX_POINT ( 'NONE', #2304 ) ;
#7399 = FACE_OUTER_BOUND ( 'NONE', #6437, .T. ) ;
#7400 = ADVANCED_FACE ( 'NONE', ( #7983 ), #5764, .T. ) ;
#7401 = B_SPLINE_CURVE_WITH_KNOTS ( 'NONE', 3,
 ( #3559, #3651, #8637, #5790, #665, #114, #7165, #2807, #2254, #5745, #4949, #6408, #5092, #4357, #3471, #8588, #23 ),
 .UNSPECIFIED., .F., .F.,
 ( 4, 1, 1, 1, 1, 1, 1, 1, 1, 1, 1, 1, 1, 1, 4 ),
 ( 0.000000000000000000, 0.05075693313378840110, 0.09987948147019168332, 0.1471663999044381943, 0.1946411465927117002, 0.2441503911220636591, 0.2956730220799967390, 0.3497292318341005957, 0.4066047646331900633, 0.5230531776600171323, 0.6353599980786840407, 0.6999121552817889613, 0.7824155783949963139, 0.8825601116638781551, 1.000000000000000000 ),
 .UNSPECIFIED. ) ;
#7402 = CARTESIAN_POINT ( 'NONE',  ( -18.33128094435477351, -2.323740287839115570, -0.1000000000000000056 ) ) ;
#7403 = CARTESIAN_POINT ( 'NONE',  ( -19.82288567689162306, 1.879181091382861490, 1.355252715606880543E-17 ) ) ;
#7404 = CARTESIAN_POINT ( 'NONE',  ( -19.59931258339290139, 3.243706239064532149, -0.1000000000000000056 ) ) ;
#7405 = ORIENTED_EDGE ( 'NONE', *, *, #5614, .T. ) ;
#7406 = CARTESIAN_POINT ( 'NONE',  ( -18.40626819699757633, 4.136248609779175744, 0.000000000000000000 ) ) ;
#7407 = CARTESIAN_POINT ( 'NONE',  ( -19.33939340584999655, -4.100293962820781957, 0.000000000000000000 ) ) ;
#7408 = CARTESIAN_POINT ( 'NONE',  ( -18.99430408764438027, 0.8735950868324086072, -0.1000000000000000056 ) ) ;
#7409 = B_SPLINE_CURVE_WITH_KNOTS ( 'NONE', 3,
 ( #2800, #4294, #4943, #1492, #607, #2904, #6400, #7785, #1396, #4250, #7111 ),
 .UNSPECIFIED., .F., .F.,
 ( 4, 1, 1, 1, 1, 1, 1, 1, 4 ),
 ( 0.000000000000000000, 0.1169912366922745278, 0.2272028356408349048, 0.3351889169562188298, 0.4467835482919838008, 0.5650013104486442117, 0.6927251599433743579, 0.8363621727257571914, 1.000000000000000000 ),
 .UNSPECIFIED. ) ;
#7410 = CARTESIAN_POINT ( 'NONE',  ( -18.91190360907055279, 0.7803690654780860436, 0.000000000000000000 ) ) ;
#7411 = VERTEX_POINT ( 'NONE', #8999 ) ;
#7412 = CARTESIAN_POINT ( 'NONE',  ( -19.12939052401586792, 1.245634562174478210, 0.000000000000000000 ) ) ;
#7413 = CARTESIAN_POINT ( 'NONE',  ( -20.10918549110403220, -0.9223455405550418096, -0.1000000000000000056 ) ) ;
#7414 = CARTESIAN_POINT ( 'NONE',  ( -19.36777474363793417, -4.188124338826548332, 0.000000000000000000 ) ) ;
#7415 = CARTESIAN_POINT ( 'NONE',  ( -19.60857063808489542, 1.304105028515372355, -0.1000000000000000056 ) ) ;
#7416 = EDGE_CURVE ( 'NONE', #2681, #2865, #2849, .T. ) ;
#7417 = ADVANCED_FACE ( 'NONE', ( #6211 ), #5360, .T. ) ;
#7418 = UNCERTAINTY_MEASURE_WITH_UNIT (LENGTH_MEASURE( 1.000000000000000082E-05 ), #1506, 'distance_accuracy_value', 'NONE');
#7419 = CARTESIAN_POINT ( 'NONE',  ( -18.47076243207002122, 1.338797396719451305, -0.1000000000000000056 ) ) ;
#7420 = ORIENTED_EDGE ( 'NONE', *, *, #1097, .T. ) ;
#7421 = SURFACE_SIDE_STYLE ('',( #364 ) ) ;
#7422 = CARTESIAN_POINT ( 'NONE',  ( -19.77026629585628115, 2.509327615102131315, -0.1000000000000000056 ) ) ;
#7423 = ORIENTED_EDGE ( 'NONE', *, *, #4666, .T. ) ;
#7424 = DIRECTION ( 'NONE',  ( 0.000000000000000000, 0.000000000000000000, -1.000000000000000000 ) ) ;
#7425 = DIRECTION ( 'NONE',  ( 0.000000000000000000, 0.000000000000000000, 1.000000000000000000 ) ) ;
#7426 = CARTESIAN_POINT ( 'NONE',  ( -19.82708479948694347, 1.969428031061269513, -0.1000000000000000056 ) ) ;
#7427 = VERTEX_POINT ( 'NONE', #6078 ) ;
#7428 = CARTESIAN_POINT ( 'NONE',  ( -19.41576115847787420, 1.621990873057695293, -0.1000000000000000056 ) ) ;
#7429 = CARTESIAN_POINT ( 'NONE',  ( -20.06417332762890027, -3.145621657756463296, 0.000000000000000000 ) ) ;
#7430 = CARTESIAN_POINT ( 'NONE',  ( -19.19038809278214330, -3.555917479197185038, 0.000000000000000000 ) ) ;
#7431 = CARTESIAN_POINT ( 'NONE',  ( -19.28210571296598630, -1.589560526723145850, 1.355252715606880543E-17 ) ) ;
#7432 = DIRECTION ( 'NONE',  ( 0.000000000000000000, 0.000000000000000000, 1.000000000000000000 ) ) ;
#7433 =( NAMED_UNIT ( * ) SI_UNIT ( $, .STERADIAN. ) SOLID_ANGLE_UNIT ( ) );
#7434 =( GEOMETRIC_REPRESENTATION_CONTEXT ( 3 ) GLOBAL_UNCERTAINTY_ASSIGNED_CONTEXT ( ( #1278 ) ) GLOBAL_UNIT_ASSIGNED_CONTEXT ( ( #5299, #3858, #8222 ) ) REPRESENTATION_CONTEXT ( 'NONE', 'WORKASPACE' ) );
#7435 = EDGE_CURVE ( 'NONE', #6752, #457, #7520, .T. ) ;
#7436 = ORIENTED_EDGE ( 'NONE', *, *, #2197, .F. ) ;
#7437 = DIRECTION ( 'NONE',  ( -1.000000000000000000, 0.000000000000000000, -0.000000000000000000 ) ) ;
#7438 = DIRECTION ( 'NONE',  ( -0.000000000000000000, -0.000000000000000000, 1.000000000000000000 ) ) ;
#7439 = CARTESIAN_POINT ( 'NONE',  ( -19.82711619452485863, 1.908183520770096120, -0.1000000000000000056 ) ) ;
#7440 = LINE ( 'NONE', #5245, #752 ) ;
#7441 = MECHANICAL_DESIGN_GEOMETRIC_PRESENTATION_REPRESENTATION (  '', ( #1167 ), #3418 ) ;
#7442 = ORIENTED_EDGE ( 'NONE', *, *, #6385, .F. ) ;
#7443 = VECTOR ( 'NONE', #5177, 1000.000000000000000 ) ;
#7444 = CARTESIAN_POINT ( 'NONE',  ( -19.10158282219474302, 3.810769134777305389, -0.1000000000000000056 ) ) ;
#7445 = PRESENTATION_STYLE_ASSIGNMENT (( #6618 ) ) ;
#7446 = CARTESIAN_POINT ( 'NONE',  ( -18.71261376628584472, -3.791742540266432648, 0.000000000000000000 ) ) ;
#7447 = ADVANCED_FACE ( 'NONE', ( #6826 ), #8427, .T. ) ;
#7448 = CARTESIAN_POINT ( 'NONE',  ( -19.99419158119563988, -3.967249768575034086, 0.000000000000000000 ) ) ;
#7449 = CIRCLE ( 'NONE', #7584, 1.000000000000000444 ) ;
#7450 = ORIENTED_EDGE ( 'NONE', *, *, #1460, .T. ) ;
#7451 = CARTESIAN_POINT ( 'NONE',  ( -19.79720952266188050, -3.396040580450951474, 0.000000000000000000 ) ) ;
#7452 = CARTESIAN_POINT ( 'NONE',  ( -19.99419158119563988, -3.967249768575034086, -0.1000000000000000056 ) ) ;
#7453 = SURFACE_STYLE_USAGE ( .BOTH. , #6756 ) ;
#7454 = CIRCLE ( 'NONE', #8484, 7.000000000000002665 ) ;
#7455 = DIRECTION ( 'NONE',  ( 1.000000000000000000, 0.000000000000000000, 0.000000000000000000 ) ) ;
#7456 = DIRECTION ( 'NONE',  ( -0.000000000000000000, -0.000000000000000000, 1.000000000000000000 ) ) ;
#7457 = EDGE_CURVE ( 'NONE', #7206, #6907, #5856, .T. ) ;
#7458 = AXIS2_PLACEMENT_3D ( 'NONE', #2257, #6410, #7259 ) ;
#7459 = CARTESIAN_POINT ( 'NONE',  ( -19.74838470625596187, 2.520578197943517118, -0.1000000000000000056 ) ) ;
#7460 = CARTESIAN_POINT ( 'NONE',  ( 3.540000000000004921, -8.406000000000007688, 0.000000000000000000 ) ) ;
#7461 = ORIENTED_EDGE ( 'NONE', *, *, #629, .T. ) ;
#7462 = CARTESIAN_POINT ( 'NONE',  ( -18.27554525391818885, 1.459621046358205998, -0.1000000000000000056 ) ) ;
#7463 = CARTESIAN_POINT ( 'NONE',  ( -18.40785395798816282, 2.098402936243645378, -0.1000000000000000056 ) ) ;
#7464 = VERTEX_POINT ( 'NONE', #5643 ) ;
#7465 = VECTOR ( 'NONE', #5769, 1000.000000000000000 ) ;
#7466 = SURFACE_SIDE_STYLE ('',( #5305 ) ) ;
#7467 = DIRECTION ( 'NONE',  ( -0.000000000000000000, -0.000000000000000000, 1.000000000000000000 ) ) ;
#7468 = EDGE_LOOP ( 'NONE', ( #7251, #5191, #1557, #6723 ) ) ;
#7469 = ADVANCED_FACE ( 'NONE', ( #1353 ), #5600, .T. ) ;
#7470 = PRESENTATION_STYLE_ASSIGNMENT (( #3964 ) ) ;
#7471 = COLOUR_RGB ( '',1.000000000000000000, 0.9607843137254902244, 0.8901960784313724950 ) ;
#7472 = EDGE_LOOP ( 'NONE', ( #5322, #2666, #374, #8941 ) ) ;
#7473 = CARTESIAN_POINT ( 'NONE',  ( -18.70580803544139670, -3.024736317174879119, 0.000000000000000000 ) ) ;
#7474 = CARTESIAN_POINT ( 'NONE',  ( -18.59788592611133140, -0.7334783503562773976, 0.000000000000000000 ) ) ;
#7475 = CARTESIAN_POINT ( 'NONE',  ( -19.32247542135608143, -3.164394048850177388, 0.000000000000000000 ) ) ;
#7476 = DIRECTION ( 'NONE',  ( -0.000000000000000000, -0.000000000000000000, 1.000000000000000000 ) ) ;
#7477 = DIRECTION ( 'NONE',  ( 0.000000000000000000, -0.000000000000000000, -1.000000000000000000 ) ) ;
#7478 = COLOUR_RGB ( '',1.000000000000000000, 0.9607843137254902244, 0.8901960784313724950 ) ;
#7479 = EDGE_LOOP ( 'NONE', ( #4079, #5139 ) ) ;
#7480 = CARTESIAN_POINT ( 'NONE',  ( -18.40743657848208770, 1.777584114426168371, 0.000000000000000000 ) ) ;
#7481 = CARTESIAN_POINT ( 'NONE',  ( -19.58890726722236408, -0.8596249188412734554, 0.000000000000000000 ) ) ;
#7482 = LINE ( 'NONE', #5195, #4773 ) ;
#7483 = CARTESIAN_POINT ( 'NONE',  ( -19.83769766204326146, 3.486927190664106391, -0.1000000000000000056 ) ) ;
#7484 = ORIENTED_EDGE ( 'NONE', *, *, #1153, .F. ) ;
#7485 = CARTESIAN_POINT ( 'NONE',  ( -18.35127022245133332, -0.3467230224609372247, -0.1000000000000000056 ) ) ;
#7486 = SURFACE_SIDE_STYLE ('',( #4716 ) ) ;
#7487 = CARTESIAN_POINT ( 'NONE',  ( -18.74895831881567076, 3.686339912414548614, -0.1000000000000000056 ) ) ;
#7488 = DIRECTION ( 'NONE',  ( -0.000000000000000000, -0.000000000000000000, 1.000000000000000000 ) ) ;
#7489 = CARTESIAN_POINT ( 'NONE',  ( -19.04163038808605890, 2.970270162161372074, 0.000000000000000000 ) ) ;
#7490 = ORIENTED_EDGE ( 'NONE', *, *, #3080, .F. ) ;
#7491 = ORIENTED_EDGE ( 'NONE', *, *, #2319, .T. ) ;
#7492 = CARTESIAN_POINT ( 'NONE',  ( -18.44081972048845941, -3.810017038931931221, 0.000000000000000000 ) ) ;
#7493 = CARTESIAN_POINT ( 'NONE',  ( -19.62620192463313629, -3.097691901166142348, 0.000000000000000000 ) ) ;
#7494 =( LENGTH_UNIT ( ) NAMED_UNIT ( * ) SI_UNIT ( .MILLI., .METRE. ) );
#7495 = EDGE_CURVE ( 'NONE', #5253, #6020, #4156, .T. ) ;
#7496 = CARTESIAN_POINT ( 'NONE',  ( -22.50000000000000000, 10.44500000000000028, 0.000000000000000000 ) ) ;
#7497 = CARTESIAN_POINT ( 'NONE',  ( -20.09707077064267366, 3.745070865060717846, 0.000000000000000000 ) ) ;
#7498 = CARTESIAN_POINT ( 'NONE',  ( -18.16052791086793405, -1.058662721322354505, 0.000000000000000000 ) ) ;
#7499 = AXIS2_PLACEMENT_3D ( 'NONE', #3412, #467, #3276 ) ;
#7500 = CARTESIAN_POINT ( 'NONE',  ( -18.14091815022949561, -3.916898480373980362, 0.000000000000000000 ) ) ;
#7501 = CARTESIAN_POINT ( 'NONE',  ( -19.22952053141110795, 3.146292656476582739, -0.1000000000000000056 ) ) ;
#7502 = CARTESIAN_POINT ( 'NONE',  ( -19.88722773055933146, -1.939569463028618213, -0.000000000000000000 ) ) ;
#7503 = AXIS2_PLACEMENT_3D ( 'NONE', #8006, #1626, #5266 ) ;
#7504 = B_SPLINE_CURVE_WITH_KNOTS ( 'NONE', 3,
 ( #789, #3116, #6670, #268, #5956, #8795, #2411, #5254, #8086, #4544, #7412 ),
 .UNSPECIFIED., .F., .F.,
 ( 4, 1, 1, 1, 1, 1, 1, 1, 4 ),
 ( 0.000000000000000000, 0.1101625006635518211, 0.2237862920302668979, 0.3420968782149917398, 0.4645085467891499897, 0.5913958755837638304, 0.7228974131495211619, 0.8585750899710251627, 1.000000000000000000 ),
 .UNSPECIFIED. ) ;
#7505 = CARTESIAN_POINT ( 'NONE',  ( -18.08704657968000262, 1.827573387342284139, 0.000000000000000000 ) ) ;
#7506 = CARTESIAN_POINT ( 'NONE',  ( -18.96377040295877592, 2.271119663831485447, -0.1000000000000000056 ) ) ;
#7507 = VERTEX_POINT ( 'NONE', #8485 ) ;
#7508 = DIRECTION ( 'NONE',  ( 1.000000000000000000, 0.000000000000000000, 0.000000000000000000 ) ) ;
#7509 = CARTESIAN_POINT ( 'NONE',  ( 0.5000000000000004441, -8.406000000000007688, -0.09999999999999982514 ) ) ;
#7510 = ORIENTED_EDGE ( 'NONE', *, *, #6816, .F. ) ;
#7511 = CARTESIAN_POINT ( 'NONE',  ( -20.11002957262878255, 3.570620958557346292, -0.1000000000000000056 ) ) ;
#7512 = CARTESIAN_POINT ( 'NONE',  ( -19.46808755058650675, 3.074357725779213624, -0.1000000000000000056 ) ) ;
#7513 = CARTESIAN_POINT ( 'NONE',  ( -20.06417332762890027, -3.145621657756463296, -0.1000000000000000056 ) ) ;
#7514 = VECTOR ( 'NONE', #5968, 1000.000000000000000 ) ;
#7515 = EDGE_LOOP ( 'NONE', ( #1879, #677, #464, #5561 ) ) ;
#7516 =( NAMED_UNIT ( * ) SI_UNIT ( $, .STERADIAN. ) SOLID_ANGLE_UNIT ( ) );
#7517 = CARTESIAN_POINT ( 'NONE',  ( -19.03162877328925973, 3.583181318453787512, 0.000000000000000000 ) ) ;
#7518 = CARTESIAN_POINT ( 'NONE',  ( -19.25142666988181617, -1.663012017102727391, -0.1000000000000000056 ) ) ;
#7519 = ORIENTED_EDGE ( 'NONE', *, *, #3571, .F. ) ;
#7520 = LINE ( 'NONE', #1876, #4167 ) ;
#7521 = CARTESIAN_POINT ( 'NONE',  ( -18.33886504529830219, -3.532558407252507582, -0.1000000000000000056 ) ) ;
#7522 = VERTEX_POINT ( 'NONE', #4947 ) ;
#7523 = PRESENTATION_LAYER_ASSIGNMENT (  '', '', ( #231 ) ) ;
#7524 = CIRCLE ( 'NONE', #4990, 0.2999999999999999334 ) ;
#7525 = CARTESIAN_POINT ( 'NONE',  ( -18.93322311648895351, 4.126200607832097411, 0.000000000000000000 ) ) ;
#7526 = DIRECTION ( 'NONE',  ( -1.000000000000000000, 0.000000000000000000, 0.000000000000000000 ) ) ;
#7527 = EDGE_CURVE ( 'NONE', #301, #6298, #2155, .T. ) ;
#7528 = CARTESIAN_POINT ( 'NONE',  ( -19.78204749569450982, 1.779363481767646471, 1.355252715606880543E-17 ) ) ;
#7529 = CARTESIAN_POINT ( 'NONE',  ( -18.10843165101305630, 0.8742112110522267665, 0.000000000000000000 ) ) ;
#7530 = ORIENTED_EDGE ( 'NONE', *, *, #6219, .T. ) ;
#7531 = CARTESIAN_POINT ( 'NONE',  ( -18.85007159115672692, 1.256551883876812825, 0.000000000000000000 ) ) ;
#7532 = CARTESIAN_POINT ( 'NONE',  ( -18.36512499187151803, 1.891725041986249023, 0.000000000000000000 ) ) ;
#7533 = CARTESIAN_POINT ( 'NONE',  ( -18.93322311648895351, 4.126200607832097411, -0.1000000000000000056 ) ) ;
#7534 =( NAMED_UNIT ( * ) SI_UNIT ( $, .STERADIAN. ) SOLID_ANGLE_UNIT ( ) );
#7535 = CARTESIAN_POINT ( 'NONE',  ( -18.33874842656977933, -3.466102827301804634, -0.1000000000000000056 ) ) ;
#7536 = ORIENTED_EDGE ( 'NONE', *, *, #830, .F. ) ;
#7537 = ORIENTED_EDGE ( 'NONE', *, *, #2009, .T. ) ;
#7538 = PLANE ( 'NONE',  #876 ) ;
#7539 = CARTESIAN_POINT ( 'NONE',  ( -18.08206653552674936, 1.877843888124169469, -0.1000000000000000056 ) ) ;
#7540 = ORIENTED_EDGE ( 'NONE', *, *, #5660, .T. ) ;
#7541 = CARTESIAN_POINT ( 'NONE',  ( -18.41702743801516107, -1.480653587006073302, 0.000000000000000000 ) ) ;
#7542 = CARTESIAN_POINT ( 'NONE',  ( -20.01479042454345958, 3.969371524822552733, 0.000000000000000000 ) ) ;
#7543 = CARTESIAN_POINT ( 'NONE',  ( -18.11792118791563766, -1.216426565857709807, 0.000000000000000000 ) ) ;
#7544 = CARTESIAN_POINT ( 'NONE',  ( -5.500000000000000888, 0.000000000000000000, 16.00000000000000000 ) ) ;
#7545 = CARTESIAN_POINT ( 'NONE',  ( -5.080000000000000071, -8.406000000000007688, -0.09999999999999982514 ) ) ;
#7546 = PRESENTATION_STYLE_ASSIGNMENT (( #5261 ) ) ;
#7547 = LINE ( 'NONE', #3399, #4340 ) ;
#7548 = CARTESIAN_POINT ( 'NONE',  ( -18.44950711233109075, 2.145591621569727714, 0.000000000000000000 ) ) ;
#7549 = VERTEX_POINT ( 'NONE', #4254 ) ;
#7550 = CARTESIAN_POINT ( 'NONE',  ( -18.86273622017642282, -4.160699668395032802, -0.1000000000000000056 ) ) ;
#7551 = CARTESIAN_POINT ( 'NONE',  ( -18.68153995333715756, -1.142901814778646274, -0.1000000000000000056 ) ) ;
#7552 = ORIENTED_EDGE ( 'NONE', *, *, #2197, .T. ) ;
#7553 = CARTESIAN_POINT ( 'NONE',  ( -19.87500209550502461, 3.019232253218170126, -0.1000000000000000056 ) ) ;
#7554 = CARTESIAN_POINT ( 'NONE',  ( -18.91190360907055279, 0.7803690654780860436, -0.1000000000000000056 ) ) ;
#7555 = CARTESIAN_POINT ( 'NONE',  ( -19.64352926209400607, -2.706555749100298947, -0.1000000000000000056 ) ) ;
#7556 = ORIENTED_EDGE ( 'NONE', *, *, #839, .F. ) ;
#7557 = CARTESIAN_POINT ( 'NONE',  ( -19.03772146964434597, 3.503682885544967096, -0.1000000000000000056 ) ) ;
#7558 = CARTESIAN_POINT ( 'NONE',  ( -19.37049631803411742, -1.486425891049862003, 1.355252715606880543E-17 ) ) ;
#7559 = ORIENTED_EDGE ( 'NONE', *, *, #6714, .T. ) ;
#7560 = CARTESIAN_POINT ( 'NONE',  ( -18.37403730459950424, -3.712842942694115411, -0.1000000000000000056 ) ) ;
#7561 = ORIENTED_EDGE ( 'NONE', *, *, #2345, .F. ) ;
#7562 = CARTESIAN_POINT ( 'NONE',  ( -20.10386033204714096, -3.619166230999047773, 0.000000000000000000 ) ) ;
#7563 = CARTESIAN_POINT ( 'NONE',  ( -19.50000000000000000, 8.572527594031473190E-16, 15.50000000000000000 ) ) ;
#7564 = CARTESIAN_POINT ( 'NONE',  ( -19.16707034674308474, -2.766064391041721304, -0.1000000000000000056 ) ) ;
#7565 = DIRECTION ( 'NONE',  ( 0.000000000000000000, 0.000000000000000000, 1.000000000000000000 ) ) ;
#7566 = ORIENTED_EDGE ( 'NONE', *, *, #5103, .T. ) ;
#7567 = CARTESIAN_POINT ( 'NONE',  ( -18.10687864759171717, -0.1107587432861326104, 0.000000000000000000 ) ) ;
#7568 = FACE_OUTER_BOUND ( 'NONE', #5246, .T. ) ;
#7569 = CARTESIAN_POINT ( 'NONE',  ( -18.97900377839497921, 4.165238096487537511, 0.000000000000000000 ) ) ;
#7570 = DIRECTION ( 'NONE',  ( 0.000000000000000000, 0.000000000000000000, -1.000000000000000000 ) ) ;
#7571 = CARTESIAN_POINT ( 'NONE',  ( -19.56054240468395378, 2.591720397820874489, 0.000000000000000000 ) ) ;
#7572 = CARTESIAN_POINT ( 'NONE',  ( -18.49427432063071208, 2.537752753388470062, -0.000000000000000000 ) ) ;
#7573 = EDGE_CURVE ( 'NONE', #1791, #3975, #1449, .T. ) ;
#7574 = ORIENTED_EDGE ( 'NONE', *, *, #8511, .F. ) ;
#7575 = PRESENTATION_LAYER_ASSIGNMENT (  '', '', ( #2225 ) ) ;
#7576 = EDGE_LOOP ( 'NONE', ( #6861, #1765, #174, #3389 ) ) ;
#7577 = CARTESIAN_POINT ( 'NONE',  ( -18.10687864759171362, 0.8310918744405112468, -0.1000000000000000056 ) ) ;
#7578 = MECHANICAL_DESIGN_GEOMETRIC_PRESENTATION_REPRESENTATION (  '', ( #8913 ), #7434 ) ;
#7579 = LINE ( 'NONE', #2025, #6935 ) ;
#7580 = CARTESIAN_POINT ( 'NONE',  ( 0.000000000000000000, -8.406000000000007688, -0.09999999999999982514 ) ) ;
#7581 = FILL_AREA_STYLE ('',( #5429 ) ) ;
#7582 = CARTESIAN_POINT ( 'NONE',  ( -19.93379586030951600, 4.080629701535621656, 0.000000000000000000 ) ) ;
#7583 = LINE ( 'NONE', #3310, #2084 ) ;
#7584 = AXIS2_PLACEMENT_3D ( 'NONE', #7063, #656, #3511 ) ;
#7585 = CARTESIAN_POINT ( 'NONE',  ( -18.18151495160590869, -3.992245276628796358, 0.000000000000000000 ) ) ;
#7586 = FILL_AREA_STYLE_COLOUR ( '', #7001 ) ;
#7587 = CARTESIAN_POINT ( 'NONE',  ( -19.26323565878473687, 4.291389899349629999, -0.1000000000000000056 ) ) ;
#7588 = MANIFOLD_SOLID_BREP ( 'Fillet2', #9154 ) ;
#7589 = AXIS2_PLACEMENT_3D ( 'NONE', #4555, #408, #7593 ) ;
#7590 = CARTESIAN_POINT ( 'NONE',  ( -18.95407977139814193, -1.561052235080655715, -0.000000000000000000 ) ) ;
#7591 = EDGE_LOOP ( 'NONE', ( #3837, #5494 ) ) ;
#7592 = CARTESIAN_POINT ( 'NONE',  ( -18.08275951972657580, 1.996834709868368307, 0.000000000000000000 ) ) ;
#7593 = DIRECTION ( 'NONE',  ( 1.000000000000000000, 0.000000000000000000, 0.000000000000000000 ) ) ;
#7594 = ORIENTED_EDGE ( 'NONE', *, *, #6292, .T. ) ;
#7595 = VECTOR ( 'NONE', #911, 1000.000000000000000 ) ;
#7596 = CARTESIAN_POINT ( 'NONE',  ( -18.48269933143347998, -1.233431704723095823, 0.000000000000000000 ) ) ;
#7597 = CARTESIAN_POINT ( 'NONE',  ( -19.39545228777929253, 4.301933797200518050, -0.1000000000000000056 ) ) ;
#7598 = EDGE_CURVE ( 'NONE', #4517, #393, #3189, .T. ) ;
#7599 = FACE_OUTER_BOUND ( 'NONE', #867, .T. ) ;
#7600 = COLOUR_RGB ( '',0.8666666666666666963, 0.9098039215686274384, 1.000000000000000000 ) ;
#7601 = VERTEX_POINT ( 'NONE', #8010 ) ;
#7602 = CARTESIAN_POINT ( 'NONE',  ( -18.41507688977921475, 0.8310918744405112468, 0.000000000000000000 ) ) ;
#7603 = CIRCLE ( 'NONE', #8654, 0.5000000000000004441 ) ;
#7604 = CARTESIAN_POINT ( 'NONE',  ( -19.03191632620645635, 3.549720191466237740, -0.1000000000000000056 ) ) ;
#7605 = AXIS2_PLACEMENT_3D ( 'NONE', #6541, #840, #1674 ) ;
#7606 = EDGE_CURVE ( 'NONE', #8648, #2161, #737, .T. ) ;
#7607 = VERTEX_POINT ( 'NONE', #3736 ) ;
#7608 = CARTESIAN_POINT ( 'NONE',  ( -20.10974128693873908, -0.8631483917756539448, 0.000000000000000000 ) ) ;
#7609 = CARTESIAN_POINT ( 'NONE',  ( -18.42278837159914318, -3.789499691120965519, 0.000000000000000000 ) ) ;
#7610 = B_SPLINE_SURFACE_WITH_KNOTS ( 'NONE', 3, 1, ( 
 ( #1542, #575 ),
 ( #3735, #2909 ),
 ( #2291, #8353 ),
 ( #6505, #7924 ),
 ( #5087, #6545 ),
 ( #4390, #7252 ),
 ( #1974, #4351 ),
 ( #5135, #2198 ),
 ( #7876, #3429 ),
 ( #6453, #3687 ),
 ( #8680, #6274 ) ),
 .UNSPECIFIED., .F., .F., .F.,
 ( 4, 1, 1, 1, 1, 1, 1, 1, 4 ),
 ( 2, 2 ),
 ( 0.000000000000000000, 0.1165024731976383593, 0.2257851715444331719, 0.3345597068252782469, 0.4463155302877027664, 0.5673888587239085401, 0.6971026792112592352, 0.8417509844551590570, 1.000000000000000000 ),
 ( 0.000000000000000000, 1.000000000000000000 ),
 .UNSPECIFIED. ) ;
#7611 = AXIS2_PLACEMENT_3D ( 'NONE', #7256, #24, #6459 ) ;
#7612 = ORIENTED_EDGE ( 'NONE', *, *, #7435, .T. ) ;
#7613 = CARTESIAN_POINT ( 'NONE',  ( -18.85549059163642127, 4.035561129298430139, 0.000000000000000000 ) ) ;
#7614 =( LENGTH_UNIT ( ) NAMED_UNIT ( * ) SI_UNIT ( .MILLI., .METRE. ) );
#7615 = CARTESIAN_POINT ( 'NONE',  ( -19.39899180025694037, -2.685475812768757908, -0.1000000000000000056 ) ) ;
#7616 = CIRCLE ( 'NONE', #4043, 8.000000000000000000 ) ;
#7617 = CARTESIAN_POINT ( 'NONE',  ( -18.10741937422069014, 0.8461052177526662277, -0.1000000000000000056 ) ) ;
#7618 = ORIENTED_EDGE ( 'NONE', *, *, #1224, .F. ) ;
#7619 = CARTESIAN_POINT ( 'NONE',  ( -18.10687864759171717, -0.1107587432861326104, 0.000000000000000000 ) ) ;
#7620 = DIRECTION ( 'NONE',  ( 0.000000000000000000, 0.000000000000000000, 1.000000000000000000 ) ) ;
#7621 = PRESENTATION_LAYER_ASSIGNMENT (  '', '', ( #1959 ) ) ;
#7622 = CARTESIAN_POINT ( 'NONE',  ( -19.26323565878473687, 4.291389899349629999, -0.1000000000000000056 ) ) ;
#7623 = CARTESIAN_POINT ( 'NONE',  ( -19.33243470660848473, -2.695591818571395404, -0.1000000000000000056 ) ) ;
#7624 = DIRECTION ( 'NONE',  ( -1.000000000000000000, 0.000000000000000000, 0.000000000000000000 ) ) ;
#7625 = EDGE_LOOP ( 'NONE', ( #3544, #1741, #1872, #1399 ) ) ;
#7626 = VERTEX_POINT ( 'NONE', #3089 ) ;
#7627 = CARTESIAN_POINT ( 'NONE',  ( -19.31832603685499095, 1.612464562196404438, 0.000000000000000000 ) ) ;
#7628 = CARTESIAN_POINT ( 'NONE',  ( 20.50000000000000355, 9.797174393178823685E-16, 16.00000000000000000 ) ) ;
#7629 = UNCERTAINTY_MEASURE_WITH_UNIT (LENGTH_MEASURE( 1.000000000000000082E-05 ), #1397, 'distance_accuracy_value', 'NONE');
#7630 = CARTESIAN_POINT ( 'NONE',  ( -19.22952053141110795, 3.146292656476582739, -0.000000000000000000 ) ) ;
#7631 = CARTESIAN_POINT ( 'NONE',  ( -19.15802710124050989, 2.994698815054058105, -0.1000000000000000056 ) ) ;
#7632 = CARTESIAN_POINT ( 'NONE',  ( -19.96291385323578282, 4.045791009444256403, -0.1000000000000000056 ) ) ;
#7633 = CARTESIAN_POINT ( 'NONE',  ( -19.66592834928238887, 1.323888022104898532, 0.000000000000000000 ) ) ;
#7634 = CARTESIAN_POINT ( 'NONE',  ( -18.36371051608129790, 1.935468908945718436, 0.000000000000000000 ) ) ;
#7635 = CARTESIAN_POINT ( 'NONE',  ( -20.09841602443135145, 3.421904449256055969, 0.000000000000000000 ) ) ;
#7636 = CARTESIAN_POINT ( 'NONE',  ( -18.10930372309841374, -1.320900150949182894, 0.000000000000000000 ) ) ;
#7637 = EDGE_CURVE ( 'NONE', #6390, #8407, #2404, .T. ) ;
#7638 = CARTESIAN_POINT ( 'NONE',  ( -2.999999999999995559, 8.294999999999998153, 5.700000000000000178 ) ) ;
#7639 = CARTESIAN_POINT ( 'NONE',  ( -18.36371051608129790, 1.935468908945718436, 0.000000000000000000 ) ) ;
#7640 = CARTESIAN_POINT ( 'NONE',  ( -19.54212509012566912, 3.213335038335891181, 0.000000000000000000 ) ) ;
#7641 = SURFACE_SIDE_STYLE ('',( #1952 ) ) ;
#7642 = ORIENTED_EDGE ( 'NONE', *, *, #7080, .T. ) ;
#7643 = CARTESIAN_POINT ( 'NONE',  ( -19.76337537573471792, 2.955233192249349994, -0.1000000000000000056 ) ) ;
#7644 = CARTESIAN_POINT ( 'NONE',  ( -19.58860835215311624, 2.921592128185408921, 0.000000000000000000 ) ) ;
#7645 = CARTESIAN_POINT ( 'NONE',  ( -19.60160987706908386, -2.696623597792289218, -0.1000000000000000056 ) ) ;
#7646 = STYLED_ITEM ( 'NONE', ( #2194 ), #3932 ) ;
#7647 = CARTESIAN_POINT ( 'NONE',  ( -18.72166993278865377, -2.941928793589275060, 0.000000000000000000 ) ) ;
#7648 = CARTESIAN_POINT ( 'NONE',  ( -19.50000000000000355, 8.572527594031474176E-16, 15.50000000000000000 ) ) ;
#7649 = EDGE_CURVE ( 'NONE', #4620, #6000, #7299, .T. ) ;
#7650 =( NAMED_UNIT ( * ) SI_UNIT ( $, .STERADIAN. ) SOLID_ANGLE_UNIT ( ) );
#7651 = CARTESIAN_POINT ( 'NONE',  ( -3.040000000000000480, -8.406000000000007688, -0.09999999999999982514 ) ) ;
#7652 = ORIENTED_EDGE ( 'NONE', *, *, #9013, .T. ) ;
#7653 = MECHANICAL_DESIGN_GEOMETRIC_PRESENTATION_REPRESENTATION (  '', ( #8390 ), #2744 ) ;
#7654 = CARTESIAN_POINT ( 'NONE',  ( -18.46362067503033089, 1.719445005016467354, -0.1000000000000000056 ) ) ;
#7655 = CARTESIAN_POINT ( 'NONE',  ( -20.01491556221396806, 2.282067000997935136, -0.1000000000000000056 ) ) ;
#7656 = CARTESIAN_POINT ( 'NONE',  ( -20.11016722181046390, -2.130901908874511808, 0.000000000000000000 ) ) ;
#7657 = SURFACE_STYLE_FILL_AREA ( #422 ) ;
#7658 = CARTESIAN_POINT ( 'NONE',  ( -18.41507688977921475, -1.573095194498698168, -0.1000000000000000056 ) ) ;
#7659 = CARTESIAN_POINT ( 'NONE',  ( 1.000000000000000444, -8.406000000000007688, 3.000000000000000000 ) ) ;
#7660 = CARTESIAN_POINT ( 'NONE',  ( -18.44437177477880851, -1.299007434844970943, -0.1000000000000000056 ) ) ;
#7661 = ORIENTED_EDGE ( 'NONE', *, *, #4824, .F. ) ;
#7662 = CARTESIAN_POINT ( 'NONE',  ( -18.18535202683003860, -0.3090766927518823759, -0.1000000000000000056 ) ) ;
#7663 = CARTESIAN_POINT ( 'NONE',  ( -20.02264234627830319, -3.917666150427725924, -0.1000000000000000056 ) ) ;
#7664 = CARTESIAN_POINT ( 'NONE',  ( -18.33802732923233947, -3.506958904266358257, -0.1000000000000000056 ) ) ;
#7665 = LINE ( 'NONE', #151, #6775 ) ;
#7666 = STYLED_ITEM ( 'NONE', ( #5424 ), #7 ) ;
#7667 = CARTESIAN_POINT ( 'NONE',  ( -19.51223052798315294, -3.069140828450521497, 0.000000000000000000 ) ) ;
#7668 = VECTOR ( 'NONE', #4898, 1000.000000000000000 ) ;
#7669 = ORIENTED_EDGE ( 'NONE', *, *, #6193, .T. ) ;
#7670 = ADVANCED_FACE ( 'NONE', ( #111 ), #1359, .T. ) ;
#7671 = VERTEX_POINT ( 'NONE', #503 ) ;
#7672 = SURFACE_SIDE_STYLE ('',( #4823 ) ) ;
#7673 = LINE ( 'NONE', #3350, #971 ) ;
#7674 = PLANE ( 'NONE',  #2599 ) ;
#7675 = CARTESIAN_POINT ( 'NONE',  ( -20.08892380152779822, 3.371014886879487804, 2.710505431213761085E-17 ) ) ;
#7676 = CARTESIAN_POINT ( 'NONE',  ( -12.50000000000000000, 0.000000000000000000, 16.00000000000000000 ) ) ;
#7677 = CARTESIAN_POINT ( 'NONE',  ( -18.42182099812873375, -1.403777985227941061, 0.000000000000000000 ) ) ;
#7678 = LINE ( 'NONE', #3582, #1855 ) ;
#7679 = CARTESIAN_POINT ( 'NONE',  ( -18.26017516909643490, 1.020505377451578877, 0.000000000000000000 ) ) ;
#7680 = CARTESIAN_POINT ( 'NONE',  ( -18.76315711130473574, 2.256178964079694538, 0.000000000000000000 ) ) ;
#7681 = EDGE_CURVE ( 'NONE', #8060, #8975, #7842, .T. ) ;
#7682 = SURFACE_SIDE_STYLE ('',( #4186 ) ) ;
#7683 =( NAMED_UNIT ( * ) PLANE_ANGLE_UNIT ( ) SI_UNIT ( $, .RADIAN. ) );
#7684 = CARTESIAN_POINT ( 'NONE',  ( -18.77391864266701660, -1.154204271508742830, 0.000000000000000000 ) ) ;
#7685 = CARTESIAN_POINT ( 'NONE',  ( -19.97391459549125869, 2.340776937762301557, 0.000000000000000000 ) ) ;
#7686 = B_SPLINE_SURFACE_WITH_KNOTS ( 'NONE', 3, 1, ( 
 ( #8015, #2342 ),
 ( #3096, #250 ),
 ( #4484, #5145 ),
 ( #3056, #8725 ),
 ( #7884, #288 ),
 ( #939, #1594 ),
 ( #1686, #853 ),
 ( #4359, #6605 ),
 ( #8768, #7393 ),
 ( #116, #2391 ),
 ( #7931, #8064 ),
 ( #1505, #7352 ),
 ( #7214, #3744 ),
 ( #8640, #2256 ),
 ( #3654, #988 ),
 ( #5747, #8590 ),
 ( #6511, #4399 ),
 ( #5233, #3831 ),
 ( #3786, #7257 ) ),
 .UNSPECIFIED., .F., .F., .F.,
 ( 4, 1, 1, 1, 1, 1, 1, 1, 1, 1, 1, 1, 1, 1, 1, 1, 4 ),
 ( 2, 2 ),
 ( 0.000000000000000000, 0.06469325295789031538, 0.1319128785284785776, 0.2029611573507837385, 0.2774449648096110610, 0.3542204712830415159, 0.4310223431692136176, 0.5070640098484600067, 0.5831750998531961550, 0.6571478000892178040, 0.7258991217706136645, 0.7898864299282034596, 0.8490237008499543769, 0.9011499219737284516, 0.9433466200773504839, 0.9763205444642349962, 1.000000000000000000 ),
 ( 0.000000000000000000, 1.000000000000000000 ),
 .UNSPECIFIED. ) ;
#7687 = CARTESIAN_POINT ( 'NONE',  ( -19.19038809278214330, -3.555917479197185038, -0.1000000000000000056 ) ) ;
#7688 = LINE ( 'NONE', #5589, #748 ) ;
#7689 = ORIENTED_EDGE ( 'NONE', *, *, #976, .T. ) ;
#7690 = CARTESIAN_POINT ( 'NONE',  ( -20.01536704923873700, 3.184968357463018762, -0.1000000000000000056 ) ) ;
#7691 = CARTESIAN_POINT ( 'NONE',  ( -19.82708479948694347, 1.969428031061269513, 0.000000000000000000 ) ) ;
#7692 = CARTESIAN_POINT ( 'NONE',  ( -20.11016722181046745, -0.1532965215047198959, 0.000000000000000000 ) ) ;
#7693 = CARTESIAN_POINT ( 'NONE',  ( -19.17652195751236732, -1.179220962141047657, -0.1000000000000000056 ) ) ;
#7694 = CARTESIAN_POINT ( 'NONE',  ( -19.23051807223363951, 3.135355294545489446, 0.000000000000000000 ) ) ;
#7695 = SURFACE_STYLE_USAGE ( .BOTH. , #1114 ) ;
#7696 =( NAMED_UNIT ( * ) SI_UNIT ( $, .STERADIAN. ) SOLID_ANGLE_UNIT ( ) );
#7697 = EDGE_LOOP ( 'NONE', ( #8331, #2859 ) ) ;
#7698 = CARTESIAN_POINT ( 'NONE',  ( -18.48722613367854350, -3.180663144966631162, -0.1000000000000000056 ) ) ;
#7699 = CARTESIAN_POINT ( 'NONE',  ( -19.33480733500524451, -1.520807513851532011, 0.000000000000000000 ) ) ;
#7700 = EDGE_CURVE ( 'NONE', #222, #4645, #7148, .T. ) ;
#7701 = EDGE_LOOP ( 'NONE', ( #2468, #7594, #3966, #4594 ) ) ;
#7702 = DIRECTION ( 'NONE',  ( -1.000000000000000000, 0.000000000000000000, 0.000000000000000000 ) ) ;
#7703 = CARTESIAN_POINT ( 'NONE',  ( -19.21035654920517999, 0.7421552665478529098, 0.000000000000000000 ) ) ;
#7704 = CARTESIAN_POINT ( 'NONE',  ( -20.06417332762890027, -3.145621657756463296, 0.000000000000000000 ) ) ;
#7705 = FILL_AREA_STYLE_COLOUR ( '', #6843 ) ;
#7706 = DIRECTION ( 'NONE',  ( 1.000000000000000000, 0.000000000000000000, 0.000000000000000000 ) ) ;
#7707 = VERTEX_POINT ( 'NONE', #6158 ) ;
#7708 = CARTESIAN_POINT ( 'NONE',  ( -18.35127022245133332, -0.3467230224609372247, 0.000000000000000000 ) ) ;
#7709 = CARTESIAN_POINT ( 'NONE',  ( -18.10736637847881170, 3.314675609730989514, -0.000000000000000000 ) ) ;
#7710 = DIRECTION ( 'NONE',  ( -0.000000000000000000, -0.000000000000000000, -1.000000000000000000 ) ) ;
#7711 = CARTESIAN_POINT ( 'NONE',  ( -18.75181625652377448, -3.730051611565518233, 0.000000000000000000 ) ) ;
#7712 = ORIENTED_EDGE ( 'NONE', *, *, #2170, .T. ) ;
#7713 = ORIENTED_EDGE ( 'NONE', *, *, #5950, .T. ) ;
#7714 = DIRECTION ( 'NONE',  ( -0.000000000000000000, 0.000000000000000000, 1.000000000000000000 ) ) ;
#7715 = CARTESIAN_POINT ( 'NONE',  ( -19.46929144997005423, -2.683893025716147296, 0.000000000000000000 ) ) ;
#7716 = CARTESIAN_POINT ( 'NONE',  ( -18.10736637847881170, 3.314675609730989514, -0.1000000000000000056 ) ) ;
#7717 = CARTESIAN_POINT ( 'NONE',  ( -19.18976792709743506, 3.247997146459014495, 0.000000000000000000 ) ) ;
#7718 = SURFACE_SIDE_STYLE ('',( #9120 ) ) ;
#7719 = EDGE_CURVE ( 'NONE', #2505, #4490, #5489, .T. ) ;
#7720 = CARTESIAN_POINT ( 'NONE',  ( -19.48225300196149234, 2.607057530584713234, -0.1000000000000000056 ) ) ;
#7721 = CARTESIAN_POINT ( 'NONE',  ( -19.27953701844224454, 1.250156533885034449, -0.1000000000000000056 ) ) ;
#7722 = CARTESIAN_POINT ( 'NONE',  ( -18.85791725871653313, 2.265723448395527306, 0.000000000000000000 ) ) ;
#7723 = CIRCLE ( 'NONE', #3566, 7.000000000000000000 ) ;
#7724 = CARTESIAN_POINT ( 'NONE',  ( -22.50000000000000000, -10.44500000000000028, 0.000000000000000000 ) ) ;
#7725 = LINE ( 'NONE', #2601, #906 ) ;
#7726 = CARTESIAN_POINT ( 'NONE',  ( -19.46519691712790134, -1.414237897272477396, -0.1000000000000000056 ) ) ;
#7727 =( GEOMETRIC_REPRESENTATION_CONTEXT ( 3 ) GLOBAL_UNCERTAINTY_ASSIGNED_CONTEXT ( ( #1623 ) ) GLOBAL_UNIT_ASSIGNED_CONTEXT ( ( #2131, #5020, #5812 ) ) REPRESENTATION_CONTEXT ( 'NONE', 'WORKASPACE' ) );
#7728 = CARTESIAN_POINT ( 'NONE',  ( -18.22740898456244452, 4.246622875533979879, 0.000000000000000000 ) ) ;
#7729 = SURFACE_STYLE_USAGE ( .BOTH. , #7641 ) ;
#7730 = ORIENTED_EDGE ( 'NONE', *, *, #7896, .T. ) ;
#7731 = CARTESIAN_POINT ( 'NONE',  ( -18.45409689431819089, 2.519149730073038995, -0.1000000000000000056 ) ) ;
#7732 = LINE ( 'NONE', #7866, #956 ) ;
#7733 = CARTESIAN_POINT ( 'NONE',  ( 2.040000000000004032, -8.406000000000007688, -0.09999999999999982514 ) ) ;
#7734 = VECTOR ( 'NONE', #8534, 1000.000000000000000 ) ;
#7735 = CARTESIAN_POINT ( 'NONE',  ( -19.07160335360570969, 2.966006781260170477, -0.1000000000000000056 ) ) ;
#7736 = CARTESIAN_POINT ( 'NONE',  ( -18.72166993278865377, -2.941928793589275060, -0.1000000000000000056 ) ) ;
#7737 = CARTESIAN_POINT ( 'NONE',  ( -18.36371051608129790, 1.935468908945718436, -0.1000000000000000056 ) ) ;
#7738 = CARTESIAN_POINT ( 'NONE',  ( -18.17318651290355191, -1.030381202963053022, 0.000000000000000000 ) ) ;
#7739 = CARTESIAN_POINT ( 'NONE',  ( -19.41037756434710104, 2.256473852337017139, -0.1000000000000000056 ) ) ;
#7740 = EDGE_LOOP ( 'NONE', ( #5466, #5522, #6866, #2907 ) ) ;
#7741 = AXIS2_PLACEMENT_3D ( 'NONE', #4242, #3545, #6391 ) ;
#7742 = CARTESIAN_POINT ( 'NONE',  ( -19.54902683155491872, 3.932535090481665385, 0.000000000000000000 ) ) ;
#7743 = CARTESIAN_POINT ( 'NONE',  ( -18.46016978697587518, -3.826920102969535442, 0.000000000000000000 ) ) ;
#7744 = ORIENTED_EDGE ( 'NONE', *, *, #45, .F. ) ;
#7745 = DIRECTION ( 'NONE',  ( -1.000000000000000000, 0.000000000000000000, 0.000000000000000000 ) ) ;
#7746 =( GEOMETRIC_REPRESENTATION_CONTEXT ( 3 ) GLOBAL_UNCERTAINTY_ASSIGNED_CONTEXT ( ( #6422 ) ) GLOBAL_UNIT_ASSIGNED_CONTEXT ( ( #195, #276, #3045 ) ) REPRESENTATION_CONTEXT ( 'NONE', 'WORKASPACE' ) );
#7747 = CARTESIAN_POINT ( 'NONE',  ( -19.55857676970661885, -2.689412346602536807, -0.1000000000000000056 ) ) ;
#7748 = CARTESIAN_POINT ( 'NONE',  ( -19.44530967930286991, -2.684432972021222330, -0.1000000000000000056 ) ) ;
#7749 = B_SPLINE_CURVE_WITH_KNOTS ( 'NONE', 3,
 ( #9001, #6967, #8242, #3974, #9046, #6919, #5504, #564, #2522, #2717, #5554, #2664, #2620, #2569, #3281, #1074, #6080, #514, #376, #3375, #418, #8339, #6212 ),
 .UNSPECIFIED., .F., .F.,
 ( 4, 1, 1, 1, 1, 1, 1, 1, 1, 1, 1, 1, 1, 1, 1, 1, 1, 1, 1, 1, 4 ),
 ( 0.000000000000000000, 0.03847308069039725303, 0.07601427363470941723, 0.1131275875935897762, 0.1494189242513772609, 0.1856613287475944174, 0.2218179426151901668, 0.2583104309034179313, 0.2950029681081990929, 0.3320025443929345843, 0.3693046504900199256, 0.4073894652276766060, 0.4457065538084681866, 0.4848673034645534785, 0.5250328878074690397, 0.5668242538787431339, 0.6096968430924675220, 0.6993219127827999815, 0.7934639858657910327, 0.8933935320584941442, 1.000000000000000000 ),
 .UNSPECIFIED. ) ;
#7750 = FACE_OUTER_BOUND ( 'NONE', #3512, .T. ) ;
#7751 = CARTESIAN_POINT ( 'NONE',  ( -18.82792124332567241, 2.618995107485920126, -0.1000000000000000056 ) ) ;
#7752 = VERTEX_POINT ( 'NONE', #7597 ) ;
#7753 = ADVANCED_FACE ( 'NONE', ( #1956 ), #8949, .T. ) ;
#7754 = CARTESIAN_POINT ( 'NONE',  ( -18.10765966070774269, -0.1486329240148341890, 0.000000000000000000 ) ) ;
#7755 = CARTESIAN_POINT ( 'NONE',  ( -18.76977844069392276, 1.622552916482236762, -0.1000000000000000056 ) ) ;
#7756 = VECTOR ( 'NONE', #7958, 1000.000000000000000 ) ;
#7757 = CARTESIAN_POINT ( 'NONE',  ( -19.86697954633439167, -2.324328409830729303, -0.1000000000000000056 ) ) ;
#7758 = CARTESIAN_POINT ( 'NONE',  ( -18.68153995333715756, -1.142901814778646274, -0.1000000000000000056 ) ) ;
#7759 = MECHANICAL_DESIGN_GEOMETRIC_PRESENTATION_REPRESENTATION (  '', ( #1052 ), #176 ) ;
#7760 = DIRECTION ( 'NONE',  ( 1.000000000000000000, 0.000000000000000000, 0.000000000000000000 ) ) ;
#7761 = ORIENTED_EDGE ( 'NONE', *, *, #5079, .F. ) ;
#7762 = ORIENTED_EDGE ( 'NONE', *, *, #8429, .F. ) ;
#7763 =( NAMED_UNIT ( * ) PLANE_ANGLE_UNIT ( ) SI_UNIT ( $, .RADIAN. ) );
#7764 = B_SPLINE_SURFACE_WITH_KNOTS ( 'NONE', 3, 1, ( 
 ( #5406, #6827 ),
 ( #7521, #1119 ),
 ( #1877, #6123 ),
 ( #8958, #5451 ),
 ( #7560, #1165 ),
 ( #470, #6169 ),
 ( #4753, #7609 ),
 ( #1216, #4157 ),
 ( #1402, #7743 ),
 ( #5037, #4995 ),
 ( #2805, #7066 ),
 ( #1499, #3515 ),
 ( #8487, #1354 ),
 ( #8535, #4210 ),
 ( #112, #7209 ) ),
 .UNSPECIFIED., .F., .F., .F.,
 ( 4, 1, 1, 1, 1, 1, 1, 1, 1, 1, 1, 1, 4 ),
 ( 2, 2 ),
 ( 0.000000000000000000, 0.1628280401941429034, 0.3107370531842537087, 0.4477418064479613546, 0.5772785394411465987, 0.6392390121154012395, 0.6964904078921161368, 0.7507738351345916161, 0.8022350317933144570, 0.8521020831481934676, 0.9011120093223152772, 0.9505193794593276291, 1.000000000000000000 ),
 ( 0.000000000000000000, 1.000000000000000000 ),
 .UNSPECIFIED. ) ;
#7765 = CIRCLE ( 'NONE', #6591, 0.5000000000000013323 ) ;
#7766 = LINE ( 'NONE', #7266, #2168 ) ;
#7767 = CARTESIAN_POINT ( 'NONE',  ( -18.16041669473411346, -3.955702998395771441, -0.1000000000000000056 ) ) ;
#7768 = CARTESIAN_POINT ( 'NONE',  ( -20.11002957262878255, 3.570620958557346292, 2.710505431213761085E-17 ) ) ;
#7769 = CARTESIAN_POINT ( 'NONE',  ( -19.20206877810008805, 0.7795094986176662744, -0.1000000000000000056 ) ) ;
#7770 = CARTESIAN_POINT ( 'NONE',  ( 4.700000000000004619, 8.294999999999998153, 5.700000000000000178 ) ) ;
#7771 = CARTESIAN_POINT ( 'NONE',  ( 3.000000000000004441, 8.294999999999996376, 6.000000000000000000 ) ) ;
#7772 = CARTESIAN_POINT ( 'NONE',  ( -20.11016722181046390, 1.942692305246987994, 0.000000000000000000 ) ) ;
#7773 = CARTESIAN_POINT ( 'NONE',  ( -19.65623142845138815, 3.270971788341475950, 0.000000000000000000 ) ) ;
#7774 = CARTESIAN_POINT ( 'NONE',  ( -19.24156321266422509, -3.348197533890458377, -0.1000000000000000056 ) ) ;
#7775 = CARTESIAN_POINT ( 'NONE',  ( -19.80163162666483601, -3.504449708561509613, -0.000000000000000000 ) ) ;
#7776 = CARTESIAN_POINT ( 'NONE',  ( 2.540000000000004476, -8.406000000000007688, -0.09999999999999982514 ) ) ;
#7777 = ORIENTED_EDGE ( 'NONE', *, *, #7095, .F. ) ;
#7778 = CARTESIAN_POINT ( 'NONE',  ( -20.09683531966418357, -2.212967923694697081, -0.1000000000000000056 ) ) ;
#7779 = CARTESIAN_POINT ( 'NONE',  ( 0.000000000000000000, -8.406000000000007688, -0.09999999999999982514 ) ) ;
#7780 = CARTESIAN_POINT ( 'NONE',  ( -20.11016722181046390, -3.478466618855795112, -0.1000000000000000056 ) ) ;
#7781 = CARTESIAN_POINT ( 'NONE',  ( -18.84913958735970141, -0.7621804236680875810, 1.355252715606880543E-17 ) ) ;
#7782 = EDGE_CURVE ( 'NONE', #2361, #6077, #3410, .T. ) ;
#7783 = CARTESIAN_POINT ( 'NONE',  ( -19.58506729820404857, -3.871507384510238126, 0.000000000000000000 ) ) ;
#7784 = CARTESIAN_POINT ( 'NONE',  ( -19.23051807223363951, 3.135355294545489446, -0.1000000000000000056 ) ) ;
#7785 = CARTESIAN_POINT ( 'NONE',  ( -19.97222315661803904, -0.3346773025013301539, 0.000000000000000000 ) ) ;
#7786 = FACE_BOUND ( 'NONE', #4072, .T. ) ;
#7787 = VERTEX_POINT ( 'NONE', #6446 ) ;
#7788 = DIRECTION ( 'NONE',  ( 0.000000000000000000, 1.000000000000000000, 0.000000000000000000 ) ) ;
#7789 = LINE ( 'NONE', #708, #3801 ) ;
#7790 = AXIS2_PLACEMENT_3D ( 'NONE', #715, #7981, #1596 ) ;
#7791 = PLANE ( 'NONE',  #8860 ) ;
#7792 = CARTESIAN_POINT ( 'NONE',  ( -19.03236843833728642, 1.246155932585718329, 0.000000000000000000 ) ) ;
#7793 = CARTESIAN_POINT ( 'NONE',  ( -18.93077236799922503, -1.344544989569531168, 1.355252715606880543E-17 ) ) ;
#7794 = CARTESIAN_POINT ( 'NONE',  ( -18.75475447120654238, -0.7392843202665990709, -0.1000000000000000056 ) ) ;
#7795 = ORIENTED_EDGE ( 'NONE', *, *, #2592, .F. ) ;
#7796 = CARTESIAN_POINT ( 'NONE',  ( -19.90099884885801274, -4.087338382032381645, -0.1000000000000000056 ) ) ;
#7797 = LINE ( 'NONE', #1411, #2705 ) ;
#7798 = CARTESIAN_POINT ( 'NONE',  ( -18.41348154157584460, 0.8741935645647732622, 0.000000000000000000 ) ) ;
#7799 =( LENGTH_UNIT ( ) NAMED_UNIT ( * ) SI_UNIT ( .MILLI., .METRE. ) );
#7800 = ORIENTED_EDGE ( 'NONE', *, *, #1919, .F. ) ;
#7801 = COLOUR_RGB ( '',1.000000000000000000, 0.9607843137254902244, 0.8901960784313724950 ) ;
#7802 = ORIENTED_EDGE ( 'NONE', *, *, #3540, .F. ) ;
#7803 = CARTESIAN_POINT ( 'NONE',  ( -19.80769028565874379, 1.826113829982920933, 0.000000000000000000 ) ) ;
#7804 = CARTESIAN_POINT ( 'NONE',  ( -18.07925092719625937, -3.231021328864539299, -0.1000000000000000056 ) ) ;
#7805 = UNCERTAINTY_MEASURE_WITH_UNIT (LENGTH_MEASURE( 1.000000000000000082E-05 ), #8747, 'distance_accuracy_value', 'NONE');
#7806 = CARTESIAN_POINT ( 'NONE',  ( -18.30435177179261430, 3.097885412265897642, -0.1000000000000000056 ) ) ;
#7807 = FACE_OUTER_BOUND ( 'NONE', #3403, .T. ) ;
#7808 = CARTESIAN_POINT ( 'NONE',  ( -20.11016722181046390, 1.942692305246987994, -0.1000000000000000056 ) ) ;
#7809 = ORIENTED_EDGE ( 'NONE', *, *, #7681, .T. ) ;
#7810 = AXIS2_PLACEMENT_3D ( 'NONE', #7899, #680, #5666 ) ;
#7811 =( NAMED_UNIT ( * ) SI_UNIT ( $, .STERADIAN. ) SOLID_ANGLE_UNIT ( ) );
#7812 = CARTESIAN_POINT ( 'NONE',  ( -18.12538781197357096, 2.183190919144450515, -0.1000000000000000056 ) ) ;
#7813 = DIRECTION ( 'NONE',  ( 0.000000000000000000, -0.000000000000000000, -1.000000000000000000 ) ) ;
#7814 = CARTESIAN_POINT ( 'NONE',  ( -18.44950711233109075, 2.145591621569727714, 0.000000000000000000 ) ) ;
#7815 = AXIS2_PLACEMENT_3D ( 'NONE', #4529, #7397, #992 ) ;
#7816 = CARTESIAN_POINT ( 'NONE',  ( -19.71095689674960028, 2.935049362506112924, 0.000000000000000000 ) ) ;
#7817 = AXIS2_PLACEMENT_3D ( 'NONE', #5423, #5527, #633 ) ;
#7818 = CARTESIAN_POINT ( 'NONE',  ( -19.19634449364316708, -3.529818585446680146, 1.355252715606880543E-17 ) ) ;
#7819 = DIRECTION ( 'NONE',  ( 1.000000000000000000, 0.000000000000000000, 0.000000000000000000 ) ) ;
#7820 = CARTESIAN_POINT ( 'NONE',  ( -18.34711266336975299, -3.391039716800825499, 0.000000000000000000 ) ) ;
#7821 = VERTEX_POINT ( 'NONE', #7824 ) ;
#7822 = EDGE_CURVE ( 'NONE', #393, #2925, #1288, .T. ) ;
#7823 = DIRECTION ( 'NONE',  ( -1.000000000000000000, 0.000000000000000000, 0.000000000000000000 ) ) ;
#7824 = CARTESIAN_POINT ( 'NONE',  ( -18.90305743990942133, 0.7010707410176596488, 0.000000000000000000 ) ) ;
#7825 =( GEOMETRIC_REPRESENTATION_CONTEXT ( 3 ) GLOBAL_UNCERTAINTY_ASSIGNED_CONTEXT ( ( #1373 ) ) GLOBAL_UNIT_ASSIGNED_CONTEXT ( ( #2480, #895, #8146 ) ) REPRESENTATION_CONTEXT ( 'NONE', 'WORKASPACE' ) );
#7826 = CARTESIAN_POINT ( 'NONE',  ( -18.83141088883116154, -4.178047101190111690, 0.000000000000000000 ) ) ;
#7827 = PLANE ( 'NONE',  #1940 ) ;
#7828 = CARTESIAN_POINT ( 'NONE',  ( -19.21125568209692247, 0.03852478027343772538, -0.1000000000000000056 ) ) ;
#7829 = PRESENTATION_STYLE_ASSIGNMENT (( #2903 ) ) ;
#7830 = DIRECTION ( 'NONE',  ( -0.000000000000000000, -0.000000000000000000, -1.000000000000000000 ) ) ;
#7831 = CYLINDRICAL_SURFACE ( 'NONE', #5495, 0.2999999999999999334 ) ;
#7833 = EDGE_CURVE ( 'NONE', #204, #3975, #3265, .T. ) ;
#7832 = ORIENTED_EDGE ( 'NONE', *, *, #2797, .T. ) ;
#7834 = EDGE_CURVE ( 'NONE', #6000, #4620, #4888, .T. ) ;
#7835 = FILL_AREA_STYLE ('',( #2675 ) ) ;
#7836 = CARTESIAN_POINT ( 'NONE',  ( -19.82394933650233426, 3.737974841727941033, 0.000000000000000000 ) ) ;
#7837 = CARTESIAN_POINT ( 'NONE',  ( -20.01553369977542474, 0.01059386597567587955, 0.000000000000000000 ) ) ;
#7838 = CARTESIAN_POINT ( 'NONE',  ( -19.64352926209400607, -2.706555749100298947, -0.1000000000000000056 ) ) ;
#7839 = CARTESIAN_POINT ( 'NONE',  ( -19.07160335360570969, 2.966006781260170477, -0.1000000000000000056 ) ) ;
#7840 = CARTESIAN_POINT ( 'NONE',  ( -19.07160335360570969, 2.966006781260170477, 0.000000000000000000 ) ) ;
#7841 = FILL_AREA_STYLE ('',( #3615 ) ) ;
#7842 = B_SPLINE_CURVE_WITH_KNOTS ( 'NONE', 3,
 ( #3365, #5309, #410, #7554, #6113, #8279, #8234, #2654, #1108, #3232, #4599 ),
 .UNSPECIFIED., .F., .F.,
 ( 4, 1, 1, 1, 1, 1, 1, 1, 4 ),
 ( 0.000000000000000000, 0.1583368512908818193, 0.2984998071311207313, 0.4235606258555247305, 0.5399428293702756010, 0.6509356980120057923, 0.7619482096710933350, 0.8755333808131989803, 1.000000000000000000 ),
 .UNSPECIFIED. ) ;
#7843 = CARTESIAN_POINT ( 'NONE',  ( -18.37387809080423295, 0.9740286194109770701, -0.1000000000000000056 ) ) ;
#7844 = FILL_AREA_STYLE ('',( #6467 ) ) ;
#7845 = CARTESIAN_POINT ( 'NONE',  ( -18.08119546074275519, 1.929449412027993915, -0.1000000000000000056 ) ) ;
#7846 = ORIENTED_EDGE ( 'NONE', *, *, #6278, .T. ) ;
#7847 = ORIENTED_EDGE ( 'NONE', *, *, #20, .F. ) ;
#7848 = PRESENTATION_STYLE_ASSIGNMENT (( #8650 ) ) ;
#7849 = CARTESIAN_POINT ( 'NONE',  ( -4.579999999999999183, -8.406000000000007688, -0.09999999999999982514 ) ) ;
#7850 = CARTESIAN_POINT ( 'NONE',  ( -18.23031217262267845, -4.057111963109341524, -0.1000000000000000056 ) ) ;
#7851 = CARTESIAN_POINT ( 'NONE',  ( -20.10784737161238667, -2.173293635727515660, -0.1000000000000000056 ) ) ;
#7852 = CARTESIAN_POINT ( 'NONE',  ( -19.96174249689398295, 1.530994431903278441, 0.000000000000000000 ) ) ;
#7853 = VERTEX_POINT ( 'NONE', #3405 ) ;
#7854 = CARTESIAN_POINT ( 'NONE',  ( -18.32514041218205847, 4.236965642672266164, 0.000000000000000000 ) ) ;
#7855 = CARTESIAN_POINT ( 'NONE',  ( -18.15079074394696690, 2.238690582538178653, -0.1000000000000000056 ) ) ;
#7856 = CARTESIAN_POINT ( 'NONE',  ( -19.51223052798315294, -3.069140828450521497, -0.1000000000000000056 ) ) ;
#7857 = CARTESIAN_POINT ( 'NONE',  ( -19.22089936123107634, -1.185588435847094724, -0.1000000000000000056 ) ) ;
#7858 = CARTESIAN_POINT ( 'NONE',  ( -19.97737006045238672, 3.127927943608301842, 0.000000000000000000 ) ) ;
#7859 = EDGE_LOOP ( 'NONE', ( #5015, #8356, #3941, #6638 ) ) ;
#7860 = CARTESIAN_POINT ( 'NONE',  ( -19.80956341918047414, 1.396930282857972383, -0.1000000000000000056 ) ) ;
#7861 = CARTESIAN_POINT ( 'NONE',  ( -19.19038809278214330, -3.555917479197185038, 1.355252715606880543E-17 ) ) ;
#7862 = CARTESIAN_POINT ( 'NONE',  ( -19.23693886894587735, -1.939080607096354436, -0.1000000000000000056 ) ) ;
#7863 = CARTESIAN_POINT ( 'NONE',  ( -18.35409247072949057, -3.357915788221014886, 0.000000000000000000 ) ) ;
#7864 = EDGE_CURVE ( 'NONE', #5723, #5134, #4613, .T. ) ;
#7865 = CARTESIAN_POINT ( 'NONE',  ( -18.45311228189248709, -4.202724961912517543, 0.000000000000000000 ) ) ;
#7866 = CARTESIAN_POINT ( 'NONE',  ( -18.74895831881567076, 3.686339912414548614, -0.1000000000000000056 ) ) ;
#7867 = CARTESIAN_POINT ( 'NONE',  ( -18.54796887569405328, -2.768793298291877480, -0.1000000000000000056 ) ) ;
#7868 = CARTESIAN_POINT ( 'NONE',  ( -19.10186770646220467, 2.967830533644399971, -0.1000000000000000056 ) ) ;
#7869 = UNCERTAINTY_MEASURE_WITH_UNIT (LENGTH_MEASURE( 1.000000000000000082E-05 ), #3004, 'distance_accuracy_value', 'NONE');
#7870 = AXIS2_PLACEMENT_3D ( 'NONE', #935, #5091, #8684 ) ;
#7871 = FACE_OUTER_BOUND ( 'NONE', #8826, .T. ) ;
#7872 = CARTESIAN_POINT ( 'NONE',  ( -18.72166993278865377, -2.941928793589275060, 0.000000000000000000 ) ) ;
#7873 = CYLINDRICAL_SURFACE ( 'NONE', #6017, 1.000000000000000444 ) ;
#7874 = DIRECTION ( 'NONE',  ( 1.000000000000000000, 0.000000000000000000, 0.000000000000000000 ) ) ;
#7875 = EDGE_LOOP ( 'NONE', ( #5505, #905, #4750, #228 ) ) ;
#7876 = CARTESIAN_POINT ( 'NONE',  ( -19.46237941354222301, -3.925486112662318394, -0.1000000000000000056 ) ) ;
#7877 = CARTESIAN_POINT ( 'NONE',  ( -19.43558226723079230, 3.942369181315102278, 0.000000000000000000 ) ) ;
#7878 = CARTESIAN_POINT ( 'NONE',  ( -19.06879091929940273, 2.966247304095039450, -0.1000000000000000056 ) ) ;
#7879 = EDGE_CURVE ( 'NONE', #4702, #1019, #3501, .T. ) ;
#7880 = EDGE_CURVE ( 'NONE', #2409, #6270, #2142, .T. ) ;
#7881 = CARTESIAN_POINT ( 'NONE',  ( -19.90001977332558880, -2.859416979040721341, -0.1000000000000000056 ) ) ;
#7882 = CARTESIAN_POINT ( 'NONE',  ( -19.86697954633439167, -2.324328409830729303, -0.1000000000000000056 ) ) ;
#7883 = MECHANICAL_DESIGN_GEOMETRIC_PRESENTATION_REPRESENTATION (  '', ( #1788 ), #6865 ) ;
#7884 = CARTESIAN_POINT ( 'NONE',  ( -19.30474727735802531, -1.082785819605982303, -0.1000000000000000056 ) ) ;
#7885 = CARTESIAN_POINT ( 'NONE',  ( -18.27388415006262079, 4.247548867096269554, -0.000000000000000000 ) ) ;
#7886 = COLOUR_RGB ( '',1.000000000000000000, 0.9607843137254902244, 0.8901960784313724950 ) ;
#7887 = CARTESIAN_POINT ( 'NONE',  ( -19.98012585477605541, -3.988503915839042513, -0.1000000000000000056 ) ) ;
#7888 = CARTESIAN_POINT ( 'NONE',  ( -19.80178666477020499, -3.468289638673932362, -0.1000000000000000056 ) ) ;
#7889 = FILL_AREA_STYLE_COLOUR ( '', #6037 ) ;
#7890 = DIRECTION ( 'NONE',  ( 1.000000000000000000, 0.000000000000000000, 0.000000000000000000 ) ) ;
#7891 = AXIS2_PLACEMENT_3D ( 'NONE', #3407, #8381, #1254 ) ;
#7892 = ORIENTED_EDGE ( 'NONE', *, *, #6760, .T. ) ;
#7893 = CIRCLE ( 'NONE', #8042, 7.000000000000002665 ) ;
#7894 = ORIENTED_EDGE ( 'NONE', *, *, #1097, .F. ) ;
#7895 =( LENGTH_UNIT ( ) NAMED_UNIT ( * ) SI_UNIT ( .MILLI., .METRE. ) );
#7896 = EDGE_CURVE ( 'NONE', #2968, #6000, #8710, .T. ) ;
#7897 = CARTESIAN_POINT ( 'NONE',  ( -19.49403377245127800, 2.986363654218269215, -0.1000000000000000056 ) ) ;
#7898 = UNCERTAINTY_MEASURE_WITH_UNIT (LENGTH_MEASURE( 1.000000000000000082E-05 ), #1929, 'distance_accuracy_value', 'NONE');
#7899 = CARTESIAN_POINT ( 'NONE',  ( 3.000000000000004441, 8.294999999999996376, 5.700000000000000178 ) ) ;
#7900 = CARTESIAN_POINT ( 'NONE',  ( -19.07160335360570969, 2.966006781260170477, -0.1000000000000000056 ) ) ;
#7901 =( GEOMETRIC_REPRESENTATION_CONTEXT ( 3 ) GLOBAL_UNCERTAINTY_ASSIGNED_CONTEXT ( ( #4510 ) ) GLOBAL_UNIT_ASSIGNED_CONTEXT ( ( #310, #3812, #8041 ) ) REPRESENTATION_CONTEXT ( 'NONE', 'WORKASPACE' ) );
#7902 = CARTESIAN_POINT ( 'NONE',  ( -19.66592834928238531, 1.323888022104898310, -0.1000000000000000056 ) ) ;
#7903 = ORIENTED_EDGE ( 'NONE', *, *, #5776, .F. ) ;
#7904 = CARTESIAN_POINT ( 'NONE',  ( -19.21094421608650293, 0.7153027120358708135, -0.1000000000000000056 ) ) ;
#7905 = ORIENTED_EDGE ( 'NONE', *, *, #74, .T. ) ;
#7906 = CIRCLE ( 'NONE', #6587, 2.000000000000000000 ) ;
#7907 = CARTESIAN_POINT ( 'NONE',  ( -18.92527715501157104, 0.8125186821202161624, 1.355252715606880543E-17 ) ) ;
#7908 = CARTESIAN_POINT ( 'NONE',  ( -19.24156321266422509, -3.348197533890458377, -0.1000000000000000056 ) ) ;
#7909 = CARTESIAN_POINT ( 'NONE',  ( -19.41159102803920788, -0.9867999023974299844, -0.1000000000000000056 ) ) ;
#7910 = DIRECTION ( 'NONE',  ( -1.000000000000000000, 0.000000000000000000, 0.000000000000000000 ) ) ;
#7911 = SURFACE_STYLE_USAGE ( .BOTH. , #5068 ) ;
#7912 = CARTESIAN_POINT ( 'NONE',  ( -19.03147337415421703, 3.601264355977374709, 0.000000000000000000 ) ) ;
#7913 = B_SPLINE_CURVE_WITH_KNOTS ( 'NONE', 3,
 ( #3297, #6224, #1889, #7489, #4720, #3985, #1228 ),
 .UNSPECIFIED., .F., .F.,
 ( 4, 1, 1, 1, 4 ),
 ( 0.000000000000000000, 0.08977327424520940846, 0.2835811563816762471, 0.5900183244039752806, 1.000000000000000000 ),
 .UNSPECIFIED. ) ;
#7914 = CARTESIAN_POINT ( 'NONE',  ( -20.10937329148706354, -2.145409775562556298, 0.000000000000000000 ) ) ;
#7915 = VECTOR ( 'NONE', #8092, 1000.000000000000000 ) ;
#7916 = CARTESIAN_POINT ( 'NONE',  ( -18.56704248500575005, -4.224457790868559215, -0.1000000000000000056 ) ) ;
#7917 = CARTESIAN_POINT ( 'NONE',  ( -18.70890289826942876, -2.872979724112291855, 0.000000000000000000 ) ) ;
#7918 = EDGE_CURVE ( 'NONE', #4260, #3554, #2417, .T. ) ;
#7919 =( NAMED_UNIT ( * ) SI_UNIT ( $, .STERADIAN. ) SOLID_ANGLE_UNIT ( ) );
#7920 = CARTESIAN_POINT ( 'NONE',  ( -18.54592106956028275, -0.7402113266096524979, 0.000000000000000000 ) ) ;
#7921 = DIRECTION ( 'NONE',  ( 0.000000000000000000, -0.000000000000000000, -1.000000000000000000 ) ) ;
#7922 = FILL_AREA_STYLE_COLOUR ( '', #4010 ) ;
#7923 = ORIENTED_EDGE ( 'NONE', *, *, #3996, .F. ) ;
#7924 = CARTESIAN_POINT ( 'NONE',  ( -19.34816872794252873, -4.031204492169765174, 0.000000000000000000 ) ) ;
#7925 = CARTESIAN_POINT ( 'NONE',  ( -18.95341715991583698, -1.516990021835824098, -0.1000000000000000056 ) ) ;
#7926 = SURFACE_STYLE_USAGE ( .BOTH. , #7385 ) ;
#7927 = VERTEX_POINT ( 'NONE', #926 ) ;
#7928 = FACE_OUTER_BOUND ( 'NONE', #2491, .T. ) ;
#7929 = CARTESIAN_POINT ( 'NONE',  ( -19.48441780562243153, -2.684223579044636043, -0.1000000000000000056 ) ) ;
#7930 = CARTESIAN_POINT ( 'NONE',  ( -19.48601053848585352, 3.151898849510245348, -0.1000000000000000056 ) ) ;
#7931 = CARTESIAN_POINT ( 'NONE',  ( -19.64867062771942230, -0.8236186771021952735, -0.1000000000000000056 ) ) ;
#7932 = PRESENTATION_STYLE_ASSIGNMENT (( #8540 ) ) ;
#7933 = PRESENTATION_STYLE_ASSIGNMENT (( #3565 ) ) ;
#7934 = FACE_OUTER_BOUND ( 'NONE', #4394, .T. ) ;
#7935 = STYLED_ITEM ( 'NONE', ( #6962 ), #3826 ) ;
#7936 = CYLINDRICAL_SURFACE ( 'NONE', #4462, 1.000000000000000444 ) ;
#7937 = CARTESIAN_POINT ( 'NONE',  ( -19.74311551836045098, 4.224727501584736977, -0.1000000000000000056 ) ) ;
#7938 = CARTESIAN_POINT ( 'NONE',  ( -19.05639804398763459, 3.733667052357189764, 0.000000000000000000 ) ) ;
#7939 = ADVANCED_FACE ( 'NONE', ( #7963, #3123, #7199, #5821, #3638, #4422, #4507, #1533, #7376, #233, #6493, #5871, #8618 ), #3724, .F. ) ;
#7940 = ORIENTED_EDGE ( 'NONE', *, *, #2181, .F. ) ;
#7941 = CARTESIAN_POINT ( 'NONE',  ( -3.540000000000000480, -8.406000000000007688, 3.100000000000000089 ) ) ;
#7942 = PRESENTATION_LAYER_ASSIGNMENT (  '', '', ( #7646 ) ) ;
#7943 = CARTESIAN_POINT ( 'NONE',  ( -20.07777764932211539, -2.019900280046480034, 0.000000000000000000 ) ) ;
#7944 = LINE ( 'NONE', #1561, #1565 ) ;
#7945 = PLANE ( 'NONE',  #910 ) ;
#7946 = CARTESIAN_POINT ( 'NONE',  ( -19.86497304736181491, 0.03852478027343772538, -0.1000000000000000056 ) ) ;
#7947 = EDGE_LOOP ( 'NONE', ( #1564, #7114, #7301, #3180 ) ) ;
#7948 = SURFACE_STYLE_USAGE ( .BOTH. , #3207 ) ;
#7949 = CARTESIAN_POINT ( 'NONE',  ( -19.18960306831089468, 0.8118610229390309518, -0.1000000000000000056 ) ) ;
#7950 = CARTESIAN_POINT ( 'NONE',  ( -18.96751075938622577, 0.8588078729842003600, 1.355252715606880543E-17 ) ) ;
#7951 = CARTESIAN_POINT ( 'NONE',  ( -20.10971359229109012, -3.502551256743565933, 0.000000000000000000 ) ) ;
#7953 = ADVANCED_FACE ( 'NONE', ( #8673 ), #4939, .T. ) ;
#7952 = PRESENTATION_LAYER_ASSIGNMENT (  '', '', ( #2153 ) ) ;
#7954 = CARTESIAN_POINT ( 'NONE',  ( -19.10651643572851199, 2.632526652018228219, -0.1000000000000000056 ) ) ;
#7955 = ADVANCED_FACE ( 'NONE', ( #4687, #6807 ), #3173, .T. ) ;
#7956 = ORIENTED_EDGE ( 'NONE', *, *, #7681, .F. ) ;
#7957 = ORIENTED_EDGE ( 'NONE', *, *, #3080, .T. ) ;
#7958 = DIRECTION ( 'NONE',  ( -0.000000000000000000, -0.000000000000000000, 1.000000000000000000 ) ) ;
#7959 = CARTESIAN_POINT ( 'NONE',  ( -19.29771789823721662, -3.203046340898052513, -0.1000000000000000056 ) ) ;
#7960 = CARTESIAN_POINT ( 'NONE',  ( -19.48250681461882294, -4.260804457086497798, -0.1000000000000000056 ) ) ;
#7961 = CARTESIAN_POINT ( 'NONE',  ( -19.69542316463639864, 3.876987169119121113, -0.1000000000000000056 ) ) ;
#7962 = CARTESIAN_POINT ( 'NONE',  ( -18.47487055916194976, 2.529392604827880309, -0.1000000000000000056 ) ) ;
#7963 = FACE_BOUND ( 'NONE', #6023, .T. ) ;
#7964 = B_SPLINE_CURVE_WITH_KNOTS ( 'NONE', 3,
 ( #6181, #6888, #6978, #6838, #1888, #481, #4766, #576, #5373, #431, #3295, #3386, #3430, #6275, #9014, #7623, #9112, #2730, #1227 ),
 .UNSPECIFIED., .F., .F.,
 ( 4, 1, 1, 1, 1, 1, 1, 1, 1, 1, 1, 1, 1, 1, 1, 1, 4 ),
 ( 0.000000000000000000, 0.07921412475016172128, 0.1549623585364744982, 0.2277516852892232657, 0.2968057038558976624, 0.3629293046907660636, 0.4251988157055926476, 0.4842549202790198404, 0.5404300479699480908, 0.5946178442194989255, 0.6479537361055932587, 0.7012095640608045910, 0.7548287173850043441, 0.8107386241515668335, 0.8694856334808737097, 0.9324242458613063445, 1.000000000000000000 ),
 .UNSPECIFIED. ) ;
#7965 = CARTESIAN_POINT ( 'NONE',  ( -19.10049951138983815, 3.371318287861938767, -0.1000000000000000056 ) ) ;
#7966 = UNCERTAINTY_MEASURE_WITH_UNIT (LENGTH_MEASURE( 1.000000000000000082E-05 ), #547, 'distance_accuracy_value', 'NONE');
#7967 = CARTESIAN_POINT ( 'NONE',  ( -19.39545228777929253, 4.301933797200518050, 0.000000000000000000 ) ) ;
#7968 = CARTESIAN_POINT ( 'NONE',  ( -18.10687864759171717, -0.1107587432861326104, -0.1000000000000000056 ) ) ;
#7969 = PRESENTATION_STYLE_ASSIGNMENT (( #8095 ) ) ;
#7970 = EDGE_LOOP ( 'NONE', ( #8599, #8698, #1785, #4443 ) ) ;
#7971 = DIRECTION ( 'NONE',  ( 1.000000000000000000, 0.000000000000000000, 0.000000000000000000 ) ) ;
#7972 = ORIENTED_EDGE ( 'NONE', *, *, #4824, .T. ) ;
#7973 = CARTESIAN_POINT ( 'NONE',  ( -19.43558226723079230, 3.942369181315102278, -0.1000000000000000056 ) ) ;
#7974 = EDGE_CURVE ( 'NONE', #8005, #3662, #7723, .T. ) ;
#7975 = CARTESIAN_POINT ( 'NONE',  ( -19.79720952266188050, -3.396040580450951474, -0.1000000000000000056 ) ) ;
#7976 = CARTESIAN_POINT ( 'NONE',  ( -19.14170910583254326, 2.272893639037486313, 1.355252715606880543E-17 ) ) ;
#7977 = ORIENTED_EDGE ( 'NONE', *, *, #6586, .T. ) ;
#7978 = CARTESIAN_POINT ( 'NONE',  ( -18.86273622017642282, -4.160699668395032802, -0.1000000000000000056 ) ) ;
#7979 = CARTESIAN_POINT ( 'NONE',  ( -20.10540034009007115, -3.359565321765539903, 0.000000000000000000 ) ) ;
#7980 = CARTESIAN_POINT ( 'NONE',  ( -18.65063986915950522, -0.7319708251953128686, -0.1000000000000000056 ) ) ;
#7981 = DIRECTION ( 'NONE',  ( 0.000000000000000000, 0.000000000000000000, 1.000000000000000000 ) ) ;
#7982 = CARTESIAN_POINT ( 'NONE',  ( -18.52312139664147850, -2.768598858199809332, -0.1000000000000000056 ) ) ;
#7983 = FACE_OUTER_BOUND ( 'NONE', #4542, .T. ) ;
#7984 = DIRECTION ( 'NONE',  ( -0.000000000000000000, -0.000000000000000000, -1.000000000000000000 ) ) ;
#7985 = ORIENTED_EDGE ( 'NONE', *, *, #1678, .F. ) ;
#7986 = CARTESIAN_POINT ( 'NONE',  ( -18.36371051608129790, 1.935468908945718436, 0.000000000000000000 ) ) ;
#7987 = CARTESIAN_POINT ( 'NONE',  ( -4.999999999999995559, 10.29499999999999815, 6.000000000000000000 ) ) ;
#7988 = CARTESIAN_POINT ( 'NONE',  ( -18.75475447120654238, -0.7392843202665990709, 0.000000000000000000 ) ) ;
#7989 = CARTESIAN_POINT ( 'NONE',  ( -20.10954794448689142, -0.1398371038543154421, -0.1000000000000000056 ) ) ;
#7990 = ORIENTED_EDGE ( 'NONE', *, *, #863, .F. ) ;
#7991 = B_SPLINE_SURFACE_WITH_KNOTS ( 'NONE', 3, 1, ( 
 ( #2339, #1735 ),
 ( #894, #4561 ),
 ( #1684, #5884 ),
 ( #3054, #3691 ),
 ( #3093, #3139 ),
 ( #6733, #156 ),
 ( #6550, #329 ),
 ( #4481, #5231 ),
 ( #3783, #3007 ),
 ( #2296, #6644 ),
 ( #7978, #8014 ),
 ( #8817, #285 ),
 ( #3740, #205 ),
 ( #8722, #5183 ),
 ( #247, #5928 ),
 ( #8765, #2386 ),
 ( #985, #8061 ),
 ( #6689, #8906 ),
 ( #3920, #4747 ) ),
 .UNSPECIFIED., .F., .F., .F.,
 ( 4, 1, 1, 1, 1, 1, 1, 1, 1, 1, 1, 1, 1, 1, 1, 1, 4 ),
 ( 2, 2 ),
 ( 0.000000000000000000, 0.1085358101851137125, 0.2087601293164244032, 0.3012585259217841482, 0.3862856771541099410, 0.4658143429596178775, 0.5416700893277868190, 0.6158294566265207770, 0.6890214010786430698, 0.7256266687003875004, 0.7623618248931550712, 0.7992978662436438508, 0.8371213181396855996, 0.8758338091760717870, 0.9156382273714008813, 0.9570881620514093413, 1.000000000000000000 ),
 ( 0.000000000000000000, 1.000000000000000000 ),
 .UNSPECIFIED. ) ;
#7992 = CARTESIAN_POINT ( 'NONE',  ( -19.35100300207924917, -4.157808329342947751, -0.1000000000000000056 ) ) ;
#7993 = FACE_OUTER_BOUND ( 'NONE', #8927, .T. ) ;
#7994 = CARTESIAN_POINT ( 'NONE',  ( -20.00361389410089785, -3.950828685915165117, -0.1000000000000000056 ) ) ;
#7995 = CARTESIAN_POINT ( 'NONE',  ( -19.85188432461570684, 1.426791903879170986, 0.000000000000000000 ) ) ;
#7996 = ORIENTED_EDGE ( 'NONE', *, *, #8402, .F. ) ;
#7997 = PLANE ( 'NONE',  #3713 ) ;
#7998 = SURFACE_SIDE_STYLE ('',( #7142 ) ) ;
#7999 = EDGE_CURVE ( 'NONE', #7752, #4211, #3357, .T. ) ;
#8000 = CARTESIAN_POINT ( 'NONE',  ( -19.10651643572851199, 2.632526652018228219, 0.000000000000000000 ) ) ;
#8001 = FACE_OUTER_BOUND ( 'NONE', #4038, .T. ) ;
#8002 = FACE_BOUND ( 'NONE', #4372, .T. ) ;
#8003 = B_SPLINE_CURVE_WITH_KNOTS ( 'NONE', 3,
 ( #4483, #8865, #2517, #7391, #987, #1593, #3877, #5930, #3785, #4436, #6604, #6735, #3743, #331, #937, #7351, #7304, #6690, #5986 ),
 .UNSPECIFIED., .F., .F.,
 ( 4, 1, 1, 1, 1, 1, 1, 1, 1, 1, 1, 1, 1, 1, 1, 1, 4 ),
 ( 0.000000000000000000, 0.06594219813266470609, 0.1288303013562868415, 0.1890106106024899424, 0.2475118961072786672, 0.3041416451367280338, 0.3600298959845402158, 0.4148632064225805660, 0.4706561808339158048, 0.5273627449312683346, 0.5858081977336109247, 0.6466459508818690471, 0.7102281684247442328, 0.7769360596728637214, 0.8477312525032871804, 0.9216350145973438712, 1.000000000000000000 ),
 .UNSPECIFIED. ) ;
#8004 = CARTESIAN_POINT ( 'NONE',  ( -18.41507688977921475, -1.939080607096354436, -0.1000000000000000056 ) ) ;
#8005 = VERTEX_POINT ( 'NONE', #7544 ) ;
#8006 = CARTESIAN_POINT ( 'NONE',  ( -5.080000000000000071, -8.406000000000007688, -0.09999999999999982514 ) ) ;
#8007 =( LENGTH_UNIT ( ) NAMED_UNIT ( * ) SI_UNIT ( .MILLI., .METRE. ) );
#8008 = VERTEX_POINT ( 'NONE', #1143 ) ;
#8009 = SURFACE_SIDE_STYLE ('',( #8759 ) ) ;
#8010 = CARTESIAN_POINT ( 'NONE',  ( 19.49999999999999645, 8.444999999999998508, 3.000000000000000000 ) ) ;
#8011 = CARTESIAN_POINT ( 'NONE',  ( -19.77994383601010853, 2.101385360727319629, -0.1000000000000000056 ) ) ;
#8012 = AXIS2_PLACEMENT_3D ( 'NONE', #4243, #6248, #1438 ) ;
#8013 = ORIENTED_EDGE ( 'NONE', *, *, #540, .F. ) ;
#8014 = CARTESIAN_POINT ( 'NONE',  ( -18.86273622017642282, -4.160699668395032802, 0.000000000000000000 ) ) ;
#8015 = CARTESIAN_POINT ( 'NONE',  ( -19.19038809278214330, -1.240417664845784973, -0.1000000000000000056 ) ) ;
#8016 = CARTESIAN_POINT ( 'NONE',  ( -19.47526864892123299, 3.127847083856355681, 0.000000000000000000 ) ) ;
#8017 = PLANE ( 'NONE',  #4623 ) ;
#8018 = CARTESIAN_POINT ( 'NONE',  ( -19.09046444394791564, 1.605199178059895093, -0.1000000000000000056 ) ) ;
#8019 = PRESENTATION_STYLE_ASSIGNMENT (( #857 ) ) ;
#8020 = CARTESIAN_POINT ( 'NONE',  ( -19.37440104604546676, 3.941066854797398822, 0.000000000000000000 ) ) ;
#8021 = ORIENTED_EDGE ( 'NONE', *, *, #2982, .F. ) ;
#8022 = CARTESIAN_POINT ( 'NONE',  ( -19.83350506900698562, 4.169956983834773645, 0.000000000000000000 ) ) ;
#8023 = VECTOR ( 'NONE', #672, 1000.000000000000000 ) ;
#8024 = EDGE_CURVE ( 'NONE', #7081, #301, #6852, .T. ) ;
#8025 = FACE_OUTER_BOUND ( 'NONE', #7472, .T. ) ;
#8026 = DIRECTION ( 'NONE',  ( -0.000000000000000000, -0.000000000000000000, 1.000000000000000000 ) ) ;
#8027 = EDGE_LOOP ( 'NONE', ( #1633, #16, #3891, #6213 ) ) ;
#8028 = CARTESIAN_POINT ( 'NONE',  ( -20.04463625051677056, 1.655282106254094554, -0.1000000000000000056 ) ) ;
#8029 = ORIENTED_EDGE ( 'NONE', *, *, #9084, .F. ) ;
#8030 = CARTESIAN_POINT ( 'NONE',  ( -18.39289103885029775, 4.170511211006792784, 0.000000000000000000 ) ) ;
#8031 = CIRCLE ( 'NONE', #6117, 1.000000000000000888 ) ;
#8032 = FACE_OUTER_BOUND ( 'NONE', #5994, .T. ) ;
#8033 = CARTESIAN_POINT ( 'NONE',  ( -18.34046372216889154, -3.581411873224420006, -0.1000000000000000056 ) ) ;
#8034 = VECTOR ( 'NONE', #265, 1000.000000000000000 ) ;
#8035 = CARTESIAN_POINT ( 'NONE',  ( -20.00361389410089785, -3.950828685915165117, 0.000000000000000000 ) ) ;
#8036 = ORIENTED_EDGE ( 'NONE', *, *, #7974, .F. ) ;
#8037 =( LENGTH_UNIT ( ) NAMED_UNIT ( * ) SI_UNIT ( .MILLI., .METRE. ) );
#8038 = VECTOR ( 'NONE', #1090, 1000.000000000000000 ) ;
#8039 = CARTESIAN_POINT ( 'NONE',  ( -18.41452141949229571, 0.8460990735771011240, -0.000000000000000000 ) ) ;
#8040 = B_SPLINE_CURVE_WITH_KNOTS ( 'NONE', 3,
 ( #6637, #2376, #8053, #4514, #7379, #8136, #6019, #3821, #8807, #8851, #5264 ),
 .UNSPECIFIED., .F., .F.,
 ( 4, 1, 1, 1, 1, 1, 1, 1, 4 ),
 ( 0.000000000000000000, 0.1515349140366612501, 0.2951833311682299232, 0.4316645165703371645, 0.5605629551313724424, 0.6814775220066758843, 0.7952699730428639535, 0.9010484770174718161, 1.000000000000000000 ),
 .UNSPECIFIED. ) ;
#8041 =( NAMED_UNIT ( * ) SI_UNIT ( $, .STERADIAN. ) SOLID_ANGLE_UNIT ( ) );
#8042 = AXIS2_PLACEMENT_3D ( 'NONE', #5539, #1947, #450 ) ;
#8043 = CARTESIAN_POINT ( 'NONE',  ( 4.080000000000003624, -8.406000000000005912, -0.09999999999999982514 ) ) ;
#8044 = CARTESIAN_POINT ( 'NONE',  ( -19.60161779831326712, 3.919494934691880150, -0.1000000000000000056 ) ) ;
#8045 = FACE_OUTER_BOUND ( 'NONE', #5919, .T. ) ;
#8046 = CARTESIAN_POINT ( 'NONE',  ( -18.56704248500575005, -4.224457790868559215, 0.000000000000000000 ) ) ;
#8047 = PRESENTATION_LAYER_ASSIGNMENT (  '', '', ( #1655 ) ) ;
#8048 = EDGE_CURVE ( 'NONE', #6077, #5835, #3279, .T. ) ;
#8049 = UNCERTAINTY_MEASURE_WITH_UNIT (LENGTH_MEASURE( 1.000000000000000082E-05 ), #8981, 'distance_accuracy_value', 'NONE');
#8050 =( LENGTH_UNIT ( ) NAMED_UNIT ( * ) SI_UNIT ( .MILLI., .METRE. ) );
#8051 = VECTOR ( 'NONE', #320, 1000.000000000000000 ) ;
#8052 = CARTESIAN_POINT ( 'NONE',  ( -18.35127022245133332, -0.3467230224609372247, -0.1000000000000000056 ) ) ;
#8053 = CARTESIAN_POINT ( 'NONE',  ( -19.03236843833728642, 1.246155932585718329, -0.1000000000000000056 ) ) ;
#8054 = VERTEX_POINT ( 'NONE', #6235 ) ;
#8055 = CARTESIAN_POINT ( 'NONE',  ( -18.18802522194638982, 3.139696930941160424, -0.1000000000000000056 ) ) ;
#8056 = CARTESIAN_POINT ( 'NONE',  ( -20.10974128693873908, -0.8631483917756539448, -0.1000000000000000056 ) ) ;
#8057 = ORIENTED_EDGE ( 'NONE', *, *, #6816, .T. ) ;
#8058 = CARTESIAN_POINT ( 'NONE',  ( -19.65173472936560728, -3.113808264679263083, -0.1000000000000000056 ) ) ;
#8059 = CARTESIAN_POINT ( 'NONE',  ( -19.80716850779046467, 2.053975455358346469, 1.355252715606880543E-17 ) ) ;
#8060 = VERTEX_POINT ( 'NONE', #2742 ) ;
#8061 = CARTESIAN_POINT ( 'NONE',  ( -18.64818698236140904, -4.224299229463327698, 0.000000000000000000 ) ) ;
#8062 = B_SPLINE_CURVE_WITH_KNOTS ( 'NONE', 3,
 ( #6854, #1901, #6677, #3998, #2467, #4551, #3127, #6105, #1146, #5970, #3223, #8180, #6016, #1764, #1815, #7587, #8224, #8803, #8938 ),
 .UNSPECIFIED., .F., .F.,
 ( 4, 1, 1, 1, 1, 1, 1, 1, 1, 1, 1, 1, 1, 1, 1, 1, 4 ),
 ( 0.000000000000000000, 0.06416322472068149152, 0.1273172680304466564, 0.1889008402738771297, 0.2507436741265532398, 0.3118466397110790655, 0.3721266096274443713, 0.4318652127644147520, 0.4917369034997252086, 0.5517576267568187198, 0.6128074015015909648, 0.6743461175627096793, 0.7374885855999484541, 0.8017239202009153187, 0.8663412249116649866, 0.9322317951620165966, 1.000000000000000000 ),
 .UNSPECIFIED. ) ;
#8063 =( NAMED_UNIT ( * ) SI_UNIT ( $, .STERADIAN. ) SOLID_ANGLE_UNIT ( ) );
#8064 = CARTESIAN_POINT ( 'NONE',  ( -19.64867062771942230, -0.8236186771021952735, 0.000000000000000000 ) ) ;
#8065 = CARTESIAN_POINT ( 'NONE',  ( -18.35127022245133332, -2.324328409830729303, 0.000000000000000000 ) ) ;
#8066 = CARTESIAN_POINT ( 'NONE',  ( -5.080000000000000071, -8.406000000000007688, -0.09999999999999982514 ) ) ;
#8067 = CARTESIAN_POINT ( 'NONE',  ( -19.57161661902283001, -3.075919647992757522, -0.1000000000000000056 ) ) ;
#8068 = VERTEX_POINT ( 'NONE', #640 ) ;
#8069 = CARTESIAN_POINT ( 'NONE',  ( -19.86778214592342096, -1.939080607096354436, -0.1000000000000000056 ) ) ;
#8070 = CARTESIAN_POINT ( 'NONE',  ( -18.10687864759171362, -2.082745933532715199, 0.000000000000000000 ) ) ;
#8071 = CARTESIAN_POINT ( 'NONE',  ( -18.35127022245133332, -2.324328409830729303, -0.1000000000000000056 ) ) ;
#8072 = CARTESIAN_POINT ( 'NONE',  ( -19.41576115847787420, 1.621990873057695293, -0.1000000000000000056 ) ) ;
#8073 = PRESENTATION_LAYER_ASSIGNMENT (  '', '', ( #1232 ) ) ;
#8074 = ORIENTED_EDGE ( 'NONE', *, *, #8387, .T. ) ;
#8075 = CARTESIAN_POINT ( 'NONE',  ( -19.83769766204326146, 3.486927190664106391, 0.000000000000000000 ) ) ;
#8076 = VERTEX_POINT ( 'NONE', #3447 ) ;
#8077 = CARTESIAN_POINT ( 'NONE',  ( -5.080000000000000071, -8.406000000000007688, -0.09999999999999982514 ) ) ;
#8078 = CARTESIAN_POINT ( 'NONE',  ( -18.69346297252846156, -3.813683730360152957, 0.000000000000000000 ) ) ;
#8079 = CARTESIAN_POINT ( 'NONE',  ( -2.999999999999995559, 8.294999999999998153, 6.000000000000000000 ) ) ;
#8080 = CARTESIAN_POINT ( 'NONE',  ( -18.90466162075310308, 0.7424532391164463396, 0.000000000000000000 ) ) ;
#8081 = EDGE_CURVE ( 'NONE', #610, #6390, #182, .T. ) ;
#8082 = EDGE_CURVE ( 'NONE', #2024, #7507, #9215, .T. ) ;
#8083 = MECHANICAL_DESIGN_GEOMETRIC_PRESENTATION_REPRESENTATION (  '', ( #6627 ), #7223 ) ;
#8084 = EDGE_LOOP ( 'NONE', ( #3620, #5982, #379, #7450 ) ) ;
#8085 = SURFACE_SIDE_STYLE ('',( #2410 ) ) ;
#8086 = CARTESIAN_POINT ( 'NONE',  ( -19.20541313640307024, 1.246244083037329808, 0.000000000000000000 ) ) ;
#8087 = CARTESIAN_POINT ( 'NONE',  ( -19.07813573149224950, 3.404385076110486796, 0.000000000000000000 ) ) ;
#8088 = LINE ( 'NONE', #3217, #4040 ) ;
#8089 = EDGE_CURVE ( 'NONE', #8295, #3, #9168, .T. ) ;
#8090 = DIRECTION ( 'NONE',  ( -0.000000000000000000, -0.000000000000000000, 1.000000000000000000 ) ) ;
#8091 = CARTESIAN_POINT ( 'NONE',  ( -19.70441781707885553, 2.543184102633257559, -0.1000000000000000056 ) ) ;
#8092 = DIRECTION ( 'NONE',  ( -0.000000000000000000, -0.000000000000000000, 1.000000000000000000 ) ) ;
#8093 = ORIENTED_EDGE ( 'NONE', *, *, #4688, .F. ) ;
#8094 = CARTESIAN_POINT ( 'NONE',  ( -18.48690955299739258, 1.331914017995197819, -0.1000000000000000056 ) ) ;
#8095 = SURFACE_STYLE_USAGE ( .BOTH. , #8677 ) ;
#8096 = ORIENTED_EDGE ( 'NONE', *, *, #4751, .F. ) ;
#8097 = CARTESIAN_POINT ( 'NONE',  ( -19.46845898600781055, 3.083618670278870155, -0.1000000000000000056 ) ) ;
#8098 = LINE ( 'NONE', #1866, #3584 ) ;
#8099 = AXIS2_PLACEMENT_3D ( 'NONE', #4031, #8923, #5463 ) ;
#8100 = ORIENTED_EDGE ( 'NONE', *, *, #5080, .F. ) ;
#8101 = CARTESIAN_POINT ( 'NONE',  ( -19.79098457583688031, -3.355224522487846528, -0.1000000000000000056 ) ) ;
#8102 = AXIS2_PLACEMENT_3D ( 'NONE', #6129, #2573, #9049 ) ;
#8103 = CARTESIAN_POINT ( 'NONE',  ( -19.20162969207735060, 2.270974913529665962, -0.1000000000000000056 ) ) ;
#8104 = ORIENTED_EDGE ( 'NONE', *, *, #2879, .F. ) ;
#8105 = CARTESIAN_POINT ( 'NONE',  ( -19.51423447418342860, 1.637735082298404254, -0.1000000000000000056 ) ) ;
#8106 = CARTESIAN_POINT ( 'NONE',  ( -18.27740063953795868, -0.8786820345865135051, 0.000000000000000000 ) ) ;
#8107 = CARTESIAN_POINT ( 'NONE',  ( -19.58889545610912108, 3.238986016978368188, -0.000000000000000000 ) ) ;
#8108 = CARTESIAN_POINT ( 'NONE',  ( -18.33477471685475635, -2.831879000143699976, -0.1000000000000000056 ) ) ;
#8109 = DIRECTION ( 'NONE',  ( -0.000000000000000000, 0.000000000000000000, 1.000000000000000000 ) ) ;
#8110 = DIRECTION ( 'NONE',  ( -0.000000000000000000, -0.000000000000000000, -1.000000000000000000 ) ) ;
#8111 = EDGE_LOOP ( 'NONE', ( #2821, #6791 ) ) ;
#8112 = CARTESIAN_POINT ( 'NONE',  ( -20.10915590729119984, 3.643344999848060706, 0.000000000000000000 ) ) ;
#8113 = CARTESIAN_POINT ( 'NONE',  ( -18.10687864759171362, -2.082745933532715199, -0.1000000000000000056 ) ) ;
#8114 = PRESENTATION_STYLE_ASSIGNMENT (( #4447 ) ) ;
#8115 = CARTESIAN_POINT ( 'NONE',  ( -19.20953304026463471, 1.607046424840709253, -0.1000000000000000056 ) ) ;
#8116 = DIRECTION ( 'NONE',  ( 0.1704514661610549431, -0.9853660729310436128, 0.000000000000000000 ) ) ;
#8117 = ORIENTED_EDGE ( 'NONE', *, *, #2363, .F. ) ;
#8118 = VECTOR ( 'NONE', #3955, 1000.000000000000000 ) ;
#8119 = CARTESIAN_POINT ( 'NONE',  ( -18.08119546074275519, 1.929449412027993915, -0.1000000000000000056 ) ) ;
#8120 = CARTESIAN_POINT ( 'NONE',  ( -19.93774286895747849, -1.124120876596390595, 0.000000000000000000 ) ) ;
#8121 = CARTESIAN_POINT ( 'NONE',  ( -19.34040989635432695, -4.124045435889738265, -0.1000000000000000056 ) ) ;
#8122 = CYLINDRICAL_SURFACE ( 'NONE', #960, 8.000000000000000000 ) ;
#8123 = CARTESIAN_POINT ( 'NONE',  ( -20.06581131863770295, -3.807833441481938586, 0.000000000000000000 ) ) ;
#8124 = ORIENTED_EDGE ( 'NONE', *, *, #4907, .F. ) ;
#8125 = CARTESIAN_POINT ( 'NONE',  ( -18.39898421063154288, -3.758442547617231622, 0.000000000000000000 ) ) ;
#8126 = LINE ( 'NONE', #2501, #5428 ) ;
#8127 = CARTESIAN_POINT ( 'NONE',  ( 0.5000000000000004441, -8.406000000000007688, 3.100000000000000089 ) ) ;
#8128 = CARTESIAN_POINT ( 'NONE',  ( -20.10279153031233790, -0.9523810582631637711, -0.1000000000000000056 ) ) ;
#8129 = CARTESIAN_POINT ( 'NONE',  ( -19.77050617088199758, 3.815975639143019293, 0.000000000000000000 ) ) ;
#8130 = CARTESIAN_POINT ( 'NONE',  ( -19.27953701844224454, 1.250156533885034449, -0.1000000000000000056 ) ) ;
#8131 = CARTESIAN_POINT ( 'NONE',  ( -18.05638373238485173, -3.513947159160422107, 0.000000000000000000 ) ) ;
#8132 = SURFACE_SIDE_STYLE ('',( #2551 ) ) ;
#8133 = DIRECTION ( 'NONE',  ( 1.000000000000000000, -0.000000000000000000, 0.000000000000000000 ) ) ;
#8134 = VERTEX_POINT ( 'NONE', #544 ) ;
#8135 = CARTESIAN_POINT ( 'NONE',  ( -18.47076243207002122, 1.338797396719451305, 0.000000000000000000 ) ) ;
#8136 = CARTESIAN_POINT ( 'NONE',  ( -18.76665582308070412, 1.265702143110936317, -0.1000000000000000056 ) ) ;
#8137 = ORIENTED_EDGE ( 'NONE', *, *, #6594, .T. ) ;
#8138 = PRESENTATION_STYLE_ASSIGNMENT (( #2424 ) ) ;
#8139 = CARTESIAN_POINT ( 'NONE',  ( -19.97391459549125869, 2.340776937762301557, 1.355252715606880543E-17 ) ) ;
#8140 = ORIENTED_EDGE ( 'NONE', *, *, #919, .T. ) ;
#8141 = CARTESIAN_POINT ( 'NONE',  ( 6.080000000000007176, -8.406000000000005912, 3.000000000000000000 ) ) ;
#8142 = CARTESIAN_POINT ( 'NONE',  ( -19.46954055206917999, 3.042885545685848570, -0.1000000000000000056 ) ) ;
#8143 = CARTESIAN_POINT ( 'NONE',  ( -20.10540034009007115, -3.359565321765539903, -0.1000000000000000056 ) ) ;
#8144 = ORIENTED_EDGE ( 'NONE', *, *, #4277, .F. ) ;
#8145 = CARTESIAN_POINT ( 'NONE',  ( -18.72123792344973481, -2.952509599442533883, -0.000000000000000000 ) ) ;
#8146 =( NAMED_UNIT ( * ) SI_UNIT ( $, .STERADIAN. ) SOLID_ANGLE_UNIT ( ) );
#8147 = CARTESIAN_POINT ( 'NONE',  ( -18.24303303494919248, -0.9159646545115908145, 0.000000000000000000 ) ) ;
#8148 = CARTESIAN_POINT ( 'NONE',  ( -18.10746429374936994, -2.102600255962761455, -0.000000000000000000 ) ) ;
#8149 = CARTESIAN_POINT ( 'NONE',  ( -19.28210571296598630, -1.589560526723145850, -0.1000000000000000056 ) ) ;
#8150 =( LENGTH_UNIT ( ) NAMED_UNIT ( * ) SI_UNIT ( .MILLI., .METRE. ) );
#8151 =( NAMED_UNIT ( * ) SI_UNIT ( $, .STERADIAN. ) SOLID_ANGLE_UNIT ( ) );
#8152 =( GEOMETRIC_REPRESENTATION_CONTEXT ( 3 ) GLOBAL_UNCERTAINTY_ASSIGNED_CONTEXT ( ( #3622 ) ) GLOBAL_UNIT_ASSIGNED_CONTEXT ( ( #3769, #2370, #5073 ) ) REPRESENTATION_CONTEXT ( 'NONE', 'WORKASPACE' ) );
#8153 = VERTEX_POINT ( 'NONE', #5624 ) ;
#8154 = EDGE_CURVE ( 'NONE', #6833, #5709, #1944, .T. ) ;
#8155 = CARTESIAN_POINT ( 'NONE',  ( -19.96291385323578282, 4.045791009444256403, 0.000000000000000000 ) ) ;
#8156 = CARTESIAN_POINT ( 'NONE',  ( -19.41159102803920788, -0.9867999023974299844, 0.000000000000000000 ) ) ;
#8157 = EDGE_CURVE ( 'NONE', #3975, #204, #3409, .T. ) ;
#8158 = CARTESIAN_POINT ( 'NONE',  ( -19.73872321815970565, 1.732537502672945928, -0.1000000000000000056 ) ) ;
#8159 = CARTESIAN_POINT ( 'NONE',  ( -2.039999999999999591, -8.406000000000007688, -0.09999999999999982514 ) ) ;
#8160 = STYLED_ITEM ( 'NONE', ( #5062 ), #1099 ) ;
#8161 = ORIENTED_EDGE ( 'NONE', *, *, #882, .F. ) ;
#8162 =( GEOMETRIC_REPRESENTATION_CONTEXT ( 3 ) GLOBAL_UNCERTAINTY_ASSIGNED_CONTEXT ( ( #7086 ) ) GLOBAL_UNIT_ASSIGNED_CONTEXT ( ( #8007, #2289, #7294 ) ) REPRESENTATION_CONTEXT ( 'NONE', 'WORKASPACE' ) );
#8163 = DIRECTION ( 'NONE',  ( 1.000000000000000000, 0.000000000000000000, 0.000000000000000000 ) ) ;
#8164 = FILL_AREA_STYLE ('',( #5515 ) ) ;
#8165 = CARTESIAN_POINT ( 'NONE',  ( -19.50588084072413508, -4.261996216823863648, 0.000000000000000000 ) ) ;
#8166 = CARTESIAN_POINT ( 'NONE',  ( -19.21125568209692247, 0.7010707410176596488, -0.1000000000000000056 ) ) ;
#8167 = FILL_AREA_STYLE ('',( #1274 ) ) ;
#8168 = ORIENTED_EDGE ( 'NONE', *, *, #6532, .T. ) ;
#8169 = EDGE_CURVE ( 'NONE', #7123, #5390, #4168, .T. ) ;
#8170 = VERTEX_POINT ( 'NONE', #871 ) ;
#8171 = CARTESIAN_POINT ( 'NONE',  ( -18.42278837159914318, -3.789499691120965519, 0.000000000000000000 ) ) ;
#8172 = CARTESIAN_POINT ( 'NONE',  ( -19.67605165122133215, -3.133564029980504984, 0.000000000000000000 ) ) ;
#8173 = FILL_AREA_STYLE_COLOUR ( '', #3601 ) ;
#8174 = AXIS2_PLACEMENT_3D ( 'NONE', #4326, #780, #6005 ) ;
#8175 = CARTESIAN_POINT ( 'NONE',  ( -20.10915590729119984, 3.643344999848060706, 0.000000000000000000 ) ) ;
#8176 = CARTESIAN_POINT ( 'NONE',  ( -18.14888636828996127, -1.084761868821189745, -0.1000000000000000056 ) ) ;
#8177 = DIRECTION ( 'NONE',  ( 0.000000000000000000, 0.000000000000000000, 1.000000000000000000 ) ) ;
#8178 = AXIS2_PLACEMENT_3D ( 'NONE', #7862, #6388, #9222 ) ;
#8179 = CARTESIAN_POINT ( 'NONE',  ( -19.23051807223363951, 3.135355294545489446, -0.1000000000000000056 ) ) ;
#8180 = CARTESIAN_POINT ( 'NONE',  ( -19.02864900624958722, 4.200166769040226455, -0.1000000000000000056 ) ) ;
#8181 = ORIENTED_EDGE ( 'NONE', *, *, #834, .F. ) ;
#8182 =( NAMED_UNIT ( * ) PLANE_ANGLE_UNIT ( ) SI_UNIT ( $, .RADIAN. ) );
#8183 = ORIENTED_EDGE ( 'NONE', *, *, #6183, .F. ) ;
#8184 = B_SPLINE_SURFACE_WITH_KNOTS ( 'NONE', 3, 1, ( 
 ( #2509, #4739 ),
 ( #5345, #4647 ),
 ( #6813, #6859 ),
 ( #6154, #1386 ),
 ( #51, #4880 ),
 ( #741, #6296 ),
 ( #3637, #693 ),
 ( #7241, #833 ),
 ( #2039, #7728 ),
 ( #2137, #2942 ),
 ( #6491, #8615 ) ),
 .UNSPECIFIED., .F., .F., .F.,
 ( 4, 1, 1, 1, 1, 1, 1, 1, 4 ),
 ( 2, 2 ),
 ( 0.000000000000000000, 0.1633466419797980074, 0.3066913266864577658, 0.4345989141071393558, 0.5476893777153222231, 0.6552956344685770818, 0.7615750495759896488, 0.8747651816497119537, 1.000000000000000000 ),
 ( 0.000000000000000000, 1.000000000000000000 ),
 .UNSPECIFIED. ) ;
#8185 = STYLED_ITEM ( 'NONE', ( #964 ), #2081 ) ;
#8186 = CARTESIAN_POINT ( 'NONE',  ( -19.51932378481050989, 3.194825984149532339, 0.000000000000000000 ) ) ;
#8187 = CARTESIAN_POINT ( 'NONE',  ( -19.65059208571690519, 3.900560260640551391, -0.1000000000000000056 ) ) ;
#8188 = ORIENTED_EDGE ( 'NONE', *, *, #2336, .F. ) ;
#8189 = COLOUR_RGB ( '',1.000000000000000000, 1.000000000000000000, 1.000000000000000000 ) ;
#8190 = FILL_AREA_STYLE ('',( #5923 ) ) ;
#8191 = CARTESIAN_POINT ( 'NONE',  ( -19.60621054785805129, 2.920433456658238836, -0.1000000000000000056 ) ) ;
#8192 = CARTESIAN_POINT ( 'NONE',  ( -22.50000000000000000, -10.44500000000000028, 3.000000000000000000 ) ) ;
#8193 = AXIS2_PLACEMENT_3D ( 'NONE', #3505, #2755, #4889 ) ;
#8194 = ORIENTED_EDGE ( 'NONE', *, *, #5672, .T. ) ;
#8195 = CARTESIAN_POINT ( 'NONE',  ( -18.65201352551283875, -3.082466258401008741, 0.000000000000000000 ) ) ;
#8196 = LINE ( 'NONE', #6254, #4193 ) ;
#8197 = DIRECTION ( 'NONE',  ( 1.000000000000000000, 0.000000000000000000, 0.000000000000000000 ) ) ;
#8198 = FILL_AREA_STYLE_COLOUR ( '', #8469 ) ;
#8199 = ORIENTED_EDGE ( 'NONE', *, *, #3681, .F. ) ;
#8200 = CARTESIAN_POINT ( 'NONE',  ( -20.11002305806498924, -0.8812320341059820539, 0.000000000000000000 ) ) ;
#8201 = CARTESIAN_POINT ( 'NONE',  ( -20.11016722181046390, 1.942692305246987994, -0.1000000000000000056 ) ) ;
#8202 = MECHANICAL_DESIGN_GEOMETRIC_PRESENTATION_REPRESENTATION (  '', ( #1959 ), #5238 ) ;
#8203 = EDGE_CURVE ( 'NONE', #6660, #8226, #1619, .T. ) ;
#8204 = ORIENTED_EDGE ( 'NONE', *, *, #1526, .F. ) ;
#8205 = CARTESIAN_POINT ( 'NONE',  ( -19.82747083254083620, 1.928096221661918852, -0.1000000000000000056 ) ) ;
#8206 = CARTESIAN_POINT ( 'NONE',  ( -19.81682205701777733, 3.436007575348836607, -0.1000000000000000056 ) ) ;
#8207 = ORIENTED_EDGE ( 'NONE', *, *, #7435, .F. ) ;
#8208 = CARTESIAN_POINT ( 'NONE',  ( -19.03306748684207861, 3.647086334171017796, -0.1000000000000000056 ) ) ;
#8209 =( NAMED_UNIT ( * ) PLANE_ANGLE_UNIT ( ) SI_UNIT ( $, .RADIAN. ) );
#8210 = LINE ( 'NONE', #8352, #3137 ) ;
#8211 = CARTESIAN_POINT ( 'NONE',  ( -19.97222315661803904, -0.3346773025013301539, -0.1000000000000000056 ) ) ;
#8212 = CARTESIAN_POINT ( 'NONE',  ( -18.41507688977921475, 3.408640454610186943, -0.1000000000000000056 ) ) ;
#8213 = ORIENTED_EDGE ( 'NONE', *, *, #6079, .F. ) ;
#8214 = ORIENTED_EDGE ( 'NONE', *, *, #1646, .T. ) ;
#8215 = CARTESIAN_POINT ( 'NONE',  ( -18.46016978697587518, -3.826920102969535442, 0.000000000000000000 ) ) ;
#8216 = CARTESIAN_POINT ( 'NONE',  ( -19.54246156057991968, -3.069773450609912580, 0.000000000000000000 ) ) ;
#8217 = CARTESIAN_POINT ( 'NONE',  ( 6.080000000000007176, -8.406000000000005912, 3.100000000000000089 ) ) ;
#8218 = CARTESIAN_POINT ( 'NONE',  ( -18.41512428454094774, -1.525457961121879702, 0.000000000000000000 ) ) ;
#8219 = CARTESIAN_POINT ( 'NONE',  ( -19.67334413072348198, 4.256153623723125889, 0.000000000000000000 ) ) ;
#8220 = CARTESIAN_POINT ( 'NONE',  ( -18.10930372309841374, -1.320900150949182894, 0.000000000000000000 ) ) ;
#8221 = MECHANICAL_DESIGN_GEOMETRIC_PRESENTATION_REPRESENTATION (  '', ( #942 ), #3633 ) ;
#8222 =( NAMED_UNIT ( * ) SI_UNIT ( $, .STERADIAN. ) SOLID_ANGLE_UNIT ( ) );
#8223 = EDGE_CURVE ( 'NONE', #8503, #2567, #8661, .T. ) ;
#8224 = CARTESIAN_POINT ( 'NONE',  ( -19.32857064964120752, 4.300458238503271247, -0.1000000000000000056 ) ) ;
#8225 =( GEOMETRIC_REPRESENTATION_CONTEXT ( 3 ) GLOBAL_UNCERTAINTY_ASSIGNED_CONTEXT ( ( #7629 ) ) GLOBAL_UNIT_ASSIGNED_CONTEXT ( ( #1397, #2150, #3602 ) ) REPRESENTATION_CONTEXT ( 'NONE', 'WORKASPACE' ) );
#8226 = VERTEX_POINT ( 'NONE', #2180 ) ;
#8227 = CARTESIAN_POINT ( 'NONE',  ( -19.46857820814159723, 3.063730026411961571, -0.000000000000000000 ) ) ;
#8228 = CARTESIAN_POINT ( 'NONE',  ( -18.85791725871653313, 2.265723448395527306, 0.000000000000000000 ) ) ;
#8229 = ORIENTED_EDGE ( 'NONE', *, *, #1286, .F. ) ;
#8230 = CARTESIAN_POINT ( 'NONE',  ( -19.18192969141606952, -3.590087258588215757, -0.1000000000000000056 ) ) ;
#8231 = CARTESIAN_POINT ( 'NONE',  ( -18.44971230982399391, -1.287133705498147318, 0.000000000000000000 ) ) ;
#8232 = ORIENTED_EDGE ( 'NONE', *, *, #550, .F. ) ;
#8233 = LINE ( 'NONE', #5544, #440 ) ;
#8234 = CARTESIAN_POINT ( 'NONE',  ( -18.96751075938622577, 0.8588078729842003600, -0.1000000000000000056 ) ) ;
#8235 = CARTESIAN_POINT ( 'NONE',  ( -19.90001977332558880, -2.859416979040721341, -0.1000000000000000056 ) ) ;
#8236 = MECHANICAL_DESIGN_GEOMETRIC_PRESENTATION_REPRESENTATION (  '', ( #6481 ), #2440 ) ;
#8237 = ORIENTED_EDGE ( 'NONE', *, *, #5614, .F. ) ;
#8238 = CARTESIAN_POINT ( 'NONE',  ( -18.67409608659131592, -3.063794140091490981, 0.000000000000000000 ) ) ;
#8239 = CARTESIAN_POINT ( 'NONE',  ( -18.16627101717993042, -1.045787264506022440, -0.1000000000000000056 ) ) ;
#8240 = COLOUR_RGB ( '',1.000000000000000000, 0.9607843137254902244, 0.8901960784313724950 ) ;
#8241 = FILL_AREA_STYLE ('',( #4111 ) ) ;
#8242 = CARTESIAN_POINT ( 'NONE',  ( -18.56704248500575005, -4.224457790868559215, 0.000000000000000000 ) ) ;
#8243 = VERTEX_POINT ( 'NONE', #6621 ) ;
#8244 = STYLED_ITEM ( 'NONE', ( #4393 ), #709 ) ;
#8245 = SURFACE_STYLE_USAGE ( .BOTH. , #6214 ) ;
#8246 = SURFACE_SIDE_STYLE ('',( #7657 ) ) ;
#8247 = CARTESIAN_POINT ( 'NONE',  ( -19.08151448074983847, -2.841201333268087215, -0.1000000000000000056 ) ) ;
#8248 = EDGE_CURVE ( 'NONE', #5134, #277, #8257, .T. ) ;
#8249 = CARTESIAN_POINT ( 'NONE',  ( -18.14770494890115415, 0.9740147475229995466, -0.1000000000000000056 ) ) ;
#8250 = ORIENTED_EDGE ( 'NONE', *, *, #4961, .F. ) ;
#8251 = EDGE_CURVE ( 'NONE', #5944, #5239, #5953, .T. ) ;
#8252 = PRESENTATION_STYLE_ASSIGNMENT (( #6134 ) ) ;
#8253 = CARTESIAN_POINT ( 'NONE',  ( -18.82385133042687286, 3.984318174862395256, 0.000000000000000000 ) ) ;
#8254 = CARTESIAN_POINT ( 'NONE',  ( -20.11016722181046745, -0.8904842440287276117, 0.000000000000000000 ) ) ;
#8255 = LINE ( 'NONE', #5464, #6419 ) ;
#8256 = VERTEX_POINT ( 'NONE', #5862 ) ;
#8257 = B_SPLINE_CURVE_WITH_KNOTS ( 'NONE', 3,
 ( #2226, #5810, #4377, #5061, #918, #44, #2273, #227, #5721, #8564, #7954 ),
 .UNSPECIFIED., .F., .F.,
 ( 4, 1, 1, 1, 1, 1, 1, 1, 4 ),
 ( 0.000000000000000000, 0.09826898557417505786, 0.2035984945132167101, 0.3160897864500791798, 0.4364796403267232061, 0.5640546948898984558, 0.7009614723437623818, 0.8462088990950534795, 1.000000000000000000 ),
 .UNSPECIFIED. ) ;
#8258 = ORIENTED_EDGE ( 'NONE', *, *, #5586, .T. ) ;
#8259 = PRESENTATION_STYLE_ASSIGNMENT (( #5467 ) ) ;
#8260 = CARTESIAN_POINT ( 'NONE',  ( -18.85811186292374586, 3.331590894063311659, -0.1000000000000000056 ) ) ;
#8261 = UNCERTAINTY_MEASURE_WITH_UNIT (LENGTH_MEASURE( 1.000000000000000082E-05 ), #9010, 'distance_accuracy_value', 'NONE');
#8262 = CARTESIAN_POINT ( 'NONE',  ( 2.540000000000004476, -8.406000000000007688, 3.100000000000000089 ) ) ;
#8263 = CARTESIAN_POINT ( 'NONE',  ( -19.15954104157178151, 3.290663783758865701, 0.000000000000000000 ) ) ;
#8264 = EDGE_CURVE ( 'NONE', #5783, #1496, #4737, .T. ) ;
#8265 = CARTESIAN_POINT ( 'NONE',  ( -19.22861314458832283, 3.103091687465670212, -0.1000000000000000056 ) ) ;
#8266 = CARTESIAN_POINT ( 'NONE',  ( -20.01479042454345958, 3.969371524822552733, -0.1000000000000000056 ) ) ;
#8267 = CARTESIAN_POINT ( 'NONE',  ( -18.14888636828996127, -1.084761868821189745, 0.000000000000000000 ) ) ;
#8268 = CARTESIAN_POINT ( 'NONE',  ( -19.02076101168914946, 2.272854189898987354, 0.000000000000000000 ) ) ;
#8269 = EDGE_CURVE ( 'NONE', #6732, #947, #9216, .T. ) ;
#8270 =( LENGTH_UNIT ( ) NAMED_UNIT ( * ) SI_UNIT ( .MILLI., .METRE. ) );
#8271 = ADVANCED_FACE ( 'NONE', ( #568 ), #4305, .T. ) ;
#8272 = CARTESIAN_POINT ( 'NONE',  ( -18.93077236799922503, -1.344544989569531168, 0.000000000000000000 ) ) ;
#8273 = SURFACE_STYLE_USAGE ( .BOTH. , #5540 ) ;
#8274 = VERTEX_POINT ( 'NONE', #763 ) ;
#8275 = CARTESIAN_POINT ( 'NONE',  ( -18.08172384105899866, 1.952213940317206742, -0.000000000000000000 ) ) ;
#8276 = CARTESIAN_POINT ( 'NONE',  ( -20.04267103818477125, 2.232414747130833543, 1.355252715606880543E-17 ) ) ;
#8277 = ORIENTED_EDGE ( 'NONE', *, *, #7192, .F. ) ;
#8278 = DIRECTION ( 'NONE',  ( -1.000000000000000000, 0.000000000000000000, 0.000000000000000000 ) ) ;
#8279 = CARTESIAN_POINT ( 'NONE',  ( -18.94390057184965315, 0.8388497662732085081, -0.1000000000000000056 ) ) ;
#8280 = B_SPLINE_CURVE_WITH_KNOTS ( 'NONE', 3,
 ( #8586, #612, #9190, #8634, #7837, #4255, #2956, #9145, #7116, #2156, #2200 ),
 .UNSPECIFIED., .F., .F.,
 ( 4, 1, 1, 1, 1, 1, 1, 1, 4 ),
 ( 0.000000000000000000, 0.1655556038889432480, 0.3119994156397201679, 0.4409235387043479171, 0.5588821122018861054, 0.6702320758808332224, 0.7769938271265361962, 0.8855363212147941976, 1.000000000000000000 ),
 .UNSPECIFIED. ) ;
#8281 = CARTESIAN_POINT ( 'NONE',  ( -19.98288292307847769, -2.966466662586350278, -0.1000000000000000056 ) ) ;
#8282 = EDGE_CURVE ( 'NONE', #4864, #2103, #3120, .T. ) ;
#8283 = EDGE_LOOP ( 'NONE', ( #2924, #1060 ) ) ;
#8284 = CARTESIAN_POINT ( 'NONE',  ( -18.71565127990104571, -3.000753797239673837, 0.000000000000000000 ) ) ;
#8285 = LINE ( 'NONE', #8239, #766 ) ;
#8286 = CARTESIAN_POINT ( 'NONE',  ( -19.23712508707344426, -1.783353373743729264, 1.355252715606880543E-17 ) ) ;
#8287 = EDGE_LOOP ( 'NONE', ( #2794, #2423, #8181, #932, #6858, #3092 ) ) ;
#8288 = CARTESIAN_POINT ( 'NONE',  ( -20.10502105058991873, -0.8370844220484419118, 0.000000000000000000 ) ) ;
#8289 = FACE_OUTER_BOUND ( 'NONE', #2704, .T. ) ;
#8290 = ORIENTED_EDGE ( 'NONE', *, *, #1044, .T. ) ;
#8291 =( LENGTH_UNIT ( ) NAMED_UNIT ( * ) SI_UNIT ( .MILLI., .METRE. ) );
#8292 =( NAMED_UNIT ( * ) SI_UNIT ( $, .STERADIAN. ) SOLID_ANGLE_UNIT ( ) );
#8293 = CARTESIAN_POINT ( 'NONE',  ( -19.60160987706908386, -2.696623597792289218, 0.000000000000000000 ) ) ;
#8294 = DIRECTION ( 'NONE',  ( -1.000000000000000000, 0.000000000000000000, 0.000000000000000000 ) ) ;
#8295 = VERTEX_POINT ( 'NONE', #2110 ) ;
#8296 = SURFACE_STYLE_FILL_AREA ( #3382 ) ;
#8297 = PRESENTATION_LAYER_ASSIGNMENT (  '', '', ( #735 ) ) ;
#8298 = CARTESIAN_POINT ( 'NONE',  ( -18.12375278787382271, -3.096740741890679161, 0.000000000000000000 ) ) ;
#8299 = FACE_OUTER_BOUND ( 'NONE', #6570, .T. ) ;
#8300 = CARTESIAN_POINT ( 'NONE',  ( -18.35409247072949057, -3.357915788221014886, -0.1000000000000000056 ) ) ;
#8301 = VERTEX_POINT ( 'NONE', #7659 ) ;
#8302 = EDGE_CURVE ( 'NONE', #2759, #6688, #8398, .T. ) ;
#8303 = ADVANCED_FACE ( 'NONE', ( #7750 ), #2031, .T. ) ;
#8304 = ORIENTED_EDGE ( 'NONE', *, *, #6868, .F. ) ;
#8305 =( GEOMETRIC_REPRESENTATION_CONTEXT ( 3 ) GLOBAL_UNCERTAINTY_ASSIGNED_CONTEXT ( ( #6984 ) ) GLOBAL_UNIT_ASSIGNED_CONTEXT ( ( #2863, #7120, #6363 ) ) REPRESENTATION_CONTEXT ( 'NONE', 'WORKASPACE' ) );
#8306 = CARTESIAN_POINT ( 'NONE',  ( -20.05158648185462056, -1.990674356323386629, -0.1000000000000000056 ) ) ;
#8307 = SURFACE_STYLE_FILL_AREA ( #9118 ) ;
#8308 = CARTESIAN_POINT ( 'NONE',  ( -19.61496327537899020, 2.919857304890948857, 2.710505431213761085E-17 ) ) ;
#8309 = CARTESIAN_POINT ( 'NONE',  ( -20.00613809597772530, -1.079661724528592881, 1.355252715606880543E-17 ) ) ;
#8310 = CARTESIAN_POINT ( 'NONE',  ( 4.499999999999999112, 0.000000000000000000, 3.000000000000000000 ) ) ;
#8311 = CARTESIAN_POINT ( 'NONE',  ( -19.64700727804004998, 1.317362039403019658, 0.000000000000000000 ) ) ;
#8312 = STYLED_ITEM ( 'NONE', ( #8716 ), #6946 ) ;
#8313 = DIRECTION ( 'NONE',  ( -1.000000000000000000, 0.000000000000000000, -0.000000000000000000 ) ) ;
#8314 = EDGE_CURVE ( 'NONE', #3188, #2618, #283, .T. ) ;
#8315 = CARTESIAN_POINT ( 'NONE',  ( -20.08892380152779822, 3.371014886879487804, 0.000000000000000000 ) ) ;
#8316 = CARTESIAN_POINT ( 'NONE',  ( -18.41871891620819213, -1.440083633723454382, -0.1000000000000000056 ) ) ;
#8317 = AXIS2_PLACEMENT_3D ( 'NONE', #6112, #6205, #8948 ) ;
#8318 = VECTOR ( 'NONE', #1795, 1000.000000000000000 ) ;
#8319 = CARTESIAN_POINT ( 'NONE',  ( -19.92222675955006395, -0.3455097188889115212, -0.1000000000000000056 ) ) ;
#8320 = CARTESIAN_POINT ( 'NONE',  ( -18.80910952411781523, 2.261095884313887527, -0.1000000000000000056 ) ) ;
#8321 = CARTESIAN_POINT ( 'NONE',  ( -19.86697954633439167, -2.324328409830729303, 0.000000000000000000 ) ) ;
#8322 = CARTESIAN_POINT ( 'NONE',  ( -19.66592834928238531, 1.323888022104898310, -0.1000000000000000056 ) ) ;
#8323 = ORIENTED_EDGE ( 'NONE', *, *, #7389, .F. ) ;
#8324 = AXIS2_PLACEMENT_3D ( 'NONE', #4919, #1817, #5531 ) ;
#8325 = CARTESIAN_POINT ( 'NONE',  ( -18.66824981453238763, -1.143268512187079144, -0.000000000000000000 ) ) ;
#8326 = CARTESIAN_POINT ( 'NONE',  ( -19.86697954633439167, -2.324328409830729303, -0.1000000000000000056 ) ) ;
#8327 = CARTESIAN_POINT ( 'NONE',  ( -20.04733910443078315, -3.097375116759701452, -0.1000000000000000056 ) ) ;
#8328 = CIRCLE ( 'NONE', #4467, 1.700000000000000178 ) ;
#8329 = VECTOR ( 'NONE', #8752, 1000.000000000000000 ) ;
#8330 = CARTESIAN_POINT ( 'NONE',  ( -19.19038809278214330, -1.240417664845784973, -0.1000000000000000056 ) ) ;
#8331 = ORIENTED_EDGE ( 'NONE', *, *, #4934, .F. ) ;
#8332 = DIRECTION ( 'NONE',  ( 0.8543981745992493826, -0.5196188595898636464, 0.000000000000000000 ) ) ;
#8333 = AXIS2_PLACEMENT_3D ( 'NONE', #1469, #8510, #727 ) ;
#8334 = DIRECTION ( 'NONE',  ( -0.000000000000000000, -0.000000000000000000, -1.000000000000000000 ) ) ;
#8335 = VECTOR ( 'NONE', #159, 1000.000000000000000 ) ;
#8336 = CARTESIAN_POINT ( 'NONE',  ( -19.33480733500524451, -1.520807513851532011, 1.355252715606880543E-17 ) ) ;
#8337 = ORIENTED_EDGE ( 'NONE', *, *, #5138, .T. ) ;
#8338 = CARTESIAN_POINT ( 'NONE',  ( -18.40743657848208770, 1.777584114426168371, -0.1000000000000000056 ) ) ;
#8339 = CARTESIAN_POINT ( 'NONE',  ( -18.05638373238485173, -3.513947159160422107, -0.000000000000000000 ) ) ;
#8340 = B_SPLINE_SURFACE_WITH_KNOTS ( 'NONE', 3, 1, ( 
 ( #5708, #4172 ),
 ( #8546, #8406 ),
 ( #9156, #3569 ),
 ( #1318, #3525 ),
 ( #6369, #2167 ),
 ( #3618, #4909 ),
 ( #7079, #5006 ),
 ( #5612, #2731 ),
 ( #7033, #5658 ),
 ( #577, #7711 ),
 ( #9202, #769 ),
 ( #4314, #1415 ),
 ( #1368, #8597 ),
 ( #2021, #2068 ),
 ( #6468, #7174 ),
 ( #4221, #3431 ),
 ( #627, #6276 ) ),
 .UNSPECIFIED., .F., .F., .F.,
 ( 4, 1, 1, 1, 1, 1, 1, 1, 1, 1, 1, 1, 1, 1, 4 ),
 ( 2, 2 ),
 ( 0.000000000000000000, 0.05075693313378840110, 0.09987948147019168332, 0.1471663999044381943, 0.1946411465927117002, 0.2441503911220636591, 0.2956730220799967390, 0.3497292318341005957, 0.4066047646331900633, 0.5230531776600171323, 0.6353599980786840407, 0.6999121552817889613, 0.7824155783949963139, 0.8825601116638781551, 1.000000000000000000 ),
 ( 0.000000000000000000, 1.000000000000000000 ),
 .UNSPECIFIED. ) ;
#8341 = EDGE_LOOP ( 'NONE', ( #2152, #3282, #8140, #3068 ) ) ;
#8342 = AXIS2_PLACEMENT_3D ( 'NONE', #683, #3534, #6379 ) ;
#8343 = CARTESIAN_POINT ( 'NONE',  ( -20.10937329148706354, -2.145409775562556298, -0.000000000000000000 ) ) ;
#8344 = CARTESIAN_POINT ( 'NONE',  ( -18.56957731066747996, -3.865319620768230546, -0.1000000000000000056 ) ) ;
#8345 = CARTESIAN_POINT ( 'NONE',  ( -19.01254573207625498, -2.937168657139915595, 0.000000000000000000 ) ) ;
#8346 = CARTESIAN_POINT ( 'NONE',  ( -18.81292706762182831, -1.170191532725643802, 1.355252715606880543E-17 ) ) ;
#8347 = CARTESIAN_POINT ( 'NONE',  ( -18.49427432063071208, 2.537752753388470062, -0.1000000000000000056 ) ) ;
#8348 = EDGE_LOOP ( 'NONE', ( #6185, #842 ) ) ;
#8349 = B_SPLINE_CURVE_WITH_KNOTS ( 'NONE', 3,
 ( #179, #3165, #3807, #2318, #3896, #2408, #6708, #5904, #8790, #131, #2360, #3030, #3072, #305, #5861, #1610, #3760, #225, #8660 ),
 .UNSPECIFIED., .F., .F.,
 ( 4, 1, 1, 1, 1, 1, 1, 1, 1, 1, 1, 1, 1, 1, 1, 1, 4 ),
 ( 0.000000000000000000, 0.07921412475016172128, 0.1549623585364744982, 0.2277516852892232657, 0.2968057038558976624, 0.3629293046907660636, 0.4251988157055926476, 0.4842549202790198404, 0.5404300479699480908, 0.5946178442194989255, 0.6479537361055932587, 0.7012095640608045910, 0.7548287173850043441, 0.8107386241515668335, 0.8694856334808737097, 0.9324242458613063445, 1.000000000000000000 ),
 .UNSPECIFIED. ) ;
#8350 = CARTESIAN_POINT ( 'NONE',  ( -18.14550257371000086, -0.2694375574350390545, -0.1000000000000000056 ) ) ;
#8351 = AXIS2_PLACEMENT_3D ( 'NONE', #6809, #2552, #3861 ) ;
#8352 = CARTESIAN_POINT ( 'NONE',  ( -18.97850180127823805, 2.980854873657224680, -0.1000000000000000056 ) ) ;
#8353 = CARTESIAN_POINT ( 'NONE',  ( -19.33997570640790542, -4.058776797439029416, 0.000000000000000000 ) ) ;
#8354 = CARTESIAN_POINT ( 'NONE',  ( -19.39876186302462813, 2.618602881508016011, 0.000000000000000000 ) ) ;
#8355 = CARTESIAN_POINT ( 'NONE',  ( 22.50000000000000000, 10.44500000000000028, 3.000000000000000000 ) ) ;
#8356 = ORIENTED_EDGE ( 'NONE', *, *, #2994, .F. ) ;
#8357 = ORIENTED_EDGE ( 'NONE', *, *, #1233, .F. ) ;
#8358 = DIRECTION ( 'NONE',  ( 0.000000000000000000, -1.000000000000000000, 0.000000000000000000 ) ) ;
#8359 = CARTESIAN_POINT ( 'NONE',  ( -18.43909054483114218, 1.352298849749846044, -0.1000000000000000056 ) ) ;
#8360 = UNCERTAINTY_MEASURE_WITH_UNIT (LENGTH_MEASURE( 1.000000000000000082E-05 ), #3184, 'distance_accuracy_value', 'NONE');
#8361 = LINE ( 'NONE', #125, #1859 ) ;
#8362 = CARTESIAN_POINT ( 'NONE',  ( -19.66181958825609399, 2.922646890899428751, -0.1000000000000000056 ) ) ;
#8363 = FILL_AREA_STYLE ('',( #4964 ) ) ;
#8364 = CARTESIAN_POINT ( 'NONE',  ( -19.89937395219337546, -1.148105272249591469, -0.1000000000000000056 ) ) ;
#8365 = EDGE_CURVE ( 'NONE', #2724, #2041, #2665, .T. ) ;
#8366 = CARTESIAN_POINT ( 'NONE',  ( -20.10915590729119984, 3.643344999848060706, -0.1000000000000000056 ) ) ;
#8367 = EDGE_CURVE ( 'NONE', #2865, #5343, #7197, .T. ) ;
#8368 = CARTESIAN_POINT ( 'NONE',  ( -19.48552994790466641, 1.274586147744287468, -0.1000000000000000056 ) ) ;
#8369 = DIRECTION ( 'NONE',  ( -1.000000000000000000, 0.000000000000000000, 0.000000000000000000 ) ) ;
#8370 = B_SPLINE_CURVE_WITH_KNOTS ( 'NONE', 3,
 ( #2470, #2961, #6691, #5931, #2204, #1638, #805, #4525, #1550, #5185, #5095, #5792, #2300, #207, #7980 ),
 .UNSPECIFIED., .F., .F.,
 ( 4, 1, 1, 1, 1, 1, 1, 1, 1, 1, 1, 1, 4 ),
 ( 0.000000000000000000, 0.08259178216996052035, 0.1642255450426349517, 0.2465938318446980748, 0.3290869349125307153, 0.4120645108506680310, 0.4941904263161427946, 0.5766211448756330959, 0.6598540648118951246, 0.7441235173473449427, 0.8282911644061393686, 0.9134839720891906323, 1.000000000000000000 ),
 .UNSPECIFIED. ) ;
#8371 = DIRECTION ( 'NONE',  ( 0.000000000000000000, 0.000000000000000000, 1.000000000000000000 ) ) ;
#8372 = CARTESIAN_POINT ( 'NONE',  ( -19.92222675955006395, -0.3455097188889115212, 0.000000000000000000 ) ) ;
#8373 = CARTESIAN_POINT ( 'NONE',  ( -18.71997954662404950, 2.249536306020340160, 0.000000000000000000 ) ) ;
#8374 = PRESENTATION_LAYER_ASSIGNMENT (  '', '', ( #210 ) ) ;
#8375 = CARTESIAN_POINT ( 'NONE',  ( -18.41360292252173636, 2.499183359932919846, 0.000000000000000000 ) ) ;
#8376 = ADVANCED_FACE ( 'NONE', ( #7928 ), #7991, .T. ) ;
#8377 = VERTEX_POINT ( 'NONE', #2479 ) ;
#8378 =( NAMED_UNIT ( * ) PLANE_ANGLE_UNIT ( ) SI_UNIT ( $, .RADIAN. ) );
#8379 = CARTESIAN_POINT ( 'NONE',  ( -18.09121876242484817, 2.062204185472779727, -0.1000000000000000056 ) ) ;
#8380 = CARTESIAN_POINT ( 'NONE',  ( -20.10834142493986221, -0.1136145217114270800, 0.000000000000000000 ) ) ;
#8381 = DIRECTION ( 'NONE',  ( 0.000000000000000000, 0.000000000000000000, 1.000000000000000000 ) ) ;
#8382 = PRESENTATION_LAYER_ASSIGNMENT (  '', '', ( #3194 ) ) ;
#8383 = B_SPLINE_CURVE_WITH_KNOTS ( 'NONE', 3,
 ( #2684, #4725, #8359, #1934, #3484, #6327, #9161, #4036, #2779, #1980, #6893, #5617, #6983, #4678, #6939, #4130, #7539, #4825, #487 ),
 .UNSPECIFIED., .F., .F.,
 ( 4, 1, 1, 1, 1, 1, 1, 1, 1, 1, 1, 1, 1, 1, 1, 1, 4 ),
 ( 0.000000000000000000, 0.06819445039611969628, 0.1337604984181151868, 0.1976841348832744927, 0.2602900130661454092, 0.3215916863063495446, 0.3818798919928519942, 0.4419323108891064500, 0.5014036694294476959, 0.5611379963023768180, 0.6208926775134955278, 0.6805545771674575972, 0.7417106038346986674, 0.8038681233347134691, 0.8671096104850670727, 0.9323885804212804773, 1.000000000000000000 ),
 .UNSPECIFIED. ) ;
#8384 = CARTESIAN_POINT ( 'NONE',  ( -19.54342977507056034, -3.891814513880406334, -0.1000000000000000056 ) ) ;
#8385 = CARTESIAN_POINT ( 'NONE',  ( -18.72123792344973481, -2.952509599442533883, 0.000000000000000000 ) ) ;
#8386 = CARTESIAN_POINT ( 'NONE',  ( -19.22734172585815315, 3.170181789003156503, -0.1000000000000000056 ) ) ;
#8387 = EDGE_CURVE ( 'NONE', #4159, #8054, #1723, .T. ) ;
#8388 = DIRECTION ( 'NONE',  ( -1.000000000000000000, 0.000000000000000000, 0.000000000000000000 ) ) ;
#8389 = VERTEX_POINT ( 'NONE', #1157 ) ;
#8390 = STYLED_ITEM ( 'NONE', ( #6751 ), #4646 ) ;
#8391 = SURFACE_SIDE_STYLE ('',( #7162 ) ) ;
#8392 = CARTESIAN_POINT ( 'NONE',  ( -20.06089635546677030, 2.194117806009693528, -0.1000000000000000056 ) ) ;
#8393 = ORIENTED_EDGE ( 'NONE', *, *, #4201, .F. ) ;
#8394 = EDGE_CURVE ( 'NONE', #7522, #4537, #1873, .T. ) ;
#8395 = CARTESIAN_POINT ( 'NONE',  ( -20.10882291376803366, -3.549840220062409291, 0.000000000000000000 ) ) ;
#8396 = ADVANCED_FACE ( 'NONE', ( #3967 ), #1777, .T. ) ;
#8397 = CARTESIAN_POINT ( 'NONE',  ( -19.04506010937983262, -2.886506913140781894, -0.1000000000000000056 ) ) ;
#8398 = LINE ( 'NONE', #3423, #4310 ) ;
#8399 = DIRECTION ( 'NONE',  ( -0.000000000000000000, -0.000000000000000000, 1.000000000000000000 ) ) ;
#8400 = ORIENTED_EDGE ( 'NONE', *, *, #3871, .T. ) ;
#8401 = CARTESIAN_POINT ( 'NONE',  ( -18.11261954933506857, -0.1841002126675184147, 0.000000000000000000 ) ) ;
#8402 = EDGE_CURVE ( 'NONE', #4322, #1726, #3235, .T. ) ;
#8403 = CARTESIAN_POINT ( 'NONE',  ( -18.91916893147156387, 1.609042923875216413, 0.000000000000000000 ) ) ;
#8404 = CARTESIAN_POINT ( 'NONE',  ( -19.78039099982649773, -4.181582249589816946, -0.1000000000000000056 ) ) ;
#8405 = CARTESIAN_POINT ( 'NONE',  ( -5.080000000000000071, -8.406000000000007688, 3.100000000000000089 ) ) ;
#8406 = CARTESIAN_POINT ( 'NONE',  ( -18.57911321081274991, -3.864980932821430404, 0.000000000000000000 ) ) ;
#8407 = VERTEX_POINT ( 'NONE', #2614 ) ;
#8408 = ORIENTED_EDGE ( 'NONE', *, *, #6877, .F. ) ;
#8409 = SURFACE_STYLE_USAGE ( .BOTH. , #7672 ) ;
#8410 = DIRECTION ( 'NONE',  ( -0.000000000000000000, -0.000000000000000000, 1.000000000000000000 ) ) ;
#8411 = CARTESIAN_POINT ( 'NONE',  ( -18.13306470757481392, 3.195027973866737092, 0.000000000000000000 ) ) ;
#8412 = CARTESIAN_POINT ( 'NONE',  ( -19.63000446066806148, 2.920752780387354086, 2.710505431213761085E-17 ) ) ;
#8413 = CARTESIAN_POINT ( 'NONE',  ( -18.13875162517988571, 1.644597845504147449, -0.1000000000000000056 ) ) ;
#8414 = CARTESIAN_POINT ( 'NONE',  ( -19.20390658096726710, 3.042885245656838933, -0.1000000000000000056 ) ) ;
#8415 = CARTESIAN_POINT ( 'NONE',  ( -18.30521068383675853, 2.425912391017387648, 0.000000000000000000 ) ) ;
#8416 = CARTESIAN_POINT ( 'NONE',  ( -19.32247542135608143, -3.164394048850177388, -0.1000000000000000056 ) ) ;
#8417 = CARTESIAN_POINT ( 'NONE',  ( -19.76193638663392349, -3.698509865551297349, -0.1000000000000000056 ) ) ;
#8418 =( NAMED_UNIT ( * ) SI_UNIT ( $, .STERADIAN. ) SOLID_ANGLE_UNIT ( ) );
#8419 = EDGE_CURVE ( 'NONE', #578, #1210, #465, .T. ) ;
#8420 = CARTESIAN_POINT ( 'NONE',  ( -18.41702743801516107, -1.480653587006073302, -0.1000000000000000056 ) ) ;
#8421 = DIRECTION ( 'NONE',  ( 1.000000000000000000, 0.000000000000000000, 0.000000000000000000 ) ) ;
#8422 = CARTESIAN_POINT ( 'NONE',  ( -19.23712508707344426, -1.783353373743729264, -0.1000000000000000056 ) ) ;
#8423 = B_SPLINE_SURFACE_WITH_KNOTS ( 'NONE', 3, 1, ( 
 ( #1609, #8788 ),
 ( #6004, #3071 ),
 ( #1523, #5249 ),
 ( #6527, #2271 ),
 ( #6572, #7907 ),
 ( #1704, #3029 ),
 ( #4374, #7950 ),
 ( #7408, #3847 ),
 ( #4453, #7230 ),
 ( #130, #2978 ),
 ( #3804, #1569 ) ),
 .UNSPECIFIED., .F., .F., .F.,
 ( 4, 1, 1, 1, 1, 1, 1, 1, 4 ),
 ( 2, 2 ),
 ( 0.000000000000000000, 0.1583368512908818193, 0.2984998071311207313, 0.4235606258555247305, 0.5399428293702756010, 0.6509356980120057923, 0.7619482096710933350, 0.8755333808131989803, 1.000000000000000000 ),
 ( 0.000000000000000000, 1.000000000000000000 ),
 .UNSPECIFIED. ) ;
#8424 = VERTEX_POINT ( 'NONE', #1827 ) ;
#8425 = CARTESIAN_POINT ( 'NONE',  ( -19.76202226110594040, 2.122077727960236970, 0.000000000000000000 ) ) ;
#8426 = CARTESIAN_POINT ( 'NONE',  ( -20.10954794448689142, -0.1398371038543154421, -0.1000000000000000056 ) ) ;
#8427 = B_SPLINE_SURFACE_WITH_KNOTS ( 'NONE', 3, 1, ( 
 ( #417, #4706 ),
 ( #5450, #6918 ),
 ( #3373, #4209 ),
 ( #7698, #707 ),
 ( #6404, #5553 ),
 ( #1305, #3555 ),
 ( #4851, #17 ),
 ( #2910, #2007 ),
 ( #2199, #2104 ),
 ( #2804, #6455 ),
 ( #611, #7115 ),
 ( #660, #1498 ),
 ( #7065, #4894 ),
 ( #757, #5742 ),
 ( #9189, #1401 ) ),
 .UNSPECIFIED., .F., .F., .F.,
 ( 4, 1, 1, 1, 1, 1, 1, 1, 1, 1, 1, 1, 4 ),
 ( 2, 2 ),
 ( 0.000000000000000000, 0.1289937682148104559, 0.2489057897661870467, 0.3614566847417542972, 0.4676939636324345950, 0.5204024143951737624, 0.5758094663195127971, 0.6352030052420981621, 0.6977049570545653667, 0.7651541981758027688, 0.8382126754235744714, 0.9164092787385360594, 1.000000000000000000 ),
 ( 0.000000000000000000, 1.000000000000000000 ),
 .UNSPECIFIED. ) ;
#8428 = DIRECTION ( 'NONE',  ( -0.000000000000000000, -0.000000000000000000, -1.000000000000000000 ) ) ;
#8429 = EDGE_CURVE ( 'NONE', #9039, #6029, #4796, .T. ) ;
#8430 = CARTESIAN_POINT ( 'NONE',  ( -19.08171286345594808, 2.966615987833335133, 0.000000000000000000 ) ) ;
#8431 = FILL_AREA_STYLE ('',( #2799 ) ) ;
#8432 = CARTESIAN_POINT ( 'NONE',  ( -18.21306863851122415, -0.9565403115582894467, 0.000000000000000000 ) ) ;
#8433 = LINE ( 'NONE', #2801, #3042 ) ;
#8434 = CARTESIAN_POINT ( 'NONE',  ( 1.540000000000004032, -8.406000000000007688, 3.100000000000000089 ) ) ;
#8435 = EDGE_LOOP ( 'NONE', ( #8663, #4217, #7566, #4882 ) ) ;
#8436 = CARTESIAN_POINT ( 'NONE',  ( 1.000000000000000444, -8.406000000000007688, 3.100000000000000089 ) ) ;
#8437 = CARTESIAN_POINT ( 'NONE',  ( -19.82765216647192119, 1.938278007507323153, 1.355252715606880543E-17 ) ) ;
#8438 = LINE ( 'NONE', #8753, #6291 ) ;
#8439 = FACE_OUTER_BOUND ( 'NONE', #3500, .T. ) ;
#8440 = CARTESIAN_POINT ( 'NONE',  ( -19.46929144997005068, -2.683893025716146852, -0.1000000000000000056 ) ) ;
#8441 = CARTESIAN_POINT ( 'NONE',  ( -18.94941507333924946, -1.453810732743010092, -0.1000000000000000056 ) ) ;
#8442 = CARTESIAN_POINT ( 'NONE',  ( -4.579999999999999183, -8.406000000000007688, 3.100000000000000089 ) ) ;
#8443 = ORIENTED_EDGE ( 'NONE', *, *, #6028, .F. ) ;
#8444 = CARTESIAN_POINT ( 'NONE',  ( -18.11261954933506857, -0.1841002126675184147, -0.1000000000000000056 ) ) ;
#8445 =( NAMED_UNIT ( * ) SI_UNIT ( $, .STERADIAN. ) SOLID_ANGLE_UNIT ( ) );
#8446 = FACE_OUTER_BOUND ( 'NONE', #1303, .T. ) ;
#8447 = CARTESIAN_POINT ( 'NONE',  ( -19.86892388110170771, 4.142628054940392879, -0.1000000000000000056 ) ) ;
#8448 = ADVANCED_FACE ( 'NONE', ( #508, #4108 ), #1113, .T. ) ;
#8449 = EDGE_LOOP ( 'NONE', ( #8229, #8408, #4721, #3733 ) ) ;
#8450 = VERTEX_POINT ( 'NONE', #6209 ) ;
#8451 = B_SPLINE_CURVE_WITH_KNOTS ( 'NONE', 3,
 ( #6130, #9104, #3336, #2059, #8293, #6267, #6175, #4759, #520, #1265, #4118, #5558, #6969, #3472, #1221, #4069, #2722, #4855, #2574, #7704, #4162, #7024, #4899, #3978, #6831, #8963, #2109 ),
 .UNSPECIFIED., .F., .F.,
 ( 4, 1, 1, 1, 1, 1, 1, 1, 1, 1, 1, 1, 1, 1, 1, 1, 1, 1, 1, 1, 1, 1, 1, 1, 4 ),
 ( 0.000000000000000000, 0.03954210681344171030, 0.07820219236775849403, 0.1161470572547766700, 0.1535530712087758431, 0.1907114202332718944, 0.2277279744460519451, 0.2651078234837029313, 0.3025922226048526897, 0.3405241931359190288, 0.3780477234368809780, 0.4161421649315614757, 0.4547690203548311882, 0.4939382266719140047, 0.5339965628090455052, 0.5752046428828238023, 0.6177445243678719722, 0.6613239180574975729, 0.7057853923806577390, 0.7512760747587184929, 0.7981973511255984199, 0.8460311338199594244, 0.8956568541560698815, 0.9471832004610982736, 1.000000000000000000 ),
 .UNSPECIFIED. ) ;
#8452 = CARTESIAN_POINT ( 'NONE',  ( -19.09046444394791564, 1.605199178059895093, 0.000000000000000000 ) ) ;
#8453 = CARTESIAN_POINT ( 'NONE',  ( -18.69232616300708116, -3.045597334411904722, -0.1000000000000000056 ) ) ;
#8454 = UNCERTAINTY_MEASURE_WITH_UNIT (LENGTH_MEASURE( 1.000000000000000082E-05 ), #2841, 'distance_accuracy_value', 'NONE');
#8455 = DIRECTION ( 'NONE',  ( -0.000000000000000000, -0.000000000000000000, -1.000000000000000000 ) ) ;
#8456 = CARTESIAN_POINT ( 'NONE',  ( -18.10930372309841374, -1.320900150949182894, -0.1000000000000000056 ) ) ;
#8457 = PLANE ( 'NONE',  #8324 ) ;
#8458 = CARTESIAN_POINT ( 'NONE',  ( -19.14780852565607461, 0.8584722728092487598, -0.1000000000000000056 ) ) ;
#8459 = FACE_OUTER_BOUND ( 'NONE', #7625, .T. ) ;
#8460 = CARTESIAN_POINT ( 'NONE',  ( -19.27585837024449233, -3.245712554813257267, -0.1000000000000000056 ) ) ;
#8461 =( GEOMETRIC_REPRESENTATION_CONTEXT ( 3 ) GLOBAL_UNCERTAINTY_ASSIGNED_CONTEXT ( ( #5737 ) ) GLOBAL_UNIT_ASSIGNED_CONTEXT ( ( #3436, #4082, #4724 ) ) REPRESENTATION_CONTEXT ( 'NONE', 'WORKASPACE' ) );
#8462 = CARTESIAN_POINT ( 'NONE',  ( -19.65648994907517277, -3.827441160106387130, -0.1000000000000000056 ) ) ;
#8463 = AXIS2_PLACEMENT_3D ( 'NONE', #7779, #9082, #4937 ) ;
#8464 = EDGE_CURVE ( 'NONE', #2811, #8758, #1256, .T. ) ;
#8465 = DIRECTION ( 'NONE',  ( -1.000000000000000000, 0.000000000000000000, 0.000000000000000000 ) ) ;
#8466 = CARTESIAN_POINT ( 'NONE',  ( -19.61860527553540834, 3.252947920756349198, -0.000000000000000000 ) ) ;
#8467 = CARTESIAN_POINT ( 'NONE',  ( -19.38433374438880108, -3.102661616864247129, -0.1000000000000000056 ) ) ;
#8468 = CARTESIAN_POINT ( 'NONE',  ( -19.85333535332087962, 3.595646158854164387, -0.1000000000000000056 ) ) ;
#8469 = COLOUR_RGB ( '',1.000000000000000000, 0.9607843137254902244, 0.8901960784313724950 ) ;
#8470 = CARTESIAN_POINT ( 'NONE',  ( -18.33827297894534070, -3.493040833765310715, -0.000000000000000000 ) ) ;
#8471 = FILL_AREA_STYLE ('',( #6953 ) ) ;
#8472 = VERTEX_POINT ( 'NONE', #6030 ) ;
#8473 = B_SPLINE_CURVE_WITH_KNOTS ( 'NONE', 3,
 ( #107, #4891, #2951, #5084, #8055, #1727, #4595, #4516, #5879, #5225, #8853 ),
 .UNSPECIFIED., .F., .F.,
 ( 4, 1, 1, 1, 1, 1, 1, 1, 4 ),
 ( 0.000000000000000000, 0.1492661353527153234, 0.2812044032233076973, 0.3971664241197268574, 0.5024552292382663543, 0.6056963999326571146, 0.7199433969517312626, 0.8495487189710294595, 0.9999999999999998890 ),
 .UNSPECIFIED. ) ;
#8474 = CARTESIAN_POINT ( 'NONE',  ( -20.07620572860295738, -2.246644970359644500, -0.1000000000000000056 ) ) ;
#8475 = CARTESIAN_POINT ( 'NONE',  ( -19.10063250833854198, 2.272938895657683034, -0.000000000000000000 ) ) ;
#8476 = CARTESIAN_POINT ( 'NONE',  ( -19.92106255841281026, 0.03706322154890511616, -0.1000000000000000056 ) ) ;
#8477 = CARTESIAN_POINT ( 'NONE',  ( -19.05969679639674297, 2.272925519885498069, -0.1000000000000000056 ) ) ;
#8478 = PRESENTATION_LAYER_ASSIGNMENT (  '', '', ( #1330 ) ) ;
#8479 = CARTESIAN_POINT ( 'NONE',  ( -19.58506729820404857, -3.871507384510238126, -0.1000000000000000056 ) ) ;
#8480 = CARTESIAN_POINT ( 'NONE',  ( -18.49552363815251255, -0.7525811951312546544, 0.000000000000000000 ) ) ;
#8481 = SURFACE_STYLE_USAGE ( .BOTH. , #7158 ) ;
#8482 = FACE_BOUND ( 'NONE', #6544, .T. ) ;
#8483 = ORIENTED_EDGE ( 'NONE', *, *, #1454, .T. ) ;
#8484 = AXIS2_PLACEMENT_3D ( 'NONE', #8607, #5719, #2078 ) ;
#8485 = CARTESIAN_POINT ( 'NONE',  ( -2.999999999999995559, 6.294999999999998153, 5.700000000000000178 ) ) ;
#8486 = ADVANCED_FACE ( 'NONE', ( #1345 ), #6603, .T. ) ;
#8487 = CARTESIAN_POINT ( 'NONE',  ( -18.54627209909214258, -3.864245750441775762, -0.1000000000000000056 ) ) ;
#8488 = SURFACE_STYLE_USAGE ( .BOTH. , #4212 ) ;
#8489 = AXIS2_PLACEMENT_3D ( 'NONE', #9113, #7128, #2923 ) ;
#8490 = CARTESIAN_POINT ( 'NONE',  ( -19.83471580746224916, -2.801693080352995135, 0.000000000000000000 ) ) ;
#8491 = CARTESIAN_POINT ( 'NONE',  ( -19.46845898600781055, 3.083618670278870155, -0.1000000000000000056 ) ) ;
#8492 = CARTESIAN_POINT ( 'NONE',  ( -18.95442381360734174, -1.583930288950602616, 1.355252715606880543E-17 ) ) ;
#8493 = CARTESIAN_POINT ( 'NONE',  ( -18.26298426765803740, 4.248159624735512452, 0.000000000000000000 ) ) ;
#8494 = ORIENTED_EDGE ( 'NONE', *, *, #378, .F. ) ;
#8495 = CARTESIAN_POINT ( 'NONE',  ( -19.22987457369818998, 3.124456411348942808, -0.000000000000000000 ) ) ;
#8496 = CARTESIAN_POINT ( 'NONE',  ( -18.54246652145182495, 1.675985409412564575, -0.1000000000000000056 ) ) ;
#8497 = AXIS2_PLACEMENT_3D ( 'NONE', #7580, #5529, #2641 ) ;
#8498 = CARTESIAN_POINT ( 'NONE',  ( -18.37387809080423295, 0.9740286194109770701, 0.000000000000000000 ) ) ;
#8499 = ADVANCED_FACE ( 'NONE', ( #2847 ), #5171, .T. ) ;
#8500 = CARTESIAN_POINT ( 'NONE',  ( -20.10480034263578730, 3.695108081985210902, -0.1000000000000000056 ) ) ;
#8501 = CARTESIAN_POINT ( 'NONE',  ( -4.079999999999998295, -8.406000000000007688, 0.000000000000000000 ) ) ;
#8502 = ORIENTED_EDGE ( 'NONE', *, *, #7573, .T. ) ;
#8503 = VERTEX_POINT ( 'NONE', #7828 ) ;
#8504 = CARTESIAN_POINT ( 'NONE',  ( -19.82711619452485863, 1.908183520770096120, 0.000000000000000000 ) ) ;
#8505 = B_SPLINE_SURFACE_WITH_KNOTS ( 'NONE', 3, 1, ( 
 ( #4472, #2378 ),
 ( #8097, #6725 ),
 ( #3181, #6021 ),
 ( #4839, #3318 ),
 ( #1247, #407 ),
 ( #6952, #5392 ),
 ( #2651, #8186 ),
 ( #3362, #7640 ),
 ( #4145, #6244 ),
 ( #1951, #4098 ),
 ( #1821, #1201 ) ),
 .UNSPECIFIED., .F., .F., .F.,
 ( 4, 1, 1, 1, 1, 1, 1, 1, 4 ),
 ( 2, 2 ),
 ( 0.000000000000000000, 0.1214975217877459213, 0.2369420107628985583, 0.3501745078323858507, 0.4656189968075398755, 0.5862375210488441901, 0.7135126164354747003, 0.8499683097631539619, 1.000000000000000000 ),
 ( 0.000000000000000000, 1.000000000000000000 ),
 .UNSPECIFIED. ) ;
#8506 = MECHANICAL_DESIGN_GEOMETRIC_PRESENTATION_REPRESENTATION (  '', ( #463 ), #1950 ) ;
#8507 = CARTESIAN_POINT ( 'NONE',  ( -20.11016722181046390, -2.130901908874511808, 0.000000000000000000 ) ) ;
#8508 = B_SPLINE_CURVE_WITH_KNOTS ( 'NONE', 3,
 ( #3504, #4292, #57, #2798, #5636, #9089, #749, #3598, #1490, #8039, #3641 ),
 .UNSPECIFIED., .F., .F.,
 ( 4, 1, 1, 1, 1, 1, 1, 1, 4 ),
 ( 0.000000000000000000, 0.1205231893822574368, 0.2336169200679117930, 0.3418387066134612184, 0.4525090865988544153, 0.5689143779988100613, 0.6960237924780650065, 0.8376254091569507176, 1.000000000000000000 ),
 .UNSPECIFIED. ) ;
#8509 = DIRECTION ( 'NONE',  ( 0.000000000000000000, 0.000000000000000000, 1.000000000000000000 ) ) ;
#8510 = DIRECTION ( 'NONE',  ( 0.000000000000000000, 0.000000000000000000, 1.000000000000000000 ) ) ;
#8511 = EDGE_CURVE ( 'NONE', #3425, #4322, #8508, .T. ) ;
#8512 = CARTESIAN_POINT ( 'NONE',  ( -20.10369538454544625, 1.841654894363345951, -0.1000000000000000056 ) ) ;
#8513 = CARTESIAN_POINT ( 'NONE',  ( -18.90305743990942133, 0.03852478027343772538, -0.1000000000000000056 ) ) ;
#8514 = CARTESIAN_POINT ( 'NONE',  ( -18.35673136128233907, 2.464235634271176867, -0.1000000000000000056 ) ) ;
#8515 = CARTESIAN_POINT ( 'NONE',  ( -19.49649460060810213, -3.069862799488131344, -0.1000000000000000056 ) ) ;
#8516 = CARTESIAN_POINT ( 'NONE',  ( -19.71499736501611721, -3.772135305086711021, -0.1000000000000000056 ) ) ;
#8517 = CARTESIAN_POINT ( 'NONE',  ( -20.01536704923873700, 3.184968357463018762, 0.000000000000000000 ) ) ;
#8518 = CARTESIAN_POINT ( 'NONE',  ( -18.41512428454094774, -1.525457961121879702, -0.1000000000000000056 ) ) ;
#8519 = CARTESIAN_POINT ( 'NONE',  ( -19.22470592051654492, -3.410023046466255092, 1.355252715606880543E-17 ) ) ;
#8520 = CARTESIAN_POINT ( 'NONE',  ( -19.79275891067561233, -3.602341132604112151, 0.000000000000000000 ) ) ;
#8521 = CARTESIAN_POINT ( 'NONE',  ( -18.36395225005395559, -3.327916675301923810, 0.000000000000000000 ) ) ;
#8522 = EDGE_CURVE ( 'NONE', #2125, #1791, #4682, .T. ) ;
#8523 = CARTESIAN_POINT ( 'NONE',  ( -20.10971609918597380, 1.986944655052615083, -0.1000000000000000056 ) ) ;
#8524 = ORIENTED_EDGE ( 'NONE', *, *, #3571, .T. ) ;
#8525 = CARTESIAN_POINT ( 'NONE',  ( -18.35127022245133332, -2.324328409830729303, -0.1000000000000000056 ) ) ;
#8526 = CARTESIAN_POINT ( 'NONE',  ( -18.35673136128233907, 2.464235634271176867, -0.1000000000000000056 ) ) ;
#8527 = CARTESIAN_POINT ( 'NONE',  ( -20.10834142493986221, -0.1136145217114270800, -0.1000000000000000056 ) ) ;
#8528 = CARTESIAN_POINT ( 'NONE',  ( -19.22861314458832283, 3.103091687465670212, 0.000000000000000000 ) ) ;
#8529 = MECHANICAL_DESIGN_GEOMETRIC_PRESENTATION_REPRESENTATION (  '', ( #210 ), #3773 ) ;
#8530 = FACE_OUTER_BOUND ( 'NONE', #6640, .T. ) ;
#8531 = CARTESIAN_POINT ( 'NONE',  ( -18.63296511256474375, -0.7324759085832257544, 0.000000000000000000 ) ) ;
#8532 = LINE ( 'NONE', #1258, #2984 ) ;
#8533 = VERTEX_POINT ( 'NONE', #3213 ) ;
#8534 = DIRECTION ( 'NONE',  ( 0.000000000000000000, -1.000000000000000000, 0.000000000000000000 ) ) ;
#8535 = CARTESIAN_POINT ( 'NONE',  ( -18.56180507150510550, -3.864961487267507767, -0.1000000000000000056 ) ) ;
#8536 = VECTOR ( 'NONE', #3903, 1000.000000000000000 ) ;
#8537 = CARTESIAN_POINT ( 'NONE',  ( -19.92984277577064844, -2.892296508049057024, -0.1000000000000000056 ) ) ;
#8538 = CARTESIAN_POINT ( 'NONE',  ( -19.58889545610912108, 3.238986016978368188, -0.1000000000000000056 ) ) ;
#8539 = CARTESIAN_POINT ( 'NONE',  ( -18.87432158363005641, -1.222486006737192321, -0.1000000000000000056 ) ) ;
#8540 = SURFACE_STYLE_USAGE ( .BOTH. , #7122 ) ;
#8541 = VERTEX_POINT ( 'NONE', #3168 ) ;
#8542 = PLANE ( 'NONE',  #7790 ) ;
#8543 = CARTESIAN_POINT ( 'NONE',  ( -18.54246652145182495, 1.675985409412564575, 0.000000000000000000 ) ) ;
#8544 = CARTESIAN_POINT ( 'NONE',  ( -18.26017516909643490, 1.020505377451578877, 0.000000000000000000 ) ) ;
#8545 = CYLINDRICAL_SURFACE ( 'NONE', #8565, 1.000000000000000444 ) ;
#8546 = CARTESIAN_POINT ( 'NONE',  ( -18.57911321081274991, -3.864980932821430404, -0.1000000000000000056 ) ) ;
#8547 = EDGE_LOOP ( 'NONE', ( #6170, #7795, #7540, #4597 ) ) ;
#8548 = VECTOR ( 'NONE', #7570, 1000.000000000000000 ) ;
#8549 = ORIENTED_EDGE ( 'NONE', *, *, #8870, .T. ) ;
#8550 = DIRECTION ( 'NONE',  ( 1.000000000000000000, 0.000000000000000000, 0.000000000000000000 ) ) ;
#8551 = SURFACE_STYLE_USAGE ( .BOTH. , #34 ) ;
#8552 = UNCERTAINTY_MEASURE_WITH_UNIT (LENGTH_MEASURE( 1.000000000000000082E-05 ), #7216, 'distance_accuracy_value', 'NONE');
#8553 = ADVANCED_FACE ( 'NONE', ( #3255 ), #2785, .T. ) ;
#8554 = CARTESIAN_POINT ( 'NONE',  ( -18.42182099812873375, -1.403777985227941061, 0.000000000000000000 ) ) ;
#8555 = CARTESIAN_POINT ( 'NONE',  ( 5.499999999999997335, 8.572527594031476148E-16, 15.50000000000000000 ) ) ;
#8556 = CARTESIAN_POINT ( 'NONE',  ( -20.02019709781182399, 1.612285152700691393, 0.000000000000000000 ) ) ;
#8557 = ORIENTED_EDGE ( 'NONE', *, *, #3818, .F. ) ;
#8558 = VECTOR ( 'NONE', #6744, 1000.000000000000000 ) ;
#8559 = DIRECTION ( 'NONE',  ( 0.000000000000000000, 0.000000000000000000, 1.000000000000000000 ) ) ;
#8560 = EDGE_LOOP ( 'NONE', ( #8144, #4173, #8183, #3456, #6549, #2171, #7442, #3381, #4521, #1677, #2127, #483, #3084, #7661, #52, #1664, #3700, #5457, #2334 ) ) ;
#8561 = CARTESIAN_POINT ( 'NONE',  ( -19.77026629585628115, 2.509327615102131315, -0.1000000000000000056 ) ) ;
#8562 = AXIS2_PLACEMENT_3D ( 'NONE', #3154, #8828, #2624 ) ;
#8563 = CARTESIAN_POINT ( 'NONE',  ( -18.81030129910326920, 3.425128391739745037, 0.000000000000000000 ) ) ;
#8564 = CARTESIAN_POINT ( 'NONE',  ( -19.07346962343978802, 2.632238338379849996, -0.1000000000000000056 ) ) ;
#8565 = AXIS2_PLACEMENT_3D ( 'NONE', #3196, #8110, #6609 ) ;
#8566 = CARTESIAN_POINT ( 'NONE',  ( -18.08148919675925725, 1.912047460668984789, -0.000000000000000000 ) ) ;
#8567 = ORIENTED_EDGE ( 'NONE', *, *, #862, .T. ) ;
#8568 = CARTESIAN_POINT ( 'NONE',  ( -20.02019709781182399, 1.612285152700691393, -0.1000000000000000056 ) ) ;
#8569 = CARTESIAN_POINT ( 'NONE',  ( -19.25785423172354172, -3.293840183780594622, -0.1000000000000000056 ) ) ;
#8570 = CARTESIAN_POINT ( 'NONE',  ( -19.49898763476416264, -3.911067797342937968, 0.000000000000000000 ) ) ;
#8571 = CARTESIAN_POINT ( 'NONE',  ( -19.86697954633439167, -2.324328409830729303, 0.000000000000000000 ) ) ;
#8572 = CARTESIAN_POINT ( 'NONE',  ( -19.07962934949600964, 2.272962036132811559, 0.000000000000000000 ) ) ;
#8573 = AXIS2_PLACEMENT_3D ( 'NONE', #8723, #3009, #5886 ) ;
#8574 = CARTESIAN_POINT ( 'NONE',  ( -20.08866384834395546, -0.7901252595772652043, 0.000000000000000000 ) ) ;
#8575 = EDGE_CURVE ( 'NONE', #4517, #5652, #8126, .T. ) ;
#8576 = CARTESIAN_POINT ( 'NONE',  ( -19.04570617547842915, 3.465480838609803271, -0.1000000000000000056 ) ) ;
#8577 = CARTESIAN_POINT ( 'NONE',  ( -19.79275891067561233, -3.602341132604112151, 0.000000000000000000 ) ) ;
#8578 = EDGE_CURVE ( 'NONE', #669, #294, #943, .T. ) ;
#8579 = MECHANICAL_DESIGN_GEOMETRIC_PRESENTATION_REPRESENTATION (  '', ( #1279 ), #1799 ) ;
#8580 = CARTESIAN_POINT ( 'NONE',  ( -18.70890289826942876, -2.872979724112291855, 0.000000000000000000 ) ) ;
#8581 = CARTESIAN_POINT ( 'NONE',  ( -19.82765216647192119, 1.938278007507323153, -0.1000000000000000056 ) ) ;
#8582 = CARTESIAN_POINT ( 'NONE',  ( -18.41507688977921475, 4.052325325012205326, -0.1000000000000000056 ) ) ;
#8583 = ORIENTED_EDGE ( 'NONE', *, *, #2695, .T. ) ;
#8584 = DIRECTION ( 'NONE',  ( -1.000000000000000000, 0.000000000000000000, 0.000000000000000000 ) ) ;
#8585 = CARTESIAN_POINT ( 'NONE',  ( -19.45514201560898115, 3.941830654990515992, -0.000000000000000000 ) ) ;
#8586 = CARTESIAN_POINT ( 'NONE',  ( -19.86497304736181491, 0.03852478027343772538, 0.000000000000000000 ) ) ;
#8587 = ORIENTED_EDGE ( 'NONE', *, *, #5958, .F. ) ;
#8588 = CARTESIAN_POINT ( 'NONE',  ( -18.84054226173129720, -3.443308216304977964, -0.1000000000000000056 ) ) ;
#8589 = CARTESIAN_POINT ( 'NONE',  ( -19.12939052401586792, 1.245634562174478210, 0.000000000000000000 ) ) ;
#8590 = CARTESIAN_POINT ( 'NONE',  ( -19.89495583477100737, -0.7081227090925910073, 0.000000000000000000 ) ) ;
#8591 = CARTESIAN_POINT ( 'NONE',  ( -18.39289103885029775, 4.170511211006792784, 0.000000000000000000 ) ) ;
#8592 = SURFACE_SIDE_STYLE ('',( #2866 ) ) ;
#8593 = CARTESIAN_POINT ( 'NONE',  ( -19.09046444394791564, 1.605199178059895093, 0.000000000000000000 ) ) ;
#8594 = CARTESIAN_POINT ( 'NONE',  ( -18.35043340456985206, 0.9947142086122785498, -0.1000000000000000056 ) ) ;
#8595 = B_SPLINE_CURVE_WITH_KNOTS ( 'NONE', 3,
 ( #779, #6381, #7091, #9166, #684, #7720, #2786, #7043, #2128, #5622, #8561 ),
 .UNSPECIFIED., .F., .F.,
 ( 4, 1, 1, 1, 1, 1, 1, 1, 4 ),
 ( 0.000000000000000000, 0.1552804412543558332, 0.2995415886338245737, 0.4324427896539456695, 0.5547892922039798780, 0.6700135071063055836, 0.7827907858096015969, 0.8918985861569906914, 1.000000000000000000 ),
 .UNSPECIFIED. ) ;
#8596 = DIRECTION ( 'NONE',  ( 0.000000000000000000, 0.000000000000000000, -1.000000000000000000 ) ) ;
#8597 = CARTESIAN_POINT ( 'NONE',  ( -18.80545494119295569, -3.582429304061712561, 0.000000000000000000 ) ) ;
#8598 = EDGE_LOOP ( 'NONE', ( #8232, #5329, #7905, #3942 ) ) ;
#8599 = ORIENTED_EDGE ( 'NONE', *, *, #6060, .F. ) ;
#8600 = SURFACE_STYLE_FILL_AREA ( #1419 ) ;
#8601 = DIRECTION ( 'NONE',  ( 1.000000000000000000, -0.000000000000000000, 0.000000000000000000 ) ) ;
#8602 = CARTESIAN_POINT ( 'NONE',  ( -18.27115050847773503, 3.104408831485544251, -0.1000000000000000056 ) ) ;
#8603 = CARTESIAN_POINT ( 'NONE',  ( -19.11714069000406369, -1.016954234830025783, 0.000000000000000000 ) ) ;
#8604 = CARTESIAN_POINT ( 'NONE',  ( -19.71632692653898644, 1.345111161223359719, -0.1000000000000000056 ) ) ;
#8605 = ORIENTED_EDGE ( 'NONE', *, *, #4141, .F. ) ;
#8606 = FILL_AREA_STYLE ('',( #5765 ) ) ;
#8607 = CARTESIAN_POINT ( 'NONE',  ( 12.50000000000000000, 0.000000000000000000, 16.00000000000000000 ) ) ;
#8608 = CARTESIAN_POINT ( 'NONE',  ( -19.76431068597936758, 1.369821714187586359, 0.000000000000000000 ) ) ;
#8609 = EDGE_CURVE ( 'NONE', #5390, #8611, #7504, .T. ) ;
#8610 = CARTESIAN_POINT ( 'NONE',  ( -18.31231436618611497, 1.429638291497783875, 0.000000000000000000 ) ) ;
#8611 = VERTEX_POINT ( 'NONE', #1007 ) ;
#8612 = FACE_OUTER_BOUND ( 'NONE', #3074, .T. ) ;
#8613 = FILL_AREA_STYLE ('',( #3635 ) ) ;
#8614 = CARTESIAN_POINT ( 'NONE',  ( -19.33939340584999655, -4.100293962820781957, -0.1000000000000000056 ) ) ;
#8615 = CARTESIAN_POINT ( 'NONE',  ( -18.26298426765803740, 4.248159624735512452, 0.000000000000000000 ) ) ;
#8616 = MECHANICAL_DESIGN_GEOMETRIC_PRESENTATION_REPRESENTATION (  '', ( #5038 ), #139 ) ;
#8617 = CARTESIAN_POINT ( 'NONE',  ( -20.10784737161238667, -2.173293635727515660, -0.1000000000000000056 ) ) ;
#8618 = FACE_BOUND ( 'NONE', #7264, .T. ) ;
#8619 = EDGE_CURVE ( 'NONE', #1496, #5783, #3510, .T. ) ;
#8620 = CARTESIAN_POINT ( 'NONE',  ( -19.03162877328925973, 3.583181318453787512, -0.1000000000000000056 ) ) ;
#8621 =( GEOMETRIC_REPRESENTATION_CONTEXT ( 3 ) GLOBAL_UNCERTAINTY_ASSIGNED_CONTEXT ( ( #7336 ) ) GLOBAL_UNIT_ASSIGNED_CONTEXT ( ( #6280, #6982, #1892 ) ) REPRESENTATION_CONTEXT ( 'NONE', 'WORKASPACE' ) );
#8622 = CARTESIAN_POINT ( 'NONE',  ( -19.80178666477020499, -3.468289638673932362, -0.000000000000000000 ) ) ;
#8623 = UNCERTAINTY_MEASURE_WITH_UNIT (LENGTH_MEASURE( 1.000000000000000082E-05 ), #7289, 'distance_accuracy_value', 'NONE');
#8624 = COLOUR_RGB ( '',1.000000000000000000, 0.9607843137254902244, 0.8901960784313724950 ) ;
#8625 = PRESENTATION_LAYER_ASSIGNMENT (  '', '', ( #582 ) ) ;
#8626 = LINE ( 'NONE', #4386, #3889 ) ;
#8627 = CARTESIAN_POINT ( 'NONE',  ( -18.59788592611133140, -0.7334783503562773976, 0.000000000000000000 ) ) ;
#8628 = EDGE_CURVE ( 'NONE', #8076, #1103, #7579, .T. ) ;
#8629 = CARTESIAN_POINT ( 'NONE',  ( -19.73481591685363057, 2.148329389107063836, -0.1000000000000000056 ) ) ;
#8630 = CARTESIAN_POINT ( 'NONE',  ( -20.06266029450879174, -0.7510142499173804165, -0.1000000000000000056 ) ) ;
#8631 = ORIENTED_EDGE ( 'NONE', *, *, #6776, .F. ) ;
#8632 = CARTESIAN_POINT ( 'NONE',  ( -19.05639804398763459, 3.733667052357189764, -0.1000000000000000056 ) ) ;
#8633 =( NAMED_UNIT ( * ) PLANE_ANGLE_UNIT ( ) SI_UNIT ( $, .RADIAN. ) );
#8634 = CARTESIAN_POINT ( 'NONE',  ( -19.97211812172104217, 0.02722968101287282644, 0.000000000000000000 ) ) ;
#8635 = EDGE_LOOP ( 'NONE', ( #5976, #3339, #2889, #1734 ) ) ;
#8636 = CARTESIAN_POINT ( 'NONE',  ( -19.26531848616861353, 1.609439051610472848, -0.1000000000000000056 ) ) ;
#8637 = CARTESIAN_POINT ( 'NONE',  ( -18.59787795294857915, -3.864314462756790913, -0.1000000000000000056 ) ) ;
#8638 = CARTESIAN_POINT ( 'NONE',  ( -19.78039099982649773, -4.181582249589816946, 0.000000000000000000 ) ) ;
#8639 = VECTOR ( 'NONE', #7368, 1000.000000000000000 ) ;
#8640 = CARTESIAN_POINT ( 'NONE',  ( -19.81140289357765027, -0.7401537671204410085, -0.1000000000000000056 ) ) ;
#8641 = CARTESIAN_POINT ( 'NONE',  ( -19.07346962343978802, 2.632238338379849996, -0.1000000000000000056 ) ) ;
#8642 = VECTOR ( 'NONE', #7788, 1000.000000000000000 ) ;
#8643 = CARTESIAN_POINT ( 'NONE',  ( -19.22861314458832283, 3.103091687465670212, 0.000000000000000000 ) ) ;
#8644 = CARTESIAN_POINT ( 'NONE',  ( -4.999999999999995559, 8.294999999999998153, 5.700000000000000178 ) ) ;
#8645 = CARTESIAN_POINT ( 'NONE',  ( -19.71953124170191174, -3.184397308317086672, -0.1000000000000000056 ) ) ;
#8646 = SURFACE_SIDE_STYLE ('',( #2967 ) ) ;
#8647 = VECTOR ( 'NONE', #1080, 1000.000000000000000 ) ;
#8648 = VERTEX_POINT ( 'NONE', #8260 ) ;
#8649 = AXIS2_PLACEMENT_3D ( 'NONE', #858, #6610, #5101 ) ;
#8650 = SURFACE_STYLE_USAGE ( .BOTH. , #4404 ) ;
#8651 = CARTESIAN_POINT ( 'NONE',  ( -19.56273197639652750, 2.930058214934319505, -0.1000000000000000056 ) ) ;
#8652 = CARTESIAN_POINT ( 'NONE',  ( -18.41507688977921475, -1.573095194498698168, 0.000000000000000000 ) ) ;
#8653 = CARTESIAN_POINT ( 'NONE',  ( -19.85694705147151495, -1.173801898956299050, -0.1000000000000000056 ) ) ;
#8654 = AXIS2_PLACEMENT_3D ( 'NONE', #4416, #3674, #8746 ) ;
#8655 = CARTESIAN_POINT ( 'NONE',  ( -20.05038087878489605, -0.01361802202761991029, -0.1000000000000000056 ) ) ;
#8656 = ORIENTED_EDGE ( 'NONE', *, *, #3673, .T. ) ;
#8657 = SURFACE_STYLE_FILL_AREA ( #2270 ) ;
#8658 = VECTOR ( 'NONE', #5909, 1000.000000000000000 ) ;
#8659 =( NAMED_UNIT ( * ) PLANE_ANGLE_UNIT ( ) SI_UNIT ( $, .RADIAN. ) );
#8660 = CARTESIAN_POINT ( 'NONE',  ( -19.46929144997005423, -2.683893025716147296, 0.000000000000000000 ) ) ;
#8661 = LINE ( 'NONE', #781, #2974 ) ;
#8662 = PRESENTATION_LAYER_ASSIGNMENT (  '', '', ( #463 ) ) ;
#8663 = ORIENTED_EDGE ( 'NONE', *, *, #5934, .F. ) ;
#8664 = LINE ( 'NONE', #2275, #9063 ) ;
#8665 = ORIENTED_EDGE ( 'NONE', *, *, #8739, .F. ) ;
#8666 = CARTESIAN_POINT ( 'NONE',  ( -1.539999999999999591, -8.406000000000007688, 0.000000000000000000 ) ) ;
#8667 = EDGE_CURVE ( 'NONE', #4819, #9079, #3722, .T. ) ;
#8668 = CARTESIAN_POINT ( 'NONE',  ( -18.42445239319404138, 2.119130011960311588, -0.1000000000000000056 ) ) ;
#8669 = CARTESIAN_POINT ( 'NONE',  ( -19.05639804398763459, 3.733667052357189764, 0.000000000000000000 ) ) ;
#8670 = CARTESIAN_POINT ( 'NONE',  ( -18.10687864759171362, -2.082745933532715199, -0.1000000000000000056 ) ) ;
#8671 = CARTESIAN_POINT ( 'NONE',  ( -20.01341006449763782, -2.297766017244464720, -0.1000000000000000056 ) ) ;
#8672 = MECHANICAL_DESIGN_GEOMETRIC_PRESENTATION_REPRESENTATION (  '', ( #8809 ), #3169 ) ;
#8673 = FACE_OUTER_BOUND ( 'NONE', #8598, .T. ) ;
#8674 = SURFACE_STYLE_FILL_AREA ( #5872 ) ;
#8675 = EDGE_CURVE ( 'NONE', #6068, #4266, #4095, .T. ) ;
#8676 = CARTESIAN_POINT ( 'NONE',  ( -18.24212404777031793, 1.492384979735884132, -0.1000000000000000056 ) ) ;
#8677 = SURFACE_SIDE_STYLE ('',( #1583 ) ) ;
#8678 = CARTESIAN_POINT ( 'NONE',  ( -3.040000000000000480, -8.406000000000007688, 3.100000000000000089 ) ) ;
#8679 = VERTEX_POINT ( 'NONE', #7715 ) ;
#8680 = CARTESIAN_POINT ( 'NONE',  ( -19.49898763476416264, -3.911067797342937968, -0.1000000000000000056 ) ) ;
#8681 = CARTESIAN_POINT ( 'NONE',  ( -18.84937216084243872, 3.347416978438999102, -0.1000000000000000056 ) ) ;
#8682 = CARTESIAN_POINT ( 'NONE',  ( -19.79434835064360598, 2.078281145801886165, 1.355252715606880543E-17 ) ) ;
#8683 = ORIENTED_EDGE ( 'NONE', *, *, #1111, .F. ) ;
#8684 = DIRECTION ( 'NONE',  ( 1.000000000000000000, 0.000000000000000000, 0.000000000000000000 ) ) ;
#8685 = FILL_AREA_STYLE ('',( #5839 ) ) ;
#8686 = DIRECTION ( 'NONE',  ( -0.000000000000000000, -0.000000000000000000, -1.000000000000000000 ) ) ;
#8687 = CARTESIAN_POINT ( 'NONE',  ( -18.32514041218205847, 4.236965642672266164, 0.000000000000000000 ) ) ;
#8688 = DIRECTION ( 'NONE',  ( -1.000000000000000000, 0.000000000000000000, 0.000000000000000000 ) ) ;
#8689 = CARTESIAN_POINT ( 'NONE',  ( -18.05600824963104145, -3.447276945489225586, 0.000000000000000000 ) ) ;
#8690 = AXIS2_PLACEMENT_3D ( 'NONE', #5402, #4748, #4251 ) ;
#8691 = DIRECTION ( 'NONE',  ( -0.000000000000000000, -0.000000000000000000, 1.000000000000000000 ) ) ;
#8692 = PRESENTATION_STYLE_ASSIGNMENT (( #5846 ) ) ;
#8693 = VERTEX_POINT ( 'NONE', #7628 ) ;
#8694 = CARTESIAN_POINT ( 'NONE',  ( -2.540000000000000036, -8.406000000000007688, 3.100000000000000089 ) ) ;
#8695 = CARTESIAN_POINT ( 'NONE',  ( -19.92531867118307431, -0.6991694752234125509, 0.000000000000000000 ) ) ;
#8696 = CARTESIAN_POINT ( 'NONE',  ( -18.70363959257612052, -0.7330260731315412226, 0.000000000000000000 ) ) ;
#8697 = CARTESIAN_POINT ( 'NONE',  ( -20.04463625051677056, 1.655282106254094554, 0.000000000000000000 ) ) ;
#8698 = ORIENTED_EDGE ( 'NONE', *, *, #2539, .F. ) ;
#8699 = DIRECTION ( 'NONE',  ( -0.000000000000000000, -0.000000000000000000, 1.000000000000000000 ) ) ;
#8700 = CARTESIAN_POINT ( 'NONE',  ( -19.36777474363793417, -4.188124338826548332, -0.1000000000000000056 ) ) ;
#8701 = CARTESIAN_POINT ( 'NONE',  ( -20.10386033204714096, -3.619166230999047773, 0.000000000000000000 ) ) ;
#8702 = CARTESIAN_POINT ( 'NONE',  ( -5.080000000000000071, -8.406000000000007688, 0.000000000000000000 ) ) ;
#8703 = ORIENTED_EDGE ( 'NONE', *, *, #5924, .T. ) ;
#8704 = CARTESIAN_POINT ( 'NONE',  ( -18.13875162517988571, 1.644597845504147449, 0.000000000000000000 ) ) ;
#8705 = CARTESIAN_POINT ( 'NONE',  ( -20.10971819592883847, 1.925559497856180968, -0.1000000000000000056 ) ) ;
#8706 = VECTOR ( 'NONE', #3766, 1000.000000000000000 ) ;
#8707 =( NAMED_UNIT ( * ) PLANE_ANGLE_UNIT ( ) SI_UNIT ( $, .RADIAN. ) );
#8708 = CARTESIAN_POINT ( 'NONE',  ( -19.49336146244487011, 3.940778382853146411, -0.1000000000000000056 ) ) ;
#8709 = CARTESIAN_POINT ( 'NONE',  ( -19.15507937647404901, 1.245840525782203390, -0.1000000000000000056 ) ) ;
#8710 = LINE ( 'NONE', #192, #1767 ) ;
#8711 = CARTESIAN_POINT ( 'NONE',  ( -18.66537184176503672, -2.817096845973401820, -0.1000000000000000056 ) ) ;
#8712 = CARTESIAN_POINT ( 'NONE',  ( -18.10765966070774269, -0.1486329240148341890, -0.1000000000000000056 ) ) ;
#8713 = FILL_AREA_STYLE ('',( #5222 ) ) ;
#8714 = ORIENTED_EDGE ( 'NONE', *, *, #3904, .F. ) ;
#8715 = CYLINDRICAL_SURFACE ( 'NONE', #2294, 0.5000000000000013323 ) ;
#8716 = PRESENTATION_STYLE_ASSIGNMENT (( #3777 ) ) ;
#8717 = ORIENTED_EDGE ( 'NONE', *, *, #3393, .T. ) ;
#8718 = CARTESIAN_POINT ( 'NONE',  ( -20.09841602443135145, 3.421904449256055969, -0.1000000000000000056 ) ) ;
#8719 =( NAMED_UNIT ( * ) SI_UNIT ( $, .STERADIAN. ) SOLID_ANGLE_UNIT ( ) );
#8720 = EDGE_CURVE ( 'NONE', #8541, #7123, #1183, .T. ) ;
#8721 = EDGE_LOOP ( 'NONE', ( #4530, #2438 ) ) ;
#8722 = CARTESIAN_POINT ( 'NONE',  ( -18.76324503603567351, -4.204110896737042857, -0.1000000000000000056 ) ) ;
#8723 = CARTESIAN_POINT ( 'NONE',  ( 0.000000000000000000, 0.000000000000000000, 0.000000000000000000 ) ) ;
#8724 = CARTESIAN_POINT ( 'NONE',  ( -18.41507688977921475, 0.03852478027343772538, -0.1000000000000000056 ) ) ;
#8725 = CARTESIAN_POINT ( 'NONE',  ( -19.25995938937284535, -1.133796288956432363, 0.000000000000000000 ) ) ;
#8726 = CARTESIAN_POINT ( 'NONE',  ( -19.20766442248596562, -3.480218562374956637, 0.000000000000000000 ) ) ;
#8727 = CARTESIAN_POINT ( 'NONE',  ( -18.53626942772273622, -2.768165982564291028, 0.000000000000000000 ) ) ;
#8728 = CARTESIAN_POINT ( 'NONE',  ( -19.52243069679823151, -3.069354279737747326, -0.1000000000000000056 ) ) ;
#8729 = LINE ( 'NONE', #4488, #5290 ) ;
#8730 = CARTESIAN_POINT ( 'NONE',  ( -19.31629957267346853, 3.931840156818431353, 0.000000000000000000 ) ) ;
#8731 = ORIENTED_EDGE ( 'NONE', *, *, #472, .T. ) ;
#8732 = CARTESIAN_POINT ( 'NONE',  ( -18.54246652145182495, 1.675985409412564575, 0.000000000000000000 ) ) ;
#8733 = CARTESIAN_POINT ( 'NONE',  ( -18.10746429374936994, -2.102600255962761455, -0.1000000000000000056 ) ) ;
#8734 = CARTESIAN_POINT ( 'NONE',  ( 12.50000000000000000, 0.000000000000000000, 15.50000000000000000 ) ) ;
#8735 = CARTESIAN_POINT ( 'NONE',  ( -19.41576115847787420, 1.621990873057695293, 1.355252715606880543E-17 ) ) ;
#8736 = CARTESIAN_POINT ( 'NONE',  ( -4.079999999999998295, -8.406000000000007688, 3.000000000000000000 ) ) ;
#8737 = EDGE_LOOP ( 'NONE', ( #872, #8277, #5500, #5571 ) ) ;
#8738 = B_SPLINE_CURVE_WITH_KNOTS ( 'NONE', 3,
 ( #1271, #4124, #6273, #2728, #5564, #8404, #2019, #4861, #1083, #3939, #28 ),
 .UNSPECIFIED., .F., .F.,
 ( 4, 1, 1, 1, 1, 1, 1, 1, 4 ),
 ( 0.000000000000000000, 0.1310432858292828184, 0.2602794438147880141, 0.3915179713767431569, 0.5246504431444306560, 0.6543480556673345605, 0.7755705844254063841, 0.8901494005975469914, 1.000000000000000000 ),
 .UNSPECIFIED. ) ;
#8739 = EDGE_CURVE ( 'NONE', #6525, #8389, #3303, .T. ) ;
#8740 = B_SPLINE_SURFACE_WITH_KNOTS ( 'NONE', 3, 1, ( 
 ( #2067, #4219 ),
 ( #7888, #5796 ),
 ( #7172, #3523 ),
 ( #4363, #2965 ),
 ( #6368, #77 ),
 ( #9200, #2920 ),
 ( #5656, #7218 ),
 ( #2114, #4954 ),
 ( #1412, #4263 ),
 ( #8645, #7126 ),
 ( #718, #2868 ),
 ( #5706, #2164 ),
 ( #5751, #1459 ),
 ( #2260, #1554 ),
 ( #1641, #3790 ),
 ( #8067, #856 ),
 ( #4487, #4402 ),
 ( #8728, #163 ),
 ( #211, #7261 ) ),
 .UNSPECIFIED., .F., .F., .F.,
 ( 4, 1, 1, 1, 1, 1, 1, 1, 1, 1, 1, 1, 1, 1, 1, 1, 4 ),
 ( 2, 2 ),
 ( 0.000000000000000000, 0.08001952532404786600, 0.1567723552351563132, 0.2298064684519448564, 0.3003103663417418523, 0.3678432436751490342, 0.4334956367244707787, 0.4980274256210861505, 0.5614147804807703146, 0.6224280272064023345, 0.6805249023635890904, 0.7358515071489912795, 0.7891494952270388108, 0.8415352667228044314, 0.8932596061118520669, 0.9456453776076121365, 1.000000000000000000 ),
 ( 0.000000000000000000, 1.000000000000000000 ),
 .UNSPECIFIED. ) ;
#8741 = CARTESIAN_POINT ( 'NONE',  ( -19.50588084072413508, -4.261996216823863648, -0.1000000000000000056 ) ) ;
#8742 = CARTESIAN_POINT ( 'NONE',  ( -2.999999999999995115, 10.29499999999999815, 6.000000000000000000 ) ) ;
#8743 = DIRECTION ( 'NONE',  ( -0.000000000000000000, -0.000000000000000000, 1.000000000000000000 ) ) ;
#8744 = ORIENTED_EDGE ( 'NONE', *, *, #7637, .F. ) ;
#8745 = SURFACE_STYLE_USAGE ( .BOTH. , #8085 ) ;
#8746 = DIRECTION ( 'NONE',  ( -1.000000000000000000, 0.000000000000000000, 0.000000000000000000 ) ) ;
#8747 =( LENGTH_UNIT ( ) NAMED_UNIT ( * ) SI_UNIT ( .MILLI., .METRE. ) );
#8748 = EDGE_CURVE ( 'NONE', #2056, #5723, #8383, .T. ) ;
#8749 = CARTESIAN_POINT ( 'NONE',  ( -19.84089593073133884, 3.693386760987159345, -0.1000000000000000056 ) ) ;
#8750 = LINE ( 'NONE', #6629, #897 ) ;
#8751 = CARTESIAN_POINT ( 'NONE',  ( -18.62532574770440164, -3.101924204553704101, 0.000000000000000000 ) ) ;
#8752 = DIRECTION ( 'NONE',  ( -0.000000000000000000, -0.000000000000000000, 1.000000000000000000 ) ) ;
#8753 = CARTESIAN_POINT ( 'NONE',  ( -18.47487055916194976, 2.529392604827880309, -0.1000000000000000056 ) ) ;
#8754 = FILL_AREA_STYLE_COLOUR ( '', #1355 ) ;
#8755 =( NAMED_UNIT ( * ) SI_UNIT ( $, .STERADIAN. ) SOLID_ANGLE_UNIT ( ) );
#8756 = ORIENTED_EDGE ( 'NONE', *, *, #5912, .F. ) ;
#8757 = FACE_OUTER_BOUND ( 'NONE', #5575, .T. ) ;
#8758 = VERTEX_POINT ( 'NONE', #6283 ) ;
#8759 = SURFACE_STYLE_FILL_AREA ( #8190 ) ;
#8760 = CARTESIAN_POINT ( 'NONE',  ( -18.77391864266701660, -1.154204271508742830, -0.1000000000000000056 ) ) ;
#8761 = CARTESIAN_POINT ( 'NONE',  ( -19.20162969207735060, 2.270974913529665962, 1.355252715606880543E-17 ) ) ;
#8762 = AXIS2_PLACEMENT_3D ( 'NONE', #8694, #3021, #8550 ) ;
#8763 = AXIS2_PLACEMENT_3D ( 'NONE', #7190, #2936, #3073 ) ;
#8764 = ORIENTED_EDGE ( 'NONE', *, *, #8578, .F. ) ;
#8765 = CARTESIAN_POINT ( 'NONE',  ( -18.68830917156022053, -4.220246184988410754, -0.1000000000000000056 ) ) ;
#8766 = CARTESIAN_POINT ( 'NONE',  ( -19.95696226004370999, -2.928352739161244056, 0.000000000000000000 ) ) ;
#8767 = DIRECTION ( 'NONE',  ( -0.000000000000000000, -0.000000000000000000, 1.000000000000000000 ) ) ;
#8768 = CARTESIAN_POINT ( 'NONE',  ( -19.52833215122209154, -0.8987600590164418479, -0.1000000000000000056 ) ) ;
#8769 = EDGE_CURVE ( 'NONE', #6270, #8153, #7673, .T. ) ;
#8770 = ADVANCED_FACE ( 'NONE', ( #1138 ), #617, .T. ) ;
#8771 = CARTESIAN_POINT ( 'NONE',  ( -19.54212509012566912, 3.213335038335891181, 0.000000000000000000 ) ) ;
#8772 = CARTESIAN_POINT ( 'NONE',  ( -18.35127022245133332, -2.324328409830729303, 0.000000000000000000 ) ) ;
#8773 = AXIS2_PLACEMENT_3D ( 'NONE', #6963, #6451, #8388 ) ;
#8774 = CARTESIAN_POINT ( 'NONE',  ( -18.90305743990942133, 0.7010707410176596488, -0.1000000000000000056 ) ) ;
#8775 = CARTESIAN_POINT ( 'NONE',  ( -18.41507688977921475, -1.939080607096354436, 0.000000000000000000 ) ) ;
#8776 = ORIENTED_EDGE ( 'NONE', *, *, #6737, .F. ) ;
#8777 = CARTESIAN_POINT ( 'NONE',  ( -18.70399454404775952, 1.632458565758723834, 0.000000000000000000 ) ) ;
#8778 = CARTESIAN_POINT ( 'NONE',  ( -19.19038809278214330, -1.240417664845784973, 0.000000000000000000 ) ) ;
#8779 = MECHANICAL_DESIGN_GEOMETRIC_PRESENTATION_REPRESENTATION (  '', ( #3434 ), #7011 ) ;
#8780 = CARTESIAN_POINT ( 'NONE',  ( -20.07412777763782685, -1.012575277529922602, -0.1000000000000000056 ) ) ;
#8781 = CARTESIAN_POINT ( 'NONE',  ( -19.64206718951841779, 1.675095787269231362, -0.1000000000000000056 ) ) ;
#8782 = CARTESIAN_POINT ( 'NONE',  ( -19.65623142845138815, 3.270971788341475950, -0.1000000000000000056 ) ) ;
#8783 = EDGE_LOOP ( 'NONE', ( #4276, #1606, #7160, #4515 ) ) ;
#8784 = ADVANCED_FACE ( 'NONE', ( #1515 ), #815, .T. ) ;
#8785 = CARTESIAN_POINT ( 'NONE',  ( -20.09356565443837894, -0.9801998085736823851, 0.000000000000000000 ) ) ;
#8786 = CIRCLE ( 'NONE', #5355, 8.000000000000000000 ) ;
#8787 = CARTESIAN_POINT ( 'NONE',  ( -19.51784872510636148, -4.262606417338054676, 0.000000000000000000 ) ) ;
#8788 = CARTESIAN_POINT ( 'NONE',  ( -18.90305743990942489, 0.7010707410176596488, 1.355252715606880543E-17 ) ) ;
#8789 = VECTOR ( 'NONE', #5632, 1000.000000000000000 ) ;
#8790 = CARTESIAN_POINT ( 'NONE',  ( -19.01254573207625498, -2.937168657139915595, 0.000000000000000000 ) ) ;
#8791 = ORIENTED_EDGE ( 'NONE', *, *, #8203, .F. ) ;
#8792 = CARTESIAN_POINT ( 'NONE',  ( -18.37403730459950424, -3.712842942694115411, 0.000000000000000000 ) ) ;
#8793 = EDGE_CURVE ( 'NONE', #4864, #3230, #3022, .T. ) ;
#8794 = CIRCLE ( 'NONE', #7183, 0.5000000000000004441 ) ;
#8795 = CARTESIAN_POINT ( 'NONE',  ( -19.41958249066706443, 1.263994582680181500, 0.000000000000000000 ) ) ;
#8796 = CARTESIAN_POINT ( 'NONE',  ( -18.74895831881567076, 3.686339912414548614, -0.1000000000000000056 ) ) ;
#8797 = VECTOR ( 'NONE', #1462, 1000.000000000000000 ) ;
#8798 = EDGE_CURVE ( 'NONE', #2385, #2556, #7074, .T. ) ;
#8799 = CARTESIAN_POINT ( 'NONE',  ( -20.50000000000000000, 0.000000000000000000, 16.00000000000000000 ) ) ;
#8800 = DIRECTION ( 'NONE',  ( 0.000000000000000000, 0.000000000000000000, 1.000000000000000000 ) ) ;
#8801 = DIRECTION ( 'NONE',  ( 1.000000000000000000, 0.000000000000000000, 0.000000000000000000 ) ) ;
#8802 = UNCERTAINTY_MEASURE_WITH_UNIT (LENGTH_MEASURE( 1.000000000000000082E-05 ), #6864, 'distance_accuracy_value', 'NONE');
#8803 = CARTESIAN_POINT ( 'NONE',  ( -19.37295059235150418, 4.301437359414070905, -0.1000000000000000056 ) ) ;
#8804 = VECTOR ( 'NONE', #4870, 1000.000000000000000 ) ;
#8805 = EDGE_LOOP ( 'NONE', ( #7556, #1541 ) ) ;
#8806 = EDGE_CURVE ( 'NONE', #1198, #4316, #2832, .T. ) ;
#8807 = CARTESIAN_POINT ( 'NONE',  ( -18.54901014349219324, 1.309616832906178363, -0.1000000000000000056 ) ) ;
#8808 = ORIENTED_EDGE ( 'NONE', *, *, #8264, .T. ) ;
#8809 = STYLED_ITEM ( 'NONE', ( #7546 ), #1786 ) ;
#8810 = DIRECTION ( 'NONE',  ( 1.000000000000000000, 0.000000000000000000, 0.000000000000000000 ) ) ;
#8811 = CARTESIAN_POINT ( 'NONE',  ( -18.56945248111956914, -1.165320310314579944, -0.1000000000000000056 ) ) ;
#8812 = EDGE_LOOP ( 'NONE', ( #406, #7405, #4298, #8717, #1168, #5848, #696, #7420 ) ) ;
#8813 = LINE ( 'NONE', #1020, #505 ) ;
#8814 = CARTESIAN_POINT ( 'NONE',  ( -19.81598048852763938, 2.027298692975424199, -0.1000000000000000056 ) ) ;
#8815 = EDGE_CURVE ( 'NONE', #4554, #2024, #7524, .T. ) ;
#8816 = EDGE_LOOP ( 'NONE', ( #2169, #6307, #2430, #5740 ) ) ;
#8817 = CARTESIAN_POINT ( 'NONE',  ( -18.83141088883116154, -4.178047101190111690, -0.1000000000000000056 ) ) ;
#8818 = CARTESIAN_POINT ( 'NONE',  ( -19.86778214592342096, -1.939080607096354436, -0.1000000000000000056 ) ) ;
#8819 = CARTESIAN_POINT ( 'NONE',  ( -18.17318651290355191, -1.030381202963053022, -0.000000000000000000 ) ) ;
#8820 = CARTESIAN_POINT ( 'NONE',  ( -19.88617744556443867, -0.3463014106120232416, -0.1000000000000000056 ) ) ;
#8821 = CARTESIAN_POINT ( 'NONE',  ( -19.78039099982649773, -4.181582249589816946, -0.1000000000000000056 ) ) ;
#8822 = CARTESIAN_POINT ( 'NONE',  ( -18.15154395465491532, -3.038011171447197345, 0.000000000000000000 ) ) ;
#8823 = LINE ( 'NONE', #8018, #6715 ) ;
#8824 = SURFACE_SIDE_STYLE ('',( #2348 ) ) ;
#8825 = B_SPLINE_CURVE_WITH_KNOTS ( 'NONE', 3,
 ( #6318, #4904, #2018, #7029, #9152, #7125, #2207, #9199, #4309, #7709, #4362 ),
 .UNSPECIFIED., .F., .F.,
 ( 4, 1, 1, 1, 1, 1, 1, 1, 4 ),
 ( 0.000000000000000000, 0.1492661353527153234, 0.2812044032233076973, 0.3971664241197268574, 0.5024552292382663543, 0.6056963999326571146, 0.7199433969517312626, 0.8495487189710294595, 0.9999999999999998890 ),
 .UNSPECIFIED. ) ;
#8826 = EDGE_LOOP ( 'NONE', ( #4081, #3166, #8194, #770 ) ) ;
#8827 = CARTESIAN_POINT ( 'NONE',  ( -2.999999999999995115, 10.29499999999999815, 3.000000000000000000 ) ) ;
#8828 = DIRECTION ( 'NONE',  ( -0.000000000000000000, -0.000000000000000000, -1.000000000000000000 ) ) ;
#8829 = CARTESIAN_POINT ( 'NONE',  ( -18.10687864759171362, -2.082745933532715199, -0.1000000000000000056 ) ) ;
#8830 = CARTESIAN_POINT ( 'NONE',  ( -19.15093773803311095, 1.605306630816814684, 1.355252715606880543E-17 ) ) ;
#8831 = CARTESIAN_POINT ( 'NONE',  ( -19.65623142845138815, 3.270971788341475950, 0.000000000000000000 ) ) ;
#8832 = ORIENTED_EDGE ( 'NONE', *, *, #9148, .T. ) ;
#8833 = CARTESIAN_POINT ( 'NONE',  ( -19.17120766704521628, 3.872680684247027827, -0.1000000000000000056 ) ) ;
#8834 = CARTESIAN_POINT ( 'NONE',  ( -18.80545494119295569, -3.582429304061712561, 0.000000000000000000 ) ) ;
#8835 = CARTESIAN_POINT ( 'NONE',  ( -18.35274376823787890, -3.651016510651722058, -0.1000000000000000056 ) ) ;
#8836 = CARTESIAN_POINT ( 'NONE',  ( -20.08219744944381802, -3.748129577892077791, -0.1000000000000000056 ) ) ;
#8837 = AXIS2_PLACEMENT_3D ( 'NONE', #4976, #4286, #7146 ) ;
#8838 = EDGE_CURVE ( 'NONE', #6785, #2775, #7766, .T. ) ;
#8839 = ADVANCED_FACE ( 'NONE', ( #861 ), #7180, .F. ) ;
#8840 = ORIENTED_EDGE ( 'NONE', *, *, #7038, .T. ) ;
#8841 =( NAMED_UNIT ( * ) SI_UNIT ( $, .STERADIAN. ) SOLID_ANGLE_UNIT ( ) );
#8842 = CARTESIAN_POINT ( 'NONE',  ( -18.75545100009142985, 3.602771565623958061, 0.000000000000000000 ) ) ;
#8843 = DIRECTION ( 'NONE',  ( 0.000000000000000000, 0.000000000000000000, 1.000000000000000000 ) ) ;
#8844 = CARTESIAN_POINT ( 'NONE',  ( -20.09356565443837894, -0.9801998085736823851, -0.1000000000000000056 ) ) ;
#8845 = CARTESIAN_POINT ( 'NONE',  ( -19.82394933650233426, 3.737974841727941033, -0.1000000000000000056 ) ) ;
#8846 = LINE ( 'NONE', #1620, #4174 ) ;
#8847 = CARTESIAN_POINT ( 'NONE',  ( -18.05638373238485173, -3.513947159160422107, -0.1000000000000000056 ) ) ;
#8848 = DIRECTION ( 'NONE',  ( 0.000000000000000000, -0.000000000000000000, -1.000000000000000000 ) ) ;
#8849 = ORIENTED_EDGE ( 'NONE', *, *, #5278, .F. ) ;
#8850 = CARTESIAN_POINT ( 'NONE',  ( -18.31231436618611497, 1.429638291497783875, 0.000000000000000000 ) ) ;
#8851 = CARTESIAN_POINT ( 'NONE',  ( -18.50714439442518255, 1.324648708584006185, -0.1000000000000000056 ) ) ;
#8852 = ORIENTED_EDGE ( 'NONE', *, *, #7288, .T. ) ;
#8853 = CARTESIAN_POINT ( 'NONE',  ( -18.10687864759171362, 3.332794793446856918, -0.1000000000000000056 ) ) ;
#8854 = CARTESIAN_POINT ( 'NONE',  ( -19.49336146244487011, 3.940778382853146411, -0.1000000000000000056 ) ) ;
#8855 =( GEOMETRIC_REPRESENTATION_CONTEXT ( 3 ) GLOBAL_UNCERTAINTY_ASSIGNED_CONTEXT ( ( #4344 ) ) GLOBAL_UNIT_ASSIGNED_CONTEXT ( ( #7799, #768, #9155 ) ) REPRESENTATION_CONTEXT ( 'NONE', 'WORKASPACE' ) );
#8856 = ORIENTED_EDGE ( 'NONE', *, *, #2087, .F. ) ;
#8857 = ADVANCED_FACE ( 'NONE', ( #256 ), #2861, .T. ) ;
#8858 = DIRECTION ( 'NONE',  ( -0.000000000000000000, -0.000000000000000000, -1.000000000000000000 ) ) ;
#8859 = CARTESIAN_POINT ( 'NONE',  ( -19.46857820814159723, 3.063730026411961571, -0.1000000000000000056 ) ) ;
#8860 = AXIS2_PLACEMENT_3D ( 'NONE', #5603, #2058, #4303 ) ;
#8861 =( NAMED_UNIT ( * ) SI_UNIT ( $, .STERADIAN. ) SOLID_ANGLE_UNIT ( ) );
#8862 = VERTEX_POINT ( 'NONE', #6613 ) ;
#8863 = CARTESIAN_POINT ( 'NONE',  ( -18.72042271772914646, -2.972475680457312031, 0.000000000000000000 ) ) ;
#8864 = CARTESIAN_POINT ( 'NONE',  ( -20.10834900551997961, -2.090822708434528554, -0.1000000000000000056 ) ) ;
#8865 = CARTESIAN_POINT ( 'NONE',  ( -18.66858346115367695, -0.7323280900487826317, -0.1000000000000000056 ) ) ;
#8866 = CARTESIAN_POINT ( 'NONE',  ( -2.540000000000000036, -8.406000000000007688, 3.100000000000000089 ) ) ;
#8867 = CARTESIAN_POINT ( 'NONE',  ( -19.85694705147151495, -1.173801898956299050, 0.000000000000000000 ) ) ;
#8868 = DIRECTION ( 'NONE',  ( -0.000000000000000000, -0.000000000000000000, -1.000000000000000000 ) ) ;
#8869 = PRESENTATION_STYLE_ASSIGNMENT (( #3617 ) ) ;
#8870 = EDGE_CURVE ( 'NONE', #3866, #1496, #2487, .T. ) ;
#8871 = ORIENTED_EDGE ( 'NONE', *, *, #6965, .F. ) ;
#8872 = CARTESIAN_POINT ( 'NONE',  ( -18.10687864759171362, -0.1107587432861325966, -0.1000000000000000056 ) ) ;
#8873 = CARTESIAN_POINT ( 'NONE',  ( -6.080000000000001847, -8.406000000000007688, -0.09999999999999982514 ) ) ;
#8874 = CARTESIAN_POINT ( 'NONE',  ( -18.70580803544139670, -3.024736317174879119, 0.000000000000000000 ) ) ;
#8875 = CARTESIAN_POINT ( 'NONE',  ( -19.82765216647192119, 1.938278007507323153, 1.355252715606880543E-17 ) ) ;
#8876 = CARTESIAN_POINT ( 'NONE',  ( -19.81682205701777733, 3.436007575348836607, -0.1000000000000000056 ) ) ;
#8877 = ORIENTED_EDGE ( 'NONE', *, *, #1778, .T. ) ;
#8878 = DIRECTION ( 'NONE',  ( 0.000000000000000000, 0.000000000000000000, 1.000000000000000000 ) ) ;
#8879 = CARTESIAN_POINT ( 'NONE',  ( -19.99419158119563988, -3.967249768575034086, -0.1000000000000000056 ) ) ;
#8880 = CARTESIAN_POINT ( 'NONE',  ( -18.84567156929378129, -3.421883347829183464, 0.000000000000000000 ) ) ;
#8881 = CARTESIAN_POINT ( 'NONE',  ( -18.35127022245133332, -2.324328409830729303, -0.1000000000000000056 ) ) ;
#8882 = CARTESIAN_POINT ( 'NONE',  ( -18.44336311142743057, -3.216252043506112823, -0.1000000000000000056 ) ) ;
#8883 = EDGE_LOOP ( 'NONE', ( #1612, #1313, #2498, #8199 ) ) ;
#8884 = VERTEX_POINT ( 'NONE', #1695 ) ;
#8885 = CARTESIAN_POINT ( 'NONE',  ( 5.080000000000005400, -8.406000000000005912, 3.100000000000000089 ) ) ;
#8886 = CARTESIAN_POINT ( 'NONE',  ( -18.74895831881567076, 3.686339912414548614, -0.1000000000000000056 ) ) ;
#8887 = DIRECTION ( 'NONE',  ( -0.000000000000000000, 0.000000000000000000, 1.000000000000000000 ) ) ;
#8888 = LINE ( 'NONE', #6580, #608 ) ;
#8889 = CARTESIAN_POINT ( 'NONE',  ( -19.39545228777929253, 4.301933797200518050, 0.000000000000000000 ) ) ;
#8890 = EDGE_CURVE ( 'NONE', #8008, #2912, #2285, .T. ) ;
#8891 = SURFACE_SIDE_STYLE ('',( #4547 ) ) ;
#8892 = CARTESIAN_POINT ( 'NONE',  ( -18.05551227389380031, -3.476861419677735210, 0.000000000000000000 ) ) ;
#8893 = FILL_AREA_STYLE_COLOUR ( '', #4114 ) ;
#8894 = CARTESIAN_POINT ( 'NONE',  ( -2.999999999999995115, 10.29499999999999815, 5.700000000000000178 ) ) ;
#8895 = VERTEX_POINT ( 'NONE', #297 ) ;
#8896 = FILL_AREA_STYLE ('',( #6857 ) ) ;
#8897 = ORIENTED_EDGE ( 'NONE', *, *, #5427, .T. ) ;
#8898 = CARTESIAN_POINT ( 'NONE',  ( -18.35673136128233907, 2.464235634271176867, 0.000000000000000000 ) ) ;
#8899 = EDGE_CURVE ( 'NONE', #348, #4260, #675, .T. ) ;
#8900 = CARTESIAN_POINT ( 'NONE',  ( -18.56945248111956914, -1.165320310314579944, 0.000000000000000000 ) ) ;
#8901 = ORIENTED_EDGE ( 'NONE', *, *, #1144, .F. ) ;
#8902 = DIRECTION ( 'NONE',  ( -0.000000000000000000, 0.000000000000000000, -1.000000000000000000 ) ) ;
#8903 = DIRECTION ( 'NONE',  ( 0.000000000000000000, 0.000000000000000000, 1.000000000000000000 ) ) ;
#8904 = CARTESIAN_POINT ( 'NONE',  ( -19.96404186933357039, -0.6979881106803730306, -0.000000000000000000 ) ) ;
#8905 = ORIENTED_EDGE ( 'NONE', *, *, #3160, .F. ) ;
#8906 = CARTESIAN_POINT ( 'NONE',  ( -18.62081920701407967, -4.224686994400237872, 0.000000000000000000 ) ) ;
#8907 = CARTESIAN_POINT ( 'NONE',  ( 5.080000000000005400, -8.406000000000005912, 3.100000000000000089 ) ) ;
#8908 = CARTESIAN_POINT ( 'NONE',  ( -19.48601053848585352, 3.151898849510245348, 0.000000000000000000 ) ) ;
#8909 = CARTESIAN_POINT ( 'NONE',  ( -19.86697954633439167, -2.324328409830729303, 0.000000000000000000 ) ) ;
#8910 = ORIENTED_EDGE ( 'NONE', *, *, #8248, .T. ) ;
#8911 = CARTESIAN_POINT ( 'NONE',  ( -20.10974128693873908, -0.8631483917756539448, -0.1000000000000000056 ) ) ;
#8912 = CARTESIAN_POINT ( 'NONE',  ( -20.07607396076522477, 2.154782924959822044, -0.1000000000000000056 ) ) ;
#8913 = STYLED_ITEM ( 'NONE', ( #3260 ), #7955 ) ;
#8914 = ORIENTED_EDGE ( 'NONE', *, *, #7105, .F. ) ;
#8915 = CARTESIAN_POINT ( 'NONE',  ( -2.540000000000000036, -8.406000000000007688, 3.100000000000000089 ) ) ;
#8916 = ADVANCED_FACE ( 'NONE', ( #5454, #1220 ), #4807, .F. ) ;
#8917 = CARTESIAN_POINT ( 'NONE',  ( -18.08119546074275519, 1.929449412027993915, 0.000000000000000000 ) ) ;
#8918 = CARTESIAN_POINT ( 'NONE',  ( -19.57576203171375084, 1.652193042651804999, -0.1000000000000000056 ) ) ;
#8919 = CARTESIAN_POINT ( 'NONE',  ( -18.10687864759171362, 0.8310918744405112468, 0.000000000000000000 ) ) ;
#8920 = VERTEX_POINT ( 'NONE', #2012 ) ;
#8921 = CARTESIAN_POINT ( 'NONE',  ( -19.07593878657465680, 3.773769963462263899, -0.1000000000000000056 ) ) ;
#8922 = CARTESIAN_POINT ( 'NONE',  ( -19.32857064964120752, 4.300458238503271247, -0.1000000000000000056 ) ) ;
#8923 = DIRECTION ( 'NONE',  ( 0.000000000000000000, 0.000000000000000000, -1.000000000000000000 ) ) ;
#8924 = SURFACE_SIDE_STYLE ('',( #528 ) ) ;
#8925 = VERTEX_POINT ( 'NONE', #1838 ) ;
#8926 = MECHANICAL_DESIGN_GEOMETRIC_PRESENTATION_REPRESENTATION (  '', ( #1489 ), #4592 ) ;
#8927 = EDGE_LOOP ( 'NONE', ( #7228, #8323, #7809, #420 ) ) ;
#8928 = CARTESIAN_POINT ( 'NONE',  ( -19.57161661902283001, -3.075919647992757522, 0.000000000000000000 ) ) ;
#8929 =( NAMED_UNIT ( * ) PLANE_ANGLE_UNIT ( ) SI_UNIT ( $, .RADIAN. ) );
#8930 = CARTESIAN_POINT ( 'NONE',  ( -19.93774286895747849, -1.124120876596390595, 1.355252715606880543E-17 ) ) ;
#8931 = AXIS2_PLACEMENT_3D ( 'NONE', #6584, #8800, #5214 ) ;
#8932 = CARTESIAN_POINT ( 'NONE',  ( -19.49145258098508293, 4.299160798489699786, -0.1000000000000000056 ) ) ;
#8933 = CARTESIAN_POINT ( 'NONE',  ( -18.10740756912099059, -1.380056515265207118, -0.1000000000000000056 ) ) ;
#8934 = SURFACE_SIDE_STYLE ('',( #2465 ) ) ;
#8935 =( GEOMETRIC_REPRESENTATION_CONTEXT ( 3 ) GLOBAL_UNCERTAINTY_ASSIGNED_CONTEXT ( ( #318 ) ) GLOBAL_UNIT_ASSIGNED_CONTEXT ( ( #1818, #1197, #549 ) ) REPRESENTATION_CONTEXT ( 'NONE', 'WORKASPACE' ) );
#8936 = CARTESIAN_POINT ( 'NONE',  ( -18.95442381360733819, -1.939080607096354436, 0.000000000000000000 ) ) ;
#8937 = COLOUR_RGB ( '',0.8666666666666666963, 0.9098039215686274384, 1.000000000000000000 ) ;
#8938 = CARTESIAN_POINT ( 'NONE',  ( -19.39545228777929253, 4.301933797200518050, -0.1000000000000000056 ) ) ;
#8939 = ORIENTED_EDGE ( 'NONE', *, *, #5470, .F. ) ;
#8940 = CARTESIAN_POINT ( 'NONE',  ( -18.39397867075660642, 2.075662431514452066, -0.1000000000000000056 ) ) ;
#8941 = ORIENTED_EDGE ( 'NONE', *, *, #3572, .F. ) ;
#8942 = B_SPLINE_SURFACE_WITH_KNOTS ( 'NONE', 3, 1, ( 
 ( #855, #2258 ),
 ( #6693, #8689 ),
 ( #900, #5843 ),
 ( #4566, #5188 ),
 ( #5277, #5989 ),
 ( #3059, #2303 ),
 ( #3696, #1640 ),
 ( #3015, #8822 ),
 ( #809, #3098 ),
 ( #7260, #5098 ),
 ( #5146, #2964 ),
 ( #5891, #2393 ),
 ( #8108, #1597 ),
 ( #3746, #6652 ),
 ( #4528, #6607 ),
 ( #6556, #2344 ),
 ( #3657, #1553 ),
 ( #7982, #4486 ),
 ( #161, #8727 ) ),
 .UNSPECIFIED., .F., .F., .F.,
 ( 4, 1, 1, 1, 1, 1, 1, 1, 1, 1, 1, 1, 1, 1, 1, 1, 4 ),
 ( 2, 2 ),
 ( 0.000000000000000000, 0.09386280752509838787, 0.1813418859747540079, 0.2633550240757469574, 0.3400919876797375840, 0.4123851954759529259, 0.4811184227019399962, 0.5460580824941955180, 0.6082057743284575713, 0.6674011110543567327, 0.7227140565901071234, 0.7745889305053866858, 0.8240306334148013168, 0.8709687562673724681, 0.9159443283727559670, 0.9583205443235927046, 1.000000000000000000 ),
 ( 0.000000000000000000, 1.000000000000000000 ),
 .UNSPECIFIED. ) ;
#8943 = VECTOR ( 'NONE', #5619, 1000.000000000000000 ) ;
#8944 = CARTESIAN_POINT ( 'NONE',  ( -18.64818698236140904, -4.224299229463327698, -0.1000000000000000056 ) ) ;
#8945 = CARTESIAN_POINT ( 'NONE',  ( -18.53711564908542542, -1.183502085978232365, -0.1000000000000000056 ) ) ;
#8946 = ORIENTED_EDGE ( 'NONE', *, *, #5067, .T. ) ;
#8947 = STYLED_ITEM ( 'NONE', ( #186 ), #6342 ) ;
#8948 = DIRECTION ( 'NONE',  ( 0.000000000000000000, -0.000000000000000000, -1.000000000000000000 ) ) ;
#8949 = CYLINDRICAL_SURFACE ( 'NONE', #1166, 1.000000000000001776 ) ;
#8950 = DIRECTION ( 'NONE',  ( -0.000000000000000000, -0.000000000000000000, 1.000000000000000000 ) ) ;
#8951 = CIRCLE ( 'NONE', #3016, 1.000000000000000444 ) ;
#8952 = ORIENTED_EDGE ( 'NONE', *, *, #5103, .F. ) ;
#8953 = CARTESIAN_POINT ( 'NONE',  ( -18.59485919772192375, -3.120908501942953439, 0.000000000000000000 ) ) ;
#8954 = EDGE_CURVE ( 'NONE', #6560, #6798, #3366, .T. ) ;
#8955 = FACE_OUTER_BOUND ( 'NONE', #5307, .T. ) ;
#8956 = ORIENTED_EDGE ( 'NONE', *, *, #1304, .F. ) ;
#8957 = CARTESIAN_POINT ( 'NONE',  ( -19.09046444394791564, 1.605199178059895093, -0.09999999999999999167 ) ) ;
#8958 = CARTESIAN_POINT ( 'NONE',  ( -18.35274376823787890, -3.651016510651722058, -0.1000000000000000056 ) ) ;
#8959 = ORIENTED_EDGE ( 'NONE', *, *, #5067, .F. ) ;
#8960 = EDGE_CURVE ( 'NONE', #1726, #8068, #9006, .T. ) ;
#8961 = CARTESIAN_POINT ( 'NONE',  ( -19.13978489802586225, 4.256072517191131332, 0.000000000000000000 ) ) ;
#8962 = CARTESIAN_POINT ( 'NONE',  ( -18.41507688977921475, 0.03852478027343772538, 0.000000000000000000 ) ) ;
#8963 = CARTESIAN_POINT ( 'NONE',  ( -20.10997695587489176, -3.458260497906558761, -0.000000000000000000 ) ) ;
#8964 = CARTESIAN_POINT ( 'NONE',  ( -19.61860527553540834, 3.252947920756349198, 0.000000000000000000 ) ) ;
#8965 = ORIENTED_EDGE ( 'NONE', *, *, #2629, .F. ) ;
#8966 = CARTESIAN_POINT ( 'NONE',  ( -18.31156212009818063, -0.3458104432236250858, 0.000000000000000000 ) ) ;
#8967 = CARTESIAN_POINT ( 'NONE',  ( -18.46362067503033089, 1.719445005016467354, -0.1000000000000000056 ) ) ;
#8968 = CARTESIAN_POINT ( 'NONE',  ( -18.77569789197526973, 3.872119108782804187, -0.1000000000000000056 ) ) ;
#8969 = DIRECTION ( 'NONE',  ( -0.000000000000000000, 0.000000000000000000, 1.000000000000000000 ) ) ;
#8970 = CARTESIAN_POINT ( 'NONE',  ( -19.70441781707885553, 2.543184102633257559, 0.000000000000000000 ) ) ;
#8971 = CARTESIAN_POINT ( 'NONE',  ( -18.59485919772192375, -3.120908501942953439, -0.1000000000000000056 ) ) ;
#8972 = VERTEX_POINT ( 'NONE', #3335 ) ;
#8973 = ORIENTED_EDGE ( 'NONE', *, *, #2053, .F. ) ;
#8974 = CARTESIAN_POINT ( 'NONE',  ( -20.01701482067518967, -1.967090734772503957, -0.1000000000000000056 ) ) ;
#8975 = VERTEX_POINT ( 'NONE', #7023 ) ;
#8976 = CARTESIAN_POINT ( 'NONE',  ( -19.03772146964434597, 3.503682885544967096, 0.000000000000000000 ) ) ;
#8977 = CARTESIAN_POINT ( 'NONE',  ( -20.09356565443837894, -0.9801998085736823851, 1.355252715606880543E-17 ) ) ;
#8978 = CARTESIAN_POINT ( 'NONE',  ( -19.42776084543809745, 4.301000554334851067, 0.000000000000000000 ) ) ;
#8979 = CIRCLE ( 'NONE', #4653, 1.000000000000001776 ) ;
#8980 = CARTESIAN_POINT ( 'NONE',  ( -19.05969679639674297, 2.272925519885498069, -0.000000000000000000 ) ) ;
#8981 =( LENGTH_UNIT ( ) NAMED_UNIT ( * ) SI_UNIT ( .MILLI., .METRE. ) );
#8982 = CARTESIAN_POINT ( 'NONE',  ( -19.43558226723079230, 3.942369181315102278, -0.1000000000000000056 ) ) ;
#8983 = COLOUR_RGB ( '',1.000000000000000000, 0.9607843137254902244, 0.8901960784313724950 ) ;
#8984 = DIRECTION ( 'NONE',  ( -0.000000000000000000, -0.000000000000000000, 1.000000000000000000 ) ) ;
#8985 = CARTESIAN_POINT ( 'NONE',  ( -19.02076101168914946, 2.272854189898987354, 0.000000000000000000 ) ) ;
#8986 = VERTEX_POINT ( 'NONE', #8917 ) ;
#8987 = FACE_OUTER_BOUND ( 'NONE', #5056, .T. ) ;
#8988 = CARTESIAN_POINT ( 'NONE',  ( -18.48269933143347998, -1.233431704723095823, -0.1000000000000000056 ) ) ;
#8989 = AXIS2_PLACEMENT_3D ( 'NONE', #1208, #3916, #3323 ) ;
#8990 = VERTEX_POINT ( 'NONE', #4117 ) ;
#8991 = PLANE ( 'NONE',  #8317 ) ;
#8992 = CARTESIAN_POINT ( 'NONE',  ( -19.51426025257980967, 2.962997427730376554, 0.000000000000000000 ) ) ;
#8993 = CARTESIAN_POINT ( 'NONE',  ( -20.02287329472199318, -0.7176548243293278118, 0.000000000000000000 ) ) ;
#8994 = MECHANICAL_DESIGN_GEOMETRIC_PRESENTATION_REPRESENTATION (  '', ( #7232 ), #1706 ) ;
#8995 = VERTEX_POINT ( 'NONE', #5510 ) ;
#8996 = CARTESIAN_POINT ( 'NONE',  ( -19.04570617547842915, 3.465480838609803271, -0.1000000000000000056 ) ) ;
#8997 = CARTESIAN_POINT ( 'NONE',  ( -19.56871230903987779, -1.348871396252154353, 1.355252715606880543E-17 ) ) ;
#8998 = ORIENTED_EDGE ( 'NONE', *, *, #5566, .T. ) ;
#8999 = CARTESIAN_POINT ( 'NONE',  ( -1.000000000000000444, -8.406000000000007688, 3.100000000000000089 ) ) ;
#9000 = EDGE_CURVE ( 'NONE', #5944, #8008, #1124, .T. ) ;
#9001 = CARTESIAN_POINT ( 'NONE',  ( -18.60689819155737368, -4.224884236653647207, 0.000000000000000000 ) ) ;
#9002 = ORIENTED_EDGE ( 'NONE', *, *, #7457, .F. ) ;
#9003 = VECTOR ( 'NONE', #3241, 1000.000000000000000 ) ;
#9004 = STYLED_ITEM ( 'NONE', ( #1211 ), #8448 ) ;
#9005 = DIRECTION ( 'NONE',  ( 0.000000000000000000, 0.000000000000000000, 1.000000000000000000 ) ) ;
#9006 = LINE ( 'NONE', #8962, #91 ) ;
#9007 = CARTESIAN_POINT ( 'NONE',  ( -19.39899180025694037, -2.685475812768757908, 0.000000000000000000 ) ) ;
#9008 = CARTESIAN_POINT ( 'NONE',  ( -18.26017516909643490, 1.020505377451578877, -0.1000000000000000056 ) ) ;
#9009 = ORIENTED_EDGE ( 'NONE', *, *, #2053, .T. ) ;
#9010 =( LENGTH_UNIT ( ) NAMED_UNIT ( * ) SI_UNIT ( .MILLI., .METRE. ) );
#9011 = CARTESIAN_POINT ( 'NONE',  ( -20.11016722181046390, -3.478466618855795112, -0.1000000000000000056 ) ) ;
#9012 = CARTESIAN_POINT ( 'NONE',  ( -18.76026535116035632, 3.812058908259821077, 0.000000000000000000 ) ) ;
#9013 = EDGE_CURVE ( 'NONE', #3131, #1868, #4821, .T. ) ;
#9014 = CARTESIAN_POINT ( 'NONE',  ( -19.27152765663569411, -2.712285910255560317, -0.1000000000000000056 ) ) ;
#9015 = CARTESIAN_POINT ( 'NONE',  ( -18.41112173164944465, -3.248091478621463413, -0.1000000000000000056 ) ) ;
#9016 = ORIENTED_EDGE ( 'NONE', *, *, #1824, .F. ) ;
#9017 = EDGE_LOOP ( 'NONE', ( #5271, #5048 ) ) ;
#9018 = FILL_AREA_STYLE ('',( #5524 ) ) ;
#9019 = B_SPLINE_SURFACE_WITH_KNOTS ( 'NONE', 3, 1, ( 
 ( #1840, #4619 ),
 ( #1747, #8964 ),
 ( #8782, #8831 ),
 ( #1126, #4667 ),
 ( #4575, #953 ),
 ( #2402, #3798 ),
 ( #8206, #2575 ),
 ( #7483, #8075 ),
 ( #2444, #3246 ),
 ( #5945, #6085 ),
 ( #3287, #6702 ) ),
 .UNSPECIFIED., .F., .F., .F.,
 ( 4, 1, 1, 1, 1, 1, 1, 1, 4 ),
 ( 2, 2 ),
 ( 0.000000000000000000, 0.1392985493198580782, 0.2716711840405311995, 0.3977381694385785371, 0.5216186626718850583, 0.6426743857257605219, 0.7607895086447236110, 0.8792874391207795570, 1.000000000000000000 ),
 ( 0.000000000000000000, 1.000000000000000000 ),
 .UNSPECIFIED. ) ;
#9020 = CARTESIAN_POINT ( 'NONE',  ( -19.92361148857630937, -1.940484139356313475, 0.000000000000000000 ) ) ;
#9021 = UNCERTAINTY_MEASURE_WITH_UNIT (LENGTH_MEASURE( 1.000000000000000082E-05 ), #118, 'distance_accuracy_value', 'NONE');
#9022 = CARTESIAN_POINT ( 'NONE',  ( -18.10705947609687527, -1.421001320074296137, -0.1000000000000000056 ) ) ;
#9023 = EDGE_CURVE ( 'NONE', #8295, #6111, #4531, .T. ) ;
#9024 = ORIENTED_EDGE ( 'NONE', *, *, #5849, .T. ) ;
#9025 = CARTESIAN_POINT ( 'NONE',  ( -18.43088107687475130, -1.343610178042401682, -0.1000000000000000056 ) ) ;
#9026 = LINE ( 'NONE', #1856, #4070 ) ;
#9027 = CARTESIAN_POINT ( 'NONE',  ( -18.10843165101305630, 0.8742112110522267665, 0.000000000000000000 ) ) ;
#9028 = DIRECTION ( 'NONE',  ( 1.000000000000000000, 0.000000000000000000, 0.000000000000000000 ) ) ;
#9029 = CARTESIAN_POINT ( 'NONE',  ( -18.43680914891254830, -1.319698305115262871, -0.1000000000000000056 ) ) ;
#9030 = CARTESIAN_POINT ( 'NONE',  ( -20.11016722181046745, -0.1532965215047198959, -0.1000000000000000056 ) ) ;
#9031 = CARTESIAN_POINT ( 'NONE',  ( -18.38327807526592750, 2.050817013837700653, -0.1000000000000000056 ) ) ;
#9032 = CARTESIAN_POINT ( 'NONE',  ( -18.47487055916194976, 2.529392604827880309, 0.000000000000000000 ) ) ;
#9033 = LINE ( 'NONE', #8322, #6563 ) ;
#9034 = ORIENTED_EDGE ( 'NONE', *, *, #5324, .T. ) ;
#9035 = CARTESIAN_POINT ( 'NONE',  ( -18.64221295486996866, -1.143986913183653087, 0.000000000000000000 ) ) ;
#9036 = CARTESIAN_POINT ( 'NONE',  ( -19.61496327537898665, 2.919857304890948413, 0.000000000000000000 ) ) ;
#9037 = CARTESIAN_POINT ( 'NONE',  ( -20.10960107270063091, -3.418341944651672737, -0.1000000000000000056 ) ) ;
#9038 = CARTESIAN_POINT ( 'NONE',  ( -19.06591622162019917, -0.9289924687492073785, 1.355252715606880543E-17 ) ) ;
#9039 = VERTEX_POINT ( 'NONE', #5410 ) ;
#9040 = CARTESIAN_POINT ( 'NONE',  ( -18.62532574770440164, -3.101924204553704101, 0.000000000000000000 ) ) ;
#9041 = CARTESIAN_POINT ( 'NONE',  ( -19.10049951138983815, 3.371318287861938767, -0.1000000000000000056 ) ) ;
#9042 = FILL_AREA_STYLE ('',( #6255 ) ) ;
#9043 = DIRECTION ( 'NONE',  ( -0.000000000000000000, -0.000000000000000000, -1.000000000000000000 ) ) ;
#9044 = VERTEX_POINT ( 'NONE', #1880 ) ;
#9045 = CARTESIAN_POINT ( 'NONE',  ( -20.11016722181046745, -0.8904842440287276117, -0.1000000000000000056 ) ) ;
#9046 = CARTESIAN_POINT ( 'NONE',  ( -18.48984084254921356, -4.213216925003779423, 0.000000000000000000 ) ) ;
#9047 = ORIENTED_EDGE ( 'NONE', *, *, #4934, .T. ) ;
#9048 = CARTESIAN_POINT ( 'NONE',  ( -18.79679539586811643, 3.929746055571274432, 0.000000000000000000 ) ) ;
#9049 = DIRECTION ( 'NONE',  ( -1.000000000000000000, 0.000000000000000000, 0.000000000000000000 ) ) ;
#9050 = CARTESIAN_POINT ( 'NONE',  ( -19.23693886894587735, -1.800230878194173600, -0.1000000000000000056 ) ) ;
#9051 = DIRECTION ( 'NONE',  ( -0.000000000000000000, -0.000000000000000000, -1.000000000000000000 ) ) ;
#9052 = EDGE_LOOP ( 'NONE', ( #3159, #3475, #8959, #9150 ) ) ;
#9053 = CARTESIAN_POINT ( 'NONE',  ( -18.11261954933506857, -0.1841002126675184147, 0.000000000000000000 ) ) ;
#9054 = CARTESIAN_POINT ( 'NONE',  ( -18.43260922916593003, 1.746561269311636577, -0.1000000000000000056 ) ) ;
#9055 = COLOUR_RGB ( '',1.000000000000000000, 0.9607843137254902244, 0.8901960784313724950 ) ;
#9056 = CARTESIAN_POINT ( 'NONE',  ( -18.53626942772273622, -2.768165982564291028, 0.000000000000000000 ) ) ;
#9057 = FACE_BOUND ( 'NONE', #8805, .T. ) ;
#9058 = CARTESIAN_POINT ( 'NONE',  ( -19.34816872794252873, -4.031204492169765174, -0.1000000000000000056 ) ) ;
#9059 = SURFACE_STYLE_USAGE ( .BOTH. , #8924 ) ;
#9060 = VERTEX_POINT ( 'NONE', #2668 ) ;
#9061 = VERTEX_POINT ( 'NONE', #4711 ) ;
#9062 = CARTESIAN_POINT ( 'NONE',  ( -18.62532574770440164, -3.101924204553704101, -0.1000000000000000056 ) ) ;
#9063 = VECTOR ( 'NONE', #5121, 1000.000000000000000 ) ;
#9064 = EDGE_CURVE ( 'NONE', #222, #3662, #1169, .T. ) ;
#9065 = CARTESIAN_POINT ( 'NONE',  ( -20.09841602443135145, 3.421904449256055969, -0.1000000000000000056 ) ) ;
#9066 = SURFACE_STYLE_USAGE ( .BOTH. , #6232 ) ;
#9067 = CARTESIAN_POINT ( 'NONE',  ( -20.03721567836697304, 3.928101776601644612, -0.1000000000000000056 ) ) ;
#9068 = DIRECTION ( 'NONE',  ( -0.000000000000000000, 0.000000000000000000, 1.000000000000000000 ) ) ;
#9069 = VECTOR ( 'NONE', #2906, 1000.000000000000000 ) ;
#9070 = DIRECTION ( 'NONE',  ( -0.000000000000000000, -0.000000000000000000, -1.000000000000000000 ) ) ;
#9071 = EDGE_CURVE ( 'NONE', #3272, #4668, #474, .T. ) ;
#9072 = CARTESIAN_POINT ( 'NONE',  ( 20.49999999999999645, 8.444999999999998508, 3.000000000000000000 ) ) ;
#9073 = VECTOR ( 'NONE', #4541, 1000.000000000000000 ) ;
#9074 = AXIS2_PLACEMENT_3D ( 'NONE', #1387, #4240, #5542 ) ;
#9075 = CARTESIAN_POINT ( 'NONE',  ( -18.95341715991583698, -1.516990021835824098, 0.000000000000000000 ) ) ;
#9076 = DIRECTION ( 'NONE',  ( -0.000000000000000000, -0.000000000000000000, -1.000000000000000000 ) ) ;
#9077 = CARTESIAN_POINT ( 'NONE',  ( -18.10583723952224133, 2.124195220557056896, 0.000000000000000000 ) ) ;
#9078 = DIRECTION ( 'NONE',  ( -0.000000000000000000, -0.000000000000000000, 1.000000000000000000 ) ) ;
#9079 = VERTEX_POINT ( 'NONE', #2959 ) ;
#9080 = VECTOR ( 'NONE', #6364, 1000.000000000000000 ) ;
#9081 = FACE_OUTER_BOUND ( 'NONE', #3061, .T. ) ;
#9082 = DIRECTION ( 'NONE',  ( -0.000000000000000000, -0.000000000000000000, -1.000000000000000000 ) ) ;
#9083 = CARTESIAN_POINT ( 'NONE',  ( -20.09671296323138279, -0.07623170956709024448, 0.000000000000000000 ) ) ;
#9084 = EDGE_CURVE ( 'NONE', #2681, #5835, #7070, .T. ) ;
#9085 = CIRCLE ( 'NONE', #8489, 1.000000000000000444 ) ;
#9086 = VECTOR ( 'NONE', #1535, 1000.000000000000000 ) ;
#9087 = EDGE_CURVE ( 'NONE', #4175, #9177, #1548, .T. ) ;
#9088 = CARTESIAN_POINT ( 'NONE',  ( -18.80324893067594516, -0.7488153013027717408, 1.355252715606880543E-17 ) ) ;
#9089 = CARTESIAN_POINT ( 'NONE',  ( -18.37387809080423295, 0.9740286194109770701, 0.000000000000000000 ) ) ;
#9090 = EDGE_CURVE ( 'NONE', #3272, #8076, #7401, .T. ) ;
#9091 = AXIS2_PLACEMENT_3D ( 'NONE', #924, #2229, #4331 ) ;
#9092 = CARTESIAN_POINT ( 'NONE',  ( -19.03162877328925973, 3.583181318453787512, -0.1000000000000000056 ) ) ;
#9093 =( GEOMETRIC_REPRESENTATION_CONTEXT ( 3 ) GLOBAL_UNCERTAINTY_ASSIGNED_CONTEXT ( ( #7805 ) ) GLOBAL_UNIT_ASSIGNED_CONTEXT ( ( #8747, #8707, #1616 ) ) REPRESENTATION_CONTEXT ( 'NONE', 'WORKASPACE' ) );
#9094 = DIRECTION ( 'NONE',  ( -1.000000000000000000, 0.000000000000000000, 0.000000000000000000 ) ) ;
#9095 = ORIENTED_EDGE ( 'NONE', *, *, #7719, .T. ) ;
#9096 = CARTESIAN_POINT ( 'NONE',  ( -18.10687864759171362, -0.1107587432861325966, 0.000000000000000000 ) ) ;
#9097 = CARTESIAN_POINT ( 'NONE',  ( -20.10492075302139270, 2.030337975801288497, -0.1000000000000000056 ) ) ;
#9098 = B_SPLINE_SURFACE_WITH_KNOTS ( 'NONE', 3, 1, ( 
 ( #7198, #697 ),
 ( #101, #7914 ),
 ( #8617, #2992 ),
 ( #7778, #743 ),
 ( #8474, #1389 ),
 ( #3593, #4197 ),
 ( #8671, #835 ),
 ( #5730, #5820 ),
 ( #6345, #2280 ),
 ( #2843, #5127 ),
 ( #2234, #8571 ) ),
 .UNSPECIFIED., .F., .F., .F.,
 ( 4, 1, 1, 1, 1, 1, 1, 1, 4 ),
 ( 2, 2 ),
 ( 0.000000000000000000, 0.1234478424554437959, 0.2372645441751971007, 0.3459877958337392312, 0.4562725972761524917, 0.5724604415685624614, 0.6988789839190954201, 0.8403966771546137471, 1.000000000000000000 ),
 ( 0.000000000000000000, 1.000000000000000000 ),
 .UNSPECIFIED. ) ;
#9099 = VECTOR ( 'NONE', #5638, 1000.000000000000000 ) ;
#9100 = AXIS2_PLACEMENT_3D ( 'NONE', #27, #290, #4400 ) ;
#9101 = ORIENTED_EDGE ( 'NONE', *, *, #8806, .T. ) ;
#9102 = CYLINDRICAL_SURFACE ( 'NONE', #9109, 0.5000000000000004441 ) ;
#9103 = DIRECTION ( 'NONE',  ( -0.000000000000000000, -0.000000000000000000, 1.000000000000000000 ) ) ;
#9104 = CARTESIAN_POINT ( 'NONE',  ( -19.48441780562243153, -2.684223579044636043, -0.000000000000000000 ) ) ;
#9105 = CARTESIAN_POINT ( 'NONE',  ( -18.49427432063071208, 2.537752753388470062, 0.000000000000000000 ) ) ;
#9106 = EDGE_LOOP ( 'NONE', ( #6821, #2139, #8524, #4693 ) ) ;
#9107 = CARTESIAN_POINT ( 'NONE',  ( 19.50000000000000355, 0.000000000000000000, 15.50000000000000000 ) ) ;
#9108 = CARTESIAN_POINT ( 'NONE',  ( -18.59062473052404485, 1.659655883859915138, -0.1000000000000000056 ) ) ;
#9109 = AXIS2_PLACEMENT_3D ( 'NONE', #8915, #2720, #7702 ) ;
#9110 = CARTESIAN_POINT ( 'NONE',  ( -19.26323565878473687, 4.291389899349629999, 0.000000000000000000 ) ) ;
#9111 = CARTESIAN_POINT ( 'NONE',  ( -19.10158282219474302, 3.810769134777305389, -0.1000000000000000056 ) ) ;
#9112 = CARTESIAN_POINT ( 'NONE',  ( -19.39899180025694037, -2.685475812768757908, -0.1000000000000000056 ) ) ;
#9113 = CARTESIAN_POINT ( 'NONE',  ( 0.000000000000000000, -8.406000000000007688, 0.000000000000000000 ) ) ;
#9114 = EDGE_LOOP ( 'NONE', ( #1204, #1409 ) ) ;
#9115 = EDGE_LOOP ( 'NONE', ( #3435, #1978, #7537, #4576 ) ) ;
#9116 = CYLINDRICAL_SURFACE ( 'NONE', #5941, 1.000000000000000888 ) ;
#9117 = CARTESIAN_POINT ( 'NONE',  ( -19.86778214592342096, -1.939080607096354436, -0.1000000000000000056 ) ) ;
#9118 = FILL_AREA_STYLE ('',( #4679 ) ) ;
#9119 = LINE ( 'NONE', #4917, #3738 ) ;
#9120 = SURFACE_STYLE_FILL_AREA ( #8363 ) ;
#9121 = CARTESIAN_POINT ( 'NONE',  ( -18.42645705524041944, -1.371717154495803559, 0.000000000000000000 ) ) ;
#9122 = DIRECTION ( 'NONE',  ( 0.000000000000000000, 1.000000000000000000, 0.000000000000000000 ) ) ;
#9123 = FACE_OUTER_BOUND ( 'NONE', #657, .T. ) ;
#9124 = CARTESIAN_POINT ( 'NONE',  ( -19.49898763476416264, -3.911067797342937968, -0.1000000000000000056 ) ) ;
#9125 = CARTESIAN_POINT ( 'NONE',  ( 0.000000000000000000, -8.406000000000007688, 3.100000000000000089 ) ) ;
#9126 = FACE_OUTER_BOUND ( 'NONE', #1863, .T. ) ;
#9127 = LINE ( 'NONE', #4096, #4921 ) ;
#9128 = CARTESIAN_POINT ( 'NONE',  ( -19.24352355149337868, -1.704868082237302573, -0.1000000000000000056 ) ) ;
#9129 = FACE_OUTER_BOUND ( 'NONE', #5631, .T. ) ;
#9130 = CARTESIAN_POINT ( 'NONE',  ( -19.21094421608650293, 0.7153027120358708135, -0.1000000000000000056 ) ) ;
#9131 = ORIENTED_EDGE ( 'NONE', *, *, #6193, .F. ) ;
#9132 = CARTESIAN_POINT ( 'NONE',  ( -19.97737006045238672, 3.127927943608301842, -0.1000000000000000056 ) ) ;
#9133 = CARTESIAN_POINT ( 'NONE',  ( -18.18138838206747465, 2.290787593607816586, -0.1000000000000000056 ) ) ;
#9134 = CARTESIAN_POINT ( 'NONE',  ( -20.01553369977542474, 0.01059386597567587955, -0.1000000000000000056 ) ) ;
#9135 = AXIS2_PLACEMENT_3D ( 'NONE', #1676, #5920, #8810 ) ;
#9136 = CARTESIAN_POINT ( 'NONE',  ( -19.13097694171718643, 2.977985204855204682, 0.000000000000000000 ) ) ;
#9137 = B_SPLINE_CURVE_WITH_KNOTS ( 'NONE', 3,
 ( #2036, #8466, #7773, #4048, #6238, #1333, #2083, #1383, #9220, #1946, #9170 ),
 .UNSPECIFIED., .F., .F.,
 ( 4, 1, 1, 1, 1, 1, 1, 1, 4 ),
 ( 0.000000000000000000, 0.1392985493198580782, 0.2716711840405311995, 0.3977381694385785371, 0.5216186626718850583, 0.6426743857257605219, 0.7607895086447236110, 0.8792874391207795570, 1.000000000000000000 ),
 .UNSPECIFIED. ) ;
#9138 = FILL_AREA_STYLE_COLOUR ( '', #7338 ) ;
#9139 = DIRECTION ( 'NONE',  ( -0.000000000000000000, -0.000000000000000000, -1.000000000000000000 ) ) ;
#9140 =( NAMED_UNIT ( * ) SI_UNIT ( $, .STERADIAN. ) SOLID_ANGLE_UNIT ( ) );
#9141 = EDGE_LOOP ( 'NONE', ( #3234, #7293, #4946, #5182 ) ) ;
#9142 =( GEOMETRIC_REPRESENTATION_CONTEXT ( 3 ) GLOBAL_UNCERTAINTY_ASSIGNED_CONTEXT ( ( #7898 ) ) GLOBAL_UNIT_ASSIGNED_CONTEXT ( ( #1929, #2534, #1046 ) ) REPRESENTATION_CONTEXT ( 'NONE', 'WORKASPACE' ) );
#9143 = CARTESIAN_POINT ( 'NONE',  ( -18.38208921255361261, 4.186272512935876655, -0.1000000000000000056 ) ) ;
#9144 = ADVANCED_FACE ( 'NONE', ( #4213 ), #7791, .T. ) ;
#9145 = CARTESIAN_POINT ( 'NONE',  ( -20.09671296323138279, -0.07623170956709024448, 0.000000000000000000 ) ) ;
#9146 = DIRECTION ( 'NONE',  ( -1.000000000000000000, 0.000000000000000000, 0.000000000000000000 ) ) ;
#9147 = PLANE ( 'NONE',  #6434 ) ;
#9148 = EDGE_CURVE ( 'NONE', #2987, #7411, #2004, .T. ) ;
#9149 = CARTESIAN_POINT ( 'NONE',  ( -18.12898359105253121, 0.9468244697510702634, -0.1000000000000000056 ) ) ;
#9150 = ORIENTED_EDGE ( 'NONE', *, *, #3933, .F. ) ;
#9151 = CARTESIAN_POINT ( 'NONE',  ( -18.10687864759171717, -0.1107587432861326104, -0.1000000000000000056 ) ) ;
#9152 = CARTESIAN_POINT ( 'NONE',  ( -18.18802522194638982, 3.139696930941160424, 0.000000000000000000 ) ) ;
#9153 = CARTESIAN_POINT ( 'NONE',  ( -18.29296635613266986, 1.019102823729683305, 0.000000000000000000 ) ) ;
#9154 = CLOSED_SHELL ( 'NONE', ( #952, #6475, #3986, #6766, #4981, #1064, #1122, #2715, #4806, #7373, #2054, #2642, #2738, #2525, #449, #149, #4392, #8271, #1728, #5818, #401, #6946, #7939, #1004, #1202, #2819, #709, #1900, #1218, #4508, #1099, #3345, #4646, #7004, #1306, #4136, #6395, #515, #8916, #1595, #7955, #4106, #3932, #3274, #3826, #6240, #6342, #3628, #4709, #1162, #7753, #4865, #7121, #8448, #5971, #6521, #1660, #3968, #6519, #2081, #3715, #3324, #2374, #5716, #648, #7447, #235, #892, #6687, #7953, #8376, #6237, #7344, #8486, #4656, #7210, #3734, #5405, #9191, #545, #5109, #6797, #2297, #6353, #7400, #6058, #3290, #5874, #5200, #5625, #8857, #4874, #5066, #8770, #3402, #1943, #6360, #2418, #6635, #8784, #8303, #7057, #1786, #7300, #5186, #1480, #3557, #8396, #6099, #823, #2885, #4624, #6432, #4417, #6454, #2718, #9144, #337, #1427, #3239, #4383, #2772, #2490, #5251, #2869, #7093, #966, #704, #3342, #6551, #2364, #7, #6466, #4067, #1773, #95, #2980, #662, #8499, #2657, #3462, #4187, #3043, #3994, #7670, #2208, #4189, #7240, #8553, #6667, #1491, #7469, #8839, #917, #799, #7417, #3836, #5963, #2763, #6922, #3838, #5703, #41, #5166, #6625 ) ) ;
#9155 =( NAMED_UNIT ( * ) SI_UNIT ( $, .STERADIAN. ) SOLID_ANGLE_UNIT ( ) );
#9156 = CARTESIAN_POINT ( 'NONE',  ( -18.59787795294857915, -3.864314462756790913, -0.1000000000000000056 ) ) ;
#9157 = VECTOR ( 'NONE', #3190, 1000.000000000000000 ) ;
#9158 = EDGE_LOOP ( 'NONE', ( #6226, #5086 ) ) ;
#9159 = ORIENTED_EDGE ( 'NONE', *, *, #975, .T. ) ;
#9160 = CARTESIAN_POINT ( 'NONE',  ( -19.15093773803311095, 1.605306630816814684, 0.000000000000000000 ) ) ;
#9161 = CARTESIAN_POINT ( 'NONE',  ( -18.27554525391818885, 1.459621046358205998, -0.1000000000000000056 ) ) ;
#9162 = CARTESIAN_POINT ( 'NONE',  ( -18.43088107687475130, -1.343610178042401682, 0.000000000000000000 ) ) ;
#9163 = CARTESIAN_POINT ( 'NONE',  ( -19.63000446066806148, 2.920752780387354086, -0.1000000000000000056 ) ) ;
#9164 = CARTESIAN_POINT ( 'NONE',  ( -18.08206653552674936, 1.877843888124169469, -0.1000000000000000056 ) ) ;
#9165 = FACE_OUTER_BOUND ( 'NONE', #9141, .T. ) ;
#9166 = CARTESIAN_POINT ( 'NONE',  ( -19.30824975739275473, 2.626997012296255818, -0.1000000000000000056 ) ) ;
#9167 = CARTESIAN_POINT ( 'NONE',  ( -19.46616118517118110, -3.071254509483688722, -0.1000000000000000056 ) ) ;
#9168 = LINE ( 'NONE', #2788, #4584 ) ;
#9169 = CARTESIAN_POINT ( 'NONE',  ( -18.85811186292374586, 3.331590894063311659, 0.000000000000000000 ) ) ;
#9170 = CARTESIAN_POINT ( 'NONE',  ( -19.85333535332087962, 3.595646158854164387, 0.000000000000000000 ) ) ;
#9171 = CARTESIAN_POINT ( 'NONE',  ( -19.27585837024449233, -3.245712554813257267, 1.355252715606880543E-17 ) ) ;
#9172 = CARTESIAN_POINT ( 'NONE',  ( -19.91551890276748082, 2.404993800077257493, 0.000000000000000000 ) ) ;
#9173 = B_SPLINE_SURFACE_WITH_KNOTS ( 'NONE', 3, 1, ( 
 ( #7736, #558 ),
 ( #1347, #8385 ),
 ( #382, #4847 ),
 ( #7109, #3202 ),
 ( #7013, #8874 ),
 ( #2488, #604 ),
 ( #3463, #6303 ),
 ( #5319, #1534 ),
 ( #2944, #8751 ),
 ( #5822, #5170 ),
 ( #2371, #4635 ) ),
 .UNSPECIFIED., .F., .F., .F.,
 ( 4, 1, 1, 1, 1, 1, 1, 1, 4 ),
 ( 2, 2 ),
 ( 0.000000000000000000, 0.1363797155905762393, 0.2573498170193677104, 0.3670878291947012872, 0.4679166929335592529, 0.5751511589058686535, 0.6973662684484809304, 0.8403755405343549256, 1.000000000000000000 ),
 ( 0.000000000000000000, 1.000000000000000000 ),
 .UNSPECIFIED. ) ;
#9174 = CARTESIAN_POINT ( 'NONE',  ( -18.41112173164944465, -3.248091478621463413, 0.000000000000000000 ) ) ;
#9175 = PRESENTATION_STYLE_ASSIGNMENT (( #7729 ) ) ;
#9176 = B_SPLINE_CURVE_WITH_KNOTS ( 'NONE', 3,
 ( #5377, #6095, #2456, #6623, #8792, #8125, #8171, #7492, #8215, #4502, #3114, #962, #6007, #5330, #394 ),
 .UNSPECIFIED., .F., .F.,
 ( 4, 1, 1, 1, 1, 1, 1, 1, 1, 1, 1, 1, 4 ),
 ( 0.000000000000000000, 0.1628280401941429034, 0.3107370531842537087, 0.4477418064479613546, 0.5772785394411465987, 0.6392390121154012395, 0.6964904078921161368, 0.7507738351345916161, 0.8022350317933144570, 0.8521020831481934676, 0.9011120093223152772, 0.9505193794593276291, 1.000000000000000000 ),
 .UNSPECIFIED. ) ;
#9177 = VERTEX_POINT ( 'NONE', #2158 ) ;
#9178 = FILL_AREA_STYLE ('',( #53 ) ) ;
#9179 = DIRECTION ( 'NONE',  ( -0.9852117548196744901, -0.1713411747512474659, 0.000000000000000000 ) ) ;
#9180 = CARTESIAN_POINT ( 'NONE',  ( -19.07599676306207570, -3.911613713349327170, 0.000000000000000000 ) ) ;
#9181 = SURFACE_STYLE_FILL_AREA ( #4886 ) ;
#9182 = CARTESIAN_POINT ( 'NONE',  ( -19.10186770646220467, 2.967830533644399971, 0.000000000000000000 ) ) ;
#9183 = UNCERTAINTY_MEASURE_WITH_UNIT (LENGTH_MEASURE( 1.000000000000000082E-05 ), #4234, 'distance_accuracy_value', 'NONE');
#9184 = CARTESIAN_POINT ( 'NONE',  ( -18.27740063953795868, -0.8786820345865135051, 0.000000000000000000 ) ) ;
#9185 = DIRECTION ( 'NONE',  ( -0.000000000000000000, -0.000000000000000000, -1.000000000000000000 ) ) ;
#9186 = B_SPLINE_CURVE_WITH_KNOTS ( 'NONE', 3,
 ( #7173, #2210, #78, #3479, #4908, #7937, #5752, #1555, #8447, #4220, #7078, #674, #3524, #9201, #1414, #2817, #4264, #5657, #2870, #8500, #7127, #719, #4313 ),
 .UNSPECIFIED., .F., .F.,
 ( 4, 1, 1, 1, 1, 1, 1, 1, 1, 1, 1, 1, 1, 1, 1, 1, 1, 1, 1, 1, 4 ),
 ( 0.000000000000000000, 0.08555738422559445999, 0.1686642389838706457, 0.2497474519697828188, 0.3305169896373619243, 0.3708375280270757024, 0.4104601219375036969, 0.4498839935391460432, 0.4893030834951047625, 0.5289114027079855340, 0.5691711198908538938, 0.6095165840465770479, 0.6506257233054638656, 0.6921863325671929745, 0.7339053835026270178, 0.7761854509024861404, 0.8189384313532527271, 0.8624648162177718236, 0.9069351619472322268, 0.9528309098716876147, 1.000000000000000000 ),
 .UNSPECIFIED. ) ;
#9187 = DIRECTION ( 'NONE',  ( 0.000000000000000000, 0.000000000000000000, 1.000000000000000000 ) ) ;
#9188 = ORIENTED_EDGE ( 'NONE', *, *, #7281, .T. ) ;
#9189 = CARTESIAN_POINT ( 'NONE',  ( -18.33802732923233947, -3.506958904266358257, -0.1000000000000000056 ) ) ;
#9190 = CARTESIAN_POINT ( 'NONE',  ( -19.92106255841281026, 0.03706322154890511616, 0.000000000000000000 ) ) ;
#9191 = ADVANCED_FACE ( 'NONE', ( #8439 ), #5838, .T. ) ;
#9192 = PRESENTATION_STYLE_ASSIGNMENT (( #3726 ) ) ;
#9193 = CARTESIAN_POINT ( 'NONE',  ( -19.46929144997005423, -2.683893025716147296, -0.1000000000000000056 ) ) ;
#9194 = CARTESIAN_POINT ( 'NONE',  ( -18.68856865329570383, 1.277654723428790495, -0.1000000000000000056 ) ) ;
#9195 = FILL_AREA_STYLE ('',( #7705 ) ) ;
#9196 = CARTESIAN_POINT ( 'NONE',  ( -18.37387809080423295, 0.9740286194109770701, -0.1000000000000000056 ) ) ;
#9197 = EDGE_LOOP ( 'NONE', ( #7996, #133, #6108, #6938 ) ) ;
#9198 = CARTESIAN_POINT ( 'NONE',  ( -19.23051807223363951, 3.135355294545489446, 0.000000000000000000 ) ) ;
#9199 = CARTESIAN_POINT ( 'NONE',  ( -18.11807622303146204, 3.234349173421707135, 0.000000000000000000 ) ) ;
#9200 = CARTESIAN_POINT ( 'NONE',  ( -19.78171562266391703, -3.316744761012391685, -0.1000000000000000056 ) ) ;
#9201 = CARTESIAN_POINT ( 'NONE',  ( -20.01479042454345958, 3.969371524822552733, -0.1000000000000000056 ) ) ;
#9202 = CARTESIAN_POINT ( 'NONE',  ( -18.77480588385868998, -3.681539115780105398, -0.1000000000000000056 ) ) ;
#9203 = ORIENTED_EDGE ( 'NONE', *, *, #8798, .T. ) ;
#9204 = EDGE_LOOP ( 'NONE', ( #7762, #8104, #8093, #8683 ) ) ;
#9205 = CARTESIAN_POINT ( 'NONE',  ( -19.51423447418342860, 1.637735082298404254, 0.000000000000000000 ) ) ;
#9206 = CARTESIAN_POINT ( 'NONE',  ( -19.61496327537899020, 2.919857304890948857, -0.1000000000000000056 ) ) ;
#9207 = UNCERTAINTY_MEASURE_WITH_UNIT (LENGTH_MEASURE( 1.000000000000000082E-05 ), #901, 'distance_accuracy_value', 'NONE');
#9208 = CARTESIAN_POINT ( 'NONE',  ( -18.32197533745173956, 3.094422715504962174, 0.000000000000000000 ) ) ;
#9209 = DIRECTION ( 'NONE',  ( -0.000000000000000000, -0.000000000000000000, 1.000000000000000000 ) ) ;
#9210 = CARTESIAN_POINT ( 'NONE',  ( 4.080000000000003624, -8.406000000000005912, 3.100000000000000089 ) ) ;
#9211 = FACE_OUTER_BOUND ( 'NONE', #7363, .T. ) ;
#9212 = CARTESIAN_POINT ( 'NONE',  ( -18.41507688977921475, 4.052325325012205326, -0.1000000000000000056 ) ) ;
#9213 = CARTESIAN_POINT ( 'NONE',  ( -18.85811186292374586, 3.331590894063311659, 0.000000000000000000 ) ) ;
#9214 = COLOUR_RGB ( '',1.000000000000000000, 1.000000000000000000, 1.000000000000000000 ) ;
#9215 = LINE ( 'NONE', #2034, #6994 ) ;
#9216 = CIRCLE ( 'NONE', #5787, 7.000000000000002665 ) ;
#9217 = EDGE_CURVE ( 'NONE', #321, #280, #6949, .T. ) ;
#9218 = COLOUR_RGB ( '',1.000000000000000000, 0.9490196078431372140, 0.9098039215686274384 ) ;
#9219 = FACE_OUTER_BOUND ( 'NONE', #3183, .T. ) ;
#9220 = CARTESIAN_POINT ( 'NONE',  ( -19.85131390101182092, 3.540358549259218446, 0.000000000000000000 ) ) ;
#9221 = CARTESIAN_POINT ( 'NONE',  ( -18.38327807526592750, 2.050817013837700653, -0.1000000000000000056 ) ) ;
#9222 = DIRECTION ( 'NONE',  ( 0.000000000000000000, -0.000000000000000000, 1.000000000000000000 ) ) ;
#9223 = AXIS2_PLACEMENT_3D ( 'NONE', #1782, #1116, #4749 ) ;
ENDSEC;
END-ISO-10303-21;
