ISO-10303-21;
HEADER;
FILE_DESCRIPTION (( 'STEP AP214' ),
    '1' );
FILE_NAME ('Wheel_V2_Flat.STEP',
    '2025-08-14T15:16:20',
    ( '' ),
    ( '' ),
    'SwSTEP 2.0',
    'SolidWorks 2025',
    '' );
FILE_SCHEMA (( 'AUTOMOTIVE_DESIGN' ));
ENDSEC;

DATA;
#1 = AXIS2_PLACEMENT_3D ( 'NONE', #532, #2618, #440 ) ;
#2 = PLANE ( 'NONE',  #9762 ) ;
#3 = DIRECTION ( 'NONE',  ( -0.7043042975908130332, -0.7098982014311004951, 0.000000000000000000 ) ) ;
#4 = CARTESIAN_POINT ( 'NONE',  ( 15.55157169726830979, -37.93611231721990862, -2.500000000000000444 ) ) ;
#5 = VECTOR ( 'NONE', #9081, 1000.000000000000000 ) ;
#6 = EDGE_LOOP ( 'NONE', ( #4621, #6797, #5623, #5002 ) ) ;
#7 = CARTESIAN_POINT ( 'NONE',  ( -0.9621455304450543533, 28.75119701343881218, -2.500000000000000000 ) ) ;
#8 = VERTEX_POINT ( 'NONE', #2712 ) ;
#9 = VECTOR ( 'NONE', #3356, 1000.000000000000114 ) ;
#10 = CARTESIAN_POINT ( 'NONE',  ( 35.00000000000002842, 3.499999999999636735, -2.500000000000000444 ) ) ;
#11 = DIRECTION ( 'NONE',  ( 0.000000000000000000, 0.000000000000000000, 1.000000000000000000 ) ) ;
#12 = LINE ( 'NONE', #3035, #2846 ) ;
#13 = CIRCLE ( 'NONE', #7941, 2.000000000000001776 ) ;
#14 = VERTEX_POINT ( 'NONE', #6556 ) ;
#15 = CARTESIAN_POINT ( 'NONE',  ( 2.146992799845329980, 8.494333787820350423, 2.500000000000000444 ) ) ;
#16 = DIRECTION ( 'NONE',  ( 0.000000000000000000, 0.000000000000000000, 1.000000000000000000 ) ) ;
#17 = DIRECTION ( 'NONE',  ( -0.9669420253356220130, -0.2549963129926496319, 0.000000000000000000 ) ) ;
#18 = AXIS2_PLACEMENT_3D ( 'NONE', #1887, #4174, #399 ) ;
#19 = ORIENTED_EDGE ( 'NONE', *, *, #5619, .T. ) ;
#20 = VECTOR ( 'NONE', #4358, 1000.000000000000227 ) ;
#21 = EDGE_CURVE ( 'NONE', #4437, #291, #7253, .T. ) ;
#22 = ORIENTED_EDGE ( 'NONE', *, *, #7086, .F. ) ;
#23 = CARTESIAN_POINT ( 'NONE',  ( -20.53108891324536245, 28.56088913245546834, 2.500000000000000444 ) ) ;
#24 = ORIENTED_EDGE ( 'NONE', *, *, #8645, .T. ) ;
#25 = DIRECTION ( 'NONE',  ( -0.000000000000000000, -0.000000000000000000, -1.000000000000000000 ) ) ;
#26 = VERTEX_POINT ( 'NONE', #3401 ) ;
#27 = CARTESIAN_POINT ( 'NONE',  ( 8.995100449718432145, -11.31056335679695302, -2.500000000000000444 ) ) ;
#28 = ORIENTED_EDGE ( 'NONE', *, *, #3015, .T. ) ;
#29 = CARTESIAN_POINT ( 'NONE',  ( 0.000000000000000000, 0.000000000000000000, -2.500000000000000444 ) ) ;
#30 = ADVANCED_FACE ( 'NONE', ( #4840 ), #3449, .T. ) ;
#31 = VERTEX_POINT ( 'NONE', #520 ) ;
#32 = DIRECTION ( 'NONE',  ( -0.000000000000000000, 0.000000000000000000, 1.000000000000000000 ) ) ;
#33 = VERTEX_POINT ( 'NONE', #4200 ) ;
#34 = CARTESIAN_POINT ( 'NONE',  ( 47.50000000000000711, 5.817072295949929004E-15, 10.00000000000000000 ) ) ;
#35 = CARTESIAN_POINT ( 'NONE',  ( 1.535911781320788982, 1.540000000000000036, 20.30414570328606416 ) ) ;
#36 = AXIS2_PLACEMENT_3D ( 'NONE', #1195, #406, #6448 ) ;
#37 = DIRECTION ( 'NONE',  ( -0.000000000000000000, -0.000000000000000000, -1.000000000000000000 ) ) ;
#38 = ORIENTED_EDGE ( 'NONE', *, *, #2841, .T. ) ;
#39 = EDGE_CURVE ( 'NONE', #5534, #6787, #1216, .T. ) ;
#40 = DIRECTION ( 'NONE',  ( -0.7043042975908135883, 0.7098982014311000510, 0.000000000000000000 ) ) ;
#41 = DIRECTION ( 'NONE',  ( 0.000000000000000000, -1.000000000000000000, 0.000000000000000000 ) ) ;
#42 = EDGE_LOOP ( 'NONE', ( #9471, #6525, #2762, #9478, #5098, #1424, #2702, #6400, #4194, #4186 ) ) ;
#43 = CIRCLE ( 'NONE', #5595, 43.58578643762692195 ) ;
#44 = EDGE_LOOP ( 'NONE', ( #8091, #7317, #283, #1060 ) ) ;
#45 = ADVANCED_FACE ( 'NONE', ( #473 ), #7906, .T. ) ;
#46 = ORIENTED_EDGE ( 'NONE', *, *, #9164, .T. ) ;
#47 = DIRECTION ( 'NONE',  ( 1.000000000000000000, 0.000000000000000000, 0.000000000000000000 ) ) ;
#48 = DIRECTION ( 'NONE',  ( 0.7170960345909678235, 0.6969743733982689537, 0.000000000000000000 ) ) ;
#49 = CARTESIAN_POINT ( 'NONE',  ( -1.749999999999994893, 3.031088913245541860, -2.500000000000000444 ) ) ;
#50 = AXIS2_PLACEMENT_3D ( 'NONE', #1643, #2500, #8536 ) ;
#51 = CARTESIAN_POINT ( 'NONE',  ( -9.478295456909998862, 9.478295456910245775, 3.353331896490969299 ) ) ;
#52 = ADVANCED_FACE ( 'NONE', ( #9434 ), #3499, .F. ) ;
#53 = DIRECTION ( 'NONE',  ( -0.2725361962097283541, -0.9621455304451258517, 0.000000000000000000 ) ) ;
#54 = ORIENTED_EDGE ( 'NONE', *, *, #1854, .T. ) ;
#55 = CARTESIAN_POINT ( 'NONE',  ( 0.000000000000000000, 1.540000000000000036, 15.77499999999999680 ) ) ;
#56 = EDGE_LOOP ( 'NONE', ( #7269, #2400, #4163, #8057 ) ) ;
#57 = AXIS2_PLACEMENT_3D ( 'NONE', #7346, #2654, #6601 ) ;
#58 = CARTESIAN_POINT ( 'NONE',  ( 16.31018495079358743, -39.78665438147453415, 2.500000000000000444 ) ) ;
#59 = CARTESIAN_POINT ( 'NONE',  ( 0.000000000000000000, 0.000000000000000000, 2.500000000000000444 ) ) ;
#60 = CARTESIAN_POINT ( 'NONE',  ( -8.673617379884035472E-16, -28.47866081722887444, -2.500000000000000444 ) ) ;
#61 = VERTEX_POINT ( 'NONE', #1911 ) ;
#62 = LINE ( 'NONE', #6152, #6735 ) ;
#63 = ADVANCED_FACE ( 'NONE', ( #6514 ), #4946, .F. ) ;
#64 = CARTESIAN_POINT ( 'NONE',  ( -1.904962495076883311, 1.072658267105593088, 17.98066886783311347 ) ) ;
#65 = EDGE_CURVE ( 'NONE', #3046, #7845, #7961, .T. ) ;
#66 = CARTESIAN_POINT ( 'NONE',  ( -3.500000000000001332, -40.62942283616641248, 2.500000000000000444 ) ) ;
#67 = ORIENTED_EDGE ( 'NONE', *, *, #8044, .F. ) ;
#68 = EDGE_LOOP ( 'NONE', ( #8959, #601, #3766, #5385 ) ) ;
#69 = DIRECTION ( 'NONE',  ( 1.000000000000000000, 0.000000000000000000, 0.000000000000000000 ) ) ;
#70 = ORIENTED_EDGE ( 'NONE', *, *, #4121, .F. ) ;
#71 = LINE ( 'NONE', #3090, #2904 ) ;
#72 = ORIENTED_EDGE ( 'NONE', *, *, #4854, .F. ) ;
#73 = DIRECTION ( 'NONE',  ( 0.000000000000000000, 0.000000000000000000, 1.000000000000000000 ) ) ;
#74 = ORIENTED_EDGE ( 'NONE', *, *, #8462, .T. ) ;
#75 = DIRECTION ( 'NONE',  ( -0.7098982014311010502, 0.7043042975908125891, 0.000000000000000000 ) ) ;
#76 = ORIENTED_EDGE ( 'NONE', *, *, #4531, .F. ) ;
#77 = DIRECTION ( 'NONE',  ( -0.000000000000000000, -0.000000000000000000, 1.000000000000000000 ) ) ;
#78 = EDGE_LOOP ( 'NONE', ( #3786, #2129, #7138, #8844 ) ) ;
#79 = DIRECTION ( 'NONE',  ( 1.000000000000000000, 0.000000000000000000, 0.000000000000000000 ) ) ;
#80 = DIRECTION ( 'NONE',  ( -0.2626377277448091463, 0.9648945144237496274, 0.000000000000000000 ) ) ;
#81 = LINE ( 'NONE', #5389, #2830 ) ;
#82 = CARTESIAN_POINT ( 'NONE',  ( 0.000000000000000000, 0.000000000000000000, 12.50000000000000000 ) ) ;
#83 = CARTESIAN_POINT ( 'NONE',  ( -5.499999999999717559, 40.62942283616645511, 2.500000000000000444 ) ) ;
#84 = DIRECTION ( 'NONE',  ( -0.000000000000000000, -0.000000000000000000, 1.000000000000000000 ) ) ;
#85 = CIRCLE ( 'NONE', #8467, 21.99999999999991473 ) ;
#86 = ORIENTED_EDGE ( 'NONE', *, *, #3423, .T. ) ;
#87 = VERTEX_POINT ( 'NONE', #1169 ) ;
#88 = EDGE_CURVE ( 'NONE', #6236, #7264, #4097, .T. ) ;
#89 = VERTEX_POINT ( 'NONE', #6373 ) ;
#90 = DIRECTION ( 'NONE',  ( -0.000000000000000000, -0.000000000000000000, -1.000000000000000000 ) ) ;
#91 = LINE ( 'NONE', #3022, #799 ) ;
#92 = AXIS2_PLACEMENT_3D ( 'NONE', #1787, #4718, #3228 ) ;
#93 = CARTESIAN_POINT ( 'NONE',  ( 22.52902330986020019, 6.036633602139034771, 2.500000000000000444 ) ) ;
#94 = DIRECTION ( 'NONE',  ( 0.000000000000000000, 0.000000000000000000, -1.000000000000000000 ) ) ;
#95 = FACE_OUTER_BOUND ( 'NONE', #7719, .T. ) ;
#96 = ADVANCED_FACE ( 'NONE', ( #6466 ), #9483, .T. ) ;
#97 = ORIENTED_EDGE ( 'NONE', *, *, #3500, .F. ) ;
#98 = VECTOR ( 'NONE', #7339, 999.9999999999998863 ) ;
#99 = LINE ( 'NONE', #2437, #6573 ) ;
#100 = EDGE_CURVE ( 'NONE', #3838, #4813, #7500, .T. ) ;
#101 = EDGE_LOOP ( 'NONE', ( #8833, #2029, #6691, #3363, #6459 ) ) ;
#102 = DIRECTION ( 'NONE',  ( -0.7043042975908135883, 0.7098982014311000510, 0.000000000000000000 ) ) ;
#103 = EDGE_CURVE ( 'NONE', #1356, #9707, #6287, .T. ) ;
#104 = AXIS2_PLACEMENT_3D ( 'NONE', #8160, #3613, #9646 ) ;
#105 = CARTESIAN_POINT ( 'NONE',  ( -3.031088913245555183, 1.750000000000013989, -2.500000000000000444 ) ) ;
#106 = LINE ( 'NONE', #8970, #1892 ) ;
#107 = VERTEX_POINT ( 'NONE', #2937 ) ;
#108 = AXIS2_PLACEMENT_3D ( 'NONE', #7310, #3553, #5881 ) ;
#109 = PLANE ( 'NONE',  #9739 ) ;
#110 = CARTESIAN_POINT ( 'NONE',  ( -0.6236889207086185882, 5.465773822217125932, 16.47451767343445184 ) ) ;
#111 = CYLINDRICAL_SURFACE ( 'NONE', #7237, 12.50000000000000000 ) ;
#112 = ORIENTED_EDGE ( 'NONE', *, *, #6114, .T. ) ;
#113 = VECTOR ( 'NONE', #1771, 1000.000000000000000 ) ;
#114 = VERTEX_POINT ( 'NONE', #2100 ) ;
#115 = CARTESIAN_POINT ( 'NONE',  ( 11.62758378290163108, 10.24935585154515927, 2.500000000000000444 ) ) ;
#116 = ORIENTED_EDGE ( 'NONE', *, *, #9064, .F. ) ;
#117 = ADVANCED_FACE ( 'NONE', ( #5964 ), #8284, .F. ) ;
#118 = DIRECTION ( 'NONE',  ( 1.000000000000000000, 0.000000000000000000, 0.000000000000000000 ) ) ;
#119 = EDGE_CURVE ( 'NONE', #4150, #949, #6698, .T. ) ;
#120 = ORIENTED_EDGE ( 'NONE', *, *, #9423, .F. ) ;
#121 = CARTESIAN_POINT ( 'NONE',  ( 23.34580033132901278, 33.43611231721951782, 2.500000000000000444 ) ) ;
#122 = ORIENTED_EDGE ( 'NONE', *, *, #3788, .F. ) ;
#123 = FACE_BOUND ( 'NONE', #5329, .T. ) ;
#124 = AXIS2_PLACEMENT_3D ( 'NONE', #6089, #937, #3070 ) ;
#125 = ORIENTED_EDGE ( 'NONE', *, *, #7185, .T. ) ;
#126 = DIRECTION ( 'NONE',  ( 0.000000000000000000, 0.000000000000000000, -1.000000000000000000 ) ) ;
#127 = FACE_OUTER_BOUND ( 'NONE', #185, .T. ) ;
#128 = ORIENTED_EDGE ( 'NONE', *, *, #4613, .F. ) ;
#129 =( LENGTH_UNIT ( ) NAMED_UNIT ( * ) SI_UNIT ( .MILLI., .METRE. ) );
#130 = VECTOR ( 'NONE', #6952, 1000.000000000000000 ) ;
#131 = CARTESIAN_POINT ( 'NONE',  ( 19.93214605312783050, 3.460219394376086832, -2.500000000000000444 ) ) ;
#132 = FACE_BOUND ( 'NONE', #3489, .T. ) ;
#133 = ORIENTED_EDGE ( 'NONE', *, *, #4612, .F. ) ;
#134 = CARTESIAN_POINT ( 'NONE',  ( 0.000000000000000000, 0.000000000000000000, 22.50000000000000000 ) ) ;
#135 = DIRECTION ( 'NONE',  ( -0.7170960345909676015, -0.6969743733982690648, 0.000000000000000000 ) ) ;
#136 = CARTESIAN_POINT ( 'NONE',  ( -8.222222014276262314, -14.24130627983765507, 2.500000000000000444 ) ) ;
#137 = AXIS2_PLACEMENT_3D ( 'NONE', #1757, #9232, #5375 ) ;
#138 = EDGE_LOOP ( 'NONE', ( #1666, #3981, #1311, #6867, #1654 ) ) ;
#139 = EDGE_CURVE ( 'NONE', #2065, #1970, #8830, .T. ) ;
#140 = ORIENTED_EDGE ( 'NONE', *, *, #5582, .F. ) ;
#141 = ORIENTED_EDGE ( 'NONE', *, *, #3282, .T. ) ;
#142 = DIRECTION ( 'NONE',  ( 0.000000000000000000, 0.000000000000000000, -1.000000000000000000 ) ) ;
#143 = CARTESIAN_POINT ( 'NONE',  ( -14.29278542295881316, -2.134703820650322825, 2.689257726104057333 ) ) ;
#144 = AXIS2_PLACEMENT_3D ( 'NONE', #5516, #1791, #6935 ) ;
#145 = LINE ( 'NONE', #6296, #5056 ) ;
#146 = DIRECTION ( 'NONE',  ( 0.2626377277448087022, 0.9648945144237497384, 0.000000000000000000 ) ) ;
#147 = DIRECTION ( 'NONE',  ( 1.000000000000000000, 0.000000000000000000, 0.000000000000000000 ) ) ;
#148 = CARTESIAN_POINT ( 'NONE',  ( -22.52902330986012558, -6.036633602138820720, -2.500000000000000444 ) ) ;
#149 = EDGE_CURVE ( 'NONE', #8624, #6069, #273, .T. ) ;
#150 = AXIS2_PLACEMENT_3D ( 'NONE', #9085, #4554, #4603 ) ;
#151 = VECTOR ( 'NONE', #7737, 1000.000000000000114 ) ;
#152 = ORIENTED_EDGE ( 'NONE', *, *, #9736, .F. ) ;
#153 = PLANE ( 'NONE',  #8945 ) ;
#154 = ORIENTED_EDGE ( 'NONE', *, *, #1131, .F. ) ;
#155 = CARTESIAN_POINT ( 'NONE',  ( 1.831503943894501552, 1.532989392599077627, 17.69722818034212608 ) ) ;
#156 = LINE ( 'NONE', #5515, #5866 ) ;
#157 = CARTESIAN_POINT ( 'NONE',  ( -3.041841955658789676, -11.17530463715794653, -2.500000000000000444 ) ) ;
#158 = CIRCLE ( 'NONE', #4759, 15.50000000000000000 ) ;
#159 = ORIENTED_EDGE ( 'NONE', *, *, #7250, .F. ) ;
#160 = VECTOR ( 'NONE', #8446, 1000.000000000000000 ) ;
#161 = CARTESIAN_POINT ( 'NONE',  ( 6.106517200318350547, -6.282812448554086160, -2.500000000000000444 ) ) ;
#162 = VECTOR ( 'NONE', #9760, 1000.000000000000114 ) ;
#163 = CARTESIAN_POINT ( 'NONE',  ( -1.924895513468456443, 1.235284955800921569, 18.36815997416972124 ) ) ;
#164 = CARTESIAN_POINT ( 'NONE',  ( 9.671572875253835022, 0.000000000000000000, 12.50000000000000000 ) ) ;
#165 = ADVANCED_FACE ( 'NONE', ( #4527 ), #9622, .F. ) ;
#166 = EDGE_CURVE ( 'NONE', #1762, #6670, #2845, .T. ) ;
#167 = ORIENTED_EDGE ( 'NONE', *, *, #8628, .T. ) ;
#168 = VECTOR ( 'NONE', #5629, 1000.000000000000000 ) ;
#169 = ORIENTED_EDGE ( 'NONE', *, *, #5476, .T. ) ;
#170 = CARTESIAN_POINT ( 'NONE',  ( 13.85142617536663323, 5.182636859575170618, 2.564006035009257722 ) ) ;
#171 = ORIENTED_EDGE ( 'NONE', *, *, #2343, .T. ) ;
#172 = AXIS2_PLACEMENT_3D ( 'NONE', #9749, #6779, #6871 ) ;
#173 = CARTESIAN_POINT ( 'NONE',  ( -14.46891108675449722, -32.06088913245533689, 2.500000000000000444 ) ) ;
#174 = EDGE_CURVE ( 'NONE', #4737, #4719, #7872, .T. ) ;
#175 = ORIENTED_EDGE ( 'NONE', *, *, #2028, .F. ) ;
#176 = CARTESIAN_POINT ( 'NONE',  ( 23.33891914284128788, 18.35596847918083085, -2.500000000000000444 ) ) ;
#177 = ORIENTED_EDGE ( 'NONE', *, *, #599, .T. ) ;
#178 = CARTESIAN_POINT ( 'NONE',  ( 6.036633602139041876, 22.52902330986024992, -2.500000000000000444 ) ) ;
#179 = EDGE_CURVE ( 'NONE', #5897, #1356, #1496, .T. ) ;
#180 = CIRCLE ( 'NONE', #3350, 43.00000000000000711 ) ;
#181 = EDGE_CURVE ( 'NONE', #7996, #9380, #3591, .T. ) ;
#182 = ORIENTED_EDGE ( 'NONE', *, *, #6540, .F. ) ;
#183 = CARTESIAN_POINT ( 'NONE',  ( 2.146992799845329980, 8.494333787820350423, -2.500000000000000444 ) ) ;
#184 = FACE_OUTER_BOUND ( 'NONE', #3894, .T. ) ;
#185 = EDGE_LOOP ( 'NONE', ( #2923, #9108, #9763, #8492 ) ) ;
#186 = PLANE ( 'NONE',  #1927 ) ;
#187 = CARTESIAN_POINT ( 'NONE',  ( 6.036633602138965493, -22.52902330986004387, -2.500000000000000444 ) ) ;
#188 = LINE ( 'NONE', #4647, #7096 ) ;
#189 = VERTEX_POINT ( 'NONE', #5870 ) ;
#190 = EDGE_CURVE ( 'NONE', #1149, #7845, #8921, .T. ) ;
#191 = CYLINDRICAL_SURFACE ( 'NONE', #6449, 2.000000000000000000 ) ;
#192 = CARTESIAN_POINT ( 'NONE',  ( 10.67453374887274187, 9.162830469435636616, 2.836032871894662133 ) ) ;
#193 = ORIENTED_EDGE ( 'NONE', *, *, #2854, .T. ) ;
#194 = CARTESIAN_POINT ( 'NONE',  ( 25.07785113889720563, -32.43611231722002941, 2.500000000000000444 ) ) ;
#195 = EDGE_LOOP ( 'NONE', ( #4457, #1372, #4027, #4109 ) ) ;
#196 = ORIENTED_EDGE ( 'NONE', *, *, #5688, .F. ) ;
#197 = DIRECTION ( 'NONE',  ( 0.9669420253356220130, 0.2549963129926495209, 0.000000000000000000 ) ) ;
#198 = CARTESIAN_POINT ( 'NONE',  ( 26.30116095055072378, -34.01836169854783520, 2.500000000000000444 ) ) ;
#199 = CARTESIAN_POINT ( 'NONE',  ( -11.19901868863824568, 2.953339910681120895, 2.500000000000000444 ) ) ;
#200 = DIRECTION ( 'NONE',  ( 0.2626377277448087577, -0.9648945144237497384, 0.000000000000000000 ) ) ;
#201 = DIRECTION ( 'NONE',  ( 0.000000000000000000, 0.000000000000000000, 1.000000000000000000 ) ) ;
#202 = LINE ( 'NONE', #148, #8014 ) ;
#203 = CIRCLE ( 'NONE', #5749, 1.000000000000000000 ) ;
#204 = ORIENTED_EDGE ( 'NONE', *, *, #930, .T. ) ;
#205 = CARTESIAN_POINT ( 'NONE',  ( 11.19901868863826166, -2.953339910681126668, -2.500000000000000444 ) ) ;
#206 = EDGE_LOOP ( 'NONE', ( #8785, #9546, #2797, #6912 ) ) ;
#207 = CARTESIAN_POINT ( 'NONE',  ( 1.702362631225407430, 1.846152765629508696, 17.39499341988205572 ) ) ;
#208 = DIRECTION ( 'NONE',  ( 0.7098982014311000510, 0.7043042975908135883, 0.000000000000000000 ) ) ;
#209 = ADVANCED_FACE ( 'NONE', ( #4485 ), #6793, .F. ) ;
#210 = LINE ( 'NONE', #948, #5536 ) ;
#211 = EDGE_CURVE ( 'NONE', #8707, #1833, #5083, .T. ) ;
#212 = AXIS2_PLACEMENT_3D ( 'NONE', #7711, #5340, #4599 ) ;
#213 = ORIENTED_EDGE ( 'NONE', *, *, #1609, .F. ) ;
#214 = CARTESIAN_POINT ( 'NONE',  ( 8.429805248399418360, -2.387816587501792487, 2.500000000000000444 ) ) ;
#215 = ADVANCED_FACE ( 'NONE', ( #8877 ), #609, .F. ) ;
#216 = CARTESIAN_POINT ( 'NONE',  ( -1.911794012123992692, 1.284048686509146275, 18.04495642132481237 ) ) ;
#217 = LINE ( 'NONE', #6105, #3119 ) ;
#218 = EDGE_LOOP ( 'NONE', ( #1273, #312, #1069, #420 ) ) ;
#219 = AXIS2_PLACEMENT_3D ( 'NONE', #6754, #3890, #118 ) ;
#220 = ORIENTED_EDGE ( 'NONE', *, *, #2391, .F. ) ;
#221 = CARTESIAN_POINT ( 'NONE',  ( 12.94759237871383561, -3.469296921803686207, 3.353331896491003938 ) ) ;
#222 = EDGE_LOOP ( 'NONE', ( #1301, #7408, #4533, #2837 ) ) ;
#223 = LINE ( 'NONE', #9383, #4334 ) ;
#224 = EDGE_CURVE ( 'NONE', #4297, #530, #7350, .T. ) ;
#225 = ORIENTED_EDGE ( 'NONE', *, *, #1753, .T. ) ;
#226 = CARTESIAN_POINT ( 'NONE',  ( -40.62942283616642669, -3.499999999999859668, 2.500000000000000444 ) ) ;
#227 = ORIENTED_EDGE ( 'NONE', *, *, #1819, .T. ) ;
#228 = CARTESIAN_POINT ( 'NONE',  ( 0.000000000000000000, 0.000000000000000000, 2.500000000000000444 ) ) ;
#229 = EDGE_CURVE ( 'NONE', #8218, #363, #3454, .T. ) ;
#230 = VERTEX_POINT ( 'NONE', #5173 ) ;
#231 = DIRECTION ( 'NONE',  ( -0.6969743733982692868, 0.7170960345909674905, 0.000000000000000000 ) ) ;
#232 = CARTESIAN_POINT ( 'NONE',  ( 42.62942283616635564, -5.500000000000427214, -2.500000000000000444 ) ) ;
#233 = ORIENTED_EDGE ( 'NONE', *, *, #1797, .T. ) ;
#234 = EDGE_CURVE ( 'NONE', #6579, #7203, #3988, .T. ) ;
#235 = FACE_OUTER_BOUND ( 'NONE', #3518, .T. ) ;
#236 = EDGE_CURVE ( 'NONE', #1314, #1295, #1542, .T. ) ;
#237 = FACE_BOUND ( 'NONE', #2001, .T. ) ;
#238 = ORIENTED_EDGE ( 'NONE', *, *, #8263, .F. ) ;
#239 = CARTESIAN_POINT ( 'NONE',  ( -3.500000000000002665, -34.99999999999999289, 2.500000000000000444 ) ) ;
#240 = LINE ( 'NONE', #7170, #113 ) ;
#241 = DIRECTION ( 'NONE',  ( -0.000000000000000000, 1.000000000000000000, -0.000000000000000000 ) ) ;
#242 = ORIENTED_EDGE ( 'NONE', *, *, #279, .F. ) ;
#243 = DIRECTION ( 'NONE',  ( 0.9648945144237497384, 0.2626377277448087577, 0.000000000000000000 ) ) ;
#244 = VERTEX_POINT ( 'NONE', #4726 ) ;
#245 = DIRECTION ( 'NONE',  ( 1.000000000000000000, 0.000000000000000000, 0.000000000000000000 ) ) ;
#246 = EDGE_CURVE ( 'NONE', #6569, #4297, #62, .T. ) ;
#247 = EDGE_CURVE ( 'NONE', #1456, #8242, #8947, .T. ) ;
#248 = DIRECTION ( 'NONE',  ( -1.000000000000000000, 0.000000000000000000, 0.000000000000000000 ) ) ;
#249 = LINE ( 'NONE', #4123, #9331 ) ;
#250 = CARTESIAN_POINT ( 'NONE',  ( 0.000000000000000000, 0.000000000000000000, -2.500000000000000444 ) ) ;
#251 = DIRECTION ( 'NONE',  ( 0.000000000000000000, 0.000000000000000000, -1.000000000000000000 ) ) ;
#252 = LINE ( 'NONE', #6048, #1841 ) ;
#253 = VERTEX_POINT ( 'NONE', #1591 ) ;
#254 = DIRECTION ( 'NONE',  ( 1.000000000000000000, 0.000000000000000000, 0.000000000000000000 ) ) ;
#255 = VECTOR ( 'NONE', #4583, 1000.000000000000000 ) ;
#256 = EDGE_LOOP ( 'NONE', ( #5397, #3851, #1640, #4756 ) ) ;
#257 = CARTESIAN_POINT ( 'NONE',  ( 1.908710476060669681, 1.292194337487003963, 18.04238503790894654 ) ) ;
#258 = DIRECTION ( 'NONE',  ( 1.000000000000000000, 0.000000000000000000, 0.000000000000000000 ) ) ;
#259 = DIRECTION ( 'NONE',  ( -0.000000000000000000, -0.000000000000000000, 1.000000000000000000 ) ) ;
#260 = ORIENTED_EDGE ( 'NONE', *, *, #9228, .F. ) ;
#261 = VECTOR ( 'NONE', #1950, 999.9999999999998863 ) ;
#262 = CARTESIAN_POINT ( 'NONE',  ( 13.85142617536662435, -5.182636859575037391, 2.564006035009112061 ) ) ;
#263 = CARTESIAN_POINT ( 'NONE',  ( -1.919605864650704596, 1.043064429452080555, 18.46636982372738345 ) ) ;
#264 = DIRECTION ( 'NONE',  ( -0.000000000000000000, -0.000000000000000000, 1.000000000000000000 ) ) ;
#265 = AXIS2_PLACEMENT_3D ( 'NONE', #7540, #6690, #9057 ) ;
#266 = AXIS2_PLACEMENT_3D ( 'NONE', #2924, #4470, #8084 ) ;
#267 = ORIENTED_EDGE ( 'NONE', *, *, #6817, .F. ) ;
#268 = ORIENTED_EDGE ( 'NONE', *, *, #1882, .F. ) ;
#269 = CARTESIAN_POINT ( 'NONE',  ( -13.54235603521621201, -25.38033976807164649, -2.500000000000000000 ) ) ;
#270 = AXIS2_PLACEMENT_3D ( 'NONE', #4605, #6132, #8448 ) ;
#271 = ORIENTED_EDGE ( 'NONE', *, *, #5593, .F. ) ;
#272 = CARTESIAN_POINT ( 'NONE',  ( 2.953339910681150648, 11.19901868863836292, -2.500000000000000444 ) ) ;
#273 = CIRCLE ( 'NONE', #2811, 22.00000000000001421 ) ;
#274 = VERTEX_POINT ( 'NONE', #5518 ) ;
#275 = CARTESIAN_POINT ( 'NONE',  ( 9.478295456910178274, 9.478295456910142747, 3.353331896490917341 ) ) ;
#276 = VERTEX_POINT ( 'NONE', #6888 ) ;
#277 = DIRECTION ( 'NONE',  ( 1.224646799147353207E-16, 1.000000000000000000, -0.000000000000000000 ) ) ;
#278 = AXIS2_PLACEMENT_3D ( 'NONE', #83, #6131, #1029 ) ;
#279 = EDGE_CURVE ( 'NONE', #7702, #9118, #6938, .T. ) ;
#280 = VERTEX_POINT ( 'NONE', #2443 ) ;
#281 = DIRECTION ( 'NONE',  ( -0.7170960345909680456, 0.6969743733982686207, 0.000000000000000000 ) ) ;
#282 = DIRECTION ( 'NONE',  ( -0.5000000000000072164, -0.8660254037844344888, 0.000000000000000000 ) ) ;
#283 = ORIENTED_EDGE ( 'NONE', *, *, #8344, .T. ) ;
#284 = CARTESIAN_POINT ( 'NONE',  ( 42.61134590134520295, -5.768292682927278037, 2.500000000000000444 ) ) ;
#285 = CARTESIAN_POINT ( 'NONE',  ( -28.47866081722894194, 1.412715430748612278E-13, -2.500000000000000444 ) ) ;
#286 = VERTEX_POINT ( 'NONE', #6058 ) ;
#287 = CARTESIAN_POINT ( 'NONE',  ( 13.27251083153765343, -4.663002165360228268, 2.836032871894712315 ) ) ;
#288 = DIRECTION ( 'NONE',  ( 1.000000000000000000, 0.000000000000000000, 0.000000000000000000 ) ) ;
#289 = DIRECTION ( 'NONE',  ( -0.9648945144237495164, -0.2626377277448090908, 0.000000000000000000 ) ) ;
#290 = EDGE_CURVE ( 'NONE', #8887, #4559, #8795, .T. ) ;
#291 = VERTEX_POINT ( 'NONE', #5462 ) ;
#292 = EDGE_CURVE ( 'NONE', #5355, #8670, #7861, .T. ) ;
#293 = CARTESIAN_POINT ( 'NONE',  ( 0.000000000000000000, 0.000000000000000000, 22.50000000000000000 ) ) ;
#294 = ORIENTED_EDGE ( 'NONE', *, *, #3557, .F. ) ;
#295 = FACE_OUTER_BOUND ( 'NONE', #3954, .T. ) ;
#296 = CARTESIAN_POINT ( 'NONE',  ( 0.000000000000000000, 0.000000000000000000, 2.500000000000000444 ) ) ;
#297 = CARTESIAN_POINT ( 'NONE',  ( 8.221964726476977958, 8.157176732979570133, -2.500000000000000444 ) ) ;
#298 = DIRECTION ( 'NONE',  ( -0.9669420253356220130, -0.2549963129926496319, 0.000000000000000000 ) ) ;
#299 = AXIS2_PLACEMENT_3D ( 'NONE', #7112, #6474, #7166 ) ;
#300 = DIRECTION ( 'NONE',  ( -0.000000000000000000, 0.000000000000000000, 1.000000000000000000 ) ) ;
#301 = DIRECTION ( 'NONE',  ( -0.9648945144237495164, -0.2626377277448090908, 0.000000000000000000 ) ) ;
#302 = ADVANCED_FACE ( 'NONE', ( #3835 ), #6103, .F. ) ;
#303 = ADVANCED_FACE ( 'NONE', ( #6843 ), #801, .F. ) ;
#304 = EDGE_CURVE ( 'NONE', #964, #7887, #9273, .T. ) ;
#305 = ORIENTED_EDGE ( 'NONE', *, *, #1257, .F. ) ;
#306 = DIRECTION ( 'NONE',  ( 0.9648945144237497384, 0.2626377277448087577, 0.000000000000000000 ) ) ;
#307 = ORIENTED_EDGE ( 'NONE', *, *, #8279, .T. ) ;
#308 = VECTOR ( 'NONE', #1958, 1000.000000000000000 ) ;
#309 = CARTESIAN_POINT ( 'NONE',  ( -8.221964726476832297, -8.157176732979426248, -2.500000000000000444 ) ) ;
#310 = DIRECTION ( 'NONE',  ( -0.000000000000000000, -0.000000000000000000, -1.000000000000000000 ) ) ;
#311 = LINE ( 'NONE', #1839, #1262 ) ;
#312 = ORIENTED_EDGE ( 'NONE', *, *, #2631, .T. ) ;
#313 = SURFACE_STYLE_USAGE ( .BOTH. , #6500 ) ;
#314 = DIRECTION ( 'NONE',  ( -0.5000000000000063283, -0.8660254037844349329, 0.000000000000000000 ) ) ;
#315 = CARTESIAN_POINT ( 'NONE',  ( -8.221964726476890917, 8.157176732979472433, -2.500000000000000444 ) ) ;
#316 = VECTOR ( 'NONE', #5123, 1000.000000000000000 ) ;
#317 = EDGE_LOOP ( 'NONE', ( #1503, #5577, #4243, #7145, #2859 ) ) ;
#318 = ORIENTED_EDGE ( 'NONE', *, *, #868, .T. ) ;
#319 = LINE ( 'NONE', #9276, #1037 ) ;
#320 = EDGE_LOOP ( 'NONE', ( #8262, #5377, #2280, #9172 ) ) ;
#321 = AXIS2_PLACEMENT_3D ( 'NONE', #4807, #6913, #869 ) ;
#322 = CARTESIAN_POINT ( 'NONE',  ( -14.46891108675427162, 32.06088913245543637, -2.500000000000000444 ) ) ;
#323 = VECTOR ( 'NONE', #7974, 1000.000000000000000 ) ;
#324 = ORIENTED_EDGE ( 'NONE', *, *, #7300, .F. ) ;
#325 = CARTESIAN_POINT ( 'NONE',  ( -6.969435128366655796, -18.99185453113828714, 2.500000000000000444 ) ) ;
#326 = VERTEX_POINT ( 'NONE', #5364 ) ;
#327 = DIRECTION ( 'NONE',  ( 1.000000000000000000, 0.000000000000000000, 0.000000000000000000 ) ) ;
#328 = VECTOR ( 'NONE', #859, 1000.000000000000000 ) ;
#329 = CIRCLE ( 'NONE', #6965, 43.00000000000000711 ) ;
#330 = CIRCLE ( 'NONE', #3340, 2.000000000000001776 ) ;
#331 = ORIENTED_EDGE ( 'NONE', *, *, #4842, .F. ) ;
#332 = LINE ( 'NONE', #8598, #872 ) ;
#333 = CARTESIAN_POINT ( 'NONE',  ( 43.06088913245541505, 4.583647796502684280, 2.500000000000000444 ) ) ;
#334 = VERTEX_POINT ( 'NONE', #7739 ) ;
#335 = VECTOR ( 'NONE', #3722, 1000.000000000000000 ) ;
#336 = CARTESIAN_POINT ( 'NONE',  ( -22.52902330986010782, 6.036633602139107602, -2.500000000000000444 ) ) ;
#337 = FACE_OUTER_BOUND ( 'NONE', #4793, .T. ) ;
#338 = EDGE_CURVE ( 'NONE', #4954, #2710, #1846, .T. ) ;
#339 = AXIS2_PLACEMENT_3D ( 'NONE', #9149, #4120, #2578 ) ;
#340 = ORIENTED_EDGE ( 'NONE', *, *, #7665, .F. ) ;
#341 = LINE ( 'NONE', #8606, #3645 ) ;
#342 = DIRECTION ( 'NONE',  ( -0.000000000000000000, -0.000000000000000000, 1.000000000000000000 ) ) ;
#343 = CARTESIAN_POINT ( 'NONE',  ( 0.000000000000000000, 0.5000000000000029976, 18.29999999999999716 ) ) ;
#344 = CIRCLE ( 'NONE', #3354, 22.00000000000003197 ) ;
#345 = ORIENTED_EDGE ( 'NONE', *, *, #402, .F. ) ;
#346 = DIRECTION ( 'NONE',  ( 0.2626377277448090353, -0.9648945144237496274, 0.000000000000000000 ) ) ;
#347 = ORIENTED_EDGE ( 'NONE', *, *, #2556, .F. ) ;
#348 = FACE_OUTER_BOUND ( 'NONE', #1184, .T. ) ;
#349 = CARTESIAN_POINT ( 'NONE',  ( -42.61134590134528821, -5.768292682926682069, 2.500000000000000444 ) ) ;
#350 = EDGE_CURVE ( 'NONE', #7862, #2898, #7381, .T. ) ;
#351 = DIRECTION ( 'NONE',  ( -0.000000000000000000, -0.000000000000000000, 1.000000000000000000 ) ) ;
#352 = CARTESIAN_POINT ( 'NONE',  ( 4.945105014852261505, 14.68999443131558813, 2.500000000000000444 ) ) ;
#353 = DIRECTION ( 'NONE',  ( -0.2725361962097283541, -0.9621455304451258517, 0.000000000000000000 ) ) ;
#354 = CARTESIAN_POINT ( 'NONE',  ( 1.792234685376259629, 1.236058559655704991, 16.98103115362217608 ) ) ;
#355 = ADVANCED_FACE ( 'NONE', ( #848 ), #109, .F. ) ;
#356 = VERTEX_POINT ( 'NONE', #5415 ) ;
#357 = DIRECTION ( 'NONE',  ( -0.000000000000000000, -0.000000000000000000, 1.000000000000000000 ) ) ;
#358 = ORIENTED_EDGE ( 'NONE', *, *, #2992, .F. ) ;
#359 = CARTESIAN_POINT ( 'NONE',  ( 8.429805248399418360, -2.387816587501792487, -2.500000000000000444 ) ) ;
#360 = LINE ( 'NONE', #6307, #8713 ) ;
#361 = DIRECTION ( 'NONE',  ( -0.000000000000000000, -0.000000000000000000, 1.000000000000000000 ) ) ;
#362 = ADVANCED_FACE ( 'NONE', ( #1742 ), #8423, .F. ) ;
#363 = VERTEX_POINT ( 'NONE', #899 ) ;
#364 = EDGE_CURVE ( 'NONE', #742, #902, #4781, .T. ) ;
#365 =( NAMED_UNIT ( * ) SI_UNIT ( $, .STERADIAN. ) SOLID_ANGLE_UNIT ( ) );
#366 = AXIS2_PLACEMENT_3D ( 'NONE', #3777, #9667, #6004 ) ;
#367 = DIRECTION ( 'NONE',  ( 1.000000000000000000, 0.000000000000000000, 0.000000000000000000 ) ) ;
#368 = DIRECTION ( 'NONE',  ( 0.000000000000000000, -0.000000000000000000, -1.000000000000000000 ) ) ;
#369 = ORIENTED_EDGE ( 'NONE', *, *, #3817, .F. ) ;
#370 = ORIENTED_EDGE ( 'NONE', *, *, #3211, .F. ) ;
#371 = CARTESIAN_POINT ( 'NONE',  ( 1.840205031700965499, 1.507406702552743116, 18.87322099213959348 ) ) ;
#372 = VERTEX_POINT ( 'NONE', #4087 ) ;
#373 = CIRCLE ( 'NONE', #9218, 44.41421356237311358 ) ;
#374 = DIRECTION ( 'NONE',  ( 0.000000000000000000, -1.000000000000000000, 0.000000000000000000 ) ) ;
#375 = ADVANCED_FACE ( 'NONE', ( #1103 ), #6584, .T. ) ;
#376 = ORIENTED_EDGE ( 'NONE', *, *, #8153, .F. ) ;
#377 = ADVANCED_FACE ( 'NONE', ( #7840 ), #2545, .T. ) ;
#378 = CARTESIAN_POINT ( 'NONE',  ( 2.597977082664955972, -13.82583263479575386, 2.836032871894766938 ) ) ;
#379 = ORIENTED_EDGE ( 'NONE', *, *, #6300, .F. ) ;
#380 = CARTESIAN_POINT ( 'NONE',  ( -17.28362250483771945, -36.93611231721969546, -2.500000000000000444 ) ) ;
#381 = AXIS2_PLACEMENT_3D ( 'NONE', #809, #1550, #4537 ) ;
#382 = EDGE_LOOP ( 'NONE', ( #4771, #394, #7713, #2497 ) ) ;
#383 = DIRECTION ( 'NONE',  ( 0.9648945144237498495, -0.2626377277448084802, 0.000000000000000000 ) ) ;
#384 = EDGE_LOOP ( 'NONE', ( #4843, #324, #2592, #4241 ) ) ;
#385 = DIRECTION ( 'NONE',  ( 1.000000000000000000, 3.469446951953617344E-15, 0.000000000000000000 ) ) ;
#386 = LINE ( 'NONE', #6380, #8996 ) ;
#387 = CARTESIAN_POINT ( 'NONE',  ( -6.969435128366574972, 18.99185453113851096, -2.500000000000000444 ) ) ;
#388 = VERTEX_POINT ( 'NONE', #1947 ) ;
#389 = DIRECTION ( 'NONE',  ( -0.2549963129926494654, -0.9669420253356221240, 0.000000000000000000 ) ) ;
#390 = DIRECTION ( 'NONE',  ( 0.000000000000000000, 0.000000000000000000, 1.000000000000000000 ) ) ;
#391 = ORIENTED_EDGE ( 'NONE', *, *, #7821, .F. ) ;
#392 = EDGE_LOOP ( 'NONE', ( #4861, #5935, #7106, #9387 ) ) ;
#393 = CARTESIAN_POINT ( 'NONE',  ( 15.20884097822255221, 24.41819423762672869, 2.500000000000000444 ) ) ;
#394 = ORIENTED_EDGE ( 'NONE', *, *, #5718, .T. ) ;
#395 = LINE ( 'NONE', #5603, #3850 ) ;
#396 = FACE_OUTER_BOUND ( 'NONE', #2093, .T. ) ;
#397 = CARTESIAN_POINT ( 'NONE',  ( 2.357445088358655250E-16, 2.140000000000000124, 16.37499999999999645 ) ) ;
#398 = DIRECTION ( 'NONE',  ( 0.000000000000000000, 0.000000000000000000, 1.000000000000000000 ) ) ;
#399 = DIRECTION ( 'NONE',  ( 1.000000000000000000, 0.000000000000000000, 0.000000000000000000 ) ) ;
#400 = CARTESIAN_POINT ( 'NONE',  ( 16.52039759876006286, -4.426627195228738820, -2.500000000000000000 ) ) ;
#401 = MANIFOLD_SOLID_BREP ( 'Fillet8', #6747 ) ;
#402 = EDGE_CURVE ( 'NONE', #6303, #684, #4139, .T. ) ;
#403 = ORIENTED_EDGE ( 'NONE', *, *, #9164, .F. ) ;
#404 = CARTESIAN_POINT ( 'NONE',  ( 0.000000000000000000, 0.000000000000000000, 10.49999999999998579 ) ) ;
#405 = ORIENTED_EDGE ( 'NONE', *, *, #620, .T. ) ;
#406 = DIRECTION ( 'NONE',  ( -0.000000000000000000, -0.000000000000000000, 1.000000000000000000 ) ) ;
#407 = CARTESIAN_POINT ( 'NONE',  ( -1.535911781320788982, 1.540000000000000036, 22.50000000000000000 ) ) ;
#408 = CARTESIAN_POINT ( 'NONE',  ( -2.387816587501760068, -8.429805248399302897, 2.500000000000000444 ) ) ;
#409 = ORIENTED_EDGE ( 'NONE', *, *, #2718, .T. ) ;
#410 = EDGE_CURVE ( 'NONE', #87, #3456, #3910, .T. ) ;
#411 = CARTESIAN_POINT ( 'NONE',  ( -13.27251083153760192, -4.663002165360049744, 2.836032871894599516 ) ) ;
#412 = CARTESIAN_POINT ( 'NONE',  ( -1.822475988149209636, 1.189894740729981359, 19.52714746883271602 ) ) ;
#413 = LINE ( 'NONE', #9520, #261 ) ;
#414 = ORIENTED_EDGE ( 'NONE', *, *, #1649, .F. ) ;
#415 = AXIS2_PLACEMENT_3D ( 'NONE', #4298, #4251, #4203 ) ;
#416 = EDGE_CURVE ( 'NONE', #3030, #6819, #3516, .T. ) ;
#417 = ORIENTED_EDGE ( 'NONE', *, *, #8145, .T. ) ;
#418 = CARTESIAN_POINT ( 'NONE',  ( 1.741226289000488592, 1.766573482859409738, 17.45692380114846287 ) ) ;
#419 = ADVANCED_FACE ( 'NONE', ( #1842 ), #6361, .T. ) ;
#420 = ORIENTED_EDGE ( 'NONE', *, *, #7116, .F. ) ;
#421 = DIRECTION ( 'NONE',  ( -0.000000000000000000, -0.000000000000000000, -1.000000000000000000 ) ) ;
#422 = VECTOR ( 'NONE', #6489, 1000.000000000000000 ) ;
#423 = ORIENTED_EDGE ( 'NONE', *, *, #5564, .F. ) ;
#424 = LINE ( 'NONE', #1065, #3147 ) ;
#425 = DIRECTION ( 'NONE',  ( 1.000000000000000000, 0.000000000000000000, 0.000000000000000000 ) ) ;
#426 = AXIS2_PLACEMENT_3D ( 'NONE', #5946, #8863, #6729 ) ;
#427 = DIRECTION ( 'NONE',  ( -0.000000000000000000, -0.000000000000000000, 1.000000000000000000 ) ) ;
#428 = AXIS2_PLACEMENT_3D ( 'NONE', #9247, #2465, #9044 ) ;
#429 = EDGE_CURVE ( 'NONE', #6541, #3959, #4453, .T. ) ;
#430 = VERTEX_POINT ( 'NONE', #1199 ) ;
#431 = CARTESIAN_POINT ( 'NONE',  ( -1.543571220819155210, 2.140000000000000124, 17.14977702759035694 ) ) ;
#432 = EDGE_CURVE ( 'NONE', #3216, #502, #3439, .T. ) ;
#433 = CIRCLE ( 'NONE', #6115, 2.000000000000001776 ) ;
#434 = ORIENTED_EDGE ( 'NONE', *, *, #7373, .T. ) ;
#435 = CARTESIAN_POINT ( 'NONE',  ( 8.157176732979506184, 8.221964726476935326, -2.500000000000000444 ) ) ;
#436 = VECTOR ( 'NONE', #751, 1000.000000000000000 ) ;
#437 = VECTOR ( 'NONE', #6312, 1000.000000000000000 ) ;
#438 = FACE_BOUND ( 'NONE', #5975, .T. ) ;
#439 = ORIENTED_EDGE ( 'NONE', *, *, #4725, .T. ) ;
#440 = DIRECTION ( 'NONE',  ( 1.000000000000000000, 0.000000000000000000, 0.000000000000000000 ) ) ;
#441 = DIRECTION ( 'NONE',  ( -0.000000000000000000, -0.000000000000000000, -1.000000000000000000 ) ) ;
#442 = EDGE_LOOP ( 'NONE', ( #1344, #2993, #1466, #3100 ) ) ;
#443 = FACE_OUTER_BOUND ( 'NONE', #9496, .T. ) ;
#444 = CIRCLE ( 'NONE', #5973, 43.00000000000000711 ) ;
#445 = ORIENTED_EDGE ( 'NONE', *, *, #4831, .T. ) ;
#446 = CIRCLE ( 'NONE', #3296, 2.000000000000001776 ) ;
#447 = DIRECTION ( 'NONE',  ( 0.7098982014311000510, 0.7043042975908135883, 0.000000000000000000 ) ) ;
#448 = CARTESIAN_POINT ( 'NONE',  ( -16.31018495079386454, 39.78665438147442757, -2.500000000000000444 ) ) ;
#449 = CARTESIAN_POINT ( 'NONE',  ( 1.925029518163602793, 5.152112319737924828, 18.17360173577856841 ) ) ;
#450 = CARTESIAN_POINT ( 'NONE',  ( -1.543571220819097478, 2.140000000000000124, 19.45022297240971199 ) ) ;
#451 = CARTESIAN_POINT ( 'NONE',  ( 1.687485674968643545, 1.390296199701366087, 19.91750354470891793 ) ) ;
#452 = ORIENTED_EDGE ( 'NONE', *, *, #1530, .T. ) ;
#453 = LINE ( 'NONE', #7234, #1365 ) ;
#454 = ORIENTED_EDGE ( 'NONE', *, *, #5746, .T. ) ;
#455 = FACE_OUTER_BOUND ( 'NONE', #2862, .T. ) ;
#456 = CARTESIAN_POINT ( 'NONE',  ( 8.222222014276331592, 14.24130627983787178, -2.500000000000000444 ) ) ;
#457 = CARTESIAN_POINT ( 'NONE',  ( -2.387816587501760068, -8.429805248399302897, -2.500000000000000444 ) ) ;
#458 = AXIS2_PLACEMENT_3D ( 'NONE', #2502, #73, #5530 ) ;
#459 = ORIENTED_EDGE ( 'NONE', *, *, #6245, .T. ) ;
#460 = EDGE_CURVE ( 'NONE', #8980, #6977, #3435, .T. ) ;
#461 = CARTESIAN_POINT ( 'NONE',  ( 11.17530463715806377, -3.041841955658827867, -2.500000000000000444 ) ) ;
#462 = CARTESIAN_POINT ( 'NONE',  ( -1.264049846963453794, 1.805198233657680174, 19.78208860712692996 ) ) ;
#463 = DIRECTION ( 'NONE',  ( 1.000000000000000000, 0.000000000000000000, 0.000000000000000000 ) ) ;
#464 = ORIENTED_EDGE ( 'NONE', *, *, #4053, .F. ) ;
#465 = AXIS2_PLACEMENT_3D ( 'NONE', #3299, #6118, #3998 ) ;
#466 = EDGE_LOOP ( 'NONE', ( #8585, #9336, #6728, #5320 ) ) ;
#467 = CARTESIAN_POINT ( 'NONE',  ( 0.000000000000000000, 0.000000000000000000, 5.500000000000000888 ) ) ;
#468 = EDGE_LOOP ( 'NONE', ( #3550, #4258, #4984, #2339 ) ) ;
#469 = CARTESIAN_POINT ( 'NONE',  ( 43.06088913245541505, 4.583647796502684280, -2.500000000000000444 ) ) ;
#470 = VERTEX_POINT ( 'NONE', #7993 ) ;
#471 = DIRECTION ( 'NONE',  ( -1.000000000000000000, -3.469446951953617344E-15, 0.000000000000000000 ) ) ;
#472 = EDGE_CURVE ( 'NONE', #8, #5343, #4563, .T. ) ;
#473 = FACE_OUTER_BOUND ( 'NONE', #7695, .T. ) ;
#474 = VECTOR ( 'NONE', #4525, 1000.000000000000000 ) ;
#475 = CARTESIAN_POINT ( 'NONE',  ( 2.953339910681121339, -11.19901868863823680, -2.500000000000000444 ) ) ;
#476 = AXIS2_PLACEMENT_3D ( 'NONE', #9735, #9141, #3858 ) ;
#477 = ORIENTED_EDGE ( 'NONE', *, *, #4612, .T. ) ;
#478 = CARTESIAN_POINT ( 'NONE',  ( 8.169624749921858609, 0.000000000000000000, 12.50000000000000000 ) ) ;
#479 = ORIENTED_EDGE ( 'NONE', *, *, #4785, .T. ) ;
#480 = AXIS2_PLACEMENT_3D ( 'NONE', #6586, #4274, #7286 ) ;
#481 = CARTESIAN_POINT ( 'NONE',  ( 3.460219394376097490, 19.93214605312788024, -2.500000000000000444 ) ) ;
#482 = DIRECTION ( 'NONE',  ( 0.000000000000000000, 0.000000000000000000, -1.000000000000000000 ) ) ;
#483 = CIRCLE ( 'NONE', #3006, 9.671572875253835022 ) ;
#484 = ORIENTED_EDGE ( 'NONE', *, *, #1210, .F. ) ;
#485 = CARTESIAN_POINT ( 'NONE',  ( -1.543571220819097478, 2.140000000000000124, 19.45022297240971199 ) ) ;
#486 = EDGE_CURVE ( 'NONE', #547, #3483, #9321, .T. ) ;
#487 = AXIS2_PLACEMENT_3D ( 'NONE', #862, #9728, #2212 ) ;
#488 = VERTEX_POINT ( 'NONE', #8221 ) ;
#489 = CARTESIAN_POINT ( 'NONE',  ( -11.03411263498100681, 27.56619458545766221, 2.500000000000000444 ) ) ;
#490 = AXIS2_PLACEMENT_3D ( 'NONE', #5904, #5261, #2791 ) ;
#491 = ORIENTED_EDGE ( 'NONE', *, *, #4314, .T. ) ;
#492 = CIRCLE ( 'NONE', #8553, 2.524999999999999467 ) ;
#493 = LINE ( 'NONE', #9406, #5756 ) ;
#494 = CARTESIAN_POINT ( 'NONE',  ( 1.750000000000034639, 3.031088913245514771, -2.500000000000000444 ) ) ;
#495 = EDGE_CURVE ( 'NONE', #5803, #4540, #6639, .T. ) ;
#496 = CARTESIAN_POINT ( 'NONE',  ( 0.1263297346441275837, 5.500000000000000000, 16.37499999999999645 ) ) ;
#497 = EDGE_CURVE ( 'NONE', #5682, #6039, #5805, .T. ) ;
#498 = CIRCLE ( 'NONE', #18, 1.000000000000000888 ) ;
#499 = LINE ( 'NONE', #3565, #2382 ) ;
#500 = PLANE ( 'NONE',  #4869 ) ;
#501 = AXIS2_PLACEMENT_3D ( 'NONE', #7518, #1374, #2311 ) ;
#502 = VERTEX_POINT ( 'NONE', #509 ) ;
#503 = CARTESIAN_POINT ( 'NONE',  ( -1.535911781320789204, 1.539999999999999813, 20.26619931953876019 ) ) ;
#504 = ORIENTED_EDGE ( 'NONE', *, *, #2856, .T. ) ;
#505 = CARTESIAN_POINT ( 'NONE',  ( -27.56619458545749879, 11.03411263498120753, -2.500000000000000444 ) ) ;
#506 = CARTESIAN_POINT ( 'NONE',  ( 13.10649060984540704, 4.053066941773738385, 3.055993497343759469 ) ) ;
#507 = LINE ( 'NONE', #6544, #4130 ) ;
#508 = ORIENTED_EDGE ( 'NONE', *, *, #8540, .T. ) ;
#509 = CARTESIAN_POINT ( 'NONE',  ( -1.535911781320788982, 1.540000000000000036, 16.29585429671393015 ) ) ;
#510 = CARTESIAN_POINT ( 'NONE',  ( 9.162830469435569114, -10.67453374887258910, 2.836032871894747398 ) ) ;
#511 = CARTESIAN_POINT ( 'NONE',  ( -20.53108891324557206, -28.56088913245532268, -2.500000000000000444 ) ) ;
#512 = EDGE_LOOP ( 'NONE', ( #7348, #4424, #3719, #9031 ) ) ;
#513 = ORIENTED_EDGE ( 'NONE', *, *, #2896, .F. ) ;
#514 = CARTESIAN_POINT ( 'NONE',  ( 1.868561758961600372, 1.423015910635476056, 18.77577531854442228 ) ) ;
#515 = EDGE_CURVE ( 'NONE', #6931, #8554, #644, .T. ) ;
#516 = ORIENTED_EDGE ( 'NONE', *, *, #2428, .T. ) ;
#517 = AXIS2_PLACEMENT_3D ( 'NONE', #7580, #2921, #8308 ) ;
#518 = VERTEX_POINT ( 'NONE', #3721 ) ;
#519 = CARTESIAN_POINT ( 'NONE',  ( 2.746556991812834969, -14.88747003981884909, 2.500000000000000444 ) ) ;
#520 = CARTESIAN_POINT ( 'NONE',  ( 27.56619458545758405, -11.03411263498098016, -2.500000000000000444 ) ) ;
#521 = CARTESIAN_POINT ( 'NONE',  ( -23.34580033132878540, -33.43611231721968835, 2.500000000000000444 ) ) ;
#522 = AXIS2_PLACEMENT_3D ( 'NONE', #3867, #90, #245 ) ;
#523 = ORIENTED_EDGE ( 'NONE', *, *, #7131, .T. ) ;
#524 = CARTESIAN_POINT ( 'NONE',  ( -1.900453718445023421, 1.320318975999591915, 18.61150946762574065 ) ) ;
#525 = EDGE_CURVE ( 'NONE', #5900, #7520, #7059, .T. ) ;
#526 = VERTEX_POINT ( 'NONE', #597 ) ;
#527 = DIRECTION ( 'NONE',  ( -0.000000000000000000, -0.000000000000000000, 1.000000000000000000 ) ) ;
#528 = ADVANCED_FACE ( 'NONE', ( #2234 ), #2879, .F. ) ;
#529 = FACE_BOUND ( 'NONE', #8858, .T. ) ;
#530 = VERTEX_POINT ( 'NONE', #8127 ) ;
#531 = AXIS2_PLACEMENT_3D ( 'NONE', #6233, #1656, #7619 ) ;
#532 = CARTESIAN_POINT ( 'NONE',  ( 5.500000000000285105, 40.62942283616637695, 2.500000000000000444 ) ) ;
#533 = EDGE_CURVE ( 'NONE', #3689, #5465, #5260, .T. ) ;
#534 = ORIENTED_EDGE ( 'NONE', *, *, #6301, .F. ) ;
#535 = CARTESIAN_POINT ( 'NONE',  ( 11.31056335679705249, -8.995100449718375302, 2.689257726104046231 ) ) ;
#536 = EDGE_CURVE ( 'NONE', #4784, #3020, #1673, .T. ) ;
#537 = CIRCLE ( 'NONE', #6072, 6.706917346683512804 ) ;
#538 = EDGE_CURVE ( 'NONE', #6074, #4333, #7219, .T. ) ;
#539 = ORIENTED_EDGE ( 'NONE', *, *, #7147, .F. ) ;
#540 = CARTESIAN_POINT ( 'NONE',  ( -5.768292682926831283, -42.61134590134526690, 2.500000000000000444 ) ) ;
#541 = PLANE ( 'NONE',  #2235 ) ;
#542 = DIRECTION ( 'NONE',  ( -0.000000000000000000, -0.000000000000000000, 1.000000000000000000 ) ) ;
#543 = CARTESIAN_POINT ( 'NONE',  ( -4.227275442616239332, 29.39008111416192293, -2.500000000000000444 ) ) ;
#544 = B_SPLINE_CURVE_WITH_KNOTS ( 'NONE', 3,
 ( #3173, #5452, #2327, #7675 ),
 .UNSPECIFIED., .F., .F.,
 ( 4, 4 ),
 ( 2.211347213673310821E-18, 0.001307469713021835490 ),
 .UNSPECIFIED. ) ;
#545 = CARTESIAN_POINT ( 'NONE',  ( 3.041841955658786123, -11.17530463715789324, -2.500000000000000444 ) ) ;
#546 = ADVANCED_FACE ( 'NONE', ( #9752 ), #3576, .T. ) ;
#547 = VERTEX_POINT ( 'NONE', #5068 ) ;
#548 = DIRECTION ( 'NONE',  ( 1.000000000000000000, 0.000000000000000000, 0.000000000000000000 ) ) ;
#549 = EDGE_CURVE ( 'NONE', #6854, #2241, #8172, .T. ) ;
#550 = ORIENTED_EDGE ( 'NONE', *, *, #929, .T. ) ;
#551 = FACE_OUTER_BOUND ( 'NONE', #2057, .T. ) ;
#552 = LINE ( 'NONE', #2035, #8850 ) ;
#553 = ORIENTED_EDGE ( 'NONE', *, *, #5322, .T. ) ;
#554 = CARTESIAN_POINT ( 'NONE',  ( -5.500000000000000000, 0.000000000000000000, 21.50000000000000000 ) ) ;
#555 = PLANE ( 'NONE',  #7937 ) ;
#556 = CARTESIAN_POINT ( 'NONE',  ( 28.75119701343874468, 0.9621455304452010138, -2.500000000000000444 ) ) ;
#557 = VERTEX_POINT ( 'NONE', #3535 ) ;
#558 = CARTESIAN_POINT ( 'NONE',  ( -13.54235603521621023, -25.38033976807165004, 2.500000000000000444 ) ) ;
#559 = ORIENTED_EDGE ( 'NONE', *, *, #6405, .T. ) ;
#560 = LINE ( 'NONE', #9525, #1799 ) ;
#561 = DIRECTION ( 'NONE',  ( -0.000000000000000000, -0.000000000000000000, 1.000000000000000000 ) ) ;
#562 = VERTEX_POINT ( 'NONE', #6547 ) ;
#563 = CARTESIAN_POINT ( 'NONE',  ( -1.749999999999994893, 3.031088913245541860, -2.500000000000000444 ) ) ;
#564 = DIRECTION ( 'NONE',  ( -0.6969743733982692868, 0.7170960345909674905, 0.000000000000000000 ) ) ;
#565 = DIRECTION ( 'NONE',  ( 1.000000000000000000, 0.000000000000000000, 0.000000000000000000 ) ) ;
#566 = ORIENTED_EDGE ( 'NONE', *, *, #6528, .T. ) ;
#567 = FACE_OUTER_BOUND ( 'NONE', #468, .T. ) ;
#568 = EDGE_LOOP ( 'NONE', ( #8856, #8147, #4653, #731 ) ) ;
#569 = CARTESIAN_POINT ( 'NONE',  ( 5.768292682926831283, -42.61134590134526690, 2.500000000000000444 ) ) ;
#570 = CARTESIAN_POINT ( 'NONE',  ( -7.806255641895631925E-15, -16.44444402855240028, 2.500000000000000444 ) ) ;
#571 = ORIENTED_EDGE ( 'NONE', *, *, #8803, .F. ) ;
#572 = DIRECTION ( 'NONE',  ( 1.000000000000000000, 0.000000000000000000, 0.000000000000000000 ) ) ;
#573 = VECTOR ( 'NONE', #9704, 1000.000000000000114 ) ;
#574 = EDGE_CURVE ( 'NONE', #2986, #8226, #9657, .T. ) ;
#575 = COLOUR_RGB ( '',0.7921568627450980005, 0.8196078431372548767, 0.9333333333333333481 ) ;
#576 = ORIENTED_EDGE ( 'NONE', *, *, #6887, .T. ) ;
#577 = CARTESIAN_POINT ( 'NONE',  ( -11.03411263498106720, -27.56619458545742773, -2.500000000000000444 ) ) ;
#578 = AXIS2_PLACEMENT_3D ( 'NONE', #5754, #7082, #5009 ) ;
#579 = ORIENTED_EDGE ( 'NONE', *, *, #969, .F. ) ;
#580 = CARTESIAN_POINT ( 'NONE',  ( 14.24130627983780428, -8.222222014276193036, -2.500000000000000444 ) ) ;
#581 = CARTESIAN_POINT ( 'NONE',  ( 25.50000000000024514, 34.99999999999982236, -2.500000000000000444 ) ) ;
#582 = CIRCLE ( 'NONE', #6122, 12.50000000000000000 ) ;
#583 = CARTESIAN_POINT ( 'NONE',  ( -11.19901868863824568, 2.953339910681120895, -2.500000000000000444 ) ) ;
#584 = ORIENTED_EDGE ( 'NONE', *, *, #8697, .T. ) ;
#585 = ADVANCED_FACE ( 'NONE', ( #8818 ), #1296, .F. ) ;
#586 = CARTESIAN_POINT ( 'NONE',  ( 23.33891914284128788, 18.35596847918083085, -2.500000000000000444 ) ) ;
#587 = EDGE_CURVE ( 'NONE', #8440, #3765, #1341, .T. ) ;
#589 = VECTOR ( 'NONE', #662, 1000.000000000000000 ) ;
#588 = DIRECTION ( 'NONE',  ( -0.000000000000000000, -0.000000000000000000, 1.000000000000000000 ) ) ;
#590 = VERTEX_POINT ( 'NONE', #554 ) ;
#591 = FACE_OUTER_BOUND ( 'NONE', #9377, .T. ) ;
#592 = ORIENTED_EDGE ( 'NONE', *, *, #1860, .T. ) ;
#593 = PLANE ( 'NONE',  #1948 ) ;
#594 = DIRECTION ( 'NONE',  ( -0.000000000000000000, 0.000000000000000000, 1.000000000000000000 ) ) ;
#595 = EDGE_LOOP ( 'NONE', ( #8846, #7558, #1506, #3582 ) ) ;
#596 = EDGE_CURVE ( 'NONE', #2043, #1793, #6590, .T. ) ;
#597 = CARTESIAN_POINT ( 'NONE',  ( -2.174999999999999822, 2.663606788145493121E-16, 22.50000000000000000 ) ) ;
#598 = DIRECTION ( 'NONE',  ( -0.2450494958541577784, -0.9695105696079970858, 0.000000000000000000 ) ) ;
#599 = EDGE_CURVE ( 'NONE', #2696, #61, #7385, .T. ) ;
#600 = FACE_OUTER_BOUND ( 'NONE', #2108, .T. ) ;
#601 = ORIENTED_EDGE ( 'NONE', *, *, #6369, .F. ) ;
#602 = DIRECTION ( 'NONE',  ( 0.9669420253356221240, -0.2549963129926494654, 0.000000000000000000 ) ) ;
#603 = EDGE_LOOP ( 'NONE', ( #3987, #7025, #9196, #7613, #3262 ) ) ;
#604 = AXIS2_PLACEMENT_3D ( 'NONE', #6862, #7712, #6966 ) ;
#605 = CARTESIAN_POINT ( 'NONE',  ( -15.55157169726856559, 37.93611231721979493, 2.500000000000000444 ) ) ;
#606 = LINE ( 'NONE', #3634, #935 ) ;
#607 = ORIENTED_EDGE ( 'NONE', *, *, #8162, .T. ) ;
#608 = DIRECTION ( 'NONE',  ( -0.000000000000000000, -0.000000000000000000, 1.000000000000000000 ) ) ;
#609 = PLANE ( 'NONE',  #4072 ) ;
#610 = FACE_OUTER_BOUND ( 'NONE', #2746, .T. ) ;
#611 = CARTESIAN_POINT ( 'NONE',  ( 15.55157169726830979, -37.93611231721990862, 2.500000000000000444 ) ) ;
#612 = TOROIDAL_SURFACE ( 'NONE', #3949, 4.500000000000000000, 1.000000000000000000 ) ;
#613 = ORIENTED_EDGE ( 'NONE', *, *, #9553, .F. ) ;
#614 = CARTESIAN_POINT ( 'NONE',  ( 27.56619458545760182, 11.03411263498115424, 2.500000000000000444 ) ) ;
#615 = VERTEX_POINT ( 'NONE', #2133 ) ;
#616 = CARTESIAN_POINT ( 'NONE',  ( 8.494333787820233184, 2.146992799845305999, -2.500000000000000444 ) ) ;
#617 = CIRCLE ( 'NONE', #3330, 50.00000000000000000 ) ;
#618 = DIRECTION ( 'NONE',  ( -0.9695105696079969748, -0.2450494958541582224, 0.000000000000000000 ) ) ;
#619 = ORIENTED_EDGE ( 'NONE', *, *, #3720, .T. ) ;
#620 = EDGE_CURVE ( 'NONE', #9561, #4898, #4419, .T. ) ;
#621 = DIRECTION ( 'NONE',  ( -0.5000000000000063283, -0.8660254037844349329, 0.000000000000000000 ) ) ;
#622 = AXIS2_PLACEMENT_3D ( 'NONE', #2515, #5392, #5544 ) ;
#623 = CIRCLE ( 'NONE', #7268, 43.00000000000000711 ) ;
#624 = ORIENTED_EDGE ( 'NONE', *, *, #2331, .F. ) ;
#625 = PLANE ( 'NONE',  #3649 ) ;
#626 = EDGE_CURVE ( 'NONE', #4166, #812, #544, .T. ) ;
#627 = ORIENTED_EDGE ( 'NONE', *, *, #4187, .T. ) ;
#628 = DIRECTION ( 'NONE',  ( -1.000000000000000000, 0.000000000000000000, 0.000000000000000000 ) ) ;
#629 = DIRECTION ( 'NONE',  ( -1.000000000000000000, 0.000000000000000000, 0.000000000000000000 ) ) ;
#630 = VECTOR ( 'NONE', #9454, 1000.000000000000000 ) ;
#631 = CARTESIAN_POINT ( 'NONE',  ( -32.06088913245537952, -14.46891108675438176, 2.500000000000000444 ) ) ;
#632 = CARTESIAN_POINT ( 'NONE',  ( 0.000000000000000000, 0.000000000000000000, 2.500000000000000444 ) ) ;
#633 = CARTESIAN_POINT ( 'NONE',  ( 50.00000000000000000, 6.123233995736766085E-15, 12.50000000000000000 ) ) ;
#634 = AXIS2_PLACEMENT_3D ( 'NONE', #9575, #8005, #3502 ) ;
#635 = AXIS2_PLACEMENT_3D ( 'NONE', #6450, #7948, #5899 ) ;
#636 = EDGE_LOOP ( 'NONE', ( #6529, #3558, #5252, #774, #8698 ) ) ;
#637 = FACE_OUTER_BOUND ( 'NONE', #1685, .T. ) ;
#638 = EDGE_CURVE ( 'NONE', #5091, #3046, #1870, .T. ) ;
#639 = ORIENTED_EDGE ( 'NONE', *, *, #4187, .F. ) ;
#640 = PLANE ( 'NONE',  #517 ) ;
#641 = CARTESIAN_POINT ( 'NONE',  ( 6.282812448554191853, 6.106517200318458904, 2.500000000000000444 ) ) ;
#642 = AXIS2_PLACEMENT_3D ( 'NONE', #4471, #5813, #3577 ) ;
#643 = ORIENTED_EDGE ( 'NONE', *, *, #4723, .T. ) ;
#644 = LINE ( 'NONE', #1439, #4691 ) ;
#645 = CIRCLE ( 'NONE', #3661, 21.99999999999998224 ) ;
#646 = FACE_OUTER_BOUND ( 'NONE', #8583, .T. ) ;
#647 = DIRECTION ( 'NONE',  ( 0.6969743733982689537, -0.7170960345909678235, 0.000000000000000000 ) ) ;
#648 = EDGE_CURVE ( 'NONE', #6764, #684, #5352, .T. ) ;
#649 = AXIS2_PLACEMENT_3D ( 'NONE', #1039, #251, #2530 ) ;
#650 = EDGE_LOOP ( 'NONE', ( #3036, #2359, #7717, #6243, #6117, #576, #2519, #1951, #1631, #3196 ) ) ;
#651 = CARTESIAN_POINT ( 'NONE',  ( 17.28362250483720075, -36.93611231721993704, -2.500000000000000444 ) ) ;
#652 = ADVANCED_FACE ( 'NONE', ( #883 ), #3770, .F. ) ;
#653 = ORIENTED_EDGE ( 'NONE', *, *, #4854, .T. ) ;
#654 = LINE ( 'NONE', #2886, #8125 ) ;
#655 = EDGE_CURVE ( 'NONE', #6706, #6107, #3223, .T. ) ;
#656 = LINE ( 'NONE', #6883, #7606 ) ;
#657 = DIRECTION ( 'NONE',  ( -0.000000000000000000, -0.000000000000000000, 1.000000000000000000 ) ) ;
#658 = EDGE_LOOP ( 'NONE', ( #3053, #2049, #9628, #8209 ) ) ;
#659 = CARTESIAN_POINT ( 'NONE',  ( -14.68999443131568405, -4.945105014851979064, 2.500000000000000444 ) ) ;
#660 = CARTESIAN_POINT ( 'NONE',  ( -2.746556991812842963, -14.88747003981884198, 2.500000000000000444 ) ) ;
#661 = CARTESIAN_POINT ( 'NONE',  ( -1.273843820021347994, 5.351221491423124199, 19.74860260521228383 ) ) ;
#662 = DIRECTION ( 'NONE',  ( -0.000000000000000000, -0.000000000000000000, 1.000000000000000000 ) ) ;
#663 = ORIENTED_EDGE ( 'NONE', *, *, #7720, .F. ) ;
#664 = LINE ( 'NONE', #1547, #255 ) ;
#665 = EDGE_LOOP ( 'NONE', ( #4469, #2453, #1735, #5770 ) ) ;
#666 = ADVANCED_FACE ( 'NONE', ( #6781 ), #2, .T. ) ;
#667 = DIRECTION ( 'NONE',  ( 1.000000000000000000, 0.000000000000000000, 0.000000000000000000 ) ) ;
#668 = ADVANCED_FACE ( 'NONE', ( #6981 ), #6925, .F. ) ;
#669 = B_SPLINE_CURVE_WITH_KNOTS ( 'NONE', 3,
 ( #3699, #9074, #2945, #8981 ),
 .UNSPECIFIED., .F., .F.,
 ( 4, 4 ),
 ( 0.000000000000000000, 0.001307469713021860861 ),
 .UNSPECIFIED. ) ;
#670 = DIRECTION ( 'NONE',  ( -0.7170960345909676015, -0.6969743733982690648, 0.000000000000000000 ) ) ;
#671 = VERTEX_POINT ( 'NONE', #3974 ) ;
#672 = DIRECTION ( 'NONE',  ( -0.000000000000000000, -0.000000000000000000, 1.000000000000000000 ) ) ;
#673 = AXIS2_PLACEMENT_3D ( 'NONE', #6827, #3716, #47 ) ;
#674 = VERTEX_POINT ( 'NONE', #3870 ) ;
#675 = CARTESIAN_POINT ( 'NONE',  ( 18.99185453113845057, 6.969435128366721521, -2.500000000000000444 ) ) ;
#676 = EDGE_LOOP ( 'NONE', ( #717, #6753, #8742, #2795, #9555, #5202 ) ) ;
#677 = CARTESIAN_POINT ( 'NONE',  ( -4.663002165360119022, 13.27251083153774402, 2.836032871894515583 ) ) ;
#678 = LINE ( 'NONE', #9040, #6975 ) ;
#679 = CARTESIAN_POINT ( 'NONE',  ( -34.99999999999998579, 3.500000000000124789, 2.500000000000000444 ) ) ;
#680 = ORIENTED_EDGE ( 'NONE', *, *, #1257, .T. ) ;
#681 = CARTESIAN_POINT ( 'NONE',  ( 8.157176732979465328, -8.221964726476871377, -2.500000000000000444 ) ) ;
#682 = DIRECTION ( 'NONE',  ( 0.000000000000000000, -1.000000000000000000, 0.000000000000000000 ) ) ;
#683 = AXIS2_PLACEMENT_3D ( 'NONE', #4094, #374, #1112 ) ;
#684 = VERTEX_POINT ( 'NONE', #2432 ) ;
#685 = EDGE_LOOP ( 'NONE', ( #4511, #4439, #1443, #4414, #3560, #1428 ) ) ;
#686 = CARTESIAN_POINT ( 'NONE',  ( 3.500000000000010214, -7.589415207398551746E-16, 2.500000000000000444 ) ) ;
#687 = EDGE_LOOP ( 'NONE', ( #6447, #6158 ) ) ;
#688 = CARTESIAN_POINT ( 'NONE',  ( 0.000000000000000000, 0.000000000000000000, 22.50000000000000000 ) ) ;
#689 = CARTESIAN_POINT ( 'NONE',  ( -12.94759237871376278, 3.469296921803900702, 3.353331896491019481 ) ) ;
#690 = ORIENTED_EDGE ( 'NONE', *, *, #9131, .T. ) ;
#691 = DIRECTION ( 'NONE',  ( 0.9695105696079970858, 0.2450494958541578616, 0.000000000000000000 ) ) ;
#692 = DIRECTION ( 'NONE',  ( -0.000000000000000000, -0.000000000000000000, 1.000000000000000000 ) ) ;
#693 = PLANE ( 'NONE',  #1667 ) ;
#694 = ADVANCED_FACE ( 'NONE', ( #6249 ), #9256, .F. ) ;
#695 = ORIENTED_EDGE ( 'NONE', *, *, #7548, .F. ) ;
#696 = CARTESIAN_POINT ( 'NONE',  ( 3.469296921803829203, 12.94759237871390489, 3.353331896490904462 ) ) ;
#697 = VERTEX_POINT ( 'NONE', #5506 ) ;
#698 = CARTESIAN_POINT ( 'NONE',  ( 1.263940255982220373, 1.805277519638784245, 19.78218561752304794 ) ) ;
#699 = CARTESIAN_POINT ( 'NONE',  ( -39.78665438147425704, 16.31018495079428376, 2.500000000000000444 ) ) ;
#700 = DIRECTION ( 'NONE',  ( -0.000000000000000000, -0.000000000000000000, 1.000000000000000000 ) ) ;
#701 = VERTEX_POINT ( 'NONE', #9053 ) ;
#702 = DIRECTION ( 'NONE',  ( -0.000000000000000000, -0.000000000000000000, 1.000000000000000000 ) ) ;
#703 = CARTESIAN_POINT ( 'NONE',  ( 22.52902330986020374, -6.036633602138895327, -2.500000000000000444 ) ) ;
#704 = DIRECTION ( 'NONE',  ( -0.000000000000000000, -0.000000000000000000, 1.000000000000000000 ) ) ;
#705 = DIRECTION ( 'NONE',  ( 1.000000000000000000, 0.000000000000000000, 0.000000000000000000 ) ) ;
#706 = EDGE_CURVE ( 'NONE', #1699, #3219, #788, .T. ) ;
#707 = EDGE_CURVE ( 'NONE', #1536, #2852, #1578, .T. ) ;
#708 = VERTEX_POINT ( 'NONE', #4515 ) ;
#709 = CARTESIAN_POINT ( 'NONE',  ( -14.88747003981886152, 2.746556991812932669, 2.500000000000000444 ) ) ;
#710 = VERTEX_POINT ( 'NONE', #3824 ) ;
#711 = DIRECTION ( 'NONE',  ( 0.000000000000000000, -0.000000000000000000, -1.000000000000000000 ) ) ;
#712 = CARTESIAN_POINT ( 'NONE',  ( 6.036633602138965493, -22.52902330986004387, -2.500000000000000444 ) ) ;
#713 = ORIENTED_EDGE ( 'NONE', *, *, #8252, .F. ) ;
#714 = DIRECTION ( 'NONE',  ( 1.000000000000000000, 0.000000000000000000, 0.000000000000000000 ) ) ;
#715 = EDGE_CURVE ( 'NONE', #9170, #1746, #8363, .T. ) ;
#716 = ADVANCED_FACE ( 'NONE', ( #7583 ), #6829, .F. ) ;
#717 = ORIENTED_EDGE ( 'NONE', *, *, #7838, .F. ) ;
#718 = CARTESIAN_POINT ( 'NONE',  ( -32.06088913245537952, -14.46891108675438176, -2.500000000000000444 ) ) ;
#719 = CONICAL_SURFACE ( 'NONE', #1664, 10.50000000000002309, 0.7853981633974479459 ) ;
#720 = ORIENTED_EDGE ( 'NONE', *, *, #4236, .F. ) ;
#721 = CARTESIAN_POINT ( 'NONE',  ( -5.297684973240327722, 13.44526717744764355, 2.689257726104003599 ) ) ;
#722 = CIRCLE ( 'NONE', #885, 2.000000000000000000 ) ;
#723 = CARTESIAN_POINT ( 'NONE',  ( -11.17530463715804245, 3.041841955658825647, -2.500000000000000444 ) ) ;
#724 = CARTESIAN_POINT ( 'NONE',  ( -8.429805248399418360, -2.387816587501792487, 2.500000000000000444 ) ) ;
#725 = ORIENTED_EDGE ( 'NONE', *, *, #4053, .T. ) ;
#726 = AXIS2_PLACEMENT_3D ( 'NONE', #8429, #5030, #1163 ) ;
#727 = FACE_OUTER_BOUND ( 'NONE', #1445, .T. ) ;
#728 = AXIS2_PLACEMENT_3D ( 'NONE', #3235, #6992, #9067 ) ;
#729 = LINE ( 'NONE', #4651, #4229 ) ;
#730 = VERTEX_POINT ( 'NONE', #93 ) ;
#731 = ORIENTED_EDGE ( 'NONE', *, *, #5505, .F. ) ;
#732 = AXIS2_PLACEMENT_3D ( 'NONE', #8121, #1608, #2874 ) ;
#733 = ORIENTED_EDGE ( 'NONE', *, *, #4015, .F. ) ;
#734 = DIRECTION ( 'NONE',  ( 0.000000000000000000, -0.000000000000000000, -1.000000000000000000 ) ) ;
#735 = AXIS2_PLACEMENT_3D ( 'NONE', #2607, #8739, #4385 ) ;
#736 = CARTESIAN_POINT ( 'NONE',  ( 32.06088913245517347, -14.46891108675482940, 2.500000000000000444 ) ) ;
#737 = ORIENTED_EDGE ( 'NONE', *, *, #6206, .F. ) ;
#738 = VECTOR ( 'NONE', #8923, 999.9999999999998863 ) ;
#739 = DIRECTION ( 'NONE',  ( -1.000000000000000000, 6.765421556309546879E-15, 0.000000000000000000 ) ) ;
#740 = CYLINDRICAL_SURFACE ( 'NONE', #3346, 12.50000000000000000 ) ;
#741 = CARTESIAN_POINT ( 'NONE',  ( -12.09377040353114907, 12.09377040353134447, -2.500000000000000000 ) ) ;
#742 = VERTEX_POINT ( 'NONE', #3120 ) ;
#743 = CARTESIAN_POINT ( 'NONE',  ( 25.50000000000000355, -35.00000000000000000, 2.500000000000000444 ) ) ;
#744 = VERTEX_POINT ( 'NONE', #6139 ) ;
#745 = CARTESIAN_POINT ( 'NONE',  ( 1.941664715994074308, 0.9817089170489677885, 19.04504311370630276 ) ) ;
#746 = CARTESIAN_POINT ( 'NONE',  ( -1.801074349473558600, 1.229480454153300650, 16.97512793735141301 ) ) ;
#747 = ADVANCED_FACE ( 'NONE', ( #9151 ), #2379, .F. ) ;
#748 = DIRECTION ( 'NONE',  ( 1.000000000000000000, 0.000000000000000000, 0.000000000000000000 ) ) ;
#749 = CIRCLE ( 'NONE', #2021, 2.000000000000001776 ) ;
#750 = ORIENTED_EDGE ( 'NONE', *, *, #2358, .F. ) ;
#751 = DIRECTION ( 'NONE',  ( -0.000000000000000000, -0.000000000000000000, 1.000000000000000000 ) ) ;
#752 = EDGE_CURVE ( 'NONE', #6936, #33, #4660, .T. ) ;
#753 = LINE ( 'NONE', #5916, #9655 ) ;
#754 = DIRECTION ( 'NONE',  ( 1.000000000000000000, 0.000000000000000000, 0.000000000000000000 ) ) ;
#755 = ORIENTED_EDGE ( 'NONE', *, *, #5432, .F. ) ;
#756 = ORIENTED_EDGE ( 'NONE', *, *, #2665, .T. ) ;
#757 = DIRECTION ( 'NONE',  ( -0.000000000000000000, -0.000000000000000000, 1.000000000000000000 ) ) ;
#758 = ORIENTED_EDGE ( 'NONE', *, *, #8724, .T. ) ;
#759 = CARTESIAN_POINT ( 'NONE',  ( 18.35596847918075980, -23.33891914284114222, -2.500000000000000444 ) ) ;
#760 = EDGE_CURVE ( 'NONE', #4367, #4813, #1090, .T. ) ;
#761 = CARTESIAN_POINT ( 'NONE',  ( 15.23933040861455623, 24.66324373348088983, -2.500000000000000444 ) ) ;
#762 = ORIENTED_EDGE ( 'NONE', *, *, #7488, .T. ) ;
#763 = VECTOR ( 'NONE', #3157, 1000.000000000000000 ) ;
#764 = CARTESIAN_POINT ( 'NONE',  ( -12.09377040353114907, 12.09377040353134447, -2.500000000000000444 ) ) ;
#765 = ORIENTED_EDGE ( 'NONE', *, *, #5146, .F. ) ;
#766 = CARTESIAN_POINT ( 'NONE',  ( -9.404368516724561644, 11.41400826666506418, 2.564006035009104956 ) ) ;
#767 = CIRCLE ( 'NONE', #2685, 21.99999999999982592 ) ;
#768 = ORIENTED_EDGE ( 'NONE', *, *, #4220, .F. ) ;
#769 = ADVANCED_FACE ( 'NONE', ( #9308 ), #2683, .F. ) ;
#770 = CARTESIAN_POINT ( 'NONE',  ( 8.221964726476825192, -8.157176732979412037, 2.500000000000000444 ) ) ;
#771 = EDGE_CURVE ( 'NONE', #7071, #8629, #5399, .T. ) ;
#772 = LINE ( 'NONE', #4455, #8562 ) ;
#773 = CARTESIAN_POINT ( 'NONE',  ( -8.995100449718442803, -11.31056335679690683, -2.500000000000000444 ) ) ;
#774 = ORIENTED_EDGE ( 'NONE', *, *, #6824, .F. ) ;
#775 = CARTESIAN_POINT ( 'NONE',  ( 12.96271092476114184, -15.53163513676229712, -2.500000000000000444 ) ) ;
#776 = AXIS2_PLACEMENT_3D ( 'NONE', #4670, #2491, #2540 ) ;
#777 = PLANE ( 'NONE',  #9589 ) ;
#778 = ORIENTED_EDGE ( 'NONE', *, *, #7665, .T. ) ;
#779 = VECTOR ( 'NONE', #1872, 999.9999999999998863 ) ;
#780 = VERTEX_POINT ( 'NONE', #352 ) ;
#781 = ORIENTED_EDGE ( 'NONE', *, *, #2208, .F. ) ;
#782 = AXIS2_PLACEMENT_3D ( 'NONE', #2306, #6858, #7514 ) ;
#783 = LINE ( 'NONE', #8906, #5106 ) ;
#784 = ADVANCED_FACE ( 'NONE', ( #3375 ), #4918, .F. ) ;
#785 = EDGE_CURVE ( 'NONE', #7379, #1946, #749, .T. ) ;
#786 = LINE ( 'NONE', #5944, #8864 ) ;
#787 = CIRCLE ( 'NONE', #9338, 2.000000000000000000 ) ;
#788 = LINE ( 'NONE', #834, #5347 ) ;
#789 = DIRECTION ( 'NONE',  ( -0.9695105696079969748, -0.2450494958541582224, 0.000000000000000000 ) ) ;
#790 = VECTOR ( 'NONE', #9087, 1000.000000000000000 ) ;
#791 = CARTESIAN_POINT ( 'NONE',  ( -12.94759237871379653, -3.469296921803557421, -2.500000000000000444 ) ) ;
#792 = ORIENTED_EDGE ( 'NONE', *, *, #5643, .T. ) ;
#793 = DIRECTION ( 'NONE',  ( 0.8660254037844449249, 0.4999999999999892863, 0.000000000000000000 ) ) ;
#794 = ORIENTED_EDGE ( 'NONE', *, *, #896, .T. ) ;
#795 = AXIS2_PLACEMENT_3D ( 'NONE', #2893, #8922, #2249 ) ;
#796 = CARTESIAN_POINT ( 'NONE',  ( 13.44526717744757782, 5.297684973240471606, -2.500000000000000444 ) ) ;
#797 = CARTESIAN_POINT ( 'NONE',  ( -1.919956492867413544, 1.024991983073727742, 17.44644641411101205 ) ) ;
#798 = CARTESIAN_POINT ( 'NONE',  ( -2.953339910681166192, 11.19901868863841088, 2.500000000000000444 ) ) ;
#799 = VECTOR ( 'NONE', #48, 1000.000000000000114 ) ;
#800 = EDGE_LOOP ( 'NONE', ( #8199, #6452, #513, #5349 ) ) ;
#801 = PLANE ( 'NONE',  #728 ) ;
#802 = DIRECTION ( 'NONE',  ( -0.000000000000000000, -0.000000000000000000, 1.000000000000000000 ) ) ;
#803 = FACE_OUTER_BOUND ( 'NONE', #4444, .T. ) ;
#804 = ORIENTED_EDGE ( 'NONE', *, *, #1881, .T. ) ;
#805 = EDGE_CURVE ( 'NONE', #1358, #7889, #9460, .T. ) ;
#806 = VERTEX_POINT ( 'NONE', #5558 ) ;
#807 = CARTESIAN_POINT ( 'NONE',  ( 0.000000000000000000, 0.000000000000000000, 12.50000000000000000 ) ) ;
#808 = ORIENTED_EDGE ( 'NONE', *, *, #817, .T. ) ;
#809 = CARTESIAN_POINT ( 'NONE',  ( -8.494333787820234960, 2.146992799845302002, -2.500000000000000444 ) ) ;
#810 = ORIENTED_EDGE ( 'NONE', *, *, #860, .F. ) ;
#811 = DIRECTION ( 'NONE',  ( -0.000000000000000000, -0.000000000000000000, 1.000000000000000000 ) ) ;
#812 = VERTEX_POINT ( 'NONE', #4817 ) ;
#813 = LINE ( 'NONE', #9633, #7434 ) ;
#814 = ADVANCED_FACE ( 'NONE', ( #7180 ), #2662, .T. ) ;
#815 = ORIENTED_EDGE ( 'NONE', *, *, #1724, .F. ) ;
#816 = DIRECTION ( 'NONE',  ( 1.000000000000000000, 0.000000000000000000, 0.000000000000000000 ) ) ;
#817 = EDGE_CURVE ( 'NONE', #8054, #2935, #2628, .T. ) ;
#818 = ORIENTED_EDGE ( 'NONE', *, *, #9185, .T. ) ;
#819 = DIRECTION ( 'NONE',  ( -0.9669420253356220130, -0.2549963129926496319, 0.000000000000000000 ) ) ;
#820 = FACE_BOUND ( 'NONE', #3012, .T. ) ;
#821 = EDGE_CURVE ( 'NONE', #7565, #4052, #1719, .T. ) ;
#822 = CIRCLE ( 'NONE', #1155, 1.000000000000000888 ) ;
#823 = CARTESIAN_POINT ( 'NONE',  ( -16.49238970772117696, -16.49238970772105262, 2.500000000000000444 ) ) ;
#824 = CARTESIAN_POINT ( 'NONE',  ( 3.031088913245576499, 1.749999999999969580, -2.500000000000000444 ) ) ;
#825 = DIRECTION ( 'NONE',  ( -0.2549963129926494654, -0.9669420253356221240, 0.000000000000000000 ) ) ;
#826 = EDGE_CURVE ( 'NONE', #3150, #6625, #7981, .T. ) ;
#827 = VERTEX_POINT ( 'NONE', #1189 ) ;
#828 = EDGE_CURVE ( 'NONE', #6944, #4058, #8924, .T. ) ;
#829 = TOROIDAL_SURFACE ( 'NONE', #1618, 45.00000000000001421, 2.000000000000000000 ) ;
#830 = ORIENTED_EDGE ( 'NONE', *, *, #2730, .T. ) ;
#831 = ORIENTED_EDGE ( 'NONE', *, *, #4796, .F. ) ;
#832 = CARTESIAN_POINT ( 'NONE',  ( 6.106517200318350547, -6.282812448554086160, -2.500000000000000444 ) ) ;
#833 = CARTESIAN_POINT ( 'NONE',  ( 11.17530463715804068, 3.041841955658831420, -2.500000000000000444 ) ) ;
#834 = CARTESIAN_POINT ( 'NONE',  ( -6.282812448554051521, -6.106517200318316796, 2.500000000000000444 ) ) ;
#835 = AXIS2_PLACEMENT_3D ( 'NONE', #4585, #2996, #2297 ) ;
#836 = DIRECTION ( 'NONE',  ( 1.000000000000000000, 0.000000000000000000, 0.000000000000000000 ) ) ;
#837 = DIRECTION ( 'NONE',  ( 1.000000000000000000, 0.000000000000000000, 0.000000000000000000 ) ) ;
#838 = EDGE_CURVE ( 'NONE', #3874, #5020, #446, .T. ) ;
#839 = EDGE_CURVE ( 'NONE', #9561, #4708, #1727, .T. ) ;
#840 = ORIENTED_EDGE ( 'NONE', *, *, #1979, .F. ) ;
#841 = DIRECTION ( 'NONE',  ( 0.2549963129926495209, 0.9669420253356221240, 0.000000000000000000 ) ) ;
#842 = ORIENTED_EDGE ( 'NONE', *, *, #9051, .T. ) ;
#843 = AXIS2_PLACEMENT_3D ( 'NONE', #1166, #4288, #7299 ) ;
#844 = CARTESIAN_POINT ( 'NONE',  ( 1.711635313033366357, 1.836581266516640998, 19.20802655132961334 ) ) ;
#845 = DIRECTION ( 'NONE',  ( -0.000000000000000000, -0.000000000000000000, 1.000000000000000000 ) ) ;
#846 = CYLINDRICAL_SURFACE ( 'NONE', #7108, 1.000000000000002665 ) ;
#847 = ORIENTED_EDGE ( 'NONE', *, *, #9051, .F. ) ;
#848 = FACE_OUTER_BOUND ( 'NONE', #1702, .T. ) ;
#849 = CARTESIAN_POINT ( 'NONE',  ( -1.941664715994036117, 0.9817089170490495009, 17.55495688629371287 ) ) ;
#850 = DIRECTION ( 'NONE',  ( -0.000000000000000000, -0.000000000000000000, 1.000000000000000000 ) ) ;
#851 = ORIENTED_EDGE ( 'NONE', *, *, #8697, .F. ) ;
#852 = VERTEX_POINT ( 'NONE', #7029 ) ;
#853 = DIRECTION ( 'NONE',  ( 0.9621455304451258517, -0.2725361962097284096, 0.000000000000000000 ) ) ;
#854 = ORIENTED_EDGE ( 'NONE', *, *, #6346, .F. ) ;
#855 = DIRECTION ( 'NONE',  ( -0.9621455304451258517, 0.2725361962097282986, 0.000000000000000000 ) ) ;
#856 = ORIENTED_EDGE ( 'NONE', *, *, #3683, .F. ) ;
#857 = DIRECTION ( 'NONE',  ( -0.7170960345909678235, -0.6969743733982689537, 0.000000000000000000 ) ) ;
#858 = ORIENTED_EDGE ( 'NONE', *, *, #8751, .T. ) ;
#859 = DIRECTION ( 'NONE',  ( -0.000000000000000000, -0.000000000000000000, 1.000000000000000000 ) ) ;
#860 = EDGE_CURVE ( 'NONE', #4095, #326, #4248, .T. ) ;
#861 = ORIENTED_EDGE ( 'NONE', *, *, #3817, .T. ) ;
#862 = CARTESIAN_POINT ( 'NONE',  ( -40.62942283616639116, 5.500000000000143885, 2.500000000000000444 ) ) ;
#863 = DIRECTION ( 'NONE',  ( 1.000000000000000000, 0.000000000000000000, 0.000000000000000000 ) ) ;
#864 = ORIENTED_EDGE ( 'NONE', *, *, #6635, .F. ) ;
#865 = APPLICATION_PROTOCOL_DEFINITION ( 'draft international standard', 'automotive_design', 1998, #9094 ) ;
#866 = DIRECTION ( 'NONE',  ( -0.000000000000000000, -0.000000000000000000, 1.000000000000000000 ) ) ;
#867 = PLANE ( 'NONE',  #7893 ) ;
#868 = EDGE_CURVE ( 'NONE', #7361, #7986, #8900, .T. ) ;
#869 = DIRECTION ( 'NONE',  ( 1.000000000000000000, 0.000000000000000000, 0.000000000000000000 ) ) ;
#870 = CARTESIAN_POINT ( 'NONE',  ( 0.000000000000000000, 0.000000000000000000, 2.500000000000000444 ) ) ;
#871 = LINE ( 'NONE', #6971, #1850 ) ;
#872 = VECTOR ( 'NONE', #4844, 999.9999999999998863 ) ;
#873 = ORIENTED_EDGE ( 'NONE', *, *, #7781, .F. ) ;
#874 = VERTEX_POINT ( 'NONE', #9691 ) ;
#875 = AXIS2_PLACEMENT_3D ( 'NONE', #5855, #2881, #1298 ) ;
#876 = ORIENTED_EDGE ( 'NONE', *, *, #620, .F. ) ;
#877 = CARTESIAN_POINT ( 'NONE',  ( -8.222222014276169944, 14.24130627983791975, 2.500000000000000444 ) ) ;
#878 = CARTESIAN_POINT ( 'NONE',  ( -15.53163513676232554, 12.96271092476126263, -2.500000000000000444 ) ) ;
#879 = VECTOR ( 'NONE', #602, 999.9999999999998863 ) ;
#880 = ADVANCED_FACE ( 'NONE', ( #3666 ), #5753, .F. ) ;
#881 = FACE_OUTER_BOUND ( 'NONE', #9683, .T. ) ;
#882 = EDGE_CURVE ( 'NONE', #4192, #8643, #1704, .T. ) ;
#883 = FACE_OUTER_BOUND ( 'NONE', #4890, .T. ) ;
#884 = DIRECTION ( 'NONE',  ( 0.000000000000000000, 0.000000000000000000, 1.000000000000000000 ) ) ;
#886 = DIRECTION ( 'NONE',  ( -0.000000000000000000, -0.000000000000000000, 1.000000000000000000 ) ) ;
#885 = AXIS2_PLACEMENT_3D ( 'NONE', #7230, #7831, #9312 ) ;
#887 = AXIS2_PLACEMENT_3D ( 'NONE', #6378, #7109, #282 ) ;
#888 = EDGE_LOOP ( 'NONE', ( #7332, #5819, #9526, #1875, #2675 ) ) ;
#889 = AXIS2_PLACEMENT_3D ( 'NONE', #8375, #4035, #7644 ) ;
#890 = CARTESIAN_POINT ( 'NONE',  ( -50.00000000000000000, 0.000000000000000000, 10.00000000000000000 ) ) ;
#891 = ORIENTED_EDGE ( 'NONE', *, *, #4796, .T. ) ;
#892 = CARTESIAN_POINT ( 'NONE',  ( 1.924895513468456665, 1.235284955800933115, 18.23184002583027663 ) ) ;
#893 = VECTOR ( 'NONE', #2269, 999.9999999999998863 ) ;
#894 = LINE ( 'NONE', #7786, #3010 ) ;
#895 = DIRECTION ( 'NONE',  ( 1.000000000000000000, 0.000000000000000000, 0.000000000000000000 ) ) ;
#896 = EDGE_CURVE ( 'NONE', #3478, #4997, #6499, .T. ) ;
#897 = ORIENTED_EDGE ( 'NONE', *, *, #1548, .F. ) ;
#898 = EDGE_CURVE ( 'NONE', #9007, #1642, #2778, .T. ) ;
#899 = CARTESIAN_POINT ( 'NONE',  ( -2.134703820650483586, -14.29278542295874033, 2.689257726104076429 ) ) ;
#900 = CARTESIAN_POINT ( 'NONE',  ( -1.667466624839236022, 1.411981552307184140, 16.64400625657803801 ) ) ;
#901 = FACE_OUTER_BOUND ( 'NONE', #5224, .T. ) ;
#902 = VERTEX_POINT ( 'NONE', #5937 ) ;
#903 = AXIS2_PLACEMENT_3D ( 'NONE', #4165, #3214, #3412 ) ;
#904 = VERTEX_POINT ( 'NONE', #586 ) ;
#905 = DIRECTION ( 'NONE',  ( -7.199102425303747864E-15, -1.000000000000000000, 0.000000000000000000 ) ) ;
#906 = ORIENTED_EDGE ( 'NONE', *, *, #3750, .F. ) ;
#907 = CARTESIAN_POINT ( 'NONE',  ( 14.58700537629978378, 2.437417908701711156, 2.564006035009104956 ) ) ;
#908 = EDGE_CURVE ( 'NONE', #1482, #1848, #329, .T. ) ;
#909 = ORIENTED_EDGE ( 'NONE', *, *, #7266, .F. ) ;
#910 = CARTESIAN_POINT ( 'NONE',  ( 11.08578643762692906, 1.408343819019457754E-15, 11.91421356237309404 ) ) ;
#911 = ORIENTED_EDGE ( 'NONE', *, *, #6620, .F. ) ;
#912 = FACE_BOUND ( 'NONE', #5730, .T. ) ;
#913 = PRODUCT ( 'Wheel_V2_Flat', 'Wheel_V2_Flat', '', ( #9240 ) ) ;
#914 = ORIENTED_EDGE ( 'NONE', *, *, #7480, .F. ) ;
#915 = DIRECTION ( 'NONE',  ( -0.6969743733982686207, -0.7170960345909680456, 0.000000000000000000 ) ) ;
#916 = CARTESIAN_POINT ( 'NONE',  ( 16.44444402855255305, 6.418476861114186249E-14, -2.500000000000000444 ) ) ;
#917 = ORIENTED_EDGE ( 'NONE', *, *, #4685, .F. ) ;
#918 = DIRECTION ( 'NONE',  ( 1.000000000000000000, 0.000000000000000000, 0.000000000000000000 ) ) ;
#919 = AXIS2_PLACEMENT_3D ( 'NONE', #6613, #6020, #9631 ) ;
#920 = LINE ( 'NONE', #9139, #4812 ) ;
#921 = CARTESIAN_POINT ( 'NONE',  ( -5.768292682926532855, 42.61134590134530242, -2.500000000000000444 ) ) ;
#922 = ORIENTED_EDGE ( 'NONE', *, *, #3068, .T. ) ;
#923 = DIRECTION ( 'NONE',  ( -0.7098982014311010502, 0.7043042975908125891, 0.000000000000000000 ) ) ;
#924 = DIRECTION ( 'NONE',  ( -0.000000000000000000, -0.000000000000000000, 1.000000000000000000 ) ) ;
#925 = CARTESIAN_POINT ( 'NONE',  ( 10.50000000000000000, 0.000000000000000000, 9.671572875253831469 ) ) ;
#926 = AXIS2_PLACEMENT_3D ( 'NONE', #2526, #3919, #9408 ) ;
#927 = ORIENTED_EDGE ( 'NONE', *, *, #4299, .T. ) ;
#928 = CARTESIAN_POINT ( 'NONE',  ( 37.93611231721985888, 15.55157169726844124, 2.500000000000000444 ) ) ;
#929 = EDGE_CURVE ( 'NONE', #114, #2843, #4265, .T. ) ;
#930 = EDGE_CURVE ( 'NONE', #8108, #3216, #3175, .T. ) ;
#931 = ORIENTED_EDGE ( 'NONE', *, *, #7916, .F. ) ;
#932 = ORIENTED_EDGE ( 'NONE', *, *, #6885, .F. ) ;
#933 = DIRECTION ( 'NONE',  ( 0.6969743733982689537, -0.7170960345909678235, 0.000000000000000000 ) ) ;
#934 = CARTESIAN_POINT ( 'NONE',  ( 17.55157169726830801, -37.93611231721990862, -2.500000000000000444 ) ) ;
#935 = VECTOR ( 'NONE', #8874, 999.9999999999998863 ) ;
#936 = CARTESIAN_POINT ( 'NONE',  ( 16.52039759876005931, -4.426627195228737932, 2.500000000000000444 ) ) ;
#937 = DIRECTION ( 'NONE',  ( -0.2626377277448084802, -0.9648945144237497384, 0.000000000000000000 ) ) ;
#938 = LINE ( 'NONE', #3121, #4774 ) ;
#939 = CARTESIAN_POINT ( 'NONE',  ( -6.282812448554210505, 6.106517200318466898, -2.500000000000000444 ) ) ;
#940 = CIRCLE ( 'NONE', #6483, 22.00000000000019895 ) ;
#941 = EDGE_CURVE ( 'NONE', #4393, #4687, #2025, .T. ) ;
#942 = VECTOR ( 'NONE', #1718, 999.9999999999998863 ) ;
#943 = ORIENTED_EDGE ( 'NONE', *, *, #2179, .T. ) ;
#944 = DIRECTION ( 'NONE',  ( 0.2549963129926495209, 0.9669420253356221240, 0.000000000000000000 ) ) ;
#945 = VERTEX_POINT ( 'NONE', #2871 ) ;
#946 = CARTESIAN_POINT ( 'NONE',  ( 1.977172726189392549, 0.9067714686550373271, 17.81651989404348413 ) ) ;
#947 = DIRECTION ( 'NONE',  ( -0.000000000000000000, -0.000000000000000000, 1.000000000000000000 ) ) ;
#948 = CARTESIAN_POINT ( 'NONE',  ( 27.56619458545760182, 11.03411263498115424, -2.500000000000000444 ) ) ;
#949 = VERTEX_POINT ( 'NONE', #1287 ) ;
#950 = ADVANCED_FACE ( 'NONE', ( #6719 ), #3526, .F. ) ;
#951 = DIRECTION ( 'NONE',  ( -0.000000000000000000, 0.000000000000000000, 1.000000000000000000 ) ) ;
#952 = AXIS2_PLACEMENT_3D ( 'NONE', #9318, #7143, #258 ) ;
#953 = CARTESIAN_POINT ( 'NONE',  ( -1.272148424280923784, 5.351633570619642732, 16.84985624184827913 ) ) ;
#954 = DIRECTION ( 'NONE',  ( -0.000000000000000000, -0.000000000000000000, 1.000000000000000000 ) ) ;
#955 = EDGE_LOOP ( 'NONE', ( #260, #8305, #4221, #9746 ) ) ;
#956 = EDGE_CURVE ( 'NONE', #7520, #9093, #499, .T. ) ;
#957 = VECTOR ( 'NONE', #704, 1000.000000000000000 ) ;
#958 = VERTEX_POINT ( 'NONE', #7371 ) ;
#959 = CARTESIAN_POINT ( 'NONE',  ( -6.106517200318418048, 6.282812448554152773, -2.500000000000000444 ) ) ;
#960 = EDGE_CURVE ( 'NONE', #4858, #7709, #8025, .T. ) ;
#961 = ORIENTED_EDGE ( 'NONE', *, *, #9322, .T. ) ;
#962 = AXIS2_PLACEMENT_3D ( 'NONE', #833, #7631, #2922 ) ;
#963 = CARTESIAN_POINT ( 'NONE',  ( -11.19901868863826166, -2.953339910681126668, -2.500000000000000444 ) ) ;
#964 = VERTEX_POINT ( 'NONE', #9597 ) ;
#965 = CYLINDRICAL_SURFACE ( 'NONE', #465, 2.000000000000000000 ) ;
#966 = VECTOR ( 'NONE', #2479, 1000.000000000000000 ) ;
#967 = ORIENTED_EDGE ( 'NONE', *, *, #8371, .T. ) ;
#968 = DIRECTION ( 'NONE',  ( 1.000000000000000000, 0.000000000000000000, 0.000000000000000000 ) ) ;
#969 = EDGE_CURVE ( 'NONE', #8869, #9007, #7277, .T. ) ;
#970 = ORIENTED_EDGE ( 'NONE', *, *, #3625, .F. ) ;
#971 = DIRECTION ( 'NONE',  ( -6.765421556309546879E-15, -1.000000000000000000, 0.000000000000000000 ) ) ;
#972 = ADVANCED_FACE ( 'NONE', ( #2079 ), #5104, .T. ) ;
#973 = CARTESIAN_POINT ( 'NONE',  ( -6.106517200318361205, -6.282812448554106588, 2.500000000000000444 ) ) ;
#974 = ORIENTED_EDGE ( 'NONE', *, *, #760, .F. ) ;
#975 = DIRECTION ( 'NONE',  ( -0.9695105696079970858, 0.2450494958541576396, 0.000000000000000000 ) ) ;
#976 = LINE ( 'NONE', #2365, #6064 ) ;
#977 = FACE_BOUND ( 'NONE', #6774, .T. ) ;
#978 = EDGE_LOOP ( 'NONE', ( #3238, #992, #347, #3355 ) ) ;
#979 = CARTESIAN_POINT ( 'NONE',  ( 15.55157169726910382, 37.93611231721958177, -2.500000000000000444 ) ) ;
#980 = CARTESIAN_POINT ( 'NONE',  ( 36.93611231721988020, 17.28362250483732865, 2.500000000000000444 ) ) ;
#981 = DIRECTION ( 'NONE',  ( -0.7043042975908135883, 0.7098982014311000510, 0.000000000000000000 ) ) ;
#982 = EDGE_LOOP ( 'NONE', ( #2671, #4091, #9502, #4943 ) ) ;
#983 = LINE ( 'NONE', #7928, #8376 ) ;
#984 = EDGE_LOOP ( 'NONE', ( #5615, #1129, #3713, #1800, #639 ) ) ;
#985 = CARTESIAN_POINT ( 'NONE',  ( -28.75119701343867007, 0.9621455304452677382, -2.500000000000000444 ) ) ;
#986 = CARTESIAN_POINT ( 'NONE',  ( 0.000000000000000000, 1.540000000000000036, 18.29999999999999716 ) ) ;
#987 = DIRECTION ( 'NONE',  ( 1.000000000000000000, 0.000000000000000000, 0.000000000000000000 ) ) ;
#988 = CARTESIAN_POINT ( 'NONE',  ( 2.387816587501819576, 8.429805248399517836, -2.500000000000000444 ) ) ;
#989 = LINE ( 'NONE', #6046, #8717 ) ;
#990 = CARTESIAN_POINT ( 'NONE',  ( 43.00000000000000711, 0.000000000000000000, 2.500000000000000444 ) ) ;
#991 = AXIS2_PLACEMENT_3D ( 'NONE', #3917, #5402, #9205 ) ;
#992 = ORIENTED_EDGE ( 'NONE', *, *, #4198, .F. ) ;
#993 = DIRECTION ( 'NONE',  ( 1.000000000000000000, 0.000000000000000000, 0.000000000000000000 ) ) ;
#994 = ORIENTED_EDGE ( 'NONE', *, *, #587, .F. ) ;
#995 = LINE ( 'NONE', #4824, #6049 ) ;
#996 = FACE_OUTER_BOUND ( 'NONE', #218, .T. ) ;
#997 = CARTESIAN_POINT ( 'NONE',  ( 25.66324373348082943, -14.23933040861439991, 2.500000000000000444 ) ) ;
#998 = AXIS2_PLACEMENT_3D ( 'NONE', #3561, #1880, #4914 ) ;
#999 = ORIENTED_EDGE ( 'NONE', *, *, #486, .T. ) ;
#1000 = EDGE_CURVE ( 'NONE', #6166, #2883, #9738, .T. ) ;
#1001 = CARTESIAN_POINT ( 'NONE',  ( 2.146992799845329980, 8.494333787820350423, 2.500000000000000444 ) ) ;
#1002 = CARTESIAN_POINT ( 'NONE',  ( -1.786598432286685023, 1.269067533892232369, 17.55608595423780827 ) ) ;
#1003 = CARTESIAN_POINT ( 'NONE',  ( -27.56619458545749879, 11.03411263498120753, -2.500000000000000444 ) ) ;
#1004 = EDGE_CURVE ( 'NONE', #6823, #9048, #1377, .T. ) ;
#1005 = ORIENTED_EDGE ( 'NONE', *, *, #2221, .F. ) ;
#1006 = AXIS2_PLACEMENT_3D ( 'NONE', #2203, #5235, #8245 ) ;
#1007 = ORIENTED_EDGE ( 'NONE', *, *, #6024, .T. ) ;
#1008 = LINE ( 'NONE', #959, #8310 ) ;
#1009 = ORIENTED_EDGE ( 'NONE', *, *, #7116, .T. ) ;
#1010 = LINE ( 'NONE', #8484, #1474 ) ;
#1011 = ORIENTED_EDGE ( 'NONE', *, *, #4586, .T. ) ;
#1012 = CARTESIAN_POINT ( 'NONE',  ( -27.56619458545752366, -11.03411263498093753, 2.500000000000000444 ) ) ;
#1013 = ADVANCED_FACE ( 'NONE', ( #4408 ), #7420, .F. ) ;
#1014 = ORIENTED_EDGE ( 'NONE', *, *, #2350, .F. ) ;
#1015 = DIRECTION ( 'NONE',  ( 1.000000000000000000, 0.000000000000000000, 0.000000000000000000 ) ) ;
#1016 = ADVANCED_FACE ( 'NONE', ( #8303 ), #3161, .F. ) ;
#1017 = ORIENTED_EDGE ( 'NONE', *, *, #4129, .F. ) ;
#1018 = LINE ( 'NONE', #9188, #1511 ) ;
#1019 = DIRECTION ( 'NONE',  ( -0.5000000000000072164, -0.8660254037844344888, 0.000000000000000000 ) ) ;
#1020 = B_SPLINE_CURVE_WITH_KNOTS ( 'NONE', 3,
 ( #5501, #8509, #1778, #143 ),
 .UNSPECIFIED., .F., .F.,
 ( 4, 4 ),
 ( 0.000000000000000000, 0.002007903776505782969 ),
 .UNSPECIFIED. ) ;
#1021 = VERTEX_POINT ( 'NONE', #6914 ) ;
#1022 = LINE ( 'NONE', #34, #6685 ) ;
#1023 = FACE_BOUND ( 'NONE', #2724, .T. ) ;
#1024 = EDGE_CURVE ( 'NONE', #2241, #5968, #6970, .T. ) ;
#1025 = EDGE_LOOP ( 'NONE', ( #3051, #6632, #8882, #4364 ) ) ;
#1026 = EDGE_CURVE ( 'NONE', #4687, #3497, #4604, .T. ) ;
#1027 = DIRECTION ( 'NONE',  ( 0.2549963129926495209, 0.9669420253356221240, 0.000000000000000000 ) ) ;
#1028 = ADVANCED_FACE ( 'NONE', ( #727 ), #6341, .T. ) ;
#1029 = DIRECTION ( 'NONE',  ( 1.000000000000000000, 1.734723475976807094E-14, 0.000000000000000000 ) ) ;
#1030 = DIRECTION ( 'NONE',  ( -0.000000000000000000, -0.000000000000000000, 1.000000000000000000 ) ) ;
#1031 = VERTEX_POINT ( 'NONE', #6820 ) ;
#1032 = CARTESIAN_POINT ( 'NONE',  ( -9.478295456910105443, -9.478295456909927807, 3.353331896491114072 ) ) ;
#1033 = EDGE_LOOP ( 'NONE', ( #7039, #8682, #607, #5382 ) ) ;
#1034 = PLANE ( 'NONE',  #2583 ) ;
#1035 = CARTESIAN_POINT ( 'NONE',  ( -2.174999999999999822, 2.663606788145493121E-16, 5.499999999999998224 ) ) ;
#1036 = DIRECTION ( 'NONE',  ( -0.000000000000000000, 0.000000000000000000, 1.000000000000000000 ) ) ;
#1037 = VECTOR ( 'NONE', #3193, 1000.000000000000000 ) ;
#1038 = DIRECTION ( 'NONE',  ( -0.000000000000000000, -0.000000000000000000, 1.000000000000000000 ) ) ;
#1039 = CARTESIAN_POINT ( 'NONE',  ( 0.000000000000000000, 0.000000000000000000, 12.50000000000000000 ) ) ;
#1040 = DIRECTION ( 'NONE',  ( 0.000000000000000000, -0.000000000000000000, -1.000000000000000000 ) ) ;
#1041 = ORIENTED_EDGE ( 'NONE', *, *, #4499, .T. ) ;
#1042 = LINE ( 'NONE', #9213, #6891 ) ;
#1043 = AXIS2_PLACEMENT_3D ( 'NONE', #7588, #2929, #8320 ) ;
#1044 = EDGE_LOOP ( 'NONE', ( #193, #9524, #4724, #5444 ) ) ;
#1045 = PLANE ( 'NONE',  #8580 ) ;
#1046 = DIRECTION ( 'NONE',  ( -0.000000000000000000, -0.000000000000000000, 1.000000000000000000 ) ) ;
#1047 = DIRECTION ( 'NONE',  ( -0.9669420253356221240, 0.2549963129926493544, 0.000000000000000000 ) ) ;
#1048 = ORIENTED_EDGE ( 'NONE', *, *, #3849, .T. ) ;
#1049 = CIRCLE ( 'NONE', #6732, 22.00000000000019185 ) ;
#1050 = DIRECTION ( 'NONE',  ( 0.000000000000000000, -1.000000000000000000, 0.000000000000000000 ) ) ;
#1051 = DIRECTION ( 'NONE',  ( -0.000000000000000000, -0.000000000000000000, 1.000000000000000000 ) ) ;
#1052 = DIRECTION ( 'NONE',  ( -0.000000000000000000, -0.000000000000000000, 1.000000000000000000 ) ) ;
#1053 = VECTOR ( 'NONE', #2281, 1000.000000000000000 ) ;
#1054 = AXIS2_PLACEMENT_3D ( 'NONE', #1154, #2594, #2747 ) ;
#1055 = ORIENTED_EDGE ( 'NONE', *, *, #2959, .F. ) ;
#1056 = VERTEX_POINT ( 'NONE', #9142 ) ;
#1057 = CARTESIAN_POINT ( 'NONE',  ( 6.037292596761651531, 7.803577957450996610E-16, 13.85408790914932275 ) ) ;
#1058 = AXIS2_PLACEMENT_3D ( 'NONE', #8808, #8208, #6577 ) ;
#1059 = EDGE_CURVE ( 'NONE', #9711, #3048, #1472, .T. ) ;
#1060 = ORIENTED_EDGE ( 'NONE', *, *, #5122, .F. ) ;
#1061 = DIRECTION ( 'NONE',  ( -0.000000000000000000, -0.000000000000000000, 1.000000000000000000 ) ) ;
#1062 = AXIS2_PLACEMENT_3D ( 'NONE', #404, #9365, #9513 ) ;
#1063 = ADVANCED_FACE ( 'NONE', ( #9788 ), #3108, .T. ) ;
#1064 = ORIENTED_EDGE ( 'NONE', *, *, #8873, .T. ) ;
#1065 = CARTESIAN_POINT ( 'NONE',  ( -3.041841955658838526, 11.17530463715806910, -2.500000000000000444 ) ) ;
#1066 = DIRECTION ( 'NONE',  ( 0.7170960345909678235, 0.6969743733982689537, 0.000000000000000000 ) ) ;
#1067 = CARTESIAN_POINT ( 'NONE',  ( 17.56088913245488925, -39.58364779650339216, 2.500000000000000444 ) ) ;
#1068 = AXIS2_PLACEMENT_3D ( 'NONE', #6335, #342, #2619 ) ;
#1069 = ORIENTED_EDGE ( 'NONE', *, *, #9595, .T. ) ;
#1070 = DIRECTION ( 'NONE',  ( -0.000000000000000000, 0.000000000000000000, 1.000000000000000000 ) ) ;
#1071 = EDGE_CURVE ( 'NONE', #1522, #7526, #5344, .T. ) ;
#1072 = CARTESIAN_POINT ( 'NONE',  ( -13.54235603521615516, 25.38033976807188452, -2.500000000000000444 ) ) ;
#1073 = ORIENTED_EDGE ( 'NONE', *, *, #5445, .T. ) ;
#1074 = LINE ( 'NONE', #336, #316 ) ;
#1075 = LINE ( 'NONE', #387, #7576 ) ;
#1076 = ORIENTED_EDGE ( 'NONE', *, *, #828, .F. ) ;
#1077 = CARTESIAN_POINT ( 'NONE',  ( 13.44526717744752986, -5.297684973240351702, 2.689257726104039126 ) ) ;
#1078 = B_SPLINE_CURVE_WITH_KNOTS ( 'NONE', 3,
 ( #6238, #4060, #4111, #8607 ),
 .UNSPECIFIED., .F., .F.,
 ( 4, 4 ),
 ( 0.000000000000000000, 0.001307469713021688473 ),
 .UNSPECIFIED. ) ;
#1079 = EDGE_CURVE ( 'NONE', #3245, #7099, #6081, .T. ) ;
#1080 = DIRECTION ( 'NONE',  ( -0.000000000000000000, -0.000000000000000000, 1.000000000000000000 ) ) ;
#1081 = CARTESIAN_POINT ( 'NONE',  ( 15.53163513676244989, 12.96271092476121467, 2.500000000000000444 ) ) ;
#1082 = EDGE_LOOP ( 'NONE', ( #1629, #8531, #4360, #8663 ) ) ;
#1083 = CARTESIAN_POINT ( 'NONE',  ( -5.297684973240419204, -13.44526717744738420, -2.500000000000000444 ) ) ;
#1084 = EDGE_CURVE ( 'NONE', #5029, #4483, #8402, .T. ) ;
#1085 = EDGE_CURVE ( 'NONE', #8932, #7627, #8258, .T. ) ;
#1086 = EDGE_LOOP ( 'NONE', ( #1064, #7172, #2399, #9442 ) ) ;
#1087 = CARTESIAN_POINT ( 'NONE',  ( -8.222222014276262314, -14.24130627983765507, -2.500000000000000444 ) ) ;
#1088 = LINE ( 'NONE', #6345, #5561 ) ;
#1089 = DIRECTION ( 'NONE',  ( -0.2549963129926494654, -0.9669420253356221240, 0.000000000000000000 ) ) ;
#1090 = LINE ( 'NONE', #8667, #2969 ) ;
#1091 = VECTOR ( 'NONE', #4504, 1000.000000000000000 ) ;
#1092 = DIRECTION ( 'NONE',  ( 1.000000000000000000, 0.000000000000000000, 0.000000000000000000 ) ) ;
#1093 = CARTESIAN_POINT ( 'NONE',  ( -39.58364779650308662, 17.56088913245558913, 2.500000000000000444 ) ) ;
#1094 = EDGE_CURVE ( 'NONE', #6414, #2214, #7306, .T. ) ;
#1095 = ORIENTED_EDGE ( 'NONE', *, *, #8836, .T. ) ;
#1096 = CARTESIAN_POINT ( 'NONE',  ( 0.000000000000000000, 0.000000000000000000, 22.50000000000000000 ) ) ;
#1097 = ADVANCED_FACE ( 'NONE', ( #5394 ), #7622, .F. ) ;
#1098 = ORIENTED_EDGE ( 'NONE', *, *, #1486, .F. ) ;
#1099 = FACE_OUTER_BOUND ( 'NONE', #5318, .T. ) ;
#1100 = CARTESIAN_POINT ( 'NONE',  ( 0.000000000000000000, 0.000000000000000000, 22.50000000000000000 ) ) ;
#1101 = FACE_OUTER_BOUND ( 'NONE', #7729, .T. ) ;
#1102 = ORIENTED_EDGE ( 'NONE', *, *, #7006, .F. ) ;
#1103 = FACE_OUTER_BOUND ( 'NONE', #3476, .T. ) ;
#1104 = CARTESIAN_POINT ( 'NONE',  ( -1.458513816181867373, 2.273577894648946440, 19.55632895692433948 ) ) ;
#1105 = PLANE ( 'NONE',  #4713 ) ;
#1106 = CONICAL_SURFACE ( 'NONE', #9789, 49.99999999999999289, 0.7853981633974510546 ) ;
#1107 = VERTEX_POINT ( 'NONE', #6865 ) ;
#1108 = ORIENTED_EDGE ( 'NONE', *, *, #2856, .F. ) ;
#1109 = CARTESIAN_POINT ( 'NONE',  ( -2.953339910681166192, 11.19901868863841088, -2.500000000000000444 ) ) ;
#1110 = VERTEX_POINT ( 'NONE', #5986 ) ;
#1111 = AXIS2_PLACEMENT_3D ( 'NONE', #9042, #9787, #6718 ) ;
#1112 = DIRECTION ( 'NONE',  ( 0.000000000000000000, 0.000000000000000000, -1.000000000000000000 ) ) ;
#1113 = VECTOR ( 'NONE', #1047, 999.9999999999998863 ) ;
#1114 = VERTEX_POINT ( 'NONE', #7574 ) ;
#1115 = LINE ( 'NONE', #8003, #5995 ) ;
#1116 = ORIENTED_EDGE ( 'NONE', *, *, #2455, .T. ) ;
#1117 = DIRECTION ( 'NONE',  ( -0.9621455304451257406, -0.2725361962097285207, 0.000000000000000000 ) ) ;
#1118 = AXIS2_PLACEMENT_3D ( 'NONE', #7922, #3411, #6429 ) ;
#1119 = AXIS2_PLACEMENT_3D ( 'NONE', #8852, #5893, #8761 ) ;
#1120 = VECTOR ( 'NONE', #5714, 1000.000000000000000 ) ;
#1121 = ORIENTED_EDGE ( 'NONE', *, *, #119, .T. ) ;
#1122 = DIRECTION ( 'NONE',  ( 1.000000000000000000, 0.000000000000000000, 0.000000000000000000 ) ) ;
#1123 = VERTEX_POINT ( 'NONE', #8995 ) ;
#1124 = CARTESIAN_POINT ( 'NONE',  ( -50.00000000000000000, 6.123233995736766085E-15, 0.000000000000000000 ) ) ;
#1125 = AXIS2_PLACEMENT_3D ( 'NONE', #1795, #1051, #7148 ) ;
#1126 = DIRECTION ( 'NONE',  ( -6.765421556309546879E-15, -1.000000000000000000, 0.000000000000000000 ) ) ;
#1127 = FACE_BOUND ( 'NONE', #3701, .T. ) ;
#1128 = AXIS2_PLACEMENT_3D ( 'NONE', #7934, #5053, #9407 ) ;
#1129 = ORIENTED_EDGE ( 'NONE', *, *, #8774, .T. ) ;
#1130 = LINE ( 'NONE', #9583, #779 ) ;
#1131 = EDGE_CURVE ( 'NONE', #89, #8102, #5250, .T. ) ;
#1132 = CARTESIAN_POINT ( 'NONE',  ( 0.000000000000000000, 0.000000000000000000, -2.500000000000000444 ) ) ;
#1133 = VECTOR ( 'NONE', #3174, 1000.000000000000114 ) ;
#1134 = ORIENTED_EDGE ( 'NONE', *, *, #5810, .T. ) ;
#1135 = ORIENTED_EDGE ( 'NONE', *, *, #1094, .T. ) ;
#1136 = DIRECTION ( 'NONE',  ( -0.9648945144237496274, -0.2626377277448090353, 0.000000000000000000 ) ) ;
#1137 = EDGE_CURVE ( 'NONE', #4461, #6896, #4740, .T. ) ;
#1138 = EDGE_LOOP ( 'NONE', ( #1980, #5046, #8379, #2644 ) ) ;
#1139 = DIRECTION ( 'NONE',  ( 0.000000000000000000, 0.000000000000000000, -1.000000000000000000 ) ) ;
#1140 = CARTESIAN_POINT ( 'NONE',  ( 3.041841955658855401, 11.17530463715815969, 2.500000000000000444 ) ) ;
#1141 = CARTESIAN_POINT ( 'NONE',  ( 2.307206600772663712E-16, 5.500000000000000000, 16.37499999999999645 ) ) ;
#1142 = EDGE_CURVE ( 'NONE', #5029, #274, #9043, .T. ) ;
#1143 = CARTESIAN_POINT ( 'NONE',  ( -1.496890774181864225, 2.000565271155135605, 19.53064570044242743 ) ) ;
#1144 = CARTESIAN_POINT ( 'NONE',  ( 2.953339910681121339, -11.19901868863823680, -2.500000000000000444 ) ) ;
#1145 = EDGE_CURVE ( 'NONE', #7986, #9776, #3443, .T. ) ;
#1146 = DIRECTION ( 'NONE',  ( -0.7043042975908130332, -0.7098982014311004951, 0.000000000000000000 ) ) ;
#1147 = ORIENTED_EDGE ( 'NONE', *, *, #6092, .T. ) ;
#1148 = DIRECTION ( 'NONE',  ( -0.000000000000000000, -0.000000000000000000, 1.000000000000000000 ) ) ;
#1149 = VERTEX_POINT ( 'NONE', #1180 ) ;
#1150 = CYLINDRICAL_SURFACE ( 'NONE', #36, 22.00000000000003197 ) ;
#1151 = CARTESIAN_POINT ( 'NONE',  ( 40.62942283616646932, 5.499999999999576339, 2.500000000000000444 ) ) ;
#1152 = CARTESIAN_POINT ( 'NONE',  ( 28.47866081722901654, 7.036472099430923777E-14, -2.500000000000000444 ) ) ;
#1153 = ORIENTED_EDGE ( 'NONE', *, *, #8096, .T. ) ;
#1154 = CARTESIAN_POINT ( 'NONE',  ( 28.47866081722901654, 7.036472099430923777E-14, -2.500000000000000444 ) ) ;
#1155 = AXIS2_PLACEMENT_3D ( 'NONE', #4775, #1789, #7785 ) ;
#1156 = EDGE_CURVE ( 'NONE', #61, #8670, #6286, .T. ) ;
#1157 = ORIENTED_EDGE ( 'NONE', *, *, #6423, .T. ) ;
#1158 = CARTESIAN_POINT ( 'NONE',  ( -1.771996033017507965, 1.264687326602569550, 19.67513986818218541 ) ) ;
#1159 = ADVANCED_FACE ( 'NONE', ( #5545 ), #5491, .F. ) ;
#1160 = DIRECTION ( 'NONE',  ( 1.224646799147353207E-16, 1.000000000000000000, 0.000000000000000000 ) ) ;
#1161 = VERTEX_POINT ( 'NONE', #8556 ) ;
#1162 = ORIENTED_EDGE ( 'NONE', *, *, #5215, .F. ) ;
#1163 = DIRECTION ( 'NONE',  ( 1.000000000000000000, 0.000000000000000000, 0.000000000000000000 ) ) ;
#1164 = ORIENTED_EDGE ( 'NONE', *, *, #8353, .F. ) ;
#1165 = VECTOR ( 'NONE', #819, 1000.000000000000000 ) ;
#1166 = CARTESIAN_POINT ( 'NONE',  ( -43.06088913245535110, 4.583647796503282912, 2.500000000000000444 ) ) ;
#1167 = ORIENTED_EDGE ( 'NONE', *, *, #5096, .T. ) ;
#1168 = CARTESIAN_POINT ( 'NONE',  ( 12.09377040353122190, -12.09377040353112953, 2.500000000000000444 ) ) ;
#1169 = CARTESIAN_POINT ( 'NONE',  ( 29.47866081722901654, 7.036472099430923777E-14, -2.500000000000000444 ) ) ;
#1170 = DIRECTION ( 'NONE',  ( -0.9669420253356220130, -0.2549963129926496319, 0.000000000000000000 ) ) ;
#1171 = VECTOR ( 'NONE', #7559, 1000.000000000000000 ) ;
#1172 = ORIENTED_EDGE ( 'NONE', *, *, #2391, .T. ) ;
#1173 = DIRECTION ( 'NONE',  ( 1.000000000000000000, 0.000000000000000000, 0.000000000000000000 ) ) ;
#1174 = EDGE_LOOP ( 'NONE', ( #508, #4331, #994, #5067 ) ) ;
#1175 = DIRECTION ( 'NONE',  ( 1.000000000000000000, 0.000000000000000000, 0.000000000000000000 ) ) ;
#1176 = DIRECTION ( 'NONE',  ( -0.000000000000000000, -0.000000000000000000, 1.000000000000000000 ) ) ;
#1177 = VERTEX_POINT ( 'NONE', #8706 ) ;
#1178 = EDGE_CURVE ( 'NONE', #6107, #8075, #1818, .T. ) ;
#1179 = CARTESIAN_POINT ( 'NONE',  ( 1.528560524300655254, 1.547296908660294790, 20.19122068765343769 ) ) ;
#1180 = CARTESIAN_POINT ( 'NONE',  ( -6.969435128366655796, -18.99185453113828714, -2.500000000000000444 ) ) ;
#1181 = EDGE_LOOP ( 'NONE', ( #7912, #4680, #1982, #4827 ) ) ;
#1182 = CARTESIAN_POINT ( 'NONE',  ( -3.597382808306913178E-14, -3.500000000000009770, -2.500000000000000444 ) ) ;
#1183 = EDGE_CURVE ( 'NONE', #8008, #7541, #1078, .T. ) ;
#1184 = EDGE_LOOP ( 'NONE', ( #4191, #6127, #7338, #196 ) ) ;
#1185 = CARTESIAN_POINT ( 'NONE',  ( 34.99999999999973710, -25.50000000000036948, -2.500000000000000444 ) ) ;
#1186 = DIRECTION ( 'NONE',  ( 0.9621455304451257406, 0.2725361962097285762, 0.000000000000000000 ) ) ;
#1187 = ADVANCED_FACE ( 'NONE', ( #7972 ), #1925, .T. ) ;
#1188 = CARTESIAN_POINT ( 'NONE',  ( 3.031088913245552963, -1.750000000000017319, -2.500000000000000444 ) ) ;
#1189 = CARTESIAN_POINT ( 'NONE',  ( 29.47866081722901654, 7.036472099430923777E-14, 2.500000000000000444 ) ) ;
#1190 = LINE ( 'NONE', #2737, #2165 ) ;
#1191 = ORIENTED_EDGE ( 'NONE', *, *, #6946, .F. ) ;
#1192 = DIRECTION ( 'NONE',  ( -0.000000000000000000, -0.000000000000000000, 1.000000000000000000 ) ) ;
#1193 = EDGE_CURVE ( 'NONE', #1798, #274, #4957, .T. ) ;
#1194 = EDGE_LOOP ( 'NONE', ( #7047, #6108, #9768, #842 ) ) ;
#1195 = CARTESIAN_POINT ( 'NONE',  ( 25.50000000000024514, 34.99999999999982236, -2.500000000000000444 ) ) ;
#1196 = FACE_OUTER_BOUND ( 'NONE', #7991, .T. ) ;
#1197 = CARTESIAN_POINT ( 'NONE',  ( 6.969435128366654020, -18.99185453113829425, 2.500000000000000444 ) ) ;
#1198 = EDGE_LOOP ( 'NONE', ( #2688, #4066, #5075, #6324, #840 ) ) ;
#1199 = CARTESIAN_POINT ( 'NONE',  ( 17.55157169726830801, -37.93611231721990862, 2.500000000000000444 ) ) ;
#1200 = CARTESIAN_POINT ( 'NONE',  ( -1.906419737345747656, 1.050158086411697722, 19.21590003706855043 ) ) ;
#1201 = CARTESIAN_POINT ( 'NONE',  ( 0.000000000000000000, 0.000000000000000000, -2.500000000000000444 ) ) ;
#1202 = ADVANCED_FACE ( 'NONE', ( #4753 ), #191, .F. ) ;
#1203 = ORIENTED_EDGE ( 'NONE', *, *, #1026, .F. ) ;
#1204 = AXIS2_PLACEMENT_3D ( 'NONE', #8547, #5589, #1763 ) ;
#1205 = ORIENTED_EDGE ( 'NONE', *, *, #2953, .T. ) ;
#1206 = CARTESIAN_POINT ( 'NONE',  ( 1.868460854700455309, 1.423363335257945117, 17.82352442671212955 ) ) ;
#1207 = ADVANCED_FACE ( 'NONE', ( #3313 ), #7021, .F. ) ;
#1208 = VERTEX_POINT ( 'NONE', #9351 ) ;
#1209 = DIRECTION ( 'NONE',  ( 0.000000000000000000, 0.000000000000000000, 1.000000000000000000 ) ) ;
#1210 = EDGE_CURVE ( 'NONE', #701, #2562, #7768, .T. ) ;
#1211 = AXIS2_PLACEMENT_3D ( 'NONE', #2383, #8313, #3976 ) ;
#1212 = ORIENTED_EDGE ( 'NONE', *, *, #1854, .F. ) ;
#1213 = B_SPLINE_CURVE_WITH_KNOTS ( 'NONE', 3,
 ( #1460, #4495, #3746, #6806 ),
 .UNSPECIFIED., .F., .F.,
 ( 4, 4 ),
 ( 3.602423855278283897E-18, 0.001307469713021624288 ),
 .UNSPECIFIED. ) ;
#1214 = PLANE ( 'NONE',  #2199 ) ;
#1215 = VECTOR ( 'NONE', #1630, 1000.000000000000000 ) ;
#1216 = LINE ( 'NONE', #1261, #2324 ) ;
#1217 = VECTOR ( 'NONE', #2184, 1000.000000000000000 ) ;
#1218 = CARTESIAN_POINT ( 'NONE',  ( 32.06088913245517347, -14.46891108675482940, -2.500000000000000444 ) ) ;
#1219 = CIRCLE ( 'NONE', #8171, 2.000000000000000000 ) ;
#1220 = ORIENTED_EDGE ( 'NONE', *, *, #3187, .T. ) ;
#1221 = CARTESIAN_POINT ( 'NONE',  ( -1.925018300613121625, 1.234843038990678599, 18.36491657410810419 ) ) ;
#1222 = AXIS2_PLACEMENT_3D ( 'NONE', #1096, #8030, #4132 ) ;
#1223 = ORIENTED_EDGE ( 'NONE', *, *, #8751, .F. ) ;
#1224 = FACE_OUTER_BOUND ( 'NONE', #3410, .T. ) ;
#1225 = AXIS2_PLACEMENT_3D ( 'NONE', #1401, #7451, #1351 ) ;
#1226 = VECTOR ( 'NONE', #1080, 1000.000000000000000 ) ;
#1227 = CARTESIAN_POINT ( 'NONE',  ( -8.221964726476832297, -8.157176732979426248, 2.500000000000000444 ) ) ;
#1228 = ORIENTED_EDGE ( 'NONE', *, *, #1024, .F. ) ;
#1229 = DIRECTION ( 'NONE',  ( -0.000000000000000000, -0.000000000000000000, 1.000000000000000000 ) ) ;
#1230 = ORIENTED_EDGE ( 'NONE', *, *, #655, .T. ) ;
#1231 = DIRECTION ( 'NONE',  ( 1.000000000000000000, 0.000000000000000000, 0.000000000000000000 ) ) ;
#1232 = CIRCLE ( 'NONE', #6756, 1.999999999999998224 ) ;
#1233 = VERTEX_POINT ( 'NONE', #980 ) ;
#1234 = CARTESIAN_POINT ( 'NONE',  ( -9.478295456910105443, -9.478295456909927807, -2.500000000000000444 ) ) ;
#1235 = DIRECTION ( 'NONE',  ( 1.000000000000000000, 0.000000000000000000, 0.000000000000000000 ) ) ;
#1236 = DIRECTION ( 'NONE',  ( 0.5000000000000015543, 0.8660254037844378194, 0.000000000000000000 ) ) ;
#1237 = CARTESIAN_POINT ( 'NONE',  ( 11.17530463715806377, -3.041841955658827867, -2.500000000000000444 ) ) ;
#1238 = CARTESIAN_POINT ( 'NONE',  ( 1.992706960439257990, 0.8730506831404695189, 17.94846335384028890 ) ) ;
#1239 = EDGE_CURVE ( 'NONE', #4760, #8453, #4706, .T. ) ;
#1240 = ORIENTED_EDGE ( 'NONE', *, *, #9554, .F. ) ;
#1241 = FACE_OUTER_BOUND ( 'NONE', #7771, .T. ) ;
#1242 = ORIENTED_EDGE ( 'NONE', *, *, #1393, .F. ) ;
#1243 = CARTESIAN_POINT ( 'NONE',  ( -8.157176732979374734, -8.221964726476787888, -2.500000000000000444 ) ) ;
#1244 = CARTESIAN_POINT ( 'NONE',  ( 0.000000000000000000, 0.000000000000000000, -2.500000000000000000 ) ) ;
#1245 = CYLINDRICAL_SURFACE ( 'NONE', #3488, 1.000000000000000888 ) ;
#1246 = CIRCLE ( 'NONE', #2982, 2.000000000000001776 ) ;
#1247 = ORIENTED_EDGE ( 'NONE', *, *, #7135, .T. ) ;
#1248 = CARTESIAN_POINT ( 'NONE',  ( -1.785354769494874150, 1.270893826199489096, 19.04698752743281176 ) ) ;
#1249 = CARTESIAN_POINT ( 'NONE',  ( 11.17530463715806377, -3.041841955658827867, -2.500000000000000444 ) ) ;
#1250 = EDGE_CURVE ( 'NONE', #8294, #6029, #1859, .T. ) ;
#1251 = VERTEX_POINT ( 'NONE', #7923 ) ;
#1252 = VECTOR ( 'NONE', #2477, 1000.000000000000000 ) ;
#1253 = ORIENTED_EDGE ( 'NONE', *, *, #6635, .T. ) ;
#1254 = DIRECTION ( 'NONE',  ( -0.2725361962097285207, 0.9621455304451257406, 0.000000000000000000 ) ) ;
#1255 = EDGE_LOOP ( 'NONE', ( #2603, #1995 ) ) ;
#1256 = CARTESIAN_POINT ( 'NONE',  ( -18.99185453113837241, -6.969435128366506582, -2.500000000000000444 ) ) ;
#1257 = EDGE_CURVE ( 'NONE', #2562, #8126, #4550, .T. ) ;
#1258 = ORIENTED_EDGE ( 'NONE', *, *, #7131, .F. ) ;
#1260 = CYLINDRICAL_SURFACE ( 'NONE', #9144, 2.174999999999999822 ) ;
#1259 = B_SPLINE_CURVE_WITH_KNOTS ( 'NONE', 3,
 ( #5679, #5038, #5084, #3547 ),
 .UNSPECIFIED., .F., .F.,
 ( 4, 4 ),
 ( 0.000000000000000000, 0.001307469713021720565 ),
 .UNSPECIFIED. ) ;
#1261 = CARTESIAN_POINT ( 'NONE',  ( 4.227275442616384993, 29.39008111416191937, -2.500000000000000444 ) ) ;
#1262 = VECTOR ( 'NONE', #6207, 1000.000000000000000 ) ;
#1263 = FACE_OUTER_BOUND ( 'NONE', #3940, .T. ) ;
#1264 = EDGE_CURVE ( 'NONE', #9534, #8282, #240, .T. ) ;
#1265 = ADVANCED_FACE ( 'NONE', ( #2464 ), #9246, .F. ) ;
#1266 = TOROIDAL_SURFACE ( 'NONE', #321, 15.50000000000000000, 3.000000000000000000 ) ;
#1267 = ORIENTED_EDGE ( 'NONE', *, *, #6453, .T. ) ;
#1268 = FACE_OUTER_BOUND ( 'NONE', #5906, .T. ) ;
#1269 = ORIENTED_EDGE ( 'NONE', *, *, #4171, .F. ) ;
#1270 = VECTOR ( 'NONE', #2816, 1000.000000000000000 ) ;
#1271 = PLANE ( 'NONE',  #108 ) ;
#1272 = FACE_OUTER_BOUND ( 'NONE', #3202, .T. ) ;
#1273 = ORIENTED_EDGE ( 'NONE', *, *, #7916, .T. ) ;
#1274 = CARTESIAN_POINT ( 'NONE',  ( -14.29278542295881316, -2.134703820650322825, -2.500000000000000444 ) ) ;
#1275 = VECTOR ( 'NONE', #8393, 1000.000000000000000 ) ;
#1276 = EDGE_CURVE ( 'NONE', #557, #4676, #8809, .T. ) ;
#1277 = EDGE_CURVE ( 'NONE', #3689, #4912, #4240, .T. ) ;
#1278 = ORIENTED_EDGE ( 'NONE', *, *, #5746, .F. ) ;
#1279 = LINE ( 'NONE', #8845, #7428 ) ;
#1280 = CIRCLE ( 'NONE', #6189, 1.000000000000004441 ) ;
#1281 = ORIENTED_EDGE ( 'NONE', *, *, #8596, .F. ) ;
#1282 = AXIS2_PLACEMENT_3D ( 'NONE', #4710, #4763, #2474 ) ;
#1283 = CARTESIAN_POINT ( 'NONE',  ( -33.43611231721976651, -23.34580033132866816, -2.500000000000000444 ) ) ;
#1284 = DIRECTION ( 'NONE',  ( 0.5000000000000095479, 0.8660254037844331565, 0.000000000000000000 ) ) ;
#1285 = CARTESIAN_POINT ( 'NONE',  ( 15.23933040861455623, 24.66324373348088983, -2.500000000000000444 ) ) ;
#1286 = AXIS2_PLACEMENT_3D ( 'NONE', #3206, #6860, #79 ) ;
#1287 = CARTESIAN_POINT ( 'NONE',  ( 3.500000000000285549, 40.62942283616639116, 2.500000000000000444 ) ) ;
#1288 = FACE_OUTER_BOUND ( 'NONE', #3864, .T. ) ;
#1289 = ORIENTED_EDGE ( 'NONE', *, *, #7333, .T. ) ;
#1290 = FACE_OUTER_BOUND ( 'NONE', #1082, .T. ) ;
#1291 = ORIENTED_EDGE ( 'NONE', *, *, #7074, .F. ) ;
#1292 = CARTESIAN_POINT ( 'NONE',  ( -3.469296921803748823, -12.94759237871368995, 3.353331896491123842 ) ) ;
#1293 = DIRECTION ( 'NONE',  ( 0.000000000000000000, 0.000000000000000000, 1.000000000000000000 ) ) ;
#1294 = CARTESIAN_POINT ( 'NONE',  ( -42.61134590134524558, 5.768292682926981385, 2.500000000000000444 ) ) ;
#1295 = VERTEX_POINT ( 'NONE', #5966 ) ;
#1296 = PLANE ( 'NONE',  #4538 ) ;
#1297 = DIRECTION ( 'NONE',  ( -0.8660254037844414832, -0.4999999999999950595, 0.000000000000000000 ) ) ;
#1298 = DIRECTION ( 'NONE',  ( 1.000000000000000000, 0.000000000000000000, 0.000000000000000000 ) ) ;
#1299 = ORIENTED_EDGE ( 'NONE', *, *, #3079, .T. ) ;
#1300 = CARTESIAN_POINT ( 'NONE',  ( 1.840542247166462753, 1.506427080231658833, 17.72791206703905331 ) ) ;
#1301 = ORIENTED_EDGE ( 'NONE', *, *, #9091, .F. ) ;
#1302 = CARTESIAN_POINT ( 'NONE',  ( 14.24130627983784869, 8.222222014276313828, 2.500000000000000444 ) ) ;
#1303 = EDGE_CURVE ( 'NONE', #9534, #2046, #5818, .T. ) ;
#1304 = CARTESIAN_POINT ( 'NONE',  ( -8.221964726476890917, 8.157176732979472433, -2.500000000000000444 ) ) ;
#1305 = AXIS2_PLACEMENT_3D ( 'NONE', #5567, #6882, #102 ) ;
#1306 = EDGE_LOOP ( 'NONE', ( #6603, #8776, #762, #4595 ) ) ;
#1307 = DIRECTION ( 'NONE',  ( 0.4999999999999947264, -0.8660254037844418162, 0.000000000000000000 ) ) ;
#1308 = DIRECTION ( 'NONE',  ( -1.000000000000000000, -8.673617379884027583E-16, 0.000000000000000000 ) ) ;
#1309 = DIRECTION ( 'NONE',  ( 0.000000000000000000, 0.000000000000000000, -1.000000000000000000 ) ) ;
#1310 = VECTOR ( 'NONE', #5003, 1000.000000000000114 ) ;
#1311 = ORIENTED_EDGE ( 'NONE', *, *, #279, .T. ) ;
#1312 = B_SPLINE_CURVE_WITH_KNOTS ( 'NONE', 3,
 ( #1141, #496, #5891, #3610, #7326, #7228, #4215, #4964, #7980, #3525, #6533, #2735, #7368, #6572, #449, #3472, #9508, #9550, #5752, #8759, #5103, #2776, #5794, #8115, #1330, #1976, #4359, #6624, #2821, #9643 ),
 .UNSPECIFIED., .F., .F.,
 ( 4, 2, 2, 2, 2, 2, 2, 2, 2, 2, 2, 2, 2, 2, 4 ),
 ( 0.006066858339455675000, 0.006445945862319700688, 0.006825033385183725508, 0.007204120908047751196, 0.007583208430911776016, 0.008341383476639827391, 0.008720470999503857415, 0.009099558522367885705, 0.009478646045231915729, 0.009857733568095945753, 0.01061590861382399713, 0.01099499613668802542, 0.01137408365955205544, 0.01175317118241608373, 0.01213225870528011202 ),
 .UNSPECIFIED. ) ;
#1313 = LINE ( 'NONE', #2664, #5158 ) ;
#1314 = VERTEX_POINT ( 'NONE', #1403 ) ;
#1315 = FACE_OUTER_BOUND ( 'NONE', #3087, .T. ) ;
#1316 = EDGE_CURVE ( 'NONE', #2405, #2514, #5338, .T. ) ;
#1317 = ADVANCED_FACE ( 'NONE', ( #1353 ), #1498, .T. ) ;
#1318 = LINE ( 'NONE', #4348, #8676 ) ;
#1319 = ORIENTED_EDGE ( 'NONE', *, *, #1071, .T. ) ;
#1320 = VECTOR ( 'NONE', #3585, 1000.000000000000000 ) ;
#1321 = CARTESIAN_POINT ( 'NONE',  ( 47.50000000000000711, 5.817072295949929004E-15, 7.500000000000025757 ) ) ;
#1322 = ORIENTED_EDGE ( 'NONE', *, *, #2907, .F. ) ;
#1323 = CARTESIAN_POINT ( 'NONE',  ( 11.62758378290162220, -10.24935585154516993, 2.500000000000000444 ) ) ;
#1324 = AXIS2_PLACEMENT_3D ( 'NONE', #605, #3633, #5674 ) ;
#1325 = ORIENTED_EDGE ( 'NONE', *, *, #9103, .F. ) ;
#1326 = CARTESIAN_POINT ( 'NONE',  ( -17.56088913245544703, -39.58364779650315057, 2.500000000000000444 ) ) ;
#1327 = EDGE_CURVE ( 'NONE', #1712, #7954, #1455, .T. ) ;
#1328 = EDGE_CURVE ( 'NONE', #6587, #5181, #3735, .T. ) ;
#1329 = CARTESIAN_POINT ( 'NONE',  ( -3.031088913245574279, -1.749999999999972689, -2.500000000000000444 ) ) ;
#1330 = CARTESIAN_POINT ( 'NONE',  ( 0.8569079884459601670, 5.434109329632048180, 20.02837402071439143 ) ) ;
#1331 = B_SPLINE_CURVE_WITH_KNOTS ( 'NONE', 3,
 ( #2936, #8920, #8829, #2142 ),
 .UNSPECIFIED., .F., .F.,
 ( 4, 4 ),
 ( 0.000000000000000000, 0.002007903776505830674 ),
 .UNSPECIFIED. ) ;
#1332 = ORIENTED_EDGE ( 'NONE', *, *, #4492, .T. ) ;
#1333 = DIRECTION ( 'NONE',  ( -0.000000000000000000, -0.000000000000000000, 1.000000000000000000 ) ) ;
#1334 = CARTESIAN_POINT ( 'NONE',  ( 35.00000000000027001, 25.49999999999963407, -2.500000000000000444 ) ) ;
#1335 = ORIENTED_EDGE ( 'NONE', *, *, #4887, .T. ) ;
#1336 = CYLINDRICAL_SURFACE ( 'NONE', #9593, 1.000000000000002665 ) ;
#1337 = EDGE_LOOP ( 'NONE', ( #2123, #9465, #7601, #5468 ) ) ;
#1338 = DIRECTION ( 'NONE',  ( -0.000000000000000000, 0.000000000000000000, 1.000000000000000000 ) ) ;
#1339 = LINE ( 'NONE', #3573, #5720 ) ;
#1340 = EDGE_LOOP ( 'NONE', ( #713, #4376, #3097, #3194, #5628, #3968 ) ) ;
#1341 = LINE ( 'NONE', #5113, #98 ) ;
#1342 = DIRECTION ( 'NONE',  ( 1.000000000000000000, 0.000000000000000000, 0.000000000000000000 ) ) ;
#1343 = DIRECTION ( 'NONE',  ( -1.000000000000000000, 0.000000000000000000, 0.000000000000000000 ) ) ;
#1344 = ORIENTED_EDGE ( 'NONE', *, *, #3466, .F. ) ;
#1345 = DIRECTION ( 'NONE',  ( -1.000000000000000000, 0.000000000000000000, 0.000000000000000000 ) ) ;
#1346 = ORIENTED_EDGE ( 'NONE', *, *, #7447, .T. ) ;
#1347 = FACE_OUTER_BOUND ( 'NONE', #9313, .T. ) ;
#1348 = CARTESIAN_POINT ( 'NONE',  ( -8.995100449718442803, -11.31056335679690683, 2.689257726104073321 ) ) ;
#1349 = ORIENTED_EDGE ( 'NONE', *, *, #6834, .T. ) ;
#1350 = DIRECTION ( 'NONE',  ( 0.8660254037844399289, 0.4999999999999977796, 0.000000000000000000 ) ) ;
#1351 = DIRECTION ( 'NONE',  ( 1.000000000000000000, 0.000000000000000000, 0.000000000000000000 ) ) ;
#1352 = DIRECTION ( 'NONE',  ( -0.2725361962097285762, 0.9621455304451257406, 0.000000000000000000 ) ) ;
#1353 = FACE_OUTER_BOUND ( 'NONE', #6666, .T. ) ;
#1354 = CIRCLE ( 'NONE', #2466, 11.08578643762692906 ) ;
#1355 = EDGE_CURVE ( 'NONE', #1512, #1889, #8966, .T. ) ;
#1356 = VERTEX_POINT ( 'NONE', #5872 ) ;
#1357 = DIRECTION ( 'NONE',  ( -0.000000000000000000, 0.000000000000000000, 1.000000000000000000 ) ) ;
#1358 = VERTEX_POINT ( 'NONE', #8879 ) ;
#1359 = CARTESIAN_POINT ( 'NONE',  ( -3.500000000000010214, -7.589415207398551746E-16, -2.500000000000000444 ) ) ;
#1360 = AXIS2_PLACEMENT_3D ( 'NONE', #5409, #7680, #4822 ) ;
#1361 = CARTESIAN_POINT ( 'NONE',  ( -11.17530463715804245, 3.041841955658825647, -2.500000000000000444 ) ) ;
#1362 = EDGE_LOOP ( 'NONE', ( #2009, #4210, #9016, #67 ) ) ;
#1363 = CARTESIAN_POINT ( 'NONE',  ( -4.945105014852114067, -14.68999443131563787, 2.500000000000000444 ) ) ;
#1364 = CIRCLE ( 'NONE', #1211, 2.000000000000000000 ) ;
#1365 = VECTOR ( 'NONE', #5012, 1000.000000000000000 ) ;
#1366 = EDGE_CURVE ( 'NONE', #3555, #8226, #9767, .T. ) ;
#1367 = AXIS2_PLACEMENT_3D ( 'NONE', #161, #1690, #8527 ) ;
#1368 = ORIENTED_EDGE ( 'NONE', *, *, #7935, .T. ) ;
#1369 = EDGE_CURVE ( 'NONE', #7572, #280, #4388, .T. ) ;
#1370 = DIRECTION ( 'NONE',  ( -0.000000000000000000, -0.000000000000000000, 1.000000000000000000 ) ) ;
#1371 = CIRCLE ( 'NONE', #6588, 1.924999999999999600 ) ;
#1372 = ORIENTED_EDGE ( 'NONE', *, *, #3132, .F. ) ;
#1373 = CARTESIAN_POINT ( 'NONE',  ( -19.93214605312775589, -3.460219394375873669, -2.500000000000000444 ) ) ;
#1374 = DIRECTION ( 'NONE',  ( 1.224646799147353207E-16, 1.000000000000000000, 0.000000000000000000 ) ) ;
#1375 = EDGE_CURVE ( 'NONE', #8624, #4143, #2990, .T. ) ;
#1376 = LINE ( 'NONE', #4405, #7113 ) ;
#1377 = LINE ( 'NONE', #5008, #6172 ) ;
#1379 = VECTOR ( 'NONE', #2570, 1000.000000000000114 ) ;
#1378 = FACE_OUTER_BOUND ( 'NONE', #1405, .T. ) ;
#1380 = ADVANCED_FACE ( 'NONE', ( #8976 ), #6700, .F. ) ;
#1381 = ADVANCED_FACE ( 'NONE', ( #9026 ), #4435, .F. ) ;
#1382 = ORIENTED_EDGE ( 'NONE', *, *, #6155, .T. ) ;
#1383 = DIRECTION ( 'NONE',  ( -0.000000000000000000, -0.000000000000000000, 1.000000000000000000 ) ) ;
#1384 = ORIENTED_EDGE ( 'NONE', *, *, #7135, .F. ) ;
#1385 = DIRECTION ( 'NONE',  ( -0.7098982014311000510, -0.7043042975908135883, 0.000000000000000000 ) ) ;
#1386 = DIRECTION ( 'NONE',  ( 1.000000000000000000, 0.000000000000000000, 0.000000000000000000 ) ) ;
#1387 = ORIENTED_EDGE ( 'NONE', *, *, #5688, .T. ) ;
#1388 = DIRECTION ( 'NONE',  ( -0.000000000000000000, -0.000000000000000000, 1.000000000000000000 ) ) ;
#1389 = AXIS2_PLACEMENT_3D ( 'NONE', #988, #4966, #7938 ) ;
#1390 = CARTESIAN_POINT ( 'NONE',  ( -8.494333787820234960, 2.146992799845302002, 2.500000000000000444 ) ) ;
#1391 = CARTESIAN_POINT ( 'NONE',  ( -34.01836169854756520, -26.30116095055108261, 2.500000000000000444 ) ) ;
#1392 = EDGE_CURVE ( 'NONE', #6903, #7686, #3451, .T. ) ;
#1393 = EDGE_CURVE ( 'NONE', #2043, #7504, #2894, .T. ) ;
#1394 = ORIENTED_EDGE ( 'NONE', *, *, #4128, .F. ) ;
#1395 = CARTESIAN_POINT ( 'NONE',  ( -28.56088913245539729, -20.53108891324546903, -2.500000000000000444 ) ) ;
#1396 = ORIENTED_EDGE ( 'NONE', *, *, #525, .F. ) ;
#1397 = VECTOR ( 'NONE', #1469, 1000.000000000000000 ) ;
#1398 = CARTESIAN_POINT ( 'NONE',  ( 1.667466624839249345, 1.411981552307171928, 19.95599374342203802 ) ) ;
#1399 = DIRECTION ( 'NONE',  ( 1.000000000000000000, 0.000000000000000000, 0.000000000000000000 ) ) ;
#1400 = VERTEX_POINT ( 'NONE', #2251 ) ;
#1401 = CARTESIAN_POINT ( 'NONE',  ( 14.23933040861451715, -24.66324373348070154, -2.500000000000000444 ) ) ;
#1402 = DIRECTION ( 'NONE',  ( 0.000000000000000000, -0.000000000000000000, -1.000000000000000000 ) ) ;
#1403 = CARTESIAN_POINT ( 'NONE',  ( 4.426627195228806322, -16.52039759875991720, 2.500000000000000444 ) ) ;
#1404 = VECTOR ( 'NONE', #9360, 1000.000000000000000 ) ;
#1405 = EDGE_LOOP ( 'NONE', ( #2751, #3292, #5335, #1319 ) ) ;
#1406 = DIRECTION ( 'NONE',  ( 0.7043042975908133663, 0.7098982014311003841, 0.000000000000000000 ) ) ;
#1407 = EDGE_LOOP ( 'NONE', ( #7097, #1007, #140, #8437, #3186 ) ) ;
#1408 = CARTESIAN_POINT ( 'NONE',  ( 42.61134590134531663, 5.768292682926386306, 2.500000000000000444 ) ) ;
#1409 = VECTOR ( 'NONE', #7347, 1000.000000000000000 ) ;
#1410 = CARTESIAN_POINT ( 'NONE',  ( -13.27251083153757882, 4.663002165360435214, 2.836032871894713203 ) ) ;
#1411 = VERTEX_POINT ( 'NONE', #2145 ) ;
#1412 = FACE_OUTER_BOUND ( 'NONE', #1306, .T. ) ;
#1413 = AXIS2_PLACEMENT_3D ( 'NONE', #6477, #3517, #8013 ) ;
#1414 = VECTOR ( 'NONE', #2622, 1000.000000000000114 ) ;
#1415 = VERTEX_POINT ( 'NONE', #6062 ) ;
#1416 = CARTESIAN_POINT ( 'NONE',  ( 3.460219394376097490, 19.93214605312788024, 2.500000000000000444 ) ) ;
#1417 = ORIENTED_EDGE ( 'NONE', *, *, #4696, .T. ) ;
#1418 = VECTOR ( 'NONE', #5285, 1000.000000000000000 ) ;
#1419 = DIRECTION ( 'NONE',  ( 1.000000000000000000, 0.000000000000000000, 0.000000000000000000 ) ) ;
#1420 = CARTESIAN_POINT ( 'NONE',  ( -8.429805248399418360, -2.387816587501792487, -2.500000000000000444 ) ) ;
#1421 = EDGE_CURVE ( 'NONE', #3283, #1123, #5176, .T. ) ;
#1422 = AXIS2_PLACEMENT_3D ( 'NONE', #4084, #8768, #1894 ) ;
#1423 = DIRECTION ( 'NONE',  ( -0.000000000000000000, -0.000000000000000000, 1.000000000000000000 ) ) ;
#1424 = ORIENTED_EDGE ( 'NONE', *, *, #9793, .T. ) ;
#1425 = CARTESIAN_POINT ( 'NONE',  ( -23.34580033132878540, -33.43611231721967414, 2.500000000000000444 ) ) ;
#1426 = LINE ( 'NONE', #8853, #5485 ) ;
#1427 = AXIS2_PLACEMENT_3D ( 'NONE', #5721, #4088, #367 ) ;
#1428 = ORIENTED_EDGE ( 'NONE', *, *, #6778, .F. ) ;
#1429 = CIRCLE ( 'NONE', #5239, 11.08578643762692906 ) ;
#1430 = ORIENTED_EDGE ( 'NONE', *, *, #6157, .T. ) ;
#1431 = LINE ( 'NONE', #2178, #3908 ) ;
#1432 = ORIENTED_EDGE ( 'NONE', *, *, #1866, .F. ) ;
#1433 = DIRECTION ( 'NONE',  ( -0.000000000000000000, -0.000000000000000000, 1.000000000000000000 ) ) ;
#1434 = DIRECTION ( 'NONE',  ( 0.7043042975908135883, -0.7098982014311000510, 0.000000000000000000 ) ) ;
#1435 = EDGE_CURVE ( 'NONE', #5900, #7264, #9624, .T. ) ;
#1436 = AXIS2_PLACEMENT_3D ( 'NONE', #6280, #7812, #8550 ) ;
#1437 = ORIENTED_EDGE ( 'NONE', *, *, #9012, .F. ) ;
#1438 = EDGE_CURVE ( 'NONE', #1208, #4760, #2489, .T. ) ;
#1439 = CARTESIAN_POINT ( 'NONE',  ( 2.146992799845265143, -8.494333787820087522, 2.500000000000000444 ) ) ;
#1440 = VECTOR ( 'NONE', #3008, 1000.000000000000000 ) ;
#1441 = FACE_OUTER_BOUND ( 'NONE', #3880, .T. ) ;
#1442 = CARTESIAN_POINT ( 'NONE',  ( -4.583647796502832605, 43.06088913245540084, -2.500000000000000444 ) ) ;
#1443 = ORIENTED_EDGE ( 'NONE', *, *, #2041, .F. ) ;
#1444 = CARTESIAN_POINT ( 'NONE',  ( -1.535911781320788982, 1.540000000000000036, 20.30414570328606416 ) ) ;
#1445 = EDGE_LOOP ( 'NONE', ( #9128, #3767, #6065, #2322 ) ) ;
#1446 = CARTESIAN_POINT ( 'NONE',  ( 1.601483187608693015, 2.061846271760149563, 19.39037330197334086 ) ) ;
#1447 = DIRECTION ( 'NONE',  ( 0.000000000000000000, 0.000000000000000000, -1.000000000000000000 ) ) ;
#1448 = CARTESIAN_POINT ( 'NONE',  ( 25.50000000000000355, -35.00000000000000000, -2.500000000000000444 ) ) ;
#1449 = EDGE_CURVE ( 'NONE', #4625, #1487, #5276, .T. ) ;
#1450 = ORIENTED_EDGE ( 'NONE', *, *, #4664, .T. ) ;
#1451 = ADVANCED_FACE ( 'NONE', ( #9325 ), #6212, .F. ) ;
#1452 = LINE ( 'NONE', #7349, #4908 ) ;
#1453 = CARTESIAN_POINT ( 'NONE',  ( 8.221964726476977958, 8.157176732979570133, -2.500000000000000444 ) ) ;
#1454 = DIRECTION ( 'NONE',  ( 1.000000000000000000, 0.000000000000000000, 0.000000000000000000 ) ) ;
#1455 = LINE ( 'NONE', #2291, #8662 ) ;
#1456 = VERTEX_POINT ( 'NONE', #9168 ) ;
#1457 = CARTESIAN_POINT ( 'NONE',  ( -15.19446086639731242, 3.062410648414186642, 2.500000000000000444 ) ) ;
#1458 = EDGE_LOOP ( 'NONE', ( #8735, #9489, #4581, #9522 ) ) ;
#1459 = PLANE ( 'NONE',  #381 ) ;
#1460 = CARTESIAN_POINT ( 'NONE',  ( 5.297684973240492923, 13.44526717744759559, 2.689257726103996049 ) ) ;
#1461 = ORIENTED_EDGE ( 'NONE', *, *, #706, .F. ) ;
#1462 = CYLINDRICAL_SURFACE ( 'NONE', #5550, 22.00000000000002132 ) ;
#1463 = CIRCLE ( 'NONE', #6999, 47.50000000000000711 ) ;
#1464 = EDGE_LOOP ( 'NONE', ( #3447, #6554, #1902, #4090 ) ) ;
#1465 = LINE ( 'NONE', #7566, #3656 ) ;
#1466 = ORIENTED_EDGE ( 'NONE', *, *, #9493, .F. ) ;
#1467 = VECTOR ( 'NONE', #6622, 1000.000000000000114 ) ;
#1468 = CARTESIAN_POINT ( 'NONE',  ( -3.469296921803616929, 12.94759237871393864, 3.353331896490925779 ) ) ;
#1469 = DIRECTION ( 'NONE',  ( 0.7098982014311000510, 0.7043042975908135883, 0.000000000000000000 ) ) ;
#1470 = CARTESIAN_POINT ( 'NONE',  ( -43.00000000000000711, 5.265981236333620048E-15, 10.49999999999998579 ) ) ;
#1471 = VERTEX_POINT ( 'NONE', #4728 ) ;
#1472 = LINE ( 'NONE', #4556, #1741 ) ;
#1473 = CARTESIAN_POINT ( 'NONE',  ( 15.53163513676239837, -12.96271092476104414, -2.500000000000000444 ) ) ;
#1474 = VECTOR ( 'NONE', #4734, 1000.000000000000114 ) ;
#1475 = ORIENTED_EDGE ( 'NONE', *, *, #6663, .F. ) ;
#1476 = ADVANCED_FACE ( 'NONE', ( #8529 ), #6154, .F. ) ;
#1477 = ORIENTED_EDGE ( 'NONE', *, *, #8524, .F. ) ;
#1478 = VERTEX_POINT ( 'NONE', #6940 ) ;
#1479 = EDGE_CURVE ( 'NONE', #3218, #7288, #217, .T. ) ;
#1480 = CARTESIAN_POINT ( 'NONE',  ( -4.500000000000000000, 5.510910596163088569E-16, 21.50000000000000000 ) ) ;
#1481 = LINE ( 'NONE', #2131, #2226 ) ;
#1482 = VERTEX_POINT ( 'NONE', #1638 ) ;
#1483 = CARTESIAN_POINT ( 'NONE',  ( 12.94759237871383561, -3.469296921803686207, -2.500000000000000444 ) ) ;
#1484 = DIRECTION ( 'NONE',  ( 0.000000000000000000, 0.000000000000000000, 1.000000000000000000 ) ) ;
#1485 = CARTESIAN_POINT ( 'NONE',  ( 11.17530463715804068, 3.041841955658831420, -2.500000000000000444 ) ) ;
#1486 = EDGE_CURVE ( 'NONE', #2405, #4909, #7598, .T. ) ;
#1487 = VERTEX_POINT ( 'NONE', #2397 ) ;
#1488 = DIRECTION ( 'NONE',  ( 1.000000000000000000, 0.000000000000000000, 0.000000000000000000 ) ) ;
#1489 = ORIENTED_EDGE ( 'NONE', *, *, #6576, .T. ) ;
#1490 = CARTESIAN_POINT ( 'NONE',  ( -11.03411263498100681, 27.56619458545766221, -2.500000000000000444 ) ) ;
#1491 = CARTESIAN_POINT ( 'NONE',  ( -1.792234685376259851, 1.236058559655704769, 19.61896884637782179 ) ) ;
#1492 = LINE ( 'NONE', #798, #474 ) ;
#1493 = VERTEX_POINT ( 'NONE', #164 ) ;
#1494 = CARTESIAN_POINT ( 'NONE',  ( -13.85142617536660659, -5.182636859574944133, 2.564006035009277262 ) ) ;
#1495 = ADVANCED_FACE ( 'NONE', ( #803 ), #7741, .F. ) ;
#1496 = LINE ( 'NONE', #8237, #7227 ) ;
#1497 = CARTESIAN_POINT ( 'NONE',  ( -1.862650505654385391, 5.175059103396970173, 18.80227022465567188 ) ) ;
#1498 = PLANE ( 'NONE',  #2326 ) ;
#1499 = ADVANCED_FACE ( 'NONE', ( #2445 ), #7692, .T. ) ;
#1500 = ORIENTED_EDGE ( 'NONE', *, *, #8096, .F. ) ;
#1501 = CARTESIAN_POINT ( 'NONE',  ( 11.17530463715806377, -3.041841955658827867, 2.500000000000000444 ) ) ;
#1502 = EDGE_CURVE ( 'NONE', #4540, #3948, #5521, .T. ) ;
#1503 = ORIENTED_EDGE ( 'NONE', *, *, #8041, .T. ) ;
#1504 = LINE ( 'NONE', #1408, #5909 ) ;
#1505 = CARTESIAN_POINT ( 'NONE',  ( 0.9621455304451272950, -28.75119701343860257, -2.500000000000000000 ) ) ;
#1506 = ORIENTED_EDGE ( 'NONE', *, *, #7320, .F. ) ;
#1507 = CARTESIAN_POINT ( 'NONE',  ( -5.065146892057792449, -14.26620574846924683, 2.500000000000000444 ) ) ;
#1508 = ORIENTED_EDGE ( 'NONE', *, *, #7074, .T. ) ;
#1509 = DIRECTION ( 'NONE',  ( 1.000000000000000000, -3.686287386450714287E-15, 0.000000000000000000 ) ) ;
#1510 = EDGE_CURVE ( 'NONE', #697, #6696, #5417, .T. ) ;
#1511 = VECTOR ( 'NONE', #231, 1000.000000000000114 ) ;
#1512 = VERTEX_POINT ( 'NONE', #8378 ) ;
#1513 = LINE ( 'NONE', #9640, #9538 ) ;
#1514 = CIRCLE ( 'NONE', #6272, 45.82842712474621294 ) ;
#1515 = CARTESIAN_POINT ( 'NONE',  ( 8.222222014276248103, -14.24130627983769770, 2.500000000000000444 ) ) ;
#1516 = LINE ( 'NONE', #8158, #6638 ) ;
#1517 = ORIENTED_EDGE ( 'NONE', *, *, #7561, .T. ) ;
#1518 = VECTOR ( 'NONE', #4377, 1000.000000000000000 ) ;
#1519 = CARTESIAN_POINT ( 'NONE',  ( -3.041841955658789676, -11.17530463715794653, -2.500000000000000444 ) ) ;
#1520 = VECTOR ( 'NONE', #3881, 1000.000000000000000 ) ;
#1521 = DIRECTION ( 'NONE',  ( 0.4999999999999951150, -0.8660254037844414832, 0.000000000000000000 ) ) ;
#1522 = VERTEX_POINT ( 'NONE', #7791 ) ;
#1523 = VECTOR ( 'NONE', #289, 1000.000000000000000 ) ;
#1524 = ORIENTED_EDGE ( 'NONE', *, *, #2164, .T. ) ;
#1525 = AXIS2_PLACEMENT_3D ( 'NONE', #2689, #5660, #8765 ) ;
#1526 = ORIENTED_EDGE ( 'NONE', *, *, #3241, .F. ) ;
#1527 = CARTESIAN_POINT ( 'NONE',  ( -18.35596847918073848, -23.33891914284111024, 2.500000000000000444 ) ) ;
#1528 = CARTESIAN_POINT ( 'NONE',  ( -3.062410648413870895, 15.19446086639737992, 2.500000000000000444 ) ) ;
#1529 = AXIS2_PLACEMENT_3D ( 'NONE', #9450, #2674, #3259 ) ;
#1530 = EDGE_CURVE ( 'NONE', #9092, #5588, #7042, .T. ) ;
#1531 = CARTESIAN_POINT ( 'NONE',  ( 28.56088913245554295, 20.53108891324527718, -2.500000000000000444 ) ) ;
#1532 = CARTESIAN_POINT ( 'NONE',  ( -9.162830469435492731, 10.67453374887280404, 2.836032871894684337 ) ) ;
#1533 = DIRECTION ( 'NONE',  ( 1.000000000000000000, 0.000000000000000000, 0.000000000000000000 ) ) ;
#1534 = ORIENTED_EDGE ( 'NONE', *, *, #7083, .T. ) ;
#1535 = LINE ( 'NONE', #8227, #1053 ) ;
#1536 = VERTEX_POINT ( 'NONE', #3085 ) ;
#1537 = CARTESIAN_POINT ( 'NONE',  ( 3.469296921803829203, 12.94759237871390489, 3.353331896490904462 ) ) ;
#1538 = LINE ( 'NONE', #699, #3496 ) ;
#1539 = CARTESIAN_POINT ( 'NONE',  ( -19.93214605312773813, 3.460219394376160551, 2.500000000000000444 ) ) ;
#1540 = ORIENTED_EDGE ( 'NONE', *, *, #7008, .F. ) ;
#1541 = EDGE_CURVE ( 'NONE', #2211, #2865, #4628, .T. ) ;
#1542 = LINE ( 'NONE', #214, #1520 ) ;
#1543 = CARTESIAN_POINT ( 'NONE',  ( -28.47866081722894194, 1.412715430748612278E-13, -2.500000000000000444 ) ) ;
#1544 = CARTESIAN_POINT ( 'NONE',  ( 2.953339910681121339, -11.19901868863823680, -2.500000000000000444 ) ) ;
#1545 = VERTEX_POINT ( 'NONE', #6890 ) ;
#1546 = EDGE_LOOP ( 'NONE', ( #403, #9587, #8289, #7458 ) ) ;
#1547 = CARTESIAN_POINT ( 'NONE',  ( 6.969435128366727739, 18.99185453113849675, -2.500000000000000444 ) ) ;
#1548 = EDGE_CURVE ( 'NONE', #5591, #6764, #2548, .T. ) ;
#1549 = EDGE_LOOP ( 'NONE', ( #1942, #9453, #2813, #3490, #1500 ) ) ;
#1550 = DIRECTION ( 'NONE',  ( -0.9695105696079971969, 0.2450494958541578061, 0.000000000000000000 ) ) ;
#1551 = ORIENTED_EDGE ( 'NONE', *, *, #8578, .T. ) ;
#1552 = LINE ( 'NONE', #3197, #9782 ) ;
#1553 = EDGE_CURVE ( 'NONE', #1358, #5419, #5464, .T. ) ;
#1554 = ORIENTED_EDGE ( 'NONE', *, *, #3800, .F. ) ;
#1555 = CIRCLE ( 'NONE', #8356, 2.000000000000001776 ) ;
#1556 = LINE ( 'NONE', #7463, #6014 ) ;
#1557 = EDGE_CURVE ( 'NONE', #7754, #5327, #1593, .T. ) ;
#1558 = ORIENTED_EDGE ( 'NONE', *, *, #3017, .T. ) ;
#1559 = LINE ( 'NONE', #105, #162 ) ;
#1560 = AXIS2_PLACEMENT_3D ( 'NONE', #2758, #2003, #7252 ) ;
#1561 = EDGE_LOOP ( 'NONE', ( #5892, #6376, #7743, #2147 ) ) ;
#1562 = SHAPE_DEFINITION_REPRESENTATION ( #4099, #8911 ) ;
#1563 = FACE_OUTER_BOUND ( 'NONE', #512, .T. ) ;
#1564 = LINE ( 'NONE', #3608, #8984 ) ;
#1565 = ADVANCED_FACE ( 'NONE', ( #901 ), #111, .T. ) ;
#1566 = DIRECTION ( 'NONE',  ( 0.7170960345909674905, 0.6969743733982692868, 0.000000000000000000 ) ) ;
#1567 = ADVANCED_FACE ( 'NONE', ( #5618 ), #1105, .F. ) ;
#1568 = DIRECTION ( 'NONE',  ( -0.000000000000000000, -0.000000000000000000, 1.000000000000000000 ) ) ;
#1569 = AXIS2_PLACEMENT_3D ( 'NONE', #3361, #8134, #6329 ) ;
#1570 = PLANE ( 'NONE',  #270 ) ;
#1571 = ORIENTED_EDGE ( 'NONE', *, *, #5936, .T. ) ;
#1572 = VECTOR ( 'NONE', #2266, 1000.000000000000114 ) ;
#1573 = ORIENTED_EDGE ( 'NONE', *, *, #8409, .T. ) ;
#1574 = ORIENTED_EDGE ( 'NONE', *, *, #9066, .T. ) ;
#1575 = DIRECTION ( 'NONE',  ( -0.000000000000000000, -0.000000000000000000, 1.000000000000000000 ) ) ;
#1576 = CARTESIAN_POINT ( 'NONE',  ( -2.134703820650388106, 14.29278542295894994, 2.689257726104003599 ) ) ;
#1577 = AXIS2_PLACEMENT_3D ( 'NONE', #2304, #2999, #5926 ) ;
#1578 = LINE ( 'NONE', #1483, #9294 ) ;
#1579 = DIRECTION ( 'NONE',  ( -0.2626377277448084802, -0.9648945144237497384, 0.000000000000000000 ) ) ;
#1580 = CARTESIAN_POINT ( 'NONE',  ( 14.23933040861455268, 24.66324373348088983, -2.500000000000000444 ) ) ;
#1581 = VECTOR ( 'NONE', #8251, 1000.000000000000000 ) ;
#1582 = VERTEX_POINT ( 'NONE', #9422 ) ;
#1583 = DIRECTION ( 'NONE',  ( 0.000000000000000000, 0.000000000000000000, 1.000000000000000000 ) ) ;
#1584 = ORIENTED_EDGE ( 'NONE', *, *, #7324, .F. ) ;
#1585 = VECTOR ( 'NONE', #9435, 1000.000000000000000 ) ;
#1586 = CARTESIAN_POINT ( 'NONE',  ( 1.543571220819154988, 2.140000000000000124, 19.45022297240963383 ) ) ;
#1587 = CARTESIAN_POINT ( 'NONE',  ( 28.75119701343874468, -0.9621455304450576840, 2.500000000000000444 ) ) ;
#1588 = CARTESIAN_POINT ( 'NONE',  ( -3.500000000000001332, -40.62942283616641248, 2.500000000000000444 ) ) ;
#1589 = AXIS2_PLACEMENT_3D ( 'NONE', #870, #4507, #7522 ) ;
#1590 = VERTEX_POINT ( 'NONE', #511 ) ;
#1591 = CARTESIAN_POINT ( 'NONE',  ( -16.49238970772112722, 16.49238970772131907, -2.500000000000000444 ) ) ;
#1592 = CARTESIAN_POINT ( 'NONE',  ( -28.75119701343867007, 0.9621455304452677382, -2.500000000000000444 ) ) ;
#1593 = LINE ( 'NONE', #7646, #7073 ) ;
#1594 = CIRCLE ( 'NONE', #4615, 1.000000000000000888 ) ;
#1595 = VERTEX_POINT ( 'NONE', #6549 ) ;
#1596 = ORIENTED_EDGE ( 'NONE', *, *, #4032, .T. ) ;
#1597 = CARTESIAN_POINT ( 'NONE',  ( 28.47866081722901654, 7.036472099430923777E-14, -2.500000000000000444 ) ) ;
#1598 = EDGE_CURVE ( 'NONE', #5690, #4378, #444, .T. ) ;
#1599 = ORIENTED_EDGE ( 'NONE', *, *, #4479, .F. ) ;
#1600 = DIRECTION ( 'NONE',  ( 0.7043042975908135883, -0.7098982014311000510, 0.000000000000000000 ) ) ;
#1601 = EDGE_LOOP ( 'NONE', ( #4506, #7477, #8777, #1368 ) ) ;
#1602 = DIRECTION ( 'NONE',  ( 0.6969743733982683986, 0.7170960345909682676, 0.000000000000000000 ) ) ;
#1603 = ORIENTED_EDGE ( 'NONE', *, *, #2102, .F. ) ;
#1604 = CARTESIAN_POINT ( 'NONE',  ( -45.82842712474621294, 5.612363658827819433E-15, 10.50000000000000000 ) ) ;
#1605 = EDGE_LOOP ( 'NONE', ( #8140, #8875, #2503, #3887 ) ) ;
#1606 = CARTESIAN_POINT ( 'NONE',  ( -12.96271092476107079, 15.53163513676251917, -2.500000000000000444 ) ) ;
#1607 = EDGE_CURVE ( 'NONE', #5971, #6819, #1900, .T. ) ;
#1608 = DIRECTION ( 'NONE',  ( -0.000000000000000000, -0.000000000000000000, 1.000000000000000000 ) ) ;
#1609 = EDGE_CURVE ( 'NONE', #5955, #7565, #3678, .T. ) ;
#1610 = ORIENTED_EDGE ( 'NONE', *, *, #4911, .T. ) ;
#1611 = DIRECTION ( 'NONE',  ( -0.000000000000000000, -0.000000000000000000, 1.000000000000000000 ) ) ;
#1612 = CARTESIAN_POINT ( 'NONE',  ( 32.06088913245548611, 14.46891108675416504, -2.500000000000000444 ) ) ;
#1613 = AXIS2_PLACEMENT_3D ( 'NONE', #2637, #5156, #2181 ) ;
#1614 = DIRECTION ( 'NONE',  ( 0.7043042975908133663, 0.7098982014311003841, 0.000000000000000000 ) ) ;
#1615 = DIRECTION ( 'NONE',  ( -0.9648945144237500715, 0.2626377277448079250, 0.000000000000000000 ) ) ;
#1616 = CARTESIAN_POINT ( 'NONE',  ( -19.93214605312773813, 3.460219394376160551, -2.500000000000000444 ) ) ;
#1617 = ORIENTED_EDGE ( 'NONE', *, *, #5757, .F. ) ;
#1618 = AXIS2_PLACEMENT_3D ( 'NONE', #5750, #8757, #7273 ) ;
#1619 = ADVANCED_FACE ( 'NONE', ( #1844 ), #5024, .F. ) ;
#1620 = ORIENTED_EDGE ( 'NONE', *, *, #5508, .T. ) ;
#1621 = EDGE_CURVE ( 'NONE', #6984, #4333, #8495, .T. ) ;
#1622 = ORIENTED_EDGE ( 'NONE', *, *, #3750, .T. ) ;
#1623 = CARTESIAN_POINT ( 'NONE',  ( -16.52039759875998470, -4.426627195228657996, 2.500000000000000444 ) ) ;
#1624 = CARTESIAN_POINT ( 'NONE',  ( 16.49238970772125157, 16.49238970772126933, -2.500000000000000444 ) ) ;
#1625 = DIRECTION ( 'NONE',  ( 1.000000000000000000, 0.000000000000000000, 0.000000000000000000 ) ) ;
#1626 = VECTOR ( 'NONE', #5527, 999.9999999999998863 ) ;
#1627 = CARTESIAN_POINT ( 'NONE',  ( 3.031088913245549410, -1.750000000000037970, -2.500000000000000444 ) ) ;
#1628 = LINE ( 'NONE', #4662, #8161 ) ;
#1629 = ORIENTED_EDGE ( 'NONE', *, *, #5272, .T. ) ;
#1630 = DIRECTION ( 'NONE',  ( 0.2549963129926495764, -0.9669420253356220130, 0.000000000000000000 ) ) ;
#1631 = ORIENTED_EDGE ( 'NONE', *, *, #1725, .T. ) ;
#1632 = DIRECTION ( 'NONE',  ( -0.9669420253356220130, 0.2549963129926492988, 0.000000000000000000 ) ) ;
#1633 = LINE ( 'NONE', #4573, #8225 ) ;
#1634 = DIRECTION ( 'NONE',  ( -0.000000000000000000, -0.000000000000000000, -1.000000000000000000 ) ) ;
#1635 = ORIENTED_EDGE ( 'NONE', *, *, #9123, .F. ) ;
#1636 = CARTESIAN_POINT ( 'NONE',  ( -14.23933040861442656, 24.66324373348091115, -2.500000000000000444 ) ) ;
#1637 = FACE_OUTER_BOUND ( 'NONE', #4931, .T. ) ;
#1638 = CARTESIAN_POINT ( 'NONE',  ( -39.78665438147437072, -16.31018495079400310, 2.500000000000000444 ) ) ;
#1639 = ORIENTED_EDGE ( 'NONE', *, *, #4544, .F. ) ;
#1640 = ORIENTED_EDGE ( 'NONE', *, *, #7570, .F. ) ;
#1641 = CARTESIAN_POINT ( 'NONE',  ( 11.41400826666499313, 9.404368516724691318, 2.564006035009100071 ) ) ;
#1642 = VERTEX_POINT ( 'NONE', #4190 ) ;
#1643 = CARTESIAN_POINT ( 'NONE',  ( 3.041841955658786123, -11.17530463715789324, -2.500000000000000444 ) ) ;
#1644 = EDGE_LOOP ( 'NONE', ( #5159, #1281, #3648, #6229 ) ) ;
#1645 = DIRECTION ( 'NONE',  ( -0.000000000000000000, -0.000000000000000000, 1.000000000000000000 ) ) ;
#1646 = EDGE_CURVE ( 'NONE', #430, #4461, #1232, .T. ) ;
#1647 = ORIENTED_EDGE ( 'NONE', *, *, #4828, .T. ) ;
#1648 = LINE ( 'NONE', #178, #328 ) ;
#1649 = EDGE_CURVE ( 'NONE', #5712, #6751, #7897, .T. ) ;
#1650 = B_SPLINE_CURVE_WITH_KNOTS ( 'NONE', 3,
 ( #2258, #8295, #1507, #1363 ),
 .UNSPECIFIED., .F., .F.,
 ( 4, 4 ),
 ( 0.000000000000000000, 0.001307469713021907698 ),
 .UNSPECIFIED. ) ;
#1651 = ORIENTED_EDGE ( 'NONE', *, *, #715, .F. ) ;
#1652 = CARTESIAN_POINT ( 'NONE',  ( 12.50000000000000000, 0.000000000000000000, 2.500000000000000444 ) ) ;
#1653 = CARTESIAN_POINT ( 'NONE',  ( 0.000000000000000000, 0.000000000000000000, 15.21808462927431549 ) ) ;
#1654 = ORIENTED_EDGE ( 'NONE', *, *, #5087, .F. ) ;
#1655 = DIRECTION ( 'NONE',  ( 2.168404344971008375E-16, 1.000000000000000000, 0.000000000000000000 ) ) ;
#1656 = DIRECTION ( 'NONE',  ( -0.000000000000000000, -0.000000000000000000, 1.000000000000000000 ) ) ;
#1657 = DIRECTION ( 'NONE',  ( -0.2626377277448091463, 0.9648945144237496274, 0.000000000000000000 ) ) ;
#1658 = ORIENTED_EDGE ( 'NONE', *, *, #7689, .F. ) ;
#1659 = CARTESIAN_POINT ( 'NONE',  ( -3.043186370107777705, -13.37708729347499137, 3.055993497343892695 ) ) ;
#1660 = EDGE_CURVE ( 'NONE', #4875, #3886, #4247, .T. ) ;
#1661 = DIRECTION ( 'NONE',  ( -0.000000000000000000, -0.000000000000000000, 1.000000000000000000 ) ) ;
#1662 = PRODUCT_DEFINITION_CONTEXT ( 'detailed design', #9798, 'design' ) ;
#1663 = CARTESIAN_POINT ( 'NONE',  ( -11.19901868863824568, 2.953339910681120895, -2.500000000000000444 ) ) ;
#1664 = AXIS2_PLACEMENT_3D ( 'NONE', #807, #4438, #2294 ) ;
#1665 = ORIENTED_EDGE ( 'NONE', *, *, #9063, .F. ) ;
#1666 = ORIENTED_EDGE ( 'NONE', *, *, #211, .T. ) ;
#1667 = AXIS2_PLACEMENT_3D ( 'NONE', #1485, #8963, #6687 ) ;
#1668 = EDGE_CURVE ( 'NONE', #3886, #1478, #413, .T. ) ;
#1669 = EDGE_LOOP ( 'NONE', ( #5945, #5372, #154, #8770 ) ) ;
#1670 = DIRECTION ( 'NONE',  ( -0.000000000000000000, -0.000000000000000000, 1.000000000000000000 ) ) ;
#1671 = FACE_OUTER_BOUND ( 'NONE', #7344, .T. ) ;
#1672 = AXIS2_PLACEMENT_3D ( 'NONE', #3031, #3725, #1345 ) ;
#1673 = CIRCLE ( 'NONE', #8649, 2.000000000000001776 ) ;
#1674 = PLANE ( 'NONE',  #926 ) ;
#1675 = EDGE_CURVE ( 'NONE', #4297, #4063, #6578, .T. ) ;
#1676 = DIRECTION ( 'NONE',  ( 0.9648945144237497384, 0.2626377277448087577, 0.000000000000000000 ) ) ;
#1677 = DIRECTION ( 'NONE',  ( 1.000000000000000000, 0.000000000000000000, 0.000000000000000000 ) ) ;
#1678 = ADVANCED_FACE ( 'NONE', ( #6456 ), #9473, .F. ) ;
#1680 = CARTESIAN_POINT ( 'NONE',  ( 3.469296921803829203, 12.94759237871390489, -2.500000000000000444 ) ) ;
#1679 = AXIS2_PLACEMENT_3D ( 'NONE', #4016, #7769, #4809 ) ;
#1681 = VECTOR ( 'NONE', #9443, 1000.000000000000000 ) ;
#1682 = ORIENTED_EDGE ( 'NONE', *, *, #236, .F. ) ;
#1683 = AXIS2_PLACEMENT_3D ( 'NONE', #2988, #5274, #1308 ) ;
#1684 = LINE ( 'NONE', #4772, #2307 ) ;
#1685 = EDGE_LOOP ( 'NONE', ( #778, #9568, #624, #1387 ) ) ;
#1686 = CARTESIAN_POINT ( 'NONE',  ( 1.924843453493566114, 1.032768694540423970, 18.21485969996619403 ) ) ;
#1687 = DIRECTION ( 'NONE',  ( -0.000000000000000000, 0.000000000000000000, 1.000000000000000000 ) ) ;
#1688 = LINE ( 'NONE', #2441, #151 ) ;
#1689 = EDGE_LOOP ( 'NONE', ( #4619, #1162, #4847, #6998 ) ) ;
#1690 = DIRECTION ( 'NONE',  ( 0.6969743733982689537, -0.7170960345909678235, 0.000000000000000000 ) ) ;
#1691 = ADVANCED_FACE ( 'NONE', ( #7292 ), #5722, .T. ) ;
#1692 = CARTESIAN_POINT ( 'NONE',  ( -1.446836770009428896, 1.672966036515463939, 16.97970251611856085 ) ) ;
#1693 = ADVANCED_FACE ( 'NONE', ( #7995 ), #3344, .F. ) ;
#1694 = DIRECTION ( 'NONE',  ( -0.7170960345909682676, 0.6969743733982685097, 0.000000000000000000 ) ) ;
#1695 = EDGE_LOOP ( 'NONE', ( #6305, #6842, #5774, #7283 ) ) ;
#1696 = VECTOR ( 'NONE', #7094, 1000.000000000000000 ) ;
#1697 = ORIENTED_EDGE ( 'NONE', *, *, #5675, .T. ) ;
#1698 = DIRECTION ( 'NONE',  ( -0.7170960345909676015, -0.6969743733982690648, 0.000000000000000000 ) ) ;
#1699 = VERTEX_POINT ( 'NONE', #7243 ) ;
#1700 = LINE ( 'NONE', #963, #5601 ) ;
#1701 = EDGE_LOOP ( 'NONE', ( #1349, #3528, #2998, #5886 ) ) ;
#1702 = EDGE_LOOP ( 'NONE', ( #7803, #414, #6093, #3063 ) ) ;
#1703 = CYLINDRICAL_SURFACE ( 'NONE', #7279, 22.00000000000013145 ) ;
#1704 = CIRCLE ( 'NONE', #2027, 2.000000000000000000 ) ;
#1705 = ORIENTED_EDGE ( 'NONE', *, *, #9719, .T. ) ;
#1706 = DIRECTION ( 'NONE',  ( -0.7170960345909678235, -0.6969743733982689537, 0.000000000000000000 ) ) ;
#1707 = LINE ( 'NONE', #8494, #1681 ) ;
#1708 = ORIENTED_EDGE ( 'NONE', *, *, #460, .T. ) ;
#1709 = VECTOR ( 'NONE', #4395, 1000.000000000000114 ) ;
#1710 = FACE_OUTER_BOUND ( 'NONE', #4356, .T. ) ;
#1711 = FACE_BOUND ( 'NONE', #2194, .T. ) ;
#1712 = VERTEX_POINT ( 'NONE', #7842 ) ;
#1713 = CARTESIAN_POINT ( 'NONE',  ( -3.469296921803748823, -12.94759237871368995, 3.353331896491123842 ) ) ;
#1714 = CARTESIAN_POINT ( 'NONE',  ( 5.500000000000001776, -40.62942283616641248, 2.500000000000000444 ) ) ;
#1715 = CARTESIAN_POINT ( 'NONE',  ( -3.499999999999757971, 35.00000000000002132, 2.500000000000000444 ) ) ;
#1716 = AXIS2_PLACEMENT_3D ( 'NONE', #3892, #7050, #7002 ) ;
#1717 = ORIENTED_EDGE ( 'NONE', *, *, #5379, .T. ) ;
#1718 = DIRECTION ( 'NONE',  ( -0.9648945144237500715, 0.2626377277448079250, 0.000000000000000000 ) ) ;
#1719 = B_SPLINE_CURVE_WITH_KNOTS ( 'NONE', 3,
 ( #1830, #5655, #6441, #8718 ),
 .UNSPECIFIED., .F., .F.,
 ( 4, 4 ),
 ( 1.788112030672749005E-18, 0.001307469713021891218 ),
 .UNSPECIFIED. ) ;
#1720 = EDGE_CURVE ( 'NONE', #1478, #730, #3487, .T. ) ;
#1721 = EDGE_LOOP ( 'NONE', ( #6646, #9518, #9029, #9674 ) ) ;
#1722 = LINE ( 'NONE', #3320, #1955 ) ;
#1723 = DIRECTION ( 'NONE',  ( 1.776356839400250859E-15, 0.000000000000000000, -1.000000000000000000 ) ) ;
#1724 = EDGE_CURVE ( 'NONE', #7721, #4333, #1992, .T. ) ;
#1725 = EDGE_CURVE ( 'NONE', #4540, #8440, #1049, .T. ) ;
#1726 = LINE ( 'NONE', #199, #3784 ) ;
#1727 = LINE ( 'NONE', #4766, #8500 ) ;
#1728 = DIRECTION ( 'NONE',  ( 1.000000000000000000, 0.000000000000000000, 0.000000000000000000 ) ) ;
#1729 = CARTESIAN_POINT ( 'NONE',  ( 14.29278542295888954, -2.134703820650416528, -2.500000000000000444 ) ) ;
#1730 = AXIS2_PLACEMENT_3D ( 'NONE', #2169, #1566, #6079 ) ;
#1731 = VECTOR ( 'NONE', #9684, 1000.000000000000000 ) ;
#1732 = ORIENTED_EDGE ( 'NONE', *, *, #1720, .F. ) ;
#1733 = CARTESIAN_POINT ( 'NONE',  ( 0.000000000000000000, 0.000000000000000000, 0.000000000000000000 ) ) ;
#1734 = ADVANCED_FACE ( 'NONE', ( #5905 ), #8174, .F. ) ;
#1735 = ORIENTED_EDGE ( 'NONE', *, *, #1004, .F. ) ;
#1736 = PLANE ( 'NONE',  #1305 ) ;
#1737 = EDGE_CURVE ( 'NONE', #6751, #6052, #8912, .T. ) ;
#1738 = FACE_OUTER_BOUND ( 'NONE', #7969, .T. ) ;
#1739 = DIRECTION ( 'NONE',  ( -0.000000000000000000, -0.000000000000000000, 1.000000000000000000 ) ) ;
#1740 = VERTEX_POINT ( 'NONE', #8866 ) ;
#1741 = VECTOR ( 'NONE', #1661, 1000.000000000000000 ) ;
#1742 = FACE_OUTER_BOUND ( 'NONE', #56, .T. ) ;
#1743 = AXIS2_PLACEMENT_3D ( 'NONE', #59, #11, #6054 ) ;
#1744 = CARTESIAN_POINT ( 'NONE',  ( -1.449155157791296444, 5.306438807357574561, 17.02672553573327008 ) ) ;
#1745 = DIRECTION ( 'NONE',  ( 0.7098982014311003841, -0.7043042975908132552, 0.000000000000000000 ) ) ;
#1746 = VERTEX_POINT ( 'NONE', #8129 ) ;
#1747 = CIRCLE ( 'NONE', #1427, 1.000000000000004441 ) ;
#1748 = ORIENTED_EDGE ( 'NONE', *, *, #2660, .T. ) ;
#1749 = PLANE ( 'NONE',  #2940 ) ;
#1750 = EDGE_CURVE ( 'NONE', #6995, #3245, #5798, .T. ) ;
#1751 = ORIENTED_EDGE ( 'NONE', *, *, #1646, .F. ) ;
#1752 = VECTOR ( 'NONE', #7238, 1000.000000000000114 ) ;
#1753 = EDGE_CURVE ( 'NONE', #4559, #8887, #1514, .T. ) ;
#1754 = CARTESIAN_POINT ( 'NONE',  ( 3.469296921803700418, -12.94759237871372370, -2.500000000000000444 ) ) ;
#1755 = ADVANCED_FACE ( 'NONE', ( #600 ), #693, .T. ) ;
#1756 = ORIENTED_EDGE ( 'NONE', *, *, #100, .T. ) ;
#1757 = CARTESIAN_POINT ( 'NONE',  ( -34.99999999999991473, 25.50000000000012434, 2.500000000000000444 ) ) ;
#1758 = VECTOR ( 'NONE', #6442, 1000.000000000000000 ) ;
#1759 = VERTEX_POINT ( 'NONE', #4374 ) ;
#1760 = DIRECTION ( 'NONE',  ( 1.000000000000000000, 0.000000000000000000, 0.000000000000000000 ) ) ;
#1761 = AXIS2_PLACEMENT_3D ( 'NONE', #1420, #2120, #9641 ) ;
#1762 = VERTEX_POINT ( 'NONE', #741 ) ;
#1763 = DIRECTION ( 'NONE',  ( 1.000000000000000000, 8.673617379884027583E-16, 0.000000000000000000 ) ) ;
#1764 = CARTESIAN_POINT ( 'NONE',  ( 13.44526717744752986, -5.297684973240351702, -2.500000000000000444 ) ) ;
#1765 = ORIENTED_EDGE ( 'NONE', *, *, #5247, .T. ) ;
#1766 =( NAMED_UNIT ( * ) PLANE_ANGLE_UNIT ( ) SI_UNIT ( $, .RADIAN. ) );
#1767 = CARTESIAN_POINT ( 'NONE',  ( 26.30116095055143788, 34.01836169854728098, 2.500000000000000444 ) ) ;
#1768 = FACE_BOUND ( 'NONE', #3632, .T. ) ;
#1769 = ORIENTED_EDGE ( 'NONE', *, *, #2102, .T. ) ;
#1770 = DIRECTION ( 'NONE',  ( -0.000000000000000000, -0.000000000000000000, 1.000000000000000000 ) ) ;
#1771 = DIRECTION ( 'NONE',  ( -0.000000000000000000, -0.000000000000000000, 1.000000000000000000 ) ) ;
#1772 = LINE ( 'NONE', #9299, #1523 ) ;
#1773 = ORIENTED_EDGE ( 'NONE', *, *, #8880, .T. ) ;
#1774 = DIRECTION ( 'NONE',  ( -0.9669420253356221240, 0.2549963129926494654, 0.000000000000000000 ) ) ;
#1775 = ORIENTED_EDGE ( 'NONE', *, *, #4002, .F. ) ;
#1776 = VECTOR ( 'NONE', #7187, 1000.000000000000000 ) ;
#1777 = LINE ( 'NONE', #7722, #4319 ) ;
#1778 = CARTESIAN_POINT ( 'NONE',  ( -13.82583263479582669, -2.597977082664813420, 2.836032871894742513 ) ) ;
#1779 = DIRECTION ( 'NONE',  ( -0.000000000000000000, -0.000000000000000000, 1.000000000000000000 ) ) ;
#1780 = CARTESIAN_POINT ( 'NONE',  ( 34.99999999999996447, -3.500000000000369038, -2.500000000000000444 ) ) ;
#1781 = LINE ( 'NONE', #4819, #4945 ) ;
#1782 = CARTESIAN_POINT ( 'NONE',  ( -3.041841955658838526, 11.17530463715806910, -2.500000000000000444 ) ) ;
#1783 = EDGE_CURVE ( 'NONE', #1891, #3959, #2238, .T. ) ;
#1784 = VECTOR ( 'NONE', #9039, 1000.000000000000114 ) ;
#1785 = EDGE_CURVE ( 'NONE', #6961, #2303, #2927, .T. ) ;
#1786 = ORIENTED_EDGE ( 'NONE', *, *, #2356, .T. ) ;
#1787 = CARTESIAN_POINT ( 'NONE',  ( -4.583647796503736771, -43.06088913245529426, -2.500000000000000444 ) ) ;
#1788 = ORIENTED_EDGE ( 'NONE', *, *, #410, .T. ) ;
#1789 = DIRECTION ( 'NONE',  ( -0.000000000000000000, 0.000000000000000000, 1.000000000000000000 ) ) ;
#1790 = DIRECTION ( 'NONE',  ( 1.000000000000000000, 0.000000000000000000, 0.000000000000000000 ) ) ;
#1791 = DIRECTION ( 'NONE',  ( 0.000000000000000000, 0.000000000000000000, -1.000000000000000000 ) ) ;
#1792 = VECTOR ( 'NONE', #7814, 1000.000000000000000 ) ;
#1793 = VERTEX_POINT ( 'NONE', #8224 ) ;
#1794 = DIRECTION ( 'NONE',  ( 0.000000000000000000, 0.000000000000000000, -1.000000000000000000 ) ) ;
#1795 = CARTESIAN_POINT ( 'NONE',  ( 32.43611231721994415, 25.07785113889732287, -2.500000000000000444 ) ) ;
#1796 = DIRECTION ( 'NONE',  ( -0.9695105696079970858, 0.2450494958541576396, 0.000000000000000000 ) ) ;
#1797 = EDGE_CURVE ( 'NONE', #2696, #4326, #2090, .T. ) ;
#1798 = VERTEX_POINT ( 'NONE', #8271 ) ;
#1799 = VECTOR ( 'NONE', #3543, 1000.000000000000000 ) ;
#1800 = ORIENTED_EDGE ( 'NONE', *, *, #7018, .F. ) ;
#1801 = DIRECTION ( 'NONE',  ( 1.000000000000000000, -4.455085290576801329E-15, 0.000000000000000000 ) ) ;
#1802 = ORIENTED_EDGE ( 'NONE', *, *, #7057, .T. ) ;
#1803 = CARTESIAN_POINT ( 'NONE',  ( 15.19446086639734261, 3.062410648414044534, 2.500000000000000444 ) ) ;
#1804 = ORIENTED_EDGE ( 'NONE', *, *, #2350, .T. ) ;
#1805 = FACE_OUTER_BOUND ( 'NONE', #1194, .T. ) ;
#1806 = CARTESIAN_POINT ( 'NONE',  ( 1.749999999999996225, -3.031088913245545857, 2.500000000000000444 ) ) ;
#1807 = FACE_OUTER_BOUND ( 'NONE', #6119, .T. ) ;
#1808 = EDGE_CURVE ( 'NONE', #5343, #7902, #2799, .T. ) ;
#1809 = EDGE_CURVE ( 'NONE', #470, #8609, #3027, .T. ) ;
#1810 = EDGE_LOOP ( 'NONE', ( #2270, #8990, #758, #5908 ) ) ;
#1811 = CARTESIAN_POINT ( 'NONE',  ( 3.062410648414013892, 15.19446086639734794, 2.500000000000000444 ) ) ;
#1812 = DIRECTION ( 'NONE',  ( -0.000000000000000000, -0.000000000000000000, 1.000000000000000000 ) ) ;
#1813 = ORIENTED_EDGE ( 'NONE', *, *, #7617, .F. ) ;
#1814 = CARTESIAN_POINT ( 'NONE',  ( 11.31056335679705249, -8.995100449718375302, -2.500000000000000000 ) ) ;
#1815 = CARTESIAN_POINT ( 'NONE',  ( 27.56619458545758405, -11.03411263498098016, 2.500000000000000444 ) ) ;
#1816 = ORIENTED_EDGE ( 'NONE', *, *, #1934, .F. ) ;
#1817 = DIRECTION ( 'NONE',  ( -0.000000000000000000, 0.000000000000000000, 1.000000000000000000 ) ) ;
#1818 = LINE ( 'NONE', #5641, #4083 ) ;
#1819 = EDGE_CURVE ( 'NONE', #6252, #2920, #8314, .T. ) ;
#1820 = EDGE_CURVE ( 'NONE', #2950, #3046, #5999, .T. ) ;
#1821 = CARTESIAN_POINT ( 'NONE',  ( 14.24130627983784869, 8.222222014276313828, -2.500000000000000444 ) ) ;
#1822 = ORIENTED_EDGE ( 'NONE', *, *, #9553, .T. ) ;
#1823 = CARTESIAN_POINT ( 'NONE',  ( -2.134703820650388106, 14.29278542295894994, -2.500000000000000444 ) ) ;
#1824 = EDGE_LOOP ( 'NONE', ( #9038, #3706, #3316, #28 ) ) ;
#1825 = CARTESIAN_POINT ( 'NONE',  ( 1.750000000000014211, 3.031088913245526317, -2.500000000000000444 ) ) ;
#1826 = DIRECTION ( 'NONE',  ( -0.000000000000000000, 1.000000000000000000, -0.000000000000000000 ) ) ;
#1827 = B_SPLINE_CURVE_WITH_KNOTS ( 'NONE', 3,
 ( #721, #677, #3707, #1468 ),
 .UNSPECIFIED., .F., .F.,
 ( 4, 4 ),
 ( 9.697399036122160616E-19, 0.002007903776505798581 ),
 .UNSPECIFIED. ) ;
#1828 = FACE_OUTER_BOUND ( 'NONE', #3681, .T. ) ;
#1829 = VECTOR ( 'NONE', #9173, 1000.000000000000000 ) ;
#1830 = CARTESIAN_POINT ( 'NONE',  ( -11.31056335679702585, -8.995100449718286484, 2.689257726104075097 ) ) ;
#1831 = CARTESIAN_POINT ( 'NONE',  ( 42.62942283616646932, 5.499999999999576339, 2.500000000000000444 ) ) ;
#1832 = DIRECTION ( 'NONE',  ( 1.000000000000000000, -9.462128050782604590E-16, 0.000000000000000000 ) ) ;
#1833 = VERTEX_POINT ( 'NONE', #5162 ) ;
#1834 = DIRECTION ( 'NONE',  ( -0.000000000000000000, -0.000000000000000000, 1.000000000000000000 ) ) ;
#1835 = VECTOR ( 'NONE', #944, 999.9999999999998863 ) ;
#1836 = EDGE_LOOP ( 'NONE', ( #2839, #3748, #4268, #1599 ) ) ;
#1837 = CARTESIAN_POINT ( 'NONE',  ( 1.986784330686306665, 0.8852039957235533496, 17.90855908331549173 ) ) ;
#1838 = CARTESIAN_POINT ( 'NONE',  ( 40.62942283616646932, 5.499999999999576339, 2.500000000000000444 ) ) ;
#1839 = CARTESIAN_POINT ( 'NONE',  ( 17.28362250483797169, 36.93611231721956756, -2.500000000000000444 ) ) ;
#1840 = ORIENTED_EDGE ( 'NONE', *, *, #6712, .F. ) ;
#1841 = VECTOR ( 'NONE', #53, 1000.000000000000000 ) ;
#1842 = FACE_OUTER_BOUND ( 'NONE', #5455, .T. ) ;
#1843 = FACE_OUTER_BOUND ( 'NONE', #7793, .T. ) ;
#1844 = FACE_OUTER_BOUND ( 'NONE', #7766, .T. ) ;
#1845 = AXIS2_PLACEMENT_3D ( 'NONE', #8723, #1834, #2633 ) ;
#1846 = CIRCLE ( 'NONE', #889, 2.000000000000001776 ) ;
#1847 = ORIENTED_EDGE ( 'NONE', *, *, #2991, .F. ) ;
#1848 = VERTEX_POINT ( 'NONE', #1391 ) ;
#1849 = CARTESIAN_POINT ( 'NONE',  ( 19.93214605312782695, -3.460219394375949165, 2.500000000000000444 ) ) ;
#1850 = VECTOR ( 'NONE', #7575, 1000.000000000000114 ) ;
#1851 = ORIENTED_EDGE ( 'NONE', *, *, #5844, .F. ) ;
#1852 = DIRECTION ( 'NONE',  ( -0.7098982014311010502, 0.7043042975908125891, 0.000000000000000000 ) ) ;
#1853 = AXIS2_PLACEMENT_3D ( 'NONE', #6662, #5830, #7261 ) ;
#1854 = EDGE_CURVE ( 'NONE', #6274, #615, #9754, .T. ) ;
#1855 = ORIENTED_EDGE ( 'NONE', *, *, #3759, .F. ) ;
#1856 = DIRECTION ( 'NONE',  ( -0.7043042975908132552, -0.7098982014311003841, 0.000000000000000000 ) ) ;
#1857 = DIRECTION ( 'NONE',  ( -0.7098982014311010502, 0.7043042975908125891, 0.000000000000000000 ) ) ;
#1858 = CYLINDRICAL_SURFACE ( 'NONE', #2215, 2.000000000000001776 ) ;
#1859 = CIRCLE ( 'NONE', #6750, 43.00000000000000711 ) ;
#1860 = EDGE_CURVE ( 'NONE', #5117, #3075, #3772, .T. ) ;
#1861 = ORIENTED_EDGE ( 'NONE', *, *, #908, .T. ) ;
#1862 = LINE ( 'NONE', #9391, #9262 ) ;
#1863 = ORIENTED_EDGE ( 'NONE', *, *, #707, .F. ) ;
#1864 = LINE ( 'NONE', #3204, #6438 ) ;
#1865 = B_SPLINE_CURVE_WITH_KNOTS ( 'NONE', 3,
 ( #1981, #4179, #503, #7184 ),
 .UNSPECIFIED., .F., .F.,
 ( 4, 4 ),
 ( 0.001477577452752686137, 0.001589657411971431107 ),
 .UNSPECIFIED. ) ;
#1866 = EDGE_CURVE ( 'NONE', #6670, #6461, #5070, .T. ) ;
#1867 = CARTESIAN_POINT ( 'NONE',  ( 3.500000000000010658, -2.367897544708348626E-14, -2.500000000000000444 ) ) ;
#1868 = EDGE_CURVE ( 'NONE', #3456, #356, #3578, .T. ) ;
#1869 = FACE_BOUND ( 'NONE', #5143, .T. ) ;
#1870 = CIRCLE ( 'NONE', #4402, 1.000000000000002665 ) ;
#1871 = ORIENTED_EDGE ( 'NONE', *, *, #9599, .F. ) ;
#1872 = DIRECTION ( 'NONE',  ( -0.9648945144237500715, 0.2626377277448079250, 0.000000000000000000 ) ) ;
#1873 = DIRECTION ( 'NONE',  ( 1.000000000000000000, 0.000000000000000000, 0.000000000000000000 ) ) ;
#1874 = CARTESIAN_POINT ( 'NONE',  ( -17.28362250483744944, 36.93611231721980914, 2.500000000000000444 ) ) ;
#1875 = ORIENTED_EDGE ( 'NONE', *, *, #9566, .F. ) ;
#1876 = PLANE ( 'NONE',  #7751 ) ;
#1877 = CIRCLE ( 'NONE', #8832, 8.169624749921858609 ) ;
#1878 = ORIENTED_EDGE ( 'NONE', *, *, #65, .F. ) ;
#1879 = EDGE_CURVE ( 'NONE', #7414, #3814, #202, .T. ) ;
#1880 = DIRECTION ( 'NONE',  ( -0.000000000000000000, 0.000000000000000000, 1.000000000000000000 ) ) ;
#1881 = EDGE_CURVE ( 'NONE', #4912, #6936, #6091, .T. ) ;
#1882 = EDGE_CURVE ( 'NONE', #1233, #7669, #8515, .T. ) ;
#1883 = CARTESIAN_POINT ( 'NONE',  ( -39.58364779650308662, 17.56088913245558913, -2.500000000000000444 ) ) ;
#1884 = DIRECTION ( 'NONE',  ( 0.9695105696079973079, -0.2450494958541570845, 0.000000000000000000 ) ) ;
#1885 = CARTESIAN_POINT ( 'NONE',  ( -1.516369799131610074, 2.071276049958853616, 19.48672661795436767 ) ) ;
#1886 = AXIS2_PLACEMENT_3D ( 'NONE', #6697, #8283, #2050 ) ;
#1887 = CARTESIAN_POINT ( 'NONE',  ( -28.47866081722894194, 1.412715430748612278E-13, 2.500000000000000444 ) ) ;
#1888 = CARTESIAN_POINT ( 'NONE',  ( 1.841084138333622944, 1.160699697451933021, 17.13355568152793751 ) ) ;
#1889 = VERTEX_POINT ( 'NONE', #9055 ) ;
#1890 = DIRECTION ( 'NONE',  ( -0.000000000000000000, -0.000000000000000000, 1.000000000000000000 ) ) ;
#1891 = VERTEX_POINT ( 'NONE', #791 ) ;
#1892 = VECTOR ( 'NONE', #5311, 1000.000000000000000 ) ;
#1893 = LINE ( 'NONE', #1243, #9682 ) ;
#1894 = DIRECTION ( 'NONE',  ( 1.000000000000000000, 0.000000000000000000, 0.000000000000000000 ) ) ;
#1895 = LINE ( 'NONE', #9517, #3002 ) ;
#1896 = ORIENTED_EDGE ( 'NONE', *, *, #5519, .F. ) ;
#1897 = AXIS2_PLACEMENT_3D ( 'NONE', #8792, #4208, #9497 ) ;
#1898 = PRESENTATION_STYLE_ASSIGNMENT (( #313 ) ) ;
#1899 = CARTESIAN_POINT ( 'NONE',  ( -1.529020691192408909, 2.169148569046781105, 19.47447519500004631 ) ) ;
#1900 = LINE ( 'NONE', #5768, #9757 ) ;
#1901 = VECTOR ( 'NONE', #77, 1000.000000000000000 ) ;
#1902 = ORIENTED_EDGE ( 'NONE', *, *, #7020, .T. ) ;
#1903 = VERTEX_POINT ( 'NONE', #9258 ) ;
#1904 = CARTESIAN_POINT ( 'NONE',  ( -36.93611231721975230, -17.28362250483758444, 2.500000000000000444 ) ) ;
#1905 = ORIENTED_EDGE ( 'NONE', *, *, #338, .F. ) ;
#1906 = VECTOR ( 'NONE', #7612, 999.9999999999998863 ) ;
#1907 = DIRECTION ( 'NONE',  ( 0.7098982014311003841, -0.7043042975908133663, 0.000000000000000000 ) ) ;
#1908 = VECTOR ( 'NONE', #2071, 1000.000000000000114 ) ;
#1909 = ORIENTED_EDGE ( 'NONE', *, *, #1860, .F. ) ;
#1910 = CARTESIAN_POINT ( 'NONE',  ( 8.429805248399418360, -2.387816587501792487, 2.500000000000000444 ) ) ;
#1911 = CARTESIAN_POINT ( 'NONE',  ( -16.52039759875997049, 4.426627195228950207, 2.500000000000000444 ) ) ;
#1912 = CARTESIAN_POINT ( 'NONE',  ( -35.00000000000009237, -25.49999999999987921, -2.500000000000000444 ) ) ;
#1913 = EDGE_CURVE ( 'NONE', #6805, #3164, #7031, .T. ) ;
#1914 = AXIS2_PLACEMENT_3D ( 'NONE', #7444, #6149, #8419 ) ;
#1915 = ORIENTED_EDGE ( 'NONE', *, *, #3211, .T. ) ;
#1916 = B_SPLINE_CURVE_WITH_KNOTS ( 'NONE', 3,
 ( #3556, #4904, #6564, #2672 ),
 .UNSPECIFIED., .F., .F.,
 ( 4, 4 ),
 ( 0.000000000000000000, 0.001307469713021637515 ),
 .UNSPECIFIED. ) ;
#1917 = DIRECTION ( 'NONE',  ( 0.2450494958541575841, 0.9695105696079971969, 0.000000000000000000 ) ) ;
#1918 = ORIENTED_EDGE ( 'NONE', *, *, #715, .T. ) ;
#1919 = CARTESIAN_POINT ( 'NONE',  ( -8.995100449718442803, -11.31056335679690683, 2.689257726104073321 ) ) ;
#1920 = CIRCLE ( 'NONE', #2398, 47.50000000000000711 ) ;
#1921 = FACE_BOUND ( 'NONE', #7553, .T. ) ;
#1922 = VECTOR ( 'NONE', #5555, 1000.000000000000000 ) ;
#1923 = ORIENTED_EDGE ( 'NONE', *, *, #4956, .F. ) ;
#1924 = CARTESIAN_POINT ( 'NONE',  ( 12.96271092476119691, 15.53163513676246943, -2.500000000000000444 ) ) ;
#1925 = PLANE ( 'NONE',  #3285 ) ;
#1926 = ADVANCED_FACE ( 'NONE', ( #95 ), #7780, .F. ) ;
#1927 = AXIS2_PLACEMENT_3D ( 'NONE', #9193, #5387, #4747 ) ;
#1928 = ORIENTED_EDGE ( 'NONE', *, *, #4220, .T. ) ;
#1929 = EDGE_CURVE ( 'NONE', #2081, #9415, #9732, .T. ) ;
#1930 = LINE ( 'NONE', #4959, #5072 ) ;
#1931 = ORIENTED_EDGE ( 'NONE', *, *, #7657, .T. ) ;
#1932 = LINE ( 'NONE', #4213, #4488 ) ;
#1933 = CARTESIAN_POINT ( 'NONE',  ( 6.282812448554147444, -6.106517200318401173, -2.500000000000000444 ) ) ;
#1934 = EDGE_CURVE ( 'NONE', #3218, #5591, #252, .T. ) ;
#1935 = PLANE ( 'NONE',  #2055 ) ;
#1936 = B_SPLINE_CURVE_WITH_KNOTS ( 'NONE', 3,
 ( #4618, #6876, #7634, #6200 ),
 .UNSPECIFIED., .F., .F.,
 ( 4, 4 ),
 ( 0.000000000000000000, 0.0001133500096615133604 ),
 .UNSPECIFIED. ) ;
#1937 = DIRECTION ( 'NONE',  ( 1.000000000000000000, 0.000000000000000000, 0.000000000000000000 ) ) ;
#1938 = CARTESIAN_POINT ( 'NONE',  ( 1.607953229886477375, 1.468865577868565309, 16.54551754699536659 ) ) ;
#1939 = ADVANCED_FACE ( 'NONE', ( #3826 ), #9210, .F. ) ;
#1940 = EDGE_LOOP ( 'NONE', ( #2492, #8927, #7330, #8747 ) ) ;
#1941 = CARTESIAN_POINT ( 'NONE',  ( 12.09377040353127519, 12.09377040353128763, -2.500000000000000000 ) ) ;
#1942 = ORIENTED_EDGE ( 'NONE', *, *, #8711, .T. ) ;
#1943 = CARTESIAN_POINT ( 'NONE',  ( -5.297684973240419204, -13.44526717744738420, 2.689257726104081758 ) ) ;
#1944 = CARTESIAN_POINT ( 'NONE',  ( 3.031088913245554295, 1.749999999999988010, -2.500000000000000444 ) ) ;
#1945 = LINE ( 'NONE', #8728, #2853 ) ;
#1946 = VERTEX_POINT ( 'NONE', #7585 ) ;
#1947 = CARTESIAN_POINT ( 'NONE',  ( -12.09377040353120414, -12.09377040353107979, 2.500000000000000444 ) ) ;
#1948 = AXIS2_PLACEMENT_3D ( 'NONE', #9004, #2230, #5255 ) ;
#1949 = FACE_OUTER_BOUND ( 'NONE', #9771, .T. ) ;
#1950 = DIRECTION ( 'NONE',  ( -0.9669420253356221240, 0.2549963129926493544, 0.000000000000000000 ) ) ;
#1951 = ORIENTED_EDGE ( 'NONE', *, *, #495, .T. ) ;
#1952 = EDGE_LOOP ( 'NONE', ( #6364, #9720, #8468, #9056 ) ) ;
#1953 = DIRECTION ( 'NONE',  ( 1.000000000000000000, 0.000000000000000000, 0.000000000000000000 ) ) ;
#1954 = ORIENTED_EDGE ( 'NONE', *, *, #4780, .F. ) ;
#1955 = VECTOR ( 'NONE', #9358, 1000.000000000000000 ) ;
#1956 = CARTESIAN_POINT ( 'NONE',  ( 0.000000000000000000, 0.000000000000000000, 14.43026367804443488 ) ) ;
#1957 = ORIENTED_EDGE ( 'NONE', *, *, #2788, .T. ) ;
#1958 = DIRECTION ( 'NONE',  ( -0.7043042975908135883, 0.7098982014311000510, 0.000000000000000000 ) ) ;
#1959 = DIRECTION ( 'NONE',  ( 0.7043042975908125891, 0.7098982014311010502, 0.000000000000000000 ) ) ;
#1960 = CYLINDRICAL_SURFACE ( 'NONE', #634, 2.000000000000001776 ) ;
#1961 = VECTOR ( 'NONE', #5922, 1000.000000000000000 ) ;
#1962 = EDGE_LOOP ( 'NONE', ( #6660, #2875, #6504, #7245 ) ) ;
#1963 = CARTESIAN_POINT ( 'NONE',  ( -11.19901868863826166, -2.953339910681126668, -2.500000000000000444 ) ) ;
#1964 = ORIENTED_EDGE ( 'NONE', *, *, #6346, .T. ) ;
#1965 = DIRECTION ( 'NONE',  ( 1.224646799147353207E-16, 1.000000000000000000, -0.000000000000000000 ) ) ;
#1966 = DIRECTION ( 'NONE',  ( -0.000000000000000000, -0.000000000000000000, 1.000000000000000000 ) ) ;
#1967 = EDGE_CURVE ( 'NONE', #7579, #4367, #4567, .T. ) ;
#1968 = EDGE_LOOP ( 'NONE', ( #122, #847, #4801, #967 ) ) ;
#1969 = DIRECTION ( 'NONE',  ( -0.000000000000000000, -0.000000000000000000, 1.000000000000000000 ) ) ;
#1970 = VERTEX_POINT ( 'NONE', #1729 ) ;
#1971 = CARTESIAN_POINT ( 'NONE',  ( 43.06088913245531558, -4.583647796503583116, 2.500000000000000444 ) ) ;
#1972 = VERTEX_POINT ( 'NONE', #990 ) ;
#1973 = CARTESIAN_POINT ( 'NONE',  ( 2.146992799845329980, 8.494333787820350423, -2.500000000000000444 ) ) ;
#1974 = DIRECTION ( 'NONE',  ( 0.2725361962097285762, -0.9621455304451257406, 0.000000000000000000 ) ) ;
#1975 = ADVANCED_FACE ( 'NONE', ( #6927 ), #7728, .F. ) ;
#1976 = CARTESIAN_POINT ( 'NONE',  ( 0.6238001994019753971, 5.465776140520453907, 20.12549756706739501 ) ) ;
#1977 = CARTESIAN_POINT ( 'NONE',  ( 14.29278542295888954, 2.134703820650538209, -2.500000000000000444 ) ) ;
#1978 = CARTESIAN_POINT ( 'NONE',  ( 1.528560524300655254, 1.547296908660294790, 20.19122068765343769 ) ) ;
#1979 = EDGE_CURVE ( 'NONE', #502, #4147, #1936, .T. ) ;
#1980 = ORIENTED_EDGE ( 'NONE', *, *, #536, .F. ) ;
#1981 = CARTESIAN_POINT ( 'NONE',  ( -1.528560524299929613, 1.547296908661011994, 20.19122068764816191 ) ) ;
#1982 = ORIENTED_EDGE ( 'NONE', *, *, #5376, .T. ) ;
#1983 = DIRECTION ( 'NONE',  ( 1.000000000000000000, 8.673617379884027583E-16, 0.000000000000000000 ) ) ;
#1984 = CARTESIAN_POINT ( 'NONE',  ( -19.93214605312773813, 3.460219394376160551, -2.500000000000000444 ) ) ;
#1985 = CARTESIAN_POINT ( 'NONE',  ( -0.9621455304451272950, -28.75119701343860257, -2.500000000000000444 ) ) ;
#1986 = B_SPLINE_CURVE_WITH_KNOTS ( 'NONE', 3,
 ( #2498, #1641, #8481, #115 ),
 .UNSPECIFIED., .F., .F.,
 ( 4, 4 ),
 ( 1.734723475976807094E-18, 0.001307469713021647490 ),
 .UNSPECIFIED. ) ;
#1987 = EDGE_CURVE ( 'NONE', #7513, #5179, #4380, .T. ) ;
#1988 = EDGE_LOOP ( 'NONE', ( #1153, #6942, #1765, #3406 ) ) ;
#1989 = EDGE_CURVE ( 'NONE', #2402, #4311, #8461, .T. ) ;
#1990 = CARTESIAN_POINT ( 'NONE',  ( 0.000000000000000000, 1.540000000000000036, 18.29999999999999716 ) ) ;
#1991 = CARTESIAN_POINT ( 'NONE',  ( -1.591569487462491050, 2.061764514769685253, 19.38810937172134885 ) ) ;
#1992 = LINE ( 'NONE', #6363, #5323 ) ;
#1993 = ORIENTED_EDGE ( 'NONE', *, *, #3102, .F. ) ;
#1994 = VECTOR ( 'NONE', #6016, 1000.000000000000000 ) ;
#1995 = ORIENTED_EDGE ( 'NONE', *, *, #8195, .T. ) ;
#1996 = LINE ( 'NONE', #8043, #7370 ) ;
#1997 = ORIENTED_EDGE ( 'NONE', *, *, #8041, .F. ) ;
#1998 = CARTESIAN_POINT ( 'NONE',  ( -14.29278542295881493, 2.134703820650631911, -2.500000000000000444 ) ) ;
#1999 = CIRCLE ( 'NONE', #3904, 21.99999999999995026 ) ;
#2000 = EDGE_CURVE ( 'NONE', #5094, #5955, #6251, .T. ) ;
#2001 = EDGE_LOOP ( 'NONE', ( #7839, #6600, #6550, #2206 ) ) ;
#2002 = EDGE_CURVE ( 'NONE', #8633, #6713, #8413, .T. ) ;
#2003 = DIRECTION ( 'NONE',  ( -0.2549963129926494654, -0.9669420253356221240, 0.000000000000000000 ) ) ;
#2004 = VECTOR ( 'NONE', #1254, 1000.000000000000000 ) ;
#2005 = DIRECTION ( 'NONE',  ( -1.000000000000000000, 0.000000000000000000, 0.000000000000000000 ) ) ;
#2006 = AXIS2_PLACEMENT_3D ( 'NONE', #5573, #1050, #1794 ) ;
#2007 = CARTESIAN_POINT ( 'NONE',  ( -8.494333787820234960, 2.146992799845302002, 2.500000000000000444 ) ) ;
#2008 = VECTOR ( 'NONE', #8259, 1000.000000000000000 ) ;
#2009 = ORIENTED_EDGE ( 'NONE', *, *, #3882, .T. ) ;
#2010 = CARTESIAN_POINT ( 'NONE',  ( 5.500000000000000000, 6.735557395310442023E-16, 22.50000000000000000 ) ) ;
#2011 = VECTOR ( 'NONE', #4845, 1000.000000000000000 ) ;
#2012 = ORIENTED_EDGE ( 'NONE', *, *, #6246, .F. ) ;
#2013 = CARTESIAN_POINT ( 'NONE',  ( 8.157176732979465328, -8.221964726476871377, -2.500000000000000444 ) ) ;
#2014 = DIRECTION ( 'NONE',  ( 1.000000000000000000, 0.000000000000000000, 0.000000000000000000 ) ) ;
#2015 = VERTEX_POINT ( 'NONE', #9153 ) ;
#2016 = CARTESIAN_POINT ( 'NONE',  ( -16.31018495079386454, 39.78665438147442757, 2.500000000000000444 ) ) ;
#2017 = ORIENTED_EDGE ( 'NONE', *, *, #5970, .T. ) ;
#2018 = ORIENTED_EDGE ( 'NONE', *, *, #4831, .F. ) ;
#2019 = CARTESIAN_POINT ( 'NONE',  ( 11.41400826666495938, -9.404368516724600724, 2.564006035009271489 ) ) ;
#2020 = ORIENTED_EDGE ( 'NONE', *, *, #3872, .F. ) ;
#2021 = AXIS2_PLACEMENT_3D ( 'NONE', #2580, #6394, #4173 ) ;
#2022 = FACE_OUTER_BOUND ( 'NONE', #8752, .T. ) ;
#2023 = LINE ( 'NONE', #6532, #7137 ) ;
#2024 = DIRECTION ( 'NONE',  ( -0.000000000000000000, 0.000000000000000000, 1.000000000000000000 ) ) ;
#2025 = LINE ( 'NONE', #1237, #7124 ) ;
#2026 = DIRECTION ( 'NONE',  ( 0.7098982014311003841, -0.7043042975908133663, 0.000000000000000000 ) ) ;
#2027 = AXIS2_PLACEMENT_3D ( 'NONE', #2170, #9645, #8071 ) ;
#2028 = EDGE_CURVE ( 'NONE', #7744, #1493, #1364, .T. ) ;
#2029 = ORIENTED_EDGE ( 'NONE', *, *, #8002, .T. ) ;
#2030 = LINE ( 'NONE', #7985, #2321 ) ;
#2031 = ORIENTED_EDGE ( 'NONE', *, *, #6877, .T. ) ;
#2032 = EDGE_CURVE ( 'NONE', #8126, #6724, #1628, .T. ) ;
#2033 = CARTESIAN_POINT ( 'NONE',  ( 1.516335088559773503, 2.071188354228452599, 17.11322680130342633 ) ) ;
#2034 = DIRECTION ( 'NONE',  ( 1.000000000000000000, 0.000000000000000000, 0.000000000000000000 ) ) ;
#2035 = CARTESIAN_POINT ( 'NONE',  ( -34.01836169854737335, 26.30116095055133130, 2.500000000000000444 ) ) ;
#2036 = VECTOR ( 'NONE', #1657, 1000.000000000000114 ) ;
#2037 = VERTEX_POINT ( 'NONE', #7885 ) ;
#2038 = CARTESIAN_POINT ( 'NONE',  ( -32.43611231721958887, 25.07785113889777406, -2.500000000000000444 ) ) ;
#2039 = LINE ( 'NONE', #5161, #3813 ) ;
#2040 = DIRECTION ( 'NONE',  ( -0.000000000000000000, -0.000000000000000000, 1.000000000000000000 ) ) ;
#2041 = EDGE_CURVE ( 'NONE', #3293, #1471, #7278, .T. ) ;
#2042 = VECTOR ( 'NONE', #702, 1000.000000000000000 ) ;
#2043 = VERTEX_POINT ( 'NONE', #4076 ) ;
#2044 = DIRECTION ( 'NONE',  ( 0.2549963129926495209, -0.9669420253356220130, 0.000000000000000000 ) ) ;
#2045 = ADVANCED_FACE ( 'NONE', ( #7982 ), #2582, .F. ) ;
#2046 = VERTEX_POINT ( 'NONE', #8669 ) ;
#2047 = FACE_OUTER_BOUND ( 'NONE', #384, .T. ) ;
#2048 = LINE ( 'NONE', #5079, #8206 ) ;
#2049 = ORIENTED_EDGE ( 'NONE', *, *, #1085, .F. ) ;
#2050 = DIRECTION ( 'NONE',  ( -0.7170960345909681566, 0.6969743733982683986, 0.000000000000000000 ) ) ;
#2051 = DIRECTION ( 'NONE',  ( -0.000000000000000000, -0.000000000000000000, 1.000000000000000000 ) ) ;
#2052 = CIRCLE ( 'NONE', #5848, 1.000000000000000888 ) ;
#2053 = DIRECTION ( 'NONE',  ( -0.000000000000000000, 0.000000000000000000, 1.000000000000000000 ) ) ;
#2054 = EDGE_CURVE ( 'NONE', #1415, #2727, #722, .T. ) ;
#2055 = AXIS2_PLACEMENT_3D ( 'NONE', #8716, #4264, #7276 ) ;
#2056 = EDGE_CURVE ( 'NONE', #8532, #4418, #2528, .T. ) ;
#2057 = EDGE_LOOP ( 'NONE', ( #4751, #5374, #7034, #5528 ) ) ;
#2058 = CARTESIAN_POINT ( 'NONE',  ( -1.741226289000488592, 1.766573482859409738, 19.14307619885152434 ) ) ;
#2059 = EDGE_CURVE ( 'NONE', #7510, #5427, #4175, .T. ) ;
#2060 = EDGE_LOOP ( 'NONE', ( #9572, #2271, #2112, #8983 ) ) ;
#2061 = CIRCLE ( 'NONE', #9498, 2.000000000000000000 ) ;
#2062 = DIRECTION ( 'NONE',  ( -0.7043042975908135883, 0.7098982014311000510, 0.000000000000000000 ) ) ;
#2063 = DIRECTION ( 'NONE',  ( -0.000000000000000000, -0.000000000000000000, 1.000000000000000000 ) ) ;
#2064 = VECTOR ( 'NONE', #4201, 1000.000000000000000 ) ;
#2065 = VERTEX_POINT ( 'NONE', #400 ) ;
#2066 = CARTESIAN_POINT ( 'NONE',  ( 40.62942283616635564, -5.500000000000427214, 2.500000000000000444 ) ) ;
#2067 = VECTOR ( 'NONE', #1568, 1000.000000000000000 ) ;
#2068 = VECTOR ( 'NONE', #7684, 1000.000000000000000 ) ;
#2069 = EDGE_CURVE ( 'NONE', #2878, #2781, #1999, .T. ) ;
#2070 = EDGE_LOOP ( 'NONE', ( #3141, #961, #2202, #2225 ) ) ;
#2071 = DIRECTION ( 'NONE',  ( -0.2450494958541582780, 0.9695105696079969748, 0.000000000000000000 ) ) ;
#2072 = VECTOR ( 'NONE', #3189, 1000.000000000000114 ) ;
#2073 = EDGE_CURVE ( 'NONE', #7721, #674, #9438, .T. ) ;
#2074 = ORIENTED_EDGE ( 'NONE', *, *, #3625, .T. ) ;
#2075 = AXIS2_PLACEMENT_3D ( 'NONE', #3918, #7827, #2377 ) ;
#2076 = CARTESIAN_POINT ( 'NONE',  ( -37.93611231721963861, 15.55157169726896527, -2.500000000000000444 ) ) ;
#2077 = CARTESIAN_POINT ( 'NONE',  ( 8.429805248399542705, 2.387816587501828902, 2.500000000000000444 ) ) ;
#2078 = LINE ( 'NONE', #583, #9154 ) ;
#2079 = FACE_OUTER_BOUND ( 'NONE', #8099, .T. ) ;
#2080 = LINE ( 'NONE', #8118, #6739 ) ;
#2081 = VERTEX_POINT ( 'NONE', #4968 ) ;
#2082 = DIRECTION ( 'NONE',  ( 1.000000000000000000, 0.000000000000000000, 0.000000000000000000 ) ) ;
#2083 = ORIENTED_EDGE ( 'NONE', *, *, #5447, .F. ) ;
#2084 = CARTESIAN_POINT ( 'NONE',  ( 1.470144041478854247, 1.807740352374466175, 16.91342580784966287 ) ) ;
#2085 = CYLINDRICAL_SURFACE ( 'NONE', #6967, 21.99999999999979039 ) ;
#2086 = ORIENTED_EDGE ( 'NONE', *, *, #6943, .T. ) ;
#2087 = EDGE_CURVE ( 'NONE', #8054, #7996, #7940, .T. ) ;
#2088 = CARTESIAN_POINT ( 'NONE',  ( -11.17530463715804245, 3.041841955658825647, -2.500000000000000444 ) ) ;
#2089 = DIRECTION ( 'NONE',  ( 0.9695105696079971969, -0.2450494958541575841, 0.000000000000000000 ) ) ;
#2090 = LINE ( 'NONE', #9660, #5168 ) ;
#2091 = ORIENTED_EDGE ( 'NONE', *, *, #2906, .T. ) ;
#2092 = DIRECTION ( 'NONE',  ( 0.000000000000000000, -0.000000000000000000, -1.000000000000000000 ) ) ;
#2093 = EDGE_LOOP ( 'NONE', ( #4228, #2097, #9439, #9476, #5189 ) ) ;
#2094 = CARTESIAN_POINT ( 'NONE',  ( 8.494333787820254500, -2.146992799845305111, 2.500000000000000444 ) ) ;
#2095 = DIRECTION ( 'NONE',  ( -0.000000000000000000, -0.000000000000000000, 1.000000000000000000 ) ) ;
#2096 = VECTOR ( 'NONE', #2284, 1000.000000000000000 ) ;
#2097 = ORIENTED_EDGE ( 'NONE', *, *, #7604, .T. ) ;
#2098 = CARTESIAN_POINT ( 'NONE',  ( 0.000000000000000000, 0.000000000000000000, 21.50000000000000000 ) ) ;
#2099 = EDGE_CURVE ( 'NONE', #8368, #5094, #2630, .T. ) ;
#2100 = CARTESIAN_POINT ( 'NONE',  ( -4.227275442616239332, 29.39008111416192293, -2.500000000000000444 ) ) ;
#2101 = CARTESIAN_POINT ( 'NONE',  ( -0.8572702742471269843, 5.434048130185190395, 20.02818071285469870 ) ) ;
#2102 = EDGE_CURVE ( 'NONE', #8813, #9278, #1190, .T. ) ;
#2103 = CARTESIAN_POINT ( 'NONE',  ( -0.9621455304451272950, -28.75119701343860257, -2.500000000000000444 ) ) ;
#2104 = AXIS2_PLACEMENT_3D ( 'NONE', #1185, #8067, #7878 ) ;
#2105 = ORIENTED_EDGE ( 'NONE', *, *, #88, .T. ) ;
#2106 = DIRECTION ( 'NONE',  ( 1.000000000000000000, 0.000000000000000000, 0.000000000000000000 ) ) ;
#2107 = ADVANCED_FACE ( 'NONE', ( #7136 ), #6396, .F. ) ;
#2108 = EDGE_LOOP ( 'NONE', ( #6715, #3730, #1997, #9727 ) ) ;
#2109 = LINE ( 'NONE', #1359, #7870 ) ;
#2110 = CARTESIAN_POINT ( 'NONE',  ( -11.31056335679697966, 8.995100449718584912, -2.500000000000000444 ) ) ;
#2111 = EDGE_CURVE ( 'NONE', #4625, #518, #4267, .T. ) ;
#2112 = ORIENTED_EDGE ( 'NONE', *, *, #1724, .T. ) ;
#2113 = VECTOR ( 'NONE', #7749, 1000.000000000000000 ) ;
#2114 = CARTESIAN_POINT ( 'NONE',  ( -15.19446086639731242, 3.062410648414186642, 2.500000000000000444 ) ) ;
#2115 = EDGE_CURVE ( 'NONE', #6854, #6805, #2531, .T. ) ;
#2116 = ORIENTED_EDGE ( 'NONE', *, *, #4407, .T. ) ;
#2117 = DIRECTION ( 'NONE',  ( -0.7098982014311010502, 0.7043042975908125891, 0.000000000000000000 ) ) ;
#2118 = VERTEX_POINT ( 'NONE', #3328 ) ;
#2119 = CARTESIAN_POINT ( 'NONE',  ( -1.749999999999976463, 3.031088913245560512, -2.500000000000000444 ) ) ;
#2120 = DIRECTION ( 'NONE',  ( -0.9621455304451257406, -0.2725361962097284652, 0.000000000000000000 ) ) ;
#2121 = ADVANCED_FACE ( 'NONE', ( #6351 ), #4508, .F. ) ;
#2122 = DIRECTION ( 'NONE',  ( 0.000000000000000000, -0.000000000000000000, -1.000000000000000000 ) ) ;
#2123 = ORIENTED_EDGE ( 'NONE', *, *, #174, .F. ) ;
#2124 = EDGE_CURVE ( 'NONE', #6706, #6916, #8901, .T. ) ;
#2125 = DIRECTION ( 'NONE',  ( -0.000000000000000000, 1.000000000000000000, -0.000000000000000000 ) ) ;
#2126 = LINE ( 'NONE', #5938, #6282 ) ;
#2127 = ORIENTED_EDGE ( 'NONE', *, *, #4239, .T. ) ;
#2128 = CARTESIAN_POINT ( 'NONE',  ( -14.23933040861448340, -24.66324373348067667, -2.500000000000000444 ) ) ;
#2129 = ORIENTED_EDGE ( 'NONE', *, *, #6959, .T. ) ;
#2130 = FACE_OUTER_BOUND ( 'NONE', #1605, .T. ) ;
#2131 = CARTESIAN_POINT ( 'NONE',  ( -29.39008111416178082, -4.227275442616172718, -2.500000000000000444 ) ) ;
#2132 = ORIENTED_EDGE ( 'NONE', *, *, #5821, .T. ) ;
#2133 = CARTESIAN_POINT ( 'NONE',  ( -12.96271092476107079, 15.53163513676251917, -2.500000000000000444 ) ) ;
#2134 = DIRECTION ( 'NONE',  ( -0.000000000000000000, -0.000000000000000000, 1.000000000000000000 ) ) ;
#2135 = DIRECTION ( 'NONE',  ( -0.000000000000000000, -0.000000000000000000, 1.000000000000000000 ) ) ;
#2136 = VERTEX_POINT ( 'NONE', #5151 ) ;
#2137 = PLANE ( 'NONE',  #2475 ) ;
#2138 = ORIENTED_EDGE ( 'NONE', *, *, #6112, .F. ) ;
#2139 = CARTESIAN_POINT ( 'NONE',  ( -20.53108891324557206, -28.56088913245532268, -2.500000000000000444 ) ) ;
#2140 = DIRECTION ( 'NONE',  ( -0.9669420253356220130, -0.2549963129926496319, 0.000000000000000000 ) ) ;
#2141 = ORIENTED_EDGE ( 'NONE', *, *, #7990, .T. ) ;
#2142 = CARTESIAN_POINT ( 'NONE',  ( 3.469296921803700418, -12.94759237871372370, 3.353331896491106523 ) ) ;
#2143 = CARTESIAN_POINT ( 'NONE',  ( -8.995100449718353985, 11.31056335679716440, -2.500000000000000444 ) ) ;
#2144 = CARTESIAN_POINT ( 'NONE',  ( 0.9621455304451272950, -28.75119701343860257, 2.500000000000000444 ) ) ;
#2145 = CARTESIAN_POINT ( 'NONE',  ( 13.54235603521628306, 25.38033976807185610, 2.500000000000000444 ) ) ;
#2146 = VECTOR ( 'NONE', #971, 1000.000000000000000 ) ;
#2147 = ORIENTED_EDGE ( 'NONE', *, *, #8526, .T. ) ;
#2148 = LINE ( 'NONE', #5180, #8152 ) ;
#2149 = AXIS2_PLACEMENT_3D ( 'NONE', #3422, #9363, #8719 ) ;
#2150 = ADVANCED_FACE ( 'NONE', ( #1288 ), #500, .T. ) ;
#2151 = ORIENTED_EDGE ( 'NONE', *, *, #6457, .T. ) ;
#2152 = DIRECTION ( 'NONE',  ( 0.000000000000000000, 0.000000000000000000, -1.000000000000000000 ) ) ;
#2153 = AXIS2_PLACEMENT_3D ( 'NONE', #5563, #3125, #993 ) ;
#2154 = CARTESIAN_POINT ( 'NONE',  ( -13.10649060984529690, 4.053066941773868059, 3.055993497343883813 ) ) ;
#2155 = ORIENTED_EDGE ( 'NONE', *, *, #771, .T. ) ;
#2156 = CARTESIAN_POINT ( 'NONE',  ( 8.995100449718432145, -11.31056335679695302, -2.500000000000000444 ) ) ;
#2157 = CIRCLE ( 'NONE', #5331, 21.99999999999986855 ) ;
#2158 = ADVANCED_FACE ( 'NONE', ( #4459 ), #4318, .F. ) ;
#2159 = VECTOR ( 'NONE', #5537, 1000.000000000000114 ) ;
#2160 = VECTOR ( 'NONE', #5667, 1000.000000000000114 ) ;
#2161 = ORIENTED_EDGE ( 'NONE', *, *, #648, .F. ) ;
#2162 = CARTESIAN_POINT ( 'NONE',  ( -28.56088913245525873, 20.53108891324567153, -2.500000000000000444 ) ) ;
#2163 = EDGE_CURVE ( 'NONE', #744, #8368, #1426, .T. ) ;
#2164 = EDGE_CURVE ( 'NONE', #276, #6931, #2126, .T. ) ;
#2165 = VECTOR ( 'NONE', #2687, 1000.000000000000000 ) ;
#2166 = ORIENTED_EDGE ( 'NONE', *, *, #8223, .F. ) ;
#2167 = CARTESIAN_POINT ( 'NONE',  ( -33.43611231721959598, 23.34580033132889909, 2.500000000000000444 ) ) ;
#2168 = CARTESIAN_POINT ( 'NONE',  ( 35.00000000000002842, 3.499999999999636735, 2.500000000000000444 ) ) ;
#2169 = CARTESIAN_POINT ( 'NONE',  ( 6.282812448554191853, 6.106517200318458904, -2.500000000000000444 ) ) ;
#2170 = CARTESIAN_POINT ( 'NONE',  ( -15.55157169726856559, 37.93611231721979493, 2.500000000000000444 ) ) ;
#2172 = AXIS2_PLACEMENT_3D ( 'NONE', #8185, #5316, #754 ) ;
#2171 = CYLINDRICAL_SURFACE ( 'NONE', #104, 2.000000000000001776 ) ;
#2173 = ORIENTED_EDGE ( 'NONE', *, *, #2631, .F. ) ;
#2174 = ADVANCED_FACE ( 'NONE', ( #8948 ), #2171, .F. ) ;
#2175 = VECTOR ( 'NONE', #9208, 1000.000000000000000 ) ;
#2176 = ADVANCED_FACE ( 'NONE', ( #1378 ), #5251, .T. ) ;
#2177 = ORIENTED_EDGE ( 'NONE', *, *, #2111, .F. ) ;
#2178 = CARTESIAN_POINT ( 'NONE',  ( 3.500000000000247358, 34.99999999999997158, -2.500000000000000444 ) ) ;
#2179 = EDGE_CURVE ( 'NONE', #874, #7795, #5657, .T. ) ;
#2180 = VERTEX_POINT ( 'NONE', #633 ) ;
#2181 = DIRECTION ( 'NONE',  ( 1.000000000000000000, 0.000000000000000000, 0.000000000000000000 ) ) ;
#2182 = PLANE ( 'NONE',  #6352 ) ;
#2183 = ORIENTED_EDGE ( 'NONE', *, *, #4177, .T. ) ;
#2184 = DIRECTION ( 'NONE',  ( -0.000000000000000000, -0.000000000000000000, 1.000000000000000000 ) ) ;
#2185 = CARTESIAN_POINT ( 'NONE',  ( -8.429805248399402373, 2.387816587501787158, 2.500000000000000444 ) ) ;
#2186 = DIRECTION ( 'NONE',  ( -0.000000000000000000, -0.000000000000000000, -1.000000000000000000 ) ) ;
#2187 = VERTEX_POINT ( 'NONE', #7328 ) ;
#2188 = LINE ( 'NONE', #9664, #9272 ) ;
#2189 = ORIENTED_EDGE ( 'NONE', *, *, #1366, .F. ) ;
#2190 = AXIS2_PLACEMENT_3D ( 'NONE', #4792, #9282, #7802 ) ;
#2191 = CARTESIAN_POINT ( 'NONE',  ( 1.518086301380016767, 1.557574711390224742, 20.20911401120630657 ) ) ;
#2192 = DIRECTION ( 'NONE',  ( 0.7098982014311000510, 0.7043042975908135883, 0.000000000000000000 ) ) ;
#2193 = CARTESIAN_POINT ( 'NONE',  ( 0.000000000000000000, 2.140000000000000124, 20.22499999999999787 ) ) ;
#2194 = EDGE_LOOP ( 'NONE', ( #8166, #1289, #7794, #7578, #5286 ) ) ;
#2195 = CARTESIAN_POINT ( 'NONE',  ( 0.000000000000000000, 0.000000000000000000, 2.500000000000000444 ) ) ;
#2196 = DIRECTION ( 'NONE',  ( -0.000000000000000000, -0.000000000000000000, 1.000000000000000000 ) ) ;
#2197 = CARTESIAN_POINT ( 'NONE',  ( -1.912294088926725255, 5.156920623428863593, 18.04559151789118943 ) ) ;
#2198 = DIRECTION ( 'NONE',  ( -0.7170960345909682676, 0.6969743733982685097, 0.000000000000000000 ) ) ;
#2199 = AXIS2_PLACEMENT_3D ( 'NONE', #6320, #1856, #9527 ) ;
#2200 = ORIENTED_EDGE ( 'NONE', *, *, #3343, .T. ) ;
#2201 = CARTESIAN_POINT ( 'NONE',  ( 9.478295456910178274, 9.478295456910142747, -2.500000000000000444 ) ) ;
#2202 = ORIENTED_EDGE ( 'NONE', *, *, #8279, .F. ) ;
#2203 = CARTESIAN_POINT ( 'NONE',  ( 0.000000000000000000, 0.000000000000000000, -2.500000000000000444 ) ) ;
#2204 = VECTOR ( 'NONE', #1739, 1000.000000000000000 ) ;
#2205 = CARTESIAN_POINT ( 'NONE',  ( -11.31056335679697966, 8.995100449718584912, 2.689257726104020030 ) ) ;
#2206 = ORIENTED_EDGE ( 'NONE', *, *, #4979, .T. ) ;
#2207 = CARTESIAN_POINT ( 'NONE',  ( 17.28362250483797169, 36.93611231721956756, -2.500000000000000444 ) ) ;
#2208 = EDGE_CURVE ( 'NONE', #3347, #1478, #3527, .T. ) ;
#2209 = VECTOR ( 'NONE', #1236, 1000.000000000000000 ) ;
#2210 = VECTOR ( 'NONE', #4975, 1000.000000000000000 ) ;
#2211 = VERTEX_POINT ( 'NONE', #3667 ) ;
#2212 = DIRECTION ( 'NONE',  ( 1.000000000000000000, 0.000000000000000000, 0.000000000000000000 ) ) ;
#2213 = B_SPLINE_CURVE_WITH_KNOTS ( 'NONE', 3,
 ( #6160, #5467, #170, #6945 ),
 .UNSPECIFIED., .F., .F.,
 ( 4, 4 ),
 ( 0.000000000000000000, 0.001307469713021657248 ),
 .UNSPECIFIED. ) ;
#2214 = VERTEX_POINT ( 'NONE', #3566 ) ;
#2215 = AXIS2_PLACEMENT_3D ( 'NONE', #4893, #6374, #8831 ) ;
#2216 = FACE_OUTER_BOUND ( 'NONE', #9187, .T. ) ;
#2217 = PLANE ( 'NONE',  #1761 ) ;
#2218 = AXIS2_PLACEMENT_3D ( 'NONE', #2589, #7089, #8622 ) ;
#2219 = PLANE ( 'NONE',  #1111 ) ;
#2220 = VERTEX_POINT ( 'NONE', #5797 ) ;
#2221 = EDGE_CURVE ( 'NONE', #5576, #8629, #1371, .T. ) ;
#2222 = DIRECTION ( 'NONE',  ( -0.2626377277448083691, -0.9648945144237498495, 0.000000000000000000 ) ) ;
#2223 = CYLINDRICAL_SURFACE ( 'NONE', #1058, 2.000000000000001776 ) ;
#2224 = VECTOR ( 'NONE', #3436, 1000.000000000000000 ) ;
#2225 = ORIENTED_EDGE ( 'NONE', *, *, #8587, .F. ) ;
#2226 = VECTOR ( 'NONE', #6088, 1000.000000000000000 ) ;
#2227 = ORIENTED_EDGE ( 'NONE', *, *, #1137, .F. ) ;
#2228 = ADVANCED_FACE ( 'NONE', ( #5987 ), #2223, .F. ) ;
#2229 = ORIENTED_EDGE ( 'NONE', *, *, #2115, .F. ) ;
#2230 = DIRECTION ( 'NONE',  ( -0.9621455304451258517, 0.2725361962097283541, 0.000000000000000000 ) ) ;
#2231 = CARTESIAN_POINT ( 'NONE',  ( 8.586881206085195117E-14, 16.44444402855260634, -2.500000000000000444 ) ) ;
#2232 = CIRCLE ( 'NONE', #5724, 15.50000000000000000 ) ;
#2233 = ORIENTED_EDGE ( 'NONE', *, *, #6946, .T. ) ;
#2234 = FACE_OUTER_BOUND ( 'NONE', #1561, .T. ) ;
#2235 = AXIS2_PLACEMENT_3D ( 'NONE', #3562, #6571, #9592 ) ;
#2236 = PLANE ( 'NONE',  #490 ) ;
#2237 = ADVANCED_FACE ( 'NONE', ( #9692 ), #4362, .F. ) ;
#2238 = LINE ( 'NONE', #9612, #7216 ) ;
#2239 = ORIENTED_EDGE ( 'NONE', *, *, #4344, .F. ) ;
#2240 = FACE_OUTER_BOUND ( 'NONE', #1644, .T. ) ;
#2241 = VERTEX_POINT ( 'NONE', #5843 ) ;
#2242 = CARTESIAN_POINT ( 'NONE',  ( 1.528560524300655254, 1.547296908660294790, 20.19122068765343769 ) ) ;
#2243 = LINE ( 'NONE', #2390, #4140 ) ;
#2244 = LINE ( 'NONE', #3833, #4744 ) ;
#2245 = ORIENTED_EDGE ( 'NONE', *, *, #4828, .F. ) ;
#2246 = FACE_OUTER_BOUND ( 'NONE', #9574, .T. ) ;
#2247 = EDGE_CURVE ( 'NONE', #3003, #8321, #2080, .T. ) ;
#2248 = DIRECTION ( 'NONE',  ( 1.000000000000000000, 0.000000000000000000, 0.000000000000000000 ) ) ;
#2249 = DIRECTION ( 'NONE',  ( 1.000000000000000000, 0.000000000000000000, 0.000000000000000000 ) ) ;
#2250 = ADVANCED_FACE ( 'NONE', ( #7372, #6675 ), #1570, .F. ) ;
#2251 = CARTESIAN_POINT ( 'NONE',  ( 14.68999443131559879, 4.945105014852237524, 2.500000000000000444 ) ) ;
#2252 = ORIENTED_EDGE ( 'NONE', *, *, #139, .F. ) ;
#2253 = CARTESIAN_POINT ( 'NONE',  ( -4.227275442616239332, 29.39008111416192293, 2.500000000000000444 ) ) ;
#2254 = ORIENTED_EDGE ( 'NONE', *, *, #3567, .F. ) ;
#2255 = CARTESIAN_POINT ( 'NONE',  ( -12.94759237871379653, -3.469296921803557421, 3.353331896491075881 ) ) ;
#2256 = CARTESIAN_POINT ( 'NONE',  ( 42.61134590134531663, 5.768292682926385417, -2.500000000000000444 ) ) ;
#2257 = ORIENTED_EDGE ( 'NONE', *, *, #5391, .F. ) ;
#2258 = CARTESIAN_POINT ( 'NONE',  ( -5.297684973240419204, -13.44526717744738420, 2.689257726104081758 ) ) ;
#2259 = CIRCLE ( 'NONE', #3536, 1.000000000000000888 ) ;
#2260 = EDGE_LOOP ( 'NONE', ( #8483, #2678, #3993, #4655, #943, #7655, #3792, #830, #4717 ) ) ;
#2261 = CARTESIAN_POINT ( 'NONE',  ( 28.47866081722901654, 7.036472099430923777E-14, 2.500000000000000444 ) ) ;
#2262 = EDGE_CURVE ( 'NONE', #4895, #5562, #3812, .T. ) ;
#2263 = ORIENTED_EDGE ( 'NONE', *, *, #7626, .F. ) ;
#2264 = LINE ( 'NONE', #5289, #1467 ) ;
#2265 = CARTESIAN_POINT ( 'NONE',  ( -3.041841955658838526, 11.17530463715806910, -2.500000000000000444 ) ) ;
#2266 = DIRECTION ( 'NONE',  ( 0.8660254037844397068, 0.4999999999999980016, 0.000000000000000000 ) ) ;
#2267 = ORIENTED_EDGE ( 'NONE', *, *, #8290, .F. ) ;
#2268 = DIRECTION ( 'NONE',  ( 1.000000000000000000, 0.000000000000000000, 0.000000000000000000 ) ) ;
#2269 = DIRECTION ( 'NONE',  ( -0.9621455304451258517, 0.2725361962097282986, 0.000000000000000000 ) ) ;
#2270 = ORIENTED_EDGE ( 'NONE', *, *, #6591, .F. ) ;
#2271 = ORIENTED_EDGE ( 'NONE', *, *, #2642, .T. ) ;
#2272 = EDGE_CURVE ( 'NONE', #5292, #7653, #7716, .T. ) ;
#2273 = ORIENTED_EDGE ( 'NONE', *, *, #1355, .T. ) ;
#2274 = CARTESIAN_POINT ( 'NONE',  ( -1.535911781320788982, 1.540000000000000036, 5.499999999999998224 ) ) ;
#2275 = DIRECTION ( 'NONE',  ( -0.000000000000000000, 0.000000000000000000, 1.000000000000000000 ) ) ;
#2276 = DIRECTION ( 'NONE',  ( 1.000000000000000000, 0.000000000000000000, 0.000000000000000000 ) ) ;
#2277 = CARTESIAN_POINT ( 'NONE',  ( 12.94759237871387292, 3.469296921803767031, 3.353331896490951092 ) ) ;
#2278 = DIRECTION ( 'NONE',  ( -0.2626377277448083691, -0.9648945144237498495, 0.000000000000000000 ) ) ;
#2279 = EDGE_CURVE ( 'NONE', #5233, #286, #2952, .T. ) ;
#2280 = ORIENTED_EDGE ( 'NONE', *, *, #4499, .F. ) ;
#2281 = DIRECTION ( 'NONE',  ( -0.000000000000000000, -0.000000000000000000, 1.000000000000000000 ) ) ;
#2282 = ADVANCED_FACE ( 'NONE', ( #4703 ), #777, .T. ) ;
#2283 = EDGE_LOOP ( 'NONE', ( #8949, #3742, #2183, #3544 ) ) ;
#2284 = DIRECTION ( 'NONE',  ( -0.000000000000000000, -0.000000000000000000, 1.000000000000000000 ) ) ;
#2285 = EDGE_CURVE ( 'NONE', #5141, #7986, #3913, .T. ) ;
#2286 = CARTESIAN_POINT ( 'NONE',  ( 6.036633602138965493, -22.52902330986004387, 2.500000000000000444 ) ) ;
#2287 = DIRECTION ( 'NONE',  ( -0.000000000000000000, -0.000000000000000000, -1.000000000000000000 ) ) ;
#2288 = ORIENTED_EDGE ( 'NONE', *, *, #1882, .T. ) ;
#2289 = CARTESIAN_POINT ( 'NONE',  ( -39.58364779650308662, 17.56088913245558913, -2.500000000000000444 ) ) ;
#2290 = DIRECTION ( 'NONE',  ( -0.000000000000000000, -0.000000000000000000, 1.000000000000000000 ) ) ;
#2291 = CARTESIAN_POINT ( 'NONE',  ( 0.9621455304452010138, 28.75119701343881218, -2.500000000000000444 ) ) ;
#2292 = ORIENTED_EDGE ( 'NONE', *, *, #5771, .F. ) ;
#2293 = ORIENTED_EDGE ( 'NONE', *, *, #3369, .T. ) ;
#2294 = DIRECTION ( 'NONE',  ( -1.000000000000000000, 0.000000000000000000, 0.000000000000000000 ) ) ;
#2295 = ORIENTED_EDGE ( 'NONE', *, *, #8705, .T. ) ;
#2296 = EDGE_CURVE ( 'NONE', #1903, #1595, #7623, .T. ) ;
#2297 = DIRECTION ( 'NONE',  ( 1.000000000000000000, 0.000000000000000000, 0.000000000000000000 ) ) ;
#2298 = EDGE_CURVE ( 'NONE', #5154, #6074, #1219, .T. ) ;
#2299 = B_SPLINE_CURVE_WITH_KNOTS ( 'NONE', 3,
 ( #3372, #7224, #5052, #7977 ),
 .UNSPECIFIED., .F., .F.,
 ( 4, 4 ),
 ( 0.001477577452752685486, 0.001589657411971430023 ),
 .UNSPECIFIED. ) ;
#2300 = ORIENTED_EDGE ( 'NONE', *, *, #7953, .F. ) ;
#2301 = CARTESIAN_POINT ( 'NONE',  ( -14.68999443131568405, -4.945105014851979064, 2.500000000000000444 ) ) ;
#2302 = AXIS2_PLACEMENT_3D ( 'NONE', #4049, #5633, #6176 ) ;
#2303 = VERTEX_POINT ( 'NONE', #136 ) ;
#2304 = CARTESIAN_POINT ( 'NONE',  ( 17.56088913245572414, 39.58364779650302978, 2.500000000000000444 ) ) ;
#2305 = ORIENTED_EDGE ( 'NONE', *, *, #839, .T. ) ;
#2306 = CARTESIAN_POINT ( 'NONE',  ( 0.000000000000000000, 0.000000000000000000, 10.00000000000000000 ) ) ;
#2307 = VECTOR ( 'NONE', #306, 1000.000000000000000 ) ;
#2308 = ORIENTED_EDGE ( 'NONE', *, *, #5034, .T. ) ;
#2309 = CARTESIAN_POINT ( 'NONE',  ( -3.460219394375941615, 19.93214605312789445, 2.500000000000000444 ) ) ;
#2310 = AXIS2_PLACEMENT_3D ( 'NONE', #2646, #7150, #3437 ) ;
#2311 = DIRECTION ( 'NONE',  ( -1.000000000000000000, 1.224646799147353454E-16, 0.000000000000000000 ) ) ;
#2312 = LINE ( 'NONE', #5342, #4277 ) ;
#2313 = ORIENTED_EDGE ( 'NONE', *, *, #2612, .T. ) ;
#2314 = AXIS2_PLACEMENT_3D ( 'NONE', #4971, #3529, #2586 ) ;
#2315 = CARTESIAN_POINT ( 'NONE',  ( 17.28362250483719365, -36.93611231721992993, 2.500000000000000444 ) ) ;
#2316 = AXIS2_PLACEMENT_3D ( 'NONE', #1990, #3388, #8679 ) ;
#2317 = DIRECTION ( 'NONE',  ( 0.000000000000000000, 0.000000000000000000, 1.000000000000000000 ) ) ;
#2318 = EDGE_LOOP ( 'NONE', ( #3367, #1804, #2254, #5851 ) ) ;
#2319 = VECTOR ( 'NONE', #4112, 1000.000000000000000 ) ;
#2320 = ORIENTED_EDGE ( 'NONE', *, *, #1079, .T. ) ;
#2321 = VECTOR ( 'NONE', #1890, 1000.000000000000000 ) ;
#2322 = ORIENTED_EDGE ( 'NONE', *, *, #6873, .F. ) ;
#2323 = DIRECTION ( 'NONE',  ( 1.000000000000000000, 0.000000000000000000, 0.000000000000000000 ) ) ;
#2324 = VECTOR ( 'NONE', #4990, 1000.000000000000000 ) ;
#2325 = CARTESIAN_POINT ( 'NONE',  ( 0.000000000000000000, 0.000000000000000000, 11.08578643762692550 ) ) ;
#2326 = AXIS2_PLACEMENT_3D ( 'NONE', #3644, #6655, #4487 ) ;
#2327 = CARTESIAN_POINT ( 'NONE',  ( -14.88747003981890238, -2.746556991812667547, 2.500000000000000444 ) ) ;
#2328 = CARTESIAN_POINT ( 'NONE',  ( 13.82583263479590485, 2.597977082665020365, 2.836032871894682117 ) ) ;
#2329 = DIRECTION ( 'NONE',  ( -0.000000000000000000, -0.000000000000000000, 1.000000000000000000 ) ) ;
#2330 = EDGE_CURVE ( 'NONE', #356, #3555, #3861, .T. ) ;
#2331 = EDGE_CURVE ( 'NONE', #9300, #4597, #5021, .T. ) ;
#2332 = EDGE_LOOP ( 'NONE', ( #1639, #8525, #2295, #1346 ) ) ;
#2333 = DIRECTION ( 'NONE',  ( -0.2450494958541571122, -0.9695105696079973079, 0.000000000000000000 ) ) ;
#2334 = ORIENTED_EDGE ( 'NONE', *, *, #1137, .T. ) ;
#2335 = DIRECTION ( 'NONE',  ( 0.000000000000000000, 0.000000000000000000, -1.000000000000000000 ) ) ;
#2336 = B_SPLINE_CURVE_WITH_KNOTS ( 'NONE', 3,
 ( #3468, #766, #8936, #7659 ),
 .UNSPECIFIED., .F., .F.,
 ( 4, 4 ),
 ( 3.496446946337351263E-18, 0.001307469713021704519 ),
 .UNSPECIFIED. ) ;
#2337 = PLANE ( 'NONE',  #4933 ) ;
#2338 = DIRECTION ( 'NONE',  ( -0.9621455304451258517, 0.2725361962097282986, 0.000000000000000000 ) ) ;
#2339 = ORIENTED_EDGE ( 'NONE', *, *, #119, .F. ) ;
#2340 = DIRECTION ( 'NONE',  ( 1.000000000000000000, -9.462128050782604590E-16, 0.000000000000000000 ) ) ;
#2341 = CARTESIAN_POINT ( 'NONE',  ( -1.977172726189407426, 0.9067714686550056857, 18.78348010595635031 ) ) ;
#2342 = CARTESIAN_POINT ( 'NONE',  ( 17.55157169726910382, 37.93611231721958177, 2.500000000000000444 ) ) ;
#2343 = EDGE_CURVE ( 'NONE', #1903, #3780, #871, .T. ) ;
#2344 = ADVANCED_FACE ( 'NONE', ( #6915 ), #6866, .F. ) ;
#2345 = VERTEX_POINT ( 'NONE', #6821 ) ;
#2346 = ORIENTED_EDGE ( 'NONE', *, *, #6444, .T. ) ;
#2347 = CARTESIAN_POINT ( 'NONE',  ( -39.78665438147437072, -16.31018495079400310, 2.500000000000000444 ) ) ;
#2348 = ORIENTED_EDGE ( 'NONE', *, *, #3384, .T. ) ;
#2349 = LINE ( 'NONE', #4634, #7337 ) ;
#2350 = EDGE_CURVE ( 'NONE', #2345, #2462, #2766, .T. ) ;
#2351 = ORIENTED_EDGE ( 'NONE', *, *, #533, .T. ) ;
#2352 = DIRECTION ( 'NONE',  ( -0.000000000000000000, -0.000000000000000000, 1.000000000000000000 ) ) ;
#2353 = VERTEX_POINT ( 'NONE', #1715 ) ;
#2354 = AXIS2_PLACEMENT_3D ( 'NONE', #7867, #2812, #5832 ) ;
#2355 = CARTESIAN_POINT ( 'NONE',  ( -11.19901868863824568, 2.953339910681120895, -2.500000000000000444 ) ) ;
#2356 = EDGE_CURVE ( 'NONE', #6637, #5661, #8403, .T. ) ;
#2357 = EDGE_CURVE ( 'NONE', #701, #7797, #2157, .T. ) ;
#2358 = EDGE_CURVE ( 'NONE', #4192, #9354, #3215, .T. ) ;
#2359 = ORIENTED_EDGE ( 'NONE', *, *, #1675, .F. ) ;
#2360 = DIRECTION ( 'NONE',  ( 0.000000000000000000, 0.000000000000000000, -1.000000000000000000 ) ) ;
#2361 = VECTOR ( 'NONE', #2352, 1000.000000000000000 ) ;
#2362 = LINE ( 'NONE', #4365, #4699 ) ;
#2363 = ORIENTED_EDGE ( 'NONE', *, *, #8677, .T. ) ;
#2364 = CARTESIAN_POINT ( 'NONE',  ( 2.146992799845329980, 8.494333787820350423, -2.500000000000000444 ) ) ;
#2365 = CARTESIAN_POINT ( 'NONE',  ( 3.500000000000002665, -34.99999999999999289, -2.500000000000000444 ) ) ;
#2366 = FACE_BOUND ( 'NONE', #8659, .T. ) ;
#2367 = DIRECTION ( 'NONE',  ( -0.9669420253356220130, -0.2549963129926495764, 0.000000000000000000 ) ) ;
#2368 = CARTESIAN_POINT ( 'NONE',  ( 11.17530463715806377, -3.041841955658827867, -2.500000000000000444 ) ) ;
#2369 = VECTOR ( 'NONE', #5959, 1000.000000000000000 ) ;
#2370 = DIRECTION ( 'NONE',  ( 1.000000000000000000, 0.000000000000000000, 0.000000000000000000 ) ) ;
#2371 = ORIENTED_EDGE ( 'NONE', *, *, #5876, .T. ) ;
#2372 = CIRCLE ( 'NONE', #3796, 2.174999999999999822 ) ;
#2373 = ORIENTED_EDGE ( 'NONE', *, *, #7865, .T. ) ;
#2374 = ORIENTED_EDGE ( 'NONE', *, *, #626, .F. ) ;
#2375 = AXIS2_PLACEMENT_3D ( 'NONE', #8816, #7239, #4183 ) ;
#2376 = DIRECTION ( 'NONE',  ( 0.2725361962097284096, 0.9621455304451257406, 0.000000000000000000 ) ) ;
#2377 = DIRECTION ( 'NONE',  ( 1.000000000000000000, 0.000000000000000000, 0.000000000000000000 ) ) ;
#2378 = CIRCLE ( 'NONE', #4930, 2.000000000000001776 ) ;
#2379 = CYLINDRICAL_SURFACE ( 'NONE', #7886, 2.000000000000001776 ) ;
#2380 = EDGE_CURVE ( 'NONE', #4461, #107, #729, .T. ) ;
#2381 = DIRECTION ( 'NONE',  ( 1.000000000000000000, 0.000000000000000000, 0.000000000000000000 ) ) ;
#2382 = VECTOR ( 'NONE', #8946, 1000.000000000000000 ) ;
#2383 = CARTESIAN_POINT ( 'NONE',  ( 9.671572875253835022, 0.000000000000000000, 10.50000000000000000 ) ) ;
#2384 = CIRCLE ( 'NONE', #5553, 6.037292596761651531 ) ;
#2385 = VERTEX_POINT ( 'NONE', #6772 ) ;
#2386 = CARTESIAN_POINT ( 'NONE',  ( 27.56619458545760182, 11.03411263498115424, -2.500000000000000444 ) ) ;
#2387 = ORIENTED_EDGE ( 'NONE', *, *, #5393, .F. ) ;
#2388 = VECTOR ( 'NONE', #2698, 1000.000000000000114 ) ;
#2389 = DIRECTION ( 'NONE',  ( 0.2549963129926493544, 0.9669420253356221240, 0.000000000000000000 ) ) ;
#2390 = CARTESIAN_POINT ( 'NONE',  ( 18.35596847918075980, -23.33891914284114222, -2.500000000000000444 ) ) ;
#2391 = EDGE_CURVE ( 'NONE', #4095, #286, #7667, .T. ) ;
#2392 = PLANE ( 'NONE',  #6326 ) ;
#2393 = VECTOR ( 'NONE', #5157, 1000.000000000000000 ) ;
#2394 = ORIENTED_EDGE ( 'NONE', *, *, #9608, .F. ) ;
#2395 = DIRECTION ( 'NONE',  ( 0.7170960345909674905, 0.6969743733982692868, 0.000000000000000000 ) ) ;
#2396 = CARTESIAN_POINT ( 'NONE',  ( -1.175986747467643756, 5.373853074239844041, 16.77083154588772729 ) ) ;
#2397 = CARTESIAN_POINT ( 'NONE',  ( -27.56619458545749879, 11.03411263498120753, 2.500000000000000444 ) ) ;
#2398 = AXIS2_PLACEMENT_3D ( 'NONE', #5507, #884, #1728 ) ;
#2399 = ORIENTED_EDGE ( 'NONE', *, *, #2730, .F. ) ;
#2400 = ORIENTED_EDGE ( 'NONE', *, *, #3579, .F. ) ;
#2401 = CARTESIAN_POINT ( 'NONE',  ( 8.222222014276248103, -14.24130627983769770, -2.500000000000000444 ) ) ;
#2402 = VERTEX_POINT ( 'NONE', #1081 ) ;
#2403 = DIRECTION ( 'NONE',  ( 0.9695105696079971969, -0.2450494958541575841, 0.000000000000000000 ) ) ;
#2404 = EDGE_CURVE ( 'NONE', #8102, #4311, #6337, .T. ) ;
#2405 = VERTEX_POINT ( 'NONE', #4856 ) ;
#2406 = CYLINDRICAL_SURFACE ( 'NONE', #9475, 2.000000000000001776 ) ;
#2407 = ORIENTED_EDGE ( 'NONE', *, *, #7557, .F. ) ;
#2408 = FACE_BOUND ( 'NONE', #603, .T. ) ;
#2409 = ADVANCED_FACE ( 'NONE', ( #4755 ), #7022, .F. ) ;
#2410 = ORIENTED_EDGE ( 'NONE', *, *, #2059, .F. ) ;
#2411 = CARTESIAN_POINT ( 'NONE',  ( 3.500000000000010658, -2.367897544708348626E-14, 2.500000000000000444 ) ) ;
#2412 = LINE ( 'NONE', #686, #7378 ) ;
#2413 = ORIENTED_EDGE ( 'NONE', *, *, #826, .T. ) ;
#2414 = EDGE_CURVE ( 'NONE', #1740, #1471, #1772, .T. ) ;
#2415 = DIRECTION ( 'NONE',  ( 1.000000000000000000, 0.000000000000000000, 0.000000000000000000 ) ) ;
#2416 = EDGE_CURVE ( 'NONE', #7843, #4192, #7873, .T. ) ;
#2417 = FACE_BOUND ( 'NONE', #9390, .T. ) ;
#2418 = ORIENTED_EDGE ( 'NONE', *, *, #234, .T. ) ;
#2419 = CIRCLE ( 'NONE', #4961, 2.174999999999999822 ) ;
#2420 = CARTESIAN_POINT ( 'NONE',  ( -2.134703820650483586, -14.29278542295874033, 2.689257726104076429 ) ) ;
#2421 = DIRECTION ( 'NONE',  ( -0.7170960345909676015, -0.6969743733982690648, 0.000000000000000000 ) ) ;
#2422 = CARTESIAN_POINT ( 'NONE',  ( -4.583647796502832605, 43.06088913245540084, -2.500000000000000444 ) ) ;
#2423 = ORIENTED_EDGE ( 'NONE', *, *, #3568, .F. ) ;
#2424 = VECTOR ( 'NONE', #7568, 1000.000000000000000 ) ;
#2425 = ORIENTED_EDGE ( 'NONE', *, *, #432, .T. ) ;
#2426 = ORIENTED_EDGE ( 'NONE', *, *, #5034, .F. ) ;
#2427 = CARTESIAN_POINT ( 'NONE',  ( -17.56088913245517347, 39.58364779650327847, 2.500000000000000444 ) ) ;
#2428 = EDGE_CURVE ( 'NONE', #530, #3756, #7384, .T. ) ;
#2429 = ADVANCED_FACE ( 'NONE', ( #7822 ), #3314, .F. ) ;
#2430 = DIRECTION ( 'NONE',  ( 1.000000000000000000, 0.000000000000000000, 0.000000000000000000 ) ) ;
#2431 = FACE_OUTER_BOUND ( 'NONE', #4821, .T. ) ;
#2432 = CARTESIAN_POINT ( 'NONE',  ( 8.586881206085195117E-14, 16.44444402855260634, 2.500000000000000444 ) ) ;
#2433 = VECTOR ( 'NONE', #9178, 1000.000000000000114 ) ;
#2434 = DIRECTION ( 'NONE',  ( -0.000000000000000000, -0.000000000000000000, -1.000000000000000000 ) ) ;
#2435 = CARTESIAN_POINT ( 'NONE',  ( 8.157176732979465328, -8.221964726476871377, -2.500000000000000444 ) ) ;
#2436 = EDGE_LOOP ( 'NONE', ( #2752, #7694, #7963, #7419 ) ) ;
#2437 = CARTESIAN_POINT ( 'NONE',  ( -43.00000000000000711, 5.265981236333620048E-15, 2.500000000000000444 ) ) ;
#2438 = ORIENTED_EDGE ( 'NONE', *, *, #4479, .T. ) ;
#2439 = CARTESIAN_POINT ( 'NONE',  ( 1.864054284226467573, 1.437070034263914442, 17.80457535151950665 ) ) ;
#2440 = CARTESIAN_POINT ( 'NONE',  ( 42.61134590134520295, -5.768292682927278037, -2.500000000000000444 ) ) ;
#2441 = CARTESIAN_POINT ( 'NONE',  ( -6.106517200318361205, -6.282812448554106588, -2.500000000000000444 ) ) ;
#2442 = VERTEX_POINT ( 'NONE', #5644 ) ;
#2443 = CARTESIAN_POINT ( 'NONE',  ( -13.54235603521615694, 25.38033976807188452, 2.500000000000000444 ) ) ;
#2444 = CARTESIAN_POINT ( 'NONE',  ( 2.307206600772663712E-16, 5.500000000000000000, 16.37499999999999645 ) ) ;
#2445 = FACE_OUTER_BOUND ( 'NONE', #5816, .T. ) ;
#2446 = ORIENTED_EDGE ( 'NONE', *, *, #7020, .F. ) ;
#2447 = ORIENTED_EDGE ( 'NONE', *, *, #5014, .T. ) ;
#2448 = DIRECTION ( 'NONE',  ( 0.2549963129926495209, 0.9669420253356221240, 0.000000000000000000 ) ) ;
#2449 = ORIENTED_EDGE ( 'NONE', *, *, #4421, .F. ) ;
#2450 = LINE ( 'NONE', #272, #1626 ) ;
#2451 = ORIENTED_EDGE ( 'NONE', *, *, #655, .F. ) ;
#2452 = LINE ( 'NONE', #5471, #308 ) ;
#2453 = ORIENTED_EDGE ( 'NONE', *, *, #5924, .F. ) ;
#2454 = CARTESIAN_POINT ( 'NONE',  ( -3.043186370107638705, 13.37708729347524539, 3.055993497343816312 ) ) ;
#2455 = EDGE_CURVE ( 'NONE', #6161, #8235, #5957, .T. ) ;
#2456 = ORIENTED_EDGE ( 'NONE', *, *, #5005, .F. ) ;
#2457 = LINE ( 'NONE', #1652, #3094 ) ;
#2458 = DIRECTION ( 'NONE',  ( -0.000000000000000000, -0.000000000000000000, 1.000000000000000000 ) ) ;
#2459 = ORIENTED_EDGE ( 'NONE', *, *, #5096, .F. ) ;
#2460 = CARTESIAN_POINT ( 'NONE',  ( 11.03411263498113648, 27.56619458545763734, -2.500000000000000444 ) ) ;
#2461 = FACE_BOUND ( 'NONE', #5696, .T. ) ;
#2462 = VERTEX_POINT ( 'NONE', #6386 ) ;
#2463 = FACE_OUTER_BOUND ( 'NONE', #3331, .T. ) ;
#2464 = FACE_OUTER_BOUND ( 'NONE', #5684, .T. ) ;
#2465 = DIRECTION ( 'NONE',  ( -0.000000000000000000, 0.000000000000000000, 1.000000000000000000 ) ) ;
#2466 = AXIS2_PLACEMENT_3D ( 'NONE', #3507, #8743, #1173 ) ;
#2467 = ADVANCED_FACE ( 'NONE', ( #9402 ), #8658, .F. ) ;
#2468 = ORIENTED_EDGE ( 'NONE', *, *, #5144, .F. ) ;
#2469 = EDGE_CURVE ( 'NONE', #8404, #1411, #7222, .T. ) ;
#2470 = CARTESIAN_POINT ( 'NONE',  ( -26.30116095055120340, -34.01836169854746572, -2.500000000000000444 ) ) ;
#2471 = VECTOR ( 'NONE', #2135, 1000.000000000000000 ) ;
#2472 = ORIENTED_EDGE ( 'NONE', *, *, #2404, .T. ) ;
#2473 = CARTESIAN_POINT ( 'NONE',  ( -3.031088913245555183, 1.750000000000013989, -2.500000000000000444 ) ) ;
#2474 = DIRECTION ( 'NONE',  ( 0.7098982014311000510, 0.7043042975908135883, 0.000000000000000000 ) ) ;
#2475 = AXIS2_PLACEMENT_3D ( 'NONE', #6094, #793, #9756 ) ;
#2476 = VECTOR ( 'NONE', #9165, 1000.000000000000114 ) ;
#2477 = DIRECTION ( 'NONE',  ( -0.000000000000000000, -0.000000000000000000, 1.000000000000000000 ) ) ;
#2478 = CARTESIAN_POINT ( 'NONE',  ( 3.500000000000010658, -2.367897544708348626E-14, -2.500000000000000444 ) ) ;
#2479 = DIRECTION ( 'NONE',  ( 0.9669420253356220130, 0.2549963129926495209, 0.000000000000000000 ) ) ;
#2480 = CARTESIAN_POINT ( 'NONE',  ( 24.66324373348082588, -14.23933040861439991, -2.500000000000000444 ) ) ;
#2481 = EDGE_CURVE ( 'NONE', #4393, #6319, #2517, .T. ) ;
#2482 = EDGE_CURVE ( 'NONE', #2920, #253, #8438, .T. ) ;
#2483 = EDGE_CURVE ( 'NONE', #5037, #2303, #7010, .T. ) ;
#2484 = VECTOR ( 'NONE', #1812, 1000.000000000000000 ) ;
#2485 = ORIENTED_EDGE ( 'NONE', *, *, #3241, .T. ) ;
#2486 = CARTESIAN_POINT ( 'NONE',  ( -3.041841955658838526, 11.17530463715806910, -2.500000000000000444 ) ) ;
#2487 = EDGE_LOOP ( 'NONE', ( #5295, #2138, #4656, #2200 ) ) ;
#2488 = LINE ( 'NONE', #309, #7635 ) ;
#2489 = CIRCLE ( 'NONE', #9119, 43.00000000000000711 ) ;
#2490 = DIRECTION ( 'NONE',  ( -0.7170960345909676015, -0.6969743733982690648, 0.000000000000000000 ) ) ;
#2491 = DIRECTION ( 'NONE',  ( 0.000000000000000000, 0.000000000000000000, 1.000000000000000000 ) ) ;
#2492 = ORIENTED_EDGE ( 'NONE', *, *, #103, .F. ) ;
#2493 = DIRECTION ( 'NONE',  ( -0.6969743733982692868, 0.7170960345909674905, 0.000000000000000000 ) ) ;
#2494 = DIRECTION ( 'NONE',  ( 1.000000000000000000, 0.000000000000000000, 0.000000000000000000 ) ) ;
#2495 = DIRECTION ( 'NONE',  ( -0.7043042975908132552, -0.7098982014311003841, 0.000000000000000000 ) ) ;
#2496 = ORIENTED_EDGE ( 'NONE', *, *, #21, .T. ) ;
#2497 = ORIENTED_EDGE ( 'NONE', *, *, #1210, .T. ) ;
#2498 = CARTESIAN_POINT ( 'NONE',  ( 11.31056335679710045, 8.995100449718499647, 2.689257726104003599 ) ) ;
#2499 = ORIENTED_EDGE ( 'NONE', *, *, #1250, .T. ) ;
#2500 = DIRECTION ( 'NONE',  ( 0.2626377277448087577, -0.9648945144237497384, 0.000000000000000000 ) ) ;
#2501 = ORIENTED_EDGE ( 'NONE', *, *, #290, .F. ) ;
#2502 = CARTESIAN_POINT ( 'NONE',  ( 0.000000000000000000, 0.000000000000000000, 10.50000000000000000 ) ) ;
#2503 = ORIENTED_EDGE ( 'NONE', *, *, #1725, .F. ) ;
#2504 = FACE_BOUND ( 'NONE', #4779, .T. ) ;
#2505 = ORIENTED_EDGE ( 'NONE', *, *, #648, .T. ) ;
#2506 = CARTESIAN_POINT ( 'NONE',  ( -6.282812448554210505, 6.106517200318466898, -2.500000000000000444 ) ) ;
#2507 = DIRECTION ( 'NONE',  ( 0.2626377277448086467, 0.9648945144237497384, 0.000000000000000000 ) ) ;
#2508 = EDGE_LOOP ( 'NONE', ( #4977, #8687, #1212, #6428 ) ) ;
#2509 = FACE_OUTER_BOUND ( 'NONE', #978, .T. ) ;
#2510 = AXIS2_PLACEMENT_3D ( 'NONE', #6427, #3362, #2722 ) ;
#2511 = DIRECTION ( 'NONE',  ( -0.000000000000000000, -0.000000000000000000, 1.000000000000000000 ) ) ;
#2512 = DIRECTION ( 'NONE',  ( -0.000000000000000000, 1.000000000000000000, -0.000000000000000000 ) ) ;
#2513 = EDGE_CURVE ( 'NONE', #5717, #8689, #3112, .T. ) ;
#2514 = VERTEX_POINT ( 'NONE', #1811 ) ;
#2515 = CARTESIAN_POINT ( 'NONE',  ( 0.000000000000000000, 0.000000000000000000, 5.500000000000000888 ) ) ;
#2516 = CARTESIAN_POINT ( 'NONE',  ( -6.282812448554051521, -6.106517200318316796, 2.500000000000000444 ) ) ;
#2517 = LINE ( 'NONE', #5547, #8482 ) ;
#2518 = VECTOR ( 'NONE', #5913, 1000.000000000000114 ) ;
#2519 = ORIENTED_EDGE ( 'NONE', *, *, #6765, .T. ) ;
#2520 = FACE_OUTER_BOUND ( 'NONE', #5742, .T. ) ;
#2521 = ORIENTED_EDGE ( 'NONE', *, *, #9322, .F. ) ;
#2522 = CARTESIAN_POINT ( 'NONE',  ( -20.53108891324536245, 28.56088913245546834, -2.500000000000000444 ) ) ;
#2523 = DIRECTION ( 'NONE',  ( -1.000000000000000000, 5.204170427930416550E-15, 0.000000000000000000 ) ) ;
#2524 = EDGE_CURVE ( 'NONE', #2180, #2220, #1862, .T. ) ;
#2525 = VECTOR ( 'NONE', #5268, 1000.000000000000000 ) ;
#2526 = CARTESIAN_POINT ( 'NONE',  ( -6.282812448554210505, 6.106517200318466898, -2.500000000000000444 ) ) ;
#2527 = ADVANCED_FACE ( 'NONE', ( #4798 ), #6325, .T. ) ;
#2528 = B_SPLINE_CURVE_WITH_KNOTS ( 'NONE', 3,
 ( #1978, #451, #4218, #8569, #4920, #5658, #6299, #9411, #1238, #8763, #5607, #1888, #354, #3276, #1938, #3475 ),
 .UNSPECIFIED., .F., .F.,
 ( 4, 2, 2, 2, 2, 2, 2, 4 ),
 ( 9.199760500100243673E-19, 0.001059620312636392735, 0.001589430468954588669, 0.002119240625272785037, 0.002649050781590981622, 0.003178860937909176905, 0.003708671094227373056, 0.004238481250545569207 ),
 .UNSPECIFIED. ) ;
#2529 = CARTESIAN_POINT ( 'NONE',  ( 12.09377040353122190, -12.09377040353112953, -2.500000000000000444 ) ) ;
#2530 = DIRECTION ( 'NONE',  ( -1.000000000000000000, 0.000000000000000000, 0.000000000000000000 ) ) ;
#2531 = LINE ( 'NONE', #1782, #4389 ) ;
#2532 = CIRCLE ( 'NONE', #5697, 43.00000000000000711 ) ;
#2533 = EDGE_CURVE ( 'NONE', #9263, #5154, #2457, .T. ) ;
#2534 = CIRCLE ( 'NONE', #7596, 22.00000000000000355 ) ;
#2535 = ORIENTED_EDGE ( 'NONE', *, *, #1004, .T. ) ;
#2536 = CARTESIAN_POINT ( 'NONE',  ( -47.50000000000000711, 0.000000000000000000, 10.00000000000000000 ) ) ;
#2537 = ORIENTED_EDGE ( 'NONE', *, *, #5146, .T. ) ;
#2538 = CARTESIAN_POINT ( 'NONE',  ( 1.264049846963468227, 1.805198233657669071, 16.81791139287307857 ) ) ;
#2539 = DIRECTION ( 'NONE',  ( -0.000000000000000000, -0.000000000000000000, 1.000000000000000000 ) ) ;
#2540 = DIRECTION ( 'NONE',  ( -1.000000000000000000, 0.000000000000000000, 0.000000000000000000 ) ) ;
#2541 = EDGE_CURVE ( 'NONE', #8689, #6751, #1018, .T. ) ;
#2542 = AXIS2_PLACEMENT_3D ( 'NONE', #1912, #2608, #327 ) ;
#2543 = ORIENTED_EDGE ( 'NONE', *, *, #2788, .F. ) ;
#2544 = EDGE_CURVE ( 'NONE', #2551, #5465, #4062, .T. ) ;
#2545 = PLANE ( 'NONE',  #6439 ) ;
#2546 = AXIS2_PLACEMENT_3D ( 'NONE', #2261, #32, #6904 ) ;
#2547 = DIRECTION ( 'NONE',  ( -0.000000000000000000, -0.000000000000000000, -1.000000000000000000 ) ) ;
#2548 = LINE ( 'NONE', #9117, #8491 ) ;
#2549 = ORIENTED_EDGE ( 'NONE', *, *, #8955, .F. ) ;
#2550 = VECTOR ( 'NONE', #2134, 1000.000000000000000 ) ;
#2551 = VERTEX_POINT ( 'NONE', #4743 ) ;
#2552 = CARTESIAN_POINT ( 'NONE',  ( 13.37708729347514058, -3.043186370107709759, 3.055993497343800769 ) ) ;
#2553 = ORIENTED_EDGE ( 'NONE', *, *, #7389, .T. ) ;
#2554 = CIRCLE ( 'NONE', #3505, 11.91421356237309581 ) ;
#2555 = CARTESIAN_POINT ( 'NONE',  ( -1.528560524300655254, 1.547296908660294790, 16.40877931234655662 ) ) ;
#2556 = EDGE_CURVE ( 'NONE', #6886, #964, #7107, .T. ) ;
#2557 = VERTEX_POINT ( 'NONE', #2563 ) ;
#2558 = EDGE_CURVE ( 'NONE', #949, #9796, #8493, .T. ) ;
#2559 = CARTESIAN_POINT ( 'NONE',  ( 2.134703820650469819, -14.29278542295874033, 2.689257726104077317 ) ) ;
#2560 = EDGE_LOOP ( 'NONE', ( #4632, #6973, #7976, #6168 ) ) ;
#2561 = DIRECTION ( 'NONE',  ( -1.000000000000000000, 1.224646799147353454E-16, 0.000000000000000000 ) ) ;
#2562 = VERTEX_POINT ( 'NONE', #9342 ) ;
#2563 = CARTESIAN_POINT ( 'NONE',  ( 9.478295456910077021, -9.478295456910036165, 3.353331896491063002 ) ) ;
#2564 = CARTESIAN_POINT ( 'NONE',  ( 15.55157169726830979, -37.93611231721990862, 2.500000000000000444 ) ) ;
#2565 = ORIENTED_EDGE ( 'NONE', *, *, #2247, .T. ) ;
#2566 = DIRECTION ( 'NONE',  ( 1.000000000000000000, 0.000000000000000000, 0.000000000000000000 ) ) ;
#2567 = DIRECTION ( 'NONE',  ( 1.000000000000000000, 0.000000000000000000, 0.000000000000000000 ) ) ;
#2568 = ORIENTED_EDGE ( 'NONE', *, *, #6565, .T. ) ;
#2569 = FACE_OUTER_BOUND ( 'NONE', #5888, .T. ) ;
#2570 = DIRECTION ( 'NONE',  ( -0.2450494958541582780, 0.9695105696079969748, 0.000000000000000000 ) ) ;
#2571 = DIRECTION ( 'NONE',  ( 0.7098982014311000510, 0.7043042975908135883, 0.000000000000000000 ) ) ;
#2572 = ORIENTED_EDGE ( 'NONE', *, *, #6096, .F. ) ;
#2573 = PLANE ( 'NONE',  #6950 ) ;
#2574 = ADVANCED_FACE ( 'NONE', ( #3250 ), #7760, .F. ) ;
#2575 = ORIENTED_EDGE ( 'NONE', *, *, #2298, .F. ) ;
#2576 = AXIS2_PLACEMENT_3D ( 'NONE', #6542, #9558, #2784 ) ;
#2577 = CARTESIAN_POINT ( 'NONE',  ( 0.000000000000000000, 0.000000000000000000, 5.500000000000000888 ) ) ;
#2578 = DIRECTION ( 'NONE',  ( 1.000000000000000000, 0.000000000000000000, 0.000000000000000000 ) ) ;
#2579 = DIRECTION ( 'NONE',  ( 0.9669420253356221240, -0.2549963129926494654, 0.000000000000000000 ) ) ;
#2580 = CARTESIAN_POINT ( 'NONE',  ( -37.93611231721963861, 15.55157169726896527, 2.500000000000000444 ) ) ;
#2581 = LINE ( 'NONE', #1831, #4302 ) ;
#2582 = PLANE ( 'NONE',  #4686 ) ;
#2583 = AXIS2_PLACEMENT_3D ( 'NONE', #2473, #4067, #5500 ) ;
#2584 = EDGE_CURVE ( 'NONE', #2935, #9380, #332, .T. ) ;
#2585 = ORIENTED_EDGE ( 'NONE', *, *, #9063, .T. ) ;
#2586 = DIRECTION ( 'NONE',  ( 1.000000000000000000, 0.000000000000000000, 0.000000000000000000 ) ) ;
#2587 = VERTEX_POINT ( 'NONE', #3358 ) ;
#2588 = CARTESIAN_POINT ( 'NONE',  ( 1.919605864650726579, 1.043064429451971975, 18.13363017627261797 ) ) ;
#2589 = CARTESIAN_POINT ( 'NONE',  ( 15.55157169726910382, 37.93611231721958177, 2.500000000000000444 ) ) ;
#2590 = DIRECTION ( 'NONE',  ( 0.8660254037844363761, -0.5000000000000041078, 0.000000000000000000 ) ) ;
#2591 = CIRCLE ( 'NONE', #843, 21.99999999999998224 ) ;
#2592 = ORIENTED_EDGE ( 'NONE', *, *, #882, .F. ) ;
#2593 = EDGE_CURVE ( 'NONE', #1946, #5981, #4156, .T. ) ;
#2594 = DIRECTION ( 'NONE',  ( -0.000000000000000000, 0.000000000000000000, 1.000000000000000000 ) ) ;
#2595 = CARTESIAN_POINT ( 'NONE',  ( -1.441983596338217932, 1.665036055930923187, 19.60879595062907654 ) ) ;
#2596 = CARTESIAN_POINT ( 'NONE',  ( -11.31056335679702585, -8.995100449718286484, 2.689257726104075097 ) ) ;
#2597 = VERTEX_POINT ( 'NONE', #8644 ) ;
#2598 = ADVANCED_FACE ( 'NONE', ( #7056 ), #4896, .F. ) ;
#2599 = CIRCLE ( 'NONE', #8602, 2.000000000000001776 ) ;
#2600 = ORIENTED_EDGE ( 'NONE', *, *, #6574, .F. ) ;
#2601 = CARTESIAN_POINT ( 'NONE',  ( 14.29278542295888954, -2.134703820650416528, 2.689257726104024471 ) ) ;
#2602 = ADVANCED_FACE ( 'NONE', ( #5431 ), #3203, .F. ) ;
#2603 = ORIENTED_EDGE ( 'NONE', *, *, #9197, .T. ) ;
#2604 = CARTESIAN_POINT ( 'NONE',  ( 34.43611231721941834, -25.07785113889799078, 2.500000000000000444 ) ) ;
#2605 = ORIENTED_EDGE ( 'NONE', *, *, #1084, .F. ) ;
#2606 = CARTESIAN_POINT ( 'NONE',  ( 3.031088913245552963, -1.750000000000017319, -2.500000000000000444 ) ) ;
#2607 = CARTESIAN_POINT ( 'NONE',  ( 2.953339910681150648, 11.19901868863836292, -2.500000000000000444 ) ) ;
#2608 = DIRECTION ( 'NONE',  ( -0.000000000000000000, -0.000000000000000000, 1.000000000000000000 ) ) ;
#2609 = EDGE_CURVE ( 'NONE', #3847, #87, #7681, .T. ) ;
#2610 = ORIENTED_EDGE ( 'NONE', *, *, #5675, .F. ) ;
#2611 = CARTESIAN_POINT ( 'NONE',  ( 3.041841955658855401, 11.17530463715815969, -2.500000000000000444 ) ) ;
#2612 = EDGE_CURVE ( 'NONE', #3712, #7565, #6227, .T. ) ;
#2613 = ORIENTED_EDGE ( 'NONE', *, *, #7689, .T. ) ;
#2614 = LINE ( 'NONE', #916, #7067 ) ;
#2615 = FACE_OUTER_BOUND ( 'NONE', #9521, .T. ) ;
#2616 = PLANE ( 'NONE',  #4106 ) ;
#2617 = ORIENTED_EDGE ( 'NONE', *, *, #785, .F. ) ;
#2618 = DIRECTION ( 'NONE',  ( -0.000000000000000000, -0.000000000000000000, -1.000000000000000000 ) ) ;
#2619 = DIRECTION ( 'NONE',  ( 1.000000000000000000, 0.000000000000000000, 0.000000000000000000 ) ) ;
#2620 = DIRECTION ( 'NONE',  ( 0.000000000000000000, 0.000000000000000000, 1.000000000000000000 ) ) ;
#2621 = ORIENTED_EDGE ( 'NONE', *, *, #181, .T. ) ;
#2622 = DIRECTION ( 'NONE',  ( -0.2626377277448091463, 0.9648945144237496274, 0.000000000000000000 ) ) ;
#2623 = ORIENTED_EDGE ( 'NONE', *, *, #7300, .T. ) ;
#2624 = DIRECTION ( 'NONE',  ( -0.9669420253356220130, -0.2549963129926496319, 0.000000000000000000 ) ) ;
#2625 = DIRECTION ( 'NONE',  ( -0.6969743733982686207, -0.7170960345909680456, 0.000000000000000000 ) ) ;
#2626 = CARTESIAN_POINT ( 'NONE',  ( -4.227275442616313050, -29.39008111416170976, -2.500000000000000444 ) ) ;
#2627 = AXIS2_PLACEMENT_3D ( 'NONE', #1597, #4631, #9718 ) ;
#2628 = LINE ( 'NONE', #7829, #3455 ) ;
#2629 = CARTESIAN_POINT ( 'NONE',  ( 0.000000000000000000, 0.000000000000000000, 5.499999999999998224 ) ) ;
#2630 = LINE ( 'NONE', #4820, #5949 ) ;
#2631 = EDGE_CURVE ( 'NONE', #8517, #2636, #5041, .T. ) ;
#2632 = ORIENTED_EDGE ( 'NONE', *, *, #2826, .T. ) ;
#2633 = DIRECTION ( 'NONE',  ( 1.000000000000000000, 0.000000000000000000, 0.000000000000000000 ) ) ;
#2634 = B_SPLINE_CURVE_WITH_KNOTS ( 'NONE', 3,
 ( #5828, #5781, #2058, #7208, #9627, #524, #5878, #3551, #1221, #5090, #7259, #6517, #9577, #8100, #9440, #431 ),
 .UNSPECIFIED., .F., .F.,
 ( 4, 2, 2, 2, 2, 2, 2, 4 ),
 ( 0.000000000000000000, 0.0007802409707446503239, 0.001170361456116971854, 0.001365421698803132890, 0.001560481941489293709, 0.001950602426861625755, 0.002340722912233957152, 0.003120963882978627750 ),
 .UNSPECIFIED. ) ;
#2635 = VECTOR ( 'NONE', #6215, 1000.000000000000000 ) ;
#2636 = VERTEX_POINT ( 'NONE', #5737 ) ;
#2637 = CARTESIAN_POINT ( 'NONE',  ( 25.50000000000000355, -35.00000000000000000, -2.500000000000000444 ) ) ;
#2638 = CYLINDRICAL_SURFACE ( 'NONE', #6491, 5.500000000000000000 ) ;
#2639 = DIRECTION ( 'NONE',  ( -0.000000000000000000, -0.000000000000000000, 1.000000000000000000 ) ) ;
#2640 = ORIENTED_EDGE ( 'NONE', *, *, #3839, .T. ) ;
#2641 = VECTOR ( 'NONE', #5303, 1000.000000000000114 ) ;
#2642 = EDGE_CURVE ( 'NONE', #7744, #7721, #1354, .T. ) ;
#2643 = CARTESIAN_POINT ( 'NONE',  ( -12.94759237871379653, -3.469296921803557421, 3.353331896491075881 ) ) ;
#2644 = ORIENTED_EDGE ( 'NONE', *, *, #5178, .F. ) ;
#2645 = LINE ( 'NONE', #4141, #7287 ) ;
#2646 = CARTESIAN_POINT ( 'NONE',  ( 39.58364779650295873, -17.56088913245586269, -2.500000000000000444 ) ) ;
#2647 = VECTOR ( 'NONE', #5153, 1000.000000000000000 ) ;
#2648 = STYLED_ITEM ( 'NONE', ( #1898 ), #401 ) ;
#2649 = ORIENTED_EDGE ( 'NONE', *, *, #7953, .T. ) ;
#2650 = ORIENTED_EDGE ( 'NONE', *, *, #8436, .F. ) ;
#2651 = CARTESIAN_POINT ( 'NONE',  ( -33.43611231721958887, 23.34580033132889554, -2.500000000000000444 ) ) ;
#2652 = AXIS2_PLACEMENT_3D ( 'NONE', #5294, #5443, #2370 ) ;
#2653 = ORIENTED_EDGE ( 'NONE', *, *, #8940, .F. ) ;
#2654 = DIRECTION ( 'NONE',  ( 0.000000000000000000, -1.000000000000000000, 0.000000000000000000 ) ) ;
#2655 = ORIENTED_EDGE ( 'NONE', *, *, #6453, .F. ) ;
#2656 = FACE_OUTER_BOUND ( 'NONE', #8744, .T. ) ;
#2657 = ADVANCED_FACE ( 'NONE', ( #1268 ), #2851, .F. ) ;
#2658 = CARTESIAN_POINT ( 'NONE',  ( -4.583647796503736771, -43.06088913245529426, -2.500000000000000444 ) ) ;
#2659 = DIRECTION ( 'NONE',  ( -0.2549963129926496319, 0.9669420253356220130, 0.000000000000000000 ) ) ;
#2660 = EDGE_CURVE ( 'NONE', #326, #4150, #8010, .T. ) ;
#2661 = VECTOR ( 'NONE', #5129, 1000.000000000000000 ) ;
#2662 = TOROIDAL_SURFACE ( 'NONE', #5187, 9.671572875253835022, 2.000000000000000000 ) ;
#2663 = VERTEX_POINT ( 'NONE', #8834 ) ;
#2664 = CARTESIAN_POINT ( 'NONE',  ( -1.749999999999976463, 3.031088913245560512, 2.500000000000000444 ) ) ;
#2665 = EDGE_CURVE ( 'NONE', #8489, #5790, #4950, .T. ) ;
#2666 = ORIENTED_EDGE ( 'NONE', *, *, #3683, .T. ) ;
#2667 = CARTESIAN_POINT ( 'NONE',  ( -12.09377040353120414, -12.09377040353107979, -2.500000000000000444 ) ) ;
#2668 = CARTESIAN_POINT ( 'NONE',  ( 4.500000000000000000, 0.000000000000000000, 22.50000000000000000 ) ) ;
#2669 = CARTESIAN_POINT ( 'NONE',  ( 2.307206600772663712E-16, 5.500000000000000000, 16.37499999999999645 ) ) ;
#2670 = VECTOR ( 'NONE', #9409, 1000.000000000000000 ) ;
#2671 = ORIENTED_EDGE ( 'NONE', *, *, #9713, .T. ) ;
#2672 = CARTESIAN_POINT ( 'NONE',  ( -5.297684973240327722, 13.44526717744764355, 2.689257726104003599 ) ) ;
#2673 = ADVANCED_FACE ( 'NONE', ( #567 ), #6610, .F. ) ;
#2674 = DIRECTION ( 'NONE',  ( -0.000000000000000000, -0.000000000000000000, -1.000000000000000000 ) ) ;
#2675 = ORIENTED_EDGE ( 'NONE', *, *, #7267, .T. ) ;
#2676 = CARTESIAN_POINT ( 'NONE',  ( -11.17530463715791811, -3.041841955658796337, -2.500000000000000444 ) ) ;
#2677 = AXIS2_PLACEMENT_3D ( 'NONE', #8293, #2997, #670 ) ;
#2678 = ORIENTED_EDGE ( 'NONE', *, *, #149, .F. ) ;
#2679 = DIRECTION ( 'NONE',  ( -0.000000000000000000, -0.000000000000000000, 1.000000000000000000 ) ) ;
#2680 = DIRECTION ( 'NONE',  ( -0.000000000000000000, -0.000000000000000000, 1.000000000000000000 ) ) ;
#2681 = ADVANCED_FACE ( 'NONE', ( #5132 ), #8786, .F. ) ;
#2682 = FACE_OUTER_BOUND ( 'NONE', #5288, .T. ) ;
#2683 = CYLINDRICAL_SURFACE ( 'NONE', #9130, 21.99999999999978328 ) ;
#2684 = B_SPLINE_CURVE_WITH_KNOTS ( 'NONE', 3,
 ( #1537, #6693, #6098, #8968 ),
 .UNSPECIFIED., .F., .F.,
 ( 4, 4 ),
 ( 1.939479807224432123E-18, 0.002007903776505748274 ),
 .UNSPECIFIED. ) ;
#2685 = AXIS2_PLACEMENT_3D ( 'NONE', #3846, #4589, #7654 ) ;
#2686 = FACE_OUTER_BOUND ( 'NONE', #2060, .T. ) ;
#2687 = DIRECTION ( 'NONE',  ( -0.000000000000000000, -0.000000000000000000, 1.000000000000000000 ) ) ;
#2688 = ORIENTED_EDGE ( 'NONE', *, *, #432, .F. ) ;
#2689 = CARTESIAN_POINT ( 'NONE',  ( -25.07785113889742235, 32.43611231721985888, 2.500000000000000444 ) ) ;
#2690 = B_SPLINE_CURVE_WITH_KNOTS ( 'NONE', 3,
 ( #51, #9054, #1532, #9362 ),
 .UNSPECIFIED., .F., .F.,
 ( 4, 4 ),
 ( 4.091337135425211056E-18, 0.002007903776505758249 ),
 .UNSPECIFIED. ) ;
#2691 = ORIENTED_EDGE ( 'NONE', *, *, #6423, .F. ) ;
#2692 = AXIS2_PLACEMENT_3D ( 'NONE', #8827, #5637, #2140 ) ;
#2693 = CARTESIAN_POINT ( 'NONE',  ( 1.496882841676486331, 2.000533249570666250, 17.06933322805447517 ) ) ;
#2694 = CARTESIAN_POINT ( 'NONE',  ( -16.52039759875998826, -4.426627195228658884, -2.500000000000000000 ) ) ;
#2695 = PLANE ( 'NONE',  #5381 ) ;
#2696 = VERTEX_POINT ( 'NONE', #6559 ) ;
#2697 = AXIS2_PLACEMENT_3D ( 'NONE', #7571, #6033, #5248 ) ;
#2698 = DIRECTION ( 'NONE',  ( 0.9695105696079973079, -0.2450494958541570845, 0.000000000000000000 ) ) ;
#2699 = DIRECTION ( 'NONE',  ( -0.9648945144237498495, 0.2626377277448083691, 0.000000000000000000 ) ) ;
#2700 = AXIS2_PLACEMENT_3D ( 'NONE', #2676, #1136, #346 ) ;
#2701 = ORIENTED_EDGE ( 'NONE', *, *, #2704, .F. ) ;
#2702 = ORIENTED_EDGE ( 'NONE', *, *, #6920, .T. ) ;
#2703 = DIRECTION ( 'NONE',  ( 0.8660254037844398178, 0.4999999999999978351, 0.000000000000000000 ) ) ;
#2704 = EDGE_CURVE ( 'NONE', #8629, #6161, #2634, .T. ) ;
#2705 = VERTEX_POINT ( 'NONE', #9533 ) ;
#2706 = AXIS2_PLACEMENT_3D ( 'NONE', #2066, #7265, #9539 ) ;
#2707 = DIRECTION ( 'NONE',  ( 0.7043042975908133663, 0.7098982014311003841, 0.000000000000000000 ) ) ;
#2708 = VECTOR ( 'NONE', #1333, 1000.000000000000000 ) ;
#2709 = AXIS2_PLACEMENT_3D ( 'NONE', #8969, #3878, #8324 ) ;
#2710 = VERTEX_POINT ( 'NONE', #8883 ) ;
#2711 = DIRECTION ( 'NONE',  ( -0.8660254037844328234, 0.5000000000000099920, 0.000000000000000000 ) ) ;
#2712 = CARTESIAN_POINT ( 'NONE',  ( 13.44526717744752986, -5.297684973240351702, 2.689257726104039126 ) ) ;
#2713 = LINE ( 'NONE', #9485, #4287 ) ;
#2714 = CIRCLE ( 'NONE', #3973, 1.999999999999998224 ) ;
#2715 = VECTOR ( 'NONE', #5102, 1000.000000000000000 ) ;
#2716 = EDGE_LOOP ( 'NONE', ( #6001, #8298, #9146, #8913 ) ) ;
#2717 = CARTESIAN_POINT ( 'NONE',  ( -25.50000000000000355, -35.00000000000000000, -2.500000000000000444 ) ) ;
#2718 = EDGE_CURVE ( 'NONE', #2898, #1746, #1313, .T. ) ;
#2719 = EDGE_LOOP ( 'NONE', ( #3179, #3065, #7999, #8764, #9385, #6279 ) ) ;
#2720 = CARTESIAN_POINT ( 'NONE',  ( 1.528560524300655254, 1.547296908660294790, 20.19122068765343769 ) ) ;
#2721 = CIRCLE ( 'NONE', #7946, 2.000000000000001776 ) ;
#2722 = DIRECTION ( 'NONE',  ( 0.7043042975908135883, -0.7098982014311000510, 0.000000000000000000 ) ) ;
#2723 = AXIS2_PLACEMENT_3D ( 'NONE', #8021, #2680, #1235 ) ;
#2724 = EDGE_LOOP ( 'NONE', ( #9233, #7679, #1788, #7001, #4115, #3159 ) ) ;
#2725 = DIRECTION ( 'NONE',  ( -0.000000000000000000, -0.000000000000000000, 1.000000000000000000 ) ) ;
#2726 = ADVANCED_FACE ( 'NONE', ( #3457 ), #6470, .F. ) ;
#2727 = VERTEX_POINT ( 'NONE', #478 ) ;
#2728 = EDGE_LOOP ( 'NONE', ( #5478, #4637, #2456, #6317 ) ) ;
#2729 = CARTESIAN_POINT ( 'NONE',  ( 8.157176732979506184, 8.221964726476935326, -2.500000000000000444 ) ) ;
#2730 = EDGE_CURVE ( 'NONE', #334, #8054, #8937, .T. ) ;
#2731 = EDGE_CURVE ( 'NONE', #1110, #4412, #5307, .T. ) ;
#2732 = VERTEX_POINT ( 'NONE', #2201 ) ;
#2733 = FACE_OUTER_BOUND ( 'NONE', #5517, .T. ) ;
#2734 = CARTESIAN_POINT ( 'NONE',  ( -5.500000000000000000, 0.000000000000000000, 22.50000000000000000 ) ) ;
#2735 = CARTESIAN_POINT ( 'NONE',  ( 1.825948299461214175, 5.188308728157600136, 17.67747705534842240 ) ) ;
#2736 = CARTESIAN_POINT ( 'NONE',  ( -1.482369613945351938, 1.652661439528172016, 19.88220504970823654 ) ) ;
#2737 = CARTESIAN_POINT ( 'NONE',  ( 20.53108891324576746, 28.56088913245516991, -2.500000000000000444 ) ) ;
#2738 = EDGE_CURVE ( 'NONE', #8178, #3293, #664, .T. ) ;
#2739 = EDGE_LOOP ( 'NONE', ( #305, #484, #3249, #8611 ) ) ;
#2740 = CYLINDRICAL_SURFACE ( 'NONE', #1845, 2.000000000000001776 ) ;
#2741 = ADVANCED_FACE ( 'NONE', ( #4490 ), #719, .T. ) ;
#2742 = ORIENTED_EDGE ( 'NONE', *, *, #3501, .F. ) ;
#2743 = DIRECTION ( 'NONE',  ( -0.000000000000000000, -0.000000000000000000, -1.000000000000000000 ) ) ;
#2744 = LINE ( 'NONE', #9516, #2393 ) ;
#2745 = CARTESIAN_POINT ( 'NONE',  ( 6.969435128366654020, -18.99185453113829425, -2.500000000000000444 ) ) ;
#2746 = EDGE_LOOP ( 'NONE', ( #6353, #5552, #9156, #7044, #8392 ) ) ;
#2747 = DIRECTION ( 'NONE',  ( 1.000000000000000000, 0.000000000000000000, 0.000000000000000000 ) ) ;
#2748 = VECTOR ( 'NONE', #734, 1000.000000000000000 ) ;
#2749 = CARTESIAN_POINT ( 'NONE',  ( -1.702362631225376566, 1.846152765629527126, 19.20500658011799189 ) ) ;
#2750 = DIRECTION ( 'NONE',  ( 1.000000000000000000, 0.000000000000000000, 0.000000000000000000 ) ) ;
#2751 = ORIENTED_EDGE ( 'NONE', *, *, #6024, .F. ) ;
#2752 = ORIENTED_EDGE ( 'NONE', *, *, #4839, .F. ) ;
#2753 = CARTESIAN_POINT ( 'NONE',  ( 1.740378435631737775, 1.768599460620972286, 19.14495879124147493 ) ) ;
#2754 = ORIENTED_EDGE ( 'NONE', *, *, #2279, .F. ) ;
#2755 = VECTOR ( 'NONE', #8801, 1000.000000000000114 ) ;
#2756 = DIRECTION ( 'NONE',  ( 1.000000000000000000, 0.000000000000000000, 0.000000000000000000 ) ) ;
#2757 = EDGE_LOOP ( 'NONE', ( #3306, #8472, #7158, #6445 ) ) ;
#2758 = CARTESIAN_POINT ( 'NONE',  ( -2.953339910681094693, -11.19901868863814620, -2.500000000000000444 ) ) ;
#2759 = ORIENTED_EDGE ( 'NONE', *, *, #1607, .F. ) ;
#2760 = LINE ( 'NONE', #2007, #9182 ) ;
#2761 = TOROIDAL_SURFACE ( 'NONE', #4497, 8.169624749921858609, 2.000000000000000000 ) ;
#2762 = ORIENTED_EDGE ( 'NONE', *, *, #7390, .F. ) ;
#2763 = DIRECTION ( 'NONE',  ( -0.000000000000000000, -0.000000000000000000, -1.000000000000000000 ) ) ;
#2764 = ORIENTED_EDGE ( 'NONE', *, *, #9567, .T. ) ;
#2765 = CARTESIAN_POINT ( 'NONE',  ( 1.535911781320788538, 1.540000000000000036, 20.26608463940839755 ) ) ;
#2766 = B_SPLINE_CURVE_WITH_KNOTS ( 'NONE', 3,
 ( #9201, #5395, #192, #8504 ),
 .UNSPECIFIED., .F., .F.,
 ( 4, 4 ),
 ( 1.939479807224432123E-18, 0.002007903776505747407 ),
 .UNSPECIFIED. ) ;
#2767 = DIRECTION ( 'NONE',  ( -1.000000000000000000, 0.000000000000000000, -0.000000000000000000 ) ) ;
#2768 = ORIENTED_EDGE ( 'NONE', *, *, #4544, .T. ) ;
#2769 = CARTESIAN_POINT ( 'NONE',  ( 14.23933040861455268, 24.66324373348088983, -2.500000000000000444 ) ) ;
#2770 = ADVANCED_FACE ( 'NONE', ( #5232 ), #8243, .F. ) ;
#2771 = ORIENTED_EDGE ( 'NONE', *, *, #3801, .F. ) ;
#2772 = CARTESIAN_POINT ( 'NONE',  ( 11.51964875665652421, -9.822323147761039763, 2.500000000000000444 ) ) ;
#2773 = EDGE_LOOP ( 'NONE', ( #5466, #4078, #19, #4988, #9405, #4224 ) ) ;
#2774 = LINE ( 'NONE', #1825, #2755 ) ;
#2775 = CARTESIAN_POINT ( 'NONE',  ( -6.282812448554210505, 6.106517200318466898, -2.500000000000000444 ) ) ;
#2776 = CARTESIAN_POINT ( 'NONE',  ( 1.272980723933902825, 5.351430851067206618, 19.74938402512872315 ) ) ;
#2777 = ADVANCED_FACE ( 'NONE', ( #2899 ), #9030, .F. ) ;
#2778 = LINE ( 'NONE', #5198, #7443 ) ;
#2779 = ADVANCED_FACE ( 'NONE', ( #8337 ), #8979, .F. ) ;
#2780 = DIRECTION ( 'NONE',  ( -0.000000000000000000, -0.000000000000000000, 1.000000000000000000 ) ) ;
#2781 = VERTEX_POINT ( 'NONE', #7505 ) ;
#2782 = DIRECTION ( 'NONE',  ( -0.2626377277448084802, -0.9648945144237497384, 0.000000000000000000 ) ) ;
#2783 = VERTEX_POINT ( 'NONE', #6109 ) ;
#2784 = DIRECTION ( 'NONE',  ( -1.000000000000000000, 0.000000000000000000, 0.000000000000000000 ) ) ;
#2785 = DIRECTION ( 'NONE',  ( 1.000000000000000000, 0.000000000000000000, 0.000000000000000000 ) ) ;
#2786 = DIRECTION ( 'NONE',  ( 1.000000000000000000, 0.000000000000000000, 0.000000000000000000 ) ) ;
#2787 = ORIENTED_EDGE ( 'NONE', *, *, #7992, .F. ) ;
#2788 = EDGE_CURVE ( 'NONE', #1482, #3111, #9072, .T. ) ;
#2789 = CARTESIAN_POINT ( 'NONE',  ( 8.157176732979506184, 8.221964726476935326, 2.500000000000000444 ) ) ;
#2790 = ADVANCED_FACE ( 'NONE', ( #7457 ), #6752, .F. ) ;
#2791 = DIRECTION ( 'NONE',  ( 0.2725361962097284652, 0.9621455304451257406, 0.000000000000000000 ) ) ;
#2792 = EDGE_CURVE ( 'NONE', #8670, #3030, #9191, .T. ) ;
#2793 = DIRECTION ( 'NONE',  ( -0.2626377277448083691, -0.9648945144237498495, 0.000000000000000000 ) ) ;
#2794 = AXIS2_PLACEMENT_3D ( 'NONE', #3088, #6849, #8382 ) ;
#2795 = ORIENTED_EDGE ( 'NONE', *, *, #9594, .F. ) ;
#2796 = PLANE ( 'NONE',  #5645 ) ;
#2797 = ORIENTED_EDGE ( 'NONE', *, *, #2296, .T. ) ;
#2798 = CARTESIAN_POINT ( 'NONE',  ( 16.44444402855255305, 6.418476861114186249E-14, -2.500000000000000444 ) ) ;
#2799 = CIRCLE ( 'NONE', #2943, 15.50000000000000000 ) ;
#2800 = ORIENTED_EDGE ( 'NONE', *, *, #6761, .F. ) ;
#2801 = CARTESIAN_POINT ( 'NONE',  ( -14.26620574846931255, -5.065146892057652117, 2.500000000000000444 ) ) ;
#2802 = CARTESIAN_POINT ( 'NONE',  ( 11.17530463715806377, -3.041841955658827867, -2.500000000000000444 ) ) ;
#2803 = B_SPLINE_CURVE_WITH_KNOTS ( 'NONE', 3,
 ( #1576, #7528, #4466, #1528 ),
 .UNSPECIFIED., .F., .F.,
 ( 4, 4 ),
 ( 1.987375409620156722E-18, 0.001307469713021653995 ),
 .UNSPECIFIED. ) ;
#2804 = VECTOR ( 'NONE', #4372, 1000.000000000000000 ) ;
#2805 = DIRECTION ( 'NONE',  ( -0.2450494958541577784, -0.9695105696079970858, 0.000000000000000000 ) ) ;
#2806 = AXIS2_PLACEMENT_3D ( 'NONE', #3163, #2317, #6082 ) ;
#2807 = VERTEX_POINT ( 'NONE', #614 ) ;
#2808 = DIRECTION ( 'NONE',  ( 0.9669420253356220130, 0.2549963129926494654, 0.000000000000000000 ) ) ;
#2809 = ORIENTED_EDGE ( 'NONE', *, *, #6703, .F. ) ;
#2810 = DIRECTION ( 'NONE',  ( -0.7098982014311000510, -0.7043042975908135883, 0.000000000000000000 ) ) ;
#2811 = AXIS2_PLACEMENT_3D ( 'NONE', #9765, #9024, #6746 ) ;
#2812 = DIRECTION ( 'NONE',  ( -0.000000000000000000, -0.000000000000000000, -1.000000000000000000 ) ) ;
#2813 = ORIENTED_EDGE ( 'NONE', *, *, #9324, .T. ) ;
#2814 = DIRECTION ( 'NONE',  ( -1.000000000000000000, 0.000000000000000000, 0.000000000000000000 ) ) ;
#2815 = ORIENTED_EDGE ( 'NONE', *, *, #1479, .F. ) ;
#2816 = DIRECTION ( 'NONE',  ( 0.9648945144237498495, -0.2626377277448084802, 0.000000000000000000 ) ) ;
#2817 = ADVANCED_FACE ( 'NONE', ( #5969 ), #3647, .T. ) ;
#2818 = ORIENTED_EDGE ( 'NONE', *, *, #486, .F. ) ;
#2819 = DIRECTION ( 'NONE',  ( -0.000000000000000000, 0.000000000000000000, 1.000000000000000000 ) ) ;
#2820 = CARTESIAN_POINT ( 'NONE',  ( -1.750000000000047073, -3.031088913245540528, -2.500000000000000444 ) ) ;
#2821 = CARTESIAN_POINT ( 'NONE',  ( 0.1282540440066358978, 5.500000000000000000, 20.22500000000000142 ) ) ;
#2822 = DIRECTION ( 'NONE',  ( -0.000000000000000000, -0.000000000000000000, 1.000000000000000000 ) ) ;
#2823 = CARTESIAN_POINT ( 'NONE',  ( 2.387816587501787158, -8.429805248399395268, -2.500000000000000444 ) ) ;
#2824 = ORIENTED_EDGE ( 'NONE', *, *, #896, .F. ) ;
#2825 = LINE ( 'NONE', #5846, #9441 ) ;
#2826 = EDGE_CURVE ( 'NONE', #3283, #5473, #5919, .T. ) ;
#2827 = EDGE_LOOP ( 'NONE', ( #8189, #9694, #5204, #627 ) ) ;
#2828 = DIRECTION ( 'NONE',  ( 1.000000000000000000, 0.000000000000000000, 0.000000000000000000 ) ) ;
#2829 = CARTESIAN_POINT ( 'NONE',  ( -11.31056335679697966, 8.995100449718584912, -2.500000000000000444 ) ) ;
#2830 = VECTOR ( 'NONE', #3309, 1000.000000000000000 ) ;
#2831 = VERTEX_POINT ( 'NONE', #3739 ) ;
#2832 = DIRECTION ( 'NONE',  ( 0.8660254037844362651, -0.5000000000000042188, 0.000000000000000000 ) ) ;
#2833 = FACE_OUTER_BOUND ( 'NONE', #658, .T. ) ;
#2834 = DIRECTION ( 'NONE',  ( -0.000000000000000000, -0.000000000000000000, 1.000000000000000000 ) ) ;
#2835 = EDGE_CURVE ( 'NONE', #1107, #1522, #2148, .T. ) ;
#2836 = VECTOR ( 'NONE', #9432, 1000.000000000000114 ) ;
#2837 = ORIENTED_EDGE ( 'NONE', *, *, #5393, .T. ) ;
#2838 = FACE_OUTER_BOUND ( 'NONE', #2908, .T. ) ;
#2839 = ORIENTED_EDGE ( 'NONE', *, *, #6360, .F. ) ;
#2840 = CARTESIAN_POINT ( 'NONE',  ( -3.499999999999717559, 40.62942283616644090, -2.500000000000000444 ) ) ;
#2841 = EDGE_CURVE ( 'NONE', #4597, #6802, #6705, .T. ) ;
#2842 = LINE ( 'NONE', #5865, #4587 ) ;
#2843 = VERTEX_POINT ( 'NONE', #2253 ) ;
#2844 = CARTESIAN_POINT ( 'NONE',  ( -25.50000000000000355, -35.00000000000000000, -2.500000000000000444 ) ) ;
#2845 = LINE ( 'NONE', #8097, #5334 ) ;
#2846 = VECTOR ( 'NONE', #2985, 1000.000000000000000 ) ;
#2847 = CARTESIAN_POINT ( 'NONE',  ( -8.157176732979374734, -8.221964726476787888, 2.500000000000000444 ) ) ;
#2848 = DIRECTION ( 'NONE',  ( 1.000000000000000000, 0.000000000000000000, 0.000000000000000000 ) ) ;
#2849 = VECTOR ( 'NONE', #2725, 1000.000000000000000 ) ;
#2850 = ORIENTED_EDGE ( 'NONE', *, *, #6225, .T. ) ;
#2851 = PLANE ( 'NONE',  #3419 ) ;
#2852 = VERTEX_POINT ( 'NONE', #5279 ) ;
#2853 = VECTOR ( 'NONE', #3432, 1000.000000000000000 ) ;
#2854 = EDGE_CURVE ( 'NONE', #1177, #2705, #8288, .T. ) ;
#2855 = DIRECTION ( 'NONE',  ( 0.2725361962097284096, 0.9621455304451257406, 0.000000000000000000 ) ) ;
#2856 = EDGE_CURVE ( 'NONE', #5263, #2385, #3787, .T. ) ;
#2857 = LINE ( 'NONE', #5883, #130 ) ;
#2858 = AXIS2_PLACEMENT_3D ( 'NONE', #5238, #9778, #8249 ) ;
#2859 = ORIENTED_EDGE ( 'NONE', *, *, #8345, .F. ) ;
#2860 = DIRECTION ( 'NONE',  ( 0.9621455304451257406, 0.2725361962097285762, 0.000000000000000000 ) ) ;
#2861 = CIRCLE ( 'NONE', #8074, 1.000000000000004441 ) ;
#2862 = EDGE_LOOP ( 'NONE', ( #4742, #3145, #2410, #7017, #9650 ) ) ;
#2863 = DIRECTION ( 'NONE',  ( -1.000000000000000000, 1.071191746415678223E-14, 0.000000000000000000 ) ) ;
#2864 = AXIS2_PLACEMENT_3D ( 'NONE', #5767, #6407, #9421 ) ;
#2865 = VERTEX_POINT ( 'NONE', #6801 ) ;
#2866 = VECTOR ( 'NONE', #5300, 1000.000000000000114 ) ;
#2867 = DIRECTION ( 'NONE',  ( 0.2549963129926494654, 0.9669420253356220130, 0.000000000000000000 ) ) ;
#2868 = LINE ( 'NONE', #9688, #1091 ) ;
#2869 = DIRECTION ( 'NONE',  ( -0.2549963129926494654, -0.9669420253356221240, 0.000000000000000000 ) ) ;
#2870 = VECTOR ( 'NONE', #7779, 1000.000000000000000 ) ;
#2871 = CARTESIAN_POINT ( 'NONE',  ( -5.500000000000000000, 0.000000000000000000, 15.21808462927431549 ) ) ;
#2872 = CARTESIAN_POINT ( 'NONE',  ( 0.000000000000000000, 2.140000000000000124, 18.29999999999999716 ) ) ;
#2873 = ORIENTED_EDGE ( 'NONE', *, *, #5421, .F. ) ;
#2874 = DIRECTION ( 'NONE',  ( 1.000000000000000000, 0.000000000000000000, 0.000000000000000000 ) ) ;
#2875 = ORIENTED_EDGE ( 'NONE', *, *, #5799, .T. ) ;
#2876 = CARTESIAN_POINT ( 'NONE',  ( -3.469296921803748823, -12.94759237871368995, 3.353331896491123842 ) ) ;
#2877 = DIRECTION ( 'NONE',  ( -0.000000000000000000, -0.000000000000000000, 1.000000000000000000 ) ) ;
#2878 = VERTEX_POINT ( 'NONE', #23 ) ;
#2879 = PLANE ( 'NONE',  #426 ) ;
#2880 = DIRECTION ( 'NONE',  ( 0.4999999999999950595, -0.8660254037844414832, 0.000000000000000000 ) ) ;
#2881 = DIRECTION ( 'NONE',  ( -0.000000000000000000, 0.000000000000000000, 1.000000000000000000 ) ) ;
#2882 = EDGE_CURVE ( 'NONE', #7887, #8250, #3042, .T. ) ;
#2883 = VERTEX_POINT ( 'NONE', #4677 ) ;
#2884 = CARTESIAN_POINT ( 'NONE',  ( -26.30116095055120340, -34.01836169854746572, 2.500000000000000444 ) ) ;
#2885 = EDGE_LOOP ( 'NONE', ( #7732, #2308, #9014, #5867, #2348, #8357 ) ) ;
#2886 = CARTESIAN_POINT ( 'NONE',  ( 15.53163513676244989, 12.96271092476121467, -2.500000000000000444 ) ) ;
#2887 = EDGE_CURVE ( 'NONE', #3483, #5790, #319, .T. ) ;
#2888 = LINE ( 'NONE', #1304, #5693 ) ;
#2889 = CIRCLE ( 'NONE', #2576, 2.000000000000001776 ) ;
#2890 = ORIENTED_EDGE ( 'NONE', *, *, #3343, .F. ) ;
#2891 = LINE ( 'NONE', #6744, #8198 ) ;
#2892 = CARTESIAN_POINT ( 'NONE',  ( -25.07785113889766038, -32.43611231721967414, 2.500000000000000444 ) ) ;
#2893 = CARTESIAN_POINT ( 'NONE',  ( -15.55157169726883737, -37.93611231721969546, 2.500000000000000444 ) ) ;
#2894 = LINE ( 'NONE', #8239, #738 ) ;
#2895 = EDGE_CURVE ( 'NONE', #2462, #8489, #1986, .T. ) ;
#2896 = EDGE_CURVE ( 'NONE', #5179, #8178, #1008, .T. ) ;
#2897 = CIRCLE ( 'NONE', #4328, 0.5999999999999998668 ) ;
#2898 = VERTEX_POINT ( 'NONE', #7796 ) ;
#2899 = FACE_OUTER_BOUND ( 'NONE', #1549, .T. ) ;
#2900 = ORIENTED_EDGE ( 'NONE', *, *, #5135, .T. ) ;
#2901 = CARTESIAN_POINT ( 'NONE',  ( 2.387816587501787158, -8.429805248399395268, -2.500000000000000444 ) ) ;
#2902 = LINE ( 'NONE', #4539, #7256 ) ;
#2903 = ORIENTED_EDGE ( 'NONE', *, *, #626, .T. ) ;
#2904 = VECTOR ( 'NONE', #5325, 1000.000000000000114 ) ;
#2905 = DIRECTION ( 'NONE',  ( -0.000000000000000000, -0.000000000000000000, 1.000000000000000000 ) ) ;
#2906 = EDGE_CURVE ( 'NONE', #4483, #7248, #3348, .T. ) ;
#2907 = EDGE_CURVE ( 'NONE', #2587, #5107, #9378, .T. ) ;
#2908 = EDGE_LOOP ( 'NONE', ( #1584, #9652, #6859, #3653 ) ) ;
#2909 = ORIENTED_EDGE ( 'NONE', *, *, #2380, .F. ) ;
#2910 = DIRECTION ( 'NONE',  ( -0.7098982014311010502, 0.7043042975908125891, 0.000000000000000000 ) ) ;
#2911 = ORIENTED_EDGE ( 'NONE', *, *, #4043, .T. ) ;
#2912 = DIRECTION ( 'NONE',  ( -0.000000000000000000, -0.000000000000000000, 1.000000000000000000 ) ) ;
#2913 = CARTESIAN_POINT ( 'NONE',  ( 0.000000000000000000, 0.000000000000000000, 12.50000000000000000 ) ) ;
#2914 = CARTESIAN_POINT ( 'NONE',  ( -11.19901868863826166, -2.953339910681126668, 2.500000000000000444 ) ) ;
#2915 = DIRECTION ( 'NONE',  ( 0.9648945144237497384, -0.2626377277448086467, 0.000000000000000000 ) ) ;
#2916 = DIRECTION ( 'NONE',  ( 1.000000000000000000, 0.000000000000000000, 0.000000000000000000 ) ) ;
#2917 = ORIENTED_EDGE ( 'NONE', *, *, #2099, .T. ) ;
#2918 = ORIENTED_EDGE ( 'NONE', *, *, #4696, .F. ) ;
#2919 = DIRECTION ( 'NONE',  ( -0.000000000000000000, -0.000000000000000000, 1.000000000000000000 ) ) ;
#2920 = VERTEX_POINT ( 'NONE', #8533 ) ;
#2921 = DIRECTION ( 'NONE',  ( -0.2549963129926494654, -0.9669420253356221240, 0.000000000000000000 ) ) ;
#2922 = DIRECTION ( 'NONE',  ( -0.2626377277448091463, 0.9648945144237496274, 0.000000000000000000 ) ) ;
#2923 = ORIENTED_EDGE ( 'NONE', *, *, #638, .T. ) ;
#2924 = CARTESIAN_POINT ( 'NONE',  ( -35.00000000000009237, -25.49999999999987921, -2.500000000000000444 ) ) ;
#2925 = EDGE_CURVE ( 'NONE', #5884, #4483, #6264, .T. ) ;
#2926 = DIRECTION ( 'NONE',  ( 0.7170960345909682676, -0.6969743733982683986, 0.000000000000000000 ) ) ;
#2927 = LINE ( 'NONE', #6641, #5477 ) ;
#2928 = ORIENTED_EDGE ( 'NONE', *, *, #3082, .F. ) ;
#2929 = DIRECTION ( 'NONE',  ( -0.2626377277448090908, 0.9648945144237496274, 0.000000000000000000 ) ) ;
#2930 = ORIENTED_EDGE ( 'NONE', *, *, #2854, .F. ) ;
#2931 = CARTESIAN_POINT ( 'NONE',  ( 1.865363904535187745, 1.433069336041512543, 18.79032751857695871 ) ) ;
#2932 = CARTESIAN_POINT ( 'NONE',  ( -2.003759263987844985, 0.8459159617848817092, 18.12383148941469102 ) ) ;
#2933 = EDGE_CURVE ( 'NONE', #7904, #2852, #7909, .T. ) ;
#2934 = PLANE ( 'NONE',  #6156 ) ;
#2935 = VERTEX_POINT ( 'NONE', #4732 ) ;
#2936 = CARTESIAN_POINT ( 'NONE',  ( 5.297684973240404993, -13.44526717744742683, 2.689257726104067991 ) ) ;
#2937 = CARTESIAN_POINT ( 'NONE',  ( 16.31018495079358743, -39.78665438147453415, -2.500000000000000444 ) ) ;
#2938 = DIRECTION ( 'NONE',  ( -0.2549963129926494099, -0.9669420253356220130, 0.000000000000000000 ) ) ;
#2939 = CARTESIAN_POINT ( 'NONE',  ( 0.000000000000000000, 0.000000000000000000, 2.500000000000000444 ) ) ;
#2940 = AXIS2_PLACEMENT_3D ( 'NONE', #7745, #6997, #905 ) ;
#2941 = EDGE_LOOP ( 'NONE', ( #6814, #5723, #613, #1461, #6546 ) ) ;
#2942 = CARTESIAN_POINT ( 'NONE',  ( -14.58700537629971627, 2.437417908701812408, 2.564006035009270601 ) ) ;
#2943 = AXIS2_PLACEMENT_3D ( 'NONE', #7487, #3679, #9011 ) ;
#2944 = ORIENTED_EDGE ( 'NONE', *, *, #7617, .T. ) ;
#2945 = CARTESIAN_POINT ( 'NONE',  ( 5.182636859575085353, -13.85142617536654086, 2.564006035009278595 ) ) ;
#2946 = AXIS2_PLACEMENT_3D ( 'NONE', #6644, #8131, #5954 ) ;
#2947 = ADVANCED_FACE ( 'NONE', ( #3994 ), #1749, .T. ) ;
#2948 = AXIS2_PLACEMENT_3D ( 'NONE', #9009, #5160, #2832 ) ;
#2949 = CARTESIAN_POINT ( 'NONE',  ( -6.969435128366574972, 18.99185453113851096, 2.500000000000000444 ) ) ;
#2950 = VERTEX_POINT ( 'NONE', #269 ) ;
#2951 = DIRECTION ( 'NONE',  ( -1.000000000000000000, -6.938893903907222067E-15, 0.000000000000000000 ) ) ;
#2952 = CIRCLE ( 'NONE', #2806, 43.00000000000000711 ) ;
#2953 = EDGE_CURVE ( 'NONE', #6846, #5233, #8630, .T. ) ;
#2954 = CIRCLE ( 'NONE', #9745, 15.50000000000000000 ) ;
#2955 = ORIENTED_EDGE ( 'NONE', *, *, #3009, .F. ) ;
#2956 = CARTESIAN_POINT ( 'NONE',  ( 8.157176732979465328, -8.221964726476871377, 2.500000000000000444 ) ) ;
#2957 = VECTOR ( 'NONE', #9223, 1000.000000000000000 ) ;
#2958 = ORIENTED_EDGE ( 'NONE', *, *, #4355, .T. ) ;
#2959 = EDGE_CURVE ( 'NONE', #2353, #2843, #85, .T. ) ;
#2960 = DIRECTION ( 'NONE',  ( -0.000000000000000000, -0.000000000000000000, 1.000000000000000000 ) ) ;
#2961 = EDGE_CURVE ( 'NONE', #6133, #3660, #4092, .T. ) ;
#2962 = DIRECTION ( 'NONE',  ( -0.000000000000000000, -0.000000000000000000, 1.000000000000000000 ) ) ;
#2963 = DIRECTION ( 'NONE',  ( -0.7071067811865474617, 8.659560562354932858E-17, 0.7071067811865474617 ) ) ;
#2964 = ORIENTED_EDGE ( 'NONE', *, *, #5860, .T. ) ;
#2965 = DIRECTION ( 'NONE',  ( -1.000000000000000000, 0.000000000000000000, 0.000000000000000000 ) ) ;
#2967 = AXIS2_PLACEMENT_3D ( 'NONE', #6503, #4883, #5669 ) ;
#2966 = CARTESIAN_POINT ( 'NONE',  ( 8.157176732979465328, -8.221964726476871377, -2.500000000000000444 ) ) ;
#2968 = ORIENTED_EDGE ( 'NONE', *, *, #5188, .F. ) ;
#2969 = VECTOR ( 'NONE', #298, 1000.000000000000000 ) ;
#2970 = ORIENTED_EDGE ( 'NONE', *, *, #7503, .T. ) ;
#2971 = CARTESIAN_POINT ( 'NONE',  ( 16.52039759876006286, 4.426627195228872935, -2.500000000000000444 ) ) ;
#2972 = ORIENTED_EDGE ( 'NONE', *, *, #8799, .F. ) ;
#2973 = CYLINDRICAL_SURFACE ( 'NONE', #5423, 2.174999999999999822 ) ;
#2974 = LINE ( 'NONE', #3718, #2866 ) ;
#2975 = ORIENTED_EDGE ( 'NONE', *, *, #7360, .T. ) ;
#2976 = DIRECTION ( 'NONE',  ( -0.000000000000000000, -0.000000000000000000, 1.000000000000000000 ) ) ;
#2977 = DIRECTION ( 'NONE',  ( 1.000000000000000000, 0.000000000000000000, 0.000000000000000000 ) ) ;
#2978 = DIRECTION ( 'NONE',  ( 0.9648945144237497384, 0.2626377277448087577, 0.000000000000000000 ) ) ;
#2979 = ORIENTED_EDGE ( 'NONE', *, *, #8930, .T. ) ;
#2980 = DIRECTION ( 'NONE',  ( -0.000000000000000000, -0.000000000000000000, 1.000000000000000000 ) ) ;
#2981 = ORIENTED_EDGE ( 'NONE', *, *, #9594, .T. ) ;
#2982 = AXIS2_PLACEMENT_3D ( 'NONE', #6070, #3651, #4442 ) ;
#2983 = CARTESIAN_POINT ( 'NONE',  ( -45.00000000000001421, 0.000000000000000000, 9.671572875253794166 ) ) ;
#2984 = DIRECTION ( 'NONE',  ( 0.7043042975908135883, -0.7098982014311000510, 0.000000000000000000 ) ) ;
#2985 = DIRECTION ( 'NONE',  ( -0.000000000000000000, -0.000000000000000000, 1.000000000000000000 ) ) ;
#2986 = VERTEX_POINT ( 'NONE', #1849 ) ;
#2987 = CARTESIAN_POINT ( 'NONE',  ( -6.036633602138968158, -22.52902330986004387, -2.500000000000000444 ) ) ;
#2988 = CARTESIAN_POINT ( 'NONE',  ( 37.93611231721953914, -15.55157169726922994, -2.500000000000000444 ) ) ;
#2989 = CARTESIAN_POINT ( 'NONE',  ( 0.000000000000000000, 0.000000000000000000, 2.500000000000000444 ) ) ;
#2990 = LINE ( 'NONE', #3783, #2661 ) ;
#2991 = EDGE_CURVE ( 'NONE', #488, #4625, #6880, .T. ) ;
#2992 = EDGE_CURVE ( 'NONE', #6886, #742, #4834, .T. ) ;
#2993 = ORIENTED_EDGE ( 'NONE', *, *, #5014, .F. ) ;
#2994 = CARTESIAN_POINT ( 'NONE',  ( -29.39008111416177726, 4.227275442616453383, -2.500000000000000444 ) ) ;
#2995 = ORIENTED_EDGE ( 'NONE', *, *, #7333, .F. ) ;
#2996 = DIRECTION ( 'NONE',  ( -0.000000000000000000, 0.000000000000000000, 1.000000000000000000 ) ) ;
#2997 = DIRECTION ( 'NONE',  ( -0.6969743733982690648, 0.7170960345909676015, 0.000000000000000000 ) ) ;
#2998 = ORIENTED_EDGE ( 'NONE', *, *, #7533, .F. ) ;
#2999 = DIRECTION ( 'NONE',  ( 0.000000000000000000, -0.000000000000000000, -1.000000000000000000 ) ) ;
#3000 = CIRCLE ( 'NONE', #3329, 2.000000000000001776 ) ;
#3001 = EDGE_CURVE ( 'NONE', #1400, #6319, #2213, .T. ) ;
#3002 = VECTOR ( 'NONE', #7190, 999.9999999999998863 ) ;
#3003 = VERTEX_POINT ( 'NONE', #7846 ) ;
#3004 = PLANE ( 'NONE',  #3808 ) ;
#3005 = VERTEX_POINT ( 'NONE', #1057 ) ;
#3006 = AXIS2_PLACEMENT_3D ( 'NONE', #3795, #6667, #6710 ) ;
#3007 = CYLINDRICAL_SURFACE ( 'NONE', #9381, 2.000000000000000000 ) ;
#3008 = DIRECTION ( 'NONE',  ( -0.000000000000000000, -0.000000000000000000, 1.000000000000000000 ) ) ;
#3009 = EDGE_CURVE ( 'NONE', #4895, #5117, #7098, .T. ) ;
#3010 = VECTOR ( 'NONE', #6205, 1000.000000000000000 ) ;
#3011 = LINE ( 'NONE', #724, #9486 ) ;
#3012 = EDGE_LOOP ( 'NONE', ( #922, #5410, #5308, #6704, #5461 ) ) ;
#3013 = CARTESIAN_POINT ( 'NONE',  ( -6.106517200318418048, 6.282812448554152773, -2.500000000000000444 ) ) ;
#3014 = CARTESIAN_POINT ( 'NONE',  ( 16.31018495079442943, 39.78665438147420730, 2.500000000000000444 ) ) ;
#3015 = EDGE_CURVE ( 'NONE', #5400, #3003, #3888, .T. ) ;
#3016 = ORIENTED_EDGE ( 'NONE', *, *, #6047, .T. ) ;
#3017 = EDGE_CURVE ( 'NONE', #7264, #9093, #5951, .T. ) ;
#3018 = AXIS2_PLACEMENT_3D ( 'NONE', #8565, #7723, #6247 ) ;
#3019 = ORIENTED_EDGE ( 'NONE', *, *, #1183, .F. ) ;
#3020 = VERTEX_POINT ( 'NONE', #2651 ) ;
#3021 = DIRECTION ( 'NONE',  ( 1.000000000000000000, 0.000000000000000000, 0.000000000000000000 ) ) ;
#3022 = CARTESIAN_POINT ( 'NONE',  ( 6.106517200318350547, -6.282812448554086160, -2.500000000000000444 ) ) ;
#3023 = VECTOR ( 'NONE', #1655, 1000.000000000000000 ) ;
#3024 = CARTESIAN_POINT ( 'NONE',  ( -2.146992799845271360, -8.494333787820140813, -2.500000000000000444 ) ) ;
#3025 = CIRCLE ( 'NONE', #7773, 22.00000000000003197 ) ;
#3026 = CARTESIAN_POINT ( 'NONE',  ( -14.24130627983777408, -8.222222014276102442, 2.500000000000000444 ) ) ;
#3027 = LINE ( 'NONE', #3723, #8473 ) ;
#3028 = EDGE_CURVE ( 'NONE', #6290, #7546, #4467, .T. ) ;
#3029 = ADVANCED_FACE ( 'NONE', ( #4238 ), #2796, .F. ) ;
#3030 = VERTEX_POINT ( 'NONE', #5672 ) ;
#3031 = CARTESIAN_POINT ( 'NONE',  ( 0.000000000000000000, 0.000000000000000000, 22.50000000000000000 ) ) ;
#3032 = VERTEX_POINT ( 'NONE', #4332 ) ;
#3033 = AXIS2_PLACEMENT_3D ( 'NONE', #3013, #7666, #135 ) ;
#3034 = FACE_OUTER_BOUND ( 'NONE', #3575, .T. ) ;
#3035 = CARTESIAN_POINT ( 'NONE',  ( -3.460219394375941615, 19.93214605312789445, -2.500000000000000444 ) ) ;
#3036 = ORIENTED_EDGE ( 'NONE', *, *, #7323, .F. ) ;
#3037 = CARTESIAN_POINT ( 'NONE',  ( 3.749171112454886323E-14, 3.500000000000011546, 2.500000000000000444 ) ) ;
#3038 = CARTESIAN_POINT ( 'NONE',  ( 0.000000000000000000, 0.000000000000000000, -2.500000000000000444 ) ) ;
#3039 = CARTESIAN_POINT ( 'NONE',  ( -40.62942283616643380, -5.499999999999858780, 2.500000000000000444 ) ) ;
#3040 = ORIENTED_EDGE ( 'NONE', *, *, #8332, .T. ) ;
#3041 = VERTEX_POINT ( 'NONE', #3491 ) ;
#3042 = LINE ( 'NONE', #6366, #5795 ) ;
#3043 = ORIENTED_EDGE ( 'NONE', *, *, #7447, .F. ) ;
#3044 = VECTOR ( 'NONE', #2376, 1000.000000000000000 ) ;
#3045 = DIRECTION ( 'NONE',  ( 1.000000000000000000, 0.000000000000000000, 0.000000000000000000 ) ) ;
#3046 = VERTEX_POINT ( 'NONE', #558 ) ;
#3047 = LINE ( 'NONE', #1361, #1709 ) ;
#3048 = VERTEX_POINT ( 'NONE', #1904 ) ;
#3049 = DIRECTION ( 'NONE',  ( -0.000000000000000000, -0.000000000000000000, 1.000000000000000000 ) ) ;
#3050 = AXIS2_PLACEMENT_3D ( 'NONE', #8497, #2511, #3207 ) ;
#3051 = ORIENTED_EDGE ( 'NONE', *, *, #7345, .F. ) ;
#3052 = CARTESIAN_POINT ( 'NONE',  ( 13.44526717744757782, 5.297684973240471606, 2.689257726104005375 ) ) ;
#3053 = ORIENTED_EDGE ( 'NONE', *, *, #7880, .T. ) ;
#3054 = AXIS2_PLACEMENT_3D ( 'NONE', #469, #8736, #2756 ) ;
#3055 = CARTESIAN_POINT ( 'NONE',  ( -14.24130627983772612, 8.222222014276400870, -2.500000000000000444 ) ) ;
#3056 = LINE ( 'NONE', #723, #3469 ) ;
#3057 = EDGE_CURVE ( 'NONE', #7653, #114, #6733, .T. ) ;
#3058 = CARTESIAN_POINT ( 'NONE',  ( 32.43611231721941124, -25.07785113889799078, 2.500000000000000444 ) ) ;
#3059 = EDGE_LOOP ( 'NONE', ( #3897, #3933, #9121, #4039, #2373, #6201, #6135, #3773, #6222, #4641, #159, #5727, #8434, #4502, #1705, #1682, #856, #9243, #3834, #3303, #1551, #5738, #1665, #3942, #8597, #116, #9330, #3092, #9076, #2572, #8306, #7530, #242, #8406, #8539, #1098, #3199, #5312 ) ) ;
#3060 = UNCERTAINTY_MEASURE_WITH_UNIT (LENGTH_MEASURE( 1.000000000000000082E-05 ), #129, 'distance_accuracy_value', 'NONE');
#3061 = DIRECTION ( 'NONE',  ( 0.000000000000000000, -0.000000000000000000, -1.000000000000000000 ) ) ;
#3062 = AXIS2_PLACEMENT_3D ( 'NONE', #9279, #2403, #3195 ) ;
#3063 = ORIENTED_EDGE ( 'NONE', *, *, #5058, .T. ) ;
#3064 = ORIENTED_EDGE ( 'NONE', *, *, #6289, .T. ) ;
#3065 = ORIENTED_EDGE ( 'NONE', *, *, #5991, .T. ) ;
#3066 = DIRECTION ( 'NONE',  ( 0.2450494958541580837, -0.9695105696079969748, 0.000000000000000000 ) ) ;
#3067 = PLANE ( 'NONE',  #7765 ) ;
#3068 = EDGE_CURVE ( 'NONE', #3876, #1712, #4193, .T. ) ;
#3069 = ADVANCED_FACE ( 'NONE', ( #2838 ), #5773, .F. ) ;
#3070 = DIRECTION ( 'NONE',  ( 0.9648945144237497384, -0.2626377277448084802, 0.000000000000000000 ) ) ;
#3071 = CARTESIAN_POINT ( 'NONE',  ( 16.49238970772119828, -16.49238970772109170, -2.500000000000000444 ) ) ;
#3072 = DIRECTION ( 'NONE',  ( -0.000000000000000000, 0.000000000000000000, 1.000000000000000000 ) ) ;
#3073 = ORIENTED_EDGE ( 'NONE', *, *, #1809, .T. ) ;
#3074 = LINE ( 'NONE', #3774, #9433 ) ;
#3075 = VERTEX_POINT ( 'NONE', #7956 ) ;
#3076 = LINE ( 'NONE', #4478, #6832 ) ;
#3077 = CARTESIAN_POINT ( 'NONE',  ( 40.62942283616635564, -5.500000000000427214, -2.500000000000000444 ) ) ;
#3078 = LINE ( 'NONE', #7445, #3322 ) ;
#3079 = EDGE_CURVE ( 'NONE', #5032, #3227, #8778, .T. ) ;
#3080 = ADVANCED_FACE ( 'NONE', ( #5817 ), #5726, .F. ) ;
#3081 = ORIENTED_EDGE ( 'NONE', *, *, #8799, .T. ) ;
#3082 = EDGE_CURVE ( 'NONE', #5579, #3392, #1996, .T. ) ;
#3083 = DIRECTION ( 'NONE',  ( 1.000000000000000000, 0.000000000000000000, 0.000000000000000000 ) ) ;
#3084 = CARTESIAN_POINT ( 'NONE',  ( -1.989993984657751458, 0.8796239015487142821, 17.91246625164784589 ) ) ;
#3085 = CARTESIAN_POINT ( 'NONE',  ( 12.94759237871383561, -3.469296921803686207, -2.500000000000000444 ) ) ;
#3086 = ORIENTED_EDGE ( 'NONE', *, *, #3580, .F. ) ;
#3087 = EDGE_LOOP ( 'NONE', ( #5470, #2233, #2288, #906 ) ) ;
#3088 = CARTESIAN_POINT ( 'NONE',  ( -8.221964726476832297, -8.157176732979426248, -2.500000000000000444 ) ) ;
#3089 = VERTEX_POINT ( 'NONE', #9427 ) ;
#3090 = CARTESIAN_POINT ( 'NONE',  ( -8.221964726476890917, 8.157176732979472433, -2.500000000000000444 ) ) ;
#3091 = EDGE_CURVE ( 'NONE', #3876, #6303, #3540, .T. ) ;
#3092 = ORIENTED_EDGE ( 'NONE', *, *, #292, .T. ) ;
#3093 = LINE ( 'NONE', #8341, #4738 ) ;
#3094 = VECTOR ( 'NONE', #7706, 1000.000000000000000 ) ;
#3095 = ORIENTED_EDGE ( 'NONE', *, *, #4685, .T. ) ;
#3096 = CARTESIAN_POINT ( 'NONE',  ( 6.282812448554147444, -6.106517200318401173, -2.500000000000000444 ) ) ;
#3097 = ORIENTED_EDGE ( 'NONE', *, *, #6047, .F. ) ;
#3098 = DIRECTION ( 'NONE',  ( -0.7098982014311006061, 0.7043042975908131442, 0.000000000000000000 ) ) ;
#3099 = VECTOR ( 'NONE', #9157, 1000.000000000000000 ) ;
#3100 = ORIENTED_EDGE ( 'NONE', *, *, #1530, .F. ) ;
#3101 = LINE ( 'NONE', #4693, #3182 ) ;
#3102 = EDGE_CURVE ( 'NONE', #9263, #3951, #6276, .T. ) ;
#3103 = CYLINDRICAL_SURFACE ( 'NONE', #3050, 2.000000000000000000 ) ;
#3104 = AXIS2_PLACEMENT_3D ( 'NONE', #315, #9375, #4982 ) ;
#3105 = DIRECTION ( 'NONE',  ( 1.000000000000000000, 0.000000000000000000, 0.000000000000000000 ) ) ;
#3106 = LINE ( 'NONE', #7519, #1572 ) ;
#3107 = VECTOR ( 'NONE', #9651, 1000.000000000000000 ) ;
#3108 = PLANE ( 'NONE',  #5707 ) ;
#3109 = VECTOR ( 'NONE', #5211, 1000.000000000000000 ) ;
#3110 = DIRECTION ( 'NONE',  ( 1.000000000000000000, 0.000000000000000000, 0.000000000000000000 ) ) ;
#3111 = VERTEX_POINT ( 'NONE', #8685 ) ;
#3112 = CIRCLE ( 'NONE', #7529, 1.000000000000004441 ) ;
#3113 = ADVANCED_FACE ( 'NONE', ( #9569 ), #4985, .F. ) ;
#3114 = ORIENTED_EDGE ( 'NONE', *, *, #7390, .T. ) ;
#3115 = VECTOR ( 'NONE', #5043, 1000.000000000000000 ) ;
#3116 = ORIENTED_EDGE ( 'NONE', *, *, #5785, .T. ) ;
#3117 = CARTESIAN_POINT ( 'NONE',  ( -10.06330423973751920, 9.324020351701577169, 3.055993497343779008 ) ) ;
#3118 = CARTESIAN_POINT ( 'NONE',  ( -11.17530463715791811, -3.041841955658796337, -2.500000000000000444 ) ) ;
#3119 = VECTOR ( 'NONE', #4037, 1000.000000000000000 ) ;
#3120 = CARTESIAN_POINT ( 'NONE',  ( -15.53163513676232554, 12.96271092476126263, 2.500000000000000444 ) ) ;
#3121 = CARTESIAN_POINT ( 'NONE',  ( -2.146992799845313105, 8.494333787820263382, 2.500000000000000444 ) ) ;
#3122 = CARTESIAN_POINT ( 'NONE',  ( 11.17530463715806377, -3.041841955658827867, 2.500000000000000444 ) ) ;
#3123 = EDGE_CURVE ( 'NONE', #107, #6995, #5802, .T. ) ;
#3124 = VERTEX_POINT ( 'NONE', #6786 ) ;
#3125 = DIRECTION ( 'NONE',  ( -0.000000000000000000, 0.000000000000000000, 1.000000000000000000 ) ) ;
#3126 = ORIENTED_EDGE ( 'NONE', *, *, #9107, .T. ) ;
#3127 = DIRECTION ( 'NONE',  ( 0.000000000000000000, 0.000000000000000000, -1.000000000000000000 ) ) ;
#3128 = CARTESIAN_POINT ( 'NONE',  ( 40.62942283616646932, 5.499999999999576339, -2.500000000000000444 ) ) ;
#3129 = DIRECTION ( 'NONE',  ( -0.9695105696079969748, -0.2450494958541582502, 0.000000000000000000 ) ) ;
#3130 = VECTOR ( 'NONE', #4074, 1000.000000000000000 ) ;
#3131 = ORIENTED_EDGE ( 'NONE', *, *, #9540, .T. ) ;
#3132 = EDGE_CURVE ( 'NONE', #5243, #3555, #2188, .T. ) ;
#3133 = CARTESIAN_POINT ( 'NONE',  ( 6.282812448554191853, 6.106517200318458904, -2.500000000000000444 ) ) ;
#3134 = DIRECTION ( 'NONE',  ( -1.000000000000000000, 0.000000000000000000, 0.000000000000000000 ) ) ;
#3135 = DIRECTION ( 'NONE',  ( -0.9695105696079971969, 0.2450494958541578061, 0.000000000000000000 ) ) ;
#3136 = ORIENTED_EDGE ( 'NONE', *, *, #7625, .F. ) ;
#3137 = EDGE_CURVE ( 'NONE', #5634, #6903, #9737, .T. ) ;
#3138 = ORIENTED_EDGE ( 'NONE', *, *, #5642, .T. ) ;
#3139 = CARTESIAN_POINT ( 'NONE',  ( -15.53163513676232554, 12.96271092476126263, -2.500000000000000444 ) ) ;
#3140 = EDGE_CURVE ( 'NONE', #5020, #6903, #5218, .T. ) ;
#3141 = ORIENTED_EDGE ( 'NONE', *, *, #5876, .F. ) ;
#3142 = CARTESIAN_POINT ( 'NONE',  ( 35.00000000000027001, 25.49999999999963407, 2.500000000000000444 ) ) ;
#3143 = ORIENTED_EDGE ( 'NONE', *, *, #7748, .F. ) ;
#3144 = CARTESIAN_POINT ( 'NONE',  ( 32.06088913245548611, 14.46891108675416504, 2.500000000000000444 ) ) ;
#3145 = ORIENTED_EDGE ( 'NONE', *, *, #4069, .T. ) ;
#3146 = B_SPLINE_CURVE_WITH_KNOTS ( 'NONE', 3,
 ( #3673, #8956, #5898, #6681 ),
 .UNSPECIFIED., .F., .F.,
 ( 4, 4 ),
 ( 0.000000000000000000, 0.001307469713021608458 ),
 .UNSPECIFIED. ) ;
#3147 = VECTOR ( 'NONE', #3400, 1000.000000000000000 ) ;
#3148 = FACE_BOUND ( 'NONE', #3938, .T. ) ;
#3149 = ADVANCED_FACE ( 'NONE', ( #8274 ), #2137, .F. ) ;
#3150 = VERTEX_POINT ( 'NONE', #1444 ) ;
#3151 = CARTESIAN_POINT ( 'NONE',  ( 0.000000000000000000, 0.000000000000000000, 14.43026367804443488 ) ) ;
#3152 = EDGE_CURVE ( 'NONE', #4898, #8321, #1535, .T. ) ;
#3153 = VECTOR ( 'NONE', #657, 1000.000000000000000 ) ;
#3154 = DIRECTION ( 'NONE',  ( -0.000000000000000000, -0.000000000000000000, 1.000000000000000000 ) ) ;
#3155 = ORIENTED_EDGE ( 'NONE', *, *, #3934, .F. ) ;
#3156 = CARTESIAN_POINT ( 'NONE',  ( 0.000000000000000000, 0.000000000000000000, 11.08578643762688642 ) ) ;
#3157 = DIRECTION ( 'NONE',  ( -1.000000000000000000, 1.071191746415678223E-14, 0.000000000000000000 ) ) ;
#3158 = CIRCLE ( 'NONE', #9792, 3.000000000000000000 ) ;
#3159 = ORIENTED_EDGE ( 'NONE', *, *, #6155, .F. ) ;
#3160 = DIRECTION ( 'NONE',  ( -0.000000000000000000, 0.000000000000000000, 1.000000000000000000 ) ) ;
#3161 = PLANE ( 'NONE',  #3805 ) ;
#3162 = CONICAL_SURFACE ( 'NONE', #782, 49.99999999999999289, 0.7853981633974510546 ) ;
#3163 = CARTESIAN_POINT ( 'NONE',  ( 0.000000000000000000, 0.000000000000000000, 2.500000000000000444 ) ) ;
#3164 = VERTEX_POINT ( 'NONE', #696 ) ;
#3165 = AXIS2_PLACEMENT_3D ( 'NONE', #1604, #277, #2561 ) ;
#3166 = ORIENTED_EDGE ( 'NONE', *, *, #5498, .F. ) ;
#3167 = ORIENTED_EDGE ( 'NONE', *, *, #7856, .F. ) ;
#3168 = AXIS2_PLACEMENT_3D ( 'NONE', #3184, #1687, #7736 ) ;
#3169 = CARTESIAN_POINT ( 'NONE',  ( -11.31056335679697966, 8.995100449718584912, 2.689257726104020030 ) ) ;
#3170 = CARTESIAN_POINT ( 'NONE',  ( 0.000000000000000000, 0.000000000000000000, 9.671572875253794166 ) ) ;
#3171 = CARTESIAN_POINT ( 'NONE',  ( 11.03411263498113648, 27.56619458545763734, 2.500000000000000444 ) ) ;
#3172 = CIRCLE ( 'NONE', #4443, 43.00000000000000711 ) ;
#3173 = CARTESIAN_POINT ( 'NONE',  ( -14.29278542295881316, -2.134703820650322825, 2.689257726104057333 ) ) ;
#3174 = DIRECTION ( 'NONE',  ( -0.2626377277448091463, 0.9648945144237496274, 0.000000000000000000 ) ) ;
#3175 = CIRCLE ( 'NONE', #5864, 2.524999999999999467 ) ;
#3176 = CARTESIAN_POINT ( 'NONE',  ( -9.478295456910105443, -9.478295456909927807, -2.500000000000000444 ) ) ;
#3177 = CIRCLE ( 'NONE', #1743, 43.00000000000000711 ) ;
#3178 = EDGE_CURVE ( 'NONE', #3684, #1793, #3899, .T. ) ;
#3179 = ORIENTED_EDGE ( 'NONE', *, *, #7731, .T. ) ;
#3180 = CYLINDRICAL_SURFACE ( 'NONE', #3427, 2.000000000000001776 ) ;
#3181 = EDGE_LOOP ( 'NONE', ( #7246, #7126, #9537, #6506 ) ) ;
#3182 = VECTOR ( 'NONE', #8397, 1000.000000000000000 ) ;
#3183 = CARTESIAN_POINT ( 'NONE',  ( 1.900611847072930738, 1.078674165456926959, 17.97860523028418456 ) ) ;
#3184 = CARTESIAN_POINT ( 'NONE',  ( -39.58364779650320742, -17.56088913245530847, 2.500000000000000444 ) ) ;
#3185 = DIRECTION ( 'NONE',  ( 1.000000000000000000, 0.000000000000000000, 0.000000000000000000 ) ) ;
#3186 = ORIENTED_EDGE ( 'NONE', *, *, #3017, .F. ) ;
#3187 = EDGE_CURVE ( 'NONE', #4607, #4378, #3074, .T. ) ;
#3188 = DIRECTION ( 'NONE',  ( 1.000000000000000000, 0.000000000000000000, 0.000000000000000000 ) ) ;
#3189 = DIRECTION ( 'NONE',  ( 0.6819983600624948128, 8.352071086742783463E-17, -0.7313537016191739015 ) ) ;
#3190 = DIRECTION ( 'NONE',  ( -0.2725361962097285762, 0.9621455304451257406, 0.000000000000000000 ) ) ;
#3191 = ORIENTED_EDGE ( 'NONE', *, *, #2073, .T. ) ;
#3192 = VERTEX_POINT ( 'NONE', #9706 ) ;
#3193 = DIRECTION ( 'NONE',  ( -0.000000000000000000, -0.000000000000000000, 1.000000000000000000 ) ) ;
#3194 = ORIENTED_EDGE ( 'NONE', *, *, #1193, .F. ) ;
#3195 = DIRECTION ( 'NONE',  ( 0.2450494958541575841, 0.9695105696079971969, 0.000000000000000000 ) ) ;
#3196 = ORIENTED_EDGE ( 'NONE', *, *, #587, .T. ) ;
#3197 = CARTESIAN_POINT ( 'NONE',  ( -12.96271092476112052, -15.53163513676224916, -2.500000000000000444 ) ) ;
#3198 = EDGE_CURVE ( 'NONE', #3830, #3794, #9544, .T. ) ;
#3199 = ORIENTED_EDGE ( 'NONE', *, *, #1316, .T. ) ;
#3200 = FACE_BOUND ( 'NONE', #3059, .T. ) ;
#3201 = ADVANCED_FACE ( 'NONE', ( #4521 ), #5165, .F. ) ;
#3202 = EDGE_LOOP ( 'NONE', ( #4926, #3569, #2649, #5838 ) ) ;
#3203 = PLANE ( 'NONE',  #4051 ) ;
#3204 = CARTESIAN_POINT ( 'NONE',  ( -3.031088913245529426, 1.750000000000030198, 2.500000000000000444 ) ) ;
#3205 = ORIENTED_EDGE ( 'NONE', *, *, #4184, .T. ) ;
#3206 = CARTESIAN_POINT ( 'NONE',  ( 0.000000000000000000, 0.000000000000000000, -2.500000000000000444 ) ) ;
#3207 = DIRECTION ( 'NONE',  ( 1.000000000000000000, 0.000000000000000000, 0.000000000000000000 ) ) ;
#3208 = CARTESIAN_POINT ( 'NONE',  ( -39.78665438147424993, 16.31018495079428021, 2.500000000000000444 ) ) ;
#3209 = ORIENTED_EDGE ( 'NONE', *, *, #8686, .F. ) ;
#3210 = AXIS2_PLACEMENT_3D ( 'NONE', #4323, #7334, #2828 ) ;
#3211 = EDGE_CURVE ( 'NONE', #1512, #6029, #4569, .T. ) ;
#3212 = CARTESIAN_POINT ( 'NONE',  ( 8.157176732979506184, 8.221964726476935326, -2.500000000000000444 ) ) ;
#3213 = ADVANCED_FACE ( 'NONE', ( #2240 ), #4425, .T. ) ;
#3214 = DIRECTION ( 'NONE',  ( 0.000000000000000000, -0.000000000000000000, -1.000000000000000000 ) ) ;
#3215 = LINE ( 'NONE', #9790, #3434 ) ;
#3216 = VERTEX_POINT ( 'NONE', #55 ) ;
#3217 = CARTESIAN_POINT ( 'NONE',  ( -12.94759237871376278, 3.469296921803900702, -2.500000000000000444 ) ) ;
#3218 = VERTEX_POINT ( 'NONE', #7 ) ;
#3219 = VERTEX_POINT ( 'NONE', #7490 ) ;
#3220 = DIRECTION ( 'NONE',  ( 0.7170960345909678235, 0.6969743733982689537, 0.000000000000000000 ) ) ;
#3221 = CARTESIAN_POINT ( 'NONE',  ( -24.41819423762661856, -15.20884097822235503, 2.500000000000000444 ) ) ;
#3222 = DIRECTION ( 'NONE',  ( 0.2450494958541575841, 0.9695105696079971969, 0.000000000000000000 ) ) ;
#3223 = LINE ( 'NONE', #3024, #8037 ) ;
#3224 = AXIS2_PLACEMENT_3D ( 'NONE', #1956, #7201, #5077 ) ;
#3225 = CARTESIAN_POINT ( 'NONE',  ( 3.041841955658855401, 11.17530463715815969, -2.500000000000000444 ) ) ;
#3226 = CARTESIAN_POINT ( 'NONE',  ( -25.49999999999975842, 35.00000000000018474, -2.500000000000000444 ) ) ;
#3227 = VERTEX_POINT ( 'NONE', #1395 ) ;
#3228 = DIRECTION ( 'NONE',  ( 1.000000000000000000, 0.000000000000000000, 0.000000000000000000 ) ) ;
#3229 = EDGE_LOOP ( 'NONE', ( #2537, #2815, #6512, #9576 ) ) ;
#3230 = CARTESIAN_POINT ( 'NONE',  ( 1.925302438172457054, 1.031877756135361812, 18.45895981466883029 ) ) ;
#3231 = FACE_BOUND ( 'NONE', #1255, .T. ) ;
#3232 = DIRECTION ( 'NONE',  ( -0.5000000000000041078, -0.8660254037844363761, 0.000000000000000000 ) ) ;
#3233 = ADVANCED_FACE ( 'NONE', ( #5118 ), #5264, .T. ) ;
#3234 = ORIENTED_EDGE ( 'NONE', *, *, #3827, .T. ) ;
#3235 = CARTESIAN_POINT ( 'NONE',  ( -8.494333787820115944, -2.146992799845274469, -2.500000000000000444 ) ) ;
#3236 = CARTESIAN_POINT ( 'NONE',  ( -1.908710476060668793, 1.292194337486900713, 18.55761496209105132 ) ) ;
#3237 = CARTESIAN_POINT ( 'NONE',  ( -2.387816587501835564, 8.429805248399567574, -2.500000000000000444 ) ) ;
#3238 = ORIENTED_EDGE ( 'NONE', *, *, #364, .T. ) ;
#3239 = ORIENTED_EDGE ( 'NONE', *, *, #3680, .T. ) ;
#3240 = DIRECTION ( 'NONE',  ( -0.000000000000000000, -0.000000000000000000, 1.000000000000000000 ) ) ;
#3241 = EDGE_CURVE ( 'NONE', #1161, #5782, #6736, .T. ) ;
#3242 = EDGE_LOOP ( 'NONE', ( #3338, #2771, #4940, #3789 ) ) ;
#3243 = CARTESIAN_POINT ( 'NONE',  ( -25.07785113889742235, 32.43611231721985888, -2.500000000000000444 ) ) ;
#3244 = EDGE_CURVE ( 'NONE', #7483, #2986, #3631, .T. ) ;
#3245 = VERTEX_POINT ( 'NONE', #651 ) ;
#3246 = CARTESIAN_POINT ( 'NONE',  ( -3.499999999999757971, 35.00000000000002132, -2.500000000000000444 ) ) ;
#3247 = ORIENTED_EDGE ( 'NONE', *, *, #1369, .T. ) ;
#3248 = DIRECTION ( 'NONE',  ( -0.2725361962097285207, 0.9621455304451257406, 0.000000000000000000 ) ) ;
#3249 = ORIENTED_EDGE ( 'NONE', *, *, #2357, .T. ) ;
#3250 = FACE_OUTER_BOUND ( 'NONE', #6921, .T. ) ;
#3251 = EDGE_CURVE ( 'NONE', #1582, #3802, #5480, .T. ) ;
#3252 = CARTESIAN_POINT ( 'NONE',  ( -11.31056335679702585, -8.995100449718286484, -2.500000000000000444 ) ) ;
#3253 = VERTEX_POINT ( 'NONE', #3980 ) ;
#3254 = LINE ( 'NONE', #6908, #3023 ) ;
#3255 = DIRECTION ( 'NONE',  ( 0.000000000000000000, 0.000000000000000000, 1.000000000000000000 ) ) ;
#3256 = FACE_BOUND ( 'NONE', #7342, .T. ) ;
#3257 = ORIENTED_EDGE ( 'NONE', *, *, #8823, .F. ) ;
#3258 = DIRECTION ( 'NONE',  ( -0.000000000000000000, -0.000000000000000000, 1.000000000000000000 ) ) ;
#3259 = DIRECTION ( 'NONE',  ( 1.000000000000000000, 0.000000000000000000, 0.000000000000000000 ) ) ;
#3260 = DIRECTION ( 'NONE',  ( -0.000000000000000000, 0.000000000000000000, 1.000000000000000000 ) ) ;
#3261 = VECTOR ( 'NONE', #757, 1000.000000000000000 ) ;
#3262 = ORIENTED_EDGE ( 'NONE', *, *, #9734, .F. ) ;
#3263 = DIRECTION ( 'NONE',  ( -0.000000000000000000, 0.000000000000000000, 1.000000000000000000 ) ) ;
#3264 = ADVANCED_FACE ( 'NONE', ( #3332 ), #3180, .F. ) ;
#3265 = EDGE_CURVE ( 'NONE', #5845, #7248, #1042, .T. ) ;
#3266 = VECTOR ( 'NONE', #8365, 1000.000000000000000 ) ;
#3267 = EDGE_LOOP ( 'NONE', ( #3630, #376, #5254, #9743 ) ) ;
#3268 = CARTESIAN_POINT ( 'NONE',  ( 22.52902330986020374, -6.036633602138895327, 2.500000000000000444 ) ) ;
#3269 = DIRECTION ( 'NONE',  ( -0.000000000000000000, -0.000000000000000000, 1.000000000000000000 ) ) ;
#3270 = AXIS2_PLACEMENT_3D ( 'NONE', #6316, #9329, #1801 ) ;
#3271 = AXIS2_PLACEMENT_3D ( 'NONE', #2289, #3935, #2340 ) ;
#3272 = CARTESIAN_POINT ( 'NONE',  ( 28.47866081722901654, 7.036472099430923777E-14, 2.500000000000000444 ) ) ;
#3273 = DIRECTION ( 'NONE',  ( -0.000000000000000000, 0.000000000000000000, 1.000000000000000000 ) ) ;
#3274 = LINE ( 'NONE', #6298, #6028 ) ;
#3276 = CARTESIAN_POINT ( 'NONE',  ( 1.675668198676233400, 1.389993531750785216, 16.68721106577415370 ) ) ;
#3275 = AXIS2_PLACEMENT_3D ( 'NONE', #8072, #588, #4410 ) ;
#3277 = VECTOR ( 'NONE', #3359, 1000.000000000000000 ) ;
#3278 = EDGE_CURVE ( 'NONE', #3227, #291, #6930, .T. ) ;
#3279 = ORIENTED_EDGE ( 'NONE', *, *, #5844, .T. ) ;
#3280 = VECTOR ( 'NONE', #6653, 1000.000000000000000 ) ;
#3281 = CARTESIAN_POINT ( 'NONE',  ( 11.19901868863838423, 2.953339910681159530, -2.500000000000000444 ) ) ;
#3282 = EDGE_CURVE ( 'NONE', #5634, #6083, #99, .T. ) ;
#3283 = VERTEX_POINT ( 'NONE', #8466 ) ;
#3284 = CARTESIAN_POINT ( 'NONE',  ( 1.591569487462478838, 2.061764514769665713, 17.21189062827862415 ) ) ;
#3285 = AXIS2_PLACEMENT_3D ( 'NONE', #4855, #8503, #3365 ) ;
#3286 = CARTESIAN_POINT ( 'NONE',  ( 0.000000000000000000, 0.000000000000000000, 9.671572875253794166 ) ) ;
#3287 = DIRECTION ( 'NONE',  ( 0.000000000000000000, 0.000000000000000000, 1.000000000000000000 ) ) ;
#3288 = ORIENTED_EDGE ( 'NONE', *, *, #3622, .T. ) ;
#3289 = CARTESIAN_POINT ( 'NONE',  ( 14.26620574846930545, -5.065146892057749817, 2.500000000000000444 ) ) ;
#3290 = CARTESIAN_POINT ( 'NONE',  ( -1.529665672761101103, 5.283502644652287472, 17.12469639075550987 ) ) ;
#3291 = CARTESIAN_POINT ( 'NONE',  ( 28.56088913245510952, -20.53108891324586693, -2.500000000000000444 ) ) ;
#3292 = ORIENTED_EDGE ( 'NONE', *, *, #5127, .F. ) ;
#3293 = VERTEX_POINT ( 'NONE', #4080 ) ;
#3294 = DIRECTION ( 'NONE',  ( 0.000000000000000000, -0.000000000000000000, -1.000000000000000000 ) ) ;
#3295 = ORIENTED_EDGE ( 'NONE', *, *, #2041, .T. ) ;
#3296 = AXIS2_PLACEMENT_3D ( 'NONE', #7229, #3473, #9510 ) ;
#3297 = DIRECTION ( 'NONE',  ( 0.2725361962097284096, -0.9621455304451257406, 0.000000000000000000 ) ) ;
#3298 = ORIENTED_EDGE ( 'NONE', *, *, #2533, .T. ) ;
#3299 = CARTESIAN_POINT ( 'NONE',  ( -5.500000000000001776, -40.62942283616641248, 2.500000000000000444 ) ) ;
#3300 = EDGE_LOOP ( 'NONE', ( #1102, #358, #9448, #504 ) ) ;
#3301 = CARTESIAN_POINT ( 'NONE',  ( -2.134703820650388106, 14.29278542295894994, 2.689257726104003599 ) ) ;
#3302 = EDGE_CURVE ( 'NONE', #5400, #4898, #1684, .T. ) ;
#3303 = ORIENTED_EDGE ( 'NONE', *, *, #8275, .F. ) ;
#3304 = CARTESIAN_POINT ( 'NONE',  ( 28.47866081722901654, 7.036472099430923777E-14, -2.500000000000000444 ) ) ;
#3305 = DIRECTION ( 'NONE',  ( 0.2626377277448087022, 0.9648945144237497384, 0.000000000000000000 ) ) ;
#3306 = ORIENTED_EDGE ( 'NONE', *, *, #838, .F. ) ;
#3307 = CIRCLE ( 'NONE', #8513, 43.00000000000000711 ) ;
#3308 = LINE ( 'NONE', #284, #1409 ) ;
#3309 = DIRECTION ( 'NONE',  ( -0.000000000000000000, -0.000000000000000000, 1.000000000000000000 ) ) ;
#3310 = ORIENTED_EDGE ( 'NONE', *, *, #1660, .T. ) ;
#3311 = CARTESIAN_POINT ( 'NONE',  ( 23.33891914284126656, -18.35596847918064967, -2.500000000000000444 ) ) ;
#3312 = ADVANCED_FACE ( 'NONE', ( #7085 ), #9314, .F. ) ;
#3313 = FACE_OUTER_BOUND ( 'NONE', #3891, .T. ) ;
#3314 = CYLINDRICAL_SURFACE ( 'NONE', #3594, 1.924999999999999600 ) ;
#3315 = VECTOR ( 'NONE', #7028, 1000.000000000000114 ) ;
#3316 = ORIENTED_EDGE ( 'NONE', *, *, #3381, .T. ) ;
#3317 = LINE ( 'NONE', #4811, #5546 ) ;
#3318 = EDGE_CURVE ( 'NONE', #5579, #4884, #7783, .T. ) ;
#3319 = ORIENTED_EDGE ( 'NONE', *, *, #1438, .F. ) ;
#3320 = CARTESIAN_POINT ( 'NONE',  ( 8.221964726476977958, 8.157176732979570133, -2.500000000000000444 ) ) ;
#3321 = DIRECTION ( 'NONE',  ( -0.000000000000000000, -0.000000000000000000, 1.000000000000000000 ) ) ;
#3322 = VECTOR ( 'NONE', #2338, 999.9999999999998863 ) ;
#3323 = DIRECTION ( 'NONE',  ( -0.7098982014311000510, -0.7043042975908135883, 0.000000000000000000 ) ) ;
#3324 = EDGE_CURVE ( 'NONE', #4719, #6563, #9097, .T. ) ;
#3325 = CARTESIAN_POINT ( 'NONE',  ( -1.535911781320788982, 1.540000000000000036, 5.499999999999998224 ) ) ;
#3326 = DIRECTION ( 'NONE',  ( 1.000000000000000000, 0.000000000000000000, 0.000000000000000000 ) ) ;
#3327 = ADVANCED_FACE ( 'NONE', ( #9260 ), #4857, .T. ) ;
#3328 = CARTESIAN_POINT ( 'NONE',  ( 3.062410648414113812, -15.19446086639732840, 2.500000000000000444 ) ) ;
#3329 = AXIS2_PLACEMENT_3D ( 'NONE', #3058, #37, #3809 ) ;
#3330 = AXIS2_PLACEMENT_3D ( 'NONE', #8471, #4033, #4722 ) ;
#3331 = EDGE_LOOP ( 'NONE', ( #454, #9274, #4851, #6367 ) ) ;
#3332 = FACE_OUTER_BOUND ( 'NONE', #5827, .T. ) ;
#3333 = ORIENTED_EDGE ( 'NONE', *, *, #8443, .F. ) ;
#3334 = FACE_OUTER_BOUND ( 'NONE', #320, .T. ) ;
#3335 = DIRECTION ( 'NONE',  ( -1.000000000000000000, 0.000000000000000000, 0.000000000000000000 ) ) ;
#3336 = CARTESIAN_POINT ( 'NONE',  ( 3.031088913245576499, 1.749999999999969580, 2.500000000000000444 ) ) ;
#3337 = VECTOR ( 'NONE', #8749, 1000.000000000000000 ) ;
#3338 = ORIENTED_EDGE ( 'NONE', *, *, #1366, .T. ) ;
#3339 = VECTOR ( 'NONE', #8354, 1000.000000000000000 ) ;
#3340 = AXIS2_PLACEMENT_3D ( 'NONE', #3128, #7495, #7641 ) ;
#3341 = EDGE_CURVE ( 'NONE', #7611, #3089, #6879, .T. ) ;
#3342 = DIRECTION ( 'NONE',  ( -1.000000000000000000, 0.000000000000000000, 0.000000000000000000 ) ) ;
#3343 = EDGE_CURVE ( 'NONE', #4168, #8554, #7033, .T. ) ;
#3344 = CYLINDRICAL_SURFACE ( 'NONE', #4860, 1.999999999999998224 ) ;
#3345 = ORIENTED_EDGE ( 'NONE', *, *, #7202, .T. ) ;
#3346 = AXIS2_PLACEMENT_3D ( 'NONE', #9563, #6640, #2977 ) ;
#3347 = VERTEX_POINT ( 'NONE', #2386 ) ;
#3348 = LINE ( 'NONE', #2401, #6568 ) ;
#3349 = ORIENTED_EDGE ( 'NONE', *, *, #1156, .T. ) ;
#3350 = AXIS2_PLACEMENT_3D ( 'NONE', #3170, #7027, #248 ) ;
#3351 = LINE ( 'NONE', #8590, #7975 ) ;
#3352 = ORIENTED_EDGE ( 'NONE', *, *, #229, .F. ) ;
#3353 = PLANE ( 'NONE',  #1560 ) ;
#3354 = AXIS2_PLACEMENT_3D ( 'NONE', #6199, #5453, #1677 ) ;
#3355 = ORIENTED_EDGE ( 'NONE', *, *, #2992, .T. ) ;
#3356 = DIRECTION ( 'NONE',  ( -0.6969743733982686207, -0.7170960345909680456, 0.000000000000000000 ) ) ;
#3357 = EDGE_LOOP ( 'NONE', ( #1278, #8725, #5522, #9267 ) ) ;
#3358 = CARTESIAN_POINT ( 'NONE',  ( 8.995100449718515634, 11.31056335679711822, -2.500000000000000444 ) ) ;
#3359 = DIRECTION ( 'NONE',  ( -0.000000000000000000, -0.000000000000000000, 1.000000000000000000 ) ) ;
#3360 = VERTEX_POINT ( 'NONE', #4620 ) ;
#3361 = CARTESIAN_POINT ( 'NONE',  ( 0.000000000000000000, 0.000000000000000000, -2.500000000000000444 ) ) ;
#3362 = DIRECTION ( 'NONE',  ( -0.7098982014311000510, -0.7043042975908135883, 0.000000000000000000 ) ) ;
#3363 = ORIENTED_EDGE ( 'NONE', *, *, #4979, .F. ) ;
#3364 = CARTESIAN_POINT ( 'NONE',  ( 11.19901868863838423, 2.953339910681159530, -2.500000000000000444 ) ) ;
#3365 = DIRECTION ( 'NONE',  ( 1.000000000000000000, 0.000000000000000000, 0.000000000000000000 ) ) ;
#3366 = CARTESIAN_POINT ( 'NONE',  ( 39.58364779650295873, -17.56088913245586269, 2.500000000000000444 ) ) ;
#3367 = ORIENTED_EDGE ( 'NONE', *, *, #6574, .T. ) ;
#3368 = CARTESIAN_POINT ( 'NONE',  ( 8.221964726476825192, -8.157176732979412037, 2.500000000000000444 ) ) ;
#3369 = EDGE_CURVE ( 'NONE', #6878, #1114, #8637, .T. ) ;
#3370 = ORIENTED_EDGE ( 'NONE', *, *, #8145, .F. ) ;
#3371 = CIRCLE ( 'NONE', #6375, 2.000000000000001776 ) ;
#3372 = CARTESIAN_POINT ( 'NONE',  ( 1.528560524299929391, 1.547296908661011994, 16.40877931235182885 ) ) ;
#3373 = CARTESIAN_POINT ( 'NONE',  ( -8.157176732979534606, 8.221964726476942431, -2.500000000000000444 ) ) ;
#3374 = PLANE ( 'NONE',  #4266 ) ;
#3375 = FACE_OUTER_BOUND ( 'NONE', #8919, .T. ) ;
#3376 = CARTESIAN_POINT ( 'NONE',  ( -24.66324373348074772, 14.23933040861462196, 2.500000000000000444 ) ) ;
#3377 = DIRECTION ( 'NONE',  ( 0.2549963129926495764, -0.9669420253356220130, 0.000000000000000000 ) ) ;
#3378 = AXIS2_PLACEMENT_3D ( 'NONE', #5839, #3804, #2867 ) ;
#3379 = VERTEX_POINT ( 'NONE', #6253 ) ;
#3380 = CARTESIAN_POINT ( 'NONE',  ( 0.000000000000000000, 5.500000000000000000, 20.22499999999999787 ) ) ;
#3381 = EDGE_CURVE ( 'NONE', #3227, #5400, #7693, .T. ) ;
#3382 = ORIENTED_EDGE ( 'NONE', *, *, #7367, .T. ) ;
#3383 = CARTESIAN_POINT ( 'NONE',  ( 1.543571220819097700, 2.139999999999999680, 17.14977702759028233 ) ) ;
#3384 = EDGE_CURVE ( 'NONE', #8178, #6722, #4028, .T. ) ;
#3385 = DIRECTION ( 'NONE',  ( 1.000000000000000000, 0.000000000000000000, 0.000000000000000000 ) ) ;
#3386 = AXIS2_PLACEMENT_3D ( 'NONE', #3790, #25, #667 ) ;
#3387 = ORIENTED_EDGE ( 'NONE', *, *, #5078, .T. ) ;
#3388 = DIRECTION ( 'NONE',  ( -0.000000000000000000, 1.000000000000000000, -0.000000000000000000 ) ) ;
#3389 = CARTESIAN_POINT ( 'NONE',  ( -1.667845114629310732, 1.427707528233046697, 19.29092267896515978 ) ) ;
#3390 = DIRECTION ( 'NONE',  ( -0.000000000000000000, -0.000000000000000000, -1.000000000000000000 ) ) ;
#3391 = EDGE_CURVE ( 'NONE', #6787, #6724, #8416, .T. ) ;
#3392 = VERTEX_POINT ( 'NONE', #890 ) ;
#3393 = EDGE_LOOP ( 'NONE', ( #7456, #9376, #5346, #6680 ) ) ;
#3394 = DIRECTION ( 'NONE',  ( -0.7071067811865493491, 8.659560562354956277E-17, 0.7071067811865455743 ) ) ;
#3395 = ADVANCED_FACE ( 'NONE', ( #6304 ), #153, .T. ) ;
#3396 = ORIENTED_EDGE ( 'NONE', *, *, #9554, .T. ) ;
#3397 = CARTESIAN_POINT ( 'NONE',  ( 0.000000000000000000, 0.5000000000000029976, 20.22499999999999787 ) ) ;
#3398 = ADVANCED_FACE ( 'NONE', ( #1290 ), #7944, .F. ) ;
#3399 = EDGE_LOOP ( 'NONE', ( #3166, #1121, #8559, #6321 ) ) ;
#3400 = DIRECTION ( 'NONE',  ( -0.9648945144237495164, -0.2626377277448090908, 0.000000000000000000 ) ) ;
#3401 = CARTESIAN_POINT ( 'NONE',  ( -28.56088913245525873, 20.53108891324567153, 2.500000000000000444 ) ) ;
#3402 = DIRECTION ( 'NONE',  ( -0.000000000000000000, 0.000000000000000000, -1.000000000000000000 ) ) ;
#3403 = ORIENTED_EDGE ( 'NONE', *, *, #5580, .F. ) ;
#3404 = DIRECTION ( 'NONE',  ( -0.000000000000000000, 0.000000000000000000, 1.000000000000000000 ) ) ;
#3405 = ADVANCED_FACE ( 'NONE', ( #5801 ), #5711, .F. ) ;
#3406 = ORIENTED_EDGE ( 'NONE', *, *, #3341, .F. ) ;
#3407 = CARTESIAN_POINT ( 'NONE',  ( -3.041841955658838526, 11.17530463715806910, 2.500000000000000444 ) ) ;
#3408 = DIRECTION ( 'NONE',  ( 1.000000000000000000, 0.000000000000000000, 0.000000000000000000 ) ) ;
#3409 = CYLINDRICAL_SURFACE ( 'NONE', #299, 43.00000000000000711 ) ;
#3410 = EDGE_LOOP ( 'NONE', ( #3552, #452, #2074, #6080 ) ) ;
#3411 = DIRECTION ( 'NONE',  ( 0.000000000000000000, 0.000000000000000000, -1.000000000000000000 ) ) ;
#3412 = DIRECTION ( 'NONE',  ( 1.000000000000000000, 0.000000000000000000, 0.000000000000000000 ) ) ;
#3413 = ORIENTED_EDGE ( 'NONE', *, *, #5257, .F. ) ;
#3414 = CARTESIAN_POINT ( 'NONE',  ( -3.031088913245529426, 1.750000000000030198, -2.500000000000000444 ) ) ;
#3415 = ORIENTED_EDGE ( 'NONE', *, *, #4586, .F. ) ;
#3416 = CARTESIAN_POINT ( 'NONE',  ( -2.134703820650483586, -14.29278542295874033, -2.500000000000000444 ) ) ;
#3417 = DIRECTION ( 'NONE',  ( -0.000000000000000000, -0.000000000000000000, 1.000000000000000000 ) ) ;
#3418 = LINE ( 'NONE', #6440, #3484 ) ;
#3419 = AXIS2_PLACEMENT_3D ( 'NONE', #8007, #7354, #7964 ) ;
#3420 = CARTESIAN_POINT ( 'NONE',  ( -1.474286022602059321, 1.699378967962640319, 19.81242205441639470 ) ) ;
#3421 = DIRECTION ( 'NONE',  ( 0.7071067811865493491, 0.000000000000000000, 0.7071067811865455743 ) ) ;
#3422 = CARTESIAN_POINT ( 'NONE',  ( -9.671572875253835022, 1.184426076439997264E-15, 10.50000000000000000 ) ) ;
#3423 = EDGE_CURVE ( 'NONE', #7071, #3150, #1865, .T. ) ;
#3424 = AXIS2_PLACEMENT_3D ( 'NONE', #3226, #6983, #1533 ) ;
#3425 = VERTEX_POINT ( 'NONE', #3380 ) ;
#3426 = CARTESIAN_POINT ( 'NONE',  ( -5.500000000000001776, -40.62942283616641248, -2.500000000000000444 ) ) ;
#3427 = AXIS2_PLACEMENT_3D ( 'NONE', #6202, #7730, #254 ) ;
#3428 = EDGE_LOOP ( 'NONE', ( #8120, #792, #2141, #9600 ) ) ;
#3429 = CARTESIAN_POINT ( 'NONE',  ( 15.23933040861451715, -24.66324373348070154, 2.500000000000000444 ) ) ;
#3430 = VECTOR ( 'NONE', #7484, 1000.000000000000114 ) ;
#3431 = FACE_OUTER_BOUND ( 'NONE', #8810, .T. ) ;
#3432 = DIRECTION ( 'NONE',  ( 0.7098982014311003841, -0.7043042975908132552, 0.000000000000000000 ) ) ;
#3433 = EDGE_LOOP ( 'NONE', ( #8978, #794, #2116, #4349 ) ) ;
#3434 = VECTOR ( 'NONE', #1521, 1000.000000000000114 ) ;
#3435 = LINE ( 'NONE', #461, #8957 ) ;
#3436 = DIRECTION ( 'NONE',  ( -0.000000000000000000, -0.000000000000000000, 1.000000000000000000 ) ) ;
#3437 = DIRECTION ( 'NONE',  ( 1.000000000000000000, 0.000000000000000000, 0.000000000000000000 ) ) ;
#3438 = EDGE_CURVE ( 'NONE', #4719, #557, #2030, .T. ) ;
#3439 = CIRCLE ( 'NONE', #2316, 2.524999999999999467 ) ;
#3440 = VERTEX_POINT ( 'NONE', #7331 ) ;
#3441 = ORIENTED_EDGE ( 'NONE', *, *, #7304, .F. ) ;
#3442 = CARTESIAN_POINT ( 'NONE',  ( -2.387816587501760068, -8.429805248399302897, -2.500000000000000444 ) ) ;
#3443 = CIRCLE ( 'NONE', #278, 2.000000000000000000 ) ;
#3444 = ORIENTED_EDGE ( 'NONE', *, *, #7506, .T. ) ;
#3445 = PLANE ( 'NONE',  #8277 ) ;
#3446 = ADVANCED_FACE ( 'NONE', ( #6446 ), #2740, .F. ) ;
#3447 = ORIENTED_EDGE ( 'NONE', *, *, #941, .T. ) ;
#3448 = DIRECTION ( 'NONE',  ( -0.9621455304451257406, -0.2725361962097285207, 0.000000000000000000 ) ) ;
#3449 = CYLINDRICAL_SURFACE ( 'NONE', #9748, 50.00000000000000000 ) ;
#3450 = LINE ( 'NONE', #1218, #168 ) ;
#3451 = CIRCLE ( 'NONE', #5967, 2.000000000000001776 ) ;
#3452 = EDGE_CURVE ( 'NONE', #874, #1889, #5060, .T. ) ;
#3453 = ADVANCED_FACE ( 'NONE', ( #6539 ), #7888, .F. ) ;
#3454 = B_SPLINE_CURVE_WITH_KNOTS ( 'NONE', 3,
 ( #4431, #660, #3691, #7688 ),
 .UNSPECIFIED., .F., .F.,
 ( 4, 4 ),
 ( 0.000000000000000000, 0.001307469713021889050 ),
 .UNSPECIFIED. ) ;
#3455 = VECTOR ( 'NONE', #1038, 1000.000000000000000 ) ;
#3456 = VERTEX_POINT ( 'NONE', #6354 ) ;
#3457 = FACE_OUTER_BOUND ( 'NONE', #1952, .T. ) ;
#3458 = ORIENTED_EDGE ( 'NONE', *, *, #1797, .F. ) ;
#3459 = CYLINDRICAL_SURFACE ( 'NONE', #4077, 1.000000000000002665 ) ;
#3460 = PLANE ( 'NONE',  #6314 ) ;
#3461 = EDGE_LOOP ( 'NONE', ( #2521, #9750, #2610, #6522 ) ) ;
#3462 = DIRECTION ( 'NONE',  ( 0.2626377277448090353, -0.9648945144237496274, 0.000000000000000000 ) ) ;
#3463 = DIRECTION ( 'NONE',  ( -0.7098982014311000510, -0.7043042975908135883, 0.000000000000000000 ) ) ;
#3464 = ADVANCED_FACE ( 'NONE', ( #4924 ), #3752, .F. ) ;
#3465 = B_SPLINE_CURVE_WITH_KNOTS ( 'NONE', 3,
 ( #2559, #4096, #519, #4291 ),
 .UNSPECIFIED., .F., .F.,
 ( 4, 4 ),
 ( 8.673617379884034509E-19, 0.001307469713021891652 ),
 .UNSPECIFIED. ) ;
#3466 = EDGE_CURVE ( 'NONE', #7795, #9092, #7547, .T. ) ;
#3467 = ORIENTED_EDGE ( 'NONE', *, *, #7731, .F. ) ;
#3468 = CARTESIAN_POINT ( 'NONE',  ( -8.995100449718353985, 11.31056335679716440, 2.689257726104018698 ) ) ;
#3469 = VECTOR ( 'NONE', #5341, 1000.000000000000114 ) ;
#3470 = ORIENTED_EDGE ( 'NONE', *, *, #1785, .T. ) ;
#3471 = DIRECTION ( 'NONE',  ( 0.7098982014311000510, 0.7043042975908135883, 0.000000000000000000 ) ) ;
#3472 = CARTESIAN_POINT ( 'NONE',  ( 1.924970377223157669, 5.152134416706324771, 18.42729577295699173 ) ) ;
#3473 = DIRECTION ( 'NONE',  ( -0.000000000000000000, -0.000000000000000000, 1.000000000000000000 ) ) ;
#3474 = AXIS2_PLACEMENT_3D ( 'NONE', #3272, #4764, #6248 ) ;
#3475 = CARTESIAN_POINT ( 'NONE',  ( 1.528560524299929391, 1.547296908661011994, 16.40877931235182885 ) ) ;
#3476 = EDGE_LOOP ( 'NONE', ( #4041, #6758, #8964, #2155, #1005, #2263, #7391 ) ) ;
#3477 = FACE_OUTER_BOUND ( 'NONE', #4145, .T. ) ;
#3478 = VERTEX_POINT ( 'NONE', #8671 ) ;
#3479 = VECTOR ( 'NONE', #9617, 1000.000000000000000 ) ;
#3480 = CARTESIAN_POINT ( 'NONE',  ( -1.488383403722481457, 2.000568876559557285, 17.07571632088077607 ) ) ;
#3481 = CARTESIAN_POINT ( 'NONE',  ( 13.44526717744757782, 5.297684973240471606, 2.689257726104005375 ) ) ;
#3482 = FACE_OUTER_BOUND ( 'NONE', #6174, .T. ) ;
#3483 = VERTEX_POINT ( 'NONE', #1941 ) ;
#3484 = VECTOR ( 'NONE', #9459, 1000.000000000000000 ) ;
#3485 = DIRECTION ( 'NONE',  ( -0.9695105696079970858, 0.2450494958541576673, 0.000000000000000000 ) ) ;
#3486 = CARTESIAN_POINT ( 'NONE',  ( 12.50000000000000000, 0.000000000000000000, 5.500000000000000888 ) ) ;
#3487 = LINE ( 'NONE', #8775, #8642 ) ;
#3488 = AXIS2_PLACEMENT_3D ( 'NONE', #1152, #5019, #3574 ) ;
#3489 = EDGE_LOOP ( 'NONE', ( #7759, #225 ) ) ;
#3490 = ORIENTED_EDGE ( 'NONE', *, *, #805, .F. ) ;
#3491 = CARTESIAN_POINT ( 'NONE',  ( -16.49238970772112722, 16.49238970772131907, 2.500000000000000444 ) ) ;
#3492 = EDGE_LOOP ( 'NONE', ( #5531, #8253, #24, #6785 ) ) ;
#3493 = AXIS2_PLACEMENT_3D ( 'NONE', #475, #2659, #1170 ) ;
#3494 = LINE ( 'NONE', #2094, #9389 ) ;
#3495 = ADVANCED_FACE ( 'NONE', ( #6399 ), #9414, .F. ) ;
#3496 = VECTOR ( 'NONE', #7591, 1000.000000000000000 ) ;
#3497 = VERTEX_POINT ( 'NONE', #4222 ) ;
#3498 = CARTESIAN_POINT ( 'NONE',  ( 11.03411263498113648, 27.56619458545763734, -2.500000000000000444 ) ) ;
#3499 = CYLINDRICAL_SURFACE ( 'NONE', #5027, 22.00000000000019895 ) ;
#3500 = EDGE_CURVE ( 'NONE', #6696, #2136, #9280, .T. ) ;
#3501 = EDGE_CURVE ( 'NONE', #8294, #1848, #453, .T. ) ;
#3502 = DIRECTION ( 'NONE',  ( 1.000000000000000000, 0.000000000000000000, 0.000000000000000000 ) ) ;
#3503 = CIRCLE ( 'NONE', #9017, 43.00000000000000711 ) ;
#3504 = AXIS2_PLACEMENT_3D ( 'NONE', #6534, #8806, #5055 ) ;
#3505 = AXIS2_PLACEMENT_3D ( 'NONE', #2325, #4614, #1386 ) ;
#3506 = ORIENTED_EDGE ( 'NONE', *, *, #2907, .T. ) ;
#3507 = CARTESIAN_POINT ( 'NONE',  ( 0.000000000000000000, 0.000000000000000000, 11.91421356237309404 ) ) ;
#3508 = ORIENTED_EDGE ( 'NONE', *, *, #1598, .F. ) ;
#3509 = LINE ( 'NONE', #8144, #3115 ) ;
#3510 = ADVANCED_FACE ( 'NONE', ( #3477, #5610 ), #4874, .T. ) ;
#3511 = AXIS2_PLACEMENT_3D ( 'NONE', #8312, #6926, #147 ) ;
#3512 = ADVANCED_FACE ( 'NONE', ( #1241 ), #4269, .F. ) ;
#3513 = FACE_BOUND ( 'NONE', #1464, .T. ) ;
#3514 = CIRCLE ( 'NONE', #501, 2.000000000000000000 ) ;
#3515 = ORIENTED_EDGE ( 'NONE', *, *, #5178, .T. ) ;
#3516 = B_SPLINE_CURVE_WITH_KNOTS ( 'NONE', 3,
 ( #5616, #5766, #4230, #4188 ),
 .UNSPECIFIED., .F., .F.,
 ( 4, 4 ),
 ( 4.336808689942017736E-19, 0.002007903776505817230 ),
 .UNSPECIFIED. ) ;
#3517 = DIRECTION ( 'NONE',  ( -0.000000000000000000, -0.000000000000000000, -1.000000000000000000 ) ) ;
#3518 = EDGE_LOOP ( 'NONE', ( #4118, #445, #8417, #9349 ) ) ;
#3519 = CARTESIAN_POINT ( 'NONE',  ( 3.749171112454886323E-14, 3.500000000000011546, -2.500000000000000444 ) ) ;
#3520 = ORIENTED_EDGE ( 'NONE', *, *, #3057, .F. ) ;
#3521 = CYLINDRICAL_SURFACE ( 'NONE', #2104, 22.00000000000015987 ) ;
#3522 = ADVANCED_FACE ( 'NONE', ( #591 ), #4546, .F. ) ;
#3523 = EDGE_CURVE ( 'NONE', #8453, #3684, #2412, .T. ) ;
#3524 = FACE_OUTER_BOUND ( 'NONE', #6519, .T. ) ;
#3525 = CARTESIAN_POINT ( 'NONE',  ( 1.539478513527164694, 5.283340006750124829, 17.11724868821104906 ) ) ;
#3526 = PLANE ( 'NONE',  #1119 ) ;
#3527 = LINE ( 'NONE', #2966, #2008 ) ;
#3528 = ORIENTED_EDGE ( 'NONE', *, *, #7202, .F. ) ;
#3529 = DIRECTION ( 'NONE',  ( -0.000000000000000000, -0.000000000000000000, -1.000000000000000000 ) ) ;
#3530 = ORIENTED_EDGE ( 'NONE', *, *, #4069, .F. ) ;
#3531 = CARTESIAN_POINT ( 'NONE',  ( -14.23933040861442656, 24.66324373348091115, -2.500000000000000444 ) ) ;
#3532 = CYLINDRICAL_SURFACE ( 'NONE', #5088, 50.00000000000000000 ) ;
#3533 = DIRECTION ( 'NONE',  ( -0.000000000000000000, 0.000000000000000000, 1.000000000000000000 ) ) ;
#3534 = ORIENTED_EDGE ( 'NONE', *, *, #8464, .T. ) ;
#3535 = CARTESIAN_POINT ( 'NONE',  ( 39.78665438147414335, -16.31018495079455732, 2.500000000000000444 ) ) ;
#3536 = AXIS2_PLACEMENT_3D ( 'NONE', #4762, #6922, #5449 ) ;
#3537 = CARTESIAN_POINT ( 'NONE',  ( -1.656671012296307754, 1.412389865481930462, 19.95336099370356564 ) ) ;
#3538 = CARTESIAN_POINT ( 'NONE',  ( 18.99185453113844346, -6.969435128366584742, -2.500000000000000444 ) ) ;
#3539 = ORIENTED_EDGE ( 'NONE', *, *, #4967, .F. ) ;
#3540 = LINE ( 'NONE', #4285, #5163 ) ;
#3541 = EDGE_LOOP ( 'NONE', ( #4133, #9578, #6471, #7823 ) ) ;
#3542 = AXIS2_PLACEMENT_3D ( 'NONE', #5484, #6861, #80 ) ;
#3543 = DIRECTION ( 'NONE',  ( -0.9621455304451257406, -0.2725361962097285207, 0.000000000000000000 ) ) ;
#3544 = ORIENTED_EDGE ( 'NONE', *, *, #4905, .T. ) ;
#3545 = DIRECTION ( 'NONE',  ( 0.4999999999999977796, -0.8660254037844399289, 0.000000000000000000 ) ) ;
#3546 = ORIENTED_EDGE ( 'NONE', *, *, #3324, .F. ) ;
#3547 = CARTESIAN_POINT ( 'NONE',  ( 14.29278542295888954, -2.134703820650416528, 2.689257726104024471 ) ) ;
#3548 = AXIS2_PLACEMENT_3D ( 'NONE', #9571, #4942, #5775 ) ;
#3549 = ADVANCED_FACE ( 'NONE', ( #127 ), #1336, .F. ) ;
#3550 = ORIENTED_EDGE ( 'NONE', *, *, #2660, .F. ) ;
#3551 = CARTESIAN_POINT ( 'NONE',  ( -1.921508289431916650, 1.247622198167145813, 18.43130168443260786 ) ) ;
#3552 = ORIENTED_EDGE ( 'NONE', *, *, #3915, .F. ) ;
#3553 = DIRECTION ( 'NONE',  ( -0.9621455304451257406, -0.2725361962097284652, 0.000000000000000000 ) ) ;
#3554 = FACE_BOUND ( 'NONE', #7474, .T. ) ;
#3555 = VERTEX_POINT ( 'NONE', #3714 ) ;
#3556 = CARTESIAN_POINT ( 'NONE',  ( -4.945105014852096303, 14.68999443131564675, 2.500000000000000444 ) ) ;
#3557 = EDGE_CURVE ( 'NONE', #1946, #806, #5941, .T. ) ;
#3558 = ORIENTED_EDGE ( 'NONE', *, *, #229, .T. ) ;
#3559 = LINE ( 'NONE', #9588, #323 ) ;
#3560 = ORIENTED_EDGE ( 'NONE', *, *, #2469, .F. ) ;
#3561 = CARTESIAN_POINT ( 'NONE',  ( 14.23933040861455268, 24.66324373348088983, -2.500000000000000444 ) ) ;
#3562 = CARTESIAN_POINT ( 'NONE',  ( 8.429805248399542705, 2.387816587501828902, -2.500000000000000444 ) ) ;
#3563 = EDGE_CURVE ( 'NONE', #780, #710, #5026, .T. ) ;
#3564 = CARTESIAN_POINT ( 'NONE',  ( -4.583647796503736771, -43.06088913245529426, 2.500000000000000444 ) ) ;
#3565 = CARTESIAN_POINT ( 'NONE',  ( 0.9621455304451272950, -28.75119701343860257, -2.500000000000000444 ) ) ;
#3566 = CARTESIAN_POINT ( 'NONE',  ( 5.768292682926831283, -42.61134590134526690, -2.500000000000000444 ) ) ;
#3567 = EDGE_CURVE ( 'NONE', #547, #2462, #8212, .T. ) ;
#3568 = EDGE_CURVE ( 'NONE', #4733, #3032, #9169, .T. ) ;
#3569 = ORIENTED_EDGE ( 'NONE', *, *, #5869, .T. ) ;
#3570 = DIRECTION ( 'NONE',  ( -0.000000000000000000, -0.000000000000000000, 1.000000000000000000 ) ) ;
#3571 = ORIENTED_EDGE ( 'NONE', *, *, #8204, .T. ) ;
#3572 = CARTESIAN_POINT ( 'NONE',  ( 1.528560524299929391, 1.547296908661011994, 16.40877931235182885 ) ) ;
#3573 = CARTESIAN_POINT ( 'NONE',  ( 8.157176732979465328, -8.221964726476871377, -2.500000000000000444 ) ) ;
#3574 = DIRECTION ( 'NONE',  ( 1.000000000000000000, 0.000000000000000000, 0.000000000000000000 ) ) ;
#3575 = EDGE_LOOP ( 'NONE', ( #8346, #7816, #70, #8155 ) ) ;
#3576 = PLANE ( 'NONE',  #2948 ) ;
#3577 = DIRECTION ( 'NONE',  ( 1.000000000000000000, 0.000000000000000000, 0.000000000000000000 ) ) ;
#3578 = LINE ( 'NONE', #556, #9584 ) ;
#3579 = EDGE_CURVE ( 'NONE', #6274, #6587, #2362, .T. ) ;
#3580 = EDGE_CURVE ( 'NONE', #5028, #6558, #8952, .T. ) ;
#3581 = VECTOR ( 'NONE', #5420, 1000.000000000000000 ) ;
#3582 = ORIENTED_EDGE ( 'NONE', *, *, #7232, .F. ) ;
#3583 = CARTESIAN_POINT ( 'NONE',  ( 1.924963171193759370, 1.235041451655678468, 18.43145442824463487 ) ) ;
#3584 = ORIENTED_EDGE ( 'NONE', *, *, #7257, .T. ) ;
#3585 = DIRECTION ( 'NONE',  ( -0.000000000000000000, -0.000000000000000000, 1.000000000000000000 ) ) ;
#3586 = VECTOR ( 'NONE', #4026, 1000.000000000000000 ) ;
#3587 = LINE ( 'NONE', #6602, #3479 ) ;
#3588 = ORIENTED_EDGE ( 'NONE', *, *, #2513, .T. ) ;
#3589 = DIRECTION ( 'NONE',  ( -0.000000000000000000, -0.000000000000000000, -1.000000000000000000 ) ) ;
#3590 = AXIS2_PLACEMENT_3D ( 'NONE', #2013, #2062, #2810 ) ;
#3591 = LINE ( 'NONE', #4339, #4702 ) ;
#3592 = AXIS2_PLACEMENT_3D ( 'NONE', #8268, #2976, #5997 ) ;
#3593 = CARTESIAN_POINT ( 'NONE',  ( -0.2542320690108894055, 5.495520801129614163, 20.21230623352754918 ) ) ;
#3594 = AXIS2_PLACEMENT_3D ( 'NONE', #343, #241, #2620 ) ;
#3595 = ORIENTED_EDGE ( 'NONE', *, *, #4116, .T. ) ;
#3596 = DIRECTION ( 'NONE',  ( -0.000000000000000000, -0.000000000000000000, 1.000000000000000000 ) ) ;
#3597 = AXIS2_PLACEMENT_3D ( 'NONE', #7966, #1965, #4301 ) ;
#3598 = ORIENTED_EDGE ( 'NONE', *, *, #9245, .F. ) ;
#3599 = CARTESIAN_POINT ( 'NONE',  ( 0.000000000000000000, 0.000000000000000000, 9.671572875253831469 ) ) ;
#3600 = AXIS2_PLACEMENT_3D ( 'NONE', #1544, #6796, #17 ) ;
#3601 = CARTESIAN_POINT ( 'NONE',  ( 1.543571220819154988, 2.140000000000000124, 19.45022297240963383 ) ) ;
#3602 = ORIENTED_EDGE ( 'NONE', *, *, #4842, .T. ) ;
#3603 = LINE ( 'NONE', #9400, #8854 ) ;
#3604 = EDGE_LOOP ( 'NONE', ( #3349, #9203, #152, #3458, #177 ) ) ;
#3605 = DIRECTION ( 'NONE',  ( -0.000000000000000000, -0.000000000000000000, 1.000000000000000000 ) ) ;
#3606 = ORIENTED_EDGE ( 'NONE', *, *, #7512, .F. ) ;
#3607 = CARTESIAN_POINT ( 'NONE',  ( -3.460219394376023327, -19.93214605312767063, -2.500000000000000444 ) ) ;
#3608 = CARTESIAN_POINT ( 'NONE',  ( -3.469296921803616929, 12.94759237871393864, -2.500000000000000444 ) ) ;
#3609 = EDGE_CURVE ( 'NONE', #3712, #744, #7660, .T. ) ;
#3610 = CARTESIAN_POINT ( 'NONE',  ( 0.5034451319510572231, 5.478339148970548855, 16.43764189929565234 ) ) ;
#3611 = ORIENTED_EDGE ( 'NONE', *, *, #7781, .T. ) ;
#3612 = DIRECTION ( 'NONE',  ( -0.000000000000000000, -0.000000000000000000, 1.000000000000000000 ) ) ;
#3613 = DIRECTION ( 'NONE',  ( -0.000000000000000000, -0.000000000000000000, 1.000000000000000000 ) ) ;
#3614 = VECTOR ( 'NONE', #5184, 1000.000000000000000 ) ;
#3615 = EDGE_CURVE ( 'NONE', #3440, #9796, #1431, .T. ) ;
#3616 = ORIENTED_EDGE ( 'NONE', *, *, #338, .T. ) ;
#3617 = CARTESIAN_POINT ( 'NONE',  ( -13.44526717744745703, 5.297684973240558648, 2.689257726104037793 ) ) ;
#3618 = B_SPLINE_CURVE_WITH_KNOTS ( 'NONE', 3,
 ( #5581, #907, #5424, #1803 ),
 .UNSPECIFIED., .F., .F.,
 ( 4, 4 ),
 ( 4.336808689942017736E-19, 0.001307469713021691292 ),
 .UNSPECIFIED. ) ;
#3619 = ORIENTED_EDGE ( 'NONE', *, *, #190, .F. ) ;
#3620 = LINE ( 'NONE', #6634, #7476 ) ;
#3621 = LINE ( 'NONE', #8815, #1120 ) ;
#3622 = EDGE_CURVE ( 'NONE', #9415, #5712, #9601, .T. ) ;
#3623 = VECTOR ( 'NONE', #4255, 1000.000000000000000 ) ;
#3624 = ORIENTED_EDGE ( 'NONE', *, *, #4956, .T. ) ;
#3625 = EDGE_CURVE ( 'NONE', #5588, #8487, #6905, .T. ) ;
#3626 = DIRECTION ( 'NONE',  ( -0.000000000000000000, 0.000000000000000000, 1.000000000000000000 ) ) ;
#3627 = CARTESIAN_POINT ( 'NONE',  ( 8.494333787820254500, -2.146992799845305111, -2.500000000000000444 ) ) ;
#3628 = DIRECTION ( 'NONE',  ( -0.7071067811865472397, 0.000000000000000000, -0.7071067811865479058 ) ) ;
#3629 = VECTOR ( 'NONE', #5225, 1000.000000000000114 ) ;
#3630 = ORIENTED_EDGE ( 'NONE', *, *, #5823, .T. ) ;
#3631 = LINE ( 'NONE', #9015, #5013 ) ;
#3632 = EDGE_LOOP ( 'NONE', ( #4300, #8415, #4010, #7319, #2293, #1041, #1242, #7825, #7207, #1135 ) ) ;
#3633 = DIRECTION ( 'NONE',  ( -0.000000000000000000, -0.000000000000000000, 1.000000000000000000 ) ) ;
#3634 = CARTESIAN_POINT ( 'NONE',  ( 2.953339910681150648, 11.19901868863836292, 2.500000000000000444 ) ) ;
#3635 = EDGE_CURVE ( 'NONE', #8368, #3794, #2825, .T. ) ;
#3636 = CIRCLE ( 'NONE', #2697, 2.000000000000001776 ) ;
#3637 = ADVANCED_FACE ( 'NONE', ( #8857 ), #9135, .T. ) ;
#3638 = ORIENTED_EDGE ( 'NONE', *, *, #4450, .T. ) ;
#3639 = EDGE_CURVE ( 'NONE', #2710, #9300, #4462, .T. ) ;
#3640 = DIRECTION ( 'NONE',  ( 1.000000000000000000, 0.000000000000000000, 0.000000000000000000 ) ) ;
#3641 = DIRECTION ( 'NONE',  ( -0.2626377277448083691, -0.9648945144237498495, 0.000000000000000000 ) ) ;
#3642 = VECTOR ( 'NONE', #4428, 1000.000000000000000 ) ;
#3643 = DIRECTION ( 'NONE',  ( -0.9621455304451257406, -0.2725361962097285762, 0.000000000000000000 ) ) ;
#3644 = CARTESIAN_POINT ( 'NONE',  ( 11.19901868863826166, -2.953339910681126668, -2.500000000000000444 ) ) ;
#3645 = VECTOR ( 'NONE', #1027, 999.9999999999998863 ) ;
#3646 = EDGE_LOOP ( 'NONE', ( #3889, #2890, #267, #1524 ) ) ;
#3647 = PLANE ( 'NONE',  #6269 ) ;
#3648 = ORIENTED_EDGE ( 'NONE', *, *, #7199, .T. ) ;
#3649 = AXIS2_PLACEMENT_3D ( 'NONE', #2729, #5000, #2117 ) ;
#3650 = DIRECTION ( 'NONE',  ( -0.2450494958541582780, 0.9695105696079969748, 0.000000000000000000 ) ) ;
#3651 = DIRECTION ( 'NONE',  ( -0.000000000000000000, -0.000000000000000000, -1.000000000000000000 ) ) ;
#3652 = CIRCLE ( 'NONE', #1577, 21.99999999999982592 ) ;
#3653 = ORIENTED_EDGE ( 'NONE', *, *, #8655, .F. ) ;
#3654 = CARTESIAN_POINT ( 'NONE',  ( 20.53108891324576746, 28.56088913245516991, -2.500000000000000444 ) ) ;
#3655 = VECTOR ( 'NONE', #2822, 1000.000000000000000 ) ;
#3656 = VECTOR ( 'NONE', #816, 1000.000000000000000 ) ;
#3657 = ORIENTED_EDGE ( 'NONE', *, *, #4758, .F. ) ;
#3658 = FACE_OUTER_BOUND ( 'NONE', #8042, .T. ) ;
#3659 = AXIS2_PLACEMENT_3D ( 'NONE', #2989, #16, #6748 ) ;
#3660 = VERTEX_POINT ( 'NONE', #3671 ) ;
#3661 = AXIS2_PLACEMENT_3D ( 'NONE', #8266, #2275, #8958 ) ;
#3662 = ADVANCED_FACE ( 'NONE', ( #637 ), #6679, .F. ) ;
#3663 = LINE ( 'NONE', #6716, #1784 ) ;
#3664 = CARTESIAN_POINT ( 'NONE',  ( -6.036633602138888222, 22.52902330986026058, -2.500000000000000444 ) ) ;
#3665 = CARTESIAN_POINT ( 'NONE',  ( 13.54235603521624576, -25.38033976807166781, 2.500000000000000444 ) ) ;
#3666 = FACE_OUTER_BOUND ( 'NONE', #9632, .T. ) ;
#3667 = CARTESIAN_POINT ( 'NONE',  ( 2.174999999999999822, 0.000000000000000000, 5.499999999999998224 ) ) ;
#3668 = ORIENTED_EDGE ( 'NONE', *, *, #5337, .T. ) ;
#3669 = ADVANCED_FACE ( 'NONE', ( #6228 ), #7011, .T. ) ;
#3670 = ORIENTED_EDGE ( 'NONE', *, *, #1369, .F. ) ;
#3671 = CARTESIAN_POINT ( 'NONE',  ( 44.41421356237311358, 0.000000000000000000, 11.91421356237308515 ) ) ;
#3672 = VERTEX_POINT ( 'NONE', #8700 ) ;
#3673 = CARTESIAN_POINT ( 'NONE',  ( 3.062410648414013892, 15.19446086639734794, 2.500000000000000444 ) ) ;
#3674 = DIRECTION ( 'NONE',  ( -0.6969743733982692868, 0.7170960345909674905, 0.000000000000000000 ) ) ;
#3675 = ORIENTED_EDGE ( 'NONE', *, *, #3639, .T. ) ;
#3676 = CARTESIAN_POINT ( 'NONE',  ( -8.673617379884035472E-16, -28.47866081722887444, -2.500000000000000444 ) ) ;
#3677 = CARTESIAN_POINT ( 'NONE',  ( -24.66324373348077259, -14.23933040861435373, -2.500000000000000444 ) ) ;
#3678 = B_SPLINE_CURVE_WITH_KNOTS ( 'NONE', 3,
 ( #4232, #4089, #5814, #2596 ),
 .UNSPECIFIED., .F., .F.,
 ( 4, 4 ),
 ( 4.091337135425211056E-18, 0.002007903776505789040 ),
 .UNSPECIFIED. ) ;
#3679 = DIRECTION ( 'NONE',  ( -0.000000000000000000, -0.000000000000000000, -1.000000000000000000 ) ) ;
#3680 = EDGE_CURVE ( 'NONE', #562, #8143, #433, .T. ) ;
#3681 = EDGE_LOOP ( 'NONE', ( #7984, #5051, #8122, #1923 ) ) ;
#3682 = CARTESIAN_POINT ( 'NONE',  ( -42.61134590134528821, -5.768292682926682069, 2.500000000000000444 ) ) ;
#3683 = EDGE_CURVE ( 'NONE', #2118, #1314, #8648, .T. ) ;
#3684 = VERTEX_POINT ( 'NONE', #8548 ) ;
#3685 = FACE_OUTER_BOUND ( 'NONE', #1198, .T. ) ;
#3686 = CARTESIAN_POINT ( 'NONE',  ( -1.528560524300655254, 1.547296908660294790, 16.40877931234655662 ) ) ;
#3687 = CARTESIAN_POINT ( 'NONE',  ( -47.50000000000000711, 0.000000000000000000, 7.500000000000025757 ) ) ;
#3688 = VECTOR ( 'NONE', #1385, 1000.000000000000000 ) ;
#3689 = VERTEX_POINT ( 'NONE', #232 ) ;
#3690 = LINE ( 'NONE', #8876, #8683 ) ;
#3691 = CARTESIAN_POINT ( 'NONE',  ( -2.437417908701695168, -14.58700537629966654, 2.564006035009282147 ) ) ;
#3692 = CARTESIAN_POINT ( 'NONE',  ( -1.680689895191050276, 5.237903839594486577, 19.27140539560940979 ) ) ;
#3693 = DIRECTION ( 'NONE',  ( 1.000000000000000000, 0.000000000000000000, 0.000000000000000000 ) ) ;
#3694 = VECTOR ( 'NONE', #6910, 1000.000000000000000 ) ;
#3695 = EDGE_LOOP ( 'NONE', ( #9613, #3396, #3992, #8203 ) ) ;
#3696 = CARTESIAN_POINT ( 'NONE',  ( -8.157176732979374734, -8.221964726476787888, -2.500000000000000444 ) ) ;
#3697 = EDGE_CURVE ( 'NONE', #2136, #2562, #1864, .T. ) ;
#3698 = ORIENTED_EDGE ( 'NONE', *, *, #2272, .F. ) ;
#3699 = CARTESIAN_POINT ( 'NONE',  ( 4.945105014852114067, -14.68999443131563787, 2.500000000000000444 ) ) ;
#3700 = CARTESIAN_POINT ( 'NONE',  ( -12.94759237871376278, 3.469296921803900702, 3.353331896491019481 ) ) ;
#3701 = EDGE_LOOP ( 'NONE', ( #6421, #3761, #539, #9426, #8722, #4903, #9403, #804, #5676, #7492 ) ) ;
#3702 = CIRCLE ( 'NONE', #9693, 1.999999999999998224 ) ;
#3703 = CARTESIAN_POINT ( 'NONE',  ( -11.17530463715791811, -3.041841955658796337, -2.500000000000000444 ) ) ;
#3704 = ORIENTED_EDGE ( 'NONE', *, *, #304, .T. ) ;
#3705 = LINE ( 'NONE', #1606, #6803 ) ;
#3706 = ORIENTED_EDGE ( 'NONE', *, *, #3278, .F. ) ;
#3707 = CARTESIAN_POINT ( 'NONE',  ( -4.053066941773593612, 13.10649060984547454, 3.055993497343746590 ) ) ;
#3708 = LINE ( 'NONE', #8157, #3986 ) ;
#3709 = DIRECTION ( 'NONE',  ( 0.2725361962097284096, -0.9621455304451257406, 0.000000000000000000 ) ) ;
#3710 = DIRECTION ( 'NONE',  ( 1.000000000000000000, 0.000000000000000000, 0.000000000000000000 ) ) ;
#3711 = DIRECTION ( 'NONE',  ( 0.000000000000000000, 0.000000000000000000, -1.000000000000000000 ) ) ;
#3712 = VERTEX_POINT ( 'NONE', #3252 ) ;
#3713 = ORIENTED_EDGE ( 'NONE', *, *, #8275, .T. ) ;
#3714 = CARTESIAN_POINT ( 'NONE',  ( 19.93214605312783050, 3.460219394376086832, 2.500000000000000444 ) ) ;
#3715 = ORIENTED_EDGE ( 'NONE', *, *, #2416, .T. ) ;
#3716 = DIRECTION ( 'NONE',  ( -0.000000000000000000, -0.000000000000000000, 1.000000000000000000 ) ) ;
#3717 = EDGE_CURVE ( 'NONE', #7099, #430, #8953, .T. ) ;
#3718 = CARTESIAN_POINT ( 'NONE',  ( -2.146992799845313105, 8.494333787820263382, -2.500000000000000444 ) ) ;
#3719 = ORIENTED_EDGE ( 'NONE', *, *, #9392, .F. ) ;
#3720 = EDGE_CURVE ( 'NONE', #4708, #8321, #4158, .T. ) ;
#3721 = CARTESIAN_POINT ( 'NONE',  ( -22.52902330986010782, 6.036633602139107602, -2.500000000000000444 ) ) ;
#3722 = DIRECTION ( 'NONE',  ( -0.2725361962097283541, -0.9621455304451258517, 0.000000000000000000 ) ) ;
#3723 = CARTESIAN_POINT ( 'NONE',  ( -6.282812448554210505, 6.106517200318466898, 2.500000000000000444 ) ) ;
#3724 = ORIENTED_EDGE ( 'NONE', *, *, #8204, .F. ) ;
#3725 = DIRECTION ( 'NONE',  ( -0.000000000000000000, -0.000000000000000000, -1.000000000000000000 ) ) ;
#3726 = VERTEX_POINT ( 'NONE', #1764 ) ;
#3727 = CARTESIAN_POINT ( 'NONE',  ( 1.835885089531702263, 1.191565317510906885, 18.90969728233994118 ) ) ;
#3728 = PLANE ( 'NONE',  #7932 ) ;
#3729 = LINE ( 'NONE', #9761, #3153 ) ;
#3730 = ORIENTED_EDGE ( 'NONE', *, *, #8436, .T. ) ;
#3731 = PLANE ( 'NONE',  #9150 ) ;
#3732 = ADVANCED_FACE ( 'NONE', ( #7917 ), #5635, .F. ) ;
#3733 = DIRECTION ( 'NONE',  ( -0.7098982014311000510, -0.7043042975908135883, 0.000000000000000000 ) ) ;
#3734 = CARTESIAN_POINT ( 'NONE',  ( -1.862628062000201146, 5.175066734017967462, 17.79779579754607965 ) ) ;
#3735 = LINE ( 'NONE', #8139, #7876 ) ;
#3736 = VECTOR ( 'NONE', #3952, 1000.000000000000114 ) ;
#3737 = VECTOR ( 'NONE', #2222, 1000.000000000000000 ) ;
#3738 = VERTEX_POINT ( 'NONE', #4800 ) ;
#3739 = CARTESIAN_POINT ( 'NONE',  ( -23.33891914284117775, 18.35596847918087704, 2.500000000000000444 ) ) ;
#3740 = AXIS2_PLACEMENT_3D ( 'NONE', #6831, #3923, #7678 ) ;
#3741 = EDGE_CURVE ( 'NONE', #806, #488, #1707, .T. ) ;
#3742 = ORIENTED_EDGE ( 'NONE', *, *, #1421, .F. ) ;
#3743 = PLANE ( 'NONE',  #50 ) ;
#3744 = AXIS2_PLACEMENT_3D ( 'NONE', #7998, #8822, #6051 ) ;
#3745 = AXIS2_PLACEMENT_3D ( 'NONE', #4626, #951, #3083 ) ;
#3746 = CARTESIAN_POINT ( 'NONE',  ( 5.065146892057914130, 14.26620574846929301, 2.500000000000000888 ) ) ;
#3747 = EDGE_CURVE ( 'NONE', #7702, #671, #2954, .T. ) ;
#3748 = ORIENTED_EDGE ( 'NONE', *, *, #969, .T. ) ;
#3749 = DIRECTION ( 'NONE',  ( -0.000000000000000000, -0.000000000000000000, 1.000000000000000000 ) ) ;
#3750 = EDGE_CURVE ( 'NONE', #7358, #7669, #5590, .T. ) ;
#3751 = VECTOR ( 'NONE', #6037, 1000.000000000000000 ) ;
#3752 = CONICAL_SURFACE ( 'NONE', #1062, 43.00000000000000711, 0.7853981633974482790 ) ;
#3753 = ORIENTED_EDGE ( 'NONE', *, *, #1178, .F. ) ;
#3754 = FACE_OUTER_BOUND ( 'NONE', #8862, .T. ) ;
#3755 = VECTOR ( 'NONE', #954, 1000.000000000000000 ) ;
#3756 = VERTEX_POINT ( 'NONE', #7810 ) ;
#3757 = DIRECTION ( 'NONE',  ( 0.4999999999999947264, -0.8660254037844418162, 0.000000000000000000 ) ) ;
#3758 = CARTESIAN_POINT ( 'NONE',  ( 0.000000000000000000, 0.000000000000000000, 13.85408790914932275 ) ) ;
#3759 = EDGE_CURVE ( 'NONE', #744, #388, #8600, .T. ) ;
#3760 = CARTESIAN_POINT ( 'NONE',  ( -6.106517200318361205, -6.282812448554106588, 2.500000000000000444 ) ) ;
#3761 = ORIENTED_EDGE ( 'NONE', *, *, #4316, .F. ) ;
#3762 = EDGE_CURVE ( 'NONE', #5572, #2705, #9238, .T. ) ;
#3763 = CARTESIAN_POINT ( 'NONE',  ( 0.000000000000000000, 0.000000000000000000, 9.671572875253831469 ) ) ;
#3764 = DIRECTION ( 'NONE',  ( 0.000000000000000000, 0.000000000000000000, -1.000000000000000000 ) ) ;
#3765 = VERTEX_POINT ( 'NONE', #7860 ) ;
#3766 = ORIENTED_EDGE ( 'NONE', *, *, #7323, .T. ) ;
#3767 = ORIENTED_EDGE ( 'NONE', *, *, #3865, .F. ) ;
#3768 = LINE ( 'NONE', #9049, #2748 ) ;
#3769 = CARTESIAN_POINT ( 'NONE',  ( -3.041841955658789676, -11.17530463715794653, -2.500000000000000444 ) ) ;
#3770 = CYLINDRICAL_SURFACE ( 'NONE', #7402, 21.99999999999999289 ) ;
#3771 = CARTESIAN_POINT ( 'NONE',  ( 3.031088913245554295, 1.749999999999988010, -2.500000000000000444 ) ) ;
#3772 = LINE ( 'NONE', #8820, #6435 ) ;
#3773 = ORIENTED_EDGE ( 'NONE', *, *, #7925, .T. ) ;
#3774 = CARTESIAN_POINT ( 'NONE',  ( 34.01836169854719572, -26.30116095055155867, 2.500000000000000444 ) ) ;
#3775 = ORIENTED_EDGE ( 'NONE', *, *, #7188, .F. ) ;
#3776 = AXIS2_PLACEMENT_3D ( 'NONE', #8201, #6717, #9733 ) ;
#3777 = CARTESIAN_POINT ( 'NONE',  ( 0.000000000000000000, 2.140000000000000124, 18.29999999999999716 ) ) ;
#3778 = CARTESIAN_POINT ( 'NONE',  ( -1.528560524299929613, 1.547296908661011994, 20.19122068764816191 ) ) ;
#3779 = CARTESIAN_POINT ( 'NONE',  ( 0.000000000000000000, 0.000000000000000000, 2.500000000000000444 ) ) ;
#3780 = VERTEX_POINT ( 'NONE', #1072 ) ;
#3781 = DIRECTION ( 'NONE',  ( -1.000000000000000000, 1.224646799147353454E-16, 0.000000000000000000 ) ) ;
#3782 = CARTESIAN_POINT ( 'NONE',  ( -26.30116095055095826, 34.01836169854765757, -2.500000000000000444 ) ) ;
#3783 = CARTESIAN_POINT ( 'NONE',  ( -14.46891108675449722, -32.06088913245533689, -2.500000000000000444 ) ) ;
#3784 = VECTOR ( 'NONE', #1089, 999.9999999999998863 ) ;
#3785 = ORIENTED_EDGE ( 'NONE', *, *, #9261, .F. ) ;
#3786 = ORIENTED_EDGE ( 'NONE', *, *, #1783, .T. ) ;
#3787 = LINE ( 'NONE', #7556, #3261 ) ;
#3788 = EDGE_CURVE ( 'NONE', #6835, #7411, #7859, .T. ) ;
#3789 = ORIENTED_EDGE ( 'NONE', *, *, #3132, .T. ) ;
#3790 = CARTESIAN_POINT ( 'NONE',  ( 25.07785113889720563, -32.43611231722002941, 2.500000000000000444 ) ) ;
#3791 = CIRCLE ( 'NONE', #4271, 1.999999999999998224 ) ;
#3792 = ORIENTED_EDGE ( 'NONE', *, *, #3915, .T. ) ;
#3793 = LINE ( 'NONE', #2110, #3614 ) ;
#3794 = VERTEX_POINT ( 'NONE', #1919 ) ;
#3795 = CARTESIAN_POINT ( 'NONE',  ( 0.000000000000000000, 0.000000000000000000, 12.50000000000000000 ) ) ;
#3796 = AXIS2_PLACEMENT_3D ( 'NONE', #134, #3160, #6185 ) ;
#3797 = VECTOR ( 'NONE', #9404, 1000.000000000000000 ) ;
#3798 = EDGE_LOOP ( 'NONE', ( #4584, #4320, #9557, #7788 ) ) ;
#3799 = CARTESIAN_POINT ( 'NONE',  ( -8.221964726476890917, 8.157176732979472433, -2.500000000000000444 ) ) ;
#3800 = EDGE_CURVE ( 'NONE', #2710, #1251, #9394, .T. ) ;
#3801 = EDGE_CURVE ( 'NONE', #4342, #8226, #2614, .T. ) ;
#3802 = VERTEX_POINT ( 'NONE', #1124 ) ;
#3803 = VECTOR ( 'NONE', #4947, 1000.000000000000000 ) ;
#3804 = DIRECTION ( 'NONE',  ( 0.9669420253356220130, -0.2549963129926494654, 0.000000000000000000 ) ) ;
#3805 = AXIS2_PLACEMENT_3D ( 'NONE', #6771, #4650, #5442 ) ;
#3806 =( BOUNDED_SURFACE ( )  B_SPLINE_SURFACE ( 3, 2, ( 
 ( #5463, #4673, #7690 ),
 ( #3883, #1692, #900 ),
 ( #3836, #6939, #9222 ),
 ( #6889, #1002, #4727 ),
 ( #4627, #6993, #849 ),
 ( #216, #64, #3084 ),
 ( #6311, #4036, #3989 ),
 ( #163, #7041, #6211 ),
 ( #5315, #263, #7740 ),
 ( #3236, #8330, #8528 ),
 ( #6104, #9116, #2341 ),
 ( #5365, #8377, #8626 ),
 ( #7242, #1248, #1200 ),
 ( #4279, #3389, #412 ),
 ( #2749, #8680, #1158 ),
 ( #1991, #2595, #3537 ),
 ( #1899, #8730, #7093 ),
 ( #1104, #462, #9374 ) ),
 .UNSPECIFIED., .F., .F., .F. ) 
 B_SPLINE_SURFACE_WITH_KNOTS ( ( 4, 2, 2, 2, 2, 2, 2, 2, 4 ),
 ( 3, 3 ),
 ( 0.008039958798219138184, 0.009217434188947888629, 0.009806171884312264719, 0.01039490957967663907, 0.01068927842735882539, 0.01098364727504101343, 0.01157238497040538952, 0.01216112266576976561, 0.01274986036113413997 ),
 ( 0.000000000000000000, 1.000000000000000000 ),
 .UNSPECIFIED. ) 
 GEOMETRIC_REPRESENTATION_ITEM ( )  RATIONAL_B_SPLINE_SURFACE ( (
 ( 1.000000000000000000, 0.8743000028043008687, 1.000000000000000000),
 ( 1.000000000000000000, 0.9040340056274275282, 1.000000000000000000),
 ( 1.000000000000000000, 0.9293707110792266413, 1.000000000000000000),
 ( 1.000000000000000000, 0.9577283957464819419, 1.000000000000000000),
 ( 1.000000000000000000, 0.9656583597106866979, 1.000000000000000000),
 ( 1.000000000000000000, 0.9768807575364775175, 1.000000000000000000),
 ( 1.000000000000000000, 0.9801665870686190329, 1.000000000000000000),
 ( 1.000000000000000000, 0.9800917898391504623, 1.000000000000000000),
 ( 1.000000000000000000, 0.9792404472886281352, 1.000000000000000000),
 ( 1.000000000000000000, 0.9761477858937434027, 1.000000000000000000),
 ( 1.000000000000000000, 0.9739028698193734623, 1.000000000000000000),
 ( 1.000000000000000000, 0.9653433039338112920, 1.000000000000000000),
 ( 1.000000000000000000, 0.9575275917683675475, 1.000000000000000000),
 ( 1.000000000000000000, 0.9385878883971850994, 1.000000000000000000),
 ( 1.000000000000000000, 0.9273697077154836599, 1.000000000000000000),
 ( 1.000000000000000000, 0.9025795582884068580, 1.000000000000000000),
 ( 1.000000000000000000, 0.8889414064004397265, 1.000000000000000000),
 ( 1.000000000000000000, 0.8743172408794765982, 1.000000000000000000) ) ) 
 REPRESENTATION_ITEM ( '' )  SURFACE ( )  );
#3807 = DIRECTION ( 'NONE',  ( 1.000000000000000000, 0.000000000000000000, 0.000000000000000000 ) ) ;
#3808 = AXIS2_PLACEMENT_3D ( 'NONE', #3799, #3098, #4596 ) ;
#3809 = DIRECTION ( 'NONE',  ( 1.000000000000000000, 0.000000000000000000, 0.000000000000000000 ) ) ;
#3810 = VERTEX_POINT ( 'NONE', #3953 ) ;
#3811 = DIRECTION ( 'NONE',  ( -0.000000000000000000, -0.000000000000000000, 1.000000000000000000 ) ) ;
#3812 = LINE ( 'NONE', #9088, #8651 ) ;
#3813 = VECTOR ( 'NONE', #692, 1000.000000000000000 ) ;
#3814 = VERTEX_POINT ( 'NONE', #6960 ) ;
#3815 = ADVANCED_FACE ( 'NONE', ( #184 ), #3459, .F. ) ;
#3816 = AXIS2_PLACEMENT_3D ( 'NONE', #296, #3971, #2430 ) ;
#3817 = EDGE_CURVE ( 'NONE', #2214, #4760, #5134, .T. ) ;
#3818 = ORIENTED_EDGE ( 'NONE', *, *, #9181, .F. ) ;
#3819 = ADVANCED_FACE ( 'NONE', ( #8745 ), #4205, .F. ) ;
#3820 = EDGE_LOOP ( 'NONE', ( #1335, #439, #1840, #1228, #1489 ) ) ;
#3821 = CARTESIAN_POINT ( 'NONE',  ( 15.50000000000000000, 0.000000000000000000, 2.500000000000000444 ) ) ;
#3822 = CARTESIAN_POINT ( 'NONE',  ( -12.96271092476112052, -15.53163513676224916, -2.500000000000000444 ) ) ;
#3823 = AXIS2_PLACEMENT_3D ( 'NONE', #7013, #7710, #918 ) ;
#3824 = CARTESIAN_POINT ( 'NONE',  ( 10.24935585154514150, 11.62758378290164707, 2.500000000000000444 ) ) ;
#3825 = CARTESIAN_POINT ( 'NONE',  ( 13.54235603521623865, -25.38033976807167491, -2.500000000000000444 ) ) ;
#3826 = FACE_OUTER_BOUND ( 'NONE', #5170, .T. ) ;
#3827 = EDGE_CURVE ( 'NONE', #3951, #5355, #9102, .T. ) ;
#3828 = ORIENTED_EDGE ( 'NONE', *, *, #9379, .F. ) ;
#3829 = DIRECTION ( 'NONE',  ( 0.000000000000000000, 0.000000000000000000, -1.000000000000000000 ) ) ;
#3830 = VERTEX_POINT ( 'NONE', #8928 ) ;
#3831 = CARTESIAN_POINT ( 'NONE',  ( 34.01836169854719572, -26.30116095055155867, -2.500000000000000444 ) ) ;
#3832 = LINE ( 'NONE', #5310, #4761 ) ;
#3833 = CARTESIAN_POINT ( 'NONE',  ( 11.17530463715804068, 3.041841955658831420, -2.500000000000000444 ) ) ;
#3834 = ORIENTED_EDGE ( 'NONE', *, *, #6741, .F. ) ;
#3835 = FACE_OUTER_BOUND ( 'NONE', #636, .T. ) ;
#3836 = CARTESIAN_POINT ( 'NONE',  ( -1.711635313033123662, 1.836581266516726041, 17.39197344866976280 ) ) ;
#3837 = CARTESIAN_POINT ( 'NONE',  ( -8.157176732979374734, -8.221964726476787888, -2.500000000000000444 ) ) ;
#3838 = VERTEX_POINT ( 'NONE', #9491 ) ;
#3839 = EDGE_CURVE ( 'NONE', #7520, #8932, #6472, .T. ) ;
#3840 = ORIENTED_EDGE ( 'NONE', *, *, #8248, .T. ) ;
#3841 = DIRECTION ( 'NONE',  ( 0.9695105696079973079, -0.2450494958541571122, 0.000000000000000000 ) ) ;
#3842 = EDGE_LOOP ( 'NONE', ( #7209, #9224, #2995, #3602 ) ) ;
#3843 = VECTOR ( 'NONE', #6777, 1000.000000000000000 ) ;
#3844 = LINE ( 'NONE', #5972, #5436 ) ;
#3845 = ORIENTED_EDGE ( 'NONE', *, *, #9736, .T. ) ;
#3846 = CARTESIAN_POINT ( 'NONE',  ( 17.56088913245572414, 39.58364779650302978, -2.500000000000000444 ) ) ;
#3847 = VERTEX_POINT ( 'NONE', #8009 ) ;
#3848 = FACE_BOUND ( 'NONE', #2941, .T. ) ;
#3849 = EDGE_CURVE ( 'NONE', #7303, #8532, #5985, .T. ) ;
#3850 = VECTOR ( 'NONE', #2679, 1000.000000000000000 ) ;
#3851 = ORIENTED_EDGE ( 'NONE', *, *, #7557, .T. ) ;
#3852 = CARTESIAN_POINT ( 'NONE',  ( 11.31056335679705249, -8.995100449718375302, 2.689257726104046231 ) ) ;
#3853 = ORIENTED_EDGE ( 'NONE', *, *, #1276, .T. ) ;
#3854 = PLANE ( 'NONE',  #7294 ) ;
#3855 = CIRCLE ( 'NONE', #3548, 1.000000000000002665 ) ;
#3856 = DIRECTION ( 'NONE',  ( -0.000000000000000000, -0.000000000000000000, -1.000000000000000000 ) ) ;
#3857 = CARTESIAN_POINT ( 'NONE',  ( -2.953339910681094693, -11.19901868863814620, 2.500000000000000444 ) ) ;
#3858 = DIRECTION ( 'NONE',  ( 1.000000000000000000, 3.469446951953611033E-15, 0.000000000000000000 ) ) ;
#3859 = EDGE_CURVE ( 'NONE', #31, #3838, #8885, .T. ) ;
#3860 = CARTESIAN_POINT ( 'NONE',  ( 5.500000000000001776, -40.62942283616641248, -2.500000000000000444 ) ) ;
#3861 = LINE ( 'NONE', #5494, #893 ) ;
#3862 = CIRCLE ( 'NONE', #9396, 2.174999999999999822 ) ;
#3863 = ORIENTED_EDGE ( 'NONE', *, *, #7807, .F. ) ;
#3864 = EDGE_LOOP ( 'NONE', ( #4477, #663, #1571, #3916 ) ) ;
#3865 = EDGE_CURVE ( 'NONE', #5154, #6984, #582, .T. ) ;
#3866 = ORIENTED_EDGE ( 'NONE', *, *, #5188, .T. ) ;
#3867 = CARTESIAN_POINT ( 'NONE',  ( 0.000000000000000000, 0.000000000000000000, 11.08578643762688642 ) ) ;
#3868 = CARTESIAN_POINT ( 'NONE',  ( 4.227275442616384993, 29.39008111416191937, 2.500000000000000444 ) ) ;
#3869 = ADVANCED_FACE ( 'NONE', ( #1224 ), #7210, .F. ) ;
#3870 = CARTESIAN_POINT ( 'NONE',  ( -9.671572875253835022, 1.271021682063546518E-15, 12.50000000000000000 ) ) ;
#3871 = CARTESIAN_POINT ( 'NONE',  ( 11.17530463715804068, 3.041841955658831420, 2.500000000000000444 ) ) ;
#3872 = EDGE_CURVE ( 'NONE', #5419, #3810, #8837, .T. ) ;
#3873 = DIRECTION ( 'NONE',  ( 1.000000000000000000, 0.000000000000000000, 0.000000000000000000 ) ) ;
#3874 = VERTEX_POINT ( 'NONE', #8788 ) ;
#3875 = DIRECTION ( 'NONE',  ( -0.000000000000000000, -0.000000000000000000, 1.000000000000000000 ) ) ;
#3876 = VERTEX_POINT ( 'NONE', #481 ) ;
#3877 = CARTESIAN_POINT ( 'NONE',  ( 1.591581934807374310, 1.485934418161218629, 16.51543868903793211 ) ) ;
#3878 = DIRECTION ( 'NONE',  ( -0.000000000000000000, -0.000000000000000000, 1.000000000000000000 ) ) ;
#3879 = DIRECTION ( 'NONE',  ( -0.2450494958541582780, 0.9695105696079970858, 0.000000000000000000 ) ) ;
#3880 = EDGE_LOOP ( 'NONE', ( #8150, #3724, #5977, #4322 ) ) ;
#3881 = DIRECTION ( 'NONE',  ( 0.2725361962097284096, 0.9621455304451257406, 0.000000000000000000 ) ) ;
#3882 = EDGE_CURVE ( 'NONE', #5059, #363, #3509, .T. ) ;
#3883 = CARTESIAN_POINT ( 'NONE',  ( -1.601483187608955028, 2.061846271760017668, 17.20962669802695899 ) ) ;
#3884 = ADVANCED_FACE ( 'NONE', ( #1315 ), #9535, .F. ) ;
#3885 = CARTESIAN_POINT ( 'NONE',  ( 2.174999999999999822, 0.000000000000000000, 5.499999999999998224 ) ) ;
#3886 = VERTEX_POINT ( 'NONE', #6520 ) ;
#3887 = ORIENTED_EDGE ( 'NONE', *, *, #1502, .T. ) ;
#3888 = LINE ( 'NONE', #6894, #3581 ) ;
#3889 = ORIENTED_EDGE ( 'NONE', *, *, #515, .T. ) ;
#3890 = DIRECTION ( 'NONE',  ( -0.000000000000000000, 0.000000000000000000, 1.000000000000000000 ) ) ;
#3891 = EDGE_LOOP ( 'NONE', ( #8925, #8444, #8935, #2944 ) ) ;
#3892 = CARTESIAN_POINT ( 'NONE',  ( 24.66324373348084720, 14.23933040861457222, 2.500000000000000444 ) ) ;
#3893 = VECTOR ( 'NONE', #2763, 1000.000000000000000 ) ;
#3894 = EDGE_LOOP ( 'NONE', ( #9259, #2426, #3571, #7383 ) ) ;
#3895 = ADVANCED_FACE ( 'NONE', ( #5783 ), #1271, .F. ) ;
#3896 = DIRECTION ( 'NONE',  ( -0.000000000000000000, -0.000000000000000000, -1.000000000000000000 ) ) ;
#3897 = ORIENTED_EDGE ( 'NONE', *, *, #8929, .F. ) ;
#3898 = DIRECTION ( 'NONE',  ( 0.000000000000000000, -1.000000000000000000, 0.000000000000000000 ) ) ;
#3899 = CIRCLE ( 'NONE', #6432, 22.00000000000000000 ) ;
#3900 = DIRECTION ( 'NONE',  ( -0.000000000000000000, -0.000000000000000000, -1.000000000000000000 ) ) ;
#3901 = ORIENTED_EDGE ( 'NONE', *, *, #5739, .F. ) ;
#3902 = DIRECTION ( 'NONE',  ( -0.000000000000000000, -0.000000000000000000, 1.000000000000000000 ) ) ;
#3903 = LINE ( 'NONE', #2460, #1792 ) ;
#3904 = AXIS2_PLACEMENT_3D ( 'NONE', #1093, #1040, #1832 ) ;
#3905 = FACE_BOUND ( 'NONE', #2885, .T. ) ;
#3906 = ORIENTED_EDGE ( 'NONE', *, *, #9661, .T. ) ;
#3907 = CARTESIAN_POINT ( 'NONE',  ( -4.945105014852114067, -14.68999443131563787, 2.500000000000000444 ) ) ;
#3908 = VECTOR ( 'NONE', #4413, 1000.000000000000000 ) ;
#3909 = CARTESIAN_POINT ( 'NONE',  ( -6.106517200318418048, 6.282812448554152773, -2.500000000000000444 ) ) ;
#3910 = CIRCLE ( 'NONE', #1054, 1.000000000000000888 ) ;
#3911 = DIRECTION ( 'NONE',  ( -0.000000000000000000, -0.000000000000000000, 1.000000000000000000 ) ) ;
#3912 = ORIENTED_EDGE ( 'NONE', *, *, #3859, .T. ) ;
#3913 = CIRCLE ( 'NONE', #2652, 43.00000000000000711 ) ;
#3914 = ORIENTED_EDGE ( 'NONE', *, *, #3762, .F. ) ;
#3915 = EDGE_CURVE ( 'NONE', #9092, #334, #2109, .T. ) ;
#3916 = ORIENTED_EDGE ( 'NONE', *, *, #2483, .T. ) ;
#3917 = CARTESIAN_POINT ( 'NONE',  ( -35.00000000000009237, -25.49999999999987921, 2.500000000000000444 ) ) ;
#3918 = CARTESIAN_POINT ( 'NONE',  ( -40.62942283616643380, -5.499999999999858780, 2.500000000000000444 ) ) ;
#3919 = DIRECTION ( 'NONE',  ( -0.7170960345909680456, 0.6969743733982686207, 0.000000000000000000 ) ) ;
#3920 = AXIS2_PLACEMENT_3D ( 'NONE', #611, #5229, #6013 ) ;
#3921 = DIRECTION ( 'NONE',  ( -0.000000000000000000, -0.000000000000000000, 1.000000000000000000 ) ) ;
#3922 = DIRECTION ( 'NONE',  ( -0.9695105696079969748, -0.2450494958541582224, 0.000000000000000000 ) ) ;
#3923 = DIRECTION ( 'NONE',  ( 0.9669420253356220130, 0.2549963129926494654, 0.000000000000000000 ) ) ;
#3924 = EDGE_CURVE ( 'NONE', #5788, #5029, #7406, .T. ) ;
#3925 = ORIENTED_EDGE ( 'NONE', *, *, #3302, .T. ) ;
#3926 = DIRECTION ( 'NONE',  ( -1.000000000000000000, 0.000000000000000000, 0.000000000000000000 ) ) ;
#3927 = EDGE_CURVE ( 'NONE', #7483, #3847, #9678, .T. ) ;
#3928 = ORIENTED_EDGE ( 'NONE', *, *, #7807, .T. ) ;
#3929 = CARTESIAN_POINT ( 'NONE',  ( 1.833936252769668096, 1.194748497482641003, 17.68404059764376157 ) ) ;
#3930 = EDGE_CURVE ( 'NONE', #6107, #2081, #9545, .T. ) ;
#3931 = CARTESIAN_POINT ( 'NONE',  ( 40.62942283616644801, 3.499999999999575895, 2.500000000000000444 ) ) ;
#3932 = CARTESIAN_POINT ( 'NONE',  ( -14.24130627983777408, -8.222222014276102442, -2.500000000000000444 ) ) ;
#3933 = ORIENTED_EDGE ( 'NONE', *, *, #3563, .T. ) ;
#3934 = EDGE_CURVE ( 'NONE', #4731, #2663, #6897, .T. ) ;
#3935 = DIRECTION ( 'NONE',  ( 0.000000000000000000, -0.000000000000000000, -1.000000000000000000 ) ) ;
#3936 = FACE_OUTER_BOUND ( 'NONE', #3842, .T. ) ;
#3937 = DIRECTION ( 'NONE',  ( -0.000000000000000000, -0.000000000000000000, 1.000000000000000000 ) ) ;
#3938 = EDGE_LOOP ( 'NONE', ( #8501, #4017, #9463, #8326, #7746, #1813 ) ) ;
#3939 = VECTOR ( 'NONE', #1176, 1000.000000000000000 ) ;
#3940 = EDGE_LOOP ( 'NONE', ( #6826, #4500, #4038, #6041 ) ) ;
#3941 = CARTESIAN_POINT ( 'NONE',  ( 43.00000000000000711, 0.000000000000000000, 10.49999999999998579 ) ) ;
#3942 = ORIENTED_EDGE ( 'NONE', *, *, #8353, .T. ) ;
#3943 = ADVANCED_FACE ( 'NONE', ( #8339 ), #1459, .F. ) ;
#3944 = DIRECTION ( 'NONE',  ( -0.000000000000000000, -0.000000000000000000, 1.000000000000000000 ) ) ;
#3945 = EDGE_CURVE ( 'NONE', #5278, #684, #3844, .T. ) ;
#3946 = ORIENTED_EDGE ( 'NONE', *, *, #6230, .T. ) ;
#3947 = FACE_OUTER_BOUND ( 'NONE', #6315, .T. ) ;
#3948 = VERTEX_POINT ( 'NONE', #9772 ) ;
#3949 = AXIS2_PLACEMENT_3D ( 'NONE', #5962, #4430, #3640 ) ;
#3950 = PLANE ( 'NONE',  #7600 ) ;
#3951 = VERTEX_POINT ( 'NONE', #5373 ) ;
#3952 = DIRECTION ( 'NONE',  ( -0.9695105696079970858, 0.2450494958541576673, 0.000000000000000000 ) ) ;
#3953 = CARTESIAN_POINT ( 'NONE',  ( 11.31056335679705249, -8.995100449718375302, 2.689257726104046231 ) ) ;
#3954 = EDGE_LOOP ( 'NONE', ( #6868, #3619, #2459, #9283 ) ) ;
#3955 = CARTESIAN_POINT ( 'NONE',  ( -3.499999999999717559, 40.62942283616644090, 2.500000000000000444 ) ) ;
#3956 = CARTESIAN_POINT ( 'NONE',  ( 2.953339910681121339, -11.19901868863823680, -2.500000000000000444 ) ) ;
#3957 = DIRECTION ( 'NONE',  ( -7.199102425303747864E-15, -1.000000000000000000, 0.000000000000000000 ) ) ;
#3958 = CIRCLE ( 'NONE', #4913, 1.999999999999998224 ) ;
#3959 = VERTEX_POINT ( 'NONE', #2255 ) ;
#3960 = DIRECTION ( 'NONE',  ( 0.000000000000000000, -1.000000000000000000, 0.000000000000000000 ) ) ;
#3961 = DIRECTION ( 'NONE',  ( -0.4999999999999884537, 0.8660254037844453689, 0.000000000000000000 ) ) ;
#3962 = CIRCLE ( 'NONE', #9490, 2.000000000000001776 ) ;
#3963 = CARTESIAN_POINT ( 'NONE',  ( 3.500000000000010214, -7.589415207398551746E-16, -2.500000000000000444 ) ) ;
#3964 = ORIENTED_EDGE ( 'NONE', *, *, #8332, .F. ) ;
#3965 = FACE_OUTER_BOUND ( 'NONE', #5639, .T. ) ;
#3966 = VECTOR ( 'NONE', #4794, 999.9999999999998863 ) ;
#3967 = ORIENTED_EDGE ( 'NONE', *, *, #1967, .F. ) ;
#3968 = ORIENTED_EDGE ( 'NONE', *, *, #4519, .F. ) ;
#3969 = CIRCLE ( 'NONE', #7280, 2.000000000000001776 ) ;
#3970 = LINE ( 'NONE', #985, #6530 ) ;
#3971 = DIRECTION ( 'NONE',  ( 0.000000000000000000, 0.000000000000000000, 1.000000000000000000 ) ) ;
#3972 = DIRECTION ( 'NONE',  ( 1.000000000000000000, 0.000000000000000000, 0.000000000000000000 ) ) ;
#3973 = AXIS2_PLACEMENT_3D ( 'NONE', #4189, #2547, #5574 ) ;
#3974 = CARTESIAN_POINT ( 'NONE',  ( -4.945105014852096303, 14.68999443131564675, 2.500000000000000444 ) ) ;
#3975 = CARTESIAN_POINT ( 'NONE',  ( 13.37708729347518322, 3.043186370107787475, 3.055993497343839849 ) ) ;
#3976 = DIRECTION ( 'NONE',  ( 0.000000000000000000, 0.000000000000000000, -1.000000000000000000 ) ) ;
#3977 = EDGE_CURVE ( 'NONE', #8695, #2037, #5764, .T. ) ;
#3978 = VECTOR ( 'NONE', #3321, 1000.000000000000000 ) ;
#3979 = VERTEX_POINT ( 'NONE', #7508 ) ;
#3980 = CARTESIAN_POINT ( 'NONE',  ( 18.99185453113845057, 6.969435128366721521, 2.500000000000000444 ) ) ;
#3981 = ORIENTED_EDGE ( 'NONE', *, *, #6206, .T. ) ;
#3982 = CIRCLE ( 'NONE', #5882, 2.000000000000000000 ) ;
#3983 = CARTESIAN_POINT ( 'NONE',  ( 1.925201876841048598, 1.234182338415317659, 18.42726669952091356 ) ) ;
#3984 = LINE ( 'NONE', #5569, #7446 ) ;
#3985 = LINE ( 'NONE', #5570, #8215 ) ;
#3986 = VECTOR ( 'NONE', #6769, 1000.000000000000000 ) ;
#3987 = ORIENTED_EDGE ( 'NONE', *, *, #4314, .F. ) ;
#3988 = LINE ( 'NONE', #3037, #5953 ) ;
#3989 = CARTESIAN_POINT ( 'NONE',  ( -2.003950294560981948, 0.8454634916409000667, 18.10662072930571753 ) ) ;
#3990 = CARTESIAN_POINT ( 'NONE',  ( 8.494333787820233184, 2.146992799845305999, -2.500000000000000444 ) ) ;
#3991 = EDGE_CURVE ( 'NONE', #6995, #430, #6851, .T. ) ;
#3992 = ORIENTED_EDGE ( 'NONE', *, *, #1000, .F. ) ;
#3993 = ORIENTED_EDGE ( 'NONE', *, *, #8162, .F. ) ;
#3994 = FACE_OUTER_BOUND ( 'NONE', #1025, .T. ) ;
#3995 = ORIENTED_EDGE ( 'NONE', *, *, #2925, .T. ) ;
#3996 = CARTESIAN_POINT ( 'NONE',  ( -8.429805248399418360, -2.387816587501792487, -2.500000000000000444 ) ) ;
#3997 = ORIENTED_EDGE ( 'NONE', *, *, #8408, .F. ) ;
#3998 = DIRECTION ( 'NONE',  ( 1.000000000000000000, 0.000000000000000000, 0.000000000000000000 ) ) ;
#3999 = ORIENTED_EDGE ( 'NONE', *, *, #8263, .T. ) ;
#4000 = LINE ( 'NONE', #7005, #7756 ) ;
#4001 = EDGE_CURVE ( 'NONE', #6916, #6052, #8384, .T. ) ;
#4002 = EDGE_CURVE ( 'NONE', #4746, #6190, #7648, .T. ) ;
#4003 = ORIENTED_EDGE ( 'NONE', *, *, #6822, .F. ) ;
#4004 = DIRECTION ( 'NONE',  ( 0.8660254037844361541, -0.5000000000000042188, 0.000000000000000000 ) ) ;
#4005 = CARTESIAN_POINT ( 'NONE',  ( 25.07785113889788420, 32.43611231721950361, -2.500000000000000444 ) ) ;
#4006 = ORIENTED_EDGE ( 'NONE', *, *, #9013, .F. ) ;
#4007 = CARTESIAN_POINT ( 'NONE',  ( 3.500000000000247358, 34.99999999999997158, 2.500000000000000444 ) ) ;
#4008 = DIRECTION ( 'NONE',  ( 1.000000000000000000, 0.000000000000000000, 0.000000000000000000 ) ) ;
#4009 = FACE_BOUND ( 'NONE', #6538, .T. ) ;
#4010 = ORIENTED_EDGE ( 'NONE', *, *, #1750, .T. ) ;
#4011 = CIRCLE ( 'NONE', #991, 22.00000000000001421 ) ;
#4012 = DIRECTION ( 'NONE',  ( 0.2549963129926495764, -0.9669420253356220130, 0.000000000000000000 ) ) ;
#4013 = EDGE_CURVE ( 'NONE', #7797, #8130, #71, .T. ) ;
#4014 = DIRECTION ( 'NONE',  ( -0.000000000000000000, -0.000000000000000000, 1.000000000000000000 ) ) ;
#4015 = EDGE_CURVE ( 'NONE', #5028, #4393, #2349, .T. ) ;
#4016 = CARTESIAN_POINT ( 'NONE',  ( -8.429805248399402373, 2.387816587501787158, -2.500000000000000444 ) ) ;
#4017 = ORIENTED_EDGE ( 'NONE', *, *, #4001, .T. ) ;
#4018 = CARTESIAN_POINT ( 'NONE',  ( -29.39008111416178082, -4.227275442616172718, -2.500000000000000444 ) ) ;
#4019 = CIRCLE ( 'NONE', #998, 1.000000000000002665 ) ;
#4020 = ORIENTED_EDGE ( 'NONE', *, *, #9251, .T. ) ;
#4021 = DIRECTION ( 'NONE',  ( -0.7170960345909676015, -0.6969743733982690648, 0.000000000000000000 ) ) ;
#4022 = CARTESIAN_POINT ( 'NONE',  ( 23.34580033132901633, 33.43611231721952493, -2.500000000000000444 ) ) ;
#4023 = DIRECTION ( 'NONE',  ( 1.000000000000000000, 0.000000000000000000, 0.000000000000000000 ) ) ;
#4024 = CIRCLE ( 'NONE', #9059, 50.00000000000000000 ) ;
#4025 = DIRECTION ( 'NONE',  ( -0.000000000000000000, -0.000000000000000000, 1.000000000000000000 ) ) ;
#4026 = DIRECTION ( 'NONE',  ( -0.8660254037844433705, -0.4999999999999918399, 0.000000000000000000 ) ) ;
#4027 = ORIENTED_EDGE ( 'NONE', *, *, #5630, .F. ) ;
#4028 = LINE ( 'NONE', #3281, #1215 ) ;
#4029 = ORIENTED_EDGE ( 'NONE', *, *, #4013, .F. ) ;
#4030 = DIRECTION ( 'NONE',  ( 0.2626377277448089798, -0.9648945144237496274, 0.000000000000000000 ) ) ;
#4031 = DIRECTION ( 'NONE',  ( 1.000000000000000000, -3.686287386450714287E-15, 0.000000000000000000 ) ) ;
#4032 = EDGE_CURVE ( 'NONE', #7203, #3192, #6389, .T. ) ;
#4033 = DIRECTION ( 'NONE',  ( 0.000000000000000000, 0.000000000000000000, -1.000000000000000000 ) ) ;
#4034 = ORIENTED_EDGE ( 'NONE', *, *, #8873, .F. ) ;
#4035 = DIRECTION ( 'NONE',  ( -0.000000000000000000, -0.000000000000000000, 1.000000000000000000 ) ) ;
#4036 = CARTESIAN_POINT ( 'NONE',  ( -1.925302438172478148, 1.031877756135533453, 18.14104018533116403 ) ) ;
#4037 = DIRECTION ( 'NONE',  ( -0.000000000000000000, -0.000000000000000000, 1.000000000000000000 ) ) ;
#4038 = ORIENTED_EDGE ( 'NONE', *, *, #9701, .F. ) ;
#4039 = ORIENTED_EDGE ( 'NONE', *, *, #2665, .F. ) ;
#4040 = DIRECTION ( 'NONE',  ( 1.000000000000000000, 3.469446951953611033E-15, 0.000000000000000000 ) ) ;
#4041 = ORIENTED_EDGE ( 'NONE', *, *, #3849, .F. ) ;
#4042 = DIRECTION ( 'NONE',  ( -1.000000000000000000, -6.938893903907234689E-15, 0.000000000000000000 ) ) ;
#4043 = EDGE_CURVE ( 'NONE', #9048, #2950, #7014, .T. ) ;
#4044 = ORIENTED_EDGE ( 'NONE', *, *, #5823, .F. ) ;
#4045 = DIRECTION ( 'NONE',  ( -0.8660254037844329345, 0.5000000000000101030, 0.000000000000000000 ) ) ;
#4046 = ORIENTED_EDGE ( 'NONE', *, *, #2357, .F. ) ;
#4047 = CARTESIAN_POINT ( 'NONE',  ( 45.82842712474621294, 0.000000000000000000, 12.50000000000000000 ) ) ;
#4048 = ORIENTED_EDGE ( 'NONE', *, *, #4725, .F. ) ;
#4049 = CARTESIAN_POINT ( 'NONE',  ( -11.19901868863824568, 2.953339910681120895, -2.500000000000000444 ) ) ;
#4050 = CARTESIAN_POINT ( 'NONE',  ( 32.06088913245548611, 14.46891108675416504, -2.500000000000000444 ) ) ;
#4051 = AXIS2_PLACEMENT_3D ( 'NONE', #2506, #281, #915 ) ;
#4052 = VERTEX_POINT ( 'NONE', #8190 ) ;
#4053 = EDGE_CURVE ( 'NONE', #7555, #7926, #1504, .T. ) ;
#4054 = FACE_OUTER_BOUND ( 'NONE', #4253, .T. ) ;
#4055 = CARTESIAN_POINT ( 'NONE',  ( 2.134703820650469819, -14.29278542295874033, 2.689257726104077317 ) ) ;
#4056 = EDGE_CURVE ( 'NONE', #230, #8609, #9721, .T. ) ;
#4057 = DIRECTION ( 'NONE',  ( 1.000000000000000000, 0.000000000000000000, -0.000000000000000000 ) ) ;
#4058 = VERTEX_POINT ( 'NONE', #6804 ) ;
#4059 = FACE_OUTER_BOUND ( 'NONE', #9395, .T. ) ;
#4060 = CARTESIAN_POINT ( 'NONE',  ( -11.51964875665643184, 9.822323147761185425, 2.500000000000000888 ) ) ;
#4061 = DIRECTION ( 'NONE',  ( 0.000000000000000000, -0.000000000000000000, -1.000000000000000000 ) ) ;
#4062 = CIRCLE ( 'NONE', #1204, 2.000000000000001776 ) ;
#4063 = VERTEX_POINT ( 'NONE', #759 ) ;
#4064 = FACE_OUTER_BOUND ( 'NONE', #256, .T. ) ;
#4065 = AXIS2_PLACEMENT_3D ( 'NONE', #6408, #368, #463 ) ;
#4066 = ORIENTED_EDGE ( 'NONE', *, *, #5071, .T. ) ;
#4067 = DIRECTION ( 'NONE',  ( 0.8660254037844383745, -0.5000000000000006661, 0.000000000000000000 ) ) ;
#4068 = EDGE_CURVE ( 'NONE', #6896, #244, #4185, .T. ) ;
#4069 = EDGE_CURVE ( 'NONE', #1295, #5427, #669, .T. ) ;
#4070 = LINE ( 'NONE', #9206, #6809 ) ;
#4071 = VECTOR ( 'NONE', #2703, 1000.000000000000000 ) ;
#4072 = AXIS2_PLACEMENT_3D ( 'NONE', #2802, #5825, #3641 ) ;
#4073 = CARTESIAN_POINT ( 'NONE',  ( -2.953339910681094693, -11.19901868863814620, 2.500000000000000444 ) ) ;
#4074 = DIRECTION ( 'NONE',  ( -0.000000000000000000, -0.000000000000000000, 1.000000000000000000 ) ) ;
#4075 = DIRECTION ( 'NONE',  ( -0.9669420253356220130, -0.2549963129926496319, 0.000000000000000000 ) ) ;
#4076 = CARTESIAN_POINT ( 'NONE',  ( 4.227275442616313050, -29.39008111416170976, -2.500000000000000444 ) ) ;
#4077 = AXIS2_PLACEMENT_3D ( 'NONE', #9579, #527, #1175 ) ;
#4078 = ORIENTED_EDGE ( 'NONE', *, *, #1303, .T. ) ;
#4079 = VECTOR ( 'NONE', #8974, 1000.000000000000000 ) ;
#4080 = CARTESIAN_POINT ( 'NONE',  ( 6.969435128366727739, 18.99185453113849675, 2.500000000000000444 ) ) ;
#4081 = ORIENTED_EDGE ( 'NONE', *, *, #1808, .F. ) ;
#4082 = CARTESIAN_POINT ( 'NONE',  ( 2.953339910681150648, 11.19901868863836292, -2.500000000000000444 ) ) ;
#4083 = VECTOR ( 'NONE', #4209, 1000.000000000000000 ) ;
#4084 = CARTESIAN_POINT ( 'NONE',  ( 7.372574772901430151E-14, 28.47866081722908405, -2.500000000000000444 ) ) ;
#4085 = DIRECTION ( 'NONE',  ( -0.9669420253356220130, -0.2549963129926495764, 0.000000000000000000 ) ) ;
#4086 = ORIENTED_EDGE ( 'NONE', *, *, #706, .T. ) ;
#4087 = CARTESIAN_POINT ( 'NONE',  ( -2.134703820650388106, 14.29278542295894994, 2.689257726104003599 ) ) ;
#4088 = DIRECTION ( 'NONE',  ( -0.000000000000000000, 0.000000000000000000, 1.000000000000000000 ) ) ;
#4089 = CARTESIAN_POINT ( 'NONE',  ( -10.06330423973760801, -9.324020351701269860, 3.055993497343955756 ) ) ;
#4090 = ORIENTED_EDGE ( 'NONE', *, *, #4015, .T. ) ;
#4091 = ORIENTED_EDGE ( 'NONE', *, *, #4785, .F. ) ;
#4092 = LINE ( 'NONE', #3941, #5636 ) ;
#4093 = EDGE_LOOP ( 'NONE', ( #5457, #4791, #3925, #8132 ) ) ;
#4094 = CARTESIAN_POINT ( 'NONE',  ( 0.000000000000000000, 2.140000000000000124, 18.29999999999999716 ) ) ;
#4095 = VERTEX_POINT ( 'NONE', #6068 ) ;
#4096 = CARTESIAN_POINT ( 'NONE',  ( 2.437417908701684954, -14.58700537629967542, 2.564006035009124940 ) ) ;
#4097 = LINE ( 'NONE', #5732, #7069 ) ;
#4098 = LINE ( 'NONE', #4246, #1585 ) ;
#4099 = PRODUCT_DEFINITION_SHAPE ( 'NONE', 'NONE',  #5493 ) ;
#4100 = EDGE_CURVE ( 'NONE', #2214, #107, #6847, .T. ) ;
#4101 = ORIENTED_EDGE ( 'NONE', *, *, #5432, .T. ) ;
#4102 = DIRECTION ( 'NONE',  ( -0.000000000000000000, -0.000000000000000000, -1.000000000000000000 ) ) ;
#4103 = ADVANCED_FACE ( 'NONE', ( #4493 ), #3743, .T. ) ;
#4104 = CARTESIAN_POINT ( 'NONE',  ( -40.62942283616639827, 3.500000000000143441, 2.500000000000000444 ) ) ;
#4105 = ORIENTED_EDGE ( 'NONE', *, *, #9131, .F. ) ;
#4106 = AXIS2_PLACEMENT_3D ( 'NONE', #6521, #5638, #8652 ) ;
#4107 = DIRECTION ( 'NONE',  ( -0.7043042975908130332, -0.7098982014311004951, 0.000000000000000000 ) ) ;
#4108 = LINE ( 'NONE', #8746, #3939 ) ;
#4109 = ORIENTED_EDGE ( 'NONE', *, *, #1868, .T. ) ;
#4110 = DIRECTION ( 'NONE',  ( -1.000000000000000000, 0.000000000000000000, 0.000000000000000000 ) ) ;
#4111 = CARTESIAN_POINT ( 'NONE',  ( -11.41400826666487589, 9.404368516724774807, 2.564006035009263051 ) ) ;
#4112 = DIRECTION ( 'NONE',  ( -0.000000000000000000, -0.000000000000000000, 1.000000000000000000 ) ) ;
#4113 = ADVANCED_FACE ( 'NONE', ( #7000 ), #7799, .F. ) ;
#4114 = CIRCLE ( 'NONE', #1716, 1.000000000000004441 ) ;
#4115 = ORIENTED_EDGE ( 'NONE', *, *, #6701, .T. ) ;
#4116 = EDGE_CURVE ( 'NONE', #5576, #3425, #6415, .T. ) ;
#4117 = DIRECTION ( 'NONE',  ( 1.000000000000000000, 0.000000000000000000, 0.000000000000000000 ) ) ;
#4118 = ORIENTED_EDGE ( 'NONE', *, *, #8317, .F. ) ;
#4119 = CARTESIAN_POINT ( 'NONE',  ( -2.387816587501760068, -8.429805248399302897, -2.500000000000000444 ) ) ;
#4120 = DIRECTION ( 'NONE',  ( 0.000000000000000000, -0.000000000000000000, -1.000000000000000000 ) ) ;
#4121 = EDGE_CURVE ( 'NONE', #1149, #5037, #1700, .T. ) ;
#4122 = VECTOR ( 'NONE', #361, 1000.000000000000000 ) ;
#4123 = CARTESIAN_POINT ( 'NONE',  ( 18.99185453113845057, 6.969435128366721521, -2.500000000000000444 ) ) ;
#4124 = CARTESIAN_POINT ( 'NONE',  ( 43.06088913245541505, 4.583647796502684280, -2.500000000000000444 ) ) ;
#4125 = DIRECTION ( 'NONE',  ( -0.000000000000000000, -0.000000000000000000, -1.000000000000000000 ) ) ;
#4126 = DIRECTION ( 'NONE',  ( -0.2549963129926495209, 0.9669420253356221240, 0.000000000000000000 ) ) ;
#4127 = AXIS2_PLACEMENT_3D ( 'NONE', #4350, #7169, #3462 ) ;
#4128 = EDGE_CURVE ( 'NONE', #7653, #2353, #3351, .T. ) ;
#4129 = EDGE_CURVE ( 'NONE', #189, #9176, #3702, .T. ) ;
#4130 = VECTOR ( 'NONE', #5665, 1000.000000000000000 ) ;
#4131 = ORIENTED_EDGE ( 'NONE', *, *, #2285, .T. ) ;
#4132 = DIRECTION ( 'NONE',  ( 1.000000000000000000, 0.000000000000000000, -0.000000000000000000 ) ) ;
#4133 = ORIENTED_EDGE ( 'NONE', *, *, #4407, .F. ) ;
#4134 = CARTESIAN_POINT ( 'NONE',  ( -29.39008111416177726, 4.227275442616453383, -2.500000000000000444 ) ) ;
#4135 = FACE_OUTER_BOUND ( 'NONE', #8110, .T. ) ;
#4136 = DIRECTION ( 'NONE',  ( 0.2549963129926495764, -0.9669420253356220130, 0.000000000000000000 ) ) ;
#4137 = VECTOR ( 'NONE', #75, 1000.000000000000000 ) ;
#4138 = ORIENTED_EDGE ( 'NONE', *, *, #6273, .F. ) ;
#4139 = LINE ( 'NONE', #5022, #2160 ) ;
#4140 = VECTOR ( 'NONE', #6100, 1000.000000000000000 ) ;
#4141 = CARTESIAN_POINT ( 'NONE',  ( 3.031088913245549410, -1.750000000000037970, 2.500000000000000444 ) ) ;
#4142 = CARTESIAN_POINT ( 'NONE',  ( 15.55157169726830979, -37.93611231721990862, 2.500000000000000444 ) ) ;
#4143 = VERTEX_POINT ( 'NONE', #173 ) ;
#4144 = AXIS2_PLACEMENT_3D ( 'NONE', #7351, #9025, #565 ) ;
#4145 = EDGE_LOOP ( 'NONE', ( #4773, #9275 ) ) ;
#4146 = DIRECTION ( 'NONE',  ( 0.9669420253356220130, 0.2549963129926495209, 0.000000000000000000 ) ) ;
#4147 = VERTEX_POINT ( 'NONE', #2555 ) ;
#4148 = AXIS2_PLACEMENT_3D ( 'NONE', #4815, #9305, #6195 ) ;
#4149 = LINE ( 'NONE', #3996, #6545 ) ;
#4150 = VERTEX_POINT ( 'NONE', #4836 ) ;
#4151 = LINE ( 'NONE', #1910, #9630 ) ;
#4152 = ORIENTED_EDGE ( 'NONE', *, *, #6099, .F. ) ;
#4153 = LINE ( 'NONE', #4294, #6799 ) ;
#4154 = EDGE_CURVE ( 'NONE', #1123, #8260, #7699, .T. ) ;
#4155 = ORIENTED_EDGE ( 'NONE', *, *, #5203, .T. ) ;
#4156 = LINE ( 'NONE', #6377, #9089 ) ;
#4157 = ORIENTED_EDGE ( 'NONE', *, *, #5936, .F. ) ;
#4158 = LINE ( 'NONE', #4952, #6285 ) ;
#4159 = EDGE_CURVE ( 'NONE', #6166, #4687, #7048, .T. ) ;
#4160 = CARTESIAN_POINT ( 'NONE',  ( -9.324020351701436837, -10.06330423973744281, 3.055993497343886478 ) ) ;
#4161 = CARTESIAN_POINT ( 'NONE',  ( 25.38033976807182057, 13.54235603521629905, -2.500000000000000444 ) ) ;
#4162 = EDGE_CURVE ( 'NONE', #6265, #8102, #2450, .T. ) ;
#4163 = ORIENTED_EDGE ( 'NONE', *, *, #4648, .F. ) ;
#4164 = CARTESIAN_POINT ( 'NONE',  ( -3.469296921803755041, -12.94759237871368995, -2.500000000000000000 ) ) ;
#4165 = CARTESIAN_POINT ( 'NONE',  ( -4.583647796502832605, 43.06088913245540084, 2.500000000000000444 ) ) ;
#4166 = VERTEX_POINT ( 'NONE', #5469 ) ;
#4167 = CYLINDRICAL_SURFACE ( 'NONE', #7275, 21.99999999999982592 ) ;
#4168 = VERTEX_POINT ( 'NONE', #4790 ) ;
#4169 = CARTESIAN_POINT ( 'NONE',  ( 42.62942283616646932, 5.499999999999576339, 2.500000000000000444 ) ) ;
#4170 = LINE ( 'NONE', #3373, #6657 ) ;
#4171 = EDGE_CURVE ( 'NONE', #2211, #852, #7174, .T. ) ;
#4172 = CARTESIAN_POINT ( 'NONE',  ( 16.44444402855255305, 6.418476861114186249E-14, 2.500000000000000444 ) ) ;
#4173 = DIRECTION ( 'NONE',  ( 1.000000000000000000, -3.469446951953611033E-15, 0.000000000000000000 ) ) ;
#4174 = DIRECTION ( 'NONE',  ( -0.000000000000000000, 0.000000000000000000, 1.000000000000000000 ) ) ;
#4175 = LINE ( 'NONE', #8026, #422 ) ;
#4176 = CIRCLE ( 'NONE', #6056, 2.000000000000001776 ) ;
#4177 = EDGE_CURVE ( 'NONE', #3283, #9080, #1010, .T. ) ;
#4178 = ORIENTED_EDGE ( 'NONE', *, *, #821, .F. ) ;
#4179 = CARTESIAN_POINT ( 'NONE',  ( -1.533687905351862169, 1.542231615616634244, 20.22845512265396195 ) ) ;
#4180 = ORIENTED_EDGE ( 'NONE', *, *, #8344, .F. ) ;
#4181 = CARTESIAN_POINT ( 'NONE',  ( -1.528560524300655254, 1.547296908660294790, 16.40877931234655662 ) ) ;
#4182 = CARTESIAN_POINT ( 'NONE',  ( 39.58364779650295873, -17.56088913245586269, -2.500000000000000444 ) ) ;
#4183 = DIRECTION ( 'NONE',  ( -1.000000000000000000, 0.000000000000000000, 0.000000000000000000 ) ) ;
#4184 = EDGE_CURVE ( 'NONE', #2081, #5717, #4889, .T. ) ;
#4185 = CIRCLE ( 'NONE', #3386, 2.000000000000001776 ) ;
#4186 = ORIENTED_EDGE ( 'NONE', *, *, #2208, .T. ) ;
#4187 = EDGE_CURVE ( 'NONE', #6003, #1056, #4149, .T. ) ;
#4188 = CARTESIAN_POINT ( 'NONE',  ( -12.94759237871376278, 3.469296921803900702, 3.353331896491019481 ) ) ;
#4189 = CARTESIAN_POINT ( 'NONE',  ( -25.07785113889742235, 32.43611231721985888, 2.500000000000000444 ) ) ;
#4190 = CARTESIAN_POINT ( 'NONE',  ( -20.53108891324557206, -28.56088913245532268, 2.500000000000000444 ) ) ;
#4191 = ORIENTED_EDGE ( 'NONE', *, *, #3639, .F. ) ;
#4192 = VERTEX_POINT ( 'NONE', #7155 ) ;
#4193 = LINE ( 'NONE', #6460, #2004 ) ;
#4194 = ORIENTED_EDGE ( 'NONE', *, *, #7266, .T. ) ;
#4195 = LINE ( 'NONE', #4379, #6855 ) ;
#4196 = EDGE_CURVE ( 'NONE', #1110, #9354, #7100, .T. ) ;
#4197 = ORIENTED_EDGE ( 'NONE', *, *, #6765, .F. ) ;
#4198 = EDGE_CURVE ( 'NONE', #964, #902, #223, .T. ) ;
#4199 = DIRECTION ( 'NONE',  ( -0.000000000000000000, -0.000000000000000000, 1.000000000000000000 ) ) ;
#4200 = CARTESIAN_POINT ( 'NONE',  ( 34.99999999999996447, -3.500000000000369038, 2.500000000000000444 ) ) ;
#4201 = DIRECTION ( 'NONE',  ( -0.000000000000000000, -0.000000000000000000, 1.000000000000000000 ) ) ;
#4202 = VERTEX_POINT ( 'NONE', #2604 ) ;
#4203 = DIRECTION ( 'NONE',  ( 1.000000000000000000, 0.000000000000000000, 0.000000000000000000 ) ) ;
#4204 = ORIENTED_EDGE ( 'NONE', *, *, #6397, .F. ) ;
#4205 = PLANE ( 'NONE',  #3590 ) ;
#4206 = CARTESIAN_POINT ( 'NONE',  ( 0.000000000000000000, 0.000000000000000000, -2.500000000000000444 ) ) ;
#4207 = EDGE_LOOP ( 'NONE', ( #4197, #1964, #2267, #5602 ) ) ;
#4208 = DIRECTION ( 'NONE',  ( -0.000000000000000000, -0.000000000000000000, -1.000000000000000000 ) ) ;
#4209 = DIRECTION ( 'NONE',  ( -0.000000000000000000, -0.000000000000000000, 1.000000000000000000 ) ) ;
#4210 = ORIENTED_EDGE ( 'NONE', *, *, #8408, .T. ) ;
#4211 = DIRECTION ( 'NONE',  ( 0.7098982014311003841, -0.7043042975908132552, 0.000000000000000000 ) ) ;
#4212 = EDGE_LOOP ( 'NONE', ( #3914, #3143, #3928, #5611 ) ) ;
#4213 = CARTESIAN_POINT ( 'NONE',  ( -8.157176732979534606, 8.221964726476942431, 2.500000000000000444 ) ) ;
#4214 = LINE ( 'NONE', #2077, #2715 ) ;
#4215 = CARTESIAN_POINT ( 'NONE',  ( 0.9687987521123079260, 5.415037719555182427, 16.63186163339356582 ) ) ;
#4216 = AXIS2_PLACEMENT_3D ( 'NONE', #8055, #3596, #4391 ) ;
#4217 = CARTESIAN_POINT ( 'NONE',  ( 9.404368516724678884, -11.41400826666486168, 2.564006035009120055 ) ) ;
#4218 = CARTESIAN_POINT ( 'NONE',  ( 1.801074349473559266, 1.229480454153301316, 19.62487206264858131 ) ) ;
#4219 = VECTOR ( 'NONE', #7341, 1000.000000000000000 ) ;
#4220 = EDGE_CURVE ( 'NONE', #2883, #3360, #3618, .T. ) ;
#4221 = ORIENTED_EDGE ( 'NONE', *, *, #179, .T. ) ;
#4222 = CARTESIAN_POINT ( 'NONE',  ( 12.94759237871387292, 3.469296921803767031, 3.353331896490951092 ) ) ;
#4223 = AXIS2_PLACEMENT_3D ( 'NONE', #9106, #2333, #5356 ) ;
#4224 = ORIENTED_EDGE ( 'NONE', *, *, #2925, .F. ) ;
#4225 = CARTESIAN_POINT ( 'NONE',  ( -37.93611231721974519, -15.55157169726870414, 2.500000000000000444 ) ) ;
#4226 = DIRECTION ( 'NONE',  ( 1.000000000000000000, 0.000000000000000000, 0.000000000000000000 ) ) ;
#4227 = DIRECTION ( 'NONE',  ( -0.000000000000000000, -0.000000000000000000, -1.000000000000000000 ) ) ;
#4228 = ORIENTED_EDGE ( 'NONE', *, *, #9103, .T. ) ;
#4229 = VECTOR ( 'NONE', #3764, 1000.000000000000000 ) ;
#4230 = CARTESIAN_POINT ( 'NONE',  ( -13.37708729347506953, 3.043186370107920702, 3.055993497343817644 ) ) ;
#4231 = CARTESIAN_POINT ( 'NONE',  ( 9.478295456910077021, -9.478295456910036165, 3.353331896491063002 ) ) ;
#4232 = CARTESIAN_POINT ( 'NONE',  ( -9.478295456910105443, -9.478295456909927807, 3.353331896491114072 ) ) ;
#4233 = AXIS2_PLACEMENT_3D ( 'NONE', #8439, #5108, #7426 ) ;
#4234 = AXIS2_PLACEMENT_3D ( 'NONE', #1453, #3733, #5126 ) ;
#4235 = ORIENTED_EDGE ( 'NONE', *, *, #2933, .T. ) ;
#4236 = EDGE_CURVE ( 'NONE', #488, #5981, #5624, .T. ) ;
#4237 = EDGE_LOOP ( 'NONE', ( #4496, #3520, #3698, #4474, #3534, #4426, #5670, #7577, #5219 ) ) ;
#4238 = FACE_OUTER_BOUND ( 'NONE', #101, .T. ) ;
#4239 = EDGE_CURVE ( 'NONE', #8235, #6290, #7493, .T. ) ;
#4240 = CIRCLE ( 'NONE', #7393, 2.000000000000001776 ) ;
#4241 = ORIENTED_EDGE ( 'NONE', *, *, #2416, .F. ) ;
#4242 = CARTESIAN_POINT ( 'NONE',  ( 0.000000000000000000, 0.000000000000000000, 14.50000000000000000 ) ) ;
#4243 = ORIENTED_EDGE ( 'NONE', *, *, #7250, .T. ) ;
#4244 = FACE_OUTER_BOUND ( 'NONE', #6907, .T. ) ;
#4245 = ORIENTED_EDGE ( 'NONE', *, *, #8056, .T. ) ;
#4246 = CARTESIAN_POINT ( 'NONE',  ( 25.66324373348085075, 14.23933040861457222, -2.500000000000000444 ) ) ;
#4247 = CIRCLE ( 'NONE', #4065, 21.99999999999980460 ) ;
#4248 = CIRCLE ( 'NONE', #5510, 43.00000000000000711 ) ;
#4249 = ADVANCED_FACE ( 'NONE', ( #6553 ), #6232, .T. ) ;
#4250 = ORIENTED_EDGE ( 'NONE', *, *, #538, .T. ) ;
#4251 = DIRECTION ( 'NONE',  ( -0.000000000000000000, -0.000000000000000000, 1.000000000000000000 ) ) ;
#4252 = EDGE_CURVE ( 'NONE', #1712, #3218, #3855, .T. ) ;
#4253 = EDGE_LOOP ( 'NONE', ( #7639, #6270, #4665, #2575 ) ) ;
#4254 = CARTESIAN_POINT ( 'NONE',  ( 8.429805248399418360, -2.387816587501792487, -2.500000000000000444 ) ) ;
#4255 = DIRECTION ( 'NONE',  ( -0.7043042975908135883, 0.7098982014311000510, 0.000000000000000000 ) ) ;
#4256 = ORIENTED_EDGE ( 'NONE', *, *, #8464, .F. ) ;
#4257 = CARTESIAN_POINT ( 'NONE',  ( -17.28362250483771945, -36.93611231721969546, -2.500000000000000444 ) ) ;
#4258 = ORIENTED_EDGE ( 'NONE', *, *, #6444, .F. ) ;
#4259 = CARTESIAN_POINT ( 'NONE',  ( 3.041841955658855401, 11.17530463715815969, -2.500000000000000444 ) ) ;
#4260 = AXIS2_PLACEMENT_3D ( 'NONE', #8255, #7469, #4404 ) ;
#4261 = EDGE_LOOP ( 'NONE', ( #2177, #1847, #4390, #5877, #7095, #3616, #3675, #5149, #1610 ) ) ;
#4262 = CARTESIAN_POINT ( 'NONE',  ( -16.44444402855247489, 1.517883041479706208E-13, 2.500000000000000444 ) ) ;
#4263 = LINE ( 'NONE', #494, #5244 ) ;
#4264 = DIRECTION ( 'NONE',  ( -0.9695105696079970858, -0.2450494958541581392, 0.000000000000000000 ) ) ;
#4265 = LINE ( 'NONE', #543, #8231 ) ;
#4266 = AXIS2_PLACEMENT_3D ( 'NONE', #8511, #7882, #8458 ) ;
#4267 = LINE ( 'NONE', #7182, #7697 ) ;
#4268 = ORIENTED_EDGE ( 'NONE', *, *, #898, .T. ) ;
#4269 = PLANE ( 'NONE',  #4233 ) ;
#4270 = EDGE_LOOP ( 'NONE', ( #6986, #8496, #6990, #1603 ) ) ;
#4271 = AXIS2_PLACEMENT_3D ( 'NONE', #5361, #2287, #8372 ) ;
#4272 = CARTESIAN_POINT ( 'NONE',  ( -4.053066941773719734, -13.10649060984522229, 3.055993497343963750 ) ) ;
#4273 = DIRECTION ( 'NONE',  ( -0.000000000000000000, -0.000000000000000000, 1.000000000000000000 ) ) ;
#4274 = DIRECTION ( 'NONE',  ( 0.2450494958541579171, -0.9695105696079971969, 0.000000000000000000 ) ) ;
#4275 = ORIENTED_EDGE ( 'NONE', *, *, #4600, .T. ) ;
#4276 = EDGE_CURVE ( 'NONE', #9776, #5292, #5863, .T. ) ;
#4277 = VECTOR ( 'NONE', #7621, 1000.000000000000000 ) ;
#4278 = CARTESIAN_POINT ( 'NONE',  ( 8.429805248399542705, 2.387816587501828902, -2.500000000000000444 ) ) ;
#4279 = CARTESIAN_POINT ( 'NONE',  ( -1.750858891316612986, 1.736972780355066970, 19.10760987226036889 ) ) ;
#4280 = CARTESIAN_POINT ( 'NONE',  ( 15.55157169726830979, -37.93611231721990862, 2.500000000000000444 ) ) ;
#4281 = AXIS2_PLACEMENT_3D ( 'NONE', #3519, #6669, #2863 ) ;
#4282 = ADVANCED_FACE ( 'NONE', ( #9616 ), #2761, .F. ) ;
#4283 = ORIENTED_EDGE ( 'NONE', *, *, #3198, .T. ) ;
#4284 = ORIENTED_EDGE ( 'NONE', *, *, #2704, .T. ) ;
#4285 = CARTESIAN_POINT ( 'NONE',  ( 3.460219394376097490, 19.93214605312788024, -2.500000000000000444 ) ) ;
#4286 = EDGE_LOOP ( 'NONE', ( #9541, #204, #2425, #5297, #3638 ) ) ;
#4287 = VECTOR ( 'NONE', #427, 1000.000000000000000 ) ;
#4288 = DIRECTION ( 'NONE',  ( -0.000000000000000000, 0.000000000000000000, 1.000000000000000000 ) ) ;
#4289 = AXIS2_PLACEMENT_3D ( 'NONE', #3151, #6763, #8197 ) ;
#4290 = ORIENTED_EDGE ( 'NONE', *, *, #8705, .F. ) ;
#4291 = CARTESIAN_POINT ( 'NONE',  ( 3.062410648414113812, -15.19446086639732840, 2.500000000000000444 ) ) ;
#4292 = ADVANCED_FACE ( 'NONE', ( #6462 ), #3445, .T. ) ;
#4293 = DIRECTION ( 'NONE',  ( 0.6969743733982683986, 0.7170960345909681566, 0.000000000000000000 ) ) ;
#4294 = CARTESIAN_POINT ( 'NONE',  ( 3.031088913245552963, -1.750000000000017319, 2.500000000000000444 ) ) ;
#4295 = VECTOR ( 'NONE', #598, 1000.000000000000114 ) ;
#4296 = VECTOR ( 'NONE', #2877, 1000.000000000000000 ) ;
#4297 = VERTEX_POINT ( 'NONE', #5033 ) ;
#4298 = CARTESIAN_POINT ( 'NONE',  ( 5.500000000000285105, 40.62942283616637695, 2.500000000000000444 ) ) ;
#4299 = EDGE_CURVE ( 'NONE', #3802, #1582, #4024, .T. ) ;
#4300 = ORIENTED_EDGE ( 'NONE', *, *, #4100, .T. ) ;
#4301 = DIRECTION ( 'NONE',  ( -1.000000000000000000, 1.224646799147353454E-16, 0.000000000000000000 ) ) ;
#4302 = VECTOR ( 'NONE', #5606, 1000.000000000000000 ) ;
#4303 = FACE_BOUND ( 'NONE', #2283, .T. ) ;
#4304 = EDGE_CURVE ( 'NONE', #1740, #6038, #3494, .T. ) ;
#4305 = VECTOR ( 'NONE', #2625, 1000.000000000000114 ) ;
#4306 = ORIENTED_EDGE ( 'NONE', *, *, #3762, .T. ) ;
#4307 = DIRECTION ( 'NONE',  ( 0.000000000000000000, -1.000000000000000000, 0.000000000000000000 ) ) ;
#4308 = EDGE_CURVE ( 'NONE', #1356, #1415, #537, .T. ) ;
#4309 = ORIENTED_EDGE ( 'NONE', *, *, #9661, .F. ) ;
#4310 = LINE ( 'NONE', #4259, #1270 ) ;
#4311 = VERTEX_POINT ( 'NONE', #1302 ) ;
#4312 = DIRECTION ( 'NONE',  ( -3.252606517456512908E-15, -1.000000000000000000, 0.000000000000000000 ) ) ;
#4313 = DIRECTION ( 'NONE',  ( -0.000000000000000000, -0.000000000000000000, 1.000000000000000000 ) ) ;
#4314 = EDGE_CURVE ( 'NONE', #5661, #7103, #560, .T. ) ;
#4315 = DIRECTION ( 'NONE',  ( -0.000000000000000000, -0.000000000000000000, 1.000000000000000000 ) ) ;
#4316 = EDGE_CURVE ( 'NONE', #9239, #31, #7329, .T. ) ;
#4317 = DIRECTION ( 'NONE',  ( 3.552713678800501718E-15, 0.000000000000000000, -1.000000000000000000 ) ) ;
#4318 = CYLINDRICAL_SURFACE ( 'NONE', #5177, 21.99999999999980460 ) ;
#4319 = VECTOR ( 'NONE', #197, 1000.000000000000000 ) ;
#4320 = ORIENTED_EDGE ( 'NONE', *, *, #9606, .F. ) ;
#4321 = CARTESIAN_POINT ( 'NONE',  ( -43.06088913245538663, -4.583647796502986260, -2.500000000000000444 ) ) ;
#4322 = ORIENTED_EDGE ( 'NONE', *, *, #8596, .T. ) ;
#4323 = CARTESIAN_POINT ( 'NONE',  ( 0.000000000000000000, 0.000000000000000000, 2.500000000000000444 ) ) ;
#4324 = DIRECTION ( 'NONE',  ( 0.4999999999999951150, -0.8660254037844414832, 0.000000000000000000 ) ) ;
#4325 = DIRECTION ( 'NONE',  ( 0.9621455304451258517, -0.2725361962097284096, 0.000000000000000000 ) ) ;
#4326 = VERTEX_POINT ( 'NONE', #1998 ) ;
#4327 = DIRECTION ( 'NONE',  ( 0.9648945144237497384, -0.2626377277448086467, 0.000000000000000000 ) ) ;
#4328 = AXIS2_PLACEMENT_3D ( 'NONE', #5698, #8714, #9547 ) ;
#4329 = CYLINDRICAL_SURFACE ( 'NONE', #642, 22.00000000000000355 ) ;
#4330 = DIRECTION ( 'NONE',  ( -0.000000000000000000, -0.000000000000000000, 1.000000000000000000 ) ) ;
#4331 = ORIENTED_EDGE ( 'NONE', *, *, #9480, .F. ) ;
#4332 = CARTESIAN_POINT ( 'NONE',  ( -14.68999443131557925, 4.945105014852291703, 2.500000000000000444 ) ) ;
#4333 = VERTEX_POINT ( 'NONE', #8046 ) ;
#4334 = VECTOR ( 'NONE', #6318, 1000.000000000000000 ) ;
#4335 = LINE ( 'NONE', #4987, #8595 ) ;
#4336 = CARTESIAN_POINT ( 'NONE',  ( 5.297684973240404993, -13.44526717744742683, 2.689257726104067991 ) ) ;
#4337 = ORIENTED_EDGE ( 'NONE', *, *, #5980, .T. ) ;
#4338 = CARTESIAN_POINT ( 'NONE',  ( 42.61134590134531663, 5.768292682926385417, 2.500000000000000444 ) ) ;
#4339 = CARTESIAN_POINT ( 'NONE',  ( -6.036633602138968158, -22.52902330986004387, -2.500000000000000444 ) ) ;
#4340 = LINE ( 'NONE', #5175, #6348 ) ;
#4341 = TOROIDAL_SURFACE ( 'NONE', #57, 2.524999999999999911, 0.5999999999999999778 ) ;
#4342 = VERTEX_POINT ( 'NONE', #2798 ) ;
#4343 = CARTESIAN_POINT ( 'NONE',  ( 40.62942283616635564, -5.500000000000427214, 2.500000000000000444 ) ) ;
#4344 = EDGE_CURVE ( 'NONE', #6713, #4858, #4335, .T. ) ;
#4345 = ORIENTED_EDGE ( 'NONE', *, *, #1553, .F. ) ;
#4346 = CARTESIAN_POINT ( 'NONE',  ( 1.535911781320788982, 1.540000000000000036, 20.30414570328606416 ) ) ;
#4347 = EDGE_CURVE ( 'NONE', #1161, #470, #8133, .T. ) ;
#4348 = CARTESIAN_POINT ( 'NONE',  ( 29.39008111416185542, 4.227275442616385881, -2.500000000000000444 ) ) ;
#4349 = ORIENTED_EDGE ( 'NONE', *, *, #4171, .T. ) ;
#4350 = CARTESIAN_POINT ( 'NONE',  ( -11.17530463715791811, -3.041841955658796337, -2.500000000000000444 ) ) ;
#4351 = EDGE_CURVE ( 'NONE', #8389, #7629, #2591, .T. ) ;
#4352 = ORIENTED_EDGE ( 'NONE', *, *, #2221, .T. ) ;
#4353 = CARTESIAN_POINT ( 'NONE',  ( 4.426627195228806322, -16.52039759875991720, -2.500000000000000444 ) ) ;
#4354 = ADVANCED_FACE ( 'NONE', ( #1347 ), #4341, .T. ) ;
#4355 = EDGE_CURVE ( 'NONE', #6643, #3738, #4195, .T. ) ;
#4356 = EDGE_LOOP ( 'NONE', ( #3167, #1437, #1635, #9235 ) ) ;
#4357 = LINE ( 'NONE', #3607, #6383 ) ;
#4358 = DIRECTION ( 'NONE',  ( -0.4999999999999892308, 0.8660254037844448138, 0.000000000000000000 ) ) ;
#4359 = CARTESIAN_POINT ( 'NONE',  ( 0.5012418028681672189, 5.478511654461406977, 20.16286169351542767 ) ) ;
#4360 = ORIENTED_EDGE ( 'NONE', *, *, #6134, .F. ) ;
#4361 = CARTESIAN_POINT ( 'NONE',  ( 0.000000000000000000, 1.540000000000000036, 18.29999999999999716 ) ) ;
#4362 = PLANE ( 'NONE',  #8323 ) ;
#4363 = ADVANCED_FACE ( 'NONE', ( #2047 ), #7395, .F. ) ;
#4364 = ORIENTED_EDGE ( 'NONE', *, *, #4128, .T. ) ;
#4365 = CARTESIAN_POINT ( 'NONE',  ( -15.20884097822242786, 24.41819423762676067, -2.500000000000000444 ) ) ;
#4366 = EDGE_CURVE ( 'NONE', #5131, #6133, #2599, .T. ) ;
#4367 = VERTEX_POINT ( 'NONE', #5220 ) ;
#4368 = LINE ( 'NONE', #7380, #3688 ) ;
#4369 = DIRECTION ( 'NONE',  ( -0.000000000000000000, -0.000000000000000000, -1.000000000000000000 ) ) ;
#4370 = AXIS2_PLACEMENT_3D ( 'NONE', #7696, #4787, #4040 ) ;
#4371 = ORIENTED_EDGE ( 'NONE', *, *, #9565, .T. ) ;
#4372 = DIRECTION ( 'NONE',  ( -0.000000000000000000, -0.000000000000000000, 1.000000000000000000 ) ) ;
#4373 = FACE_OUTER_BOUND ( 'NONE', #3492, .T. ) ;
#4374 = CARTESIAN_POINT ( 'NONE',  ( 24.41819423762669317, 15.20884097822257353, -2.500000000000000000 ) ) ;
#4375 = VECTOR ( 'NONE', #6836, 1000.000000000000000 ) ;
#4376 = ORIENTED_EDGE ( 'NONE', *, *, #3265, .T. ) ;
#4377 = DIRECTION ( 'NONE',  ( -0.000000000000000000, -0.000000000000000000, 1.000000000000000000 ) ) ;
#4378 = VERTEX_POINT ( 'NONE', #3831 ) ;
#4379 = CARTESIAN_POINT ( 'NONE',  ( 39.78665438147448441, 16.31018495079372954, 2.500000000000000444 ) ) ;
#4380 = CIRCLE ( 'NONE', #6430, 1.000000000000002665 ) ;
#4381 = CARTESIAN_POINT ( 'NONE',  ( -11.17530463715791811, -3.041841955658796337, -2.500000000000000444 ) ) ;
#4382 = ORIENTED_EDGE ( 'NONE', *, *, #3028, .T. ) ;
#4383 = CARTESIAN_POINT ( 'NONE',  ( -35.00000000000000711, -3.499999999999880540, 2.500000000000000444 ) ) ;
#4384 = VECTOR ( 'NONE', #9190, 1000.000000000000000 ) ;
#4385 = DIRECTION ( 'NONE',  ( -0.9669420253356220130, 0.2549963129926492988, 0.000000000000000000 ) ) ;
#4386 = VECTOR ( 'NONE', #7289, 1000.000000000000000 ) ;
#4387 = DIRECTION ( 'NONE',  ( 0.7098982014311003841, -0.7043042975908132552, 0.000000000000000000 ) ) ;
#4388 = LINE ( 'NONE', #6749, #9751 ) ;
#4389 = VECTOR ( 'NONE', #301, 1000.000000000000000 ) ;
#4390 = ORIENTED_EDGE ( 'NONE', *, *, #3741, .F. ) ;
#4391 = DIRECTION ( 'NONE',  ( -1.000000000000000000, -1.734723475976807094E-14, 0.000000000000000000 ) ) ;
#4392 = AXIS2_PLACEMENT_3D ( 'NONE', #8058, #6612, #9629 ) ;
#4393 = VERTEX_POINT ( 'NONE', #796 ) ;
#4394 = DIRECTION ( 'NONE',  ( -2.168404344971008375E-16, 1.000000000000000000, 0.000000000000000000 ) ) ;
#4395 = DIRECTION ( 'NONE',  ( 0.2626377277448087022, 0.9648945144237497384, 0.000000000000000000 ) ) ;
#4396 = ORIENTED_EDGE ( 'NONE', *, *, #8599, .F. ) ;
#4397 = CARTESIAN_POINT ( 'NONE',  ( -1.290200585257753432E-14, -3.500000000000009326, -2.500000000000000444 ) ) ;
#4398 = EDGE_CURVE ( 'NONE', #89, #2402, #654, .T. ) ;
#4399 = ORIENTED_EDGE ( 'NONE', *, *, #4663, .T. ) ;
#4400 = DIRECTION ( 'NONE',  ( -1.000000000000000000, 1.027823659516258046E-14, 0.000000000000000000 ) ) ;
#4401 = ORIENTED_EDGE ( 'NONE', *, *, #5744, .F. ) ;
#4402 = AXIS2_PLACEMENT_3D ( 'NONE', #4714, #6198, #8311 ) ;
#4403 = CARTESIAN_POINT ( 'NONE',  ( 5.768292682927128823, 42.61134590134522426, 2.500000000000000444 ) ) ;
#4404 = DIRECTION ( 'NONE',  ( 1.000000000000000000, 0.000000000000000000, 0.000000000000000000 ) ) ;
#4405 = CARTESIAN_POINT ( 'NONE',  ( -13.44526717744750322, -5.297684973240260220, -2.500000000000000444 ) ) ;
#4406 = ORIENTED_EDGE ( 'NONE', *, *, #5874, .T. ) ;
#4407 = EDGE_CURVE ( 'NONE', #4997, #2211, #3862, .T. ) ;
#4408 = FACE_OUTER_BOUND ( 'NONE', #3242, .T. ) ;
#4409 = EDGE_CURVE ( 'NONE', #6083, #9487, #5130, .T. ) ;
#4410 = DIRECTION ( 'NONE',  ( 1.000000000000000000, 0.000000000000000000, 0.000000000000000000 ) ) ;
#4411 = AXIS2_PLACEMENT_3D ( 'NONE', #8982, #8246, #8104 ) ;
#4412 = VERTEX_POINT ( 'NONE', #1490 ) ;
#4413 = DIRECTION ( 'NONE',  ( -0.000000000000000000, -0.000000000000000000, 1.000000000000000000 ) ) ;
#4414 = ORIENTED_EDGE ( 'NONE', *, *, #6589, .F. ) ;
#4415 = LINE ( 'NONE', #9747, #6217 ) ;
#4416 = CARTESIAN_POINT ( 'NONE',  ( 23.34580033132901633, 33.43611231721952493, 2.500000000000000444 ) ) ;
#4417 = AXIS2_PLACEMENT_3D ( 'NONE', #8636, #8690, #471 ) ;
#4418 = VERTEX_POINT ( 'NONE', #6788 ) ;
#4419 = LINE ( 'NONE', #7435, #9105 ) ;
#4420 = LINE ( 'NONE', #8222, #5557 ) ;
#4421 = EDGE_CURVE ( 'NONE', #4875, #7203, #5266, .T. ) ;
#4422 = CARTESIAN_POINT ( 'NONE',  ( -8.494333787820115944, -2.146992799845274469, -2.500000000000000444 ) ) ;
#4423 = CIRCLE ( 'NONE', #1569, 43.00000000000000711 ) ;
#4424 = ORIENTED_EDGE ( 'NONE', *, *, #2164, .F. ) ;
#4425 = PLANE ( 'NONE',  #1043 ) ;
#4426 = ORIENTED_EDGE ( 'NONE', *, *, #6537, .T. ) ;
#4427 = CARTESIAN_POINT ( 'NONE',  ( -33.43611231721976651, -23.34580033132866816, 2.500000000000000444 ) ) ;
#4428 = DIRECTION ( 'NONE',  ( -0.000000000000000000, -0.000000000000000000, -1.000000000000000000 ) ) ;
#4429 = ORIENTED_EDGE ( 'NONE', *, *, #771, .F. ) ;
#4430 = DIRECTION ( 'NONE',  ( 0.000000000000000000, 0.000000000000000000, 1.000000000000000000 ) ) ;
#4431 = CARTESIAN_POINT ( 'NONE',  ( -3.062410648414128467, -15.19446086639732485, 2.500000000000000444 ) ) ;
#4432 = B_SPLINE_CURVE_WITH_KNOTS ( 'NONE', 3,
 ( #1348, #7864, #4160, #6426 ),
 .UNSPECIFIED., .F., .F.,
 ( 4, 4 ),
 ( 1.788112030672749005E-18, 0.002007903776505844552 ),
 .UNSPECIFIED. ) ;
#4433 = CIRCLE ( 'NONE', #8699, 2.000000000000001776 ) ;
#4434 = CARTESIAN_POINT ( 'NONE',  ( 0.000000000000000000, 5.500000000000000000, 20.22499999999999787 ) ) ;
#4435 = PLANE ( 'NONE',  #3600 ) ;
#4436 = AXIS2_PLACEMENT_3D ( 'NONE', #6902, #8594, #1760 ) ;
#4437 = VERTEX_POINT ( 'NONE', #4427 ) ;
#4438 = DIRECTION ( 'NONE',  ( 0.000000000000000000, 0.000000000000000000, -1.000000000000000000 ) ) ;
#4439 = ORIENTED_EDGE ( 'NONE', *, *, #2414, .T. ) ;
#4440 = VECTOR ( 'NONE', #2539, 1000.000000000000000 ) ;
#4441 = DIRECTION ( 'NONE',  ( -0.000000000000000000, -0.000000000000000000, -1.000000000000000000 ) ) ;
#4442 = DIRECTION ( 'NONE',  ( 1.000000000000000000, 0.000000000000000000, 0.000000000000000000 ) ) ;
#4443 = AXIS2_PLACEMENT_3D ( 'NONE', #8865, #1484, #4516 ) ;
#4444 = EDGE_LOOP ( 'NONE', ( #491, #331, #8899, #1786 ) ) ;
#4445 = CYLINDRICAL_SURFACE ( 'NONE', #6170, 1.000000000000004441 ) ;
#4446 = AXIS2_PLACEMENT_3D ( 'NONE', #8361, #6043, #5256 ) ;
#4447 = ORIENTED_EDGE ( 'NONE', *, *, #2481, .T. ) ;
#4448 = FACE_OUTER_BOUND ( 'NONE', #1810, .T. ) ;
#4449 = B_SPLINE_CURVE_WITH_KNOTS ( 'NONE', 3,
 ( #1292, #4272, #8814, #1943 ),
 .UNSPECIFIED., .F., .F.,
 ( 4, 4 ),
 ( 1.371419323662773916E-18, 0.002007903776505795979 ),
 .UNSPECIFIED. ) ;
#4450 = EDGE_CURVE ( 'NONE', #3478, #852, #6738, .T. ) ;
#4451 = ORIENTED_EDGE ( 'NONE', *, *, #4351, .F. ) ;
#4452 = VECTOR ( 'NONE', #4324, 1000.000000000000114 ) ;
#4453 = B_SPLINE_CURVE_WITH_KNOTS ( 'NONE', 3,
 ( #6406, #411, #9420, #2643 ),
 .UNSPECIFIED., .F., .F.,
 ( 4, 4 ),
 ( 0.000000000000000000, 0.002007903776505822000 ),
 .UNSPECIFIED. ) ;
#4454 = CARTESIAN_POINT ( 'NONE',  ( 8.995100449718515634, 11.31056335679711822, 2.689257726103994273 ) ) ;
#4455 = CARTESIAN_POINT ( 'NONE',  ( 2.387816587501787158, -8.429805248399395268, 2.500000000000000444 ) ) ;
#4456 = DIRECTION ( 'NONE',  ( -0.2549963129926495209, 0.9669420253356221240, 0.000000000000000000 ) ) ;
#4457 = ORIENTED_EDGE ( 'NONE', *, *, #2330, .T. ) ;
#4458 = CARTESIAN_POINT ( 'NONE',  ( -11.17530463715804245, 3.041841955658825647, -2.500000000000000444 ) ) ;
#4459 = FACE_OUTER_BOUND ( 'NONE', #7091, .T. ) ;
#4460 = ORIENTED_EDGE ( 'NONE', *, *, #1720, .T. ) ;
#4461 = VERTEX_POINT ( 'NONE', #58 ) ;
#4462 = LINE ( 'NONE', #4643, #5172 ) ;
#4463 = ADVANCED_FACE ( 'NONE', ( #3685 ), #8741, .T. ) ;
#4464 = ORIENTED_EDGE ( 'NONE', *, *, #7255, .T. ) ;
#4465 = FACE_OUTER_BOUND ( 'NONE', #9287, .T. ) ;
#4466 = CARTESIAN_POINT ( 'NONE',  ( -2.746556991812651116, 14.88747003981895745, 2.500000000000000444 ) ) ;
#4467 = B_SPLINE_CURVE_WITH_KNOTS ( 'NONE', 3,
 ( #6412, #6507, #418, #1300, #1206, #7296, #9523, #5074, #5859, #3583, #6598, #514, #371, #2753, #9614, #8090 ),
 .UNSPECIFIED., .F., .F.,
 ( 4, 2, 2, 2, 2, 2, 2, 4 ),
 ( 0.000000000000000000, 0.0007802409707446504323, 0.001170361456116972071, 0.001365421698803133107, 0.001560481941489293926, 0.001950602426861625972, 0.002340722912233957585, 0.003120963882978628184 ),
 .UNSPECIFIED. ) ;
#4468 = B_SPLINE_CURVE_WITH_KNOTS ( 'NONE', 3,
 ( #3852, #5191, #4501, #4642 ),
 .UNSPECIFIED., .F., .F.,
 ( 4, 4 ),
 ( 1.788112030672749005E-18, 0.002007903776505831107 ),
 .UNSPECIFIED. ) ;
#4469 = ORIENTED_EDGE ( 'NONE', *, *, #9379, .T. ) ;
#4470 = DIRECTION ( 'NONE',  ( 0.000000000000000000, -0.000000000000000000, -1.000000000000000000 ) ) ;
#4471 = CARTESIAN_POINT ( 'NONE',  ( 4.583647796503435679, 43.06088913245532979, -2.500000000000000444 ) ) ;
#4472 = DIRECTION ( 'NONE',  ( -0.000000000000000000, 0.000000000000000000, 1.000000000000000000 ) ) ;
#4473 = EDGE_CURVE ( 'NONE', #1114, #3379, #3076, .T. ) ;
#4474 = ORIENTED_EDGE ( 'NONE', *, *, #8641, .T. ) ;
#4475 = DIRECTION ( 'NONE',  ( -0.000000000000000000, -0.000000000000000000, 1.000000000000000000 ) ) ;
#4476 = EDGE_CURVE ( 'NONE', #7546, #8532, #8450, .T. ) ;
#4477 = ORIENTED_EDGE ( 'NONE', *, *, #1785, .F. ) ;
#4478 = CARTESIAN_POINT ( 'NONE',  ( 11.03411263498109030, -27.56619458545745971, -2.500000000000000444 ) ) ;
#4479 = EDGE_CURVE ( 'NONE', #1590, #1642, #8916, .T. ) ;
#4480 = CARTESIAN_POINT ( 'NONE',  ( -1.950766547007015239, 0.9631197012319879791, 17.61013294680695296 ) ) ;
#4481 = DIRECTION ( 'NONE',  ( -0.000000000000000000, -0.000000000000000000, 1.000000000000000000 ) ) ;
#4482 = AXIS2_PLACEMENT_3D ( 'NONE', #359, #4973, #6583 ) ;
#4483 = VERTEX_POINT ( 'NONE', #5309 ) ;
#4484 = DIRECTION ( 'NONE',  ( -0.000000000000000000, -0.000000000000000000, 1.000000000000000000 ) ) ;
#4485 = FACE_OUTER_BOUND ( 'NONE', #1546, .T. ) ;
#4486 = CARTESIAN_POINT ( 'NONE',  ( 15.23933040861451715, -24.66324373348070154, -2.500000000000000444 ) ) ;
#4487 = DIRECTION ( 'NONE',  ( 0.2549963129926494654, 0.9669420253356220130, 0.000000000000000000 ) ) ;
#4488 = VECTOR ( 'NONE', #447, 1000.000000000000000 ) ;
#4489 = ORIENTED_EDGE ( 'NONE', *, *, #3741, .T. ) ;
#4490 = FACE_OUTER_BOUND ( 'NONE', #4880, .T. ) ;
#4491 = ORIENTED_EDGE ( 'NONE', *, *, #9392, .T. ) ;
#4492 = EDGE_CURVE ( 'NONE', #3164, #9058, #2684, .T. ) ;
#4493 = FACE_OUTER_BOUND ( 'NONE', #4093, .T. ) ;
#4494 = ADVANCED_FACE ( 'NONE', ( #4523 ), #7215, .T. ) ;
#4495 = CARTESIAN_POINT ( 'NONE',  ( 5.182636859575188382, 13.85142617536665099, 2.564006035009097406 ) ) ;
#4496 = ORIENTED_EDGE ( 'NONE', *, *, #8219, .F. ) ;
#4497 = AXIS2_PLACEMENT_3D ( 'NONE', #4242, #1209, #8092 ) ;
#4498 = CARTESIAN_POINT ( 'NONE',  ( -17.56088913245544703, -39.58364779650315057, -2.500000000000000444 ) ) ;
#4499 = EDGE_CURVE ( 'NONE', #1114, #7504, #2488, .T. ) ;
#4500 = ORIENTED_EDGE ( 'NONE', *, *, #5135, .F. ) ;
#4501 = CARTESIAN_POINT ( 'NONE',  ( 10.06330423973758315, -9.324020351701371112, 3.055993497343841625 ) ) ;
#4502 = ORIENTED_EDGE ( 'NONE', *, *, #9324, .F. ) ;
#4503 = CARTESIAN_POINT ( 'NONE',  ( -3.031088913245554739, -1.749999999999986455, 2.500000000000000444 ) ) ;
#4504 = DIRECTION ( 'NONE',  ( 0.000000000000000000, 0.000000000000000000, -1.000000000000000000 ) ) ;
#4505 = DIRECTION ( 'NONE',  ( 0.7170960345909683786, -0.6969743733982683986, 0.000000000000000000 ) ) ;
#4506 = ORIENTED_EDGE ( 'NONE', *, *, #4852, .T. ) ;
#4507 = DIRECTION ( 'NONE',  ( 0.000000000000000000, 0.000000000000000000, 1.000000000000000000 ) ) ;
#4508 = CYLINDRICAL_SURFACE ( 'NONE', #3275, 1.000000000000000888 ) ;
#4509 = ORIENTED_EDGE ( 'NONE', *, *, #941, .F. ) ;
#4510 = EDGE_LOOP ( 'NONE', ( #22, #2320, #8359, #8588 ) ) ;
#4511 = ORIENTED_EDGE ( 'NONE', *, *, #4304, .F. ) ;
#4512 = DIRECTION ( 'NONE',  ( 1.224646799147353207E-16, 1.000000000000000000, -0.000000000000000000 ) ) ;
#4513 = CARTESIAN_POINT ( 'NONE',  ( -29.39008111416177726, 4.227275442616453383, 2.500000000000000444 ) ) ;
#4514 = ORIENTED_EDGE ( 'NONE', *, *, #7615, .F. ) ;
#4515 = CARTESIAN_POINT ( 'NONE',  ( -4.426627195228808098, -16.52039759875990299, 2.500000000000000444 ) ) ;
#4516 = DIRECTION ( 'NONE',  ( 1.000000000000000000, 0.000000000000000000, 0.000000000000000000 ) ) ;
#4517 = DIRECTION ( 'NONE',  ( -0.000000000000000000, -0.000000000000000000, 1.000000000000000000 ) ) ;
#4518 = ADVANCED_FACE ( 'NONE', ( #3334 ), #1736, .F. ) ;
#4519 = EDGE_CURVE ( 'NONE', #8282, #4570, #822, .T. ) ;
#4520 = ORIENTED_EDGE ( 'NONE', *, *, #5272, .F. ) ;
#4521 = FACE_OUTER_BOUND ( 'NONE', #3461, .T. ) ;
#4522 = EDGE_LOOP ( 'NONE', ( #112, #7213, #2640, #3611, #8631 ) ) ;
#4523 = FACE_OUTER_BOUND ( 'NONE', #3393, .T. ) ;
#4524 = CARTESIAN_POINT ( 'NONE',  ( -1.675668198676234066, 1.389993531750785438, 19.91278893422584062 ) ) ;
#4525 = DIRECTION ( 'NONE',  ( 0.9669420253356220130, 0.2549963129926495209, 0.000000000000000000 ) ) ;
#4526 = ORIENTED_EDGE ( 'NONE', *, *, #2179, .F. ) ;
#4527 = FACE_OUTER_BOUND ( 'NONE', #6509, .T. ) ;
#4528 = CARTESIAN_POINT ( 'NONE',  ( -1.924934021833774489, 5.152148000252789295, 18.42770529713365590 ) ) ;
#4529 = DIRECTION ( 'NONE',  ( -0.000000000000000000, -0.000000000000000000, 1.000000000000000000 ) ) ;
#4530 = AXIS2_PLACEMENT_3D ( 'NONE', #2717, #1357, #7404 ) ;
#4531 = EDGE_CURVE ( 'NONE', #6370, #5971, #995, .T. ) ;
#4532 = EDGE_CURVE ( 'NONE', #1031, #8894, #6677, .T. ) ;
#4533 = ORIENTED_EDGE ( 'NONE', *, *, #2111, .T. ) ;
#4534 = EDGE_LOOP ( 'NONE', ( #4704, #1540, #3279, #8060, #1267, #7200, #6463, #1223, #6433, #7943, #2623, #4256, #318, #7186, #2346, #810, #1172, #2754, #1620, #4105, #7599, #8276, #2958, #8703, #725, #8170, #8635, #5800 ) ) ;
#4535 = DIRECTION ( 'NONE',  ( -0.2626377277448083691, -0.9648945144237498495, 0.000000000000000000 ) ) ;
#4536 = ORIENTED_EDGE ( 'NONE', *, *, #3827, .F. ) ;
#4537 = DIRECTION ( 'NONE',  ( -0.2450494958541578061, -0.9695105696079971969, 0.000000000000000000 ) ) ;
#4538 = AXIS2_PLACEMENT_3D ( 'NONE', #2088, #4327, #5853 ) ;
#4539 = CARTESIAN_POINT ( 'NONE',  ( -2.146992799845313105, 8.494333787820263382, -2.500000000000000444 ) ) ;
#4540 = VERTEX_POINT ( 'NONE', #6148 ) ;
#4541 = LINE ( 'NONE', #9079, #1906 ) ;
#4542 = VECTOR ( 'NONE', #825, 999.9999999999998863 ) ;
#4543 = ADVANCED_FACE ( 'NONE', ( #9159 ), #1045, .T. ) ;
#4544 = EDGE_CURVE ( 'NONE', #2781, #3041, #4668, .T. ) ;
#4545 = EDGE_CURVE ( 'NONE', #7686, #3874, #8767, .T. ) ;
#4546 = TOROIDAL_SURFACE ( 'NONE', #5652, 7.500000000000000000, 2.000000000000000000 ) ;
#4547 = VECTOR ( 'NONE', #564, 1000.000000000000114 ) ;
#4548 = ORIENTED_EDGE ( 'NONE', *, *, #1328, .F. ) ;
#4549 = LINE ( 'NONE', #6075, #5 ) ;
#4550 = CIRCLE ( 'NONE', #903, 21.99999999999986855 ) ;
#4551 = ORIENTED_EDGE ( 'NONE', *, *, #1435, .F. ) ;
#4552 = DIRECTION ( 'NONE',  ( -0.000000000000000000, -0.000000000000000000, 1.000000000000000000 ) ) ;
#4553 = DIRECTION ( 'NONE',  ( -0.000000000000000000, -0.000000000000000000, 1.000000000000000000 ) ) ;
#4554 = DIRECTION ( 'NONE',  ( -0.000000000000000000, -0.000000000000000000, -1.000000000000000000 ) ) ;
#4555 = EDGE_LOOP ( 'NONE', ( #9367, #2292, #7191, #7258 ) ) ;
#4556 = CARTESIAN_POINT ( 'NONE',  ( -36.93611231721975230, -17.28362250483758444, 2.500000000000000444 ) ) ;
#4557 = DIRECTION ( 'NONE',  ( 1.000000000000000000, -2.168404344971008621E-16, 0.000000000000000000 ) ) ;
#4558 = ORIENTED_EDGE ( 'NONE', *, *, #2000, .F. ) ;
#4559 = VERTEX_POINT ( 'NONE', #8726 ) ;
#4560 = ORIENTED_EDGE ( 'NONE', *, *, #9781, .F. ) ;
#4561 = FACE_OUTER_BOUND ( 'NONE', #3541, .T. ) ;
#4562 = LINE ( 'NONE', #7581, #9503 ) ;
#4563 = B_SPLINE_CURVE_WITH_KNOTS ( 'NONE', 3,
 ( #7040, #262, #3289, #6310 ),
 .UNSPECIFIED., .F., .F.,
 ( 4, 4 ),
 ( 1.987375409620156722E-18, 0.001307469713021760680 ),
 .UNSPECIFIED. ) ;
#4564 = DIRECTION ( 'NONE',  ( -0.000000000000000000, -0.000000000000000000, 1.000000000000000000 ) ) ;
#4565 = ADVANCED_FACE ( 'NONE', ( #9515 ), #1150, .F. ) ;
#4566 = CARTESIAN_POINT ( 'NONE',  ( -5.500000000000001776, -40.62942283616641248, 2.500000000000000444 ) ) ;
#4567 = LINE ( 'NONE', #4716, #8941 ) ;
#4568 = ORIENTED_EDGE ( 'NONE', *, *, #1239, .F. ) ;
#4569 = LINE ( 'NONE', #2884, #4375 ) ;
#4570 = VERTEX_POINT ( 'NONE', #3429 ) ;
#4571 = TOROIDAL_SURFACE ( 'NONE', #604, 7.500000000000000000, 2.000000000000000000 ) ;
#4572 = DIRECTION ( 'NONE',  ( -1.000000000000000000, -1.224646799147353454E-16, 0.000000000000000000 ) ) ;
#4573 = CARTESIAN_POINT ( 'NONE',  ( 5.768292682927128823, 42.61134590134522426, 2.500000000000000444 ) ) ;
#4574 = ADVANCED_FACE ( 'NONE', ( #551 ), #7947, .F. ) ;
#4575 = LINE ( 'NONE', #7642, #3642 ) ;
#4576 = ORIENTED_EDGE ( 'NONE', *, *, #8443, .T. ) ;
#4577 = CARTESIAN_POINT ( 'NONE',  ( 0.000000000000000000, 0.000000000000000000, 2.500000000000000444 ) ) ;
#4578 = CARTESIAN_POINT ( 'NONE',  ( -1.825908842522428799, 5.188324836666578399, 17.67726970588866209 ) ) ;
#4579 = DIRECTION ( 'NONE',  ( -0.9695105696079969748, -0.2450494958541582502, 0.000000000000000000 ) ) ;
#4580 = VECTOR ( 'NONE', #811, 1000.000000000000000 ) ;
#4581 = ORIENTED_EDGE ( 'NONE', *, *, #2953, .F. ) ;
#4582 = ORIENTED_EDGE ( 'NONE', *, *, #2556, .T. ) ;
#4583 = DIRECTION ( 'NONE',  ( -0.000000000000000000, -0.000000000000000000, 1.000000000000000000 ) ) ;
#4584 = ORIENTED_EDGE ( 'NONE', *, *, #7232, .T. ) ;
#4585 = CARTESIAN_POINT ( 'NONE',  ( 24.66324373348084720, 14.23933040861457222, 2.500000000000000444 ) ) ;
#4586 = EDGE_CURVE ( 'NONE', #3048, #1482, #3371, .T. ) ;
#4587 = VECTOR ( 'NONE', #2095, 1000.000000000000000 ) ;
#4588 = VERTEX_POINT ( 'NONE', #7236 ) ;
#4589 = DIRECTION ( 'NONE',  ( 0.000000000000000000, -0.000000000000000000, -1.000000000000000000 ) ) ;
#4590 = EDGE_LOOP ( 'NONE', ( #1475, #3715, #7281, #6516 ) ) ;
#4591 = FACE_OUTER_BOUND ( 'NONE', #1824, .T. ) ;
#4592 = CIRCLE ( 'NONE', #9638, 8.169624749921858609 ) ;
#4593 = ADVANCED_FACE ( 'NONE', ( #455 ), #6495, .F. ) ;
#4594 = CIRCLE ( 'NONE', #8538, 1.000000000000004441 ) ;
#4595 = ORIENTED_EDGE ( 'NONE', *, *, #7670, .T. ) ;
#4596 = DIRECTION ( 'NONE',  ( -0.7043042975908130332, -0.7098982014311004951, 0.000000000000000000 ) ) ;
#4597 = VERTEX_POINT ( 'NONE', #4134 ) ;
#4598 = CIRCLE ( 'NONE', #2858, 2.000000000000000000 ) ;
#4599 = DIRECTION ( 'NONE',  ( 1.000000000000000000, 0.000000000000000000, 0.000000000000000000 ) ) ;
#4600 = EDGE_CURVE ( 'NONE', #4418, #6290, #8807, .T. ) ;
#4601 = CARTESIAN_POINT ( 'NONE',  ( -44.41421356237311358, 5.439172447580719741E-15, 11.91421356237308515 ) ) ;
#4602 = AXIS2_PLACEMENT_3D ( 'NONE', #9780, #8297, #1509 ) ;
#4603 = DIRECTION ( 'NONE',  ( 1.000000000000000000, 0.000000000000000000, 0.000000000000000000 ) ) ;
#4604 = LINE ( 'NONE', #9200, #160 ) ;
#4605 = CARTESIAN_POINT ( 'NONE',  ( 0.000000000000000000, 0.000000000000000000, 0.000000000000000000 ) ) ;
#4606 = AXIS2_PLACEMENT_3D ( 'NONE', #3627, #2089, #9010 ) ;
#4607 = VERTEX_POINT ( 'NONE', #5761 ) ;
#4608 = CIRCLE ( 'NONE', #6191, 2.000000000000001776 ) ;
#4609 = ORIENTED_EDGE ( 'NONE', *, *, #5799, .F. ) ;
#4610 = ORIENTED_EDGE ( 'NONE', *, *, #5757, .T. ) ;
#4611 = CARTESIAN_POINT ( 'NONE',  ( -9.478295456909998862, 9.478295456910245775, 3.353331896490969299 ) ) ;
#4612 = EDGE_CURVE ( 'NONE', #4805, #9145, #4449, .T. ) ;
#4613 = EDGE_CURVE ( 'NONE', #6161, #4147, #7035, .T. ) ;
#4614 = DIRECTION ( 'NONE',  ( -0.000000000000000000, -0.000000000000000000, 1.000000000000000000 ) ) ;
#4615 = AXIS2_PLACEMENT_3D ( 'NONE', #3376, #300, #1092 ) ;
#4616 = DIRECTION ( 'NONE',  ( -0.000000000000000000, -0.000000000000000000, 1.000000000000000000 ) ) ;
#4617 = DIRECTION ( 'NONE',  ( -1.000000000000000000, 1.027823659516258046E-14, 0.000000000000000000 ) ) ;
#4618 = CARTESIAN_POINT ( 'NONE',  ( -1.535911781320788982, 1.540000000000000036, 16.29585429671393015 ) ) ;
#4619 = ORIENTED_EDGE ( 'NONE', *, *, #2032, .F. ) ;
#4620 = CARTESIAN_POINT ( 'NONE',  ( 15.19446086639734261, 3.062410648414044534, 2.500000000000000444 ) ) ;
#4621 = ORIENTED_EDGE ( 'NONE', *, *, #8462, .F. ) ;
#4622 = DIRECTION ( 'NONE',  ( 0.000000000000000000, -1.000000000000000000, 0.000000000000000000 ) ) ;
#4623 = CARTESIAN_POINT ( 'NONE',  ( -1.841084138333623166, 1.160699697451933243, 19.46644431847205325 ) ) ;
#4624 = CARTESIAN_POINT ( 'NONE',  ( 16.52039759876005931, -4.426627195228737932, -2.500000000000000444 ) ) ;
#4625 = VERTEX_POINT ( 'NONE', #505 ) ;
#4626 = CARTESIAN_POINT ( 'NONE',  ( -24.66324373348074772, 14.23933040861462196, -2.500000000000000444 ) ) ;
#4627 = CARTESIAN_POINT ( 'NONE',  ( -1.865363904535190409, 1.433069336041612463, 17.80967248142304982 ) ) ;
#4628 = LINE ( 'NONE', #3885, #2957 ) ;
#4629 = ORIENTED_EDGE ( 'NONE', *, *, #6909, .F. ) ;
#4630 = VERTEX_POINT ( 'NONE', #8859 ) ;
#4631 = DIRECTION ( 'NONE',  ( -0.000000000000000000, -0.000000000000000000, 1.000000000000000000 ) ) ;
#4632 = ORIENTED_EDGE ( 'NONE', *, *, #4154, .T. ) ;
#4633 = CIRCLE ( 'NONE', #1613, 22.00000000000000000 ) ;
#4634 = CARTESIAN_POINT ( 'NONE',  ( 2.387816587501819576, 8.429805248399517836, -2.500000000000000444 ) ) ;
#4635 = ORIENTED_EDGE ( 'NONE', *, *, #8499, .F. ) ;
#4636 = PLANE ( 'NONE',  #6773 ) ;
#4637 = ORIENTED_EDGE ( 'NONE', *, *, #100, .F. ) ;
#4638 = CARTESIAN_POINT ( 'NONE',  ( 33.43611231721943966, -23.34580033132913357, 2.500000000000000444 ) ) ;
#4639 = VECTOR ( 'NONE', #6870, 1000.000000000000000 ) ;
#4640 = EDGE_CURVE ( 'NONE', #6637, #1021, #1893, .T. ) ;
#4641 = ORIENTED_EDGE ( 'NONE', *, *, #6877, .F. ) ;
#4642 = CARTESIAN_POINT ( 'NONE',  ( 9.478295456910077021, -9.478295456910036165, 3.353331896491063002 ) ) ;
#4643 = CARTESIAN_POINT ( 'NONE',  ( 1.138412281109783127E-14, 3.500000000000011546, -2.500000000000000444 ) ) ;
#4644 = ORIENTED_EDGE ( 'NONE', *, *, #1024, .T. ) ;
#4645 = AXIS2_PLACEMENT_3D ( 'NONE', #9125, #4441, #5281 ) ;
#4646 = CARTESIAN_POINT ( 'NONE',  ( 14.68999443131564853, -4.945105014852087422, 2.500000000000000444 ) ) ;
#4647 = CARTESIAN_POINT ( 'NONE',  ( 2.357445088358654757E-16, 0.5000000000000029976, 16.37499999999999645 ) ) ;
#4648 = EDGE_CURVE ( 'NONE', #3780, #6274, #8889, .T. ) ;
#4649 = CARTESIAN_POINT ( 'NONE',  ( 5.500000000000000000, 6.735557395310442023E-16, 21.50000000000000000 ) ) ;
#4650 = DIRECTION ( 'NONE',  ( 0.9695105696079970858, 0.2450494958541583057, 0.000000000000000000 ) ) ;
#4651 = CARTESIAN_POINT ( 'NONE',  ( 16.31018495079359099, -39.78665438147453415, 2.500000000000000444 ) ) ;
#4652 = EDGE_CURVE ( 'NONE', #3111, #9711, #2889, .T. ) ;
#4653 = ORIENTED_EDGE ( 'NONE', *, *, #2469, .T. ) ;
#4654 = ADVANCED_FACE ( 'NONE', ( #1099 ), #5063, .F. ) ;
#4655 = ORIENTED_EDGE ( 'NONE', *, *, #7856, .T. ) ;
#4656 = ORIENTED_EDGE ( 'NONE', *, *, #7257, .F. ) ;
#4657 = FACE_OUTER_BOUND ( 'NONE', #1836, .T. ) ;
#4658 = CARTESIAN_POINT ( 'NONE',  ( -12.50000000000000000, 1.530808498934191521E-15, 9.671572875253831469 ) ) ;
#4659 = CARTESIAN_POINT ( 'NONE',  ( -1.750000000000047073, -3.031088913245540528, 2.500000000000000444 ) ) ;
#4660 = LINE ( 'NONE', #1780, #3130 ) ;
#4661 = CARTESIAN_POINT ( 'NONE',  ( -8.429805248399402373, 2.387816587501787158, -2.500000000000000444 ) ) ;
#4662 = CARTESIAN_POINT ( 'NONE',  ( -8.221964726476890917, 8.157176732979472433, 2.500000000000000444 ) ) ;
#4663 = EDGE_CURVE ( 'NONE', #5745, #2043, #4633, .T. ) ;
#4664 = EDGE_CURVE ( 'NONE', #3478, #502, #8216, .T. ) ;
#4665 = ORIENTED_EDGE ( 'NONE', *, *, #538, .F. ) ;
#4666 = CARTESIAN_POINT ( 'NONE',  ( 11.19901868863838423, 2.953339910681159530, 2.500000000000000444 ) ) ;
#4667 = ORIENTED_EDGE ( 'NONE', *, *, #6959, .F. ) ;
#4668 = LINE ( 'NONE', #7683, #9211 ) ;
#4669 = LINE ( 'NONE', #5459, #2068 ) ;
#4670 = CARTESIAN_POINT ( 'NONE',  ( 0.000000000000000000, 0.000000000000000000, 11.91421356237308515 ) ) ;
#4671 = ORIENTED_EDGE ( 'NONE', *, *, #8207, .T. ) ;
#4672 = DIRECTION ( 'NONE',  ( -0.000000000000000000, -0.000000000000000000, 1.000000000000000000 ) ) ;
#4673 = CARTESIAN_POINT ( 'NONE',  ( -1.263940255982220151, 1.805277519638784245, 16.81781438247694638 ) ) ;
#4674 = DIRECTION ( 'NONE',  ( -0.2450494958541578061, -0.9695105696079971969, 0.000000000000000000 ) ) ;
#4675 = ORIENTED_EDGE ( 'NONE', *, *, #7374, .T. ) ;
#4676 = VERTEX_POINT ( 'NONE', #6087 ) ;
#4677 = CARTESIAN_POINT ( 'NONE',  ( 14.29278542295888954, 2.134703820650538209, 2.689257726104017809 ) ) ;
#4678 = ORIENTED_EDGE ( 'NONE', *, *, #6360, .T. ) ;
#4679 = DIRECTION ( 'NONE',  ( -0.2549963129926495209, 0.9669420253356221240, 0.000000000000000000 ) ) ;
#4680 = ORIENTED_EDGE ( 'NONE', *, *, #9228, .T. ) ;
#4681 = CARTESIAN_POINT ( 'NONE',  ( -11.08578643762692906, 0.000000000000000000, 11.91421356237309404 ) ) ;
#4682 = AXIS2_PLACEMENT_3D ( 'NONE', #5683, #3404, #6422 ) ;
#4683 = ORIENTED_EDGE ( 'NONE', *, *, #7360, .F. ) ;
#4684 = LINE ( 'NONE', #6223, #4137 ) ;
#4685 = EDGE_CURVE ( 'NONE', #8453, #6414, #3768, .T. ) ;
#4686 = AXIS2_PLACEMENT_3D ( 'NONE', #4870, #5705, #5560 ) ;
#4687 = VERTEX_POINT ( 'NONE', #5299 ) ;
#4688 = DIRECTION ( 'NONE',  ( -0.000000000000000000, 0.000000000000000000, 1.000000000000000000 ) ) ;
#4689 = AXIS2_PLACEMENT_3D ( 'NONE', #7282, #2782, #7139 ) ;
#4690 = DIRECTION ( 'NONE',  ( -0.000000000000000000, -0.000000000000000000, 1.000000000000000000 ) ) ;
#4691 = VECTOR ( 'NONE', #691, 1000.000000000000114 ) ;
#4692 = ORIENTED_EDGE ( 'NONE', *, *, #3635, .F. ) ;
#4693 = CARTESIAN_POINT ( 'NONE',  ( -1.749999999999976463, 3.031088913245560512, -2.500000000000000444 ) ) ;
#4694 = DIRECTION ( 'NONE',  ( -0.000000000000000000, -0.000000000000000000, 1.000000000000000000 ) ) ;
#4695 = DIRECTION ( 'NONE',  ( -0.000000000000000000, -0.000000000000000000, -1.000000000000000000 ) ) ;
#4696 = EDGE_CURVE ( 'NONE', #2587, #2732, #9095, .T. ) ;
#4697 = ORIENTED_EDGE ( 'NONE', *, *, #6620, .T. ) ;
#4698 = CARTESIAN_POINT ( 'NONE',  ( 13.10649060984536973, -4.053066941773661114, 3.055993497343878484 ) ) ;
#4699 = VECTOR ( 'NONE', #3570, 1000.000000000000000 ) ;
#4700 = DIRECTION ( 'NONE',  ( 0.8660254037844453689, 0.4999999999999884537, 0.000000000000000000 ) ) ;
#4701 = ADVANCED_FACE ( 'NONE', ( #4465 ), #640, .T. ) ;
#4702 = VECTOR ( 'NONE', #2051, 1000.000000000000000 ) ;
#4703 = FACE_OUTER_BOUND ( 'NONE', #5778, .T. ) ;
#4704 = ORIENTED_EDGE ( 'NONE', *, *, #3282, .F. ) ;
#4705 = DIRECTION ( 'NONE',  ( 0.7043042975908133663, 0.7098982014311003841, 0.000000000000000000 ) ) ;
#4706 = CIRCLE ( 'NONE', #8027, 2.000000000000000000 ) ;
#4707 = ORIENTED_EDGE ( 'NONE', *, *, #8812, .T. ) ;
#4708 = VERTEX_POINT ( 'NONE', #1527 ) ;
#4709 = LINE ( 'NONE', #9148, #3044 ) ;
#4710 = CARTESIAN_POINT ( 'NONE',  ( -8.157176732979534606, 8.221964726476942431, -2.500000000000000444 ) ) ;
#4711 = ADVANCED_FACE ( 'NONE', ( #4561 ), #2973, .F. ) ;
#4712 = CYLINDRICAL_SURFACE ( 'NONE', #9316, 2.000000000000001776 ) ;
#4713 = AXIS2_PLACEMENT_3D ( 'NONE', #7194, #8681, #1796 ) ;
#4714 = CARTESIAN_POINT ( 'NONE',  ( -14.23933040861448340, -24.66324373348067667, 2.500000000000000444 ) ) ;
#4715 = LINE ( 'NONE', #5559, #8240 ) ;
#4716 = CARTESIAN_POINT ( 'NONE',  ( 29.39008111416185187, -4.227275442616242884, -2.500000000000000444 ) ) ;
#4717 = ORIENTED_EDGE ( 'NONE', *, *, #2087, .T. ) ;
#4718 = DIRECTION ( 'NONE',  ( -0.000000000000000000, 0.000000000000000000, 1.000000000000000000 ) ) ;
#4719 = VERTEX_POINT ( 'NONE', #7481 ) ;
#4720 = CARTESIAN_POINT ( 'NONE',  ( 1.441983596338166862, 1.665036055930930958, 16.99120404937093554 ) ) ;
#4721 = CARTESIAN_POINT ( 'NONE',  ( -15.20884097822242786, 24.41819423762676067, 2.500000000000000444 ) ) ;
#4722 = DIRECTION ( 'NONE',  ( -1.000000000000000000, 0.000000000000000000, 0.000000000000000000 ) ) ;
#4723 = EDGE_CURVE ( 'NONE', #9118, #8008, #783, .T. ) ;
#4724 = ORIENTED_EDGE ( 'NONE', *, *, #460, .F. ) ;
#4725 = EDGE_CURVE ( 'NONE', #2514, #2187, #3146, .T. ) ;
#4726 = CARTESIAN_POINT ( 'NONE',  ( 23.34580033132832355, -33.43611231722002231, 2.500000000000000444 ) ) ;
#4727 = CARTESIAN_POINT ( 'NONE',  ( -1.907297519529679075, 1.048558728490311287, 17.38796444660676954 ) ) ;
#4728 = CARTESIAN_POINT ( 'NONE',  ( 8.222222014276331592, 14.24130627983787178, 2.500000000000000444 ) ) ;
#4729 = EDGE_LOOP ( 'NONE', ( #4671, #4888, #8004, #5524 ) ) ;
#4730 = VECTOR ( 'NONE', #3957, 1000.000000000000000 ) ;
#4731 = VERTEX_POINT ( 'NONE', #9698 ) ;
#4732 = CARTESIAN_POINT ( 'NONE',  ( -4.227275442616313050, -29.39008111416170976, 2.500000000000000444 ) ) ;
#4733 = VERTEX_POINT ( 'NONE', #8123 ) ;
#4734 = DIRECTION ( 'NONE',  ( 0.7170960345909683786, -0.6969743733982683986, 0.000000000000000000 ) ) ;
#4735 = ORIENTED_EDGE ( 'NONE', *, *, #5785, .F. ) ;
#4736 = CARTESIAN_POINT ( 'NONE',  ( 8.995100449718515634, 11.31056335679711822, 2.689257726103994273 ) ) ;
#4737 = VERTEX_POINT ( 'NONE', #6725 ) ;
#4738 = VECTOR ( 'NONE', #4045, 999.9999999999998863 ) ;
#4739 = DIRECTION ( 'NONE',  ( -0.000000000000000000, -0.000000000000000000, 1.000000000000000000 ) ) ;
#4740 = CIRCLE ( 'NONE', #1589, 43.00000000000000711 ) ;
#4741 = B_SPLINE_CURVE_WITH_KNOTS ( 'NONE', 3,
 ( #7755, #2454, #5428, #3301 ),
 .UNSPECIFIED., .F., .F.,
 ( 4, 4 ),
 ( 0.000000000000000000, 0.002007903776505745239 ),
 .UNSPECIFIED. ) ;
#4742 = ORIENTED_EDGE ( 'NONE', *, *, #236, .T. ) ;
#4743 = CARTESIAN_POINT ( 'NONE',  ( 40.62942283616637695, -3.500000000000427214, 2.500000000000000444 ) ) ;
#4744 = VECTOR ( 'NONE', #6840, 1000.000000000000114 ) ;
#4745 = DIRECTION ( 'NONE',  ( 0.000000000000000000, -0.000000000000000000, -1.000000000000000000 ) ) ;
#4746 = VERTEX_POINT ( 'NONE', #3821 ) ;
#4747 = DIRECTION ( 'NONE',  ( 0.000000000000000000, -0.000000000000000000, -1.000000000000000000 ) ) ;
#4748 = CYLINDRICAL_SURFACE ( 'NONE', #531, 1.000000000000004441 ) ;
#4749 = FACE_BOUND ( 'NONE', #2827, .T. ) ;
#4750 = VECTOR ( 'NONE', #1423, 1000.000000000000000 ) ;
#4751 = ORIENTED_EDGE ( 'NONE', *, *, #2059, .T. ) ;
#4752 = CARTESIAN_POINT ( 'NONE',  ( 3.500000000000001332, -40.62942283616641248, 2.500000000000000444 ) ) ;
#4753 = FACE_OUTER_BOUND ( 'NONE', #5725, .T. ) ;
#4754 = AXIS2_PLACEMENT_3D ( 'NONE', #6567, #6526, #7362 ) ;
#4755 = FACE_OUTER_BOUND ( 'NONE', #8999, .T. ) ;
#4756 = ORIENTED_EDGE ( 'NONE', *, *, #4531, .T. ) ;
#4757 = CARTESIAN_POINT ( 'NONE',  ( 2.134703820650564410, 14.29278542295895171, -2.500000000000000444 ) ) ;
#4758 = EDGE_CURVE ( 'NONE', #6625, #526, #2419, .T. ) ;
#4759 = AXIS2_PLACEMENT_3D ( 'NONE', #7053, #3896, #1015 ) ;
#4760 = VERTEX_POINT ( 'NONE', #6042 ) ;
#4761 = VECTOR ( 'NONE', #5958, 1000.000000000000114 ) ;
#4762 = CARTESIAN_POINT ( 'NONE',  ( 14.23933040861451715, -24.66324373348070154, 2.500000000000000444 ) ) ;
#4763 = DIRECTION ( 'NONE',  ( 0.7043042975908135883, -0.7098982014311000510, 0.000000000000000000 ) ) ;
#4764 = DIRECTION ( 'NONE',  ( -0.000000000000000000, 0.000000000000000000, 1.000000000000000000 ) ) ;
#4765 = AXIS2_PLACEMENT_3D ( 'NONE', #9659, #5854, #5115 ) ;
#4766 = CARTESIAN_POINT ( 'NONE',  ( -18.35596847918073848, -23.33891914284111024, -2.500000000000000444 ) ) ;
#4767 = CARTESIAN_POINT ( 'NONE',  ( -2.953339910681166192, 11.19901868863841088, 2.500000000000000444 ) ) ;
#4768 = DIRECTION ( 'NONE',  ( -0.000000000000000000, -0.000000000000000000, 1.000000000000000000 ) ) ;
#4769 = CIRCLE ( 'NONE', #339, 22.00000000000001421 ) ;
#4770 = ADVANCED_FACE ( 'NONE', ( #2130 ), #8167, .F. ) ;
#4771 = ORIENTED_EDGE ( 'NONE', *, *, #3697, .F. ) ;
#4772 = CARTESIAN_POINT ( 'NONE',  ( 3.041841955658786123, -11.17530463715789324, -2.500000000000000444 ) ) ;
#4773 = ORIENTED_EDGE ( 'NONE', *, *, #7046, .T. ) ;
#4774 = VECTOR ( 'NONE', #3922, 1000.000000000000114 ) ;
#4775 = CARTESIAN_POINT ( 'NONE',  ( 14.23933040861451715, -24.66324373348070154, 2.500000000000000444 ) ) ;
#4776 = CARTESIAN_POINT ( 'NONE',  ( -3.469296921803616929, 12.94759237871393864, -2.500000000000000444 ) ) ;
#4777 = CARTESIAN_POINT ( 'NONE',  ( 26.30116095055072378, -34.01836169854783520, -2.500000000000000444 ) ) ;
#4778 = AXIS2_PLACEMENT_3D ( 'NONE', #3758, #8942, #629 ) ;
#4779 = EDGE_LOOP ( 'NONE', ( #571, #9730, #2189, #5583, #534, #5418 ) ) ;
#4780 = EDGE_CURVE ( 'NONE', #1970, #1536, #4368, .T. ) ;
#4781 = LINE ( 'NONE', #15, #9586 ) ;
#4782 = CARTESIAN_POINT ( 'NONE',  ( -0.8554142756949062454, 5.434329559604024418, 16.57094244995860421 ) ) ;
#4783 = DIRECTION ( 'NONE',  ( -0.000000000000000000, -0.000000000000000000, 1.000000000000000000 ) ) ;
#4784 = VERTEX_POINT ( 'NONE', #5993 ) ;
#4785 = EDGE_CURVE ( 'NONE', #7887, #1699, #4415, .T. ) ;
#4786 = ORIENTED_EDGE ( 'NONE', *, *, #8164, .T. ) ;
#4787 = DIRECTION ( 'NONE',  ( -0.000000000000000000, -0.000000000000000000, -1.000000000000000000 ) ) ;
#4788 = ADVANCED_FACE ( 'NONE', ( #5207 ), #593, .F. ) ;
#4789 = ORIENTED_EDGE ( 'NONE', *, *, #6887, .F. ) ;
#4790 = CARTESIAN_POINT ( 'NONE',  ( -15.53163513676237528, -12.96271092476099618, -2.500000000000000444 ) ) ;
#4791 = ORIENTED_EDGE ( 'NONE', *, *, #3015, .F. ) ;
#4792 = CARTESIAN_POINT ( 'NONE',  ( 0.000000000000000000, 2.140000000000000124, 18.29999999999999716 ) ) ;
#4793 = EDGE_LOOP ( 'NONE', ( #6743, #2161, #897, #8386 ) ) ;
#4794 = DIRECTION ( 'NONE',  ( -0.2549963129926494654, -0.9669420253356221240, 0.000000000000000000 ) ) ;
#4795 = VECTOR ( 'NONE', #1670, 1000.000000000000000 ) ;
#4796 = EDGE_CURVE ( 'NONE', #3192, #730, #3620, .T. ) ;
#4797 = ORIENTED_EDGE ( 'NONE', *, *, #5001, .F. ) ;
#4798 = FACE_OUTER_BOUND ( 'NONE', #206, .T. ) ;
#4799 = EDGE_CURVE ( 'NONE', #590, #7240, #203, .T. ) ;
#4800 = CARTESIAN_POINT ( 'NONE',  ( 39.78665438147448441, 16.31018495079372954, -2.500000000000000444 ) ) ;
#4801 = ORIENTED_EDGE ( 'NONE', *, *, #4316, .T. ) ;
#4802 = CARTESIAN_POINT ( 'NONE',  ( 0.000000000000000000, 0.000000000000000000, 9.671572875253831469 ) ) ;
#4803 = DIRECTION ( 'NONE',  ( 0.9648945144237498495, -0.2626377277448084802, 0.000000000000000000 ) ) ;
#4804 = LINE ( 'NONE', #3857, #4894 ) ;
#4805 = VERTEX_POINT ( 'NONE', #2876 ) ;
#4806 = VECTOR ( 'NONE', #4021, 1000.000000000000000 ) ;
#4807 = CARTESIAN_POINT ( 'NONE',  ( 0.000000000000000000, 0.000000000000000000, 5.500000000000000888 ) ) ;
#4808 = CARTESIAN_POINT ( 'NONE',  ( 40.62942283616635564, -5.500000000000427214, -2.500000000000000444 ) ) ;
#4809 = DIRECTION ( 'NONE',  ( -0.2725361962097283541, -0.9621455304451258517, 0.000000000000000000 ) ) ;
#4810 = EDGE_LOOP ( 'NONE', ( #7260, #2543, #3415, #9582 ) ) ;
#4811 = CARTESIAN_POINT ( 'NONE',  ( -3.500000000000002665, -34.99999999999999289, -2.500000000000000444 ) ) ;
#4812 = VECTOR ( 'NONE', #1611, 1000.000000000000000 ) ;
#4813 = VERTEX_POINT ( 'NONE', #3268 ) ;
#4814 = CARTESIAN_POINT ( 'NONE',  ( -16.49238970772117696, -16.49238970772105262, -2.500000000000000444 ) ) ;
#4815 = CARTESIAN_POINT ( 'NONE',  ( 0.000000000000000000, 0.000000000000000000, 14.50000000000000000 ) ) ;
#4816 = PLANE ( 'NONE',  #5223 ) ;
#4817 = CARTESIAN_POINT ( 'NONE',  ( -15.19446086639736393, -3.062410648413933512, 2.500000000000000444 ) ) ;
#4818 = AXIS2_PLACEMENT_3D ( 'NONE', #9332, #6949, #8431 ) ;
#4819 = CARTESIAN_POINT ( 'NONE',  ( -18.99185453113835820, 6.969435128366795240, -2.500000000000000444 ) ) ;
#4820 = CARTESIAN_POINT ( 'NONE',  ( -11.19901868863826166, -2.953339910681126668, -2.500000000000000444 ) ) ;
#4821 = EDGE_LOOP ( 'NONE', ( #8563, #2351, #5599, #8405 ) ) ;
#4822 = DIRECTION ( 'NONE',  ( 1.000000000000000000, 0.000000000000000000, 0.000000000000000000 ) ) ;
#4823 = EDGE_LOOP ( 'NONE', ( #7353, #9656, #2850, #3775 ) ) ;
#4824 = CARTESIAN_POINT ( 'NONE',  ( -11.17530463715791811, -3.041841955658796337, -2.500000000000000444 ) ) ;
#4825 = FACE_OUTER_BOUND ( 'NONE', #3229, .T. ) ;
#4826 = CARTESIAN_POINT ( 'NONE',  ( 2.953339910681150648, 11.19901868863836292, -2.500000000000000444 ) ) ;
#4827 = ORIENTED_EDGE ( 'NONE', *, *, #179, .F. ) ;
#4828 = EDGE_CURVE ( 'NONE', #8546, #5579, #1463, .T. ) ;
#4829 = LINE ( 'NONE', #7841, #6656 ) ;
#4830 = DIRECTION ( 'NONE',  ( 1.000000000000000000, 0.000000000000000000, 0.000000000000000000 ) ) ;
#4831 = EDGE_CURVE ( 'NONE', #9487, #6133, #8261, .T. ) ;
#4832 = ORIENTED_EDGE ( 'NONE', *, *, #7320, .T. ) ;
#4833 = ORIENTED_EDGE ( 'NONE', *, *, #8686, .T. ) ;
#4834 = LINE ( 'NONE', #3139, #2635 ) ;
#4835 = ORIENTED_EDGE ( 'NONE', *, *, #416, .T. ) ;
#4836 = CARTESIAN_POINT ( 'NONE',  ( 3.500000000000285549, 40.62942283616639116, -2.500000000000000444 ) ) ;
#4837 = ORIENTED_EDGE ( 'NONE', *, *, #7990, .F. ) ;
#4838 = DIRECTION ( 'NONE',  ( 0.5000000000000101030, 0.8660254037844329345, 0.000000000000000000 ) ) ;
#4839 = EDGE_CURVE ( 'NONE', #7945, #5192, #4011, .T. ) ;
#4840 = FACE_OUTER_BOUND ( 'NONE', #9514, .T. ) ;
#4841 = FACE_BOUND ( 'NONE', #5280, .T. ) ;
#4842 = EDGE_CURVE ( 'NONE', #9202, #7103, #3970, .T. ) ;
#4843 = ORIENTED_EDGE ( 'NONE', *, *, #6537, .F. ) ;
#4844 = DIRECTION ( 'NONE',  ( -0.2549963129926495209, 0.9669420253356221240, 0.000000000000000000 ) ) ;
#4845 = DIRECTION ( 'NONE',  ( -0.9648945144237495164, -0.2626377277448090908, 0.000000000000000000 ) ) ;
#4846 = VECTOR ( 'NONE', #9769, 1000.000000000000000 ) ;
#4847 = ORIENTED_EDGE ( 'NONE', *, *, #4013, .T. ) ;
#4848 = DIRECTION ( 'NONE',  ( -0.000000000000000000, -0.000000000000000000, 1.000000000000000000 ) ) ;
#4849 = FACE_BOUND ( 'NONE', #42, .T. ) ;
#4850 = EDGE_CURVE ( 'NONE', #4570, #1798, #2259, .T. ) ;
#4851 = ORIENTED_EDGE ( 'NONE', *, *, #7515, .T. ) ;
#4852 = EDGE_CURVE ( 'NONE', #26, #2831, #7316, .T. ) ;
#4853 = DIRECTION ( 'NONE',  ( 1.000000000000000000, 0.000000000000000000, 0.000000000000000000 ) ) ;
#4854 = EDGE_CURVE ( 'NONE', #7541, #7489, #5502, .T. ) ;
#4855 = CARTESIAN_POINT ( 'NONE',  ( 0.000000000000000000, 0.000000000000000000, 5.499999999999998224 ) ) ;
#4856 = CARTESIAN_POINT ( 'NONE',  ( -3.062410648413870895, 15.19446086639737992, 2.500000000000000444 ) ) ;
#4857 = TOROIDAL_SURFACE ( 'NONE', #6106, 45.82842712474621294, 2.000000000000000000 ) ;
#4858 = VERTEX_POINT ( 'NONE', #1623 ) ;
#4859 = DIRECTION ( 'NONE',  ( 1.000000000000000000, 0.000000000000000000, 0.000000000000000000 ) ) ;
#4860 = AXIS2_PLACEMENT_3D ( 'NONE', #4280, #8731, #4830 ) ;
#4861 = ORIENTED_EDGE ( 'NONE', *, *, #4308, .F. ) ;
#4862 = CARTESIAN_POINT ( 'NONE',  ( -2.174999999999999822, 2.663606788145493121E-16, 5.499999999999998224 ) ) ;
#4863 = CARTESIAN_POINT ( 'NONE',  ( 32.43611231721941124, -25.07785113889799078, -2.500000000000000444 ) ) ;
#4864 = VECTOR ( 'NONE', #6580, 1000.000000000000114 ) ;
#4865 = AXIS2_PLACEMENT_3D ( 'NONE', #4881, #7192, #7895 ) ;
#4866 = LINE ( 'NONE', #4073, #8520 ) ;
#4867 = CARTESIAN_POINT ( 'NONE',  ( 10.24935585154527118, -11.62758378290153161, 2.500000000000000444 ) ) ;
#4868 = CARTESIAN_POINT ( 'NONE',  ( -36.93611231721975230, -17.28362250483758444, -2.500000000000000444 ) ) ;
#4870 = CARTESIAN_POINT ( 'NONE',  ( -3.041841955658789676, -11.17530463715794653, -2.500000000000000444 ) ) ;
#4869 = AXIS2_PLACEMENT_3D ( 'NONE', #545, #9740, #9598 ) ;
#4871 = B_SPLINE_CURVE_WITH_KNOTS ( 'NONE', 3,
 ( #2420, #5440, #1659, #1713 ),
 .UNSPECIFIED., .F., .F.,
 ( 4, 4 ),
 ( 0.000000000000000000, 0.002007903776505836745 ),
 .UNSPECIFIED. ) ;
#4872 = VECTOR ( 'NONE', #2855, 1000.000000000000000 ) ;
#4873 = VERTEX_POINT ( 'NONE', #5350 ) ;
#4874 = PLANE ( 'NONE',  #1222 ) ;
#4875 = VERTEX_POINT ( 'NONE', #5554 ) ;
#4876 = CARTESIAN_POINT ( 'NONE',  ( 1.771996033017543049, 1.264687326602522921, 16.92486013181782667 ) ) ;
#4877 = VECTOR ( 'NONE', #3463, 1000.000000000000000 ) ;
#4878 = CARTESIAN_POINT ( 'NONE',  ( -14.23933040861442656, 24.66324373348091115, 2.500000000000000444 ) ) ;
#4879 = CARTESIAN_POINT ( 'NONE',  ( 11.19901868863838423, 2.953339910681159530, -2.500000000000000444 ) ) ;
#4880 = EDGE_LOOP ( 'NONE', ( #7167, #3840, #4250, #815 ) ) ;
#4881 = CARTESIAN_POINT ( 'NONE',  ( 2.953339910681150648, 11.19901868863836292, -2.500000000000000444 ) ) ;
#4882 = CYLINDRICAL_SURFACE ( 'NONE', #7610, 47.50000000000000711 ) ;
#4883 = DIRECTION ( 'NONE',  ( -0.6969743733982683986, -0.7170960345909683786, 0.000000000000000000 ) ) ;
#4884 = VERTEX_POINT ( 'NONE', #6294 ) ;
#4885 = ORIENTED_EDGE ( 'NONE', *, *, #3927, .F. ) ;
#4886 = DIRECTION ( 'NONE',  ( -0.000000000000000000, -0.000000000000000000, 1.000000000000000000 ) ) ;
#4887 = EDGE_CURVE ( 'NONE', #9214, #2514, #6344, .T. ) ;
#4888 = ORIENTED_EDGE ( 'NONE', *, *, #4473, .F. ) ;
#4889 = LINE ( 'NONE', #6368, #2113 ) ;
#4890 = EDGE_LOOP ( 'NONE', ( #8035, #5928, #5422, #2438 ) ) ;
#4891 = CARTESIAN_POINT ( 'NONE',  ( 0.000000000000000000, 0.000000000000000000, 2.500000000000000444 ) ) ;
#4892 = DIRECTION ( 'NONE',  ( 0.8660254037844398178, 0.4999999999999978351, 0.000000000000000000 ) ) ;
#4893 = CARTESIAN_POINT ( 'NONE',  ( 32.43611231721941124, -25.07785113889799078, 2.500000000000000444 ) ) ;
#4894 = VECTOR ( 'NONE', #8400, 999.9999999999998863 ) ;
#4895 = VERTEX_POINT ( 'NONE', #6137 ) ;
#4896 = PLANE ( 'NONE',  #9729 ) ;
#4897 = EDGE_CURVE ( 'NONE', #1456, #2878, #8455, .T. ) ;
#4898 = VERTEX_POINT ( 'NONE', #4814 ) ;
#4899 = DIRECTION ( 'NONE',  ( -0.000000000000000000, -0.000000000000000000, 1.000000000000000000 ) ) ;
#4900 = VECTOR ( 'NONE', #1602, 1000.000000000000114 ) ;
#4901 = CARTESIAN_POINT ( 'NONE',  ( 42.62942283616635564, -5.500000000000427214, 2.500000000000000444 ) ) ;
#4902 = CARTESIAN_POINT ( 'NONE',  ( 15.20884097822255221, 24.41819423762672869, -2.500000000000000444 ) ) ;
#4903 = ORIENTED_EDGE ( 'NONE', *, *, #6475, .T. ) ;
#4904 = CARTESIAN_POINT ( 'NONE',  ( -5.065146892057750705, 14.26620574846933742, 2.500000000000000000 ) ) ;
#4905 = EDGE_CURVE ( 'NONE', #9080, #7510, #4709, .T. ) ;
#4906 = CARTESIAN_POINT ( 'NONE',  ( 14.46891108675472282, 32.06088913245523742, -2.500000000000000444 ) ) ;
#4907 = CARTESIAN_POINT ( 'NONE',  ( 14.23933040861455268, 24.66324373348088983, 2.500000000000000444 ) ) ;
#4908 = VECTOR ( 'NONE', #1307, 999.9999999999998863 ) ;
#4909 = VERTEX_POINT ( 'NONE', #8564 ) ;
#4910 = LINE ( 'NONE', #5695, #1414 ) ;
#4911 = EDGE_CURVE ( 'NONE', #4597, #518, #1777, .T. ) ;
#4912 = VERTEX_POINT ( 'NONE', #8407 ) ;
#4913 = AXIS2_PLACEMENT_3D ( 'NONE', #7869, #3258, #4110 ) ;
#4914 = DIRECTION ( 'NONE',  ( 1.000000000000000000, 0.000000000000000000, 0.000000000000000000 ) ) ;
#4915 = LINE ( 'NONE', #1140, #9186 ) ;
#4916 = VECTOR ( 'NONE', #1126, 1000.000000000000000 ) ;
#4917 = CARTESIAN_POINT ( 'NONE',  ( 14.24130627983784869, 8.222222014276313828, -2.500000000000000444 ) ) ;
#4918 = PLANE ( 'NONE',  #1389 ) ;
#4919 = LINE ( 'NONE', #7134, #9189 ) ;
#4920 = CARTESIAN_POINT ( 'NONE',  ( 1.950766547007015461, 0.9631197012319877571, 18.98986705319304136 ) ) ;
#4921 = VECTOR ( 'NONE', #2905, 1000.000000000000000 ) ;
#4922 = ADVANCED_FACE ( 'NONE', ( #295 ), #7826, .F. ) ;
#4923 = VERTEX_POINT ( 'NONE', #6194 ) ;
#4924 = FACE_OUTER_BOUND ( 'NONE', #466, .T. ) ;
#4925 = EDGE_CURVE ( 'NONE', #6003, #9145, #6244, .T. ) ;
#4926 = ORIENTED_EDGE ( 'NONE', *, *, #5203, .F. ) ;
#4927 = DIRECTION ( 'NONE',  ( -0.000000000000000000, 0.000000000000000000, 1.000000000000000000 ) ) ;
#4928 = CARTESIAN_POINT ( 'NONE',  ( 34.99999999999973710, -25.50000000000036948, 2.500000000000000444 ) ) ;
#4929 = LINE ( 'NONE', #408, #6642 ) ;
#4930 = AXIS2_PLACEMENT_3D ( 'NONE', #6023, #672, #2951 ) ;
#4931 = EDGE_LOOP ( 'NONE', ( #128, #2701, #4429, #7004 ) ) ;
#4932 = CARTESIAN_POINT ( 'NONE',  ( -8.221964726476890917, 8.157176732979472433, -2.500000000000000444 ) ) ;
#4933 = AXIS2_PLACEMENT_3D ( 'NONE', #9160, #5360, #8232 ) ;
#4934 = CARTESIAN_POINT ( 'NONE',  ( 9.324020351701410192, -10.06330423973754407, 3.055993497343923337 ) ) ;
#4935 = DIRECTION ( 'NONE',  ( -0.000000000000000000, -0.000000000000000000, 1.000000000000000000 ) ) ;
#4936 = ORIENTED_EDGE ( 'NONE', *, *, #6810, .T. ) ;
#4937 = CIRCLE ( 'NONE', #1125, 2.000000000000001776 ) ;
#4938 = ORIENTED_EDGE ( 'NONE', *, *, #8333, .T. ) ;
#4939 = CARTESIAN_POINT ( 'NONE',  ( -25.49999999999975842, 35.00000000000018474, -2.500000000000000444 ) ) ;
#4940 = ORIENTED_EDGE ( 'NONE', *, *, #6701, .F. ) ;
#4941 = AXIS2_PLACEMENT_3D ( 'NONE', #8124, #1293, #2785 ) ;
#4942 = DIRECTION ( 'NONE',  ( -0.000000000000000000, 0.000000000000000000, 1.000000000000000000 ) ) ;
#4943 = ORIENTED_EDGE ( 'NONE', *, *, #4198, .T. ) ;
#4944 = DIRECTION ( 'NONE',  ( 0.2725361962097284096, 0.9621455304451257406, 0.000000000000000000 ) ) ;
#4945 = VECTOR ( 'NONE', #4025, 1000.000000000000000 ) ;
#4946 = PLANE ( 'NONE',  #8023 ) ;
#4947 = DIRECTION ( 'NONE',  ( 0.000000000000000000, -0.000000000000000000, -1.000000000000000000 ) ) ;
#4948 = ADVANCED_FACE ( 'NONE', ( #4657 ), #1034, .F. ) ;
#4949 = VERTEX_POINT ( 'NONE', #8508 ) ;
#4950 = LINE ( 'NONE', #8696, #8789 ) ;
#4951 = ORIENTED_EDGE ( 'NONE', *, *, #1355, .F. ) ;
#4952 = CARTESIAN_POINT ( 'NONE',  ( -11.17530463715804245, 3.041841955658825647, 2.500000000000000444 ) ) ;
#4953 = FACE_BOUND ( 'NONE', #3798, .T. ) ;
#4954 = VERTEX_POINT ( 'NONE', #7077 ) ;
#4955 = CARTESIAN_POINT ( 'NONE',  ( 15.20884097822250425, -24.41819423762654750, -2.500000000000000444 ) ) ;
#4956 = EDGE_CURVE ( 'NONE', #5968, #6805, #1722, .T. ) ;
#4957 = LINE ( 'NONE', #7871, #1379 ) ;
#4958 = ORIENTED_EDGE ( 'NONE', *, *, #472, .F. ) ;
#4959 = CARTESIAN_POINT ( 'NONE',  ( -8.157176732979374734, -8.221964726476787888, 2.500000000000000444 ) ) ;
#4960 = VERTEX_POINT ( 'NONE', #877 ) ;
#4961 = AXIS2_PLACEMENT_3D ( 'NONE', #688, #1338, #3021 ) ;
#4962 = LINE ( 'NONE', #540, #6224 ) ;
#4963 = DIRECTION ( 'NONE',  ( 0.6969743733982683986, 0.7170960345909682676, 0.000000000000000000 ) ) ;
#4964 = CARTESIAN_POINT ( 'NONE',  ( 1.176436712451401689, 5.373751128206095018, 16.77119219853006982 ) ) ;
#4965 = ADVANCED_FACE ( 'NONE', ( #8360 ), #8269, .T. ) ;
#4966 = DIRECTION ( 'NONE',  ( 0.2725361962097282986, 0.9621455304451258517, 0.000000000000000000 ) ) ;
#4967 = EDGE_CURVE ( 'NONE', #3020, #6252, #2774, .T. ) ;
#4968 = CARTESIAN_POINT ( 'NONE',  ( 25.66324373348082943, -14.23933040861439991, -2.500000000000000444 ) ) ;
#4969 = VECTOR ( 'NONE', #4803, 1000.000000000000000 ) ;
#4970 = ORIENTED_EDGE ( 'NONE', *, *, #9013, .T. ) ;
#4971 = CARTESIAN_POINT ( 'NONE',  ( 15.55157169726910382, 37.93611231721958177, 2.500000000000000444 ) ) ;
#4972 = ORIENTED_EDGE ( 'NONE', *, *, #1929, .T. ) ;
#4973 = DIRECTION ( 'NONE',  ( 0.9621455304451257406, -0.2725361962097284652, 0.000000000000000000 ) ) ;
#4974 = LINE ( 'NONE', #7189, #1752 ) ;
#4975 = DIRECTION ( 'NONE',  ( -0.4999999999999884537, 0.8660254037844452579, 0.000000000000000000 ) ) ;
#4976 = VECTOR ( 'NONE', #6266, 1000.000000000000000 ) ;
#4977 = ORIENTED_EDGE ( 'NONE', *, *, #1328, .T. ) ;
#4978 =( NAMED_UNIT ( * ) PLANE_ANGLE_UNIT ( ) SI_UNIT ( $, .RADIAN. ) );
#4979 = EDGE_CURVE ( 'NONE', #6713, #6342, #7933, .T. ) ;
#4980 = FACE_BOUND ( 'NONE', #5992, .T. ) ;
#4981 = ADVANCED_FACE ( 'NONE', ( #348 ), #6391, .F. ) ;
#4982 = DIRECTION ( 'NONE',  ( -0.7043042975908130332, -0.7098982014311004951, 0.000000000000000000 ) ) ;
#4983 = EDGE_LOOP ( 'NONE', ( #1822, #1108, #6063, #6492 ) ) ;
#4984 = ORIENTED_EDGE ( 'NONE', *, *, #8628, .F. ) ;
#4985 = CYLINDRICAL_SURFACE ( 'NONE', #3744, 2.000000000000001776 ) ;
#4986 = ORIENTED_EDGE ( 'NONE', *, *, #3178, .T. ) ;
#4987 = CARTESIAN_POINT ( 'NONE',  ( -16.52039759875998470, -4.426627195228657996, -2.500000000000000444 ) ) ;
#4988 = ORIENTED_EDGE ( 'NONE', *, *, #3924, .T. ) ;
#4989 = LINE ( 'NONE', #7102, #5532 ) ;
#4990 = DIRECTION ( 'NONE',  ( -0.000000000000000000, -0.000000000000000000, 1.000000000000000000 ) ) ;
#4991 = CARTESIAN_POINT ( 'NONE',  ( 3.460219394376017998, -19.93214605312767773, -2.500000000000000444 ) ) ;
#4992 = EDGE_LOOP ( 'NONE', ( #6017, #2127, #4382, #8800, #3595, #8871 ) ) ;
#4993 = DIRECTION ( 'NONE',  ( -0.2549963129926494654, 0.9669420253356220130, 0.000000000000000000 ) ) ;
#4994 = ORIENTED_EDGE ( 'NONE', *, *, #3137, .T. ) ;
#4995 = DIRECTION ( 'NONE',  ( -0.7098982014311010502, 0.7043042975908125891, 0.000000000000000000 ) ) ;
#4996 = CARTESIAN_POINT ( 'NONE',  ( -9.478295456909998862, 9.478295456910245775, 3.353331896490969299 ) ) ;
#4997 = VERTEX_POINT ( 'NONE', #4862 ) ;
#4998 = CARTESIAN_POINT ( 'NONE',  ( -25.38033976807174952, -13.54235603521608944, 2.500000000000000444 ) ) ;
#4999 = ORIENTED_EDGE ( 'NONE', *, *, #5259, .F. ) ;
#5000 = DIRECTION ( 'NONE',  ( 0.7043042975908125891, 0.7098982014311010502, 0.000000000000000000 ) ) ;
#5001 = EDGE_CURVE ( 'NONE', #4418, #8108, #2299, .T. ) ;
#5002 = ORIENTED_EDGE ( 'NONE', *, *, #5304, .T. ) ;
#5003 = DIRECTION ( 'NONE',  ( -0.9695105696079970858, 0.2450494958541576673, 0.000000000000000000 ) ) ;
#5004 = FACE_OUTER_BOUND ( 'NONE', #3428, .T. ) ;
#5005 = EDGE_CURVE ( 'NONE', #7579, #3838, #493, .T. ) ;
#5006 = CARTESIAN_POINT ( 'NONE',  ( 15.20884097822255221, 24.41819423762672869, -2.500000000000000444 ) ) ;
#5007 = AXIS2_PLACEMENT_3D ( 'NONE', #4343, #9488, #2106 ) ;
#5008 = CARTESIAN_POINT ( 'NONE',  ( -8.494333787820234960, 2.146992799845302002, -2.500000000000000444 ) ) ;
#5009 = DIRECTION ( 'NONE',  ( 0.2549963129926495764, -0.9669420253356220130, 0.000000000000000000 ) ) ;
#5010 = VECTOR ( 'NONE', #4768, 1000.000000000000000 ) ;
#5011 = EDGE_LOOP ( 'NONE', ( #2313, #7295, #2585, #1855, #5925 ) ) ;
#5012 = DIRECTION ( 'NONE',  ( -0.000000000000000000, -0.000000000000000000, 1.000000000000000000 ) ) ;
#5013 = VECTOR ( 'NONE', #7440, 1000.000000000000000 ) ;
#5014 = EDGE_CURVE ( 'NONE', #1208, #7795, #4962, .T. ) ;
#5015 = ORIENTED_EDGE ( 'NONE', *, *, #5247, .F. ) ;
#5016 = CARTESIAN_POINT ( 'NONE',  ( -1.468068802563200048, 1.861679163885537447, 16.97610244632517151 ) ) ;
#5017 = AXIS2_PLACEMENT_3D ( 'NONE', #6259, #9269, #9221 ) ;
#5018 = CARTESIAN_POINT ( 'NONE',  ( 13.27251083153767830, 4.663002165360264684, 2.836032871894521357 ) ) ;
#5019 = DIRECTION ( 'NONE',  ( -0.000000000000000000, -0.000000000000000000, 1.000000000000000000 ) ) ;
#5020 = VERTEX_POINT ( 'NONE', #5650 ) ;
#5021 = CIRCLE ( 'NONE', #428, 21.99999999999997158 ) ;
#5022 = CARTESIAN_POINT ( 'NONE',  ( -8.221964726476890917, 8.157176732979472433, 2.500000000000000444 ) ) ;
#5023 = CYLINDRICAL_SURFACE ( 'NONE', #2864, 50.00000000000000000 ) ;
#5024 = PLANE ( 'NONE',  #2967 ) ;
#5025 = ADVANCED_FACE ( 'NONE', ( #2022 ), #3521, .F. ) ;
#5026 = CIRCLE ( 'NONE', #6745, 15.50000000000000000 ) ;
#5027 = AXIS2_PLACEMENT_3D ( 'NONE', #2658, #8691, #425 ) ;
#5028 = VERTEX_POINT ( 'NONE', #6531 ) ;
#5029 = VERTEX_POINT ( 'NONE', #9457 ) ;
#5030 = DIRECTION ( 'NONE',  ( -0.000000000000000000, 0.000000000000000000, 1.000000000000000000 ) ) ;
#5031 = AXIS2_PLACEMENT_3D ( 'NONE', #5917, #7453, #9673 ) ;
#5032 = VERTEX_POINT ( 'NONE', #1283 ) ;
#5033 = CARTESIAN_POINT ( 'NONE',  ( 20.53108891324517060, -28.56088913245560690, -2.500000000000000444 ) ) ;
#5034 = EDGE_CURVE ( 'NONE', #7479, #7513, #4019, .T. ) ;
#5035 = EDGE_LOOP ( 'NONE', ( #2809, #3191, #851, #175 ) ) ;
#5036 = LINE ( 'NONE', #6372, #2836 ) ;
#5037 = VERTEX_POINT ( 'NONE', #1087 ) ;
#5038 = CARTESIAN_POINT ( 'NONE',  ( 14.88747003981892192, -2.746556991812698190, 2.500000000000000444 ) ) ;
#5039 = VECTOR ( 'NONE', #4564, 1000.000000000000000 ) ;
#5040 = ORIENTED_EDGE ( 'NONE', *, *, #5564, .T. ) ;
#5041 = LINE ( 'NONE', #2010, #3893 ) ;
#5042 = VERTEX_POINT ( 'NONE', #4169 ) ;
#5043 = DIRECTION ( 'NONE',  ( -0.000000000000000000, -0.000000000000000000, 1.000000000000000000 ) ) ;
#5044 = EDGE_CURVE ( 'NONE', #3951, #9263, #7007, .T. ) ;
#5045 = DIRECTION ( 'NONE',  ( 1.000000000000000000, -6.071532165918819308E-15, 0.000000000000000000 ) ) ;
#5046 = ORIENTED_EDGE ( 'NONE', *, *, #5901, .F. ) ;
#5047 = FACE_OUTER_BOUND ( 'NONE', #2332, .T. ) ;
#5048 = VERTEX_POINT ( 'NONE', #4262 ) ;
#5049 = DIRECTION ( 'NONE',  ( 0.000000000000000000, 0.000000000000000000, 1.000000000000000000 ) ) ;
#5050 = CIRCLE ( 'NONE', #7409, 43.00000000000000711 ) ;
#5051 = ORIENTED_EDGE ( 'NONE', *, *, #8396, .T. ) ;
#5052 = CARTESIAN_POINT ( 'NONE',  ( 1.535911781320789204, 1.539999999999999813, 16.33380068046123412 ) ) ;
#5053 = DIRECTION ( 'NONE',  ( 0.000000000000000000, 0.000000000000000000, 1.000000000000000000 ) ) ;
#5054 = DIRECTION ( 'NONE',  ( 1.000000000000000000, 0.000000000000000000, 0.000000000000000000 ) ) ;
#5055 = DIRECTION ( 'NONE',  ( 1.000000000000000000, 0.000000000000000000, 0.000000000000000000 ) ) ;
#5056 = VECTOR ( 'NONE', #3222, 1000.000000000000000 ) ;
#5057 = DIRECTION ( 'NONE',  ( -0.000000000000000000, 0.000000000000000000, 1.000000000000000000 ) ) ;
#5058 = EDGE_CURVE ( 'NONE', #9415, #8689, #395, .T. ) ;
#5059 = VERTEX_POINT ( 'NONE', #3416 ) ;
#5060 = LINE ( 'NONE', #9556, #8022 ) ;
#5061 = ORIENTED_EDGE ( 'NONE', *, *, #930, .F. ) ;
#5062 = AXIS2_PLACEMENT_3D ( 'NONE', #9397, #6650, #8650 ) ;
#5063 = CYLINDRICAL_SURFACE ( 'NONE', #3210, 43.00000000000000711 ) ;
#5064 = CARTESIAN_POINT ( 'NONE',  ( 15.53163513676239837, -12.96271092476104414, -2.500000000000000444 ) ) ;
#5065 = FACE_OUTER_BOUND ( 'NONE', #2716, .T. ) ;
#5066 = B_SPLINE_CURVE_WITH_KNOTS ( 'NONE', 3,
 ( #1323, #2772, #2019, #535 ),
 .UNSPECIFIED., .F., .F.,
 ( 4, 4 ),
 ( 0.000000000000000000, 0.001307469713021792339 ),
 .UNSPECIFIED. ) ;
#5067 = ORIENTED_EDGE ( 'NONE', *, *, #8101, .T. ) ;
#5068 = CARTESIAN_POINT ( 'NONE',  ( 11.31056335679710045, 8.995100449718499647, -2.500000000000000444 ) ) ;
#5069 = CARTESIAN_POINT ( 'NONE',  ( 0.000000000000000000, 0.000000000000000000, 12.50000000000000000 ) ) ;
#5070 = LINE ( 'NONE', #8087, #4219 ) ;
#5071 = EDGE_CURVE ( 'NONE', #3216, #8235, #2897, .T. ) ;
#5072 = VECTOR ( 'NONE', #4211, 1000.000000000000000 ) ;
#5073 = EDGE_LOOP ( 'NONE', ( #3506, #2613, #2600, #2918 ) ) ;
#5074 = CARTESIAN_POINT ( 'NONE',  ( 1.921508289431916428, 1.247622198167144703, 18.16869831556738646 ) ) ;
#5075 = ORIENTED_EDGE ( 'NONE', *, *, #2455, .F. ) ;
#5076 = AXIS2_PLACEMENT_3D ( 'NONE', #1067, #2053, #7305 ) ;
#5077 = DIRECTION ( 'NONE',  ( -1.000000000000000000, 0.000000000000000000, 0.000000000000000000 ) ) ;
#5078 = EDGE_CURVE ( 'NONE', #7629, #3814, #1932, .T. ) ;
#5079 = CARTESIAN_POINT ( 'NONE',  ( 13.54235603521628306, 25.38033976807185610, -2.500000000000000444 ) ) ;
#5080 = AXIS2_PLACEMENT_3D ( 'NONE', #3286, #5613, #3335 ) ;
#5081 = ORIENTED_EDGE ( 'NONE', *, *, #868, .F. ) ;
#5082 = LINE ( 'NONE', #5605, #7413 ) ;
#5083 = LINE ( 'NONE', #2143, #8486 ) ;
#5084 = CARTESIAN_POINT ( 'NONE',  ( 14.58700537629978378, -2.437417908701589919, 2.564006035009264828 ) ) ;
#5085 = ADVANCED_FACE ( 'NONE', ( #2733 ), #829, .T. ) ;
#5086 = CIRCLE ( 'NONE', #795, 2.000000000000000000 ) ;
#5087 = EDGE_CURVE ( 'NONE', #8707, #1762, #6484, .T. ) ;
#5088 = AXIS2_PLACEMENT_3D ( 'NONE', #1244, #4273, #8860 ) ;
#5089 = ORIENTED_EDGE ( 'NONE', *, *, #1316, .F. ) ;
#5090 = CARTESIAN_POINT ( 'NONE',  ( -1.924963171193759370, 1.235041451655678690, 18.16854557175535945 ) ) ;
#5091 = VERTEX_POINT ( 'NONE', #8020 ) ;
#5092 = CARTESIAN_POINT ( 'NONE',  ( 1.533681331307185980, 1.542238110055505595, 20.22840738272058658 ) ) ;
#5093 = FACE_OUTER_BOUND ( 'NONE', #4207, .T. ) ;
#5094 = VERTEX_POINT ( 'NONE', #1234 ) ;
#5095 = CARTESIAN_POINT ( 'NONE',  ( 0.000000000000000000, 1.540000000000000036, 5.499999999999998224 ) ) ;
#5096 = EDGE_CURVE ( 'NONE', #2950, #1149, #3663, .T. ) ;
#5097 = EDGE_CURVE ( 'NONE', #3360, #6558, #2264, .T. ) ;
#5098 = ORIENTED_EDGE ( 'NONE', *, *, #9199, .T. ) ;
#5099 = CARTESIAN_POINT ( 'NONE',  ( -1.543571220819155210, 2.140000000000000124, 17.14977702759035694 ) ) ;
#5100 = ORIENTED_EDGE ( 'NONE', *, *, #1879, .T. ) ;
#5101 = CARTESIAN_POINT ( 'NONE',  ( -29.39008111416178082, -4.227275442616172718, 2.500000000000000444 ) ) ;
#5102 = DIRECTION ( 'NONE',  ( -0.2725361962097285207, 0.9621455304451257406, 0.000000000000000000 ) ) ;
#5103 = CARTESIAN_POINT ( 'NONE',  ( 1.537664495766989825, 5.283820228537527974, 19.48468932707279322 ) ) ;
#5104 = PLANE ( 'NONE',  #9174 ) ;
#5105 = DIRECTION ( 'NONE',  ( -0.000000000000000000, -0.000000000000000000, 1.000000000000000000 ) ) ;
#5106 = VECTOR ( 'NONE', #3066, 1000.000000000000114 ) ;
#5107 = VERTEX_POINT ( 'NONE', #4454 ) ;
#5108 = DIRECTION ( 'NONE',  ( 0.2549963129926495209, -0.9669420253356220130, 0.000000000000000000 ) ) ;
#5109 = ORIENTED_EDGE ( 'NONE', *, *, #6420, .T. ) ;
#5110 = DIRECTION ( 'NONE',  ( 0.7098982014311003841, -0.7043042975908132552, 0.000000000000000000 ) ) ;
#5111 = CARTESIAN_POINT ( 'NONE',  ( 0.000000000000000000, 0.000000000000000000, 11.91421356237309404 ) ) ;
#5112 = EDGE_LOOP ( 'NONE', ( #4101, #4235, #1863, #1954 ) ) ;
#5113 = CARTESIAN_POINT ( 'NONE',  ( -3.041841955658789676, -11.17530463715794653, -2.500000000000000444 ) ) ;
#5114 = VECTOR ( 'NONE', #4552, 1000.000000000000000 ) ;
#5115 = DIRECTION ( 'NONE',  ( 1.000000000000000000, 0.000000000000000000, 0.000000000000000000 ) ) ;
#5116 = CARTESIAN_POINT ( 'NONE',  ( 17.56088913245488925, -39.58364779650339216, -2.500000000000000444 ) ) ;
#5117 = VERTEX_POINT ( 'NONE', #1373 ) ;
#5118 = FACE_OUTER_BOUND ( 'NONE', #7832, .T. ) ;
#5119 = ORIENTED_EDGE ( 'NONE', *, *, #2991, .T. ) ;
#5120 = VECTOR ( 'NONE', #1852, 1000.000000000000000 ) ;
#5121 = DIRECTION ( 'NONE',  ( 0.000000000000000000, 0.000000000000000000, 1.000000000000000000 ) ) ;
#5122 = EDGE_CURVE ( 'NONE', #6254, #8389, #1513, .T. ) ;
#5123 = DIRECTION ( 'NONE',  ( -0.000000000000000000, -0.000000000000000000, 1.000000000000000000 ) ) ;
#5124 = ORIENTED_EDGE ( 'NONE', *, *, #4532, .T. ) ;
#5125 = LINE ( 'NONE', #6555, #2042 ) ;
#5126 = DIRECTION ( 'NONE',  ( 0.7043042975908135883, -0.7098982014311000510, 0.000000000000000000 ) ) ;
#5127 = EDGE_CURVE ( 'NONE', #1107, #6236, #4357, .T. ) ;
#5128 = CARTESIAN_POINT ( 'NONE',  ( -1.175996270592353898, 5.373856304295251185, 19.82918616571625847 ) ) ;
#5129 = DIRECTION ( 'NONE',  ( -0.000000000000000000, -0.000000000000000000, 1.000000000000000000 ) ) ;
#5130 = CIRCLE ( 'NONE', #5269, 2.000000000000000000 ) ;
#5131 = VERTEX_POINT ( 'NONE', #5145 ) ;
#5132 = FACE_OUTER_BOUND ( 'NONE', #8733, .T. ) ;
#5133 = ORIENTED_EDGE ( 'NONE', *, *, #9307, .T. ) ;
#5134 = LINE ( 'NONE', #569, #8327 ) ;
#5135 = EDGE_CURVE ( 'NONE', #2442, #6052, #8299, .T. ) ;
#5136 = ADVANCED_FACE ( 'NONE', ( #2216 ), #7365, .T. ) ;
#5137 = PLANE ( 'NONE',  #2677 ) ;
#5138 = ORIENTED_EDGE ( 'NONE', *, *, #2002, .F. ) ;
#5139 = LINE ( 'NONE', #3703, #5862 ) ;
#5140 = ADVANCED_FACE ( 'NONE', ( #8896 ), #5889, .T. ) ;
#5141 = VERTEX_POINT ( 'NONE', #4403 ) ;
#5142 = FACE_OUTER_BOUND ( 'NONE', #8432, .T. ) ;
#5143 = EDGE_LOOP ( 'NONE', ( #1534, #76, #1574, #233 ) ) ;
#5144 = EDGE_CURVE ( 'NONE', #7197, #3660, #373, .T. ) ;
#5145 = CARTESIAN_POINT ( 'NONE',  ( 43.00000000000000711, 0.000000000000000000, 9.671572875253794166 ) ) ;
#5146 = EDGE_CURVE ( 'NONE', #7954, #7288, #5903, .T. ) ;
#5147 = CARTESIAN_POINT ( 'NONE',  ( -0.9621455304451289603, -28.75119701343860257, 2.500000000000000444 ) ) ;
#5148 = CARTESIAN_POINT ( 'NONE',  ( -34.01836169854756520, -26.30116095055108261, -2.500000000000000444 ) ) ;
#5149 = ORIENTED_EDGE ( 'NONE', *, *, #2331, .T. ) ;
#5150 = DIRECTION ( 'NONE',  ( -0.2626377277448090908, 0.9648945144237496274, 0.000000000000000000 ) ) ;
#5151 = CARTESIAN_POINT ( 'NONE',  ( 17.28362250483797169, 36.93611231721956756, 2.500000000000000444 ) ) ;
#5152 = EDGE_LOOP ( 'NONE', ( #584, #8006 ) ) ;
#5153 = DIRECTION ( 'NONE',  ( -0.000000000000000000, -0.000000000000000000, -1.000000000000000000 ) ) ;
#5154 = VERTEX_POINT ( 'NONE', #9731 ) ;
#5155 = EDGE_CURVE ( 'NONE', #9278, #1177, #8421, .T. ) ;
#5156 = DIRECTION ( 'NONE',  ( 0.000000000000000000, -0.000000000000000000, -1.000000000000000000 ) ) ;
#5157 = DIRECTION ( 'NONE',  ( -0.8660254037844433705, -0.4999999999999918399, 0.000000000000000000 ) ) ;
#5158 = VECTOR ( 'NONE', #8141, 1000.000000000000000 ) ;
#5159 = ORIENTED_EDGE ( 'NONE', *, *, #2414, .F. ) ;
#5160 = DIRECTION ( 'NONE',  ( -0.5000000000000042188, -0.8660254037844362651, 0.000000000000000000 ) ) ;
#5161 = CARTESIAN_POINT ( 'NONE',  ( 29.47866081722901654, 7.036472099430923777E-14, -2.500000000000000444 ) ) ;
#5162 = CARTESIAN_POINT ( 'NONE',  ( -8.995100449718353985, 11.31056335679716440, 2.689257726104018698 ) ) ;
#5163 = VECTOR ( 'NONE', #6551, 1000.000000000000000 ) ;
#5164 = ORIENTED_EDGE ( 'NONE', *, *, #8721, .F. ) ;
#5165 = CYLINDRICAL_SURFACE ( 'NONE', #7218, 2.000000000000001776 ) ;
#5166 = ORIENTED_EDGE ( 'NONE', *, *, #166, .T. ) ;
#5167 = CARTESIAN_POINT ( 'NONE',  ( 1.468068802563199826, 1.861679163885538557, 19.62389755367481570 ) ) ;
#5168 = VECTOR ( 'NONE', #647, 1000.000000000000114 ) ;
#5169 = DIRECTION ( 'NONE',  ( 0.000000000000000000, 0.000000000000000000, 1.000000000000000000 ) ) ;
#5170 = EDGE_LOOP ( 'NONE', ( #7464, #6458, #4558, #5240 ) ) ;
#5171 = CARTESIAN_POINT ( 'NONE',  ( 1.749999999999996225, -3.031088913245545857, -2.500000000000000444 ) ) ;
#5172 = VECTOR ( 'NONE', #8904, 1000.000000000000000 ) ;
#5173 = CARTESIAN_POINT ( 'NONE',  ( -25.38033976807174952, -13.54235603521608766, -2.500000000000000444 ) ) ;
#5174 = PRESENTATION_LAYER_ASSIGNMENT (  '', '', ( #2648 ) ) ;
#5175 = CARTESIAN_POINT ( 'NONE',  ( 5.297684973240492923, 13.44526717744759559, -2.500000000000000444 ) ) ;
#5176 = LINE ( 'NONE', #6607, #5497 ) ;
#5177 = AXIS2_PLACEMENT_3D ( 'NONE', #1334, #2780, #2916 ) ;
#5178 = EDGE_CURVE ( 'NONE', #3020, #2597, #8254, .T. ) ;
#5179 = VERTEX_POINT ( 'NONE', #8848 ) ;
#5180 = CARTESIAN_POINT ( 'NONE',  ( 8.221964726476825192, -8.157176732979412037, -2.500000000000000444 ) ) ;
#5181 = VERTEX_POINT ( 'NONE', #5193 ) ;
#5182 = DIRECTION ( 'NONE',  ( -0.000000000000000000, 0.000000000000000000, 1.000000000000000000 ) ) ;
#5183 = VECTOR ( 'NONE', #1694, 1000.000000000000114 ) ;
#5184 = DIRECTION ( 'NONE',  ( -0.000000000000000000, -0.000000000000000000, 1.000000000000000000 ) ) ;
#5185 = ORIENTED_EDGE ( 'NONE', *, *, #4421, .T. ) ;
#5186 = LINE ( 'NONE', #9681, #8220 ) ;
#5187 = AXIS2_PLACEMENT_3D ( 'NONE', #7883, #398, #4023 ) ;
#5188 = EDGE_CURVE ( 'NONE', #4949, #9380, #5982, .T. ) ;
#5189 = ORIENTED_EDGE ( 'NONE', *, *, #549, .F. ) ;
#5190 = EDGE_CURVE ( 'NONE', #806, #8358, #4176, .T. ) ;
#5191 = CARTESIAN_POINT ( 'NONE',  ( 10.67453374887259621, -9.162830469435537140, 2.836032871894580421 ) ) ;
#5192 = VERTEX_POINT ( 'NONE', #5101 ) ;
#5193 = CARTESIAN_POINT ( 'NONE',  ( -12.96271092476107079, 15.53163513676251917, 2.500000000000000444 ) ) ;
#5194 = FACE_OUTER_BOUND ( 'NONE', #1337, .T. ) ;
#5195 = EDGE_CURVE ( 'NONE', #291, #3003, #9686, .T. ) ;
#5196 = LINE ( 'NONE', #2914, #6162 ) ;
#5197 = ORIENTED_EDGE ( 'NONE', *, *, #1438, .T. ) ;
#5198 = CARTESIAN_POINT ( 'NONE',  ( -3.031088913245555183, 1.750000000000013989, 2.500000000000000444 ) ) ;
#5199 = DIRECTION ( 'NONE',  ( 0.7043042975908133663, 0.7098982014311003841, 0.000000000000000000 ) ) ;
#5200 = EDGE_CURVE ( 'NONE', #5327, #8019, #1827, .T. ) ;
#5201 = CIRCLE ( 'NONE', #919, 1.000000000000004441 ) ;
#5202 = ORIENTED_EDGE ( 'NONE', *, *, #7670, .F. ) ;
#5203 = EDGE_CURVE ( 'NONE', #3979, #2878, #7468, .T. ) ;
#5204 = ORIENTED_EDGE ( 'NONE', *, *, #7255, .F. ) ;
#5205 = CARTESIAN_POINT ( 'NONE',  ( 0.000000000000000000, 0.000000000000000000, 2.500000000000000444 ) ) ;
#5206 = ORIENTED_EDGE ( 'NONE', *, *, #7311, .T. ) ;
#5207 = FACE_OUTER_BOUND ( 'NONE', #888, .T. ) ;
#5208 = FACE_OUTER_BOUND ( 'NONE', #6136, .T. ) ;
#5209 = AXIS2_PLACEMENT_3D ( 'NONE', #4891, #9386, #5777 ) ;
#5210 = ORIENTED_EDGE ( 'NONE', *, *, #5434, .T. ) ;
#5211 = DIRECTION ( 'NONE',  ( 0.2450494958541575841, 0.9695105696079971969, 0.000000000000000000 ) ) ;
#5212 = PLANE ( 'NONE',  #4606 ) ;
#5213 = DIRECTION ( 'NONE',  ( 1.000000000000000000, 0.000000000000000000, 0.000000000000000000 ) ) ;
#5214 = ADVANCED_FACE ( 'NONE', ( #6767 ), #3007, .F. ) ;
#5215 = EDGE_CURVE ( 'NONE', #7797, #8126, #3903, .T. ) ;
#5216 = CONICAL_SURFACE ( 'NONE', #7742, 43.00000000000000711, 0.7853981633974482790 ) ;
#5217 = ORIENTED_EDGE ( 'NONE', *, *, #2481, .F. ) ;
#5218 = LINE ( 'NONE', #3682, #1518 ) ;
#5219 = ORIENTED_EDGE ( 'NONE', *, *, #7533, .T. ) ;
#5220 = CARTESIAN_POINT ( 'NONE',  ( 29.39008111416185187, -4.227275442616242884, 2.500000000000000444 ) ) ;
#5221 = CARTESIAN_POINT ( 'NONE',  ( -1.950717885138218977, 0.9632228496651152883, 18.99023099599338238 ) ) ;
#5222 = FACE_OUTER_BOUND ( 'NONE', #6582, .T. ) ;
#5223 = AXIS2_PLACEMENT_3D ( 'NONE', #297, #3323, #6347 ) ;
#5224 = EDGE_LOOP ( 'NONE', ( #2549, #8660, #3298, #6597 ) ) ;
#5225 = DIRECTION ( 'NONE',  ( 0.8660254037844397068, 0.4999999999999980016, 0.000000000000000000 ) ) ;
#5226 = DIRECTION ( 'NONE',  ( 0.2450494958541580837, -0.9695105696079969748, 0.000000000000000000 ) ) ;
#5227 = VECTOR ( 'NONE', #8661, 1000.000000000000000 ) ;
#5228 = DIRECTION ( 'NONE',  ( 0.000000000000000000, -1.000000000000000000, 0.000000000000000000 ) ) ;
#5229 = DIRECTION ( 'NONE',  ( -0.000000000000000000, -0.000000000000000000, 1.000000000000000000 ) ) ;
#5230 = VECTOR ( 'NONE', #3402, 1000.000000000000000 ) ;
#5231 = ORIENTED_EDGE ( 'NONE', *, *, #21, .F. ) ;
#5232 = FACE_OUTER_BOUND ( 'NONE', #1138, .T. ) ;
#5233 = VERTEX_POINT ( 'NONE', #1767 ) ;
#5234 = CIRCLE ( 'NONE', #952, 50.00000000000000000 ) ;
#5235 = DIRECTION ( 'NONE',  ( -0.000000000000000000, 0.000000000000000000, 1.000000000000000000 ) ) ;
#5236 = LINE ( 'NONE', #9722, #8193 ) ;
#5237 = ORIENTED_EDGE ( 'NONE', *, *, #7865, .F. ) ;
#5238 = CARTESIAN_POINT ( 'NONE',  ( 15.55157169726910382, 37.93611231721958177, -2.500000000000000444 ) ) ;
#5239 = AXIS2_PLACEMENT_3D ( 'NONE', #5111, #4369, #4226 ) ;
#5240 = ORIENTED_EDGE ( 'NONE', *, *, #2099, .F. ) ;
#5241 = CARTESIAN_POINT ( 'NONE',  ( -9.478295456909998862, 9.478295456910245775, -2.500000000000000444 ) ) ;
#5242 = AXIS2_PLACEMENT_3D ( 'NONE', #5302, #201, #2381 ) ;
#5243 = VERTEX_POINT ( 'NONE', #131 ) ;
#5244 = VECTOR ( 'NONE', #5792, 999.9999999999998863 ) ;
#5245 = CARTESIAN_POINT ( 'NONE',  ( 7.372574772901430151E-14, 28.47866081722908405, 2.500000000000000444 ) ) ;
#5246 = DIRECTION ( 'NONE',  ( 0.9621455304451257406, 0.2725361962097285762, 0.000000000000000000 ) ) ;
#5247 = EDGE_CURVE ( 'NONE', #5419, #3089, #8551, .T. ) ;
#5248 = DIRECTION ( 'NONE',  ( 1.000000000000000000, -5.204170427930416550E-15, 0.000000000000000000 ) ) ;
#5249 = ORIENTED_EDGE ( 'NONE', *, *, #2887, .F. ) ;
#5250 = LINE ( 'NONE', #2368, #3737 ) ;
#5251 = PLANE ( 'NONE',  #5811 ) ;
#5252 = ORIENTED_EDGE ( 'NONE', *, *, #3882, .F. ) ;
#5253 = ORIENTED_EDGE ( 'NONE', *, *, #6289, .F. ) ;
#5254 = ORIENTED_EDGE ( 'NONE', *, *, #2731, .F. ) ;
#5255 = DIRECTION ( 'NONE',  ( -0.2725361962097283541, -0.9621455304451258517, 0.000000000000000000 ) ) ;
#5256 = DIRECTION ( 'NONE',  ( 1.000000000000000000, 0.000000000000000000, 0.000000000000000000 ) ) ;
#5257 = EDGE_CURVE ( 'NONE', #8546, #7076, #1022, .T. ) ;
#5258 = EDGE_LOOP ( 'NONE', ( #1017, #8348, #6837, #182 ) ) ;
#5259 = EDGE_CURVE ( 'NONE', #1251, #8302, #7763, .T. ) ;
#5260 = LINE ( 'NONE', #8961, #1217 ) ;
#5261 = DIRECTION ( 'NONE',  ( 0.9621455304451257406, -0.2725361962097284652, 0.000000000000000000 ) ) ;
#5262 = DIRECTION ( 'NONE',  ( 1.000000000000000000, 0.000000000000000000, 0.000000000000000000 ) ) ;
#5263 = VERTEX_POINT ( 'NONE', #3055 ) ;
#5264 = CYLINDRICAL_SURFACE ( 'NONE', #1672, 5.500000000000000000 ) ;
#5265 = ORIENTED_EDGE ( 'NONE', *, *, #1783, .F. ) ;
#5266 = LINE ( 'NONE', #10, #2096 ) ;
#5267 = FACE_OUTER_BOUND ( 'NONE', #195, .T. ) ;
#5268 = DIRECTION ( 'NONE',  ( -0.000000000000000000, -0.000000000000000000, 1.000000000000000000 ) ) ;
#5269 = AXIS2_PLACEMENT_3D ( 'NONE', #2983, #4622, #2335 ) ;
#5270 = ADVANCED_FACE ( 'NONE', ( #8398 ), #6281, .T. ) ;
#5271 = ORIENTED_EDGE ( 'NONE', *, *, #8836, .F. ) ;
#5272 = EDGE_CURVE ( 'NONE', #5181, #4960, #6077, .T. ) ;
#5273 = FACE_OUTER_BOUND ( 'NONE', #6919, .T. ) ;
#5274 = DIRECTION ( 'NONE',  ( -0.000000000000000000, -0.000000000000000000, 1.000000000000000000 ) ) ;
#5275 = CARTESIAN_POINT ( 'NONE',  ( -1.537839609442865019, 5.283753159254310994, 19.48434989684898966 ) ) ;
#5276 = LINE ( 'NONE', #1003, #3755 ) ;
#5277 = AXIS2_PLACEMENT_3D ( 'NONE', #7517, #2819, #5931 ) ;
#5278 = VERTEX_POINT ( 'NONE', #2309 ) ;
#5279 = CARTESIAN_POINT ( 'NONE',  ( 12.94759237871383561, -3.469296921803686207, 3.353331896491003938 ) ) ;
#5280 = EDGE_LOOP ( 'NONE', ( #6899, #2553, #9047, #9126, #8340 ) ) ;
#5281 = DIRECTION ( 'NONE',  ( 1.000000000000000000, 0.000000000000000000, 0.000000000000000000 ) ) ;
#5282 = CARTESIAN_POINT ( 'NONE',  ( -13.44526717744745703, 5.297684973240558648, 2.689257726104037793 ) ) ;
#5283 = ORIENTED_EDGE ( 'NONE', *, *, #8724, .F. ) ;
#5284 = VECTOR ( 'NONE', #7607, 1000.000000000000000 ) ;
#5285 = DIRECTION ( 'NONE',  ( -0.000000000000000000, -0.000000000000000000, 1.000000000000000000 ) ) ;
#5286 = ORIENTED_EDGE ( 'NONE', *, *, #4640, .F. ) ;
#5287 = FACE_OUTER_BOUND ( 'NONE', #955, .T. ) ;
#5288 = EDGE_LOOP ( 'NONE', ( #643, #6869, #695, #7808, #6146 ) ) ;
#5289 = CARTESIAN_POINT ( 'NONE',  ( 6.282812448554147444, -6.106517200318401173, 2.500000000000000444 ) ) ;
#5290 = CARTESIAN_POINT ( 'NONE',  ( -4.500000000000000000, 6.123233995736766282E-16, 22.50000000000000000 ) ) ;
#5291 = DIRECTION ( 'NONE',  ( 0.9621455304451257406, 0.2725361962097285762, 0.000000000000000000 ) ) ;
#5292 = VERTEX_POINT ( 'NONE', #8441 ) ;
#5293 = CARTESIAN_POINT ( 'NONE',  ( -7.806255641895631925E-15, -16.44444402855240028, -2.500000000000000444 ) ) ;
#5294 = CARTESIAN_POINT ( 'NONE',  ( 0.000000000000000000, 0.000000000000000000, 2.500000000000000444 ) ) ;
#5295 = ORIENTED_EDGE ( 'NONE', *, *, #9286, .T. ) ;
#5296 = ADVANCED_FACE ( 'NONE', ( #8350 ), #5437, .F. ) ;
#5297 = ORIENTED_EDGE ( 'NONE', *, *, #4664, .F. ) ;
#5298 = ORIENTED_EDGE ( 'NONE', *, *, #2073, .F. ) ;
#5299 = CARTESIAN_POINT ( 'NONE',  ( 12.94759237871387292, 3.469296921803767031, -2.500000000000000444 ) ) ;
#5300 = DIRECTION ( 'NONE',  ( -0.9695105696079969748, -0.2450494958541582224, 0.000000000000000000 ) ) ;
#5301 = DIRECTION ( 'NONE',  ( 0.6969743733982689537, -0.7170960345909678235, 0.000000000000000000 ) ) ;
#5302 = CARTESIAN_POINT ( 'NONE',  ( 0.000000000000000000, 0.000000000000000000, 22.50000000000000000 ) ) ;
#5303 = DIRECTION ( 'NONE',  ( -0.6969743733982686207, -0.7170960345909680456, 0.000000000000000000 ) ) ;
#5304 = EDGE_CURVE ( 'NONE', #7504, #6387, #6964, .T. ) ;
#5305 = ORIENTED_EDGE ( 'NONE', *, *, #7792, .F. ) ;
#5306 = DIRECTION ( 'NONE',  ( 1.000000000000000000, 0.000000000000000000, 0.000000000000000000 ) ) ;
#5307 = CIRCLE ( 'NONE', #4682, 22.00000000000000355 ) ;
#5308 = ORIENTED_EDGE ( 'NONE', *, *, #1934, .T. ) ;
#5309 = CARTESIAN_POINT ( 'NONE',  ( 8.222222014276248103, -14.24130627983769770, -2.500000000000000444 ) ) ;
#5310 = CARTESIAN_POINT ( 'NONE',  ( 2.146992799845265143, -8.494333787820087522, 2.500000000000000444 ) ) ;
#5311 = DIRECTION ( 'NONE',  ( -0.000000000000000000, -0.000000000000000000, 1.000000000000000000 ) ) ;
#5312 = ORIENTED_EDGE ( 'NONE', *, *, #4887, .F. ) ;
#5313 = ADVANCED_FACE ( 'NONE', ( #1710 ), #3103, .F. ) ;
#5314 = CARTESIAN_POINT ( 'NONE',  ( 0.000000000000000000, 0.000000000000000000, 12.50000000000000000 ) ) ;
#5315 = CARTESIAN_POINT ( 'NONE',  ( -1.921412184442292892, 1.247976042149779863, 18.43310284592606152 ) ) ;
#5316 = DIRECTION ( 'NONE',  ( -0.000000000000000000, 0.000000000000000000, 1.000000000000000000 ) ) ;
#5317 = AXIS2_PLACEMENT_3D ( 'NONE', #1733, #5512, #3926 ) ;
#5318 = EDGE_LOOP ( 'NONE', ( #9252, #141, #1247, #7955, #1617, #1717, #3546, #5439, #120, #1220, #3508, #5649, #2227, #5772, #7012, #861, #3319, #2447, #4526, #9372, #4951, #1915, #8374, #9231, #9071, #1957, #6825, #7700 ) ) ;
#5319 = ADVANCED_FACE ( 'NONE', ( #1563 ), #4748, .F. ) ;
#5320 = ORIENTED_EDGE ( 'NONE', *, *, #2961, .F. ) ;
#5321 = DIRECTION ( 'NONE',  ( -0.7043042975908132552, -0.7098982014311003841, 0.000000000000000000 ) ) ;
#5322 = EDGE_CURVE ( 'NONE', #3089, #2557, #6128, .T. ) ;
#5323 = VECTOR ( 'NONE', #3628, 1000.000000000000000 ) ;
#5324 = ORIENTED_EDGE ( 'NONE', *, *, #3500, .T. ) ;
#5325 = DIRECTION ( 'NONE',  ( -0.7043042975908130332, -0.7098982014311004951, 0.000000000000000000 ) ) ;
#5326 = AXIS2_PLACEMENT_3D ( 'NONE', #1109, #2044, #4146 ) ;
#5327 = VERTEX_POINT ( 'NONE', #9241 ) ;
#5328 = CARTESIAN_POINT ( 'NONE',  ( 3.460219394376017998, -19.93214605312767773, 2.500000000000000444 ) ) ;
#5329 = EDGE_LOOP ( 'NONE', ( #8905, #9724, #9034, #8228, #765 ) ) ;
#5330 = DIRECTION ( 'NONE',  ( 1.000000000000000000, -3.686287386450714287E-15, 0.000000000000000000 ) ) ;
#5331 = AXIS2_PLACEMENT_3D ( 'NONE', #2422, #3061, #7523 ) ;
#5332 = B_SPLINE_CURVE_WITH_KNOTS ( 'NONE', 3,
 ( #8445, #4698, #287, #1077 ),
 .UNSPECIFIED., .F., .F.,
 ( 4, 4 ),
 ( 0.000000000000000000, 0.002007903776505768224 ),
 .UNSPECIFIED. ) ;
#5333 = EDGE_CURVE ( 'NONE', #852, #8108, #920, .T. ) ;
#5334 = VECTOR ( 'NONE', #5226, 1000.000000000000114 ) ;
#5335 = ORIENTED_EDGE ( 'NONE', *, *, #2835, .T. ) ;
#5336 = LINE ( 'NONE', #5383, #1581 ) ;
#5337 = EDGE_CURVE ( 'NONE', #5745, #3684, #976, .T. ) ;
#5338 = CIRCLE ( 'NONE', #6599, 15.50000000000000000 ) ;
#5339 = ORIENTED_EDGE ( 'NONE', *, *, #4276, .F. ) ;
#5340 = DIRECTION ( 'NONE',  ( -0.000000000000000000, -0.000000000000000000, 1.000000000000000000 ) ) ;
#5341 = DIRECTION ( 'NONE',  ( 0.2626377277448087022, 0.9648945144237497384, 0.000000000000000000 ) ) ;
#5342 = CARTESIAN_POINT ( 'NONE',  ( 27.56619458545758405, -11.03411263498098016, -2.500000000000000444 ) ) ;
#5343 = VERTEX_POINT ( 'NONE', #4646 ) ;
#5344 = LINE ( 'NONE', #5293, #790 ) ;
#5345 = DIRECTION ( 'NONE',  ( 2.168404344971008621E-16, 1.000000000000000000, 0.000000000000000000 ) ) ;
#5346 = ORIENTED_EDGE ( 'NONE', *, *, #4600, .F. ) ;
#5347 = VECTOR ( 'NONE', #5301, 1000.000000000000114 ) ;
#5348 = ORIENTED_EDGE ( 'NONE', *, *, #3068, .F. ) ;
#5349 = ORIENTED_EDGE ( 'NONE', *, *, #5505, .T. ) ;
#5350 = CARTESIAN_POINT ( 'NONE',  ( 34.43611231721941834, -25.07785113889799078, -2.500000000000000444 ) ) ;
#5351 = DIRECTION ( 'NONE',  ( 0.2626377277448079250, 0.9648945144237500715, 0.000000000000000000 ) ) ;
#5352 = LINE ( 'NONE', #7532, #2175 ) ;
#5353 = CARTESIAN_POINT ( 'NONE',  ( -18.35596847918073848, -23.33891914284111024, -2.500000000000000444 ) ) ;
#5354 = DIRECTION ( 'NONE',  ( -0.7098982014311000510, -0.7043042975908135883, 0.000000000000000000 ) ) ;
#5355 = VERTEX_POINT ( 'NONE', #7662 ) ;
#5356 = DIRECTION ( 'NONE',  ( 0.9695105696079973079, -0.2450494958541571122, 0.000000000000000000 ) ) ;
#5357 = ORIENTED_EDGE ( 'NONE', *, *, #2895, .F. ) ;
#5358 = VECTOR ( 'NONE', #7560, 1000.000000000000000 ) ;
#5359 = CARTESIAN_POINT ( 'NONE',  ( 1.781648013658828633, 1.258130476466833514, 19.67972865782260783 ) ) ;
#5360 = DIRECTION ( 'NONE',  ( 0.2725361962097282986, 0.9621455304451258517, 0.000000000000000000 ) ) ;
#5361 = CARTESIAN_POINT ( 'NONE',  ( -25.07785113889766038, -32.43611231721967414, 2.500000000000000444 ) ) ;
#5362 = EDGE_LOOP ( 'NONE', ( #7448, #8507, #4399, #7516 ) ) ;
#5363 = EDGE_CURVE ( 'NONE', #6133, #9487, #43, .T. ) ;
#5364 = CARTESIAN_POINT ( 'NONE',  ( 5.768292682927128823, 42.61134590134522426, -2.500000000000000444 ) ) ;
#5365 = CARTESIAN_POINT ( 'NONE',  ( -1.864054284226398517, 1.437070034264005480, 18.79542464848082872 ) ) ;
#5366 = DIRECTION ( 'NONE',  ( 0.7043042975908135883, -0.7098982014311000510, 0.000000000000000000 ) ) ;
#5367 = CIRCLE ( 'NONE', #7262, 5.500000000000000000 ) ;
#5368 = ORIENTED_EDGE ( 'NONE', *, *, #3697, .T. ) ;
#5369 = ORIENTED_EDGE ( 'NONE', *, *, #234, .F. ) ;
#5370 = DIRECTION ( 'NONE',  ( -0.000000000000000000, -0.000000000000000000, 1.000000000000000000 ) ) ;
#5371 = ADVANCED_FACE ( 'NONE', ( #235 ), #5216, .F. ) ;
#5372 = ORIENTED_EDGE ( 'NONE', *, *, #2404, .F. ) ;
#5373 = CARTESIAN_POINT ( 'NONE',  ( -12.50000000000000000, 1.530808498934191521E-15, 5.500000000000000888 ) ) ;
#5374 = ORIENTED_EDGE ( 'NONE', *, *, #8000, .T. ) ;
#5375 = DIRECTION ( 'NONE',  ( 1.000000000000000000, 0.000000000000000000, 0.000000000000000000 ) ) ;
#5376 = EDGE_CURVE ( 'NONE', #1415, #1356, #8366, .T. ) ;
#5377 = ORIENTED_EDGE ( 'NONE', *, *, #5304, .F. ) ;
#5378 = DIRECTION ( 'NONE',  ( 1.000000000000000000, 0.000000000000000000, -0.000000000000000000 ) ) ;
#5379 = EDGE_CURVE ( 'NONE', #4630, #6563, #3308, .T. ) ;
#5380 = VECTOR ( 'NONE', #1779, 1000.000000000000000 ) ;
#5381 = AXIS2_PLACEMENT_3D ( 'NONE', #457, #6497, #5763 ) ;
#5382 = ORIENTED_EDGE ( 'NONE', *, *, #1375, .T. ) ;
#5383 = CARTESIAN_POINT ( 'NONE',  ( -11.03411263498106720, -27.56619458545742773, -2.500000000000000444 ) ) ;
#5384 = CARTESIAN_POINT ( 'NONE',  ( -13.85142617536654974, 5.182636859575243449, 2.564006035009111617 ) ) ;
#5385 = ORIENTED_EDGE ( 'NONE', *, *, #9480, .T. ) ;
#5386 = VECTOR ( 'NONE', #1969, 1000.000000000000000 ) ;
#5387 = DIRECTION ( 'NONE',  ( 0.000000000000000000, -1.000000000000000000, 0.000000000000000000 ) ) ;
#5388 = DIRECTION ( 'NONE',  ( -0.000000000000000000, -0.000000000000000000, 1.000000000000000000 ) ) ;
#5389 = CARTESIAN_POINT ( 'NONE',  ( -3.469296921803748823, -12.94759237871368995, -2.500000000000000444 ) ) ;
#5390 = CIRCLE ( 'NONE', #6955, 22.00000000000015987 ) ;
#5391 = EDGE_CURVE ( 'NONE', #3253, #4311, #606, .T. ) ;
#5392 = DIRECTION ( 'NONE',  ( 0.000000000000000000, 0.000000000000000000, 1.000000000000000000 ) ) ;
#5393 = EDGE_CURVE ( 'NONE', #518, #8787, #1074, .T. ) ;
#5394 = FACE_OUTER_BOUND ( 'NONE', #3820, .T. ) ;
#5395 = CARTESIAN_POINT ( 'NONE',  ( 10.06330423973769150, 9.324020351701479470, 3.055993497343813647 ) ) ;
#5396 = AXIS2_PLACEMENT_3D ( 'NONE', #5416, #7597, #3134 ) ;
#5397 = ORIENTED_EDGE ( 'NONE', *, *, #1607, .T. ) ;
#5398 = CIRCLE ( 'NONE', #1128, 4.500000000000000000 ) ;
#5399 = B_SPLINE_CURVE_WITH_KNOTS ( 'NONE', 3,
 ( #8615, #7133, #7080, #2736, #3420, #8567, #6488, #1143, #1885, #450 ),
 .UNSPECIFIED., .F., .F.,
 ( 4, 2, 2, 2, 4 ),
 ( 3.499176639479764384E-15, 0.0002473013625102616188, 0.0004946027250170240835, 0.0007419040875237865483, 0.0009892054500305483625 ),
 .UNSPECIFIED. ) ;
#5400 = VERTEX_POINT ( 'NONE', #7165 ) ;
#5401 = ORIENTED_EDGE ( 'NONE', *, *, #9781, .T. ) ;
#5402 = DIRECTION ( 'NONE',  ( 0.000000000000000000, -0.000000000000000000, -1.000000000000000000 ) ) ;
#5403 = PLANE ( 'NONE',  #1282 ) ;
#5404 = CIRCLE ( 'NONE', #5242, 4.500000000000000000 ) ;
#5405 = CARTESIAN_POINT ( 'NONE',  ( -40.62942283616639116, 5.500000000000143885, 2.500000000000000444 ) ) ;
#5406 = LINE ( 'NONE', #8364, #7454 ) ;
#5407 = DIRECTION ( 'NONE',  ( -0.7043042975908135883, 0.7098982014311000510, 0.000000000000000000 ) ) ;
#5408 = ORIENTED_EDGE ( 'NONE', *, *, #39, .F. ) ;
#5409 = CARTESIAN_POINT ( 'NONE',  ( -17.56088913245544703, -39.58364779650315057, -2.500000000000000444 ) ) ;
#5410 = ORIENTED_EDGE ( 'NONE', *, *, #4252, .T. ) ;
#5411 = CARTESIAN_POINT ( 'NONE',  ( 1.899476582374814759, 1.323677892261914346, 17.98181223746665225 ) ) ;
#5412 = CARTESIAN_POINT ( 'NONE',  ( 14.46891108675404602, -32.06088913245552874, 2.500000000000000444 ) ) ;
#5413 = FACE_OUTER_BOUND ( 'NONE', #7643, .T. ) ;
#5414 = EDGE_LOOP ( 'NONE', ( #7439, #6776, #3912, #1756 ) ) ;
#5415 = CARTESIAN_POINT ( 'NONE',  ( 28.75119701343874468, 0.9621455304452010138, 2.500000000000000444 ) ) ;
#5416 = CARTESIAN_POINT ( 'NONE',  ( 40.62942283616646932, 5.499999999999576339, -2.500000000000000444 ) ) ;
#5417 = LINE ( 'NONE', #2342, #437 ) ;
#5418 = ORIENTED_EDGE ( 'NONE', *, *, #8053, .F. ) ;
#5419 = VERTEX_POINT ( 'NONE', #1814 ) ;
#5420 = DIRECTION ( 'NONE',  ( -0.000000000000000000, -0.000000000000000000, 1.000000000000000000 ) ) ;
#5421 = EDGE_CURVE ( 'NONE', #6886, #5263, #5592, .T. ) ;
#5422 = ORIENTED_EDGE ( 'NONE', *, *, #6798, .F. ) ;
#5423 = AXIS2_PLACEMENT_3D ( 'NONE', #5943, #9799, #2323 ) ;
#5424 = CARTESIAN_POINT ( 'NONE',  ( 14.88747003981891126, 2.746556991812815429, 2.500000000000000888 ) ) ;
#5425 = ORIENTED_EDGE ( 'NONE', *, *, #3123, .F. ) ;
#5426 = CARTESIAN_POINT ( 'NONE',  ( -32.43611231721976651, -25.07785113889753958, 2.500000000000000444 ) ) ;
#5427 = VERTEX_POINT ( 'NONE', #4336 ) ;
#5428 = CARTESIAN_POINT ( 'NONE',  ( -2.597977082664872928, 13.82583263479597058, 2.836032871894662577 ) ) ;
#5429 = AXIS2_PLACEMENT_3D ( 'NONE', #1326, #8112, #1419 ) ;
#5430 = VERTEX_POINT ( 'NONE', #5687 ) ;
#5431 = FACE_OUTER_BOUND ( 'NONE', #5620, .T. ) ;
#5432 = EDGE_CURVE ( 'NONE', #1970, #7904, #386, .T. ) ;
#5433 = CARTESIAN_POINT ( 'NONE',  ( -14.26620574846923439, 5.065146892057955874, 2.500000000000000444 ) ) ;
#5434 = EDGE_CURVE ( 'NONE', #5020, #3111, #4423, .T. ) ;
#5435 = ORIENTED_EDGE ( 'NONE', *, *, #6040, .F. ) ;
#5436 = VECTOR ( 'NONE', #1600, 1000.000000000000000 ) ;
#5437 = CYLINDRICAL_SURFACE ( 'NONE', #212, 21.99999999999998579 ) ;
#5438 = FACE_BOUND ( 'NONE', #1988, .T. ) ;
#5439 = ORIENTED_EDGE ( 'NONE', *, *, #3438, .T. ) ;
#5440 = CARTESIAN_POINT ( 'NONE',  ( -2.597977082665038573, -13.82583263479568636, 2.836032871894623053 ) ) ;
#5441 = EDGE_CURVE ( 'NONE', #6569, #5690, #6000, .T. ) ;
#5442 = DIRECTION ( 'NONE',  ( -0.2450494958541582780, 0.9695105696079969748, 0.000000000000000000 ) ) ;
#5443 = DIRECTION ( 'NONE',  ( 0.000000000000000000, 0.000000000000000000, 1.000000000000000000 ) ) ;
#5444 = ORIENTED_EDGE ( 'NONE', *, *, #5769, .T. ) ;
#5445 = EDGE_CURVE ( 'NONE', #2180, #8196, #8062, .T. ) ;
#5446 = ORIENTED_EDGE ( 'NONE', *, *, #9297, .T. ) ;
#5447 = EDGE_CURVE ( 'NONE', #3847, #6436, #9346, .T. ) ;
#5448 = EDGE_LOOP ( 'NONE', ( #7647, #9481, #756, #5249, #2818 ) ) ;
#5449 = DIRECTION ( 'NONE',  ( 1.000000000000000000, 0.000000000000000000, 0.000000000000000000 ) ) ;
#5450 = CARTESIAN_POINT ( 'NONE',  ( 15.53163513676239837, -12.96271092476104414, 2.500000000000000444 ) ) ;
#5451 = CARTESIAN_POINT ( 'NONE',  ( 24.41819423762666830, -15.20884097822240122, 2.500000000000000444 ) ) ;
#5452 = CARTESIAN_POINT ( 'NONE',  ( -14.58700537629973759, -2.437417908701528191, 2.564006035009118722 ) ) ;
#5453 = DIRECTION ( 'NONE',  ( -0.000000000000000000, 0.000000000000000000, 1.000000000000000000 ) ) ;
#5454 = DIRECTION ( 'NONE',  ( -0.000000000000000000, 0.000000000000000000, 1.000000000000000000 ) ) ;
#5455 = EDGE_LOOP ( 'NONE', ( #2257, #8395, #6621, #2472 ) ) ;
#5456 = DIRECTION ( 'NONE',  ( -0.000000000000000000, -0.000000000000000000, 1.000000000000000000 ) ) ;
#5457 = ORIENTED_EDGE ( 'NONE', *, *, #2247, .F. ) ;
#5458 = CARTESIAN_POINT ( 'NONE',  ( 1.750858891316746657, 1.736972780354840928, 17.49239012773995938 ) ) ;
#5459 = CARTESIAN_POINT ( 'NONE',  ( 9.478295456910178274, 9.478295456910142747, -2.500000000000000444 ) ) ;
#5460 = DIRECTION ( 'NONE',  ( -0.000000000000000000, 0.000000000000000000, -1.000000000000000000 ) ) ;
#5461 = ORIENTED_EDGE ( 'NONE', *, *, #5476, .F. ) ;
#5462 = CARTESIAN_POINT ( 'NONE',  ( -28.56088913245539729, -20.53108891324546903, 2.500000000000000444 ) ) ;
#5463 = CARTESIAN_POINT ( 'NONE',  ( -1.458430684860514859, 2.273701015477683551, 17.04357453963345037 ) ) ;
#5464 = LINE ( 'NONE', #3990, #7554 ) ;
#5465 = VERTEX_POINT ( 'NONE', #4901 ) ;
#5466 = ORIENTED_EDGE ( 'NONE', *, *, #5793, .T. ) ;
#5467 = CARTESIAN_POINT ( 'NONE',  ( 14.26620574846928591, 5.065146892057893702, 2.500000000000000444 ) ) ;
#5468 = ORIENTED_EDGE ( 'NONE', *, *, #3438, .F. ) ;
#5469 = CARTESIAN_POINT ( 'NONE',  ( -14.29278542295881316, -2.134703820650322825, 2.689257726104057333 ) ) ;
#5470 = ORIENTED_EDGE ( 'NONE', *, *, #6755, .F. ) ;
#5471 = CARTESIAN_POINT ( 'NONE',  ( -8.221964726476832297, -8.157176732979426248, -2.500000000000000444 ) ) ;
#5472 = AXIS2_PLACEMENT_3D ( 'NONE', #7602, #6066, #3841 ) ;
#5473 = VERTEX_POINT ( 'NONE', #4055 ) ;
#5474 = CARTESIAN_POINT ( 'NONE',  ( -50.00000000000000000, 6.123233995736766085E-15, -2.500000000000000000 ) ) ;
#5475 = EDGE_CURVE ( 'NONE', #3794, #5955, #4432, .T. ) ;
#5476 = EDGE_CURVE ( 'NONE', #3876, #6764, #2888, .T. ) ;
#5477 = VECTOR ( 'NONE', #2978, 1000.000000000000000 ) ;
#5478 = ORIENTED_EDGE ( 'NONE', *, *, #760, .T. ) ;
#5479 = DIRECTION ( 'NONE',  ( 1.000000000000000000, 0.000000000000000000, 0.000000000000000000 ) ) ;
#5480 = CIRCLE ( 'NONE', #5317, 50.00000000000000000 ) ;
#5481 = DIRECTION ( 'NONE',  ( 1.000000000000000000, 0.000000000000000000, 0.000000000000000000 ) ) ;
#5482 = AXIS2_PLACEMENT_3D ( 'NONE', #3676, #3626, #6684 ) ;
#5483 = VERTEX_POINT ( 'NONE', #7062 ) ;
#5484 = CARTESIAN_POINT ( 'NONE',  ( 11.17530463715804068, 3.041841955658831420, -2.500000000000000444 ) ) ;
#5485 = VECTOR ( 'NONE', #7473, 1000.000000000000114 ) ;
#5486 = FACE_OUTER_BOUND ( 'NONE', #6629, .T. ) ;
#5487 = ORIENTED_EDGE ( 'NONE', *, *, #5071, .F. ) ;
#5488 = CARTESIAN_POINT ( 'NONE',  ( 0.000000000000000000, 0.000000000000000000, 10.00000000000000000 ) ) ;
#5489 = VECTOR ( 'NONE', #2458, 1000.000000000000000 ) ;
#5490 = ADVANCED_FACE ( 'NONE', ( #2615 ), #7111, .F. ) ;
#5491 = CYLINDRICAL_SURFACE ( 'NONE', #1068, 22.00000000000001421 ) ;
#5492 = VECTOR ( 'NONE', #4892, 1000.000000000000000 ) ;
#5493 = PRODUCT_DEFINITION ( 'UNKNOWN', '', #9353, #1662 ) ;
#5494 = CARTESIAN_POINT ( 'NONE',  ( 2.387816587501819576, 8.429805248399517836, 2.500000000000000444 ) ) ;
#5495 = ORIENTED_EDGE ( 'NONE', *, *, #9423, .T. ) ;
#5496 = LINE ( 'NONE', #8506, #942 ) ;
#5497 = VECTOR ( 'NONE', #9069, 1000.000000000000000 ) ;
#5498 = EDGE_CURVE ( 'NONE', #4150, #3440, #9445, .T. ) ;
#5499 = VERTEX_POINT ( 'NONE', #2668 ) ;
#5500 = DIRECTION ( 'NONE',  ( 0.5000000000000005551, 0.8660254037844382635, 0.000000000000000000 ) ) ;
#5501 = CARTESIAN_POINT ( 'NONE',  ( -12.94759237871379653, -3.469296921803557421, 3.353331896491075881 ) ) ;
#5502 = B_SPLINE_CURVE_WITH_KNOTS ( 'NONE', 3,
 ( #3169, #9304, #3117, #4611 ),
 .UNSPECIFIED., .F., .F.,
 ( 4, 4 ),
 ( 1.788112030672749005E-18, 0.002007903776505813326 ),
 .UNSPECIFIED. ) ;
#5503 = LINE ( 'NONE', #5654, #1404 ) ;
#5504 = AXIS2_PLACEMENT_3D ( 'NONE', #7952, #1160, #8039 ) ;
#5505 = EDGE_CURVE ( 'NONE', #5179, #1411, #2048, .T. ) ;
#5506 = CARTESIAN_POINT ( 'NONE',  ( 17.55157169726910382, 37.93611231721958177, -2.500000000000000444 ) ) ;
#5507 = CARTESIAN_POINT ( 'NONE',  ( 0.000000000000000000, 0.000000000000000000, 0.000000000000000000 ) ) ;
#5508 = EDGE_CURVE ( 'NONE', #5233, #562, #3587, .T. ) ;
#5509 = CARTESIAN_POINT ( 'NONE',  ( -3.597382808306913178E-14, -3.500000000000009770, -2.500000000000000444 ) ) ;
#5510 = AXIS2_PLACEMENT_3D ( 'NONE', #250, #3273, #6297 ) ;
#5511 = ORIENTED_EDGE ( 'NONE', *, *, #4967, .T. ) ;
#5512 = DIRECTION ( 'NONE',  ( 0.000000000000000000, 0.000000000000000000, -1.000000000000000000 ) ) ;
#5513 = ORIENTED_EDGE ( 'NONE', *, *, #1881, .F. ) ;
#5514 = DIRECTION ( 'NONE',  ( -0.7043042975908135883, 0.7098982014311000510, 0.000000000000000000 ) ) ;
#5515 = CARTESIAN_POINT ( 'NONE',  ( -1.290200585257753432E-14, -3.500000000000009326, 2.500000000000000444 ) ) ;
#5516 = CARTESIAN_POINT ( 'NONE',  ( 0.000000000000000000, 0.000000000000000000, 7.500000000000025757 ) ) ;
#5517 = EDGE_LOOP ( 'NONE', ( #6482, #1384, #8296, #6084 ) ) ;
#5518 = CARTESIAN_POINT ( 'NONE',  ( 12.96271092476114184, -15.53163513676229712, 2.500000000000000444 ) ) ;
#5519 = EDGE_CURVE ( 'NONE', #8894, #3802, #2842, .T. ) ;
#5520 = ADVANCED_FACE ( 'NONE', ( #8180 ), #9668, .F. ) ;
#5521 = LINE ( 'NONE', #3291, #8960 ) ;
#5522 = ORIENTED_EDGE ( 'NONE', *, *, #6508, .F. ) ;
#5523 = CIRCLE ( 'NONE', #2354, 15.50000000000000000 ) ;
#5524 = ORIENTED_EDGE ( 'NONE', *, *, #7800, .T. ) ;
#5525 = CARTESIAN_POINT ( 'NONE',  ( 8.995100449718515634, 11.31056335679711822, -2.500000000000000444 ) ) ;
#5526 = ORIENTED_EDGE ( 'NONE', *, *, #2718, .F. ) ;
#5527 = DIRECTION ( 'NONE',  ( -0.9669420253356221240, 0.2549963129926493544, 0.000000000000000000 ) ) ;
#5528 = ORIENTED_EDGE ( 'NONE', *, *, #5700, .F. ) ;
#5530 = DIRECTION ( 'NONE',  ( 1.000000000000000000, 0.000000000000000000, 0.000000000000000000 ) ) ;
#5529 = B_SPLINE_CURVE_WITH_KNOTS ( 'NONE', 3,
 ( #4434, #8184, #3593, #8878, #8975, #2101, #7452, #5128, #661, #5275, #3692, #6699, #1497, #9715, #4528, #8285, #2197, #3734, #4578, #9167, #8475, #3290, #1744, #953, #2396, #7645, #4782, #110, #9270, #9323, #7790, #2444 ),
 .UNSPECIFIED., .F., .F.,
 ( 4, 2, 2, 2, 2, 2, 2, 2, 2, 2, 2, 2, 2, 2, 2, 4 ),
 ( 0.000000000000000000, 0.0003791786462159766518, 0.0007583572924319533035, 0.001137535938647930064, 0.001516714584863907041, 0.002275071877295860127, 0.002654250523511841441, 0.003033429169727823189, 0.003412607815943804503, 0.003791786462159786250, 0.004170965108375767130, 0.004550143754591748878, 0.004929322400807729758, 0.005308501047023711505, 0.005687679693239692386, 0.006066858339455675000 ),
 .UNSPECIFIED. ) ;
#5531 = ORIENTED_EDGE ( 'NONE', *, *, #3102, .T. ) ;
#5532 = VECTOR ( 'NONE', #8048, 1000.000000000000000 ) ;
#5533 = PLANE ( 'NONE',  #7123 ) ;
#5534 = VERTEX_POINT ( 'NONE', #6884 ) ;
#5535 = CARTESIAN_POINT ( 'NONE',  ( -8.222222014276262314, -14.24130627983765507, -2.500000000000000444 ) ) ;
#5536 = VECTOR ( 'NONE', #259, 1000.000000000000000 ) ;
#5537 = DIRECTION ( 'NONE',  ( 0.7170960345909683786, -0.6969743733982683986, 0.000000000000000000 ) ) ;
#5538 = ORIENTED_EDGE ( 'NONE', *, *, #4068, .F. ) ;
#5539 = DIRECTION ( 'NONE',  ( -0.000000000000000000, -0.000000000000000000, 1.000000000000000000 ) ) ;
#5540 = DIRECTION ( 'NONE',  ( 1.000000000000000000, 0.000000000000000000, 0.000000000000000000 ) ) ;
#5541 = CARTESIAN_POINT ( 'NONE',  ( 0.000000000000000000, 0.000000000000000000, 2.500000000000000444 ) ) ;
#5542 = CIRCLE ( 'NONE', #8694, 2.000000000000000000 ) ;
#5543 = ORIENTED_EDGE ( 'NONE', *, *, #7677, .F. ) ;
#5544 = DIRECTION ( 'NONE',  ( 1.000000000000000000, 0.000000000000000000, 0.000000000000000000 ) ) ;
#5545 = FACE_OUTER_BOUND ( 'NONE', #8465, .T. ) ;
#5546 = VECTOR ( 'NONE', #6241, 1000.000000000000000 ) ;
#5547 = CARTESIAN_POINT ( 'NONE',  ( 13.44526717744757782, 5.297684973240471606, -2.500000000000000444 ) ) ;
#5548 = ORIENTED_EDGE ( 'NONE', *, *, #6565, .F. ) ;
#5549 = DIRECTION ( 'NONE',  ( 1.000000000000000000, 0.000000000000000000, 0.000000000000000000 ) ) ;
#5550 = AXIS2_PLACEMENT_3D ( 'NONE', #4498, #7511, #714 ) ;
#5551 = EDGE_CURVE ( 'NONE', #5682, #7945, #6101, .T. ) ;
#5552 = ORIENTED_EDGE ( 'NONE', *, *, #3568, .T. ) ;
#5553 = AXIS2_PLACEMENT_3D ( 'NONE', #8988, #2360, #9133 ) ;
#5554 = CARTESIAN_POINT ( 'NONE',  ( 35.00000000000002842, 3.499999999999636735, -2.500000000000000444 ) ) ;
#5555 = DIRECTION ( 'NONE',  ( -0.000000000000000000, -0.000000000000000000, 1.000000000000000000 ) ) ;
#5556 = LINE ( 'NONE', #8566, #5380 ) ;
#5557 = VECTOR ( 'NONE', #8086, 1000.000000000000000 ) ;
#5558 = CARTESIAN_POINT ( 'NONE',  ( -36.93611231721964572, 17.28362250483784734, -2.500000000000000444 ) ) ;
#5559 = CARTESIAN_POINT ( 'NONE',  ( 49.99999999999999289, 0.000000000000000000, 10.00000000000000000 ) ) ;
#5560 = DIRECTION ( 'NONE',  ( -0.9648945144237500715, 0.2626377277448079250, 0.000000000000000000 ) ) ;
#5561 = VECTOR ( 'NONE', #3269, 1000.000000000000000 ) ;
#5562 = VERTEX_POINT ( 'NONE', #7592 ) ;
#5563 = CARTESIAN_POINT ( 'NONE',  ( 0.000000000000000000, 0.000000000000000000, -2.500000000000000444 ) ) ;
#5564 = EDGE_CURVE ( 'NONE', #4923, #7629, #3729, .T. ) ;
#5565 = ORIENTED_EDGE ( 'NONE', *, *, #7499, .F. ) ;
#5566 = CIRCLE ( 'NONE', #1286, 43.00000000000000711 ) ;
#5567 = CARTESIAN_POINT ( 'NONE',  ( -8.221964726476832297, -8.157176732979426248, -2.500000000000000444 ) ) ;
#5568 = ADVANCED_FACE ( 'NONE', ( #5222 ), #846, .F. ) ;
#5569 = CARTESIAN_POINT ( 'NONE',  ( -2.953339910681166192, 11.19901868863841088, -2.500000000000000444 ) ) ;
#5570 = CARTESIAN_POINT ( 'NONE',  ( 23.34580033132831289, -33.43611231722000099, -2.500000000000000444 ) ) ;
#5571 = AXIS2_PLACEMENT_3D ( 'NONE', #2820, #1284, #6437 ) ;
#5572 = VERTEX_POINT ( 'NONE', #6006 ) ;
#5573 = CARTESIAN_POINT ( 'NONE',  ( 0.000000000000000000, 2.140000000000000124, 18.29999999999999716 ) ) ;
#5574 = DIRECTION ( 'NONE',  ( 1.000000000000000000, -3.469446951953617344E-15, 0.000000000000000000 ) ) ;
#5575 = DIRECTION ( 'NONE',  ( -0.2450494958541582780, 0.9695105696079969748, 0.000000000000000000 ) ) ;
#5576 = VERTEX_POINT ( 'NONE', #2193 ) ;
#5577 = ORIENTED_EDGE ( 'NONE', *, *, #472, .T. ) ;
#5578 = DIRECTION ( 'NONE',  ( 1.000000000000000000, -7.254298172266676535E-15, 0.000000000000000000 ) ) ;
#5579 = VERTEX_POINT ( 'NONE', #3687 ) ;
#5580 = EDGE_CURVE ( 'NONE', #6706, #2442, #2244, .T. ) ;
#5581 = CARTESIAN_POINT ( 'NONE',  ( 14.29278542295888954, 2.134703820650538209, 2.689257726104017809 ) ) ;
#5582 = EDGE_CURVE ( 'NONE', #7627, #7526, #9020, .T. ) ;
#5583 = ORIENTED_EDGE ( 'NONE', *, *, #2330, .F. ) ;
#5584 = CARTESIAN_POINT ( 'NONE',  ( -17.28362250483745655, 36.93611231721982335, -2.500000000000000444 ) ) ;
#5585 = CARTESIAN_POINT ( 'NONE',  ( 8.157176732979506184, 8.221964726476935326, -2.500000000000000444 ) ) ;
#5586 = FACE_BOUND ( 'NONE', #1407, .T. ) ;
#5587 = VECTOR ( 'NONE', #6053, 1000.000000000000000 ) ;
#5588 = VERTEX_POINT ( 'NONE', #1588 ) ;
#5589 = DIRECTION ( 'NONE',  ( -0.000000000000000000, -0.000000000000000000, -1.000000000000000000 ) ) ;
#5590 = LINE ( 'NONE', #4050, #5489 ) ;
#5591 = VERTEX_POINT ( 'NONE', #6742 ) ;
#5592 = LINE ( 'NONE', #4381, #8530 ) ;
#5593 = EDGE_CURVE ( 'NONE', #5591, #5278, #12, .T. ) ;
#5594 = ORIENTED_EDGE ( 'NONE', *, *, #3152, .F. ) ;
#5595 = AXIS2_PLACEMENT_3D ( 'NONE', #3156, #6181, #4008 ) ;
#5596 = CYLINDRICAL_SURFACE ( 'NONE', #6791, 47.50000000000000711 ) ;
#5597 = CARTESIAN_POINT ( 'NONE',  ( 5.500000000000001776, -40.62942283616641248, 2.500000000000000444 ) ) ;
#5598 = DIRECTION ( 'NONE',  ( 0.000000000000000000, 0.000000000000000000, -1.000000000000000000 ) ) ;
#5599 = ORIENTED_EDGE ( 'NONE', *, *, #2544, .F. ) ;
#5600 = DIRECTION ( 'NONE',  ( -0.000000000000000000, -0.000000000000000000, 1.000000000000000000 ) ) ;
#5601 = VECTOR ( 'NONE', #4679, 999.9999999999998863 ) ;
#5602 = ORIENTED_EDGE ( 'NONE', *, *, #5643, .F. ) ;
#5603 = CARTESIAN_POINT ( 'NONE',  ( 25.38033976807179570, -13.54235603521612319, -2.500000000000000444 ) ) ;
#5604 = DIRECTION ( 'NONE',  ( -0.000000000000000000, -0.000000000000000000, 1.000000000000000000 ) ) ;
#5605 = CARTESIAN_POINT ( 'NONE',  ( 13.44526717744752986, -5.297684973240351702, -2.500000000000000444 ) ) ;
#5606 = DIRECTION ( 'NONE',  ( -0.000000000000000000, -0.000000000000000000, 1.000000000000000000 ) ) ;
#5607 = CARTESIAN_POINT ( 'NONE',  ( 1.920132439113188427, 1.024649212342402915, 17.44733984915737679 ) ) ;
#5608 = EDGE_CURVE ( 'NONE', #2065, #8089, #8325, .T. ) ;
#5609 = ORIENTED_EDGE ( 'NONE', *, *, #8599, .T. ) ;
#5610 = FACE_BOUND ( 'NONE', #9070, .T. ) ;
#5611 = ORIENTED_EDGE ( 'NONE', *, *, #6937, .T. ) ;
#5612 = CARTESIAN_POINT ( 'NONE',  ( 1.921412184442292892, 1.247976042149671283, 18.16689715407393635 ) ) ;
#5613 = DIRECTION ( 'NONE',  ( -0.000000000000000000, -0.000000000000000000, -1.000000000000000000 ) ) ;
#5614 = DIRECTION ( 'NONE',  ( -0.000000000000000000, -0.000000000000000000, 1.000000000000000000 ) ) ;
#5615 = ORIENTED_EDGE ( 'NONE', *, *, #4925, .T. ) ;
#5616 = CARTESIAN_POINT ( 'NONE',  ( -14.29278542295881493, 2.134703820650631911, 2.689257726104041790 ) ) ;
#5617 = CARTESIAN_POINT ( 'NONE',  ( 20.53108891324576746, 28.56088913245516991, 2.500000000000000444 ) ) ;
#5618 = FACE_OUTER_BOUND ( 'NONE', #138, .T. ) ;
#5619 = EDGE_CURVE ( 'NONE', #2046, #5788, #2052, .T. ) ;
#5620 = EDGE_LOOP ( 'NONE', ( #559, #2903, #8029, #2239, #5138 ) ) ;
#5621 = ORIENTED_EDGE ( 'NONE', *, *, #8223, .T. ) ;
#5622 = CARTESIAN_POINT ( 'NONE',  ( 13.82583263479583735, -2.597977082664970183, 2.836032871894550667 ) ) ;
#5623 = ORIENTED_EDGE ( 'NONE', *, *, #1393, .T. ) ;
#5624 = LINE ( 'NONE', #7848, #8427 ) ;
#5625 = EDGE_CURVE ( 'NONE', #6802, #8787, #1492, .T. ) ;
#5626 = ORIENTED_EDGE ( 'NONE', *, *, #3717, .T. ) ;
#5627 = PLANE ( 'NONE',  #7104 ) ;
#5628 = ORIENTED_EDGE ( 'NONE', *, *, #4850, .F. ) ;
#5629 = DIRECTION ( 'NONE',  ( -0.000000000000000000, -0.000000000000000000, 1.000000000000000000 ) ) ;
#5630 = EDGE_CURVE ( 'NONE', #3456, #5243, #3078, .T. ) ;
#5631 = EDGE_CURVE ( 'NONE', #8643, #5430, #623, .T. ) ;
#5632 = ORIENTED_EDGE ( 'NONE', *, *, #9091, .T. ) ;
#5633 = DIRECTION ( 'NONE',  ( -0.9669420253356221240, 0.2549963129926494654, 0.000000000000000000 ) ) ;
#5634 = VERTEX_POINT ( 'NONE', #9062 ) ;
#5635 = PLANE ( 'NONE',  #5815 ) ;
#5636 = VECTOR ( 'NONE', #8586, 1000.000000000000114 ) ;
#5637 = DIRECTION ( 'NONE',  ( -0.2549963129926496319, 0.9669420253356220130, 0.000000000000000000 ) ) ;
#5638 = DIRECTION ( 'NONE',  ( -0.8660254037844417052, -0.4999999999999946709, 0.000000000000000000 ) ) ;
#5639 = EDGE_LOOP ( 'NONE', ( #6267, #4609, #5538, #5164 ) ) ;
#5640 = FACE_OUTER_BOUND ( 'NONE', #568, .T. ) ;
#5641 = CARTESIAN_POINT ( 'NONE',  ( 24.41819423762666830, -15.20884097822239944, -2.500000000000000444 ) ) ;
#5642 = EDGE_CURVE ( 'NONE', #9007, #1512, #3791, .T. ) ;
#5643 = EDGE_CURVE ( 'NONE', #5803, #8835, #106, .T. ) ;
#5644 = CARTESIAN_POINT ( 'NONE',  ( 14.24130627983780428, -8.222222014276193036, -2.500000000000000444 ) ) ;
#5645 = AXIS2_PLACEMENT_3D ( 'NONE', #3442, #7153, #9477 ) ;
#5646 = EDGE_LOOP ( 'NONE', ( #6792, #5408, #7608, #7668 ) ) ;
#5647 = DIRECTION ( 'NONE',  ( -0.2549963129926494099, -0.9669420253356220130, 0.000000000000000000 ) ) ;
#5648 = VECTOR ( 'NONE', #2278, 1000.000000000000000 ) ;
#5649 = ORIENTED_EDGE ( 'NONE', *, *, #8721, .T. ) ;
#5650 = CARTESIAN_POINT ( 'NONE',  ( -42.61134590134528821, -5.768292682926682069, -2.500000000000000444 ) ) ;
#5651 = DIRECTION ( 'NONE',  ( 0.000000000000000000, 0.000000000000000000, 1.000000000000000000 ) ) ;
#5652 = AXIS2_PLACEMENT_3D ( 'NONE', #1653, #4690, #2082 ) ;
#5653 = AXIS2_PLACEMENT_3D ( 'NONE', #5314, #7595, #3188 ) ;
#5654 = CARTESIAN_POINT ( 'NONE',  ( -8.221964726476832297, -8.157176732979426248, -2.500000000000000444 ) ) ;
#5655 = CARTESIAN_POINT ( 'NONE',  ( -11.41400826666493984, -9.404368516724549210, 2.564006035009124052 ) ) ;
#5656 = CARTESIAN_POINT ( 'NONE',  ( -32.43611231721976651, -25.07785113889753958, 2.500000000000000444 ) ) ;
#5658 = CARTESIAN_POINT ( 'NONE',  ( 1.992679439208140169, 0.8731084310553857142, 18.65173004888985275 ) ) ;
#5657 = CIRCLE ( 'NONE', #7543, 43.00000000000000711 ) ;
#5659 = ORIENTED_EDGE ( 'NONE', *, *, #6863, .F. ) ;
#5660 = DIRECTION ( 'NONE',  ( -0.000000000000000000, -0.000000000000000000, 1.000000000000000000 ) ) ;
#5661 = VERTEX_POINT ( 'NONE', #1539 ) ;
#5662 = CARTESIAN_POINT ( 'NONE',  ( -40.62942283616642669, -3.499999999999859668, -2.500000000000000444 ) ) ;
#5663 = VECTOR ( 'NONE', #7117, 1000.000000000000114 ) ;
#5664 = DIRECTION ( 'NONE',  ( -0.000000000000000000, -0.000000000000000000, -1.000000000000000000 ) ) ;
#5665 = DIRECTION ( 'NONE',  ( -0.000000000000000000, -0.000000000000000000, 1.000000000000000000 ) ) ;
#5666 = ORIENTED_EDGE ( 'NONE', *, *, #149, .T. ) ;
#5667 = DIRECTION ( 'NONE',  ( -0.7043042975908130332, -0.7098982014311004951, 0.000000000000000000 ) ) ;
#5668 = DIRECTION ( 'NONE',  ( 0.9695105696079973079, -0.2450494958541570845, 0.000000000000000000 ) ) ;
#5669 = DIRECTION ( 'NONE',  ( 0.7170960345909683786, -0.6969743733982683986, 0.000000000000000000 ) ) ;
#5670 = ORIENTED_EDGE ( 'NONE', *, *, #6663, .T. ) ;
#5671 = ORIENTED_EDGE ( 'NONE', *, *, #2356, .F. ) ;
#5672 = CARTESIAN_POINT ( 'NONE',  ( -14.29278542295881493, 2.134703820650631911, 2.689257726104041790 ) ) ;
#5673 = EDGE_LOOP ( 'NONE', ( #6263, #3901, #909, #1622 ) ) ;
#5674 = DIRECTION ( 'NONE',  ( 1.000000000000000000, 0.000000000000000000, 0.000000000000000000 ) ) ;
#5675 = EDGE_CURVE ( 'NONE', #2898, #6968, #4575, .T. ) ;
#5676 = ORIENTED_EDGE ( 'NONE', *, *, #9181, .T. ) ;
#5677 = DIRECTION ( 'NONE',  ( 0.5000000000000015543, 0.8660254037844378194, 0.000000000000000000 ) ) ;
#5678 = ORIENTED_EDGE ( 'NONE', *, *, #6593, .F. ) ;
#5679 = CARTESIAN_POINT ( 'NONE',  ( 15.19446086639736393, -3.062410648413941949, 2.500000000000000444 ) ) ;
#5680 = AXIS2_PLACEMENT_3D ( 'NONE', #6708, #6665, #7509 ) ;
#5681 = ADVANCED_FACE ( 'NONE', ( #5413 ), #2392, .F. ) ;
#5682 = VERTEX_POINT ( 'NONE', #6150 ) ;
#5683 = CARTESIAN_POINT ( 'NONE',  ( 4.583647796503435679, 43.06088913245532979, -2.500000000000000444 ) ) ;
#5684 = EDGE_LOOP ( 'NONE', ( #1116, #4675, #8479, #6852, #4352, #4284 ) ) ;
#5685 = DIRECTION ( 'NONE',  ( 1.000000000000000000, 0.000000000000000000, 0.000000000000000000 ) ) ;
#5686 = ADVANCED_FACE ( 'NONE', ( #6695 ), #2934, .F. ) ;
#5687 = CARTESIAN_POINT ( 'NONE',  ( -26.30116095055095826, 34.01836169854765757, 2.500000000000000444 ) ) ;
#5688 = EDGE_CURVE ( 'NONE', #9300, #8302, #7837, .T. ) ;
#5689 = FACE_OUTER_BOUND ( 'NONE', #4534, .T. ) ;
#5690 = VERTEX_POINT ( 'NONE', #4777 ) ;
#5691 = LINE ( 'NONE', #8704, #4921 ) ;
#5692 = CARTESIAN_POINT ( 'NONE',  ( 0.000000000000000000, 0.5000000000000029976, 18.29999999999999716 ) ) ;
#5693 = VECTOR ( 'NONE', #4107, 1000.000000000000114 ) ;
#5694 = ORIENTED_EDGE ( 'NONE', *, *, #785, .T. ) ;
#5695 = CARTESIAN_POINT ( 'NONE',  ( 11.17530463715804068, 3.041841955658831420, -2.500000000000000444 ) ) ;
#5696 = EDGE_LOOP ( 'NONE', ( #171, #7052, #54, #7587, #7223 ) ) ;
#5697 = AXIS2_PLACEMENT_3D ( 'NONE', #7019, #1817, #4853 ) ;
#5698 = CARTESIAN_POINT ( 'NONE',  ( 0.000000000000000000, 2.140000000000000124, 15.77499999999999680 ) ) ;
#5699 = ADVANCED_FACE ( 'NONE', ( #6358 ), #1106, .T. ) ;
#5700 = EDGE_CURVE ( 'NONE', #7510, #1123, #7787, .T. ) ;
#5701 = CARTESIAN_POINT ( 'NONE',  ( 0.000000000000000000, 0.000000000000000000, 9.671572875253794166 ) ) ;
#5702 = CARTESIAN_POINT ( 'NONE',  ( 6.969435128366654020, -18.99185453113829425, -2.500000000000000444 ) ) ;
#5703 = DIRECTION ( 'NONE',  ( -0.000000000000000000, -0.000000000000000000, 1.000000000000000000 ) ) ;
#5704 = DIRECTION ( 'NONE',  ( 1.000000000000000000, 0.000000000000000000, 0.000000000000000000 ) ) ;
#5705 = DIRECTION ( 'NONE',  ( 0.2626377277448079250, 0.9648945144237500715, 0.000000000000000000 ) ) ;
#5706 = VECTOR ( 'NONE', #7105, 1000.000000000000000 ) ;
#5707 = AXIS2_PLACEMENT_3D ( 'NONE', #824, #4700, #3961 ) ;
#5708 = AXIS2_PLACEMENT_3D ( 'NONE', #6988, #1046, #9265 ) ;
#5709 = ORIENTED_EDGE ( 'NONE', *, *, #5078, .F. ) ;
#5710 = B_SPLINE_CURVE_WITH_KNOTS ( 'NONE', 3,
 ( #659, #2801, #1494, #6009 ),
 .UNSPECIFIED., .F., .F.,
 ( 4, 4 ),
 ( 0.000000000000000000, 0.001307469713021829419 ),
 .UNSPECIFIED. ) ;
#5711 = CYLINDRICAL_SURFACE ( 'NONE', #8646, 22.00000000000008171 ) ;
#5712 = VERTEX_POINT ( 'NONE', #9371 ) ;
#5713 = DIRECTION ( 'NONE',  ( 0.2626377277448089798, -0.9648945144237496274, 0.000000000000000000 ) ) ;
#5714 = DIRECTION ( 'NONE',  ( -0.000000000000000000, -0.000000000000000000, 1.000000000000000000 ) ) ;
#5715 = DIRECTION ( 'NONE',  ( -0.000000000000000000, -0.000000000000000000, -1.000000000000000000 ) ) ;
#5716 = CIRCLE ( 'NONE', #5396, 2.000000000000001776 ) ;
#5717 = VERTEX_POINT ( 'NONE', #997 ) ;
#5718 = EDGE_CURVE ( 'NONE', #2136, #8753, #311, .T. ) ;
#5719 = SURFACE_STYLE_FILL_AREA ( #7092 ) ;
#5720 = VECTOR ( 'NONE', #5762, 1000.000000000000000 ) ;
#5721 = CARTESIAN_POINT ( 'NONE',  ( -24.66324373348077259, -14.23933040861435373, 2.500000000000000444 ) ) ;
#5722 = PLANE ( 'NONE',  #3104 ) ;
#5723 = ORIENTED_EDGE ( 'NONE', *, *, #7006, .T. ) ;
#5724 = AXIS2_PLACEMENT_3D ( 'NONE', #7081, #4125, #5704 ) ;
#5725 = EDGE_LOOP ( 'NONE', ( #9779, #917, #4568, #369 ) ) ;
#5726 = PLANE ( 'NONE',  #5326 ) ;
#5727 = ORIENTED_EDGE ( 'NONE', *, *, #1808, .T. ) ;
#5728 = AXIS2_PLACEMENT_3D ( 'NONE', #5701, #5651, #8665 ) ;
#5729 = DIRECTION ( 'NONE',  ( 0.000000000000000000, 0.000000000000000000, -1.000000000000000000 ) ) ;
#5730 = EDGE_LOOP ( 'NONE', ( #3828, #3470, #9113, #1878, #8307 ) ) ;
#5731 = CARTESIAN_POINT ( 'NONE',  ( 11.62758378290162220, -10.24935585154516993, 2.500000000000000444 ) ) ;
#5732 = CARTESIAN_POINT ( 'NONE',  ( -8.429805248399418360, -2.387816587501792487, 2.500000000000000444 ) ) ;
#5733 = CYLINDRICAL_SURFACE ( 'NONE', #2542, 22.00000000000001421 ) ;
#5734 = AXIS2_PLACEMENT_3D ( 'NONE', #3860, #924, #2965 ) ;
#5735 = ADVANCED_FACE ( 'NONE', ( #1101 ), #7038, .F. ) ;
#5736 = ORIENTED_EDGE ( 'NONE', *, *, #6591, .T. ) ;
#5737 = CARTESIAN_POINT ( 'NONE',  ( 5.500000000000000000, 6.735557395310442023E-16, 15.21808462927431549 ) ) ;
#5738 = ORIENTED_EDGE ( 'NONE', *, *, #6420, .F. ) ;
#5739 = EDGE_CURVE ( 'NONE', #3347, #2807, #210, .T. ) ;
#5740 = DIRECTION ( 'NONE',  ( -0.000000000000000000, -0.000000000000000000, 1.000000000000000000 ) ) ;
#5741 = FACE_BOUND ( 'NONE', #650, .T. ) ;
#5742 = EDGE_LOOP ( 'NONE', ( #8047, #46, #6775, #6026 ) ) ;
#5743 = CARTESIAN_POINT ( 'NONE',  ( 34.01836169854774283, 26.30116095055084813, 2.500000000000000444 ) ) ;
#5744 = EDGE_CURVE ( 'NONE', #3660, #7197, #9326, .T. ) ;
#5745 = VERTEX_POINT ( 'NONE', #6989 ) ;
#5746 = EDGE_CURVE ( 'NONE', #5579, #8546, #8692, .T. ) ;
#5747 = PLANE ( 'NONE',  #9333 ) ;
#5748 = ORIENTED_EDGE ( 'NONE', *, *, #2738, .T. ) ;
#5749 = AXIS2_PLACEMENT_3D ( 'NONE', #1480, #4512, #9653 ) ;
#5750 = CARTESIAN_POINT ( 'NONE',  ( 0.000000000000000000, 0.000000000000000000, 9.671572875253794166 ) ) ;
#5751 = PLANE ( 'NONE',  #5571 ) ;
#5752 = CARTESIAN_POINT ( 'NONE',  ( 1.825214867878877323, 5.188563629643000219, 18.92447597075178578 ) ) ;
#5753 = PLANE ( 'NONE',  #6766 ) ;
#5754 = CARTESIAN_POINT ( 'NONE',  ( 11.19901868863838423, 2.953339910681159530, -2.500000000000000444 ) ) ;
#5755 = EDGE_CURVE ( 'NONE', #3780, #280, #7144, .T. ) ;
#5756 = VECTOR ( 'NONE', #2624, 1000.000000000000000 ) ;
#5757 = EDGE_CURVE ( 'NONE', #4630, #1972, #8843, .T. ) ;
#5758 = ORIENTED_EDGE ( 'NONE', *, *, #4177, .F. ) ;
#5759 = CARTESIAN_POINT ( 'NONE',  ( 39.58364779650333531, 17.56088913245502781, -2.500000000000000444 ) ) ;
#5760 = ORIENTED_EDGE ( 'NONE', *, *, #6508, .T. ) ;
#5761 = CARTESIAN_POINT ( 'NONE',  ( 34.01836169854719572, -26.30116095055155867, 2.500000000000000444 ) ) ;
#5762 = DIRECTION ( 'NONE',  ( -0.7098982014311000510, -0.7043042975908135883, 0.000000000000000000 ) ) ;
#5763 = DIRECTION ( 'NONE',  ( 0.9621455304451258517, -0.2725361962097284096, 0.000000000000000000 ) ) ;
#5764 = CIRCLE ( 'NONE', #835, 1.000000000000004441 ) ;
#5765 = ORIENTED_EDGE ( 'NONE', *, *, #247, .T. ) ;
#5766 = CARTESIAN_POINT ( 'NONE',  ( -13.82583263479576274, 2.597977082665183346, 2.836032871894570206 ) ) ;
#5767 = CARTESIAN_POINT ( 'NONE',  ( 0.000000000000000000, 0.000000000000000000, 12.50000000000000000 ) ) ;
#5768 = CARTESIAN_POINT ( 'NONE',  ( -12.94759237871376278, 3.469296921803900702, -2.500000000000000444 ) ) ;
#5769 = EDGE_CURVE ( 'NONE', #8980, #1177, #6403, .T. ) ;
#5771 = EDGE_CURVE ( 'NONE', #8517, #590, #7915, .T. ) ;
#5770 = ORIENTED_EDGE ( 'NONE', *, *, #7720, .T. ) ;
#5772 = ORIENTED_EDGE ( 'NONE', *, *, #2380, .T. ) ;
#5773 = CYLINDRICAL_SURFACE ( 'NONE', #9585, 1.000000000000004441 ) ;
#5774 = ORIENTED_EDGE ( 'NONE', *, *, #3717, .F. ) ;
#5775 = DIRECTION ( 'NONE',  ( 1.000000000000000000, 0.000000000000000000, 0.000000000000000000 ) ) ;
#5776 = ORIENTED_EDGE ( 'NONE', *, *, #6920, .F. ) ;
#5777 = DIRECTION ( 'NONE',  ( 1.000000000000000000, 2.664535259100375697E-15, 0.000000000000000000 ) ) ;
#5778 = EDGE_LOOP ( 'NONE', ( #9741, #3095, #7661, #3668 ) ) ;
#5779 = DIRECTION ( 'NONE',  ( 0.5000000000000015543, 0.8660254037844378194, 0.000000000000000000 ) ) ;
#5780 = ORIENTED_EDGE ( 'NONE', *, *, #5322, .F. ) ;
#5781 = CARTESIAN_POINT ( 'NONE',  ( -1.653984222826269113, 1.956124701578564773, 19.30205141229432542 ) ) ;
#5782 = VERTEX_POINT ( 'NONE', #3932 ) ;
#5783 = FACE_OUTER_BOUND ( 'NONE', #8163, .T. ) ;
#5784 = FACE_BOUND ( 'NONE', #6811, .T. ) ;
#5785 = EDGE_CURVE ( 'NONE', #8894, #1031, #617, .T. ) ;
#5786 = EDGE_LOOP ( 'NONE', ( #8783, #3333, #7140, #97 ) ) ;
#5787 = LINE ( 'NONE', #5743, #3337 ) ;
#5788 = VERTEX_POINT ( 'NONE', #6308 ) ;
#5789 = CARTESIAN_POINT ( 'NONE',  ( 11.91421356237309581, 1.459070350351819734E-15, 11.08578643762692550 ) ) ;
#5790 = VERTEX_POINT ( 'NONE', #9319 ) ;
#5791 = DIRECTION ( 'NONE',  ( 0.9621455304451258517, -0.2725361962097284096, 0.000000000000000000 ) ) ;
#5792 = DIRECTION ( 'NONE',  ( -0.8660254037844329345, 0.5000000000000101030, 0.000000000000000000 ) ) ;
#5793 = EDGE_CURVE ( 'NONE', #5884, #9534, #1688, .T. ) ;
#5794 = CARTESIAN_POINT ( 'NONE',  ( 1.174701401017194557, 5.374131631480004501, 19.83013899708415551 ) ) ;
#5795 = VECTOR ( 'NONE', #9227, 1000.000000000000114 ) ;
#5796 = DIRECTION ( 'NONE',  ( 0.000000000000000000, 0.000000000000000000, 1.000000000000000000 ) ) ;
#5797 = CARTESIAN_POINT ( 'NONE',  ( 50.00000000000000000, 6.123233995736766085E-15, 10.00000000000000000 ) ) ;
#5798 = CIRCLE ( 'NONE', #9268, 2.000000000000000000 ) ;
#5799 = EDGE_CURVE ( 'NONE', #244, #6569, #3985, .T. ) ;
#5800 = ORIENTED_EDGE ( 'NONE', *, *, #7003, .T. ) ;
#5801 = FACE_OUTER_BOUND ( 'NONE', #8049, .T. ) ;
#5802 = CIRCLE ( 'NONE', #265, 2.000000000000000000 ) ;
#5803 = VERTEX_POINT ( 'NONE', #8576 ) ;
#5804 = CARTESIAN_POINT ( 'NONE',  ( -3.041841955658789676, -11.17530463715794653, -2.500000000000000444 ) ) ;
#5805 = CIRCLE ( 'NONE', #266, 22.00000000000001421 ) ;
#5806 = FACE_OUTER_BOUND ( 'NONE', #4555, .T. ) ;
#5807 = CARTESIAN_POINT ( 'NONE',  ( 4.583647796503435679, 43.06088913245532979, 2.500000000000000444 ) ) ;
#5808 = EDGE_CURVE ( 'NONE', #547, #2732, #9266, .T. ) ;
#5809 = ORIENTED_EDGE ( 'NONE', *, *, #3759, .T. ) ;
#5810 = EDGE_CURVE ( 'NONE', #244, #530, #7090, .T. ) ;
#5811 = AXIS2_PLACEMENT_3D ( 'NONE', #7422, #2026, #5199 ) ;
#5812 = DIRECTION ( 'NONE',  ( -0.7098982014311010502, 0.7043042975908125891, 0.000000000000000000 ) ) ;
#5813 = DIRECTION ( 'NONE',  ( -0.000000000000000000, -0.000000000000000000, 1.000000000000000000 ) ) ;
#5814 = CARTESIAN_POINT ( 'NONE',  ( -10.67453374887266193, -9.162830469435425229, 2.836032871894765606 ) ) ;
#5815 = AXIS2_PLACEMENT_3D ( 'NONE', #6327, #9289, #2507 ) ;
#5816 = EDGE_LOOP ( 'NONE', ( #9590, #5671, #8821, #2970 ) ) ;
#5817 = FACE_OUTER_BOUND ( 'NONE', #9124, .T. ) ;
#5818 = CIRCLE ( 'NONE', #2172, 1.000000000000000888 ) ;
#5819 = ORIENTED_EDGE ( 'NONE', *, *, #8638, .T. ) ;
#5820 = DIRECTION ( 'NONE',  ( -0.000000000000000000, -0.000000000000000000, 1.000000000000000000 ) ) ;
#5821 = EDGE_CURVE ( 'NONE', #3712, #5094, #1895, .T. ) ;
#5822 = ORIENTED_EDGE ( 'NONE', *, *, #7792, .T. ) ;
#5823 = EDGE_CURVE ( 'NONE', #9354, #6076, #2534, .T. ) ;
#5824 = CARTESIAN_POINT ( 'NONE',  ( -11.62758378290152095, 10.24935585154528006, 2.500000000000000444 ) ) ;
#5825 = DIRECTION ( 'NONE',  ( -0.9648945144237498495, 0.2626377277448083691, 0.000000000000000000 ) ) ;
#5826 = CARTESIAN_POINT ( 'NONE',  ( -6.282812448554210505, 6.106517200318466898, 2.500000000000000444 ) ) ;
#5827 = EDGE_LOOP ( 'NONE', ( #9290, #3906, #914, #464 ) ) ;
#5828 = CARTESIAN_POINT ( 'NONE',  ( -1.543571220819097478, 2.140000000000000124, 19.45022297240971199 ) ) ;
#5829 = ORIENTED_EDGE ( 'NONE', *, *, #5769, .F. ) ;
#5830 = DIRECTION ( 'NONE',  ( 1.000000000000000000, 2.168404344971008621E-16, 0.000000000000000000 ) ) ;
#5831 = B_SPLINE_CURVE_WITH_KNOTS ( 'NONE', 3,
 ( #6757, #8886, #5923, #8931 ),
 .UNSPECIFIED., .F., .F.,
 ( 4, 4 ),
 ( 0.000000000000000000, 0.001307469713021614530 ),
 .UNSPECIFIED. ) ;
#5832 = DIRECTION ( 'NONE',  ( 1.000000000000000000, 7.105427357601001859E-15, 0.000000000000000000 ) ) ;
#5833 = EDGE_LOOP ( 'NONE', ( #2968, #4138, #8065, #2621 ) ) ;
#5834 = PLANE ( 'NONE',  #9647 ) ;
#5835 = ORIENTED_EDGE ( 'NONE', *, *, #5195, .T. ) ;
#5836 = CARTESIAN_POINT ( 'NONE',  ( 8.494333787820233184, 2.146992799845305999, 2.500000000000000444 ) ) ;
#5837 = CIRCLE ( 'NONE', #4260, 22.00000000000013145 ) ;
#5838 = ORIENTED_EDGE ( 'NONE', *, *, #4897, .T. ) ;
#5839 = CARTESIAN_POINT ( 'NONE',  ( 11.19901868863826166, -2.953339910681126668, -2.500000000000000444 ) ) ;
#5840 = DIRECTION ( 'NONE',  ( 0.9648945144237498495, -0.2626377277448084802, 0.000000000000000000 ) ) ;
#5841 = CARTESIAN_POINT ( 'NONE',  ( -50.00000000000000000, 0.000000000000000000, 12.50000000000000000 ) ) ;
#5842 = DIRECTION ( 'NONE',  ( 0.2626377277448086467, 0.9648945144237497384, 0.000000000000000000 ) ) ;
#5843 = CARTESIAN_POINT ( 'NONE',  ( 4.426627195228881817, 16.52039759876010905, -2.500000000000000000 ) ) ;
#5844 = EDGE_CURVE ( 'NONE', #1545, #4954, #7336, .T. ) ;
#5845 = VERTEX_POINT ( 'NONE', #1197 ) ;
#5846 = CARTESIAN_POINT ( 'NONE',  ( -8.995100449718442803, -11.31056335679690683, -2.500000000000000444 ) ) ;
#5847 = ORIENTED_EDGE ( 'NONE', *, *, #4121, .T. ) ;
#5848 = AXIS2_PLACEMENT_3D ( 'NONE', #8233, #6055, #1399 ) ;
#5849 = CARTESIAN_POINT ( 'NONE',  ( 1.476347175747537488, 1.645233535525554514, 16.72471611491105747 ) ) ;
#5850 = PLANE ( 'NONE',  #635 ) ;
#5851 = ORIENTED_EDGE ( 'NONE', *, *, #5808, .T. ) ;
#5852 = AXIS2_PLACEMENT_3D ( 'NONE', #3364, #2367, #4012 ) ;
#5853 = DIRECTION ( 'NONE',  ( 0.2626377277448086467, 0.9648945144237497384, 0.000000000000000000 ) ) ;
#5854 = DIRECTION ( 'NONE',  ( -0.000000000000000000, -0.000000000000000000, 1.000000000000000000 ) ) ;
#5855 = CARTESIAN_POINT ( 'NONE',  ( -17.56088913245517347, 39.58364779650327847, -2.500000000000000444 ) ) ;
#5856 = VECTOR ( 'NONE', #4227, 1000.000000000000000 ) ;
#5857 = EDGE_CURVE ( 'NONE', #8633, #1891, #1945, .T. ) ;
#5858 = ORIENTED_EDGE ( 'NONE', *, *, #8396, .F. ) ;
#5859 = CARTESIAN_POINT ( 'NONE',  ( 1.925018300613121625, 1.234843038990678377, 18.23508342589188302 ) ) ;
#5860 = EDGE_CURVE ( 'NONE', #286, #6696, #4433, .T. ) ;
#5861 = ORIENTED_EDGE ( 'NONE', *, *, #9505, .T. ) ;
#5862 = VECTOR ( 'NONE', #8194, 1000.000000000000114 ) ;
#5863 = LINE ( 'NONE', #2840, #8755 ) ;
#5864 = AXIS2_PLACEMENT_3D ( 'NONE', #4361, #2125, #4317 ) ;
#5865 = CARTESIAN_POINT ( 'NONE',  ( -50.00000000000000000, 6.123233995736766085E-15, -2.500000000000000000 ) ) ;
#5866 = VECTOR ( 'NONE', #4031, 1000.000000000000000 ) ;
#5867 = ORIENTED_EDGE ( 'NONE', *, *, #2896, .T. ) ;
#5868 = DIRECTION ( 'NONE',  ( 1.000000000000000000, 0.000000000000000000, 0.000000000000000000 ) ) ;
#5869 = EDGE_CURVE ( 'NONE', #3979, #189, #8080, .T. ) ;
#5870 = CARTESIAN_POINT ( 'NONE',  ( -23.34580033132854382, 33.43611231721984467, -2.500000000000000444 ) ) ;
#5871 = LINE ( 'NONE', #7501, #957 ) ;
#5872 = CARTESIAN_POINT ( 'NONE',  ( -6.706917346683512804, 0.000000000000000000, 13.13600327987501082 ) ) ;
#5873 = CIRCLE ( 'NONE', #8861, 1.000000000000000888 ) ;
#5874 = EDGE_CURVE ( 'NONE', #5562, #3075, #4929, .T. ) ;
#5875 = CIRCLE ( 'NONE', #8391, 50.00000000000000000 ) ;
#5876 = EDGE_CURVE ( 'NONE', #3124, #8338, #6486, .T. ) ;
#5877 = ORIENTED_EDGE ( 'NONE', *, *, #5190, .T. ) ;
#5878 = CARTESIAN_POINT ( 'NONE',  ( -1.909150974783755395, 1.290679290375331245, 18.55411964538903646 ) ) ;
#5879 = ADVANCED_FACE ( 'NONE', ( #3482 ), #2695, .F. ) ;
#5880 = ORIENTED_EDGE ( 'NONE', *, *, #1449, .T. ) ;
#5881 = DIRECTION ( 'NONE',  ( 0.2725361962097284652, -0.9621455304451257406, 0.000000000000000000 ) ) ;
#5882 = AXIS2_PLACEMENT_3D ( 'NONE', #7584, #9152, #94 ) ;
#5883 = CARTESIAN_POINT ( 'NONE',  ( 40.62942283616644801, 3.499999999999575895, -2.500000000000000444 ) ) ;
#5884 = VERTEX_POINT ( 'NONE', #2745 ) ;
#5885 = LINE ( 'NONE', #8888, #6340 ) ;
#5886 = ORIENTED_EDGE ( 'NONE', *, *, #8153, .T. ) ;
#5887 = CARTESIAN_POINT ( 'NONE',  ( 14.29278542295888954, 2.134703820650538209, -2.500000000000000444 ) ) ;
#5888 = EDGE_LOOP ( 'NONE', ( #7834, #3234, #7055, #2374, #4667, #7931, #7009, #1164, #4178, #213, #8428, #9344, #7738, #6947, #133, #3997, #3352, #9532, #5305, #391, #7309, #3530, #8571, #1076, #3598, #379, #7874, #4081, #4958, #2650, #7950, #2653, #1775, #8105 ) ) ;
#5889 = PLANE ( 'NONE',  #8895 ) ;
#5890 = LINE ( 'NONE', #6672, #9470 ) ;
#5891 = CARTESIAN_POINT ( 'NONE',  ( 0.2537842641220445783, 5.495566429342166437, 16.38755961049021082 ) ) ;
#5892 = ORIENTED_EDGE ( 'NONE', *, *, #1193, .T. ) ;
#5893 = DIRECTION ( 'NONE',  ( 0.2450494958541579171, -0.9695105696079971969, 0.000000000000000000 ) ) ;
#5894 = DIRECTION ( 'NONE',  ( 0.9648945144237497384, 0.2626377277448087577, 0.000000000000000000 ) ) ;
#5895 = ORIENTED_EDGE ( 'NONE', *, *, #4852, .F. ) ;
#5896 = DIRECTION ( 'NONE',  ( -0.000000000000000000, -0.000000000000000000, 1.000000000000000000 ) ) ;
#5897 = VERTEX_POINT ( 'NONE', #8769 ) ;
#5898 = CARTESIAN_POINT ( 'NONE',  ( 2.437417908701712932, 14.58700537629982286, 2.564006035009253281 ) ) ;
#5899 = DIRECTION ( 'NONE',  ( 0.7098982014311000510, 0.7043042975908135883, 0.000000000000000000 ) ) ;
#5900 = VERTEX_POINT ( 'NONE', #1985 ) ;
#5901 = EDGE_CURVE ( 'NONE', #2783, #4784, #552, .T. ) ;
#5902 = CARTESIAN_POINT ( 'NONE',  ( -16.52039759875997049, 4.426627195228950207, -2.500000000000000444 ) ) ;
#5903 = CIRCLE ( 'NONE', #7168, 1.000000000000002665 ) ;
#5904 = CARTESIAN_POINT ( 'NONE',  ( 8.429805248399418360, -2.387816587501792487, -2.500000000000000444 ) ) ;
#5905 = FACE_OUTER_BOUND ( 'NONE', #2739, .T. ) ;
#5906 = EDGE_LOOP ( 'NONE', ( #2632, #5822, #2666, #6382, #5758 ) ) ;
#5907 = CARTESIAN_POINT ( 'NONE',  ( -9.404368516724691318, -11.41400826666482082, 2.564006035009280371 ) ) ;
#5908 = ORIENTED_EDGE ( 'NONE', *, *, #5551, .T. ) ;
#5909 = VECTOR ( 'NONE', #8291, 1000.000000000000000 ) ;
#5910 = CARTESIAN_POINT ( 'NONE',  ( 1.503936269424020367, 1.582189092213273529, 20.03094008311905938 ) ) ;
#5911 = CARTESIAN_POINT ( 'NONE',  ( 0.000000000000000000, 0.000000000000000000, 12.50000000000000000 ) ) ;
#5912 = ORIENTED_EDGE ( 'NONE', *, *, #8149, .T. ) ;
#5913 = DIRECTION ( 'NONE',  ( -0.8660254037844331565, 0.5000000000000095479, 0.000000000000000000 ) ) ;
#5914 = ADVANCED_FACE ( 'NONE', ( #5065 ), #1245, .F. ) ;
#5915 = DIRECTION ( 'NONE',  ( -0.000000000000000000, -0.000000000000000000, 1.000000000000000000 ) ) ;
#5916 = CARTESIAN_POINT ( 'NONE',  ( -33.43611231721975940, -23.34580033132866106, -2.500000000000000444 ) ) ;
#5917 = CARTESIAN_POINT ( 'NONE',  ( 0.000000000000000000, 0.000000000000000000, 2.500000000000000444 ) ) ;
#5918 = ORIENTED_EDGE ( 'NONE', *, *, #1866, .T. ) ;
#5919 = LINE ( 'NONE', #9675, #6095 ) ;
#5920 = ADVANCED_FACE ( 'NONE', ( #8034 ), #9605, .F. ) ;
#5921 = ORIENTED_EDGE ( 'NONE', *, *, #5087, .T. ) ;
#5922 = DIRECTION ( 'NONE',  ( 0.9621455304451257406, 0.2725361962097285762, 0.000000000000000000 ) ) ;
#5923 = CARTESIAN_POINT ( 'NONE',  ( 9.404368516724687765, 11.41400826666501267, 2.564006035009253726 ) ) ;
#5924 = EDGE_CURVE ( 'NONE', #9048, #5091, #507, .T. ) ;
#5925 = ORIENTED_EDGE ( 'NONE', *, *, #3609, .F. ) ;
#5926 = DIRECTION ( 'NONE',  ( 1.000000000000000000, -9.462128050782659810E-16, 0.000000000000000000 ) ) ;
#5927 = ADVANCED_FACE ( 'NONE', ( #8675 ), #2573, .T. ) ;
#5928 = ORIENTED_EDGE ( 'NONE', *, *, #839, .F. ) ;
#5929 = DIRECTION ( 'NONE',  ( 1.027823659516258046E-14, 1.000000000000000000, 0.000000000000000000 ) ) ;
#5930 = ORIENTED_EDGE ( 'NONE', *, *, #2584, .F. ) ;
#5931 = DIRECTION ( 'NONE',  ( 1.000000000000000000, 0.000000000000000000, 0.000000000000000000 ) ) ;
#5932 = DIRECTION ( 'NONE',  ( -0.000000000000000000, 0.000000000000000000, 1.000000000000000000 ) ) ;
#5933 = EDGE_CURVE ( 'NONE', #3726, #1536, #4910, .T. ) ;
#5934 = DIRECTION ( 'NONE',  ( 1.000000000000000000, 0.000000000000000000, 0.000000000000000000 ) ) ;
#5935 = ORIENTED_EDGE ( 'NONE', *, *, #103, .T. ) ;
#5936 = EDGE_CURVE ( 'NONE', #6823, #5037, #983, .T. ) ;
#5937 = CARTESIAN_POINT ( 'NONE',  ( -24.41819423762658658, 15.20884097822262149, 2.500000000000000444 ) ) ;
#5938 = CARTESIAN_POINT ( 'NONE',  ( -24.41819423762661856, -15.20884097822235503, -2.500000000000000444 ) ) ;
#5939 = ORIENTED_EDGE ( 'NONE', *, *, #3384, .F. ) ;
#5940 = ORIENTED_EDGE ( 'NONE', *, *, #6645, .T. ) ;
#5941 = LINE ( 'NONE', #6723, #2647 ) ;
#5942 = ORIENTED_EDGE ( 'NONE', *, *, #1142, .T. ) ;
#5943 = CARTESIAN_POINT ( 'NONE',  ( 0.000000000000000000, 0.000000000000000000, 5.499999999999998224 ) ) ;
#5944 = CARTESIAN_POINT ( 'NONE',  ( 2.146992799845265143, -8.494333787820087522, -2.500000000000000444 ) ) ;
#5945 = ORIENTED_EDGE ( 'NONE', *, *, #1989, .T. ) ;
#5946 = CARTESIAN_POINT ( 'NONE',  ( 8.494333787820233184, 2.146992799845305999, -2.500000000000000444 ) ) ;
#5947 = DIRECTION ( 'NONE',  ( 0.6969743733982683986, 0.7170960345909682676, 0.000000000000000000 ) ) ;
#5948 = ADVANCED_FACE ( 'NONE', ( #4064 ), #8708, .T. ) ;
#5950 = CARTESIAN_POINT ( 'NONE',  ( -13.54235603521621023, -25.38033976807165004, -2.500000000000000444 ) ) ;
#5949 = VECTOR ( 'NONE', #9511, 999.9999999999998863 ) ;
#5951 = CIRCLE ( 'NONE', #726, 1.000000000000002665 ) ;
#5952 = ORIENTED_EDGE ( 'NONE', *, *, #6114, .F. ) ;
#5953 = VECTOR ( 'NONE', #6210, 1000.000000000000000 ) ;
#5954 = DIRECTION ( 'NONE',  ( 1.000000000000000000, 0.000000000000000000, 0.000000000000000000 ) ) ;
#5955 = VERTEX_POINT ( 'NONE', #1032 ) ;
#5956 = CARTESIAN_POINT ( 'NONE',  ( 1.474289464427675389, 1.699354483196265475, 19.81245673474638380 ) ) ;
#5957 = CIRCLE ( 'NONE', #9277, 1.924999999999999600 ) ;
#5958 = DIRECTION ( 'NONE',  ( 0.9695105696079970858, 0.2450494958541578616, 0.000000000000000000 ) ) ;
#5959 = DIRECTION ( 'NONE',  ( -0.7043042975908135883, 0.7098982014311000510, 0.000000000000000000 ) ) ;
#5960 = EDGE_CURVE ( 'NONE', #334, #8487, #3317, .T. ) ;
#5961 = ORIENTED_EDGE ( 'NONE', *, *, #4236, .T. ) ;
#5962 = CARTESIAN_POINT ( 'NONE',  ( 0.000000000000000000, 0.000000000000000000, 21.50000000000000000 ) ) ;
#5963 = AXIS2_PLACEMENT_3D ( 'NONE', #2564, #6277, #385 ) ;
#5964 = FACE_OUTER_BOUND ( 'NONE', #1701, .T. ) ;
#5965 = CARTESIAN_POINT ( 'NONE',  ( -12.09377040353114907, 12.09377040353134447, 2.500000000000000444 ) ) ;
#5966 = CARTESIAN_POINT ( 'NONE',  ( 4.945105014852114067, -14.68999443131563787, 2.500000000000000444 ) ) ;
#5967 = AXIS2_PLACEMENT_3D ( 'NONE', #3039, #8286, #2848 ) ;
#5968 = VERTEX_POINT ( 'NONE', #4757 ) ;
#5969 = FACE_OUTER_BOUND ( 'NONE', #78, .T. ) ;
#5970 = EDGE_CURVE ( 'NONE', #2865, #7921, #7924, .T. ) ;
#5971 = VERTEX_POINT ( 'NONE', #3217 ) ;
#5972 = CARTESIAN_POINT ( 'NONE',  ( 8.221964726476977958, 8.157176732979570133, 2.500000000000000444 ) ) ;
#5973 = AXIS2_PLACEMENT_3D ( 'NONE', #1201, #8627, #9564 ) ;
#5974 = CYLINDRICAL_SURFACE ( 'NONE', #4411, 2.000000000000001776 ) ;
#5975 = EDGE_LOOP ( 'NONE', ( #3624, #2229, #7425, #4644 ) ) ;
#5976 = DIRECTION ( 'NONE',  ( -0.000000000000000000, 0.000000000000000000, 1.000000000000000000 ) ) ;
#5977 = ORIENTED_EDGE ( 'NONE', *, *, #8116, .F. ) ;
#5978 = LINE ( 'NONE', #5241, #1901 ) ;
#5979 = EDGE_CURVE ( 'NONE', #1233, #6643, #3962, .T. ) ;
#5980 = EDGE_CURVE ( 'NONE', #4731, #372, #6434, .T. ) ;
#5981 = VERTEX_POINT ( 'NONE', #7072 ) ;
#5982 = LINE ( 'NONE', #770, #6536 ) ;
#5983 = LINE ( 'NONE', #9786, #2036 ) ;
#5984 = CARTESIAN_POINT ( 'NONE',  ( 34.01836169854774283, 26.30116095055085168, -2.500000000000000444 ) ) ;
#5985 = B_SPLINE_CURVE_WITH_KNOTS ( 'NONE', 3,
 ( #4346, #2765, #5092, #2720 ),
 .UNSPECIFIED., .F., .F.,
 ( 4, 4 ),
 ( 0.000000000000000000, 0.0001133500096615133604 ),
 .UNSPECIFIED. ) ;
#5986 = CARTESIAN_POINT ( 'NONE',  ( -14.46891108675427162, 32.06088913245543637, -2.500000000000000444 ) ) ;
#5987 = FACE_OUTER_BOUND ( 'NONE', #2070, .T. ) ;
#5988 = ORIENTED_EDGE ( 'NONE', *, *, #7548, .T. ) ;
#5989 = ADVANCED_FACE ( 'NONE', ( #6339 ), #4167, .F. ) ;
#5990 = ORIENTED_EDGE ( 'NONE', *, *, #4780, .T. ) ;
#5991 = EDGE_CURVE ( 'NONE', #2015, #3672, #4594, .T. ) ;
#5992 = EDGE_LOOP ( 'NONE', ( #4938, #5206 ) ) ;
#5993 = CARTESIAN_POINT ( 'NONE',  ( -34.01836169854736625, 26.30116095055132419, -2.500000000000000444 ) ) ;
#5994 = CARTESIAN_POINT ( 'NONE',  ( 3.469296921803829203, 12.94759237871390489, -2.500000000000000444 ) ) ;
#5995 = VECTOR ( 'NONE', #3448, 1000.000000000000000 ) ;
#5996 = EDGE_LOOP ( 'NONE', ( #5526, #1697, #5401, #1918 ) ) ;
#5997 = DIRECTION ( 'NONE',  ( 1.000000000000000000, 0.000000000000000000, 0.000000000000000000 ) ) ;
#5998 = CARTESIAN_POINT ( 'NONE',  ( 16.49238970772119828, -16.49238970772109170, 2.500000000000000444 ) ) ;
#5999 = LINE ( 'NONE', #5950, #2471 ) ;
#6000 = CIRCLE ( 'NONE', #5062, 2.000000000000001776 ) ;
#6001 = ORIENTED_EDGE ( 'NONE', *, *, #410, .F. ) ;
#6002 = CARTESIAN_POINT ( 'NONE',  ( -2.953339910681094693, -11.19901868863814620, -2.500000000000000444 ) ) ;
#6003 = VERTEX_POINT ( 'NONE', #1083 ) ;
#6004 = DIRECTION ( 'NONE',  ( 0.000000000000000000, 0.000000000000000000, -1.000000000000000000 ) ) ;
#6005 = FACE_OUTER_BOUND ( 'NONE', #8892, .T. ) ;
#6006 = CARTESIAN_POINT ( 'NONE',  ( 23.33891914284128788, 18.35596847918083085, 2.500000000000000444 ) ) ;
#6007 = CIRCLE ( 'NONE', #476, 2.000000000000001776 ) ;
#6008 = ORIENTED_EDGE ( 'NONE', *, *, #6798, .T. ) ;
#6009 = CARTESIAN_POINT ( 'NONE',  ( -13.44526717744750322, -5.297684973240260220, 2.689257726104061774 ) ) ;
#6010 = DIRECTION ( 'NONE',  ( 1.224646799147353207E-16, 1.000000000000000000, -0.000000000000000000 ) ) ;
#6011 = CIRCLE ( 'NONE', #9797, 50.00000000000000000 ) ;
#6012 = DIRECTION ( 'NONE',  ( -0.000000000000000000, 0.000000000000000000, 1.000000000000000000 ) ) ;
#6013 = DIRECTION ( 'NONE',  ( 1.000000000000000000, 0.000000000000000000, 0.000000000000000000 ) ) ;
#6014 = VECTOR ( 'NONE', #8148, 1000.000000000000000 ) ;
#6015 = ORIENTED_EDGE ( 'NONE', *, *, #4398, .F. ) ;
#6016 = DIRECTION ( 'NONE',  ( -0.000000000000000000, -0.000000000000000000, 1.000000000000000000 ) ) ;
#6017 = ORIENTED_EDGE ( 'NONE', *, *, #7374, .F. ) ;
#6018 = CIRCLE ( 'NONE', #2709, 5.500000000000000000 ) ;
#6019 = DIRECTION ( 'NONE',  ( 1.000000000000000000, 0.000000000000000000, 0.000000000000000000 ) ) ;
#6020 = DIRECTION ( 'NONE',  ( -0.000000000000000000, 0.000000000000000000, 1.000000000000000000 ) ) ;
#6021 = AXIS2_PLACEMENT_3D ( 'NONE', #8238, #9623, #2938 ) ;
#6022 = ORIENTED_EDGE ( 'NONE', *, *, #6112, .T. ) ;
#6023 = CARTESIAN_POINT ( 'NONE',  ( -32.43611231721976651, -25.07785113889753958, -2.500000000000000444 ) ) ;
#6024 = EDGE_CURVE ( 'NONE', #6236, #7526, #7122, .T. ) ;
#6025 = CIRCLE ( 'NONE', #3018, 2.000000000000001776 ) ;
#6026 = ORIENTED_EDGE ( 'NONE', *, *, #8526, .F. ) ;
#6027 = CARTESIAN_POINT ( 'NONE',  ( -15.20884097822242786, 24.41819423762676067, -2.500000000000000000 ) ) ;
#6028 = VECTOR ( 'NONE', #3902, 1000.000000000000000 ) ;
#6029 = VERTEX_POINT ( 'NONE', #2470 ) ;
#6030 = VECTOR ( 'NONE', #8992, 1000.000000000000000 ) ;
#6031 = CARTESIAN_POINT ( 'NONE',  ( -5.499999999999717559, 40.62942283616645511, 2.500000000000000444 ) ) ;
#6032 = LINE ( 'NONE', #3664, #1440 ) ;
#6033 = DIRECTION ( 'NONE',  ( -0.000000000000000000, -0.000000000000000000, -1.000000000000000000 ) ) ;
#6034 = ADVANCED_FACE ( 'NONE', ( #6388 ), #1876, .T. ) ;
#6035 = DIRECTION ( 'NONE',  ( -0.000000000000000000, -0.000000000000000000, 1.000000000000000000 ) ) ;
#6036 = UNCERTAINTY_MEASURE_WITH_UNIT (LENGTH_MEASURE( 1.000000000000000082E-05 ), #7146, 'distance_accuracy_value', 'NONE');
#6037 = DIRECTION ( 'NONE',  ( -0.000000000000000000, -0.000000000000000000, 1.000000000000000000 ) ) ;
#6038 = VERTEX_POINT ( 'NONE', #393 ) ;
#6039 = VERTEX_POINT ( 'NONE', #4018 ) ;
#6040 = EDGE_CURVE ( 'NONE', #8753, #701, #9301, .T. ) ;
#6041 = ORIENTED_EDGE ( 'NONE', *, *, #1649, .T. ) ;
#6042 = CARTESIAN_POINT ( 'NONE',  ( 5.768292682926831283, -42.61134590134526690, 2.500000000000000444 ) ) ;
#6043 = DIRECTION ( 'NONE',  ( -0.000000000000000000, 0.000000000000000000, 1.000000000000000000 ) ) ;
#6044 = ADVANCED_FACE ( 'NONE', ( #3965 ), #6974, .F. ) ;
#6045 = DIRECTION ( 'NONE',  ( -6.765421556309546879E-15, -1.000000000000000000, 0.000000000000000000 ) ) ;
#6046 = CARTESIAN_POINT ( 'NONE',  ( -2.146992799845313105, 8.494333787820263382, 2.500000000000000444 ) ) ;
#6047 = EDGE_CURVE ( 'NONE', #274, #7248, #5496, .T. ) ;
#6048 = CARTESIAN_POINT ( 'NONE',  ( -8.429805248399402373, 2.387816587501787158, -2.500000000000000444 ) ) ;
#6049 = VECTOR ( 'NONE', #4030, 1000.000000000000114 ) ;
#6050 = ORIENTED_EDGE ( 'NONE', *, *, #752, .F. ) ;
#6051 = DIRECTION ( 'NONE',  ( 1.000000000000000000, 0.000000000000000000, 0.000000000000000000 ) ) ;
#6052 = VERTEX_POINT ( 'NONE', #7772 ) ;
#6053 = DIRECTION ( 'NONE',  ( -0.000000000000000000, -0.000000000000000000, 1.000000000000000000 ) ) ;
#6054 = DIRECTION ( 'NONE',  ( 1.000000000000000000, 0.000000000000000000, 0.000000000000000000 ) ) ;
#6055 = DIRECTION ( 'NONE',  ( -0.000000000000000000, 0.000000000000000000, 1.000000000000000000 ) ) ;
#6056 = AXIS2_PLACEMENT_3D ( 'NONE', #2076, #2960, #8200 ) ;
#6057 = ORIENTED_EDGE ( 'NONE', *, *, #6885, .T. ) ;
#6058 = CARTESIAN_POINT ( 'NONE',  ( 16.31018495079442943, 39.78665438147420019, 2.500000000000000444 ) ) ;
#6059 = ADVANCED_FACE ( 'NONE', ( #2520 ), #9636, .F. ) ;
#6060 = PLANE ( 'NONE',  #6021 ) ;
#6061 = ADVANCED_FACE ( 'NONE', ( #3658 ), #8151, .T. ) ;
#6062 = CARTESIAN_POINT ( 'NONE',  ( 6.706917346683512804, 8.213604860761822010E-16, 13.13600327987501082 ) ) ;
#6063 = ORIENTED_EDGE ( 'NONE', *, *, #6608, .F. ) ;
#6064 = VECTOR ( 'NONE', #5388, 1000.000000000000000 ) ;
#6065 = ORIENTED_EDGE ( 'NONE', *, *, #2298, .T. ) ;
#6066 = DIRECTION ( 'NONE',  ( -0.2450494958541571122, -0.9695105696079973079, 0.000000000000000000 ) ) ;
#6067 = ORIENTED_EDGE ( 'NONE', *, *, #2069, .F. ) ;
#6068 = CARTESIAN_POINT ( 'NONE',  ( 16.31018495079442943, 39.78665438147420019, -2.500000000000000444 ) ) ;
#6069 = VERTEX_POINT ( 'NONE', #577 ) ;
#6070 = CARTESIAN_POINT ( 'NONE',  ( -32.43611231721958887, 25.07785113889777406, 2.500000000000000444 ) ) ;
#6071 = ORIENTED_EDGE ( 'NONE', *, *, #5058, .F. ) ;
#6072 = AXIS2_PLACEMENT_3D ( 'NONE', #6511, #5121, #7249 ) ;
#6073 = CARTESIAN_POINT ( 'NONE',  ( 24.66324373348084720, 14.23933040861457222, -2.500000000000000444 ) ) ;
#6074 = VERTEX_POINT ( 'NONE', #5789 ) ;
#6075 = CARTESIAN_POINT ( 'NONE',  ( 34.43611231721941834, -25.07785113889799078, 2.500000000000000444 ) ) ;
#6076 = VERTEX_POINT ( 'NONE', #489 ) ;
#6077 = LINE ( 'NONE', #9292, #4969 ) ;
#6078 = CARTESIAN_POINT ( 'NONE',  ( -8.157176732979534606, 8.221964726476942431, -2.500000000000000444 ) ) ;
#6079 = DIRECTION ( 'NONE',  ( -0.6969743733982692868, 0.7170960345909674905, 0.000000000000000000 ) ) ;
#6080 = ORIENTED_EDGE ( 'NONE', *, *, #5960, .F. ) ;
#6081 = LINE ( 'NONE', #2315, #2067 ) ;
#6082 = DIRECTION ( 'NONE',  ( 1.000000000000000000, 0.000000000000000000, 0.000000000000000000 ) ) ;
#6083 = VERTEX_POINT ( 'NONE', #6481 ) ;
#6084 = ORIENTED_EDGE ( 'NONE', *, *, #5363, .F. ) ;
#6085 = ADVANCED_FACE ( 'NONE', ( #8754 ), #625, .T. ) ;
#6086 = ORIENTED_EDGE ( 'NONE', *, *, #4239, .F. ) ;
#6087 = CARTESIAN_POINT ( 'NONE',  ( 36.93611231721952493, -17.28362250483810314, 2.500000000000000444 ) ) ;
#6088 = DIRECTION ( 'NONE',  ( -0.000000000000000000, -0.000000000000000000, 1.000000000000000000 ) ) ;
#6089 = CARTESIAN_POINT ( 'NONE',  ( 3.041841955658855401, 11.17530463715815969, -2.500000000000000444 ) ) ;
#6090 = PLANE ( 'NONE',  #7460 ) ;
#6091 = LINE ( 'NONE', #5509, #3266 ) ;
#6092 = EDGE_CURVE ( 'NONE', #7902, #3810, #5066, .T. ) ;
#6093 = ORIENTED_EDGE ( 'NONE', *, *, #3622, .F. ) ;
#6094 = CARTESIAN_POINT ( 'NONE',  ( -3.031088913245574279, -1.749999999999972689, -2.500000000000000444 ) ) ;
#6095 = VECTOR ( 'NONE', #8926, 1000.000000000000000 ) ;
#6096 = EDGE_CURVE ( 'NONE', #3032, #61, #3559, .T. ) ;
#6097 = ORIENTED_EDGE ( 'NONE', *, *, #5498, .T. ) ;
#6098 = CARTESIAN_POINT ( 'NONE',  ( 4.663002165360372153, 13.27251083153772448, 2.836032871894651475 ) ) ;
#6099 = EDGE_CURVE ( 'NONE', #8196, #2180, #6011, .T. ) ;
#6100 = DIRECTION ( 'NONE',  ( -0.000000000000000000, -0.000000000000000000, 1.000000000000000000 ) ) ;
#6101 = LINE ( 'NONE', #9112, #2525 ) ;
#6102 = ORIENTED_EDGE ( 'NONE', *, *, #9701, .T. ) ;
#6103 = PLANE ( 'NONE',  #1367 ) ;
#6104 = CARTESIAN_POINT ( 'NONE',  ( -1.899476582374846734, 1.323677892261875710, 18.61818776253317864 ) ) ;
#6105 = CARTESIAN_POINT ( 'NONE',  ( -0.9621455304450543533, 28.75119701343881218, -2.500000000000000444 ) ) ;
#6106 = AXIS2_PLACEMENT_3D ( 'NONE', #6985, #1583, #8572 ) ;
#6107 = VERTEX_POINT ( 'NONE', #8797 ) ;
#6108 = ORIENTED_EDGE ( 'NONE', *, *, #8934, .T. ) ;
#6109 = CARTESIAN_POINT ( 'NONE',  ( -34.01836169854736625, 26.30116095055132419, 2.500000000000000444 ) ) ;
#6110 = AXIS2_PLACEMENT_3D ( 'NONE', #2480, #3072, #3873 ) ;
#6111 = ORIENTED_EDGE ( 'NONE', *, *, #1486, .T. ) ;
#6112 = EDGE_CURVE ( 'NONE', #5782, #9474, #1279, .T. ) ;
#6113 = CARTESIAN_POINT ( 'NONE',  ( 17.55157169726830801, -37.93611231721990862, 2.500000000000000444 ) ) ;
#6114 = EDGE_CURVE ( 'NONE', #1107, #5900, #7412, .T. ) ;
#6115 = AXIS2_PLACEMENT_3D ( 'NONE', #4005, #7164, #7761 ) ;
#6116 = AXIS2_PLACEMENT_3D ( 'NONE', #4577, #8474, #8328 ) ;
#6117 = ORIENTED_EDGE ( 'NONE', *, *, #1598, .T. ) ;
#6118 = DIRECTION ( 'NONE',  ( -0.000000000000000000, -0.000000000000000000, 1.000000000000000000 ) ) ;
#6119 = EDGE_LOOP ( 'NONE', ( #8031, #7251, #3467, #5912 ) ) ;
#6120 = DIRECTION ( 'NONE',  ( 0.7170960345909682676, -0.6969743733982683986, 0.000000000000000000 ) ) ;
#6121 = VECTOR ( 'NONE', #6239, 1000.000000000000000 ) ;
#6122 = AXIS2_PLACEMENT_3D ( 'NONE', #3599, #2152, #7356 ) ;
#6123 = ORIENTED_EDGE ( 'NONE', *, *, #8655, .T. ) ;
#6124 = CARTESIAN_POINT ( 'NONE',  ( 7.500000000000000000, 0.000000000000000000, 15.21808462927431549 ) ) ;
#6125 = CARTESIAN_POINT ( 'NONE',  ( -8.494333787820234960, 2.146992799845302002, -2.500000000000000444 ) ) ;
#6126 = AXIS2_PLACEMENT_3D ( 'NONE', #3237, #3190, #9271 ) ;
#6127 = ORIENTED_EDGE ( 'NONE', *, *, #3800, .T. ) ;
#6128 = LINE ( 'NONE', #7015, #8748 ) ;
#6129 = FACE_OUTER_BOUND ( 'NONE', #4823, .T. ) ;
#6130 = CARTESIAN_POINT ( 'NONE',  ( -39.78665438147424993, 16.31018495079428021, -2.500000000000000444 ) ) ;
#6131 = DIRECTION ( 'NONE',  ( -0.000000000000000000, -0.000000000000000000, -1.000000000000000000 ) ) ;
#6132 = DIRECTION ( 'NONE',  ( 0.000000000000000000, 0.000000000000000000, -1.000000000000000000 ) ) ;
#6133 = VERTEX_POINT ( 'NONE', #9500 ) ;
#6134 = EDGE_CURVE ( 'NONE', #615, #1595, #4310, .T. ) ;
#6135 = ORIENTED_EDGE ( 'NONE', *, *, #5097, .F. ) ;
#6136 = EDGE_LOOP ( 'NONE', ( #3016, #6807, #2605, #5942 ) ) ;
#6137 = CARTESIAN_POINT ( 'NONE',  ( -28.75119701343867007, -0.9621455304449867407, -2.500000000000000000 ) ) ;
#6138 = DIRECTION ( 'NONE',  ( 1.000000000000000000, 0.000000000000000000, 0.000000000000000000 ) ) ;
#6139 = CARTESIAN_POINT ( 'NONE',  ( -12.09377040353120591, -12.09377040353107979, -2.500000000000000000 ) ) ;
#6140 = VECTOR ( 'NONE', #8146, 1000.000000000000000 ) ;
#6141 = DIRECTION ( 'NONE',  ( -0.5000000000000063283, -0.8660254037844349329, 0.000000000000000000 ) ) ;
#6142 = DIRECTION ( 'NONE',  ( -0.000000000000000000, -0.000000000000000000, 1.000000000000000000 ) ) ;
#6143 = EDGE_CURVE ( 'NONE', #7669, #2807, #9166, .T. ) ;
#6144 = EDGE_LOOP ( 'NONE', ( #8824, #423, #4003, #9602 ) ) ;
#6145 = CARTESIAN_POINT ( 'NONE',  ( -15.53163513676237528, -12.96271092476099618, -2.500000000000000444 ) ) ;
#6146 = ORIENTED_EDGE ( 'NONE', *, *, #8772, .T. ) ;
#6147 = VECTOR ( 'NONE', #608, 1000.000000000000000 ) ;
#6148 = CARTESIAN_POINT ( 'NONE',  ( 28.56088913245510952, -20.53108891324586693, -2.500000000000000444 ) ) ;
#6149 = DIRECTION ( 'NONE',  ( 0.9669420253356220130, 0.2549963129926494654, 0.000000000000000000 ) ) ;
#6150 = CARTESIAN_POINT ( 'NONE',  ( -35.00000000000000711, -3.499999999999880540, -2.500000000000000444 ) ) ;
#6151 = ORIENTED_EDGE ( 'NONE', *, *, #7625, .T. ) ;
#6152 = CARTESIAN_POINT ( 'NONE',  ( 3.031088913245576499, 1.749999999999969580, -2.500000000000000444 ) ) ;
#6153 = LINE ( 'NONE', #8424, #2072 ) ;
#6154 = PLANE ( 'NONE',  #9455 ) ;
#6155 = EDGE_CURVE ( 'NONE', #7483, #4342, #8893, .T. ) ;
#6156 = AXIS2_PLACEMENT_3D ( 'NONE', #7892, #3232, #2590 ) ;
#6157 = EDGE_CURVE ( 'NONE', #7889, #7902, #6618, .T. ) ;
#6158 = ORIENTED_EDGE ( 'NONE', *, *, #4299, .F. ) ;
#6159 = EDGE_LOOP ( 'NONE', ( #345, #6881, #169, #2505 ) ) ;
#6160 = CARTESIAN_POINT ( 'NONE',  ( 14.68999443131559879, 4.945105014852237524, 2.500000000000000444 ) ) ;
#6161 = VERTEX_POINT ( 'NONE', #5099 ) ;
#6162 = VECTOR ( 'NONE', #4456, 999.9999999999998863 ) ;
#6163 = CARTESIAN_POINT ( 'NONE',  ( -14.23933040861448340, -24.66324373348067667, -2.500000000000000444 ) ) ;
#6164 = EDGE_CURVE ( 'NONE', #9080, #1314, #8109, .T. ) ;
#6165 = AXIS2_PLACEMENT_3D ( 'NONE', #8420, #1634, #895 ) ;
#6166 = VERTEX_POINT ( 'NONE', #5887 ) ;
#6167 = FACE_OUTER_BOUND ( 'NONE', #442, .T. ) ;
#6168 = ORIENTED_EDGE ( 'NONE', *, *, #1421, .T. ) ;
#6169 = CARTESIAN_POINT ( 'NONE',  ( -2.953339910681094693, -11.19901868863814620, -2.500000000000000444 ) ) ;
#6170 = AXIS2_PLACEMENT_3D ( 'NONE', #6073, #3749, #9725 ) ;
#6171 = ADVANCED_FACE ( 'NONE', ( #5142 ), #5747, .F. ) ;
#6172 = VECTOR ( 'NONE', #6674, 1000.000000000000114 ) ;
#6173 = VECTOR ( 'NONE', #2910, 1000.000000000000000 ) ;
#6174 = EDGE_LOOP ( 'NONE', ( #4406, #1909, #2955, #7043 ) ) ;
#6175 = B_SPLINE_CURVE_WITH_KNOTS ( 'NONE', 3,
 ( #9335, #7851, #378, #6417 ),
 .UNSPECIFIED., .F., .F.,
 ( 4, 4 ),
 ( 0.000000000000000000, 0.002007903776505782969 ),
 .UNSPECIFIED. ) ;
#6176 = DIRECTION ( 'NONE',  ( -0.2549963129926494099, -0.9669420253356220130, 0.000000000000000000 ) ) ;
#6177 = CARTESIAN_POINT ( 'NONE',  ( 11.31056335679710045, 8.995100449718499647, -2.500000000000000444 ) ) ;
#6178 = ORIENTED_EDGE ( 'NONE', *, *, #3265, .F. ) ;
#6179 = VECTOR ( 'NONE', #9519, 1000.000000000000114 ) ;
#6180 = DIRECTION ( 'NONE',  ( 1.000000000000000000, 0.000000000000000000, 0.000000000000000000 ) ) ;
#6181 = DIRECTION ( 'NONE',  ( -0.000000000000000000, -0.000000000000000000, -1.000000000000000000 ) ) ;
#6182 = DIRECTION ( 'NONE',  ( 0.000000000000000000, 0.000000000000000000, 1.000000000000000000 ) ) ;
#6183 = CIRCLE ( 'NONE', #487, 2.000000000000001776 ) ;
#6184 = ORIENTED_EDGE ( 'NONE', *, *, #8499, .T. ) ;
#6185 = DIRECTION ( 'NONE',  ( 1.000000000000000000, 0.000000000000000000, 0.000000000000000000 ) ) ;
#6186 = EDGE_CURVE ( 'NONE', #5661, #5048, #1930, .T. ) ;
#6187 = DIRECTION ( 'NONE',  ( -0.7098982014311000510, -0.7043042975908135883, 0.000000000000000000 ) ) ;
#6188 = CARTESIAN_POINT ( 'NONE',  ( 24.66324373348082588, -14.23933040861439991, -2.500000000000000444 ) ) ;
#6189 = AXIS2_PLACEMENT_3D ( 'NONE', #3677, #7436, #1342 ) ;
#6190 = VERTEX_POINT ( 'NONE', #7221 ) ;
#6191 = AXIS2_PLACEMENT_3D ( 'NONE', #4863, #5604, #2523 ) ;
#6192 = ORIENTED_EDGE ( 'NONE', *, *, #1668, .T. ) ;
#6193 = ORIENTED_EDGE ( 'NONE', *, *, #7748, .T. ) ;
#6194 = CARTESIAN_POINT ( 'NONE',  ( -27.56619458545752366, -11.03411263498093753, -2.500000000000000444 ) ) ;
#6195 = DIRECTION ( 'NONE',  ( 1.000000000000000000, 0.000000000000000000, 0.000000000000000000 ) ) ;
#6196 = AXIS2_PLACEMENT_3D ( 'NONE', #4802, #5539, #6180 ) ;
#6197 = CARTESIAN_POINT ( 'NONE',  ( 6.036633602139041876, 22.52902330986024992, -2.500000000000000444 ) ) ;
#6198 = DIRECTION ( 'NONE',  ( -0.000000000000000000, 0.000000000000000000, 1.000000000000000000 ) ) ;
#6199 = CARTESIAN_POINT ( 'NONE',  ( 25.50000000000024514, 34.99999999999982236, 2.500000000000000444 ) ) ;
#6200 = CARTESIAN_POINT ( 'NONE',  ( -1.528560524300655254, 1.547296908660294790, 16.40877931234655662 ) ) ;
#6201 = ORIENTED_EDGE ( 'NONE', *, *, #8677, .F. ) ;
#6202 = CARTESIAN_POINT ( 'NONE',  ( 40.62942283616646932, 5.499999999999576339, 2.500000000000000444 ) ) ;
#6203 = ORIENTED_EDGE ( 'NONE', *, *, #5739, .T. ) ;
#6204 = CARTESIAN_POINT ( 'NONE',  ( 1.785354769494821081, 1.270893826199625432, 17.55301247256686281 ) ) ;
#6205 = DIRECTION ( 'NONE',  ( -0.000000000000000000, -0.000000000000000000, 1.000000000000000000 ) ) ;
#6206 = EDGE_CURVE ( 'NONE', #1833, #7702, #2336, .T. ) ;
#6207 = DIRECTION ( 'NONE',  ( -0.000000000000000000, -0.000000000000000000, -1.000000000000000000 ) ) ;
#6208 = ADVANCED_FACE ( 'NONE', ( #443 ), #3162, .T. ) ;
#6209 = ORIENTED_EDGE ( 'NONE', *, *, #6219, .F. ) ;
#6210 = DIRECTION ( 'NONE',  ( -1.000000000000000000, 1.071191746415678223E-14, 0.000000000000000000 ) ) ;
#6211 = CARTESIAN_POINT ( 'NONE',  ( -2.003631395697107465, 0.8462188280043326793, 18.40356775295602887 ) ) ;
#6212 = PLANE ( 'NONE',  #8335 ) ;
#6213 = EDGE_LOOP ( 'NONE', ( #831, #4514, #6192, #4460 ) ) ;
#6214 = ORIENTED_EDGE ( 'NONE', *, *, #5200, .F. ) ;
#6215 = DIRECTION ( 'NONE',  ( -0.000000000000000000, -0.000000000000000000, 1.000000000000000000 ) ) ;
#6216 = ORIENTED_EDGE ( 'NONE', *, *, #7046, .F. ) ;
#6217 = VECTOR ( 'NONE', #7429, 1000.000000000000000 ) ;
#6218 = DIRECTION ( 'NONE',  ( -0.000000000000000000, 1.000000000000000000, -0.000000000000000000 ) ) ;
#6219 = EDGE_CURVE ( 'NONE', #6461, #7489, #5978, .T. ) ;
#6220 = ORIENTED_EDGE ( 'NONE', *, *, #7003, .F. ) ;
#6221 = CARTESIAN_POINT ( 'NONE',  ( -5.297684973240327722, 13.44526717744764355, -2.500000000000000444 ) ) ;
#6222 = ORIENTED_EDGE ( 'NONE', *, *, #4002, .T. ) ;
#6223 = CARTESIAN_POINT ( 'NONE',  ( 8.157176732979506184, 8.221964726476935326, 2.500000000000000444 ) ) ;
#6224 = VECTOR ( 'NONE', #1139, 1000.000000000000000 ) ;
#6225 = EDGE_CURVE ( 'NONE', #2636, #3005, #2061, .T. ) ;
#6226 = EDGE_LOOP ( 'NONE', ( #8841, #2083, #4885, #8944 ) ) ;
#6227 = LINE ( 'NONE', #9236, #7051 ) ;
#6228 = FACE_OUTER_BOUND ( 'NONE', #382, .T. ) ;
#6229 = ORIENTED_EDGE ( 'NONE', *, *, #7992, .T. ) ;
#6230 = EDGE_CURVE ( 'NONE', #6625, #7921, #1465, .T. ) ;
#6231 = FACE_OUTER_BOUND ( 'NONE', #7156, .T. ) ;
#6232 = CONICAL_SURFACE ( 'NONE', #3224, 5.500000000000000000, 0.7504915783575566435 ) ;
#6233 = CARTESIAN_POINT ( 'NONE',  ( -24.66324373348077259, -14.23933040861435373, -2.500000000000000444 ) ) ;
#6234 = ADVANCED_FACE ( 'NONE', ( #3754 ), #3004, .T. ) ;
#6235 = LINE ( 'NONE', #8604, #763 ) ;
#6236 = VERTEX_POINT ( 'NONE', #6812 ) ;
#6237 = CARTESIAN_POINT ( 'NONE',  ( 2.597977082665112292, 13.82583263479590485, 2.836032871894501817 ) ) ;
#6238 = CARTESIAN_POINT ( 'NONE',  ( -11.62758378290152095, 10.24935585154528006, 2.500000000000000444 ) ) ;
#6239 = DIRECTION ( 'NONE',  ( -7.199102425303747864E-15, -1.000000000000000000, 0.000000000000000000 ) ) ;
#6240 = ORIENTED_EDGE ( 'NONE', *, *, #5190, .F. ) ;
#6241 = DIRECTION ( 'NONE',  ( -0.000000000000000000, -0.000000000000000000, 1.000000000000000000 ) ) ;
#6242 = ORIENTED_EDGE ( 'NONE', *, *, #9549, .T. ) ;
#6243 = ORIENTED_EDGE ( 'NONE', *, *, #5441, .T. ) ;
#6244 = LINE ( 'NONE', #7026, #4639 ) ;
#6245 = EDGE_CURVE ( 'NONE', #1251, #1545, #6183, .T. ) ;
#6246 = EDGE_CURVE ( 'NONE', #3005, #5897, #2384, .T. ) ;
#6247 = DIRECTION ( 'NONE',  ( -1.000000000000000000, 1.734723475976805517E-15, 0.000000000000000000 ) ) ;
#6248 = DIRECTION ( 'NONE',  ( 1.000000000000000000, 0.000000000000000000, 0.000000000000000000 ) ) ;
#6249 = FACE_OUTER_BOUND ( 'NONE', #3399, .T. ) ;
#6250 = LINE ( 'NONE', #3071, #2870 ) ;
#6251 = LINE ( 'NONE', #3176, #7535 ) ;
#6252 = VERTEX_POINT ( 'NONE', #2162 ) ;
#6253 = CARTESIAN_POINT ( 'NONE',  ( 11.03411263498109030, -27.56619458545745971, 2.500000000000000444 ) ) ;
#6254 = VERTEX_POINT ( 'NONE', #718 ) ;
#6255 = CARTESIAN_POINT ( 'NONE',  ( 1.458513816181878253, 2.273577894648929565, 17.04367104307566905 ) ) ;
#6256 = DIRECTION ( 'NONE',  ( -1.000000000000000000, 0.000000000000000000, 0.000000000000000000 ) ) ;
#6257 = CARTESIAN_POINT ( 'NONE',  ( 0.000000000000000000, 0.000000000000000000, 10.00000000000000000 ) ) ;
#6258 = ORIENTED_EDGE ( 'NONE', *, *, #6099, .T. ) ;
#6259 = CARTESIAN_POINT ( 'NONE',  ( 32.43611231721994415, 25.07785113889732287, 2.500000000000000444 ) ) ;
#6260 = CARTESIAN_POINT ( 'NONE',  ( 4.426627195228881817, 16.52039759876010905, 2.500000000000000444 ) ) ;
#6261 = CARTESIAN_POINT ( 'NONE',  ( 6.106517200318503313, 6.282812448554251361, 2.500000000000000444 ) ) ;
#6262 = ORIENTED_EDGE ( 'NONE', *, *, #6810, .F. ) ;
#6263 = ORIENTED_EDGE ( 'NONE', *, *, #6143, .T. ) ;
#6264 = LINE ( 'NONE', #8632, #7363 ) ;
#6265 = VERTEX_POINT ( 'NONE', #675 ) ;
#6266 = DIRECTION ( 'NONE',  ( -0.000000000000000000, -0.000000000000000000, 1.000000000000000000 ) ) ;
#6267 = ORIENTED_EDGE ( 'NONE', *, *, #5441, .F. ) ;
#6268 = CARTESIAN_POINT ( 'NONE',  ( 9.162830469435675695, 10.67453374887267081, 2.836032871894504481 ) ) ;
#6269 = AXIS2_PLACEMENT_3D ( 'NONE', #3696, #5321, #6659 ) ;
#6270 = ORIENTED_EDGE ( 'NONE', *, *, #1621, .T. ) ;
#6271 = LINE ( 'NONE', #9284, #5706 ) ;
#6272 = AXIS2_PLACEMENT_3D ( 'NONE', #7438, #2186, #7387 ) ;
#6273 = EDGE_CURVE ( 'NONE', #6069, #4949, #5336, .T. ) ;
#6274 = VERTEX_POINT ( 'NONE', #6027 ) ;
#6275 = CARTESIAN_POINT ( 'NONE',  ( -6.282812448554051521, -6.106517200318316796, -2.500000000000000444 ) ) ;
#6276 = CIRCLE ( 'NONE', #8794, 12.50000000000000000 ) ;
#6277 = DIRECTION ( 'NONE',  ( -0.000000000000000000, -0.000000000000000000, -1.000000000000000000 ) ) ;
#6278 = AXIS2_PLACEMENT_3D ( 'NONE', #1636, #4672, #7789 ) ;
#6279 = ORIENTED_EDGE ( 'NONE', *, *, #4162, .F. ) ;
#6280 = CARTESIAN_POINT ( 'NONE',  ( -2.953339910681166192, 11.19901868863841088, -2.500000000000000444 ) ) ;
#6281 = PLANE ( 'NONE',  #3542 ) ;
#6282 = VECTOR ( 'NONE', #6535, 1000.000000000000000 ) ;
#6283 = CARTESIAN_POINT ( 'NONE',  ( 0.000000000000000000, 0.000000000000000000, 12.50000000000000000 ) ) ;
#6284 = EDGE_LOOP ( 'NONE', ( #4396, #7403, #9680, #3345 ) ) ;
#6285 = VECTOR ( 'NONE', #3305, 1000.000000000000114 ) ;
#6286 = LINE ( 'NONE', #2516, #5663 ) ;
#6287 = CIRCLE ( 'NONE', #8804, 2.000000000000000000 ) ;
#6288 = DIRECTION ( 'NONE',  ( 1.000000000000000000, 0.000000000000000000, 0.000000000000000000 ) ) ;
#6289 = EDGE_CURVE ( 'NONE', #2807, #730, #7614, .T. ) ;
#6290 = VERTEX_POINT ( 'NONE', #6714 ) ;
#6291 = EDGE_CURVE ( 'NONE', #615, #5181, #3705, .T. ) ;
#6292 = CARTESIAN_POINT ( 'NONE',  ( 24.66324373348084720, 14.23933040861457222, -2.500000000000000444 ) ) ;
#6293 = ORIENTED_EDGE ( 'NONE', *, *, #7615, .T. ) ;
#6294 = CARTESIAN_POINT ( 'NONE',  ( -47.50000000000000711, 0.000000000000000000, 0.000000000000000000 ) ) ;
#6295 = CARTESIAN_POINT ( 'NONE',  ( 33.43611231721992993, 23.34580033132843369, -2.500000000000000444 ) ) ;
#6296 = CARTESIAN_POINT ( 'NONE',  ( 8.494333787820254500, -2.146992799845305111, -2.500000000000000444 ) ) ;
#6297 = DIRECTION ( 'NONE',  ( 1.000000000000000000, 0.000000000000000000, 0.000000000000000000 ) ) ;
#6298 = CARTESIAN_POINT ( 'NONE',  ( -14.29278542295881493, 2.134703820650631911, -2.500000000000000444 ) ) ;
#6299 = CARTESIAN_POINT ( 'NONE',  ( 2.003759263987844985, 0.8459159617848819313, 18.47616851058529974 ) ) ;
#6300 = EDGE_CURVE ( 'NONE', #3810, #2557, #4468, .T. ) ;
#6301 = EDGE_CURVE ( 'NONE', #827, #356, #8545, .T. ) ;
#6302 = ADVANCED_FACE ( 'NONE', ( #5287 ), #7127, .T. ) ;
#6303 = VERTEX_POINT ( 'NONE', #1416 ) ;
#6304 = FACE_OUTER_BOUND ( 'NONE', #4212, .T. ) ;
#6305 = ORIENTED_EDGE ( 'NONE', *, *, #1750, .F. ) ;
#6306 = CARTESIAN_POINT ( 'NONE',  ( 1.989993984657707937, 0.8796239015488057644, 18.68753374835216619 ) ) ;
#6307 = CARTESIAN_POINT ( 'NONE',  ( -8.157176732979534606, 8.221964726476942431, 2.500000000000000444 ) ) ;
#6308 = CARTESIAN_POINT ( 'NONE',  ( 15.20884097822251491, -24.41819423762654395, -2.500000000000000000 ) ) ;
#6309 = ORIENTED_EDGE ( 'NONE', *, *, #4925, .F. ) ;
#6310 = CARTESIAN_POINT ( 'NONE',  ( 14.68999443131564853, -4.945105014852087422, 2.500000000000000444 ) ) ;
#6311 = CARTESIAN_POINT ( 'NONE',  ( -1.925201876841049264, 1.234182338415338309, 18.17273330047908075 ) ) ;
#6312 = DIRECTION ( 'NONE',  ( -0.000000000000000000, -0.000000000000000000, 1.000000000000000000 ) ) ;
#6313 = EDGE_LOOP ( 'NONE', ( #2031, #8063, #755, #2252, #6611 ) ) ;
#6314 = AXIS2_PLACEMENT_3D ( 'NONE', #8790, #482, #2767 ) ;
#6315 = EDGE_LOOP ( 'NONE', ( #8712, #7997, #8573, #2742 ) ) ;
#6316 = CARTESIAN_POINT ( 'NONE',  ( -43.06088913245538663, -4.583647796502986260, -2.500000000000000444 ) ) ;
#6317 = ORIENTED_EDGE ( 'NONE', *, *, #1967, .T. ) ;
#6318 = DIRECTION ( 'NONE',  ( -0.000000000000000000, -0.000000000000000000, 1.000000000000000000 ) ) ;
#6319 = VERTEX_POINT ( 'NONE', #3052 ) ;
#6320 = CARTESIAN_POINT ( 'NONE',  ( -8.157176732979374734, -8.221964726476787888, -2.500000000000000444 ) ) ;
#6321 = ORIENTED_EDGE ( 'NONE', *, *, #3615, .F. ) ;
#6322 = CIRCLE ( 'NONE', #7582, 22.00000000000008171 ) ;
#6323 = FACE_BOUND ( 'NONE', #685, .T. ) ;
#6324 = ORIENTED_EDGE ( 'NONE', *, *, #4613, .T. ) ;
#6325 = PLANE ( 'NONE',  #2302 ) ;
#6326 = AXIS2_PLACEMENT_3D ( 'NONE', #9710, #3879, #3129 ) ;
#6327 = CARTESIAN_POINT ( 'NONE',  ( -11.17530463715804245, 3.041841955658825647, -2.500000000000000444 ) ) ;
#6328 = EDGE_LOOP ( 'NONE', ( #6240, #294, #2617, #2655 ) ) ;
#6329 = DIRECTION ( 'NONE',  ( 1.000000000000000000, 0.000000000000000000, 0.000000000000000000 ) ) ;
#6330 = DIRECTION ( 'NONE',  ( -0.000000000000000000, 0.000000000000000000, 1.000000000000000000 ) ) ;
#6331 = ADVANCED_FACE ( 'NONE', ( #4448 ), #7465, .T. ) ;
#6332 = VECTOR ( 'NONE', #4315, 1000.000000000000000 ) ;
#6333 = EDGE_LOOP ( 'NONE', ( #7397, #6617, #8903, #2900 ) ) ;
#6334 = DIRECTION ( 'NONE',  ( 0.7043042975908125891, 0.7098982014311010502, 0.000000000000000000 ) ) ;
#6335 = CARTESIAN_POINT ( 'NONE',  ( 4.583647796503135474, -43.06088913245536531, -2.500000000000000444 ) ) ;
#6336 = AXIS2_PLACEMENT_3D ( 'NONE', #194, #9249, #5549 ) ;
#6337 = LINE ( 'NONE', #1821, #8018 ) ;
#6338 = ORIENTED_EDGE ( 'NONE', *, *, #1479, .T. ) ;
#6339 = FACE_OUTER_BOUND ( 'NONE', #7084, .T. ) ;
#6340 = VECTOR ( 'NONE', #621, 1000.000000000000114 ) ;
#6341 = TOROIDAL_SURFACE ( 'NONE', #9339, 10.50000000000000000, 2.000000000000000000 ) ;
#6342 = VERTEX_POINT ( 'NONE', #8347 ) ;
#6343 = CIRCLE ( 'NONE', #5708, 1.999999999999998224 ) ;
#6344 = LINE ( 'NONE', #7775, #4806 ) ;
#6345 = CARTESIAN_POINT ( 'NONE',  ( 36.93611231721987309, 17.28362250483732865, 2.500000000000000444 ) ) ;
#6346 = EDGE_CURVE ( 'NONE', #4873, #4202, #4549, .T. ) ;
#6347 = DIRECTION ( 'NONE',  ( 0.7043042975908135883, -0.7098982014311000510, 0.000000000000000000 ) ) ;
#6348 = VECTOR ( 'NONE', #2290, 1000.000000000000000 ) ;
#6349 = CARTESIAN_POINT ( 'NONE',  ( 8.995100449718432145, -11.31056335679695302, 2.689257726104062662 ) ) ;
#6350 = CARTESIAN_POINT ( 'NONE',  ( 11.19901868863838423, 2.953339910681159530, -2.500000000000000444 ) ) ;
#6351 = FACE_OUTER_BOUND ( 'NONE', #982, .T. ) ;
#6352 = AXIS2_PLACEMENT_3D ( 'NONE', #3118, #9006, #9800 ) ;
#6353 = ORIENTED_EDGE ( 'NONE', *, *, #7570, .T. ) ;
#6354 = CARTESIAN_POINT ( 'NONE',  ( 28.75119701343874468, 0.9621455304451982382, -2.500000000000000000 ) ) ;
#6355 = ORIENTED_EDGE ( 'NONE', *, *, #39, .T. ) ;
#6356 = CARTESIAN_POINT ( 'NONE',  ( 1.904962495076774065, 1.072658267105619290, 18.61933113216690217 ) ) ;
#6357 = DIRECTION ( 'NONE',  ( 1.000000000000000000, 0.000000000000000000, 0.000000000000000000 ) ) ;
#6358 = FACE_OUTER_BOUND ( 'NONE', #3357, .T. ) ;
#6359 = ORIENTED_EDGE ( 'NONE', *, *, #5155, .F. ) ;
#6360 = EDGE_CURVE ( 'NONE', #8869, #1590, #1559, .T. ) ;
#6361 = PLANE ( 'NONE',  #4865 ) ;
#6362 = DIRECTION ( 'NONE',  ( -0.000000000000000000, -0.000000000000000000, -1.000000000000000000 ) ) ;
#6363 = CARTESIAN_POINT ( 'NONE',  ( -10.50000000000002309, 0.000000000000000000, 12.50000000000000000 ) ) ;
#6364 = ORIENTED_EDGE ( 'NONE', *, *, #533, .F. ) ;
#6365 = VERTEX_POINT ( 'NONE', #5412 ) ;
#6366 = CARTESIAN_POINT ( 'NONE',  ( -6.282812448554051521, -6.106517200318316796, -2.500000000000000444 ) ) ;
#6367 = ORIENTED_EDGE ( 'NONE', *, *, #3318, .F. ) ;
#6368 = CARTESIAN_POINT ( 'NONE',  ( 25.66324373348082943, -14.23933040861439991, -2.500000000000000444 ) ) ;
#6369 = EDGE_CURVE ( 'NONE', #4063, #3756, #2243, .T. ) ;
#6370 = VERTEX_POINT ( 'NONE', #6740 ) ;
#6371 = ADVANCED_FACE ( 'NONE', ( #3034 ), #9061, .F. ) ;
#6372 = CARTESIAN_POINT ( 'NONE',  ( 6.282812448554147444, -6.106517200318401173, 2.500000000000000444 ) ) ;
#6373 = CARTESIAN_POINT ( 'NONE',  ( 15.53163513676244989, 12.96271092476121467, -2.500000000000000444 ) ) ;
#6374 = DIRECTION ( 'NONE',  ( -0.000000000000000000, -0.000000000000000000, 1.000000000000000000 ) ) ;
#6375 = AXIS2_PLACEMENT_3D ( 'NONE', #4225, #2743, #1983 ) ;
#6376 = ORIENTED_EDGE ( 'NONE', *, *, #1142, .F. ) ;
#6377 = CARTESIAN_POINT ( 'NONE',  ( -1.750000000000021538, -3.031088913245538308, 2.500000000000000444 ) ) ;
#6378 = CARTESIAN_POINT ( 'NONE',  ( -3.031088913245529426, 1.750000000000030198, -2.500000000000000444 ) ) ;
#6379 = EDGE_LOOP ( 'NONE', ( #9685, #8135, #4489, #5961 ) ) ;
#6380 = CARTESIAN_POINT ( 'NONE',  ( 14.29278542295888954, -2.134703820650416528, -2.500000000000000444 ) ) ;
#6381 = CARTESIAN_POINT ( 'NONE',  ( 40.62942283616646932, 5.499999999999576339, 2.500000000000000444 ) ) ;
#6382 = ORIENTED_EDGE ( 'NONE', *, *, #6164, .F. ) ;
#6383 = VECTOR ( 'NONE', #6671, 1000.000000000000000 ) ;
#6384 = CARTESIAN_POINT ( 'NONE',  ( 11.62758378290163108, 10.24935585154515927, 2.500000000000000444 ) ) ;
#6385 = DIRECTION ( 'NONE',  ( 1.000000000000000000, 0.000000000000000000, 0.000000000000000000 ) ) ;
#6386 = CARTESIAN_POINT ( 'NONE',  ( 11.31056335679710045, 8.995100449718499647, 2.689257726104003599 ) ) ;
#6387 = VERTEX_POINT ( 'NONE', #2286 ) ;
#6388 = FACE_OUTER_BOUND ( 'NONE', #5833, .T. ) ;
#6389 = CIRCLE ( 'NONE', #7813, 21.99999999999980460 ) ;
#6390 = ORIENTED_EDGE ( 'NONE', *, *, #2524, .F. ) ;
#6391 = PLANE ( 'NONE',  #7321 ) ;
#6392 = LINE ( 'NONE', #2775, #4305 ) ;
#6393 = FACE_OUTER_BOUND ( 'NONE', #6, .T. ) ;
#6394 = DIRECTION ( 'NONE',  ( -0.000000000000000000, -0.000000000000000000, -1.000000000000000000 ) ) ;
#6395 = FACE_OUTER_BOUND ( 'NONE', #8938, .T. ) ;
#6396 = PLANE ( 'NONE',  #578 ) ;
#6397 = EDGE_CURVE ( 'NONE', #14, #7369, #330, .T. ) ;
#6398 = ORIENTED_EDGE ( 'NONE', *, *, #898, .F. ) ;
#6399 = FACE_OUTER_BOUND ( 'NONE', #5258, .T. ) ;
#6400 = ORIENTED_EDGE ( 'NONE', *, *, #6755, .T. ) ;
#6401 = DIRECTION ( 'NONE',  ( 1.000000000000000000, 0.000000000000000000, 0.000000000000000000 ) ) ;
#6402 = LINE ( 'NONE', #9216, #4440 ) ;
#6403 = LINE ( 'NONE', #9418, #6633 ) ;
#6404 = ORIENTED_EDGE ( 'NONE', *, *, #805, .T. ) ;
#6405 = EDGE_CURVE ( 'NONE', #8633, #4166, #656, .T. ) ;
#6406 = CARTESIAN_POINT ( 'NONE',  ( -13.44526717744750322, -5.297684973240260220, 2.689257726104061774 ) ) ;
#6407 = DIRECTION ( 'NONE',  ( -0.000000000000000000, -0.000000000000000000, -1.000000000000000000 ) ) ;
#6408 = CARTESIAN_POINT ( 'NONE',  ( 35.00000000000027001, 25.49999999999963407, -2.500000000000000444 ) ) ;
#6409 = ORIENTED_EDGE ( 'NONE', *, *, #3187, .F. ) ;
#6410 = ADVANCED_FACE ( 'NONE', ( #6005 ), #3728, .F. ) ;
#6411 = ORIENTED_EDGE ( 'NONE', *, *, #3720, .F. ) ;
#6412 = CARTESIAN_POINT ( 'NONE',  ( 1.543571220819097700, 2.139999999999999680, 17.14977702759028233 ) ) ;
#6413 = ADVANCED_FACE ( 'NONE', ( #5267 ), #2337, .F. ) ;
#6414 = VERTEX_POINT ( 'NONE', #8370 ) ;
#6415 = LINE ( 'NONE', #3397, #6692 ) ;
#6416 = EDGE_LOOP ( 'NONE', ( #523, #4491, #9663, #3584, #1526 ) ) ;
#6417 = CARTESIAN_POINT ( 'NONE',  ( 2.134703820650469819, -14.29278542295874033, 2.689257726104077317 ) ) ;
#6418 = DIRECTION ( 'NONE',  ( -0.000000000000000000, -0.000000000000000000, -1.000000000000000000 ) ) ;
#6419 = PLANE ( 'NONE',  #3493 ) ;
#6420 = EDGE_CURVE ( 'NONE', #388, #3830, #3832, .T. ) ;
#6421 = ORIENTED_EDGE ( 'NONE', *, *, #3859, .F. ) ;
#6422 = DIRECTION ( 'NONE',  ( 1.000000000000000000, 0.000000000000000000, 0.000000000000000000 ) ) ;
#6423 = EDGE_CURVE ( 'NONE', #945, #2636, #6018, .T. ) ;
#6424 = ORIENTED_EDGE ( 'NONE', *, *, #5642, .F. ) ;
#6425 = CARTESIAN_POINT ( 'NONE',  ( 0.000000000000000000, 0.000000000000000000, 2.500000000000000444 ) ) ;
#6426 = CARTESIAN_POINT ( 'NONE',  ( -9.478295456910105443, -9.478295456909927807, 3.353331896491114072 ) ) ;
#6427 = CARTESIAN_POINT ( 'NONE',  ( 8.221964726476977958, 8.157176732979570133, -2.500000000000000444 ) ) ;
#6428 = ORIENTED_EDGE ( 'NONE', *, *, #3579, .T. ) ;
#6429 = DIRECTION ( 'NONE',  ( 1.000000000000000000, 0.000000000000000000, 0.000000000000000000 ) ) ;
#6430 = AXIS2_PLACEMENT_3D ( 'NONE', #1580, #5454, #837 ) ;
#6431 = DIRECTION ( 'NONE',  ( -0.000000000000000000, 0.000000000000000000, 1.000000000000000000 ) ) ;
#6432 = AXIS2_PLACEMENT_3D ( 'NONE', #743, #2092, #1488 ) ;
#6433 = ORIENTED_EDGE ( 'NONE', *, *, #6540, .T. ) ;
#6434 = LINE ( 'NONE', #1823, #3797 ) ;
#6435 = VECTOR ( 'NONE', #2040, 1000.000000000000000 ) ;
#6436 = VERTEX_POINT ( 'NONE', #1587 ) ;
#6437 = DIRECTION ( 'NONE',  ( -0.8660254037844331565, 0.5000000000000095479, 0.000000000000000000 ) ) ;
#6438 = VECTOR ( 'NONE', #1019, 1000.000000000000000 ) ;
#6439 = AXIS2_PLACEMENT_3D ( 'NONE', #4932, #8771, #7241 ) ;
#6440 = CARTESIAN_POINT ( 'NONE',  ( 10.50000000000002309, 1.285879139104723789E-15, 12.50000000000000000 ) ) ;
#6441 = CARTESIAN_POINT ( 'NONE',  ( -11.51964875665651178, -9.822323147761022000, 2.500000000000000888 ) ) ;
#6442 = DIRECTION ( 'NONE',  ( 0.2549963129926495764, -0.9669420253356220130, 0.000000000000000000 ) ) ;
#6443 = CARTESIAN_POINT ( 'NONE',  ( -11.19901868863826166, -2.953339910681126668, -2.500000000000000444 ) ) ;
#6444 = EDGE_CURVE ( 'NONE', #5141, #326, #1633, .T. ) ;
#6445 = ORIENTED_EDGE ( 'NONE', *, *, #3140, .F. ) ;
#6446 = FACE_OUTER_BOUND ( 'NONE', #5786, .T. ) ;
#6447 = ORIENTED_EDGE ( 'NONE', *, *, #3251, .F. ) ;
#6448 = DIRECTION ( 'NONE',  ( 1.000000000000000000, 0.000000000000000000, 0.000000000000000000 ) ) ;
#6449 = AXIS2_PLACEMENT_3D ( 'NONE', #1714, #7068, #288 ) ;
#6450 = CARTESIAN_POINT ( 'NONE',  ( -8.157176732979534606, 8.221964726476942431, -2.500000000000000444 ) ) ;
#6451 = DIRECTION ( 'NONE',  ( 1.000000000000000000, -3.469446951953611033E-15, 0.000000000000000000 ) ) ;
#6452 = ORIENTED_EDGE ( 'NONE', *, *, #2738, .F. ) ;
#6453 = EDGE_CURVE ( 'NONE', #8358, #7379, #1538, .T. ) ;
#6454 = DIRECTION ( 'NONE',  ( -0.2626377277448083691, -0.9648945144237498495, 0.000000000000000000 ) ) ;
#6455 = LINE ( 'NONE', #9472, #2388 ) ;
#6456 = FACE_OUTER_BOUND ( 'NONE', #1044, .T. ) ;
#6457 = EDGE_CURVE ( 'NONE', #4147, #7071, #6702, .T. ) ;
#6458 = ORIENTED_EDGE ( 'NONE', *, *, #5475, .T. ) ;
#6459 = ORIENTED_EDGE ( 'NONE', *, *, #4344, .T. ) ;
#6460 = CARTESIAN_POINT ( 'NONE',  ( 8.429805248399542705, 2.387816587501828902, -2.500000000000000444 ) ) ;
#6461 = VERTEX_POINT ( 'NONE', #6789 ) ;
#6462 = FACE_OUTER_BOUND ( 'NONE', #2560, .T. ) ;
#6463 = ORIENTED_EDGE ( 'NONE', *, *, #5901, .T. ) ;
#6464 = PLANE ( 'NONE',  #7733 ) ;
#6465 = EDGE_CURVE ( 'NONE', #6643, #4588, #3177, .T. ) ;
#6466 = FACE_OUTER_BOUND ( 'NONE', #2318, .T. ) ;
#6467 = FACE_OUTER_BOUND ( 'NONE', #6737, .T. ) ;
#6468 = CIRCLE ( 'NONE', #2190, 1.924999999999999600 ) ;
#6469 = ORIENTED_EDGE ( 'NONE', *, *, #3391, .F. ) ;
#6470 = CYLINDRICAL_SURFACE ( 'NONE', #5007, 2.000000000000001776 ) ;
#6471 = ORIENTED_EDGE ( 'NONE', *, *, #8524, .T. ) ;
#6472 = LINE ( 'NONE', #4254, #4872 ) ;
#6473 = CIRCLE ( 'NONE', #3474, 1.000000000000000888 ) ;
#6474 = DIRECTION ( 'NONE',  ( -0.000000000000000000, -0.000000000000000000, 1.000000000000000000 ) ) ;
#6475 = EDGE_CURVE ( 'NONE', #6563, #3689, #3969, .T. ) ;
#6476 = ORIENTED_EDGE ( 'NONE', *, *, #4799, .T. ) ;
#6477 = CARTESIAN_POINT ( 'NONE',  ( 0.000000000000000000, 0.000000000000000000, 2.500000000000000444 ) ) ;
#6478 = EDGE_CURVE ( 'NONE', #280, #6587, #2861, .T. ) ;
#6479 = VECTOR ( 'NONE', #8281, 1000.000000000000000 ) ;
#6480 = ORIENTED_EDGE ( 'NONE', *, *, #181, .F. ) ;
#6481 = CARTESIAN_POINT ( 'NONE',  ( -43.00000000000000711, 5.265981236333620048E-15, 9.671572875253794166 ) ) ;
#6482 = ORIENTED_EDGE ( 'NONE', *, *, #4366, .F. ) ;
#6483 = AXIS2_PLACEMENT_3D ( 'NONE', #3564, #2024, #5054 ) ;
#6484 = LINE ( 'NONE', #1973, #1310 ) ;
#6485 = LINE ( 'NONE', #1329, #20 ) ;
#6486 = CIRCLE ( 'NONE', #2375, 2.000000000000001776 ) ;
#6487 = CARTESIAN_POINT ( 'NONE',  ( 6.969435128366727739, 18.99185453113849675, -2.500000000000000444 ) ) ;
#6488 = CARTESIAN_POINT ( 'NONE',  ( -1.474052297607926887, 1.869924293609021015, 19.62979745451488256 ) ) ;
#6489 = DIRECTION ( 'NONE',  ( -0.000000000000000000, -0.000000000000000000, 1.000000000000000000 ) ) ;
#6490 = VECTOR ( 'NONE', #5330, 1000.000000000000000 ) ;
#6491 = AXIS2_PLACEMENT_3D ( 'NONE', #1100, #310, #8522 ) ;
#6492 = ORIENTED_EDGE ( 'NONE', *, *, #9639, .T. ) ;
#6493 = DIRECTION ( 'NONE',  ( -0.9648945144237496274, -0.2626377277448090908, 0.000000000000000000 ) ) ;
#6494 = ORIENTED_EDGE ( 'NONE', *, *, #3930, .T. ) ;
#6495 = PLANE ( 'NONE',  #4482 ) ;
#6496 = CARTESIAN_POINT ( 'NONE',  ( 18.99185453113844346, -6.969435128366584742, 2.500000000000000444 ) ) ;
#6497 = DIRECTION ( 'NONE',  ( -0.2725361962097284096, -0.9621455304451258517, 0.000000000000000000 ) ) ;
#6498 = ORIENTED_EDGE ( 'NONE', *, *, #6245, .F. ) ;
#6499 = CIRCLE ( 'NONE', #3504, 2.174999999999999822 ) ;
#6500 = SURFACE_SIDE_STYLE ('',( #5719 ) ) ;
#6501 = AXIS2_PLACEMENT_3D ( 'NONE', #1151, #9467, #2034 ) ;
#6502 = LINE ( 'NONE', #8581, #6179 ) ;
#6503 = CARTESIAN_POINT ( 'NONE',  ( -6.106517200318361205, -6.282812448554106588, -2.500000000000000444 ) ) ;
#6504 = ORIENTED_EDGE ( 'NONE', *, *, #246, .T. ) ;
#6505 = AXIS2_PLACEMENT_3D ( 'NONE', #7830, #9310, #3326 ) ;
#6506 = ORIENTED_EDGE ( 'NONE', *, *, #8053, .T. ) ;
#6507 = CARTESIAN_POINT ( 'NONE',  ( 1.653984222826269779, 1.956124701578563441, 17.29794858770567600 ) ) ;
#6508 = EDGE_CURVE ( 'NONE', #2220, #3392, #5234, .T. ) ;
#6509 = EDGE_LOOP ( 'NONE', ( #4635, #370, #6424, #579 ) ) ;
#6510 = AXIS2_PLACEMENT_3D ( 'NONE', #1883, #4313, #7325 ) ;
#6511 = CARTESIAN_POINT ( 'NONE',  ( 0.000000000000000000, 0.000000000000000000, 13.13600327987501082 ) ) ;
#6512 = ORIENTED_EDGE ( 'NONE', *, *, #4252, .F. ) ;
#6513 = FACE_OUTER_BOUND ( 'NONE', #222, .T. ) ;
#6514 = FACE_OUTER_BOUND ( 'NONE', #7651, .T. ) ;
#6515 = LINE ( 'NONE', #7254, #5230 ) ;
#6516 = ORIENTED_EDGE ( 'NONE', *, *, #4196, .F. ) ;
#6517 = CARTESIAN_POINT ( 'NONE',  ( -1.868561758961600372, 1.423015910635476500, 17.82422468145556493 ) ) ;
#6518 = ADVANCED_FACE ( 'NONE', ( #3231, #996 ), #2638, .T. ) ;
#6519 = EDGE_LOOP ( 'NONE', ( #6067, #9626, #5765, #2979 ) ) ;
#6520 = CARTESIAN_POINT ( 'NONE',  ( 29.39008111416185542, 4.227275442616385881, -2.500000000000000444 ) ) ;
#6521 = CARTESIAN_POINT ( 'NONE',  ( -3.031088913245554739, -1.749999999999986455, -2.500000000000000444 ) ) ;
#6522 = ORIENTED_EDGE ( 'NONE', *, *, #350, .F. ) ;
#6523 = LINE ( 'NONE', #1924, #5386 ) ;
#6524 = ADVANCED_FACE ( 'NONE', ( #4135 ), #9340, .T. ) ;
#6525 = ORIENTED_EDGE ( 'NONE', *, *, #1660, .F. ) ;
#6526 = DIRECTION ( 'NONE',  ( -0.000000000000000000, -0.000000000000000000, 1.000000000000000000 ) ) ;
#6527 = ADVANCED_FACE ( 'NONE', ( #1738 ), #9370, .F. ) ;
#6528 = EDGE_CURVE ( 'NONE', #3075, #5048, #360, .T. ) ;
#6529 = ORIENTED_EDGE ( 'NONE', *, *, #6741, .T. ) ;
#6530 = VECTOR ( 'NONE', #1575, 1000.000000000000000 ) ;
#6531 = CARTESIAN_POINT ( 'NONE',  ( 16.52039759876006642, 4.426627195228872047, -2.500000000000000000 ) ) ;
#6532 = CARTESIAN_POINT ( 'NONE',  ( -4.426627195228808098, -16.52039759875990299, -2.500000000000000444 ) ) ;
#6533 = CARTESIAN_POINT ( 'NONE',  ( 1.680223933167321659, 5.238070841286734058, 17.32713794908856286 ) ) ;
#6534 = CARTESIAN_POINT ( 'NONE',  ( 0.000000000000000000, 0.000000000000000000, 5.499999999999998224 ) ) ;
#6535 = DIRECTION ( 'NONE',  ( -0.000000000000000000, -0.000000000000000000, 1.000000000000000000 ) ) ;
#6536 = VECTOR ( 'NONE', #9785, 1000.000000000000000 ) ;
#6537 = EDGE_CURVE ( 'NONE', #7065, #7843, #6343, .T. ) ;
#6538 = EDGE_LOOP ( 'NONE', ( #2535, #2911, #1167, #5847, #4157 ) ) ;
#6539 = FACE_OUTER_BOUND ( 'NONE', #8422, .T. ) ;
#6540 = EDGE_CURVE ( 'NONE', #9176, #5430, #6402, .T. ) ;
#6541 = VERTEX_POINT ( 'NONE', #7891 ) ;
#6542 = CARTESIAN_POINT ( 'NONE',  ( -37.93611231721974519, -15.55157169726870414, -2.500000000000000444 ) ) ;
#6543 = DIRECTION ( 'NONE',  ( -0.000000000000000000, -0.000000000000000000, 1.000000000000000000 ) ) ;
#6544 = CARTESIAN_POINT ( 'NONE',  ( -15.20884097822248293, -24.41819423762651908, -2.500000000000000444 ) ) ;
#6545 = VECTOR ( 'NONE', #3297, 1000.000000000000000 ) ;
#6546 = ORIENTED_EDGE ( 'NONE', *, *, #9713, .F. ) ;
#6547 = CARTESIAN_POINT ( 'NONE',  ( 26.30116095055144498, 34.01836169854728809, -2.500000000000000444 ) ) ;
#6548 = CARTESIAN_POINT ( 'NONE',  ( 8.995100449718432145, -11.31056335679695302, 2.689257726104062662 ) ) ;
#6549 = CARTESIAN_POINT ( 'NONE',  ( -8.222222014276169944, 14.24130627983791975, -2.500000000000000444 ) ) ;
#6550 = ORIENTED_EDGE ( 'NONE', *, *, #2002, .T. ) ;
#6551 = DIRECTION ( 'NONE',  ( -0.000000000000000000, -0.000000000000000000, 1.000000000000000000 ) ) ;
#6552 = VERTEX_POINT ( 'NONE', #4776 ) ;
#6553 = FACE_OUTER_BOUND ( 'NONE', #1181, .T. ) ;
#6554 = ORIENTED_EDGE ( 'NONE', *, *, #4159, .F. ) ;
#6555 = CARTESIAN_POINT ( 'NONE',  ( -28.56088913245525873, 20.53108891324567153, -2.500000000000000444 ) ) ;
#6556 = CARTESIAN_POINT ( 'NONE',  ( 40.62942283616644801, 3.499999999999575895, -2.500000000000000444 ) ) ;
#6557 = LINE ( 'NONE', #380, #3803 ) ;
#6558 = VERTEX_POINT ( 'NONE', #9417 ) ;
#6559 = CARTESIAN_POINT ( 'NONE',  ( -16.52039759875997049, 4.426627195228947542, -2.500000000000000000 ) ) ;
#6560 = ORIENTED_EDGE ( 'NONE', *, *, #8056, .F. ) ;
#6561 = DIRECTION ( 'NONE',  ( -0.000000000000000000, -0.000000000000000000, 1.000000000000000000 ) ) ;
#6562 = FACE_BOUND ( 'NONE', #4261, .T. ) ;
#6563 = VERTEX_POINT ( 'NONE', #2440 ) ;
#6564 = CARTESIAN_POINT ( 'NONE',  ( -5.182636859575026733, 13.85142617536669363, 2.564006035009256834 ) ) ;
#6565 = EDGE_CURVE ( 'NONE', #5042, #6579, #7758, .T. ) ;
#6566 = ORIENTED_EDGE ( 'NONE', *, *, #2882, .F. ) ;
#6567 = CARTESIAN_POINT ( 'NONE',  ( 14.23933040861451715, -24.66324373348070154, -2.500000000000000444 ) ) ;
#6568 = VECTOR ( 'NONE', #3240, 1000.000000000000000 ) ;
#6569 = VERTEX_POINT ( 'NONE', #8674 ) ;
#6570 = DIRECTION ( 'NONE',  ( 1.000000000000000000, 0.000000000000000000, 0.000000000000000000 ) ) ;
#6571 = DIRECTION ( 'NONE',  ( 0.9621455304451257406, 0.2725361962097285762, 0.000000000000000000 ) ) ;
#6572 = CARTESIAN_POINT ( 'NONE',  ( 1.912191478393073352, 5.156958533891045526, 18.04494862822764389 ) ) ;
#6573 = VECTOR ( 'NONE', #5456, 1000.000000000000000 ) ;
#6574 = EDGE_CURVE ( 'NONE', #2732, #2345, #4669, .T. ) ;
#6575 = DIRECTION ( 'NONE',  ( 0.9621455304451258517, -0.2725361962097284096, 0.000000000000000000 ) ) ;
#6576 = EDGE_CURVE ( 'NONE', #2241, #9214, #894, .T. ) ;
#6577 = DIRECTION ( 'NONE',  ( 1.000000000000000000, 0.000000000000000000, 0.000000000000000000 ) ) ;
#6578 = CIRCLE ( 'NONE', #2310, 21.99999999999979039 ) ;
#6579 = VERTEX_POINT ( 'NONE', #3931 ) ;
#6580 = DIRECTION ( 'NONE',  ( -0.2450494958541577784, -0.9695105696079970858, 0.000000000000000000 ) ) ;
#6581 = AXIS2_PLACEMENT_3D ( 'NONE', #9696, #2919, #5481 ) ;
#6582 = EDGE_LOOP ( 'NONE', ( #1558, #8954, #1396, #7898 ) ) ;
#6583 = DIRECTION ( 'NONE',  ( 0.2725361962097284652, 0.9621455304451257406, 0.000000000000000000 ) ) ;
#6584 = TOROIDAL_SURFACE ( 'NONE', #2006, 2.524999999999999911, 0.5999999999999999778 ) ;
#6585 = LINE ( 'NONE', #9654, #4296 ) ;
#6586 = CARTESIAN_POINT ( 'NONE',  ( 2.146992799845265143, -8.494333787820087522, -2.500000000000000444 ) ) ;
#6587 = VERTEX_POINT ( 'NONE', #4721 ) ;
#6588 = AXIS2_PLACEMENT_3D ( 'NONE', #2872, #682, #3711 ) ;
#6589 = EDGE_CURVE ( 'NONE', #1411, #3293, #7037, .T. ) ;
#6590 = LINE ( 'NONE', #9609, #2804 ) ;
#6591 = EDGE_CURVE ( 'NONE', #7686, #7945, #156, .T. ) ;
#6592 = FACE_OUTER_BOUND ( 'NONE', #4590, .T. ) ;
#6593 = EDGE_CURVE ( 'NONE', #1642, #4708, #9649, .T. ) ;
#6594 = DIRECTION ( 'NONE',  ( -0.000000000000000000, -0.000000000000000000, 1.000000000000000000 ) ) ;
#6595 = AXIS2_PLACEMENT_3D ( 'NONE', #333, #4745, #5685 ) ;
#6596 = AXIS2_PLACEMENT_3D ( 'NONE', #2892, #5915, #2248 ) ;
#6597 = ORIENTED_EDGE ( 'NONE', *, *, #3865, .T. ) ;
#6598 = CARTESIAN_POINT ( 'NONE',  ( 1.910790717349327705, 1.287047313287214889, 18.55838737446199360 ) ) ;
#6599 = AXIS2_PLACEMENT_3D ( 'NONE', #9716, #441, #3693 ) ;
#6600 = ORIENTED_EDGE ( 'NONE', *, *, #5857, .F. ) ;
#6601 = DIRECTION ( 'NONE',  ( 0.000000000000000000, 0.000000000000000000, -1.000000000000000000 ) ) ;
#6602 = CARTESIAN_POINT ( 'NONE',  ( 26.30116095055144498, 34.01836169854728809, 2.500000000000000444 ) ) ;
#6603 = ORIENTED_EDGE ( 'NONE', *, *, #9041, .F. ) ;
#6604 = DIRECTION ( 'NONE',  ( 1.000000000000000000, -8.881784197001252323E-16, 0.000000000000000000 ) ) ;
#6605 = CARTESIAN_POINT ( 'NONE',  ( 20.53108891324517060, -28.56088913245560690, -2.500000000000000444 ) ) ;
#6606 = PLANE ( 'NONE',  #7132 ) ;
#6607 = CARTESIAN_POINT ( 'NONE',  ( 8.221964726476825192, -8.157176732979412037, -2.500000000000000444 ) ) ;
#6608 = EDGE_CURVE ( 'NONE', #8250, #5263, #3984, .T. ) ;
#6609 = ORIENTED_EDGE ( 'NONE', *, *, #2163, .F. ) ;
#6610 = CYLINDRICAL_SURFACE ( 'NONE', #415, 2.000000000000000000 ) ;
#6611 = ORIENTED_EDGE ( 'NONE', *, *, #5608, .T. ) ;
#6612 = DIRECTION ( 'NONE',  ( -0.4999999999999918954, 0.8660254037844433705, 0.000000000000000000 ) ) ;
#6613 = CARTESIAN_POINT ( 'NONE',  ( 24.66324373348082588, -14.23933040861439991, 2.500000000000000444 ) ) ;
#6614 = ORIENTED_EDGE ( 'NONE', *, *, #7503, .F. ) ;
#6615 = ADVANCED_FACE ( 'NONE', ( #4825 ), #7836, .F. ) ;
#6616 = LINE ( 'NONE', #764, #8544 ) ;
#6617 = ORIENTED_EDGE ( 'NONE', *, *, #2124, .F. ) ;
#6618 = LINE ( 'NONE', #5836, #1908 ) ;
#6619 = AXIS2_PLACEMENT_3D ( 'NONE', #7620, #6330, #2567 ) ;
#6620 = EDGE_CURVE ( 'NONE', #33, #4367, #5390, .T. ) ;
#6621 = ORIENTED_EDGE ( 'NONE', *, *, #4162, .T. ) ;
#6622 = DIRECTION ( 'NONE',  ( 0.6969743733982683986, 0.7170960345909682676, 0.000000000000000000 ) ) ;
#6623 = FACE_OUTER_BOUND ( 'NONE', #984, .T. ) ;
#6624 = CARTESIAN_POINT ( 'NONE',  ( 0.2541711280134711370, 5.495519113850517279, 20.21230072734235250 ) ) ;
#6625 = VERTEX_POINT ( 'NONE', #407 ) ;
#6626 = CARTESIAN_POINT ( 'NONE',  ( -3.041841955658838526, 11.17530463715806910, -2.500000000000000444 ) ) ;
#6627 = CIRCLE ( 'NONE', #7907, 15.50000000000000000 ) ;
#6628 = DIRECTION ( 'NONE',  ( 1.000000000000000000, 0.000000000000000000, 0.000000000000000000 ) ) ;
#6629 = EDGE_LOOP ( 'NONE', ( #6258, #1073 ) ) ;
#6630 = CARTESIAN_POINT ( 'NONE',  ( -3.500000000000010214, -7.589415207398551746E-16, 2.500000000000000444 ) ) ;
#6631 = ADVANCED_FACE ( 'NONE', ( #7988 ), #5850, .F. ) ;
#6632 = ORIENTED_EDGE ( 'NONE', *, *, #4276, .T. ) ;
#6633 = VECTOR ( 'NONE', #2639, 1000.000000000000000 ) ;
#6634 = CARTESIAN_POINT ( 'NONE',  ( 2.953339910681150648, 11.19901868863836292, 2.500000000000000444 ) ) ;
#6635 = EDGE_CURVE ( 'NONE', #6319, #3497, #8447, .T. ) ;
#6636 = DIRECTION ( 'NONE',  ( 1.000000000000000000, 0.000000000000000000, 0.000000000000000000 ) ) ;
#6637 = VERTEX_POINT ( 'NONE', #1984 ) ;
#6638 = VECTOR ( 'NONE', #5291, 1000.000000000000000 ) ;
#6639 = LINE ( 'NONE', #9702, #3430 ) ;
#6640 = DIRECTION ( 'NONE',  ( -0.000000000000000000, -0.000000000000000000, 1.000000000000000000 ) ) ;
#6641 = CARTESIAN_POINT ( 'NONE',  ( 3.041841955658786123, -11.17530463715789324, 2.500000000000000444 ) ) ;
#6642 = VECTOR ( 'NONE', #4325, 1000.000000000000000 ) ;
#6643 = VERTEX_POINT ( 'NONE', #8033 ) ;
#6644 = CARTESIAN_POINT ( 'NONE',  ( 0.000000000000000000, 0.000000000000000000, 2.500000000000000444 ) ) ;
#6645 = EDGE_CURVE ( 'NONE', #2920, #2831, #3621, .T. ) ;
#6646 = ORIENTED_EDGE ( 'NONE', *, *, #6219, .T. ) ;
#6647 = CIRCLE ( 'NONE', #2706, 2.000000000000001776 ) ;
#6648 = CARTESIAN_POINT ( 'NONE',  ( 1.832347232594755404, 1.530654697476377057, 18.90022852721936886 ) ) ;
#6649 = ADVANCED_FACE ( 'NONE', ( #3431 ), #9604, .F. ) ;
#6650 = DIRECTION ( 'NONE',  ( -0.000000000000000000, -0.000000000000000000, 1.000000000000000000 ) ) ;
#6651 = ORIENTED_EDGE ( 'NONE', *, *, #574, .F. ) ;
#6652 = LINE ( 'NONE', #563, #3629 ) ;
#6653 = DIRECTION ( 'NONE',  ( -0.000000000000000000, -0.000000000000000000, 1.000000000000000000 ) ) ;
#6654 = LINE ( 'NONE', #4486, #6962 ) ;
#6655 = DIRECTION ( 'NONE',  ( 0.9669420253356220130, -0.2549963129926494654, 0.000000000000000000 ) ) ;
#6656 = VECTOR ( 'NONE', #5668, 1000.000000000000114 ) ;
#6657 = VECTOR ( 'NONE', #3471, 1000.000000000000000 ) ;
#6658 = ORIENTED_EDGE ( 'NONE', *, *, #3609, .T. ) ;
#6659 = DIRECTION ( 'NONE',  ( 0.7098982014311003841, -0.7043042975908132552, 0.000000000000000000 ) ) ;
#6660 = ORIENTED_EDGE ( 'NONE', *, *, #5810, .F. ) ;
#6661 = ADVANCED_FACE ( 'NONE', ( #1196 ), #3532, .T. ) ;
#6662 = CARTESIAN_POINT ( 'NONE',  ( -3.500000000000010214, -7.589415207398551746E-16, -2.500000000000000444 ) ) ;
#6663 = EDGE_CURVE ( 'NONE', #7843, #1110, #7335, .T. ) ;
#6664 = VECTOR ( 'NONE', #7676, 1000.000000000000000 ) ;
#6665 = DIRECTION ( 'NONE',  ( 0.000000000000000000, 0.000000000000000000, 1.000000000000000000 ) ) ;
#6666 = EDGE_LOOP ( 'NONE', ( #553, #9690, #7176, #9334 ) ) ;
#6667 = DIRECTION ( 'NONE',  ( 0.000000000000000000, 0.000000000000000000, 1.000000000000000000 ) ) ;
#6668 = ORIENTED_EDGE ( 'NONE', *, *, #3991, .F. ) ;
#6669 = DIRECTION ( 'NONE',  ( 1.071191746415678223E-14, 1.000000000000000000, 0.000000000000000000 ) ) ;
#6670 = VERTEX_POINT ( 'NONE', #2829 ) ;
#6671 = DIRECTION ( 'NONE',  ( -0.000000000000000000, -0.000000000000000000, 1.000000000000000000 ) ) ;
#6672 = CARTESIAN_POINT ( 'NONE',  ( -4.426627195228728162, 16.52039759876012326, -2.500000000000000444 ) ) ;
#6673 = FACE_OUTER_BOUND ( 'NONE', #6313, .T. ) ;
#6674 = DIRECTION ( 'NONE',  ( -0.2450494958541577784, -0.9695105696079970858, 0.000000000000000000 ) ) ;
#6675 = FACE_OUTER_BOUND ( 'NONE', #687, .T. ) ;
#6676 = ORIENTED_EDGE ( 'NONE', *, *, #2482, .F. ) ;
#6677 = CIRCLE ( 'NONE', #9531, 50.00000000000000000 ) ;
#6678 = ORIENTED_EDGE ( 'NONE', *, *, #4347, .F. ) ;
#6679 = CYLINDRICAL_SURFACE ( 'NONE', #6581, 21.99999999999997158 ) ;
#6680 = ORIENTED_EDGE ( 'NONE', *, *, #2056, .F. ) ;
#6681 = CARTESIAN_POINT ( 'NONE',  ( 2.134703820650564410, 14.29278542295895171, 2.689257726103993384 ) ) ;
#6682 = DIRECTION ( 'NONE',  ( -1.000000000000000000, -3.469446951953611033E-15, 0.000000000000000000 ) ) ;
#6683 = ORIENTED_EDGE ( 'NONE', *, *, #3001, .F. ) ;
#6684 = DIRECTION ( 'NONE',  ( 1.000000000000000000, 0.000000000000000000, 0.000000000000000000 ) ) ;
#6685 = VECTOR ( 'NONE', #3856, 1000.000000000000000 ) ;
#6686 = PLANE ( 'NONE',  #9345 ) ;
#6687 = DIRECTION ( 'NONE',  ( -0.2626377277448091463, 0.9648945144237496274, 0.000000000000000000 ) ) ;
#6688 = ADVANCED_FACE ( 'NONE', ( #7285 ), #2085, .F. ) ;
#6689 = ORIENTED_EDGE ( 'NONE', *, *, #1609, .T. ) ;
#6690 = DIRECTION ( 'NONE',  ( -0.000000000000000000, -0.000000000000000000, 1.000000000000000000 ) ) ;
#6691 = ORIENTED_EDGE ( 'NONE', *, *, #8385, .F. ) ;
#6692 = VECTOR ( 'NONE', #6218, 1000.000000000000000 ) ;
#6693 = CARTESIAN_POINT ( 'NONE',  ( 4.053066941773804110, 13.10649060984544079, 3.055993497343801213 ) ) ;
#6694 = CARTESIAN_POINT ( 'NONE',  ( -1.687485674968643101, 1.390296199701365865, 16.68249645529107639 ) ) ;
#6695 = FACE_OUTER_BOUND ( 'NONE', #7121, .T. ) ;
#6696 = VERTEX_POINT ( 'NONE', #8727 ) ;
#6697 = CARTESIAN_POINT ( 'NONE',  ( 6.106517200318503313, 6.282812448554251361, -2.500000000000000444 ) ) ;
#6698 = LINE ( 'NONE', #8137, #4079 ) ;
#6699 = CARTESIAN_POINT ( 'NONE',  ( -1.825143978198191741, 5.188587307543920168, 18.92462384716801438 ) ) ;
#6700 = CYLINDRICAL_SURFACE ( 'NONE', #3920, 1.999999999999998224 ) ;
#6701 = EDGE_CURVE ( 'NONE', #5243, #4342, #1339, .T. ) ;
#6702 = B_SPLINE_CURVE_WITH_KNOTS ( 'NONE', 3,
 ( #3686, #6694, #746, #797, #4480, #9709, #2932, #9019, #8280, #5221, #6839, #4623, #1491, #4524, #7544, #3778 ),
 .UNSPECIFIED., .F., .F.,
 ( 4, 2, 2, 2, 2, 2, 2, 4 ),
 ( 9.199760500100243673E-19, 0.001059620312636392519, 0.001589430468954588452, 0.002119240625272784170, 0.002649050781590979887, 0.003178860937909176038, 0.003708671094227371755, 0.004238481250545567472 ),
 .UNSPECIFIED. ) ;
#6703 = EDGE_CURVE ( 'NONE', #7721, #7744, #1429, .T. ) ;
#6704 = ORIENTED_EDGE ( 'NONE', *, *, #1548, .T. ) ;
#6705 = LINE ( 'NONE', #2994, #1994 ) ;
#6706 = VERTEX_POINT ( 'NONE', #5064 ) ;
#6707 = DIRECTION ( 'NONE',  ( -0.7170960345909682676, 0.6969743733982685097, 0.000000000000000000 ) ) ;
#6708 = CARTESIAN_POINT ( 'NONE',  ( 0.000000000000000000, 0.000000000000000000, 0.000000000000000000 ) ) ;
#6709 = ORIENTED_EDGE ( 'NONE', *, *, #6822, .T. ) ;
#6710 = DIRECTION ( 'NONE',  ( 1.000000000000000000, 0.000000000000000000, 0.000000000000000000 ) ) ;
#6711 = ADVANCED_FACE ( 'NONE', ( #5806 ), #8720, .T. ) ;
#6712 = EDGE_CURVE ( 'NONE', #5968, #2187, #6585, .T. ) ;
#6713 = VERTEX_POINT ( 'NONE', #2694 ) ;
#6714 = CARTESIAN_POINT ( 'NONE',  ( 1.543571220819097700, 2.139999999999999680, 17.14977702759028233 ) ) ;
#6715 = ORIENTED_EDGE ( 'NONE', *, *, #707, .T. ) ;
#6716 = CARTESIAN_POINT ( 'NONE',  ( 6.106517200318350547, -6.282812448554086160, -2.500000000000000444 ) ) ;
#6717 = DIRECTION ( 'NONE',  ( -0.000000000000000000, -0.000000000000000000, 1.000000000000000000 ) ) ;
#6718 = DIRECTION ( 'NONE',  ( -0.2626377277448083691, -0.9648945144237498495, 0.000000000000000000 ) ) ;
#6719 = FACE_OUTER_BOUND ( 'NONE', #8214, .T. ) ;
#6720 = DIRECTION ( 'NONE',  ( 0.2725361962097285762, -0.9621455304451257406, 0.000000000000000000 ) ) ;
#6721 = ORIENTED_EDGE ( 'NONE', *, *, #9175, .T. ) ;
#6722 = VERTEX_POINT ( 'NONE', #456 ) ;
#6723 = CARTESIAN_POINT ( 'NONE',  ( -36.93611231721963151, 17.28362250483783669, -2.500000000000000444 ) ) ;
#6724 = VERTEX_POINT ( 'NONE', #7382 ) ;
#6725 = CARTESIAN_POINT ( 'NONE',  ( 36.93611231721952493, -17.28362250483810314, -2.500000000000000444 ) ) ;
#6726 = CARTESIAN_POINT ( 'NONE',  ( 5.297684973240492923, 13.44526717744759559, -2.500000000000000444 ) ) ;
#6727 = AXIS2_PLACEMENT_3D ( 'NONE', #6275, #1706, #6958 ) ;
#6728 = ORIENTED_EDGE ( 'NONE', *, *, #5144, .T. ) ;
#6729 = DIRECTION ( 'NONE',  ( -0.2450494958541582780, 0.9695105696079969748, 0.000000000000000000 ) ) ;
#6730 = LINE ( 'NONE', #1390, #4295 ) ;
#6732 = AXIS2_PLACEMENT_3D ( 'NONE', #5116, #4472, #5213 ) ;
#6731 = DIRECTION ( 'NONE',  ( -0.6969743733982686207, -0.7170960345909680456, 0.000000000000000000 ) ) ;
#6733 = CIRCLE ( 'NONE', #8316, 21.99999999999991473 ) ;
#6734 = EDGE_LOOP ( 'NONE', ( #8334, #7114 ) ) ;
#6735 = VECTOR ( 'NONE', #9115, 1000.000000000000000 ) ;
#6736 = LINE ( 'NONE', #6002, #879 ) ;
#6737 = EDGE_LOOP ( 'NONE', ( #5776, #9364, #8016, #1191 ) ) ;
#6738 = LINE ( 'NONE', #6838, #7160 ) ;
#6739 = VECTOR ( 'NONE', #5894, 1000.000000000000000 ) ;
#6740 = CARTESIAN_POINT ( 'NONE',  ( -13.44526717744745703, 5.297684973240558648, -2.500000000000000444 ) ) ;
#6741 = EDGE_CURVE ( 'NONE', #708, #8218, #4974, .T. ) ;
#6742 = CARTESIAN_POINT ( 'NONE',  ( -3.460219394375941615, 19.93214605312789445, -2.500000000000000444 ) ) ;
#6743 = ORIENTED_EDGE ( 'NONE', *, *, #3945, .T. ) ;
#6744 = CARTESIAN_POINT ( 'NONE',  ( -8.157176732979534606, 8.221964726476942431, -2.500000000000000444 ) ) ;
#6745 = AXIS2_PLACEMENT_3D ( 'NONE', #5205, #3900, #7707 ) ;
#6746 = DIRECTION ( 'NONE',  ( 1.000000000000000000, 0.000000000000000000, 0.000000000000000000 ) ) ;
#6747 = CLOSED_SHELL ( 'NONE', ( #4463, #5699, #1265, #4711, #7805, #7968, #3522, #4282, #4249, #6518, #6524, #4965, #3464, #8449, #9773, #814, #2741, #1693, #7573, #8107, #3264, #2228, #6527, #8537, #3069, #5914, #6059, #2344, #9412, #4654, #3637, #30, #8452, #9774, #3510, #7423, #8867, #9250, #9311, #7417, #6661, #2250, #7467, #1565, #9356, #2817, #880, #3029, #2602, #8826, #1939, #950, #1451, #302, #7244, #666, #2779, #1495, #1499, #6956, #5879, #9219, #8052, #7849, #3732, #5920, #5319, #3895, #2176, #2409, #9436, #5568, #3943, #2150, #6371, #4922, #3549, #5948, #6410, #7636, #9120, #4292, #4574, #4593, #2657, #2777, #1317, #5490, #1016, #1755, #3819, #8315, #2237, #6085, #8272, #784, #9452, #96, #2107, #1476, #4113, #972, #8154, #1097, #7175, #6234, #9492, #4788, #63, #9134, #3080, #8186, #1567, #3312, #6768, #8993, #355, #1207, #1619, #5136, #6872, #528, #209, #7075, #45, #1013, #6413, #2790, #8891, #419, #215, #5681, #8709, #9366, #3213, #5735, #7564, #3815, #2598, #377, #7475, #2467, #6615, #9770, #6833, #9795, #2574, #2121, #8028, #2527, #3398, #303, #362, #8986, #4701, #6631, #7125, #716, #6331, #3453, #7818, #3512, #3662, #4981, #546, #1926, #5927, #117, #9369, #9430, #2947, #7149, #8561, #668, #5296, #5686, #7491, #1159, #6034, #2681, #7983, #3869, #7820, #8762, #4103, #585, #652, #4948, #7942, #6688, #5270, #2045, #4770, #7120, #1063, #3149, #2282, #5520, #8083, #4518, #52, #5989, #3395, #1678, #3405, #9506, #5140, #1734, #1691, #8463, #4565, #694, #3669, #2158, #4543, #1975, #8917, #3884, #6061, #769, #8399, #1381, #5025, #6171, #7863, #5214, #3495, #9382, #747, #3113, #165, #7750, #6928, #2770, #4363, #2673, #3446, #3201, #2174, #9052, #6649, #7312, #6044, #2726, #8977, #1380, #1202, #7691, #5313, #9676, #7628, #1028, #8510, #5371, #3327, #5085, #3233, #6302, #6991, #7352, #6711, #8584, #9726, #1187, #2429, #6208, #375, #4354, #4494, #9237 ) ) ;
#6748 = DIRECTION ( 'NONE',  ( 1.000000000000000000, 0.000000000000000000, 0.000000000000000000 ) ) ;
#6749 = CARTESIAN_POINT ( 'NONE',  ( 6.106517200318503313, 6.282812448554251361, 2.500000000000000444 ) ) ;
#6750 = AXIS2_PLACEMENT_3D ( 'NONE', #1132, #6431, #1873 ) ;
#6751 = VERTEX_POINT ( 'NONE', #6496 ) ;
#6752 = CYLINDRICAL_SURFACE ( 'NONE', #2627, 1.000000000000000888 ) ;
#6753 = ORIENTED_EDGE ( 'NONE', *, *, #5391, .T. ) ;
#6754 = CARTESIAN_POINT ( 'NONE',  ( 24.66324373348082588, -14.23933040861439991, -2.500000000000000444 ) ) ;
#6755 = EDGE_CURVE ( 'NONE', #8273, #7358, #2744, .T. ) ;
#6756 = AXIS2_PLACEMENT_3D ( 'NONE', #4142, #3390, #2750 ) ;
#6757 = CARTESIAN_POINT ( 'NONE',  ( 10.24935585154514150, 11.62758378290164707, 2.500000000000000444 ) ) ;
#6758 = ORIENTED_EDGE ( 'NONE', *, *, #6943, .F. ) ;
#6759 = LINE ( 'NONE', #2156, #1418 ) ;
#6760 = VECTOR ( 'NONE', #3612, 1000.000000000000000 ) ;
#6761 = EDGE_CURVE ( 'NONE', #1759, #89, #2974, .T. ) ;
#6762 = VERTEX_POINT ( 'NONE', #8309 ) ;
#6763 = DIRECTION ( 'NONE',  ( 0.000000000000000000, 0.000000000000000000, -1.000000000000000000 ) ) ;
#6764 = VERTEX_POINT ( 'NONE', #2231 ) ;
#6765 = EDGE_CURVE ( 'NONE', #4873, #5803, #13, .T. ) ;
#6766 = AXIS2_PLACEMENT_3D ( 'NONE', #4458, #2915, #5842 ) ;
#6767 = FACE_OUTER_BOUND ( 'NONE', #8480, .T. ) ;
#6768 = ADVANCED_FACE ( 'NONE', ( #7482 ), #9699, .T. ) ;
#6769 = DIRECTION ( 'NONE',  ( 0.9648945144237497384, 0.2626377277448087577, 0.000000000000000000 ) ) ;
#6770 = LINE ( 'NONE', #3760, #9001 ) ;
#6771 = CARTESIAN_POINT ( 'NONE',  ( 8.494333787820233184, 2.146992799845305999, -2.500000000000000444 ) ) ;
#6772 = CARTESIAN_POINT ( 'NONE',  ( -14.24130627983772612, 8.222222014276400870, 2.500000000000000444 ) ) ;
#6773 = AXIS2_PLACEMENT_3D ( 'NONE', #8488, #857, #9180 ) ;
#6774 = EDGE_LOOP ( 'NONE', ( #2972, #8987, #5283, #7784, #5210, #9705, #8884, #6709, #9607 ) ) ;
#6775 = ORIENTED_EDGE ( 'NONE', *, *, #4850, .T. ) ;
#6776 = ORIENTED_EDGE ( 'NONE', *, *, #8371, .F. ) ;
#6777 = DIRECTION ( 'NONE',  ( 0.2549963129926495764, -0.9669420253356220130, 0.000000000000000000 ) ) ;
#6778 = EDGE_CURVE ( 'NONE', #6038, #8404, #7290, .T. ) ;
#6779 = DIRECTION ( 'NONE',  ( -0.000000000000000000, 0.000000000000000000, 1.000000000000000000 ) ) ;
#6780 = CIRCLE ( 'NONE', #4417, 1.999999999999998224 ) ;
#6781 = FACE_OUTER_BOUND ( 'NONE', #9045, .T. ) ;
#6782 = LINE ( 'NONE', #6830, #9509 ) ;
#6783 = DIRECTION ( 'NONE',  ( -0.9669420253356220130, -0.2549963129926496319, 0.000000000000000000 ) ) ;
#6784 = AXIS2_PLACEMENT_3D ( 'NONE', #1448, #700, #748 ) ;
#6785 = ORIENTED_EDGE ( 'NONE', *, *, #2533, .F. ) ;
#6786 = CARTESIAN_POINT ( 'NONE',  ( 34.43611231721994415, 25.07785113889732287, -2.500000000000000444 ) ) ;
#6787 = VERTEX_POINT ( 'NONE', #3868 ) ;
#6788 = CARTESIAN_POINT ( 'NONE',  ( 1.528560524299929391, 1.547296908661011994, 16.40877931235182885 ) ) ;
#6789 = CARTESIAN_POINT ( 'NONE',  ( -9.478295456909998862, 9.478295456910245775, -2.500000000000000444 ) ) ;
#6790 = DIRECTION ( 'NONE',  ( 1.000000000000000000, 0.000000000000000000, 0.000000000000000000 ) ) ;
#6791 = AXIS2_PLACEMENT_3D ( 'NONE', #5488, #7817, #8502 ) ;
#6792 = ORIENTED_EDGE ( 'NONE', *, *, #9599, .T. ) ;
#6793 = CYLINDRICAL_SURFACE ( 'NONE', #1225, 1.000000000000000888 ) ;
#6794 = VECTOR ( 'NONE', #3605, 1000.000000000000000 ) ;
#6795 = CARTESIAN_POINT ( 'NONE',  ( -3.500000000000001332, -40.62942283616641248, -2.500000000000000444 ) ) ;
#6796 = DIRECTION ( 'NONE',  ( -0.2549963129926496319, 0.9669420253356220130, 0.000000000000000000 ) ) ;
#6797 = ORIENTED_EDGE ( 'NONE', *, *, #596, .F. ) ;
#6798 = EDGE_CURVE ( 'NONE', #1590, #9561, #7455, .T. ) ;
#6799 = VECTOR ( 'NONE', #5779, 1000.000000000000000 ) ;
#6800 = ORIENTED_EDGE ( 'NONE', *, *, #5808, .F. ) ;
#6801 = CARTESIAN_POINT ( 'NONE',  ( 2.174999999999999822, 0.000000000000000000, 22.50000000000000000 ) ) ;
#6802 = VERTEX_POINT ( 'NONE', #4513 ) ;
#6803 = VECTOR ( 'NONE', #9037, 1000.000000000000000 ) ;
#6804 = CARTESIAN_POINT ( 'NONE',  ( 10.24935585154527118, -11.62758378290153161, 2.500000000000000444 ) ) ;
#6805 = VERTEX_POINT ( 'NONE', #5994 ) ;
#6806 = CARTESIAN_POINT ( 'NONE',  ( 4.945105014852261505, 14.68999443131558813, 2.500000000000000444 ) ) ;
#6807 = ORIENTED_EDGE ( 'NONE', *, *, #2906, .F. ) ;
#6808 = DIRECTION ( 'NONE',  ( -0.9621455304451258517, 0.2725361962097282986, 0.000000000000000000 ) ) ;
#6809 = VECTOR ( 'NONE', #7078, 1000.000000000000114 ) ;
#6810 = EDGE_CURVE ( 'NONE', #372, #2405, #2803, .T. ) ;
#6811 = EDGE_LOOP ( 'NONE', ( #4290, #8336, #2300, #8542, #858, #9295, #5511, #227, #7618 ) ) ;
#6812 = CARTESIAN_POINT ( 'NONE',  ( -3.460219394376023327, -19.93214605312767063, 2.500000000000000444 ) ) ;
#6813 = CONICAL_SURFACE ( 'NONE', #649, 10.50000000000002309, 0.7853981633974479459 ) ;
#6814 = ORIENTED_EDGE ( 'NONE', *, *, #364, .F. ) ;
#6815 = DIRECTION ( 'NONE',  ( -0.000000000000000000, -0.000000000000000000, 1.000000000000000000 ) ) ;
#6816 = LINE ( 'NONE', #2265, #6030 ) ;
#6817 = EDGE_CURVE ( 'NONE', #276, #4168, #786, .T. ) ;
#6818 = DIRECTION ( 'NONE',  ( -0.000000000000000000, -0.000000000000000000, -1.000000000000000000 ) ) ;
#6819 = VERTEX_POINT ( 'NONE', #689 ) ;
#6820 = CARTESIAN_POINT ( 'NONE',  ( 50.00000000000000000, 0.000000000000000000, -2.500000000000000000 ) ) ;
#6821 = CARTESIAN_POINT ( 'NONE',  ( 9.478295456910178274, 9.478295456910142747, 3.353331896490917341 ) ) ;
#6822 = EDGE_CURVE ( 'NONE', #6254, #4923, #645, .T. ) ;
#6823 = VERTEX_POINT ( 'NONE', #3822 ) ;
#6824 = EDGE_CURVE ( 'NONE', #1056, #5059, #91, .T. ) ;
#6825 = ORIENTED_EDGE ( 'NONE', *, *, #5434, .F. ) ;
#6826 = ORIENTED_EDGE ( 'NONE', *, *, #1737, .T. ) ;
#6827 = CARTESIAN_POINT ( 'NONE',  ( 17.56088913245488925, -39.58364779650339216, -2.500000000000000444 ) ) ;
#6828 = CARTESIAN_POINT ( 'NONE',  ( 32.43611231721941124, -25.07785113889799078, -2.500000000000000444 ) ) ;
#6829 = PLANE ( 'NONE',  #6918 ) ;
#6830 = CARTESIAN_POINT ( 'NONE',  ( -8.221964726476890917, 8.157176732979472433, -2.500000000000000444 ) ) ;
#6831 = CARTESIAN_POINT ( 'NONE',  ( -11.19901868863826166, -2.953339910681126668, -2.500000000000000444 ) ) ;
#6832 = VECTOR ( 'NONE', #9060, 1000.000000000000000 ) ;
#6833 = ADVANCED_FACE ( 'NONE', ( #8169 ), #2182, .T. ) ;
#6834 = EDGE_CURVE ( 'NONE', #6076, #958, #4562, .T. ) ;
#6835 = VERTEX_POINT ( 'NONE', #736 ) ;
#6836 = DIRECTION ( 'NONE',  ( 0.000000000000000000, 0.000000000000000000, -1.000000000000000000 ) ) ;
#6837 = ORIENTED_EDGE ( 'NONE', *, *, #9251, .F. ) ;
#6838 = CARTESIAN_POINT ( 'NONE',  ( 0.000000000000000000, 1.540000000000000036, 5.499999999999998224 ) ) ;
#6839 = CARTESIAN_POINT ( 'NONE',  ( -1.920132439113188427, 1.024649212342403137, 19.15266015084261753 ) ) ;
#6840 = DIRECTION ( 'NONE',  ( -0.2626377277448091463, 0.9648945144237496274, 0.000000000000000000 ) ) ;
#6841 = VECTOR ( 'NONE', #3757, 999.9999999999998863 ) ;
#6842 = ORIENTED_EDGE ( 'NONE', *, *, #3991, .T. ) ;
#6843 = FACE_OUTER_BOUND ( 'NONE', #2508, .T. ) ;
#6844 = CYLINDRICAL_SURFACE ( 'NONE', #8388, 1.000000000000000888 ) ;
#6845 = DIRECTION ( 'NONE',  ( -0.2450494958541582780, 0.9695105696079970858, 0.000000000000000000 ) ) ;
#6846 = VERTEX_POINT ( 'NONE', #4416 ) ;
#6847 = CIRCLE ( 'NONE', #1006, 43.00000000000000711 ) ;
#6848 = ORIENTED_EDGE ( 'NONE', *, *, #3788, .T. ) ;
#6849 = DIRECTION ( 'NONE',  ( 0.7098982014311000510, 0.7043042975908135883, 0.000000000000000000 ) ) ;
#6850 = ORIENTED_EDGE ( 'NONE', *, *, #5860, .F. ) ;
#6851 = LINE ( 'NONE', #6113, #5284 ) ;
#6852 = ORIENTED_EDGE ( 'NONE', *, *, #4116, .F. ) ;
#6853 = FACE_OUTER_BOUND ( 'NONE', #7959, .T. ) ;
#6854 = VERTEX_POINT ( 'NONE', #6726 ) ;
#6855 = VECTOR ( 'NONE', #8825, 1000.000000000000000 ) ;
#6856 = PLANE ( 'NONE',  #9008 ) ;
#6857 = ORIENTED_EDGE ( 'NONE', *, *, #7677, .T. ) ;
#6858 = DIRECTION ( 'NONE',  ( -0.000000000000000000, -0.000000000000000000, 1.000000000000000000 ) ) ;
#6859 = ORIENTED_EDGE ( 'NONE', *, *, #3977, .T. ) ;
#6860 = DIRECTION ( 'NONE',  ( -0.000000000000000000, 0.000000000000000000, 1.000000000000000000 ) ) ;
#6861 = DIRECTION ( 'NONE',  ( 0.9648945144237496274, 0.2626377277448091463, 0.000000000000000000 ) ) ;
#6862 = CARTESIAN_POINT ( 'NONE',  ( 0.000000000000000000, 0.000000000000000000, 15.21808462927431549 ) ) ;
#6863 = EDGE_CURVE ( 'NONE', #6039, #5192, #1481, .T. ) ;
#6864 = FACE_OUTER_BOUND ( 'NONE', #7151, .T. ) ;
#6865 = CARTESIAN_POINT ( 'NONE',  ( -3.460219394376023327, -19.93214605312767063, -2.500000000000000444 ) ) ;
#6866 = CYLINDRICAL_SURFACE ( 'NONE', #7704, 1.000000000000004441 ) ;
#6867 = ORIENTED_EDGE ( 'NONE', *, *, #8772, .F. ) ;
#6868 = ORIENTED_EDGE ( 'NONE', *, *, #65, .T. ) ;
#6869 = ORIENTED_EDGE ( 'NONE', *, *, #1183, .T. ) ;
#6870 = DIRECTION ( 'NONE',  ( -0.000000000000000000, -0.000000000000000000, 1.000000000000000000 ) ) ;
#6871 = DIRECTION ( 'NONE',  ( 1.000000000000000000, 0.000000000000000000, 0.000000000000000000 ) ) ;
#6872 = ADVANCED_FACE ( 'NONE', ( #5208 ), #3067, .F. ) ;
#6873 = EDGE_CURVE ( 'NONE', #4333, #6074, #2554, .T. ) ;
#6874 = DIRECTION ( 'NONE',  ( 0.8660254037844397068, 0.4999999999999980016, 0.000000000000000000 ) ) ;
#6875 = DIRECTION ( 'NONE',  ( -0.8660254037844350439, 0.5000000000000064393, 0.000000000000000000 ) ) ;
#6876 = CARTESIAN_POINT ( 'NONE',  ( -1.535911781320788538, 1.540000000000000036, 16.33391536059159677 ) ) ;
#6877 = EDGE_CURVE ( 'NONE', #8089, #6190, #7430, .T. ) ;
#6878 = VERTEX_POINT ( 'NONE', #8217 ) ;
#6879 = LINE ( 'NONE', #205, #1835 ) ;
#6880 = CIRCLE ( 'NONE', #3270, 21.99999999999999289 ) ;
#6881 = ORIENTED_EDGE ( 'NONE', *, *, #3091, .F. ) ;
#6882 = DIRECTION ( 'NONE',  ( 0.7098982014311000510, 0.7043042975908135883, 0.000000000000000000 ) ) ;
#6883 = CARTESIAN_POINT ( 'NONE',  ( -14.29278542295881316, -2.134703820650322825, -2.500000000000000444 ) ) ;
#6884 = CARTESIAN_POINT ( 'NONE',  ( 4.227275442616384993, 29.39008111416191937, -2.500000000000000444 ) ) ;
#6885 = EDGE_CURVE ( 'NONE', #3392, #2220, #5875, .T. ) ;
#6886 = VERTEX_POINT ( 'NONE', #878 ) ;
#6887 = EDGE_CURVE ( 'NONE', #4378, #4873, #4608, .T. ) ;
#6888 = CARTESIAN_POINT ( 'NONE',  ( -24.41819423762661856, -15.20884097822235503, -2.500000000000000000 ) ) ;
#6889 = CARTESIAN_POINT ( 'NONE',  ( -1.832347232594876640, 1.530654697476333759, 17.69977147278093454 ) ) ;
#6890 = CARTESIAN_POINT ( 'NONE',  ( -42.61134590134524558, 5.768292682926980497, 2.500000000000000444 ) ) ;
#6891 = VECTOR ( 'NONE', #841, 999.9999999999998863 ) ;
#6892 = EDGE_LOOP ( 'NONE', ( #1417, #6800, #999, #9090 ) ) ;
#6893 = ORIENTED_EDGE ( 'NONE', *, *, #2524, .T. ) ;
#6894 = CARTESIAN_POINT ( 'NONE',  ( -23.33891914284121327, -18.35596847918060703, -2.500000000000000444 ) ) ;
#6895 = VECTOR ( 'NONE', #3377, 1000.000000000000000 ) ;
#6896 = VERTEX_POINT ( 'NONE', #198 ) ;
#6897 = LINE ( 'NONE', #9032, #8902 ) ;
#6898 = AXIS2_PLACEMENT_3D ( 'NONE', #3426, #8619, #9464 ) ;
#6899 = ORIENTED_EDGE ( 'NONE', *, *, #1809, .F. ) ;
#6900 = LINE ( 'NONE', #121, #4580 ) ;
#6901 = ORIENTED_EDGE ( 'NONE', *, *, #8881, .F. ) ;
#6902 = CARTESIAN_POINT ( 'NONE',  ( -25.50000000000000355, -35.00000000000000000, 2.500000000000000444 ) ) ;
#6903 = VERTEX_POINT ( 'NONE', #349 ) ;
#6904 = DIRECTION ( 'NONE',  ( 1.000000000000000000, 0.000000000000000000, 0.000000000000000000 ) ) ;
#6905 = LINE ( 'NONE', #6630, #3107 ) ;
#6906 = AXIS2_PLACEMENT_3D ( 'NONE', #5692, #9298, #390 ) ;
#6907 = EDGE_LOOP ( 'NONE', ( #8175, #6678, #2485, #6022 ) ) ;
#6908 = CARTESIAN_POINT ( 'NONE',  ( 3.500000000000010214, -7.589415207398551746E-16, -2.500000000000000444 ) ) ;
#6909 = EDGE_CURVE ( 'NONE', #4143, #4949, #4769, .T. ) ;
#6910 = DIRECTION ( 'NONE',  ( 1.000000000000000000, -3.252606517456512908E-15, 0.000000000000000000 ) ) ;
#6911 = FACE_BOUND ( 'NONE', #2719, .T. ) ;
#6912 = ORIENTED_EDGE ( 'NONE', *, *, #9437, .T. ) ;
#6913 = DIRECTION ( 'NONE',  ( 0.000000000000000000, 0.000000000000000000, 1.000000000000000000 ) ) ;
#6914 = CARTESIAN_POINT ( 'NONE',  ( -16.44444402855247489, 1.517883041479706208E-13, -2.500000000000000444 ) ) ;
#6915 = FACE_OUTER_BOUND ( 'NONE', #8737, .T. ) ;
#6916 = VERTEX_POINT ( 'NONE', #5450 ) ;
#6917 = EDGE_CURVE ( 'NONE', #4997, #526, #7881, .T. ) ;
#6918 = AXIS2_PLACEMENT_3D ( 'NONE', #49, #9098, #6874 ) ;
#6919 = EDGE_LOOP ( 'NONE', ( #3247, #7914, #7233, #7171 ) ) ;
#6920 = EDGE_CURVE ( 'NONE', #3738, #8273, #6025, .T. ) ;
#6921 = EDGE_LOOP ( 'NONE', ( #4086, #9179, #6566, #479 ) ) ;
#6922 = DIRECTION ( 'NONE',  ( -0.000000000000000000, 0.000000000000000000, 1.000000000000000000 ) ) ;
#6923 = CARTESIAN_POINT ( 'NONE',  ( 0.000000000000000000, 0.000000000000000000, 10.00000000000000000 ) ) ;
#6924 = DIRECTION ( 'NONE',  ( -0.000000000000000000, -0.000000000000000000, 1.000000000000000000 ) ) ;
#6925 = PLANE ( 'NONE',  #124 ) ;
#6926 = DIRECTION ( 'NONE',  ( -0.000000000000000000, -0.000000000000000000, 1.000000000000000000 ) ) ;
#6927 = FACE_OUTER_BOUND ( 'NONE', #8647, .T. ) ;
#6928 = ADVANCED_FACE ( 'NONE', ( #7129 ), #8457, .F. ) ;
#6929 = ORIENTED_EDGE ( 'NONE', *, *, #860, .T. ) ;
#6930 = LINE ( 'NONE', #7833, #8477 ) ;
#6931 = VERTEX_POINT ( 'NONE', #3221 ) ;
#6932 = AXIS2_PLACEMENT_3D ( 'NONE', #2844, #4484, #5868 ) ;
#6933 = CARTESIAN_POINT ( 'NONE',  ( 2.003950294560982837, 0.8454634916408977352, 18.49337927069463561 ) ) ;
#6934 = CARTESIAN_POINT ( 'NONE',  ( -6.106517200318418048, 6.282812448554152773, 2.500000000000000444 ) ) ;
#6935 = DIRECTION ( 'NONE',  ( 1.000000000000000000, 0.000000000000000000, 0.000000000000000000 ) ) ;
#6936 = VERTEX_POINT ( 'NONE', #8613 ) ;
#6937 = EDGE_CURVE ( 'NONE', #6977, #2705, #9254, .T. ) ;
#6938 = LINE ( 'NONE', #1001, #2476 ) ;
#6939 = CARTESIAN_POINT ( 'NONE',  ( -1.608879431108856561, 1.506733370338617872, 17.18567574219832039 ) ) ;
#6940 = CARTESIAN_POINT ( 'NONE',  ( 22.52902330986020019, 6.036633602139034771, -2.500000000000000444 ) ) ;
#6941 = VECTOR ( 'NONE', #561, 1000.000000000000000 ) ;
#6942 = ORIENTED_EDGE ( 'NONE', *, *, #1553, .T. ) ;
#6943 = EDGE_CURVE ( 'NONE', #3150, #7303, #492, .T. ) ;
#6944 = VERTEX_POINT ( 'NONE', #7673 ) ;
#6945 = CARTESIAN_POINT ( 'NONE',  ( 13.44526717744757782, 5.297684973240471606, 2.689257726104005375 ) ) ;
#6946 = EDGE_CURVE ( 'NONE', #8273, #1233, #1088, .T. ) ;
#6947 = ORIENTED_EDGE ( 'NONE', *, *, #8774, .F. ) ;
#6948 = VECTOR ( 'NONE', #1614, 1000.000000000000000 ) ;
#6949 = DIRECTION ( 'NONE',  ( -0.000000000000000000, 0.000000000000000000, 1.000000000000000000 ) ) ;
#6950 = AXIS2_PLACEMENT_3D ( 'NONE', #7024, #1774, #5647 ) ;
#6951 = ORIENTED_EDGE ( 'NONE', *, *, #4032, .F. ) ;
#6952 = DIRECTION ( 'NONE',  ( -0.000000000000000000, 0.000000000000000000, -1.000000000000000000 ) ) ;
#6953 = ORIENTED_EDGE ( 'NONE', *, *, #9565, .F. ) ;
#6954 = CARTESIAN_POINT ( 'NONE',  ( -23.34580033132878540, -33.43611231721968835, -2.500000000000000444 ) ) ;
#6955 = AXIS2_PLACEMENT_3D ( 'NONE', #4928, #594, #6636 ) ;
#6956 = ADVANCED_FACE ( 'NONE', ( #1671 ), #5403, .F. ) ;
#6957 = EDGE_LOOP ( 'NONE', ( #1905, #1851, #6498, #1554 ) ) ;
#6958 = DIRECTION ( 'NONE',  ( 0.6969743733982689537, -0.7170960345909678235, 0.000000000000000000 ) ) ;
#6959 = EDGE_CURVE ( 'NONE', #3959, #4166, #1020, .T. ) ;
#6960 = CARTESIAN_POINT ( 'NONE',  ( -22.52902330986012558, -6.036633602138820720, 2.500000000000000444 ) ) ;
#6961 = VERTEX_POINT ( 'NONE', #8410 ) ;
#6962 = VECTOR ( 'NONE', #9672, 1000.000000000000000 ) ;
#6963 = PLANE ( 'NONE',  #1436 ) ;
#6964 = LINE ( 'NONE', #187, #7485 ) ;
#6965 = AXIS2_PLACEMENT_3D ( 'NONE', #632, #5796, #3710 ) ;
#6966 = DIRECTION ( 'NONE',  ( 1.000000000000000000, 0.000000000000000000, 0.000000000000000000 ) ) ;
#6967 = AXIS2_PLACEMENT_3D ( 'NONE', #4182, #6543, #9559 ) ;
#6968 = VERTEX_POINT ( 'NONE', #6295 ) ;
#6969 = PLANE ( 'NONE',  #8210 ) ;
#6970 = LINE ( 'NONE', #3909, #7437 ) ;
#6971 = CARTESIAN_POINT ( 'NONE',  ( 6.106517200318503313, 6.282812448554251361, -2.500000000000000444 ) ) ;
#6972 = CIRCLE ( 'NONE', #3511, 5.500000000000000000 ) ;
#6973 = ORIENTED_EDGE ( 'NONE', *, *, #7821, .T. ) ;
#6974 = CYLINDRICAL_SURFACE ( 'NONE', #6336, 2.000000000000001776 ) ;
#6975 = VECTOR ( 'NONE', #8300, 1000.000000000000000 ) ;
#6976 = EDGE_LOOP ( 'NONE', ( #3387, #8672, #3441, #5040 ) ) ;
#6977 = VERTEX_POINT ( 'NONE', #1624 ) ;
#6978 = DIRECTION ( 'NONE',  ( 1.000000000000000000, 0.000000000000000000, 0.000000000000000000 ) ) ;
#6979 = CARTESIAN_POINT ( 'NONE',  ( 16.49238970772125157, 16.49238970772126933, -2.500000000000000444 ) ) ;
#6980 = CARTESIAN_POINT ( 'NONE',  ( 1.535911781320788982, 1.540000000000000036, 16.29585429671393015 ) ) ;
#6981 = FACE_OUTER_BOUND ( 'NONE', #9248, .T. ) ;
#6982 = LINE ( 'NONE', #4661, #6664 ) ;
#6983 = DIRECTION ( 'NONE',  ( -0.000000000000000000, -0.000000000000000000, 1.000000000000000000 ) ) ;
#6984 = VERTEX_POINT ( 'NONE', #4658 ) ;
#6985 = CARTESIAN_POINT ( 'NONE',  ( 0.000000000000000000, 0.000000000000000000, 10.50000000000000000 ) ) ;
#6986 = ORIENTED_EDGE ( 'NONE', *, *, #8812, .F. ) ;
#6987 = CARTESIAN_POINT ( 'NONE',  ( 1.940301528204886328, 0.9844495527256272860, 17.54721189626341982 ) ) ;
#6988 = CARTESIAN_POINT ( 'NONE',  ( -15.55157169726856559, 37.93611231721979493, -2.500000000000000444 ) ) ;
#6989 = CARTESIAN_POINT ( 'NONE',  ( 3.500000000000002665, -34.99999999999999289, -2.500000000000000444 ) ) ;
#6990 = ORIENTED_EDGE ( 'NONE', *, *, #9261, .T. ) ;
#6991 = ADVANCED_FACE ( 'NONE', ( #9359 ), #9658, .F. ) ;
#6992 = DIRECTION ( 'NONE',  ( -0.9695105696079970858, -0.2450494958541581392, 0.000000000000000000 ) ) ;
#6993 = CARTESIAN_POINT ( 'NONE',  ( -1.835885089531597902, 1.191565317510923760, 17.69030271766007090 ) ) ;
#6994 = CARTESIAN_POINT ( 'NONE',  ( -2.146992799845313105, 8.494333787820263382, -2.500000000000000444 ) ) ;
#6995 = VERTEX_POINT ( 'NONE', #934 ) ;
#6996 = ORIENTED_EDGE ( 'NONE', *, *, #7604, .F. ) ;
#6997 = DIRECTION ( 'NONE',  ( -1.000000000000000000, 7.199102425303747864E-15, 0.000000000000000000 ) ) ;
#6998 = ORIENTED_EDGE ( 'NONE', *, *, #8881, .T. ) ;
#6999 = AXIS2_PLACEMENT_3D ( 'NONE', #7630, #142, #7672 ) ;
#7000 = FACE_OUTER_BOUND ( 'NONE', #5448, .T. ) ;
#7001 = ORIENTED_EDGE ( 'NONE', *, *, #5630, .T. ) ;
#7002 = DIRECTION ( 'NONE',  ( 1.000000000000000000, 0.000000000000000000, 0.000000000000000000 ) ) ;
#7003 = EDGE_CURVE ( 'NONE', #5131, #6083, #180, .T. ) ;
#7004 = ORIENTED_EDGE ( 'NONE', *, *, #6457, .F. ) ;
#7005 = CARTESIAN_POINT ( 'NONE',  ( 8.429805248399542705, 2.387816587501828902, 2.500000000000000444 ) ) ;
#7006 = EDGE_CURVE ( 'NONE', #742, #2385, #4070, .T. ) ;
#7007 = CIRCLE ( 'NONE', #8111, 12.50000000000000000 ) ;
#7008 = EDGE_CURVE ( 'NONE', #1545, #5634, #8085, .T. ) ;
#7009 = ORIENTED_EDGE ( 'NONE', *, *, #8002, .F. ) ;
#7010 = LINE ( 'NONE', #5535, #9110 ) ;
#7011 = PLANE ( 'NONE',  #887 ) ;
#7012 = ORIENTED_EDGE ( 'NONE', *, *, #4100, .F. ) ;
#7013 = CARTESIAN_POINT ( 'NONE',  ( 0.000000000000000000, 0.000000000000000000, 0.000000000000000000 ) ) ;
#7014 = CIRCLE ( 'NONE', #8119, 1.000000000000002665 ) ;
#7015 = CARTESIAN_POINT ( 'NONE',  ( 9.478295456910077021, -9.478295456910036165, -2.500000000000000444 ) ) ;
#7016 = FACE_BOUND ( 'NONE', #6416, .T. ) ;
#7017 = ORIENTED_EDGE ( 'NONE', *, *, #4905, .F. ) ;
#7018 = EDGE_CURVE ( 'NONE', #1056, #708, #2023, .T. ) ;
#7019 = CARTESIAN_POINT ( 'NONE',  ( 0.000000000000000000, 0.000000000000000000, -2.500000000000000444 ) ) ;
#7020 = EDGE_CURVE ( 'NONE', #6166, #5028, #8715, .T. ) ;
#7021 = CYLINDRICAL_SURFACE ( 'NONE', #8177, 1.000000000000004441 ) ;
#7022 = PLANE ( 'NONE',  #8950 ) ;
#7023 = ORIENTED_EDGE ( 'NONE', *, *, #5155, .T. ) ;
#7024 = CARTESIAN_POINT ( 'NONE',  ( -11.19901868863824568, 2.953339910681120895, -2.500000000000000444 ) ) ;
#7025 = ORIENTED_EDGE ( 'NONE', *, *, #6186, .T. ) ;
#7026 = CARTESIAN_POINT ( 'NONE',  ( -5.297684973240419204, -13.44526717744738420, -2.500000000000000444 ) ) ;
#7027 = DIRECTION ( 'NONE',  ( 0.000000000000000000, 0.000000000000000000, 1.000000000000000000 ) ) ;
#7028 = DIRECTION ( 'NONE',  ( 0.8660254037844362651, -0.5000000000000041078, 0.000000000000000000 ) ) ;
#7029 = CARTESIAN_POINT ( 'NONE',  ( 1.535911781320788982, 1.540000000000000036, 5.499999999999998224 ) ) ;
#7030 = DIRECTION ( 'NONE',  ( -0.000000000000000000, -0.000000000000000000, -1.000000000000000000 ) ) ;
#7031 = LINE ( 'NONE', #1680, #5010 ) ;
#7032 = EDGE_LOOP ( 'NONE', ( #931, #6476, #6216, #9357 ) ) ;
#7033 = LINE ( 'NONE', #6145, #3099 ) ;
#7034 = ORIENTED_EDGE ( 'NONE', *, *, #4154, .F. ) ;
#7035 = B_SPLINE_CURVE_WITH_KNOTS ( 'NONE', 3,
 ( #7987, #3480, #5016, #8032, #7142, #8673, #7284, #4181 ),
 .UNSPECIFIED., .F., .F.,
 ( 4, 2, 2, 4 ),
 ( -7.093122354993873196E-06, 0.0004946461807835202682, 0.0007455158323527773939, 0.0009963854839220344112 ),
 .UNSPECIFIED. ) ;
#7036 = CARTESIAN_POINT ( 'NONE',  ( 0.000000000000000000, 0.000000000000000000, -2.500000000000000000 ) ) ;
#7037 = LINE ( 'NONE', #6934, #8855 ) ;
#7038 = PLANE ( 'NONE',  #7586 ) ;
#7039 = ORIENTED_EDGE ( 'NONE', *, *, #8998, .F. ) ;
#7040 = CARTESIAN_POINT ( 'NONE',  ( 13.44526717744752986, -5.297684973240351702, 2.689257726104039126 ) ) ;
#7041 = CARTESIAN_POINT ( 'NONE',  ( -1.924843453493555234, 1.032768694540337817, 18.38514030003380739 ) ) ;
#7042 = LINE ( 'NONE', #66, #7231 ) ;
#7043 = ORIENTED_EDGE ( 'NONE', *, *, #2262, .T. ) ;
#7044 = ORIENTED_EDGE ( 'NONE', *, *, #599, .F. ) ;
#7045 = CARTESIAN_POINT ( 'NONE',  ( -25.49999999999975842, 35.00000000000018474, 2.500000000000000444 ) ) ;
#7046 = EDGE_CURVE ( 'NONE', #5499, #7240, #5398, .T. ) ;
#7047 = ORIENTED_EDGE ( 'NONE', *, *, #7657, .F. ) ;
#7048 = LINE ( 'NONE', #8634, #5120 ) ;
#7049 = ORIENTED_EDGE ( 'NONE', *, *, #6834, .F. ) ;
#7050 = DIRECTION ( 'NONE',  ( -0.000000000000000000, 0.000000000000000000, 1.000000000000000000 ) ) ;
#7051 = VECTOR ( 'NONE', #7308, 1000.000000000000000 ) ;
#7052 = ORIENTED_EDGE ( 'NONE', *, *, #4648, .T. ) ;
#7053 = CARTESIAN_POINT ( 'NONE',  ( 0.000000000000000000, 0.000000000000000000, 2.500000000000000444 ) ) ;
#7054 = VECTOR ( 'NONE', #6783, 1000.000000000000000 ) ;
#7055 = ORIENTED_EDGE ( 'NONE', *, *, #7431, .F. ) ;
#7056 = FACE_OUTER_BOUND ( 'NONE', #7847, .T. ) ;
#7057 = EDGE_CURVE ( 'NONE', #6303, #7954, #4214, .T. ) ;
#7058 = DIRECTION ( 'NONE',  ( -0.000000000000000000, -0.000000000000000000, -1.000000000000000000 ) ) ;
#7059 = CIRCLE ( 'NONE', #5482, 1.000000000000002665 ) ;
#7060 = ORIENTED_EDGE ( 'NONE', *, *, #8142, .F. ) ;
#7061 =( NAMED_UNIT ( * ) SI_UNIT ( $, .STERADIAN. ) SOLID_ANGLE_UNIT ( ) );
#7062 = CARTESIAN_POINT ( 'NONE',  ( -17.28362250483771945, -36.93611231721969546, 2.500000000000000444 ) ) ;
#7063 = AXIS2_PLACEMENT_3D ( 'NONE', #4907, #3260, #6288 ) ;
#7064 = LINE ( 'NONE', #9293, #9138 ) ;
#7065 = VERTEX_POINT ( 'NONE', #448 ) ;
#7066 = DIRECTION ( 'NONE',  ( 0.000000000000000000, 0.000000000000000000, -1.000000000000000000 ) ) ;
#7067 = VECTOR ( 'NONE', #4899, 1000.000000000000000 ) ;
#7068 = DIRECTION ( 'NONE',  ( -0.000000000000000000, -0.000000000000000000, 1.000000000000000000 ) ) ;
#7069 = VECTOR ( 'NONE', #8639, 1000.000000000000000 ) ;
#7070 = CARTESIAN_POINT ( 'NONE',  ( 0.000000000000000000, 2.140000000000000124, 18.29999999999999716 ) ) ;
#7071 = VERTEX_POINT ( 'NONE', #7978 ) ;
#7072 = CARTESIAN_POINT ( 'NONE',  ( -32.06088913245529426, 14.46891108675461268, 2.500000000000000444 ) ) ;
#7073 = VECTOR ( 'NONE', #850, 1000.000000000000000 ) ;
#7074 = EDGE_CURVE ( 'NONE', #2831, #3041, #4915, .T. ) ;
#7075 = ADVANCED_FACE ( 'NONE', ( #8113 ), #7225, .F. ) ;
#7076 = VERTEX_POINT ( 'NONE', #9548 ) ;
#7077 = CARTESIAN_POINT ( 'NONE',  ( -42.61134590134524558, 5.768292682926980497, -2.500000000000000444 ) ) ;
#7078 = DIRECTION ( 'NONE',  ( 0.2626377277448089798, -0.9648945144237496274, 0.000000000000000000 ) ) ;
#7079 = CARTESIAN_POINT ( 'NONE',  ( 1.750000000000014211, 3.031088913245526317, 2.500000000000000444 ) ) ;
#7080 = CARTESIAN_POINT ( 'NONE',  ( -1.503933562825437553, 1.582193929767746088, 20.03092406804112002 ) ) ;
#7081 = CARTESIAN_POINT ( 'NONE',  ( 0.000000000000000000, 0.000000000000000000, 2.500000000000000444 ) ) ;
#7082 = DIRECTION ( 'NONE',  ( -0.9669420253356220130, -0.2549963129926495764, 0.000000000000000000 ) ) ;
#7083 = EDGE_CURVE ( 'NONE', #4326, #5971, #4170, .T. ) ;
#7084 = EDGE_LOOP ( 'NONE', ( #3209, #1651, #6857, #6193 ) ) ;
#7085 = FACE_OUTER_BOUND ( 'NONE', #8381, .T. ) ;
#7086 = EDGE_CURVE ( 'NONE', #3245, #6878, #6485, .T. ) ;
#7087 = ORIENTED_EDGE ( 'NONE', *, *, #5097, .T. ) ;
#7088 = CARTESIAN_POINT ( 'NONE',  ( 1.597515765462821147, 1.509871198753996557, 17.19589966620147692 ) ) ;
#7089 = DIRECTION ( 'NONE',  ( -0.000000000000000000, -0.000000000000000000, 1.000000000000000000 ) ) ;
#7090 = LINE ( 'NONE', #3336, #2210 ) ;
#7091 = EDGE_LOOP ( 'NONE', ( #6951, #2449, #3310, #6293 ) ) ;
#7092 = FILL_AREA_STYLE ('',( #8579 ) ) ;
#7093 = CARTESIAN_POINT ( 'NONE',  ( -1.591581934806857390, 1.485934418161723780, 20.08456131096151154 ) ) ;
#7094 = DIRECTION ( 'NONE',  ( -0.000000000000000000, -0.000000000000000000, 1.000000000000000000 ) ) ;
#7095 = ORIENTED_EDGE ( 'NONE', *, *, #7449, .T. ) ;
#7096 = VECTOR ( 'NONE', #2512, 1000.000000000000000 ) ;
#7097 = ORIENTED_EDGE ( 'NONE', *, *, #88, .F. ) ;
#7098 = LINE ( 'NONE', #7650, #7537 ) ;
#7099 = VERTEX_POINT ( 'NONE', #9507 ) ;
#7100 = LINE ( 'NONE', #322, #4976 ) ;
#7101 = ORIENTED_EDGE ( 'NONE', *, *, #4366, .T. ) ;
#7102 = CARTESIAN_POINT ( 'NONE',  ( 14.46891108675404602, -32.06088913245552874, -2.500000000000000444 ) ) ;
#7103 = VERTEX_POINT ( 'NONE', #7366 ) ;
#7104 = AXIS2_PLACEMENT_3D ( 'NONE', #7905, #4838, #2711 ) ;
#7105 = DIRECTION ( 'NONE',  ( -0.000000000000000000, -0.000000000000000000, 1.000000000000000000 ) ) ;
#7106 = ORIENTED_EDGE ( 'NONE', *, *, #8333, .F. ) ;
#7107 = LINE ( 'NONE', #183, #3736 ) ;
#7108 = AXIS2_PLACEMENT_3D ( 'NONE', #60, #4481, #7496 ) ;
#7109 = DIRECTION ( 'NONE',  ( -0.8660254037844344888, 0.5000000000000072164, 0.000000000000000000 ) ) ;
#7110 = ORIENTED_EDGE ( 'NONE', *, *, #7195, .T. ) ;
#7111 = PLANE ( 'NONE',  #2692 ) ;
#7112 = CARTESIAN_POINT ( 'NONE',  ( 0.000000000000000000, 0.000000000000000000, 2.500000000000000444 ) ) ;
#7113 = VECTOR ( 'NONE', #7418, 1000.000000000000000 ) ;
#7114 = ORIENTED_EDGE ( 'NONE', *, *, #7515, .F. ) ;
#7115 = FACE_OUTER_BOUND ( 'NONE', #9644, .T. ) ;
#7116 = EDGE_CURVE ( 'NONE', #590, #945, #8068, .T. ) ;
#7117 = DIRECTION ( 'NONE',  ( 0.6969743733982689537, -0.7170960345909678235, 0.000000000000000000 ) ) ;
#7118 = AXIS2_PLACEMENT_3D ( 'NONE', #1971, #7318, #1231 ) ;
#7119 = DIRECTION ( 'NONE',  ( 1.000000000000000000, 0.000000000000000000, 0.000000000000000000 ) ) ;
#7120 = ADVANCED_FACE ( 'NONE', ( #5004 ), #5751, .F. ) ;
#7121 = EDGE_LOOP ( 'NONE', ( #3539, #3515, #417, #9666 ) ) ;
#7122 = LINE ( 'NONE', #3368, #5227 ) ;
#7123 = AXIS2_PLACEMENT_3D ( 'NONE', #6169, #8390, #8543 ) ;
#7124 = VECTOR ( 'NONE', #8159, 1000.000000000000000 ) ;
#7125 = ADVANCED_FACE ( 'NONE', ( #8758 ), #9458, .F. ) ;
#7126 = ORIENTED_EDGE ( 'NONE', *, *, #2609, .F. ) ;
#7127 = CONICAL_SURFACE ( 'NONE', #4289, 5.500000000000000000, 0.7504915783575566435 ) ;
#7128 = CARTESIAN_POINT ( 'NONE',  ( 0.000000000000000000, 0.000000000000000000, 10.50000000000000000 ) ) ;
#7129 = FACE_OUTER_BOUND ( 'NONE', #2757, .T. ) ;
#7130 = LINE ( 'NONE', #1188, #2209 ) ;
#7131 = EDGE_CURVE ( 'NONE', #1161, #230, #6392, .T. ) ;
#7132 = AXIS2_PLACEMENT_3D ( 'NONE', #7400, #1352, #3643 ) ;
#7133 = CARTESIAN_POINT ( 'NONE',  ( -1.517213292355702459, 1.558506735755594841, 20.10881843079690867 ) ) ;
#7134 = CARTESIAN_POINT ( 'NONE',  ( -8.429805248399402373, 2.387816587501787158, 2.500000000000000444 ) ) ;
#7135 = EDGE_CURVE ( 'NONE', #6083, #5131, #8241, .T. ) ;
#7136 = FACE_OUTER_BOUND ( 'NONE', #5073, .T. ) ;
#7137 = VECTOR ( 'NONE', #3417, 1000.000000000000000 ) ;
#7138 = ORIENTED_EDGE ( 'NONE', *, *, #6405, .F. ) ;
#7139 = DIRECTION ( 'NONE',  ( 0.9648945144237497384, -0.2626377277448084802, 0.000000000000000000 ) ) ;
#7140 = ORIENTED_EDGE ( 'NONE', *, *, #5718, .F. ) ;
#7141 = TOROIDAL_SURFACE ( 'NONE', #6196, 10.50000000000000000, 2.000000000000000000 ) ;
#7142 = CARTESIAN_POINT ( 'NONE',  ( -1.482373552470841460, 1.652644563122588783, 16.71776513708798717 ) ) ;
#7143 = DIRECTION ( 'NONE',  ( 0.000000000000000000, 0.000000000000000000, 1.000000000000000000 ) ) ;
#7144 = LINE ( 'NONE', #7685, #4122 ) ;
#7145 = ORIENTED_EDGE ( 'NONE', *, *, #5608, .F. ) ;
#7146 =( LENGTH_UNIT ( ) NAMED_UNIT ( * ) SI_UNIT ( .MILLI., .METRE. ) );
#7147 = EDGE_CURVE ( 'NONE', #4737, #9239, #4263, .T. ) ;
#7148 = DIRECTION ( 'NONE',  ( -1.000000000000000000, 3.469446951953611033E-15, 0.000000000000000000 ) ) ;
#7149 = ADVANCED_FACE ( 'NONE', ( #3524 ), #8802, .F. ) ;
#7150 = DIRECTION ( 'NONE',  ( 0.000000000000000000, -0.000000000000000000, -1.000000000000000000 ) ) ;
#7151 = EDGE_LOOP ( 'NONE', ( #4447, #1253, #1203, #4509 ) ) ;
#7152 = ORIENTED_EDGE ( 'NONE', *, *, #5001, .T. ) ;
#7153 = DIRECTION ( 'NONE',  ( -0.2725361962097284096, -0.9621455304451258517, 0.000000000000000000 ) ) ;
#7154 = ORIENTED_EDGE ( 'NONE', *, *, #7345, .T. ) ;
#7155 = CARTESIAN_POINT ( 'NONE',  ( -17.28362250483745655, 36.93611231721982335, 2.500000000000000444 ) ) ;
#7156 = EDGE_LOOP ( 'NONE', ( #8430, #2086, #3999, #9784 ) ) ;
#7157 = CARTESIAN_POINT ( 'NONE',  ( 0.000000000000000000, 0.000000000000000000, 5.499999999999998224 ) ) ;
#7158 = ORIENTED_EDGE ( 'NONE', *, *, #1392, .F. ) ;
#7159 = CARTESIAN_POINT ( 'NONE',  ( 4.500000000000000000, 0.000000000000000000, 21.50000000000000000 ) ) ;
#7160 = VECTOR ( 'NONE', #9759, 1000.000000000000000 ) ;
#7161 = ORIENTED_EDGE ( 'NONE', *, *, #3251, .T. ) ;
#7162 = CARTESIAN_POINT ( 'NONE',  ( 24.66324373348082588, -14.23933040861439991, 2.500000000000000444 ) ) ;
#7163 = ORIENTED_EDGE ( 'NONE', *, *, #7008, .T. ) ;
#7164 = DIRECTION ( 'NONE',  ( -0.000000000000000000, -0.000000000000000000, 1.000000000000000000 ) ) ;
#7165 = CARTESIAN_POINT ( 'NONE',  ( -23.33891914284121327, -18.35596847918060703, -2.500000000000000444 ) ) ;
#7166 = DIRECTION ( 'NONE',  ( 1.000000000000000000, 0.000000000000000000, 0.000000000000000000 ) ) ;
#7167 = ORIENTED_EDGE ( 'NONE', *, *, #6703, .T. ) ;
#7168 = AXIS2_PLACEMENT_3D ( 'NONE', #5245, #9591, #8991 ) ;
#7169 = DIRECTION ( 'NONE',  ( -0.9648945144237496274, -0.2626377277448090353, 0.000000000000000000 ) ) ;
#7170 = CARTESIAN_POINT ( 'NONE',  ( 13.54235603521623865, -25.38033976807167491, -2.500000000000000444 ) ) ;
#7171 = ORIENTED_EDGE ( 'NONE', *, *, #7433, .T. ) ;
#7172 = ORIENTED_EDGE ( 'NONE', *, *, #817, .F. ) ;
#7173 = DIRECTION ( 'NONE',  ( 0.7098982014311003841, -0.7043042975908133663, 0.000000000000000000 ) ) ;
#7174 = CIRCLE ( 'NONE', #4818, 2.174999999999999822 ) ;
#7175 = ADVANCED_FACE ( 'NONE', ( #396 ), #541, .F. ) ;
#7176 = ORIENTED_EDGE ( 'NONE', *, *, #8711, .F. ) ;
#7177 = DIRECTION ( 'NONE',  ( 0.000000000000000000, 0.000000000000000000, 1.000000000000000000 ) ) ;
#7178 = DIRECTION ( 'NONE',  ( -0.000000000000000000, -0.000000000000000000, -1.000000000000000000 ) ) ;
#7179 = CARTESIAN_POINT ( 'NONE',  ( -18.35596847918068164, 23.33891914284135183, -2.500000000000000444 ) ) ;
#7180 = FACE_OUTER_BOUND ( 'NONE', #5035, .T. ) ;
#7181 = LINE ( 'NONE', #6350, #1758 ) ;
#7182 = CARTESIAN_POINT ( 'NONE',  ( -8.157176732979374734, -8.221964726476787888, -2.500000000000000444 ) ) ;
#7183 = VERTEX_POINT ( 'NONE', #8849 ) ;
#7184 = CARTESIAN_POINT ( 'NONE',  ( -1.535911781320788982, 1.540000000000000036, 20.30414570328606416 ) ) ;
#7185 = EDGE_CURVE ( 'NONE', #3440, #5534, #3025, .T. ) ;
#7186 = ORIENTED_EDGE ( 'NONE', *, *, #2285, .F. ) ;
#7187 = DIRECTION ( 'NONE',  ( -0.000000000000000000, -0.000000000000000000, -1.000000000000000000 ) ) ;
#7188 = EDGE_CURVE ( 'NONE', #5897, #3005, #9028, .T. ) ;
#7189 = CARTESIAN_POINT ( 'NONE',  ( 6.106517200318350547, -6.282812448554086160, 2.500000000000000444 ) ) ;
#7190 = DIRECTION ( 'NONE',  ( 0.9669420253356221240, -0.2549963129926494654, 0.000000000000000000 ) ) ;
#7191 = ORIENTED_EDGE ( 'NONE', *, *, #9075, .T. ) ;
#7192 = DIRECTION ( 'NONE',  ( 0.2549963129926493544, 0.9669420253356221240, 0.000000000000000000 ) ) ;
#7193 = LINE ( 'NONE', #7951, #2224 ) ;
#7194 = CARTESIAN_POINT ( 'NONE',  ( 2.146992799845329980, 8.494333787820350423, -2.500000000000000444 ) ) ;
#7195 = EDGE_CURVE ( 'NONE', #945, #5897, #3514, .T. ) ;
#7196 = ORIENTED_EDGE ( 'NONE', *, *, #139, .T. ) ;
#7197 = VERTEX_POINT ( 'NONE', #4601 ) ;
#7198 = DIRECTION ( 'NONE',  ( 1.000000000000000000, -7.254298172266676535E-15, 0.000000000000000000 ) ) ;
#7199 = EDGE_CURVE ( 'NONE', #9419, #6722, #6816, .T. ) ;
#7200 = ORIENTED_EDGE ( 'NONE', *, *, #7373, .F. ) ;
#7201 = DIRECTION ( 'NONE',  ( 0.000000000000000000, 0.000000000000000000, -1.000000000000000000 ) ) ;
#7202 = EDGE_CURVE ( 'NONE', #9637, #958, #6032, .T. ) ;
#7203 = VERTEX_POINT ( 'NONE', #2168 ) ;
#7204 = CARTESIAN_POINT ( 'NONE',  ( -5.768292682926831283, -42.61134590134526690, -2.500000000000000444 ) ) ;
#7205 = CARTESIAN_POINT ( 'NONE',  ( 0.000000000000000000, 0.000000000000000000, 12.50000000000000000 ) ) ;
#7206 = CARTESIAN_POINT ( 'NONE',  ( -15.20884097822248293, -24.41819423762651908, -2.500000000000000444 ) ) ;
#7207 = ORIENTED_EDGE ( 'NONE', *, *, #9783, .F. ) ;
#7208 = CARTESIAN_POINT ( 'NONE',  ( -1.840542247166462531, 1.506427080231659055, 18.87208793296092679 ) ) ;
#7209 = ORIENTED_EDGE ( 'NONE', *, *, #9734, .T. ) ;
#7210 = PLANE ( 'NONE',  #1853 ) ;
#7211 = VECTOR ( 'NONE', #4535, 1000.000000000000000 ) ;
#7212 = DIRECTION ( 'NONE',  ( -0.000000000000000000, 0.000000000000000000, 1.000000000000000000 ) ) ;
#7213 = ORIENTED_EDGE ( 'NONE', *, *, #525, .T. ) ;
#7214 = CARTESIAN_POINT ( 'NONE',  ( -14.46891108675449722, -32.06088913245533689, -2.500000000000000444 ) ) ;
#7215 =( BOUNDED_SURFACE ( )  B_SPLINE_SURFACE ( 3, 2, ( 
 ( #8322, #698, #2191 ),
 ( #1446, #9109, #1398 ),
 ( #844, #9708, #5359 ),
 ( #6648, #8230, #7542 ),
 ( #2931, #3727, #745 ),
 ( #9317, #6356, #6306 ),
 ( #3983, #3230, #6933 ),
 ( #892, #1686, #9368 ),
 ( #5612, #2588, #8621 ),
 ( #257, #3183, #1837 ),
 ( #5411, #7734, #946 ),
 ( #2439, #3929, #6987 ),
 ( #155, #6204, #9215 ),
 ( #5458, #8574, #8469 ),
 ( #207, #7088, #4876 ),
 ( #3284, #4720, #7890 ),
 ( #8418, #8521, #3877 ),
 ( #6255, #2538, #9264 ) ),
 .UNSPECIFIED., .F., .F., .F. ) 
 B_SPLINE_SURFACE_WITH_KNOTS ( ( 4, 2, 2, 2, 2, 2, 2, 2, 4 ),
 ( 3, 3 ),
 ( 0.008039958798219148592, 0.009217434188947895568, 0.009806171884312268189, 0.01039490957967664081, 0.01068927842735882712, 0.01098364727504101343, 0.01157238497040538605, 0.01216112266576975867, 0.01274986036113413129 ),
 ( 0.000000000000000000, 1.000000000000000000 ),
 .UNSPECIFIED. ) 
 GEOMETRIC_REPRESENTATION_ITEM ( )  RATIONAL_B_SPLINE_SURFACE ( (
 ( 1.000000000000000000, 0.8743000028043008687, 1.000000000000000000),
 ( 1.000000000000000000, 0.9040340056274758229, 1.000000000000000000),
 ( 1.000000000000000000, 0.9293707110791613601, 1.000000000000000000),
 ( 1.000000000000000000, 0.9577283957465144715, 1.000000000000000000),
 ( 1.000000000000000000, 0.9656583597106970229, 1.000000000000000000),
 ( 1.000000000000000000, 0.9768807575364660822, 1.000000000000000000),
 ( 1.000000000000000000, 0.9801665870686190329, 1.000000000000000000),
 ( 1.000000000000000000, 0.9800917898391504623, 1.000000000000000000),
 ( 1.000000000000000000, 0.9792404472886283573, 1.000000000000000000),
 ( 1.000000000000000000, 0.9761477858937436247, 1.000000000000000000),
 ( 1.000000000000000000, 0.9739028698193737954, 1.000000000000000000),
 ( 1.000000000000000000, 0.9653433039338116251, 1.000000000000000000),
 ( 1.000000000000000000, 0.9575275917683468974, 1.000000000000000000),
 ( 1.000000000000000000, 0.9385878883972081921, 1.000000000000000000),
 ( 1.000000000000000000, 0.9273697077154856583, 1.000000000000000000),
 ( 1.000000000000000000, 0.9025795582884088564, 1.000000000000000000),
 ( 1.000000000000000000, 0.8889414064004409477, 1.000000000000000000),
 ( 1.000000000000000000, 0.8743172408794789296, 1.000000000000000000) ) ) 
 REPRESENTATION_ITEM ( '' )  SURFACE ( )  );
#7216 = VECTOR ( 'NONE', #2834, 1000.000000000000000 ) ;
#7217 = DIRECTION ( 'NONE',  ( 0.2450494958541580837, -0.9695105696079969748, 0.000000000000000000 ) ) ;
#7218 = AXIS2_PLACEMENT_3D ( 'NONE', #8965, #4475, #5306 ) ;
#7219 = CIRCLE ( 'NONE', #3592, 11.91421356237309581 ) ;
#7220 = ORIENTED_EDGE ( 'NONE', *, *, #5625, .F. ) ;
#7221 = CARTESIAN_POINT ( 'NONE',  ( 15.19446086639736393, -3.062410648413941949, 2.500000000000000444 ) ) ;
#7222 = CIRCLE ( 'NONE', #7063, 1.000000000000002665 ) ;
#7223 = ORIENTED_EDGE ( 'NONE', *, *, #2296, .F. ) ;
#7224 = CARTESIAN_POINT ( 'NONE',  ( 1.533687905351862169, 1.542231615616634244, 16.37154487734603237 ) ) ;
#7225 = PLANE ( 'NONE',  #8234 ) ;
#7226 = VECTOR ( 'NONE', #8394, 1000.000000000000114 ) ;
#7227 = VECTOR ( 'NONE', #7549, 1000.000000000000114 ) ;
#7228 = CARTESIAN_POINT ( 'NONE',  ( 0.8562772623066132738, 5.434201208392763327, 16.57134128968423070 ) ) ;
#7229 = CARTESIAN_POINT ( 'NONE',  ( -40.62942283616643380, -5.499999999999858780, -2.500000000000000444 ) ) ;
#7231 = VECTOR ( 'NONE', #264, 1000.000000000000000 ) ;
#7230 = CARTESIAN_POINT ( 'NONE',  ( 8.169624749921858609, 0.000000000000000000, 14.50000000000000000 ) ) ;
#7232 = EDGE_CURVE ( 'NONE', #7754, #6552, #678, .T. ) ;
#7233 = ORIENTED_EDGE ( 'NONE', *, *, #2343, .F. ) ;
#7234 = CARTESIAN_POINT ( 'NONE',  ( -34.01836169854756520, -26.30116095055108261, 2.500000000000000444 ) ) ;
#7235 = ORIENTED_EDGE ( 'NONE', *, *, #2115, .T. ) ;
#7236 = CARTESIAN_POINT ( 'NONE',  ( 34.01836169854774283, 26.30116095055085168, 2.500000000000000444 ) ) ;
#7237 = AXIS2_PLACEMENT_3D ( 'NONE', #8425, #3937, #8476 ) ;
#7238 = DIRECTION ( 'NONE',  ( 0.7170960345909678235, 0.6969743733982689537, 0.000000000000000000 ) ) ;
#7239 = DIRECTION ( 'NONE',  ( -0.000000000000000000, -0.000000000000000000, 1.000000000000000000 ) ) ;
#7240 = VERTEX_POINT ( 'NONE', #5290 ) ;
#7241 = DIRECTION ( 'NONE',  ( -0.7043042975908130332, -0.7098982014311004951, 0.000000000000000000 ) ) ;
#7242 = CARTESIAN_POINT ( 'NONE',  ( -1.831503943894624342, 1.532989392598877787, 18.90277181965755915 ) ) ;
#7243 = CARTESIAN_POINT ( 'NONE',  ( -25.38033976807171399, 13.54235603521635234, 2.500000000000000444 ) ) ;
#7244 = ADVANCED_FACE ( 'NONE', ( #6623 ), #2217, .F. ) ;
#7245 = ORIENTED_EDGE ( 'NONE', *, *, #224, .T. ) ;
#7246 = ORIENTED_EDGE ( 'NONE', *, *, #9451, .F. ) ;
#7247 = DIRECTION ( 'NONE',  ( 1.000000000000000000, 0.000000000000000000, 0.000000000000000000 ) ) ;
#7248 = VERTEX_POINT ( 'NONE', #1515 ) ;
#7249 = DIRECTION ( 'NONE',  ( 1.000000000000000000, 0.000000000000000000, 0.000000000000000000 ) ) ;
#7250 = EDGE_CURVE ( 'NONE', #5343, #8089, #772, .T. ) ;
#7251 = ORIENTED_EDGE ( 'NONE', *, *, #7488, .F. ) ;
#7252 = DIRECTION ( 'NONE',  ( 0.9669420253356220130, -0.2549963129926494099, 0.000000000000000000 ) ) ;
#7253 = LINE ( 'NONE', #1806, #5492 ) ;
#7254 = CARTESIAN_POINT ( 'NONE',  ( 36.93611231721951782, -17.28362250483809603, -2.500000000000000444 ) ) ;
#7255 = EDGE_CURVE ( 'NONE', #6003, #8534, #3708, .T. ) ;
#7256 = VECTOR ( 'NONE', #618, 1000.000000000000114 ) ;
#7257 = EDGE_CURVE ( 'NONE', #4168, #5782, #3056, .T. ) ;
#7258 = ORIENTED_EDGE ( 'NONE', *, *, #9530, .F. ) ;
#7259 = CARTESIAN_POINT ( 'NONE',  ( -1.910790717349327705, 1.287047313287215333, 18.04161262553799716 ) ) ;
#7260 = ORIENTED_EDGE ( 'NONE', *, *, #4652, .F. ) ;
#7261 = DIRECTION ( 'NONE',  ( -2.168404344971008621E-16, 1.000000000000000000, 0.000000000000000000 ) ) ;
#7262 = AXIS2_PLACEMENT_3D ( 'NONE', #2098, #9712, #8136 ) ;
#7263 = LINE ( 'NONE', #9536, #6140 ) ;
#7264 = VERTEX_POINT ( 'NONE', #5147 ) ;
#7265 = DIRECTION ( 'NONE',  ( -0.000000000000000000, -0.000000000000000000, -1.000000000000000000 ) ) ;
#7266 = EDGE_CURVE ( 'NONE', #7358, #3347, #5837, .T. ) ;
#7267 = EDGE_CURVE ( 'NONE', #2663, #4909, #5890, .T. ) ;
#7268 = AXIS2_PLACEMENT_3D ( 'NONE', #3779, #7545, #6790 ) ;
#7269 = ORIENTED_EDGE ( 'NONE', *, *, #6478, .T. ) ;
#7270 = CARTESIAN_POINT ( 'NONE',  ( 8.157176732979506184, 8.221964726476935326, -2.500000000000000444 ) ) ;
#7271 = ORIENTED_EDGE ( 'NONE', *, *, #429, .T. ) ;
#7272 = VECTOR ( 'NONE', #2963, 1000.000000000000114 ) ;
#7273 = DIRECTION ( 'NONE',  ( -1.000000000000000000, 0.000000000000000000, 0.000000000000000000 ) ) ;
#7274 = CARTESIAN_POINT ( 'NONE',  ( 2.387816587501787158, -8.429805248399395268, -2.500000000000000444 ) ) ;
#7275 = AXIS2_PLACEMENT_3D ( 'NONE', #9355, #5600, #7875 ) ;
#7276 = DIRECTION ( 'NONE',  ( 0.2450494958541581114, -0.9695105696079969748, 0.000000000000000000 ) ) ;
#7277 = LINE ( 'NONE', #1425, #3655 ) ;
#7278 = LINE ( 'NONE', #8617, #6895 ) ;
#7279 = AXIS2_PLACEMENT_3D ( 'NONE', #9129, #4739, #968 ) ;
#7280 = AXIS2_PLACEMENT_3D ( 'NONE', #3077, #947, #6256 ) ;
#7281 = ORIENTED_EDGE ( 'NONE', *, *, #2358, .T. ) ;
#7282 = CARTESIAN_POINT ( 'NONE',  ( 3.041841955658855401, 11.17530463715815969, -2.500000000000000444 ) ) ;
#7283 = ORIENTED_EDGE ( 'NONE', *, *, #1079, .F. ) ;
#7284 = CARTESIAN_POINT ( 'NONE',  ( -1.517214457911181036, 1.558505584313930159, 16.49117310506368383 ) ) ;
#7285 = FACE_OUTER_BOUND ( 'NONE', #7965, .T. ) ;
#7286 = DIRECTION ( 'NONE',  ( 0.9695105696079970858, 0.2450494958541578894, 0.000000000000000000 ) ) ;
#7287 = VECTOR ( 'NONE', #314, 1000.000000000000114 ) ;
#7288 = VERTEX_POINT ( 'NONE', #8897 ) ;
#7289 = DIRECTION ( 'NONE',  ( -0.2725361962097285207, 0.9621455304451257406, 0.000000000000000000 ) ) ;
#7290 = CIRCLE ( 'NONE', #4446, 1.000000000000002665 ) ;
#7291 = CARTESIAN_POINT ( 'NONE',  ( 32.06088913245517347, -14.46891108675482940, -2.500000000000000444 ) ) ;
#7292 = FACE_OUTER_BOUND ( 'NONE', #1689, .T. ) ;
#7293 = ORIENTED_EDGE ( 'NONE', *, *, #7925, .F. ) ;
#7294 = AXIS2_PLACEMENT_3D ( 'NONE', #2364, #9137, #975 ) ;
#7295 = ORIENTED_EDGE ( 'NONE', *, *, #821, .T. ) ;
#7296 = CARTESIAN_POINT ( 'NONE',  ( 1.900453718445023199, 1.320318975999591471, 17.98849053237425011 ) ) ;
#7297 = ORIENTED_EDGE ( 'NONE', *, *, #1145, .T. ) ;
#7298 = VECTOR ( 'NONE', #7178, 1000.000000000000000 ) ;
#7299 = DIRECTION ( 'NONE',  ( 1.000000000000000000, 0.000000000000000000, 0.000000000000000000 ) ) ;
#7300 = EDGE_CURVE ( 'NONE', #8643, #7065, #2868, .T. ) ;
#7301 = ORIENTED_EDGE ( 'NONE', *, *, #1264, .F. ) ;
#7302 = DIRECTION ( 'NONE',  ( 1.000000000000000000, 0.000000000000000000, 0.000000000000000000 ) ) ;
#7303 = VERTEX_POINT ( 'NONE', #35 ) ;
#7304 = EDGE_CURVE ( 'NONE', #4923, #7414, #7569, .T. ) ;
#7305 = DIRECTION ( 'NONE',  ( 1.000000000000000000, 0.000000000000000000, 0.000000000000000000 ) ) ;
#7306 = CIRCLE ( 'NONE', #5734, 2.000000000000000000 ) ;
#7307 = EDGE_LOOP ( 'NONE', ( #5495, #3853, #1931, #6848, #1773, #974, #911, #6953, #8367, #9212, #4610, #3126, #9132, #2568, #2418, #1596, #891, #5253, #8549, #268, #9163, #9303, #307, #8729, #409, #4833, #4306, #2930, #6359, #3785, #1205, #8766, #2964, #5324, #5368, #680, #7973, #6469, #1871, #8653, #167, #4131, #7297, #7154, #7364, #5609, #7049, #4044, #750, #9428, #9431, #4020, #4155, #8684, #2768, #1291, #5895, #3370, #1517, #434, #5694, #7466, #5621, #5632, #7220, #340, #4999, #459, #7163, #4994, #7957, #5736, #8077, #4245, #5709, #4451, #4180, #1011, #1861, #8591, #2496, #5835, #2565, #6411, #5678, #6398, #3138, #2273, #9022, #8454, #8383, #3866, #5930, #4034, #970, #9226, #5197, #7637, #7900, #4986, #74, #5565, #8620, #7355, #5626, #8267, #2334, #8318, #1134, #516, #6242, #8756, #9328, #4837, #7877, #3040 ) ) ;
#7308 = DIRECTION ( 'NONE',  ( -0.000000000000000000, -0.000000000000000000, 1.000000000000000000 ) ) ;
#7309 = ORIENTED_EDGE ( 'NONE', *, *, #8000, .F. ) ;
#7310 = CARTESIAN_POINT ( 'NONE',  ( -8.429805248399418360, -2.387816587501792487, -2.500000000000000444 ) ) ;
#7311 = EDGE_CURVE ( 'NONE', #9707, #2727, #1877, .T. ) ;
#7312 = ADVANCED_FACE ( 'NONE', ( #5194 ), #8351, .F. ) ;
#7313 = FACE_BOUND ( 'NONE', #7507, .T. ) ;
#7314 = ORIENTED_EDGE ( 'NONE', *, *, #5625, .T. ) ;
#7315 = CYLINDRICAL_SURFACE ( 'NONE', #7920, 1.000000000000002665 ) ;
#7316 = CIRCLE ( 'NONE', #9046, 21.99999999999998579 ) ;
#7317 = ORIENTED_EDGE ( 'NONE', *, *, #1059, .T. ) ;
#7318 = DIRECTION ( 'NONE',  ( -0.000000000000000000, 0.000000000000000000, 1.000000000000000000 ) ) ;
#7319 = ORIENTED_EDGE ( 'NONE', *, *, #7086, .T. ) ;
#7320 = EDGE_CURVE ( 'NONE', #6552, #8019, #1564, .T. ) ;
#7321 = AXIS2_PLACEMENT_3D ( 'NONE', #8664, #4312, #7322 ) ;
#7322 = DIRECTION ( 'NONE',  ( 1.000000000000000000, -3.252606517456512908E-15, 0.000000000000000000 ) ) ;
#7323 = EDGE_CURVE ( 'NONE', #4063, #3765, #5983, .T. ) ;
#7324 = EDGE_CURVE ( 'NONE', #3672, #1759, #9777, .T. ) ;
#7325 = DIRECTION ( 'NONE',  ( 1.000000000000000000, 0.000000000000000000, 0.000000000000000000 ) ) ;
#7326 = CARTESIAN_POINT ( 'NONE',  ( 0.6238594974481184163, 5.465761872848510450, 16.47454909292589420 ) ) ;
#7327 = CARTESIAN_POINT ( 'NONE',  ( -5.768292682926533743, 42.61134590134530242, 2.500000000000000444 ) ) ;
#7328 = CARTESIAN_POINT ( 'NONE',  ( 2.134703820650564410, 14.29278542295895171, 2.689257726103993384 ) ) ;
#7329 = CIRCLE ( 'NONE', #3054, 21.99999999999978328 ) ;
#7330 = ORIENTED_EDGE ( 'NONE', *, *, #2054, .T. ) ;
#7331 = CARTESIAN_POINT ( 'NONE',  ( 3.500000000000247358, 34.99999999999997158, -2.500000000000000444 ) ) ;
#7332 = ORIENTED_EDGE ( 'NONE', *, *, #9469, .T. ) ;
#7333 = EDGE_CURVE ( 'NONE', #9202, #4895, #9309, .T. ) ;
#7334 = DIRECTION ( 'NONE',  ( -0.000000000000000000, -0.000000000000000000, 1.000000000000000000 ) ) ;
#7335 = LINE ( 'NONE', #1944, #4452 ) ;
#7336 = LINE ( 'NONE', #1294, #9642 ) ;
#7337 = VECTOR ( 'NONE', #855, 999.9999999999998863 ) ;
#7338 = ORIENTED_EDGE ( 'NONE', *, *, #5259, .T. ) ;
#7339 = DIRECTION ( 'NONE',  ( -0.9648945144237500715, 0.2626377277448079250, 0.000000000000000000 ) ) ;
#7340 = DIRECTION ( 'NONE',  ( 1.000000000000000000, 0.000000000000000000, -0.000000000000000000 ) ) ;
#7341 = DIRECTION ( 'NONE',  ( 0.9669420253356220130, 0.2549963129926495209, 0.000000000000000000 ) ) ;
#7342 = EDGE_LOOP ( 'NONE', ( #2917, #8426, #6658, #9677 ) ) ;
#7343 = DIRECTION ( 'NONE',  ( 0.000000000000000000, -0.000000000000000000, -1.000000000000000000 ) ) ;
#7344 = EDGE_LOOP ( 'NONE', ( #566, #6614, #8796, #592 ) ) ;
#7345 = EDGE_CURVE ( 'NONE', #9776, #2353, #9347, .T. ) ;
#7346 = CARTESIAN_POINT ( 'NONE',  ( 0.000000000000000000, 2.140000000000000124, 18.29999999999999716 ) ) ;
#7347 = DIRECTION ( 'NONE',  ( 0.000000000000000000, 0.000000000000000000, -1.000000000000000000 ) ) ;
#7348 = ORIENTED_EDGE ( 'NONE', *, *, #9302, .T. ) ;
#7349 = CARTESIAN_POINT ( 'NONE',  ( -3.031088913245554739, -1.749999999999986455, -2.500000000000000444 ) ) ;
#7350 = LINE ( 'NONE', #6605, #9444 ) ;
#7351 = CARTESIAN_POINT ( 'NONE',  ( 34.99999999999973710, -25.50000000000036948, -2.500000000000000444 ) ) ;
#7352 = ADVANCED_FACE ( 'NONE', ( #6129 ), #4571, .F. ) ;
#7353 = ORIENTED_EDGE ( 'NONE', *, *, #7195, .F. ) ;
#7354 = DIRECTION ( 'NONE',  ( -0.6969743733982683986, -0.7170960345909683786, 0.000000000000000000 ) ) ;
#7355 = ORIENTED_EDGE ( 'NONE', *, *, #7910, .F. ) ;
#7356 = DIRECTION ( 'NONE',  ( 1.000000000000000000, 0.000000000000000000, 0.000000000000000000 ) ) ;
#7357 = DIRECTION ( 'NONE',  ( -0.000000000000000000, -0.000000000000000000, 1.000000000000000000 ) ) ;
#7358 = VERTEX_POINT ( 'NONE', #1612 ) ;
#7359 = DIRECTION ( 'NONE',  ( 0.000000000000000000, -0.000000000000000000, -1.000000000000000000 ) ) ;
#7360 = EDGE_CURVE ( 'NONE', #8196, #3392, #7064, .T. ) ;
#7361 = VERTEX_POINT ( 'NONE', #921 ) ;
#7362 = DIRECTION ( 'NONE',  ( 1.000000000000000000, 0.000000000000000000, 0.000000000000000000 ) ) ;
#7363 = VECTOR ( 'NONE', #2448, 999.9999999999998863 ) ;
#7364 = ORIENTED_EDGE ( 'NONE', *, *, #2959, .T. ) ;
#7365 = PLANE ( 'NONE',  #3378 ) ;
#7366 = CARTESIAN_POINT ( 'NONE',  ( -28.75119701343867007, 0.9621455304452692925, 2.500000000000000444 ) ) ;
#7367 = EDGE_CURVE ( 'NONE', #8534, #4805, #81, .T. ) ;
#7368 = CARTESIAN_POINT ( 'NONE',  ( 1.862575958465676695, 5.175085348982798372, 17.79766719077118253 ) ) ;
#7369 = VERTEX_POINT ( 'NONE', #9195 ) ;
#7370 = VECTOR ( 'NONE', #3394, 1000.000000000000114 ) ;
#7371 = CARTESIAN_POINT ( 'NONE',  ( -6.036633602138888222, 22.52902330986026058, 2.500000000000000444 ) ) ;
#7372 = FACE_BOUND ( 'NONE', #6734, .T. ) ;
#7373 = EDGE_CURVE ( 'NONE', #2783, #7379, #5050, .T. ) ;
#7374 = EDGE_CURVE ( 'NONE', #8235, #7441, #188, .T. ) ;
#7375 = AXIS2_PLACEMENT_3D ( 'NONE', #2435, #5407, #5354 ) ;
#7376 = ORIENTED_EDGE ( 'NONE', *, *, #1071, .F. ) ;
#7377 = DIRECTION ( 'NONE',  ( 2.168404344971008375E-16, 1.000000000000000000, 0.000000000000000000 ) ) ;
#7378 = VECTOR ( 'NONE', #7377, 1000.000000000000000 ) ;
#7379 = VERTEX_POINT ( 'NONE', #3208 ) ;
#7380 = CARTESIAN_POINT ( 'NONE',  ( 8.157176732979465328, -8.221964726476871377, -2.500000000000000444 ) ) ;
#7381 = CIRCLE ( 'NONE', #5017, 2.000000000000001776 ) ;
#7382 = CARTESIAN_POINT ( 'NONE',  ( 6.036633602139041876, 22.52902330986024992, 2.500000000000000444 ) ) ;
#7383 = ORIENTED_EDGE ( 'NONE', *, *, #6778, .T. ) ;
#7384 = CIRCLE ( 'NONE', #7866, 21.99999999999979039 ) ;
#7385 = LINE ( 'NONE', #5902, #8319 ) ;
#7386 = CARTESIAN_POINT ( 'NONE',  ( 25.38033976807179215, -13.54235603521612497, -2.500000000000000000 ) ) ;
#7387 = DIRECTION ( 'NONE',  ( 1.000000000000000000, 0.000000000000000000, 0.000000000000000000 ) ) ;
#7388 = VECTOR ( 'NONE', #5740, 1000.000000000000000 ) ;
#7389 = EDGE_CURVE ( 'NONE', #470, #9474, #4804, .T. ) ;
#7390 = EDGE_CURVE ( 'NONE', #14, #4875, #6235, .T. ) ;
#7391 = ORIENTED_EDGE ( 'NONE', *, *, #4476, .T. ) ;
#7392 = CARTESIAN_POINT ( 'NONE',  ( -10.24935585154531381, -11.62758378290149786, 2.500000000000000444 ) ) ;
#7393 = AXIS2_PLACEMENT_3D ( 'NONE', #4808, #7401, #7552 ) ;
#7394 = ORIENTED_EDGE ( 'NONE', *, *, #8823, .T. ) ;
#7395 = CYLINDRICAL_SURFACE ( 'NONE', #1324, 2.000000000000000000 ) ;
#7396 = DIRECTION ( 'NONE',  ( 0.000000000000000000, 0.000000000000000000, 1.000000000000000000 ) ) ;
#7397 = ORIENTED_EDGE ( 'NONE', *, *, #4001, .F. ) ;
#7398 = LINE ( 'NONE', #4659, #2518 ) ;
#7399 = CARTESIAN_POINT ( 'NONE',  ( -6.969435128366655796, -18.99185453113828714, -2.500000000000000444 ) ) ;
#7400 = CARTESIAN_POINT ( 'NONE',  ( -2.387816587501835564, 8.429805248399567574, -2.500000000000000444 ) ) ;
#7401 = DIRECTION ( 'NONE',  ( -0.000000000000000000, -0.000000000000000000, 1.000000000000000000 ) ) ;
#7402 = AXIS2_PLACEMENT_3D ( 'NONE', #7725, #3921, #2276 ) ;
#7403 = ORIENTED_EDGE ( 'NONE', *, *, #929, .F. ) ;
#7404 = DIRECTION ( 'NONE',  ( 1.000000000000000000, 0.000000000000000000, 0.000000000000000000 ) ) ;
#7405 = ORIENTED_EDGE ( 'NONE', *, *, #7531, .F. ) ;
#7406 = LINE ( 'NONE', #616, #9114 ) ;
#7407 = FACE_OUTER_BOUND ( 'NONE', #800, .T. ) ;
#7408 = ORIENTED_EDGE ( 'NONE', *, *, #1449, .F. ) ;
#7409 = AXIS2_PLACEMENT_3D ( 'NONE', #5541, #6182, #3105 ) ;
#7410 = LINE ( 'NONE', #4397, #6490 ) ;
#7411 = VERTEX_POINT ( 'NONE', #1815 ) ;
#7412 = LINE ( 'NONE', #8017, #1731 ) ;
#7413 = VECTOR ( 'NONE', #351, 1000.000000000000000 ) ;
#7414 = VERTEX_POINT ( 'NONE', #8498 ) ;
#7415 = DIRECTION ( 'NONE',  ( 0.000000000000000000, 0.000000000000000000, 1.000000000000000000 ) ) ;
#7416 = DIRECTION ( 'NONE',  ( 1.000000000000000000, 0.000000000000000000, 0.000000000000000000 ) ) ;
#7417 = ADVANCED_FACE ( 'NONE', ( #132, #5486 ), #867, .T. ) ;
#7418 = DIRECTION ( 'NONE',  ( -0.000000000000000000, -0.000000000000000000, 1.000000000000000000 ) ) ;
#7419 = ORIENTED_EDGE ( 'NONE', *, *, #6863, .T. ) ;
#7420 = PLANE ( 'NONE',  #7757 ) ;
#7421 = VECTOR ( 'NONE', #8623, 999.9999999999998863 ) ;
#7422 = CARTESIAN_POINT ( 'NONE',  ( 8.221964726476825192, -8.157176732979412037, -2.500000000000000444 ) ) ;
#7423 = ADVANCED_FACE ( 'NONE', ( #2461, #2366, #820, #3905, #6911, #1023, #8552, #2417, #5438, #1768, #4009, #8442, #7016, #1711, #4749, #7764, #977, #237, #3256, #6562, #9581, #5784, #1869, #8701, #7313, #5741, #3554, #1921, #4849, #1127, #4303, #8840, #3513, #9447, #438, #4953, #529 ), #3460, .T. ) ;
#7424 = CIRCLE ( 'NONE', #1413, 15.50000000000000000 ) ;
#7425 = ORIENTED_EDGE ( 'NONE', *, *, #549, .T. ) ;
#7426 = DIRECTION ( 'NONE',  ( 0.9669420253356220130, 0.2549963129926495209, 0.000000000000000000 ) ) ;
#7427 = EDGE_LOOP ( 'NONE', ( #4735, #7705, #927, #4006 ) ) ;
#7428 = VECTOR ( 'NONE', #1370, 1000.000000000000000 ) ;
#7429 = DIRECTION ( 'NONE',  ( -0.000000000000000000, -0.000000000000000000, 1.000000000000000000 ) ) ;
#7430 = LINE ( 'NONE', #641, #9021 ) ;
#7431 = EDGE_CURVE ( 'NONE', #812, #5355, #5523, .T. ) ;
#7432 = ORIENTED_EDGE ( 'NONE', *, *, #5582, .T. ) ;
#7433 = EDGE_CURVE ( 'NONE', #1903, #7572, #1075, .T. ) ;
#7434 = VECTOR ( 'NONE', #2860, 1000.000000000000000 ) ;
#7435 = CARTESIAN_POINT ( 'NONE',  ( -11.17530463715804245, 3.041841955658825647, -2.500000000000000444 ) ) ;
#7436 = DIRECTION ( 'NONE',  ( -0.000000000000000000, 0.000000000000000000, 1.000000000000000000 ) ) ;
#7437 = VECTOR ( 'NONE', #2421, 1000.000000000000000 ) ;
#7438 = CARTESIAN_POINT ( 'NONE',  ( 0.000000000000000000, 0.000000000000000000, 12.50000000000000000 ) ) ;
#7439 = ORIENTED_EDGE ( 'NONE', *, *, #8880, .F. ) ;
#7440 = DIRECTION ( 'NONE',  ( -0.000000000000000000, -0.000000000000000000, 1.000000000000000000 ) ) ;
#7441 = VERTEX_POINT ( 'NONE', #2669 ) ;
#7442 = CIRCLE ( 'NONE', #4144, 22.00000000000015987 ) ;
#7443 = VECTOR ( 'NONE', #9551, 1000.000000000000114 ) ;
#7444 = CARTESIAN_POINT ( 'NONE',  ( -11.19901868863826166, -2.953339910681126668, -2.500000000000000444 ) ) ;
#7445 = CARTESIAN_POINT ( 'NONE',  ( 2.387816587501819576, 8.429805248399517836, -2.500000000000000444 ) ) ;
#7446 = VECTOR ( 'NONE', #8575, 1000.000000000000000 ) ;
#7447 = EDGE_CURVE ( 'NONE', #253, #3041, #4108, .T. ) ;
#7448 = ORIENTED_EDGE ( 'NONE', *, *, #3178, .F. ) ;
#7449 = EDGE_CURVE ( 'NONE', #8358, #4954, #3307, .T. ) ;
#7450 = PLANE ( 'NONE',  #1886 ) ;
#7451 = DIRECTION ( 'NONE',  ( -0.000000000000000000, -0.000000000000000000, 1.000000000000000000 ) ) ;
#7452 = CARTESIAN_POINT ( 'NONE',  ( -0.9674797890928458211, 5.415282233213501328, 19.96893990771447491 ) ) ;
#7453 = DIRECTION ( 'NONE',  ( 0.000000000000000000, 0.000000000000000000, 1.000000000000000000 ) ) ;
#7454 = VECTOR ( 'NONE', #4617, 1000.000000000000000 ) ;
#7455 = CIRCLE ( 'NONE', #172, 21.99999999999999289 ) ;
#7456 = ORIENTED_EDGE ( 'NONE', *, *, #4476, .F. ) ;
#7457 = FACE_OUTER_BOUND ( 'NONE', #3181, .T. ) ;
#7458 = ORIENTED_EDGE ( 'NONE', *, *, #4519, .T. ) ;
#7459 = CARTESIAN_POINT ( 'NONE',  ( -25.38033976807174952, -13.54235603521608766, -2.500000000000000444 ) ) ;
#7460 = AXIS2_PLACEMENT_3D ( 'NONE', #3225, #1579, #7633 ) ;
#7461 = CARTESIAN_POINT ( 'NONE',  ( -11.31056335679702585, -8.995100449718286484, 2.689257726104075097 ) ) ;
#7462 = ORIENTED_EDGE ( 'NONE', *, *, #8252, .T. ) ;
#7463 = CARTESIAN_POINT ( 'NONE',  ( 26.30116095055072378, -34.01836169854783520, 2.500000000000000444 ) ) ;
#7464 = ORIENTED_EDGE ( 'NONE', *, *, #3635, .T. ) ;
#7465 = PLANE ( 'NONE',  #4602 ) ;
#7466 = ORIENTED_EDGE ( 'NONE', *, *, #2593, .T. ) ;
#7467 = ADVANCED_FACE ( 'NONE', ( #5689 ), #3409, .F. ) ;
#7468 = LINE ( 'NONE', #4503, #6841 ) ;
#7469 = DIRECTION ( 'NONE',  ( -0.000000000000000000, 0.000000000000000000, 1.000000000000000000 ) ) ;
#7470 = CARTESIAN_POINT ( 'NONE',  ( 1.535911781320788982, 1.540000000000000036, 5.499999999999998224 ) ) ;
#7471 = B_SPLINE_CURVE_WITH_KNOTS ( 'NONE', 3,
 ( #4736, #6268, #7753, #275 ),
 .UNSPECIFIED., .F., .F.,
 ( 4, 4 ),
 ( 1.788112030672749005E-18, 0.002007903776505802918 ),
 .UNSPECIFIED. ) ;
#7472 = DIRECTION ( 'NONE',  ( -0.000000000000000000, -0.000000000000000000, 1.000000000000000000 ) ) ;
#7473 = DIRECTION ( 'NONE',  ( 0.9695105696079970858, 0.2450494958541578616, 0.000000000000000000 ) ) ;
#7474 = EDGE_LOOP ( 'NONE', ( #3863, #5543, #4560, #5446, #2371, #690, #3239, #4707, #8605, #1708 ) ) ;
#7475 = ADVANCED_FACE ( 'NONE', ( #337 ), #9494, .F. ) ;
#7476 = VECTOR ( 'NONE', #8265, 999.9999999999998863 ) ;
#7477 = ORIENTED_EDGE ( 'NONE', *, *, #6645, .F. ) ;
#7478 = CARTESIAN_POINT ( 'NONE',  ( 6.282812448554191853, 6.106517200318458904, -2.500000000000000444 ) ) ;
#7479 = VERTEX_POINT ( 'NONE', #4902 ) ;
#7480 = EDGE_CURVE ( 'NONE', #7926, #5042, #1555, .T. ) ;
#7481 = CARTESIAN_POINT ( 'NONE',  ( 39.78665438147414335, -16.31018495079455732, -2.500000000000000444 ) ) ;
#7482 = FACE_OUTER_BOUND ( 'NONE', #6333, .T. ) ;
#7483 = VERTEX_POINT ( 'NONE', #8059 ) ;
#7484 = DIRECTION ( 'NONE',  ( -0.8660254037844331565, 0.5000000000000095479, 0.000000000000000000 ) ) ;
#7485 = VECTOR ( 'NONE', #4694, 1000.000000000000000 ) ;
#7486 = CARTESIAN_POINT ( 'NONE',  ( 12.96271092476119691, 15.53163513676246943, -2.500000000000000444 ) ) ;
#7487 = CARTESIAN_POINT ( 'NONE',  ( 0.000000000000000000, 0.000000000000000000, 2.500000000000000444 ) ) ;
#7488 = EDGE_CURVE ( 'NONE', #2015, #6762, #9398, .T. ) ;
#7489 = VERTEX_POINT ( 'NONE', #4996 ) ;
#7490 = CARTESIAN_POINT ( 'NONE',  ( -18.99185453113835820, 6.969435128366795240, 2.500000000000000444 ) ) ;
#7491 = ADVANCED_FACE ( 'NONE', ( #1272 ), #2616, .T. ) ;
#7492 = ORIENTED_EDGE ( 'NONE', *, *, #5005, .T. ) ;
#7493 = CIRCLE ( 'NONE', #683, 1.924999999999999600 ) ;
#7494 = CARTESIAN_POINT ( 'NONE',  ( 0.000000000000000000, 0.000000000000000000, 5.499999999999998224 ) ) ;
#7495 = DIRECTION ( 'NONE',  ( -0.000000000000000000, -0.000000000000000000, 1.000000000000000000 ) ) ;
#7496 = DIRECTION ( 'NONE',  ( 1.000000000000000000, 0.000000000000000000, 0.000000000000000000 ) ) ;
#7497 = ORIENTED_EDGE ( 'NONE', *, *, #8641, .F. ) ;
#7498 = CARTESIAN_POINT ( 'NONE',  ( -3.469296921803616929, 12.94759237871393864, 3.353331896490925779 ) ) ;
#7499 = EDGE_CURVE ( 'NONE', #3379, #6387, #8011, .T. ) ;
#7500 = LINE ( 'NONE', #703, #3280 ) ;
#7501 = CARTESIAN_POINT ( 'NONE',  ( 40.62942283616637695, -3.500000000000427214, 2.500000000000000444 ) ) ;
#7502 = DIRECTION ( 'NONE',  ( 0.000000000000000000, 0.000000000000000000, 1.000000000000000000 ) ) ;
#7503 = EDGE_CURVE ( 'NONE', #1021, #5048, #7263, .T. ) ;
#7504 = VERTEX_POINT ( 'NONE', #712 ) ;
#7505 = CARTESIAN_POINT ( 'NONE',  ( -18.35596847918068164, 23.33891914284135183, 2.500000000000000444 ) ) ;
#7506 = EDGE_CURVE ( 'NONE', #710, #5107, #5831, .T. ) ;
#7507 = EDGE_LOOP ( 'NONE', ( #7682, #7698, #7649, #9220, #2499, #6184, #4678, #6008, #405 ) ) ;
#7508 = CARTESIAN_POINT ( 'NONE',  ( -23.34580033132854382, 33.43611231721984467, 2.500000000000000444 ) ) ;
#7509 = DIRECTION ( 'NONE',  ( 1.000000000000000000, 0.000000000000000000, 0.000000000000000000 ) ) ;
#7510 = VERTEX_POINT ( 'NONE', #9775 ) ;
#7511 = DIRECTION ( 'NONE',  ( -0.000000000000000000, -0.000000000000000000, 1.000000000000000000 ) ) ;
#7512 = EDGE_CURVE ( 'NONE', #6342, #1891, #3047, .T. ) ;
#7513 = VERTEX_POINT ( 'NONE', #761 ) ;
#7514 = DIRECTION ( 'NONE',  ( 1.000000000000000000, 0.000000000000000000, 0.000000000000000000 ) ) ;
#7515 = EDGE_CURVE ( 'NONE', #7076, #4884, #9625, .T. ) ;
#7516 = ORIENTED_EDGE ( 'NONE', *, *, #596, .T. ) ;
#7517 = CARTESIAN_POINT ( 'NONE',  ( 39.58364779650333531, 17.56088913245502781, 2.500000000000000444 ) ) ;
#7518 = CARTESIAN_POINT ( 'NONE',  ( -7.500000000000000000, 9.184850993605147944E-16, 15.21808462927431549 ) ) ;
#7519 = CARTESIAN_POINT ( 'NONE',  ( -1.749999999999994893, 3.031088913245541860, 2.500000000000000444 ) ) ;
#7520 = VERTEX_POINT ( 'NONE', #1505 ) ;
#7521 = B_SPLINE_CURVE_WITH_KNOTS ( 'NONE', 3,
 ( #2277, #3975, #2328, #8514 ),
 .UNSPECIFIED., .F., .F.,
 ( 4, 4 ),
 ( 4.336808689942017736E-19, 0.002007903776505750443 ),
 .UNSPECIFIED. ) ;
#7522 = DIRECTION ( 'NONE',  ( 1.000000000000000000, 0.000000000000000000, 0.000000000000000000 ) ) ;
#7523 = DIRECTION ( 'NONE',  ( 1.000000000000000000, 0.000000000000000000, 0.000000000000000000 ) ) ;
#7524 = ORIENTED_EDGE ( 'NONE', *, *, #1085, .T. ) ;
#7525 = ORIENTED_EDGE ( 'NONE', *, *, #6608, .T. ) ;
#7526 = VERTEX_POINT ( 'NONE', #570 ) ;
#7527 = CARTESIAN_POINT ( 'NONE',  ( 11.19901868863838423, 2.953339910681159530, -2.500000000000000444 ) ) ;
#7528 = CARTESIAN_POINT ( 'NONE',  ( -2.437417908701553948, 14.58700537629983707, 2.564006035009100071 ) ) ;
#7529 = AXIS2_PLACEMENT_3D ( 'NONE', #7162, #4688, #5479 ) ;
#7530 = ORIENTED_EDGE ( 'NONE', *, *, #4723, .F. ) ;
#7531 = EDGE_CURVE ( 'NONE', #3483, #2587, #2902, .T. ) ;
#7532 = CARTESIAN_POINT ( 'NONE',  ( 8.586881206085195117E-14, 16.44444402855260634, -2.500000000000000444 ) ) ;
#7533 = EDGE_CURVE ( 'NONE', #4412, #9637, #8191, .T. ) ;
#7534 = DIRECTION ( 'NONE',  ( 0.000000000000000000, 0.000000000000000000, 1.000000000000000000 ) ) ;
#7536 = CARTESIAN_POINT ( 'NONE',  ( 2.953339910681121339, -11.19901868863823680, 2.500000000000000444 ) ) ;
#7535 = VECTOR ( 'NONE', #6142, 1000.000000000000000 ) ;
#7537 = VECTOR ( 'NONE', #853, 1000.000000000000000 ) ;
#7538 = EDGE_LOOP ( 'NONE', ( #5124, #3116 ) ) ;
#7539 = MECHANICAL_DESIGN_GEOMETRIC_PRESENTATION_REPRESENTATION (  '', ( #2648 ), #8168 ) ;
#7540 = CARTESIAN_POINT ( 'NONE',  ( 15.55157169726830979, -37.93611231721990862, -2.500000000000000444 ) ) ;
#7541 = VERTEX_POINT ( 'NONE', #2205 ) ;
#7542 = CARTESIAN_POINT ( 'NONE',  ( 1.907297519529654650, 1.048558728490352365, 19.21203555339322122 ) ) ;
#7543 = AXIS2_PLACEMENT_3D ( 'NONE', #9552, #5057, #6628 ) ;
#7544 = CARTESIAN_POINT ( 'NONE',  ( -1.607953229886477153, 1.468865577868565087, 20.05448245300462418 ) ) ;
#7545 = DIRECTION ( 'NONE',  ( 0.000000000000000000, 0.000000000000000000, 1.000000000000000000 ) ) ;
#7546 = VERTEX_POINT ( 'NONE', #3601 ) ;
#7547 = CIRCLE ( 'NONE', #6898, 2.000000000000000000 ) ;
#7548 = EDGE_CURVE ( 'NONE', #6670, #7541, #3793, .T. ) ;
#7549 = DIRECTION ( 'NONE',  ( -0.6819983600624948128, 0.000000000000000000, -0.7313537016191739015 ) ) ;
#7550 = AXIS2_PLACEMENT_3D ( 'NONE', #5585, #1959, #1857 ) ;
#7551 = CARTESIAN_POINT ( 'NONE',  ( 4.426627195228806322, -16.52039759875991720, -2.500000000000000000 ) ) ;
#7552 = DIRECTION ( 'NONE',  ( -1.000000000000000000, 8.673617379884027583E-16, 0.000000000000000000 ) ) ;
#7553 = EDGE_LOOP ( 'NONE', ( #4029, #4046, #5435, #4576, #7658, #6929, #1748, #6097, #125, #9229 ) ) ;
#7554 = VECTOR ( 'NONE', #5575, 1000.000000000000114 ) ;
#7555 = VERTEX_POINT ( 'NONE', #2256 ) ;
#7556 = CARTESIAN_POINT ( 'NONE',  ( -14.24130627983772612, 8.222222014276400870, -2.500000000000000444 ) ) ;
#7557 = EDGE_CURVE ( 'NONE', #6819, #4733, #9005, .T. ) ;
#7558 = ORIENTED_EDGE ( 'NONE', *, *, #5200, .T. ) ;
#7559 = DIRECTION ( 'NONE',  ( -0.000000000000000000, -0.000000000000000000, 1.000000000000000000 ) ) ;
#7560 = DIRECTION ( 'NONE',  ( 0.7043042975908135883, -0.7098982014311000510, 0.000000000000000000 ) ) ;
#7561 = EDGE_CURVE ( 'NONE', #2597, #2783, #1246, .T. ) ;
#7562 = ORIENTED_EDGE ( 'NONE', *, *, #3801, .T. ) ;
#7563 = CARTESIAN_POINT ( 'NONE',  ( 25.38033976807179570, -13.54235603521612319, 2.500000000000000444 ) ) ;
#7564 = ADVANCED_FACE ( 'NONE', ( #7407 ), #5137, .F. ) ;
#7565 = VERTEX_POINT ( 'NONE', #7461 ) ;
#7566 = CARTESIAN_POINT ( 'NONE',  ( -0.000000000000000000, 1.540000000000000036, 22.50000000000000000 ) ) ;
#7567 = ORIENTED_EDGE ( 'NONE', *, *, #5771, .T. ) ;
#7568 = DIRECTION ( 'NONE',  ( -0.000000000000000000, -0.000000000000000000, 1.000000000000000000 ) ) ;
#7569 = LINE ( 'NONE', #6078, #1397 ) ;
#7570 = EDGE_CURVE ( 'NONE', #6370, #4733, #5236, .T. ) ;
#7571 = CARTESIAN_POINT ( 'NONE',  ( 32.43611231721941124, -25.07785113889799078, 2.500000000000000444 ) ) ;
#7572 = VERTEX_POINT ( 'NONE', #2949 ) ;
#7573 = ADVANCED_FACE ( 'NONE', ( #5093 ), #5974, .F. ) ;
#7574 = CARTESIAN_POINT ( 'NONE',  ( 11.03411263498094819, -27.56619458545760182, -2.500000000000000000 ) ) ;
#7575 = DIRECTION ( 'NONE',  ( -0.7170960345909682676, 0.6969743733982685097, 0.000000000000000000 ) ) ;
#7576 = VECTOR ( 'NONE', #7967, 1000.000000000000000 ) ;
#7577 = ORIENTED_EDGE ( 'NONE', *, *, #2731, .T. ) ;
#7578 = ORIENTED_EDGE ( 'NONE', *, *, #7979, .T. ) ;
#7579 = VERTEX_POINT ( 'NONE', #9033 ) ;
#7580 = CARTESIAN_POINT ( 'NONE',  ( -2.953339910681094693, -11.19901868863814620, -2.500000000000000444 ) ) ;
#7581 = CARTESIAN_POINT ( 'NONE',  ( 8.221964726476977958, 8.157176732979570133, 2.500000000000000444 ) ) ;
#7582 = AXIS2_PLACEMENT_3D ( 'NONE', #9255, #1036, #987 ) ;
#7583 = FACE_OUTER_BOUND ( 'NONE', #44, .T. ) ;
#7584 = CARTESIAN_POINT ( 'NONE',  ( 45.82842712474621294, 0.000000000000000000, 10.50000000000000000 ) ) ;
#7585 = CARTESIAN_POINT ( 'NONE',  ( -36.93611231721964572, 17.28362250483784734, 2.500000000000000444 ) ) ;
#7586 = AXIS2_PLACEMENT_3D ( 'NONE', #4879, #4085, #4136 ) ;
#7587 = ORIENTED_EDGE ( 'NONE', *, *, #6134, .T. ) ;
#7588 = CARTESIAN_POINT ( 'NONE',  ( -3.041841955658838526, 11.17530463715806910, -2.500000000000000444 ) ) ;
#7589 = ORIENTED_EDGE ( 'NONE', *, *, #4492, .F. ) ;
#7590 = CARTESIAN_POINT ( 'NONE',  ( 1.482373552470841016, 1.652644563122588783, 19.88223486291201070 ) ) ;
#7591 = DIRECTION ( 'NONE',  ( -0.000000000000000000, -0.000000000000000000, 1.000000000000000000 ) ) ;
#7592 = CARTESIAN_POINT ( 'NONE',  ( -28.75119701343867007, -0.9621455304449867407, 2.500000000000000444 ) ) ;
#7593 = VECTOR ( 'NONE', #542, 1000.000000000000000 ) ;
#7594 = ORIENTED_EDGE ( 'NONE', *, *, #3563, .F. ) ;
#7595 = DIRECTION ( 'NONE',  ( -0.000000000000000000, -0.000000000000000000, -1.000000000000000000 ) ) ;
#7596 = AXIS2_PLACEMENT_3D ( 'NONE', #5807, #3533, #2786 ) ;
#7597 = DIRECTION ( 'NONE',  ( -0.000000000000000000, -0.000000000000000000, 1.000000000000000000 ) ) ;
#7598 = LINE ( 'NONE', #6261, #5183 ) ;
#7599 = ORIENTED_EDGE ( 'NONE', *, *, #8587, .T. ) ;
#7600 = AXIS2_PLACEMENT_3D ( 'NONE', #228, #7656, #5378 ) ;
#7601 = ORIENTED_EDGE ( 'NONE', *, *, #1276, .F. ) ;
#7602 = CARTESIAN_POINT ( 'NONE',  ( -2.146992799845271360, -8.494333787820140813, -2.500000000000000444 ) ) ;
#7603 = VECTOR ( 'NONE', #1615, 999.9999999999998863 ) ;
#7604 = EDGE_CURVE ( 'NONE', #9058, #780, #1213, .T. ) ;
#7605 = ORIENTED_EDGE ( 'NONE', *, *, #6917, .F. ) ;
#7606 = VECTOR ( 'NONE', #845, 1000.000000000000000 ) ;
#7607 = DIRECTION ( 'NONE',  ( -0.000000000000000000, -0.000000000000000000, 1.000000000000000000 ) ) ;
#7608 = ORIENTED_EDGE ( 'NONE', *, *, #7185, .F. ) ;
#7609 = DIRECTION ( 'NONE',  ( -0.000000000000000000, -0.000000000000000000, 1.000000000000000000 ) ) ;
#7610 = AXIS2_PLACEMENT_3D ( 'NONE', #7896, #6362, #3342 ) ;
#7611 = VERTEX_POINT ( 'NONE', #27 ) ;
#7612 = DIRECTION ( 'NONE',  ( 0.9669420253356221240, -0.2549963129926494654, 0.000000000000000000 ) ) ;
#7613 = ORIENTED_EDGE ( 'NONE', *, *, #5874, .F. ) ;
#7614 = LINE ( 'NONE', #2956, #1275 ) ;
#7615 = EDGE_CURVE ( 'NONE', #3886, #3192, #1318, .T. ) ;
#7616 = VECTOR ( 'NONE', #4075, 1000.000000000000000 ) ;
#7617 = EDGE_CURVE ( 'NONE', #8075, #5717, #5201, .T. ) ;
#7618 = ORIENTED_EDGE ( 'NONE', *, *, #2482, .T. ) ;
#7619 = DIRECTION ( 'NONE',  ( 1.000000000000000000, 0.000000000000000000, 0.000000000000000000 ) ) ;
#7620 = CARTESIAN_POINT ( 'NONE',  ( 24.66324373348084720, 14.23933040861457222, -2.500000000000000444 ) ) ;
#7621 = DIRECTION ( 'NONE',  ( -0.000000000000000000, -0.000000000000000000, 1.000000000000000000 ) ) ;
#7622 = PLANE ( 'NONE',  #3033 ) ;
#7623 = LINE ( 'NONE', #1663, #4542 ) ;
#7624 = ORIENTED_EDGE ( 'NONE', *, *, #752, .T. ) ;
#7625 = EDGE_CURVE ( 'NONE', #6579, #14, #2857, .T. ) ;
#7626 = EDGE_CURVE ( 'NONE', #7546, #5576, #6468, .T. ) ;
#7627 = VERTEX_POINT ( 'NONE', #5328 ) ;
#7628 = ADVANCED_FACE ( 'NONE', ( #6853 ), #7726, .T. ) ;
#7629 = VERTEX_POINT ( 'NONE', #1012 ) ;
#7630 = CARTESIAN_POINT ( 'NONE',  ( 0.000000000000000000, 0.000000000000000000, 7.500000000000025757 ) ) ;
#7631 = DIRECTION ( 'NONE',  ( 0.9648945144237496274, 0.2626377277448091463, 0.000000000000000000 ) ) ;
#7632 = DIRECTION ( 'NONE',  ( 0.9695105696079973079, -0.2450494958541570845, 0.000000000000000000 ) ) ;
#7633 = DIRECTION ( 'NONE',  ( 0.9648945144237497384, -0.2626377277448084802, 0.000000000000000000 ) ) ;
#7634 = CARTESIAN_POINT ( 'NONE',  ( -1.533681331307185980, 1.542238110055505595, 16.37159261727940418 ) ) ;
#7635 = VECTOR ( 'NONE', #5514, 1000.000000000000000 ) ;
#7636 = ADVANCED_FACE ( 'NONE', ( #8541 ), #4636, .F. ) ;
#7637 = ORIENTED_EDGE ( 'NONE', *, *, #1239, .T. ) ;
#7638 = DIRECTION ( 'NONE',  ( 0.2549963129926495764, -0.9669420253356220130, 0.000000000000000000 ) ) ;
#7639 = ORIENTED_EDGE ( 'NONE', *, *, #8645, .F. ) ;
#7640 = CARTESIAN_POINT ( 'NONE',  ( 1.488383403719950593, 2.000568876562366150, 19.52428367912260754 ) ) ;
#7641 = DIRECTION ( 'NONE',  ( -1.000000000000000000, 0.000000000000000000, 0.000000000000000000 ) ) ;
#7642 = CARTESIAN_POINT ( 'NONE',  ( 33.43611231721992993, 23.34580033132843724, -2.500000000000000444 ) ) ;
#7643 = EDGE_LOOP ( 'NONE', ( #2981, #6015, #2800, #6123 ) ) ;
#7644 = DIRECTION ( 'NONE',  ( -1.000000000000000000, 0.000000000000000000, 0.000000000000000000 ) ) ;
#7645 = CARTESIAN_POINT ( 'NONE',  ( -0.9679999005021110436, 5.415184012234897537, 16.63138465070600347 ) ) ;
#7646 = CARTESIAN_POINT ( 'NONE',  ( -5.297684973240327722, 13.44526717744764355, -2.500000000000000444 ) ) ;
#7647 = ORIENTED_EDGE ( 'NONE', *, *, #3567, .T. ) ;
#7648 = CIRCLE ( 'NONE', #4645, 15.50000000000000000 ) ;
#7649 = ORIENTED_EDGE ( 'NONE', *, *, #3079, .F. ) ;
#7650 = CARTESIAN_POINT ( 'NONE',  ( -2.387816587501760068, -8.429805248399302897, -2.500000000000000444 ) ) ;
#7651 = EDGE_LOOP ( 'NONE', ( #4337, #4936, #6111, #9755, #3155 ) ) ;
#7652 = CARTESIAN_POINT ( 'NONE',  ( 11.17530463715804068, 3.041841955658831420, 2.500000000000000444 ) ) ;
#7653 = VERTEX_POINT ( 'NONE', #3246 ) ;
#7654 = DIRECTION ( 'NONE',  ( 1.000000000000000000, -9.462128050782659810E-16, 0.000000000000000000 ) ) ;
#7655 = ORIENTED_EDGE ( 'NONE', *, *, #3466, .T. ) ;
#7656 = DIRECTION ( 'NONE',  ( 0.000000000000000000, 0.000000000000000000, 1.000000000000000000 ) ) ;
#7657 = EDGE_CURVE ( 'NONE', #4676, #6835, #3093, .T. ) ;
#7658 = ORIENTED_EDGE ( 'NONE', *, *, #8760, .T. ) ;
#7659 = CARTESIAN_POINT ( 'NONE',  ( -10.24935585154506867, 11.62758378290171102, 2.500000000000000444 ) ) ;
#7660 = LINE ( 'NONE', #6125, #4864 ) ;
#7661 = ORIENTED_EDGE ( 'NONE', *, *, #9783, .T. ) ;
#7662 = CARTESIAN_POINT ( 'NONE',  ( -15.50000000000000000, 1.898202538678397557E-15, 2.500000000000000444 ) ) ;
#7663 = DIRECTION ( 'NONE',  ( -0.000000000000000000, 0.000000000000000000, 1.000000000000000000 ) ) ;
#7664 = CARTESIAN_POINT ( 'NONE',  ( 15.50000000000000000, 0.000000000000000000, 5.500000000000000888 ) ) ;
#7665 = EDGE_CURVE ( 'NONE', #8302, #6802, #8839, .T. ) ;
#7666 = DIRECTION ( 'NONE',  ( -0.6969743733982690648, 0.7170960345909676015, 0.000000000000000000 ) ) ;
#7667 = LINE ( 'NONE', #3014, #3751 ) ;
#7668 = ORIENTED_EDGE ( 'NONE', *, *, #3615, .T. ) ;
#7669 = VERTEX_POINT ( 'NONE', #3144 ) ;
#7670 = EDGE_CURVE ( 'NONE', #6762, #8695, #4114, .T. ) ;
#7671 = ORIENTED_EDGE ( 'NONE', *, *, #9665, .F. ) ;
#7672 = DIRECTION ( 'NONE',  ( 1.000000000000000000, 0.000000000000000000, 0.000000000000000000 ) ) ;
#7673 = CARTESIAN_POINT ( 'NONE',  ( 8.995100449718432145, -11.31056335679695302, 2.689257726104062662 ) ) ;
#7674 = CARTESIAN_POINT ( 'NONE',  ( 1.535911781320788982, 1.540000000000000036, 22.50000000000000000 ) ) ;
#7675 = CARTESIAN_POINT ( 'NONE',  ( -15.19446086639736393, -3.062410648413933512, 2.500000000000000444 ) ) ;
#7676 = DIRECTION ( 'NONE',  ( -0.2725361962097283541, -0.9621455304451258517, 0.000000000000000000 ) ) ;
#7677 = EDGE_CURVE ( 'NONE', #9170, #904, #767, .T. ) ;
#7678 = DIRECTION ( 'NONE',  ( -0.2549963129926494654, 0.9669420253356220130, 0.000000000000000000 ) ) ;
#7679 = ORIENTED_EDGE ( 'NONE', *, *, #2609, .T. ) ;
#7680 = DIRECTION ( 'NONE',  ( 0.000000000000000000, -0.000000000000000000, -1.000000000000000000 ) ) ;
#7681 = CIRCLE ( 'NONE', #9425, 1.000000000000000888 ) ;
#7682 = ORIENTED_EDGE ( 'NONE', *, *, #3302, .F. ) ;
#7683 = CARTESIAN_POINT ( 'NONE',  ( -11.17530463715791811, -3.041841955658796337, 2.500000000000000444 ) ) ;
#7684 = DIRECTION ( 'NONE',  ( -0.000000000000000000, -0.000000000000000000, 1.000000000000000000 ) ) ;
#7685 = CARTESIAN_POINT ( 'NONE',  ( -13.54235603521615516, 25.38033976807188452, -2.500000000000000444 ) ) ;
#7686 = VERTEX_POINT ( 'NONE', #226 ) ;
#7687 = VECTOR ( 'NONE', #4126, 999.9999999999998863 ) ;
#7688 = CARTESIAN_POINT ( 'NONE',  ( -2.134703820650483586, -14.29278542295874033, 2.689257726104076429 ) ) ;
#7689 = EDGE_CURVE ( 'NONE', #5107, #2345, #7471, .T. ) ;
#7690 = CARTESIAN_POINT ( 'NONE',  ( -1.518086301380016545, 1.557574711390224298, 16.39088598879368774 ) ) ;
#7691 = ADVANCED_FACE ( 'NONE', ( #6167 ), #965, .F. ) ;
#7692 = PLANE ( 'NONE',  #9285 ) ;
#7693 = CIRCLE ( 'NONE', #1360, 22.00000000000002132 ) ;
#7694 = ORIENTED_EDGE ( 'NONE', *, *, #5551, .F. ) ;
#7695 = EDGE_LOOP ( 'NONE', ( #6651, #9399, #1382, #7562 ) ) ;
#7696 = CARTESIAN_POINT ( 'NONE',  ( 25.07785113889788420, 32.43611231721950361, 2.500000000000000444 ) ) ;
#7697 = VECTOR ( 'NONE', #9462, 1000.000000000000000 ) ;
#7698 = ORIENTED_EDGE ( 'NONE', *, *, #3381, .F. ) ;
#7699 = LINE ( 'NONE', #1754, #9225 ) ;
#7700 = ORIENTED_EDGE ( 'NONE', *, *, #3140, .T. ) ;
#7701 = DIRECTION ( 'NONE',  ( 1.000000000000000000, 0.000000000000000000, 0.000000000000000000 ) ) ;
#7702 = VERTEX_POINT ( 'NONE', #9077 ) ;
#7703 = FACE_BOUND ( 'NONE', #8951, .T. ) ;
#7704 = AXIS2_PLACEMENT_3D ( 'NONE', #6188, #84, #3110 ) ;
#7705 = ORIENTED_EDGE ( 'NONE', *, *, #5519, .T. ) ;
#7706 = DIRECTION ( 'NONE',  ( -0.000000000000000000, -0.000000000000000000, 1.000000000000000000 ) ) ;
#7707 = DIRECTION ( 'NONE',  ( 1.000000000000000000, -5.329070518200751394E-15, 0.000000000000000000 ) ) ;
#7708 = VECTOR ( 'NONE', #3811, 1000.000000000000000 ) ;
#7709 = VERTEX_POINT ( 'NONE', #2301 ) ;
#7710 = DIRECTION ( 'NONE',  ( 0.000000000000000000, 0.000000000000000000, 1.000000000000000000 ) ) ;
#7711 = CARTESIAN_POINT ( 'NONE',  ( -17.56088913245517347, 39.58364779650327847, -2.500000000000000444 ) ) ;
#7712 = DIRECTION ( 'NONE',  ( -0.000000000000000000, -0.000000000000000000, 1.000000000000000000 ) ) ;
#7713 = ORIENTED_EDGE ( 'NONE', *, *, #6040, .T. ) ;
#7714 = CARTESIAN_POINT ( 'NONE',  ( 15.23933040861455623, 24.66324373348088983, 2.500000000000000444 ) ) ;
#7715 = CARTESIAN_POINT ( 'NONE',  ( 3.460219394376017998, -19.93214605312767773, -2.500000000000000444 ) ) ;
#7716 = LINE ( 'NONE', #9143, #6121 ) ;
#7717 = ORIENTED_EDGE ( 'NONE', *, *, #246, .F. ) ;
#7718 = CARTESIAN_POINT ( 'NONE',  ( 8.221964726476825192, -8.157176732979412037, -2.500000000000000444 ) ) ;
#7719 = EDGE_LOOP ( 'NONE', ( #1055, #1394, #9700, #550 ) ) ;
#7720 = EDGE_CURVE ( 'NONE', #6823, #6961, #1552, .T. ) ;
#7721 = VERTEX_POINT ( 'NONE', #4681 ) ;
#7722 = CARTESIAN_POINT ( 'NONE',  ( -2.953339910681166192, 11.19901868863841088, -2.500000000000000444 ) ) ;
#7723 = DIRECTION ( 'NONE',  ( -0.000000000000000000, -0.000000000000000000, 1.000000000000000000 ) ) ;
#7724 = LINE ( 'NONE', #8666, #8989 ) ;
#7725 = CARTESIAN_POINT ( 'NONE',  ( -39.58364779650320742, -17.56088913245530847, -2.500000000000000444 ) ) ;
#7726 = TOROIDAL_SURFACE ( 'NONE', #458, 9.671572875253835022, 2.000000000000000000 ) ;
#7727 = LINE ( 'NONE', #3871, #1133 ) ;
#7728 = PLANE ( 'NONE',  #7375 ) ;
#7729 = EDGE_LOOP ( 'NONE', ( #3295, #2787, #5939, #5748 ) ) ;
#7730 = DIRECTION ( 'NONE',  ( -0.000000000000000000, -0.000000000000000000, 1.000000000000000000 ) ) ;
#7731 = EDGE_CURVE ( 'NONE', #6265, #2015, #8433, .T. ) ;
#7732 = ORIENTED_EDGE ( 'NONE', *, *, #8116, .T. ) ;
#7733 = AXIS2_PLACEMENT_3D ( 'NONE', #2606, #8782, #5677 ) ;
#7734 = CARTESIAN_POINT ( 'NONE',  ( 1.886781462999336245, 1.104034517420089845, 17.90334323500989910 ) ) ;
#7735 = EDGE_CURVE ( 'NONE', #8143, #6846, #6900, .T. ) ;
#7736 = DIRECTION ( 'NONE',  ( 1.000000000000000000, 0.000000000000000000, 0.000000000000000000 ) ) ;
#7737 = DIRECTION ( 'NONE',  ( 0.7170960345909683786, -0.6969743733982683986, 0.000000000000000000 ) ) ;
#7738 = ORIENTED_EDGE ( 'NONE', *, *, #8578, .F. ) ;
#7739 = CARTESIAN_POINT ( 'NONE',  ( -3.500000000000002665, -34.99999999999999289, -2.500000000000000444 ) ) ;
#7740 = CARTESIAN_POINT ( 'NONE',  ( -2.000005582521529490, 0.8549127210354852124, 18.50224718121162937 ) ) ;
#7741 = PLANE ( 'NONE',  #6126 ) ;
#7742 = AXIS2_PLACEMENT_3D ( 'NONE', #9194, #3255, #2415 ) ;
#7743 = ORIENTED_EDGE ( 'NONE', *, *, #3924, .F. ) ;
#7744 = VERTEX_POINT ( 'NONE', #910 ) ;
#7745 = CARTESIAN_POINT ( 'NONE',  ( -3.500000000000010214, 2.519685848856318931E-14, -2.500000000000000444 ) ) ;
#7746 = ORIENTED_EDGE ( 'NONE', *, *, #2513, .F. ) ;
#7747 = VECTOR ( 'NONE', #9596, 1000.000000000000000 ) ;
#7748 = EDGE_CURVE ( 'NONE', #904, #5572, #9127, .T. ) ;
#7749 = DIRECTION ( 'NONE',  ( -0.000000000000000000, -0.000000000000000000, 1.000000000000000000 ) ) ;
#7750 = ADVANCED_FACE ( 'NONE', ( #3947 ), #2406, .F. ) ;
#7751 = AXIS2_PLACEMENT_3D ( 'NONE', #7718, #7173, #4705 ) ;
#7752 = ORIENTED_EDGE ( 'NONE', *, *, #9648, .F. ) ;
#7753 = CARTESIAN_POINT ( 'NONE',  ( 9.324020351701507892, 10.06330423973766308, 3.055993497343735932 ) ) ;
#7754 = VERTEX_POINT ( 'NONE', #6221 ) ;
#7755 = CARTESIAN_POINT ( 'NONE',  ( -3.469296921803616929, 12.94759237871393864, 3.353331896490925779 ) ) ;
#7756 = VECTOR ( 'NONE', #3248, 1000.000000000000000 ) ;
#7757 = AXIS2_PLACEMENT_3D ( 'NONE', #681, #40, #6187 ) ;
#7758 = CIRCLE ( 'NONE', #9177, 2.000000000000001776 ) ;
#7759 = ORIENTED_EDGE ( 'NONE', *, *, #290, .T. ) ;
#7760 = PLANE ( 'NONE',  #6727 ) ;
#7761 = DIRECTION ( 'NONE',  ( -1.000000000000000000, -6.938893903907222067E-15, 0.000000000000000000 ) ) ;
#7762 = ORIENTED_EDGE ( 'NONE', *, *, #5445, .F. ) ;
#7763 = LINE ( 'NONE', #9083, #3694 ) ;
#7764 = FACE_OUTER_BOUND ( 'NONE', #7538, .T. ) ;
#7765 = AXIS2_PLACEMENT_3D ( 'NONE', #3769, #5351, #9096 ) ;
#7766 = EDGE_LOOP ( 'NONE', ( #7462, #7301, #8732, #4786 ) ) ;
#7767 = PLANE ( 'NONE',  #5852 ) ;
#7768 = LINE ( 'NONE', #4906, #1226 ) ;
#7769 = DIRECTION ( 'NONE',  ( -0.9621455304451258517, 0.2725361962097283541, 0.000000000000000000 ) ) ;
#7770 = CIRCLE ( 'NONE', #8558, 2.000000000000000000 ) ;
#7771 = EDGE_LOOP ( 'NONE', ( #7314, #2387, #9669, #38 ) ) ;
#7772 = CARTESIAN_POINT ( 'NONE',  ( 14.24130627983780428, -8.222222014276193036, 2.500000000000000444 ) ) ;
#7773 = AXIS2_PLACEMENT_3D ( 'NONE', #581, #5932, #3807 ) ;
#7774 = ORIENTED_EDGE ( 'NONE', *, *, #2882, .T. ) ;
#7775 = CARTESIAN_POINT ( 'NONE',  ( -6.106517200318418048, 6.282812448554152773, 2.500000000000000444 ) ) ;
#7776 = DIRECTION ( 'NONE',  ( 0.000000000000000000, 0.000000000000000000, 1.000000000000000000 ) ) ;
#7777 = CARTESIAN_POINT ( 'NONE',  ( 23.33891914284126656, -18.35596847918064967, -2.500000000000000444 ) ) ;
#7778 = DIRECTION ( 'NONE',  ( -0.000000000000000000, -0.000000000000000000, 1.000000000000000000 ) ) ;
#7779 = DIRECTION ( 'NONE',  ( -0.000000000000000000, -0.000000000000000000, 1.000000000000000000 ) ) ;
#7780 = CYLINDRICAL_SURFACE ( 'NONE', #3424, 21.99999999999991473 ) ;
#7781 = EDGE_CURVE ( 'NONE', #8932, #1522, #2452, .T. ) ;
#7782 = ORIENTED_EDGE ( 'NONE', *, *, #2887, .T. ) ;
#7783 = LINE ( 'NONE', #2536, #7852 ) ;
#7784 = ORIENTED_EDGE ( 'NONE', *, *, #838, .T. ) ;
#7785 = DIRECTION ( 'NONE',  ( 1.000000000000000000, 0.000000000000000000, 0.000000000000000000 ) ) ;
#7786 = CARTESIAN_POINT ( 'NONE',  ( 4.426627195228881817, 16.52039759876010905, -2.500000000000000444 ) ) ;
#7787 = LINE ( 'NONE', #157, #7421 ) ;
#7788 = ORIENTED_EDGE ( 'NONE', *, *, #9566, .T. ) ;
#7789 = DIRECTION ( 'NONE',  ( 1.000000000000000000, 0.000000000000000000, 0.000000000000000000 ) ) ;
#7790 = CARTESIAN_POINT ( 'NONE',  ( -0.1263601012169577320, 5.500000000000001776, 16.37500000000000000 ) ) ;
#7791 = CARTESIAN_POINT ( 'NONE',  ( -7.806255641895631925E-15, -16.44444402855240028, -2.500000000000000444 ) ) ;
#7792 = EDGE_CURVE ( 'NONE', #5473, #2118, #3465, .T. ) ;
#7793 = EDGE_LOOP ( 'NONE', ( #3413, #1647, #8045, #2764 ) ) ;
#7794 = ORIENTED_EDGE ( 'NONE', *, *, #3009, .T. ) ;
#7795 = VERTEX_POINT ( 'NONE', #7204 ) ;
#7796 = CARTESIAN_POINT ( 'NONE',  ( 33.43611231721992993, 23.34580033132843369, 2.500000000000000444 ) ) ;
#7797 = VERTEX_POINT ( 'NONE', #3498 ) ;
#7798 = AXIS2_PLACEMENT_3D ( 'NONE', #5804, #9603, #9466 ) ;
#7799 = PLANE ( 'NONE',  #3062 ) ;
#7800 = EDGE_CURVE ( 'NONE', #6878, #6365, #4989, .T. ) ;
#7801 = EDGE_LOOP ( 'NONE', ( #9393, #271, #1816, #6338 ) ) ;
#7802 = DIRECTION ( 'NONE',  ( 0.000000000000000000, 0.000000000000000000, -1.000000000000000000 ) ) ;
#7803 = ORIENTED_EDGE ( 'NONE', *, *, #2541, .T. ) ;
#7804 = FACE_OUTER_BOUND ( 'NONE', #7307, .T. ) ;
#7805 = ADVANCED_FACE ( 'NONE', ( #2656 ), #1260, .F. ) ;
#7806 = AXIS2_PLACEMENT_3D ( 'NONE', #7128, #8612, #6570 ) ;
#7807 = EDGE_CURVE ( 'NONE', #904, #6977, #424, .T. ) ;
#7808 = ORIENTED_EDGE ( 'NONE', *, *, #166, .F. ) ;
#7809 = DIRECTION ( 'NONE',  ( -0.000000000000000000, -0.000000000000000000, 1.000000000000000000 ) ) ;
#7810 = CARTESIAN_POINT ( 'NONE',  ( 18.35596847918075980, -23.33891914284114222, 2.500000000000000444 ) ) ;
#7811 = ORIENTED_EDGE ( 'NONE', *, *, #5333, .F. ) ;
#7812 = DIRECTION ( 'NONE',  ( 0.2549963129926495209, -0.9669420253356220130, 0.000000000000000000 ) ) ;
#7813 = AXIS2_PLACEMENT_3D ( 'NONE', #3142, #711, #6019 ) ;
#7814 = DIRECTION ( 'NONE',  ( -0.000000000000000000, -0.000000000000000000, 1.000000000000000000 ) ) ;
#7815 = DIRECTION ( 'NONE',  ( 1.000000000000000000, 0.000000000000000000, 0.000000000000000000 ) ) ;
#7816 = ORIENTED_EDGE ( 'NONE', *, *, #2483, .F. ) ;
#7817 = DIRECTION ( 'NONE',  ( -0.000000000000000000, -0.000000000000000000, -1.000000000000000000 ) ) ;
#7818 = ADVANCED_FACE ( 'NONE', ( #6513 ), #1214, .T. ) ;
#7819 = CARTESIAN_POINT ( 'NONE',  ( 24.66324373348082588, -14.23933040861439991, -2.500000000000000444 ) ) ;
#7820 = ADVANCED_FACE ( 'NONE', ( #9482 ), #6464, .T. ) ;
#7821 = EDGE_CURVE ( 'NONE', #8260, #5473, #6175, .T. ) ;
#7822 = FACE_OUTER_BOUND ( 'NONE', #4992, .T. ) ;
#7823 = ORIENTED_EDGE ( 'NONE', *, *, #1541, .F. ) ;
#7824 = DIRECTION ( 'NONE',  ( -0.000000000000000000, 0.000000000000000000, 1.000000000000000000 ) ) ;
#7825 = ORIENTED_EDGE ( 'NONE', *, *, #4663, .F. ) ;
#7826 = PLANE ( 'NONE',  #8589 ) ;
#7827 = DIRECTION ( 'NONE',  ( -0.000000000000000000, -0.000000000000000000, 1.000000000000000000 ) ) ;
#7828 = LINE ( 'NONE', #7079, #3315 ) ;
#7829 = CARTESIAN_POINT ( 'NONE',  ( -4.227275442616313050, -29.39008111416170976, -2.500000000000000444 ) ) ;
#7830 = CARTESIAN_POINT ( 'NONE',  ( 0.000000000000000000, 0.000000000000000000, 12.50000000000000000 ) ) ;
#7831 = DIRECTION ( 'NONE',  ( 0.000000000000000000, -1.000000000000000000, 0.000000000000000000 ) ) ;
#7832 = EDGE_LOOP ( 'NONE', ( #2173, #7567, #1009, #1157 ) ) ;
#7833 = CARTESIAN_POINT ( 'NONE',  ( -28.56088913245539729, -20.53108891324546903, -2.500000000000000444 ) ) ;
#7834 = ORIENTED_EDGE ( 'NONE', *, *, #5044, .F. ) ;
#7835 = DIRECTION ( 'NONE',  ( -1.000000000000000000, 0.000000000000000000, 0.000000000000000000 ) ) ;
#7836 = CYLINDRICAL_SURFACE ( 'NONE', #1422, 1.000000000000002665 ) ;
#7837 = LINE ( 'NONE', #8523, #2204 ) ;
#7838 = EDGE_CURVE ( 'NONE', #3253, #6762, #5036, .T. ) ;
#7839 = ORIENTED_EDGE ( 'NONE', *, *, #7512, .T. ) ;
#7840 = FACE_OUTER_BOUND ( 'NONE', #6159, .T. ) ;
#7841 = CARTESIAN_POINT ( 'NONE',  ( -2.146992799845271360, -8.494333787820140813, 2.500000000000000444 ) ) ;
#7842 = CARTESIAN_POINT ( 'NONE',  ( 0.9621455304452010138, 28.75119701343881218, -2.500000000000000444 ) ) ;
#7843 = VERTEX_POINT ( 'NONE', #5584 ) ;
#7844 = AXIS2_PLACEMENT_3D ( 'NONE', #9122, #5370, #69 ) ;
#7845 = VERTEX_POINT ( 'NONE', #325 ) ;
#7846 = CARTESIAN_POINT ( 'NONE',  ( -23.33891914284121327, -18.35596847918060703, 2.500000000000000444 ) ) ;
#7847 = EDGE_LOOP ( 'NONE', ( #1802, #8287, #5348, #9281 ) ) ;
#7848 = CARTESIAN_POINT ( 'NONE',  ( -32.06088913245529426, 14.46891108675461268, -2.500000000000000444 ) ) ;
#7849 = ADVANCED_FACE ( 'NONE', ( #4244 ), #3353, .T. ) ;
#7850 = ORIENTED_EDGE ( 'NONE', *, *, #1753, .F. ) ;
#7851 = CARTESIAN_POINT ( 'NONE',  ( 3.043186370107725303, -13.37708729347502867, 3.055993497343953536 ) ) ;
#7852 = VECTOR ( 'NONE', #8518, 1000.000000000000000 ) ;
#7853 = CARTESIAN_POINT ( 'NONE',  ( 6.106517200318350547, -6.282812448554086160, 2.500000000000000444 ) ) ;
#7854 = FACE_BOUND ( 'NONE', #676, .T. ) ;
#7855 = AXIS2_PLACEMENT_3D ( 'NONE', #1442, #4330, #5262 ) ;
#7856 = EDGE_CURVE ( 'NONE', #8618, #874, #6780, .T. ) ;
#7857 = ORIENTED_EDGE ( 'NONE', *, *, #5933, .F. ) ;
#7858 = DIRECTION ( 'NONE',  ( 0.9621455304451257406, 0.2725361962097285762, 0.000000000000000000 ) ) ;
#7859 = CIRCLE ( 'NONE', #6595, 21.99999999999978328 ) ;
#7860 = CARTESIAN_POINT ( 'NONE',  ( 16.49238970772119828, -16.49238970772109170, -2.500000000000000444 ) ) ;
#7861 = CIRCLE ( 'NONE', #6116, 15.50000000000000000 ) ;
#7862 = VERTEX_POINT ( 'NONE', #8592 ) ;
#7863 = ADVANCED_FACE ( 'NONE', ( #1805 ), #5627, .T. ) ;
#7864 = CARTESIAN_POINT ( 'NONE',  ( -9.162830469435604641, -10.67453374887245232, 2.836032871894617724 ) ) ;
#7865 = EDGE_CURVE ( 'NONE', #8489, #1400, #8362, .T. ) ;
#7866 = AXIS2_PLACEMENT_3D ( 'NONE', #3366, #4061, #7119 ) ;
#7867 = CARTESIAN_POINT ( 'NONE',  ( 0.000000000000000000, 0.000000000000000000, 2.500000000000000444 ) ) ;
#7868 = ORIENTED_EDGE ( 'NONE', *, *, #7083, .F. ) ;
#7869 = CARTESIAN_POINT ( 'NONE',  ( -25.07785113889766038, -32.43611231721967414, -2.500000000000000444 ) ) ;
#7870 = VECTOR ( 'NONE', #4394, 1000.000000000000000 ) ;
#7871 = CARTESIAN_POINT ( 'NONE',  ( 8.494333787820233184, 2.146992799845305999, 2.500000000000000444 ) ) ;
#7872 = CIRCLE ( 'NONE', #1683, 2.000000000000001776 ) ;
#7873 = LINE ( 'NONE', #1874, #2319 ) ;
#7874 = ORIENTED_EDGE ( 'NONE', *, *, #6092, .F. ) ;
#7875 = DIRECTION ( 'NONE',  ( 1.000000000000000000, 0.000000000000000000, 0.000000000000000000 ) ) ;
#7876 = VECTOR ( 'NONE', #7217, 1000.000000000000114 ) ;
#7877 = ORIENTED_EDGE ( 'NONE', *, *, #8290, .T. ) ;
#7878 = DIRECTION ( 'NONE',  ( 1.000000000000000000, 0.000000000000000000, 0.000000000000000000 ) ) ;
#7879 = EDGE_CURVE ( 'NONE', #6637, #9202, #1115, .T. ) ;
#7880 = EDGE_CURVE ( 'NONE', #9093, #7627, #4151, .T. ) ;
#7881 = LINE ( 'NONE', #1035, #1922 ) ;
#7882 = DIRECTION ( 'NONE',  ( 0.9669420253356220130, -0.2549963129926494654, 0.000000000000000000 ) ) ;
#7883 = CARTESIAN_POINT ( 'NONE',  ( 0.000000000000000000, 0.000000000000000000, 10.50000000000000000 ) ) ;
#7884 = CARTESIAN_POINT ( 'NONE',  ( -6.036633602138888222, 22.52902330986026058, -2.500000000000000444 ) ) ;
#7885 = CARTESIAN_POINT ( 'NONE',  ( 24.41819423762669317, 15.20884097822257353, 2.500000000000000444 ) ) ;
#7886 = AXIS2_PLACEMENT_3D ( 'NONE', #5405, #8411, #1625 ) ;
#7887 = VERTEX_POINT ( 'NONE', #7960 ) ;
#7888 = CYLINDRICAL_SURFACE ( 'NONE', #8485, 21.99999999999999289 ) ;
#7889 = VERTEX_POINT ( 'NONE', #1168 ) ;
#7890 = CARTESIAN_POINT ( 'NONE',  ( 1.656671012296291989, 1.412389865481951334, 16.64663900629645354 ) ) ;
#7891 = CARTESIAN_POINT ( 'NONE',  ( -13.44526717744750322, -5.297684973240260220, 2.689257726104061774 ) ) ;
#7892 = CARTESIAN_POINT ( 'NONE',  ( 1.750000000000014211, 3.031088913245526317, -2.500000000000000444 ) ) ;
#7893 = AXIS2_PLACEMENT_3D ( 'NONE', #6283, #9242, #4057 ) ;
#7894 = EDGE_LOOP ( 'NONE', ( #7850, #1095, #4401, #8012 ) ) ;
#7895 = DIRECTION ( 'NONE',  ( -0.9669420253356220130, 0.2549963129926492988, 0.000000000000000000 ) ) ;
#7896 = CARTESIAN_POINT ( 'NONE',  ( 0.000000000000000000, 0.000000000000000000, 10.00000000000000000 ) ) ;
#7897 = LINE ( 'NONE', #3538, #1696 ) ;
#7898 = ORIENTED_EDGE ( 'NONE', *, *, #1435, .T. ) ;
#7899 = VECTOR ( 'NONE', #1966, 1000.000000000000000 ) ;
#7900 = ORIENTED_EDGE ( 'NONE', *, *, #3523, .T. ) ;
#7901 = CARTESIAN_POINT ( 'NONE',  ( 1.749999999999996225, -3.031088913245545857, -2.500000000000000444 ) ) ;
#7902 = VERTEX_POINT ( 'NONE', #5731 ) ;
#7903 = DIRECTION ( 'NONE',  ( -0.000000000000000000, -0.000000000000000000, 1.000000000000000000 ) ) ;
#7904 = VERTEX_POINT ( 'NONE', #8738 ) ;
#7905 = CARTESIAN_POINT ( 'NONE',  ( 1.750000000000034639, 3.031088913245514771, -2.500000000000000444 ) ) ;
#7906 = PLANE ( 'NONE',  #7550 ) ;
#7907 = AXIS2_PLACEMENT_3D ( 'NONE', #2195, #3589, #6604 ) ;
#7908 = LINE ( 'NONE', #8740, #2064 ) ;
#7909 = B_SPLINE_CURVE_WITH_KNOTS ( 'NONE', 3,
 ( #2601, #5622, #2552, #221 ),
 .UNSPECIFIED., .F., .F.,
 ( 4, 4 ),
 ( 0.000000000000000000, 0.002007903776505819398 ),
 .UNSPECIFIED. ) ;
#7910 = EDGE_CURVE ( 'NONE', #7099, #6365, #3690, .T. ) ;
#7911 = CIRCLE ( 'NONE', #1897, 15.50000000000000000 ) ;
#7912 = ORIENTED_EDGE ( 'NONE', *, *, #7188, .T. ) ;
#7913 = DIRECTION ( 'NONE',  ( -0.2725361962097285762, 0.9621455304451257406, 0.000000000000000000 ) ) ;
#7914 = ORIENTED_EDGE ( 'NONE', *, *, #5755, .F. ) ;
#7915 = CIRCLE ( 'NONE', #6165, 5.500000000000000000 ) ;
#7916 = EDGE_CURVE ( 'NONE', #590, #8517, #5367, .T. ) ;
#7917 = FACE_OUTER_BOUND ( 'NONE', #2487, .T. ) ;
#7918 = DIRECTION ( 'NONE',  ( 0.2626377277448089798, -0.9648945144237496274, 0.000000000000000000 ) ) ;
#7919 = DIRECTION ( 'NONE',  ( -0.000000000000000000, -0.000000000000000000, -1.000000000000000000 ) ) ;
#7920 = AXIS2_PLACEMENT_3D ( 'NONE', #2769, #1229, #572 ) ;
#7921 = VERTEX_POINT ( 'NONE', #7674 ) ;
#7922 = CARTESIAN_POINT ( 'NONE',  ( 0.000000000000000000, 0.000000000000000000, 9.671572875253831469 ) ) ;
#7923 = CARTESIAN_POINT ( 'NONE',  ( -40.62942283616639827, 3.500000000000143441, 2.500000000000000444 ) ) ;
#7924 = CIRCLE ( 'NONE', #8069, 2.174999999999999822 ) ;
#7925 = EDGE_CURVE ( 'NONE', #3360, #4746, #6627, .T. ) ;
#7926 = VERTEX_POINT ( 'NONE', #4338 ) ;
#7927 = EDGE_CURVE ( 'NONE', #9711, #6254, #6652, .T. ) ;
#7928 = CARTESIAN_POINT ( 'NONE',  ( 3.041841955658786123, -11.17530463715789324, -2.500000000000000444 ) ) ;
#7929 = CIRCLE ( 'NONE', #1, 2.000000000000000000 ) ;
#7930 = VECTOR ( 'NONE', #6575, 1000.000000000000000 ) ;
#7931 = ORIENTED_EDGE ( 'NONE', *, *, #429, .F. ) ;
#7932 = AXIS2_PLACEMENT_3D ( 'NONE', #9111, #2984, #2192 ) ;
#7933 = LINE ( 'NONE', #4119, #7970 ) ;
#7934 = CARTESIAN_POINT ( 'NONE',  ( 0.000000000000000000, 0.000000000000000000, 22.50000000000000000 ) ) ;
#7935 = EDGE_CURVE ( 'NONE', #6252, #26, #5125, .T. ) ;
#7936 = DIRECTION ( 'NONE',  ( 1.000000000000000000, -4.455085290576801329E-15, 0.000000000000000000 ) ) ;
#7937 = AXIS2_PLACEMENT_3D ( 'NONE', #5069, #7534, #7340 ) ;
#7938 = DIRECTION ( 'NONE',  ( -0.9621455304451258517, 0.2725361962097282986, 0.000000000000000000 ) ) ;
#7939 = DIRECTION ( 'NONE',  ( -0.000000000000000000, -0.000000000000000000, 1.000000000000000000 ) ) ;
#7940 = LINE ( 'NONE', #6443, #7687 ) ;
#7941 = AXIS2_PLACEMENT_3D ( 'NONE', #6828, #8907, #6682 ) ;
#7942 = ADVANCED_FACE ( 'NONE', ( #2246 ), #3731, .T. ) ;
#7943 = ORIENTED_EDGE ( 'NONE', *, *, #5631, .F. ) ;
#7944 = PLANE ( 'NONE',  #4689 ) ;
#7945 = VERTEX_POINT ( 'NONE', #4383 ) ;
#7946 = AXIS2_PLACEMENT_3D ( 'NONE', #5656, #7030, #8568 ) ;
#7947 = PLANE ( 'NONE',  #7798 ) ;
#7948 = DIRECTION ( 'NONE',  ( 0.7043042975908135883, -0.7098982014311000510, 0.000000000000000000 ) ) ;
#7949 = DIRECTION ( 'NONE',  ( 0.000000000000000000, 0.000000000000000000, -1.000000000000000000 ) ) ;
#7950 = ORIENTED_EDGE ( 'NONE', *, *, #2933, .F. ) ;
#7951 = CARTESIAN_POINT ( 'NONE',  ( 34.43611231721994415, 25.07785113889732287, 2.500000000000000444 ) ) ;
#7952 = CARTESIAN_POINT ( 'NONE',  ( -10.50000000000000000, 1.285879139104720831E-15, 9.671572875253831469 ) ) ;
#7953 = EDGE_CURVE ( 'NONE', #189, #1456, #1452, .T. ) ;
#7954 = VERTEX_POINT ( 'NONE', #8095 ) ;
#7955 = ORIENTED_EDGE ( 'NONE', *, *, #9384, .F. ) ;
#7956 = CARTESIAN_POINT ( 'NONE',  ( -19.93214605312775589, -3.460219394375873669, 2.500000000000000444 ) ) ;
#7957 = ORIENTED_EDGE ( 'NONE', *, *, #1392, .T. ) ;
#7958 = DIRECTION ( 'NONE',  ( -1.224646799147353207E-16, 1.000000000000000000, 0.000000000000000000 ) ) ;
#7959 = EDGE_LOOP ( 'NONE', ( #5298, #9758, #8828, #7671 ) ) ;
#7960 = CARTESIAN_POINT ( 'NONE',  ( -25.38033976807171399, 13.54235603521635234, -2.500000000000000000 ) ) ;
#7961 = LINE ( 'NONE', #7853, #8329 ) ;
#7962 = FACE_OUTER_BOUND ( 'NONE', #8257, .T. ) ;
#7963 = ORIENTED_EDGE ( 'NONE', *, *, #497, .T. ) ;
#7964 = DIRECTION ( 'NONE',  ( 0.7170960345909683786, -0.6969743733982683986, 0.000000000000000000 ) ) ;
#7965 = EDGE_LOOP ( 'NONE', ( #9327, #9717, #9073, #9136 ) ) ;
#7966 = CARTESIAN_POINT ( 'NONE',  ( -15.50000000000000000, 1.898202538678397557E-15, 5.500000000000000888 ) ) ;
#7967 = DIRECTION ( 'NONE',  ( -0.000000000000000000, -0.000000000000000000, 1.000000000000000000 ) ) ;
#7968 = ADVANCED_FACE ( 'NONE', ( #8236 ), #612, .T. ) ;
#7969 = EDGE_LOOP ( 'NONE', ( #8187, #9635, #6850, #220 ) ) ;
#7970 = VECTOR ( 'NONE', #5791, 1000.000000000000000 ) ;
#7971 = CARTESIAN_POINT ( 'NONE',  ( -15.53163513676237528, -12.96271092476099618, 2.500000000000000444 ) ) ;
#7972 = FACE_OUTER_BOUND ( 'NONE', #3433, .T. ) ;
#7973 = ORIENTED_EDGE ( 'NONE', *, *, #2032, .T. ) ;
#7974 = DIRECTION ( 'NONE',  ( -0.9621455304451257406, -0.2725361962097285207, 0.000000000000000000 ) ) ;
#7975 = VECTOR ( 'NONE', #7903, 1000.000000000000000 ) ;
#7976 = ORIENTED_EDGE ( 'NONE', *, *, #2826, .F. ) ;
#7977 = CARTESIAN_POINT ( 'NONE',  ( 1.535911781320788982, 1.540000000000000036, 16.29585429671393015 ) ) ;
#7978 = CARTESIAN_POINT ( 'NONE',  ( -1.528560524299929613, 1.547296908661011994, 20.19122068764816191 ) ) ;
#7979 = EDGE_CURVE ( 'NONE', #5117, #1021, #2891, .T. ) ;
#7980 = CARTESIAN_POINT ( 'NONE',  ( 1.272783903039381714, 5.351489518470383899, 16.85035743165722621 ) ) ;
#7981 = LINE ( 'NONE', #3325, #8971 ) ;
#7982 = FACE_OUTER_BOUND ( 'NONE', #1174, .T. ) ;
#7983 = ADVANCED_FACE ( 'NONE', ( #9764 ), #9670, .F. ) ;
#7984 = ORIENTED_EDGE ( 'NONE', *, *, #6712, .T. ) ;
#7985 = CARTESIAN_POINT ( 'NONE',  ( 39.78665438147414335, -16.31018495079455732, 2.500000000000000444 ) ) ;
#7986 = VERTEX_POINT ( 'NONE', #9023 ) ;
#7987 = CARTESIAN_POINT ( 'NONE',  ( -1.543571220819155210, 2.140000000000000124, 17.14977702759035694 ) ) ;
#7988 = FACE_OUTER_BOUND ( 'NONE', #6976, .T. ) ;
#7989 = CARTESIAN_POINT ( 'NONE',  ( 15.55157169726910382, 37.93611231721958177, 2.500000000000000444 ) ) ;
#7990 = EDGE_CURVE ( 'NONE', #8835, #3948, #7398, .T. ) ;
#7991 = EDGE_LOOP ( 'NONE', ( #1896, #8505, #4970, #7161 ) ) ;
#7992 = EDGE_CURVE ( 'NONE', #6722, #1471, #9573, .T. ) ;
#7993 = CARTESIAN_POINT ( 'NONE',  ( -18.99185453113837241, -6.969435128366506582, 2.500000000000000444 ) ) ;
#7994 = FACE_OUTER_BOUND ( 'NONE', #5152, .T. ) ;
#7995 = FACE_OUTER_BOUND ( 'NONE', #1695, .T. ) ;
#7996 = VERTEX_POINT ( 'NONE', #2987 ) ;
#7997 = ORIENTED_EDGE ( 'NONE', *, *, #9175, .F. ) ;
#7998 = CARTESIAN_POINT ( 'NONE',  ( -37.93611231721974519, -15.55157169726870414, 2.500000000000000444 ) ) ;
#7999 = ORIENTED_EDGE ( 'NONE', *, *, #7324, .T. ) ;
#8000 = EDGE_CURVE ( 'NONE', #5427, #8260, #1331, .T. ) ;
#8001 = ORIENTED_EDGE ( 'NONE', *, *, #3872, .T. ) ;
#8002 = EDGE_CURVE ( 'NONE', #7709, #6541, #5710, .T. ) ;
#8003 = CARTESIAN_POINT ( 'NONE',  ( -2.387816587501835564, 8.429805248399567574, -2.500000000000000444 ) ) ;
#8004 = ORIENTED_EDGE ( 'NONE', *, *, #3369, .F. ) ;
#8005 = DIRECTION ( 'NONE',  ( -0.000000000000000000, -0.000000000000000000, 1.000000000000000000 ) ) ;
#8006 = ORIENTED_EDGE ( 'NONE', *, *, #9665, .T. ) ;
#8007 = CARTESIAN_POINT ( 'NONE',  ( -6.106517200318361205, -6.282812448554106588, -2.500000000000000444 ) ) ;
#8008 = VERTEX_POINT ( 'NONE', #5824 ) ;
#8009 = CARTESIAN_POINT ( 'NONE',  ( 28.75119701343874468, -0.9621455304450586832, -2.500000000000000444 ) ) ;
#8010 = CIRCLE ( 'NONE', #4216, 2.000000000000000000 ) ;
#8011 = LINE ( 'NONE', #1227, #3623 ) ;
#8012 = ORIENTED_EDGE ( 'NONE', *, *, #9540, .F. ) ;
#8013 = DIRECTION ( 'NONE',  ( 1.000000000000000000, 1.776356839400250465E-15, 0.000000000000000000 ) ) ;
#8014 = VECTOR ( 'NONE', #2329, 1000.000000000000000 ) ;
#8015 = VECTOR ( 'NONE', #7638, 1000.000000000000000 ) ;
#8016 = ORIENTED_EDGE ( 'NONE', *, *, #5979, .F. ) ;
#8017 = CARTESIAN_POINT ( 'NONE',  ( -8.429805248399418360, -2.387816587501792487, -2.500000000000000444 ) ) ;
#8018 = VECTOR ( 'NONE', #1030, 1000.000000000000000 ) ;
#8019 = VERTEX_POINT ( 'NONE', #7498 ) ;
#8020 = CARTESIAN_POINT ( 'NONE',  ( -15.20884097822248471, -24.41819423762651908, 2.500000000000000444 ) ) ;
#8021 = CARTESIAN_POINT ( 'NONE',  ( -43.06088913245535110, 4.583647796503282912, -2.500000000000000444 ) ) ;
#8022 = VECTOR ( 'NONE', #357, 1000.000000000000000 ) ;
#8023 = AXIS2_PLACEMENT_3D ( 'NONE', #9528, #4293, #8593 ) ;
#8024 = LINE ( 'NONE', #5702, #6332 ) ;
#8025 = LINE ( 'NONE', #8205, #7930 ) ;
#8027 = AXIS2_PLACEMENT_3D ( 'NONE', #5597, #9401, #8657 ) ;
#8026 = CARTESIAN_POINT ( 'NONE',  ( 5.297684973240404993, -13.44526717744742683, -2.500000000000000444 ) ) ;
#8028 = ADVANCED_FACE ( 'NONE', ( #5273 ), #7450, .F. ) ;
#8029 = ORIENTED_EDGE ( 'NONE', *, *, #9064, .T. ) ;
#8030 = DIRECTION ( 'NONE',  ( 0.000000000000000000, 0.000000000000000000, 1.000000000000000000 ) ) ;
#8031 = ORIENTED_EDGE ( 'NONE', *, *, #7838, .T. ) ;
#8032 = CARTESIAN_POINT ( 'NONE',  ( -1.474289464427676277, 1.699354483196264587, 16.78754326525360696 ) ) ;
#8033 = CARTESIAN_POINT ( 'NONE',  ( 39.78665438147448441, 16.31018495079372954, 2.500000000000000444 ) ) ;
#8034 = FACE_OUTER_BOUND ( 'NONE', #3646, .T. ) ;
#8035 = ORIENTED_EDGE ( 'NONE', *, *, #6593, .T. ) ;
#8036 = CARTESIAN_POINT ( 'NONE',  ( 8.494333787820254500, -2.146992799845305111, -2.500000000000000444 ) ) ;
#8037 = VECTOR ( 'NONE', #7632, 1000.000000000000114 ) ;
#8038 = CARTESIAN_POINT ( 'NONE',  ( -34.99999999999998579, 3.500000000000124789, -2.500000000000000444 ) ) ;
#8039 = DIRECTION ( 'NONE',  ( -1.000000000000000000, 1.224646799147353454E-16, 0.000000000000000000 ) ) ;
#8040 = EDGE_LOOP ( 'NONE', ( #5861, #3444, #1322, #7405, #7782 ) ) ;
#8041 = EDGE_CURVE ( 'NONE', #3726, #8, #5082, .T. ) ;
#8042 = EDGE_LOOP ( 'NONE', ( #5369, #6151, #3114, #5185 ) ) ;
#8043 = CARTESIAN_POINT ( 'NONE',  ( -49.99999999999999289, 6.123233995736765296E-15, 10.00000000000000000 ) ) ;
#8044 = EDGE_CURVE ( 'NONE', #5059, #8534, #5503, .T. ) ;
#8045 = ORIENTED_EDGE ( 'NONE', *, *, #3318, .T. ) ;
#8046 = CARTESIAN_POINT ( 'NONE',  ( -11.91421356237309581, 0.000000000000000000, 11.08578643762692550 ) ) ;
#8047 = ORIENTED_EDGE ( 'NONE', *, *, #5619, .F. ) ;
#8048 = DIRECTION ( 'NONE',  ( -0.000000000000000000, -0.000000000000000000, 1.000000000000000000 ) ) ;
#8049 = EDGE_LOOP ( 'NONE', ( #7023, #5829, #7060, #1769 ) ) ;
#8050 = LINE ( 'NONE', #5826, #9 ) ;
#8051 = AXIS2_PLACEMENT_3D ( 'NONE', #285, #7663, #7815 ) ;
#8052 = ADVANCED_FACE ( 'NONE', ( #881 ), #1674, .F. ) ;
#8053 = EDGE_CURVE ( 'NONE', #6436, #827, #6473, .T. ) ;
#8054 = VERTEX_POINT ( 'NONE', #2626 ) ;
#8055 = CARTESIAN_POINT ( 'NONE',  ( 5.500000000000285105, 40.62942283616637695, -2.500000000000000444 ) ) ;
#8056 = EDGE_CURVE ( 'NONE', #5192, #3814, #4866, .T. ) ;
#8057 = ORIENTED_EDGE ( 'NONE', *, *, #5755, .T. ) ;
#8058 = CARTESIAN_POINT ( 'NONE',  ( 1.749999999999969358, -3.031088913245548522, -2.500000000000000444 ) ) ;
#8059 = CARTESIAN_POINT ( 'NONE',  ( 19.93214605312782695, -3.460219394375949165, -2.500000000000000444 ) ) ;
#8060 = ORIENTED_EDGE ( 'NONE', *, *, #7449, .F. ) ;
#8061 = FACE_OUTER_BOUND ( 'NONE', #4286, .T. ) ;
#8062 = CIRCLE ( 'NONE', #9155, 50.00000000000000000 ) ;
#8063 = ORIENTED_EDGE ( 'NONE', *, *, #8940, .T. ) ;
#8064 = CARTESIAN_POINT ( 'NONE',  ( 0.000000000000000000, 0.000000000000000000, 12.50000000000000000 ) ) ;
#8065 = ORIENTED_EDGE ( 'NONE', *, *, #8516, .T. ) ;
#8066 = TOROIDAL_SURFACE ( 'NONE', #622, 15.50000000000000000, 3.000000000000000000 ) ;
#8067 = DIRECTION ( 'NONE',  ( -0.000000000000000000, -0.000000000000000000, 1.000000000000000000 ) ) ;
#8068 = LINE ( 'NONE', #2734, #7298 ) ;
#8069 = AXIS2_PLACEMENT_3D ( 'NONE', #293, #3263, #4117 ) ;
#8070 = LINE ( 'NONE', #1285, #7747 ) ;
#8071 = DIRECTION ( 'NONE',  ( 1.000000000000000000, 3.469446951953614189E-15, 0.000000000000000000 ) ) ;
#8072 = CARTESIAN_POINT ( 'NONE',  ( -24.66324373348074772, 14.23933040861462196, -2.500000000000000444 ) ) ;
#8073 = CIRCLE ( 'NONE', #5076, 22.00000000000019185 ) ;
#8074 = AXIS2_PLACEMENT_3D ( 'NONE', #4878, #8470, #6357 ) ;
#8075 = VERTEX_POINT ( 'NONE', #5451 ) ;
#8076 = DIRECTION ( 'NONE',  ( 1.000000000000000000, 0.000000000000000000, 0.000000000000000000 ) ) ;
#8077 = ORIENTED_EDGE ( 'NONE', *, *, #4839, .T. ) ;
#8078 = CARTESIAN_POINT ( 'NONE',  ( 1.505879043925518301, 1.569703736554900475, 16.57348954129635032 ) ) ;
#8079 = CARTESIAN_POINT ( 'NONE',  ( 12.94759237871387292, 3.469296921803767031, 3.353331896490951092 ) ) ;
#8080 = LINE ( 'NONE', #9560, #5856 ) ;
#8081 = AXIS2_PLACEMENT_3D ( 'NONE', #3771, #1297, #2880 ) ;
#8082 = ORIENTED_EDGE ( 'NONE', *, *, #1929, .F. ) ;
#8083 = ADVANCED_FACE ( 'NONE', ( #6393 ), #3374, .T. ) ;
#8084 = DIRECTION ( 'NONE',  ( 1.000000000000000000, -8.042808843165191222E-15, 0.000000000000000000 ) ) ;
#8085 = CIRCLE ( 'NONE', #3816, 43.00000000000000711 ) ;
#8086 = DIRECTION ( 'NONE',  ( -0.000000000000000000, -0.000000000000000000, 1.000000000000000000 ) ) ;
#8087 = CARTESIAN_POINT ( 'NONE',  ( -2.953339910681166192, 11.19901868863841088, -2.500000000000000444 ) ) ;
#8088 =( GEOMETRIC_REPRESENTATION_CONTEXT ( 3 ) GLOBAL_UNCERTAINTY_ASSIGNED_CONTEXT ( ( #3060 ) ) GLOBAL_UNIT_ASSIGNED_CONTEXT ( ( #129, #1766, #7061 ) ) REPRESENTATION_CONTEXT ( 'NONE', 'WORKASPACE' ) );
#8089 = VERTEX_POINT ( 'NONE', #936 ) ;
#8090 = CARTESIAN_POINT ( 'NONE',  ( 1.543571220819154988, 2.140000000000000124, 19.45022297240963383 ) ) ;
#8091 = ORIENTED_EDGE ( 'NONE', *, *, #7927, .F. ) ;
#8092 = DIRECTION ( 'NONE',  ( 1.000000000000000000, 0.000000000000000000, 0.000000000000000000 ) ) ;
#8093 = DIRECTION ( 'NONE',  ( -0.000000000000000000, -0.000000000000000000, 1.000000000000000000 ) ) ;
#8094 = EDGE_LOOP ( 'NONE', ( #1430, #1147, #2020, #4345, #6404 ) ) ;
#8095 = CARTESIAN_POINT ( 'NONE',  ( 0.9621455304452017909, 28.75119701343881218, 2.500000000000000444 ) ) ;
#8096 = EDGE_CURVE ( 'NONE', #7611, #1358, #7724, .T. ) ;
#8097 = CARTESIAN_POINT ( 'NONE',  ( -8.494333787820115944, -2.146992799845274469, -2.500000000000000444 ) ) ;
#8098 = CARTESIAN_POINT ( 'NONE',  ( 28.56088913245554295, 20.53108891324527718, -2.500000000000000444 ) ) ;
#8099 = EDGE_LOOP ( 'NONE', ( #9695, #1332, #1325, #7235 ) ) ;
#8100 = CARTESIAN_POINT ( 'NONE',  ( -1.740378435631737775, 1.768599460620972730, 17.45504120875852649 ) ) ;
#8101 = EDGE_CURVE ( 'NONE', #8440, #7183, #9207, .T. ) ;
#8102 = VERTEX_POINT ( 'NONE', #4917 ) ;
#8103 = CARTESIAN_POINT ( 'NONE',  ( 11.31056335679705249, -8.995100449718375302, -2.500000000000000444 ) ) ;
#8104 = DIRECTION ( 'NONE',  ( 1.000000000000000000, 0.000000000000000000, 0.000000000000000000 ) ) ;
#8105 = ORIENTED_EDGE ( 'NONE', *, *, #8409, .F. ) ;
#8106 = PLANE ( 'NONE',  #4127 ) ;
#8107 = ADVANCED_FACE ( 'NONE', ( #2431 ), #4712, .F. ) ;
#8108 = VERTEX_POINT ( 'NONE', #6980 ) ;
#8109 = LINE ( 'NONE', #4353, #6794 ) ;
#8110 = EDGE_LOOP ( 'NONE', ( #6220, #7101, #2018, #8451 ) ) ;
#8111 = AXIS2_PLACEMENT_3D ( 'NONE', #2577, #7177, #9504 ) ;
#8112 = DIRECTION ( 'NONE',  ( 0.000000000000000000, -0.000000000000000000, -1.000000000000000000 ) ) ;
#8113 = FACE_OUTER_BOUND ( 'NONE', #6226, .T. ) ;
#8114 = EDGE_CURVE ( 'NONE', #7572, #4960, #1726, .T. ) ;
#8115 = CARTESIAN_POINT ( 'NONE',  ( 0.9669603961757869959, 5.415367186650712483, 19.96920230175285482 ) ) ;
#8116 = EDGE_CURVE ( 'NONE', #9419, #7479, #145, .T. ) ;
#8117 = DIRECTION ( 'NONE',  ( -0.9648945144237496274, -0.2626377277448090908, 0.000000000000000000 ) ) ;
#8118 = CARTESIAN_POINT ( 'NONE',  ( 3.041841955658786123, -11.17530463715789324, 2.500000000000000444 ) ) ;
#8119 = AXIS2_PLACEMENT_3D ( 'NONE', #6163, #5182, #3045 ) ;
#8120 = ORIENTED_EDGE ( 'NONE', *, *, #495, .F. ) ;
#8121 = CARTESIAN_POINT ( 'NONE',  ( 0.000000000000000000, 0.000000000000000000, -2.500000000000000000 ) ) ;
#8122 = ORIENTED_EDGE ( 'NONE', *, *, #1913, .F. ) ;
#8123 = CARTESIAN_POINT ( 'NONE',  ( -13.44526717744745703, 5.297684973240558648, 2.689257726104037793 ) ) ;
#8124 = CARTESIAN_POINT ( 'NONE',  ( 0.000000000000000000, 0.000000000000000000, 21.50000000000000000 ) ) ;
#8125 = VECTOR ( 'NONE', #8369, 1000.000000000000000 ) ;
#8126 = VERTEX_POINT ( 'NONE', #3171 ) ;
#8127 = CARTESIAN_POINT ( 'NONE',  ( 20.53108891324517060, -28.56088913245560690, 2.500000000000000444 ) ) ;
#8128 = FACE_OUTER_BOUND ( 'NONE', #6328, .T. ) ;
#8129 = CARTESIAN_POINT ( 'NONE',  ( 28.56088913245554295, 20.53108891324527718, 2.500000000000000444 ) ) ;
#8130 = VERTEX_POINT ( 'NONE', #6197 ) ;
#8131 = DIRECTION ( 'NONE',  ( 0.000000000000000000, 0.000000000000000000, 1.000000000000000000 ) ) ;
#8132 = ORIENTED_EDGE ( 'NONE', *, *, #3152, .T. ) ;
#8133 = LINE ( 'NONE', #1256, #1320 ) ;
#8134 = DIRECTION ( 'NONE',  ( -0.000000000000000000, 0.000000000000000000, 1.000000000000000000 ) ) ;
#8135 = ORIENTED_EDGE ( 'NONE', *, *, #3557, .T. ) ;
#8136 = DIRECTION ( 'NONE',  ( 1.000000000000000000, 0.000000000000000000, 0.000000000000000000 ) ) ;
#8137 = CARTESIAN_POINT ( 'NONE',  ( 3.500000000000285549, 40.62942283616639116, 2.500000000000000444 ) ) ;
#8138 = LINE ( 'NONE', #2847, #8710 ) ;
#8139 = CARTESIAN_POINT ( 'NONE',  ( -8.494333787820115944, -2.146992799845274469, 2.500000000000000444 ) ) ;
#8140 = ORIENTED_EDGE ( 'NONE', *, *, #9000, .T. ) ;
#8141 = DIRECTION ( 'NONE',  ( -0.8660254037844433705, -0.4999999999999918399, 0.000000000000000000 ) ) ;
#8142 = EDGE_CURVE ( 'NONE', #8813, #8980, #6322, .T. ) ;
#8143 = VERTEX_POINT ( 'NONE', #4022 ) ;
#8144 = CARTESIAN_POINT ( 'NONE',  ( -2.134703820650483586, -14.29278542295874033, -2.500000000000000444 ) ) ;
#8145 = EDGE_CURVE ( 'NONE', #2597, #26, #7828, .T. ) ;
#8146 = DIRECTION ( 'NONE',  ( -0.000000000000000000, -0.000000000000000000, 1.000000000000000000 ) ) ;
#8147 = ORIENTED_EDGE ( 'NONE', *, *, #8213, .T. ) ;
#8148 = DIRECTION ( 'NONE',  ( -0.000000000000000000, -0.000000000000000000, 1.000000000000000000 ) ) ;
#8149 = EDGE_CURVE ( 'NONE', #6265, #3253, #249, .T. ) ;
#8150 = ORIENTED_EDGE ( 'NONE', *, *, #4304, .T. ) ;
#8151 = PLANE ( 'NONE',  #4281 ) ;
#8152 = VECTOR ( 'NONE', #1406, 1000.000000000000000 ) ;
#8153 = EDGE_CURVE ( 'NONE', #4412, #6076, #5556, .T. ) ;
#8154 = ADVANCED_FACE ( 'NONE', ( #1828 ), #4816, .F. ) ;
#8155 = ORIENTED_EDGE ( 'NONE', *, *, #190, .T. ) ;
#8156 = DIRECTION ( 'NONE',  ( -0.4999999999999918954, 0.8660254037844433705, 0.000000000000000000 ) ) ;
#8157 = CARTESIAN_POINT ( 'NONE',  ( 3.041841955658786123, -11.17530463715789324, -2.500000000000000444 ) ) ;
#8158 = CARTESIAN_POINT ( 'NONE',  ( 2.387816587501787158, -8.429805248399395268, -2.500000000000000444 ) ) ;
#8159 = DIRECTION ( 'NONE',  ( -0.2626377277448083691, -0.9648945144237498495, 0.000000000000000000 ) ) ;
#8160 = CARTESIAN_POINT ( 'NONE',  ( 25.07785113889788420, 32.43611231721950361, 2.500000000000000444 ) ) ;
#8161 = VECTOR ( 'NONE', #1146, 1000.000000000000114 ) ;
#8162 = EDGE_CURVE ( 'NONE', #8618, #8624, #7130, .T. ) ;
#8163 = EDGE_LOOP ( 'NONE', ( #2105, #4551, #5952, #9147 ) ) ;
#8164 = EDGE_CURVE ( 'NONE', #5884, #5845, #8024, .T. ) ;
#8165 = VECTOR ( 'NONE', #1383, 1000.000000000000000 ) ;
#8166 = ORIENTED_EDGE ( 'NONE', *, *, #7879, .T. ) ;
#8167 = CYLINDRICAL_SURFACE ( 'NONE', #673, 22.00000000000019185 ) ;
#8168 =( GEOMETRIC_REPRESENTATION_CONTEXT ( 3 ) GLOBAL_UNCERTAINTY_ASSIGNED_CONTEXT ( ( #6036 ) ) GLOBAL_UNIT_ASSIGNED_CONTEXT ( ( #7146, #4978, #365 ) ) REPRESENTATION_CONTEXT ( 'NONE', 'WORKASPACE' ) );
#8169 = FACE_OUTER_BOUND ( 'NONE', #3300, .T. ) ;
#8170 = ORIENTED_EDGE ( 'NONE', *, *, #9107, .F. ) ;
#8171 = AXIS2_PLACEMENT_3D ( 'NONE', #925, #41, #8355 ) ;
#8172 = LINE ( 'NONE', #4278, #4386 ) ;
#8173 = CARTESIAN_POINT ( 'NONE',  ( -6.036633602138968158, -22.52902330986004387, 2.500000000000000444 ) ) ;
#8174 = CYLINDRICAL_SURFACE ( 'NONE', #7855, 21.99999999999986855 ) ;
#8175 = ORIENTED_EDGE ( 'NONE', *, *, #7389, .F. ) ;
#8176 = CARTESIAN_POINT ( 'NONE',  ( -9.822323147761157003, -11.51964875665639276, 2.500000000000000000 ) ) ;
#8177 = AXIS2_PLACEMENT_3D ( 'NONE', #7819, #4014, #6385 ) ;
#8178 = VERTEX_POINT ( 'NONE', #6487 ) ;
#8179 = DIRECTION ( 'NONE',  ( -0.000000000000000000, 0.000000000000000000, 1.000000000000000000 ) ) ;
#8180 = FACE_OUTER_BOUND ( 'NONE', #5362, .T. ) ;
#8181 = ORIENTED_EDGE ( 'NONE', *, *, #2124, .T. ) ;
#8182 = DIRECTION ( 'NONE',  ( -0.4999999999999892308, 0.8660254037844448138, 0.000000000000000000 ) ) ;
#8183 = CARTESIAN_POINT ( 'NONE',  ( 6.282812448554191853, 6.106517200318458904, -2.500000000000000444 ) ) ;
#8184 = CARTESIAN_POINT ( 'NONE',  ( -0.1282848731362864203, 5.499999999999999112, 20.22499999999999787 ) ) ;
#8185 = CARTESIAN_POINT ( 'NONE',  ( 14.23933040861451715, -24.66324373348070154, -2.500000000000000444 ) ) ;
#8186 = ADVANCED_FACE ( 'NONE', ( #2682 ), #1935, .F. ) ;
#8187 = ORIENTED_EDGE ( 'NONE', *, *, #8760, .F. ) ;
#8188 = CARTESIAN_POINT ( 'NONE',  ( -14.29278542295881493, 2.134703820650631911, 2.689257726104041790 ) ) ;
#8189 = ORIENTED_EDGE ( 'NONE', *, *, #6824, .T. ) ;
#8190 = CARTESIAN_POINT ( 'NONE',  ( -11.62758378290161509, -10.24935585154517526, 2.500000000000000444 ) ) ;
#8191 = LINE ( 'NONE', #9679, #5358 ) ;
#8192 = ORIENTED_EDGE ( 'NONE', *, *, #2087, .F. ) ;
#8193 = VECTOR ( 'NONE', #2063, 1000.000000000000000 ) ;
#8194 = DIRECTION ( 'NONE',  ( 0.2626377277448089798, -0.9648945144237496274, 0.000000000000000000 ) ) ;
#8195 = EDGE_CURVE ( 'NONE', #7441, #3425, #1312, .T. ) ;
#8196 = VERTEX_POINT ( 'NONE', #5841 ) ;
#8197 = DIRECTION ( 'NONE',  ( -1.000000000000000000, 0.000000000000000000, 0.000000000000000000 ) ) ;
#8198 = VECTOR ( 'NONE', #9621, 1000.000000000000000 ) ;
#8199 = ORIENTED_EDGE ( 'NONE', *, *, #6589, .T. ) ;
#8200 = DIRECTION ( 'NONE',  ( -1.000000000000000000, -1.734723475976805517E-15, 0.000000000000000000 ) ) ;
#8201 = CARTESIAN_POINT ( 'NONE',  ( 37.93611231721953914, -15.55157169726922994, 2.500000000000000444 ) ) ;
#8202 = CARTESIAN_POINT ( 'NONE',  ( 3.469296921803700418, -12.94759237871372370, 3.353331896491106523 ) ) ;
#8203 = ORIENTED_EDGE ( 'NONE', *, *, #4159, .T. ) ;
#8204 = EDGE_CURVE ( 'NONE', #7479, #6038, #8805, .T. ) ;
#8205 = CARTESIAN_POINT ( 'NONE',  ( -2.387816587501760068, -8.429805248399302897, 2.500000000000000444 ) ) ;
#8206 = VECTOR ( 'NONE', #8093, 1000.000000000000000 ) ;
#8207 = EDGE_CURVE ( 'NONE', #6365, #3379, #940, .T. ) ;
#8208 = DIRECTION ( 'NONE',  ( -0.000000000000000000, -0.000000000000000000, 1.000000000000000000 ) ) ;
#8209 = ORIENTED_EDGE ( 'NONE', *, *, #956, .T. ) ;
#8210 = AXIS2_PLACEMENT_3D ( 'NONE', #3212, #6334, #923 ) ;
#8211 = ORIENTED_EDGE ( 'NONE', *, *, #4347, .T. ) ;
#8212 = LINE ( 'NONE', #6177, #4384 ) ;
#8213 = EDGE_CURVE ( 'NONE', #7513, #8404, #8070, .T. ) ;
#8214 = EDGE_LOOP ( 'NONE', ( #5109, #4283, #4692, #6609, #5809 ) ) ;
#8215 = VECTOR ( 'NONE', #5460, 1000.000000000000000 ) ;
#8216 = LINE ( 'NONE', #2274, #8414 ) ;
#8217 = CARTESIAN_POINT ( 'NONE',  ( 14.46891108675404602, -32.06088913245552874, -2.500000000000000444 ) ) ;
#8218 = VERTEX_POINT ( 'NONE', #8851 ) ;
#8219 = EDGE_CURVE ( 'NONE', #114, #9637, #2078, .T. ) ;
#8220 = VECTOR ( 'NONE', #6808, 999.9999999999998863 ) ;
#8221 = CARTESIAN_POINT ( 'NONE',  ( -32.06088913245529426, 14.46891108675461268, -2.500000000000000444 ) ) ;
#8222 = CARTESIAN_POINT ( 'NONE',  ( 43.00000000000000711, 0.000000000000000000, 2.500000000000000444 ) ) ;
#8223 = EDGE_CURVE ( 'NONE', #5981, #1487, #8373, .T. ) ;
#8224 = CARTESIAN_POINT ( 'NONE',  ( 4.227275442616313050, -29.39008111416170976, 2.500000000000000444 ) ) ;
#8225 = VECTOR ( 'NONE', #1447, 1000.000000000000000 ) ;
#8226 = VERTEX_POINT ( 'NONE', #4172 ) ;
#8227 = CARTESIAN_POINT ( 'NONE',  ( -16.49238970772117696, -16.49238970772105262, -2.500000000000000444 ) ) ;
#8228 = ORIENTED_EDGE ( 'NONE', *, *, #9723, .F. ) ;
#8229 = CIRCLE ( 'NONE', #3659, 43.00000000000000711 ) ;
#8230 = CARTESIAN_POINT ( 'NONE',  ( 1.786598432286703453, 1.269067533892215049, 19.04391404576252356 ) ) ;
#8231 = VECTOR ( 'NONE', #7472, 1000.000000000000000 ) ;
#8232 = DIRECTION ( 'NONE',  ( -0.9621455304451258517, 0.2725361962097282986, 0.000000000000000000 ) ) ;
#8233 = CARTESIAN_POINT ( 'NONE',  ( 14.23933040861451715, -24.66324373348070154, -2.500000000000000444 ) ) ;
#8234 = AXIS2_PLACEMENT_3D ( 'NONE', #7274, #1974, #1186 ) ;
#8235 = VERTEX_POINT ( 'NONE', #397 ) ;
#8236 = FACE_OUTER_BOUND ( 'NONE', #7032, .T. ) ;
#8237 = CARTESIAN_POINT ( 'NONE',  ( -5.500000000000000000, 0.000000000000000000, 14.43026367804443488 ) ) ;
#8238 = CARTESIAN_POINT ( 'NONE',  ( -11.19901868863824568, 2.953339910681120895, -2.500000000000000444 ) ) ;
#8239 = CARTESIAN_POINT ( 'NONE',  ( 11.19901868863826166, -2.953339910681126668, -2.500000000000000444 ) ) ;
#8240 = VECTOR ( 'NONE', #3421, 1000.000000000000114 ) ;
#8241 = CIRCLE ( 'NONE', #5728, 43.00000000000000711 ) ;
#8242 = VERTEX_POINT ( 'NONE', #7179 ) ;
#8243 = CYLINDRICAL_SURFACE ( 'NONE', #7844, 2.000000000000001776 ) ;
#8244 = EDGE_LOOP ( 'NONE', ( #6668, #5425, #2909, #1751 ) ) ;
#8245 = DIRECTION ( 'NONE',  ( 1.000000000000000000, 0.000000000000000000, 0.000000000000000000 ) ) ;
#8246 = DIRECTION ( 'NONE',  ( -0.000000000000000000, -0.000000000000000000, 1.000000000000000000 ) ) ;
#8247 = ORIENTED_EDGE ( 'NONE', *, *, #3001, .T. ) ;
#8248 = EDGE_CURVE ( 'NONE', #7744, #6074, #3418, .T. ) ;
#8249 = DIRECTION ( 'NONE',  ( -1.000000000000000000, 0.000000000000000000, 0.000000000000000000 ) ) ;
#8250 = VERTEX_POINT ( 'NONE', #8994 ) ;
#8251 = DIRECTION ( 'NONE',  ( -0.000000000000000000, -0.000000000000000000, 1.000000000000000000 ) ) ;
#8252 = EDGE_CURVE ( 'NONE', #5845, #8282, #6770, .T. ) ;
#8253 = ORIENTED_EDGE ( 'NONE', *, *, #8955, .T. ) ;
#8254 = LINE ( 'NONE', #2167, #2424 ) ;
#8255 = CARTESIAN_POINT ( 'NONE',  ( 43.06088913245531558, -4.583647796503583116, -2.500000000000000444 ) ) ;
#8256 = LINE ( 'NONE', #1470, #7272 ) ;
#8257 = EDGE_LOOP ( 'NONE', ( #854, #4789, #6409, #3964 ) ) ;
#8258 = LINE ( 'NONE', #7715, #3339 ) ;
#8259 = DIRECTION ( 'NONE',  ( -0.7098982014311000510, -0.7043042975908135883, 0.000000000000000000 ) ) ;
#8260 = VERTEX_POINT ( 'NONE', #8202 ) ;
#8261 = CIRCLE ( 'NONE', #522, 43.58578643762692195 ) ;
#8262 = ORIENTED_EDGE ( 'NONE', *, *, #7499, .T. ) ;
#8263 = EDGE_CURVE ( 'NONE', #7303, #7921, #9689, .T. ) ;
#8264 = ORIENTED_EDGE ( 'NONE', *, *, #3278, .T. ) ;
#8265 = DIRECTION ( 'NONE',  ( -0.9669420253356221240, 0.2549963129926493544, 0.000000000000000000 ) ) ;
#8266 = CARTESIAN_POINT ( 'NONE',  ( -43.06088913245535110, 4.583647796503282912, -2.500000000000000444 ) ) ;
#8267 = ORIENTED_EDGE ( 'NONE', *, *, #1646, .T. ) ;
#8268 = CARTESIAN_POINT ( 'NONE',  ( 0.000000000000000000, 0.000000000000000000, 11.08578643762692550 ) ) ;
#8269 = TOROIDAL_SURFACE ( 'NONE', #7806, 45.82842712474621294, 2.000000000000000000 ) ;
#8270 = PLANE ( 'NONE',  #8081 ) ;
#8271 = CARTESIAN_POINT ( 'NONE',  ( 15.20884097822250425, -24.41819423762654750, 2.500000000000000444 ) ) ;
#8272 = ADVANCED_FACE ( 'NONE', ( #6864 ), #2219, .F. ) ;
#8273 = VERTEX_POINT ( 'NONE', #8301 ) ;
#8274 = FACE_OUTER_BOUND ( 'NONE', #4510, .T. ) ;
#8275 = EDGE_CURVE ( 'NONE', #8519, #708, #3011, .T. ) ;
#8276 = ORIENTED_EDGE ( 'NONE', *, *, #6465, .F. ) ;
#8277 = AXIS2_PLACEMENT_3D ( 'NONE', #9479, #1907, #2707 ) ;
#8278 = DIRECTION ( 'NONE',  ( 1.000000000000000000, 0.000000000000000000, 0.000000000000000000 ) ) ;
#8279 = EDGE_CURVE ( 'NONE', #4588, #7862, #6007, .T. ) ;
#8280 = CARTESIAN_POINT ( 'NONE',  ( -1.992706960439258435, 0.8730506831404711843, 18.65153664615970186 ) ) ;
#8281 = DIRECTION ( 'NONE',  ( -0.000000000000000000, -0.000000000000000000, 1.000000000000000000 ) ) ;
#8282 = VERTEX_POINT ( 'NONE', #3665 ) ;
#8283 = DIRECTION ( 'NONE',  ( 0.6969743733982683986, 0.7170960345909681566, 0.000000000000000000 ) ) ;
#8284 = PLANE ( 'NONE',  #4234 ) ;
#8285 = CARTESIAN_POINT ( 'NONE',  ( -1.925065460302588738, 5.152098890595166125, 18.17429158787444621 ) ) ;
#8286 = DIRECTION ( 'NONE',  ( -0.000000000000000000, -0.000000000000000000, -1.000000000000000000 ) ) ;
#8287 = ORIENTED_EDGE ( 'NONE', *, *, #1327, .F. ) ;
#8288 = LINE ( 'NONE', #1501, #7211 ) ;
#8289 = ORIENTED_EDGE ( 'NONE', *, *, #1264, .T. ) ;
#8290 = EDGE_CURVE ( 'NONE', #8835, #4202, #3636, .T. ) ;
#8291 = DIRECTION ( 'NONE',  ( -0.000000000000000000, -0.000000000000000000, 1.000000000000000000 ) ) ;
#8292 = EDGE_CURVE ( 'NONE', #7845, #2303, #5196, .T. ) ;
#8293 = CARTESIAN_POINT ( 'NONE',  ( -6.106517200318418048, 6.282812448554152773, -2.500000000000000444 ) ) ;
#8294 = VERTEX_POINT ( 'NONE', #5148 ) ;
#8295 = CARTESIAN_POINT ( 'NONE',  ( -5.182636859575091570, -13.85142617536651954, 2.564006035009126272 ) ) ;
#8296 = ORIENTED_EDGE ( 'NONE', *, *, #4409, .T. ) ;
#8297 = DIRECTION ( 'NONE',  ( -3.686287386450714287E-15, -1.000000000000000000, 0.000000000000000000 ) ) ;
#8298 = ORIENTED_EDGE ( 'NONE', *, *, #9451, .T. ) ;
#8299 = LINE ( 'NONE', #580, #5114 ) ;
#8300 = DIRECTION ( 'NONE',  ( 0.9648945144237498495, -0.2626377277448084802, 0.000000000000000000 ) ) ;
#8301 = CARTESIAN_POINT ( 'NONE',  ( 36.93611231721988020, 17.28362250483732865, -2.500000000000000444 ) ) ;
#8302 = VERTEX_POINT ( 'NONE', #679 ) ;
#8303 = FACE_OUTER_BOUND ( 'NONE', #8094, .T. ) ;
#8304 = DIRECTION ( 'NONE',  ( -0.000000000000000000, -0.000000000000000000, 1.000000000000000000 ) ) ;
#8305 = ORIENTED_EDGE ( 'NONE', *, *, #6246, .T. ) ;
#8306 = ORIENTED_EDGE ( 'NONE', *, *, #8570, .T. ) ;
#8307 = ORIENTED_EDGE ( 'NONE', *, *, #638, .F. ) ;
#8308 = DIRECTION ( 'NONE',  ( 0.9669420253356220130, -0.2549963129926494099, 0.000000000000000000 ) ) ;
#8309 = CARTESIAN_POINT ( 'NONE',  ( 25.38033976807181702, 13.54235603521630260, 2.500000000000000444 ) ) ;
#8310 = VECTOR ( 'NONE', #1698, 1000.000000000000000 ) ;
#8311 = DIRECTION ( 'NONE',  ( 1.000000000000000000, 0.000000000000000000, 0.000000000000000000 ) ) ;
#8312 = CARTESIAN_POINT ( 'NONE',  ( 0.000000000000000000, 0.000000000000000000, 15.21808462927431549 ) ) ;
#8314 = CIRCLE ( 'NONE', #875, 21.99999999999998579 ) ;
#8313 = DIRECTION ( 'NONE',  ( 0.000000000000000000, -1.000000000000000000, 0.000000000000000000 ) ) ;
#8315 = ADVANCED_FACE ( 'NONE', ( #6673 ), #8352, .F. ) ;
#8316 = AXIS2_PLACEMENT_3D ( 'NONE', #4939, #7343, #7198 ) ;
#8317 = EDGE_CURVE ( 'NONE', #9487, #7197, #8256, .T. ) ;
#8318 = ORIENTED_EDGE ( 'NONE', *, *, #4068, .T. ) ;
#8319 = VECTOR ( 'NONE', #8909, 1000.000000000000000 ) ;
#8320 = DIRECTION ( 'NONE',  ( -0.9648945144237496274, -0.2626377277448090908, 0.000000000000000000 ) ) ;
#8321 = VERTEX_POINT ( 'NONE', #823 ) ;
#8322 = CARTESIAN_POINT ( 'NONE',  ( 1.458430684860514859, 2.273701015477683995, 19.55642546036654394 ) ) ;
#8323 = AXIS2_PLACEMENT_3D ( 'NONE', #2823, #6720, #8997 ) ;
#8324 = DIRECTION ( 'NONE',  ( 1.000000000000000000, 0.000000000000000000, 0.000000000000000000 ) ) ;
#8325 = LINE ( 'NONE', #4624, #6479 ) ;
#8326 = ORIENTED_EDGE ( 'NONE', *, *, #2541, .F. ) ;
#8327 = VECTOR ( 'NONE', #6561, 1000.000000000000000 ) ;
#8328 = DIRECTION ( 'NONE',  ( 1.000000000000000000, 0.000000000000000000, 0.000000000000000000 ) ) ;
#8329 = VECTOR ( 'NONE', #1066, 1000.000000000000114 ) ;
#8330 = CARTESIAN_POINT ( 'NONE',  ( -1.900611847072950500, 1.078674165456823708, 18.62139476971581686 ) ) ;
#8331 = CARTESIAN_POINT ( 'NONE',  ( 8.157176732979465328, -8.221964726476871377, 2.500000000000000444 ) ) ;
#8332 = EDGE_CURVE ( 'NONE', #4202, #4607, #3000, .T. ) ;
#8333 = EDGE_CURVE ( 'NONE', #2727, #9707, #4592, .T. ) ;
#8334 = ORIENTED_EDGE ( 'NONE', *, *, #9567, .F. ) ;
#8335 = AXIS2_PLACEMENT_3D ( 'NONE', #8582, #3135, #4674 ) ;
#8336 = ORIENTED_EDGE ( 'NONE', *, *, #247, .F. ) ;
#8337 = FACE_OUTER_BOUND ( 'NONE', #1362, .T. ) ;
#8338 = VERTEX_POINT ( 'NONE', #5984 ) ;
#8339 = FACE_OUTER_BOUND ( 'NONE', #665, .T. ) ;
#8340 = ORIENTED_EDGE ( 'NONE', *, *, #9302, .F. ) ;
#8341 = CARTESIAN_POINT ( 'NONE',  ( 1.750000000000034639, 3.031088913245514771, 2.500000000000000444 ) ) ;
#8342 = ORIENTED_EDGE ( 'NONE', *, *, #5970, .F. ) ;
#8343 = CARTESIAN_POINT ( 'NONE',  ( 25.66324373348085075, 14.23933040861457222, 2.500000000000000444 ) ) ;
#8344 = EDGE_CURVE ( 'NONE', #3048, #8389, #3106, .T. ) ;
#8345 = EDGE_CURVE ( 'NONE', #3726, #2065, #1516, .T. ) ;
#8346 = ORIENTED_EDGE ( 'NONE', *, *, #8292, .T. ) ;
#8347 = CARTESIAN_POINT ( 'NONE',  ( -13.44526717744750322, -5.297684973240260220, -2.500000000000000444 ) ) ;
#8348 = ORIENTED_EDGE ( 'NONE', *, *, #5869, .F. ) ;
#8349 = APPLICATION_PROTOCOL_DEFINITION ( 'draft international standard', 'automotive_design', 1998, #9798 ) ;
#8350 = FACE_OUTER_BOUND ( 'NONE', #1601, .T. ) ;
#8351 = CYLINDRICAL_SURFACE ( 'NONE', #3776, 2.000000000000001776 ) ;
#8352 = PLANE ( 'NONE',  #1730 ) ;
#8353 = EDGE_CURVE ( 'NONE', #4052, #7709, #8535, .T. ) ;
#8354 = DIRECTION ( 'NONE',  ( -0.000000000000000000, -0.000000000000000000, 1.000000000000000000 ) ) ;
#8355 = DIRECTION ( 'NONE',  ( 0.000000000000000000, 0.000000000000000000, -1.000000000000000000 ) ) ;
#8356 = AXIS2_PLACEMENT_3D ( 'NONE', #6381, #7919, #5045 ) ;
#8357 = ORIENTED_EDGE ( 'NONE', *, *, #7199, .F. ) ;
#8358 = VERTEX_POINT ( 'NONE', #6130 ) ;
#8359 = ORIENTED_EDGE ( 'NONE', *, *, #7910, .T. ) ;
#8360 = FACE_OUTER_BOUND ( 'NONE', #7894, .T. ) ;
#8361 = CARTESIAN_POINT ( 'NONE',  ( 14.23933040861455268, 24.66324373348088983, 2.500000000000000444 ) ) ;
#8362 = CIRCLE ( 'NONE', #5209, 15.50000000000000000 ) ;
#8363 = LINE ( 'NONE', #1531, #5039 ) ;
#8364 = CARTESIAN_POINT ( 'NONE',  ( -3.597382808306913178E-14, -3.500000000000009770, 2.500000000000000444 ) ) ;
#8365 = DIRECTION ( 'NONE',  ( -1.000000000000000000, 1.027823659516258046E-14, 0.000000000000000000 ) ) ;
#8366 = CIRCLE ( 'NONE', #9484, 6.706917346683512804 ) ;
#8367 = ORIENTED_EDGE ( 'NONE', *, *, #2544, .T. ) ;
#8368 = VERTEX_POINT ( 'NONE', #773 ) ;
#8369 = DIRECTION ( 'NONE',  ( -0.000000000000000000, -0.000000000000000000, 1.000000000000000000 ) ) ;
#8370 = CARTESIAN_POINT ( 'NONE',  ( 3.500000000000001332, -40.62942283616641248, -2.500000000000000444 ) ) ;
#8371 = EDGE_CURVE ( 'NONE', #31, #7411, #2312, .T. ) ;
#8372 = DIRECTION ( 'NONE',  ( 1.000000000000000000, 3.469446951953617344E-15, 0.000000000000000000 ) ) ;
#8373 = CIRCLE ( 'NONE', #8847, 21.99999999999999289 ) ;
#8374 = ORIENTED_EDGE ( 'NONE', *, *, #1250, .F. ) ;
#8375 = CARTESIAN_POINT ( 'NONE',  ( -40.62942283616639116, 5.500000000000143885, -2.500000000000000444 ) ) ;
#8376 = VECTOR ( 'NONE', #243, 1000.000000000000000 ) ;
#8377 = CARTESIAN_POINT ( 'NONE',  ( -1.833936252769644337, 1.194748497482688299, 18.91595940235658801 ) ) ;
#8378 = CARTESIAN_POINT ( 'NONE',  ( -26.30116095055120340, -34.01836169854746572, 2.500000000000000444 ) ) ;
#8379 = ORIENTED_EDGE ( 'NONE', *, *, #7561, .F. ) ;
#8380 = CIRCLE ( 'NONE', #3165, 2.000000000000001776 ) ;
#8381 = EDGE_LOOP ( 'NONE', ( #5133, #3753, #2451, #8181 ) ) ;
#8382 = DIRECTION ( 'NONE',  ( -0.7043042975908135883, 0.7098982014311000510, 0.000000000000000000 ) ) ;
#8383 = ORIENTED_EDGE ( 'NONE', *, *, #6909, .T. ) ;
#8384 = LINE ( 'NONE', #7652, #2433 ) ;
#8385 = EDGE_CURVE ( 'NONE', #6342, #6541, #1376, .T. ) ;
#8386 = ORIENTED_EDGE ( 'NONE', *, *, #5593, .T. ) ;
#8387 = CARTESIAN_POINT ( 'NONE',  ( 6.282812448554147444, -6.106517200318401173, -2.500000000000000444 ) ) ;
#8388 = AXIS2_PLACEMENT_3D ( 'NONE', #1543, #802, #2494 ) ;
#8389 = VERTEX_POINT ( 'NONE', #631 ) ;
#8390 = DIRECTION ( 'NONE',  ( -0.2549963129926494654, -0.9669420253356221240, 0.000000000000000000 ) ) ;
#8391 = AXIS2_PLACEMENT_3D ( 'NONE', #6923, #7776, #6138 ) ;
#8392 = ORIENTED_EDGE ( 'NONE', *, *, #9066, .F. ) ;
#8393 = DIRECTION ( 'NONE',  ( -0.7098982014311000510, -0.7043042975908135883, 0.000000000000000000 ) ) ;
#8394 = DIRECTION ( 'NONE',  ( -0.6969743733982692868, 0.7170960345909674905, 0.000000000000000000 ) ) ;
#8395 = ORIENTED_EDGE ( 'NONE', *, *, #8149, .F. ) ;
#8396 = EDGE_CURVE ( 'NONE', #2187, #3164, #9101, .T. ) ;
#8397 = DIRECTION ( 'NONE',  ( -0.8660254037844433705, -0.4999999999999918399, 0.000000000000000000 ) ) ;
#8398 = FACE_OUTER_BOUND ( 'NONE', #68, .T. ) ;
#8399 = ADVANCED_FACE ( 'NONE', ( #8943 ), #6969, .T. ) ;
#8400 = DIRECTION ( 'NONE',  ( 0.9669420253356221240, -0.2549963129926494654, 0.000000000000000000 ) ) ;
#8401 = CARTESIAN_POINT ( 'NONE',  ( 8.221964726476825192, -8.157176732979412037, -2.500000000000000444 ) ) ;
#8402 = LINE ( 'NONE', #1519, #7603 ) ;
#8403 = LINE ( 'NONE', #1616, #8798 ) ;
#8404 = VERTEX_POINT ( 'NONE', #7714 ) ;
#8405 = ORIENTED_EDGE ( 'NONE', *, *, #9185, .F. ) ;
#8406 = ORIENTED_EDGE ( 'NONE', *, *, #3747, .T. ) ;
#8407 = CARTESIAN_POINT ( 'NONE',  ( 40.62942283616637695, -3.500000000000427214, -2.500000000000000444 ) ) ;
#8408 = EDGE_CURVE ( 'NONE', #363, #4805, #4871, .T. ) ;
#8409 = EDGE_CURVE ( 'NONE', #9263, #4746, #3158, .T. ) ;
#8410 = CARTESIAN_POINT ( 'NONE',  ( -12.96271092476112052, -15.53163513676224916, 2.500000000000000444 ) ) ;
#8411 = DIRECTION ( 'NONE',  ( -0.000000000000000000, -0.000000000000000000, 1.000000000000000000 ) ) ;
#8412 = CARTESIAN_POINT ( 'NONE',  ( -43.58578643762692195, 5.388445916248355985E-15, 11.08578643762688642 ) ) ;
#8413 = LINE ( 'NONE', #939, #2641 ) ;
#8414 = VECTOR ( 'NONE', #1433, 1000.000000000000000 ) ;
#8415 = ORIENTED_EDGE ( 'NONE', *, *, #3123, .T. ) ;
#8416 = LINE ( 'NONE', #4666, #8015 ) ;
#8417 = ORIENTED_EDGE ( 'NONE', *, *, #2961, .T. ) ;
#8418 = CARTESIAN_POINT ( 'NONE',  ( 1.529020691192176207, 2.169148569046368547, 17.12552480499968155 ) ) ;
#8419 = DIRECTION ( 'NONE',  ( -0.2549963129926494654, 0.9669420253356220130, 0.000000000000000000 ) ) ;
#8420 = CARTESIAN_POINT ( 'NONE',  ( 0.000000000000000000, 0.000000000000000000, 21.50000000000000000 ) ) ;
#8421 = CIRCLE ( 'NONE', #5277, 22.00000000000008171 ) ;
#8422 = EDGE_LOOP ( 'NONE', ( #2166, #720, #5119, #5880 ) ) ;
#8423 = CYLINDRICAL_SURFACE ( 'NONE', #6278, 1.000000000000004441 ) ;
#8424 = CARTESIAN_POINT ( 'NONE',  ( 5.500000000000000000, 6.735557395310442023E-16, 14.43026367804443488 ) ) ;
#8425 = CARTESIAN_POINT ( 'NONE',  ( 0.000000000000000000, 0.000000000000000000, 2.500000000000000444 ) ) ;
#8426 = ORIENTED_EDGE ( 'NONE', *, *, #5821, .F. ) ;
#8427 = VECTOR ( 'NONE', #1061, 1000.000000000000000 ) ;
#8428 = ORIENTED_EDGE ( 'NONE', *, *, #5475, .F. ) ;
#8429 = CARTESIAN_POINT ( 'NONE',  ( -8.673617379884035472E-16, -28.47866081722887444, 2.500000000000000444 ) ) ;
#8430 = ORIENTED_EDGE ( 'NONE', *, *, #826, .F. ) ;
#8431 = DIRECTION ( 'NONE',  ( 1.000000000000000000, 0.000000000000000000, 0.000000000000000000 ) ) ;
#8432 = EDGE_LOOP ( 'NONE', ( #5513, #818, #4371, #6050 ) ) ;
#8433 = LINE ( 'NONE', #8387, #4900 ) ;
#8434 = ORIENTED_EDGE ( 'NONE', *, *, #6157, .F. ) ;
#8435 = FACE_BOUND ( 'NONE', #1340, .T. ) ;
#8436 = EDGE_CURVE ( 'NONE', #2852, #8, #5332, .T. ) ;
#8437 = ORIENTED_EDGE ( 'NONE', *, *, #7880, .F. ) ;
#8438 = LINE ( 'NONE', #2611, #9742 ) ;
#8439 = CARTESIAN_POINT ( 'NONE',  ( -2.953339910681166192, 11.19901868863841088, -2.500000000000000444 ) ) ;
#8440 = VERTEX_POINT ( 'NONE', #3311 ) ;
#8441 = CARTESIAN_POINT ( 'NONE',  ( -3.499999999999717559, 40.62942283616644090, -2.500000000000000444 ) ) ;
#8442 = FACE_BOUND ( 'NONE', #4522, .T. ) ;
#8443 = EDGE_CURVE ( 'NONE', #8753, #697, #5542, .T. ) ;
#8444 = ORIENTED_EDGE ( 'NONE', *, *, #3930, .F. ) ;
#8445 = CARTESIAN_POINT ( 'NONE',  ( 12.94759237871383561, -3.469296921803686207, 3.353331896491003938 ) ) ;
#8446 = DIRECTION ( 'NONE',  ( -0.000000000000000000, -0.000000000000000000, 1.000000000000000000 ) ) ;
#8447 = B_SPLINE_CURVE_WITH_KNOTS ( 'NONE', 3,
 ( #3481, #5018, #506, #8079 ),
 .UNSPECIFIED., .F., .F.,
 ( 4, 4 ),
 ( 1.939479807224432123E-18, 0.002007903776505801617 ),
 .UNSPECIFIED. ) ;
#8448 = DIRECTION ( 'NONE',  ( -1.000000000000000000, 0.000000000000000000, -0.000000000000000000 ) ) ;
#8449 = ADVANCED_FACE ( 'NONE', ( #2569 ), #1266, .F. ) ;
#8450 = B_SPLINE_CURVE_WITH_KNOTS ( 'NONE', 3,
 ( #1586, #7640, #5167, #5956, #7590, #5910, #9018, #2242 ),
 .UNSPECIFIED., .F., .F.,
 ( 4, 2, 2, 4 ),
 ( -7.093122354991547243E-06, 0.0004946461807835179914, 0.0007455158323527727319, 0.0009963854839220276892 ),
 .UNSPECIFIED. ) ;
#8451 = ORIENTED_EDGE ( 'NONE', *, *, #4409, .F. ) ;
#8452 = ADVANCED_FACE ( 'NONE', ( #2463 ), #5596, .T. ) ;
#8453 = VERTEX_POINT ( 'NONE', #4752 ) ;
#8454 = ORIENTED_EDGE ( 'NONE', *, *, #8998, .T. ) ;
#8455 = LINE ( 'NONE', #2522, #4795 ) ;
#8456 = B_SPLINE_CURVE_WITH_KNOTS ( 'NONE', 3,
 ( #4231, #4934, #510, #6548 ),
 .UNSPECIFIED., .F., .F.,
 ( 4, 4 ),
 ( 0.000000000000000000, 0.002007903776505769091 ),
 .UNSPECIFIED. ) ;
#8457 = CYLINDRICAL_SURFACE ( 'NONE', #2075, 2.000000000000001776 ) ;
#8458 = DIRECTION ( 'NONE',  ( 0.2549963129926494654, 0.9669420253356220130, 0.000000000000000000 ) ) ;
#8459 = CARTESIAN_POINT ( 'NONE',  ( 3.041841955658786123, -11.17530463715789324, -2.500000000000000444 ) ) ;
#8460 = LINE ( 'NONE', #4767, #966 ) ;
#8461 = LINE ( 'NONE', #3122, #5648 ) ;
#8462 = EDGE_CURVE ( 'NONE', #1793, #6387, #341, .T. ) ;
#8463 = ADVANCED_FACE ( 'NONE', ( #4059 ), #7767, .F. ) ;
#8464 = EDGE_CURVE ( 'NONE', #7361, #7065, #2532, .T. ) ;
#8465 = EDGE_LOOP ( 'NONE', ( #4629, #9078, #5666, #9697 ) ) ;
#8466 = CARTESIAN_POINT ( 'NONE',  ( 2.134703820650469819, -14.29278542295874033, -2.500000000000000444 ) ) ;
#8467 = AXIS2_PLACEMENT_3D ( 'NONE', #7045, #3294, #5578 ) ;
#8468 = ORIENTED_EDGE ( 'NONE', *, *, #5379, .F. ) ;
#8469 = CARTESIAN_POINT ( 'NONE',  ( 1.822475988149300452, 1.189894740729831257, 17.07285253116763712 ) ) ;
#8470 = DIRECTION ( 'NONE',  ( -0.000000000000000000, 0.000000000000000000, 1.000000000000000000 ) ) ;
#8471 = CARTESIAN_POINT ( 'NONE',  ( 0.000000000000000000, 0.000000000000000000, -2.500000000000000000 ) ) ;
#8472 = ORIENTED_EDGE ( 'NONE', *, *, #4545, .F. ) ;
#8473 = VECTOR ( 'NONE', #6731, 1000.000000000000114 ) ;
#8474 = DIRECTION ( 'NONE',  ( -0.000000000000000000, -0.000000000000000000, -1.000000000000000000 ) ) ;
#8475 = CARTESIAN_POINT ( 'NONE',  ( -1.668678241711182508, 5.241258455000195049, 17.33215261018769837 ) ) ;
#8476 = DIRECTION ( 'NONE',  ( 1.000000000000000000, 0.000000000000000000, 0.000000000000000000 ) ) ;
#8477 = VECTOR ( 'NONE', #3875, 1000.000000000000000 ) ;
#8478 = VECTOR ( 'NONE', #5812, 1000.000000000000000 ) ;
#8479 = ORIENTED_EDGE ( 'NONE', *, *, #9197, .F. ) ;
#8480 = EDGE_LOOP ( 'NONE', ( #7497, #5339, #9104, #5081 ) ) ;
#8481 = CARTESIAN_POINT ( 'NONE',  ( 11.51964875665654908, 9.822323147761087725, 2.500000000000000444 ) ) ;
#8482 = VECTOR ( 'NONE', #8557, 1000.000000000000000 ) ;
#8483 = ORIENTED_EDGE ( 'NONE', *, *, #8516, .F. ) ;
#8484 = CARTESIAN_POINT ( 'NONE',  ( -6.106517200318361205, -6.282812448554106588, -2.500000000000000444 ) ) ;
#8485 = AXIS2_PLACEMENT_3D ( 'NONE', #4321, #1192, #548 ) ;
#8486 = VECTOR ( 'NONE', #2196, 1000.000000000000000 ) ;
#8487 = VERTEX_POINT ( 'NONE', #239 ) ;
#8488 = CARTESIAN_POINT ( 'NONE',  ( -6.282812448554051521, -6.106517200318316796, -2.500000000000000444 ) ) ;
#8489 = VERTEX_POINT ( 'NONE', #6384 ) ;
#8490 = FACE_OUTER_BOUND ( 'NONE', #5673, .T. ) ;
#8491 = VECTOR ( 'NONE', #5366, 1000.000000000000000 ) ;
#8492 = ORIENTED_EDGE ( 'NONE', *, *, #5924, .T. ) ;
#8493 = LINE ( 'NONE', #2411, #2146 ) ;
#8494 = CARTESIAN_POINT ( 'NONE',  ( -1.750000000000021538, -3.031088913245538308, -2.500000000000000444 ) ) ;
#8495 = CIRCLE ( 'NONE', #5504, 2.000000000000000000 ) ;
#8496 = ORIENTED_EDGE ( 'NONE', *, *, #7735, .T. ) ;
#8497 = CARTESIAN_POINT ( 'NONE',  ( -15.55157169726883737, -37.93611231721969546, 2.500000000000000444 ) ) ;
#8498 = CARTESIAN_POINT ( 'NONE',  ( -22.52902330986012558, -6.036633602138820720, -2.500000000000000444 ) ) ;
#8499 = EDGE_CURVE ( 'NONE', #6029, #8869, #3958, .T. ) ;
#8500 = VECTOR ( 'NONE', #7778, 1000.000000000000000 ) ;
#8501 = ORIENTED_EDGE ( 'NONE', *, *, #9307, .F. ) ;
#8502 = DIRECTION ( 'NONE',  ( -1.000000000000000000, 0.000000000000000000, 0.000000000000000000 ) ) ;
#8503 = DIRECTION ( 'NONE',  ( -0.000000000000000000, 0.000000000000000000, 1.000000000000000000 ) ) ;
#8504 = CARTESIAN_POINT ( 'NONE',  ( 11.31056335679710045, 8.995100449718499647, 2.689257726104003599 ) ) ;
#8505 = ORIENTED_EDGE ( 'NONE', *, *, #4532, .F. ) ;
#8506 = CARTESIAN_POINT ( 'NONE',  ( -3.041841955658789676, -11.17530463715794653, 2.500000000000000444 ) ) ;
#8507 = ORIENTED_EDGE ( 'NONE', *, *, #5337, .F. ) ;
#8508 = CARTESIAN_POINT ( 'NONE',  ( -11.03411263498106720, -27.56619458545742773, 2.500000000000000444 ) ) ;
#8509 = CARTESIAN_POINT ( 'NONE',  ( -13.37708729347510150, -3.043186370107581418, 3.055993497343925558 ) ) ;
#8510 = ADVANCED_FACE ( 'NONE', ( #7115 ), #8066, .F. ) ;
#8511 = CARTESIAN_POINT ( 'NONE',  ( 11.19901868863826166, -2.953339910681126668, -2.500000000000000444 ) ) ;
#8512 = DIRECTION ( 'NONE',  ( -0.000000000000000000, -0.000000000000000000, 1.000000000000000000 ) ) ;
#8513 = AXIS2_PLACEMENT_3D ( 'NONE', #4206, #7212, #2014 ) ;
#8514 = CARTESIAN_POINT ( 'NONE',  ( 14.29278542295888954, 2.134703820650538209, 2.689257726104017809 ) ) ;
#8515 = LINE ( 'NONE', #9100, #3586 ) ;
#8516 = EDGE_CURVE ( 'NONE', #6069, #7996, #9296, .T. ) ;
#8517 = VERTEX_POINT ( 'NONE', #4649 ) ;
#8518 = DIRECTION ( 'NONE',  ( -0.000000000000000000, -0.000000000000000000, -1.000000000000000000 ) ) ;
#8519 = VERTEX_POINT ( 'NONE', #3907 ) ;
#8520 = VECTOR ( 'NONE', #2579, 999.9999999999998863 ) ;
#8521 = CARTESIAN_POINT ( 'NONE',  ( 1.355496975167050033, 1.739034322527383658, 16.89886708403899007 ) ) ;
#8522 = DIRECTION ( 'NONE',  ( -1.000000000000000000, 0.000000000000000000, 0.000000000000000000 ) ) ;
#8523 = CARTESIAN_POINT ( 'NONE',  ( -34.99999999999998579, 3.500000000000124789, -2.500000000000000444 ) ) ;
#8524 = EDGE_CURVE ( 'NONE', #526, #2865, #2372, .T. ) ;
#8525 = ORIENTED_EDGE ( 'NONE', *, *, #8930, .F. ) ;
#8526 = EDGE_CURVE ( 'NONE', #5788, #1798, #8842, .T. ) ;
#8527 = DIRECTION ( 'NONE',  ( 0.7170960345909678235, 0.6969743733982689537, 0.000000000000000000 ) ) ;
#8528 = CARTESIAN_POINT ( 'NONE',  ( -1.986784330686329980, 0.8852039957235006140, 18.69144091668450969 ) ) ;
#8529 = FACE_OUTER_BOUND ( 'NONE', #8040, .T. ) ;
#8530 = VECTOR ( 'NONE', #7918, 1000.000000000000114 ) ;
#8531 = ORIENTED_EDGE ( 'NONE', *, *, #9437, .F. ) ;
#8532 = VERTEX_POINT ( 'NONE', #1179 ) ;
#8533 = CARTESIAN_POINT ( 'NONE',  ( -23.33891914284117775, 18.35596847918087704, -2.500000000000000444 ) ) ;
#8534 = VERTEX_POINT ( 'NONE', #4164 ) ;
#8535 = CIRCLE ( 'NONE', #150, 15.50000000000000000 ) ;
#8536 = DIRECTION ( 'NONE',  ( 0.9648945144237497384, 0.2626377277448087577, 0.000000000000000000 ) ) ;
#8537 = ADVANCED_FACE ( 'NONE', ( #5640 ), #7315, .F. ) ;
#8538 = AXIS2_PLACEMENT_3D ( 'NONE', #6292, #7824, #4859 ) ;
#8539 = ORIENTED_EDGE ( 'NONE', *, *, #9469, .F. ) ;
#8540 = EDGE_CURVE ( 'NONE', #7183, #9424, #1130, .T. ) ;
#8541 = FACE_OUTER_BOUND ( 'NONE', #3604, .T. ) ;
#8542 = ORIENTED_EDGE ( 'NONE', *, *, #4129, .T. ) ;
#8543 = DIRECTION ( 'NONE',  ( 0.9669420253356220130, -0.2549963129926494099, 0.000000000000000000 ) ) ;
#8544 = VECTOR ( 'NONE', #3049, 1000.000000000000000 ) ;
#8545 = CIRCLE ( 'NONE', #2546, 1.000000000000000888 ) ;
#8546 = VERTEX_POINT ( 'NONE', #1321 ) ;
#8547 = CARTESIAN_POINT ( 'NONE',  ( 40.62942283616635564, -5.500000000000427214, 2.500000000000000444 ) ) ;
#8548 = CARTESIAN_POINT ( 'NONE',  ( 3.500000000000002665, -34.99999999999999289, 2.500000000000000444 ) ) ;
#8549 = ORIENTED_EDGE ( 'NONE', *, *, #6143, .F. ) ;
#8550 = DIRECTION ( 'NONE',  ( 0.9669420253356220130, 0.2549963129926495209, 0.000000000000000000 ) ) ;
#8551 = LINE ( 'NONE', #3956, #1165 ) ;
#8552 = FACE_BOUND ( 'NONE', #2773, .T. ) ;
#8553 = AXIS2_PLACEMENT_3D ( 'NONE', #986, #1826, #1723 ) ;
#8554 = VERTEX_POINT ( 'NONE', #7971 ) ;
#8555 = CARTESIAN_POINT ( 'NONE',  ( 3.469296921803829203, 12.94759237871390489, 3.353331896490904462 ) ) ;
#8556 = CARTESIAN_POINT ( 'NONE',  ( -18.99185453113837241, -6.969435128366506582, -2.500000000000000444 ) ) ;
#8557 = DIRECTION ( 'NONE',  ( -0.000000000000000000, -0.000000000000000000, 1.000000000000000000 ) ) ;
#8558 = AXIS2_PLACEMENT_3D ( 'NONE', #4566, #2434, #836 ) ;
#8559 = ORIENTED_EDGE ( 'NONE', *, *, #2558, .T. ) ;
#8560 = DIRECTION ( 'NONE',  ( -0.000000000000000000, -0.000000000000000000, -1.000000000000000000 ) ) ;
#8561 = ADVANCED_FACE ( 'NONE', ( #5047 ), #8106, .T. ) ;
#8562 = VECTOR ( 'NONE', #5246, 1000.000000000000000 ) ;
#8563 = ORIENTED_EDGE ( 'NONE', *, *, #1277, .F. ) ;
#8564 = CARTESIAN_POINT ( 'NONE',  ( -4.426627195228728162, 16.52039759876012326, 2.500000000000000444 ) ) ;
#8565 = CARTESIAN_POINT ( 'NONE',  ( 37.93611231721985888, 15.55157169726844124, -2.500000000000000444 ) ) ;
#8566 = CARTESIAN_POINT ( 'NONE',  ( -11.03411263498100681, 27.56619458545766221, -2.500000000000000444 ) ) ;
#8567 = CARTESIAN_POINT ( 'NONE',  ( -1.470143243668218691, 1.807613155325853871, 19.68670781471936237 ) ) ;
#8568 = DIRECTION ( 'NONE',  ( 1.000000000000000000, -5.204170427930416550E-15, 0.000000000000000000 ) ) ;
#8569 = CARTESIAN_POINT ( 'NONE',  ( 1.919956492867414433, 1.024991983073727519, 19.15355358588898582 ) ) ;
#8570 = EDGE_CURVE ( 'NONE', #3032, #8008, #7911, .T. ) ;
#8571 = ORIENTED_EDGE ( 'NONE', *, *, #9719, .F. ) ;
#8572 = DIRECTION ( 'NONE',  ( 1.000000000000000000, 0.000000000000000000, 0.000000000000000000 ) ) ;
#8573 = ORIENTED_EDGE ( 'NONE', *, *, #9620, .F. ) ;
#8574 = CARTESIAN_POINT ( 'NONE',  ( 1.667845114629384673, 1.427707528232884604, 17.30907732103520402 ) ) ;
#8575 = DIRECTION ( 'NONE',  ( 0.9669420253356220130, 0.2549963129926495209, 0.000000000000000000 ) ) ;
#8576 = CARTESIAN_POINT ( 'NONE',  ( 33.43611231721943966, -23.34580033132913357, -2.500000000000000444 ) ) ;
#8577 = EDGE_LOOP ( 'NONE', ( #5271, #2501, #3131, #2468 ) ) ;
#8578 = EDGE_CURVE ( 'NONE', #8519, #3830, #7424, .T. ) ;
#8579 = FILL_AREA_STYLE_COLOUR ( '', #575 ) ;
#8580 = AXIS2_PLACEMENT_3D ( 'NONE', #4082, #2389, #1632 ) ;
#8581 = CARTESIAN_POINT ( 'NONE',  ( -11.17530463715804245, 3.041841955658825647, 2.500000000000000444 ) ) ;
#8582 = CARTESIAN_POINT ( 'NONE',  ( -8.494333787820234960, 2.146992799845302002, -2.500000000000000444 ) ) ;
#8583 = EDGE_LOOP ( 'NONE', ( #9320, #1928, #7087, #3086, #2446 ) ) ;
#8584 = ADVANCED_FACE ( 'NONE', ( #8061 ), #5834, .T. ) ;
#8585 = ORIENTED_EDGE ( 'NONE', *, *, #5363, .T. ) ;
#8586 = DIRECTION ( 'NONE',  ( 0.7071067811865474617, 0.000000000000000000, 0.7071067811865474617 ) ) ;
#8587 = EDGE_CURVE ( 'NONE', #8338, #4588, #5787, .T. ) ;
#8588 = ORIENTED_EDGE ( 'NONE', *, *, #7800, .F. ) ;
#8589 = AXIS2_PLACEMENT_3D ( 'NONE', #832, #933, #3220 ) ;
#8590 = CARTESIAN_POINT ( 'NONE',  ( -3.499999999999757971, 35.00000000000002132, -2.500000000000000444 ) ) ;
#8591 = ORIENTED_EDGE ( 'NONE', *, *, #9620, .T. ) ;
#8592 = CARTESIAN_POINT ( 'NONE',  ( 34.43611231721994415, 25.07785113889732287, 2.500000000000000444 ) ) ;
#8593 = DIRECTION ( 'NONE',  ( -0.7170960345909681566, 0.6969743733982683986, 0.000000000000000000 ) ) ;
#8594 = DIRECTION ( 'NONE',  ( -0.000000000000000000, 0.000000000000000000, 1.000000000000000000 ) ) ;
#8595 = VECTOR ( 'NONE', #5820, 1000.000000000000000 ) ;
#8596 = EDGE_CURVE ( 'NONE', #9419, #1740, #6523, .T. ) ;
#8597 = ORIENTED_EDGE ( 'NONE', *, *, #960, .F. ) ;
#8598 = CARTESIAN_POINT ( 'NONE',  ( -11.19901868863826166, -2.953339910681126668, 2.500000000000000444 ) ) ;
#8599 = EDGE_CURVE ( 'NONE', #2843, #958, #3603, .T. ) ;
#8600 = LINE ( 'NONE', #2667, #2484 ) ;
#8601 = EDGE_LOOP ( 'NONE', ( #619, #5594, #876, #2305 ) ) ;
#8602 = AXIS2_PLACEMENT_3D ( 'NONE', #8688, #7958, #4572 ) ;
#8603 = CARTESIAN_POINT ( 'NONE',  ( 28.75119701343874468, -0.9621455304450586832, -2.500000000000000444 ) ) ;
#8604 = CARTESIAN_POINT ( 'NONE',  ( 3.749171112454886323E-14, 3.500000000000011546, -2.500000000000000444 ) ) ;
#8605 = ORIENTED_EDGE ( 'NONE', *, *, #8142, .T. ) ;
#8606 = CARTESIAN_POINT ( 'NONE',  ( 11.19901868863826166, -2.953339910681126668, 2.500000000000000444 ) ) ;
#8607 = CARTESIAN_POINT ( 'NONE',  ( -11.31056335679697966, 8.995100449718584912, 2.689257726104020030 ) ) ;
#8608 = DIRECTION ( 'NONE',  ( 0.000000000000000000, -1.000000000000000000, 0.000000000000000000 ) ) ;
#8609 = VERTEX_POINT ( 'NONE', #4998 ) ;
#8610 = DIRECTION ( 'NONE',  ( 1.000000000000000000, 3.469446951953611033E-15, 0.000000000000000000 ) ) ;
#8611 = ORIENTED_EDGE ( 'NONE', *, *, #5215, .T. ) ;
#8612 = DIRECTION ( 'NONE',  ( 0.000000000000000000, 0.000000000000000000, 1.000000000000000000 ) ) ;
#8613 = CARTESIAN_POINT ( 'NONE',  ( 34.99999999999996447, -3.500000000000369038, -2.500000000000000444 ) ) ;
#8614 = CARTESIAN_POINT ( 'NONE',  ( 40.62942283616635564, -5.500000000000427214, 2.500000000000000444 ) ) ;
#8615 = CARTESIAN_POINT ( 'NONE',  ( -1.528560524299929613, 1.547296908661011994, 20.19122068764816191 ) ) ;
#8616 = CARTESIAN_POINT ( 'NONE',  ( -8.169624749921858609, 1.000490480022680269E-15, 12.50000000000000000 ) ) ;
#8617 = CARTESIAN_POINT ( 'NONE',  ( 11.19901868863838423, 2.953339910681159530, 2.500000000000000444 ) ) ;
#8618 = VERTEX_POINT ( 'NONE', #4257 ) ;
#8619 = DIRECTION ( 'NONE',  ( -0.000000000000000000, -0.000000000000000000, 1.000000000000000000 ) ) ;
#8620 = ORIENTED_EDGE ( 'NONE', *, *, #8207, .F. ) ;
#8621 = CARTESIAN_POINT ( 'NONE',  ( 2.000005582521553471, 0.8549127210354290352, 18.09775281878837205 ) ) ;
#8622 = DIRECTION ( 'NONE',  ( 1.000000000000000000, 0.000000000000000000, 0.000000000000000000 ) ) ;
#8623 = DIRECTION ( 'NONE',  ( -0.9648945144237500715, 0.2626377277448079250, 0.000000000000000000 ) ) ;
#8624 = VERTEX_POINT ( 'NONE', #7214 ) ;
#8625 = EDGE_CURVE ( 'NONE', #5465, #4630, #6647, .T. ) ;
#8626 = CARTESIAN_POINT ( 'NONE',  ( -1.940301528204851245, 0.9844495527256998946, 19.05278810373692977 ) ) ;
#8627 = DIRECTION ( 'NONE',  ( -0.000000000000000000, 0.000000000000000000, 1.000000000000000000 ) ) ;
#8628 = EDGE_CURVE ( 'NONE', #949, #5141, #7929, .T. ) ;
#8629 = VERTEX_POINT ( 'NONE', #485 ) ;
#8630 = CIRCLE ( 'NONE', #4370, 2.000000000000001776 ) ;
#8631 = ORIENTED_EDGE ( 'NONE', *, *, #2835, .F. ) ;
#8632 = CARTESIAN_POINT ( 'NONE',  ( 11.19901868863826166, -2.953339910681126668, -2.500000000000000444 ) ) ;
#8633 = VERTEX_POINT ( 'NONE', #1274 ) ;
#8634 = CARTESIAN_POINT ( 'NONE',  ( 8.157176732979506184, 8.221964726476935326, -2.500000000000000444 ) ) ;
#8635 = ORIENTED_EDGE ( 'NONE', *, *, #9384, .T. ) ;
#8636 = CARTESIAN_POINT ( 'NONE',  ( -15.55157169726883737, -37.93611231721969546, -2.500000000000000444 ) ) ;
#8637 = CIRCLE ( 'NONE', #92, 22.00000000000019895 ) ;
#8638 = EDGE_CURVE ( 'NONE', #671, #5327, #1916, .T. ) ;
#8639 = DIRECTION ( 'NONE',  ( 0.2725361962097284096, -0.9621455304451257406, 0.000000000000000000 ) ) ;
#8640 = CARTESIAN_POINT ( 'NONE',  ( -2.387816587501835564, 8.429805248399567574, -2.500000000000000444 ) ) ;
#8641 = EDGE_CURVE ( 'NONE', #5292, #7361, #787, .T. ) ;
#8642 = VECTOR ( 'NONE', #1052, 1000.000000000000000 ) ;
#8643 = VERTEX_POINT ( 'NONE', #2016 ) ;
#8644 = CARTESIAN_POINT ( 'NONE',  ( -33.43611231721958887, 23.34580033132889554, 2.500000000000000444 ) ) ;
#8645 = EDGE_CURVE ( 'NONE', #6984, #5154, #9162, .T. ) ;
#8646 = AXIS2_PLACEMENT_3D ( 'NONE', #5759, #1148, #8076 ) ;
#8647 = EDGE_LOOP ( 'NONE', ( #3064, #1732, #781, #6203 ) ) ;
#8648 = LINE ( 'NONE', #973, #2159 ) ;
#8649 = AXIS2_PLACEMENT_3D ( 'NONE', #2038, #1388, #9562 ) ;
#8650 = DIRECTION ( 'NONE',  ( -1.000000000000000000, 0.000000000000000000, 0.000000000000000000 ) ) ;
#8651 = VECTOR ( 'NONE', #3911, 1000.000000000000000 ) ;
#8652 = DIRECTION ( 'NONE',  ( 0.4999999999999946709, -0.8660254037844417052, 0.000000000000000000 ) ) ;
#8653 = ORIENTED_EDGE ( 'NONE', *, *, #2558, .F. ) ;
#8654 = CARTESIAN_POINT ( 'NONE',  ( -5.499999999999717559, 40.62942283616645511, -2.500000000000000444 ) ) ;
#8655 = EDGE_CURVE ( 'NONE', #1759, #2037, #5691, .T. ) ;
#8656 = VECTOR ( 'NONE', #4995, 1000.000000000000000 ) ;
#8657 = DIRECTION ( 'NONE',  ( 1.000000000000000000, 0.000000000000000000, 0.000000000000000000 ) ) ;
#8658 = PLANE ( 'NONE',  #1679 ) ;
#8659 = EDGE_LOOP ( 'NONE', ( #4582, #3704, #7774, #7525, #2873 ) ) ;
#8660 = ORIENTED_EDGE ( 'NONE', *, *, #5044, .T. ) ;
#8661 = DIRECTION ( 'NONE',  ( 0.7043042975908133663, 0.7098982014311003841, 0.000000000000000000 ) ) ;
#8662 = VECTOR ( 'NONE', #4529, 1000.000000000000000 ) ;
#8663 = ORIENTED_EDGE ( 'NONE', *, *, #6291, .T. ) ;
#8664 = CARTESIAN_POINT ( 'NONE',  ( 1.138412281109783127E-14, 3.500000000000011546, -2.500000000000000444 ) ) ;
#8665 = DIRECTION ( 'NONE',  ( -1.000000000000000000, 0.000000000000000000, 0.000000000000000000 ) ) ;
#8666 = CARTESIAN_POINT ( 'NONE',  ( -2.146992799845271360, -8.494333787820140813, -2.500000000000000444 ) ) ;
#8667 = CARTESIAN_POINT ( 'NONE',  ( 2.953339910681121339, -11.19901868863823680, 2.500000000000000444 ) ) ;
#8668 = DIRECTION ( 'NONE',  ( 1.000000000000000000, 0.000000000000000000, 0.000000000000000000 ) ) ;
#8669 = CARTESIAN_POINT ( 'NONE',  ( 15.23933040861451715, -24.66324373348070154, -2.500000000000000444 ) ) ;
#8670 = VERTEX_POINT ( 'NONE', #2114 ) ;
#8671 = CARTESIAN_POINT ( 'NONE',  ( -1.535911781320788982, 1.540000000000000036, 5.499999999999998224 ) ) ;
#8672 = ORIENTED_EDGE ( 'NONE', *, *, #1879, .F. ) ;
#8673 = CARTESIAN_POINT ( 'NONE',  ( -1.503936269424020367, 1.582189092213273529, 16.56905991688093138 ) ) ;
#8674 = CARTESIAN_POINT ( 'NONE',  ( 23.34580033132832355, -33.43611231722002231, -2.500000000000000444 ) ) ;
#8675 = FACE_OUTER_BOUND ( 'NONE', #6284, .T. ) ;
#8676 = VECTOR ( 'NONE', #7357, 1000.000000000000000 ) ;
#8677 = EDGE_CURVE ( 'NONE', #6558, #1400, #5186, .T. ) ;
#8678 = ORIENTED_EDGE ( 'NONE', *, *, #8385, .T. ) ;
#8679 = DIRECTION ( 'NONE',  ( 0.000000000000000000, 0.000000000000000000, -1.000000000000000000 ) ) ;
#8680 = CARTESIAN_POINT ( 'NONE',  ( -1.597515765462745874, 1.509871198754030530, 19.40410033379853871 ) ) ;
#8681 = DIRECTION ( 'NONE',  ( 0.2450494958541576673, 0.9695105696079971969, 0.000000000000000000 ) ) ;
#8682 = ORIENTED_EDGE ( 'NONE', *, *, #9012, .T. ) ;
#8683 = VECTOR ( 'NONE', #8182, 1000.000000000000227 ) ;
#8684 = ORIENTED_EDGE ( 'NONE', *, *, #2069, .T. ) ;
#8685 = CARTESIAN_POINT ( 'NONE',  ( -39.78665438147437072, -16.31018495079400310, -2.500000000000000444 ) ) ;
#8686 = EDGE_CURVE ( 'NONE', #1746, #5572, #3652, .T. ) ;
#8687 = ORIENTED_EDGE ( 'NONE', *, *, #6291, .F. ) ;
#8688 = CARTESIAN_POINT ( 'NONE',  ( 45.00000000000001421, 5.510910596163091133E-15, 9.671572875253794166 ) ) ;
#8689 = VERTEX_POINT ( 'NONE', #7563 ) ;
#8690 = DIRECTION ( 'NONE',  ( -0.000000000000000000, -0.000000000000000000, 1.000000000000000000 ) ) ;
#8691 = DIRECTION ( 'NONE',  ( -0.000000000000000000, -0.000000000000000000, 1.000000000000000000 ) ) ;
#8692 = CIRCLE ( 'NONE', #144, 47.50000000000000711 ) ;
#8693 = FACE_OUTER_BOUND ( 'NONE', #2436, .T. ) ;
#8694 = AXIS2_PLACEMENT_3D ( 'NONE', #979, #1770, #9350 ) ;
#8695 = VERTEX_POINT ( 'NONE', #8343 ) ;
#8696 = CARTESIAN_POINT ( 'NONE',  ( 8.494333787820254500, -2.146992799845305111, 2.500000000000000444 ) ) ;
#8697 = EDGE_CURVE ( 'NONE', #1493, #674, #483, .T. ) ;
#8698 = ORIENTED_EDGE ( 'NONE', *, *, #7018, .T. ) ;
#8699 = AXIS2_PLACEMENT_3D ( 'NONE', #7989, #5715, #6451 ) ;
#8700 = CARTESIAN_POINT ( 'NONE',  ( 25.66324373348085075, 14.23933040861457222, -2.500000000000000444 ) ) ;
#8701 = FACE_BOUND ( 'NONE', #2260, .T. ) ;
#8702 = AXIS2_PLACEMENT_3D ( 'NONE', #29, #5976, #8985 ) ;
#8703 = ORIENTED_EDGE ( 'NONE', *, *, #9793, .F. ) ;
#8704 = CARTESIAN_POINT ( 'NONE',  ( 24.41819423762669317, 15.20884097822257353, -2.500000000000000444 ) ) ;
#8705 = EDGE_CURVE ( 'NONE', #8242, #253, #5139, .T. ) ;
#8706 = CARTESIAN_POINT ( 'NONE',  ( 18.35596847918080599, 23.33891914284132341, 2.500000000000000444 ) ) ;
#8707 = VERTEX_POINT ( 'NONE', #8933 ) ;
#8708 = PLANE ( 'NONE',  #2700 ) ;
#8709 = ADVANCED_FACE ( 'NONE', ( #1412 ), #4445, .F. ) ;
#8710 = VECTOR ( 'NONE', #4387, 1000.000000000000000 ) ;
#8711 = EDGE_CURVE ( 'NONE', #7611, #6944, #6759, .T. ) ;
#8712 = ORIENTED_EDGE ( 'NONE', *, *, #8750, .F. ) ;
#8713 = VECTOR ( 'NONE', #208, 1000.000000000000000 ) ;
#8714 = DIRECTION ( 'NONE',  ( -1.000000000000000000, -0.000000000000000000, -0.000000000000000000 ) ) ;
#8715 = LINE ( 'NONE', #1933, #9348 ) ;
#8716 = CARTESIAN_POINT ( 'NONE',  ( -8.494333787820115944, -2.146992799845274469, -2.500000000000000444 ) ) ;
#8717 = VECTOR ( 'NONE', #789, 1000.000000000000114 ) ;
#8718 = CARTESIAN_POINT ( 'NONE',  ( -11.62758378290161509, -10.24935585154517526, 2.500000000000000444 ) ) ;
#8719 = DIRECTION ( 'NONE',  ( -1.000000000000000000, 1.224646799147353454E-16, 0.000000000000000000 ) ) ;
#8720 = TOROIDAL_SURFACE ( 'NONE', #4941, 4.500000000000000000, 1.000000000000000000 ) ;
#8721 = EDGE_CURVE ( 'NONE', #5690, #6896, #1556, .T. ) ;
#8722 = ORIENTED_EDGE ( 'NONE', *, *, #3324, .T. ) ;
#8723 = CARTESIAN_POINT ( 'NONE',  ( 15.55157169726910382, 37.93611231721958177, 2.500000000000000444 ) ) ;
#8724 = EDGE_CURVE ( 'NONE', #3874, #5682, #7410, .T. ) ;
#8725 = ORIENTED_EDGE ( 'NONE', *, *, #3082, .T. ) ;
#8726 = CARTESIAN_POINT ( 'NONE',  ( -45.82842712474621294, 5.612363658827819433E-15, 12.50000000000000000 ) ) ;
#8727 = CARTESIAN_POINT ( 'NONE',  ( 17.55157169726910382, 37.93611231721958177, 2.500000000000000444 ) ) ;
#8728 = CARTESIAN_POINT ( 'NONE',  ( -8.157176732979374734, -8.221964726476787888, -2.500000000000000444 ) ) ;
#8729 = ORIENTED_EDGE ( 'NONE', *, *, #350, .T. ) ;
#8730 = CARTESIAN_POINT ( 'NONE',  ( -1.355496975166527118, 1.739034322527744258, 19.70113291596019778 ) ) ;
#8731 = DIRECTION ( 'NONE',  ( -0.000000000000000000, -0.000000000000000000, 1.000000000000000000 ) ) ;
#8732 = ORIENTED_EDGE ( 'NONE', *, *, #5793, .F. ) ;
#8733 = EDGE_LOOP ( 'NONE', ( #8779, #6480, #8192, #808 ) ) ;
#8734 = DIRECTION ( 'NONE',  ( 0.000000000000000000, 0.000000000000000000, 1.000000000000000000 ) ) ;
#8735 = ORIENTED_EDGE ( 'NONE', *, *, #3680, .F. ) ;
#8736 = DIRECTION ( 'NONE',  ( 0.000000000000000000, -0.000000000000000000, -1.000000000000000000 ) ) ;
#8737 = EDGE_LOOP ( 'NONE', ( #8082, #3205, #3588, #6071 ) ) ;
#8738 = CARTESIAN_POINT ( 'NONE',  ( 14.29278542295888954, -2.134703820650416528, 2.689257726104024471 ) ) ;
#8739 = DIRECTION ( 'NONE',  ( 0.2549963129926493544, 0.9669420253356221240, 0.000000000000000000 ) ) ;
#8740 = CARTESIAN_POINT ( 'NONE',  ( 50.00000000000000000, 0.000000000000000000, -2.500000000000000000 ) ) ;
#8741 = TOROIDAL_SURFACE ( 'NONE', #366, 2.524999999999999911, 0.5999999999999999778 ) ;
#8742 = ORIENTED_EDGE ( 'NONE', *, *, #1989, .F. ) ;
#8743 = DIRECTION ( 'NONE',  ( -0.000000000000000000, -0.000000000000000000, -1.000000000000000000 ) ) ;
#8744 = EDGE_LOOP ( 'NONE', ( #1269, #9570, #2017, #238, #1048, #9456, #7152, #7811 ) ) ;
#8745 = FACE_OUTER_BOUND ( 'NONE', #5112, .T. ) ;
#8746 = CARTESIAN_POINT ( 'NONE',  ( -16.49238970772112722, 16.49238970772131907, -2.500000000000000444 ) ) ;
#8747 = ORIENTED_EDGE ( 'NONE', *, *, #7311, .F. ) ;
#8748 = VECTOR ( 'NONE', #866, 1000.000000000000000 ) ;
#8749 = DIRECTION ( 'NONE',  ( -0.000000000000000000, -0.000000000000000000, 1.000000000000000000 ) ) ;
#8750 = EDGE_CURVE ( 'NONE', #5032, #8294, #2378, .T. ) ;
#8751 = EDGE_CURVE ( 'NONE', #9176, #4784, #9171, .T. ) ;
#8752 = EDGE_LOOP ( 'NONE', ( #4697, #3967, #3818, #7624 ) ) ;
#8753 = VERTEX_POINT ( 'NONE', #2207 ) ;
#8754 = FACE_OUTER_BOUND ( 'NONE', #3695, .T. ) ;
#8755 = VECTOR ( 'NONE', #421, 1000.000000000000000 ) ;
#8756 = ORIENTED_EDGE ( 'NONE', *, *, #8540, .F. ) ;
#8757 = DIRECTION ( 'NONE',  ( -0.000000000000000000, -0.000000000000000000, -1.000000000000000000 ) ) ;
#8758 = FACE_OUTER_BOUND ( 'NONE', #6144, .T. ) ;
#8759 = CARTESIAN_POINT ( 'NONE',  ( 1.680396288664707471, 5.238003028269726968, 19.27206559497383509 ) ) ;
#8760 = EDGE_CURVE ( 'NONE', #697, #4095, #4598, .T. ) ;
#8761 = DIRECTION ( 'NONE',  ( 0.9695105696079970858, 0.2450494958541578894, 0.000000000000000000 ) ) ;
#8762 = ADVANCED_FACE ( 'NONE', ( #4591 ), #1462, .F. ) ;
#8763 = CARTESIAN_POINT ( 'NONE',  ( 1.950717885138219643, 0.9632228496651146221, 17.60976900400661904 ) ) ;
#8764 = ORIENTED_EDGE ( 'NONE', *, *, #6761, .T. ) ;
#8765 = DIRECTION ( 'NONE',  ( 1.000000000000000000, 0.000000000000000000, 0.000000000000000000 ) ) ;
#8766 = ORIENTED_EDGE ( 'NONE', *, *, #2279, .T. ) ;
#8767 = LINE ( 'NONE', #5662, #1776 ) ;
#8768 = DIRECTION ( 'NONE',  ( -0.000000000000000000, -0.000000000000000000, 1.000000000000000000 ) ) ;
#8769 = CARTESIAN_POINT ( 'NONE',  ( -6.037292596761651531, 0.000000000000000000, 13.85408790914932275 ) ) ;
#8770 = ORIENTED_EDGE ( 'NONE', *, *, #4398, .T. ) ;
#8771 = DIRECTION ( 'NONE',  ( -0.7098982014311006061, 0.7043042975908131442, 0.000000000000000000 ) ) ;
#8772 = EDGE_CURVE ( 'NONE', #1762, #9118, #6616, .T. ) ;
#8773 = CARTESIAN_POINT ( 'NONE',  ( -14.46891108675427162, 32.06088913245543637, 2.500000000000000444 ) ) ;
#8774 = EDGE_CURVE ( 'NONE', #9145, #8519, #1650, .T. ) ;
#8775 = CARTESIAN_POINT ( 'NONE',  ( 22.52902330986020019, 6.036633602139034771, -2.500000000000000444 ) ) ;
#8776 = ORIENTED_EDGE ( 'NONE', *, *, #5991, .F. ) ;
#8777 = ORIENTED_EDGE ( 'NONE', *, *, #1819, .F. ) ;
#8778 = LINE ( 'NONE', #7901, #4071 ) ;
#8779 = ORIENTED_EDGE ( 'NONE', *, *, #2584, .T. ) ;
#8780 = CARTESIAN_POINT ( 'NONE',  ( 0.000000000000000000, 0.000000000000000000, 0.000000000000000000 ) ) ;
#8781 = ORIENTED_EDGE ( 'NONE', *, *, #9606, .T. ) ;
#8782 = DIRECTION ( 'NONE',  ( 0.8660254037844378194, -0.5000000000000015543, 0.000000000000000000 ) ) ;
#8783 = ORIENTED_EDGE ( 'NONE', *, *, #1510, .F. ) ;
#8784 = CARTESIAN_POINT ( 'NONE',  ( 18.35596847918080599, 23.33891914284132341, -2.500000000000000444 ) ) ;
#8785 = ORIENTED_EDGE ( 'NONE', *, *, #8114, .F. ) ;
#8786 = PLANE ( 'NONE',  #9580 ) ;
#8787 = VERTEX_POINT ( 'NONE', #9035 ) ;
#8788 = CARTESIAN_POINT ( 'NONE',  ( -40.62942283616642669, -3.499999999999859668, -2.500000000000000444 ) ) ;
#8789 = VECTOR ( 'NONE', #1917, 1000.000000000000000 ) ;
#8790 = CARTESIAN_POINT ( 'NONE',  ( 0.000000000000000000, 0.000000000000000000, -2.500000000000000000 ) ) ;
#8791 = ORIENTED_EDGE ( 'NONE', *, *, #3580, .T. ) ;
#8792 = CARTESIAN_POINT ( 'NONE',  ( 0.000000000000000000, 0.000000000000000000, 2.500000000000000444 ) ) ;
#8793 = AXIS2_PLACEMENT_3D ( 'NONE', #1249, #2699, #2793 ) ;
#8794 = AXIS2_PLACEMENT_3D ( 'NONE', #467, #8734, #1953 ) ;
#8795 = CIRCLE ( 'NONE', #5653, 45.82842712474621294 ) ;
#8796 = ORIENTED_EDGE ( 'NONE', *, *, #7979, .F. ) ;
#8797 = CARTESIAN_POINT ( 'NONE',  ( 24.41819423762666830, -15.20884097822239944, -2.500000000000000444 ) ) ;
#8798 = VECTOR ( 'NONE', #8304, 1000.000000000000000 ) ;
#8799 = EDGE_CURVE ( 'NONE', #6039, #7414, #4541, .T. ) ;
#8800 = ORIENTED_EDGE ( 'NONE', *, *, #7626, .T. ) ;
#8801 = DIRECTION ( 'NONE',  ( 0.8660254037844362651, -0.5000000000000041078, 0.000000000000000000 ) ) ;
#8802 = CYLINDRICAL_SURFACE ( 'NONE', #6510, 21.99999999999995026 ) ;
#8803 = EDGE_CURVE ( 'NONE', #2986, #6436, #813, .T. ) ;
#8804 = AXIS2_PLACEMENT_3D ( 'NONE', #9671, #6010, #3781 ) ;
#8805 = LINE ( 'NONE', #5006, #7593 ) ;
#8806 = DIRECTION ( 'NONE',  ( -0.000000000000000000, 0.000000000000000000, 1.000000000000000000 ) ) ;
#8807 = B_SPLINE_CURVE_WITH_KNOTS ( 'NONE', 3,
 ( #3572, #8078, #5849, #2084, #9416, #2693, #2033, #3383 ),
 .UNSPECIFIED., .F., .F.,
 ( 4, 2, 2, 4 ),
 ( 3.491376036697148518E-15, 0.0004952338665913941099, 0.0007428507998853495567, 0.0009904677331793053287 ),
 .UNSPECIFIED. ) ;
#8809 = CIRCLE ( 'NONE', #1529, 2.000000000000001776 ) ;
#8808 = CARTESIAN_POINT ( 'NONE',  ( 32.43611231721994415, 25.07785113889732287, 2.500000000000000444 ) ) ;
#8810 = EDGE_LOOP ( 'NONE', ( #4309, #4204, #3136, #5548 ) ) ;
#8811 = DIRECTION ( 'NONE',  ( -0.2626377277448090908, 0.9648945144237496274, 0.000000000000000000 ) ) ;
#8812 = EDGE_CURVE ( 'NONE', #8143, #8813, #5885, .T. ) ;
#8813 = VERTEX_POINT ( 'NONE', #3654 ) ;
#8814 = CARTESIAN_POINT ( 'NONE',  ( -4.663002165360289553, -13.27251083153750599, 2.836032871894775820 ) ) ;
#8815 = CARTESIAN_POINT ( 'NONE',  ( -23.33891914284117775, 18.35596847918087704, -2.500000000000000444 ) ) ;
#8816 = CARTESIAN_POINT ( 'NONE',  ( 32.43611231721994415, 25.07785113889732287, -2.500000000000000444 ) ) ;
#8817 = ORIENTED_EDGE ( 'NONE', *, *, #2612, .F. ) ;
#8818 = FACE_OUTER_BOUND ( 'NONE', #8601, .T. ) ;
#8819 = CARTESIAN_POINT ( 'NONE',  ( -8.222222014276169944, 14.24130627983791975, -2.500000000000000444 ) ) ;
#8820 = CARTESIAN_POINT ( 'NONE',  ( -19.93214605312775589, -3.460219394375873669, -2.500000000000000444 ) ) ;
#8821 = ORIENTED_EDGE ( 'NONE', *, *, #4640, .T. ) ;
#8822 = DIRECTION ( 'NONE',  ( -0.000000000000000000, -0.000000000000000000, 1.000000000000000000 ) ) ;
#8823 = EDGE_CURVE ( 'NONE', #8019, #372, #4741, .T. ) ;
#8824 = ORIENTED_EDGE ( 'NONE', *, *, #4351, .T. ) ;
#8825 = DIRECTION ( 'NONE',  ( 0.000000000000000000, 0.000000000000000000, -1.000000000000000000 ) ) ;
#8826 = ADVANCED_FACE ( 'NONE', ( #9337 ), #5533, .T. ) ;
#8827 = CARTESIAN_POINT ( 'NONE',  ( 2.953339910681121339, -11.19901868863823680, -2.500000000000000444 ) ) ;
#8828 = ORIENTED_EDGE ( 'NONE', *, *, #2028, .T. ) ;
#8829 = CARTESIAN_POINT ( 'NONE',  ( 4.053066941773665555, -13.10649060984525782, 3.055993497343876708 ) ) ;
#8830 = LINE ( 'NONE', #8183, #4547 ) ;
#8831 = DIRECTION ( 'NONE',  ( 1.000000000000000000, 0.000000000000000000, 0.000000000000000000 ) ) ;
#8832 = AXIS2_PLACEMENT_3D ( 'NONE', #2913, #9084, #7416 ) ;
#8833 = ORIENTED_EDGE ( 'NONE', *, *, #960, .T. ) ;
#8834 = CARTESIAN_POINT ( 'NONE',  ( -4.426627195228727274, 16.52039759876012326, -2.500000000000000000 ) ) ;
#8835 = VERTEX_POINT ( 'NONE', #4638 ) ;
#8836 = EDGE_CURVE ( 'NONE', #4559, #7197, #8380, .T. ) ;
#8837 = LINE ( 'NONE', #8103, #7388 ) ;
#8838 = EDGE_CURVE ( 'NONE', #8707, #6461, #9184, .T. ) ;
#8839 = CIRCLE ( 'NONE', #137, 21.99999999999997158 ) ;
#8840 = FACE_BOUND ( 'NONE', #9499, .T. ) ;
#8841 = ORIENTED_EDGE ( 'NONE', *, *, #8803, .T. ) ;
#8842 = LINE ( 'NONE', #4955, #2849 ) ;
#8843 = CIRCLE ( 'NONE', #9634, 43.00000000000000711 ) ;
#8844 = ORIENTED_EDGE ( 'NONE', *, *, #5857, .T. ) ;
#8845 = CARTESIAN_POINT ( 'NONE',  ( -14.24130627983777408, -8.222222014276102442, -2.500000000000000444 ) ) ;
#8846 = ORIENTED_EDGE ( 'NONE', *, *, #1557, .T. ) ;
#8847 = AXIS2_PLACEMENT_3D ( 'NONE', #8898, #2122, #7936 ) ;
#8848 = CARTESIAN_POINT ( 'NONE',  ( 13.54235603521628306, 25.38033976807185610, -2.500000000000000000 ) ) ;
#8849 = CARTESIAN_POINT ( 'NONE',  ( 23.33891914284126656, -18.35596847918064967, 2.500000000000000444 ) ) ;
#8850 = VECTOR ( 'NONE', #7949, 1000.000000000000000 ) ;
#8851 = CARTESIAN_POINT ( 'NONE',  ( -3.062410648414128467, -15.19446086639732485, 2.500000000000000444 ) ) ;
#8852 = CARTESIAN_POINT ( 'NONE',  ( 2.146992799845265143, -8.494333787820087522, -2.500000000000000444 ) ) ;
#8853 = CARTESIAN_POINT ( 'NONE',  ( 2.146992799845265143, -8.494333787820087522, -2.500000000000000444 ) ) ;
#8854 = VECTOR ( 'NONE', #389, 999.9999999999998863 ) ;
#8855 = VECTOR ( 'NONE', #2490, 1000.000000000000000 ) ;
#8856 = ORIENTED_EDGE ( 'NONE', *, *, #1987, .F. ) ;
#8857 = FACE_OUTER_BOUND ( 'NONE', #7427, .T. ) ;
#8858 = EDGE_LOOP ( 'NONE', ( #5918, #9619, #5921, #5166 ) ) ;
#8859 = CARTESIAN_POINT ( 'NONE',  ( 42.61134590134520295, -5.768292682927278037, 2.500000000000000444 ) ) ;
#8860 = DIRECTION ( 'NONE',  ( 1.000000000000000000, 0.000000000000000000, 0.000000000000000000 ) ) ;
#8861 = AXIS2_PLACEMENT_3D ( 'NONE', #7159, #5228, #1309 ) ;
#8862 = EDGE_LOOP ( 'NONE', ( #4832, #7394, #9791, #8781 ) ) ;
#8863 = DIRECTION ( 'NONE',  ( 0.9695105696079970858, 0.2450494958541583057, 0.000000000000000000 ) ) ;
#8864 = VECTOR ( 'NONE', #9050, 1000.000000000000114 ) ;
#8865 = CARTESIAN_POINT ( 'NONE',  ( 0.000000000000000000, 0.000000000000000000, 2.500000000000000444 ) ) ;
#8866 = CARTESIAN_POINT ( 'NONE',  ( 12.96271092476119691, 15.53163513676246943, 2.500000000000000444 ) ) ;
#8867 = ADVANCED_FACE ( 'NONE', ( #7703, #3848, #123, #6323, #7854, #2504, #8435, #3148, #912, #5586, #4841, #2408, #3200, #7804 ), #3950, .T. ) ;
#8868 = CIRCLE ( 'NONE', #6505, 9.671572875253835022 ) ;
#8869 = VERTEX_POINT ( 'NONE', #6954 ) ;
#8870 = CARTESIAN_POINT ( 'NONE',  ( 24.66324373348084720, 14.23933040861457222, -2.500000000000000444 ) ) ;
#8871 = ORIENTED_EDGE ( 'NONE', *, *, #8195, .F. ) ;
#8872 = DIRECTION ( 'NONE',  ( -1.000000000000000000, 0.000000000000000000, 0.000000000000000000 ) ) ;
#8873 = EDGE_CURVE ( 'NONE', #8487, #2935, #9495, .T. ) ;
#8874 = DIRECTION ( 'NONE',  ( -0.9669420253356221240, 0.2549963129926493544, 0.000000000000000000 ) ) ;
#8875 = ORIENTED_EDGE ( 'NONE', *, *, #8101, .F. ) ;
#8876 = CARTESIAN_POINT ( 'NONE',  ( -3.031088913245574279, -1.749999999999972689, 2.500000000000000444 ) ) ;
#8877 = FACE_OUTER_BOUND ( 'NONE', #1669, .T. ) ;
#8878 = CARTESIAN_POINT ( 'NONE',  ( -0.5017006423381353830, 5.478474174990635603, 20.16275214163865215 ) ) ;
#8879 = CARTESIAN_POINT ( 'NONE',  ( 12.09377040353122190, -12.09377040353112953, -2.500000000000000444 ) ) ;
#8880 = EDGE_CURVE ( 'NONE', #7411, #4813, #4684, .T. ) ;
#8881 = EDGE_CURVE ( 'NONE', #8130, #6724, #1648, .T. ) ;
#8882 = ORIENTED_EDGE ( 'NONE', *, *, #2272, .T. ) ;
#8883 = CARTESIAN_POINT ( 'NONE',  ( -40.62942283616639827, 3.500000000000143441, -2.500000000000000444 ) ) ;
#8884 = ORIENTED_EDGE ( 'NONE', *, *, #7927, .T. ) ;
#8885 = LINE ( 'NONE', #435, #8656 ) ;
#8886 = CARTESIAN_POINT ( 'NONE',  ( 9.822323147761071738, 11.51964875665656507, 2.500000000000000444 ) ) ;
#8887 = VERTEX_POINT ( 'NONE', #4047 ) ;
#8888 = CARTESIAN_POINT ( 'NONE',  ( 3.031088913245549410, -1.750000000000037970, -2.500000000000000444 ) ) ;
#8889 = CIRCLE ( 'NONE', #9373, 1.000000000000004441 ) ;
#8890 = EDGE_CURVE ( 'NONE', #2118, #8218, #158, .T. ) ;
#8891 = ADVANCED_FACE ( 'NONE', ( #1807 ), #6856, .F. ) ;
#8892 = EDGE_LOOP ( 'NONE', ( #3845, #4835, #2759, #7868 ) ) ;
#8893 = LINE ( 'NONE', #7270, #6173 ) ;
#8894 = VERTEX_POINT ( 'NONE', #5474 ) ;
#8895 = AXIS2_PLACEMENT_3D ( 'NONE', #2119, #8156, #9687 ) ;
#8896 = FACE_OUTER_BOUND ( 'NONE', #5996, .T. ) ;
#8897 = CARTESIAN_POINT ( 'NONE',  ( -0.9621455304450543533, 28.75119701343881218, 2.500000000000000444 ) ) ;
#8898 = CARTESIAN_POINT ( 'NONE',  ( -43.06088913245538663, -4.583647796502986260, 2.500000000000000444 ) ) ;
#8899 = ORIENTED_EDGE ( 'NONE', *, *, #7879, .F. ) ;
#8900 = LINE ( 'NONE', #7327, #6760 ) ;
#8901 = LINE ( 'NONE', #1473, #9446 ) ;
#8902 = VECTOR ( 'NONE', #6707, 1000.000000000000114 ) ;
#8903 = ORIENTED_EDGE ( 'NONE', *, *, #5580, .T. ) ;
#8904 = DIRECTION ( 'NONE',  ( 1.000000000000000000, -3.252606517456512908E-15, 0.000000000000000000 ) ) ;
#8905 = ORIENTED_EDGE ( 'NONE', *, *, #7057, .F. ) ;
#8906 = CARTESIAN_POINT ( 'NONE',  ( -8.494333787820115944, -2.146992799845274469, 2.500000000000000444 ) ) ;
#8907 = DIRECTION ( 'NONE',  ( -0.000000000000000000, -0.000000000000000000, 1.000000000000000000 ) ) ;
#8908 = ORIENTED_EDGE ( 'NONE', *, *, #1979, .T. ) ;
#8909 = DIRECTION ( 'NONE',  ( -0.000000000000000000, -0.000000000000000000, 1.000000000000000000 ) ) ;
#8910 = LINE ( 'NONE', #8819, #2550 ) ;
#8911 = ADVANCED_BREP_SHAPE_REPRESENTATION ( 'Wheel_V2_Flat', ( #401, #3823 ), #8088 ) ;
#8912 = LINE ( 'NONE', #7536, #7054 ) ;
#8913 = ORIENTED_EDGE ( 'NONE', *, *, #1868, .F. ) ;
#8914 = CARTESIAN_POINT ( 'NONE',  ( -8.995100449718442803, -11.31056335679690683, 2.689257726104073321 ) ) ;
#8915 = ORIENTED_EDGE ( 'NONE', *, *, #6300, .T. ) ;
#8916 = LINE ( 'NONE', #2139, #5587 ) ;
#8917 = ADVANCED_FACE ( 'NONE', ( #8490 ), #1703, .F. ) ;
#8918 = CARTESIAN_POINT ( 'NONE',  ( 0.000000000000000000, 0.000000000000000000, 13.13600327987501082 ) ) ;
#8919 = EDGE_LOOP ( 'NONE', ( #2363, #8247, #5217, #733, #8791 ) ) ;
#8920 = CARTESIAN_POINT ( 'NONE',  ( 4.663002165360190965, -13.27251083153752731, 2.836032871894610619 ) ) ;
#8921 = LINE ( 'NONE', #7399, #436 ) ;
#8922 = DIRECTION ( 'NONE',  ( -0.000000000000000000, -0.000000000000000000, -1.000000000000000000 ) ) ;
#8923 = DIRECTION ( 'NONE',  ( 0.2549963129926495209, 0.9669420253356221240, 0.000000000000000000 ) ) ;
#8924 = B_SPLINE_CURVE_WITH_KNOTS ( 'NONE', 3,
 ( #6349, #4217, #9361, #4867 ),
 .UNSPECIFIED., .F., .F.,
 ( 4, 4 ),
 ( 0.000000000000000000, 0.001307469713021842212 ),
 .UNSPECIFIED. ) ;
#8925 = ORIENTED_EDGE ( 'NONE', *, *, #4184, .F. ) ;
#8926 = DIRECTION ( 'NONE',  ( -0.000000000000000000, -0.000000000000000000, 1.000000000000000000 ) ) ;
#8927 = ORIENTED_EDGE ( 'NONE', *, *, #5376, .F. ) ;
#8928 = CARTESIAN_POINT ( 'NONE',  ( -10.24935585154531381, -11.62758378290149786, 2.500000000000000444 ) ) ;
#8929 = EDGE_CURVE ( 'NONE', #780, #9214, #4000, .T. ) ;
#8930 = EDGE_CURVE ( 'NONE', #8242, #2781, #6271, .T. ) ;
#8931 = CARTESIAN_POINT ( 'NONE',  ( 8.995100449718515634, 11.31056335679711822, 2.689257726103994273 ) ) ;
#8932 = VERTEX_POINT ( 'NONE', #4991 ) ;
#8933 = CARTESIAN_POINT ( 'NONE',  ( -8.995100449718353985, 11.31056335679716440, -2.500000000000000444 ) ) ;
#8934 = EDGE_CURVE ( 'NONE', #4676, #4737, #6515, .T. ) ;
#8935 = ORIENTED_EDGE ( 'NONE', *, *, #1178, .T. ) ;
#8936 = CARTESIAN_POINT ( 'NONE',  ( -9.822323147760977591, 11.51964875665662369, 2.500000000000000444 ) ) ;
#8937 = CIRCLE ( 'NONE', #4530, 22.00000000000000000 ) ;
#8938 = EDGE_LOOP ( 'NONE', ( #7605, #2824, #1450, #8908, #2151, #86, #2413, #9002 ) ) ;
#8939 = CARTESIAN_POINT ( 'NONE',  ( 0.000000000000000000, 0.000000000000000000, 11.91421356237308515 ) ) ;
#8940 = EDGE_CURVE ( 'NONE', #6190, #7904, #1259, .T. ) ;
#8941 = VECTOR ( 'NONE', #886, 1000.000000000000000 ) ;
#8942 = DIRECTION ( 'NONE',  ( 0.000000000000000000, 0.000000000000000000, -1.000000000000000000 ) ) ;
#8943 = FACE_OUTER_BOUND ( 'NONE', #5414, .T. ) ;
#8944 = ORIENTED_EDGE ( 'NONE', *, *, #3244, .T. ) ;
#8945 = AXIS2_PLACEMENT_3D ( 'NONE', #2486, #8811, #6493 ) ;
#8946 = DIRECTION ( 'NONE',  ( -0.000000000000000000, -0.000000000000000000, 1.000000000000000000 ) ) ;
#8947 = CIRCLE ( 'NONE', #3271, 21.99999999999995026 ) ;
#8948 = FACE_OUTER_BOUND ( 'NONE', #1458, .T. ) ;
#8949 = ORIENTED_EDGE ( 'NONE', *, *, #5700, .T. ) ;
#8950 = AXIS2_PLACEMENT_3D ( 'NONE', #9352, #2571, #981 ) ;
#8951 = EDGE_LOOP ( 'NONE', ( #3670, #9615, #4520, #4548, #9036 ) ) ;
#8952 = LINE ( 'NONE', #2971, #8165 ) ;
#8953 = CIRCLE ( 'NONE', #5963, 1.999999999999998224 ) ;
#8954 = ORIENTED_EDGE ( 'NONE', *, *, #956, .F. ) ;
#8955 = EDGE_CURVE ( 'NONE', #3951, #6984, #2713, .T. ) ;
#8956 = CARTESIAN_POINT ( 'NONE',  ( 2.746556991812798110, 14.88747003981893258, 2.500000000000000444 ) ) ;
#8957 = VECTOR ( 'NONE', #6454, 1000.000000000000000 ) ;
#8958 = DIRECTION ( 'NONE',  ( 1.000000000000000000, 0.000000000000000000, 0.000000000000000000 ) ) ;
#8959 = ORIENTED_EDGE ( 'NONE', *, *, #9549, .F. ) ;
#8960 = VECTOR ( 'NONE', #4783, 1000.000000000000000 ) ;
#8961 = CARTESIAN_POINT ( 'NONE',  ( 42.62942283616635564, -5.500000000000427214, 2.500000000000000444 ) ) ;
#8962 = LINE ( 'NONE', #2185, #335 ) ;
#8963 = DIRECTION ( 'NONE',  ( 0.9648945144237496274, 0.2626377277448091463, 0.000000000000000000 ) ) ;
#8964 = ORIENTED_EDGE ( 'NONE', *, *, #3423, .F. ) ;
#8965 = CARTESIAN_POINT ( 'NONE',  ( 32.43611231721994415, 25.07785113889732287, 2.500000000000000444 ) ) ;
#8966 = CIRCLE ( 'NONE', #5031, 43.00000000000000711 ) ;
#8967 = ORIENTED_EDGE ( 'NONE', *, *, #9618, .T. ) ;
#8968 = CARTESIAN_POINT ( 'NONE',  ( 5.297684973240492923, 13.44526717744759559, 2.689257726103996049 ) ) ;
#8969 = CARTESIAN_POINT ( 'NONE',  ( 0.000000000000000000, 0.000000000000000000, 15.21808462927431549 ) ) ;
#8970 = CARTESIAN_POINT ( 'NONE',  ( 33.43611231721942545, -23.34580033132912646, 2.500000000000000444 ) ) ;
#8971 = VECTOR ( 'NONE', #8512, 1000.000000000000000 ) ;
#8972 = EDGE_LOOP ( 'NONE', ( #9003, #6689, #8817, #2132 ) ) ;
#8973 = CARTESIAN_POINT ( 'NONE',  ( 8.222222014276331592, 14.24130627983787178, -2.500000000000000444 ) ) ;
#8974 = DIRECTION ( 'NONE',  ( -0.000000000000000000, -0.000000000000000000, 1.000000000000000000 ) ) ;
#8975 = CARTESIAN_POINT ( 'NONE',  ( -0.6245375056820485771, 5.465687908056349187, 20.12523253405892731 ) ) ;
#8976 = FACE_OUTER_BOUND ( 'NONE', #8244, .T. ) ;
#8977 = ADVANCED_FACE ( 'NONE', ( #7962 ), #1858, .F. ) ;
#8978 = ORIENTED_EDGE ( 'NONE', *, *, #4450, .F. ) ;
#8979 = PLANE ( 'NONE',  #2794 ) ;
#8980 = VERTEX_POINT ( 'NONE', #8784 ) ;
#8981 = CARTESIAN_POINT ( 'NONE',  ( 5.297684973240404993, -13.44526717744742683, 2.689257726104067991 ) ) ;
#8982 = CARTESIAN_POINT ( 'NONE',  ( 32.43611231721941124, -25.07785113889799078, 2.500000000000000444 ) ) ;
#8983 = ORIENTED_EDGE ( 'NONE', *, *, #6873, .T. ) ;
#8984 = VECTOR ( 'NONE', #2962, 1000.000000000000000 ) ;
#8985 = DIRECTION ( 'NONE',  ( 1.000000000000000000, 0.000000000000000000, 0.000000000000000000 ) ) ;
#8986 = ADVANCED_FACE ( 'NONE', ( #8693 ), #5733, .F. ) ;
#8987 = ORIENTED_EDGE ( 'NONE', *, *, #497, .F. ) ;
#8988 = CARTESIAN_POINT ( 'NONE',  ( 0.000000000000000000, 0.000000000000000000, 13.85408790914932275 ) ) ;
#8989 = VECTOR ( 'NONE', #1884, 1000.000000000000114 ) ;
#8990 = ORIENTED_EDGE ( 'NONE', *, *, #4545, .T. ) ;
#8991 = DIRECTION ( 'NONE',  ( 1.000000000000000000, 0.000000000000000000, 0.000000000000000000 ) ) ;
#8992 = DIRECTION ( 'NONE',  ( -0.9648945144237495164, -0.2626377277448090908, 0.000000000000000000 ) ) ;
#8993 = ADVANCED_FACE ( 'NONE', ( #1263 ), #6419, .F. ) ;
#8994 = CARTESIAN_POINT ( 'NONE',  ( -18.99185453113835820, 6.969435128366795240, -2.500000000000000444 ) ) ;
#8995 = CARTESIAN_POINT ( 'NONE',  ( 3.469296921803700418, -12.94759237871372370, -2.500000000000000444 ) ) ;
#8996 = VECTOR ( 'NONE', #4848, 1000.000000000000000 ) ;
#8997 = DIRECTION ( 'NONE',  ( 0.9621455304451257406, 0.2725361962097285762, 0.000000000000000000 ) ) ;
#8998 = EDGE_CURVE ( 'NONE', #5483, #4143, #4153, .T. ) ;
#8999 = EDGE_LOOP ( 'NONE', ( #7432, #7376, #873, #7524 ) ) ;
#9000 = EDGE_CURVE ( 'NONE', #3948, #7183, #8073, .T. ) ;
#9001 = VECTOR ( 'NONE', #4505, 1000.000000000000114 ) ;
#9002 = ORIENTED_EDGE ( 'NONE', *, *, #4758, .T. ) ;
#9003 = ORIENTED_EDGE ( 'NONE', *, *, #2000, .T. ) ;
#9004 = CARTESIAN_POINT ( 'NONE',  ( -8.429805248399402373, 2.387816587501787158, -2.500000000000000444 ) ) ;
#9005 = B_SPLINE_CURVE_WITH_KNOTS ( 'NONE', 3,
 ( #3700, #2154, #1410, #5282 ),
 .UNSPECIFIED., .F., .F.,
 ( 4, 4 ),
 ( 1.939479807224432123E-18, 0.002007903776505768224 ),
 .UNSPECIFIED. ) ;
#9006 = DIRECTION ( 'NONE',  ( -0.9648945144237496274, -0.2626377277448090353, 0.000000000000000000 ) ) ;
#9007 = VERTEX_POINT ( 'NONE', #521 ) ;
#9008 = AXIS2_PLACEMENT_3D ( 'NONE', #3096, #6120, #9234 ) ;
#9009 = CARTESIAN_POINT ( 'NONE',  ( -1.750000000000021538, -3.031088913245538308, -2.500000000000000444 ) ) ;
#9010 = DIRECTION ( 'NONE',  ( 0.2450494958541575841, 0.9695105696079971969, 0.000000000000000000 ) ) ;
#9011 = DIRECTION ( 'NONE',  ( 1.000000000000000000, 0.000000000000000000, 0.000000000000000000 ) ) ;
#9012 = EDGE_CURVE ( 'NONE', #5483, #8618, #6557, .T. ) ;
#9013 = EDGE_CURVE ( 'NONE', #1031, #1582, #7908, .T. ) ;
#9014 = ORIENTED_EDGE ( 'NONE', *, *, #1987, .T. ) ;
#9015 = CARTESIAN_POINT ( 'NONE',  ( 19.93214605312782695, -3.460219394375949165, -2.500000000000000444 ) ) ;
#9016 = ORIENTED_EDGE ( 'NONE', *, *, #7367, .F. ) ;
#9017 = AXIS2_PLACEMENT_3D ( 'NONE', #3038, #6012, #1454 ) ;
#9018 = CARTESIAN_POINT ( 'NONE',  ( 1.517214457911181036, 1.558505584313930159, 20.10882689493631403 ) ) ;
#9019 = CARTESIAN_POINT ( 'NONE',  ( -2.003721000879796765, 0.8460065916131006558, 18.47709347211660358 ) ) ;
#9020 = LINE ( 'NONE', #9161, #2369 ) ;
#9021 = VECTOR ( 'NONE', #3674, 1000.000000000000114 ) ;
#9022 = ORIENTED_EDGE ( 'NONE', *, *, #9123, .T. ) ;
#9023 = CARTESIAN_POINT ( 'NONE',  ( -5.768292682926532855, 42.61134590134530242, 2.500000000000000444 ) ) ;
#9024 = DIRECTION ( 'NONE',  ( 0.000000000000000000, -0.000000000000000000, -1.000000000000000000 ) ) ;
#9025 = DIRECTION ( 'NONE',  ( -0.000000000000000000, 0.000000000000000000, 1.000000000000000000 ) ) ;
#9026 = FACE_OUTER_BOUND ( 'NONE', #2728, .T. ) ;
#9027 = AXIS2_PLACEMENT_3D ( 'NONE', #2629, #7939, #8668 ) ;
#9028 = CIRCLE ( 'NONE', #4778, 6.037292596761651531 ) ;
#9029 = ORIENTED_EDGE ( 'NONE', *, *, #211, .F. ) ;
#9030 = PLANE ( 'NONE',  #5472 ) ;
#9031 = ORIENTED_EDGE ( 'NONE', *, *, #4056, .T. ) ;
#9032 = CARTESIAN_POINT ( 'NONE',  ( 6.106517200318503313, 6.282812448554251361, -2.500000000000000444 ) ) ;
#9033 = CARTESIAN_POINT ( 'NONE',  ( 29.39008111416185187, -4.227275442616242884, -2.500000000000000444 ) ) ;
#9034 = ORIENTED_EDGE ( 'NONE', *, *, #3945, .F. ) ;
#9035 = CARTESIAN_POINT ( 'NONE',  ( -22.52902330986010782, 6.036633602139107602, 2.500000000000000444 ) ) ;
#9036 = ORIENTED_EDGE ( 'NONE', *, *, #6478, .F. ) ;
#9037 = DIRECTION ( 'NONE',  ( -0.000000000000000000, -0.000000000000000000, 1.000000000000000000 ) ) ;
#9038 = ORIENTED_EDGE ( 'NONE', *, *, #5195, .F. ) ;
#9039 = DIRECTION ( 'NONE',  ( 0.7170960345909678235, 0.6969743733982689537, 0.000000000000000000 ) ) ;
#9040 = CARTESIAN_POINT ( 'NONE',  ( 3.041841955658855401, 11.17530463715815969, -2.500000000000000444 ) ) ;
#9041 = EDGE_CURVE ( 'NONE', #3672, #8695, #4098, .T. ) ;
#9042 = CARTESIAN_POINT ( 'NONE',  ( 11.17530463715806377, -3.041841955658827867, -2.500000000000000444 ) ) ;
#9043 = LINE ( 'NONE', #775, #7708 ) ;
#9044 = DIRECTION ( 'NONE',  ( 1.000000000000000000, 0.000000000000000000, 0.000000000000000000 ) ) ;
#9045 = EDGE_LOOP ( 'NONE', ( #3382, #477, #6309, #4464 ) ) ;
#9046 = AXIS2_PLACEMENT_3D ( 'NONE', #2427, #9253, #6978 ) ;
#9047 = ORIENTED_EDGE ( 'NONE', *, *, #9286, .F. ) ;
#9048 = VERTEX_POINT ( 'NONE', #7206 ) ;
#9049 = CARTESIAN_POINT ( 'NONE',  ( 3.500000000000001332, -40.62942283616641248, -2.500000000000000444 ) ) ;
#9050 = DIRECTION ( 'NONE',  ( 0.9695105696079970858, 0.2450494958541578616, 0.000000000000000000 ) ) ;
#9051 = EDGE_CURVE ( 'NONE', #9239, #6835, #3450, .T. ) ;
#9052 = ADVANCED_FACE ( 'NONE', ( #6467 ), #1960, .F. ) ;
#9053 = CARTESIAN_POINT ( 'NONE',  ( 14.46891108675472282, 32.06088913245523742, -2.500000000000000444 ) ) ;
#9054 = CARTESIAN_POINT ( 'NONE',  ( -9.324020351701337361, 10.06330423973775368, 3.055993497343846954 ) ) ;
#9055 = CARTESIAN_POINT ( 'NONE',  ( -16.31018495079414166, -39.78665438147430677, 2.500000000000000444 ) ) ;
#9056 = ORIENTED_EDGE ( 'NONE', *, *, #8625, .F. ) ;
#9057 = DIRECTION ( 'NONE',  ( -1.000000000000000000, -3.469446951953614189E-15, 0.000000000000000000 ) ) ;
#9058 = VERTEX_POINT ( 'NONE', #9529 ) ;
#9059 = AXIS2_PLACEMENT_3D ( 'NONE', #8780, #5729, #8872 ) ;
#9060 = DIRECTION ( 'NONE',  ( -0.000000000000000000, -0.000000000000000000, 1.000000000000000000 ) ) ;
#9061 = PLANE ( 'NONE',  #1914 ) ;
#9062 = CARTESIAN_POINT ( 'NONE',  ( -43.00000000000000711, 5.265981236333620048E-15, 2.500000000000000444 ) ) ;
#9063 = EDGE_CURVE ( 'NONE', #4052, #388, #2760, .T. ) ;
#9064 = EDGE_CURVE ( 'NONE', #812, #4858, #8050, .T. ) ;
#9065 = ORIENTED_EDGE ( 'NONE', *, *, #3391, .T. ) ;
#9066 = EDGE_CURVE ( 'NONE', #6370, #2696, #9388, .T. ) ;
#9067 = DIRECTION ( 'NONE',  ( 0.2450494958541581114, -0.9695105696079969748, 0.000000000000000000 ) ) ;
#9068 = CARTESIAN_POINT ( 'NONE',  ( -5.297684973240419204, -13.44526717744738420, 2.689257726104081758 ) ) ;
#9069 = DIRECTION ( 'NONE',  ( 0.7043042975908133663, 0.7098982014311003841, 0.000000000000000000 ) ) ;
#9070 = EDGE_LOOP ( 'NONE', ( #3657, #3946, #8342, #1477 ) ) ;
#9071 = ORIENTED_EDGE ( 'NONE', *, *, #908, .F. ) ;
#9072 = LINE ( 'NONE', #2347, #4846 ) ;
#9073 = ORIENTED_EDGE ( 'NONE', *, *, #1675, .T. ) ;
#9074 = CARTESIAN_POINT ( 'NONE',  ( 5.065146892057790673, -14.26620574846925571, 2.500000000000000444 ) ) ;
#9075 = EDGE_CURVE ( 'NONE', #8517, #5499, #5873, .T. ) ;
#9076 = ORIENTED_EDGE ( 'NONE', *, *, #1156, .F. ) ;
#9077 = CARTESIAN_POINT ( 'NONE',  ( -10.24935585154506867, 11.62758378290171102, 2.500000000000000444 ) ) ;
#9078 = ORIENTED_EDGE ( 'NONE', *, *, #1375, .F. ) ;
#9079 = CARTESIAN_POINT ( 'NONE',  ( -2.953339910681094693, -11.19901868863814620, -2.500000000000000444 ) ) ;
#9080 = VERTEX_POINT ( 'NONE', #7551 ) ;
#9081 = DIRECTION ( 'NONE',  ( -0.000000000000000000, -0.000000000000000000, 1.000000000000000000 ) ) ;
#9082 = ORIENTED_EDGE ( 'NONE', *, *, #4056, .F. ) ;
#9083 = CARTESIAN_POINT ( 'NONE',  ( 1.138412281109783127E-14, 3.500000000000011546, 2.500000000000000444 ) ) ;
#9084 = DIRECTION ( 'NONE',  ( -0.000000000000000000, -0.000000000000000000, -1.000000000000000000 ) ) ;
#9085 = CARTESIAN_POINT ( 'NONE',  ( 0.000000000000000000, 0.000000000000000000, 2.500000000000000444 ) ) ;
#9086 = ORIENTED_EDGE ( 'NONE', *, *, #8345, .T. ) ;
#9087 = DIRECTION ( 'NONE',  ( -0.000000000000000000, -0.000000000000000000, 1.000000000000000000 ) ) ;
#9088 = CARTESIAN_POINT ( 'NONE',  ( -28.75119701343867007, -0.9621455304449867407, -2.500000000000000444 ) ) ;
#9089 = VECTOR ( 'NONE', #4004, 1000.000000000000000 ) ;
#9090 = ORIENTED_EDGE ( 'NONE', *, *, #7531, .T. ) ;
#9091 = EDGE_CURVE ( 'NONE', #1487, #8787, #8138, .T. ) ;
#9092 = VERTEX_POINT ( 'NONE', #6795 ) ;
#9093 = VERTEX_POINT ( 'NONE', #2144 ) ;
#9094 = APPLICATION_CONTEXT ( 'automotive_design' ) ;
#9095 = LINE ( 'NONE', #7527, #3843 ) ;
#9096 = DIRECTION ( 'NONE',  ( -0.9648945144237500715, 0.2626377277448079250, 0.000000000000000000 ) ) ;
#9097 = CIRCLE ( 'NONE', #2153, 43.00000000000000711 ) ;
#9098 = DIRECTION ( 'NONE',  ( 0.4999999999999980571, -0.8660254037844398178, 0.000000000000000000 ) ) ;
#9099 = FACE_OUTER_BOUND ( 'NONE', #595, .T. ) ;
#9100 = CARTESIAN_POINT ( 'NONE',  ( 1.749999999999969358, -3.031088913245548522, 2.500000000000000444 ) ) ;
#9101 = B_SPLINE_CURVE_WITH_KNOTS ( 'NONE', 3,
 ( #9198, #6237, #9244, #8555 ),
 .UNSPECIFIED., .F., .F.,
 ( 4, 4 ),
 ( 4.336808689942017736E-19, 0.002007903776505789474 ),
 .UNSPECIFIED. ) ;
#9102 = CIRCLE ( 'NONE', #3597, 2.999999999999999112 ) ;
#9103 = EDGE_CURVE ( 'NONE', #6854, #9058, #4340, .T. ) ;
#9104 = ORIENTED_EDGE ( 'NONE', *, *, #1145, .F. ) ;
#9105 = VECTOR ( 'NONE', #146, 1000.000000000000114 ) ;
#9106 = CARTESIAN_POINT ( 'NONE',  ( -2.146992799845271360, -8.494333787820140813, -2.500000000000000444 ) ) ;
#9107 = EDGE_CURVE ( 'NONE', #1972, #7926, #8229, .T. ) ;
#9108 = ORIENTED_EDGE ( 'NONE', *, *, #1820, .F. ) ;
#9109 = CARTESIAN_POINT ( 'NONE',  ( 1.446836770009098494, 1.672966036515363353, 19.62029748388161465 ) ) ;
#9110 = VECTOR ( 'NONE', #7809, 1000.000000000000000 ) ;
#9111 = CARTESIAN_POINT ( 'NONE',  ( -8.157176732979534606, 8.221964726476942431, -2.500000000000000444 ) ) ;
#9112 = CARTESIAN_POINT ( 'NONE',  ( -35.00000000000000711, -3.499999999999880540, -2.500000000000000444 ) ) ;
#9113 = ORIENTED_EDGE ( 'NONE', *, *, #8292, .F. ) ;
#9114 = VECTOR ( 'NONE', #3650, 1000.000000000000114 ) ;
#9115 = DIRECTION ( 'NONE',  ( -0.4999999999999884537, 0.8660254037844452579, 0.000000000000000000 ) ) ;
#9116 = CARTESIAN_POINT ( 'NONE',  ( -1.886781462999344905, 1.104034517420072303, 18.69665676498993179 ) ) ;
#9117 = CARTESIAN_POINT ( 'NONE',  ( 8.221964726476977958, 8.157176732979570133, -2.500000000000000444 ) ) ;
#9118 = VERTEX_POINT ( 'NONE', #5965 ) ;
#9119 = AXIS2_PLACEMENT_3D ( 'NONE', #2939, #7502, #705 ) ;
#9120 = ADVANCED_FACE ( 'NONE', ( #610 ), #6606, .F. ) ;
#9121 = ORIENTED_EDGE ( 'NONE', *, *, #9505, .F. ) ;
#9122 = CARTESIAN_POINT ( 'NONE',  ( -32.43611231721958887, 25.07785113889777406, 2.500000000000000444 ) ) ;
#9123 = EDGE_CURVE ( 'NONE', #1889, #5483, #5086, .T. ) ;
#9124 = EDGE_LOOP ( 'NONE', ( #5988, #653, #6209, #1432 ) ) ;
#9125 = CARTESIAN_POINT ( 'NONE',  ( 0.000000000000000000, 0.000000000000000000, 2.500000000000000444 ) ) ;
#9126 = ORIENTED_EDGE ( 'NONE', *, *, #515, .F. ) ;
#9127 = LINE ( 'NONE', #176, #2361 ) ;
#9128 = ORIENTED_EDGE ( 'NONE', *, *, #1621, .F. ) ;
#9129 = CARTESIAN_POINT ( 'NONE',  ( 43.06088913245531558, -4.583647796503583116, -2.500000000000000444 ) ) ;
#9130 = AXIS2_PLACEMENT_3D ( 'NONE', #4124, #5703, #1937 ) ;
#9131 = EDGE_CURVE ( 'NONE', #8338, #562, #3503, .T. ) ;
#9132 = ORIENTED_EDGE ( 'NONE', *, *, #7480, .T. ) ;
#9133 = DIRECTION ( 'NONE',  ( -1.000000000000000000, 0.000000000000000000, 0.000000000000000000 ) ) ;
#9134 = ADVANCED_FACE ( 'NONE', ( #9766 ), #6060, .T. ) ;
#9135 = CYLINDRICAL_SURFACE ( 'NONE', #732, 50.00000000000000000 ) ;
#9136 = ORIENTED_EDGE ( 'NONE', *, *, #6369, .T. ) ;
#9137 = DIRECTION ( 'NONE',  ( 0.2450494958541576673, 0.9695105696079971969, 0.000000000000000000 ) ) ;
#9138 = VECTOR ( 'NONE', #4695, 1000.000000000000000 ) ;
#9139 = CARTESIAN_POINT ( 'NONE',  ( 1.535911781320788982, 1.540000000000000036, 5.499999999999998224 ) ) ;
#9140 = CARTESIAN_POINT ( 'NONE',  ( -3.500000000000010214, 2.519685848856318931E-14, 2.500000000000000444 ) ) ;
#9141 = DIRECTION ( 'NONE',  ( -0.000000000000000000, -0.000000000000000000, -1.000000000000000000 ) ) ;
#9142 = CARTESIAN_POINT ( 'NONE',  ( -4.426627195228808098, -16.52039759875990299, -2.500000000000000444 ) ) ;
#9143 = CARTESIAN_POINT ( 'NONE',  ( -3.500000000000010214, 2.519685848856318931E-14, -2.500000000000000444 ) ) ;
#9144 = AXIS2_PLACEMENT_3D ( 'NONE', #7157, #4199, #7302 ) ;
#9145 = VERTEX_POINT ( 'NONE', #9068 ) ;
#9146 = ORIENTED_EDGE ( 'NONE', *, *, #6301, .T. ) ;
#9147 = ORIENTED_EDGE ( 'NONE', *, *, #5127, .T. ) ;
#9148 = CARTESIAN_POINT ( 'NONE',  ( 8.429805248399418360, -2.387816587501792487, -2.500000000000000444 ) ) ;
#9149 = CARTESIAN_POINT ( 'NONE',  ( 4.583647796503135474, -43.06088913245536531, 2.500000000000000444 ) ) ;
#9150 = AXIS2_PLACEMENT_3D ( 'NONE', #5171, #3545, #1350 ) ;
#9151 = FACE_OUTER_BOUND ( 'NONE', #6957, .T. ) ;
#9152 = DIRECTION ( 'NONE',  ( 0.000000000000000000, -1.000000000000000000, 0.000000000000000000 ) ) ;
#9153 = CARTESIAN_POINT ( 'NONE',  ( 25.38033976807182057, 13.54235603521629905, -2.500000000000000444 ) ) ;
#9154 = VECTOR ( 'NONE', #2869, 999.9999999999998863 ) ;
#9155 = AXIS2_PLACEMENT_3D ( 'NONE', #5911, #7396, #3408 ) ;
#9156 = ORIENTED_EDGE ( 'NONE', *, *, #6096, .T. ) ;
#9157 = DIRECTION ( 'NONE',  ( -0.000000000000000000, -0.000000000000000000, 1.000000000000000000 ) ) ;
#9158 = ORIENTED_EDGE ( 'NONE', *, *, #7506, .F. ) ;
#9159 = FACE_OUTER_BOUND ( 'NONE', #6213, .T. ) ;
#9160 = CARTESIAN_POINT ( 'NONE',  ( 2.387816587501819576, 8.429805248399517836, -2.500000000000000444 ) ) ;
#9161 = CARTESIAN_POINT ( 'NONE',  ( -8.221964726476832297, -8.157176732979426248, 2.500000000000000444 ) ) ;
#9162 = CIRCLE ( 'NONE', #1118, 12.50000000000000000 ) ;
#9163 = ORIENTED_EDGE ( 'NONE', *, *, #5979, .T. ) ;
#9164 = EDGE_CURVE ( 'NONE', #2046, #4570, #6654, .T. ) ;
#9165 = DIRECTION ( 'NONE',  ( -0.9695105696079970858, 0.2450494958541576673, 0.000000000000000000 ) ) ;
#9166 = CIRCLE ( 'NONE', #7118, 22.00000000000013145 ) ;
#9167 = CARTESIAN_POINT ( 'NONE',  ( -1.728333402648337014, 5.221639719596027795, 17.44291204086416869 ) ) ;
#9168 = CARTESIAN_POINT ( 'NONE',  ( -20.53108891324536245, 28.56088913245546834, -2.500000000000000444 ) ) ;
#9169 = B_SPLINE_CURVE_WITH_KNOTS ( 'NONE', 3,
 ( #3617, #5384, #5433, #9744 ),
 .UNSPECIFIED., .F., .F.,
 ( 4, 4 ),
 ( 1.734723475976806902E-18, 0.001307469713021767836 ),
 .UNSPECIFIED. ) ;
#9170 = VERTEX_POINT ( 'NONE', #8098 ) ;
#9171 = CIRCLE ( 'NONE', #8702, 43.00000000000000711 ) ;
#9172 = ORIENTED_EDGE ( 'NONE', *, *, #4473, .T. ) ;
#9173 = DIRECTION ( 'NONE',  ( -0.000000000000000000, -0.000000000000000000, 1.000000000000000000 ) ) ;
#9174 = AXIS2_PLACEMENT_3D ( 'NONE', #6626, #5150, #8117 ) ;
#9175 = EDGE_CURVE ( 'NONE', #4437, #5032, #753, .T. ) ;
#9176 = VERTEX_POINT ( 'NONE', #3782 ) ;
#9177 = AXIS2_PLACEMENT_3D ( 'NONE', #1838, #5664, #1790 ) ;
#9178 = DIRECTION ( 'NONE',  ( -0.2626377277448091463, 0.9648945144237496274, 0.000000000000000000 ) ) ;
#9179 = ORIENTED_EDGE ( 'NONE', *, *, #9639, .F. ) ;
#9180 = DIRECTION ( 'NONE',  ( 0.6969743733982689537, -0.7170960345909678235, 0.000000000000000000 ) ) ;
#9181 = EDGE_CURVE ( 'NONE', #6936, #7579, #7442, .T. ) ;
#9182 = VECTOR ( 'NONE', #2805, 1000.000000000000114 ) ;
#9183 = ORIENTED_EDGE ( 'NONE', *, *, #3747, .F. ) ;
#9184 = LINE ( 'NONE', #2355, #3966 ) ;
#9185 = EDGE_CURVE ( 'NONE', #4912, #2551, #5871, .T. ) ;
#9186 = VECTOR ( 'NONE', #5840, 1000.000000000000000 ) ;
#9187 = EDGE_LOOP ( 'NONE', ( #6178, #9192, #3995, #2091 ) ) ;
#9188 = CARTESIAN_POINT ( 'NONE',  ( 6.282812448554191853, 6.106517200318458904, 2.500000000000000444 ) ) ;
#9189 = VECTOR ( 'NONE', #353, 1000.000000000000000 ) ;
#9190 = DIRECTION ( 'NONE',  ( -0.000000000000000000, -0.000000000000000000, 1.000000000000000000 ) ) ;
#9192 = ORIENTED_EDGE ( 'NONE', *, *, #8164, .F. ) ;
#9191 = B_SPLINE_CURVE_WITH_KNOTS ( 'NONE', 3,
 ( #1457, #709, #2942, #8188 ),
 .UNSPECIFIED., .F., .F.,
 ( 4, 4 ),
 ( 0.000000000000000000, 0.001307469713021760247 ),
 .UNSPECIFIED. ) ;
#9193 = CARTESIAN_POINT ( 'NONE',  ( 0.000000000000000000, 1.540000000000000036, 5.499999999999998224 ) ) ;
#9194 = CARTESIAN_POINT ( 'NONE',  ( 0.000000000000000000, 0.000000000000000000, 10.49999999999998579 ) ) ;
#9195 = CARTESIAN_POINT ( 'NONE',  ( 42.62942283616646932, 5.499999999999576339, -2.500000000000000444 ) ) ;
#9196 = ORIENTED_EDGE ( 'NONE', *, *, #6528, .F. ) ;
#9197 = EDGE_CURVE ( 'NONE', #3425, #7441, #5529, .T. ) ;
#9198 = CARTESIAN_POINT ( 'NONE',  ( 2.134703820650564410, 14.29278542295895171, 2.689257726103993384 ) ) ;
#9199 = EDGE_CURVE ( 'NONE', #7369, #7555, #5716, .T. ) ;
#9200 = CARTESIAN_POINT ( 'NONE',  ( 12.94759237871387292, 3.469296921803767031, -2.500000000000000444 ) ) ;
#9201 = CARTESIAN_POINT ( 'NONE',  ( 9.478295456910178274, 9.478295456910142747, 3.353331896490917341 ) ) ;
#9202 = VERTEX_POINT ( 'NONE', #1592 ) ;
#9203 = ORIENTED_EDGE ( 'NONE', *, *, #2792, .T. ) ;
#9204 = ORIENTED_EDGE ( 'NONE', *, *, #292, .F. ) ;
#9205 = DIRECTION ( 'NONE',  ( 1.000000000000000000, -8.042808843165191222E-15, 0.000000000000000000 ) ) ;
#9206 = CARTESIAN_POINT ( 'NONE',  ( -11.17530463715791811, -3.041841955658796337, 2.500000000000000444 ) ) ;
#9207 = LINE ( 'NONE', #7777, #1252 ) ;
#9208 = DIRECTION ( 'NONE',  ( -0.000000000000000000, -0.000000000000000000, 1.000000000000000000 ) ) ;
#9209 = PLANE ( 'NONE',  #9662 ) ;
#9210 = PLANE ( 'NONE',  #3740 ) ;
#9211 = VECTOR ( 'NONE', #5713, 1000.000000000000114 ) ;
#9212 = ORIENTED_EDGE ( 'NONE', *, *, #8625, .T. ) ;
#9213 = CARTESIAN_POINT ( 'NONE',  ( 11.19901868863826166, -2.953339910681126668, 2.500000000000000444 ) ) ;
#9214 = VERTEX_POINT ( 'NONE', #6260 ) ;
#9215 = CARTESIAN_POINT ( 'NONE',  ( 1.906419737345668608, 1.050158086411829172, 17.38409996293112414 ) ) ;
#9216 = CARTESIAN_POINT ( 'NONE',  ( -26.30116095055096181, 34.01836169854765757, 2.500000000000000444 ) ) ;
#9217 = CARTESIAN_POINT ( 'NONE',  ( 0.000000000000000000, 0.000000000000000000, 2.500000000000000444 ) ) ;
#9218 = AXIS2_PLACEMENT_3D ( 'NONE', #8939, #7415, #628 ) ;
#9219 = ADVANCED_FACE ( 'NONE', ( #3936 ), #6844, .F. ) ;
#9220 = ORIENTED_EDGE ( 'NONE', *, *, #8750, .T. ) ;
#9221 = DIRECTION ( 'NONE',  ( 1.000000000000000000, 0.000000000000000000, 0.000000000000000000 ) ) ;
#9222 = CARTESIAN_POINT ( 'NONE',  ( -1.781648013658779561, 1.258130476466915004, 16.92027134217738293 ) ) ;
#9223 = DIRECTION ( 'NONE',  ( -0.000000000000000000, -0.000000000000000000, 1.000000000000000000 ) ) ;
#9224 = ORIENTED_EDGE ( 'NONE', *, *, #2262, .F. ) ;
#9225 = VECTOR ( 'NONE', #9230, 1000.000000000000000 ) ;
#9226 = ORIENTED_EDGE ( 'NONE', *, *, #9493, .T. ) ;
#9227 = DIRECTION ( 'NONE',  ( 0.6969743733982689537, -0.7170960345909678235, 0.000000000000000000 ) ) ;
#9228 = EDGE_CURVE ( 'NONE', #3005, #1415, #6153, .T. ) ;
#9229 = ORIENTED_EDGE ( 'NONE', *, *, #9648, .T. ) ;
#9230 = DIRECTION ( 'NONE',  ( -0.000000000000000000, -0.000000000000000000, 1.000000000000000000 ) ) ;
#9231 = ORIENTED_EDGE ( 'NONE', *, *, #3501, .T. ) ;
#9232 = DIRECTION ( 'NONE',  ( -0.000000000000000000, 0.000000000000000000, 1.000000000000000000 ) ) ;
#9233 = ORIENTED_EDGE ( 'NONE', *, *, #3927, .T. ) ;
#9234 = DIRECTION ( 'NONE',  ( 0.6969743733982683986, 0.7170960345909682676, 0.000000000000000000 ) ) ;
#9235 = ORIENTED_EDGE ( 'NONE', *, *, #3452, .F. ) ;
#9236 = CARTESIAN_POINT ( 'NONE',  ( -11.31056335679702585, -8.995100449718286484, -2.500000000000000444 ) ) ;
#9237 = ADVANCED_FACE ( 'NONE', ( #1637 ), #3806, .T. ) ;
#9238 = LINE ( 'NONE', #3407, #2011 ) ;
#9239 = VERTEX_POINT ( 'NONE', #7291 ) ;
#9240 = PRODUCT_CONTEXT ( 'NONE', #9094, 'mechanical' ) ;
#9241 = CARTESIAN_POINT ( 'NONE',  ( -5.297684973240327722, 13.44526717744764355, 2.689257726104003599 ) ) ;
#9242 = DIRECTION ( 'NONE',  ( 0.000000000000000000, 0.000000000000000000, 1.000000000000000000 ) ) ;
#9243 = ORIENTED_EDGE ( 'NONE', *, *, #8890, .T. ) ;
#9244 = CARTESIAN_POINT ( 'NONE',  ( 3.043186370107846983, 13.37708729347521341, 3.055993497343729270 ) ) ;
#9245 = EDGE_CURVE ( 'NONE', #2557, #6944, #8456, .T. ) ;
#9246 = CYLINDRICAL_SURFACE ( 'NONE', #6906, 1.924999999999999600 ) ;
#9247 = CARTESIAN_POINT ( 'NONE',  ( -34.99999999999991473, 25.50000000000012434, -2.500000000000000444 ) ) ;
#9248 = EDGE_LOOP ( 'NONE', ( #1508, #3043, #6676, #5940 ) ) ;
#9249 = DIRECTION ( 'NONE',  ( -0.000000000000000000, -0.000000000000000000, 1.000000000000000000 ) ) ;
#9250 = ADVANCED_FACE ( 'NONE', ( #1843 ), #4882, .T. ) ;
#9251 = EDGE_CURVE ( 'NONE', #5430, #3979, #2714, .T. ) ;
#9252 = ORIENTED_EDGE ( 'NONE', *, *, #3137, .F. ) ;
#9253 = DIRECTION ( 'NONE',  ( -0.000000000000000000, 0.000000000000000000, 1.000000000000000000 ) ) ;
#9254 = LINE ( 'NONE', #6979, #3978 ) ;
#9255 = CARTESIAN_POINT ( 'NONE',  ( 39.58364779650333531, 17.56088913245502781, -2.500000000000000444 ) ) ;
#9256 = PLANE ( 'NONE',  #9610 ) ;
#9257 = FACE_OUTER_BOUND ( 'NONE', #4270, .T. ) ;
#9258 = CARTESIAN_POINT ( 'NONE',  ( -6.969435128366574972, 18.99185453113851096, -2.500000000000000444 ) ) ;
#9259 = ORIENTED_EDGE ( 'NONE', *, *, #8213, .F. ) ;
#9260 = FACE_OUTER_BOUND ( 'NONE', #8577, .T. ) ;
#9261 = EDGE_CURVE ( 'NONE', #6846, #9278, #2645, .T. ) ;
#9262 = VECTOR ( 'NONE', #4102, 1000.000000000000000 ) ;
#9263 = VERTEX_POINT ( 'NONE', #3486 ) ;
#9264 = CARTESIAN_POINT ( 'NONE',  ( 1.518172833103113017, 1.557490368775251044, 16.39103262389420124 ) ) ;
#9265 = DIRECTION ( 'NONE',  ( -1.000000000000000000, 0.000000000000000000, 0.000000000000000000 ) ) ;
#9266 = LINE ( 'NONE', #4826, #1113 ) ;
#9267 = ORIENTED_EDGE ( 'NONE', *, *, #9618, .F. ) ;
#9268 = AXIS2_PLACEMENT_3D ( 'NONE', #4, #4517, #1343 ) ;
#9269 = DIRECTION ( 'NONE',  ( -0.000000000000000000, -0.000000000000000000, -1.000000000000000000 ) ) ;
#9270 = CARTESIAN_POINT ( 'NONE',  ( -0.5034862494516969544, 5.478334647232581567, 16.43765515744651395 ) ) ;
#9271 = DIRECTION ( 'NONE',  ( -0.9621455304451257406, -0.2725361962097285762, 0.000000000000000000 ) ) ;
#9272 = VECTOR ( 'NONE', #2980, 1000.000000000000000 ) ;
#9273 = CIRCLE ( 'NONE', #3745, 1.000000000000000888 ) ;
#9274 = ORIENTED_EDGE ( 'NONE', *, *, #5257, .T. ) ;
#9275 = ORIENTED_EDGE ( 'NONE', *, *, #9530, .T. ) ;
#9276 = CARTESIAN_POINT ( 'NONE',  ( 12.09377040353127519, 12.09377040353128763, -2.500000000000000444 ) ) ;
#9277 = AXIS2_PLACEMENT_3D ( 'NONE', #7070, #8608, #5598 ) ;
#9278 = VERTEX_POINT ( 'NONE', #5617 ) ;
#9279 = CARTESIAN_POINT ( 'NONE',  ( 8.494333787820254500, -2.146992799845305111, -2.500000000000000444 ) ) ;
#9280 = CIRCLE ( 'NONE', #2314, 2.000000000000001776 ) ;
#9281 = ORIENTED_EDGE ( 'NONE', *, *, #3091, .T. ) ;
#9282 = DIRECTION ( 'NONE',  ( 0.000000000000000000, -1.000000000000000000, 0.000000000000000000 ) ) ;
#9283 = ORIENTED_EDGE ( 'NONE', *, *, #1820, .T. ) ;
#9284 = CARTESIAN_POINT ( 'NONE',  ( -18.35596847918068164, 23.33891914284135183, -2.500000000000000444 ) ) ;
#9285 = AXIS2_PLACEMENT_3D ( 'NONE', #3837, #2495, #1745 ) ;
#9286 = EDGE_CURVE ( 'NONE', #8554, #9474, #6502, .T. ) ;
#9287 = EDGE_LOOP ( 'NONE', ( #6560, #5659, #3081, #5100 ) ) ;
#9288 = CARTESIAN_POINT ( 'NONE',  ( 8.429805248399542705, 2.387816587501828902, -2.500000000000000444 ) ) ;
#9289 = DIRECTION ( 'NONE',  ( 0.9648945144237497384, -0.2626377277448086467, 0.000000000000000000 ) ) ;
#9290 = ORIENTED_EDGE ( 'NONE', *, *, #9199, .F. ) ;
#9291 = FACE_OUTER_BOUND ( 'NONE', #4983, .T. ) ;
#9292 = CARTESIAN_POINT ( 'NONE',  ( 3.041841955658855401, 11.17530463715815969, 2.500000000000000444 ) ) ;
#9293 = CARTESIAN_POINT ( 'NONE',  ( -50.00000000000000000, 0.000000000000000000, 12.50000000000000000 ) ) ;
#9294 = VECTOR ( 'NONE', #4616, 1000.000000000000000 ) ;
#9295 = ORIENTED_EDGE ( 'NONE', *, *, #536, .T. ) ;
#9296 = LINE ( 'NONE', #8401, #6948 ) ;
#9297 = EDGE_CURVE ( 'NONE', #6968, #3124, #4937, .T. ) ;
#9298 = DIRECTION ( 'NONE',  ( -0.000000000000000000, 1.000000000000000000, -0.000000000000000000 ) ) ;
#9299 = CARTESIAN_POINT ( 'NONE',  ( -3.041841955658838526, 11.17530463715806910, 2.500000000000000444 ) ) ;
#9300 = VERTEX_POINT ( 'NONE', #8038 ) ;
#9301 = LINE ( 'NONE', #3414, #630 ) ;
#9302 = EDGE_CURVE ( 'NONE', #8609, #6931, #1747, .T. ) ;
#9303 = ORIENTED_EDGE ( 'NONE', *, *, #6465, .T. ) ;
#9304 = CARTESIAN_POINT ( 'NONE',  ( -10.67453374887252693, 9.162830469435743197, 2.836032871894539564 ) ) ;
#9305 = DIRECTION ( 'NONE',  ( 0.000000000000000000, 0.000000000000000000, 1.000000000000000000 ) ) ;
#9306 = DIRECTION ( 'NONE',  ( -0.000000000000000000, -0.000000000000000000, 1.000000000000000000 ) ) ;
#9307 = EDGE_CURVE ( 'NONE', #6916, #8075, #4829, .T. ) ;
#9308 = FACE_OUTER_BOUND ( 'NONE', #1968, .T. ) ;
#9309 = CIRCLE ( 'NONE', #8051, 1.000000000000000888 ) ;
#9310 = DIRECTION ( 'NONE',  ( 0.000000000000000000, 0.000000000000000000, 1.000000000000000000 ) ) ;
#9311 = ADVANCED_FACE ( 'NONE', ( #1949 ), #5023, .T. ) ;
#9312 = DIRECTION ( 'NONE',  ( 0.000000000000000000, 0.000000000000000000, -1.000000000000000000 ) ) ;
#9313 = EDGE_LOOP ( 'NONE', ( #5487, #5061, #4797, #4275, #6086 ) ) ;
#9314 = PLANE ( 'NONE',  #4223 ) ;
#9315 = ORIENTED_EDGE ( 'NONE', *, *, #8570, .F. ) ;
#9316 = AXIS2_PLACEMENT_3D ( 'NONE', #8614, #6924, #3972 ) ;
#9317 = CARTESIAN_POINT ( 'NONE',  ( 1.911794012123991582, 1.284048686509260628, 18.55504357867519616 ) ) ;
#9318 = CARTESIAN_POINT ( 'NONE',  ( 0.000000000000000000, 0.000000000000000000, 10.00000000000000000 ) ) ;
#9319 = CARTESIAN_POINT ( 'NONE',  ( 12.09377040353127519, 12.09377040353128763, 2.500000000000000444 ) ) ;
#9320 = ORIENTED_EDGE ( 'NONE', *, *, #1000, .T. ) ;
#9321 = LINE ( 'NONE', #8036, #3109 ) ;
#9322 = EDGE_CURVE ( 'NONE', #3124, #7862, #7193, .T. ) ;
#9323 = CARTESIAN_POINT ( 'NONE',  ( -0.2538887761395473008, 5.495560881275562970, 16.38757556872882049 ) ) ;
#9324 = EDGE_CURVE ( 'NONE', #4058, #7889, #6455, .T. ) ;
#9325 = FACE_OUTER_BOUND ( 'NONE', #5011, .T. ) ;
#9326 = CIRCLE ( 'NONE', #776, 44.41421356237311358 ) ;
#9327 = ORIENTED_EDGE ( 'NONE', *, *, #2428, .F. ) ;
#9328 = ORIENTED_EDGE ( 'NONE', *, *, #9000, .F. ) ;
#9329 = DIRECTION ( 'NONE',  ( 0.000000000000000000, -0.000000000000000000, -1.000000000000000000 ) ) ;
#9330 = ORIENTED_EDGE ( 'NONE', *, *, #7431, .T. ) ;
#9331 = VECTOR ( 'NONE', #9306, 1000.000000000000000 ) ;
#9332 = CARTESIAN_POINT ( 'NONE',  ( 0.000000000000000000, 0.000000000000000000, 5.499999999999998224 ) ) ;
#9333 = AXIS2_PLACEMENT_3D ( 'NONE', #1182, #5929, #4400 ) ;
#9334 = ORIENTED_EDGE ( 'NONE', *, *, #3341, .T. ) ;
#9335 = CARTESIAN_POINT ( 'NONE',  ( 3.469296921803700418, -12.94759237871372370, 3.353331896491106523 ) ) ;
#9336 = ORIENTED_EDGE ( 'NONE', *, *, #8317, .T. ) ;
#9337 = FACE_OUTER_BOUND ( 'NONE', #8972, .T. ) ;
#9338 = AXIS2_PLACEMENT_3D ( 'NONE', #8654, #9449, #2814 ) ;
#9339 = AXIS2_PLACEMENT_3D ( 'NONE', #3763, #6035, #2268 ) ;
#9340 = TOROIDAL_SURFACE ( 'NONE', #5080, 45.00000000000001421, 2.000000000000000000 ) ;
#9341 = ORIENTED_EDGE ( 'NONE', *, *, #8638, .F. ) ;
#9342 = CARTESIAN_POINT ( 'NONE',  ( 14.46891108675472282, 32.06088913245523742, 2.500000000000000444 ) ) ;
#9343 = DIRECTION ( 'NONE',  ( 1.000000000000000000, 1.776356839400250465E-15, 0.000000000000000000 ) ) ;
#9344 = ORIENTED_EDGE ( 'NONE', *, *, #3198, .F. ) ;
#9345 = AXIS2_PLACEMENT_3D ( 'NONE', #9703, #2926, #5947 ) ;
#9346 = LINE ( 'NONE', #8603, #6941 ) ;
#9347 = LINE ( 'NONE', #9140, #4730 ) ;
#9348 = VECTOR ( 'NONE', #4963, 1000.000000000000114 ) ;
#9349 = ORIENTED_EDGE ( 'NONE', *, *, #5744, .T. ) ;
#9350 = DIRECTION ( 'NONE',  ( -1.000000000000000000, 0.000000000000000000, 0.000000000000000000 ) ) ;
#9351 = CARTESIAN_POINT ( 'NONE',  ( -5.768292682926831283, -42.61134590134526690, 2.500000000000000444 ) ) ;
#9352 = CARTESIAN_POINT ( 'NONE',  ( -8.221964726476832297, -8.157176732979426248, -2.500000000000000444 ) ) ;
#9353 = PRODUCT_DEFINITION_FORMATION_WITH_SPECIFIED_SOURCE ( 'ANY', '', #913, .NOT_KNOWN. ) ;
#9354 = VERTEX_POINT ( 'NONE', #8773 ) ;
#9355 = CARTESIAN_POINT ( 'NONE',  ( 17.56088913245572414, 39.58364779650302978, -2.500000000000000444 ) ) ;
#9356 = ADVANCED_FACE ( 'NONE', ( #4980, #7994 ), #555, .T. ) ;
#9357 = ORIENTED_EDGE ( 'NONE', *, *, #9075, .F. ) ;
#9358 = DIRECTION ( 'NONE',  ( 0.7043042975908135883, -0.7098982014311000510, 0.000000000000000000 ) ) ;
#9359 = FACE_OUTER_BOUND ( 'NONE', #1940, .T. ) ;
#9360 = DIRECTION ( 'NONE',  ( -0.7043042975908135883, 0.7098982014311000510, 0.000000000000000000 ) ) ;
#9361 = CARTESIAN_POINT ( 'NONE',  ( 9.822323147761135687, -11.51964875665643007, 2.500000000000000444 ) ) ;
#9362 = CARTESIAN_POINT ( 'NONE',  ( -8.995100449718353985, 11.31056335679716440, 2.689257726104018698 ) ) ;
#9363 = DIRECTION ( 'NONE',  ( 1.224646799147353207E-16, 1.000000000000000000, -0.000000000000000000 ) ) ;
#9364 = ORIENTED_EDGE ( 'NONE', *, *, #4355, .F. ) ;
#9365 = DIRECTION ( 'NONE',  ( 0.000000000000000000, 0.000000000000000000, 1.000000000000000000 ) ) ;
#9366 = ADVANCED_FACE ( 'NONE', ( #1441 ), #5212, .F. ) ;
#9367 = ORIENTED_EDGE ( 'NONE', *, *, #4799, .F. ) ;
#9368 = CARTESIAN_POINT ( 'NONE',  ( 2.003631395697107020, 0.8462188280043345667, 18.19643224704380913 ) ) ;
#9369 = ADVANCED_FACE ( 'NONE', ( #9753 ), #4329, .F. ) ;
#9370 = CYLINDRICAL_SURFACE ( 'NONE', #2218, 2.000000000000001776 ) ;
#9371 = CARTESIAN_POINT ( 'NONE',  ( 18.99185453113844346, -6.969435128366584742, -2.500000000000000444 ) ) ;
#9372 = ORIENTED_EDGE ( 'NONE', *, *, #3452, .T. ) ;
#9373 = AXIS2_PLACEMENT_3D ( 'NONE', #3531, #4927, #6401 ) ;
#9374 = CARTESIAN_POINT ( 'NONE',  ( -1.518172833103101693, 1.557490368775262368, 20.20896737610581440 ) ) ;
#9375 = DIRECTION ( 'NONE',  ( -0.7098982014311006061, 0.7043042975908131442, 0.000000000000000000 ) ) ;
#9376 = ORIENTED_EDGE ( 'NONE', *, *, #3028, .F. ) ;
#9377 = EDGE_LOOP ( 'NONE', ( #2691, #7110, #2012, #9413 ) ) ;
#9378 = LINE ( 'NONE', #5525, #1829 ) ;
#9379 = EDGE_CURVE ( 'NONE', #6961, #5091, #6730, .T. ) ;
#9380 = VERTEX_POINT ( 'NONE', #8173 ) ;
#9381 = AXIS2_PLACEMENT_3D ( 'NONE', #6031, #6815, #5540 ) ;
#9382 = ADVANCED_FACE ( 'NONE', ( #8128 ), #9611, .F. ) ;
#9383 = CARTESIAN_POINT ( 'NONE',  ( -24.41819423762658658, 15.20884097822261971, -2.500000000000000444 ) ) ;
#9384 = EDGE_CURVE ( 'NONE', #1972, #5131, #4420, .T. ) ;
#9385 = ORIENTED_EDGE ( 'NONE', *, *, #1131, .T. ) ;
#9386 = DIRECTION ( 'NONE',  ( -0.000000000000000000, -0.000000000000000000, -1.000000000000000000 ) ) ;
#9387 = ORIENTED_EDGE ( 'NONE', *, *, #2054, .F. ) ;
#9388 = LINE ( 'NONE', #8640, #9501 ) ;
#9389 = VECTOR ( 'NONE', #9429, 1000.000000000000000 ) ;
#9390 = EDGE_LOOP ( 'NONE', ( #1230, #6494, #4972, #3288, #6102, #3403 ) ) ;
#9391 = CARTESIAN_POINT ( 'NONE',  ( 50.00000000000000000, 6.123233995736766085E-15, 12.50000000000000000 ) ) ;
#9392 = EDGE_CURVE ( 'NONE', #230, #276, #1280, .T. ) ;
#9393 = ORIENTED_EDGE ( 'NONE', *, *, #9723, .T. ) ;
#9394 = LINE ( 'NONE', #4104, #3277 ) ;
#9395 = EDGE_LOOP ( 'NONE', ( #9065, #6901, #7752, #6355 ) ) ;
#9396 = AXIS2_PLACEMENT_3D ( 'NONE', #7494, #8179, #8278 ) ;
#9397 = CARTESIAN_POINT ( 'NONE',  ( 25.07785113889720563, -32.43611231722002941, -2.500000000000000444 ) ) ;
#9398 = LINE ( 'NONE', #4161, #7899 ) ;
#9399 = ORIENTED_EDGE ( 'NONE', *, *, #3244, .F. ) ;
#9400 = CARTESIAN_POINT ( 'NONE',  ( -11.19901868863824568, 2.953339910681120895, 2.500000000000000444 ) ) ;
#9401 = DIRECTION ( 'NONE',  ( -0.000000000000000000, -0.000000000000000000, -1.000000000000000000 ) ) ;
#9402 = FACE_OUTER_BOUND ( 'NONE', #7801, .T. ) ;
#9403 = ORIENTED_EDGE ( 'NONE', *, *, #1277, .T. ) ;
#9404 = DIRECTION ( 'NONE',  ( -0.000000000000000000, -0.000000000000000000, 1.000000000000000000 ) ) ;
#9405 = ORIENTED_EDGE ( 'NONE', *, *, #1084, .T. ) ;
#9406 = CARTESIAN_POINT ( 'NONE',  ( 2.953339910681121339, -11.19901868863823680, -2.500000000000000444 ) ) ;
#9407 = DIRECTION ( 'NONE',  ( 1.000000000000000000, 0.000000000000000000, 0.000000000000000000 ) ) ;
#9408 = DIRECTION ( 'NONE',  ( -0.6969743733982686207, -0.7170960345909680456, 0.000000000000000000 ) ) ;
#9409 = DIRECTION ( 'NONE',  ( -0.000000000000000000, -0.000000000000000000, 1.000000000000000000 ) ) ;
#9410 = CYLINDRICAL_SURFACE ( 'NONE', #9027, 2.174999999999999822 ) ;
#9411 = CARTESIAN_POINT ( 'NONE',  ( 2.003721000879796321, 0.8460065916131014330, 18.12290652788339074 ) ) ;
#9412 = ADVANCED_FACE ( 'NONE', ( #4373 ), #740, .T. ) ;
#9413 = ORIENTED_EDGE ( 'NONE', *, *, #6225, .F. ) ;
#9414 = CYLINDRICAL_SURFACE ( 'NONE', #1525, 1.999999999999998224 ) ;
#9415 = VERTEX_POINT ( 'NONE', #7386 ) ;
#9416 = CARTESIAN_POINT ( 'NONE',  ( 1.474048465862163759, 1.869889013966369529, 16.97017253620039412 ) ) ;
#9417 = CARTESIAN_POINT ( 'NONE',  ( 16.52039759876006286, 4.426627195228872935, 2.500000000000000444 ) ) ;
#9418 = CARTESIAN_POINT ( 'NONE',  ( 18.35596847918080599, 23.33891914284132341, -2.500000000000000444 ) ) ;
#9419 = VERTEX_POINT ( 'NONE', #7486 ) ;
#9420 = CARTESIAN_POINT ( 'NONE',  ( -13.10649060984533065, -4.053066941773524334, 3.055993497343857168 ) ) ;
#9421 = DIRECTION ( 'NONE',  ( -1.000000000000000000, 0.000000000000000000, 0.000000000000000000 ) ) ;
#9422 = CARTESIAN_POINT ( 'NONE',  ( 50.00000000000000000, 0.000000000000000000, 0.000000000000000000 ) ) ;
#9423 = EDGE_CURVE ( 'NONE', #4607, #557, #3172, .T. ) ;
#9424 = VERTEX_POINT ( 'NONE', #5998 ) ;
#9425 = AXIS2_PLACEMENT_3D ( 'NONE', #3304, #1070, #1122 ) ;
#9426 = ORIENTED_EDGE ( 'NONE', *, *, #174, .T. ) ;
#9427 = CARTESIAN_POINT ( 'NONE',  ( 9.478295456910077021, -9.478295456910036165, -2.500000000000000444 ) ) ;
#9428 = ORIENTED_EDGE ( 'NONE', *, *, #882, .T. ) ;
#9429 = DIRECTION ( 'NONE',  ( 0.2450494958541575841, 0.9695105696079971969, 0.000000000000000000 ) ) ;
#9430 = ADVANCED_FACE ( 'NONE', ( #6592 ), #8270, .F. ) ;
#9431 = ORIENTED_EDGE ( 'NONE', *, *, #5631, .T. ) ;
#9432 = DIRECTION ( 'NONE',  ( 0.6969743733982683986, 0.7170960345909682676, 0.000000000000000000 ) ) ;
#9433 = VECTOR ( 'NONE', #3829, 1000.000000000000000 ) ;
#9434 = FACE_OUTER_BOUND ( 'NONE', #4729, .T. ) ;
#9435 = DIRECTION ( 'NONE',  ( -0.000000000000000000, -0.000000000000000000, 1.000000000000000000 ) ) ;
#9436 = ADVANCED_FACE ( 'NONE', ( #2833 ), #2236, .F. ) ;
#9437 = EDGE_CURVE ( 'NONE', #1595, #4960, #8910, .T. ) ;
#9438 = CIRCLE ( 'NONE', #2149, 2.000000000000000000 ) ;
#9439 = ORIENTED_EDGE ( 'NONE', *, *, #8929, .T. ) ;
#9440 = CARTESIAN_POINT ( 'NONE',  ( -1.654093900247963989, 1.955942051272252513, 17.29809577213491778 ) ) ;
#9441 = VECTOR ( 'NONE', #5896, 1000.000000000000000 ) ;
#9442 = ORIENTED_EDGE ( 'NONE', *, *, #5960, .T. ) ;
#9443 = DIRECTION ( 'NONE',  ( 0.8660254037844361541, -0.5000000000000042188, 0.000000000000000000 ) ) ;
#9444 = VECTOR ( 'NONE', #9714, 1000.000000000000000 ) ;
#9445 = LINE ( 'NONE', #1867, #4916 ) ;
#9446 = VECTOR ( 'NONE', #5105, 1000.000000000000000 ) ;
#9447 = FACE_BOUND ( 'NONE', #6892, .T. ) ;
#9448 = ORIENTED_EDGE ( 'NONE', *, *, #5421, .T. ) ;
#9449 = DIRECTION ( 'NONE',  ( -0.000000000000000000, -0.000000000000000000, 1.000000000000000000 ) ) ;
#9450 = CARTESIAN_POINT ( 'NONE',  ( 37.93611231721953914, -15.55157169726922994, 2.500000000000000444 ) ) ;
#9451 = EDGE_CURVE ( 'NONE', #87, #827, #2039, .T. ) ;
#9452 = ADVANCED_FACE ( 'NONE', ( #646 ), #6686, .F. ) ;
#9453 = ORIENTED_EDGE ( 'NONE', *, *, #828, .T. ) ;
#9454 = DIRECTION ( 'NONE',  ( -0.5000000000000072164, -0.8660254037844344888, 0.000000000000000000 ) ) ;
#9455 = AXIS2_PLACEMENT_3D ( 'NONE', #6994, #6845, #4579 ) ;
#9456 = ORIENTED_EDGE ( 'NONE', *, *, #2056, .T. ) ;
#9457 = CARTESIAN_POINT ( 'NONE',  ( 12.96271092476114184, -15.53163513676229712, -2.500000000000000444 ) ) ;
#9458 = CYLINDRICAL_SURFACE ( 'NONE', #2723, 21.99999999999998224 ) ;
#9459 = DIRECTION ( 'NONE',  ( 0.7071067811865472397, 8.659560562354930393E-17, -0.7071067811865479058 ) ) ;
#9460 = LINE ( 'NONE', #2529, #2670 ) ;
#9461 = LINE ( 'NONE', #1144, #7616 ) ;
#9462 = DIRECTION ( 'NONE',  ( 0.7098982014311003841, -0.7043042975908132552, 0.000000000000000000 ) ) ;
#9463 = ORIENTED_EDGE ( 'NONE', *, *, #1737, .F. ) ;
#9464 = DIRECTION ( 'NONE',  ( -1.000000000000000000, 0.000000000000000000, 0.000000000000000000 ) ) ;
#9465 = ORIENTED_EDGE ( 'NONE', *, *, #8934, .F. ) ;
#9466 = DIRECTION ( 'NONE',  ( -0.9648945144237500715, 0.2626377277448079250, 0.000000000000000000 ) ) ;
#9467 = DIRECTION ( 'NONE',  ( -0.000000000000000000, -0.000000000000000000, 1.000000000000000000 ) ) ;
#9468 = DIRECTION ( 'NONE',  ( 0.000000000000000000, 0.000000000000000000, -1.000000000000000000 ) ) ;
#9469 = EDGE_CURVE ( 'NONE', #4909, #671, #8962, .T. ) ;
#9470 = VECTOR ( 'NONE', #4553, 1000.000000000000000 ) ;
#9471 = ORIENTED_EDGE ( 'NONE', *, *, #1668, .F. ) ;
#9472 = CARTESIAN_POINT ( 'NONE',  ( -2.146992799845271360, -8.494333787820140813, 2.500000000000000444 ) ) ;
#9473 = PLANE ( 'NONE',  #8793 ) ;
#9474 = VERTEX_POINT ( 'NONE', #3026 ) ;
#9475 = AXIS2_PLACEMENT_3D ( 'NONE', #5426, #1645, #7701 ) ;
#9476 = ORIENTED_EDGE ( 'NONE', *, *, #6576, .F. ) ;
#9477 = DIRECTION ( 'NONE',  ( 0.9621455304451258517, -0.2725361962097284096, 0.000000000000000000 ) ) ;
#9478 = ORIENTED_EDGE ( 'NONE', *, *, #6397, .T. ) ;
#9479 = CARTESIAN_POINT ( 'NONE',  ( 8.221964726476825192, -8.157176732979412037, -2.500000000000000444 ) ) ;
#9480 = EDGE_CURVE ( 'NONE', #3765, #9424, #6250, .T. ) ;
#9481 = ORIENTED_EDGE ( 'NONE', *, *, #2895, .T. ) ;
#9482 = FACE_OUTER_BOUND ( 'NONE', #1033, .T. ) ;
#9483 = PLANE ( 'NONE',  #735 ) ;
#9484 = AXIS2_PLACEMENT_3D ( 'NONE', #8918, #5169, #2566 ) ;
#9485 = CARTESIAN_POINT ( 'NONE',  ( -12.50000000000000000, 1.530808498934191521E-15, 2.500000000000000444 ) ) ;
#9486 = VECTOR ( 'NONE', #3709, 1000.000000000000000 ) ;
#9487 = VERTEX_POINT ( 'NONE', #8412 ) ;
#9488 = DIRECTION ( 'NONE',  ( -0.000000000000000000, -0.000000000000000000, 1.000000000000000000 ) ) ;
#9489 = ORIENTED_EDGE ( 'NONE', *, *, #5508, .F. ) ;
#9490 = AXIS2_PLACEMENT_3D ( 'NONE', #928, #8560, #8610 ) ;
#9491 = CARTESIAN_POINT ( 'NONE',  ( 22.52902330986020374, -6.036633602138895327, -2.500000000000000444 ) ) ;
#9492 = ADVANCED_FACE ( 'NONE', ( #9099 ), #6090, .F. ) ;
#9493 = EDGE_CURVE ( 'NONE', #5588, #1208, #7770, .T. ) ;
#9494 = PLANE ( 'NONE',  #2510 ) ;
#9495 = CIRCLE ( 'NONE', #4436, 22.00000000000000000 ) ;
#9496 = EDGE_LOOP ( 'NONE', ( #2928, #2245, #8967, #932 ) ) ;
#9497 = DIRECTION ( 'NONE',  ( 1.000000000000000000, 0.000000000000000000, 0.000000000000000000 ) ) ;
#9498 = AXIS2_PLACEMENT_3D ( 'NONE', #6124, #3898, #126 ) ;
#9499 = EDGE_LOOP ( 'NONE', ( #5990, #7857, #9086, #7196 ) ) ;
#9500 = CARTESIAN_POINT ( 'NONE',  ( 43.58578643762692195, 0.000000000000000000, 11.08578643762688642 ) ) ;
#9501 = VECTOR ( 'NONE', #1117, 1000.000000000000000 ) ;
#9502 = ORIENTED_EDGE ( 'NONE', *, *, #304, .F. ) ;
#9503 = VECTOR ( 'NONE', #1434, 1000.000000000000000 ) ;
#9504 = DIRECTION ( 'NONE',  ( 1.000000000000000000, 0.000000000000000000, 0.000000000000000000 ) ) ;
#9505 = EDGE_CURVE ( 'NONE', #5790, #710, #938, .T. ) ;
#9506 = ADVANCED_FACE ( 'NONE', ( #9257 ), #9209, .F. ) ;
#9507 = CARTESIAN_POINT ( 'NONE',  ( 17.28362250483720075, -36.93611231721993704, 2.500000000000000444 ) ) ;
#9508 = CARTESIAN_POINT ( 'NONE',  ( 1.912525408528143123, 5.156835330690256569, 18.55301125852038879 ) ) ;
#9509 = VECTOR ( 'NONE', #3, 1000.000000000000114 ) ;
#9510 = DIRECTION ( 'NONE',  ( -1.000000000000000000, 0.000000000000000000, 0.000000000000000000 ) ) ;
#9511 = DIRECTION ( 'NONE',  ( -0.2549963129926495209, 0.9669420253356221240, 0.000000000000000000 ) ) ;
#9512 = ORIENTED_EDGE ( 'NONE', *, *, #2792, .F. ) ;
#9513 = DIRECTION ( 'NONE',  ( 1.000000000000000000, 0.000000000000000000, 0.000000000000000000 ) ) ;
#9514 = EDGE_LOOP ( 'NONE', ( #7762, #6893, #5760, #4683 ) ) ;
#9515 = FACE_OUTER_BOUND ( 'NONE', #5646, .T. ) ;
#9516 = CARTESIAN_POINT ( 'NONE',  ( 1.749999999999969358, -3.031088913245548522, -2.500000000000000444 ) ) ;
#9517 = CARTESIAN_POINT ( 'NONE',  ( -2.953339910681094693, -11.19901868863814620, -2.500000000000000444 ) ) ;
#9518 = ORIENTED_EDGE ( 'NONE', *, *, #9608, .T. ) ;
#9519 = DIRECTION ( 'NONE',  ( 0.2626377277448087022, 0.9648945144237497384, 0.000000000000000000 ) ) ;
#9520 = CARTESIAN_POINT ( 'NONE',  ( 2.953339910681150648, 11.19901868863836292, -2.500000000000000444 ) ) ;
#9521 = EDGE_LOOP ( 'NONE', ( #8001, #8915, #5780, #5015 ) ) ;
#9522 = ORIENTED_EDGE ( 'NONE', *, *, #7735, .F. ) ;
#9523 = CARTESIAN_POINT ( 'NONE',  ( 1.909150974783755395, 1.290679290375330579, 18.04588035461096140 ) ) ;
#9524 = ORIENTED_EDGE ( 'NONE', *, *, #6937, .F. ) ;
#9525 = CARTESIAN_POINT ( 'NONE',  ( -2.387816587501835564, 8.429805248399567574, 2.500000000000000444 ) ) ;
#9526 = ORIENTED_EDGE ( 'NONE', *, *, #1557, .F. ) ;
#9527 = DIRECTION ( 'NONE',  ( 0.7098982014311003841, -0.7043042975908132552, 0.000000000000000000 ) ) ;
#9528 = CARTESIAN_POINT ( 'NONE',  ( 6.106517200318503313, 6.282812448554251361, -2.500000000000000444 ) ) ;
#9529 = CARTESIAN_POINT ( 'NONE',  ( 5.297684973240492923, 13.44526717744759559, 2.689257726103996049 ) ) ;
#9530 = EDGE_CURVE ( 'NONE', #7240, #5499, #5404, .T. ) ;
#9531 = AXIS2_PLACEMENT_3D ( 'NONE', #7036, #3127, #7835 ) ;
#9532 = ORIENTED_EDGE ( 'NONE', *, *, #8890, .F. ) ;
#9533 = CARTESIAN_POINT ( 'NONE',  ( 16.49238970772125157, 16.49238970772126933, 2.500000000000000444 ) ) ;
#9534 = VERTEX_POINT ( 'NONE', #3825 ) ;
#9535 = PLANE ( 'NONE',  #4392 ) ;
#9536 = CARTESIAN_POINT ( 'NONE',  ( -16.44444402855247489, 1.517883041479706208E-13, -2.500000000000000444 ) ) ;
#9537 = ORIENTED_EDGE ( 'NONE', *, *, #5447, .T. ) ;
#9538 = VECTOR ( 'NONE', #2912, 1000.000000000000000 ) ;
#9539 = DIRECTION ( 'NONE',  ( 1.000000000000000000, 0.000000000000000000, 0.000000000000000000 ) ) ;
#9540 = EDGE_CURVE ( 'NONE', #8887, #3660, #3982, .T. ) ;
#9541 = ORIENTED_EDGE ( 'NONE', *, *, #5333, .T. ) ;
#9542 = PRODUCT_RELATED_PRODUCT_CATEGORY ( 'part', '', ( #913 ) ) ;
#9543 = DIRECTION ( 'NONE',  ( 1.000000000000000000, 0.000000000000000000, 0.000000000000000000 ) ) ;
#9544 = B_SPLINE_CURVE_WITH_KNOTS ( 'NONE', 3,
 ( #7392, #8176, #5907, #8914 ),
 .UNSPECIFIED., .F., .F.,
 ( 4, 4 ),
 ( 0.000000000000000000, 0.001307469713021875606 ),
 .UNSPECIFIED. ) ;
#9545 = CIRCLE ( 'NONE', #219, 1.000000000000004441 ) ;
#9546 = ORIENTED_EDGE ( 'NONE', *, *, #7433, .F. ) ;
#9547 = DIRECTION ( 'NONE',  ( 0.000000000000000000, 0.000000000000000000, 1.000000000000000000 ) ) ;
#9548 = CARTESIAN_POINT ( 'NONE',  ( 47.50000000000000711, 5.817072295949929004E-15, 0.000000000000000000 ) ) ;
#9549 = EDGE_CURVE ( 'NONE', #3756, #9424, #7727, .T. ) ;
#9550 = CARTESIAN_POINT ( 'NONE',  ( 1.862680185119118814, 5.175048462969757956, 18.80218588507486288 ) ) ;
#9551 = DIRECTION ( 'NONE',  ( 0.5000000000000005551, 0.8660254037844382635, 0.000000000000000000 ) ) ;
#9552 = CARTESIAN_POINT ( 'NONE',  ( 0.000000000000000000, 0.000000000000000000, -2.500000000000000444 ) ) ;
#9553 = EDGE_CURVE ( 'NONE', #3219, #2385, #8460, .T. ) ;
#9554 = EDGE_CURVE ( 'NONE', #3497, #2883, #7521, .T. ) ;
#9555 = ORIENTED_EDGE ( 'NONE', *, *, #3977, .F. ) ;
#9556 = CARTESIAN_POINT ( 'NONE',  ( -16.31018495079414166, -39.78665438147430677, 2.500000000000000444 ) ) ;
#9557 = ORIENTED_EDGE ( 'NONE', *, *, #3934, .T. ) ;
#9558 = DIRECTION ( 'NONE',  ( -0.000000000000000000, -0.000000000000000000, 1.000000000000000000 ) ) ;
#9559 = DIRECTION ( 'NONE',  ( 1.000000000000000000, 0.000000000000000000, 0.000000000000000000 ) ) ;
#9560 = CARTESIAN_POINT ( 'NONE',  ( -23.34580033132854027, 33.43611231721984467, -2.500000000000000444 ) ) ;
#9561 = VERTEX_POINT ( 'NONE', #5353 ) ;
#9562 = DIRECTION ( 'NONE',  ( -1.000000000000000000, 0.000000000000000000, 0.000000000000000000 ) ) ;
#9563 = CARTESIAN_POINT ( 'NONE',  ( 0.000000000000000000, 0.000000000000000000, 2.500000000000000444 ) ) ;
#9564 = DIRECTION ( 'NONE',  ( 1.000000000000000000, 0.000000000000000000, 0.000000000000000000 ) ) ;
#9565 = EDGE_CURVE ( 'NONE', #2551, #33, #5406, .T. ) ;
#9566 = EDGE_CURVE ( 'NONE', #2663, #7754, #6982, .T. ) ;
#9567 = EDGE_CURVE ( 'NONE', #4884, #7076, #1920, .T. ) ;
#9568 = ORIENTED_EDGE ( 'NONE', *, *, #2841, .F. ) ;
#9569 = FACE_OUTER_BOUND ( 'NONE', #4810, .T. ) ;
#9570 = ORIENTED_EDGE ( 'NONE', *, *, #1541, .T. ) ;
#9571 = CARTESIAN_POINT ( 'NONE',  ( 7.372574772901430151E-14, 28.47866081722908405, -2.500000000000000444 ) ) ;
#9572 = ORIENTED_EDGE ( 'NONE', *, *, #8248, .F. ) ;
#9573 = LINE ( 'NONE', #8973, #6147 ) ;
#9574 = EDGE_LOOP ( 'NONE', ( #5231, #6721, #1299, #8264 ) ) ;
#9575 = CARTESIAN_POINT ( 'NONE',  ( 37.93611231721985888, 15.55157169726844124, 2.500000000000000444 ) ) ;
#9576 = ORIENTED_EDGE ( 'NONE', *, *, #1327, .T. ) ;
#9577 = CARTESIAN_POINT ( 'NONE',  ( -1.840205031700965499, 1.507406702552743560, 17.72677900786040084 ) ) ;
#9578 = ORIENTED_EDGE ( 'NONE', *, *, #6917, .T. ) ;
#9579 = CARTESIAN_POINT ( 'NONE',  ( 14.23933040861455268, 24.66324373348088983, -2.500000000000000444 ) ) ;
#9580 = AXIS2_PLACEMENT_3D ( 'NONE', #1963, #2808, #4993 ) ;
#9581 = FACE_BOUND ( 'NONE', #4237, .T. ) ;
#9582 = ORIENTED_EDGE ( 'NONE', *, *, #1059, .F. ) ;
#9583 = CARTESIAN_POINT ( 'NONE',  ( -3.041841955658789676, -11.17530463715794653, 2.500000000000000444 ) ) ;
#9584 = VECTOR ( 'NONE', #6594, 1000.000000000000000 ) ;
#9585 = AXIS2_PLACEMENT_3D ( 'NONE', #8870, #4886, #7247 ) ;
#9586 = VECTOR ( 'NONE', #3485, 1000.000000000000114 ) ;
#9587 = ORIENTED_EDGE ( 'NONE', *, *, #1303, .F. ) ;
#9588 = CARTESIAN_POINT ( 'NONE',  ( -2.387816587501835564, 8.429805248399567574, 2.500000000000000444 ) ) ;
#9589 = AXIS2_PLACEMENT_3D ( 'NONE', #3963, #4557, #5345 ) ;
#9590 = ORIENTED_EDGE ( 'NONE', *, *, #6186, .F. ) ;
#9591 = DIRECTION ( 'NONE',  ( -0.000000000000000000, 0.000000000000000000, 1.000000000000000000 ) ) ;
#9592 = DIRECTION ( 'NONE',  ( -0.2725361962097285762, 0.9621455304451257406, 0.000000000000000000 ) ) ;
#9593 = AXIS2_PLACEMENT_3D ( 'NONE', #2128, #3154, #863 ) ;
#9594 = EDGE_CURVE ( 'NONE', #2037, #2402, #989, .T. ) ;
#9595 = EDGE_CURVE ( 'NONE', #2636, #945, #6972, .T. ) ;
#9596 = DIRECTION ( 'NONE',  ( -0.000000000000000000, -0.000000000000000000, 1.000000000000000000 ) ) ;
#9597 = CARTESIAN_POINT ( 'NONE',  ( -24.41819423762658658, 15.20884097822261971, -2.500000000000000444 ) ) ;
#9598 = DIRECTION ( 'NONE',  ( 0.9648945144237497384, 0.2626377277448087577, 0.000000000000000000 ) ) ;
#9599 = EDGE_CURVE ( 'NONE', #9796, #6787, #344, .T. ) ;
#9600 = ORIENTED_EDGE ( 'NONE', *, *, #1502, .F. ) ;
#9601 = LINE ( 'NONE', #7478, #7226 ) ;
#9602 = ORIENTED_EDGE ( 'NONE', *, *, #5122, .T. ) ;
#9603 = DIRECTION ( 'NONE',  ( 0.2626377277448079250, 0.9648945144237500715, 0.000000000000000000 ) ) ;
#9604 = CYLINDRICAL_SURFACE ( 'NONE', #6501, 2.000000000000001776 ) ;
#9605 = PLANE ( 'NONE',  #480 ) ;
#9606 = EDGE_CURVE ( 'NONE', #4731, #6552, #6782, .T. ) ;
#9607 = ORIENTED_EDGE ( 'NONE', *, *, #7304, .T. ) ;
#9608 = EDGE_CURVE ( 'NONE', #7489, #1833, #2690, .T. ) ;
#9609 = CARTESIAN_POINT ( 'NONE',  ( 4.227275442616313050, -29.39008111416170976, -2.500000000000000444 ) ) ;
#9610 = AXIS2_PLACEMENT_3D ( 'NONE', #2478, #739, #6045 ) ;
#9611 = CYLINDRICAL_SURFACE ( 'NONE', #4765, 2.000000000000001776 ) ;
#9612 = CARTESIAN_POINT ( 'NONE',  ( -12.94759237871379653, -3.469296921803557421, -2.500000000000000444 ) ) ;
#9613 = ORIENTED_EDGE ( 'NONE', *, *, #1026, .T. ) ;
#9614 = CARTESIAN_POINT ( 'NONE',  ( 1.654093900247963767, 1.955942051272253401, 19.30190422786507654 ) ) ;
#9615 = ORIENTED_EDGE ( 'NONE', *, *, #8114, .T. ) ;
#9616 = FACE_OUTER_BOUND ( 'NONE', #392, .T. ) ;
#9617 = DIRECTION ( 'NONE',  ( 0.000000000000000000, 0.000000000000000000, -1.000000000000000000 ) ) ;
#9618 = EDGE_CURVE ( 'NONE', #8546, #2220, #4715, .T. ) ;
#9619 = ORIENTED_EDGE ( 'NONE', *, *, #8838, .F. ) ;
#9620 = EDGE_CURVE ( 'NONE', #1848, #4437, #2721, .T. ) ;
#9621 = DIRECTION ( 'NONE',  ( 0.7098982014311000510, 0.7043042975908135883, 0.000000000000000000 ) ) ;
#9622 = CYLINDRICAL_SURFACE ( 'NONE', #6596, 1.999999999999998224 ) ;
#9623 = DIRECTION ( 'NONE',  ( -0.9669420253356221240, 0.2549963129926494654, 0.000000000000000000 ) ) ;
#9624 = LINE ( 'NONE', #2103, #589 ) ;
#9625 = CIRCLE ( 'NONE', #5680, 47.50000000000000711 ) ;
#9626 = ORIENTED_EDGE ( 'NONE', *, *, #4897, .F. ) ;
#9627 = CARTESIAN_POINT ( 'NONE',  ( -1.868460854700455531, 1.423363335257945339, 18.77647557328786476 ) ) ;
#9628 = ORIENTED_EDGE ( 'NONE', *, *, #3839, .F. ) ;
#9629 = DIRECTION ( 'NONE',  ( -0.8660254037844433705, -0.4999999999999918954, 0.000000000000000000 ) ) ;
#9630 = VECTOR ( 'NONE', #4944, 1000.000000000000000 ) ;
#9631 = DIRECTION ( 'NONE',  ( 1.000000000000000000, 0.000000000000000000, 0.000000000000000000 ) ) ;
#9632 = EDGE_LOOP ( 'NONE', ( #8678, #7271, #5265, #3606 ) ) ;
#9633 = CARTESIAN_POINT ( 'NONE',  ( 2.387816587501787158, -8.429805248399395268, 2.500000000000000444 ) ) ;
#9634 = AXIS2_PLACEMENT_3D ( 'NONE', #9217, #3287, #3385 ) ;
#9635 = ORIENTED_EDGE ( 'NONE', *, *, #1510, .T. ) ;
#9636 = CYLINDRICAL_SURFACE ( 'NONE', #4754, 1.000000000000000888 ) ;
#9637 = VERTEX_POINT ( 'NONE', #7884 ) ;
#9638 = AXIS2_PLACEMENT_3D ( 'NONE', #82, #6818, #5934 ) ;
#9639 = EDGE_CURVE ( 'NONE', #8250, #3219, #1781, .T. ) ;
#9640 = CARTESIAN_POINT ( 'NONE',  ( -32.06088913245537952, -14.46891108675438176, -2.500000000000000444 ) ) ;
#9641 = DIRECTION ( 'NONE',  ( 0.2725361962097284652, -0.9621455304451257406, 0.000000000000000000 ) ) ;
#9642 = VECTOR ( 'NONE', #9468, 1000.000000000000000 ) ;
#9643 = CARTESIAN_POINT ( 'NONE',  ( 0.000000000000000000, 5.500000000000000000, 20.22499999999999787 ) ) ;
#9644 = EDGE_LOOP ( 'NONE', ( #4536, #1993, #1573, #7293, #768, #1240, #864, #6683, #5237, #5357, #1014, #1658, #9158, #7594, #6996, #7589, #5858, #4048, #5089, #6262, #3257, #6214, #9341, #9183, #737, #2394, #72, #3019, #9315, #2423, #2407, #9794, #9512, #9204 ) ) ;
#9645 = DIRECTION ( 'NONE',  ( -0.000000000000000000, -0.000000000000000000, -1.000000000000000000 ) ) ;
#9646 = DIRECTION ( 'NONE',  ( 1.000000000000000000, 0.000000000000000000, 0.000000000000000000 ) ) ;
#9647 = AXIS2_PLACEMENT_3D ( 'NONE', #5095, #4307, #7359 ) ;
#9648 = EDGE_CURVE ( 'NONE', #5534, #8130, #7181, .T. ) ;
#9649 = CIRCLE ( 'NONE', #3168, 21.99999999999999289 ) ;
#9650 = ORIENTED_EDGE ( 'NONE', *, *, #6164, .T. ) ;
#9651 = DIRECTION ( 'NONE',  ( -2.168404344971008375E-16, 1.000000000000000000, 0.000000000000000000 ) ) ;
#9652 = ORIENTED_EDGE ( 'NONE', *, *, #9041, .T. ) ;
#9653 = DIRECTION ( 'NONE',  ( -1.000000000000000000, 1.224646799147353454E-16, 0.000000000000000000 ) ) ;
#9654 = CARTESIAN_POINT ( 'NONE',  ( 2.134703820650564410, 14.29278542295895171, -2.500000000000000444 ) ) ;
#9655 = VECTOR ( 'NONE', #1402, 1000.000000000000000 ) ;
#9656 = ORIENTED_EDGE ( 'NONE', *, *, #9595, .F. ) ;
#9657 = LINE ( 'NONE', #2789, #8478 ) ;
#9658 = TOROIDAL_SURFACE ( 'NONE', #4148, 8.169624749921858609, 2.000000000000000000 ) ;
#9659 = CARTESIAN_POINT ( 'NONE',  ( -37.93611231721963861, 15.55157169726896527, 2.500000000000000444 ) ) ;
#9660 = CARTESIAN_POINT ( 'NONE',  ( -6.282812448554051521, -6.106517200318316796, -2.500000000000000444 ) ) ;
#9661 = EDGE_CURVE ( 'NONE', #7369, #5042, #2581, .T. ) ;
#9662 = AXIS2_PLACEMENT_3D ( 'NONE', #1627, #6875, #6141 ) ;
#9663 = ORIENTED_EDGE ( 'NONE', *, *, #6817, .T. ) ;
#9664 = CARTESIAN_POINT ( 'NONE',  ( 19.93214605312783050, 3.460219394376086832, -2.500000000000000444 ) ) ;
#9665 = EDGE_CURVE ( 'NONE', #674, #1493, #8868, .T. ) ;
#9666 = ORIENTED_EDGE ( 'NONE', *, *, #7935, .F. ) ;
#9667 = DIRECTION ( 'NONE',  ( 0.000000000000000000, -1.000000000000000000, 0.000000000000000000 ) ) ;
#9668 = CYLINDRICAL_SURFACE ( 'NONE', #6784, 22.00000000000000000 ) ;
#9669 = ORIENTED_EDGE ( 'NONE', *, *, #4911, .F. ) ;
#9670 = CYLINDRICAL_SURFACE ( 'NONE', #6932, 22.00000000000000000 ) ;
#9671 = CARTESIAN_POINT ( 'NONE',  ( -8.169624749921858609, 1.000490480022680269E-15, 14.50000000000000000 ) ) ;
#9672 = DIRECTION ( 'NONE',  ( -0.000000000000000000, -0.000000000000000000, 1.000000000000000000 ) ) ;
#9673 = DIRECTION ( 'NONE',  ( 1.000000000000000000, 0.000000000000000000, 0.000000000000000000 ) ) ;
#9674 = ORIENTED_EDGE ( 'NONE', *, *, #8838, .T. ) ;
#9675 = CARTESIAN_POINT ( 'NONE',  ( 2.134703820650469819, -14.29278542295874033, -2.500000000000000444 ) ) ;
#9676 = ADVANCED_FACE ( 'NONE', ( #2686 ), #6813, .T. ) ;
#9677 = ORIENTED_EDGE ( 'NONE', *, *, #2163, .T. ) ;
#9678 = LINE ( 'NONE', #2901, #1961 ) ;
#9679 = CARTESIAN_POINT ( 'NONE',  ( 8.221964726476977958, 8.157176732979570133, -2.500000000000000444 ) ) ;
#9680 = ORIENTED_EDGE ( 'NONE', *, *, #8219, .T. ) ;
#9681 = CARTESIAN_POINT ( 'NONE',  ( 2.387816587501819576, 8.429805248399517836, 2.500000000000000444 ) ) ;
#9682 = VECTOR ( 'NONE', #5110, 1000.000000000000000 ) ;
#9683 = EDGE_LOOP ( 'NONE', ( #3073, #9082, #1258, #8211 ) ) ;
#9684 = DIRECTION ( 'NONE',  ( 0.2725361962097284096, -0.9621455304451257406, 0.000000000000000000 ) ) ;
#9685 = ORIENTED_EDGE ( 'NONE', *, *, #2593, .F. ) ;
#9686 = CIRCLE ( 'NONE', #5429, 22.00000000000002132 ) ;
#9687 = DIRECTION ( 'NONE',  ( -0.8660254037844433705, -0.4999999999999918954, 0.000000000000000000 ) ) ;
#9688 = CARTESIAN_POINT ( 'NONE',  ( -16.31018495079386454, 39.78665438147442757, 2.500000000000000444 ) ) ;
#9689 = LINE ( 'NONE', #7470, #4750 ) ;
#9690 = ORIENTED_EDGE ( 'NONE', *, *, #9245, .T. ) ;
#9691 = CARTESIAN_POINT ( 'NONE',  ( -16.31018495079414166, -39.78665438147430677, -2.500000000000000444 ) ) ;
#9692 = FACE_OUTER_BOUND ( 'NONE', #317, .T. ) ;
#9693 = AXIS2_PLACEMENT_3D ( 'NONE', #3243, #3944, #4042 ) ;
#9694 = ORIENTED_EDGE ( 'NONE', *, *, #8044, .T. ) ;
#9695 = ORIENTED_EDGE ( 'NONE', *, *, #1913, .T. ) ;
#9696 = CARTESIAN_POINT ( 'NONE',  ( -34.99999999999991473, 25.50000000000012434, -2.500000000000000444 ) ) ;
#9697 = ORIENTED_EDGE ( 'NONE', *, *, #6273, .T. ) ;
#9698 = CARTESIAN_POINT ( 'NONE',  ( -2.134703820650388106, 14.29278542295894994, -2.500000000000000444 ) ) ;
#9699 = PLANE ( 'NONE',  #962 ) ;
#9700 = ORIENTED_EDGE ( 'NONE', *, *, #3057, .T. ) ;
#9701 = EDGE_CURVE ( 'NONE', #5712, #2442, #9461, .T. ) ;
#9702 = CARTESIAN_POINT ( 'NONE',  ( -1.750000000000047073, -3.031088913245540528, -2.500000000000000444 ) ) ;
#9703 = CARTESIAN_POINT ( 'NONE',  ( 6.282812448554147444, -6.106517200318401173, -2.500000000000000444 ) ) ;
#9704 = DIRECTION ( 'NONE',  ( 0.2450494958541580837, -0.9695105696079969748, 0.000000000000000000 ) ) ;
#9705 = ORIENTED_EDGE ( 'NONE', *, *, #4652, .T. ) ;
#9706 = CARTESIAN_POINT ( 'NONE',  ( 29.39008111416185542, 4.227275442616385881, 2.500000000000000444 ) ) ;
#9707 = VERTEX_POINT ( 'NONE', #8616 ) ;
#9708 = CARTESIAN_POINT ( 'NONE',  ( 1.608879431108805713, 1.506733370338672495, 19.41432425780098825 ) ) ;
#9709 = CARTESIAN_POINT ( 'NONE',  ( -1.992679439208141057, 0.8731084310553861583, 17.94826995111014867 ) ) ;
#9710 = CARTESIAN_POINT ( 'NONE',  ( -2.146992799845313105, 8.494333787820263382, -2.500000000000000444 ) ) ;
#9711 = VERTEX_POINT ( 'NONE', #4868 ) ;
#9712 = DIRECTION ( 'NONE',  ( -0.000000000000000000, -0.000000000000000000, -1.000000000000000000 ) ) ;
#9713 = EDGE_CURVE ( 'NONE', #902, #1699, #1594, .T. ) ;
#9714 = DIRECTION ( 'NONE',  ( -0.000000000000000000, -0.000000000000000000, 1.000000000000000000 ) ) ;
#9715 = CARTESIAN_POINT ( 'NONE',  ( -1.912480415670347211, 5.156851974755893409, 18.55330010751591274 ) ) ;
#9716 = CARTESIAN_POINT ( 'NONE',  ( 0.000000000000000000, 0.000000000000000000, 2.500000000000000444 ) ) ;
#9717 = ORIENTED_EDGE ( 'NONE', *, *, #224, .F. ) ;
#9718 = DIRECTION ( 'NONE',  ( 1.000000000000000000, 0.000000000000000000, 0.000000000000000000 ) ) ;
#9719 = EDGE_CURVE ( 'NONE', #4058, #1295, #2232, .T. ) ;
#9720 = ORIENTED_EDGE ( 'NONE', *, *, #6475, .F. ) ;
#9721 = LINE ( 'NONE', #7459, #1171 ) ;
#9722 = CARTESIAN_POINT ( 'NONE',  ( -13.44526717744745703, 5.297684973240558648, -2.500000000000000444 ) ) ;
#9723 = EDGE_CURVE ( 'NONE', #7288, #5278, #4919, .T. ) ;
#9724 = ORIENTED_EDGE ( 'NONE', *, *, #402, .T. ) ;
#9725 = DIRECTION ( 'NONE',  ( 1.000000000000000000, 0.000000000000000000, 0.000000000000000000 ) ) ;
#9726 = ADVANCED_FACE ( 'NONE', ( #6395 ), #9410, .F. ) ;
#9727 = ORIENTED_EDGE ( 'NONE', *, *, #5933, .T. ) ;
#9728 = DIRECTION ( 'NONE',  ( -0.000000000000000000, -0.000000000000000000, -1.000000000000000000 ) ) ;
#9729 = AXIS2_PLACEMENT_3D ( 'NONE', #9288, #7858, #7913 ) ;
#9730 = ORIENTED_EDGE ( 'NONE', *, *, #574, .T. ) ;
#9731 = CARTESIAN_POINT ( 'NONE',  ( 12.50000000000000000, 0.000000000000000000, 9.671572875253831469 ) ) ;
#9732 = CIRCLE ( 'NONE', #6110, 1.000000000000004441 ) ;
#9733 = DIRECTION ( 'NONE',  ( 1.000000000000000000, 0.000000000000000000, 0.000000000000000000 ) ) ;
#9734 = EDGE_CURVE ( 'NONE', #7103, #5562, #498, .T. ) ;
#9735 = CARTESIAN_POINT ( 'NONE',  ( 32.43611231721994415, 25.07785113889732287, 2.500000000000000444 ) ) ;
#9736 = EDGE_CURVE ( 'NONE', #4326, #3030, #3274, .T. ) ;
#9737 = CIRCLE ( 'NONE', #2946, 43.00000000000000711 ) ;
#9738 = LINE ( 'NONE', #1977, #2708 ) ;
#9739 = AXIS2_PLACEMENT_3D ( 'NONE', #3133, #2395, #2493 ) ;
#9740 = DIRECTION ( 'NONE',  ( 0.2626377277448087577, -0.9648945144237497384, 0.000000000000000000 ) ) ;
#9741 = ORIENTED_EDGE ( 'NONE', *, *, #3523, .F. ) ;
#9742 = VECTOR ( 'NONE', #383, 1000.000000000000000 ) ;
#9743 = ORIENTED_EDGE ( 'NONE', *, *, #4196, .T. ) ;
#9744 = CARTESIAN_POINT ( 'NONE',  ( -14.68999443131557925, 4.945105014852291703, 2.500000000000000444 ) ) ;
#9745 = AXIS2_PLACEMENT_3D ( 'NONE', #6425, #7058, #9343 ) ;
#9746 = ORIENTED_EDGE ( 'NONE', *, *, #4308, .T. ) ;
#9747 = CARTESIAN_POINT ( 'NONE',  ( -25.38033976807171399, 13.54235603521635234, -2.500000000000000444 ) ) ;
#9748 = AXIS2_PLACEMENT_3D ( 'NONE', #7205, #6418, #2005 ) ;
#9749 = CARTESIAN_POINT ( 'NONE',  ( -39.58364779650320742, -17.56088913245530847, -2.500000000000000444 ) ) ;
#9750 = ORIENTED_EDGE ( 'NONE', *, *, #9297, .F. ) ;
#9751 = VECTOR ( 'NONE', #2198, 1000.000000000000114 ) ;
#9752 = FACE_OUTER_BOUND ( 'NONE', #6379, .T. ) ;
#9753 = FACE_OUTER_BOUND ( 'NONE', #3267, .T. ) ;
#9754 = LINE ( 'NONE', #4422, #573 ) ;
#9755 = ORIENTED_EDGE ( 'NONE', *, *, #7267, .F. ) ;
#9756 = DIRECTION ( 'NONE',  ( -0.4999999999999892308, 0.8660254037844448138, 0.000000000000000000 ) ) ;
#9757 = VECTOR ( 'NONE', #4935, 1000.000000000000000 ) ;
#9758 = ORIENTED_EDGE ( 'NONE', *, *, #2642, .F. ) ;
#9759 = DIRECTION ( 'NONE',  ( 1.000000000000000000, 0.000000000000000000, 0.000000000000000000 ) ) ;
#9760 = DIRECTION ( 'NONE',  ( 0.5000000000000005551, 0.8660254037844382635, 0.000000000000000000 ) ) ;
#9761 = CARTESIAN_POINT ( 'NONE',  ( -27.56619458545752366, -11.03411263498093753, -2.500000000000000444 ) ) ;
#9762 = AXIS2_PLACEMENT_3D ( 'NONE', #8459, #200, #1676 ) ;
#9763 = ORIENTED_EDGE ( 'NONE', *, *, #4043, .F. ) ;
#9764 = FACE_OUTER_BOUND ( 'NONE', #1086, .T. ) ;
#9765 = CARTESIAN_POINT ( 'NONE',  ( 4.583647796503135474, -43.06088913245536531, -2.500000000000000444 ) ) ;
#9766 = FACE_OUTER_BOUND ( 'NONE', #1721, .T. ) ;
#9767 = LINE ( 'NONE', #8331, #4877 ) ;
#9768 = ORIENTED_EDGE ( 'NONE', *, *, #7147, .T. ) ;
#9769 = DIRECTION ( 'NONE',  ( 0.000000000000000000, 0.000000000000000000, -1.000000000000000000 ) ) ;
#9770 = ADVANCED_FACE ( 'NONE', ( #2509 ), #3854, .F. ) ;
#9771 = EDGE_LOOP ( 'NONE', ( #6390, #4152, #2975, #6057 ) ) ;
#9772 = CARTESIAN_POINT ( 'NONE',  ( 28.56088913245510952, -20.53108891324586693, 2.500000000000000444 ) ) ;
#9773 = ADVANCED_FACE ( 'NONE', ( #4054 ), #7141, .T. ) ;
#9774 = ADVANCED_FACE ( 'NONE', ( #6231 ), #186, .T. ) ;
#9775 = CARTESIAN_POINT ( 'NONE',  ( 5.297684973240404993, -13.44526717744742683, -2.500000000000000444 ) ) ;
#9776 = VERTEX_POINT ( 'NONE', #3955 ) ;
#9777 = CIRCLE ( 'NONE', #6619, 1.000000000000004441 ) ;
#9778 = DIRECTION ( 'NONE',  ( -0.000000000000000000, -0.000000000000000000, 1.000000000000000000 ) ) ;
#9779 = ORIENTED_EDGE ( 'NONE', *, *, #1094, .F. ) ;
#9780 = CARTESIAN_POINT ( 'NONE',  ( -1.290200585257753432E-14, -3.500000000000009326, -2.500000000000000444 ) ) ;
#9781 = EDGE_CURVE ( 'NONE', #6968, #9170, #3101, .T. ) ;
#9782 = VECTOR ( 'NONE', #7609, 1000.000000000000000 ) ;
#9783 = EDGE_CURVE ( 'NONE', #6414, #5745, #3254, .T. ) ;
#9784 = ORIENTED_EDGE ( 'NONE', *, *, #6230, .F. ) ;
#9785 = DIRECTION ( 'NONE',  ( 0.7043042975908133663, 0.7098982014311003841, 0.000000000000000000 ) ) ;
#9786 = CARTESIAN_POINT ( 'NONE',  ( 11.17530463715804068, 3.041841955658831420, -2.500000000000000444 ) ) ;
#9787 = DIRECTION ( 'NONE',  ( -0.9648945144237498495, 0.2626377277448083691, 0.000000000000000000 ) ) ;
#9788 = FACE_OUTER_BOUND ( 'NONE', #1962, .T. ) ;
#9789 = AXIS2_PLACEMENT_3D ( 'NONE', #6257, #5614, #3185 ) ;
#9790 = CARTESIAN_POINT ( 'NONE',  ( 3.031088913245554295, 1.749999999999988010, 2.500000000000000444 ) ) ;
#9791 = ORIENTED_EDGE ( 'NONE', *, *, #5980, .F. ) ;
#9792 = AXIS2_PLACEMENT_3D ( 'NONE', #7664, #3960, #7066 ) ;
#9793 = EDGE_CURVE ( 'NONE', #7555, #3738, #5566, .T. ) ;
#9794 = ORIENTED_EDGE ( 'NONE', *, *, #416, .F. ) ;
#9795 = ADVANCED_FACE ( 'NONE', ( #9291 ), #6963, .F. ) ;
#9796 = VERTEX_POINT ( 'NONE', #4007 ) ;
#9797 = AXIS2_PLACEMENT_3D ( 'NONE', #8064, #5049, #9543 ) ;
#9798 = APPLICATION_CONTEXT ( 'automotive_design' ) ;
#9799 = DIRECTION ( 'NONE',  ( -0.000000000000000000, -0.000000000000000000, 1.000000000000000000 ) ) ;
#9800 = DIRECTION ( 'NONE',  ( 0.2626377277448090353, -0.9648945144237496274, 0.000000000000000000 ) ) ;
ENDSEC;
END-ISO-10303-21;
