<?xml version="1.0" encoding="utf-8"?>
<COLLADA xmlns="http://www.collada.org/2005/11/COLLADASchema" version="1.4.1" xmlns:xsi="http://www.w3.org/2001/XMLSchema-instance">
  <asset>
    <contributor>
      <author>Blender User</author>
      <authoring_tool>Blender 4.4.3 commit date:2025-04-29, commit time:14:09, hash:802179c51ccc</authoring_tool>
    </contributor>
    <created>2025-05-18T21:50:53</created>
    <modified>2025-05-18T21:50:53</modified>
    <unit name="meter" meter="1"/>
    <up_axis>Z_UP</up_axis>
  </asset>
  <library_effects>
    <effect id="mat_2-effect">
      <profile_COMMON>
        <technique sid="common">
          <lambert>
            <emission>
              <color sid="emission">0 0 0 1</color>
            </emission>
            <diffuse>
              <color sid="diffuse">0.06662594 0.3967552 0.08865558 1</color>
            </diffuse>
            <reflectivity>
              <float sid="specular">1</float>
            </reflectivity>
            <index_of_refraction>
              <float sid="ior">1.5</float>
            </index_of_refraction>
          </lambert>
        </technique>
      </profile_COMMON>
    </effect>
    <effect id="mat_0-effect">
      <profile_COMMON>
        <technique sid="common">
          <lambert>
            <emission>
              <color sid="emission">0 0 0 1</color>
            </emission>
            <diffuse>
              <color sid="diffuse">1 1 1 1</color>
            </diffuse>
            <reflectivity>
              <float sid="specular">1</float>
            </reflectivity>
            <index_of_refraction>
              <float sid="ior">1.5</float>
            </index_of_refraction>
          </lambert>
        </technique>
      </profile_COMMON>
    </effect>
    <effect id="mat_1-effect">
      <profile_COMMON>
        <technique sid="common">
          <lambert>
            <emission>
              <color sid="emission">0 0 0 1</color>
            </emission>
            <diffuse>
              <color sid="diffuse">0.05126946 0.05126946 0.05126946 1</color>
            </diffuse>
            <reflectivity>
              <float sid="specular">1</float>
            </reflectivity>
            <index_of_refraction>
              <float sid="ior">1.5</float>
            </index_of_refraction>
          </lambert>
        </technique>
      </profile_COMMON>
    </effect>
  </library_effects>
  <library_images/>
  <library_materials>
    <material id="mat_2-material" name="mat_2">
      <instance_effect url="#mat_2-effect"/>
    </material>
    <material id="mat_0-material" name="mat_0">
      <instance_effect url="#mat_0-effect"/>
    </material>
    <material id="mat_1-material" name="mat_1">
      <instance_effect url="#mat_1-effect"/>
    </material>
  </library_materials>
  <library_geometries>
    <geometry id="_5x30_Blank_PCB-mesh" name="15x30_Blank_PCB">
      <mesh>
        <source id="_5x30_Blank_PCB-mesh-positions">
          <float_array id="_5x30_Blank_PCB-mesh-positions-array" count="72">-0.01499998 0.007499992 0.001599967 -0.01499998 0.007499992 0 -0.01499998 -0.007499992 0.001599967 -0.01499998 -0.007499992 0 -0.01499998 -0.007499992 0.001599967 -0.01499998 -0.007499992 0 0.01499998 -0.007499992 0.001599967 0.01499998 -0.007499992 0 0.01499998 -0.007499992 0.001599967 0.01499998 -0.007499992 0 0.01499998 0.007499992 0.001599967 0.01499998 0.007499992 0 0.01499998 0.007499992 0.001599967 0.01499998 0.007499992 0 -0.01499998 0.007499992 0.001599967 -0.01499998 0.007499992 0 0.01499998 0.007499992 0.001599967 -0.01499998 0.007499992 0.001599967 0.01499998 -0.007499992 0.001599967 -0.01499998 -0.007499992 0.001599967 -0.01499998 0.007499992 0 -0.01499998 -0.007499992 0 0.01499998 0.007499992 0 0.01499998 -0.007499992 0</float_array>
          <technique_common>
            <accessor source="#_5x30_Blank_PCB-mesh-positions-array" count="24" stride="3">
              <param name="X" type="float"/>
              <param name="Y" type="float"/>
              <param name="Z" type="float"/>
            </accessor>
          </technique_common>
        </source>
        <source id="_5x30_Blank_PCB-mesh-normals">
          <float_array id="_5x30_Blank_PCB-mesh-normals-array" count="18">-1 0 0 0 -1 0 1 0 0 0 1 0 0 0 1 0 0 -1</float_array>
          <technique_common>
            <accessor source="#_5x30_Blank_PCB-mesh-normals-array" count="6" stride="3">
              <param name="X" type="float"/>
              <param name="Y" type="float"/>
              <param name="Z" type="float"/>
            </accessor>
          </technique_common>
        </source>
        <vertices id="_5x30_Blank_PCB-mesh-vertices">
          <input semantic="POSITION" source="#_5x30_Blank_PCB-mesh-positions"/>
        </vertices>
        <triangles material="mat_2-material" count="12">
          <input semantic="VERTEX" source="#_5x30_Blank_PCB-mesh-vertices" offset="0"/>
          <input semantic="NORMAL" source="#_5x30_Blank_PCB-mesh-normals" offset="1"/>
          <p>0 0 3 0 2 0 0 0 1 0 3 0 4 1 7 1 6 1 4 1 5 1 7 1 10 2 8 2 9 2 10 2 9 2 11 2 12 3 15 3 14 3 12 3 13 3 15 3 19 4 18 4 16 4 17 4 19 4 16 4 21 5 22 5 23 5 20 5 22 5 21 5</p>
        </triangles>
      </mesh>
    </geometry>
    <geometry id="IR_Transceiver_Block-mesh" name="IR_Transceiver_Block">
      <mesh>
        <source id="IR_Transceiver_Block-mesh-positions">
          <float_array id="IR_Transceiver_Block-mesh-positions-array" count="3420">0.00102055 0 0.003869712 0.001039266 2.13483e-4 0.003869712 0.001094698 4.2048e-4 0.003869712 0.001185297 6.147e-4 0.003869712 0.001308202 7.90243e-4 0.003869712 0.001459717 9.41775e-4 0.003869712 0.001635253 0.001064658 0.003869712 0.001829504 0.001155257 0.003869712 0.002036511 0.001210689 0.003869712 0.002249956 0.001229345 0.003869712 0.002463459 0.001210689 0.003869712 0.002670466 0.001155257 0.003869712 0.002864658 0.001064658 0.003869712 0.003040194 9.41775e-4 0.003869712 0.003191769 7.90243e-4 0.003869712 0.003314673 6.147e-4 0.003869712 0.003405213 4.2048e-4 0.003869712 0.003460705 2.13483e-4 0.003869712 0.003479361 0 0.003869712 0.001046001 0 0.00403434 0.001098394 0 0.004192471 0.001176297 0 0.004339694 0.001277565 0 0.004471957 0.001399397 0 0.004585564 0.001538395 0 0.004677414 0.001690745 0 0.004744827 0.001852154 0 0.004786074 0.002018153 0 0.004799962 0.002481818 0 0.004799962 0.002464175 8.87199e-5 0.004799962 0.002413928 1.63933e-4 0.004799962 0.002338707 2.14189e-4 0.004799962 0.002249956 2.31836e-4 0.004799962 0.002161264 2.14189e-4 0.004799962 0.002086043 1.63933e-4 0.004799962 0.002035796 8.87199e-5 0.004799962 0.003453969 0 0.00403434 0.003401577 0 0.004192471 0.003323614 0 0.004339694 0.003222346 0 0.004471957 0.003100514 0 0.004585564 0.002961516 0 0.004677414 0.002809226 0 0.004744827 0.002647817 0 0.004786074 0.003418982 2.88131e-4 0.00403434 0.003368079 2.75592e-4 0.004192471 0.003316044 5.59517e-4 0.00403434 0.003292441 2.56944e-4 0.004339694 0.003269672 5.35167e-4 0.004192471 0.003151178 7.98386e-4 0.00403434 0.003194093 2.32706e-4 0.004471957 0.00320065 4.98955e-4 0.004339694 0.003111958 7.6364e-4 0.004192471 0.002933919 9.90855e-4 0.00403434 0.003075778 2.0355e-4 0.004585564 0.003110945 4.51888e-4 0.004471957 0.003053605 7.11969e-4 0.004339694 0.002904117 9.47733e-4 0.004192471 0.002676904 0.001125693 0.00403434 0.002940833 1.70285e-4 0.004677414 0.00300312 3.9527e-4 0.004585564 0.002977788 6.44807e-4 0.004471957 0.00285989 8.83606e-4 0.004339694 0.002658307 0.001076698 0.004192471 0.002395093 0.001195192 0.00403434 0.002792954 1.33834e-4 0.004744827 0.002880036 3.30673e-4 0.004677414 0.002886593 5.64019e-4 0.004585564 0.002802371 8.00253e-4 0.004471957 0.00263071 0.001003861 0.004339694 0.002388775 0.001143157 0.004192471 0.002104818 0.001195192 0.00403434 0.002636253 9.52094e-5 0.004786074 0.002745151 2.59891e-4 0.004744827 0.002782583 4.71844e-4 0.004677414 0.002733111 6.99988e-4 0.004585564 0.002594769 9.09191e-4 0.004471957 0.002379357 0.00106579 0.004339694 0.002111136 0.001143157 0.004192471 0.001823008 0.001125693 0.00403434 0.002602219 1.84886e-4 0.004786074 0.002668559 3.70843e-4 0.004744827 0.002654194 5.85594e-4 0.004677414 0.002551555 7.95277e-4 0.004585564 0.002367198 9.6529e-4 0.004471957 0.002120554 0.00106579 0.004339694 0.001841604 0.001076698 0.004192471 0.001566052 9.90855e-4 0.00403434 0.00254774 2.63817e-4 0.004786074 0.002567648 4.60243e-4 0.004744827 0.002502262 6.6531e-4 0.004677414 0.002352476 8.44348e-4 0.004585564 0.002132773 9.6529e-4 0.004471957 0.001869261 0.001003861 0.004339694 0.001595795 9.47733e-4 0.004192471 0.001348793 7.98386e-4 0.00403434 0.002475976 3.27416e-4 0.004786074 0.00244826 5.22896e-4 0.004744827 0.002335727 7.06361e-4 0.004677414 0.002147436 8.44348e-4 0.004585564 0.001905143 9.09191e-4 0.004471957 0.001640081 8.83606e-4 0.004339694 0.001388013 7.6364e-4 0.004192471 0.001183927 5.59517e-4 0.00403434 0.00239104 3.71987e-4 0.004786074 0.002317368 5.5516e-4 0.004744827 0.002164185 7.06361e-4 0.004677414 0.001948356 7.95277e-4 0.004585564 0.001697599 8.00253e-4 0.004471957 0.001446306 7.11969e-4 0.004339694 0.001230299 5.35167e-4 0.004192471 0.001080989 2.88131e-4 0.00403434 0.002297937 3.94939e-4 0.004786074 0.002182543 5.5516e-4 0.004744827 0.001997649 6.6531e-4 0.004677414 0.0017668 6.99988e-4 0.004585564 0.001522123 6.44807e-4 0.004471957 0.001299262 4.98955e-4 0.004339694 0.001131832 2.75592e-4 0.004192471 0.002202033 3.94939e-4 0.004786074 0.002051651 5.22896e-4 0.004744827 0.001845777 5.85594e-4 0.004677414 0.001613318 5.64019e-4 0.004585564 0.001388967 4.51888e-4 0.004471957 0.00120753 2.56944e-4 0.004339694 0.002108871 3.71987e-4 0.004786074 0.001932263 4.60243e-4 0.004744827 0.001717388 4.71844e-4 0.004677414 0.001496851 3.9527e-4 0.004585564 0.001305818 2.32706e-4 0.004471957 0.002023994 3.27416e-4 0.004786074 0.001831352 3.70843e-4 0.004744827 0.001619935 3.30673e-4 0.004677414 0.001424133 2.0355e-4 0.004585564 0.001952171 2.63817e-4 0.004786074 0.00175482 2.59891e-4 0.004744827 0.001559078 1.70285e-4 0.004677414 0.001897692 1.84886e-4 0.004786074 0.001706957 1.33834e-4 0.004744827 0.001863718 9.52094e-5 0.004786074 0.003479361 0 0.003869712 0.003460705 -2.13483e-4 0.003869712 0.003405213 -4.2048e-4 0.003869712 0.003314673 -6.147e-4 0.003869712 0.003191769 -7.90243e-4 0.003869712 0.003040194 -9.41775e-4 0.003869712 0.002864658 -0.001064658 0.003869712 0.002670466 -0.001155257 0.003869712 0.002463459 -0.001210689 0.003869712 0.002249956 -0.001229345 0.003869712 0.002036511 -0.001210689 0.003869712 0.001829504 -0.001155257 0.003869712 0.001635253 -0.001064658 0.003869712 0.001459717 -9.41775e-4 0.003869712 0.001308202 -7.90243e-4 0.003869712 0.001185297 -6.147e-4 0.003869712 0.001094698 -4.2048e-4 0.003869712 0.001039266 -2.13483e-4 0.003869712 0.00102055 0 0.003869712 7.5e-4 0 0 7.72788e-4 -2.60472e-4 0 8.40461e-4 -5.1303e-4 0 9.50962e-4 -7.5e-4 0 0.001100897 -9.64181e-4 0 0.001285791 -0.001149058 0 0.00149995 -0.001299023 0 0.001736938 -0.00140953 0 0.001989483 -0.001477181 0 0.002249956 -0.00149995 0 0.002510428 -0.001477181 0 0.002762973 -0.00140953 0 0.002999961 -0.001299023 0 0.00321418 -0.001149058 0 0.003399014 -9.64181e-4 0 0.003548979 -7.5e-4 0 0.003659486 -5.1303e-4 0 0.003727197 -2.60472e-4 0 0.003749966 0 0 0.003451347 -3.90358e-4 0.00338602 0.003271937 -7.42505e-4 0.00338602 0.003483533 -4.00811e-4 0.002902269 0.002992451 -0.001021921 0.00338602 0.003299295 -7.62387e-4 0.002902269 0.00351572 -4.11263e-4 0.002418577 0.002640306 -0.001201391 0.00338602 0.003012359 -0.00104928 0.002902269 0.003326654 -7.82269e-4 0.002418577 0.003547906 -4.21716e-4 0.001934826 0.002249956 -0.001263201 0.00338602 0.002650797 -0.001233518 0.002902269 0.003032267 -0.001076698 0.002418577 0.003354012 -8.02151e-4 0.001934826 0.003580033 -4.32168e-4 0.001451134 0.001859605 -0.001201391 0.00338602 0.002249956 -0.001296997 0.002902269 0.002661228 -0.001265704 0.002418577 0.003052115 -0.001104056 0.001934826 0.003381431 -8.22032e-4 0.001451134 0.00361222 -4.4262e-4 9.67439e-4 0.001507461 -0.001021921 0.00338602 0.001849174 -0.001233518 0.002902269 0.002249956 -0.001330852 0.002418577 0.002671658 -0.001297891 0.001934826 0.003072023 -0.001131415 0.001451134 0.003408789 -8.41914e-4 9.67439e-4 0.003644406 -4.53073e-4 4.8372e-4 0.001227974 -7.42505e-4 0.00338602 0.001487612 -0.00104928 0.002902269 0.001838684 -0.001265704 0.002418577 0.002249956 -0.001364648 0.001934826 0.002682149 -0.001330018 0.001451134 0.003091871 -0.001158773 9.67439e-4 0.003436148 -8.61796e-4 4.8372e-4 0.001048564 -3.90358e-4 0.00338602 0.001200616 -7.62387e-4 0.002902269 0.001467704 -0.001076698 0.002418577 0.001828253 -0.001297891 0.001934826 0.002249956 -0.001398503 0.001451134 0.00269258 -0.001362204 9.67439e-4 0.003111779 -0.001186132 4.8372e-4 0.001016378 -4.00811e-4 0.002902269 0.001173257 -7.82269e-4 0.002418577 0.001447796 -0.001104056 0.001934826 0.001817822 -0.001330018 0.001451134 0.002249956 -0.001432299 9.67439e-4 0.00270307 -0.001394391 4.8372e-4 9.84262e-4 -4.11263e-4 0.002418577 0.001145899 -8.02151e-4 0.001934826 0.001427948 -0.001131415 0.001451134 0.001807332 -0.001362204 9.67439e-4 0.002249956 -0.001466155 4.8372e-4 9.52093e-4 -4.21716e-4 0.001934826 0.00111854 -8.22032e-4 0.001451134 0.00140804 -0.001158773 9.67439e-4 0.001796901 -0.001394391 4.8372e-4 9.19924e-4 -4.32168e-4 0.001451134 0.001091182 -8.41914e-4 9.67439e-4 0.001388192 -0.001186132 4.8372e-4 8.87754e-4 -4.4262e-4 9.67439e-4 0.001063823 -8.61796e-4 4.8372e-4 8.55585e-4 -4.53073e-4 4.8372e-4 0.00102055 0 0.003869712 7.5e-4 0 0 0.001039266 2.13483e-4 0.003869712 0.001094698 4.2048e-4 0.003869712 0.001185297 6.147e-4 0.003869712 0.001308202 7.90243e-4 0.003869712 0.001459717 9.41775e-4 0.003869712 0.001635253 0.001064658 0.003869712 0.001829504 0.001155257 0.003869712 0.002036511 0.001210689 0.003869712 0.002249956 0.001229345 0.003869712 0.002463459 0.001210689 0.003869712 0.002670466 0.001155257 0.003869712 0.002864658 0.001064658 0.003869712 0.003040194 9.41775e-4 0.003869712 0.003191769 7.90243e-4 0.003869712 0.003314673 6.147e-4 0.003869712 0.003405213 4.2048e-4 0.003869712 0.003460705 2.13483e-4 0.003869712 0.003479361 0 0.003869712 0.003749966 0 0 0.003727197 2.60472e-4 0 0.003659486 5.1303e-4 0 0.003548979 7.5e-4 0 0.003399014 9.64181e-4 0 0.00321418 0.001149058 0 0.002999961 0.001299023 0 0.002762973 0.00140953 0 0.002510428 0.001477181 0 0.002249956 0.00149995 0 0.001989483 0.001477181 0 0.001736938 0.00140953 0 0.00149995 0.001299023 0 0.001285791 0.001149058 0 0.001100897 9.64181e-4 0 9.50962e-4 7.5e-4 0 8.40461e-4 5.1303e-4 0 7.72788e-4 2.60472e-4 0 0.001048564 3.90358e-4 0.00338602 0.001227974 7.42505e-4 0.00338602 0.001016378 4.00811e-4 0.002902269 0.001507461 0.001021921 0.00338602 0.001200616 7.62387e-4 0.002902269 9.84262e-4 4.11263e-4 0.002418577 0.001859605 0.001201391 0.00338602 0.001487612 0.00104928 0.002902269 0.001173257 7.82269e-4 0.002418577 9.52093e-4 4.21716e-4 0.001934826 0.002249956 0.001263201 0.00338602 0.001849174 0.001233518 0.002902269 0.001467704 0.001076698 0.002418577 0.001145899 8.02151e-4 0.001934826 9.19924e-4 4.32168e-4 0.001451134 0.002640306 0.001201391 0.00338602 0.002249956 0.001296997 0.002902269 0.001838684 0.001265704 0.002418577 0.001447796 0.001104056 0.001934826 0.00111854 8.22032e-4 0.001451134 8.87754e-4 4.4262e-4 9.67439e-4 0.002992451 0.001021921 0.00338602 0.002650797 0.001233518 0.002902269 0.002249956 0.001330852 0.002418577 0.001828253 0.001297891 0.001934826 0.001427948 0.001131415 0.001451134 0.001091182 8.41914e-4 9.67439e-4 8.55585e-4 4.53073e-4 4.8372e-4 0.003271937 7.42505e-4 0.00338602 0.003012359 0.00104928 0.002902269 0.002661228 0.001265704 0.002418577 0.002249956 0.001364648 0.001934826 0.001817822 0.001330018 0.001451134 0.00140804 0.001158773 9.67439e-4 0.001063823 8.61796e-4 4.8372e-4 0.003451347 3.90358e-4 0.00338602 0.003299295 7.62387e-4 0.002902269 0.003032267 0.001076698 0.002418577 0.002671658 0.001297891 0.001934826 0.002249956 0.001398503 0.001451134 0.001807332 0.001362204 9.67439e-4 0.001388192 0.001186132 4.8372e-4 0.003483533 4.00811e-4 0.002902269 0.003326654 7.82269e-4 0.002418577 0.003052115 0.001104056 0.001934826 0.002682149 0.001330018 0.001451134 0.002249956 0.001432299 9.67439e-4 0.001796901 0.001394391 4.8372e-4 0.00351572 4.11263e-4 0.002418577 0.003354012 8.02151e-4 0.001934826 0.003072023 0.001131415 0.001451134 0.00269258 0.001362204 9.67439e-4 0.002249956 0.001466155 4.8372e-4 0.003547906 4.21716e-4 0.001934826 0.003381431 8.22032e-4 0.001451134 0.003091871 0.001158773 9.67439e-4 0.00270307 0.001394391 4.8372e-4 0.003580033 4.32168e-4 0.001451134 0.003408789 8.41914e-4 9.67439e-4 0.003111779 0.001186132 4.8372e-4 0.00361222 4.4262e-4 9.67439e-4 0.003436148 8.61796e-4 4.8372e-4 0.003644406 4.53073e-4 4.8372e-4 0.002481818 0 0.004799962 0.002464175 8.87199e-5 0.004799962 0.002413928 1.63933e-4 0.004799962 0.002338707 2.14189e-4 0.004799962 0.002249956 2.31836e-4 0.004799962 0.002161264 2.14189e-4 0.004799962 0.002086043 1.63933e-4 0.004799962 0.002035796 8.87199e-5 0.004799962 0.002018153 0 0.004799962 0.002035796 -8.87199e-5 0.004799962 0.002086043 -1.63933e-4 0.004799962 0.002161264 -2.14189e-4 0.004799962 0.002249956 -2.31836e-4 0.004799962 0.002338707 -2.14189e-4 0.004799962 0.002413928 -1.63933e-4 0.004799962 0.002464175 -8.87199e-5 0.004799962 0.00102055 0 0.003869712 0.001046001 0 0.00403434 0.001098394 0 0.004192471 0.001176297 0 0.004339694 0.001277565 0 0.004471957 0.001399397 0 0.004585564 0.001538395 0 0.004677414 0.001690745 0 0.004744827 0.001852154 0 0.004786074 0.002018153 0 0.004799962 0.003479361 0 0.003869712 0.003460705 -2.13483e-4 0.003869712 0.003405213 -4.2048e-4 0.003869712 0.003314673 -6.147e-4 0.003869712 0.003191769 -7.90243e-4 0.003869712 0.003040194 -9.41775e-4 0.003869712 0.002864658 -0.001064658 0.003869712 0.002670466 -0.001155257 0.003869712 0.002463459 -0.001210689 0.003869712 0.002249956 -0.001229345 0.003869712 0.002036511 -0.001210689 0.003869712 0.001829504 -0.001155257 0.003869712 0.001635253 -0.001064658 0.003869712 0.001459717 -9.41775e-4 0.003869712 0.001308202 -7.90243e-4 0.003869712 0.001185297 -6.147e-4 0.003869712 0.001094698 -4.2048e-4 0.003869712 0.001039266 -2.13483e-4 0.003869712 0.003453969 0 0.00403434 0.003401577 0 0.004192471 0.003323614 0 0.004339694 0.003222346 0 0.004471957 0.003100514 0 0.004585564 0.002961516 0 0.004677414 0.002809226 0 0.004744827 0.002647817 0 0.004786074 0.002481818 0 0.004799962 0.002035796 -8.87199e-5 0.004799962 0.002086043 -1.63933e-4 0.004799962 0.002161264 -2.14189e-4 0.004799962 0.002249956 -2.31836e-4 0.004799962 0.002338707 -2.14189e-4 0.004799962 0.002413928 -1.63933e-4 0.004799962 0.002464175 -8.87199e-5 0.004799962 0.001080989 -2.88131e-4 0.00403434 0.001131832 -2.75592e-4 0.004192471 0.001183927 -5.59517e-4 0.00403434 0.00120753 -2.56944e-4 0.004339694 0.001230299 -5.35167e-4 0.004192471 0.001348793 -7.98386e-4 0.00403434 0.001305818 -2.32706e-4 0.004471957 0.001299262 -4.98955e-4 0.004339694 0.001388013 -7.6364e-4 0.004192471 0.001566052 -9.90855e-4 0.00403434 0.001424133 -2.0355e-4 0.004585564 0.001388967 -4.51888e-4 0.004471957 0.001446306 -7.11969e-4 0.004339694 0.001595795 -9.47733e-4 0.004192471 0.001823008 -0.001125693 0.00403434 0.001559078 -1.70285e-4 0.004677414 0.001496851 -3.9527e-4 0.004585564 0.001522123 -6.44807e-4 0.004471957 0.001640081 -8.83606e-4 0.004339694 0.001841604 -0.001076698 0.004192471 0.002104818 -0.001195192 0.00403434 0.001706957 -1.33834e-4 0.004744827 0.001619935 -3.30673e-4 0.004677414 0.001613318 -5.64019e-4 0.004585564 0.001697599 -8.00253e-4 0.004471957 0.001869261 -0.001003861 0.004339694 0.002111136 -0.001143157 0.004192471 0.002395093 -0.001195192 0.00403434 0.001863718 -9.52094e-5 0.004786074 0.00175482 -2.59891e-4 0.004744827 0.001717388 -4.71844e-4 0.004677414 0.0017668 -6.99988e-4 0.004585564 0.001905143 -9.09191e-4 0.004471957 0.002120554 -0.00106579 0.004339694 0.002388775 -0.001143157 0.004192471 0.002676904 -0.001125693 0.00403434 0.001897692 -1.84886e-4 0.004786074 0.001831352 -3.70843e-4 0.004744827 0.001845777 -5.85594e-4 0.004677414 0.001948356 -7.95277e-4 0.004585564 0.002132773 -9.6529e-4 0.004471957 0.002379357 -0.00106579 0.004339694 0.002658307 -0.001076698 0.004192471 0.002933919 -9.90855e-4 0.00403434 0.001952171 -2.63817e-4 0.004786074 0.001932263 -4.60243e-4 0.004744827 0.001997649 -6.6531e-4 0.004677414 0.002147436 -8.44348e-4 0.004585564 0.002367198 -9.6529e-4 0.004471957 0.00263071 -0.001003861 0.004339694 0.002904117 -9.47733e-4 0.004192471 0.003151178 -7.98386e-4 0.00403434 0.002023994 -3.27416e-4 0.004786074 0.002051651 -5.22896e-4 0.004744827 0.002164185 -7.06361e-4 0.004677414 0.002352476 -8.44348e-4 0.004585564 0.002594769 -9.09191e-4 0.004471957 0.00285989 -8.83606e-4 0.004339694 0.003111958 -7.6364e-4 0.004192471 0.003316044 -5.59517e-4 0.00403434 0.002108871 -3.71987e-4 0.004786074 0.002182543 -5.5516e-4 0.004744827 0.002335727 -7.06361e-4 0.004677414 0.002551555 -7.95277e-4 0.004585564 0.002802371 -8.00253e-4 0.004471957 0.003053605 -7.11969e-4 0.004339694 0.003269672 -5.35167e-4 0.004192471 0.003418982 -2.88131e-4 0.00403434 0.002202033 -3.94939e-4 0.004786074 0.002317368 -5.5516e-4 0.004744827 0.002502262 -6.6531e-4 0.004677414 0.002733111 -6.99988e-4 0.004585564 0.002977788 -6.44807e-4 0.004471957 0.00320065 -4.98955e-4 0.004339694 0.003368079 -2.75592e-4 0.004192471 0.002297937 -3.94939e-4 0.004786074 0.00244826 -5.22896e-4 0.004744827 0.002654194 -5.85594e-4 0.004677414 0.002886593 -5.64019e-4 0.004585564 0.003110945 -4.51888e-4 0.004471957 0.003292441 -2.56944e-4 0.004339694 0.00239104 -3.71987e-4 0.004786074 0.002567648 -4.60243e-4 0.004744827 0.002782583 -4.71844e-4 0.004677414 0.00300312 -3.9527e-4 0.004585564 0.003194093 -2.32706e-4 0.004471957 0.002475976 -3.27416e-4 0.004786074 0.002668559 -3.70843e-4 0.004744827 0.002880036 -3.30673e-4 0.004677414 0.003075778 -2.0355e-4 0.004585564 0.00254774 -2.63817e-4 0.004786074 0.002745151 -2.59891e-4 0.004744827 0.002940833 -1.70285e-4 0.004677414 0.002602219 -1.84886e-4 0.004786074 0.002792954 -1.33834e-4 0.004744827 0.002636253 -9.52094e-5 0.004786074 -0.003229379 0 0.003869712 -0.003210723 2.13483e-4 0.003869712 -0.003155231 4.2048e-4 0.003869712 -0.003064692 6.147e-4 0.003869712 -0.002941727 7.90243e-4 0.003869712 -0.002790212 9.41775e-4 0.003869712 -0.002614676 0.001064658 0.003869712 -0.002420425 0.001155257 0.003869712 -0.002213478 0.001210689 0.003869712 -0.001999974 0.001229345 0.003869712 -0.00178647 0.001210689 0.003869712 -0.001579463 0.001155257 0.003869712 -0.001385271 0.001064658 0.003869712 -0.001209735 9.41775e-4 0.003869712 -0.00105822 7.90243e-4 0.003869712 -9.35308e-4 6.147e-4 0.003869712 -8.44742e-4 4.2048e-4 0.003869712 -7.89277e-4 2.13483e-4 0.003869712 -7.706e-4 0 0.003869712 -0.003203928 0 0.00403434 -0.003151535 0 0.004192471 -0.003073632 0 0.004339694 -0.002972364 0 0.004471957 -0.002850532 0 0.004585564 -0.002711534 0 0.004677414 -0.002559185 0 0.004744827 -0.002397835 0 0.004786074 -0.002231836 0 0.004799962 -0.001768112 0 0.004799962 -0.001785755 8.87199e-5 0.004799962 -0.001836061 1.63933e-4 0.004799962 -0.001911222 2.14189e-4 0.004799962 -0.001999974 2.31836e-4 0.004799962 -0.002088665 2.14189e-4 0.004799962 -0.002163887 1.63933e-4 0.004799962 -0.002214133 8.87199e-5 0.004799962 -7.96021e-4 0 0.00403434 -8.48418e-4 0 0.004192471 -9.26339e-4 0 0.004339694 -0.001027584 0 0.004471957 -0.001149415 0 0.004585564 -0.001288414 0 0.004677414 -0.001440703 0 0.004744827 -0.001602113 0 0.004786074 -8.31006e-4 2.88131e-4 0.00403434 -8.81881e-4 2.75592e-4 0.004192471 -9.33929e-4 5.59517e-4 0.00403434 -9.57537e-4 2.56944e-4 0.004339694 -9.80325e-4 5.35167e-4 0.004192471 -0.001098752 7.98386e-4 0.00403434 -0.001055836 2.32706e-4 0.004471957 -0.00104928 4.98955e-4 0.004339694 -0.001137971 7.6364e-4 0.004192471 -0.00131601 9.90855e-4 0.00403434 -0.001174151 2.0355e-4 0.004585564 -0.001138985 4.51888e-4 0.004471957 -0.001196324 7.11969e-4 0.004339694 -0.001345813 9.47733e-4 0.004192471 -0.001573026 0.001125693 0.00403434 -0.001309096 1.70285e-4 0.004677414 -0.001246869 3.9527e-4 0.004585564 -0.001272141 6.44807e-4 0.004471957 -0.001390039 8.83606e-4 0.004339694 -0.001591622 0.001076698 0.004192471 -0.001854836 0.001195192 0.00403434 -0.001456975 1.33834e-4 0.004744827 -0.001369953 3.30673e-4 0.004677414 -0.001363337 5.64019e-4 0.004585564 -0.001447618 8.00253e-4 0.004471957 -0.001619219 0.001003861 0.004339694 -0.001861155 0.001143157 0.004192471 -0.002145111 0.001195192 0.00403434 -0.001613676 9.52094e-5 0.004786074 -0.001504778 2.59891e-4 0.004744827 -0.001467347 4.71844e-4 0.004677414 -0.001516819 6.99988e-4 0.004585564 -0.001655161 9.09191e-4 0.004471957 -0.001870572 0.00106579 0.004339694 -0.002138793 0.001143157 0.004192471 -0.002426922 0.001125693 0.00403434 -0.00164771 1.84886e-4 0.004786074 -0.00158137 3.70843e-4 0.004744827 -0.001595735 5.85594e-4 0.004677414 -0.001698374 7.95277e-4 0.004585564 -0.001882791 9.6529e-4 0.004471957 -0.002129375 0.00106579 0.004339694 -0.002408325 0.001076698 0.004192471 -0.002683937 9.90855e-4 0.00403434 -0.001702189 2.63817e-4 0.004786074 -0.001682281 4.60243e-4 0.004744827 -0.001747667 6.6531e-4 0.004677414 -0.001897454 8.44348e-4 0.004585564 -0.002117156 9.6529e-4 0.004471957 -0.002380669 0.001003861 0.004339694 -0.002654135 9.47733e-4 0.004192471 -0.002901136 7.98386e-4 0.00403434 -0.001773953 3.27416e-4 0.004786074 -0.001801669 5.22896e-4 0.004744827 -0.001914203 7.06361e-4 0.004677414 -0.002102494 8.44348e-4 0.004585564 -0.002344787 9.09191e-4 0.004471957 -0.002609908 8.83606e-4 0.004339694 -0.002861917 7.6364e-4 0.004192471 -0.003066062 5.59517e-4 0.00403434 -0.00185889 3.71987e-4 0.004786074 -0.001932561 5.5516e-4 0.004744827 -0.002085745 7.06361e-4 0.004677414 -0.002301573 7.95277e-4 0.004585564 -0.00255233 8.00253e-4 0.004471957 -0.002803623 7.11969e-4 0.004339694 -0.00301963 5.35167e-4 0.004192471 -0.00316894 2.88131e-4 0.00403434 -0.001951992 3.94939e-4 0.004786074 -0.002067387 5.5516e-4 0.004744827 -0.00225228 6.6531e-4 0.004677414 -0.002483129 6.99988e-4 0.004585564 -0.002727806 6.44807e-4 0.004471957 -0.002950668 4.98955e-4 0.004339694 -0.003118097 2.75592e-4 0.004192471 -0.002047896 3.94939e-4 0.004786074 -0.002198278 5.22896e-4 0.004744827 -0.002404153 5.85594e-4 0.004677414 -0.002636611 5.64019e-4 0.004585564 -0.002860963 4.51888e-4 0.004471957 -0.003042459 2.56944e-4 0.004339694 -0.002141058 3.71987e-4 0.004786074 -0.002317667 4.60243e-4 0.004744827 -0.002532601 4.71844e-4 0.004677414 -0.002753078 3.9527e-4 0.004585564 -0.002944111 2.32706e-4 0.004471957 -0.002225995 3.27416e-4 0.004786074 -0.002418577 3.70843e-4 0.004744827 -0.002629995 3.30673e-4 0.004677414 -0.002825796 2.0355e-4 0.004585564 -0.002297759 2.63817e-4 0.004786074 -0.002495169 2.59891e-4 0.004744827 -0.002690851 1.70285e-4 0.004677414 -0.002352237 1.84886e-4 0.004786074 -0.002542972 1.33834e-4 0.004744827 -0.002386271 9.52094e-5 0.004786074 -7.706e-4 0 0.003869712 -7.89277e-4 -2.13483e-4 0.003869712 -8.44742e-4 -4.2048e-4 0.003869712 -9.35308e-4 -6.147e-4 0.003869712 -0.00105822 -7.90243e-4 0.003869712 -0.001209735 -9.41775e-4 0.003869712 -0.001385271 -0.001064658 0.003869712 -0.001579463 -0.001155257 0.003869712 -0.00178647 -0.001210689 0.003869712 -0.001999974 -0.001229345 0.003869712 -0.002213478 -0.001210689 0.003869712 -0.002420425 -0.001155257 0.003869712 -0.002614676 -0.001064658 0.003869712 -0.002790212 -9.41775e-4 0.003869712 -0.002941727 -7.90243e-4 0.003869712 -0.003064692 -6.147e-4 0.003869712 -0.003155231 -4.2048e-4 0.003869712 -0.003210723 -2.13483e-4 0.003869712 -0.003229379 0 0.003869712 -0.003499984 0 0 -0.003477156 -2.60472e-4 0 -0.003409504 -5.1303e-4 0 -0.003298997 -7.5e-4 0 -0.003149032 -9.64181e-4 0 -0.002964138 -0.001149058 0 -0.002749979 -0.001299023 0 -0.002512991 -0.00140953 0 -0.002260446 -0.001477181 0 -0.001999974 -0.00149995 0 -0.001739501 -0.001477181 0 -0.001486957 -0.00140953 0 -0.001249969 -0.001299023 0 -0.001035809 -0.001149058 0 -8.50933e-4 -9.64181e-4 0 -7.00962e-4 -7.5e-4 0 -5.90461e-4 -5.1303e-4 0 -5.22788e-4 -2.60472e-4 0 -5e-4 0 0 -7.98601e-4 -3.90358e-4 0.00338602 -9.78029e-4 -7.42505e-4 0.00338602 -7.66432e-4 -4.00811e-4 0.002902269 -0.001257479 -0.001021921 0.00338602 -9.50664e-4 -7.62387e-4 0.002902269 -7.34262e-4 -4.11263e-4 0.002418577 -0.001609623 -0.001201391 0.00338602 -0.001237571 -0.00104928 0.002902269 -9.23299e-4 -7.82269e-4 0.002418577 -7.02093e-4 -4.21716e-4 0.001934826 -0.001999974 -0.001263201 0.00338602 -0.001599133 -0.001233518 0.002902269 -0.001217722 -0.001076698 0.002418577 -8.95934e-4 -8.02151e-4 0.001934826 -6.69924e-4 -4.32168e-4 0.001451134 -0.002390325 -0.001201391 0.00338602 -0.001999974 -0.001296997 0.002902269 -0.001588702 -0.001265704 0.002418577 -0.001197814 -0.001104056 0.001934826 -8.68569e-4 -8.22032e-4 0.001451134 -6.37754e-4 -4.4262e-4 9.67439e-4 -0.002742469 -0.001021921 0.00338602 -0.002400755 -0.001233518 0.002902269 -0.001999974 -0.001330852 0.002418577 -0.001578271 -0.001297891 0.001934826 -0.001177966 -0.001131415 0.001451134 -8.41204e-4 -8.41914e-4 9.67439e-4 -6.05585e-4 -4.53073e-4 4.8372e-4 -0.003021955 -7.42505e-4 0.00338602 -0.002762377 -0.00104928 0.002902269 -0.002411246 -0.001265704 0.002418577 -0.001999974 -0.001364648 0.001934826 -0.00156778 -0.001330018 0.001451134 -0.001158058 -0.001158773 9.67439e-4 -8.1384e-4 -8.61796e-4 4.8372e-4 -0.003201365 -3.90358e-4 0.00338602 -0.003049314 -7.62387e-4 0.002902269 -0.002782225 -0.001076698 0.002418577 -0.002421677 -0.001297891 0.001934826 -0.001999974 -0.001398503 0.001451134 -0.00155735 -0.001362204 9.67439e-4 -0.00113815 -0.001186132 4.8372e-4 -0.003233551 -4.00811e-4 0.002902269 -0.003076672 -7.82269e-4 0.002418577 -0.002802133 -0.001104056 0.001934826 -0.002432167 -0.001330018 0.001451134 -0.001999974 -0.001432299 9.67439e-4 -0.001546919 -0.001394391 4.8372e-4 -0.003265678 -4.11263e-4 0.002418577 -0.003104031 -8.02151e-4 0.001934826 -0.002821981 -0.001131415 0.001451134 -0.002442598 -0.001362204 9.67439e-4 -0.001999974 -0.001466155 4.8372e-4 -0.003297865 -4.21716e-4 0.001934826 -0.003131389 -8.22032e-4 0.001451134 -0.002841889 -0.001158773 9.67439e-4 -0.002453029 -0.001394391 4.8372e-4 -0.003330051 -4.32168e-4 0.001451134 -0.003158748 -8.41914e-4 9.67439e-4 -0.002861738 -0.001186132 4.8372e-4 -0.003362238 -4.4262e-4 9.67439e-4 -0.003186106 -8.61796e-4 4.8372e-4 -0.003394365 -4.53073e-4 4.8372e-4 0 0.001749992 0.004999995 0 0.001749992 0 0 -0.001749992 0.004999995 0 -0.001749992 0 0.004499971 -0.002249956 0.004999995 -0.004499971 -0.002249956 0.004999995 -0.004499971 -0.002249956 -5e-4 0.004499971 -0.002249956 -5e-4 5e-4 -0.001749992 0 5e-4 -0.001749992 0.004999995 5e-4 0.001749992 0 5e-4 0.001749992 0.004999995 -0.004499971 0.002249956 0.004999995 0.004499971 0.002249956 0.004999995 0.004499971 0.002249956 -5e-4 -0.004499971 0.002249956 -5e-4 0.004499971 -0.002249956 0.004999995 0.004499971 0.002249956 0.004999995 -0.004499971 -0.002249956 0.004999995 -0.004499971 0.002249956 0.004999995 -0.003999948 0.001749992 0.004999995 -0.003999948 -0.001749992 0.004999995 0 -0.001749992 0.004999995 0 0.001749992 0.004999995 5e-4 -0.001749992 0.004999995 0.003999948 -0.001749992 0.004999995 0.003999948 0.001749992 0.004999995 5e-4 0.001749992 0.004999995 0.003999948 0.001749992 0 5e-4 0.001749992 0 0.003999948 -0.001749992 0 5e-4 -0.001749992 0 7.5e-4 0 0 7.72788e-4 -2.60472e-4 0 8.40461e-4 -5.1303e-4 0 9.50962e-4 -7.5e-4 0 0.001100897 -9.64181e-4 0 0.001285791 -0.001149058 0 0.00149995 -0.001299023 0 0.001736938 -0.00140953 0 0.001989483 -0.001477181 0 0.002249956 -0.00149995 0 0.002510428 -0.001477181 0 0.002762973 -0.00140953 0 0.002999961 -0.001299023 0 0.00321418 -0.001149058 0 0.003399014 -9.64181e-4 0 0.003548979 -7.5e-4 0 0.003659486 -5.1303e-4 0 0.003727197 -2.60472e-4 0 0.003749966 0 0 0.003727197 2.60472e-4 0 0.003659486 5.1303e-4 0 0.003548979 7.5e-4 0 0.003399014 9.64181e-4 0 0.00321418 0.001149058 0 0.002999961 0.001299023 0 0.002762973 0.00140953 0 0.002510428 0.001477181 0 0.002249956 0.00149995 0 0.001989483 0.001477181 0 0.001736938 0.00140953 0 0.00149995 0.001299023 0 0.001285791 0.001149058 0 0.001100897 9.64181e-4 0 9.50962e-4 7.5e-4 0 8.40461e-4 5.1303e-4 0 7.72788e-4 2.60472e-4 0 -0.004499971 -0.002249956 -5e-4 -0.004499971 0.002249956 -5e-4 -0.004499971 0.002249956 0.004999995 -0.004499971 -0.002249956 0.004999995 0.004499971 0.002249956 -5e-4 0.004499971 -0.002249956 -5e-4 0.004499971 -0.002249956 0.004999995 0.004499971 0.002249956 0.004999995 0.004499971 -0.002249956 -5e-4 -0.004499971 -0.002249956 -5e-4 -0.004499971 0.002249956 -5e-4 0.004499971 0.002249956 -5e-4 0 0.001749992 0 -0.003999948 0.001749992 0 0 -0.001749992 0 -0.003999948 -0.001749992 0 -0.003499984 0 0 -0.003477156 -2.60472e-4 0 -0.003409504 -5.1303e-4 0 -0.003298997 -7.5e-4 0 -0.003149032 -9.64181e-4 0 -0.002964138 -0.001149058 0 -0.002749979 -0.001299023 0 -0.002512991 -0.00140953 0 -0.002260446 -0.001477181 0 -0.001999974 -0.00149995 0 -0.001739501 -0.001477181 0 -0.001486957 -0.00140953 0 -0.001249969 -0.001299023 0 -0.001035809 -0.001149058 0 -8.50933e-4 -9.64181e-4 0 -7.00962e-4 -7.5e-4 0 -5.90461e-4 -5.1303e-4 0 -5.22788e-4 -2.60472e-4 0 -5e-4 0 0 -5.22788e-4 2.60472e-4 0 -5.90461e-4 5.1303e-4 0 -7.00962e-4 7.5e-4 0 -8.50933e-4 9.64181e-4 0 -0.001035809 0.001149058 0 -0.001249969 0.001299023 0 -0.001486957 0.00140953 0 -0.001739501 0.001477181 0 -0.001999974 0.00149995 0 -0.002260446 0.001477181 0 -0.002512991 0.00140953 0 -0.002749979 0.001299023 0 -0.002964138 0.001149058 0 -0.003149032 9.64181e-4 0 -0.003298997 7.5e-4 0 -0.003409504 5.1303e-4 0 -0.003477156 2.60472e-4 0 0 -0.001749992 0 0 -0.001749992 0.004999995 -0.003999948 -0.001749992 0 -0.003999948 -0.001749992 0.004999995 0 0.001749992 0.004999995 0 0.001749992 0 -0.003999948 0.001749992 0.004999995 -0.003999948 0.001749992 0 -0.003999948 0.001749992 0 -0.003999948 -0.001749992 0 -0.003999948 0.001749992 0.004999995 -0.003999948 -0.001749992 0.004999995 5e-4 -0.001749992 0 0.003999948 -0.001749992 0 5e-4 -0.001749992 0.004999995 0.003999948 -0.001749992 0.004999995 0.003999948 -0.001749992 0 0.003999948 0.001749992 0 0.003999948 -0.001749992 0.004999995 0.003999948 0.001749992 0.004999995 0.003999948 0.001749992 0.004999995 5e-4 0.001749992 0.004999995 5e-4 0.001749992 0 0.003999948 0.001749992 0 -0.003229379 0 0.003869712 -0.003499984 0 0 -0.003210723 2.13483e-4 0.003869712 -0.003155231 4.2048e-4 0.003869712 -0.003064692 6.147e-4 0.003869712 -0.002941727 7.90243e-4 0.003869712 -0.002790212 9.41775e-4 0.003869712 -0.002614676 0.001064658 0.003869712 -0.002420425 0.001155257 0.003869712 -0.002213478 0.001210689 0.003869712 -0.001999974 0.001229345 0.003869712 -0.00178647 0.001210689 0.003869712 -0.001579463 0.001155257 0.003869712 -0.001385271 0.001064658 0.003869712 -0.001209735 9.41775e-4 0.003869712 -0.00105822 7.90243e-4 0.003869712 -9.35308e-4 6.147e-4 0.003869712 -8.44742e-4 4.2048e-4 0.003869712 -7.89277e-4 2.13483e-4 0.003869712 -7.706e-4 0 0.003869712 -5e-4 0 0 -5.22788e-4 2.60472e-4 0 -5.90461e-4 5.1303e-4 0 -7.00962e-4 7.5e-4 0 -8.50933e-4 9.64181e-4 0 -0.001035809 0.001149058 0 -0.001249969 0.001299023 0 -0.001486957 0.00140953 0 -0.001739501 0.001477181 0 -0.001999974 0.00149995 0 -0.002260446 0.001477181 0 -0.002512991 0.00140953 0 -0.002749979 0.001299023 0 -0.002964138 0.001149058 0 -0.003149032 9.64181e-4 0 -0.003298997 7.5e-4 0 -0.003409504 5.1303e-4 0 -0.003477156 2.60472e-4 0 -0.003201365 3.90358e-4 0.00338602 -0.003021955 7.42505e-4 0.00338602 -0.003233551 4.00811e-4 0.002902269 -0.002742469 0.001021921 0.00338602 -0.003049314 7.62387e-4 0.002902269 -0.003265678 4.11263e-4 0.002418577 -0.002390325 0.001201391 0.00338602 -0.002762377 0.00104928 0.002902269 -0.003076672 7.82269e-4 0.002418577 -0.003297865 4.21716e-4 0.001934826 -0.001999974 0.001263201 0.00338602 -0.002400755 0.001233518 0.002902269 -0.002782225 0.001076698 0.002418577 -0.003104031 8.02151e-4 0.001934826 -0.003330051 4.32168e-4 0.001451134 -0.001609623 0.001201391 0.00338602 -0.001999974 0.001296997 0.002902269 -0.002411246 0.001265704 0.002418577 -0.002802133 0.001104056 0.001934826 -0.003131389 8.22032e-4 0.001451134 -0.003362238 4.4262e-4 9.67439e-4 -0.001257479 0.001021921 0.00338602 -0.001599133 0.001233518 0.002902269 -0.001999974 0.001330852 0.002418577 -0.002421677 0.001297891 0.001934826 -0.002821981 0.001131415 0.001451134 -0.003158748 8.41914e-4 9.67439e-4 -0.003394365 4.53073e-4 4.8372e-4 -9.78029e-4 7.42505e-4 0.00338602 -0.001237571 0.00104928 0.002902269 -0.001588702 0.001265704 0.002418577 -0.001999974 0.001364648 0.001934826 -0.002432167 0.001330018 0.001451134 -0.002841889 0.001158773 9.67439e-4 -0.003186106 8.61796e-4 4.8372e-4 -7.98601e-4 3.90358e-4 0.00338602 -9.50664e-4 7.62387e-4 0.002902269 -0.001217722 0.001076698 0.002418577 -0.001578271 0.001297891 0.001934826 -0.001999974 0.001398503 0.001451134 -0.002442598 0.001362204 9.67439e-4 -0.002861738 0.001186132 4.8372e-4 -7.66432e-4 4.00811e-4 0.002902269 -9.23299e-4 7.82269e-4 0.002418577 -0.001197814 0.001104056 0.001934826 -0.00156778 0.001330018 0.001451134 -0.001999974 0.001432299 9.67439e-4 -0.002453029 0.001394391 4.8372e-4 -7.34262e-4 4.11263e-4 0.002418577 -8.95934e-4 8.02151e-4 0.001934826 -0.001177966 0.001131415 0.001451134 -0.00155735 0.001362204 9.67439e-4 -0.001999974 0.001466155 4.8372e-4 -7.02093e-4 4.21716e-4 0.001934826 -8.68569e-4 8.22032e-4 0.001451134 -0.001158058 0.001158773 9.67439e-4 -0.001546919 0.001394391 4.8372e-4 -6.69924e-4 4.32168e-4 0.001451134 -8.41204e-4 8.41914e-4 9.67439e-4 -0.00113815 0.001186132 4.8372e-4 -6.37754e-4 4.4262e-4 9.67439e-4 -8.1384e-4 8.61796e-4 4.8372e-4 -6.05585e-4 4.53073e-4 4.8372e-4 -0.001768112 0 0.004799962 -0.001785755 8.87199e-5 0.004799962 -0.001836061 1.63933e-4 0.004799962 -0.001911222 2.14189e-4 0.004799962 -0.001999974 2.31836e-4 0.004799962 -0.002088665 2.14189e-4 0.004799962 -0.002163887 1.63933e-4 0.004799962 -0.002214133 8.87199e-5 0.004799962 -0.002231836 0 0.004799962 -0.002214133 -8.87199e-5 0.004799962 -0.002163887 -1.63933e-4 0.004799962 -0.002088665 -2.14189e-4 0.004799962 -0.001999974 -2.31836e-4 0.004799962 -0.001911222 -2.14189e-4 0.004799962 -0.001836061 -1.63933e-4 0.004799962 -0.001785755 -8.87199e-5 0.004799962 -0.003229379 0 0.003869712 -0.003203928 0 0.00403434 -0.003151535 0 0.004192471 -0.003073632 0 0.004339694 -0.002972364 0 0.004471957 -0.002850532 0 0.004585564 -0.002711534 0 0.004677414 -0.002559185 0 0.004744827 -0.002397835 0 0.004786074 -0.002231836 0 0.004799962 -7.706e-4 0 0.003869712 -7.89277e-4 -2.13483e-4 0.003869712 -8.44742e-4 -4.2048e-4 0.003869712 -9.35308e-4 -6.147e-4 0.003869712 -0.00105822 -7.90243e-4 0.003869712 -0.001209735 -9.41775e-4 0.003869712 -0.001385271 -0.001064658 0.003869712 -0.001579463 -0.001155257 0.003869712 -0.00178647 -0.001210689 0.003869712 -0.001999974 -0.001229345 0.003869712 -0.002213478 -0.001210689 0.003869712 -0.002420425 -0.001155257 0.003869712 -0.002614676 -0.001064658 0.003869712 -0.002790212 -9.41775e-4 0.003869712 -0.002941727 -7.90243e-4 0.003869712 -0.003064692 -6.147e-4 0.003869712 -0.003155231 -4.2048e-4 0.003869712 -0.003210723 -2.13483e-4 0.003869712 -7.96021e-4 0 0.00403434 -8.48418e-4 0 0.004192471 -9.26339e-4 0 0.004339694 -0.001027584 0 0.004471957 -0.001149415 0 0.004585564 -0.001288414 0 0.004677414 -0.001440703 0 0.004744827 -0.001602113 0 0.004786074 -0.001768112 0 0.004799962 -0.002214133 -8.87199e-5 0.004799962 -0.002163887 -1.63933e-4 0.004799962 -0.002088665 -2.14189e-4 0.004799962 -0.001999974 -2.31836e-4 0.004799962 -0.001911222 -2.14189e-4 0.004799962 -0.001836061 -1.63933e-4 0.004799962 -0.001785755 -8.87199e-5 0.004799962 -0.00316894 -2.88131e-4 0.00403434 -0.003118097 -2.75592e-4 0.004192471 -0.003066062 -5.59517e-4 0.00403434 -0.003042459 -2.56944e-4 0.004339694 -0.00301963 -5.35167e-4 0.004192471 -0.002901136 -7.98386e-4 0.00403434 -0.002944111 -2.32706e-4 0.004471957 -0.002950668 -4.98955e-4 0.004339694 -0.002861917 -7.6364e-4 0.004192471 -0.002683937 -9.90855e-4 0.00403434 -0.002825796 -2.0355e-4 0.004585564 -0.002860963 -4.51888e-4 0.004471957 -0.002803623 -7.11969e-4 0.004339694 -0.002654135 -9.47733e-4 0.004192471 -0.002426922 -0.001125693 0.00403434 -0.002690851 -1.70285e-4 0.004677414 -0.002753078 -3.9527e-4 0.004585564 -0.002727806 -6.44807e-4 0.004471957 -0.002609908 -8.83606e-4 0.004339694 -0.002408325 -0.001076698 0.004192471 -0.002145111 -0.001195192 0.00403434 -0.002542972 -1.33834e-4 0.004744827 -0.002629995 -3.30673e-4 0.004677414 -0.002636611 -5.64019e-4 0.004585564 -0.00255233 -8.00253e-4 0.004471957 -0.002380669 -0.001003861 0.004339694 -0.002138793 -0.001143157 0.004192471 -0.001854836 -0.001195192 0.00403434 -0.002386271 -9.52094e-5 0.004786074 -0.002495169 -2.59891e-4 0.004744827 -0.002532601 -4.71844e-4 0.004677414 -0.002483129 -6.99988e-4 0.004585564 -0.002344787 -9.09191e-4 0.004471957 -0.002129375 -0.00106579 0.004339694 -0.001861155 -0.001143157 0.004192471 -0.001573026 -0.001125693 0.00403434 -0.002352237 -1.84886e-4 0.004786074 -0.002418577 -3.70843e-4 0.004744827 -0.002404153 -5.85594e-4 0.004677414 -0.002301573 -7.95277e-4 0.004585564 -0.002117156 -9.6529e-4 0.004471957 -0.001870572 -0.00106579 0.004339694 -0.001591622 -0.001076698 0.004192471 -0.00131601 -9.90855e-4 0.00403434 -0.002297759 -2.63817e-4 0.004786074 -0.002317667 -4.60243e-4 0.004744827 -0.00225228 -6.6531e-4 0.004677414 -0.002102494 -8.44348e-4 0.004585564 -0.001882791 -9.6529e-4 0.004471957 -0.001619219 -0.001003861 0.004339694 -0.001345813 -9.47733e-4 0.004192471 -0.001098752 -7.98386e-4 0.00403434 -0.002225995 -3.27416e-4 0.004786074 -0.002198278 -5.22896e-4 0.004744827 -0.002085745 -7.06361e-4 0.004677414 -0.001897454 -8.44348e-4 0.004585564 -0.001655161 -9.09191e-4 0.004471957 -0.001390039 -8.83606e-4 0.004339694 -0.001137971 -7.6364e-4 0.004192471 -9.33929e-4 -5.59517e-4 0.00403434 -0.002141058 -3.71987e-4 0.004786074 -0.002067387 -5.5516e-4 0.004744827 -0.001914203 -7.06361e-4 0.004677414 -0.001698374 -7.95277e-4 0.004585564 -0.001447618 -8.00253e-4 0.004471957 -0.001196324 -7.11969e-4 0.004339694 -9.80325e-4 -5.35167e-4 0.004192471 -8.31006e-4 -2.88131e-4 0.00403434 -0.002047896 -3.94939e-4 0.004786074 -0.001932561 -5.5516e-4 0.004744827 -0.001747667 -6.6531e-4 0.004677414 -0.001516819 -6.99988e-4 0.004585564 -0.001272141 -6.44807e-4 0.004471957 -0.00104928 -4.98955e-4 0.004339694 -8.81881e-4 -2.75592e-4 0.004192471 -0.001951992 -3.94939e-4 0.004786074 -0.001801669 -5.22896e-4 0.004744827 -0.001595735 -5.85594e-4 0.004677414 -0.001363337 -5.64019e-4 0.004585564 -0.001138985 -4.51888e-4 0.004471957 -9.57537e-4 -2.56944e-4 0.004339694 -0.00185889 -3.71987e-4 0.004786074 -0.001682281 -4.60243e-4 0.004744827 -0.001467347 -4.71844e-4 0.004677414 -0.001246869 -3.9527e-4 0.004585564 -0.001055836 -2.32706e-4 0.004471957 -0.001773953 -3.27416e-4 0.004786074 -0.00158137 -3.70843e-4 0.004744827 -0.001369953 -3.30673e-4 0.004677414 -0.001174151 -2.0355e-4 0.004585564 -0.001702189 -2.63817e-4 0.004786074 -0.001504778 -2.59891e-4 0.004744827 -0.001309096 -1.70285e-4 0.004677414 -0.00164771 -1.84886e-4 0.004786074 -0.001456975 -1.33834e-4 0.004744827 -0.001613676 -9.52094e-5 0.004786074</float_array>
          <technique_common>
            <accessor source="#IR_Transceiver_Block-mesh-positions-array" count="1140" stride="3">
              <param name="X" type="float"/>
              <param name="Y" type="float"/>
              <param name="Z" type="float"/>
            </accessor>
          </technique_common>
        </source>
        <source id="IR_Transceiver_Block-mesh-normals">
          <float_array id="IR_Transceiver_Block-mesh-normals-array" count="2949">0.9721425 4.70132e-5 0.2343908 0.9975619 4.01727e-5 0.06978821 0.9824085 0.173213 0.06979066 -0.9721422 4.79221e-5 0.2343918 -0.982407 0.173221 0.06979161 -0.9975618 3.89144e-5 0.06978952 0.9438972 0.2326507 0.2343754 0.9374016 0.341189 0.06977325 0.8930284 0.2201117 0.3924936 0.9197487 3.19034e-5 0.3925077 0.860788 0.4517782 0.234394 0.8639082 0.4987902 0.06979346 0.8173879 0.2014681 0.5397107 0.8418261 2.35066e-5 0.5397489 0.8144024 0.4274317 0.3924934 0.7276586 0.64464 0.2344191 0.7641841 0.6412118 0.06978595 0.6412269 0.7641716 0.06978529 0.7190179 0.177222 0.6720162 0.7405502 3.49134e-5 0.6720011 0.745397 0.391215 0.5397539 0.6884467 0.6099104 0.3924928 0.5522402 0.8000569 0.2343919 0.4987711 0.863919 0.06979489 0.6007201 0.1480641 0.7856287 0.6187144 1.84029e-6 0.7856161 0.6557422 0.3441599 0.6719793 0.6301135 0.5582321 0.5397537 0.5224801 0.7569435 0.3924937 0.3447242 0.908967 0.2344017 0.3411807 0.937404 0.06978231 0.1732298 0.982405 0.06979984 0.4657732 0.1148025 0.8774257 0.4797203 3.65749e-5 0.8774215 0.5478652 0.2875418 0.7855976 0.554305 0.4910711 0.6720084 0.4782098 0.6928069 0.5397537 0.3261486 0.8599835 0.392499 0.1171803 0.9650524 0.2343986 -4.86465e-6 0.9975639 0.06975924 0.3179033 0.07835596 0.9448798 0.3274048 6.95884e-6 0.9448842 0.4247639 0.2229335 0.877426 0.4630973 0.4102683 0.7856342 0.4206892 0.6094729 0.6719847 0.2985242 0.7871442 0.5397106 0.1108621 0.913032 0.3925331 -0.1171773 0.9650597 0.2343701 -0.1732302 0.982405 0.06979966 0.1612033 0.03973293 0.9861211 3.36245e-5 1.2476e-5 1 2.15654e-5 1.15354e-5 1 0.166004 3.76254e-7 0.9861252 0.2899138 0.1521586 0.9448798 0.3590695 0.3181079 0.8774262 0.3514887 0.5092194 0.7855898 0.2625978 0.6924136 0.6720163 0.1014704 0.8356853 0.5397536 -0.1108621 0.9130287 0.3925407 -0.3447274 0.9089709 0.2343825 -0.3411816 0.9374037 0.06978249 -0.498772 0.8639186 0.06979525 0.1469913 0.07714706 0.9861247 1.45808e-5 1.28932e-5 1 0.2450756 0.2171185 0.9448797 0.2725069 0.3947954 0.8774262 0.2194072 0.5785298 0.7855978 0.08926177 0.7351373 0.6720161 -0.1014708 0.8356849 0.539754 -0.3261438 0.8599696 0.3925336 -0.5522392 0.8000577 0.2343919 -0.6412275 0.7641711 0.06978577 0.1242465 0.1100736 0.9861271 0.1859956 0.2694599 0.9448794 0.1701126 0.4485498 0.8774194 0.0745815 0.6142368 0.7855894 -0.08926182 0.7351369 0.6720164 -0.2985131 0.7871145 0.5397599 -0.5224906 0.7569584 0.3924512 -0.7276583 0.6446397 0.234421 -0.7641789 0.641218 0.06978684 -0.8639086 0.4987896 0.0697937 0.09429949 0.1366157 0.9861257 1.52625e-5 3.94434e-5 1 0.1161017 0.306136 0.9448816 0.05782085 0.4762006 0.8774337 -0.07457554 0.6141794 0.7856349 -0.2625976 0.6924137 0.6720163 -0.4782134 0.6928114 0.5397448 -0.6884333 0.6098989 0.3925341 -0.8607884 0.4517784 0.2343923 -0.9374023 0.3411874 0.06977355 0.05887264 0.1552336 0.986122 0.03946745 0.3250421 0.9448756 -0.05782407 0.4762238 0.8774209 -0.2193934 0.5784928 0.7856289 -0.4206728 0.609449 0.6720167 -0.6301103 0.5582295 0.5397601 -0.8144007 0.4274303 0.3924982 -0.9438906 0.232647 0.2344059 0.02001309 0.164817 0.9861211 2.08896e-6 1.12802e-5 1 -0.03946131 0.324999 0.9448908 -0.1701124 0.4485498 0.8774195 -0.3514608 0.5091784 0.7856289 -0.5542992 0.4910665 0.6720165 -0.7454023 0.3912175 0.5397447 -0.8930281 0.2201116 0.3924942 -0.9197484 3.22834e-5 0.3925086 -0.02001219 0.16481 0.9861224 -1.76094e-5 3.86089e-5 1 -0.1160988 0.3061285 0.9448844 -0.2725026 0.3947873 0.8774311 -0.4631025 0.4102728 0.7856286 -0.6557426 0.3441603 0.6719787 -0.8173841 0.2014666 0.539717 -0.8418262 1.21072e-5 0.5397489 -0.7405438 4.27663e-6 0.6720082 -0.05886244 0.1552059 0.986127 -0.1859742 0.2694298 0.9448922 -0.3590791 0.3181156 0.8774193 -0.5478292 0.2875232 0.7856296 -0.7190253 0.1772238 0.6720079 -0.09429943 0.1366161 0.9861256 -1.17645e-5 1.58772e-5 1 -0.245036 0.2170832 0.9448981 -0.4247553 0.2229285 0.8774314 -0.6007207 0.1480637 0.7856284 -0.6187142 1.35601e-6 0.7856163 -0.1242459 0.1100726 0.9861273 -0.2899227 0.1521624 0.9448765 -0.4657751 0.1148031 0.8774245 -0.4797197 3.55952e-5 0.8774218 -0.1469911 0.07714724 0.9861248 -3.44664e-5 1.02147e-5 1 -0.3179073 0.07835698 0.9448783 -0.327405 7.49901e-6 0.9448841 -0.1611957 0.0397306 0.9861225 -0.1660037 9.12696e-7 0.9861251 -2.36705e-5 -2.49594e-7 1 0.9487422 -0.3082597 0.06974327 0.997565 -4.15739e-5 0.06974393 0.9824074 -0.1732306 0.06976354 0.9373961 -0.3412097 0.06974655 0.8639222 -0.4987725 0.06974601 0.8070465 -0.5863568 0.06972646 0.7641855 -0.6412124 0.0697661 0.6412192 -0.7641804 0.06975919 0.9487388 -0.3082676 0.06975644 0.5863567 -0.8070464 0.06972855 0.4987723 -0.8639224 0.06974607 0.8070473 -0.5863521 0.06975638 0.9487394 -0.3082658 0.06975632 0.3082658 -0.9487414 0.06972831 0.3412085 -0.9373965 0.06974703 0.1732309 -0.9824069 0.06976997 0.5863546 -0.8070455 0.06975644 0.8070449 -0.5863553 0.06975638 0.9487386 -0.308268 0.06975638 0.9975638 -3.61353e-5 0.06975924 -1.12204e-6 -0.9975653 0.06973832 0 -0.9975641 0.06975579 -0.1732307 -0.9824069 0.06977027 0.3082641 -0.9487399 0.0697565 0.5863516 -0.8070477 0.06975638 0.8070458 -0.5863542 0.0697565 0.9487387 -0.3082677 0.0697565 -0.3082661 -0.9487413 0.06972849 -0.3411647 -0.937411 0.06976592 -0.4987725 -0.8639222 0.06974518 0 -0.9975641 0.06975626 0.3082643 -0.9487398 0.0697565 0.5863529 -0.8070467 0.0697565 0.8070474 -0.5863519 0.06975638 0.9487387 -0.3082677 0.06975656 -0.5863541 -0.8070468 0.06974554 -0.6412191 -0.7641803 0.06975996 -0.3082663 -0.9487391 0.06975656 0 -0.9975641 0.06975644 0.3082643 -0.9487399 0.06975632 0.5863548 -0.8070454 0.0697565 0.8070463 -0.5863536 0.06975644 0.9487393 -0.3082682 0.06974726 0.8639159 -0.4987819 0.06975597 0.9373989 -0.3411988 0.06976169 0.982409 -0.173223 0.06976002 -0.8070464 -0.5863568 0.06972771 -0.7641848 -0.6412131 0.06976616 -0.8639224 -0.4987721 0.06974577 -0.5863553 -0.8070451 0.06975638 -0.3082629 -0.9487403 0.06975662 0 -0.9975641 0.0697562 0.3082619 -0.9487406 0.0697565 0.5863535 -0.8070463 0.06975626 0.8070493 -0.586352 0.06973379 0.6412266 -0.7641741 0.0697602 0.7641758 -0.6412248 0.06975853 -0.9487474 -0.3082499 0.06971633 -0.9374111 -0.3411644 0.06976604 -0.9824076 -0.1732297 0.06976354 -0.9975649 -4.27812e-5 0.06974506 -0.8070455 -0.5863547 0.06975644 -0.5863522 -0.8070473 0.06975638 -0.3082666 -0.9487391 0.06975644 -2.4538e-6 -0.9975641 0.0697565 0.3082659 -0.9487393 0.06975644 0.5863525 -0.8070482 0.06974387 0.4987816 -0.8639161 0.06975573 -0.9487389 -0.3082671 0.06975656 -0.8070477 -0.5863516 0.06975644 -0.5863553 -0.8070451 0.06975638 -0.3082626 -0.9487404 0.06975638 1.76467e-6 -0.9975641 0.06975644 0.3082665 -0.9487361 0.06979835 0.1732201 -0.9824085 0.06977331 0.3411996 -0.9373986 0.06976222 -0.9487397 -0.3082645 0.06975638 -0.8070467 -0.586353 0.06975644 -0.5863519 -0.8070474 0.06975644 -0.3082666 -0.9487391 0.06975632 2.65398e-7 -0.9975631 0.06977045 -0.1732201 -0.9824085 0.06977337 0 -0.9975641 0.06975579 -0.9487388 -0.3082675 0.06975638 -0.9975627 -3.09309e-5 0.06977587 -0.8070468 -0.5863527 0.06975656 -0.5863554 -0.8070449 0.06975626 -0.3082652 -0.9487386 0.06976914 -0.498782 -0.8639159 0.06975609 -0.3411994 -0.9373987 0.06976234 -0.9487393 -0.3082658 0.06975644 -0.8070467 -0.586353 0.06975644 -0.5863534 -0.807046 0.06976026 -0.6412261 -0.7641745 0.0697602 -0.9487392 -0.3082663 0.06975638 -0.8070473 -0.5863524 0.06975394 -0.8639161 -0.4987818 0.06975597 -0.764176 -0.6412246 0.06975847 -0.9487403 -0.3082618 0.06976091 -0.982409 -0.1732228 0.06976038 -0.9373986 -0.3411996 0.0697624 -0.9487423 0.3082593 0.06974381 -0.997565 4.25117e-5 0.06974405 -0.9824076 0.1732296 0.0697636 -0.9374111 0.3411644 0.06976598 -0.8639225 0.498772 0.06974577 -0.8070468 0.5863564 0.06972676 -0.7641802 0.6412194 0.06975984 -0.9487393 0.3082658 0.06975656 -0.5863566 0.8070464 0.06972771 -0.6412125 0.7641854 0.06976628 -0.498772 0.8639225 0.06974571 -0.8070457 0.5863543 0.0697565 -0.9487391 0.3082668 0.06975644 -0.3082658 0.9487414 0.06972849 -0.3411647 0.9374111 0.06976592 -0.1732307 0.9824069 0.06977027 -0.5863527 0.807047 0.06975638 -0.8070457 0.5863543 0.06975644 -0.9487386 0.3082681 0.06975644 -0.9975638 3.56287e-5 0.0697593 -1.39466e-6 0.9975666 0.06972002 0 0.9975641 0.06975579 0.1732309 0.9824069 0.06976997 -0.3082641 0.9487398 0.06975668 -0.5863528 0.8070468 0.06975632 -0.8070459 0.586354 0.0697565 -0.9487391 0.3082666 0.06975644 0.3082632 0.9487392 0.06976962 0.3412085 0.9373965 0.06974691 0.4987727 0.8639221 0.06974542 1.40214e-6 0.9975641 0.06975632 -0.3082644 0.9487397 0.06975662 -0.5863528 0.8070468 0.06975644 -0.8070459 0.586354 0.06975644 -0.9487389 0.308267 0.06975644 0.5863563 0.8070468 0.069727 0.6412191 0.7641804 0.06975913 0.3082662 0.9487392 0.06975632 0 0.9975641 0.06975644 -0.3082621 0.9487406 0.06975638 -0.5863548 0.8070453 0.06975656 -0.8070473 0.5863521 0.06975638 -0.9487417 0.3082503 0.06979334 -0.863916 0.4987818 0.06975597 -0.9373986 0.3411996 0.06976246 -0.982409 0.1732226 0.0697602 0.8070468 0.5863564 0.06972777 0.7641856 0.6412124 0.06976616 0.8639222 0.4987725 0.06974601 0.5863541 0.8070459 0.06975626 0.3082651 0.9487395 0.06975662 0 0.9975641 0.06975632 -0.3082659 0.9487393 0.06975638 -0.5863534 0.8070464 0.06975638 -0.8070487 0.5863523 0.06973814 -0.7641745 0.6412262 0.06976002 0.9487386 0.3082668 0.06976193 0.9373961 0.3412097 0.06974661 0.9824073 0.1732307 0.06976348 0.997565 4.18723e-5 0.06974494 0.8070456 0.5863544 0.06975632 0.5863522 0.8070473 0.06975632 0.3082628 0.9487403 0.06975656 2.43454e-6 0.9975641 0.06975638 -0.3082619 0.9487407 0.0697565 -0.5863536 0.8070443 0.06977874 -0.498782 0.8639158 0.06975615 -0.6412241 0.7641763 0.06975859 0.9487383 0.308269 0.0697565 0.8070464 0.5863534 0.06975632 0.5863534 0.8070463 0.06975662 0.3082666 0.9487391 0.06975638 -1.81755e-6 0.9975641 0.06975656 -0.3082644 0.9487388 0.06977033 -0.17322 0.9824085 0.06977337 -0.3411994 0.9373986 0.06976228 0.94874 0.3082636 0.06975626 0.8070462 0.5863536 0.06975656 0.5863535 0.8070462 0.06975662 0.3082624 0.9487404 0.06975626 3.1013e-7 0.9975633 0.06976842 0.1732201 0.9824085 0.06977331 0 0.9975641 0.06975579 0.9487388 0.3082675 0.06975644 0.9975627 3.14217e-5 0.06977581 0.8070466 0.5863532 0.06975644 0.5863534 0.8070464 0.06975632 0.3082646 0.9487403 0.06974828 0.4987816 0.8639162 0.06975579 0.3411996 0.9373986 0.06976228 0.9487391 0.3082668 0.0697565 0.8070461 0.5863538 0.06975626 0.5863544 0.807043 0.06978809 0.6412266 0.7641742 0.06976026 0.9487389 0.3082671 0.06975644 0.8070443 0.5863536 0.0697788 0.8639159 0.498782 0.06975603 0.7641758 0.6412248 0.06975847 0.9487399 0.3082628 0.06976163 0.9824089 0.1732233 0.0697602 0.937399 0.3411986 0.06976222 -1.81529e-5 0 1 0 0 1 1.76425e-6 0 1 1.38181e-6 0 1 4.14543e-6 0 1 -4.48698e-6 0 1 5.29275e-6 0 1 -6.91531e-6 0 1 -3.44983e-6 0 1 -0.9721425 -4.79743e-5 0.2343912 -0.9975619 -4.0142e-5 0.06978821 -0.9824085 -0.173213 0.06979066 0.9721422 -4.69163e-5 0.2343918 0.9824071 -0.1732212 0.06979155 0.9975618 -3.88995e-5 0.06978952 -0.9438971 -0.2326507 0.2343755 -0.937402 -0.3411883 0.06977349 -0.8930284 -0.2201116 0.3924936 -0.9197488 -3.22461e-5 0.3925077 -0.8607882 -0.4517778 0.2343944 -0.8639084 -0.4987897 0.06979346 -0.817388 -0.2014679 0.5397108 -0.8418262 -2.25827e-5 0.5397489 -0.8143844 -0.4274222 0.3925408 -0.7276586 -0.6446399 0.2344192 -0.7641841 -0.641212 0.06978595 -0.6412267 -0.7641717 0.06978583 -0.7190181 -0.1772222 0.672016 -0.7405504 -3.47123e-5 0.6720009 -0.745397 -0.3912147 0.539754 -0.6884464 -0.6099106 0.3924929 -0.5522401 -0.8000569 0.2343922 -0.4987715 -0.8639188 0.06979531 -0.6007201 -0.1480648 0.7856287 -0.6187142 -1.37836e-6 0.7856163 -0.6557422 -0.3441602 0.6719791 -0.6301134 -0.5582323 0.5397536 -0.5224915 -0.75696 0.3924466 -0.3447269 -0.9089707 0.2343835 -0.3411811 -0.9374038 0.06978249 -0.1732298 -0.982405 0.06979972 -0.4657728 -0.1148027 0.8774259 -0.4797201 -3.55393e-5 0.8774216 -0.5478301 -0.287523 0.785629 -0.5542989 -0.4910664 0.6720167 -0.47821 -0.6928067 0.5397538 -0.3261505 -0.8599883 0.3924869 -0.1171801 -0.9650525 0.2343984 4.96977e-6 -0.9975639 0.06975924 -0.3179031 -0.07835632 0.9448798 -0.3274016 -8.02055e-6 0.9448853 -0.4247639 -0.2229334 0.8774261 -0.4631019 -0.4102731 0.7856289 -0.420677 -0.6094555 0.6720081 -0.2985132 -0.7871146 0.5397597 -0.110861 -0.913025 0.3925496 0.1171804 -0.9650524 0.2343987 0.1732304 -0.9824049 0.0697999 -0.1611555 -0.03972148 0.9861294 -0.1660039 -8.60542e-7 0.9861252 -2.16476e-5 -1.14087e-5 1 -3.36692e-5 -1.25943e-5 1 -0.2898724 -0.152136 0.9448962 -0.3590697 -0.3181078 0.877426 -0.3514791 -0.5092061 0.7856028 -0.262596 -0.6924086 0.6720222 -0.1014708 -0.8356907 0.539745 0.110862 -0.913032 0.3925331 0.3447272 -0.908971 0.2343825 0.3411816 -0.9374037 0.06978237 0.4987718 -0.8639187 0.06979495 -0.1469913 -0.07714676 0.9861247 -1.45808e-5 -1.29119e-5 1 -0.2450758 -0.217118 0.9448798 -0.2725068 -0.3947953 0.8774262 -0.2193965 -0.5785023 0.7856209 -0.08926171 -0.7351371 0.6720163 0.1014709 -0.8356851 0.5397538 0.3261505 -0.8599884 0.3924868 0.5522392 -0.8000578 0.2343916 0.6412275 -0.7641711 0.06978529 -0.1242845 -0.1101048 0.9861189 -0.1859765 -0.2694332 0.9448907 -0.170108 -0.4485385 0.8774261 -0.07457983 -0.6142261 0.785598 0.08926182 -0.7351371 0.6720162 0.298523 -0.7871402 0.5397169 0.5224906 -0.7569583 0.392451 0.7276586 -0.6446393 0.2344207 0.764179 -0.6412178 0.06978684 0.8639082 -0.49879 0.06979364 -0.09429621 -0.1366102 0.9861268 -1.52364e-5 -3.95924e-5 1 -0.1161014 -0.3061325 0.9448828 -0.05782413 -0.476226 0.8774196 0.07458055 -0.6142265 0.7855976 0.2626003 -0.6924206 0.672008 0.4782137 -0.6928114 0.5397446 0.6884313 -0.6098967 0.3925411 0.8607889 -0.4517773 0.2343923 0.937402 -0.3411881 0.06977325 -0.0588625 -0.1552059 0.986127 -0.03945958 -0.3249776 0.9448982 0.05782198 -0.4762051 0.8774312 0.2193936 -0.5784932 0.7856284 0.4206889 -0.609473 0.6719848 0.6301134 -0.5582319 0.539754 0.8144026 -0.4274315 0.3924931 0.9438907 -0.2326465 0.2344058 -0.02001309 -0.1648173 0.9861211 -2.10013e-6 -1.12727e-5 1 0.03946214 -0.3249948 0.9448922 0.1701055 -0.4485317 0.8774301 0.3514602 -0.5091781 0.7856293 0.5542992 -0.4910663 0.6720167 0.7454018 -0.3912172 0.5397456 0.8930281 -0.2201118 0.3924941 0.9197444 -3.21493e-5 0.3925179 0.02001333 -0.1648174 0.9861211 1.76392e-5 -3.84673e-5 1 0.1161038 -0.3061411 0.9448797 0.2725133 -0.3948039 0.8774204 0.4631023 -0.4102725 0.7856289 0.6557373 -0.3441576 0.6719853 0.8173546 -0.2014597 0.5397642 0.8418262 -1.34632e-5 0.5397489 0.7405436 -4.40329e-6 0.6720083 0.05887246 -0.1552349 0.9861218 0.1859951 -0.26946 0.9448794 0.3590457 -0.3180874 0.8774433 0.5478646 -0.2875412 0.7855982 0.7190365 -0.1772284 0.6719946 0.09429931 -0.1366164 0.9861255 1.17682e-5 -1.58772e-5 1 0.2450714 -0.2171146 0.9448817 0.4247553 -0.2229286 0.8774314 0.6007592 -0.1480737 0.7855971 0.618714 -1.8701e-6 0.7856163 0.1242458 -0.1100729 0.9861273 0.2898808 -0.1521402 0.9448929 0.4657755 -0.114803 0.8774244 0.4797205 -3.65525e-5 0.8774214 0.146991 -0.0771473 0.9861248 3.17842e-5 -1.63354e-5 1 0.3178616 -0.07834571 0.9448948 0.3274015 -7.49156e-6 0.9448854 0.1611957 -0.03973042 0.9861225 0.1660037 -4.28408e-7 0.9861251 2.35736e-5 1.22935e-7 1 0.9721425 4.79445e-5 0.2343912 0.9975619 4.0142e-5 0.06978821 0.9824085 0.173213 0.06979066 -0.9721422 4.87417e-5 0.234392 -0.9824085 0.1732131 0.06979089 -0.9975632 -4.36604e-6 0.06977021 0.9438972 0.2326508 0.2343755 0.9374019 0.3411883 0.06977331 0.8930089 0.220107 0.3925408 0.9197487 3.22685e-5 0.392508 0.8607882 0.4517776 0.2343945 0.8639084 0.4987899 0.06979316 0.8173881 0.201468 0.5397106 0.8418262 2.25678e-5 0.5397487 0.8144022 0.4274316 0.3924937 0.7276606 0.6446554 0.2343705 0.7641841 0.641212 0.06978595 0.6412268 0.7641716 0.06978583 0.719018 0.1772221 0.672016 0.7405501 3.50773e-5 0.6720012 0.7454215 0.3912279 0.5397107 0.6884464 0.6099104 0.3924933 0.55224 0.8000571 0.2343924 0.4987714 0.8639188 0.06979554 0.6007201 0.1480649 0.7856287 0.6187141 1.85519e-6 0.7856162 0.655712 0.3441444 0.6720167 0.6301136 0.5582319 0.5397537 0.52248 0.7569434 0.3924937 0.3447268 0.9089708 0.2343835 0.3411808 0.9374039 0.06978231 0.1732298 0.982405 0.06979936 0.4657731 0.1148023 0.8774259 0.4797201 3.55802e-5 0.8774216 0.5478652 0.2875415 0.7855978 0.5542989 0.4910665 0.6720167 0.4782258 0.6928294 0.5397107 0.3261424 0.8599668 0.392541 0.1171773 0.96506 0.234369 -4.97338e-6 0.9975639 0.06975907 0.3179032 0.07835632 0.9448799 0.3274048 6.95512e-6 0.9448843 0.4247639 0.2229337 0.877426 0.4631094 0.4102795 0.7856211 0.4206771 0.6094556 0.6720079 0.2985144 0.7871184 0.5397534 0.1108617 0.9130288 0.3925405 -0.1171811 0.9650471 0.2344198 -0.1732304 0.9824048 0.06979984 0.1612034 0.03973263 0.9861211 3.36617e-5 1.24499e-5 1 2.16326e-5 1.14655e-5 1 0.1660038 9.31323e-7 0.9861251 0.2899137 0.152159 0.9448798 0.3590645 0.3181027 0.87743 0.3514764 0.5092015 0.785607 0.262596 0.6924086 0.6720222 0.1014704 0.8356853 0.5397536 -0.1108617 0.9130289 0.3925405 -0.3447273 0.9089709 0.2343826 -0.3411812 0.9374038 0.06978231 -0.4987716 0.8639188 0.06979537 0.1469913 0.07714682 0.9861247 1.45808e-5 1.29417e-5 1 0.2450402 0.2170864 0.9448962 0.2725129 0.394804 0.8774204 0.2194105 0.5785393 0.7855898 0.08926159 0.7351371 0.6720163 -0.1014708 0.8356851 0.5397538 -0.3261497 0.8599857 0.3924935 -0.5522392 0.8000578 0.2343919 -0.6412279 0.7641707 0.06978619 0.1242845 0.1101048 0.9861189 0.1859945 0.2694604 0.9448795 0.1701125 0.4485498 0.8774195 0.0745759 0.6141868 0.785629 -0.0892629 0.7351447 0.6720077 -0.2985144 0.7871183 0.5397539 -0.5224803 0.7569435 0.3924935 -0.7276586 0.6446393 0.2344209 -0.7641794 0.6412174 0.06978732 -0.8639083 0.49879 0.06979262 0.09429872 0.1366165 0.9861257 1.52439e-5 3.95775e-5 1 0.1161017 0.306136 0.9448816 0.05782175 0.4762052 0.8774311 -0.07458025 0.6142199 0.7856029 -0.262608 0.6924402 0.6719849 -0.4782102 0.6928069 0.5397534 -0.6884486 0.6099119 0.3924869 -0.860789 0.4517773 0.2343922 -0.9374021 0.3411881 0.0697726 0.05887264 0.1552342 0.9861219 0.03946411 0.3250154 0.944885 -0.05782228 0.4762138 0.8774264 -0.2193968 0.5785018 0.7856212 -0.4206923 0.6094774 0.6719787 -0.6301135 0.5582315 0.5397543 -0.8144006 0.4274305 0.3924984 -0.9438906 0.2326468 0.2344058 0.02001148 0.1648101 0.9861223 2.09454e-6 1.10492e-5 1 -0.03946459 0.3250214 0.9448829 -0.1701084 0.4485381 0.8774263 -0.3514838 0.5092112 0.7855973 -0.5543209 0.4910851 0.6719851 -0.7454221 0.3912278 0.5397099 -0.8930261 0.2201112 0.392499 -0.9197442 5.93066e-6 0.3925185 -0.8418267 2.00346e-5 0.539748 -0.02000796 0.1647788 0.9861276 -1.76094e-5 3.86238e-5 1 -0.1161038 0.3061416 0.9448795 -0.2725077 0.3947952 0.8774259 -0.4631025 0.4102727 0.7856287 -0.6557194 0.3441478 0.6720077 -0.8173661 0.2014625 0.539746 -0.05887252 0.1552351 0.9861218 -0.1859949 0.2694603 0.9448794 -0.3590458 0.3180873 0.8774433 -0.5478293 0.2875229 0.7856296 -0.7190511 0.1772299 0.6719785 -0.7405499 3.57032e-5 0.6720014 -0.09429949 0.1366162 0.9861256 -1.17719e-5 1.59219e-5 1 -0.2450714 0.2171146 0.9448816 -0.4247552 0.2229289 0.8774313 -0.6007207 0.1480641 0.7856282 -0.6187142 1.885e-6 0.7856163 -0.1242458 0.1100726 0.9861273 -0.2898808 0.1521403 0.9448929 -0.4657756 0.114803 0.8774244 -0.47972 3.62992e-5 0.8774216 -0.146991 0.07714718 0.9861248 -3.18289e-5 1.59293e-5 1 -0.3179074 0.07835733 0.9448784 -0.327405 7.13021e-6 0.9448841 -0.1611957 0.03973048 0.9861225 -0.166004 6.01634e-7 0.9861252 -2.36183e-5 -4.33996e-7 1 0.9487422 -0.3082602 0.06974321 0.997565 -4.20571e-5 0.06974411 0.9824075 -0.1732299 0.06976372 0.937411 -0.341165 0.06976562 0.8639224 -0.4987723 0.0697453 0.8070465 -0.5863568 0.06972634 0.7641851 -0.6412129 0.0697661 0.6412192 -0.7641803 0.06975996 0.9487391 -0.3082666 0.06975644 0.586357 -0.8070462 0.06972837 0.4987722 -0.8639225 0.06974571 0.8070471 -0.5863525 0.0697565 0.9487392 -0.3082663 0.06975644 0.3082658 -0.9487414 0.06972837 0.3412086 -0.9373965 0.06974732 0.1732305 -0.982407 0.06977015 0.5863545 -0.8070455 0.06975644 0.807045 -0.5863554 0.06975638 0.9487386 -0.3082681 0.0697565 0.9975638 -3.61204e-5 0.0697593 -1.0788e-6 -0.9975653 0.06973826 -0.173231 -0.9824069 0.06977003 0.3082641 -0.9487398 0.06975662 0.5863515 -0.8070479 0.06975644 0.8070459 -0.586354 0.0697565 0.9487392 -0.3082665 0.06975644 -0.3082661 -0.9487413 0.06972837 -0.3412085 -0.9373965 0.06974697 -0.4987722 -0.8639223 0.06974595 0 -0.9975641 0.0697562 0.3082643 -0.9487398 0.06975674 0.5863528 -0.8070468 0.06975644 0.8070474 -0.5863521 0.0697565 0.9487391 -0.3082665 0.06975644 -0.5863541 -0.8070467 0.06974542 -0.6412196 -0.7641801 0.0697599 -0.3082663 -0.9487392 0.06975644 0 -0.9975641 0.06975644 0.3082643 -0.9487398 0.06975644 0.5863548 -0.8070453 0.0697565 0.8070464 -0.5863535 0.06975644 0.9487417 -0.3082504 0.06979334 0.863916 -0.4987819 0.06975591 0.9373987 -0.3411993 0.06976246 0.982409 -0.1732229 0.0697602 -0.8070465 -0.5863566 0.06972777 -0.7641849 -0.641213 0.06976628 -0.8639222 -0.4987725 0.06974601 -0.5863552 -0.8070451 0.06975632 -0.3082629 -0.9487403 0.06975668 0 -0.9975641 0.0697562 0.3082618 -0.9487406 0.0697565 0.5863535 -0.8070464 0.06975638 0.8070497 -0.5863516 0.06973373 0.6412263 -0.7641744 0.06976014 0.7641761 -0.6412243 0.06975859 -0.9487472 -0.3082509 0.06971585 -0.9373963 -0.3412089 0.06974714 -0.9824072 -0.1732314 0.0697636 -0.9975649 -4.34518e-5 0.06974518 -0.8070455 -0.5863544 0.06975662 -0.5863521 -0.8070474 0.06975626 -0.3082665 -0.9487392 0.06975644 -2.49701e-6 -0.9975641 0.0697565 0.3082659 -0.9487393 0.06975632 0.5863524 -0.8070482 0.06974399 0.498782 -0.8639159 0.0697562 -0.9487386 -0.3082681 0.06975656 -0.8070476 -0.5863517 0.06975644 -0.5863555 -0.8070449 0.0697565 -0.3082627 -0.9487404 0.06975638 1.78147e-6 -0.9975641 0.06975644 0.3082652 -0.9487401 0.06974816 0.1732201 -0.9824085 0.06977325 0.3411995 -0.9373986 0.0697624 -0.94874 -0.3082635 0.06975662 -0.8070465 -0.5863534 0.06975632 -0.5863521 -0.8070473 0.0697565 -0.3082666 -0.9487391 0.06975632 2.87037e-7 -0.9975631 0.06977051 -0.17322 -0.9824085 0.06977337 0 -0.9975641 0.06975591 -0.9487385 -0.3082682 0.06975632 -0.9975627 -3.21468e-5 0.06977564 -0.8070468 -0.5863527 0.06975662 -0.5863554 -0.8070449 0.06975638 -0.3082651 -0.9487386 0.06976914 -0.4987822 -0.8639159 0.06975644 -0.3411998 -0.9373986 0.06976228 -0.94874 -0.3082638 0.06975632 -0.8070467 -0.586353 0.06975644 -0.5863534 -0.8070461 0.06976032 -0.6412264 -0.7641743 0.06976026 -0.9487389 -0.3082669 0.06975656 -0.8070471 -0.5863527 0.06975388 -0.8639159 -0.498782 0.06975603 -0.7641758 -0.6412248 0.06975847 -0.9487401 -0.3082622 0.06976085 -0.9824089 -0.1732233 0.06975996 -0.937399 -0.3411986 0.06976222 -1 0 0 0 -1 0 1 0 0 0 1 0 -1.41477e-6 0 1 2.07885e-6 0 1 -2.07885e-6 0 1 1.41477e-6 0 1 -1 0 0 0 0 -1 -0.9487421 0.3082602 0.06974333 -0.997565 4.31663e-5 0.06974416 -0.9824073 0.173231 0.06976383 -0.9373963 0.3412089 0.06974709 -0.8639222 0.4987725 0.06974601 -0.807047 0.5863562 0.06972688 -0.7641803 0.6412194 0.06975901 -0.948739 0.3082667 0.06975656 -0.5863566 0.8070465 0.06972771 -0.6412125 0.7641854 0.0697661 -0.4987723 0.8639224 0.06974589 -0.8070473 0.5863521 0.06975662 -0.9487394 0.3082659 0.06975656 -0.3082659 0.9487413 0.06972831 -0.3412085 0.9373965 0.06974697 -0.1732305 0.9824069 0.06977027 -0.5863546 0.8070455 0.06975644 -0.8070449 0.5863554 0.06975632 -0.9487383 0.3082689 0.06975644 -0.9975639 3.68506e-5 0.06975907 -1.34669e-6 0.9975653 0.06973826 0.1732305 0.982407 0.06977015 -0.3082642 0.9487398 0.06975656 -0.5863513 0.8070479 0.06975632 -0.8070457 0.5863543 0.06975644 -0.9487398 0.3082643 0.06975626 0.308266 0.9487413 0.06972843 0.3412085 0.9373965 0.06974732 0.4987721 0.8639225 0.06974583 0 0.9975641 0.0697562 -0.3082643 0.9487398 0.06975662 -0.586353 0.8070466 0.0697565 -0.8070474 0.5863521 0.06975656 -0.9487386 0.308268 0.0697565 0.5863541 0.8070468 0.06974548 0.6412191 0.7641803 0.06975996 0.3082663 0.9487392 0.06975656 0 0.9975641 0.06975644 -0.3082643 0.9487398 0.06975638 -0.5863547 0.8070455 0.0697565 -0.8070464 0.5863535 0.06975638 -0.9487394 0.3082678 0.06974649 -0.8639159 0.4987819 0.06975597 -0.9373989 0.3411988 0.06976169 -0.982409 0.173223 0.06975978 0.8070465 0.5863568 0.06972771 0.764185 0.6412129 0.06976616 0.8639223 0.4987723 0.06974524 0.5863553 0.8070451 0.06975638 0.3082628 0.9487403 0.0697568 0 0.9975641 0.0697562 -0.3082619 0.9487406 0.06975644 -0.5863534 0.8070464 0.06975626 -0.8070487 0.5863524 0.06973809 -0.7641746 0.6412258 0.06976121 0.9487472 0.3082509 0.06971573 0.9374109 0.341165 0.06976562 0.9824075 0.17323 0.06976366 0.9975649 4.23715e-5 0.06974512 0.8070455 0.5863546 0.06975644 0.5863521 0.8070473 0.06975644 0.3082665 0.9487392 0.06975644 2.40578e-6 0.9975641 0.06975644 -0.308266 0.9487392 0.06975662 -0.5863536 0.8070443 0.06977844 -0.4987821 0.8639158 0.06975644 -0.6412241 0.7641764 0.06975877 0.9487386 0.3082681 0.06975644 0.8070478 0.5863516 0.06975644 0.5863553 0.8070451 0.06975638 0.3082625 0.9487404 0.0697565 -1.8535e-6 0.9975641 0.06975638 -0.3082652 0.9487401 0.06974822 -0.17322 0.9824085 0.06977337 -0.3411998 0.9373985 0.06976228 0.9487399 0.308264 0.06975644 0.8070467 0.586353 0.06975638 0.5863521 0.8070473 0.06975644 0.3082665 0.9487391 0.0697562 8.26083e-7 0.9975631 0.06977045 0.1732201 0.9824085 0.06977325 0 0.9975641 0.06975591 0.9487388 0.3082674 0.06975644 0.9975627 3.143e-5 0.06977581 0.8070468 0.5863527 0.0697565 0.5863555 0.8070448 0.06975626 0.308265 0.9487387 0.06976914 0.498782 0.8639159 0.06975615 0.3411995 0.9373987 0.0697624 0.9487393 0.3082658 0.06975644 0.8070469 0.5863528 0.0697565 0.5863533 0.8070462 0.0697602 0.6412263 0.7641744 0.06976026 0.9487394 0.3082659 0.06975644 0.807046 0.5863541 0.06975376 0.863916 0.4987819 0.06975597 0.7641761 0.6412243 0.06975853 0.9487403 0.3082619 0.06976091 0.9824089 0.1732232 0.06976038 0.9373987 0.3411993 0.0697624 -1.81529e-5 0 1 5.29274e-6 0 1 -6.91532e-6 0 1 -0.9721424 -4.8779e-5 0.2343915 -0.9975641 -8.85083e-6 0.0697565 -0.9824084 -0.1732137 0.06979089 0.9721422 -4.79072e-5 0.2343918 0.982407 -0.173221 0.06979161 0.9975618 -3.89144e-5 0.06978952 -0.9438972 -0.2326506 0.2343754 -0.9374017 -0.341189 0.0697726 -0.8930283 -0.2201119 0.3924935 -0.9197488 -3.279e-5 0.3925075 -0.8607881 -0.4517778 0.234394 -0.8639082 -0.4987902 0.06979244 -0.8173879 -0.2014682 0.5397108 -0.8418261 -2.32384e-5 0.5397489 -0.8143846 -0.4274218 0.392541 -0.7276586 -0.6446399 0.2344192 -0.7641789 -0.6412178 0.06978738 -0.6412273 -0.7641711 0.06978625 -0.7190178 -0.1772225 0.6720162 -0.7405502 -3.56883e-5 0.672001 -0.745397 -0.391215 0.5397539 -0.6884465 -0.6099106 0.3924929 -0.5522401 -0.800057 0.2343924 -0.4987712 -0.863919 0.06979542 -0.6007588 -0.1480742 0.7855972 -0.6187144 -1.885e-6 0.785616 -0.6557422 -0.34416 0.6719793 -0.6301342 -0.5582503 0.5397107 -0.5224804 -0.7569433 0.3924937 -0.3447268 -0.9089709 0.2343835 -0.3411805 -0.937404 0.06978225 -0.1732298 -0.982405 0.06979995 -0.4657731 -0.1148032 0.8774257 -0.4797202 -3.62694e-5 0.8774214 -0.5478653 -0.2875416 0.7855976 -0.5542989 -0.4910664 0.6720168 -0.4782256 -0.6928297 0.5397105 -0.1171803 -0.9650524 0.2343987 4.85789e-6 -0.9975639 0.06975907 -0.3179032 -0.07835614 0.9448799 -0.327405 -7.12275e-6 0.9448841 -0.4247639 -0.2229337 0.877426 -0.4631323 -0.4102991 0.7855973 -0.420677 -0.6094557 0.6720079 -0.2985225 -0.7871405 0.5397167 -0.1108611 -0.913025 0.3925496 0.1171805 -0.9650524 0.2343986 0.1732304 -0.982405 0.0697993 -0.1612035 -0.03973281 0.9861211 -0.1660038 -6.55651e-7 0.9861251 -2.16026e-5 -1.12243e-5 1 -3.36543e-5 -1.2083e-5 1 -0.2899137 -0.1521584 0.9448798 -0.3590698 -0.3181079 0.877426 -0.3514792 -0.5092061 0.7856026 -0.2626082 -0.6924406 0.6719844 -0.1014708 -0.835691 0.5397447 0.1108622 -0.9130319 0.3925334 0.344727 -0.908971 0.2343824 0.3411815 -0.9374037 0.06978237 0.4987719 -0.8639186 0.06979542 -0.1469913 -0.077147 0.9861247 -1.45808e-5 -1.29491e-5 1 -0.2450758 -0.2171181 0.9448798 -0.2725069 -0.3947953 0.8774263 -0.2193965 -0.5785019 0.7856214 -0.08926171 -0.7351372 0.6720162 0.101471 -0.8356851 0.5397537 0.3261438 -0.8599696 0.3925337 0.5522391 -0.8000577 0.234392 0.6412275 -0.764171 0.06978577 -0.1242845 -0.1101048 0.9861189 -0.1859765 -0.2694326 0.944891 -0.1701079 -0.4485382 0.8774263 -0.07458072 -0.6142265 0.7855976 0.08926582 -0.7351714 0.6719782 0.2985132 -0.7871145 0.5397599 0.5224906 -0.7569584 0.3924509 0.7276583 -0.6446396 0.2344211 0.7641789 -0.641218 0.06978684 0.8639084 -0.4987896 0.06979328 -0.09429621 -0.13661 0.9861268 -1.52327e-5 -3.96073e-5 1 -0.1161014 -0.3061322 0.9448829 -0.05782413 -0.4762264 0.8774194 0.07458055 -0.6142265 0.7855978 0.2626004 -0.6924207 0.672008 0.4782291 -0.6928341 0.5397016 0.6884311 -0.6098967 0.3925414 0.8607884 -0.4517782 0.2343924 0.9374023 -0.3411874 0.06977337 -0.05886244 -0.1552059 0.986127 -0.0394653 -0.3250249 0.9448817 0.0578221 -0.4762051 0.8774312 0.2194076 -0.5785304 0.7855972 0.4206888 -0.6094731 0.6719847 0.6301134 -0.558232 0.5397539 0.8143846 -0.4274219 0.3925406 0.9438907 -0.2326464 0.2344058 -0.02001309 -0.1648171 0.9861211 -2.09641e-6 -1.10567e-5 1 0.03946208 -0.3249943 0.9448924 0.1701055 -0.4485317 0.87743 0.3514836 -0.5092109 0.7855976 0.5542993 -0.4910665 0.6720165 0.7454265 -0.3912296 0.5397025 0.8930281 -0.2201119 0.3924943 0.9197444 -3.25292e-5 0.3925181 0.02001327 -0.164817 0.9861212 1.76225e-5 -3.8594e-5 1 0.116104 -0.3061417 0.9448794 0.2725132 -0.3948039 0.8774203 0.4631325 -0.4102991 0.7855972 0.6557372 -0.3441573 0.6719855 0.8173817 -0.2014664 0.5397209 0.8418261 -1.23829e-5 0.5397489 0.7405436 -4.73857e-6 0.6720084 0.05887246 -0.1552348 0.9861219 0.1859949 -0.2694607 0.9448793 0.3590787 -0.3181161 0.8774194 0.5478646 -0.2875412 0.7855982 0.719037 -0.1772268 0.6719944 0.09429937 -0.1366159 0.9861256 1.17607e-5 -1.59293e-5 1 0.2450714 -0.2171148 0.9448816 0.4247553 -0.2229287 0.8774313 0.6007207 -0.1480642 0.7856283 0.6187143 -1.84029e-6 0.7856162 0.1242459 -0.1100725 0.9861273 0.2898806 -0.1521404 0.9448929 0.4657754 -0.1148027 0.8774245 0.47972 -3.55877e-5 0.8774217 0.1469911 -0.07714712 0.9861248 3.18289e-5 -1.62907e-5 1 0.3179073 -0.07835704 0.9448785 0.3274015 -7.48038e-6 0.9448854 0.1611957 -0.03973054 0.9861224 0.166004 -8.77306e-7 0.9861252 2.36481e-5 1.75089e-7 1</float_array>
          <technique_common>
            <accessor source="#IR_Transceiver_Block-mesh-normals-array" count="983" stride="3">
              <param name="X" type="float"/>
              <param name="Y" type="float"/>
              <param name="Z" type="float"/>
            </accessor>
          </technique_common>
        </source>
        <vertices id="IR_Transceiver_Block-mesh-vertices">
          <input semantic="POSITION" source="#IR_Transceiver_Block-mesh-positions"/>
        </vertices>
        <triangles material="mat_0-material" count="806">
          <input semantic="VERTEX" source="#IR_Transceiver_Block-mesh-vertices" offset="0"/>
          <input semantic="NORMAL" source="#IR_Transceiver_Block-mesh-normals" offset="1"/>
          <p>36 0 18 1 17 2 19 3 1 4 0 5 44 6 17 2 16 7 44 6 36 0 17 2 45 8 37 9 36 0 45 8 36 0 44 6 46 10 16 7 15 11 46 10 44 6 16 7 47 12 37 9 45 8 47 12 38 13 37 9 48 14 45 8 44 6 48 14 44 6 46 10 49 15 14 16 13 17 49 15 15 11 14 16 49 15 46 10 15 11 50 18 39 19 38 13 50 18 38 13 47 12 51 20 47 12 45 8 51 20 45 8 48 14 52 21 48 14 46 10 52 21 46 10 49 15 53 22 13 17 12 23 53 22 49 15 13 17 54 24 40 25 39 19 54 24 39 19 50 18 55 26 47 12 51 20 55 26 50 18 47 12 56 27 48 14 52 21 56 27 51 20 48 14 57 28 52 21 49 15 57 28 49 15 53 22 58 29 11 30 10 31 58 29 12 23 11 30 58 29 53 22 12 23 59 32 40 25 54 24 59 32 41 33 40 25 60 34 54 24 50 18 60 34 50 18 55 26 61 35 51 20 56 27 61 35 55 26 51 20 62 36 56 27 52 21 62 36 52 21 57 28 63 37 57 28 53 22 63 37 53 22 58 29 64 38 10 31 9 39 64 38 63 37 58 29 64 38 58 29 10 31 65 40 42 41 41 33 65 40 41 33 59 32 66 42 54 24 60 34 66 42 59 32 54 24 67 43 55 26 61 35 67 43 60 34 55 26 68 44 56 27 62 36 68 44 67 43 61 35 68 44 61 35 56 27 69 45 62 36 57 28 69 45 57 28 63 37 70 46 63 37 64 38 71 47 64 38 9 39 71 47 9 39 8 48 72 49 42 41 65 40 72 49 29 50 28 51 72 49 43 52 42 41 72 49 28 51 43 52 73 53 65 40 59 32 73 53 59 32 66 42 74 54 60 34 67 43 74 54 66 42 60 34 75 55 67 43 68 44 76 56 68 44 62 36 76 56 62 36 69 45 77 57 69 45 63 37 77 57 63 37 70 46 78 58 70 46 64 38 78 58 64 38 71 47 79 59 7 60 6 61 79 59 8 48 7 60 79 59 71 47 8 48 80 62 30 63 29 50 80 62 72 49 65 40 80 62 65 40 73 53 80 62 29 50 72 49 81 64 73 53 66 42 81 64 66 42 74 54 82 65 74 54 67 43 82 65 67 43 75 55 83 66 68 44 76 56 83 66 75 55 68 44 84 67 76 56 69 45 84 67 69 45 77 57 85 68 77 57 70 46 85 68 70 46 78 58 86 69 78 58 71 47 86 69 71 47 79 59 87 70 6 61 5 71 87 70 79 59 6 61 88 72 30 63 80 62 88 72 80 62 73 53 88 72 73 53 81 64 89 73 74 54 82 65 89 73 81 64 74 54 90 74 75 55 83 66 90 74 82 65 75 55 91 75 83 66 76 56 91 75 76 56 84 67 92 76 77 57 85 68 92 76 84 67 77 57 93 77 85 68 78 58 93 77 78 58 86 69 94 78 86 69 79 59 94 78 79 59 87 70 94 78 93 77 86 69 95 79 4 80 3 81 95 79 5 71 4 80 95 79 87 70 5 71 96 82 81 64 89 73 96 82 31 83 30 63 96 82 30 63 88 72 96 82 88 72 81 64 97 84 89 73 82 65 97 84 82 65 90 74 98 85 97 84 90 74 98 85 83 66 91 75 98 85 90 74 83 66 99 86 91 75 84 67 99 86 98 85 91 75 99 86 84 67 92 76 100 87 85 68 93 77 100 87 92 76 85 68 101 88 93 77 94 78 102 89 94 78 87 70 102 89 87 70 95 79 103 90 3 81 2 91 103 90 95 79 3 81 104 92 89 73 97 84 104 92 31 83 96 82 104 92 96 82 89 73 105 93 97 84 98 85 106 94 98 85 99 86 107 95 99 86 92 76 107 95 92 76 100 87 108 96 100 87 93 77 108 96 93 77 101 88 109 97 94 78 102 89 109 97 101 88 94 78 110 98 102 89 95 79 110 98 109 97 102 89 110 98 95 79 103 90 111 99 2 91 1 4 111 99 1 4 19 3 111 99 103 90 2 91 112 100 32 101 31 83 112 100 104 92 97 84 112 100 31 83 104 92 112 100 97 84 105 93 113 102 98 85 106 94 113 102 105 93 98 85 114 103 106 94 99 86 114 103 99 86 107 95 115 104 100 87 108 96 115 104 107 95 100 87 116 105 108 96 101 88 116 105 101 88 109 97 117 106 109 97 110 98 118 107 19 3 20 108 118 107 111 99 19 3 118 107 110 98 103 90 118 107 103 90 111 99 119 109 112 100 105 93 119 109 33 110 32 101 119 109 32 101 112 100 119 109 105 93 113 102 120 111 119 109 113 102 120 111 113 102 106 94 120 111 106 94 114 103 121 112 120 111 114 103 121 112 107 95 115 104 121 112 114 103 107 95 122 113 115 104 108 96 122 113 108 96 116 105 123 114 116 105 109 97 123 114 109 97 117 106 124 115 117 106 110 98 124 115 20 108 21 116 124 115 21 116 22 117 124 115 110 98 118 107 124 115 118 107 20 108 125 118 33 110 119 109 125 118 119 109 120 111 126 119 120 111 121 112 127 120 121 112 115 104 127 120 115 104 122 113 128 121 116 105 123 114 128 121 122 113 116 105 129 122 123 114 117 106 129 122 124 115 22 117 129 122 117 106 124 115 130 123 120 111 126 119 130 123 125 118 120 111 130 123 34 124 33 110 130 123 33 110 125 118 131 125 126 119 121 112 131 125 121 112 127 120 132 126 122 113 128 121 132 126 131 125 127 120 132 126 127 120 122 113 133 127 128 121 123 114 133 127 22 117 23 128 133 127 123 114 129 122 133 127 129 122 22 117 134 129 130 123 126 119 134 129 126 119 131 125 134 129 34 124 130 123 135 130 131 125 132 126 136 131 133 127 23 128 136 131 128 121 133 127 136 131 23 128 24 132 136 131 132 126 128 121 137 133 35 134 34 124 137 133 34 124 134 129 137 133 134 129 131 125 137 133 131 125 135 130 138 135 24 132 25 136 138 135 136 131 24 132 138 135 135 130 132 126 138 135 132 126 136 131 139 137 25 136 26 138 139 137 26 138 27 139 139 137 27 139 35 134 139 137 35 134 137 133 139 137 138 135 25 136 139 137 137 133 135 130 139 137 135 130 138 135 178 140 140 141 141 142 178 140 141 142 142 143 178 140 142 143 143 144 179 145 143 144 144 146 179 145 144 146 145 147 179 145 178 140 143 144 180 148 140 141 178 140 181 149 145 147 146 150 181 149 179 145 145 147 182 151 180 148 178 140 182 151 178 140 179 145 183 152 140 141 180 148 184 153 146 150 147 154 184 153 147 154 148 155 184 153 181 149 146 150 185 156 182 151 179 145 185 156 179 145 181 149 186 157 182 151 185 156 186 157 183 152 180 148 186 157 180 148 182 151 187 158 140 141 183 152 187 158 177 159 140 141 188 160 184 153 148 155 188 160 148 155 149 161 188 160 149 161 150 162 189 163 181 149 184 153 189 163 185 156 181 149 189 163 184 153 188 160 190 164 186 157 185 156 191 165 183 152 186 157 191 165 187 158 183 152 192 166 177 159 187 158 193 167 150 162 151 168 193 167 151 168 152 169 193 167 188 160 150 162 194 170 189 163 188 160 195 171 189 163 194 170 195 171 190 164 185 156 195 171 185 156 189 163 196 172 186 157 190 164 196 172 191 165 186 157 197 173 192 166 187 158 197 173 187 158 191 165 198 174 177 159 192 166 199 175 152 169 153 176 199 175 193 167 152 169 200 177 193 167 199 175 200 177 194 170 188 160 200 177 188 160 193 167 201 178 195 171 194 170 202 179 190 164 195 171 202 179 196 172 190 164 202 179 195 171 201 178 203 180 197 173 191 165 203 180 191 165 196 172 204 181 192 166 197 173 204 181 198 174 192 166 204 181 197 173 203 180 205 182 174 183 175 184 205 182 177 159 198 174 205 182 175 184 176 185 205 182 176 185 177 159 206 186 199 175 153 176 206 186 153 176 154 187 206 186 154 187 155 188 207 189 200 177 199 175 208 190 194 170 200 177 208 190 201 178 194 170 209 191 202 179 201 178 210 192 196 172 202 179 210 192 202 179 209 191 210 192 203 180 196 172 211 193 204 181 203 180 212 194 172 195 173 196 212 194 174 183 205 182 212 194 173 196 174 183 212 194 205 182 198 174 212 194 198 174 204 181 212 194 204 181 211 193 213 197 206 186 155 188 213 197 155 188 156 198 213 197 156 198 157 199 213 197 157 199 158 200 214 201 199 175 206 186 214 201 207 189 199 175 215 202 200 177 207 189 215 202 208 190 200 177 216 203 201 178 208 190 216 203 209 191 201 178 216 203 208 190 215 202 217 204 210 192 209 191 218 205 203 180 210 192 218 205 211 193 203 180 219 206 171 207 172 195 219 206 172 195 212 194 219 206 212 194 211 193 220 208 206 186 213 197 220 208 213 197 158 200 220 208 214 201 206 186 221 209 214 201 220 208 221 209 207 189 214 201 221 209 215 202 207 189 222 210 216 203 215 202 223 211 209 191 216 203 223 211 217 204 209 191 224 212 210 192 217 204 224 212 218 205 210 192 225 213 218 205 224 212 225 213 169 214 170 215 225 213 170 215 171 207 225 213 171 207 219 206 225 213 211 193 218 205 225 213 219 206 211 193 226 216 220 208 158 200 226 216 221 209 220 208 227 217 215 202 221 209 227 217 222 210 215 202 228 218 223 211 216 203 228 218 216 203 222 210 229 219 224 212 217 204 229 219 217 204 223 211 229 219 223 211 228 218 230 220 225 213 224 212 230 220 167 221 168 222 230 220 168 222 169 214 230 220 169 214 225 213 231 223 221 209 226 216 231 223 227 217 221 209 231 223 158 200 159 224 231 223 226 216 158 200 232 225 228 218 222 210 232 225 222 210 227 217 233 226 229 219 228 218 234 227 224 212 229 219 234 227 165 228 166 229 234 227 166 229 167 221 234 227 167 221 230 220 234 227 230 220 224 212 235 230 231 223 159 224 235 230 232 225 227 217 235 230 227 217 231 223 236 231 228 218 232 225 236 231 233 226 228 218 237 232 165 228 234 227 237 232 164 233 165 228 237 232 229 219 233 226 237 232 234 227 229 219 238 234 235 230 159 224 238 234 232 225 235 230 238 234 236 231 232 225 239 235 162 236 163 237 239 235 163 237 164 233 239 235 233 226 236 231 239 235 237 232 233 226 239 235 164 233 237 232 240 238 159 224 160 239 240 238 160 239 161 240 240 238 161 240 162 236 240 238 238 234 159 224 240 238 162 236 239 235 240 238 236 231 238 234 240 238 239 235 236 231 279 241 241 242 243 243 279 241 243 243 244 244 279 241 244 244 245 245 280 246 245 245 246 247 280 246 279 241 245 245 281 248 241 242 279 241 282 249 246 247 247 250 282 249 247 250 248 251 282 249 280 246 246 247 283 252 281 248 279 241 283 252 279 241 280 246 284 253 241 242 281 248 285 254 248 251 249 255 285 254 249 255 250 256 285 254 282 249 248 251 286 257 280 246 282 249 286 257 283 252 280 246 287 258 284 253 281 248 287 258 281 248 283 252 288 259 242 260 241 242 288 259 241 242 284 253 289 261 250 256 251 262 289 261 285 254 250 256 289 261 251 262 252 263 290 264 285 254 289 261 290 264 282 249 285 254 290 264 286 257 282 249 291 265 287 258 283 252 291 265 283 252 286 257 292 266 288 259 284 253 292 266 284 253 287 258 293 267 242 260 288 259 294 268 252 263 253 269 294 268 253 269 254 270 294 268 289 261 252 263 295 271 289 261 294 268 295 271 290 264 289 261 296 272 291 265 286 257 296 272 290 264 295 271 296 272 286 257 290 264 297 273 287 258 291 265 297 273 292 266 287 258 298 274 293 267 288 259 298 274 288 259 292 266 299 275 242 260 293 267 300 276 254 270 255 277 300 276 294 268 254 270 301 278 295 271 294 268 302 279 296 272 295 271 303 280 291 265 296 272 303 280 297 273 291 265 303 280 296 272 302 279 304 281 292 266 297 273 304 281 298 274 292 266 305 282 293 267 298 274 305 282 299 275 293 267 306 283 276 284 277 285 306 283 277 285 278 286 306 283 278 286 242 260 306 283 242 260 299 275 307 287 255 277 256 288 307 287 256 288 257 289 307 287 300 276 255 277 308 290 294 268 300 276 308 290 301 278 294 268 309 291 295 271 301 278 309 291 302 279 295 271 310 292 303 280 302 279 311 293 297 273 303 280 311 293 304 281 297 273 312 294 305 282 298 274 312 294 304 281 311 293 312 294 298 274 304 281 313 295 276 284 306 283 313 295 275 296 276 284 313 295 306 283 299 275 313 295 305 282 312 294 313 295 299 275 305 282 314 297 307 287 257 289 314 297 257 289 258 298 314 297 258 298 259 299 314 297 259 299 260 300 315 301 308 290 300 276 315 301 300 276 307 287 316 302 301 278 308 290 316 302 309 291 301 278 317 303 310 292 302 279 317 303 302 279 309 291 318 304 310 292 317 303 318 304 311 293 303 280 318 304 303 280 310 292 319 305 312 294 311 293 320 306 273 307 274 308 320 306 274 308 275 296 320 306 275 296 313 295 320 306 313 295 312 294 321 309 307 287 314 297 321 309 314 297 260 300 321 309 315 301 307 287 322 310 308 290 315 301 322 310 316 302 308 290 322 310 315 301 321 309 323 311 316 302 322 310 323 311 309 291 316 302 323 311 317 303 309 291 324 312 318 304 317 303 325 313 311 293 318 304 325 313 319 305 311 293 326 314 271 315 272 316 326 314 272 316 273 307 326 314 273 307 320 306 326 314 312 294 319 305 326 314 320 306 312 294 327 317 322 310 321 309 327 317 321 309 260 300 328 318 323 311 322 310 329 319 324 312 317 303 329 319 317 303 323 311 329 319 323 311 328 318 330 320 318 304 324 312 330 320 325 313 318 304 331 321 319 305 325 313 331 321 269 322 270 323 331 321 270 323 271 315 331 321 326 314 319 305 331 321 325 313 330 320 331 321 271 315 326 314 332 324 328 318 322 310 332 324 260 300 261 325 332 324 322 310 327 317 332 324 327 317 260 300 333 326 329 319 328 318 334 327 324 312 329 319 334 327 330 320 324 312 334 327 329 319 333 326 335 328 267 329 268 330 335 328 269 322 331 321 335 328 268 330 269 322 335 328 331 321 330 320 336 331 328 318 332 324 336 331 333 326 328 318 336 331 332 324 261 325 337 332 334 327 333 326 338 333 330 320 334 327 338 333 266 334 267 329 338 333 267 329 335 328 338 333 334 327 337 332 338 333 335 328 330 320 339 335 333 326 336 331 339 335 337 332 333 326 339 335 336 331 261 325 340 336 264 337 265 338 340 336 265 338 266 334 340 336 266 334 338 333 340 336 338 333 337 332 341 339 261 325 262 340 341 339 262 340 263 341 341 339 263 341 264 337 341 339 264 337 340 336 341 339 339 335 261 325 341 339 337 332 339 335 341 339 340 336 337 332 344 342 342 342 343 342 344 343 345 343 346 343 344 343 346 343 347 343 344 343 347 343 348 343 344 343 348 343 349 343 344 344 349 344 350 344 344 343 350 343 351 343 344 345 351 345 352 345 344 346 352 346 353 346 344 347 353 347 354 347 344 348 354 348 355 348 344 349 355 349 356 349 344 350 356 350 357 350 344 343 357 343 342 343 359 351 358 352 385 353 386 354 369 355 368 356 402 357 385 353 384 358 402 357 359 351 385 353 403 359 360 360 359 351 403 359 359 351 402 357 404 361 384 358 383 362 404 361 402 357 384 358 405 363 361 364 360 360 405 363 360 360 403 359 406 365 402 357 404 361 406 365 403 359 402 357 407 366 382 367 381 368 407 366 383 362 382 367 407 366 404 361 383 362 408 369 362 370 361 364 408 369 361 364 405 363 409 371 405 363 403 359 409 371 403 359 406 365 410 372 406 365 404 361 410 372 404 361 407 366 411 373 381 368 380 374 411 373 407 366 381 368 412 375 363 376 362 370 412 375 362 370 408 369 413 377 408 369 405 363 413 377 405 363 409 371 414 378 406 365 410 372 414 378 409 371 406 365 415 379 407 366 411 373 415 379 410 372 407 366 416 380 379 381 378 382 416 380 380 374 379 381 416 380 411 373 380 374 417 383 364 384 363 376 417 383 363 376 412 375 418 385 408 369 413 377 418 385 412 375 408 369 419 386 409 371 414 378 419 386 413 377 409 371 420 387 414 378 410 372 420 387 410 372 415 379 421 388 411 373 416 380 421 388 415 379 411 373 422 389 378 382 377 390 422 389 416 380 378 382 423 391 365 392 364 384 423 391 364 384 417 383 424 393 412 375 418 385 424 393 417 383 412 375 425 394 413 377 419 386 425 394 418 385 413 377 426 395 414 378 420 387 426 395 419 386 414 378 427 396 420 387 415 379 427 396 415 379 421 388 428 397 421 388 416 380 428 397 416 380 422 389 428 397 427 396 421 388 429 398 377 390 376 399 429 398 422 389 377 390 429 398 428 397 422 389 430 400 366 401 365 392 430 400 367 402 366 401 430 400 365 392 423 391 430 400 395 403 367 402 431 404 417 383 424 393 431 404 423 391 417 383 432 405 424 393 418 385 432 405 418 385 425 394 433 406 425 394 419 386 433 406 419 386 426 395 434 407 426 395 420 387 434 407 420 387 427 396 434 407 433 406 426 395 435 408 427 396 428 397 436 409 428 397 429 398 437 410 429 398 376 399 437 410 375 411 374 412 437 410 376 399 375 411 438 413 396 414 395 403 438 413 430 400 423 391 438 413 395 403 430 400 438 413 423 391 431 404 439 415 424 393 432 405 439 415 431 404 424 393 440 416 432 405 425 394 440 416 425 394 433 406 441 417 433 406 434 407 442 418 434 407 427 396 442 418 427 396 435 408 443 419 435 408 428 397 443 419 428 397 436 409 444 420 429 398 437 410 444 420 436 409 429 398 445 421 374 412 373 422 445 421 437 410 374 412 446 423 396 414 438 413 446 423 438 413 431 404 446 423 431 404 439 415 447 424 432 405 440 416 447 424 439 415 432 405 448 425 433 406 441 417 448 425 440 416 433 406 449 426 441 417 434 407 449 426 434 407 442 418 450 427 442 418 435 408 450 427 435 408 443 419 451 428 443 419 436 409 451 428 436 409 444 420 452 429 444 420 437 410 452 429 451 428 444 420 452 429 437 410 445 421 453 430 372 431 371 432 453 430 373 422 372 431 453 430 445 421 373 422 454 433 439 415 447 424 454 433 397 434 396 414 454 433 446 423 439 415 454 433 396 414 446 423 455 435 440 416 448 425 455 435 447 424 440 416 455 435 454 433 447 424 456 436 441 417 449 426 456 436 448 425 441 417 457 437 442 418 450 427 457 437 449 426 442 418 458 438 443 419 451 428 458 438 450 427 443 419 459 439 451 428 452 429 460 440 452 429 445 421 460 440 445 421 453 430 461 441 371 432 370 442 461 441 453 430 371 432 462 443 397 434 454 433 462 443 454 433 455 435 463 444 455 435 448 425 463 444 448 425 456 436 464 445 449 426 457 437 464 445 456 436 449 426 464 445 463 444 456 436 465 446 457 437 450 427 465 446 450 427 458 438 466 447 458 438 451 428 466 447 451 428 459 439 466 447 465 446 458 438 467 448 459 439 452 429 467 448 452 429 460 440 468 449 460 440 453 430 468 449 453 430 461 441 469 450 369 355 386 354 469 450 370 442 369 355 469 450 461 441 370 442 470 451 398 452 397 434 470 451 397 434 462 443 470 451 462 443 455 435 470 451 455 435 463 444 471 453 463 444 464 445 472 454 464 445 457 437 472 454 457 437 465 446 473 455 465 446 466 447 473 455 472 454 465 446 474 456 459 439 467 448 474 456 466 447 459 439 475 457 467 448 460 440 475 457 460 440 468 449 476 458 469 450 386 354 476 458 386 354 387 459 476 458 468 449 461 441 476 458 461 441 469 450 477 460 399 461 398 452 477 460 398 452 470 451 477 460 470 451 463 444 477 460 463 444 471 453 478 462 471 453 464 445 478 462 464 445 472 454 479 463 472 454 473 455 480 464 466 447 474 456 480 464 473 455 466 447 481 465 467 448 475 457 481 465 474 456 467 448 482 466 468 449 476 458 482 466 387 459 388 467 482 466 388 467 389 468 482 466 475 457 468 449 482 466 476 458 387 459 482 466 481 465 475 457 483 469 477 460 471 453 483 469 399 461 477 460 483 469 471 453 478 462 484 470 478 462 472 454 484 470 472 454 479 463 485 471 473 455 480 464 485 471 479 463 473 455 486 472 480 464 474 456 486 472 474 456 481 465 487 473 482 466 389 468 487 473 481 465 482 466 488 474 478 462 484 470 488 474 399 461 483 469 488 474 400 475 399 461 488 474 483 469 478 462 489 476 479 463 485 471 489 476 484 470 479 463 490 477 485 471 480 464 490 477 480 464 486 472 490 477 489 476 485 471 491 478 486 472 481 465 491 478 481 465 487 473 491 478 389 468 390 479 491 478 487 473 389 468 492 480 488 474 484 470 492 480 484 470 489 476 492 480 400 475 488 474 493 481 489 476 490 477 494 482 490 477 486 472 494 482 390 479 391 483 494 482 486 472 491 478 494 482 491 478 390 479 495 484 401 485 400 475 495 484 492 480 489 476 495 484 400 475 492 480 495 484 489 476 493 481 496 486 391 483 392 487 496 486 493 481 490 477 496 486 494 482 391 483 496 486 490 477 494 482 497 488 392 487 393 489 497 488 496 486 392 487 497 488 393 489 394 490 497 488 394 490 401 485 497 488 401 485 495 484 497 488 495 484 493 481 497 488 493 481 496 486</p>
        </triangles>
        <triangles material="mat_1-material" count="926">
          <input semantic="VERTEX" source="#IR_Transceiver_Block-mesh-vertices" offset="0"/>
          <input semantic="NORMAL" source="#IR_Transceiver_Block-mesh-normals" offset="1"/>
          <p>534 491 516 492 515 493 517 494 499 495 498 496 542 497 515 493 514 498 542 497 534 491 515 493 543 499 535 500 534 491 543 499 534 491 542 497 544 501 514 498 513 502 544 501 542 497 514 498 545 503 535 500 543 499 545 503 536 504 535 500 546 505 543 499 542 497 546 505 542 497 544 501 547 506 512 507 511 508 547 506 513 502 512 507 547 506 544 501 513 502 548 509 537 510 536 504 548 509 536 504 545 503 549 511 545 503 543 499 549 511 543 499 546 505 550 512 546 505 544 501 550 512 544 501 547 506 551 513 511 508 510 514 551 513 547 506 511 508 552 515 538 516 537 510 552 515 537 510 548 509 553 517 545 503 549 511 553 517 548 509 545 503 554 518 546 505 550 512 554 518 549 511 546 505 555 519 550 512 547 506 555 519 547 506 551 513 556 520 509 521 508 522 556 520 510 514 509 521 556 520 551 513 510 514 557 523 538 516 552 515 557 523 539 524 538 516 558 525 552 515 548 509 558 525 548 509 553 517 559 526 549 511 554 518 559 526 553 517 549 511 560 527 554 518 550 512 560 527 550 512 555 519 561 528 555 519 551 513 561 528 551 513 556 520 562 529 508 522 507 530 562 529 556 520 508 522 563 531 540 532 539 524 563 531 539 524 557 523 564 533 552 515 558 525 564 533 557 523 552 515 565 534 553 517 559 526 565 534 558 525 553 517 566 535 554 518 560 527 566 535 559 526 554 518 567 536 560 527 555 519 567 536 555 519 561 528 568 537 561 528 556 520 568 537 556 520 562 529 569 538 562 529 507 530 569 538 507 530 506 539 570 540 540 532 563 531 570 540 527 541 526 542 570 540 541 543 540 532 570 540 526 542 541 543 571 544 563 531 557 523 571 544 557 523 564 533 572 545 558 525 565 534 572 545 564 533 558 525 573 546 565 534 559 526 573 546 559 526 566 535 573 546 572 545 565 534 574 547 566 535 560 527 574 547 560 527 567 536 574 547 573 546 566 535 575 548 567 536 561 528 575 548 561 528 568 537 576 549 562 529 569 538 576 549 568 537 562 529 577 550 505 551 504 552 577 550 506 539 505 551 577 550 569 538 506 539 578 553 528 554 527 541 578 553 570 540 563 531 578 553 563 531 571 544 578 553 527 541 570 540 579 555 571 544 564 533 579 555 564 533 572 545 580 556 572 545 573 546 581 557 573 546 574 547 582 558 567 536 575 548 582 558 574 547 567 536 583 559 575 548 568 537 583 559 568 537 576 549 584 560 576 549 569 538 584 560 569 538 577 550 585 561 504 552 503 562 585 561 577 550 504 552 586 563 528 554 578 553 586 563 578 553 571 544 586 563 571 544 579 555 587 564 579 555 572 545 587 564 572 545 580 556 588 565 573 546 581 557 588 565 580 556 573 546 589 566 581 557 574 547 589 566 574 547 582 558 590 567 582 558 575 548 590 567 575 548 583 559 591 568 583 559 576 549 591 568 576 549 584 560 592 569 584 560 577 550 592 569 577 550 585 561 593 570 502 571 501 572 593 570 503 562 502 571 593 570 585 561 503 562 594 573 586 563 579 555 594 573 529 574 528 554 594 573 528 554 586 563 594 573 579 555 587 564 595 575 587 564 580 556 595 575 580 556 588 565 596 576 581 557 589 566 596 576 595 575 588 565 596 576 588 565 581 557 597 577 589 566 582 558 597 577 582 558 590 567 598 578 590 567 583 559 598 578 583 559 591 568 598 578 597 577 590 567 599 579 584 560 592 569 599 579 591 568 584 560 600 580 592 569 585 561 600 580 585 561 593 570 601 581 501 572 500 582 601 581 593 570 501 572 602 583 587 564 595 575 602 583 529 574 594 573 602 583 594 573 587 564 603 584 595 575 596 576 604 585 589 566 597 577 604 585 596 576 589 566 605 586 597 577 598 578 606 587 591 568 599 579 606 587 598 578 591 568 607 588 599 579 592 569 607 588 592 569 600 580 608 589 600 580 593 570 608 589 607 588 600 580 608 589 593 570 601 581 609 590 500 582 499 495 609 590 601 581 500 582 609 590 499 495 517 494 610 591 530 592 529 574 610 591 602 583 595 575 610 591 529 574 602 583 610 591 595 575 603 584 611 593 603 584 596 576 611 593 596 576 604 585 611 593 610 591 603 584 612 594 604 585 597 577 612 594 597 577 605 586 613 595 605 586 598 578 613 595 598 578 606 587 614 596 606 587 599 579 614 596 599 579 607 588 615 597 614 596 607 588 615 597 607 588 608 589 616 598 517 494 518 599 616 598 518 599 519 600 616 598 609 590 517 494 616 598 608 589 601 581 616 598 601 581 609 590 617 601 531 602 530 592 617 601 530 592 610 591 617 601 610 591 611 593 618 603 604 585 612 594 618 603 611 593 604 585 619 604 605 586 613 595 619 604 612 594 605 586 620 605 613 595 606 587 620 605 606 587 614 596 621 606 614 596 615 597 622 607 615 597 608 589 622 607 616 598 519 600 622 607 608 589 616 598 623 608 617 601 611 593 623 608 531 602 617 601 623 608 611 593 618 603 624 609 612 594 619 604 624 609 618 603 612 594 625 610 613 595 620 605 625 610 619 604 613 595 626 611 614 596 621 606 626 611 620 605 614 596 627 612 519 600 520 613 627 612 621 606 615 597 627 612 622 607 519 600 627 612 615 597 622 607 628 614 531 602 623 608 628 614 623 608 618 603 628 614 618 603 624 609 628 614 532 615 531 602 629 616 619 604 625 610 629 616 624 609 619 604 630 617 620 605 626 611 630 617 625 610 620 605 630 617 629 616 625 610 631 618 520 613 521 619 631 618 627 612 520 613 631 618 626 611 621 606 631 618 621 606 627 612 632 620 628 614 624 609 632 620 624 609 629 616 632 620 532 615 628 614 633 621 629 616 630 617 634 622 630 617 626 611 634 622 521 619 522 623 634 622 626 611 631 618 634 622 631 618 521 619 635 624 533 625 532 615 635 624 632 620 629 616 635 624 532 615 632 620 635 624 629 616 633 621 636 626 522 623 523 627 636 626 630 617 634 622 636 626 634 622 522 623 636 626 633 621 630 617 637 628 523 627 524 629 637 628 524 629 525 630 637 628 525 630 533 625 637 628 533 625 635 624 637 628 636 626 523 627 637 628 635 624 633 621 637 628 633 621 636 626 676 631 638 632 639 633 676 631 639 633 640 634 676 631 640 634 641 635 677 636 641 635 642 637 677 636 642 637 643 638 677 636 676 631 641 635 678 639 638 632 676 631 679 640 643 638 644 641 679 640 677 636 643 638 680 642 678 639 676 631 680 642 676 631 677 636 681 643 638 632 678 639 682 644 644 641 645 645 682 644 645 645 646 646 682 644 679 640 644 641 683 647 680 642 677 636 683 647 677 636 679 640 684 648 680 642 683 647 684 648 681 643 678 639 684 648 678 639 680 642 685 649 638 632 681 643 685 649 675 650 638 632 686 651 682 644 646 646 686 651 646 646 647 161 686 651 647 161 648 652 687 653 679 640 682 644 687 653 683 647 679 640 687 653 682 644 686 651 688 654 684 648 683 647 689 655 681 643 684 648 689 655 685 649 681 643 690 656 675 650 685 649 691 657 648 652 649 658 691 657 649 658 650 659 691 657 686 651 648 652 692 660 687 653 686 651 693 661 687 653 692 660 693 661 688 654 683 647 693 661 683 647 687 653 694 662 684 648 688 654 694 662 689 655 684 648 695 663 690 656 685 649 695 663 685 649 689 655 696 664 675 650 690 656 697 665 650 659 651 666 697 665 691 657 650 659 698 667 691 657 697 665 698 667 692 660 686 651 698 667 686 651 691 657 699 668 693 661 692 660 700 669 688 654 693 661 700 669 694 662 688 654 700 669 693 661 699 668 701 670 695 663 689 655 701 670 689 655 694 662 702 671 690 656 695 663 702 671 696 664 690 656 702 671 695 663 701 670 703 672 672 673 673 674 703 672 675 650 696 664 703 672 673 674 674 675 703 672 674 675 675 650 704 676 697 665 651 666 704 676 651 666 652 677 704 676 652 677 653 678 705 679 698 667 697 665 706 680 692 660 698 667 706 680 699 668 692 660 707 681 700 669 699 668 708 682 694 662 700 669 708 682 700 669 707 681 708 682 701 670 694 662 709 683 702 671 701 670 710 684 670 685 671 686 710 684 672 673 703 672 710 684 671 686 672 673 710 684 703 672 696 664 710 684 696 664 702 671 710 684 702 671 709 683 711 687 704 676 653 678 711 687 653 678 654 688 711 687 654 688 655 689 711 687 655 689 656 690 712 691 697 665 704 676 712 691 705 679 697 665 713 692 698 667 705 679 713 692 706 680 698 667 714 693 699 668 706 680 714 693 707 681 699 668 714 693 706 680 713 692 715 694 708 682 707 681 716 695 701 670 708 682 716 695 709 683 701 670 717 696 669 697 670 685 717 696 670 685 710 684 717 696 710 684 709 683 718 698 704 676 711 687 718 698 711 687 656 690 718 698 712 691 704 676 719 699 712 691 718 698 719 699 705 679 712 691 719 699 713 692 705 679 720 700 714 693 713 692 721 701 707 681 714 693 721 701 715 694 707 681 722 702 708 682 715 694 722 702 716 695 708 682 723 703 716 695 722 702 723 703 667 704 668 705 723 703 668 705 669 697 723 703 669 697 717 696 723 703 709 683 716 695 723 703 717 696 709 683 724 706 718 698 656 690 724 706 719 699 718 698 725 707 713 692 719 699 725 707 720 700 713 692 726 708 721 701 714 693 726 708 714 693 720 700 727 709 722 702 715 694 727 709 715 694 721 701 727 709 721 701 726 708 728 710 723 703 722 702 728 710 665 711 666 712 728 710 666 712 667 704 728 710 667 704 723 703 729 713 719 699 724 706 729 713 725 707 719 699 729 713 656 690 657 714 729 713 724 706 656 690 730 715 726 708 720 700 730 715 720 700 725 707 731 716 727 709 726 708 732 717 722 702 727 709 732 717 663 718 664 719 732 717 664 719 665 711 732 717 665 711 728 710 732 717 728 710 722 702 733 720 729 713 657 714 733 720 730 715 725 707 733 720 725 707 729 713 734 721 726 708 730 715 734 721 731 716 726 708 735 722 663 718 732 717 735 722 662 723 663 718 735 722 727 709 731 716 735 722 732 717 727 709 736 724 733 720 657 714 736 724 730 715 733 720 736 724 734 721 730 715 737 725 660 726 661 727 737 725 661 727 662 723 737 725 731 716 734 721 737 725 735 722 731 716 737 725 662 723 735 722 738 728 657 714 658 729 738 728 658 729 659 730 738 728 659 730 660 726 738 728 736 724 657 714 738 728 660 726 737 725 738 728 734 721 736 724 738 728 737 725 734 721 739 731 742 731 741 731 739 731 740 731 742 731 743 732 744 732 745 732 746 732 743 732 745 732 750 733 748 733 747 733 750 733 747 733 749 733 753 734 754 734 751 734 752 734 753 734 751 734 756 735 764 735 755 735 765 736 764 736 756 736 763 343 755 343 764 343 761 343 755 343 763 343 766 343 765 343 756 343 762 343 763 343 766 343 762 343 761 343 763 343 757 343 755 343 761 343 760 343 757 343 761 343 758 737 760 737 759 737 758 343 759 343 762 343 758 738 757 738 760 738 758 343 766 343 756 343 758 343 762 343 766 343 784 343 769 343 785 343 786 343 785 343 769 343 783 343 769 343 784 343 782 343 769 343 783 343 787 343 786 343 769 343 788 343 787 343 769 343 781 343 769 343 782 343 780 343 769 343 781 343 789 343 788 343 769 343 770 343 777 343 776 343 770 343 778 343 777 343 770 343 779 343 778 343 770 343 780 343 779 343 770 343 769 343 780 343 767 343 790 343 789 343 767 343 791 343 790 343 767 343 792 343 791 343 767 343 793 343 792 343 794 343 793 343 767 343 775 343 770 343 776 343 795 343 794 343 767 343 774 343 770 343 775 343 796 343 795 343 767 343 773 343 770 343 774 343 797 343 796 343 767 343 772 343 770 343 773 343 771 343 770 343 772 343 768 343 800 343 799 343 768 343 801 343 800 343 768 343 802 343 801 343 768 343 803 343 802 343 768 343 804 343 803 343 768 343 805 343 804 343 768 343 806 343 805 343 768 343 771 343 806 343 768 343 798 343 767 343 798 343 797 343 767 343 768 343 799 343 798 343 767 343 789 343 769 343 770 343 771 343 768 343 808 739 810 739 809 739 808 739 807 739 810 739 814 733 812 733 811 733 814 733 813 733 812 733 817 740 815 740 816 740 817 740 818 740 815 740 837 343 836 343 821 343 838 343 837 343 821 343 835 343 821 343 836 343 839 343 838 343 821 343 834 343 821 343 835 343 840 343 839 343 821 343 833 343 821 343 834 343 841 343 840 343 821 343 832 343 821 343 833 343 819 343 842 343 841 343 819 343 843 343 842 343 819 343 844 343 843 343 819 343 841 343 821 343 845 343 844 343 819 343 846 343 845 343 819 343 822 343 828 343 827 343 822 343 829 343 828 343 822 343 830 343 829 343 822 343 831 343 830 343 822 343 832 343 831 343 822 343 821 343 832 343 847 343 846 343 819 343 826 343 822 343 827 343 848 343 847 343 819 343 825 343 822 343 826 343 849 343 848 343 819 343 824 343 822 343 825 343 823 343 822 343 824 343 820 343 852 343 851 343 820 343 853 343 852 343 820 343 854 343 853 343 820 343 855 343 854 343 820 343 856 343 855 343 820 343 857 343 856 343 820 343 858 343 857 343 820 343 823 343 858 343 820 343 822 343 823 343 820 343 850 343 819 343 850 343 849 343 819 343 820 343 851 343 850 343 860 734 859 734 861 734 860 734 861 734 862 734 864 732 863 732 865 732 864 732 865 732 866 732 867 733 869 733 870 733 867 733 870 733 868 733 874 734 872 734 871 734 874 734 871 734 873 734 878 739 876 739 875 739 878 739 875 739 877 739 882 732 879 732 880 732 882 732 880 732 881 732 921 741 883 742 885 743 921 741 885 743 886 744 921 741 886 744 887 745 922 746 887 745 888 747 922 746 921 741 887 745 923 748 883 742 921 741 924 749 888 747 889 750 924 749 889 750 890 751 924 749 922 746 888 747 925 752 923 748 921 741 925 752 921 741 922 746 926 753 883 742 923 748 927 754 890 751 891 755 927 754 891 755 892 756 927 754 924 749 890 751 928 757 922 746 924 749 928 757 925 752 922 746 929 758 926 753 923 748 929 758 925 752 928 757 929 758 923 748 925 752 930 759 884 760 883 742 930 759 883 742 926 753 931 761 892 756 893 262 931 761 927 754 892 756 931 761 893 262 894 762 932 763 927 754 931 761 932 763 924 749 927 754 932 763 928 757 924 749 933 764 929 758 928 757 934 765 930 759 926 753 934 765 926 753 929 758 935 766 884 760 930 759 936 767 894 762 895 768 936 767 895 768 896 769 936 767 931 761 894 762 937 770 932 763 931 761 938 771 932 763 937 770 938 771 933 764 928 757 938 771 928 757 932 763 939 772 929 758 933 764 939 772 934 765 929 758 940 773 935 766 930 759 940 773 930 759 934 765 941 774 884 760 935 766 942 775 896 769 897 776 942 775 936 767 896 769 943 777 937 770 931 761 943 777 931 761 936 767 943 777 936 767 942 775 944 778 938 771 937 770 945 779 933 764 938 771 945 779 938 771 944 778 945 779 939 772 933 764 946 780 934 765 939 772 946 780 940 773 934 765 947 781 935 766 940 773 947 781 940 773 946 780 947 781 941 774 935 766 948 782 884 760 941 774 948 782 918 783 919 784 948 782 919 784 920 785 948 782 920 785 884 760 949 786 942 775 897 776 949 786 897 776 898 787 949 786 898 787 899 788 950 789 943 777 942 775 951 790 944 778 937 770 951 790 937 770 943 777 952 791 945 779 944 778 953 792 939 772 945 779 953 792 946 780 939 772 953 792 945 779 952 791 954 793 947 781 946 780 955 794 918 783 948 782 955 794 917 795 918 783 955 794 948 782 941 774 955 794 941 774 947 781 955 794 947 781 954 793 956 796 949 786 899 788 956 796 899 788 900 797 956 796 900 797 901 798 956 796 901 798 902 799 957 800 942 775 949 786 957 800 950 789 942 775 958 801 943 777 950 789 958 801 951 790 943 777 959 802 944 778 951 790 959 802 952 791 944 778 959 802 951 790 958 801 960 803 953 792 952 791 961 804 946 780 953 792 961 804 954 793 946 780 962 805 915 806 916 807 962 805 917 795 955 794 962 805 916 807 917 795 962 805 955 794 954 793 963 808 949 786 956 796 963 808 956 796 902 799 963 808 957 800 949 786 964 809 957 800 963 808 964 809 950 789 957 800 964 809 958 801 950 789 965 810 959 802 958 801 966 811 952 791 959 802 966 811 960 803 952 791 967 812 953 792 960 803 967 812 961 804 953 792 968 813 961 804 967 812 968 813 913 814 914 815 968 813 914 815 915 806 968 813 915 806 962 805 968 813 954 793 961 804 968 813 962 805 954 793 969 816 964 809 963 808 969 816 963 808 902 799 970 817 958 801 964 809 970 817 965 810 958 801 971 818 966 811 959 802 971 818 959 802 965 810 972 819 966 811 971 818 972 819 967 812 960 803 972 819 960 803 966 811 973 820 911 821 912 822 973 820 912 822 913 814 973 820 968 813 967 812 973 820 913 814 968 813 974 823 969 816 902 799 974 823 964 809 969 816 974 823 902 799 903 824 974 823 970 817 964 809 975 825 971 818 965 810 975 825 965 810 970 817 976 826 972 819 971 818 977 827 967 812 972 819 977 827 909 828 910 829 977 827 911 821 973 820 977 827 910 829 911 821 977 827 973 820 967 812 978 830 974 823 903 824 978 830 970 817 974 823 978 830 975 825 970 817 979 831 976 826 971 818 979 831 971 818 975 825 980 832 909 828 977 827 980 832 908 833 909 828 980 832 977 827 972 819 980 832 972 819 976 826 981 834 975 825 978 830 981 834 978 830 903 824 981 834 979 831 975 825 982 835 976 826 979 831 982 835 906 836 907 837 982 835 907 837 908 833 982 835 980 832 976 826 982 835 908 833 980 832 983 838 903 824 904 839 983 838 904 839 905 840 983 838 905 840 906 836 983 838 981 834 903 824 983 838 906 836 982 835 983 838 982 835 979 831 983 838 979 831 981 834 986 841 984 841 985 841 986 343 987 343 988 343 986 343 988 343 989 343 986 343 989 343 990 343 986 343 990 343 991 343 986 344 991 344 992 344 986 343 992 343 993 343 986 345 993 345 994 345 986 346 994 346 995 346 986 347 995 347 996 347 986 842 996 842 997 842 986 843 997 843 998 843 986 350 998 350 999 350 986 343 999 343 984 343 1001 844 1000 845 1027 846 1028 847 1011 848 1010 849 1044 850 1027 846 1026 851 1044 850 1001 844 1027 846 1045 852 1002 853 1001 844 1045 852 1001 844 1044 850 1046 854 1026 851 1025 855 1046 854 1044 850 1026 851 1047 856 1003 857 1002 853 1047 856 1002 853 1045 852 1048 858 1044 850 1046 854 1048 858 1045 852 1044 850 1049 859 1024 860 1023 861 1049 859 1025 855 1024 860 1049 859 1046 854 1025 855 1050 862 1004 863 1003 857 1050 862 1003 857 1047 856 1051 864 1047 856 1045 852 1051 864 1045 852 1048 858 1052 865 1048 858 1046 854 1052 865 1046 854 1049 859 1053 866 1023 861 1022 867 1053 866 1049 859 1023 861 1054 868 1005 869 1004 863 1054 868 1004 863 1050 862 1055 870 1050 862 1047 856 1055 870 1047 856 1051 864 1056 871 1048 858 1052 865 1056 871 1051 864 1048 858 1057 872 1049 859 1053 866 1057 872 1052 865 1049 859 1058 873 1021 874 1020 875 1058 873 1022 867 1021 874 1058 873 1053 866 1022 867 1059 876 1006 877 1005 869 1059 876 1005 869 1054 868 1060 878 1050 862 1055 870 1060 878 1054 868 1050 862 1061 879 1051 864 1056 871 1061 879 1055 870 1051 864 1062 880 1056 871 1052 865 1062 880 1052 865 1057 872 1063 388 1053 866 1058 873 1063 388 1057 872 1053 866 1064 881 1020 875 1019 882 1064 881 1058 873 1020 875 1065 883 1007 884 1006 877 1065 883 1006 877 1059 876 1066 885 1054 868 1060 878 1066 885 1059 876 1054 868 1067 886 1055 870 1061 879 1067 886 1060 878 1055 870 1068 887 1056 871 1062 880 1068 887 1061 879 1056 871 1069 888 1062 880 1057 872 1069 888 1057 872 1063 388 1070 889 1063 388 1058 873 1070 889 1058 873 1064 881 1070 889 1069 888 1063 388 1071 890 1019 882 1018 891 1071 890 1064 881 1019 882 1071 890 1070 889 1064 881 1072 892 1008 893 1007 884 1072 892 1009 894 1008 893 1072 892 1007 884 1065 883 1072 892 1037 895 1009 894 1073 896 1059 876 1066 885 1073 896 1065 883 1059 876 1074 897 1066 885 1060 878 1074 897 1060 878 1067 886 1075 898 1067 886 1061 879 1075 898 1061 879 1068 887 1076 899 1068 887 1062 880 1076 899 1062 880 1069 888 1076 899 1075 898 1068 887 1077 900 1069 888 1070 889 1078 901 1070 889 1071 890 1079 902 1071 890 1018 891 1079 902 1017 903 1016 904 1079 902 1018 891 1017 903 1080 905 1038 906 1037 895 1080 905 1072 892 1065 883 1080 905 1037 895 1072 892 1080 905 1065 883 1073 896 1081 907 1066 885 1074 897 1081 907 1073 896 1066 885 1082 908 1074 897 1067 886 1082 908 1067 886 1075 898 1083 909 1075 898 1076 899 1084 910 1076 899 1069 888 1084 910 1069 888 1077 900 1085 911 1077 900 1070 889 1085 911 1070 889 1078 901 1086 912 1071 890 1079 902 1086 912 1078 901 1071 890 1087 913 1016 904 1015 914 1087 913 1079 902 1016 904 1088 915 1038 906 1080 905 1088 915 1080 905 1073 896 1088 915 1073 896 1081 907 1089 916 1074 897 1082 908 1089 916 1081 907 1074 897 1090 917 1075 898 1083 909 1090 917 1082 908 1075 898 1091 918 1083 909 1076 899 1091 918 1076 899 1084 910 1092 919 1084 910 1077 900 1092 919 1077 900 1085 911 1093 920 1085 911 1078 901 1093 920 1078 901 1086 912 1094 921 1086 912 1079 902 1094 921 1093 920 1086 912 1094 921 1079 902 1087 913 1095 922 1014 923 1013 924 1095 922 1015 914 1014 923 1095 922 1087 913 1015 914 1096 925 1081 907 1089 916 1096 925 1039 926 1038 906 1096 925 1088 915 1081 907 1096 925 1038 906 1088 915 1097 927 1082 908 1090 917 1097 927 1089 916 1082 908 1097 927 1096 925 1089 916 1098 928 1083 909 1091 918 1098 928 1090 917 1083 909 1099 929 1084 910 1092 919 1099 929 1091 918 1084 910 1100 930 1085 911 1093 920 1100 930 1092 919 1085 911 1101 931 1093 920 1094 921 1102 932 1094 921 1087 913 1102 932 1087 913 1095 922 1103 933 1013 924 1012 934 1103 933 1095 922 1013 924 1104 935 1039 926 1096 925 1104 935 1096 925 1097 927 1105 936 1097 927 1090 917 1105 936 1090 917 1098 928 1106 937 1091 918 1099 929 1106 937 1098 928 1091 918 1106 937 1105 936 1098 928 1107 938 1099 929 1092 919 1107 938 1092 919 1100 930 1108 939 1100 930 1093 920 1108 939 1093 920 1101 931 1108 939 1107 938 1100 930 1109 940 1101 931 1094 921 1109 940 1094 921 1102 932 1110 941 1102 932 1095 922 1110 941 1095 922 1103 933 1111 942 1011 848 1028 847 1111 942 1012 934 1011 848 1111 942 1103 933 1012 934 1112 943 1040 944 1039 926 1112 943 1039 926 1104 935 1112 943 1104 935 1097 927 1112 943 1097 927 1105 936 1113 945 1105 936 1106 937 1114 946 1106 937 1099 929 1114 946 1099 929 1107 938 1115 947 1107 938 1108 939 1115 947 1114 946 1107 938 1116 948 1101 931 1109 940 1116 948 1108 939 1101 931 1117 949 1109 940 1102 932 1117 949 1102 932 1110 941 1118 950 1111 942 1028 847 1118 950 1028 847 1029 951 1118 950 1110 941 1103 933 1118 950 1103 933 1111 942 1119 952 1041 953 1040 944 1119 952 1040 944 1112 943 1119 952 1112 943 1105 936 1119 952 1105 936 1113 945 1120 954 1113 945 1106 937 1120 954 1106 937 1114 946 1121 955 1114 946 1115 947 1122 956 1108 939 1116 948 1122 956 1115 947 1108 939 1123 957 1109 940 1117 949 1123 957 1116 948 1109 940 1124 958 1110 941 1118 950 1124 958 1029 951 1030 959 1124 958 1030 959 1031 960 1124 958 1117 949 1110 941 1124 958 1118 950 1029 951 1124 958 1123 957 1117 949 1125 961 1119 952 1113 945 1125 961 1041 953 1119 952 1125 961 1113 945 1120 954 1126 962 1120 954 1114 946 1126 962 1114 946 1121 955 1127 963 1115 947 1122 956 1127 963 1121 955 1115 947 1128 964 1122 956 1116 948 1128 964 1116 948 1123 957 1129 965 1124 958 1031 960 1129 965 1123 957 1124 958 1130 966 1120 954 1126 962 1130 966 1041 953 1125 961 1130 966 1042 967 1041 953 1130 966 1125 961 1120 954 1131 968 1121 955 1127 963 1131 968 1126 962 1121 955 1132 969 1127 963 1122 956 1132 969 1122 956 1128 964 1132 969 1131 968 1127 963 1133 970 1128 964 1123 957 1133 970 1123 957 1129 965 1133 970 1031 960 1032 971 1133 970 1129 965 1031 960 1134 972 1130 966 1126 962 1134 972 1126 962 1131 968 1134 972 1042 967 1130 966 1135 973 1131 968 1132 969 1136 974 1132 969 1128 964 1136 974 1032 971 1033 975 1136 974 1128 964 1133 970 1136 974 1133 970 1032 971 1137 976 1043 977 1042 967 1137 976 1134 972 1131 968 1137 976 1042 967 1134 972 1137 976 1131 968 1135 973 1138 978 1033 975 1034 979 1138 978 1135 973 1132 969 1138 978 1136 974 1033 975 1138 978 1132 969 1136 974 1139 980 1034 979 1035 981 1139 980 1138 978 1034 979 1139 980 1035 981 1036 982 1139 980 1036 982 1043 977 1139 980 1043 977 1137 976 1139 980 1137 976 1135 973 1139 980 1135 973 1138 978</p>
        </triangles>
      </mesh>
    </geometry>
  </library_geometries>
  <library_visual_scenes>
    <visual_scene id="Scene" name="Scene">
      <node id="ir_cliff_sensor" name="ir_cliff_sensor" type="NODE">
        <matrix sid="transform">1 0 0 0 0 -1 8.74228e-8 0 0 -8.74228e-8 -1 0 0 0 0 1</matrix>
        <node id="NAUO1" name="NAUO1" type="NODE">
          <matrix sid="transform">-1.34359e-7 1 0 0 -1 -1.34359e-7 0 2.5e-4 0 0 1 5e-4 0 0 0 1</matrix>
          <instance_geometry url="#IR_Transceiver_Block-mesh" name="NAUO1">
            <bind_material>
              <technique_common>
                <instance_material symbol="mat_0-material" target="#mat_0-material"/>
                <instance_material symbol="mat_1-material" target="#mat_1-material"/>
              </technique_common>
            </bind_material>
          </instance_geometry>
        </node>
        <node id="NAUO2" name="NAUO2" type="NODE">
          <matrix sid="transform">1 0 0 -0.01025 0 1 0 2.5e-4 0 0 1 -0.0016 0 0 0 1</matrix>
          <instance_geometry url="#_5x30_Blank_PCB-mesh" name="NAUO2">
            <bind_material>
              <technique_common>
                <instance_material symbol="mat_2-material" target="#mat_2-material"/>
              </technique_common>
            </bind_material>
          </instance_geometry>
        </node>
      </node>
    </visual_scene>
  </library_visual_scenes>
  <scene>
    <instance_visual_scene url="#Scene"/>
  </scene>
</COLLADA>