<?xml version="1.0" encoding="utf-8"?>
<COLLADA xmlns="http://www.collada.org/2005/11/COLLADASchema" version="1.4.1" xmlns:xsi="http://www.w3.org/2001/XMLSchema-instance">
  <asset>
    <contributor>
      <author>Blender User</author>
      <authoring_tool>Blender 4.4.3 commit date:2025-04-29, commit time:14:09, hash:802179c51ccc</authoring_tool>
    </contributor>
    <created>2025-05-18T20:23:25</created>
    <modified>2025-05-18T20:23:25</modified>
    <unit name="meter" meter="1"/>
    <up_axis>Z_UP</up_axis>
  </asset>
  <library_effects>
    <effect id="mat_10-effect">
      <profile_COMMON>
        <technique sid="common">
          <lambert>
            <emission>
              <color sid="emission">0 0 0 1</color>
            </emission>
            <diffuse>
              <color sid="diffuse">1 0.4019778 0.02842604 1</color>
            </diffuse>
            <reflectivity>
              <float sid="specular">1</float>
            </reflectivity>
            <index_of_refraction>
              <float sid="ior">1.5</float>
            </index_of_refraction>
          </lambert>
        </technique>
      </profile_COMMON>
    </effect>
    <effect id="mat_9-effect">
      <profile_COMMON>
        <technique sid="common">
          <lambert>
            <emission>
              <color sid="emission">0 0 0 1</color>
            </emission>
            <diffuse>
              <color sid="diffuse">0.6795425 0.3864294 0 1</color>
            </diffuse>
            <reflectivity>
              <float sid="specular">1</float>
            </reflectivity>
            <index_of_refraction>
              <float sid="ior">1.5</float>
            </index_of_refraction>
          </lambert>
        </technique>
      </profile_COMMON>
    </effect>
    <effect id="mat_2-effect">
      <profile_COMMON>
        <technique sid="common">
          <lambert>
            <emission>
              <color sid="emission">0 0 0 1</color>
            </emission>
            <diffuse>
              <color sid="diffuse">0.07227185 0.07227185 0.07227185 1</color>
            </diffuse>
            <reflectivity>
              <float sid="specular">1</float>
            </reflectivity>
            <index_of_refraction>
              <float sid="ior">1.5</float>
            </index_of_refraction>
          </lambert>
        </technique>
      </profile_COMMON>
    </effect>
    <effect id="mat_8-effect">
      <profile_COMMON>
        <technique sid="common">
          <lambert>
            <emission>
              <color sid="emission">0 0 0 1</color>
            </emission>
            <diffuse>
              <color sid="diffuse">0.9301109 1 1 1</color>
            </diffuse>
            <reflectivity>
              <float sid="specular">1</float>
            </reflectivity>
            <index_of_refraction>
              <float sid="ior">1.5</float>
            </index_of_refraction>
          </lambert>
        </technique>
      </profile_COMMON>
    </effect>
    <effect id="mat_7-effect">
      <profile_COMMON>
        <technique sid="common">
          <lambert>
            <emission>
              <color sid="emission">0 0 0 1</color>
            </emission>
            <diffuse>
              <color sid="diffuse">0.01032982 0.01032982 0.01032982 1</color>
            </diffuse>
            <reflectivity>
              <float sid="specular">1</float>
            </reflectivity>
            <index_of_refraction>
              <float sid="ior">1.5</float>
            </index_of_refraction>
          </lambert>
        </technique>
      </profile_COMMON>
    </effect>
    <effect id="mat_6-effect">
      <profile_COMMON>
        <technique sid="common">
          <lambert>
            <emission>
              <color sid="emission">0 0 0 1</color>
            </emission>
            <diffuse>
              <color sid="diffuse">0.5271151 0.5271151 0.5271151 1</color>
            </diffuse>
            <reflectivity>
              <float sid="specular">1</float>
            </reflectivity>
            <index_of_refraction>
              <float sid="ior">1.5</float>
            </index_of_refraction>
          </lambert>
        </technique>
      </profile_COMMON>
    </effect>
    <effect id="mat_3-effect">
      <profile_COMMON>
        <technique sid="common">
          <lambert>
            <emission>
              <color sid="emission">0 0 0 1</color>
            </emission>
            <diffuse>
              <color sid="diffuse">0 0.3467041 0.005605392 1</color>
            </diffuse>
            <reflectivity>
              <float sid="specular">1</float>
            </reflectivity>
            <index_of_refraction>
              <float sid="ior">1.5</float>
            </index_of_refraction>
          </lambert>
        </technique>
      </profile_COMMON>
    </effect>
    <effect id="mat_1-effect">
      <profile_COMMON>
        <technique sid="common">
          <lambert>
            <emission>
              <color sid="emission">0 0 0 1</color>
            </emission>
            <diffuse>
              <color sid="diffuse">0.6795425 0.6307572 0.5271151 1</color>
            </diffuse>
            <reflectivity>
              <float sid="specular">1</float>
            </reflectivity>
            <index_of_refraction>
              <float sid="ior">1.5</float>
            </index_of_refraction>
          </lambert>
        </technique>
      </profile_COMMON>
    </effect>
    <effect id="mat_4-effect">
      <profile_COMMON>
        <technique sid="common">
          <lambert>
            <emission>
              <color sid="emission">0 0 0 1</color>
            </emission>
            <diffuse>
              <color sid="diffuse">0.2307401 0.2422811 0.2622507 1</color>
            </diffuse>
            <reflectivity>
              <float sid="specular">1</float>
            </reflectivity>
            <index_of_refraction>
              <float sid="ior">1.5</float>
            </index_of_refraction>
          </lambert>
        </technique>
      </profile_COMMON>
    </effect>
    <effect id="mat_5-effect">
      <profile_COMMON>
        <technique sid="common">
          <lambert>
            <emission>
              <color sid="emission">0 0 0 1</color>
            </emission>
            <diffuse>
              <color sid="diffuse">1 0 0 1</color>
            </diffuse>
            <reflectivity>
              <float sid="specular">1</float>
            </reflectivity>
            <index_of_refraction>
              <float sid="ior">1.5</float>
            </index_of_refraction>
          </lambert>
        </technique>
      </profile_COMMON>
    </effect>
    <effect id="mat_0-effect">
      <profile_COMMON>
        <technique sid="common">
          <lambert>
            <emission>
              <color sid="emission">0 0 0 1</color>
            </emission>
            <diffuse>
              <color sid="diffuse">0.1559265 0.2122308 0.1559265 1</color>
            </diffuse>
            <reflectivity>
              <float sid="specular">1</float>
            </reflectivity>
            <index_of_refraction>
              <float sid="ior">1.5</float>
            </index_of_refraction>
          </lambert>
        </technique>
      </profile_COMMON>
    </effect>
  </library_effects>
  <library_images/>
  <library_materials>
    <material id="mat_10-material" name="mat_10">
      <instance_effect url="#mat_10-effect"/>
    </material>
    <material id="mat_9-material" name="mat_9">
      <instance_effect url="#mat_9-effect"/>
    </material>
    <material id="mat_2-material" name="mat_2">
      <instance_effect url="#mat_2-effect"/>
    </material>
    <material id="mat_8-material" name="mat_8">
      <instance_effect url="#mat_8-effect"/>
    </material>
    <material id="mat_7-material" name="mat_7">
      <instance_effect url="#mat_7-effect"/>
    </material>
    <material id="mat_6-material" name="mat_6">
      <instance_effect url="#mat_6-effect"/>
    </material>
    <material id="mat_3-material" name="mat_3">
      <instance_effect url="#mat_3-effect"/>
    </material>
    <material id="mat_1-material" name="mat_1">
      <instance_effect url="#mat_1-effect"/>
    </material>
    <material id="mat_4-material" name="mat_4">
      <instance_effect url="#mat_4-effect"/>
    </material>
    <material id="mat_5-material" name="mat_5">
      <instance_effect url="#mat_5-effect"/>
    </material>
    <material id="mat_0-material" name="mat_0">
      <instance_effect url="#mat_0-effect"/>
    </material>
  </library_materials>
  <library_geometries>
    <geometry id="SHELL_008-mesh" name="SHELL.008">
      <mesh>
        <source id="SHELL_008-mesh-positions">
          <float_array id="SHELL_008-mesh-positions-array" count="48">0.003531515 9.66024e-5 0.0121603 0.003531515 -9.03398e-4 0.0121603 0.003531515 -9.03398e-4 0.008460283 0.003531515 9.66024e-5 0.008460283 0.003531515 -9.03398e-4 0.008460283 -0.003468453 -9.03398e-4 0.008460283 0.003531515 9.66024e-5 0.008460283 -0.003468453 9.66024e-5 0.008460283 -0.003468453 -9.03398e-4 0.0121603 -0.003468453 -9.03398e-4 0.008460283 -0.003468453 9.66024e-5 0.008460283 -0.003468453 9.66024e-5 0.0121603 0.003531515 9.66024e-5 0.0121603 -0.003468453 9.66024e-5 0.0121603 0.003531515 -9.03398e-4 0.0121603 -0.003468453 -9.03398e-4 0.0121603</float_array>
          <technique_common>
            <accessor source="#SHELL_008-mesh-positions-array" count="16" stride="3">
              <param name="X" type="float"/>
              <param name="Y" type="float"/>
              <param name="Z" type="float"/>
            </accessor>
          </technique_common>
        </source>
        <source id="SHELL_008-mesh-normals">
          <float_array id="SHELL_008-mesh-normals-array" count="12">1 0 0 0 0 -1 -1 0 0 0 0 1</float_array>
          <technique_common>
            <accessor source="#SHELL_008-mesh-normals-array" count="4" stride="3">
              <param name="X" type="float"/>
              <param name="Y" type="float"/>
              <param name="Z" type="float"/>
            </accessor>
          </technique_common>
        </source>
        <vertices id="SHELL_008-mesh-vertices">
          <input semantic="POSITION" source="#SHELL_008-mesh-positions"/>
        </vertices>
        <triangles material="mat_10-material" count="8">
          <input semantic="VERTEX" source="#SHELL_008-mesh-vertices" offset="0"/>
          <input semantic="NORMAL" source="#SHELL_008-mesh-normals" offset="1"/>
          <p>3 0 0 0 1 0 3 0 1 0 2 0 6 1 4 1 5 1 6 1 5 1 7 1 10 2 9 2 8 2 10 2 8 2 11 2 13 3 14 3 12 3 13 3 15 3 14 3</p>
        </triangles>
      </mesh>
    </geometry>
    <geometry id="SHELL_007-mesh" name="SHELL.007">
      <mesh>
        <source id="SHELL_007-mesh-positions">
          <float_array id="SHELL_007-mesh-positions-array" count="372">0.003831505 3.96602e-4 0.008310258 0.003831505 3.96602e-4 0.01231026 0.003821909 3.96602e-4 0.01240783 0.003793418 3.96602e-4 0.01250165 0.003747224 3.96602e-4 0.01258808 0.003685057 3.96602e-4 0.01266384 0.003609299 3.96602e-4 0.012726 0.003522813 3.96602e-4 0.0127722 0.003429055 3.96602e-4 0.01280069 0.003331482 3.96602e-4 0.01281028 -0.00326842 3.96602e-4 0.01281028 -0.003365993 3.96602e-4 0.01280069 -0.003459811 3.96602e-4 0.0127722 -0.003546237 3.96602e-4 0.012726 -0.003621995 3.96602e-4 0.01266384 -0.003684163 3.96602e-4 0.01258808 -0.003730416 3.96602e-4 0.01250165 -0.003758847 3.96602e-4 0.01240783 -0.003768444 3.96602e-4 0.01231026 -0.003768444 3.96602e-4 0.008310258 -0.003758847 3.96602e-4 0.008212745 -0.003730416 3.96602e-4 0.008118927 -0.003684163 3.96602e-4 0.0080325 -0.003621995 3.96602e-4 0.007956743 -0.003546237 3.96602e-4 0.007894575 -0.003459811 3.96602e-4 0.007848322 -0.003365993 3.96602e-4 0.00781989 -0.00326842 3.96602e-4 0.007810294 0.003331482 3.96602e-4 0.007810294 0.003429055 3.96602e-4 0.00781989 0.003522813 3.96602e-4 0.007848322 0.003609299 3.96602e-4 0.007894575 0.003685057 3.96602e-4 0.007956743 0.003747224 3.96602e-4 0.0080325 0.003793418 3.96602e-4 0.008118927 0.003821909 3.96602e-4 0.008212745 -0.00326842 9.66024e-5 0.007810294 0.003331482 9.66024e-5 0.007810294 -0.00326842 3.96602e-4 0.007810294 0.003331482 3.96602e-4 0.007810294 0.003331482 9.66024e-5 0.007810294 0.003429055 9.66024e-5 0.00781989 0.003522813 9.66024e-5 0.007848322 0.003609299 9.66024e-5 0.007894575 0.003685057 9.66024e-5 0.007956743 0.003747224 9.66024e-5 0.0080325 0.003793418 9.66024e-5 0.008118927 0.003821909 9.66024e-5 0.008212745 0.003831505 9.66024e-5 0.008310258 0.003331482 3.96602e-4 0.007810294 0.003429055 3.96602e-4 0.00781989 0.003522813 3.96602e-4 0.007848322 0.003609299 3.96602e-4 0.007894575 0.003685057 3.96602e-4 0.007956743 0.003747224 3.96602e-4 0.0080325 0.003793418 3.96602e-4 0.008118927 0.003821909 3.96602e-4 0.008212745 0.003831505 3.96602e-4 0.008310258 0.003831505 9.66024e-5 0.008310258 0.003831505 9.66024e-5 0.01231026 0.003831505 3.96602e-4 0.008310258 0.003831505 3.96602e-4 0.01231026 0.003831505 9.66024e-5 0.01231026 0.003821909 9.66024e-5 0.01240783 0.003793418 9.66024e-5 0.01250165 0.003747224 9.66024e-5 0.01258808 0.003685057 9.66024e-5 0.01266384 0.003609299 9.66024e-5 0.012726 0.003522813 9.66024e-5 0.0127722 0.003429055 9.66024e-5 0.01280069 0.003331482 9.66024e-5 0.01281028 0.003831505 3.96602e-4 0.01231026 0.003821909 3.96602e-4 0.01240783 0.003793418 3.96602e-4 0.01250165 0.003747224 3.96602e-4 0.01258808 0.003685057 3.96602e-4 0.01266384 0.003609299 3.96602e-4 0.012726 0.003522813 3.96602e-4 0.0127722 0.003429055 3.96602e-4 0.01280069 0.003331482 3.96602e-4 0.01281028 0.003331482 9.66024e-5 0.01281028 -0.00326842 9.66024e-5 0.01281028 0.003331482 3.96602e-4 0.01281028 -0.00326842 3.96602e-4 0.01281028 -0.00326842 9.66024e-5 0.01281028 -0.003365993 9.66024e-5 0.01280069 -0.003459811 9.66024e-5 0.0127722 -0.003546237 9.66024e-5 0.012726 -0.003621995 9.66024e-5 0.01266384 -0.003684163 9.66024e-5 0.01258808 -0.003730416 9.66024e-5 0.01250165 -0.003758847 9.66024e-5 0.01240783 -0.003768444 9.66024e-5 0.01231026 -0.00326842 3.96602e-4 0.01281028 -0.003365993 3.96602e-4 0.01280069 -0.003459811 3.96602e-4 0.0127722 -0.003546237 3.96602e-4 0.012726 -0.003621995 3.96602e-4 0.01266384 -0.003684163 3.96602e-4 0.01258808 -0.003730416 3.96602e-4 0.01250165 -0.003758847 3.96602e-4 0.01240783 -0.003768444 3.96602e-4 0.01231026 -0.003768444 9.66024e-5 0.01231026 -0.003768444 9.66024e-5 0.008310258 -0.003768444 3.96602e-4 0.01231026 -0.003768444 3.96602e-4 0.008310258 -0.003768444 9.66024e-5 0.008310258 -0.003758847 9.66024e-5 0.008212745 -0.003730416 9.66024e-5 0.008118927 -0.003684163 9.66024e-5 0.0080325 -0.003621995 9.66024e-5 0.007956743 -0.003546237 9.66024e-5 0.007894575 -0.003459811 9.66024e-5 0.007848322 -0.003365993 9.66024e-5 0.00781989 -0.00326842 9.66024e-5 0.007810294 -0.003768444 3.96602e-4 0.008310258 -0.003758847 3.96602e-4 0.008212745 -0.003730416 3.96602e-4 0.008118927 -0.003684163 3.96602e-4 0.0080325 -0.003621995 3.96602e-4 0.007956743 -0.003546237 3.96602e-4 0.007894575 -0.003459811 3.96602e-4 0.007848322 -0.003365993 3.96602e-4 0.00781989 -0.00326842 3.96602e-4 0.007810294</float_array>
          <technique_common>
            <accessor source="#SHELL_007-mesh-positions-array" count="124" stride="3">
              <param name="X" type="float"/>
              <param name="Y" type="float"/>
              <param name="Z" type="float"/>
            </accessor>
          </technique_common>
        </source>
        <source id="SHELL_007-mesh-normals">
          <float_array id="SHELL_007-mesh-normals-array" count="276">0 1 3.79092e-6 0 1 -1.89549e-6 0 1 3.79104e-6 0 1 -3.26282e-7 0 1 0 0 1 6.40028e-7 0 1 1.85421e-7 0 1 -9.47745e-7 0 1 1.89543e-6 0 1 -3.79095e-6 0 1 -1.46867e-7 0 1 3.79098e-6 0 1 1.30512e-6 0 1 -1.89543e-6 0 1 -3.79087e-6 0 1 2.43923e-7 0 0 -1 0.1950884 0 -0.9807857 4.42117e-5 4.70244e-6 -1 4.41819e-5 -4.68025e-6 -1 0.1950892 0 -0.9807855 0.3826791 0 -0.9238814 0.3826899 0 -0.923877 0.5555678 0 -0.8314713 0.5555726 0 -0.8314682 0.7071067 0 -0.707107 0.7071058 0 -0.7071078 0.8314714 0 -0.5555678 0.8314706 0 -0.5555688 0.9238808 0 -0.3826806 0.9238775 0 -0.3826887 0.980786 0 -0.1950866 0.9807844 0 -0.1950946 1 4.68025e-6 -4.42713e-5 1 -4.70245e-6 -4.29973e-5 1 0 0 0.9807844 0 0.1950951 1 4.70244e-6 4.45619e-5 1 -4.68025e-6 4.45768e-5 0.980786 0 0.1950867 0.9238775 0 0.3826887 0.9238818 0 0.3826779 0.8314684 0 0.5555722 0.8314728 0 0.5555656 0.7071031 0 0.7071106 0.7071134 0 0.7071003 0.555569 0 0.8314705 0.555572 0 0.8314685 0.3826905 0 0.9238767 0.3826741 0 0.9238834 0.195095 0 0.9807844 0.1950884 0 0.9807857 4.40553e-5 4.68026e-6 1 4.40404e-5 -4.70245e-6 1 0 0 1 -0.1950885 0 0.9807857 -4.43011e-5 4.70245e-6 1 -4.42788e-5 -4.68026e-6 1 -0.1950951 0 0.9807844 -0.3826737 0 0.9238836 -0.3826899 0 0.923877 -0.5555722 0 0.8314684 -0.5555691 0 0.8314705 -0.7071139 0 0.7070997 -0.7071036 0 0.7071101 -0.8314728 0 0.5555656 -0.8314684 0 0.5555722 -0.9238819 0 0.3826779 -0.9238775 0 0.3826887 -0.9807856 0 0.1950892 -0.9807849 0 0.1950927 -1 -4.70244e-6 4.45768e-5 -1 4.68025e-6 4.45619e-5 -1 0 0 -0.9807844 0 -0.1950945 -1 4.70245e-6 -4.29973e-5 -1 -4.68025e-6 -4.42713e-5 -0.980786 0 -0.1950867 -0.9238775 0 -0.3826887 -0.9238808 0 -0.3826806 -0.8314706 0 -0.5555688 -0.8314714 0 -0.5555678 -0.7071064 0 -0.7071073 -0.7071071 0 -0.7071065 -0.5555728 0 -0.831468 -0.5555679 0 -0.8314712 -0.3826894 0 -0.9238771 -0.3826785 0 -0.9238815 -0.1950893 0 -0.9807855 -0.1950885 0 -0.9807857 -4.44129e-5 4.68025e-6 -1 -4.44278e-5 -4.70244e-6 -1</float_array>
          <technique_common>
            <accessor source="#SHELL_007-mesh-normals-array" count="92" stride="3">
              <param name="X" type="float"/>
              <param name="Y" type="float"/>
              <param name="Z" type="float"/>
            </accessor>
          </technique_common>
        </source>
        <vertices id="SHELL_007-mesh-vertices">
          <input semantic="POSITION" source="#SHELL_007-mesh-positions"/>
        </vertices>
        <triangles material="mat_10-material" count="106">
          <input semantic="VERTEX" source="#SHELL_007-mesh-vertices" offset="0"/>
          <input semantic="NORMAL" source="#SHELL_007-mesh-normals" offset="1"/>
          <p>12 0 14 0 13 0 17 1 16 1 15 1 10 2 12 2 11 2 18 3 15 3 14 3 18 4 14 4 12 4 18 5 17 5 15 5 18 6 12 6 10 6 21 7 20 7 19 7 22 4 21 4 19 4 24 8 23 8 22 8 25 4 24 4 22 4 27 4 19 4 18 4 27 9 26 9 25 9 27 4 18 4 10 4 27 10 22 10 19 10 27 4 25 4 22 4 9 4 27 4 10 4 6 11 8 11 7 11 6 4 9 4 8 4 5 12 9 12 6 12 2 13 4 13 3 13 2 4 5 4 4 4 2 4 9 4 5 4 1 4 9 4 2 4 28 4 1 4 0 4 28 4 27 4 9 4 28 4 9 4 1 4 34 7 0 7 35 7 30 14 29 14 28 14 31 4 30 4 28 4 31 4 28 4 0 4 32 15 0 15 34 15 32 4 31 4 0 4 32 4 34 4 33 4 38 16 37 16 36 16 38 16 39 16 37 16 41 17 40 18 49 19 41 17 49 19 50 20 42 21 50 20 51 22 42 21 41 17 50 20 43 23 51 22 52 24 43 23 42 21 51 22 44 25 52 24 53 26 44 25 43 23 52 24 45 27 53 26 54 28 45 27 44 25 53 26 46 29 54 28 55 30 46 29 45 27 54 28 47 31 55 30 56 32 47 31 46 29 55 30 48 33 56 32 57 34 48 33 47 31 56 32 60 35 59 35 58 35 60 35 61 35 59 35 63 36 62 37 71 38 63 36 71 38 72 39 64 40 72 39 73 41 64 40 63 36 72 39 65 42 73 41 74 43 65 42 64 40 73 41 66 44 74 43 75 45 66 44 65 42 74 43 67 46 75 45 76 47 67 46 66 44 75 45 68 48 76 47 77 49 68 48 67 46 76 47 69 50 77 49 78 51 69 50 68 48 77 49 70 52 78 51 79 53 70 52 69 50 78 51 82 54 81 54 80 54 82 54 83 54 81 54 85 55 84 56 93 57 85 55 93 57 94 58 86 59 94 58 95 60 86 59 85 55 94 58 87 61 95 60 96 62 87 61 86 59 95 60 88 63 96 62 97 64 88 63 87 61 96 62 89 65 97 64 98 66 89 65 88 63 97 64 90 67 98 66 99 68 90 67 89 65 98 66 91 69 99 68 100 70 91 69 100 70 101 71 91 69 90 67 99 68 92 72 91 69 101 71 104 73 103 73 102 73 104 73 105 73 103 73 107 74 106 75 115 76 107 74 115 76 116 77 108 78 116 77 117 79 108 78 107 74 116 77 109 80 117 79 118 81 109 80 108 78 117 79 110 82 118 81 119 83 110 82 109 80 118 81 111 84 119 83 120 85 111 84 110 82 119 83 112 86 120 85 121 87 112 86 111 84 120 85 113 88 121 87 122 89 113 88 112 86 121 87 114 90 122 89 123 91 114 90 113 88 122 89</p>
        </triangles>
      </mesh>
    </geometry>
    <geometry id="SHELL_006-mesh" name="SHELL.006">
      <mesh>
        <source id="SHELL_006-mesh-positions">
          <float_array id="SHELL_006-mesh-positions-array" count="126">-0.002768456 -3.51699e-4 0.004058599 -0.002768456 -4.51699e-4 0.004058599 -0.002768456 -4.71107e-4 0.004898428 -0.002768456 -3.83687e-4 0.005589604 -0.002768456 -1.8277e-4 0.006359398 -0.002768456 1.16745e-5 0.007059335 -0.002768456 7.68258e-5 0.007441878 -0.002768456 9.66024e-5 0.007810294 -0.002768456 1.96144e-4 0.007800698 -0.002768456 -3.722e-4 0.004883646 -0.002768456 -2.87851e-4 0.005561053 -0.002768456 -9.02268e-5 0.006321489 -0.002768456 1.06736e-4 0.007028281 -0.002768456 1.7418e-4 0.007420837 0.002831518 -3.51699e-4 0.004058599 -0.002768456 -3.51699e-4 0.004058599 -0.002768456 -3.722e-4 0.004883646 -0.002768456 -2.87851e-4 0.005561053 -0.002768456 -9.02268e-5 0.006321489 -0.002768456 1.06736e-4 0.007028281 -0.002768456 1.7418e-4 0.007420837 -0.002768456 1.96144e-4 0.007800698 0.002831518 1.96144e-4 0.007800698 0.002831518 -3.722e-4 0.004883646 0.002831518 -2.87851e-4 0.005561053 0.002831518 -9.02268e-5 0.006321489 0.002831518 1.06736e-4 0.007028281 0.002831518 1.7418e-4 0.007420837 0.002831518 -4.51699e-4 0.004058599 0.002831518 -3.51699e-4 0.004058599 0.002831518 -3.722e-4 0.004883646 0.002831518 -2.87851e-4 0.005561053 0.002831518 -9.02268e-5 0.006321489 0.002831518 1.06736e-4 0.007028281 0.002831518 1.7418e-4 0.007420837 0.002831518 1.96144e-4 0.007800698 0.002831518 9.66024e-5 0.007810294 0.002831518 -4.71107e-4 0.004898428 0.002831518 -3.83687e-4 0.005589604 0.002831518 -1.8277e-4 0.006359398 0.002831518 1.16745e-5 0.007059335 0.002831518 7.68258e-5 0.007441878</float_array>
          <technique_common>
            <accessor source="#SHELL_006-mesh-positions-array" count="42" stride="3">
              <param name="X" type="float"/>
              <param name="Y" type="float"/>
              <param name="Z" type="float"/>
            </accessor>
          </technique_common>
        </source>
        <source id="SHELL_006-mesh-normals">
          <float_array id="SHELL_006-mesh-normals-array" count="93">-1 0 0 -1 -6.24683e-7 0 -1 3.30817e-6 0 -1 -7.23896e-7 0 -1 5.76721e-6 0 -1 -2.53523e-6 0 -1 1.80299e-6 0 -1 -1.13842e-6 0 -1.14175e-6 0.9985945 -0.05300027 0 0.99542 0.09559822 0 0.99542 0.09559828 0 0.9985945 -0.0530014 -1.79557e-7 0.9812884 -0.1925439 0 0.9812795 -0.1925891 0 0.9574704 -0.2885317 0 0.9574702 -0.288532 0 0.9758666 -0.2183678 0 0.9758679 -0.2183623 0 0.9933691 -0.1149692 0 0.9933748 -0.1149197 -2.75571e-6 1 -3.15048e-5 2.76878e-6 1 -3.14116e-5 1 0 0 1 2.29051e-6 0 1 5.76723e-6 0 1 -7.23896e-7 0 1 -6.26545e-6 0 1 -1.95018e-7 0 1 -5.88831e-6 0 1 7.21195e-7 0 1 -2.65631e-6 0</float_array>
          <technique_common>
            <accessor source="#SHELL_006-mesh-normals-array" count="31" stride="3">
              <param name="X" type="float"/>
              <param name="Y" type="float"/>
              <param name="Z" type="float"/>
            </accessor>
          </technique_common>
        </source>
        <vertices id="SHELL_006-mesh-vertices">
          <input semantic="POSITION" source="#SHELL_006-mesh-positions"/>
        </vertices>
        <triangles material="mat_9-material" count="36">
          <input semantic="VERTEX" source="#SHELL_006-mesh-vertices" offset="0"/>
          <input semantic="NORMAL" source="#SHELL_006-mesh-normals" offset="1"/>
          <p>9 0 0 0 1 0 2 0 9 0 1 0 10 1 9 1 2 1 3 2 10 2 2 2 11 3 10 3 3 3 4 4 11 4 3 4 12 5 11 5 4 5 5 0 12 0 4 0 13 6 12 6 5 6 6 0 13 0 5 0 8 7 13 7 6 7 7 0 8 0 6 0 16 8 14 9 15 10 16 8 23 11 14 9 17 12 24 13 23 11 17 12 23 11 16 8 18 14 25 15 24 13 18 14 24 13 17 12 19 16 26 17 25 15 19 16 27 18 26 17 19 16 25 15 18 14 20 19 22 20 27 18 20 19 27 18 19 16 21 21 22 20 20 19 30 22 28 22 29 22 30 22 37 22 28 22 31 22 38 22 37 22 31 23 37 23 30 23 32 24 39 24 38 24 32 25 38 25 31 25 33 26 40 26 39 26 33 27 39 27 32 27 34 28 41 28 40 28 34 29 40 29 33 29 35 22 36 22 41 22 35 30 41 30 34 30</p>
        </triangles>
      </mesh>
    </geometry>
    <geometry id="SHELL_005-mesh" name="SHELL.005">
      <mesh>
        <source id="SHELL_005-mesh-positions">
          <float_array id="SHELL_005-mesh-positions-array" count="1362">-5.93476e-4 0.004023253 5.86207e-5 -5.83981e-4 0.004023253 1.67151e-4 -5.55784e-4 0.004023253 2.72383e-4 -5.09742e-4 0.004023253 3.71121e-4 -4.47254e-4 0.004023253 4.60363e-4 -3.70219e-4 0.004023253 5.37398e-4 -2.80976e-4 0.004023253 5.99886e-4 -1.82239e-4 0.004023253 6.45929e-4 -7.70064e-5 0.004023253 6.74126e-4 3.15237e-5 0.004023253 6.83621e-4 3.15237e-5 0.004398286 0.001058578 3.15237e-5 0.004398286 -9.41379e-4 -1.42124e-4 0.004398286 -9.26187e-4 -3.10496e-4 0.004398286 -8.81072e-4 -4.68476e-4 0.004398286 -8.07405e-4 -6.11264e-4 0.004398286 -7.07424e-4 -7.34521e-4 0.004398286 -5.84167e-4 -8.34502e-4 0.004398286 -4.41379e-4 -9.08169e-4 0.004398286 -2.83399e-4 -9.53284e-4 0.004398286 -1.15028e-4 -9.68476e-4 0.004398286 5.86207e-5 -9.53284e-4 0.004398286 2.32269e-4 -9.08169e-4 0.004398286 4.00641e-4 -8.34502e-4 0.004398286 5.58621e-4 -7.34521e-4 0.004398286 7.01408e-4 -6.11264e-4 0.004398286 8.24665e-4 -4.68476e-4 0.004398286 9.24646e-4 -3.10496e-4 0.004398286 9.98313e-4 -1.42124e-4 0.004398286 0.001043379 3.15237e-5 0.004023253 -5.66379e-4 -7.70064e-5 0.004023253 -5.56884e-4 -1.82239e-4 0.004023253 -5.28687e-4 -2.80976e-4 0.004023253 -4.82645e-4 -3.70219e-4 0.004023253 -4.20157e-4 -4.47254e-4 0.004023253 -3.43122e-4 -5.09742e-4 0.004023253 -2.53879e-4 -5.55784e-4 0.004023253 -1.55142e-4 -5.83981e-4 0.004023253 -4.99094e-5 -2.19553e-4 0.00421077 -7.14113e-4 -4.46052e-4 0.00421077 -5.98706e-4 -6.25803e-4 0.00421077 -4.18955e-4 -7.4121e-4 0.00421077 -1.92456e-4 -7.80976e-4 0.00421077 5.86207e-5 -7.4121e-4 0.00421077 3.09697e-4 -6.25803e-4 0.00421077 5.36196e-4 -4.46052e-4 0.00421077 7.15947e-4 -2.19553e-4 0.00421077 8.31354e-4 3.15237e-5 0.003398299 -0.002691328 5.09056e-4 0.003398299 -0.002649545 9.72079e-4 0.003398299 -0.002525508 0.00140649 0.003398299 -0.002322912 0.001799166 0.003398299 -0.002047955 0.002138137 0.003398299 -0.001709043 0.002413094 0.003398299 -0.001316368 0.00261563 0.003398299 -8.81935e-4 0.002739727 0.003398299 -4.18912e-4 0.00278151 0.003398299 5.86207e-5 0.002739727 0.003398299 5.36153e-4 0.00261563 0.003398299 9.99176e-4 0.002413094 0.003398299 0.00143361 0.002138137 0.003398299 0.001826286 0.001799166 0.003398299 0.002165198 0.00140649 0.003398299 0.002440154 9.72079e-4 0.003398299 0.00264275 5.09056e-4 0.003398299 0.002766788 3.15237e-5 0.003398299 0.00280857 3.15237e-5 0.003948271 -0.002691328 0.002413094 0.003948271 -0.001316368 0.002181529 0.003948271 -0.001655936 0.001901984 0.003948271 -0.001957237 0.001580595 0.003948271 -0.002213478 0.001224696 0.003948271 -0.002418994 8.421e-4 0.003948271 -0.002569198 4.4139e-4 0.003948271 -0.002660632 0.002413094 0.004398286 -0.001316368 0.002413094 0.004398286 0.00143361 0.00261563 0.004398286 9.99176e-4 0.002739727 0.004398286 5.36153e-4 0.00278151 0.004398286 5.86207e-5 0.002739727 0.004398286 -4.18912e-4 0.00261563 0.004398286 -8.81935e-4 0.002413094 0.003948271 0.00143361 3.15237e-5 0.003948271 0.00280857 4.4139e-4 0.003948271 0.002777874 8.421e-4 0.003948271 0.00268644 0.001224696 0.003948271 0.002536237 0.001580595 0.003948271 0.00233072 0.001901984 0.003948271 0.00207448 0.002181529 0.003948271 0.001773178 3.15237e-5 0.004398286 0.002358615 3.15237e-5 0.003948271 0.00280857 4.4139e-4 0.003948271 0.002777874 8.421e-4 0.003948271 0.00268644 0.001224696 0.003948271 0.002536237 0.001580595 0.003948271 0.00233072 0.001901984 0.003948271 0.00207448 0.002181529 0.003948271 0.001773178 0.002413094 0.003948271 0.00143361 0.002023339 0.004398286 0.001208603 3.74321e-4 0.004398286 0.002332925 7.09461e-4 0.004398286 0.002256393 0.001029431 0.004398286 0.002130806 0.001327157 0.004398286 0.001958966 0.001595914 0.004398286 0.001744627 0.001829683 0.004398286 0.001492619 0.002413094 0.003948271 0.00143361 0.002413094 0.004398286 0.00143361 0.002023339 0.004398286 0.001208603 0.002413094 0.004398286 -0.001316368 0.002023339 0.004398286 -0.001091361 0.002413094 0.003948271 -0.001316368 0.002023339 0.004398286 -0.001091361 0.002413094 0.003948271 -0.001316368 0.002181529 0.003948271 -0.001655936 0.001901984 0.003948271 -0.001957237 0.001580595 0.003948271 -0.002213478 0.001224696 0.003948271 -0.002418994 8.421e-4 0.003948271 -0.002569198 4.4139e-4 0.003948271 -0.002660632 3.15237e-5 0.003948271 -0.002691328 3.15237e-5 0.004398286 -0.002241373 0.001829683 0.004398286 -0.001375377 0.001595914 0.004398286 -0.001627385 0.001327157 0.004398286 -0.001841723 0.001029431 0.004398286 -0.002013564 7.09461e-4 0.004398286 -0.002139151 3.74321e-4 0.004398286 -0.002215683 3.15237e-5 0.003948271 -0.002691328 3.15237e-5 0.004398286 -0.002691328 3.15237e-5 0.004398286 -0.002241373 -0.002350032 0.004398286 -0.001316368 -0.001960277 0.004398286 -0.001091361 -0.002350032 0.003948271 -0.001316368 -0.001960277 0.004398286 -0.001091361 -0.002350032 0.003948271 -0.001316368 -0.002528369 0.003948271 -9.46067e-4 -0.002649486 0.003948271 -5.53312e-4 -0.002710759 0.003948271 -1.46887e-4 -0.002710759 0.003948271 2.64128e-4 -0.002649486 0.003948271 6.70553e-4 -0.002528369 0.003948271 0.001063287 -0.002350032 0.003948271 0.00143361 -0.001960277 0.004398286 0.001208603 -0.002109467 0.004398286 -7.81664e-4 -0.002210795 0.004398286 -4.53177e-4 -0.002261996 0.004398286 -1.13259e-4 -0.002261996 0.004398286 2.305e-4 -0.002210795 0.004398286 5.70419e-4 -0.002109467 0.004398286 8.98905e-4 -0.002350032 0.003948271 0.00143361 -0.002350032 0.004398286 0.00143361 -0.001960277 0.004398286 0.001208603 3.15237e-5 0.003398299 -0.00294137 5.52468e-4 0.003398299 -0.002895772 0.001057565 0.003398299 -0.00276041 0.001531481 0.003398299 -0.002539455 0.00195986 0.003398299 -0.002239465 0.002329647 0.003398299 -0.001869738 0.002629578 0.003398299 -0.001441359 0.002850592 0.003398299 -9.6744e-4 0.002985894 0.003398299 -4.62324e-4 0.003031492 0.003398299 5.86207e-5 0.002985894 0.003398299 5.79565e-4 0.002850592 0.003398299 0.001084625 0.002629578 0.003398299 0.001558601 0.002329647 0.003398299 0.00198698 0.00195986 0.003398299 0.002356708 0.001531481 0.003398299 0.002656638 0.001057565 0.003398299 0.002877652 5.52468e-4 0.003398299 0.003013014 3.15237e-5 0.003398299 0.003058612 -4.89421e-4 0.003398299 0.003013014 -9.94537e-4 0.003398299 0.002877652 -0.00146842 0.003398299 0.002656638 -0.001896798 0.003398299 0.002356708 -0.002266585 0.003398299 0.00198698 -0.002566516 0.003398299 0.001558601 -0.00278753 0.003398299 0.001084625 -0.002922892 0.003398299 5.79565e-4 -0.00296843 0.003398299 5.86207e-5 -0.002922892 0.003398299 -4.62324e-4 -0.00278753 0.003398299 -9.6744e-4 -0.002566516 0.003398299 -0.001441359 -0.002266585 0.003398299 -0.001869738 -0.001896798 0.003398299 -0.002239465 -0.00146842 0.003398299 -0.002539455 -9.94537e-4 0.003398299 -0.00276041 -4.89421e-4 0.003398299 -0.002895772 3.15237e-5 0.003398299 0.00280857 -4.46009e-4 0.003398299 0.002766788 -9.09032e-4 0.003398299 0.00264275 -0.001343429 0.003398299 0.002440154 -0.001736104 0.003398299 0.002165198 -0.002075076 0.003398299 0.001826286 -0.002350032 0.003398299 0.00143361 -0.002552628 0.003398299 9.99176e-4 -0.002676665 0.003398299 5.36153e-4 -0.002718448 0.003398299 5.86207e-5 -0.002676665 0.003398299 -4.18912e-4 -0.002552628 0.003398299 -8.81935e-4 -0.002350032 0.003398299 -0.001316368 -0.002075076 0.003398299 -0.001709043 -0.001736104 0.003398299 -0.002047955 -0.001343429 0.003398299 -0.002322912 -9.09032e-4 0.003398299 -0.002525508 -4.46009e-4 0.003398299 -0.002649545 3.15237e-5 0.003398299 -0.002691328 5.09056e-4 0.003398299 -0.002649545 9.72079e-4 0.003398299 -0.002525508 0.00140649 0.003398299 -0.002322912 0.001799166 0.003398299 -0.002047955 0.002138137 0.003398299 -0.001709043 0.002413094 0.003398299 -0.001316368 0.00261563 0.003398299 -8.81935e-4 0.002739727 0.003398299 -4.18912e-4 0.00278151 0.003398299 5.86207e-5 0.002739727 0.003398299 5.36153e-4 0.00261563 0.003398299 9.99176e-4 0.002413094 0.003398299 0.00143361 0.002138137 0.003398299 0.001826286 0.001799166 0.003398299 0.002165198 0.00140649 0.003398299 0.002440154 9.72079e-4 0.003398299 0.00264275 5.09056e-4 0.003398299 0.002766788 3.15237e-5 0.003398299 -0.002691328 3.15237e-5 0.003948271 -0.002691328 3.15237e-5 0.003398299 0.00280857 -4.46009e-4 0.003398299 0.002766788 -9.09032e-4 0.003398299 0.00264275 -0.001343429 0.003398299 0.002440154 -0.001736104 0.003398299 0.002165198 -0.002075076 0.003398299 0.001826286 -0.002350032 0.003398299 0.00143361 -0.002552628 0.003398299 9.99176e-4 -0.002676665 0.003398299 5.36153e-4 -0.002718448 0.003398299 5.86207e-5 -0.002676665 0.003398299 -4.18912e-4 -0.002552628 0.003398299 -8.81935e-4 -0.002350032 0.003398299 -0.001316368 -0.002075076 0.003398299 -0.001709043 -0.001736104 0.003398299 -0.002047955 -0.001343429 0.003398299 -0.002322912 -9.09032e-4 0.003398299 -0.002525508 -4.46009e-4 0.003398299 -0.002649545 3.15237e-5 0.003948271 0.00280857 3.15237e-5 0.004398286 0.00280857 -0.002350032 0.004398286 0.00143361 -0.002075076 0.004398286 0.001826286 -0.001736104 0.004398286 0.002165198 -0.001343429 0.004398286 0.002440154 -9.09032e-4 0.004398286 0.00264275 -4.46009e-4 0.004398286 0.002766788 -0.002350032 0.003948271 0.00143361 -0.002350032 0.003948271 -0.001316368 -0.002528369 0.003948271 -9.46067e-4 -0.002649486 0.003948271 -5.53312e-4 -0.002710759 0.003948271 -1.46887e-4 -0.002710759 0.003948271 2.64128e-4 -0.002649486 0.003948271 6.70553e-4 -0.002528369 0.003948271 0.001063287 -0.002350032 0.004398286 -0.001316368 3.15237e-5 0.004398286 -0.002691328 -3.78342e-4 0.004398286 -0.002660632 -7.79053e-4 0.004398286 -0.002569198 -0.001161634 0.004398286 -0.002418994 -0.001517593 0.004398286 -0.002213478 -0.001838922 0.004398286 -0.001957237 -0.002118468 0.004398286 -0.001655936 3.15237e-5 0.004398286 0.00280857 3.15237e-5 0.004398286 0.002358615 3.15237e-5 0.003948271 0.00280857 -0.002350032 0.004398286 0.00143361 -0.002075076 0.004398286 0.001826286 -0.001736104 0.004398286 0.002165198 -0.001343429 0.004398286 0.002440154 -9.09032e-4 0.004398286 0.00264275 -4.46009e-4 0.004398286 0.002766788 3.15237e-5 0.004398286 0.00280857 -0.001960277 0.004398286 0.001208603 -0.001960277 0.004398286 -0.001091361 -0.002109467 0.004398286 -7.81664e-4 -0.002210795 0.004398286 -4.53177e-4 -0.002261996 0.004398286 -1.13259e-4 -0.002261996 0.004398286 2.305e-4 -0.002210795 0.004398286 5.70419e-4 -0.002109467 0.004398286 8.98905e-4 -0.002350032 0.004398286 -0.001316368 3.15237e-5 0.004398286 -0.002691328 -3.78342e-4 0.004398286 -0.002660632 -7.79053e-4 0.004398286 -0.002569198 -0.001161634 0.004398286 -0.002418994 -0.001517593 0.004398286 -0.002213478 -0.001838922 0.004398286 -0.001957237 -0.002118468 0.004398286 -0.001655936 3.15237e-5 0.004398286 -0.002241373 0.002023339 0.004398286 -0.001091361 0.001829683 0.004398286 -0.001375377 0.001595914 0.004398286 -0.001627385 0.001327157 0.004398286 -0.001841723 0.001029431 0.004398286 -0.002013564 7.09461e-4 0.004398286 -0.002139151 3.74321e-4 0.004398286 -0.002215683 0.002413094 0.004398286 -0.001316368 0.002413094 0.004398286 0.00143361 0.00261563 0.004398286 9.99176e-4 0.002739727 0.004398286 5.36153e-4 0.00278151 0.004398286 5.86207e-5 0.002739727 0.004398286 -4.18912e-4 0.00261563 0.004398286 -8.81935e-4 0.002023339 0.004398286 0.001208603 3.15237e-5 0.004398286 0.002358615 3.74321e-4 0.004398286 0.002332925 7.09461e-4 0.004398286 0.002256393 0.001029431 0.004398286 0.002130806 0.001327157 0.004398286 0.001958966 0.001595914 0.004398286 0.001744627 0.001829683 0.004398286 0.001492619 3.15237e-5 0.004398286 -9.41379e-4 -1.42124e-4 0.004398286 -9.26187e-4 -3.10496e-4 0.004398286 -8.81072e-4 -4.68476e-4 0.004398286 -8.07405e-4 -6.11264e-4 0.004398286 -7.07424e-4 -7.34521e-4 0.004398286 -5.84167e-4 -8.34502e-4 0.004398286 -4.41379e-4 -9.08169e-4 0.004398286 -2.83399e-4 -9.53284e-4 0.004398286 -1.15028e-4 -9.68476e-4 0.004398286 5.86207e-5 -9.53284e-4 0.004398286 2.32269e-4 -9.08169e-4 0.004398286 4.00641e-4 -8.34502e-4 0.004398286 5.58621e-4 -7.34521e-4 0.004398286 7.01408e-4 -6.11264e-4 0.004398286 8.24665e-4 -4.68476e-4 0.004398286 9.24646e-4 -3.10496e-4 0.004398286 9.98313e-4 -1.42124e-4 0.004398286 0.001043379 3.15237e-5 0.004398286 0.001058578 2.05172e-4 0.004398286 0.001043379 3.73544e-4 0.004398286 9.98313e-4 5.31524e-4 0.004398286 9.24646e-4 6.74311e-4 0.004398286 8.24665e-4 7.97568e-4 0.004398286 7.01408e-4 8.97549e-4 0.004398286 5.58621e-4 9.71216e-4 0.004398286 4.00641e-4 0.001016318 0.004398286 2.32269e-4 0.001031517 0.004398286 5.86207e-5 0.001016318 0.004398286 -1.15028e-4 9.71216e-4 0.004398286 -2.83399e-4 8.97549e-4 0.004398286 -4.41379e-4 7.97568e-4 0.004398286 -5.84167e-4 6.74311e-4 0.004398286 -7.07424e-4 5.31524e-4 0.004398286 -8.07405e-4 3.73544e-4 0.004398286 -8.81072e-4 2.05172e-4 0.004398286 -9.26187e-4 3.15237e-5 0.004398286 0.001058578 2.05172e-4 0.004398286 0.001043379 3.73544e-4 0.004398286 9.98313e-4 5.31524e-4 0.004398286 9.24646e-4 6.74311e-4 0.004398286 8.24665e-4 7.97568e-4 0.004398286 7.01408e-4 8.97549e-4 0.004398286 5.58621e-4 9.71216e-4 0.004398286 4.00641e-4 0.001016318 0.004398286 2.32269e-4 0.001031517 0.004398286 5.86207e-5 0.001016318 0.004398286 -1.15028e-4 9.71216e-4 0.004398286 -2.83399e-4 8.97549e-4 0.004398286 -4.41379e-4 7.97568e-4 0.004398286 -5.84167e-4 6.74311e-4 0.004398286 -7.07424e-4 5.31524e-4 0.004398286 -8.07405e-4 3.73544e-4 0.004398286 -8.81072e-4 2.05172e-4 0.004398286 -9.26187e-4 3.15237e-5 0.004398286 -9.41379e-4 3.15237e-5 0.004023253 6.83621e-4 1.40054e-4 0.004023253 6.74126e-4 2.45286e-4 0.004023253 6.45929e-4 3.44024e-4 0.004023253 5.99886e-4 4.33266e-4 0.004023253 5.37398e-4 5.10301e-4 0.004023253 4.60363e-4 5.7279e-4 0.004023253 3.71121e-4 6.18832e-4 0.004023253 2.72383e-4 6.47029e-4 0.004023253 1.67151e-4 6.56524e-4 0.004023253 5.86207e-5 6.47029e-4 0.004023253 -4.99094e-5 6.18832e-4 0.004023253 -1.55142e-4 5.7279e-4 0.004023253 -2.53879e-4 5.10301e-4 0.004023253 -3.43122e-4 4.33266e-4 0.004023253 -4.20157e-4 3.44024e-4 0.004023253 -4.82645e-4 2.45286e-4 0.004023253 -5.28687e-4 1.40054e-4 0.004023253 -5.56884e-4 3.15237e-5 0.004023253 -5.66379e-4 2.826e-4 0.00421077 8.31354e-4 5.09099e-4 0.00421077 7.15947e-4 6.8885e-4 0.00421077 5.36196e-4 8.04257e-4 0.00421077 3.09697e-4 8.44024e-4 0.00421077 5.86207e-5 8.04257e-4 0.00421077 -1.92456e-4 6.8885e-4 0.00421077 -4.18955e-4 5.09099e-4 0.00421077 -5.98706e-4 2.826e-4 0.00421077 -7.14113e-4 6.56524e-4 0.004023253 5.86207e-5 6.47029e-4 0.004023253 -4.99094e-5 6.18832e-4 0.004023253 -1.55142e-4 5.7279e-4 0.004023253 -2.53879e-4 5.10301e-4 0.004023253 -3.43122e-4 4.33266e-4 0.004023253 -4.20157e-4 3.44024e-4 0.004023253 -4.82645e-4 2.45286e-4 0.004023253 -5.28687e-4 1.40054e-4 0.004023253 -5.56884e-4 3.15237e-5 0.004023253 -5.66379e-4 -7.70064e-5 0.004023253 -5.56884e-4 -1.82239e-4 0.004023253 -5.28687e-4 -2.80976e-4 0.004023253 -4.82645e-4 -3.70219e-4 0.004023253 -4.20157e-4 -4.47254e-4 0.004023253 -3.43122e-4 -5.09742e-4 0.004023253 -2.53879e-4 -5.55784e-4 0.004023253 -1.55142e-4 -5.83981e-4 0.004023253 -4.99094e-5 -5.93476e-4 0.004023253 5.86207e-5 -3.89065e-4 0.004078626 5.86207e-5 -1.79952e-4 0.004112064 5.86207e-5 3.15237e-5 0.00412327 5.86207e-5 4.52112e-4 0.004078626 5.86207e-5 2.43e-4 0.004112064 5.86207e-5 -3.83782e-4 0.004054009 -2.57854e-4 3.15237e-5 0.004098117 -2.57854e-4 4.4683e-4 0.004054009 -2.57854e-4 -5.93476e-4 0.004023253 5.86207e-5 -3.89065e-4 0.004078626 5.86207e-5 -1.79952e-4 0.004112064 5.86207e-5 3.15237e-5 0.00412327 5.86207e-5 -5.83981e-4 0.004023253 1.67151e-4 -5.55784e-4 0.004023253 2.72383e-4 -5.09742e-4 0.004023253 3.71121e-4 -4.47254e-4 0.004023253 4.60363e-4 -3.70219e-4 0.004023253 5.37398e-4 -2.80976e-4 0.004023253 5.99886e-4 -1.82239e-4 0.004023253 6.45929e-4 -7.70064e-5 0.004023253 6.74126e-4 3.15237e-5 0.004023253 6.83621e-4 1.40054e-4 0.004023253 6.74126e-4 2.45286e-4 0.004023253 6.45929e-4 3.44024e-4 0.004023253 5.99886e-4 4.33266e-4 0.004023253 5.37398e-4 5.10301e-4 0.004023253 4.60363e-4 5.7279e-4 0.004023253 3.71121e-4 6.18832e-4 0.004023253 2.72383e-4 6.47029e-4 0.004023253 1.67151e-4 6.56524e-4 0.004023253 5.86207e-5 4.52112e-4 0.004078626 5.86207e-5 2.43e-4 0.004112064 5.86207e-5 -3.83782e-4 0.004054009 3.75095e-4 3.15237e-5 0.004098117 3.75095e-4 4.4683e-4 0.004054009 3.75095e-4</float_array>
          <technique_common>
            <accessor source="#SHELL_005-mesh-positions-array" count="454" stride="3">
              <param name="X" type="float"/>
              <param name="Y" type="float"/>
              <param name="Z" type="float"/>
            </accessor>
          </technique_common>
        </source>
        <source id="SHELL_005-mesh-normals">
          <float_array id="SHELL_005-mesh-normals-array" count="1074">0.2185266 0.707098 0.6725018 2.64832e-5 0.7071145 0.7070991 0.1227793 0.7071182 0.6963541 0.2418528 0.7071101 0.6644567 0.3535306 0.7071214 0.6123688 3.23057e-5 0.7071009 0.7071127 0.1227914 0.707112 0.6963583 0.2418783 0.7070974 0.6644609 0.3535447 0.707094 0.6123923 0.415628 0.7070978 0.5720717 0.454515 0.7070987 0.5416896 0.541652 0.7071194 0.4545277 0.4545156 0.7071092 0.5416754 0.541675 0.7071085 0.454517 0.5720406 0.7071251 0.4156244 0.6123757 0.7070963 0.3535687 0.6123934 0.707093 0.3535448 0.6725065 0.7070993 0.218508 0.6644567 0.70711 0.241853 0.6963525 0.7071198 0.12278 0.6644642 0.7071101 0.2418321 0.6963665 0.7071046 0.1227875 0.7070953 0.7071183 3.80096e-7 0.6963664 0.7071048 -0.1227871 0.7071068 0.7071068 0 0.7071061 0.7071076 0 0.6963526 0.7071198 -0.1227797 0.6725065 0.7070994 -0.2185077 0.6644639 0.7071102 -0.2418321 0.6123934 0.7070932 -0.3535442 0.6644567 0.7071099 -0.2418531 0.6123756 0.7070963 -0.3535688 0.5720347 0.70713 -0.4156244 0.5416751 0.7071084 -0.4545172 0.5416516 0.7071197 -0.4545277 0.4545275 0.7071201 -0.5416512 0.4156252 0.7071236 -0.5720419 0.4545161 0.7071087 -0.5416757 0.353545 0.7070938 -0.6123923 0.3535306 0.7071214 -0.6123688 0.2185264 0.7070977 -0.6725021 0.2418791 0.7070971 -0.6644608 0.1227899 0.7071124 -0.6963582 3.07523e-5 0.7070982 -0.7071154 2.73511e-5 0.7071117 -0.707102 0.2418531 0.7071101 -0.6644566 0.1227782 0.707118 -0.6963546 0.1490117 1.43262e-5 0.9888355 6.50946e-6 -1.51992e-6 1 0.1736488 3.15579e-6 0.9848077 1.51768e-5 -3.5861e-6 1 0.2947589 -7.08038e-6 0.9555717 0.3420196 -8.84291e-6 0.9396929 0.4338835 1.73738e-6 0.900969 0.5000004 2.06316e-5 0.8660253 0.5633204 1.39978e-6 0.8262386 0.6427884 -9.25828e-6 0.7660439 0.6801871 3.60706e-5 0.7330386 0.7660444 2.9467e-6 0.6427876 0.781851 1.43759e-5 0.6234653 0.8660202 1.14727e-5 0.5000091 0.8660205 0 0.5000087 0.9396919 0 0.3420221 0.9396913 0 0.3420239 0.984808 0 0.1736465 0.8660349 -4.18238e-6 0.4999837 0.9848075 0 0.1736497 1 0 0 1 0 0 0.9848079 0 -0.1736481 0.9848078 0 -0.1736481 0.9396914 0 -0.3420236 0.9396919 0 -0.3420224 0.8660205 0 -0.5000086 0.8660203 1.16329e-5 -0.500009 0.7818507 1.41235e-5 -0.6234657 0.7660443 3.15951e-6 -0.6427878 0.8660347 -4.16264e-6 -0.4999839 0.6801872 3.61013e-5 -0.7330385 0.6427881 -8.95839e-6 -0.7660441 0.5633203 1.2056e-6 -0.8262386 0.4999996 2.02926e-5 -0.8660256 0.4338835 1.46311e-6 -0.900969 0.342019 -8.99192e-6 -0.9396931 0.2947591 -6.92066e-6 -0.9555717 0.1736483 3.22191e-6 -0.9848078 0.1490117 1.43402e-5 -0.9888355 6.3926e-6 -1.56322e-6 -1 1.62125e-5 -3.56918e-6 -1 0.552838 0.7071066 0.4408748 0.6123629 0.7071079 0.3535677 0.6123661 0.7071042 0.3535696 0.552838 0.7071067 0.4408745 0.4809544 0.7071067 0.5183466 0.4809543 0.7071068 0.5183464 0.3983265 0.7071069 0.5842396 0.3983269 0.7071067 0.5842396 0.3068013 0.7071067 0.6370818 0.3068014 0.7071067 0.6370818 0.2084224 0.7071064 0.6756927 0.2084223 0.7071066 0.6756926 0.1053882 0.7071065 0.6992094 0.105388 0.7071067 0.6992092 1.70621e-5 0.7071064 0.7071072 1.5974e-5 0.707106 0.7071076 -0.5000002 0 0.8660253 -0.5000002 0 -0.8660253 0.1053896 0.7071064 -0.6992092 1.66744e-5 0.7071076 -0.7071059 1.69032e-5 0.7071043 -0.7071093 0.1053899 0.7071067 -0.699209 0.2084239 0.7071066 -0.6756921 0.2084248 0.7071065 -0.6756919 0.3068029 0.7071069 -0.6370807 0.3068032 0.7071065 -0.6370811 0.3983283 0.7071071 -0.5842381 0.398328 0.7071066 -0.584239 0.4809558 0.7071069 -0.5183449 0.4809553 0.7071065 -0.5183458 0.5528393 0.7071067 -0.4408731 0.5528388 0.7071065 -0.4408736 0.6123642 0.7071064 -0.3535684 0.6123647 0.7071057 -0.353569 -0.6582277 0.7071067 0.2583342 -0.6123792 0.7071084 0.3535384 -0.6123828 0.7071043 0.3535404 -0.6582276 0.7071065 0.2583348 -0.6893788 0.7071064 0.1573452 -0.6893786 0.7071066 0.1573452 -0.7051298 0.7071067 0.052841 -0.7051297 0.7071068 0.05284065 -0.7051295 0.7071069 -0.05284309 -0.7051299 0.7071064 -0.05284273 -0.6893781 0.7071066 -0.1573472 -0.6893786 0.7071062 -0.1573465 -0.6582272 0.7071068 -0.2583351 -0.6582272 0.7071068 -0.2583351 -0.6123815 0.707106 -0.3535394 -0.612381 0.7071068 -0.3535385 0 1 0 0 1 1.74586e-6 0 1 -9.52286e-7 0 1 9.52286e-7 0 1 4.76143e-7 0 1 8.72927e-7 0 1 2.61879e-6 0 1 7.14215e-7 0 1 4.36464e-7 0 1 8.72929e-7 0 1 -1.90457e-6 0 1 2.97589e-7 0 1 -9.52286e-7 0 1 1.90457e-6 0 1 9.52285e-7 0 1 -8.72929e-7 0 1 8.72929e-7 0 1 -1.90457e-6 0 1 1.30939e-6 0 1 -2.61879e-6 0 1 -7.14215e-7 0 1 -2.38072e-7 0 1 -7.14215e-7 0 1 4.76141e-7 0 1 -8.72929e-7 0 1 1.90457e-6 0 1 -8.72929e-7 -4.34741e-5 -7.77096e-6 -1 -1.91107e-5 4.16264e-6 -1 -0.173632 -2.93157e-5 -0.9848106 -0.1489797 2.30951e-5 -0.9888403 -1.57654e-5 -3.5861e-6 -1 -0.29475 2.13964e-5 -0.9555745 -0.3420205 1.3188e-5 -0.9396926 -0.4338811 3.85521e-5 -0.9009702 -0.4999998 7.36862e-6 -0.8660256 -0.5633224 3.85423e-5 -0.8262373 -0.6427871 1.31154e-5 -0.7660449 -0.680186 6.89533e-5 -0.7330396 -0.7660394 1.38301e-5 -0.6427935 -0.8660159 -3.1828e-6 -0.5000165 -0.8660308 1.17612e-5 -0.4999906 -0.7818419 6.08858e-6 -0.6234768 -0.9308788 -6.20971e-6 -0.3653283 -0.9396927 3.51574e-6 -0.3420199 -0.8660174 -3.56918e-6 -0.5000141 -0.9749235 3.64678e-5 -0.2225404 -0.9848077 -8.70135e-6 -0.1736491 -0.9972038 1.54972e-6 -0.07473027 -1 2.04323e-5 -4.53453e-7 -0.9972038 1.52411e-6 0.07473039 -0.9848077 -8.70694e-6 0.173649 -0.9749234 3.6642e-5 0.2225404 -0.9396929 3.59165e-6 0.3420196 -0.9308788 -6.18154e-6 0.3653284 -0.8660308 1.18462e-5 0.4999908 -0.8660303 0 0.4999914 -0.7660459 0 0.6427859 -0.766047 0 0.6427846 -0.6427868 0 0.7660452 -0.866016 -4.18238e-6 0.5000163 -0.642789 0 0.7660434 -0.5000002 0 0.8660253 -0.4999995 0 0.8660258 -0.3420187 0 0.9396932 -0.3420218 0 0.9396921 -0.1736446 0 0.9848084 -0.1736459 0 0.9848082 -1.89021e-5 -4.17961e-6 1 -1.82316e-5 4.18238e-6 1 -1.86265e-5 -4.16264e-6 1 0 1 -1.05809e-6 0 1 3.66345e-6 0 1 -1.65167e-7 0 1 -4.25779e-6 0 1 -2.72082e-7 0 1 2.9929e-6 0 1 1.02044e-6 0 1 -1.08833e-6 0 1 -1.02167e-6 0 1 1.06445e-6 0 1 -5.11203e-7 0 1 4.0024e-6 0 1 1.0039e-6 0 1 -1.02167e-6 0 1 5.11203e-7 0 1 -4.0024e-6 0 1 2.0034e-6 0 1 1.02167e-6 0 1 1.23278e-6 0 1 5.11326e-7 0 1 -1.02044e-6 0 1 1.0224e-6 0 1 4.25779e-6 0 1 3.71925e-6 0 1 4.60003e-7 0 1 -5.40126e-7 0 1 -7.55419e-7 0 1 1.33056e-7 0 1 -1.4877e-6 0 1 -1.27004e-6 0 1 -1.63674e-6 0 1 9.20006e-7 0 1 -5.32223e-7 0 1 2.70063e-7 0 1 -5.01952e-7 0 1 1.08833e-6 0 1 -1.35616e-6 0 1 1.02167e-6 0 1 -1.50255e-6 0 1 1.0006e-6 0 1 -1.33056e-7 0 1 7.55419e-7 0 1 5.00301e-7 0 1 1.50585e-6 0 1 -1.0224e-6 0 1 -2.04334e-6 0 1 5.0085e-7 -0.2185261 0.7070976 -0.6725023 -2.6221e-5 0.7071159 -0.7070978 -0.1227769 0.7071194 -0.6963534 -0.2418535 0.7071104 -0.6644561 -0.3535695 0.7070961 -0.6123755 -3.29241e-5 0.7071031 -0.7071105 -0.1227907 0.707111 -0.6963595 -0.2418343 0.7071096 -0.664464 -0.3535451 0.7070937 -0.6123923 -0.4156246 0.7071249 -0.5720407 -0.4545269 0.7071198 -0.5416522 -0.4545181 0.7071079 -0.541675 -0.5720368 0.7071285 -0.4156242 -0.5416517 0.70712 -0.4545271 -0.6123687 0.7071216 -0.3535304 -0.5416756 0.7071096 -0.4545148 -0.6123934 0.707093 -0.3535447 -0.6725064 0.7070995 -0.2185075 -0.664457 0.7071098 -0.2418529 -0.6963527 0.7071196 -0.1227801 -0.6644639 0.7071104 -0.241832 -0.6963664 0.7071048 -0.1227877 -0.7070954 0.7071182 0 -0.707107 0.7071067 0 -0.6963526 0.7071197 0.1227803 -0.7071066 0.7071071 0 -0.6963665 0.7071048 0.1227872 -0.6725066 0.7070993 0.2185075 -0.6644569 0.7071099 0.2418527 -0.6123686 0.7071215 0.3535308 -0.6644642 0.7071101 0.241832 -0.6123933 0.707093 0.3535449 -0.5720698 0.7070994 0.4156278 -0.5416514 0.70712 0.4545273 -0.4545274 0.7071195 0.541652 -0.5416758 0.707108 0.454517 -0.4156247 0.7071236 0.5720422 -0.3535693 0.707096 0.6123759 -0.4545157 0.7071089 0.5416758 -0.3535445 0.707094 0.6123924 -0.2185262 0.7070977 0.6725023 -0.2418534 0.7071102 0.6644563 -0.1227766 0.7071191 0.6963539 -2.87965e-5 0.7071102 0.7071034 -0.2418784 0.7070976 0.6644606 -0.1227904 0.7071112 0.6963593 -3.11111e-5 0.7070974 0.7071163 -0.2099626 0.9777094 -1.89096e-5 -0.3072533 0.9500846 -0.05417448 -0.3120204 0.9500754 3.0566e-6 -0.2931832 0.9500828 -0.1067069 0.3072522 0.9500845 -0.05418181 0.2099631 0.9777094 -1.84849e-5 0.3119796 0.9500888 -1.52481e-5 0.2931822 0.9500829 -0.1067094 -0.2073366 0.9654279 -0.157989 -0.1559996 0.9500859 -0.2701869 -0.2005379 0.9500868 -0.2389975 -0.239017 0.9500775 -0.2005588 -0.2702013 0.950082 -0.1559988 -0.1055684 0.9944121 -6.06477e-6 3.05939e-7 0.9874433 -0.157974 0.1559879 0.9500854 -0.2701957 0.1067044 0.950084 -0.2931802 0.05417549 0.9500795 -0.3072687 -5.50644e-6 0.9500852 -0.3119906 -0.05418688 0.9500794 -0.307267 -0.1067078 0.9500845 -0.2931774 3.72369e-6 1 -2.93031e-5 0.1055775 0.9944112 -4.76092e-6 0.2073335 0.9654276 -0.1579943 0.2702029 0.9500818 -0.1559966 0.2390163 0.9500774 -0.2005597 0.2005362 0.9500865 -0.2389994 -0.2099631 0.9777094 1.90586e-5 -0.3119763 0.9500899 1.06222e-5 -0.307253 0.9500845 0.05417716 -0.2931821 0.9500829 0.1067095 0.3072525 0.9500845 0.05417948 0.2099626 0.9777095 1.84104e-5 0.2931832 0.9500828 0.1067069 0.3119786 0.9500892 1.28727e-5 -0.207333 0.9654276 0.1579955 -0.1055776 0.9944111 6.06477e-6 -0.2702031 0.9500818 0.1559967 -0.2390163 0.9500774 0.2005597 -0.200536 0.9500867 0.2389993 -0.1559879 0.9500858 0.2701941 5.06723e-7 0.9874433 0.157974 -3.73321e-6 1 2.93031e-5 -0.1067045 0.9500845 0.2931784 -0.05417543 0.9500795 0.3072687 5.50225e-6 0.9500852 0.3119906 0.05418688 0.9500795 0.307267 0.1067168 0.9500838 0.2931762 0.1559995 0.9500855 0.2701885 0.1055684 0.9944121 4.76092e-6 0.2073366 0.965428 0.1579887 0.2005378 0.9500868 0.2389975 0.239017 0.9500775 0.2005589 0.2702013 0.950082 0.1559987</float_array>
          <technique_common>
            <accessor source="#SHELL_005-mesh-normals-array" count="358" stride="3">
              <param name="X" type="float"/>
              <param name="Y" type="float"/>
              <param name="Z" type="float"/>
            </accessor>
          </technique_common>
        </source>
        <vertices id="SHELL_005-mesh-vertices">
          <input semantic="POSITION" source="#SHELL_005-mesh-positions"/>
        </vertices>
        <triangles material="mat_2-material" count="392">
          <input semantic="VERTEX" source="#SHELL_005-mesh-vertices" offset="0"/>
          <input semantic="NORMAL" source="#SHELL_005-mesh-normals" offset="1"/>
          <p>38 0 11 1 12 2 38 0 12 2 13 3 38 0 13 3 14 4 38 0 29 5 11 1 38 0 30 6 29 5 38 0 31 7 30 6 38 0 32 8 31 7 39 9 32 8 38 0 39 9 14 4 15 10 39 9 15 10 16 11 39 9 33 12 32 8 39 9 34 13 33 12 39 9 38 0 14 4 40 14 16 11 17 15 40 14 35 16 34 13 40 14 39 9 16 11 40 14 34 13 39 9 41 17 35 16 40 14 41 17 17 15 18 18 41 17 18 18 19 19 41 17 36 20 35 16 41 17 37 21 36 20 41 17 40 14 17 15 42 22 1 23 0 24 42 22 19 19 20 25 42 22 20 25 21 26 42 22 0 24 37 21 42 22 41 17 19 19 42 22 37 21 41 17 43 27 2 28 1 23 43 27 3 29 2 28 43 27 1 23 42 22 43 27 21 26 22 30 43 27 22 30 23 31 43 27 42 22 21 26 44 32 4 33 3 29 44 32 23 31 24 34 44 32 24 34 25 35 44 32 3 29 43 27 44 32 43 27 23 31 45 36 5 37 4 33 45 36 6 38 5 37 45 36 25 35 26 39 45 36 4 33 44 32 45 36 44 32 25 35 46 40 7 41 6 38 46 40 8 42 7 41 46 40 9 43 8 42 46 40 10 44 9 43 46 40 26 39 27 45 46 40 27 45 28 46 46 40 28 46 10 44 46 40 6 38 45 36 46 40 45 36 26 39 83 47 65 48 64 49 83 47 82 50 65 48 84 51 64 49 63 52 84 51 83 47 64 49 85 53 63 52 62 54 85 53 84 51 63 52 86 55 62 54 61 56 86 55 85 53 62 54 87 57 61 56 60 58 87 57 86 55 61 56 88 59 60 58 59 60 88 59 87 57 60 58 81 61 59 60 58 62 81 61 88 59 59 60 76 63 58 62 57 64 76 63 75 65 81 61 76 63 81 61 58 62 77 66 57 64 56 67 77 66 76 63 57 64 78 68 77 66 56 67 79 69 55 70 54 71 79 69 56 67 55 70 79 69 78 68 56 67 80 72 79 69 54 71 67 73 54 71 53 74 67 73 80 72 54 71 68 75 67 73 53 74 68 75 53 74 52 76 74 77 80 72 67 73 69 78 68 75 52 76 69 78 52 76 51 79 70 80 51 79 50 81 70 80 69 78 51 79 71 82 50 81 49 83 71 82 70 80 50 81 72 84 49 83 48 85 72 84 71 82 49 83 73 86 48 85 47 87 73 86 72 84 48 85 66 88 73 86 47 87 96 89 97 90 98 91 96 89 98 91 104 92 95 93 104 92 103 94 95 93 96 89 104 92 94 95 103 94 102 96 94 95 95 93 103 94 93 97 102 96 101 98 93 97 94 95 102 96 92 99 101 98 100 100 92 99 93 97 101 98 91 101 100 100 99 102 91 101 92 99 100 100 90 103 99 102 89 104 90 103 91 101 99 102 107 105 105 105 106 105 109 106 108 106 110 106 118 107 119 108 120 109 118 107 120 109 126 110 117 111 126 110 125 112 117 111 118 107 126 110 116 113 125 112 124 114 116 113 117 111 125 112 115 115 124 114 123 116 115 115 116 113 124 114 114 117 123 116 122 118 114 117 115 115 123 116 113 119 122 118 121 120 113 119 114 117 122 118 112 121 121 120 111 122 112 121 113 119 121 120 129 68 127 68 128 68 131 105 130 105 132 105 140 123 141 124 142 125 140 123 142 125 148 126 139 127 148 126 147 128 139 127 140 123 148 126 138 129 147 128 146 130 138 129 139 127 147 128 137 131 146 130 145 132 137 131 138 129 146 130 136 133 145 132 144 134 136 133 137 131 145 132 135 135 143 136 133 137 135 135 144 134 143 136 135 135 136 133 144 134 134 138 135 135 133 137 151 106 149 106 150 106 201 139 183 139 182 139 201 140 184 140 183 140 201 141 202 141 184 141 203 139 185 139 184 139 203 139 184 139 202 139 200 139 201 139 182 139 204 139 186 139 185 139 204 142 185 142 203 142 199 139 182 139 181 139 199 139 200 139 182 139 180 139 199 139 181 139 205 139 187 139 186 139 205 143 186 143 204 143 198 139 199 139 180 139 179 144 198 144 180 144 206 145 187 145 205 145 206 139 152 139 187 139 197 139 198 139 179 139 178 139 197 139 179 139 207 139 153 139 152 139 207 139 152 139 206 139 196 139 197 139 178 139 208 139 154 139 153 139 208 146 153 146 207 146 195 147 178 147 177 147 195 139 196 139 178 139 155 148 154 148 208 148 176 139 195 139 177 139 209 149 155 149 208 149 194 150 195 150 176 150 210 139 156 139 155 139 210 151 155 151 209 151 193 139 176 139 175 139 193 139 194 139 176 139 192 139 193 139 175 139 157 139 156 139 210 139 157 139 210 139 211 139 174 139 192 139 175 139 158 139 157 139 211 139 158 139 211 139 212 139 173 152 191 152 192 152 173 139 192 139 174 139 159 153 212 153 213 153 159 154 158 154 212 154 172 155 191 155 173 155 172 149 190 149 191 149 214 139 159 139 213 139 160 139 159 139 214 139 171 156 189 156 190 156 171 157 190 157 172 157 188 158 189 158 171 158 161 159 214 159 215 159 161 144 160 144 214 144 170 139 188 139 171 139 162 139 161 139 215 139 162 160 215 160 216 160 169 139 223 139 188 139 169 139 188 139 170 139 222 161 223 161 169 161 163 162 216 162 217 162 163 139 162 139 216 139 168 139 222 139 169 139 164 139 163 139 217 139 164 139 217 139 218 139 167 163 222 163 168 163 167 164 221 164 222 164 165 139 218 139 219 139 165 139 164 139 218 139 166 155 221 155 167 155 166 165 165 165 219 165 166 139 219 139 220 139 166 139 220 139 221 139 225 166 224 167 243 168 262 169 261 170 225 166 262 169 225 166 243 168 263 171 243 168 242 172 263 171 262 169 243 168 264 173 242 172 241 174 264 173 263 171 242 172 265 175 241 174 240 176 265 175 264 173 241 174 266 177 240 176 239 178 266 177 265 175 240 176 253 179 239 178 238 180 267 181 266 177 239 178 267 181 239 178 253 179 254 182 238 180 237 183 254 182 253 179 238 180 260 184 267 181 253 179 255 185 237 183 236 186 255 185 254 182 237 183 256 187 236 186 235 188 256 187 255 185 236 186 257 189 235 188 234 190 257 189 256 187 235 188 258 191 234 190 233 192 258 191 257 189 234 190 259 193 233 192 232 194 259 193 258 191 233 192 252 195 232 194 231 196 252 195 259 193 232 194 247 197 231 196 230 198 247 197 252 195 231 196 247 197 246 199 252 195 248 200 230 198 229 201 248 200 247 197 230 198 249 202 248 200 229 201 250 203 229 201 228 204 250 203 249 202 229 201 251 205 228 204 227 206 251 205 250 203 228 204 244 207 227 206 226 208 244 207 251 205 227 206 245 209 251 205 244 207 269 68 268 68 270 68 278 210 271 210 272 210 278 139 272 139 273 139 310 211 275 211 276 211 310 139 276 139 277 139 331 212 278 212 273 212 330 213 278 213 331 213 332 214 273 214 274 214 332 215 331 215 273 215 329 216 285 216 278 216 329 139 278 139 330 139 333 217 274 217 275 217 333 139 275 139 310 139 333 215 332 215 274 215 328 218 284 218 285 218 328 139 285 139 329 139 334 219 333 219 310 219 327 220 283 220 284 220 327 139 284 139 328 139 335 139 334 139 310 139 335 139 310 139 311 139 326 139 282 139 283 139 326 221 283 221 327 221 336 222 335 222 311 222 336 223 311 223 312 223 325 224 281 224 282 224 325 225 282 225 326 225 337 139 312 139 313 139 337 226 336 226 312 226 324 227 280 227 281 227 324 139 281 139 325 139 293 228 286 228 279 228 338 229 313 229 314 229 338 139 337 139 313 139 323 230 279 230 280 230 323 139 280 139 324 139 339 139 338 139 314 139 322 139 279 139 323 139 315 231 339 231 314 231 340 139 339 139 315 139 321 232 279 232 322 232 292 139 293 139 279 139 316 227 340 227 315 227 341 139 340 139 316 139 291 233 321 233 320 233 291 234 292 234 279 234 291 235 279 235 321 235 309 236 342 236 341 236 309 237 343 237 342 237 309 139 341 139 316 139 290 238 320 238 319 238 290 239 291 239 320 239 304 139 309 139 303 139 305 240 344 240 343 240 305 139 309 139 304 139 305 139 343 139 309 139 294 241 289 241 290 241 294 139 318 139 317 139 294 242 319 242 318 242 294 243 290 243 319 243 288 139 289 139 294 139 301 244 317 244 352 244 301 139 294 139 317 139 287 139 288 139 294 139 306 245 344 245 305 245 306 246 345 246 344 246 300 247 301 247 352 247 300 248 352 248 351 248 299 139 300 139 351 139 299 249 351 249 350 249 295 250 346 250 345 250 295 251 347 251 346 251 307 139 345 139 306 139 307 139 295 139 345 139 298 139 299 139 350 139 298 252 350 252 349 252 296 139 347 139 295 139 296 253 348 253 347 253 297 254 298 254 349 254 297 255 348 255 296 255 297 256 349 256 348 256 308 139 295 139 307 139 302 139 295 139 308 139 391 257 353 258 354 259 391 257 354 259 355 260 391 257 355 260 356 261 391 257 372 262 353 258 391 257 373 263 372 262 391 257 374 264 373 263 391 257 375 265 374 264 392 266 356 261 357 267 392 266 376 268 375 265 392 266 391 257 356 261 392 266 375 265 391 257 393 269 357 267 358 270 393 269 358 270 359 271 393 269 377 272 376 268 393 269 378 273 377 272 393 269 376 268 392 266 393 269 392 266 357 267 394 274 359 271 360 275 394 274 360 275 361 276 394 274 379 277 378 273 394 274 380 278 379 277 394 274 393 269 359 271 394 274 378 273 393 269 395 279 361 276 362 280 395 279 380 278 394 274 395 279 362 280 363 281 395 279 381 282 380 278 395 279 382 283 381 282 395 279 394 274 361 276 396 284 363 281 364 285 396 284 364 285 365 286 396 284 383 287 382 283 396 284 384 288 383 287 396 284 395 279 363 281 396 284 382 283 395 279 397 289 365 286 366 290 397 289 366 290 367 291 397 289 385 292 384 288 397 289 396 284 365 286 397 289 384 288 396 284 398 293 397 289 367 291 398 293 367 291 368 294 398 293 386 295 385 292 398 293 387 296 386 295 398 293 385 292 397 289 399 297 368 294 369 298 399 297 369 298 370 299 399 297 370 299 371 300 399 297 388 301 387 296 399 297 389 302 388 301 399 297 390 303 389 302 399 297 371 300 390 303 399 297 387 296 398 293 399 297 398 293 368 294</p>
        </triangles>
        <triangles material="mat_8-material" count="56">
          <input semantic="VERTEX" source="#SHELL_005-mesh-vertices" offset="0"/>
          <input semantic="NORMAL" source="#SHELL_005-mesh-normals" offset="1"/>
          <p>419 304 417 305 418 306 416 307 417 305 419 304 401 308 422 309 400 310 402 311 422 309 401 308 424 312 412 313 413 314 424 312 413 314 414 315 424 312 414 315 415 316 424 312 415 316 416 307 424 312 419 304 420 317 424 312 416 307 419 304 425 318 406 319 407 320 425 318 407 320 408 321 425 318 408 321 409 322 425 318 409 322 410 323 425 318 410 323 411 324 425 318 411 324 412 313 425 318 420 317 421 325 425 318 421 325 423 326 425 318 412 313 424 312 425 318 424 312 420 317 426 327 402 311 403 328 426 327 403 328 404 329 426 327 404 329 405 330 426 327 405 330 406 319 426 327 423 326 422 309 426 327 425 318 423 326 426 327 406 319 425 318 426 327 422 309 402 311 428 331 427 332 431 333 428 331 431 333 432 334 447 335 449 336 446 337 448 338 449 336 447 335 451 339 429 340 428 331 451 339 432 334 433 341 451 339 433 341 434 342 451 339 434 342 435 343 451 339 435 343 436 344 451 339 428 331 432 334 452 345 430 346 429 340 452 345 436 344 437 347 452 345 437 347 438 348 452 345 438 348 439 349 452 345 439 349 440 350 452 345 440 350 441 351 452 345 441 351 442 352 452 345 450 353 430 346 452 345 451 339 436 344 452 345 429 340 451 339 453 354 442 352 443 355 453 354 443 355 444 356 453 354 444 356 445 357 453 354 445 357 446 337 453 354 449 336 450 353 453 354 450 353 452 345 453 354 452 345 442 352 453 354 446 337 449 336</p>
        </triangles>
      </mesh>
    </geometry>
    <geometry id="SHELL_004-mesh" name="SHELL.004">
      <mesh>
        <source id="SHELL_004-mesh-positions">
          <float_array id="SHELL_004-mesh-positions-array" count="840">3.15237e-5 0.003198266 0.002858579 3.15237e-5 0.003598272 0.003258585 -5.2415e-4 0.003598272 0.003209948 -0.001062929 0.003598272 0.003065586 -0.001568436 0.003598272 0.002829849 -0.002025365 0.003598272 0.002509951 -0.002419769 0.003598272 0.002115488 -0.002739727 0.003598272 0.001658618 -0.002975463 0.003598272 0.001153051 -0.003119826 0.003598272 6.14295e-4 -0.003168463 0.003598272 5.86207e-5 -0.003119826 0.003598272 -4.97053e-4 -0.002975463 0.003598272 -0.001035809 -0.002739727 0.003598272 -0.001541376 -0.002419769 0.003598272 -0.001998245 -0.002025365 0.003598272 -0.002392709 -0.001568436 0.003598272 -0.002712607 -0.001062929 0.003598272 -0.002948343 -5.2415e-4 0.003598272 -0.003092706 3.15237e-5 0.003598272 -0.003141343 3.15237e-5 0.003198266 -0.002741336 -4.54691e-4 0.003198266 -0.002698838 -9.26133e-4 0.003198266 -0.002572476 -0.001368463 0.003198266 -0.002366244 -0.001768231 0.003198266 -0.002086281 -0.002113342 0.003198266 -0.00174117 -0.002393305 0.003198266 -0.001341342 -0.002599596 0.003198266 -8.99036e-4 -0.002725899 0.003198266 -4.27594e-4 -0.002768456 0.003198266 5.86207e-5 -0.002725899 0.003198266 5.44836e-4 -0.002599596 0.003198266 0.001016259 -0.002393305 0.003198266 0.001458585 -0.002113342 0.003198266 0.001858413 -0.001768231 0.003198266 0.002203524 -0.001368463 0.003198266 0.002483487 -9.26133e-4 0.003198266 0.002689719 -4.54691e-4 0.003198266 0.002816081 3.15237e-5 0.003598272 0.003858566 6.91387e-4 0.003598272 0.003800868 0.00133115 0.003598272 0.003629446 0.001931488 0.003598272 0.003349483 0.002474069 0.003598272 0.002969563 0.002942442 0.003598272 0.002501189 0.003322362 0.003598272 0.001958608 0.003602325 0.003598272 0.00135827 0.003773748 0.003598272 7.18484e-4 0.003831505 0.003598272 5.86207e-5 0.003773748 0.003598272 -6.01242e-4 0.003602325 0.003598272 -0.001241028 0.003322362 0.003598272 -0.001841366 0.002942442 0.003598272 -0.002383947 0.002474069 0.003598272 -0.00285232 0.001931488 0.003598272 -0.00323224 0.00133115 0.003598272 -0.003512203 6.91387e-4 0.003598272 -0.003683626 3.15237e-5 0.003598272 -0.003741323 3.15237e-5 0.002698242 0.003858566 6.91387e-4 0.002698242 0.003800868 0.00133115 0.002698242 0.003629446 0.001931488 0.002698242 0.003349483 0.002474069 0.002698242 0.002969563 0.002942442 0.002698242 0.002501189 0.003322362 0.002698242 0.001958608 0.003602325 0.002698242 0.00135827 0.003773748 0.002698242 7.18484e-4 0.003831505 0.002698242 5.86207e-5 0.003773748 0.002698242 -6.01242e-4 0.003602325 0.002698242 -0.001241028 0.003322362 0.002698242 -0.001841366 0.002942442 0.002698242 -0.002383947 0.002474069 0.002698242 -0.00285232 0.001931488 0.002698242 -0.00323224 0.00133115 0.002698242 -0.003512203 6.91387e-4 0.002698242 -0.003683626 3.15237e-5 0.002698242 -0.003741323 -0.003968417 0.002698242 -0.003941357 -0.003968417 -3.51699e-4 -0.003941357 -0.003968417 0.002698242 0.004058599 -0.003968417 -3.51699e-4 0.004058599 0.004031479 0.002698242 -0.003941357 0.004031479 -3.51699e-4 -0.003941357 -0.003968417 0.002698242 -0.003941357 -0.003968417 -3.51699e-4 -0.003941357 0.004031479 0.002698242 0.004058599 0.004031479 -3.51699e-4 0.004058599 0.004031479 0.002698242 -0.003941357 0.004031479 -3.51699e-4 -0.003941357 -0.003968417 0.002698242 0.004058599 -0.003968417 -3.51699e-4 0.004058599 0.004031479 0.002698242 0.004058599 0.004031479 -3.51699e-4 0.004058599 -0.003968417 0.002698242 0.004058599 0.004031479 0.002698242 0.004058599 0.004031479 0.002698242 -0.003941357 -0.003968417 0.002698242 -0.003941357 3.15237e-5 0.002698242 -0.003741323 -6.28339e-4 0.002698242 -0.003683626 -0.001268148 0.002698242 -0.003512203 -0.001868426 0.002698242 -0.00323224 -0.002411067 0.002698242 -0.00285232 -0.00287944 0.002698242 -0.002383947 -0.00325936 0.002698242 -0.001841366 -0.003539264 0.002698242 -0.001241028 -0.003710687 0.002698242 -6.01242e-4 -0.003768444 0.002698242 5.86207e-5 -0.003710687 0.002698242 7.18484e-4 -0.003539264 0.002698242 0.00135827 -0.00325936 0.002698242 0.001958608 -0.00287944 0.002698242 0.002501189 -0.002411067 0.002698242 0.002969563 -0.001868426 0.002698242 0.003349483 -0.001268148 0.002698242 0.003629446 -6.28339e-4 0.002698242 0.003800868 3.15237e-5 0.002698242 0.003858566 6.91387e-4 0.002698242 0.003800868 0.00133115 0.002698242 0.003629446 0.001931488 0.002698242 0.003349483 0.002474069 0.002698242 0.002969563 0.002942442 0.002698242 0.002501189 0.003322362 0.002698242 0.001958608 0.003602325 0.002698242 0.00135827 0.003773748 0.002698242 7.18484e-4 0.003831505 0.002698242 5.86207e-5 0.003773748 0.002698242 -6.01242e-4 0.003602325 0.002698242 -0.001241028 0.003322362 0.002698242 -0.001841366 0.002942442 0.002698242 -0.002383947 0.002474069 0.002698242 -0.00285232 0.001931488 0.002698242 -0.00323224 0.00133115 0.002698242 -0.003512203 6.91387e-4 0.002698242 -0.003683626 3.15237e-5 0.003598272 0.003858566 3.15237e-5 0.002698242 0.003858566 3.15237e-5 0.003598272 -0.003741323 -6.28339e-4 0.003598272 -0.003683626 -0.001268148 0.003598272 -0.003512203 -0.001868426 0.003598272 -0.00323224 -0.002411067 0.003598272 -0.00285232 -0.00287944 0.003598272 -0.002383947 -0.00325936 0.003598272 -0.001841366 -0.003539264 0.003598272 -0.001241028 -0.003710687 0.003598272 -6.01242e-4 -0.003768444 0.003598272 5.86207e-5 -0.003710687 0.003598272 7.18484e-4 -0.003539264 0.003598272 0.00135827 -0.00325936 0.003598272 0.001958608 -0.00287944 0.003598272 0.002501189 -0.002411067 0.003598272 0.002969563 -0.001868426 0.003598272 0.003349483 -0.001268148 0.003598272 0.003629446 -6.28339e-4 0.003598272 0.003800868 3.15237e-5 0.002698242 -0.003741323 -6.28339e-4 0.002698242 -0.003683626 -0.001268148 0.002698242 -0.003512203 -0.001868426 0.002698242 -0.00323224 -0.002411067 0.002698242 -0.00285232 -0.00287944 0.002698242 -0.002383947 -0.00325936 0.002698242 -0.001841366 -0.003539264 0.002698242 -0.001241028 -0.003710687 0.002698242 -6.01242e-4 -0.003768444 0.002698242 5.86207e-5 -0.003710687 0.002698242 7.18484e-4 -0.003539264 0.002698242 0.00135827 -0.00325936 0.002698242 0.001958608 -0.00287944 0.002698242 0.002501189 -0.002411067 0.002698242 0.002969563 -0.001868426 0.002698242 0.003349483 -0.001268148 0.002698242 0.003629446 -6.28339e-4 0.002698242 0.003800868 3.15237e-5 0.003598272 -0.003741323 -6.28339e-4 0.003598272 -0.003683626 -0.001268148 0.003598272 -0.003512203 -0.001868426 0.003598272 -0.00323224 -0.002411067 0.003598272 -0.00285232 -0.00287944 0.003598272 -0.002383947 -0.00325936 0.003598272 -0.001841366 -0.003539264 0.003598272 -0.001241028 -0.003710687 0.003598272 -6.01242e-4 -0.003768444 0.003598272 5.86207e-5 -0.003710687 0.003598272 7.18484e-4 -0.003539264 0.003598272 0.00135827 -0.00325936 0.003598272 0.001958608 -0.00287944 0.003598272 0.002501189 -0.002411067 0.003598272 0.002969563 -0.001868426 0.003598272 0.003349483 -0.001268148 0.003598272 0.003629446 -6.28339e-4 0.003598272 0.003800868 3.15237e-5 0.003598272 0.003858566 6.91387e-4 0.003598272 0.003800868 0.00133115 0.003598272 0.003629446 0.001931488 0.003598272 0.003349483 0.002474069 0.003598272 0.002969563 0.002942442 0.003598272 0.002501189 0.003322362 0.003598272 0.001958608 0.003602325 0.003598272 0.00135827 0.003773748 0.003598272 7.18484e-4 0.003831505 0.003598272 5.86207e-5 0.003773748 0.003598272 -6.01242e-4 0.003602325 0.003598272 -0.001241028 0.003322362 0.003598272 -0.001841366 0.002942442 0.003598272 -0.002383947 0.002474069 0.003598272 -0.00285232 0.001931488 0.003598272 -0.00323224 0.00133115 0.003598272 -0.003512203 6.91387e-4 0.003598272 -0.003683626 3.15237e-5 0.003598272 0.003258585 -5.2415e-4 0.003598272 0.003209948 -0.001062929 0.003598272 0.003065586 -0.001568436 0.003598272 0.002829849 -0.002025365 0.003598272 0.002509951 -0.002419769 0.003598272 0.002115488 -0.002739727 0.003598272 0.001658618 -0.002975463 0.003598272 0.001153051 -0.003119826 0.003598272 6.14295e-4 -0.003168463 0.003598272 5.86207e-5 -0.003119826 0.003598272 -4.97053e-4 -0.002975463 0.003598272 -0.001035809 -0.002739727 0.003598272 -0.001541376 -0.002419769 0.003598272 -0.001998245 -0.002025365 0.003598272 -0.002392709 -0.001568436 0.003598272 -0.002712607 -0.001062929 0.003598272 -0.002948343 -5.2415e-4 0.003598272 -0.003092706 3.15237e-5 0.003598272 -0.003141343 5.87198e-4 0.003598272 -0.003092706 0.001125931 0.003598272 -0.002948343 0.001631498 0.003598272 -0.002712607 0.002088427 0.003598272 -0.002392709 0.002482831 0.003598272 -0.001998245 0.002802789 0.003598272 -0.001541376 0.003038525 0.003598272 -0.001035809 0.003182888 0.003598272 -4.97053e-4 0.003231465 0.003598272 5.86207e-5 0.003182888 0.003598272 6.14295e-4 0.003038525 0.003598272 0.001153051 0.002802789 0.003598272 0.001658618 0.002482831 0.003598272 0.002115488 0.002088427 0.003598272 0.002509951 0.001631498 0.003598272 0.002829849 0.001125931 0.003598272 0.003065586 5.87198e-4 0.003598272 0.003209948 3.15237e-5 0.003598272 -0.003141343 5.87198e-4 0.003598272 -0.003092706 0.001125931 0.003598272 -0.002948343 0.001631498 0.003598272 -0.002712607 0.002088427 0.003598272 -0.002392709 0.002482831 0.003598272 -0.001998245 0.002802789 0.003598272 -0.001541376 0.003038525 0.003598272 -0.001035809 0.003182888 0.003598272 -4.97053e-4 0.003231465 0.003598272 5.86207e-5 0.003182888 0.003598272 6.14295e-4 0.003038525 0.003598272 0.001153051 0.002802789 0.003598272 0.001658618 0.002482831 0.003598272 0.002115488 0.002088427 0.003598272 0.002509951 0.001631498 0.003598272 0.002829849 0.001125931 0.003598272 0.003065586 5.87198e-4 0.003598272 0.003209948 3.15237e-5 0.003598272 0.003258585 3.15237e-5 0.003198266 0.002858579 5.17739e-4 0.003198266 0.002816081 9.8918e-4 0.003198266 0.002689719 0.001431465 0.003198266 0.002483487 0.001831293 0.003198266 0.002203524 0.002176403 0.003198266 0.001858413 0.002456367 0.003198266 0.001458585 0.002662658 0.003198266 0.001016259 0.00278896 0.003198266 5.44836e-4 0.002831518 0.003198266 5.86207e-5 0.00278896 0.003198266 -4.27594e-4 0.002662658 0.003198266 -8.99036e-4 0.002456367 0.003198266 -0.001341342 0.002176403 0.003198266 -0.00174117 0.001831293 0.003198266 -0.002086281 0.001431465 0.003198266 -0.002366244 9.8918e-4 0.003198266 -0.002572476 5.17739e-4 0.003198266 -0.002698838 3.15237e-5 0.003198266 -0.002741336</float_array>
          <technique_common>
            <accessor source="#SHELL_004-mesh-positions-array" count="280" stride="3">
              <param name="X" type="float"/>
              <param name="Y" type="float"/>
              <param name="Z" type="float"/>
            </accessor>
          </technique_common>
        </source>
        <source id="SHELL_004-mesh-normals">
          <float_array id="SHELL_004-mesh-normals-array" count="597">4.01227e-5 0.7071048 0.7071088 0.1227858 0.7071068 0.6963647 4.04268e-5 0.7071072 0.7071064 0.1227884 0.7071063 0.6963647 0.2418428 0.7071066 0.664464 0.2418453 0.7071066 0.6644631 0.3535512 0.7071068 0.6123737 0.3535539 0.707107 0.6123719 0.4545175 0.7071071 0.5416766 0.4545199 0.7071069 0.5416748 0.5416738 0.7071069 0.4545211 0.5416759 0.7071066 0.454519 0.6123713 0.7071068 0.3535552 0.6123728 0.7071068 0.3535526 0.6644622 0.7071069 0.2418468 0.6644634 0.7071068 0.2418439 0.6963636 0.7071071 0.1227902 0.6963644 0.7071068 0.1227871 0.7071065 0.7071072 2.81677e-6 0.7071064 0.7071072 -7.71614e-7 0.6963642 0.7071069 -0.1227877 0.696364 0.7071071 -0.122788 0.6644632 0.7071067 -0.2418444 0.6644632 0.7071068 -0.2418442 0.6123736 0.707107 -0.3535512 0.6123722 0.7071068 -0.353554 0.5416753 0.707107 -0.4545193 0.5416755 0.7071068 -0.4545193 0.4545194 0.7071068 -0.5416754 0.4545193 0.7071074 -0.5416746 0.3535557 0.707107 -0.6123709 0.3535526 0.7071066 -0.6123732 0.2418467 0.7071068 -0.6644623 0.2418439 0.7071067 -0.6644635 0.1227902 0.7071066 -0.6963641 0.1227874 0.7071067 -0.6963645 4.01134e-5 0.707107 -0.7071067 3.99239e-5 0.7071067 -0.7071068 0.173647 0 -0.984808 1.84253e-5 -2.92382e-5 -1 0.1736492 0 -0.9848077 1.88425e-5 4.18238e-6 -1 0.3420189 0 -0.939693 0.3420212 0 -0.9396923 0.4999993 0 -0.8660258 0.5000012 0 -0.8660249 0.6427869 0 -0.766045 0.6427882 0 -0.766044 0.7660437 0 -0.6427886 0.7660451 0 -0.6427869 0.8660249 0 -0.500001 0.8660261 0 -0.4999988 0.9396923 0 -0.3420214 0.9396931 0 -0.342019 0.9848076 0 -0.1736494 0.984808 0 -0.1736468 1 0 0 0.9848078 0 0.1736481 0.9848078 0 0.1736481 0.9396932 0 0.3420189 0.9396923 0 0.3420214 0.8660262 0 0.4999986 0.8660249 0 0.5000012 0.7660453 0 0.6427866 0.7660435 0 0.6427888 0.6427885 0 0.7660439 0.6427866 0 0.7660453 0.5000014 0 0.8660246 0.4999989 0 0.8660261 0.3420216 0 0.9396922 0.3420185 0 0.9396933 0.1736496 0 0.9848076 0.1736468 0 0.984808 1.88723e-5 4.16264e-6 1 1.8917e-5 -4.18238e-6 1 -1 0 0 0 0 -1 0 0 1 0 1 0 0 1 3.08293e-7 0 1 -3.13278e-7 0 1 1.56639e-7 0 1 -1.54146e-7 0 1 0 0 1 -1.92265e-7 0 1 -5.76797e-7 0 1 -2.24333e-7 0 1 -6.16587e-7 0 1 1.25311e-6 0 1 -1.25311e-6 0 1 6.16586e-7 0 1 2.24333e-7 0 1 5.76797e-7 0 1 -1.83436e-7 0 1 1.13687e-6 0 1 -6.26555e-7 0 1 -3.13277e-7 0 1 1.56638e-7 0 1 -1.13687e-6 -0.1736468 0 0.984808 -1.88798e-5 4.18238e-6 1 -1.885e-5 -4.16264e-6 1 -0.1736496 0 0.9848076 -0.3420186 0 0.9396932 -0.3420217 0 0.9396921 -0.499999 0 0.8660261 -0.5000014 0 0.8660246 -0.6427867 0 0.7660452 -0.6427884 0 0.7660438 -0.7660434 0 0.6427889 -0.7660452 0 0.6427868 -0.8660249 0 0.5000011 -0.8660264 0 0.4999986 -0.9396923 0 0.3420214 -0.9396931 0 0.3420189 -0.9848076 0 0.1736494 -0.984808 0 0.1736468 -1 0 0 -0.9848078 0 -0.1736481 -0.9396926 0 -0.3420202 -0.9396927 0 -0.3420201 -0.8660255 0 -0.4999998 -0.8660255 0 -0.5 -0.766045 0 -0.6427869 -0.7660436 0 -0.6427887 -0.6427884 0 -0.7660439 -0.6427868 0 -0.7660452 -0.5000013 0 -0.8660248 -0.4999992 0 -0.8660259 -0.3420212 0 -0.9396923 -0.3420189 0 -0.9396931 -0.1736491 0 -0.9848077 -0.173647 0 -0.984808 -1.83955e-5 2.92382e-5 -1 -1.88425e-5 -4.18238e-6 -1 0 1 5.74295e-7 0 1 -1.36395e-6 0 1 -5.74295e-7 0 1 -3.40988e-7 0 1 -5.02508e-7 0 1 1.36395e-6 0 1 -5.11482e-7 0 1 -1.14859e-6 0 1 1.36395e-6 0 1 -1.14859e-6 0 1 -1.70494e-7 0 1 6.81976e-7 0 1 -1.14859e-6 0 1 -3.40988e-7 0 1 -1.97414e-7 0 1 2.87147e-7 0 1 -6.81975e-7 0 1 5.74295e-7 0 1 -2.87148e-7 0 1 -3.40988e-7 0 1 4.30721e-7 0 1 -2.55741e-7 0 1 3.40988e-7 0 1 -4.30721e-7 0 1 -5.74295e-7 0 1 6.81975e-7 -4.01448e-5 0.7071051 -0.7071085 -0.1227854 0.707107 -0.6963645 -3.95477e-5 0.707107 -0.7071066 -0.1227887 0.7071066 -0.6963643 -0.2418424 0.7071071 -0.6644637 -0.2418457 0.7071067 -0.6644629 -0.3535512 0.7071068 -0.6123736 -0.3535542 0.7071067 -0.6123722 -0.4545177 0.7071067 -0.5416769 -0.4545197 0.7071068 -0.5416749 -0.5416739 0.7071067 -0.4545211 -0.5416756 0.7071071 -0.4545187 -0.6123716 0.7071066 -0.3535552 -0.6123728 0.7071068 -0.3535526 -0.6644625 0.7071065 -0.241847 -0.6644634 0.7071067 -0.2418442 -0.6963638 0.7071068 -0.1227903 -0.6963646 0.7071066 -0.1227872 -0.7071069 0.7071067 0 -0.7071074 0.7071063 0 -0.6963645 0.7071065 0.1227881 -0.6963642 0.7071069 0.1227876 -0.6644642 0.7071065 0.2418425 -0.664463 0.7071065 0.241846 -0.6123738 0.7071067 0.3535513 -0.6123721 0.7071068 0.353554 -0.5416754 0.7071068 0.4545193 -0.5416752 0.7071072 0.454519 -0.4545193 0.707107 0.5416752 -0.4545195 0.7071069 0.5416751 -0.3535534 0.707107 0.6123723 -0.3535534 0.7071067 0.6123726 -0.241845 0.7071068 0.664463 -0.2418446 0.7071068 0.664463 -0.1227898 0.7071068 0.6963639 -0.1227874 0.7071067 0.6963644 -4.00935e-5 0.707107 0.7071066 -4.06466e-5 0.7071066 0.7071071</float_array>
          <technique_common>
            <accessor source="#SHELL_004-mesh-normals-array" count="199" stride="3">
              <param name="X" type="float"/>
              <param name="Y" type="float"/>
              <param name="Z" type="float"/>
            </accessor>
          </technique_common>
        </source>
        <vertices id="SHELL_004-mesh-vertices">
          <input semantic="POSITION" source="#SHELL_004-mesh-positions"/>
        </vertices>
        <triangles material="mat_7-material" count="264">
          <input semantic="VERTEX" source="#SHELL_004-mesh-vertices" offset="0"/>
          <input semantic="NORMAL" source="#SHELL_004-mesh-normals" offset="1"/>
          <p>19 0 21 1 20 2 18 3 22 4 21 1 18 3 21 1 19 0 17 5 23 6 22 4 17 5 22 4 18 3 16 7 24 8 23 6 16 7 23 6 17 5 15 9 25 10 24 8 15 9 24 8 16 7 14 11 26 12 25 10 14 11 25 10 15 9 13 13 27 14 26 12 13 13 26 12 14 11 12 15 28 16 27 14 12 15 27 14 13 13 11 17 29 18 28 16 11 17 28 16 12 15 10 19 30 20 29 18 10 19 29 18 11 17 9 21 30 20 10 19 8 22 31 23 30 20 8 22 32 24 31 23 8 22 30 20 9 21 7 25 33 26 32 24 7 25 32 24 8 22 6 27 33 26 7 25 5 28 34 29 33 26 5 28 35 30 34 29 5 28 33 26 6 27 4 31 36 32 35 30 4 31 35 30 5 28 3 33 36 32 4 31 3 33 37 34 36 32 2 35 37 34 3 33 2 35 0 36 37 34 1 37 0 36 2 35 74 38 56 39 55 40 74 38 75 41 56 39 73 42 55 40 54 43 73 42 74 38 55 40 72 44 54 43 53 45 72 44 73 42 54 43 71 46 53 45 52 47 71 46 72 44 53 45 70 48 52 47 51 49 70 48 71 46 52 47 69 50 51 49 50 51 69 50 70 48 51 49 68 52 50 51 49 53 68 52 69 50 50 51 67 54 49 53 48 55 67 54 68 52 49 53 66 56 47 56 46 57 66 56 48 55 47 56 66 56 67 54 48 55 65 58 66 56 46 57 64 59 46 57 45 60 64 59 65 58 46 57 63 61 45 60 44 62 63 61 64 59 45 60 62 63 44 62 43 64 62 63 63 61 44 62 61 65 43 64 42 66 61 65 62 63 43 64 60 67 42 66 41 68 60 67 61 65 42 66 59 69 41 68 40 70 59 69 60 67 41 68 58 71 40 70 39 72 58 71 59 69 40 70 57 73 39 72 38 74 57 73 58 71 39 72 77 75 79 75 78 75 76 75 77 75 78 75 81 76 83 76 82 76 80 76 81 76 82 76 85 56 87 56 86 56 84 56 85 56 86 56 88 77 91 77 90 77 88 77 89 77 91 77 100 78 95 78 101 78 102 78 101 78 95 78 99 78 95 78 100 78 103 78 102 78 95 78 98 78 95 78 99 78 104 79 103 79 95 79 97 78 95 78 98 78 105 80 104 80 95 80 92 81 106 81 105 81 92 82 107 82 106 82 92 83 108 83 107 83 92 84 109 84 108 84 94 85 129 85 128 85 94 86 130 86 129 86 94 87 131 87 130 87 94 88 96 88 131 88 110 78 109 78 92 78 127 78 94 78 128 78 111 78 110 78 92 78 126 78 94 78 127 78 112 78 111 78 92 78 125 78 94 78 126 78 113 78 112 78 92 78 124 78 94 78 125 78 93 89 115 89 114 89 93 90 116 90 115 90 93 91 117 91 116 91 93 92 118 92 117 92 93 93 119 93 118 93 93 78 120 78 119 78 93 78 121 78 120 78 93 78 122 78 121 78 92 94 93 94 114 94 92 95 114 95 113 95 93 78 94 78 123 78 123 96 94 96 124 96 93 97 123 97 122 97 94 98 95 98 96 98 96 78 95 78 97 78 95 78 92 78 105 78 169 99 133 100 132 101 169 99 132 101 151 102 168 103 151 102 150 104 168 103 169 99 151 102 167 105 150 104 149 106 167 105 168 103 150 104 166 107 149 106 148 108 166 107 167 105 149 106 165 109 148 108 147 110 165 109 166 107 148 108 164 111 147 110 146 112 164 111 165 109 147 110 163 113 146 112 145 114 163 113 164 111 146 112 162 115 145 114 144 116 162 115 163 113 145 114 161 117 143 75 142 118 161 117 144 116 143 75 161 117 162 115 144 116 160 118 161 117 142 118 159 119 141 120 140 121 159 119 142 118 141 120 159 119 160 118 142 118 158 122 159 119 140 121 157 123 140 121 139 124 157 123 158 122 140 121 156 125 139 124 138 126 156 125 157 123 139 124 155 127 156 125 138 126 155 127 138 126 137 128 154 129 137 128 136 130 154 129 155 127 137 128 153 131 136 130 135 132 153 131 154 129 136 130 152 133 135 132 134 134 152 133 153 131 135 132 220 135 174 135 175 135 219 78 175 78 176 78 219 136 220 136 175 136 221 78 173 78 174 78 221 78 174 78 220 78 218 78 176 78 177 78 218 78 219 78 176 78 222 78 172 78 173 78 222 78 173 78 221 78 217 137 177 137 178 137 217 78 218 78 177 78 223 78 171 78 172 78 223 138 172 138 222 138 216 139 178 139 179 139 216 140 217 140 178 140 224 78 170 78 171 78 224 141 171 141 223 141 215 78 216 78 179 78 180 142 215 142 179 142 225 78 170 78 224 78 225 78 205 78 170 78 214 143 215 143 180 143 181 144 214 144 180 144 226 145 205 145 225 145 226 78 204 78 205 78 213 146 214 146 181 146 182 147 213 147 181 147 227 148 204 148 226 148 227 78 203 78 204 78 212 78 213 78 182 78 183 78 212 78 182 78 228 78 203 78 227 78 228 78 202 78 203 78 211 148 212 148 183 148 229 78 202 78 228 78 184 78 211 78 183 78 184 78 210 78 211 78 201 149 202 149 229 149 230 78 201 78 229 78 185 78 210 78 184 78 185 78 209 78 210 78 200 150 201 150 230 150 231 151 200 151 230 151 186 78 208 78 209 78 186 78 209 78 185 78 199 152 200 152 231 152 187 78 207 78 208 78 187 153 208 153 186 153 198 154 231 154 232 154 198 78 199 78 231 78 233 78 198 78 232 78 188 78 206 78 207 78 188 155 207 155 187 155 197 78 198 78 233 78 197 156 233 156 234 156 189 78 241 78 206 78 189 78 206 78 188 78 196 78 197 78 234 78 195 157 234 157 235 157 195 78 235 78 236 78 195 78 196 78 234 78 190 78 240 78 241 78 190 158 241 158 189 158 191 146 239 146 240 146 191 153 240 153 190 153 194 78 195 78 236 78 194 78 236 78 237 78 192 78 238 78 239 78 192 78 239 78 191 78 193 78 194 78 237 78 193 159 238 159 192 159 193 160 237 160 238 160 260 161 262 162 261 163 259 164 263 165 262 162 259 164 262 162 260 161 258 166 264 167 263 165 258 166 263 165 259 164 257 168 265 169 264 167 257 168 264 167 258 166 256 170 266 171 265 169 256 170 265 169 257 168 255 172 267 173 266 171 255 172 266 171 256 170 254 174 268 175 267 173 254 174 267 173 255 172 253 176 269 177 268 175 253 176 268 175 254 174 252 178 270 179 269 177 252 178 269 177 253 176 251 180 270 179 252 178 250 181 271 182 270 179 250 181 272 183 271 182 250 181 270 179 251 180 249 184 273 185 272 183 249 184 272 183 250 181 248 186 274 187 273 185 248 186 273 185 249 184 247 188 274 187 248 186 246 189 275 190 274 187 246 189 276 191 275 190 246 189 274 187 247 188 245 192 276 191 246 189 244 193 276 191 245 192 244 193 277 194 276 191 244 193 278 195 277 194 243 196 278 195 244 193 243 196 279 197 278 195 242 198 279 197 243 196</p>
        </triangles>
      </mesh>
    </geometry>
    <geometry id="SHELL_003-mesh" name="SHELL.003">
      <mesh>
        <source id="SHELL_003-mesh-positions">
          <float_array id="SHELL_003-mesh-positions-array" count="528">0.004031479 -3.51699e-4 0.004058599 0.004031479 -3.51699e-4 -0.003941357 0.004031479 -5.51699e-4 0.004058599 0.004031479 -5.51699e-4 -0.003941357 0.004031479 -3.51699e-4 -0.003941357 -0.003968417 -3.51699e-4 -0.003941357 0.004031479 -5.51699e-4 -0.003941357 -0.003968417 -5.51699e-4 -0.003941357 -0.003968417 -3.51699e-4 -0.003941357 -0.003968417 -3.51699e-4 0.004058599 -0.003968417 -5.51699e-4 -0.003941357 -0.003968417 -5.51699e-4 0.004058599 -0.003968417 -3.51699e-4 0.004058599 0.004031479 -3.51699e-4 0.004058599 -0.003968417 -5.51699e-4 0.004058599 0.004031479 -5.51699e-4 0.004058599 -0.003968417 -3.51699e-4 -0.003941357 -0.003968417 -3.51699e-4 0.004058599 0.004031479 -3.51699e-4 0.004058599 0.004031479 -3.51699e-4 -0.003941357 -0.001099884 -3.51699e-4 -0.003591358 -0.001699924 -3.51699e-4 -0.003591358 -0.001099884 -3.51699e-4 -0.003291368 -0.001699924 -3.51699e-4 -0.003291368 0.00338149 -3.51699e-4 8.01716e-4 0.00368148 -3.51699e-4 8.01716e-4 0.00338149 -3.51699e-4 2.01716e-4 0.00368148 -3.51699e-4 2.01716e-4 -6.52037e-4 -3.51699e-4 0.003508567 -5.20371e-5 -3.51699e-4 0.003508567 -6.52037e-4 -3.51699e-4 0.003208577 -5.20371e-5 -3.51699e-4 0.003208577 1.61524e-4 -3.51699e-4 -0.002862215 2.21524e-4 -3.51699e-4 -0.002862215 -1.58476e-4 -3.51699e-4 -0.002862215 -9.84763e-5 -3.51699e-4 -0.002862215 -4.78476e-4 -3.51699e-4 -0.002862215 -4.18476e-4 -3.51699e-4 -0.002862215 -7.98476e-4 -3.51699e-4 -0.002862215 -7.38476e-4 -3.51699e-4 -0.002862215 -0.001118421 -3.51699e-4 -0.002862215 -0.001058459 -3.51699e-4 -0.002862215 -0.001438438 -3.51699e-4 -0.002862215 -0.001378476 -3.51699e-4 -0.002862215 -0.001758456 -3.51699e-4 -0.002862215 -0.001698434 -3.51699e-4 -0.002862215 -0.002078473 -3.51699e-4 -0.002862215 -0.002018451 -3.51699e-4 -0.002862215 0.002621471 -3.51699e-4 -0.002862215 0.002561509 -3.51699e-4 -0.002862215 0.002301514 -3.51699e-4 -0.002862215 0.002241492 -3.51699e-4 -0.002862215 0.001981496 -3.51699e-4 -0.002862215 0.001921474 -3.51699e-4 -0.002862215 0.001661479 -3.51699e-4 -0.002862215 0.001601517 -3.51699e-4 -0.002862215 0.001341521 -3.51699e-4 -0.002862215 0.001281499 -3.51699e-4 -0.002862215 0.001021504 -3.51699e-4 -0.002862215 9.61524e-4 -3.51699e-4 -0.002862215 7.01524e-4 -3.51699e-4 -0.002862215 6.41524e-4 -3.51699e-4 -0.002862215 3.81524e-4 -3.51699e-4 -0.002862215 3.21524e-4 -3.51699e-4 -0.002862215 2.21524e-4 -3.51699e-4 0.002629458 1.61524e-4 -3.51699e-4 0.002629458 6.15237e-5 -3.51699e-4 0.002629458 1.52373e-6 -3.51699e-4 0.002629458 -9.84763e-5 -3.51699e-4 0.002629458 -1.58476e-4 -3.51699e-4 0.002629458 -2.58476e-4 -3.51699e-4 0.002629458 -3.18476e-4 -3.51699e-4 0.002629458 -4.18476e-4 -3.51699e-4 0.002629458 -4.78476e-4 -3.51699e-4 0.002629458 -5.78476e-4 -3.51699e-4 0.002629458 -6.38476e-4 -3.51699e-4 0.002629458 -7.38476e-4 -3.51699e-4 0.002629458 -7.98476e-4 -3.51699e-4 0.002629458 -8.98476e-4 -3.51699e-4 0.002629458 -9.58476e-4 -3.51699e-4 0.002629458 -0.001058459 -3.51699e-4 0.002629458 -0.001118421 -3.51699e-4 0.002629458 -0.001218438 -3.51699e-4 0.002629458 -0.00127846 -3.51699e-4 0.002629458 -0.001378476 -3.51699e-4 0.002629458 -0.001438438 -3.51699e-4 0.002629458 -0.001538455 -3.51699e-4 0.002629458 -0.001598417 -3.51699e-4 0.002629458 -0.001698434 -3.51699e-4 0.002629458 -0.001758456 -3.51699e-4 0.002629458 -0.001858472 -3.51699e-4 0.002629458 -0.001918435 -3.51699e-4 0.002629458 -0.002018451 -3.51699e-4 0.002629458 -0.002078473 -3.51699e-4 0.002629458 0.00278151 -3.51699e-4 0.002629458 0.002721488 -3.51699e-4 0.002629458 0.002621471 -3.51699e-4 0.002629458 0.002561509 -3.51699e-4 0.002629458 0.002461493 -3.51699e-4 0.002629458 0.002401471 -3.51699e-4 0.002629458 0.002301514 -3.51699e-4 0.002629458 0.002241492 -3.51699e-4 0.002629458 0.002141475 -3.51699e-4 0.002629458 0.002081513 -3.51699e-4 0.002629458 0.001981496 -3.51699e-4 0.002629458 0.001921474 -3.51699e-4 0.002629458 0.001821517 -3.51699e-4 0.002629458 0.001761496 -3.51699e-4 0.002629458 0.001661479 -3.51699e-4 0.002629458 0.001601517 -3.51699e-4 0.002629458 0.0015015 -3.51699e-4 0.002629458 0.001441478 -3.51699e-4 0.002629458 0.001341521 -3.51699e-4 0.002629458 0.001281499 -3.51699e-4 0.002629458 0.001181483 -3.51699e-4 0.002629458 0.00112152 -3.51699e-4 0.002629458 0.001021504 -3.51699e-4 0.002629458 9.61524e-4 -3.51699e-4 0.002629458 8.61524e-4 -3.51699e-4 0.002629458 8.01524e-4 -3.51699e-4 0.002629458 7.01524e-4 -3.51699e-4 0.002629458 6.41524e-4 -3.51699e-4 0.002629458 5.41524e-4 -3.51699e-4 0.002629458 4.81524e-4 -3.51699e-4 0.002629458 3.81524e-4 -3.51699e-4 0.002629458 3.21524e-4 -3.51699e-4 0.002629458 -0.002408444 -3.51699e-4 -0.00246632 -0.002408444 -3.51699e-4 0.002233564 0.003111481 -3.51699e-4 -0.00246632 0.003111481 -3.51699e-4 0.002233564 5.41524e-4 -3.51699e-4 -0.002862215 4.81524e-4 -3.51699e-4 -0.002862215 8.61524e-4 -3.51699e-4 -0.002862215 8.01524e-4 -3.51699e-4 -0.002862215 0.001181483 -3.51699e-4 -0.002862215 0.00112152 -3.51699e-4 -0.002862215 0.0015015 -3.51699e-4 -0.002862215 0.001441478 -3.51699e-4 -0.002862215 0.001821517 -3.51699e-4 -0.002862215 0.001761496 -3.51699e-4 -0.002862215 0.002141475 -3.51699e-4 -0.002862215 0.002081513 -3.51699e-4 -0.002862215 0.002461493 -3.51699e-4 -0.002862215 0.002401471 -3.51699e-4 -0.002862215 0.00278151 -3.51699e-4 -0.002862215 0.002721488 -3.51699e-4 -0.002862215 -0.001918435 -3.51699e-4 -0.002862215 -0.001858472 -3.51699e-4 -0.002862215 -0.001598417 -3.51699e-4 -0.002862215 -0.001538455 -3.51699e-4 -0.002862215 -0.00127846 -3.51699e-4 -0.002862215 -0.001218438 -3.51699e-4 -0.002862215 -9.58476e-4 -3.51699e-4 -0.002862215 -8.98476e-4 -3.51699e-4 -0.002862215 -6.38476e-4 -3.51699e-4 -0.002862215 -5.78476e-4 -3.51699e-4 -0.002862215 -3.18476e-4 -3.51699e-4 -0.002862215 -2.58476e-4 -3.51699e-4 -0.002862215 1.52373e-6 -3.51699e-4 -0.002862215 6.15237e-5 -3.51699e-4 -0.002862215 -0.001947879 -3.51699e-4 0.003508567 -0.001347839 -3.51699e-4 0.003508567 -0.001947879 -3.51699e-4 0.003208577 -0.001347839 -3.51699e-4 0.003208577 0.001080572 -3.51699e-4 0.003508567 0.001680612 -3.51699e-4 0.003508567 0.001080572 -3.51699e-4 0.003208577 0.001680612 -3.51699e-4 0.003208577 0.00338149 -3.51699e-4 -0.001339972 0.00368148 -3.51699e-4 -0.001339972 0.00338149 -3.51699e-4 -0.001940011 0.00368148 -3.51699e-4 -0.001940011 0.001363456 -3.51699e-4 -0.003291368 0.001963436 -3.51699e-4 -0.003291368 0.001363456 -3.51699e-4 -0.003591358 0.001963436 -3.51699e-4 -0.003591358</float_array>
          <technique_common>
            <accessor source="#SHELL_003-mesh-positions-array" count="176" stride="3">
              <param name="X" type="float"/>
              <param name="Y" type="float"/>
              <param name="Z" type="float"/>
            </accessor>
          </technique_common>
        </source>
        <source id="SHELL_003-mesh-normals">
          <float_array id="SHELL_003-mesh-normals-array" count="381">1 0 0 0 0 -1 -1 0 0 0 0 1 0 1 0 0 1 1.49583e-7 0 1 -3.31134e-7 0 1 5.41366e-7 0 1 -7.18003e-7 0 1 1.65566e-7 0 1 1.43601e-6 0 1 0 0 1 3.31134e-7 0 1 0 0 1 2.87202e-6 0 1 0 0 1 3.89789e-7 0 1 -6.49646e-7 0 1 -7.79576e-7 0 1 1.29929e-6 0 1 0 0 1 4.06029e-7 0 1 0 0 1 0 0 1 0 0 1 -3.89788e-7 0 1 9.65805e-7 0 1 -6.62269e-7 0 1 6.62266e-7 0 1 0 0 1 0 0 1 3.31135e-7 0 1 1.10378e-6 0 1 3.89788e-7 0 1 0 0 1 2.70683e-7 0 1 0 0 1 1.49585e-7 0 1 1.79501e-7 0 1 -5.38502e-7 0 1 1.49586e-7 0 1 7.18005e-7 0 1 -1.43601e-6 0 1 2.03839e-7 0 1 1.22685e-7 0 1 -3.06715e-7 0 1 0 0 1 -1.22686e-7 0 1 -2.87202e-6 0 1 0 0 1 1.22685e-7 0 1 -1.22686e-7 0 1 0 0 1 0 0 1 -2.04475e-7 0 1 1.22686e-7 0 1 -1.22685e-7 0 1 -3.44505e-7 0 1 -1.22686e-7 0 1 0 0 1 -2.97048e-7 0 1 0 0 1 0 0 1 -1.22686e-7 0 1 3.06714e-7 0 1 -3.06714e-7 0 1 1.22686e-7 0 1 -1.22685e-7 0 1 2.04477e-7 0 1 -2.45371e-7 0 1 -3.06713e-7 0 1 0 0 1 0 0 1 -1.07762e-6 0 1 -1.49585e-7 0 1 -1.49586e-7 0 1 -1.79502e-7 0 1 -1.79501e-7 0 1 5.38505e-7 0 1 1.82493e-7 0 1 0 0 1 -1.72253e-7 0 1 0 0 1 0 0 1 -2.63716e-7 0 1 0 0 1 7.35956e-6 0 1 -1.42105e-5 0 1 1.10692e-5 0 1 -1.97452e-6 0 1 -4.63712e-6 0 1 7.35956e-6 0 1 -1.42105e-5 0 1 3.76953e-6 0 1 4.93629e-6 0 1 -4.12853e-6 0 1 -4.63713e-6 0 1 1.61551e-6 0 1 -3.05153e-6 0 1 -3.05153e-6 0 1 2.69252e-6 0 1 4.03878e-6 0 1 -1.79501e-7 0 1 -3.05153e-6 0 1 -1.79501e-7 0 1 1.49585e-7 0 1 2.69252e-6 0 1 -7.18005e-7 0 1 -3.05152e-6 0 1 0 0 1 -4.93629e-6 0 1 -2.69252e-6 0 1 3.05153e-6 0 1 4.63712e-6 0 1 -2.15402e-6 0 1 3.05152e-6 0 1 -4.7867e-6 0 1 3.05153e-6 0 1 -2.87203e-6 0 1 -4.03878e-6 0 1 1.79501e-7 0 1 1.79502e-7 0 1 -1.61552e-6 0 1 -1.49584e-7 0 1 1.97452e-6 0 1 -1.49583e-7 0 1 8.97507e-7</float_array>
          <technique_common>
            <accessor source="#SHELL_003-mesh-normals-array" count="127" stride="3">
              <param name="X" type="float"/>
              <param name="Y" type="float"/>
              <param name="Z" type="float"/>
            </accessor>
          </technique_common>
        </source>
        <vertices id="SHELL_003-mesh-vertices">
          <input semantic="POSITION" source="#SHELL_003-mesh-positions"/>
        </vertices>
        <triangles material="mat_6-material" count="8">
          <input semantic="VERTEX" source="#SHELL_003-mesh-vertices" offset="0"/>
          <input semantic="NORMAL" source="#SHELL_003-mesh-normals" offset="1"/>
          <p>1 0 0 0 2 0 1 0 2 0 3 0 5 1 4 1 6 1 5 1 6 1 7 1 9 2 8 2 10 2 9 2 10 2 11 2 13 3 12 3 14 3 13 3 14 3 15 3</p>
        </triangles>
        <triangles material="mat_7-material" count="298">
          <input semantic="VERTEX" source="#SHELL_003-mesh-vertices" offset="0"/>
          <input semantic="NORMAL" source="#SHELL_003-mesh-normals" offset="1"/>
          <p>46 4 21 4 16 4 46 4 23 4 21 4 47 4 23 4 46 4 126 4 46 4 16 4 126 5 47 5 46 5 146 6 23 6 47 6 146 4 47 4 126 4 147 4 146 4 126 4 147 4 23 4 146 4 20 7 16 7 21 7 44 8 147 8 126 8 44 9 23 9 147 9 45 4 44 4 126 4 45 4 23 4 44 4 148 10 45 10 126 10 148 11 23 11 45 11 149 4 148 4 126 4 149 4 23 4 148 4 42 4 149 4 126 4 42 4 23 4 149 4 43 4 42 4 126 4 43 4 22 4 23 4 43 4 23 4 42 4 150 4 43 4 126 4 150 12 22 12 43 12 151 4 150 4 126 4 151 4 22 4 150 4 40 4 151 4 126 4 40 4 22 4 151 4 41 4 40 4 126 4 41 13 22 13 40 13 152 14 41 14 126 14 152 15 22 15 41 15 153 4 22 4 152 4 38 4 22 4 153 4 39 4 22 4 38 4 154 4 22 4 39 4 155 4 20 4 22 4 155 4 22 4 154 4 36 16 20 16 155 16 37 17 20 17 36 17 156 4 20 4 37 4 157 4 20 4 156 4 34 4 20 4 157 4 35 4 20 4 34 4 158 18 20 18 35 18 159 19 20 19 158 19 32 4 20 4 159 4 174 20 32 20 33 20 174 21 63 21 62 21 174 22 131 22 130 22 174 23 20 23 32 23 174 18 33 18 63 18 174 24 62 24 131 24 61 4 174 4 130 4 60 4 174 4 61 4 133 25 174 25 60 25 172 4 174 4 133 4 172 26 133 26 132 26 59 27 172 27 132 27 58 4 172 4 59 4 135 28 172 28 58 28 134 4 172 4 135 4 57 4 172 4 134 4 56 4 172 4 57 4 137 29 172 29 56 29 136 4 172 4 137 4 55 4 172 4 136 4 54 4 172 4 55 4 54 4 173 4 172 4 139 12 173 12 54 12 138 4 173 4 139 4 53 4 173 4 138 4 52 4 173 4 53 4 141 30 173 30 52 30 140 4 173 4 141 4 51 31 173 31 140 31 50 4 173 4 51 4 143 4 173 4 50 4 142 32 173 32 143 32 49 4 173 4 142 4 49 4 175 4 173 4 48 4 175 4 49 4 127 4 126 4 16 4 145 33 175 33 48 33 144 4 175 4 145 4 17 4 127 4 16 4 19 34 175 34 144 34 19 35 174 35 175 35 92 4 127 4 93 4 128 36 19 36 144 36 128 37 48 37 49 37 128 37 50 37 51 37 128 38 143 38 50 38 128 39 49 39 142 39 128 40 142 40 143 40 128 40 144 40 145 40 128 4 145 4 48 4 91 4 127 4 92 4 90 4 127 4 91 4 89 41 127 41 90 41 88 4 127 4 89 4 87 42 127 42 88 42 86 4 127 4 87 4 85 4 127 4 86 4 84 4 127 4 85 4 162 43 93 43 127 43 162 44 89 44 90 44 162 45 88 45 89 45 162 46 90 46 91 46 162 46 92 46 93 46 162 4 91 4 92 4 162 47 87 47 88 47 162 4 127 4 17 4 83 4 127 4 84 4 82 4 127 4 83 4 81 4 127 4 82 4 160 4 162 4 17 4 80 4 127 4 81 4 79 48 127 48 80 48 171 4 128 4 170 4 171 4 19 4 128 4 163 49 87 49 162 49 163 50 79 50 80 50 163 51 83 51 84 51 163 52 80 52 81 52 163 53 82 53 83 53 163 4 84 4 85 4 163 54 86 54 87 54 163 55 85 55 86 55 163 56 81 56 82 56 161 57 160 57 17 57 30 47 71 47 72 47 30 58 77 58 78 58 30 4 75 4 76 4 30 59 72 59 73 59 30 4 74 4 75 4 30 59 76 59 77 59 30 59 78 59 79 59 30 4 73 4 74 4 30 4 79 4 163 4 30 4 163 4 161 4 28 4 30 4 161 4 28 60 161 60 17 60 31 61 64 61 65 61 31 4 71 4 30 4 31 61 66 61 67 61 31 61 68 61 69 61 31 62 70 62 71 62 31 63 67 63 68 63 31 58 69 58 70 58 31 64 124 64 125 64 31 63 65 63 66 63 31 4 125 4 64 4 31 58 123 58 124 58 122 4 123 4 31 4 29 4 28 4 17 4 27 4 168 4 26 4 27 4 169 4 168 4 166 50 119 50 120 50 166 4 115 4 116 4 166 4 31 4 29 4 166 55 113 55 114 55 166 65 112 65 113 65 166 4 114 4 115 4 166 4 116 4 117 4 166 52 118 52 119 52 166 53 120 53 121 53 166 4 122 4 31 4 166 51 117 51 118 51 166 58 121 58 122 58 164 4 166 4 29 4 167 44 111 44 112 44 167 66 109 66 110 66 167 4 107 4 108 4 167 67 105 67 106 67 167 53 102 53 103 53 167 68 104 68 105 68 167 4 106 4 107 4 167 69 103 69 104 69 167 4 108 4 109 4 167 70 110 70 111 70 167 55 101 55 102 55 167 71 112 71 166 71 100 4 101 4 167 4 99 4 100 4 167 4 165 72 98 72 99 72 165 4 99 4 167 4 97 4 98 4 165 4 96 73 97 73 165 73 129 4 25 4 24 4 129 74 97 74 96 74 129 75 99 75 98 75 129 74 101 74 100 74 129 76 102 76 101 76 129 77 100 77 99 77 129 78 98 78 97 78 95 4 129 4 96 4 95 4 96 4 165 4 94 4 129 4 95 4 94 4 95 4 165 4 18 79 164 79 29 79 18 4 25 4 129 4 18 80 129 80 94 80 18 4 94 4 165 4 18 81 165 81 164 81 17 82 18 82 29 82 18 4 19 4 171 4 18 4 171 4 169 4 18 4 169 4 27 4 18 4 27 4 25 4 19 83 16 83 20 83 19 84 20 84 174 84 126 85 128 85 51 85 126 86 51 86 140 86 126 87 140 87 141 87 126 4 141 4 52 4 126 88 52 88 53 88 126 89 53 89 138 89 126 90 138 90 139 90 126 91 139 91 54 91 126 92 54 92 55 92 126 93 55 93 136 93 126 94 136 94 137 94 126 95 137 95 56 95 126 96 56 96 57 96 126 93 57 93 134 93 126 90 134 90 135 90 126 97 135 97 58 97 126 94 58 94 59 94 126 98 59 98 132 98 126 94 132 94 133 94 126 99 133 99 60 99 126 94 60 94 61 94 126 99 61 99 130 99 126 90 130 90 131 90 126 100 131 100 62 100 126 101 62 101 63 101 126 4 63 4 33 4 126 37 33 37 32 37 126 102 32 102 159 102 126 74 159 74 158 74 126 103 158 103 35 103 126 4 35 4 34 4 126 104 34 104 157 104 126 105 157 105 156 105 126 106 156 106 37 106 126 37 37 37 36 37 126 107 36 107 155 107 126 105 155 105 154 105 126 76 154 76 39 76 126 37 39 37 38 37 126 108 38 108 153 108 126 105 153 105 152 105 128 4 129 4 24 4 128 4 24 4 26 4 128 4 26 4 168 4 128 4 168 4 170 4 129 109 127 109 79 109 129 110 79 110 78 110 129 111 78 111 77 111 129 110 77 110 76 110 129 112 76 112 75 112 129 113 75 113 74 113 129 114 74 114 73 114 129 113 73 113 72 113 129 111 72 111 71 111 129 110 71 110 70 110 129 115 70 115 69 115 129 116 69 116 68 116 129 117 68 117 67 117 129 94 67 94 66 94 129 111 66 111 65 111 129 113 65 113 64 113 129 118 64 118 125 118 129 119 125 119 124 119 129 120 124 120 123 120 129 74 123 74 122 74 129 117 122 117 121 117 129 74 121 74 120 74 129 38 120 38 119 38 129 74 119 74 118 74 129 121 118 121 117 121 129 74 117 74 116 74 129 122 116 122 115 122 129 123 115 123 114 123 129 124 114 124 113 124 129 74 113 74 112 74 129 122 112 122 111 122 129 74 111 74 110 74 129 124 110 124 109 124 129 125 109 125 108 125 129 122 108 122 107 122 129 74 107 74 106 74 129 78 106 78 105 78 129 126 105 126 104 126 129 4 104 4 103 4 129 125 103 125 102 125</p>
        </triangles>
      </mesh>
    </geometry>
    <geometry id="SHELL_002-mesh" name="SHELL.002">
      <mesh>
        <source id="SHELL_002-mesh-positions">
          <float_array id="SHELL_002-mesh-positions-array" count="2064">0.01049995 -0.001451671 0.01144999 0.01049995 -5.51699e-4 0.01144999 0.01049995 -5.51699e-4 0.01354998 0.01068228 -5.51699e-4 0.013534 0.01085907 -5.51699e-4 0.01348662 0.01102495 -5.51699e-4 0.01340931 0.01117491 -5.51699e-4 0.01330429 0.01130431 -5.51699e-4 0.01317489 0.01140928 -5.51699e-4 0.01302498 0.01148664 -5.51699e-4 0.0128591 0.01153403 -5.51699e-4 0.01268231 0.01154994 -5.51699e-4 0.01249998 0.01153403 -5.51699e-4 0.01231765 0.01148664 -5.51699e-4 0.01214087 0.01140928 -5.51699e-4 0.01197499 0.01130431 -5.51699e-4 0.01182502 0.01117491 -5.51699e-4 0.01169562 0.01102495 -5.51699e-4 0.01159065 0.01085907 -5.51699e-4 0.01151329 0.01068228 -5.51699e-4 0.0114659 0.01049995 -0.001451671 0.01354998 0.01068228 -0.001451671 0.013534 0.01085907 -0.001451671 0.01348662 0.01102495 -0.001451671 0.01340931 0.01117491 -0.001451671 0.01330429 0.01130431 -0.001451671 0.01317489 0.01140928 -0.001451671 0.01302498 0.01148664 -0.001451671 0.0128591 0.01153403 -0.001451671 0.01268231 0.01154994 -0.001451671 0.01249998 0.01153403 -0.001451671 0.01231765 0.01148664 -0.001451671 0.01214087 0.01140928 -0.001451671 0.01197499 0.01130431 -0.001451671 0.01182502 0.01117491 -0.001451671 0.01169562 0.01102495 -0.001451671 0.01159065 0.01085907 -0.001451671 0.01151329 0.01068228 -0.001451671 0.0114659 0.01049995 -0.001451671 -0.001049995 0.01049995 -5.51699e-4 -0.001049995 0.01049995 -5.51699e-4 0.001049995 0.01068228 -5.51699e-4 0.001034021 0.01085907 -5.51699e-4 9.86677e-4 0.01102495 -5.51699e-4 9.09327e-4 0.01117491 -5.51699e-4 8.04347e-4 0.01130431 -5.51699e-4 6.74927e-4 0.01140928 -5.51699e-4 5.25e-4 0.01148664 -5.51699e-4 3.59121e-4 0.01153403 -5.51699e-4 1.82331e-4 0.01154994 -5.51699e-4 0 0.01153403 -5.51699e-4 -1.82331e-4 0.01148664 -5.51699e-4 -3.59121e-4 0.01140928 -5.51699e-4 -5.25e-4 0.01130431 -5.51699e-4 -6.74927e-4 0.01117491 -5.51699e-4 -8.04347e-4 0.01102495 -5.51699e-4 -9.09327e-4 0.01085907 -5.51699e-4 -9.86677e-4 0.01068228 -5.51699e-4 -0.001034021 0.01049995 -0.001451671 0.001049995 0.01068228 -0.001451671 0.001034021 0.01085907 -0.001451671 9.86677e-4 0.01102495 -0.001451671 9.09327e-4 0.01117491 -0.001451671 8.04347e-4 0.01130431 -0.001451671 6.74927e-4 0.01140928 -0.001451671 5.25e-4 0.01148664 -0.001451671 3.59121e-4 0.01153403 -0.001451671 1.82331e-4 0.01154994 -0.001451671 0 0.01153403 -0.001451671 -1.82331e-4 0.01148664 -0.001451671 -3.59121e-4 0.01140928 -0.001451671 -5.25e-4 0.01130431 -0.001451671 -6.74927e-4 0.01117491 -0.001451671 -8.04347e-4 0.01102495 -0.001451671 -9.09327e-4 0.01085907 -0.001451671 -9.86677e-4 0.01068228 -0.001451671 -0.001034021 -0.01049995 -0.001451671 -0.001049995 -0.01049995 -5.51699e-4 -0.001049995 -0.01049995 -5.51699e-4 0.001049995 -0.01031762 -5.51699e-4 0.001034021 -0.01014083 -5.51699e-4 9.86677e-4 -0.009974956 -5.51699e-4 9.09327e-4 -0.00982505 -5.51699e-4 8.04347e-4 -0.009695649 -5.51699e-4 6.74927e-4 -0.009590625 -5.51699e-4 5.25e-4 -0.009513318 -5.51699e-4 3.59121e-4 -0.009465932 -5.51699e-4 1.82331e-4 -0.009449958 -5.51699e-4 0 -0.009465932 -5.51699e-4 -1.82331e-4 -0.009513318 -5.51699e-4 -3.59121e-4 -0.009590625 -5.51699e-4 -5.25e-4 -0.009695649 -5.51699e-4 -6.74927e-4 -0.00982505 -5.51699e-4 -8.04347e-4 -0.009974956 -5.51699e-4 -9.09327e-4 -0.01014083 -5.51699e-4 -9.86677e-4 -0.01031762 -5.51699e-4 -0.001034021 -0.01049995 -0.001451671 0.001049995 -0.01031762 -0.001451671 0.001034021 -0.01014083 -0.001451671 9.86677e-4 -0.009974956 -0.001451671 9.09327e-4 -0.00982505 -0.001451671 8.04347e-4 -0.009695649 -0.001451671 6.74927e-4 -0.009590625 -0.001451671 5.25e-4 -0.009513318 -0.001451671 3.59121e-4 -0.009465932 -0.001451671 1.82331e-4 -0.009449958 -0.001451671 0 -0.009465932 -0.001451671 -1.82331e-4 -0.009513318 -0.001451671 -3.59121e-4 -0.009590625 -0.001451671 -5.25e-4 -0.009695649 -0.001451671 -6.74927e-4 -0.00982505 -0.001451671 -8.04347e-4 -0.009974956 -0.001451671 -9.09327e-4 -0.01014083 -0.001451671 -9.86677e-4 -0.01031762 -0.001451671 -0.001034021 -0.01049995 -0.001451671 0.01144999 -0.01049995 -5.51699e-4 0.01144999 -0.01049995 -5.51699e-4 0.01354998 -0.01031762 -5.51699e-4 0.013534 -0.01014083 -5.51699e-4 0.01348662 -0.009974956 -5.51699e-4 0.01340931 -0.00982505 -5.51699e-4 0.01330429 -0.009695649 -5.51699e-4 0.01317489 -0.009590625 -5.51699e-4 0.01302498 -0.009513318 -5.51699e-4 0.0128591 -0.009465932 -5.51699e-4 0.01268231 -0.009449958 -5.51699e-4 0.01249998 -0.009465932 -5.51699e-4 0.01231765 -0.009513318 -5.51699e-4 0.01214087 -0.009590625 -5.51699e-4 0.01197499 -0.009695649 -5.51699e-4 0.01182502 -0.00982505 -5.51699e-4 0.01169562 -0.009974956 -5.51699e-4 0.01159065 -0.01014083 -5.51699e-4 0.01151329 -0.01031762 -5.51699e-4 0.0114659 -0.01049995 -0.001451671 0.01354998 -0.01031762 -0.001451671 0.013534 -0.01014083 -0.001451671 0.01348662 -0.009974956 -0.001451671 0.01340931 -0.00982505 -0.001451671 0.01330429 -0.009695649 -0.001451671 0.01317489 -0.009590625 -0.001451671 0.01302498 -0.009513318 -0.001451671 0.0128591 -0.009465932 -0.001451671 0.01268231 -0.009449958 -0.001451671 0.01249998 -0.009465932 -0.001451671 0.01231765 -0.009513318 -0.001451671 0.01214087 -0.009590625 -0.001451671 0.01197499 -0.009695649 -0.001451671 0.01182502 -0.00982505 -0.001451671 0.01169562 -0.009974956 -0.001451671 0.01159065 -0.01014083 -0.001451671 0.01151329 -0.01031762 -0.001451671 0.0114659 0.01249998 -5.51699e-4 0.01449996 0.01249998 -5.51699e-4 -0.009499967 -0.01249998 -5.51699e-4 -0.009499967 -0.01249998 -5.51699e-4 0.01449996 -0.01049995 -5.51699e-4 0.01144999 -0.01068228 -5.51699e-4 0.0114659 -0.01085907 -5.51699e-4 0.01151329 -0.01102495 -5.51699e-4 0.01159065 -0.01117491 -5.51699e-4 0.01169562 -0.01130431 -5.51699e-4 0.01182502 -0.01140928 -5.51699e-4 0.01197499 -0.01148664 -5.51699e-4 0.01214087 -0.01153403 -5.51699e-4 0.01231765 -0.01154994 -5.51699e-4 0.01249998 -0.01153403 -5.51699e-4 0.01268231 -0.01148664 -5.51699e-4 0.0128591 -0.01140928 -5.51699e-4 0.01302498 -0.01130431 -5.51699e-4 0.01317489 -0.01117491 -5.51699e-4 0.01330429 -0.01102495 -5.51699e-4 0.01340931 -0.01085907 -5.51699e-4 0.01348662 -0.01068228 -5.51699e-4 0.013534 -0.01049995 -5.51699e-4 0.01354998 -0.01031762 -5.51699e-4 0.013534 -0.01014083 -5.51699e-4 0.01348662 -0.009974956 -5.51699e-4 0.01340931 -0.00982505 -5.51699e-4 0.01330429 -0.009695649 -5.51699e-4 0.01317489 -0.009590625 -5.51699e-4 0.01302498 -0.009513318 -5.51699e-4 0.0128591 -0.009465932 -5.51699e-4 0.01268231 -0.009449958 -5.51699e-4 0.01249998 -0.009465932 -5.51699e-4 0.01231765 -0.009513318 -5.51699e-4 0.01214087 -0.009590625 -5.51699e-4 0.01197499 -0.009695649 -5.51699e-4 0.01182502 -0.00982505 -5.51699e-4 0.01169562 -0.009974956 -5.51699e-4 0.01159065 -0.01014083 -5.51699e-4 0.01151329 -0.01031762 -5.51699e-4 0.0114659 -0.01049995 -5.51699e-4 -0.001049995 -0.01068228 -5.51699e-4 -0.001034021 -0.01085907 -5.51699e-4 -9.86677e-4 -0.01102495 -5.51699e-4 -9.09327e-4 -0.01117491 -5.51699e-4 -8.04347e-4 -0.01130431 -5.51699e-4 -6.74927e-4 -0.01140928 -5.51699e-4 -5.25e-4 -0.01148664 -5.51699e-4 -3.59121e-4 -0.01153403 -5.51699e-4 -1.82331e-4 -0.01154994 -5.51699e-4 0 -0.01153403 -5.51699e-4 1.82331e-4 -0.01148664 -5.51699e-4 3.59121e-4 -0.01140928 -5.51699e-4 5.25e-4 -0.01130431 -5.51699e-4 6.74927e-4 -0.01117491 -5.51699e-4 8.04347e-4 -0.01102495 -5.51699e-4 9.09327e-4 -0.01085907 -5.51699e-4 9.86677e-4 -0.01068228 -5.51699e-4 0.001034021 -0.01049995 -5.51699e-4 0.001049995 -0.01031762 -5.51699e-4 0.001034021 -0.01014083 -5.51699e-4 9.86677e-4 -0.009974956 -5.51699e-4 9.09327e-4 -0.00982505 -5.51699e-4 8.04347e-4 -0.009695649 -5.51699e-4 6.74927e-4 -0.009590625 -5.51699e-4 5.25e-4 -0.009513318 -5.51699e-4 3.59121e-4 -0.009465932 -5.51699e-4 1.82331e-4 -0.009449958 -5.51699e-4 0 -0.009465932 -5.51699e-4 -1.82331e-4 -0.009513318 -5.51699e-4 -3.59121e-4 -0.009590625 -5.51699e-4 -5.25e-4 -0.009695649 -5.51699e-4 -6.74927e-4 -0.00982505 -5.51699e-4 -8.04347e-4 -0.009974956 -5.51699e-4 -9.09327e-4 -0.01014083 -5.51699e-4 -9.86677e-4 -0.01031762 -5.51699e-4 -0.001034021 0.01049995 -5.51699e-4 -0.001049995 0.01031762 -5.51699e-4 -0.001034021 0.01014083 -5.51699e-4 -9.86677e-4 0.009974956 -5.51699e-4 -9.09327e-4 0.00982505 -5.51699e-4 -8.04347e-4 0.009695649 -5.51699e-4 -6.74927e-4 0.009590625 -5.51699e-4 -5.25e-4 0.009513318 -5.51699e-4 -3.59121e-4 0.009465932 -5.51699e-4 -1.82331e-4 0.009449958 -5.51699e-4 0 0.009465932 -5.51699e-4 1.82331e-4 0.009513318 -5.51699e-4 3.59121e-4 0.009590625 -5.51699e-4 5.25e-4 0.009695649 -5.51699e-4 6.74927e-4 0.00982505 -5.51699e-4 8.04347e-4 0.009974956 -5.51699e-4 9.09327e-4 0.01014083 -5.51699e-4 9.86677e-4 0.01031762 -5.51699e-4 0.001034021 0.01049995 -5.51699e-4 0.001049995 0.01068228 -5.51699e-4 0.001034021 0.01085907 -5.51699e-4 9.86677e-4 0.01102495 -5.51699e-4 9.09327e-4 0.01117491 -5.51699e-4 8.04347e-4 0.01130431 -5.51699e-4 6.74927e-4 0.01140928 -5.51699e-4 5.25e-4 0.01148664 -5.51699e-4 3.59121e-4 0.01153403 -5.51699e-4 1.82331e-4 0.01154994 -5.51699e-4 0 0.01153403 -5.51699e-4 -1.82331e-4 0.01148664 -5.51699e-4 -3.59121e-4 0.01140928 -5.51699e-4 -5.25e-4 0.01130431 -5.51699e-4 -6.74927e-4 0.01117491 -5.51699e-4 -8.04347e-4 0.01102495 -5.51699e-4 -9.09327e-4 0.01085907 -5.51699e-4 -9.86677e-4 0.01068228 -5.51699e-4 -0.001034021 0.01049995 -5.51699e-4 0.01144999 0.01031762 -5.51699e-4 0.0114659 0.01014083 -5.51699e-4 0.01151329 0.009974956 -5.51699e-4 0.01159065 0.00982505 -5.51699e-4 0.01169562 0.009695649 -5.51699e-4 0.01182502 0.009590625 -5.51699e-4 0.01197499 0.009513318 -5.51699e-4 0.01214087 0.009465932 -5.51699e-4 0.01231765 0.009449958 -5.51699e-4 0.01249998 0.009465932 -5.51699e-4 0.01268231 0.009513318 -5.51699e-4 0.0128591 0.009590625 -5.51699e-4 0.01302498 0.009695649 -5.51699e-4 0.01317489 0.00982505 -5.51699e-4 0.01330429 0.009974956 -5.51699e-4 0.01340931 0.01014083 -5.51699e-4 0.01348662 0.01031762 -5.51699e-4 0.013534 0.01049995 -5.51699e-4 0.01354998 0.01068228 -5.51699e-4 0.013534 0.01085907 -5.51699e-4 0.01348662 0.01102495 -5.51699e-4 0.01340931 0.01117491 -5.51699e-4 0.01330429 0.01130431 -5.51699e-4 0.01317489 0.01140928 -5.51699e-4 0.01302498 0.01148664 -5.51699e-4 0.0128591 0.01153403 -5.51699e-4 0.01268231 0.01154994 -5.51699e-4 0.01249998 0.01153403 -5.51699e-4 0.01231765 0.01148664 -5.51699e-4 0.01214087 0.01140928 -5.51699e-4 0.01197499 0.01130431 -5.51699e-4 0.01182502 0.01117491 -5.51699e-4 0.01169562 0.01102495 -5.51699e-4 0.01159065 0.01085907 -5.51699e-4 0.01151329 0.01068228 -5.51699e-4 0.0114659 -0.008699953 -5.51699e-4 0.009899973 -0.007479965 -5.51699e-4 0.009899973 -0.008699953 -5.51699e-4 0.00909996 -0.007479965 -5.51699e-4 0.00909996 0.01249998 -5.51699e-4 0.01449996 0.01249998 -5.51699e-4 -0.009499967 0.01249998 -0.001451671 0.01449996 0.01249998 -0.001451671 -0.009499967 -0.01249998 -5.51699e-4 0.01449996 0.01249998 -5.51699e-4 0.01449996 -0.01249998 -0.001451671 0.01449996 0.01249998 -0.001451671 0.01449996 -0.01249998 -5.51699e-4 -0.009499967 -0.01249998 -5.51699e-4 0.01449996 -0.01249998 -0.001451671 -0.009499967 -0.01249998 -0.001451671 0.01449996 0.01249998 -5.51699e-4 -0.009499967 -0.01249998 -5.51699e-4 -0.009499967 0.01249998 -0.001451671 -0.009499967 0.01039999 -0.001451671 -0.009499967 0.01039999 -0.003851652 -0.009499967 -0.01039999 -0.003851652 -0.009499967 -0.01039999 -0.001451671 -0.009499967 -0.01249998 -0.001451671 -0.009499967 0.00939995 -0.001951694 -0.009499967 0.00939995 -0.003051698 -0.009499967 -0.00939995 -0.001951694 -0.009499967 -0.00939995 -0.003051698 -0.009499967 0.01039999 -0.001451671 -0.003999948 -0.01039999 -0.001451671 -0.003999948 -0.01039999 -0.001451671 -0.009499967 -0.01249998 -0.001451671 -0.009499967 -0.01249998 -0.001451671 0.01449996 0.01249998 -0.001451671 0.01449996 0.01249998 -0.001451671 -0.009499967 0.01039999 -0.001451671 -0.009499967 -0.01049995 -0.001451671 0.01354998 -0.01031762 -0.001451671 0.013534 -0.01014083 -0.001451671 0.01348662 -0.009974956 -0.001451671 0.01340931 -0.00982505 -0.001451671 0.01330429 -0.009695649 -0.001451671 0.01317489 -0.009590625 -0.001451671 0.01302498 -0.009513318 -0.001451671 0.0128591 -0.009465932 -0.001451671 0.01268231 -0.009449958 -0.001451671 0.01249998 -0.009465932 -0.001451671 0.01231765 -0.009513318 -0.001451671 0.01214087 -0.009590625 -0.001451671 0.01197499 -0.009695649 -0.001451671 0.01182502 -0.00982505 -0.001451671 0.01169562 -0.009974956 -0.001451671 0.01159065 -0.01014083 -0.001451671 0.01151329 -0.01031762 -0.001451671 0.0114659 -0.01049995 -0.001451671 0.01144999 -0.01068228 -0.001451671 0.0114659 -0.01085907 -0.001451671 0.01151329 -0.01102495 -0.001451671 0.01159065 -0.01117491 -0.001451671 0.01169562 -0.01130431 -0.001451671 0.01182502 -0.01140928 -0.001451671 0.01197499 -0.01148664 -0.001451671 0.01214087 -0.01153403 -0.001451671 0.01231765 -0.01154994 -0.001451671 0.01249998 -0.01153403 -0.001451671 0.01268231 -0.01148664 -0.001451671 0.0128591 -0.01140928 -0.001451671 0.01302498 -0.01130431 -0.001451671 0.01317489 -0.01117491 -0.001451671 0.01330429 -0.01102495 -0.001451671 0.01340931 -0.01085907 -0.001451671 0.01348662 -0.01068228 -0.001451671 0.013534 -0.01049995 -0.001451671 0.001049995 -0.01031762 -0.001451671 0.001034021 -0.01014083 -0.001451671 9.86677e-4 -0.009974956 -0.001451671 9.09327e-4 -0.00982505 -0.001451671 8.04347e-4 -0.009695649 -0.001451671 6.74927e-4 -0.009590625 -0.001451671 5.25e-4 -0.009513318 -0.001451671 3.59121e-4 -0.009465932 -0.001451671 1.82331e-4 -0.009449958 -0.001451671 0 -0.009465932 -0.001451671 -1.82331e-4 -0.009513318 -0.001451671 -3.59121e-4 -0.009590625 -0.001451671 -5.25e-4 -0.009695649 -0.001451671 -6.74927e-4 -0.00982505 -0.001451671 -8.04347e-4 -0.009974956 -0.001451671 -9.09327e-4 -0.01014083 -0.001451671 -9.86677e-4 -0.01031762 -0.001451671 -0.001034021 -0.01049995 -0.001451671 -0.001049995 -0.01068228 -0.001451671 -0.001034021 -0.01085907 -0.001451671 -9.86677e-4 -0.01102495 -0.001451671 -9.09327e-4 -0.01117491 -0.001451671 -8.04347e-4 -0.01130431 -0.001451671 -6.74927e-4 -0.01140928 -0.001451671 -5.25e-4 -0.01148664 -0.001451671 -3.59121e-4 -0.01153403 -0.001451671 -1.82331e-4 -0.01154994 -0.001451671 0 -0.01153403 -0.001451671 1.82331e-4 -0.01148664 -0.001451671 3.59121e-4 -0.01140928 -0.001451671 5.25e-4 -0.01130431 -0.001451671 6.74927e-4 -0.01117491 -0.001451671 8.04347e-4 -0.01102495 -0.001451671 9.09327e-4 -0.01085907 -0.001451671 9.86677e-4 -0.01068228 -0.001451671 0.001034021 0.01049995 -0.001451671 0.001049995 0.01068228 -0.001451671 0.001034021 0.01085907 -0.001451671 9.86677e-4 0.01102495 -0.001451671 9.09327e-4 0.01117491 -0.001451671 8.04347e-4 0.01130431 -0.001451671 6.74927e-4 0.01140928 -0.001451671 5.25e-4 0.01148664 -0.001451671 3.59121e-4 0.01153403 -0.001451671 1.82331e-4 0.01154994 -0.001451671 0 0.01153403 -0.001451671 -1.82331e-4 0.01148664 -0.001451671 -3.59121e-4 0.01140928 -0.001451671 -5.25e-4 0.01130431 -0.001451671 -6.74927e-4 0.01117491 -0.001451671 -8.04347e-4 0.01102495 -0.001451671 -9.09327e-4 0.01085907 -0.001451671 -9.86677e-4 0.01068228 -0.001451671 -0.001034021 0.01049995 -0.001451671 -0.001049995 0.01031762 -0.001451671 -0.001034021 0.01014083 -0.001451671 -9.86677e-4 0.009974956 -0.001451671 -9.09327e-4 0.00982505 -0.001451671 -8.04347e-4 0.009695649 -0.001451671 -6.74927e-4 0.009590625 -0.001451671 -5.25e-4 0.009513318 -0.001451671 -3.59121e-4 0.009465932 -0.001451671 -1.82331e-4 0.009449958 -0.001451671 0 0.009465932 -0.001451671 1.82331e-4 0.009513318 -0.001451671 3.59121e-4 0.009590625 -0.001451671 5.25e-4 0.009695649 -0.001451671 6.74927e-4 0.00982505 -0.001451671 8.04347e-4 0.009974956 -0.001451671 9.09327e-4 0.01014083 -0.001451671 9.86677e-4 0.01031762 -0.001451671 0.001034021 0.01049995 -0.001451671 0.01354998 0.01068228 -0.001451671 0.013534 0.01085907 -0.001451671 0.01348662 0.01102495 -0.001451671 0.01340931 0.01117491 -0.001451671 0.01330429 0.01130431 -0.001451671 0.01317489 0.01140928 -0.001451671 0.01302498 0.01148664 -0.001451671 0.0128591 0.01153403 -0.001451671 0.01268231 0.01154994 -0.001451671 0.01249998 0.01153403 -0.001451671 0.01231765 0.01148664 -0.001451671 0.01214087 0.01140928 -0.001451671 0.01197499 0.01130431 -0.001451671 0.01182502 0.01117491 -0.001451671 0.01169562 0.01102495 -0.001451671 0.01159065 0.01085907 -0.001451671 0.01151329 0.01068228 -0.001451671 0.0114659 0.01049995 -0.001451671 0.01144999 0.01031762 -0.001451671 0.0114659 0.01014083 -0.001451671 0.01151329 0.009974956 -0.001451671 0.01159065 0.00982505 -0.001451671 0.01169562 0.009695649 -0.001451671 0.01182502 0.009590625 -0.001451671 0.01197499 0.009513318 -0.001451671 0.01214087 0.009465932 -0.001451671 0.01231765 0.009449958 -0.001451671 0.01249998 0.009465932 -0.001451671 0.01268231 0.009513318 -0.001451671 0.0128591 0.009590625 -0.001451671 0.01302498 0.009695649 -0.001451671 0.01317489 0.00982505 -0.001451671 0.01330429 0.009974956 -0.001451671 0.01340931 0.01014083 -0.001451671 0.01348662 0.01031762 -0.001451671 0.013534 -0.01049995 -5.51699e-4 0.01144999 -0.01068228 -5.51699e-4 0.0114659 -0.01085907 -5.51699e-4 0.01151329 -0.01102495 -5.51699e-4 0.01159065 -0.01117491 -5.51699e-4 0.01169562 -0.01130431 -5.51699e-4 0.01182502 -0.01140928 -5.51699e-4 0.01197499 -0.01148664 -5.51699e-4 0.01214087 -0.01153403 -5.51699e-4 0.01231765 -0.01154994 -5.51699e-4 0.01249998 -0.01153403 -5.51699e-4 0.01268231 -0.01148664 -5.51699e-4 0.0128591 -0.01140928 -5.51699e-4 0.01302498 -0.01130431 -5.51699e-4 0.01317489 -0.01117491 -5.51699e-4 0.01330429 -0.01102495 -5.51699e-4 0.01340931 -0.01085907 -5.51699e-4 0.01348662 -0.01068228 -5.51699e-4 0.013534 -0.01049995 -5.51699e-4 0.01354998 -0.01049995 -0.001451671 0.01144999 -0.01068228 -0.001451671 0.0114659 -0.01085907 -0.001451671 0.01151329 -0.01102495 -0.001451671 0.01159065 -0.01117491 -0.001451671 0.01169562 -0.01130431 -0.001451671 0.01182502 -0.01140928 -0.001451671 0.01197499 -0.01148664 -0.001451671 0.01214087 -0.01153403 -0.001451671 0.01231765 -0.01154994 -0.001451671 0.01249998 -0.01153403 -0.001451671 0.01268231 -0.01148664 -0.001451671 0.0128591 -0.01140928 -0.001451671 0.01302498 -0.01130431 -0.001451671 0.01317489 -0.01117491 -0.001451671 0.01330429 -0.01102495 -0.001451671 0.01340931 -0.01085907 -0.001451671 0.01348662 -0.01068228 -0.001451671 0.013534 -0.01049995 -0.001451671 0.01354998 -0.01049995 -5.51699e-4 -0.001049995 -0.01068228 -5.51699e-4 -0.001034021 -0.01085907 -5.51699e-4 -9.86677e-4 -0.01102495 -5.51699e-4 -9.09327e-4 -0.01117491 -5.51699e-4 -8.04347e-4 -0.01130431 -5.51699e-4 -6.74927e-4 -0.01140928 -5.51699e-4 -5.25e-4 -0.01148664 -5.51699e-4 -3.59121e-4 -0.01153403 -5.51699e-4 -1.82331e-4 -0.01154994 -5.51699e-4 0 -0.01153403 -5.51699e-4 1.82331e-4 -0.01148664 -5.51699e-4 3.59121e-4 -0.01140928 -5.51699e-4 5.25e-4 -0.01130431 -5.51699e-4 6.74927e-4 -0.01117491 -5.51699e-4 8.04347e-4 -0.01102495 -5.51699e-4 9.09327e-4 -0.01085907 -5.51699e-4 9.86677e-4 -0.01068228 -5.51699e-4 0.001034021 -0.01049995 -5.51699e-4 0.001049995 -0.01049995 -0.001451671 -0.001049995 -0.01068228 -0.001451671 -0.001034021 -0.01085907 -0.001451671 -9.86677e-4 -0.01102495 -0.001451671 -9.09327e-4 -0.01117491 -0.001451671 -8.04347e-4 -0.01130431 -0.001451671 -6.74927e-4 -0.01140928 -0.001451671 -5.25e-4 -0.01148664 -0.001451671 -3.59121e-4 -0.01153403 -0.001451671 -1.82331e-4 -0.01154994 -0.001451671 0 -0.01153403 -0.001451671 1.82331e-4 -0.01148664 -0.001451671 3.59121e-4 -0.01140928 -0.001451671 5.25e-4 -0.01130431 -0.001451671 6.74927e-4 -0.01117491 -0.001451671 8.04347e-4 -0.01102495 -0.001451671 9.09327e-4 -0.01085907 -0.001451671 9.86677e-4 -0.01068228 -0.001451671 0.001034021 -0.01049995 -0.001451671 0.001049995 0.01049995 -5.51699e-4 -0.001049995 0.01031762 -5.51699e-4 -0.001034021 0.01014083 -5.51699e-4 -9.86677e-4 0.009974956 -5.51699e-4 -9.09327e-4 0.00982505 -5.51699e-4 -8.04347e-4 0.009695649 -5.51699e-4 -6.74927e-4 0.009590625 -5.51699e-4 -5.25e-4 0.009513318 -5.51699e-4 -3.59121e-4 0.009465932 -5.51699e-4 -1.82331e-4 0.009449958 -5.51699e-4 0 0.009465932 -5.51699e-4 1.82331e-4 0.009513318 -5.51699e-4 3.59121e-4 0.009590625 -5.51699e-4 5.25e-4 0.009695649 -5.51699e-4 6.74927e-4 0.00982505 -5.51699e-4 8.04347e-4 0.009974956 -5.51699e-4 9.09327e-4 0.01014083 -5.51699e-4 9.86677e-4 0.01031762 -5.51699e-4 0.001034021 0.01049995 -5.51699e-4 0.001049995 0.01049995 -0.001451671 -0.001049995 0.01031762 -0.001451671 -0.001034021 0.01014083 -0.001451671 -9.86677e-4 0.009974956 -0.001451671 -9.09327e-4 0.00982505 -0.001451671 -8.04347e-4 0.009695649 -0.001451671 -6.74927e-4 0.009590625 -0.001451671 -5.25e-4 0.009513318 -0.001451671 -3.59121e-4 0.009465932 -0.001451671 -1.82331e-4 0.009449958 -0.001451671 0 0.009465932 -0.001451671 1.82331e-4 0.009513318 -0.001451671 3.59121e-4 0.009590625 -0.001451671 5.25e-4 0.009695649 -0.001451671 6.74927e-4 0.00982505 -0.001451671 8.04347e-4 0.009974956 -0.001451671 9.09327e-4 0.01014083 -0.001451671 9.86677e-4 0.01031762 -0.001451671 0.001034021 0.01049995 -0.001451671 0.001049995 0.01049995 -5.51699e-4 0.01144999 0.01031762 -5.51699e-4 0.0114659 0.01014083 -5.51699e-4 0.01151329 0.009974956 -5.51699e-4 0.01159065 0.00982505 -5.51699e-4 0.01169562 0.009695649 -5.51699e-4 0.01182502 0.009590625 -5.51699e-4 0.01197499 0.009513318 -5.51699e-4 0.01214087 0.009465932 -5.51699e-4 0.01231765 0.009449958 -5.51699e-4 0.01249998 0.009465932 -5.51699e-4 0.01268231 0.009513318 -5.51699e-4 0.0128591 0.009590625 -5.51699e-4 0.01302498 0.009695649 -5.51699e-4 0.01317489 0.00982505 -5.51699e-4 0.01330429 0.009974956 -5.51699e-4 0.01340931 0.01014083 -5.51699e-4 0.01348662 0.01031762 -5.51699e-4 0.013534 0.01049995 -5.51699e-4 0.01354998 0.01049995 -0.001451671 0.01144999 0.01031762 -0.001451671 0.0114659 0.01014083 -0.001451671 0.01151329 0.009974956 -0.001451671 0.01159065 0.00982505 -0.001451671 0.01169562 0.009695649 -0.001451671 0.01182502 0.009590625 -0.001451671 0.01197499 0.009513318 -0.001451671 0.01214087 0.009465932 -0.001451671 0.01231765 0.009449958 -0.001451671 0.01249998 0.009465932 -0.001451671 0.01268231 0.009513318 -0.001451671 0.0128591 0.009590625 -0.001451671 0.01302498 0.009695649 -0.001451671 0.01317489 0.00982505 -0.001451671 0.01330429 0.009974956 -0.001451671 0.01340931 0.01014083 -0.001451671 0.01348662 0.01031762 -0.001451671 0.013534 0.01049995 -0.001451671 0.01354998 0.00939995 -0.001951694 -0.008999943 0.00939995 -0.001951694 -0.009499967 0.00939995 -0.003051698 -0.008999943 0.00939995 -0.003051698 -0.009499967 0.00939995 -0.003051698 -0.008999943 0.00939995 -0.003051698 -0.009499967 -0.00939995 -0.003051698 -0.008999943 -0.00939995 -0.003051698 -0.009499967 -0.00939995 -0.003051698 -0.008999943 -0.00939995 -0.003051698 -0.009499967 -0.00939995 -0.001951694 -0.008999943 -0.00939995 -0.001951694 -0.009499967 0.01039999 -0.003851652 -0.009499967 0.01039999 -0.001451671 -0.009499967 0.01039999 -0.003851652 -0.003999948 0.01039999 -0.001451671 -0.003999948 -0.01039999 -0.003851652 -0.003999948 -0.01039999 -0.001451671 -0.003999948 -0.01039999 -0.003851652 -0.009499967 -0.01039999 -0.001451671 -0.009499967 -0.00939995 -0.001951694 -0.008999943 -0.00939995 -0.001951694 -0.009499967 0.00939995 -0.001951694 -0.008999943 0.00939995 -0.001951694 -0.009499967 0.01039999 -0.003851652 -0.003999948 0.01039999 -0.001451671 -0.003999948 -0.01039999 -0.003851652 -0.003999948 -0.01039999 -0.001451671 -0.003999948 0.01039999 -0.003851652 -0.009499967 0.01039999 -0.003851652 -0.003999948 -0.01039999 -0.003851652 -0.003999948 -0.01039999 -0.003851652 -0.009499967 0.00939995 -0.001951694 -0.008999943 0.00939995 -0.003051698 -0.008999943 -0.00939995 -0.003051698 -0.008999943 -0.00939995 -0.001951694 -0.008999943 -0.008699953 -3.51699e-4 0.009899973 -0.008699953 -5.51699e-4 0.009899973 -0.007479965 -3.51699e-4 0.009899973 -0.007479965 -5.51699e-4 0.009899973 -0.007479965 -3.51699e-4 0.009899973 -0.007479965 -5.51699e-4 0.009899973 -0.007479965 -3.51699e-4 0.00909996 -0.007479965 -5.51699e-4 0.00909996 -0.007479965 -3.51699e-4 0.00909996 -0.007479965 -5.51699e-4 0.00909996 -0.008699953 -3.51699e-4 0.00909996 -0.008699953 -5.51699e-4 0.00909996 -0.008699953 -3.51699e-4 0.00909996 -0.008699953 -5.51699e-4 0.00909996 -0.008699953 -3.51699e-4 0.009899973 -0.008699953 -5.51699e-4 0.009899973 -0.008699953 -3.51699e-4 0.00909996 -0.008699953 -3.51699e-4 0.009899973 -0.007479965 -3.51699e-4 0.009899973 -0.007479965 -3.51699e-4 0.00909996</float_array>
          <technique_common>
            <accessor source="#SHELL_002-mesh-positions-array" count="688" stride="3">
              <param name="X" type="float"/>
              <param name="Y" type="float"/>
              <param name="Z" type="float"/>
            </accessor>
          </technique_common>
        </source>
        <source id="SHELL_002-mesh-normals">
          <float_array id="SHELL_002-mesh-normals-array" count="1218">-0.173645 0 -0.9848083 -2.08318e-5 0 -1 -1.14962e-5 0 -1 -0.1736522 0 -0.9848071 -0.3420181 0 -0.9396935 -0.3420245 0 -0.9396911 -0.5000002 0 -0.8660253 -0.5000021 0 -0.8660242 -0.6427875 0 -0.7660446 -0.6427885 0 -0.7660439 -0.7660447 0 -0.6427873 -0.7660455 0 -0.6427865 -0.8660253 0 -0.5000001 -0.8660253 0 -0.5000002 -0.9396918 0 -0.3420225 -0.9396925 0 -0.3420206 -0.9848077 0 -0.1736484 -0.9848079 0 -0.1736479 -1 0 1.00465e-6 -1 0 -1.55458e-6 -0.9848077 0 0.173649 -0.9848082 0 0.1736457 -0.9396914 0 0.3420236 -0.9396933 0 0.3420186 -0.8660238 0 0.5000029 -0.8660275 0 0.4999963 -0.7660445 0 0.6427876 -0.7660424 0 0.6427902 -0.6427866 0 0.7660453 -0.4999977 0 0.8660267 -0.5000072 0 0.8660213 -0.3420166 0 0.9396939 -0.3420268 0 0.9396902 -0.1736479 0 0.9848078 -0.1736432 0 0.9848086 -1.28075e-5 0 1 -2.21878e-5 0 1 -0.1736489 0 -0.9848077 -1.76877e-5 0 -1 -1.88649e-5 0 -1 -0.1736465 0 -0.9848082 -0.3420208 0 -0.9396924 -0.3420193 0 -0.939693 -0.5000019 0 -0.8660244 -0.5000004 0 -0.8660252 -0.642787 0 -0.766045 -0.7660449 0 -0.6427872 -0.7660436 0 -0.6427886 -0.8660258 0 -0.4999994 -0.8660249 0 -0.5000011 -0.9396927 0 -0.3420199 -0.939692 0 -0.342022 -0.9848082 0 -0.1736463 -0.9848078 0 -0.1736485 -1 0 1.07369e-6 -1 0 -1.07845e-6 -0.9848078 0 0.1736485 -0.9848082 0 0.1736464 -0.939692 0 0.3420219 -0.9396927 0 0.3420199 -0.8660253 0 0.5000003 -0.8660254 0 0.5000002 -0.7660443 0 0.6427878 -0.7660442 0 0.6427881 -0.6427876 0 0.7660446 -0.6427878 0 0.7660443 -0.5000011 0 0.8660248 -0.5000011 0 0.8660248 -0.3420193 0 0.939693 -0.3420207 0 0.9396925 -0.1736481 0 0.9848078 -0.1736472 0 0.984808 -1.76802e-5 0 1 -1.88649e-5 0 1 -0.1736496 0 -0.9848076 -0.1736471 0 -0.984808 -0.3420214 0 -0.9396923 -0.3420199 0 -0.9396927 -0.5000007 0 -0.8660251 -0.4999991 0 -0.8660259 -0.6427873 0 -0.7660447 -0.6427859 0 -0.766046 -0.8660269 0 -0.4999974 -0.866026 0 -0.4999991 -0.9396927 0 -0.34202 -0.9396919 0 -0.3420221 -0.9848077 0 -0.1736488 -0.9848073 0 -0.173651 -1 0 1.07369e-6 -1 0 -1.07845e-6 -0.9848076 0 0.1736499 -0.9848075 0 0.1736499 -0.9396919 0 0.3420221 -0.9396927 0 0.34202 -0.8660264 0 0.4999982 -0.8660266 0 0.4999982 -0.7660437 0 0.6427887 -0.7660449 0 0.6427871 -0.6427859 0 0.7660459 -0.6427873 0 0.7660448 -0.4999992 0 0.8660259 -0.5000005 0 0.8660252 -0.3420199 0 0.9396927 -0.3420214 0 0.9396922 -0.1736488 0 0.9848077 -0.1736479 0 0.9848079 -0.1736456 0 -0.9848082 -0.1736528 0 -0.984807 -0.3420187 0 -0.9396932 -0.3420251 0 -0.9396909 -0.4999989 0 -0.8660261 -0.5000008 0 -0.866025 -0.6427863 0 -0.7660456 -0.6427873 0 -0.7660449 -0.8660265 0 -0.4999981 -0.8660264 0 -0.4999983 -0.9396921 0 -0.3420217 -0.9396921 0 -0.3420218 -0.9848076 0 -0.1736493 -0.9848071 0 -0.1736518 -0.9848072 0 0.1736514 -0.9848078 0 0.1736481 -0.9396924 0 0.3420209 -0.9396922 0 0.3420216 -0.866025 0 0.500001 -0.8660287 0 0.4999944 -0.7660445 0 0.6427876 -0.6427848 0 0.766047 -0.6427863 0 0.7660456 -0.4999966 0 0.8660274 -0.5000059 0 0.8660221 -0.3420172 0 0.9396938 -0.3420274 0 0.93969 -0.1736486 0 0.9848077 -0.1736439 0 0.9848086 0 1 3.48485e-7 0 1 -3.57092e-7 0 1 -3.57094e-7 0 1 0 0 1 -4.42572e-7 0 1 4.42572e-7 0 1 -5.54255e-7 0 1 8.045e-7 0 1 -1.68691e-6 0 1 1.33909e-7 0 1 -2.81045e-7 0 1 5.30858e-7 0 1 -5.7675e-7 0 1 2.84138e-7 0 1 -6.25667e-7 0 1 1.21383e-6 0 1 0 0 1 -1.17876e-6 0 1 2.94923e-7 0 1 1.96908e-7 0 1 0 0 1 0 0 1 0 0 1 0 0 1 0 0 1 0 0 1 0 0 1 0 0 1 0 0 1 0 0 1 0 0 1 0 0 1 0 0 1 -2.04453e-7 0 1 -4.15651e-7 0 1 4.26972e-7 0 1 2.22039e-7 0 1 8.26245e-7 0 1 -2.01277e-7 0 1 1.59607e-7 0 1 -3.89126e-7 0 1 0 0 1 -2.23183e-7 0 1 0 0 1 -2.21287e-7 0 1 1.38563e-7 0 1 2.01129e-7 0 1 -8.4351e-7 0 1 3.50159e-7 0 1 2.9082e-7 0 1 1.86037e-7 0 1 -2.54133e-7 0 1 -2.89594e-7 0 1 0 0 1 0 0 1 0 0 1 0 0 1 0 0 1 -3.21623e-7 0 1 0 0 1 5.25718e-7 0 1 -3.65463e-7 0 1 0 0 1 0 0 1 2.93935e-7 0 1 0 0 1 3.77329e-7 0 1 -5.27848e-7 0 1 1.50265e-7 0 1 5.43472e-7 0 1 -1.89057e-7 0 1 -1.7069e-7 0 1 -5.76338e-7 0 1 2.79145e-7 0 1 3.44606e-7 0 1 0 1 0 0 0 0 1 -1 0 0 0 0 -1 -3.78956e-7 0 -1 -1.65363e-6 0 -1 1.65363e-6 0 -1 3.78956e-7 0 -1 0 0 -1 0 0 -1 0 -1 0 0 -1 1.42837e-6 0 -1 -1.54147e-6 0 -1 -6.748e-6 0 -1 -2.03616e-7 0 -1 4.18981e-7 0 -1 -8.1715e-7 0 -1 8.45007e-7 0 -1 1.33135e-7 0 -1 0 0 -1 0 0 -1 0 0 -1 1.06172e-6 0 -1 -1.76354e-6 0 -1 1.39777e-6 0 -1 1.48246e-7 0 -1 6.12359e-7 0 -1 2.35753e-6 0 -1 -1.08701e-6 0 -1 0 0 -1 -2.8921e-7 0 -1 1.54126e-6 0 -1 -2.16307e-6 0 -1 2.73484e-7 0 -1 0 0 -1 0 0 -1 2.8921e-7 0 -1 -1.08694e-6 0 -1 1.71101e-6 0 -1 -1.15268e-6 0 -1 5.35959e-7 0 -1 4.02259e-7 0 -1 -4.21755e-6 0 -1 7.14184e-7 0 -1 -1.1561e-6 0 -1 6.6386e-7 0 -1 2.77126e-7 0 -1 6.12359e-7 0 -1 1.54125e-6 0 -1 -2.16306e-6 0 -1 -2.89698e-7 0 -1 1.71102e-6 0 -1 -1.08694e-6 0 -1 0 0 -1 0 0.173649 0 0.9848076 1.28224e-5 0 1 2.21878e-5 0 1 0.1736422 0 0.9848088 0.3420268 0 0.9396902 0.3420165 0 0.9396939 0.5000073 0 0.8660213 0.4999977 0 0.8660267 0.6427866 0 0.7660453 0.7660452 0 0.6427868 0.7660416 0 0.642791 0.8660253 0 0.5000002 0.866026 0 0.499999 0.9396933 0 0.3420186 0.9396914 0 0.3420237 0.9848082 0 0.1736456 0.9848077 0 0.173649 1 0 -1.54744e-6 1 0 1.00703e-6 0.9848077 0 -0.1736483 0.9848079 0 -0.1736479 0.9396918 0 -0.3420225 0.9396925 0 -0.3420206 0.8660258 0 -0.4999993 0.8660249 0 -0.5000012 0.7660439 0 -0.6427882 0.7660462 0 -0.6427856 0.6427884 0 -0.7660438 0.6427875 0 -0.7660446 0.5000022 0 -0.8660242 0.5000002 0 -0.8660253 0.3420245 0 -0.939691 0.3420181 0 -0.9396935 0.1736485 0 -0.9848077 0.1736487 0 -0.9848077 2.08169e-5 0 -1 1.14962e-5 0 -1 0.1736489 0 0.9848077 1.76877e-5 0 1 1.88649e-5 0 1 0.1736465 0 0.9848082 0.3420208 0 0.9396924 0.3420193 0 0.939693 0.5000019 0 0.8660244 0.5000004 0 0.8660252 0.6427885 0 0.7660439 0.642787 0 0.766045 0.7660449 0 0.6427872 0.7660436 0 0.6427886 0.8660258 0 0.4999994 0.8660249 0 0.5000011 0.9396927 0 0.3420199 0.939692 0 0.342022 0.9848082 0 0.1736463 0.9848078 0 0.1736485 1 0 -1.07369e-6 1 0 1.07845e-6 0.984808 0 -0.1736474 0.984808 0 -0.1736475 0.9396924 0 -0.3420209 0.9396924 0 -0.3420209 0.8660253 0 -0.5000003 0.8660254 0 -0.5000002 0.7660443 0 -0.6427878 0.7660442 0 -0.6427881 0.642787 0 -0.766045 0.6427884 0 -0.7660439 0.5000005 0 -0.8660252 0.5000018 0 -0.8660244 0.3420193 0 -0.939693 0.3420207 0 -0.9396925 0.1736481 0 -0.9848078 0.1736472 0 -0.984808 1.76802e-5 0 -1 1.88649e-5 0 -1 0.1736496 0 0.9848076 0.1736471 0 0.984808 0.3420214 0 0.9396923 0.3420199 0 0.9396927 0.5000007 0 0.8660251 0.4999991 0 0.8660259 0.6427873 0 0.7660447 0.6427859 0 0.766046 0.8660269 0 0.4999974 0.866026 0 0.4999991 0.9396927 0 0.34202 0.9396919 0 0.3420221 0.9848077 0 0.1736488 0.9848073 0 0.173651 1 0 -1.07369e-6 1 0 1.07845e-6 0.9848076 0 -0.1736499 0.9848075 0 -0.1736499 0.9396919 0 -0.3420221 0.9396927 0 -0.34202 0.8660264 0 -0.4999982 0.8660266 0 -0.4999982 0.7660437 0 -0.6427887 0.7660449 0 -0.6427871 0.6427859 0 -0.7660459 0.6427873 0 -0.7660448 0.4999992 0 -0.8660259 0.3420199 0 -0.9396927 0.3420214 0 -0.9396922 0.1736488 0 -0.9848077 0.1736479 0 -0.9848079 0.1736497 0 0.9848076 0.1736428 0 0.9848088 0.3420274 0 0.93969 0.3420172 0 0.9396937 0.500006 0 0.8660221 0.4999964 0 0.8660275 0.6427863 0 0.7660456 0.6427847 0 0.766047 0.7660424 0 0.6427902 0.7660445 0 0.6427876 0.8660265 0 0.4999982 0.8660271 0 0.499997 0.9396932 0 0.3420187 0.9396913 0 0.3420238 0.9848078 0 0.1736481 0.9848072 0 0.1736514 1 0 0 1 0 -4.85653e-7 0.9848071 0 -0.1736518 0.9848076 0 -0.1736493 0.9396921 0 -0.3420218 0.9396921 0 -0.3420217 0.866027 0 -0.4999973 0.8660259 0 -0.4999991 0.7660455 0 -0.6427865 0.7660447 0 -0.6427873 0.6427874 0 -0.7660447 0.6427863 0 -0.7660456 0.5000008 0 -0.8660249 0.4999989 0 -0.8660261 0.3420252 0 -0.9396909 0.3420186 0 -0.9396932 0.1736491 0 -0.9848077 0.1736493 0 -0.9848076</float_array>
          <technique_common>
            <accessor source="#SHELL_002-mesh-normals-array" count="406" stride="3">
              <param name="X" type="float"/>
              <param name="Y" type="float"/>
              <param name="Z" type="float"/>
            </accessor>
          </technique_common>
        </source>
        <vertices id="SHELL_002-mesh-vertices">
          <input semantic="POSITION" source="#SHELL_002-mesh-positions"/>
        </vertices>
        <triangles material="mat_3-material" count="624">
          <input semantic="VERTEX" source="#SHELL_002-mesh-vertices" offset="0"/>
          <input semantic="NORMAL" source="#SHELL_002-mesh-normals" offset="1"/>
          <p>3 0 20 1 2 2 3 0 21 3 20 1 4 4 22 5 21 3 4 4 21 3 3 0 5 6 23 7 22 5 5 6 22 5 4 4 6 8 24 9 23 7 6 8 23 7 5 6 7 10 25 11 24 9 7 10 24 9 6 8 8 12 26 13 25 11 8 12 25 11 7 10 9 14 27 15 26 13 9 14 28 16 27 15 9 14 26 13 8 12 10 17 28 16 9 14 11 18 29 19 28 16 11 18 28 16 10 17 12 20 30 21 29 19 12 20 29 19 11 18 13 22 31 23 30 21 13 22 30 21 12 20 14 24 32 25 31 23 14 24 33 26 32 25 14 24 31 23 13 22 15 27 34 28 33 26 15 27 33 26 14 24 16 28 34 28 15 27 17 29 35 30 34 28 17 29 34 28 16 28 18 31 35 30 17 29 18 31 36 32 35 30 19 33 36 32 18 31 19 33 37 34 36 32 19 33 0 35 37 34 1 36 0 35 19 33 41 37 58 38 40 39 41 37 59 40 58 38 42 41 60 42 59 40 42 41 59 40 41 37 43 43 61 44 60 42 43 43 60 42 42 41 44 9 62 45 61 44 44 9 61 44 43 43 45 46 63 47 62 45 45 46 62 45 44 9 46 48 64 49 63 47 46 48 63 47 45 46 47 50 65 51 64 49 47 50 64 49 46 48 48 52 66 53 65 51 48 52 65 51 47 50 49 54 67 55 66 53 49 54 66 53 48 52 50 56 68 57 67 55 50 56 67 55 49 54 51 58 69 59 68 57 51 58 68 57 50 56 52 60 70 61 69 59 52 60 71 62 70 61 52 60 69 59 51 58 53 63 71 62 52 60 54 64 72 65 71 62 54 64 73 66 72 65 54 64 71 62 53 63 55 67 73 66 54 64 56 68 73 66 55 67 56 68 74 69 73 66 57 70 74 69 56 68 57 70 75 71 74 69 57 70 38 72 75 71 39 73 38 72 57 70 79 74 96 38 78 39 79 74 97 75 96 38 80 76 98 77 97 75 80 76 97 75 79 74 81 78 99 79 98 77 81 78 98 77 80 76 82 80 100 81 99 79 82 80 99 79 81 78 83 46 101 47 100 81 83 46 100 81 82 80 84 82 102 83 101 47 84 82 101 47 83 46 85 84 103 85 102 83 85 84 102 83 84 82 86 86 104 87 103 85 86 86 103 85 85 84 87 88 105 89 104 87 87 88 104 87 86 86 88 90 106 91 105 89 88 90 107 92 106 91 88 90 105 89 87 88 89 93 108 94 107 92 89 93 107 92 88 90 90 95 108 94 89 93 91 96 109 97 108 94 91 96 108 94 90 95 92 98 110 99 109 97 92 98 109 97 91 96 93 100 111 101 110 99 93 100 110 99 92 98 94 102 111 101 93 100 94 102 112 103 111 101 95 104 112 103 94 102 95 104 113 105 112 103 95 104 76 72 113 105 77 73 76 72 95 104 117 106 134 1 116 2 117 106 135 107 134 1 118 108 136 109 135 107 118 108 135 107 117 106 119 110 137 111 136 109 119 110 136 109 118 108 120 112 138 113 137 111 120 112 137 111 119 110 121 10 139 11 138 113 121 10 138 113 120 112 122 114 140 115 139 11 122 114 139 11 121 10 123 116 141 117 140 115 123 116 140 115 122 114 124 118 142 119 141 117 124 118 141 117 123 116 125 18 143 19 142 119 125 18 142 119 124 118 126 120 144 121 143 19 126 120 143 19 125 18 127 122 145 123 144 121 127 122 146 124 145 123 127 122 144 121 126 120 128 125 146 124 127 122 129 126 147 27 146 124 129 126 146 124 128 125 130 127 148 128 147 27 130 127 147 27 129 126 131 129 149 130 148 128 131 129 148 128 130 127 132 131 149 130 131 129 132 131 150 132 149 130 133 133 150 132 132 131 133 133 151 134 150 132 133 133 114 35 151 134 115 36 114 35 133 133 286 135 152 135 287 135 285 136 152 136 286 136 288 137 287 137 152 137 284 138 152 138 285 138 289 138 288 138 152 138 283 139 152 139 284 139 290 140 289 140 152 140 282 138 152 138 283 138 291 141 290 141 152 141 292 142 291 142 152 142 281 138 152 138 282 138 293 143 292 143 152 143 280 138 152 138 281 138 251 138 296 138 295 138 251 138 250 138 296 138 252 138 251 138 295 138 252 138 295 138 294 138 249 138 297 138 296 138 249 138 296 138 250 138 248 138 297 138 249 138 248 138 298 138 297 138 248 138 299 138 298 138 253 138 252 138 294 138 253 138 294 138 293 138 253 138 293 138 152 138 247 138 299 138 248 138 254 144 253 144 152 144 255 145 254 145 152 145 246 138 299 138 247 138 246 138 264 138 299 138 245 138 265 138 264 138 245 138 266 138 265 138 245 138 264 138 246 138 244 138 266 138 245 138 243 138 267 138 266 138 243 138 266 138 244 138 242 138 268 138 267 138 242 138 269 138 268 138 242 138 267 138 243 138 241 138 269 138 242 138 178 146 278 146 277 146 178 138 277 138 179 138 177 147 279 147 278 147 177 138 278 138 178 138 180 148 277 148 276 148 180 149 179 149 277 149 176 150 280 150 279 150 176 151 152 151 280 151 176 152 279 152 177 152 181 153 276 153 275 153 181 138 180 138 276 138 153 154 256 154 255 154 153 155 257 155 256 155 153 156 258 156 257 156 153 157 259 157 258 157 153 158 260 158 259 158 153 159 261 159 260 159 153 160 262 160 261 160 153 161 263 161 262 161 153 162 228 162 263 162 153 138 255 138 152 138 153 163 229 163 228 163 153 164 230 164 229 164 153 165 231 165 230 165 153 166 232 166 231 166 153 167 233 167 232 167 301 168 272 168 271 168 301 169 273 169 272 169 301 170 274 170 273 170 301 171 275 171 274 171 301 172 182 172 181 172 301 173 183 173 182 173 301 174 184 174 183 174 301 175 185 175 184 175 301 138 181 138 275 138 155 176 152 176 176 176 155 177 171 177 170 177 155 178 172 178 171 178 155 179 173 179 172 179 155 180 174 180 173 180 155 181 175 181 174 181 155 182 176 182 175 182 169 135 155 135 170 135 303 183 270 183 269 183 303 184 271 184 270 184 303 138 269 138 241 138 303 138 301 138 271 138 303 185 239 185 238 185 303 186 240 186 239 186 303 187 241 187 240 187 168 137 155 137 169 137 167 138 155 138 168 138 300 138 185 138 301 138 300 188 186 188 185 188 300 189 187 189 186 189 300 190 188 190 187 190 300 191 189 191 188 191 300 192 190 192 189 192 191 193 190 193 300 193 166 140 155 140 167 140 156 138 191 138 300 138 165 141 155 141 166 141 164 142 155 142 165 142 163 143 155 143 164 143 302 194 157 194 156 194 302 195 158 195 157 195 302 196 159 196 158 196 302 138 156 138 300 138 214 138 303 138 215 138 216 138 215 138 303 138 213 197 302 197 303 197 213 138 303 138 214 138 217 138 216 138 303 138 212 138 302 138 213 138 218 198 303 198 238 198 218 199 217 199 303 199 211 200 302 200 212 200 219 138 218 138 238 138 219 201 238 201 237 201 210 138 302 138 211 138 220 202 219 202 237 202 220 203 237 203 236 203 209 138 302 138 210 138 221 204 220 204 236 204 221 205 236 205 235 205 208 206 302 206 209 206 222 207 221 207 235 207 222 208 235 208 234 208 207 138 302 138 208 138 207 138 160 138 159 138 207 138 159 138 302 138 223 138 222 138 234 138 223 209 234 209 233 209 206 138 160 138 207 138 205 138 161 138 160 138 205 138 160 138 206 138 204 138 161 138 205 138 204 138 162 138 161 138 203 138 163 138 162 138 203 138 162 138 204 138 154 210 233 210 153 210 154 162 193 162 192 162 154 161 194 161 193 161 154 160 195 160 194 160 154 159 196 159 195 159 154 158 197 158 196 158 154 157 198 157 197 157 154 156 199 156 198 156 154 155 200 155 199 155 154 167 224 167 223 167 154 166 225 166 224 166 154 165 226 165 225 165 154 164 227 164 226 164 154 163 192 163 227 163 154 138 223 138 233 138 154 138 155 138 201 138 201 145 155 145 202 145 202 144 155 144 203 144 203 138 155 138 163 138 154 154 201 154 200 154 305 211 304 211 306 211 305 211 306 211 307 211 309 212 308 212 310 212 309 212 310 212 311 212 313 213 312 213 314 213 313 213 314 213 315 213 319 214 316 214 318 214 319 215 320 215 325 215 324 216 319 216 325 216 327 214 325 214 320 214 321 214 327 214 320 214 322 217 326 217 327 217 322 218 327 218 321 218 317 214 322 214 323 214 317 214 316 214 319 214 317 219 319 219 324 219 317 220 324 220 322 220 322 214 324 214 326 214 449 221 333 221 448 221 447 222 448 222 333 222 450 221 333 221 449 221 446 223 447 223 333 223 451 221 333 221 450 221 445 221 446 221 333 221 452 221 333 221 451 221 444 221 445 221 333 221 453 221 333 221 452 221 454 221 333 221 453 221 479 221 444 221 333 221 455 221 333 221 454 221 478 224 479 224 333 224 413 221 458 221 412 221 413 221 457 221 458 221 411 221 412 221 458 221 411 221 458 221 459 221 414 221 457 221 413 221 414 221 456 221 457 221 410 221 459 221 460 221 410 221 460 221 461 221 410 221 411 221 459 221 415 221 455 221 456 221 415 221 456 221 414 221 415 221 333 221 455 221 409 221 410 221 461 221 416 221 333 221 415 221 408 221 461 221 462 221 408 221 409 221 461 221 417 221 333 221 416 221 443 221 462 221 463 221 443 221 463 221 464 221 443 221 408 221 462 221 442 221 443 221 464 221 441 221 464 221 465 221 441 221 442 221 464 221 440 221 465 221 466 221 440 221 466 221 467 221 440 221 441 221 465 221 439 221 440 221 467 221 438 221 467 221 468 221 438 221 439 221 467 221 328 221 428 221 429 221 328 225 429 225 430 225 328 226 430 226 431 226 328 227 431 227 432 227 328 228 432 228 433 228 328 229 420 229 421 229 328 230 421 230 422 230 328 221 422 221 423 221 328 221 423 221 424 221 328 221 424 221 425 221 328 231 425 231 426 231 328 221 426 221 427 221 328 232 427 232 428 232 340 233 475 233 476 233 340 221 341 221 475 221 339 234 340 234 476 234 339 235 476 235 477 235 342 236 474 236 475 236 342 221 475 221 341 221 343 237 473 237 474 237 343 221 474 221 342 221 338 238 339 238 477 238 338 239 477 239 478 239 338 240 478 240 333 240 344 241 471 241 472 241 344 242 472 242 473 242 344 243 473 243 343 243 345 221 471 221 344 221 334 221 333 221 417 221 334 221 420 221 328 221 334 244 417 244 418 244 334 245 418 245 419 245 334 246 419 246 420 246 346 221 471 221 345 221 346 247 470 247 471 247 347 248 470 248 346 248 347 249 469 249 470 249 348 250 469 250 347 250 348 251 468 251 469 251 332 252 336 252 337 252 332 253 337 253 338 253 332 221 338 221 333 221 332 254 368 254 369 254 332 255 369 255 370 255 332 256 370 256 371 256 332 257 371 257 336 257 367 221 368 221 332 221 366 221 367 221 332 221 365 221 366 221 332 221 364 221 365 221 332 221 363 221 364 221 332 221 335 221 334 221 328 221 362 221 363 221 332 221 361 221 362 221 332 221 377 221 349 221 350 221 377 221 350 221 376 221 375 221 350 221 351 221 375 221 376 221 350 221 378 221 348 221 349 221 378 221 468 221 348 221 378 221 349 221 377 221 378 221 438 221 468 221 374 221 351 221 352 221 374 221 375 221 351 221 379 258 437 258 438 258 379 221 438 221 378 221 373 221 352 221 353 221 373 221 374 221 352 221 380 259 436 259 437 259 380 260 437 260 379 260 372 221 353 221 354 221 372 221 373 221 353 221 381 261 435 261 436 261 381 221 436 221 380 221 382 247 434 247 435 247 382 221 435 221 381 221 407 221 354 221 355 221 407 221 372 221 354 221 383 262 433 262 434 262 383 263 434 263 382 263 406 221 355 221 356 221 406 221 407 221 355 221 405 221 356 221 357 221 405 221 357 221 358 221 405 221 406 221 356 221 404 221 405 221 358 221 403 221 404 221 358 221 403 221 358 221 359 221 402 221 359 221 360 221 402 221 403 221 359 221 401 221 402 221 360 221 401 221 360 221 361 221 329 228 383 228 384 228 329 227 384 227 385 227 329 226 385 226 386 226 329 225 386 225 387 225 329 221 387 221 388 221 329 232 388 232 389 232 329 221 389 221 390 221 329 231 390 231 391 231 329 221 391 221 392 221 329 221 392 221 393 221 329 221 393 221 394 221 329 230 394 230 395 230 329 229 395 229 396 229 329 264 328 264 433 264 329 265 433 265 383 265 331 221 330 221 329 221 331 221 329 221 396 221 331 246 396 246 397 246 331 245 397 245 398 245 331 221 399 221 332 221 399 221 400 221 332 221 400 221 401 221 332 221 401 221 361 221 332 221 331 244 398 244 399 244 481 266 499 267 480 268 481 266 500 269 499 267 482 270 501 271 500 269 482 270 500 269 481 266 483 272 502 273 501 271 483 272 501 271 482 270 484 274 503 274 502 273 484 274 504 275 503 274 484 274 502 273 483 272 485 276 504 275 484 274 486 277 505 278 504 275 486 277 504 275 485 276 487 279 506 280 505 278 487 279 505 278 486 277 488 281 507 282 506 280 488 281 506 280 487 279 489 283 508 284 507 282 489 283 507 282 488 281 490 285 509 286 508 284 490 285 510 287 509 286 490 285 508 284 489 283 491 288 510 287 490 285 492 289 511 290 510 287 492 289 512 291 511 290 492 289 510 287 491 288 493 292 512 291 492 289 494 293 513 294 512 291 494 293 512 291 493 292 495 295 513 294 494 293 495 295 514 296 513 294 496 297 514 296 495 295 496 297 515 298 514 296 497 299 515 298 496 297 497 299 516 300 515 298 497 299 517 301 516 300 498 302 517 301 497 299 519 303 537 304 518 305 519 303 538 306 537 304 520 307 539 308 538 306 520 307 538 306 519 303 521 309 540 310 539 308 521 309 539 308 520 307 522 311 541 312 540 310 522 311 540 310 521 309 523 313 542 314 541 312 523 313 541 312 522 311 524 315 543 316 542 314 524 315 542 314 523 313 525 317 544 318 543 316 525 317 543 316 524 315 526 319 545 320 544 318 526 319 544 318 525 317 527 321 546 322 545 320 527 321 545 320 526 319 528 323 547 324 546 322 528 323 548 325 547 324 528 323 546 322 527 321 529 326 548 325 528 323 530 327 549 328 548 325 530 327 550 329 549 328 530 327 548 325 529 326 531 330 550 329 530 327 532 331 551 332 550 329 532 331 550 329 531 330 533 333 551 332 532 331 533 333 552 334 551 332 534 335 552 334 533 333 534 335 553 336 552 334 535 337 553 336 534 335 535 337 554 338 553 336 535 337 555 339 554 338 536 340 555 339 535 337 557 341 575 304 556 305 557 341 576 342 575 304 558 343 577 344 576 342 558 343 576 342 557 341 559 345 578 346 577 344 559 345 577 344 558 343 560 347 579 348 578 346 560 347 578 346 559 345 561 313 580 314 579 348 561 313 579 348 560 347 562 349 581 350 580 314 562 349 580 314 561 313 563 351 582 352 581 350 563 351 581 350 562 349 564 353 583 354 582 352 564 353 582 352 563 351 565 355 584 356 583 354 565 355 583 354 564 353 566 357 585 358 584 356 566 357 586 359 585 358 566 357 584 356 565 355 567 360 587 361 586 359 567 360 586 359 566 357 568 362 587 361 567 360 569 363 588 364 587 361 569 363 587 361 568 362 570 365 589 366 588 364 570 365 588 364 569 363 571 367 589 366 570 365 571 367 590 333 589 366 572 368 590 333 571 367 572 368 591 369 590 333 573 370 591 369 572 368 573 370 592 371 591 369 573 370 593 339 592 371 574 340 593 339 573 370 595 372 613 267 594 268 595 372 614 373 613 267 596 374 615 375 614 373 596 374 614 373 595 372 597 376 616 377 615 375 597 376 615 375 596 374 598 378 617 379 616 377 598 378 616 377 597 376 599 380 618 381 617 379 599 380 617 379 598 378 600 382 619 383 618 381 600 382 618 381 599 380 601 384 620 385 619 383 601 384 619 383 600 382 602 386 621 387 620 385 602 386 620 385 601 384 603 388 622 389 621 387 603 388 623 390 622 389 603 388 621 387 602 386 604 391 624 392 623 390 604 391 623 390 603 388 605 393 625 394 624 392 605 393 624 392 604 391 606 395 625 394 605 393 607 396 626 397 625 394 607 396 625 394 606 395 608 398 627 399 626 397 608 398 626 397 607 396 609 400 627 399 608 398 609 400 628 401 627 399 610 402 628 401 609 400 610 402 629 403 628 401 611 404 629 403 610 402 611 404 630 405 629 403 611 404 631 301 630 405 612 302 631 301 611 404</p>
        </triangles>
        <triangles material="mat_2-material" count="10">
          <input semantic="VERTEX" source="#SHELL_002-mesh-vertices" offset="0"/>
          <input semantic="NORMAL" source="#SHELL_002-mesh-normals" offset="1"/>
          <p>633 213 634 213 632 213 633 213 635 213 634 213 638 138 636 138 637 138 638 138 637 138 639 138 642 211 640 211 641 211 642 211 641 211 643 211 647 211 644 211 645 211 647 211 646 211 644 211 651 213 648 213 649 213 651 213 650 213 648 213</p>
        </triangles>
        <triangles material="mat_1-material" count="6">
          <input semantic="VERTEX" source="#SHELL_002-mesh-vertices" offset="0"/>
          <input semantic="NORMAL" source="#SHELL_002-mesh-normals" offset="1"/>
          <p>653 221 654 221 652 221 653 221 655 221 654 221 659 212 656 212 657 212 659 212 658 212 656 212 662 221 660 221 661 221 662 221 663 221 660 221</p>
        </triangles>
        <triangles material="mat_4-material" count="2">
          <input semantic="VERTEX" source="#SHELL_002-mesh-vertices" offset="0"/>
          <input semantic="NORMAL" source="#SHELL_002-mesh-normals" offset="1"/>
          <p>667 214 664 214 665 214 667 214 665 214 666 214</p>
        </triangles>
        <triangles material="mat_5-material" count="10">
          <input semantic="VERTEX" source="#SHELL_002-mesh-vertices" offset="0"/>
          <input semantic="NORMAL" source="#SHELL_002-mesh-normals" offset="1"/>
          <p>668 212 671 212 670 212 668 212 669 212 671 212 672 211 675 211 674 211 672 211 673 211 675 211 676 214 679 214 678 214 676 214 677 214 679 214 680 213 683 213 682 213 680 213 681 213 683 213 684 138 685 138 686 138 684 138 686 138 687 138</p>
        </triangles>
      </mesh>
    </geometry>
    <geometry id="SHELL_001-mesh" name="SHELL.001">
      <mesh>
        <source id="SHELL_001-mesh-positions">
          <float_array id="SHELL_001-mesh-positions-array" count="204">0.00939995 -0.001951694 -0.009499967 -0.00939995 -0.001951694 -0.009499967 0.00939995 -0.001951694 -0.009599983 -0.00939995 -0.001951694 -0.009599983 -0.01039999 -0.001451671 -0.009599983 -0.01039999 -0.001451671 -0.009499967 0.01039999 -0.001451671 -0.009599983 0.01039999 -0.001451671 -0.009499967 0.01039999 -0.001451671 -0.009599983 0.01039999 -0.001951694 -0.009599983 0.00939995 -0.001951694 -0.009599983 -0.00939995 -0.001951694 -0.009599983 -0.01039999 -0.001951694 -0.009599983 -0.01039999 -0.001451671 -0.009599983 0.01039999 -0.003851652 -0.009499967 -0.01039999 -0.003851652 -0.009499967 -0.01039999 -0.001451671 -0.009499967 0.01039999 -0.001451671 -0.009499967 -0.00939995 -0.001951694 -0.009499967 -0.00939995 -0.003051698 -0.009499967 0.00939995 -0.003051698 -0.009499967 0.00939995 -0.001951694 -0.009499967 0.01039999 -0.001451671 -0.009599983 0.01039999 -0.001451671 -0.009499967 0.01039999 -0.001951694 -0.009599983 0.01039999 -0.001951694 -0.009719967 0.01039999 -0.003851652 -0.009719967 0.01039999 -0.003851652 -0.009499967 -0.01039999 -0.003851652 -0.009719967 -0.01039999 -0.003851652 -0.009499967 -0.01039999 -0.001951694 -0.009719967 -0.01039999 -0.001951694 -0.009599983 -0.01039999 -0.001451671 -0.009599983 -0.01039999 -0.001451671 -0.009499967 0.00939995 -0.001951694 -0.009719967 0.00939995 -0.001951694 -0.009599983 0.01039999 -0.001951694 -0.009719967 0.01039999 -0.001951694 -0.009599983 0.01039999 -0.003851652 -0.009719967 0.01039999 -0.003851652 -0.009499967 -0.01039999 -0.003851652 -0.009719967 -0.01039999 -0.003851652 -0.009499967 -0.01039999 -0.001951694 -0.009719967 -0.01039999 -0.001951694 -0.009599983 -0.00939995 -0.001951694 -0.009719967 -0.00939995 -0.001951694 -0.009599983 -0.00939995 -0.001951694 -0.009599983 -0.00939995 -0.001951694 -0.009499967 -0.00939995 -0.001951694 -0.009719967 -0.00939995 -0.003051698 -0.009719967 -0.00939995 -0.003051698 -0.009499967 -0.00939995 -0.003051698 -0.009719967 -0.00939995 -0.003051698 -0.009499967 0.00939995 -0.003051698 -0.009719967 0.00939995 -0.003051698 -0.009499967 0.00939995 -0.003051698 -0.009719967 0.00939995 -0.003051698 -0.009499967 0.00939995 -0.001951694 -0.009719967 0.00939995 -0.001951694 -0.009599983 0.00939995 -0.001951694 -0.009499967 0.00939995 -0.003051698 -0.009719967 0.00939995 -0.001951694 -0.009719967 -0.00939995 -0.003051698 -0.009719967 -0.00939995 -0.001951694 -0.009719967 -0.01039999 -0.001951694 -0.009719967 -0.01039999 -0.003851652 -0.009719967 0.01039999 -0.003851652 -0.009719967 0.01039999 -0.001951694 -0.009719967</float_array>
          <technique_common>
            <accessor source="#SHELL_001-mesh-positions-array" count="68" stride="3">
              <param name="X" type="float"/>
              <param name="Y" type="float"/>
              <param name="Z" type="float"/>
            </accessor>
          </technique_common>
        </source>
        <source id="SHELL_001-mesh-normals">
          <float_array id="SHELL_001-mesh-normals-array" count="36">0 -1 0 0 1 0 0 0 -1 3.78956e-7 0 1 1.65363e-6 0 1 0 0 1 -1.65363e-6 0 1 -3.78956e-7 0 1 1 0 0 -1 0 0 -9.57363e-7 0 -1 9.57363e-7 0 -1</float_array>
          <technique_common>
            <accessor source="#SHELL_001-mesh-normals-array" count="12" stride="3">
              <param name="X" type="float"/>
              <param name="Y" type="float"/>
              <param name="Z" type="float"/>
            </accessor>
          </technique_common>
        </source>
        <vertices id="SHELL_001-mesh-vertices">
          <input semantic="POSITION" source="#SHELL_001-mesh-positions"/>
        </vertices>
        <triangles material="mat_1-material" count="16">
          <input semantic="VERTEX" source="#SHELL_001-mesh-vertices" offset="0"/>
          <input semantic="NORMAL" source="#SHELL_001-mesh-normals" offset="1"/>
          <p>2 0 1 0 3 0 0 0 1 0 2 0 6 1 4 1 5 1 6 1 5 1 7 1 10 2 8 2 9 2 13 2 11 2 12 2 13 2 8 2 10 2 13 2 10 2 11 2 17 3 20 3 14 3 21 4 20 4 17 4 19 5 14 5 20 5 15 5 14 5 19 5 16 6 19 6 18 6 16 7 15 7 19 7 16 5 21 5 17 5 16 5 18 5 21 5</p>
        </triangles>
        <triangles material="mat_2-material" count="28">
          <input semantic="VERTEX" source="#SHELL_001-mesh-vertices" offset="0"/>
          <input semantic="NORMAL" source="#SHELL_001-mesh-normals" offset="1"/>
          <p>24 8 26 8 25 8 24 8 27 8 26 8 23 8 24 8 22 8 27 8 24 8 23 8 31 9 28 9 29 9 30 9 28 9 31 9 32 9 31 9 33 9 33 9 31 9 29 9 36 1 34 1 35 1 36 1 35 1 37 1 39 0 40 0 38 0 39 0 41 0 40 0 44 1 42 1 43 1 44 1 43 1 45 1 46 8 49 8 48 8 46 8 50 8 49 8 47 8 50 8 46 8 53 1 51 1 52 1 53 1 52 1 54 1 58 9 55 9 56 9 58 9 56 9 59 9 57 9 55 9 58 9 64 10 62 10 65 10 63 2 62 2 64 2 60 2 65 2 62 2 66 2 65 2 60 2 67 2 60 2 61 2 67 11 66 11 60 11</p>
        </triangles>
      </mesh>
    </geometry>
    <geometry id="SHELL-mesh" name="SHELL">
      <mesh>
        <source id="SHELL-mesh-positions">
          <float_array id="SHELL-mesh-positions-array" count="72">0.003931522 -5.01699e-4 0.003958582 0.003931522 -5.51699e-4 0.003958582 0.003931522 -5.01699e-4 -0.00384134 0.003931522 -5.51699e-4 -0.00384134 0.003931522 -5.01699e-4 -0.00384134 0.003931522 -5.51699e-4 -0.00384134 -0.00386846 -5.01699e-4 -0.00384134 -0.00386846 -5.51699e-4 -0.00384134 -0.00386846 -5.01699e-4 -0.00384134 -0.00386846 -5.51699e-4 -0.00384134 -0.00386846 -5.01699e-4 0.003958582 -0.00386846 -5.51699e-4 0.003958582 -0.00386846 -5.01699e-4 0.003958582 -0.00386846 -5.51699e-4 0.003958582 0.003931522 -5.01699e-4 0.003958582 0.003931522 -5.51699e-4 0.003958582 -0.00386846 -5.01699e-4 0.003958582 0.003931522 -5.01699e-4 0.003958582 -0.00386846 -5.01699e-4 -0.00384134 0.003931522 -5.01699e-4 -0.00384134 0.003931522 -5.51699e-4 0.003958582 0.003931522 -5.51699e-4 -0.00384134 -0.00386846 -5.51699e-4 0.003958582 -0.00386846 -5.51699e-4 -0.00384134</float_array>
          <technique_common>
            <accessor source="#SHELL-mesh-positions-array" count="24" stride="3">
              <param name="X" type="float"/>
              <param name="Y" type="float"/>
              <param name="Z" type="float"/>
            </accessor>
          </technique_common>
        </source>
        <source id="SHELL-mesh-normals">
          <float_array id="SHELL-mesh-normals-array" count="18">1 0 0 0 0 -1 -1 0 0 0 0 1 0 1 0 0 -1 0</float_array>
          <technique_common>
            <accessor source="#SHELL-mesh-normals-array" count="6" stride="3">
              <param name="X" type="float"/>
              <param name="Y" type="float"/>
              <param name="Z" type="float"/>
            </accessor>
          </technique_common>
        </source>
        <vertices id="SHELL-mesh-vertices">
          <input semantic="POSITION" source="#SHELL-mesh-positions"/>
        </vertices>
        <triangles material="mat_0-material" count="12">
          <input semantic="VERTEX" source="#SHELL-mesh-vertices" offset="0"/>
          <input semantic="NORMAL" source="#SHELL-mesh-normals" offset="1"/>
          <p>0 0 3 0 2 0 0 0 1 0 3 0 4 1 7 1 6 1 4 1 5 1 7 1 8 2 11 2 10 2 8 2 9 2 11 2 12 3 15 3 14 3 12 3 13 3 15 3 19 4 16 4 17 4 19 4 18 4 16 4 21 5 20 5 22 5 21 5 22 5 23 5</p>
        </triangles>
      </mesh>
    </geometry>
  </library_geometries>
  <library_visual_scenes>
    <visual_scene id="Scene" name="Scene">
      <node id="rpi_camera" name="rpi_camera" type="NODE">
        <matrix sid="transform">-4.37114e-8 1 0 0 -1 -4.37114e-8 0 0 0 0 1 0 0 0 0 1</matrix>
        <node id="SHELL" name="SHELL" type="NODE">
          <matrix sid="transform">1 0 0 0 0 1 0 0 0 0 1 0 0 0 0 1</matrix>
          <instance_geometry url="#SHELL-mesh" name="SHELL">
            <bind_material>
              <technique_common>
                <instance_material symbol="mat_0-material" target="#mat_0-material"/>
              </technique_common>
            </bind_material>
          </instance_geometry>
        </node>
        <node id="SHELL_001" name="SHELL.001" type="NODE">
          <matrix sid="transform">1 0 0 0 0 1 0 0 0 0 1 0 0 0 0 1</matrix>
          <instance_geometry url="#SHELL_001-mesh" name="SHELL.001">
            <bind_material>
              <technique_common>
                <instance_material symbol="mat_1-material" target="#mat_1-material"/>
                <instance_material symbol="mat_2-material" target="#mat_2-material"/>
              </technique_common>
            </bind_material>
          </instance_geometry>
        </node>
        <node id="SHELL_002" name="SHELL.002" type="NODE">
          <matrix sid="transform">1 0 0 0 0 1 0 0 0 0 1 0 0 0 0 1</matrix>
          <instance_geometry url="#SHELL_002-mesh" name="SHELL.002">
            <bind_material>
              <technique_common>
                <instance_material symbol="mat_3-material" target="#mat_3-material"/>
                <instance_material symbol="mat_2-material" target="#mat_2-material"/>
                <instance_material symbol="mat_1-material" target="#mat_1-material"/>
                <instance_material symbol="mat_4-material" target="#mat_4-material"/>
                <instance_material symbol="mat_5-material" target="#mat_5-material"/>
              </technique_common>
            </bind_material>
          </instance_geometry>
        </node>
        <node id="SHELL_003" name="SHELL.003" type="NODE">
          <matrix sid="transform">1 0 0 0 0 1 0 0 0 0 1 0 0 0 0 1</matrix>
          <instance_geometry url="#SHELL_003-mesh" name="SHELL.003">
            <bind_material>
              <technique_common>
                <instance_material symbol="mat_6-material" target="#mat_6-material"/>
                <instance_material symbol="mat_7-material" target="#mat_7-material"/>
              </technique_common>
            </bind_material>
          </instance_geometry>
        </node>
        <node id="SHELL_004" name="SHELL.004" type="NODE">
          <matrix sid="transform">1 0 0 0 0 1 0 0 0 0 1 0 0 0 0 1</matrix>
          <instance_geometry url="#SHELL_004-mesh" name="SHELL.004">
            <bind_material>
              <technique_common>
                <instance_material symbol="mat_7-material" target="#mat_7-material"/>
              </technique_common>
            </bind_material>
          </instance_geometry>
        </node>
        <node id="SHELL_005" name="SHELL.005" type="NODE">
          <matrix sid="transform">1 0 0 0 0 1 0 0 0 0 1 0 0 0 0 1</matrix>
          <instance_geometry url="#SHELL_005-mesh" name="SHELL.005">
            <bind_material>
              <technique_common>
                <instance_material symbol="mat_2-material" target="#mat_2-material"/>
                <instance_material symbol="mat_8-material" target="#mat_8-material"/>
              </technique_common>
            </bind_material>
          </instance_geometry>
        </node>
        <node id="SHELL_006" name="SHELL.006" type="NODE">
          <matrix sid="transform">1 0 0 0 0 1 0 0 0 0 1 0 0 0 0 1</matrix>
          <instance_geometry url="#SHELL_006-mesh" name="SHELL.006">
            <bind_material>
              <technique_common>
                <instance_material symbol="mat_9-material" target="#mat_9-material"/>
              </technique_common>
            </bind_material>
          </instance_geometry>
        </node>
        <node id="SHELL_007" name="SHELL.007" type="NODE">
          <matrix sid="transform">1 0 0 0 0 1 0 0 0 0 1 0 0 0 0 1</matrix>
          <instance_geometry url="#SHELL_007-mesh" name="SHELL.007">
            <bind_material>
              <technique_common>
                <instance_material symbol="mat_10-material" target="#mat_10-material"/>
              </technique_common>
            </bind_material>
          </instance_geometry>
        </node>
        <node id="SHELL_008" name="SHELL.008" type="NODE">
          <matrix sid="transform">1 0 0 0 0 1 0 0 0 0 1 0 0 0 0 1</matrix>
          <instance_geometry url="#SHELL_008-mesh" name="SHELL.008">
            <bind_material>
              <technique_common>
                <instance_material symbol="mat_10-material" target="#mat_10-material"/>
              </technique_common>
            </bind_material>
          </instance_geometry>
        </node>
      </node>
    </visual_scene>
  </library_visual_scenes>
  <scene>
    <instance_visual_scene url="#Scene"/>
  </scene>
</COLLADA>