<?xml version="1.0" encoding="utf-8"?>
<COLLADA xmlns="http://www.collada.org/2005/11/COLLADASchema" version="1.4.1" xmlns:xsi="http://www.w3.org/2001/XMLSchema-instance">
  <asset>
    <contributor>
      <author>Blender User</author>
      <authoring_tool>Blender 4.4.3 commit date:2025-04-29, commit time:14:09, hash:802179c51ccc</authoring_tool>
    </contributor>
    <created>2025-05-18T20:35:32</created>
    <modified>2025-05-18T20:35:32</modified>
    <unit name="meter" meter="1"/>
    <up_axis>Z_UP</up_axis>
  </asset>
  <library_effects>
    <effect id="mat_0-effect">
      <profile_COMMON>
        <technique sid="common">
          <lambert>
            <emission>
              <color sid="emission">0 0 0 1</color>
            </emission>
            <diffuse>
              <color sid="diffuse">1 0.9130986 0.7681512 1</color>
            </diffuse>
            <reflectivity>
              <float sid="specular">1</float>
            </reflectivity>
            <index_of_refraction>
              <float sid="ior">1.5</float>
            </index_of_refraction>
          </lambert>
        </technique>
      </profile_COMMON>
    </effect>
    <effect id="mat_1-effect">
      <profile_COMMON>
        <technique sid="common">
          <lambert>
            <emission>
              <color sid="emission">0 0 0 1</color>
            </emission>
            <diffuse>
              <color sid="diffuse">1 0.8879231 0.8069522 1</color>
            </diffuse>
            <reflectivity>
              <float sid="specular">1</float>
            </reflectivity>
            <index_of_refraction>
              <float sid="ior">1.5</float>
            </index_of_refraction>
          </lambert>
        </technique>
      </profile_COMMON>
    </effect>
    <effect id="mat_2-effect">
      <profile_COMMON>
        <technique sid="common">
          <lambert>
            <emission>
              <color sid="emission">0 0 0 1</color>
            </emission>
            <diffuse>
              <color sid="diffuse">0.5647115 0.5332764 0.5028865 1</color>
            </diffuse>
            <reflectivity>
              <float sid="specular">1</float>
            </reflectivity>
            <index_of_refraction>
              <float sid="ior">1.5</float>
            </index_of_refraction>
          </lambert>
        </technique>
      </profile_COMMON>
    </effect>
    <effect id="mat_3-effect">
      <profile_COMMON>
        <technique sid="common">
          <lambert>
            <emission>
              <color sid="emission">0 0 0 1</color>
            </emission>
            <diffuse>
              <color sid="diffuse">0.9911021 0.7304608 0.5394795 1</color>
            </diffuse>
            <reflectivity>
              <float sid="specular">1</float>
            </reflectivity>
            <index_of_refraction>
              <float sid="ior">1.5</float>
            </index_of_refraction>
          </lambert>
        </technique>
      </profile_COMMON>
    </effect>
    <effect id="mat_4-effect">
      <profile_COMMON>
        <technique sid="common">
          <lambert>
            <emission>
              <color sid="emission">0 0 0 1</color>
            </emission>
            <diffuse>
              <color sid="diffuse">0 0.03071344 0.3864294 1</color>
            </diffuse>
            <reflectivity>
              <float sid="specular">1</float>
            </reflectivity>
            <index_of_refraction>
              <float sid="ior">1.5</float>
            </index_of_refraction>
          </lambert>
        </technique>
      </profile_COMMON>
    </effect>
    <effect id="mat_5-effect">
      <profile_COMMON>
        <technique sid="common">
          <lambert>
            <emission>
              <color sid="emission">0 0 0 1</color>
            </emission>
            <diffuse>
              <color sid="diffuse">1 1 1 1</color>
            </diffuse>
            <reflectivity>
              <float sid="specular">1</float>
            </reflectivity>
            <index_of_refraction>
              <float sid="ior">1.5</float>
            </index_of_refraction>
          </lambert>
        </technique>
      </profile_COMMON>
    </effect>
    <effect id="mat_6-effect">
      <profile_COMMON>
        <technique sid="common">
          <lambert>
            <emission>
              <color sid="emission">0 0 0 1</color>
            </emission>
            <diffuse>
              <color sid="diffuse">0.7230551 0.8069522 1 1</color>
            </diffuse>
            <reflectivity>
              <float sid="specular">1</float>
            </reflectivity>
            <index_of_refraction>
              <float sid="ior">1.5</float>
            </index_of_refraction>
          </lambert>
        </technique>
      </profile_COMMON>
    </effect>
  </library_effects>
  <library_images/>
  <library_materials>
    <material id="mat_0-material" name="mat_0">
      <instance_effect url="#mat_0-effect"/>
    </material>
    <material id="mat_1-material" name="mat_1">
      <instance_effect url="#mat_1-effect"/>
    </material>
    <material id="mat_2-material" name="mat_2">
      <instance_effect url="#mat_2-effect"/>
    </material>
    <material id="mat_3-material" name="mat_3">
      <instance_effect url="#mat_3-effect"/>
    </material>
    <material id="mat_4-material" name="mat_4">
      <instance_effect url="#mat_4-effect"/>
    </material>
    <material id="mat_5-material" name="mat_5">
      <instance_effect url="#mat_5-effect"/>
    </material>
    <material id="mat_6-material" name="mat_6">
      <instance_effect url="#mat_6-effect"/>
    </material>
  </library_materials>
  <library_geometries>
    <geometry id="ultrasonic_hysrf05-mesh" name="ultrasonic_hysrf05">
      <mesh>
        <source id="ultrasonic_hysrf05-mesh-positions">
          <float_array id="ultrasonic_hysrf05-mesh-positions-array" count="13974">-0.004079997 -0.008405983 0.002999961 -0.004095137 -0.008232295 0.002999961 -0.004140257 -0.008063971 0.002999961 -0.004213929 -0.00790596 0.002999961 -0.004313945 -0.007763206 0.002999961 -0.004437208 -0.007639944 0.002999961 -0.004579961 -0.007539927 0.002999961 -0.004737973 -0.007466256 0.002999961 -0.004906296 -0.007421135 0.002999961 -0.005079984 -0.007405996 0.002999961 -0.005253612 -0.007421135 0.002999961 -0.005421996 -0.007466256 0.002999961 -0.005579948 -0.007539927 0.002999961 -0.005722761 -0.007639944 0.002999961 -0.005846023 -0.007763206 0.002999961 -0.00594598 -0.00790596 0.002999961 -0.006019651 -0.008063971 0.002999961 -0.006064772 -0.008232295 0.002999961 -0.006079971 -0.008405983 0.002999961 -0.006079971 -0.008405983 0.003099977 -0.004079997 -0.008405983 0.003099977 -0.004095137 -0.008232295 0.003099977 -0.004140257 -0.008063971 0.003099977 -0.004213929 -0.00790596 0.003099977 -0.004313945 -0.007763206 0.003099977 -0.004437208 -0.007639944 0.003099977 -0.004579961 -0.007539927 0.003099977 -0.004737973 -0.007466256 0.003099977 -0.004906296 -0.007421135 0.003099977 -0.005079984 -0.007405996 0.003099977 -0.005253612 -0.007421135 0.003099977 -0.005421996 -0.007466256 0.003099977 -0.005579948 -0.007539927 0.003099977 -0.005722761 -0.007639944 0.003099977 -0.005846023 -0.007763206 0.003099977 -0.00594598 -0.00790596 0.003099977 -0.006019651 -0.008063971 0.003099977 -0.006064772 -0.008232295 0.003099977 -0.004079997 -0.008405983 -10e-5 -0.004095137 -0.008232295 -10e-5 -0.004140257 -0.008063971 -10e-5 -0.004213929 -0.00790596 -10e-5 -0.004313945 -0.007763206 -10e-5 -0.004437208 -0.007639944 -10e-5 -0.004579961 -0.007539927 -10e-5 -0.004737973 -0.007466256 -10e-5 -0.004906296 -0.007421135 -10e-5 -0.005079984 -0.007405996 -10e-5 -0.005253612 -0.007421135 -10e-5 -0.005421996 -0.007466256 -10e-5 -0.005579948 -0.007539927 -10e-5 -0.005722761 -0.007639944 -10e-5 -0.005846023 -0.007763206 -10e-5 -0.00594598 -0.00790596 -10e-5 -0.006019651 -0.008063971 -10e-5 -0.006064772 -0.008232295 -10e-5 -0.006079971 -0.008405983 -10e-5 -0.006079971 -0.008405983 0 -0.004079997 -0.008405983 0 -0.004095137 -0.008232295 0 -0.004140257 -0.008063971 0 -0.004213929 -0.00790596 0 -0.004313945 -0.007763206 0 -0.004437208 -0.007639944 0 -0.004579961 -0.007539927 0 -0.004737973 -0.007466256 0 -0.004906296 -0.007421135 0 -0.005079984 -0.007405996 0 -0.005253612 -0.007421135 0 -0.005421996 -0.007466256 0 -0.005579948 -0.007539927 0 -0.005722761 -0.007639944 0 -0.005846023 -0.007763206 0 -0.00594598 -0.00790596 0 -0.006019651 -0.008063971 0 -0.006064772 -0.008232295 0 -0.004579961 -0.008405983 -10e-5 -0.004579961 -0.008405983 0.003099977 -0.005579948 -0.008405983 0.003099977 -0.005570352 -0.008503496 0.003099977 -0.00554192 -0.008597314 0.003099977 -0.005495727 -0.008683741 0.003099977 -0.005433499 -0.008759498 0.003099977 -0.005357742 -0.008821725 0.003099977 -0.005271315 -0.008867919 0.003099977 -0.005177497 -0.00889635 0.003099977 -0.005079984 -0.008905947 0.003099977 -0.004982411 -0.00889635 0.003099977 -0.004888653 -0.008867919 0.003099977 -0.004802167 -0.008821725 0.003099977 -0.004726409 -0.008759498 0.003099977 -0.004664242 -0.008683741 0.003099977 -0.004618048 -0.008597314 0.003099977 -0.004589557 -0.008503496 0.003099977 -0.005579948 -0.008405983 -10e-5 -0.005570352 -0.008503496 -10e-5 -0.00554192 -0.008597314 -10e-5 -0.005495727 -0.008683741 -10e-5 -0.005433499 -0.008759498 -10e-5 -0.005357742 -0.008821725 -10e-5 -0.005271315 -0.008867919 -10e-5 -0.005177497 -0.00889635 -10e-5 -0.005079984 -0.008905947 -10e-5 -0.004982411 -0.00889635 -10e-5 -0.004888653 -0.008867919 -10e-5 -0.004802167 -0.008821725 -10e-5 -0.004726409 -0.008759498 -10e-5 -0.004664242 -0.008683741 -10e-5 -0.004618048 -0.008597314 -10e-5 -0.004589557 -0.008503496 -10e-5 -0.000999987 -0.008405983 0.003099977 -9.84808e-4 -0.008232295 0.003099977 -9.39693e-4 -0.008063971 0.003099977 -8.66025e-4 -0.00790596 0.003099977 -7.66044e-4 -0.007763206 0.003099977 -6.42788e-4 -0.007639944 0.003099977 -5e-4 -0.007539927 0.003099977 -3.4202e-4 -0.007466256 0.003099977 -1.73648e-4 -0.007421135 0.003099977 0 -0.007405996 0.003099977 1.73648e-4 -0.007421135 0.003099977 3.4202e-4 -0.007466256 0.003099977 5e-4 -0.007539927 0.003099977 6.42788e-4 -0.007639944 0.003099977 7.66044e-4 -0.007763206 0.003099977 8.66025e-4 -0.00790596 0.003099977 9.39693e-4 -0.008063971 0.003099977 9.84808e-4 -0.008232295 0.003099977 0.000999987 -0.008405983 0.003099977 0.000999987 -0.008405983 0.002999961 9.84808e-4 -0.008232295 0.002999961 9.39693e-4 -0.008063971 0.002999961 8.66025e-4 -0.00790596 0.002999961 7.66044e-4 -0.007763206 0.002999961 6.42788e-4 -0.007639944 0.002999961 5e-4 -0.007539927 0.002999961 3.4202e-4 -0.007466256 0.002999961 1.73648e-4 -0.007421135 0.002999961 0 -0.007405996 0.002999961 -1.73648e-4 -0.007421135 0.002999961 -3.4202e-4 -0.007466256 0.002999961 -5e-4 -0.007539927 0.002999961 -6.42788e-4 -0.007639944 0.002999961 -7.66044e-4 -0.007763206 0.002999961 -8.66025e-4 -0.00790596 0.002999961 -9.39693e-4 -0.008063971 0.002999961 -9.84808e-4 -0.008232295 0.002999961 -0.000999987 -0.008405983 0.002999961 -5e-4 -0.008405983 0.003099977 -5e-4 -0.008405983 -10e-5 5e-4 -0.008405983 -10e-5 4.90393e-4 -0.008503496 -10e-5 4.6194e-4 -0.008597314 -10e-5 4.15735e-4 -0.008683741 -10e-5 3.53553e-4 -0.008759498 -10e-5 2.77785e-4 -0.008821725 -10e-5 1.91342e-4 -0.008867919 -10e-5 9.75452e-5 -0.00889635 -10e-5 0 -0.008905947 -10e-5 -9.75452e-5 -0.00889635 -10e-5 -1.91342e-4 -0.008867919 -10e-5 -2.77785e-4 -0.008821725 -10e-5 -3.53553e-4 -0.008759498 -10e-5 -4.15735e-4 -0.008683741 -10e-5 -4.6194e-4 -0.008597314 -10e-5 -4.90393e-4 -0.008503496 -10e-5 5e-4 -0.008405983 0.003099977 4.90393e-4 -0.008503496 0.003099977 4.6194e-4 -0.008597314 0.003099977 4.15735e-4 -0.008683741 0.003099977 3.53553e-4 -0.008759498 0.003099977 2.77785e-4 -0.008821725 0.003099977 1.91342e-4 -0.008867919 0.003099977 9.75452e-5 -0.00889635 0.003099977 0 -0.008905947 0.003099977 -9.75452e-5 -0.00889635 0.003099977 -1.91342e-4 -0.008867919 0.003099977 -2.77785e-4 -0.008821725 0.003099977 -3.53553e-4 -0.008759498 0.003099977 -4.15735e-4 -0.008683741 0.003099977 -4.6194e-4 -0.008597314 0.003099977 -4.90393e-4 -0.008503496 0.003099977 0.000999987 -0.008405983 0 9.84808e-4 -0.008232295 0 9.39693e-4 -0.008063971 0 8.66025e-4 -0.00790596 0 7.66044e-4 -0.007763206 0 6.42788e-4 -0.007639944 0 5e-4 -0.007539927 0 3.4202e-4 -0.007466256 0 1.73648e-4 -0.007421135 0 0 -0.007405996 0 -1.73648e-4 -0.007421135 0 -3.4202e-4 -0.007466256 0 -5e-4 -0.007539927 0 -6.42788e-4 -0.007639944 0 -7.66044e-4 -0.007763206 0 -8.66025e-4 -0.00790596 0 -9.39693e-4 -0.008063971 0 -9.84808e-4 -0.008232295 0 -0.000999987 -0.008405983 0 0.000999987 -0.008405983 -10e-5 -0.000999987 -0.008405983 -10e-5 -9.84808e-4 -0.008232295 -10e-5 -9.39693e-4 -0.008063971 -10e-5 -8.66025e-4 -0.00790596 -10e-5 -7.66044e-4 -0.007763206 -10e-5 -6.42788e-4 -0.007639944 -10e-5 -5e-4 -0.007539927 -10e-5 -3.4202e-4 -0.007466256 -10e-5 -1.73648e-4 -0.007421135 -10e-5 0 -0.007405996 -10e-5 1.73648e-4 -0.007421135 -10e-5 3.4202e-4 -0.007466256 -10e-5 5e-4 -0.007539927 -10e-5 6.42788e-4 -0.007639944 -10e-5 7.66044e-4 -0.007763206 -10e-5 8.66025e-4 -0.00790596 -10e-5 9.39693e-4 -0.008063971 -10e-5 9.84808e-4 -0.008232295 -10e-5 0.004079997 -0.008405983 0.003099977 0.004095137 -0.008232295 0.003099977 0.004140257 -0.008063971 0.003099977 0.004213929 -0.00790596 0.003099977 0.004313945 -0.007763206 0.003099977 0.004437208 -0.007639944 0.003099977 0.004579961 -0.007539927 0.003099977 0.004737973 -0.007466256 0.003099977 0.004906296 -0.007421135 0.003099977 0.005079984 -0.007405996 0.003099977 0.005253612 -0.007421135 0.003099977 0.005421996 -0.007466256 0.003099977 0.005579948 -0.007539927 0.003099977 0.005722761 -0.007639944 0.003099977 0.005846023 -0.007763206 0.003099977 0.00594598 -0.00790596 0.003099977 0.006019651 -0.008063971 0.003099977 0.006064772 -0.008232295 0.003099977 0.006079971 -0.008405983 0.003099977 0.006079971 -0.008405983 0.002999961 0.006064772 -0.008232295 0.002999961 0.006019651 -0.008063971 0.002999961 0.00594598 -0.00790596 0.002999961 0.005846023 -0.007763206 0.002999961 0.005722761 -0.007639944 0.002999961 0.005579948 -0.007539927 0.002999961 0.005421996 -0.007466256 0.002999961 0.005253612 -0.007421135 0.002999961 0.005079984 -0.007405996 0.002999961 0.004906296 -0.007421135 0.002999961 0.004737973 -0.007466256 0.002999961 0.004579961 -0.007539927 0.002999961 0.004437208 -0.007639944 0.002999961 0.004313945 -0.007763206 0.002999961 0.004213929 -0.00790596 0.002999961 0.004140257 -0.008063971 0.002999961 0.004095137 -0.008232295 0.002999961 0.004079997 -0.008405983 0.002999961 0.004579961 -0.008405983 0.003099977 0.004579961 -0.008405983 -10e-5 0.005579948 -0.008405983 -10e-5 0.005570352 -0.008503496 -10e-5 0.00554192 -0.008597314 -10e-5 0.005495727 -0.008683741 -10e-5 0.005433499 -0.008759498 -10e-5 0.005357742 -0.008821725 -10e-5 0.005271315 -0.008867919 -10e-5 0.005177497 -0.00889635 -10e-5 0.005079984 -0.008905947 -10e-5 0.004982411 -0.00889635 -10e-5 0.004888653 -0.008867919 -10e-5 0.004802167 -0.008821725 -10e-5 0.004726409 -0.008759498 -10e-5 0.004664242 -0.008683741 -10e-5 0.004618048 -0.008597314 -10e-5 0.004589557 -0.008503496 -10e-5 0.005579948 -0.008405983 0.003099977 0.005570352 -0.008503496 0.003099977 0.00554192 -0.008597314 0.003099977 0.005495727 -0.008683741 0.003099977 0.005433499 -0.008759498 0.003099977 0.005357742 -0.008821725 0.003099977 0.005271315 -0.008867919 0.003099977 0.005177497 -0.00889635 0.003099977 0.005079984 -0.008905947 0.003099977 0.004982411 -0.00889635 0.003099977 0.004888653 -0.008867919 0.003099977 0.004802167 -0.008821725 0.003099977 0.004726409 -0.008759498 0.003099977 0.004664242 -0.008683741 0.003099977 0.004618048 -0.008597314 0.003099977 0.004589557 -0.008503496 0.003099977 0.006079971 -0.008405983 0 0.006064772 -0.008232295 0 0.006019651 -0.008063971 0 0.00594598 -0.00790596 0 0.005846023 -0.007763206 0 0.005722761 -0.007639944 0 0.005579948 -0.007539927 0 0.005421996 -0.007466256 0 0.005253612 -0.007421135 0 0.005079984 -0.007405996 0 0.004906296 -0.007421135 0 0.004737973 -0.007466256 0 0.004579961 -0.007539927 0 0.004437208 -0.007639944 0 0.004313945 -0.007763206 0 0.004213929 -0.00790596 0 0.004140257 -0.008063971 0 0.004095137 -0.008232295 0 0.004079997 -0.008405983 0 0.006079971 -0.008405983 -10e-5 0.004079997 -0.008405983 -10e-5 0.004095137 -0.008232295 -10e-5 0.004140257 -0.008063971 -10e-5 0.004213929 -0.00790596 -10e-5 0.004313945 -0.007763206 -10e-5 0.004437208 -0.007639944 -10e-5 0.004579961 -0.007539927 -10e-5 0.004737973 -0.007466256 -10e-5 0.004906296 -0.007421135 -10e-5 0.005079984 -0.007405996 -10e-5 0.005253612 -0.007421135 -10e-5 0.005421996 -0.007466256 -10e-5 0.005579948 -0.007539927 -10e-5 0.005722761 -0.007639944 -10e-5 0.005846023 -0.007763206 -10e-5 0.00594598 -0.00790596 -10e-5 0.006019651 -0.008063971 -10e-5 0.006064772 -0.008232295 -10e-5 0.001539945 -0.008405983 0.003099977 0.001555144 -0.008232295 0.003099977 0.001600265 -0.008063971 0.003099977 0.001673936 -0.00790596 0.003099977 0.001773953 -0.007763206 0.003099977 0.001897156 -0.007639944 0.003099977 0.002039968 -0.007539927 0.003099977 0.002197921 -0.007466256 0.003099977 0.002366304 -0.007421135 0.003099977 0.002539992 -0.007405996 0.003099977 0.00271362 -0.007421135 0.003099977 0.002882003 -0.007466256 0.003099977 0.003039956 -0.007539927 0.003099977 0.003182768 -0.007639944 0.003099977 0.003306031 -0.007763206 0.003099977 0.003405988 -0.00790596 0.003099977 0.003479659 -0.008063971 0.003099977 0.00352478 -0.008232295 0.003099977 0.003539979 -0.008405983 0.003099977 0.003539979 -0.008405983 0.002999961 0.00352478 -0.008232295 0.002999961 0.003479659 -0.008063971 0.002999961 0.003405988 -0.00790596 0.002999961 0.003306031 -0.007763206 0.002999961 0.003182768 -0.007639944 0.002999961 0.003039956 -0.007539927 0.002999961 0.002882003 -0.007466256 0.002999961 0.00271362 -0.007421135 0.002999961 0.002539992 -0.007405996 0.002999961 0.002366304 -0.007421135 0.002999961 0.002197921 -0.007466256 0.002999961 0.002039968 -0.007539927 0.002999961 0.001897156 -0.007639944 0.002999961 0.001773953 -0.007763206 0.002999961 0.001673936 -0.00790596 0.002999961 0.001600265 -0.008063971 0.002999961 0.001555144 -0.008232295 0.002999961 0.001539945 -0.008405983 0.002999961 0.002039968 -0.008405983 0.003099977 0.002039968 -0.008405983 -10e-5 0.003039956 -0.008405983 -10e-5 0.003030359 -0.008503496 -10e-5 0.003001928 -0.008597314 -10e-5 0.002955734 -0.008683741 -10e-5 0.002893507 -0.008759498 -10e-5 0.002817749 -0.008821725 -10e-5 0.002731323 -0.008867919 -10e-5 0.002637505 -0.00889635 -10e-5 0.002539992 -0.008905947 -10e-5 0.002442419 -0.00889635 -10e-5 0.002348601 -0.008867919 -10e-5 0.002262175 -0.008821725 -10e-5 0.002186417 -0.008759498 -10e-5 0.002124249 -0.008683741 -10e-5 0.002078056 -0.008597314 -10e-5 0.002049565 -0.008503496 -10e-5 0.003039956 -0.008405983 0.003099977 0.003030359 -0.008503496 0.003099977 0.003001928 -0.008597314 0.003099977 0.002955734 -0.008683741 0.003099977 0.002893507 -0.008759498 0.003099977 0.002817749 -0.008821725 0.003099977 0.002731323 -0.008867919 0.003099977 0.002637505 -0.00889635 0.003099977 0.002539992 -0.008905947 0.003099977 0.002442419 -0.00889635 0.003099977 0.002348601 -0.008867919 0.003099977 0.002262175 -0.008821725 0.003099977 0.002186417 -0.008759498 0.003099977 0.002124249 -0.008683741 0.003099977 0.002078056 -0.008597314 0.003099977 0.002049565 -0.008503496 0.003099977 0.003539979 -0.008405983 0 0.00352478 -0.008232295 0 0.003479659 -0.008063971 0 0.003405988 -0.00790596 0 0.003306031 -0.007763206 0 0.003182768 -0.007639944 0 0.003039956 -0.007539927 0 0.002882003 -0.007466256 0 0.00271362 -0.007421135 0 0.002539992 -0.007405996 0 0.002366304 -0.007421135 0 0.002197921 -0.007466256 0 0.002039968 -0.007539927 0 0.001897156 -0.007639944 0 0.001773953 -0.007763206 0 0.001673936 -0.00790596 0 0.001600265 -0.008063971 0 0.001555144 -0.008232295 0 0.001539945 -0.008405983 0 0.003539979 -0.008405983 -10e-5 0.001539945 -0.008405983 -10e-5 0.001555144 -0.008232295 -10e-5 0.001600265 -0.008063971 -10e-5 0.001673936 -0.00790596 -10e-5 0.001773953 -0.007763206 -10e-5 0.001897156 -0.007639944 -10e-5 0.002039968 -0.007539927 -10e-5 0.002197921 -0.007466256 -10e-5 0.002366304 -0.007421135 -10e-5 0.002539992 -0.007405996 -10e-5 0.00271362 -0.007421135 -10e-5 0.002882003 -0.007466256 -10e-5 0.003039956 -0.007539927 -10e-5 0.003182768 -0.007639944 -10e-5 0.003306031 -0.007763206 -10e-5 0.003405988 -0.00790596 -10e-5 0.003479659 -0.008063971 -10e-5 0.00352478 -0.008232295 -10e-5 -0.001539945 -0.008405983 0.003099977 -0.001555144 -0.008232295 0.003099977 -0.001600265 -0.008063971 0.003099977 -0.001673936 -0.00790596 0.003099977 -0.001773953 -0.007763206 0.003099977 -0.001897156 -0.007639944 0.003099977 -0.002039968 -0.007539927 0.003099977 -0.002197921 -0.007466256 0.003099977 -0.002366304 -0.007421135 0.003099977 -0.002539992 -0.007405996 0.003099977 -0.00271362 -0.007421135 0.003099977 -0.002882003 -0.007466256 0.003099977 -0.003039956 -0.007539927 0.003099977 -0.003182768 -0.007639944 0.003099977 -0.003306031 -0.007763206 0.003099977 -0.003405988 -0.00790596 0.003099977 -0.003479659 -0.008063971 0.003099977 -0.00352478 -0.008232295 0.003099977 -0.003539979 -0.008405983 0.003099977 -0.001539945 -0.008405983 0.002999961 -0.003539979 -0.008405983 0.002999961 -0.00352478 -0.008232295 0.002999961 -0.003479659 -0.008063971 0.002999961 -0.003405988 -0.00790596 0.002999961 -0.003306031 -0.007763206 0.002999961 -0.003182768 -0.007639944 0.002999961 -0.003039956 -0.007539927 0.002999961 -0.002882003 -0.007466256 0.002999961 -0.00271362 -0.007421135 0.002999961 -0.002539992 -0.007405996 0.002999961 -0.002366304 -0.007421135 0.002999961 -0.002197921 -0.007466256 0.002999961 -0.002039968 -0.007539927 0.002999961 -0.001897156 -0.007639944 0.002999961 -0.001773953 -0.007763206 0.002999961 -0.001673936 -0.00790596 0.002999961 -0.001600265 -0.008063971 0.002999961 -0.001555144 -0.008232295 0.002999961 -0.003039956 -0.008405983 0.003099977 -0.003039956 -0.008405983 -10e-5 -0.003030359 -0.008503496 -10e-5 -0.003001928 -0.008597314 -10e-5 -0.002955734 -0.008683741 -10e-5 -0.002893507 -0.008759498 -10e-5 -0.002817749 -0.008821725 -10e-5 -0.002731323 -0.008867919 -10e-5 -0.002637505 -0.00889635 -10e-5 -0.002539992 -0.008905947 -10e-5 -0.002442419 -0.00889635 -10e-5 -0.002348601 -0.008867919 -10e-5 -0.002262175 -0.008821725 -10e-5 -0.002186417 -0.008759498 -10e-5 -0.002124249 -0.008683741 -10e-5 -0.002078056 -0.008597314 -10e-5 -0.002049565 -0.008503496 -10e-5 -0.002039968 -0.008405983 -10e-5 -0.002039968 -0.008405983 0.003099977 -0.003030359 -0.008503496 0.003099977 -0.003001928 -0.008597314 0.003099977 -0.002955734 -0.008683741 0.003099977 -0.002893507 -0.008759498 0.003099977 -0.002817749 -0.008821725 0.003099977 -0.002731323 -0.008867919 0.003099977 -0.002637505 -0.00889635 0.003099977 -0.002539992 -0.008905947 0.003099977 -0.002442419 -0.00889635 0.003099977 -0.002348601 -0.008867919 0.003099977 -0.002262175 -0.008821725 0.003099977 -0.002186417 -0.008759498 0.003099977 -0.002124249 -0.008683741 0.003099977 -0.002078056 -0.008597314 0.003099977 -0.002049565 -0.008503496 0.003099977 -0.003539979 -0.008405983 0 -0.00352478 -0.008232295 0 -0.003479659 -0.008063971 0 -0.003405988 -0.00790596 0 -0.003306031 -0.007763206 0 -0.003182768 -0.007639944 0 -0.003039956 -0.007539927 0 -0.002882003 -0.007466256 0 -0.00271362 -0.007421135 0 -0.002539992 -0.007405996 0 -0.002366304 -0.007421135 0 -0.002197921 -0.007466256 0 -0.002039968 -0.007539927 0 -0.001897156 -0.007639944 0 -0.001773953 -0.007763206 0 -0.001673936 -0.00790596 0 -0.001600265 -0.008063971 0 -0.001555144 -0.008232295 0 -0.001539945 -0.008405983 0 -0.001539945 -0.008405983 -10e-5 -0.001555144 -0.008232295 -10e-5 -0.001600265 -0.008063971 -10e-5 -0.001673936 -0.00790596 -10e-5 -0.001773953 -0.007763206 -10e-5 -0.001897156 -0.007639944 -10e-5 -0.002039968 -0.007539927 -10e-5 -0.002197921 -0.007466256 -10e-5 -0.002366304 -0.007421135 -10e-5 -0.002539992 -0.007405996 -10e-5 -0.00271362 -0.007421135 -10e-5 -0.002882003 -0.007466256 -10e-5 -0.003039956 -0.007539927 -10e-5 -0.003182768 -0.007639944 -10e-5 -0.003306031 -0.007763206 -10e-5 -0.003405988 -0.00790596 -10e-5 -0.003479659 -0.008063971 -10e-5 -0.00352478 -0.008232295 -10e-5 -0.003539979 -0.008405983 -10e-5 -0.001539945 -0.008405983 0 -0.001539945 -0.008405983 -10e-5 -0.001555144 -0.008579611 0 -0.001600265 -0.008747994 0 -0.001673936 -0.008905947 0 -0.001773953 -0.009048759 0 -0.001897156 -0.009172022 0 -0.002039968 -0.009271979 0 -0.002197921 -0.00934565 0 -0.002366304 -0.009390771 0 -0.002539992 -0.00940597 0 -0.00271362 -0.009390771 0 -0.002882003 -0.00934565 0 -0.003039956 -0.009271979 0 -0.003182768 -0.009172022 0 -0.003306031 -0.009048759 0 -0.003405988 -0.008905947 0 -0.003479659 -0.008747994 0 -0.00352478 -0.008579611 0 -0.003539979 -0.008405983 0 -0.003539979 -0.008405983 -10e-5 -0.00352478 -0.008579611 -10e-5 -0.003479659 -0.008747994 -10e-5 -0.003405988 -0.008905947 -10e-5 -0.003306031 -0.009048759 -10e-5 -0.003182768 -0.009172022 -10e-5 -0.003039956 -0.009271979 -10e-5 -0.002882003 -0.00934565 -10e-5 -0.00271362 -0.009390771 -10e-5 -0.002539992 -0.00940597 -10e-5 -0.002366304 -0.009390771 -10e-5 -0.002197921 -0.00934565 -10e-5 -0.002039968 -0.009271979 -10e-5 -0.001897156 -0.009172022 -10e-5 -0.001773953 -0.009048759 -10e-5 -0.001673936 -0.008905947 -10e-5 -0.001600265 -0.008747994 -10e-5 -0.001555144 -0.008579611 -10e-5 -0.001539945 -0.008405983 -10e-5 -0.001555144 -0.008232295 -10e-5 -0.001600265 -0.008063971 -10e-5 -0.001673936 -0.00790596 -10e-5 -0.001773953 -0.007763206 -10e-5 -0.001897156 -0.007639944 -10e-5 -0.002039968 -0.007539927 -10e-5 -0.002197921 -0.007466256 -10e-5 -0.002366304 -0.007421135 -10e-5 -0.002539992 -0.007405996 -10e-5 -0.00271362 -0.007421135 -10e-5 -0.002882003 -0.007466256 -10e-5 -0.003039956 -0.007539927 -10e-5 -0.003182768 -0.007639944 -10e-5 -0.003306031 -0.007763206 -10e-5 -0.003405988 -0.00790596 -10e-5 -0.003479659 -0.008063971 -10e-5 -0.00352478 -0.008232295 -10e-5 -0.003539979 -0.008405983 -10e-5 -0.00352478 -0.008579611 -10e-5 -0.003479659 -0.008747994 -10e-5 -0.003405988 -0.008905947 -10e-5 -0.003306031 -0.009048759 -10e-5 -0.003182768 -0.009172022 -10e-5 -0.003039956 -0.009271979 -10e-5 -0.002882003 -0.00934565 -10e-5 -0.00271362 -0.009390771 -10e-5 -0.002539992 -0.00940597 -10e-5 -0.002366304 -0.009390771 -10e-5 -0.002197921 -0.00934565 -10e-5 -0.002039968 -0.009271979 -10e-5 -0.001897156 -0.009172022 -10e-5 -0.001773953 -0.009048759 -10e-5 -0.001673936 -0.008905947 -10e-5 -0.001600265 -0.008747994 -10e-5 -0.001555144 -0.008579611 -10e-5 -0.002039968 -0.008405983 -10e-5 -0.002049565 -0.00830841 -10e-5 -0.002078056 -0.008214652 -10e-5 -0.002124249 -0.008128166 -10e-5 -0.002186417 -0.008052408 -10e-5 -0.002262175 -0.007990241 -10e-5 -0.002348601 -0.007944047 -10e-5 -0.002442419 -0.007915556 -10e-5 -0.002539992 -0.00790596 -10e-5 -0.002637505 -0.007915556 -10e-5 -0.002731323 -0.007944047 -10e-5 -0.002817749 -0.007990241 -10e-5 -0.002893507 -0.008052408 -10e-5 -0.002955734 -0.008128166 -10e-5 -0.003001928 -0.008214652 -10e-5 -0.003030359 -0.00830841 -10e-5 -0.003039956 -0.008405983 -10e-5 -0.003030359 -0.008503496 -10e-5 -0.003001928 -0.008597314 -10e-5 -0.002955734 -0.008683741 -10e-5 -0.002893507 -0.008759498 -10e-5 -0.002817749 -0.008821725 -10e-5 -0.002731323 -0.008867919 -10e-5 -0.002637505 -0.00889635 -10e-5 -0.002539992 -0.008905947 -10e-5 -0.002442419 -0.00889635 -10e-5 -0.002348601 -0.008867919 -10e-5 -0.002262175 -0.008821725 -10e-5 -0.002186417 -0.008759498 -10e-5 -0.002124249 -0.008683741 -10e-5 -0.002078056 -0.008597314 -10e-5 -0.002049565 -0.008503496 -10e-5 -0.002039968 -0.008405983 -10e-5 -0.002049565 -0.00830841 -10e-5 -0.002078056 -0.008214652 -10e-5 -0.002124249 -0.008128166 -10e-5 -0.002186417 -0.008052408 -10e-5 -0.002262175 -0.007990241 -10e-5 -0.002348601 -0.007944047 -10e-5 -0.002442419 -0.007915556 -10e-5 -0.002539992 -0.00790596 -10e-5 -0.002637505 -0.007915556 -10e-5 -0.002731323 -0.007944047 -10e-5 -0.002817749 -0.007990241 -10e-5 -0.002893507 -0.008052408 -10e-5 -0.002955734 -0.008128166 -10e-5 -0.003001928 -0.008214652 -10e-5 -0.003030359 -0.00830841 -10e-5 -0.003039956 -0.008405983 -10e-5 -0.003039956 -0.008405983 0.003099977 -0.002039968 -0.008405983 0.003099977 -0.002049565 -0.00830841 0.003099977 -0.002078056 -0.008214652 0.003099977 -0.002124249 -0.008128166 0.003099977 -0.002186417 -0.008052408 0.003099977 -0.002262175 -0.007990241 0.003099977 -0.002348601 -0.007944047 0.003099977 -0.002442419 -0.007915556 0.003099977 -0.002539992 -0.00790596 0.003099977 -0.002637505 -0.007915556 0.003099977 -0.002731323 -0.007944047 0.003099977 -0.002817749 -0.007990241 0.003099977 -0.002893507 -0.008052408 0.003099977 -0.002955734 -0.008128166 0.003099977 -0.003001928 -0.008214652 0.003099977 -0.003030359 -0.00830841 0.003099977 -0.003539979 -0.008405983 0.003099977 -0.00352478 -0.008579611 0.003099977 -0.003479659 -0.008747994 0.003099977 -0.003405988 -0.008905947 0.003099977 -0.003306031 -0.009048759 0.003099977 -0.003182768 -0.009172022 0.003099977 -0.003039956 -0.009271979 0.003099977 -0.002882003 -0.00934565 0.003099977 -0.00271362 -0.009390771 0.003099977 -0.002539992 -0.00940597 0.003099977 -0.002366304 -0.009390771 0.003099977 -0.002197921 -0.00934565 0.003099977 -0.002039968 -0.009271979 0.003099977 -0.001897156 -0.009172022 0.003099977 -0.001773953 -0.009048759 0.003099977 -0.001673936 -0.008905947 0.003099977 -0.001600265 -0.008747994 0.003099977 -0.001555144 -0.008579611 0.003099977 -0.001539945 -0.008405983 0.003099977 -0.001555144 -0.008232295 0.003099977 -0.001600265 -0.008063971 0.003099977 -0.001673936 -0.00790596 0.003099977 -0.001773953 -0.007763206 0.003099977 -0.001897156 -0.007639944 0.003099977 -0.002039968 -0.007539927 0.003099977 -0.002197921 -0.007466256 0.003099977 -0.002366304 -0.007421135 0.003099977 -0.002539992 -0.007405996 0.003099977 -0.00271362 -0.007421135 0.003099977 -0.002882003 -0.007466256 0.003099977 -0.003039956 -0.007539927 0.003099977 -0.003182768 -0.007639944 0.003099977 -0.003306031 -0.007763206 0.003099977 -0.003405988 -0.00790596 0.003099977 -0.003479659 -0.008063971 0.003099977 -0.00352478 -0.008232295 0.003099977 -0.003039956 -0.008405983 0.003099977 -0.003030359 -0.008503496 0.003099977 -0.003001928 -0.008597314 0.003099977 -0.002955734 -0.008683741 0.003099977 -0.002893507 -0.008759498 0.003099977 -0.002817749 -0.008821725 0.003099977 -0.002731323 -0.008867919 0.003099977 -0.002637505 -0.00889635 0.003099977 -0.002539992 -0.008905947 0.003099977 -0.002442419 -0.00889635 0.003099977 -0.002348601 -0.008867919 0.003099977 -0.002262175 -0.008821725 0.003099977 -0.002186417 -0.008759498 0.003099977 -0.002124249 -0.008683741 0.003099977 -0.002078056 -0.008597314 0.003099977 -0.002049565 -0.008503496 0.003099977 -0.002039968 -0.008405983 0.003099977 -0.002049565 -0.00830841 0.003099977 -0.002078056 -0.008214652 0.003099977 -0.002124249 -0.008128166 0.003099977 -0.002186417 -0.008052408 0.003099977 -0.002262175 -0.007990241 0.003099977 -0.002348601 -0.007944047 0.003099977 -0.002442419 -0.007915556 0.003099977 -0.002539992 -0.00790596 0.003099977 -0.002637505 -0.007915556 0.003099977 -0.002731323 -0.007944047 0.003099977 -0.002817749 -0.007990241 0.003099977 -0.002893507 -0.008052408 0.003099977 -0.002955734 -0.008128166 0.003099977 -0.003001928 -0.008214652 0.003099977 -0.003030359 -0.00830841 0.003099977 -0.001539945 -0.008405983 0.003099977 -0.001539945 -0.008405983 0.002999961 -0.003539979 -0.008405983 0.003099977 -0.00352478 -0.008579611 0.003099977 -0.003479659 -0.008747994 0.003099977 -0.003405988 -0.008905947 0.003099977 -0.003306031 -0.009048759 0.003099977 -0.003182768 -0.009172022 0.003099977 -0.003039956 -0.009271979 0.003099977 -0.002882003 -0.00934565 0.003099977 -0.00271362 -0.009390771 0.003099977 -0.002539992 -0.00940597 0.003099977 -0.002366304 -0.009390771 0.003099977 -0.002197921 -0.00934565 0.003099977 -0.002039968 -0.009271979 0.003099977 -0.001897156 -0.009172022 0.003099977 -0.001773953 -0.009048759 0.003099977 -0.001673936 -0.008905947 0.003099977 -0.001600265 -0.008747994 0.003099977 -0.001555144 -0.008579611 0.003099977 -0.003539979 -0.008405983 0.002999961 -0.001555144 -0.008579611 0.002999961 -0.001600265 -0.008747994 0.002999961 -0.001673936 -0.008905947 0.002999961 -0.001773953 -0.009048759 0.002999961 -0.001897156 -0.009172022 0.002999961 -0.002039968 -0.009271979 0.002999961 -0.002197921 -0.00934565 0.002999961 -0.002366304 -0.009390771 0.002999961 -0.002539992 -0.00940597 0.002999961 -0.00271362 -0.009390771 0.002999961 -0.002882003 -0.00934565 0.002999961 -0.003039956 -0.009271979 0.002999961 -0.003182768 -0.009172022 0.002999961 -0.003306031 -0.009048759 0.002999961 -0.003405988 -0.008905947 0.002999961 -0.003479659 -0.008747994 0.002999961 -0.00352478 -0.008579611 0.002999961 0.003539979 -0.008405983 0 0.003539979 -0.008405983 -10e-5 0.001539945 -0.008405983 0 0.001555144 -0.008579611 0 0.001600265 -0.008747994 0 0.001673936 -0.008905947 0 0.001773953 -0.009048759 0 0.001897156 -0.009172022 0 0.002039968 -0.009271979 0 0.002197921 -0.00934565 0 0.002366304 -0.009390771 0 0.002539992 -0.00940597 0 0.00271362 -0.009390771 0 0.002882003 -0.00934565 0 0.003039956 -0.009271979 0 0.003182768 -0.009172022 0 0.003306031 -0.009048759 0 0.003405988 -0.008905947 0 0.003479659 -0.008747994 0 0.00352478 -0.008579611 0 0.001539945 -0.008405983 -10e-5 0.00352478 -0.008579611 -10e-5 0.003479659 -0.008747994 -10e-5 0.003405988 -0.008905947 -10e-5 0.003306031 -0.009048759 -10e-5 0.003182768 -0.009172022 -10e-5 0.003039956 -0.009271979 -10e-5 0.002882003 -0.00934565 -10e-5 0.00271362 -0.009390771 -10e-5 0.002539992 -0.00940597 -10e-5 0.002366304 -0.009390771 -10e-5 0.002197921 -0.00934565 -10e-5 0.002039968 -0.009271979 -10e-5 0.001897156 -0.009172022 -10e-5 0.001773953 -0.009048759 -10e-5 0.001673936 -0.008905947 -10e-5 0.001600265 -0.008747994 -10e-5 0.001555144 -0.008579611 -10e-5 0.001539945 -0.008405983 -10e-5 0.001555144 -0.008232295 -10e-5 0.001600265 -0.008063971 -10e-5 0.001673936 -0.00790596 -10e-5 0.001773953 -0.007763206 -10e-5 0.001897156 -0.007639944 -10e-5 0.002039968 -0.007539927 -10e-5 0.002197921 -0.007466256 -10e-5 0.002366304 -0.007421135 -10e-5 0.002539992 -0.007405996 -10e-5 0.00271362 -0.007421135 -10e-5 0.002882003 -0.007466256 -10e-5 0.003039956 -0.007539927 -10e-5 0.003182768 -0.007639944 -10e-5 0.003306031 -0.007763206 -10e-5 0.003405988 -0.00790596 -10e-5 0.003479659 -0.008063971 -10e-5 0.00352478 -0.008232295 -10e-5 0.003539979 -0.008405983 -10e-5 0.00352478 -0.008579611 -10e-5 0.003479659 -0.008747994 -10e-5 0.003405988 -0.008905947 -10e-5 0.003306031 -0.009048759 -10e-5 0.003182768 -0.009172022 -10e-5 0.003039956 -0.009271979 -10e-5 0.002882003 -0.00934565 -10e-5 0.00271362 -0.009390771 -10e-5 0.002539992 -0.00940597 -10e-5 0.002366304 -0.009390771 -10e-5 0.002197921 -0.00934565 -10e-5 0.002039968 -0.009271979 -10e-5 0.001897156 -0.009172022 -10e-5 0.001773953 -0.009048759 -10e-5 0.001673936 -0.008905947 -10e-5 0.001600265 -0.008747994 -10e-5 0.001555144 -0.008579611 -10e-5 0.002039968 -0.008405983 -10e-5 0.002049565 -0.00830841 -10e-5 0.002078056 -0.008214652 -10e-5 0.002124249 -0.008128166 -10e-5 0.002186417 -0.008052408 -10e-5 0.002262175 -0.007990241 -10e-5 0.002348601 -0.007944047 -10e-5 0.002442419 -0.007915556 -10e-5 0.002539992 -0.00790596 -10e-5 0.002637505 -0.007915556 -10e-5 0.002731323 -0.007944047 -10e-5 0.002817749 -0.007990241 -10e-5 0.002893507 -0.008052408 -10e-5 0.002955734 -0.008128166 -10e-5 0.003001928 -0.008214652 -10e-5 0.003030359 -0.00830841 -10e-5 0.003039956 -0.008405983 -10e-5 0.003030359 -0.008503496 -10e-5 0.003001928 -0.008597314 -10e-5 0.002955734 -0.008683741 -10e-5 0.002893507 -0.008759498 -10e-5 0.002817749 -0.008821725 -10e-5 0.002731323 -0.008867919 -10e-5 0.002637505 -0.00889635 -10e-5 0.002539992 -0.008905947 -10e-5 0.002442419 -0.00889635 -10e-5 0.002348601 -0.008867919 -10e-5 0.002262175 -0.008821725 -10e-5 0.002186417 -0.008759498 -10e-5 0.002124249 -0.008683741 -10e-5 0.002078056 -0.008597314 -10e-5 0.002049565 -0.008503496 -10e-5 0.002039968 -0.008405983 -10e-5 0.002049565 -0.00830841 -10e-5 0.002078056 -0.008214652 -10e-5 0.002124249 -0.008128166 -10e-5 0.002186417 -0.008052408 -10e-5 0.002262175 -0.007990241 -10e-5 0.002348601 -0.007944047 -10e-5 0.002442419 -0.007915556 -10e-5 0.002539992 -0.00790596 -10e-5 0.002637505 -0.007915556 -10e-5 0.002731323 -0.007944047 -10e-5 0.002817749 -0.007990241 -10e-5 0.002893507 -0.008052408 -10e-5 0.002955734 -0.008128166 -10e-5 0.003001928 -0.008214652 -10e-5 0.003030359 -0.00830841 -10e-5 0.003039956 -0.008405983 -10e-5 0.002039968 -0.008405983 0.003099977 0.002049565 -0.00830841 0.003099977 0.002078056 -0.008214652 0.003099977 0.002124249 -0.008128166 0.003099977 0.002186417 -0.008052408 0.003099977 0.002262175 -0.007990241 0.003099977 0.002348601 -0.007944047 0.003099977 0.002442419 -0.007915556 0.003099977 0.002539992 -0.00790596 0.003099977 0.002637505 -0.007915556 0.003099977 0.002731323 -0.007944047 0.003099977 0.002817749 -0.007990241 0.003099977 0.002893507 -0.008052408 0.003099977 0.002955734 -0.008128166 0.003099977 0.003001928 -0.008214652 0.003099977 0.003030359 -0.00830841 0.003099977 0.003039956 -0.008405983 0.003099977 0.003539979 -0.008405983 0.003099977 0.003539979 -0.008405983 0.002999961 0.00352478 -0.008579611 0.003099977 0.003479659 -0.008747994 0.003099977 0.003405988 -0.008905947 0.003099977 0.003306031 -0.009048759 0.003099977 0.003182768 -0.009172022 0.003099977 0.003039956 -0.009271979 0.003099977 0.002882003 -0.00934565 0.003099977 0.00271362 -0.009390771 0.003099977 0.002539992 -0.00940597 0.003099977 0.002366304 -0.009390771 0.003099977 0.002197921 -0.00934565 0.003099977 0.002039968 -0.009271979 0.003099977 0.001897156 -0.009172022 0.003099977 0.001773953 -0.009048759 0.003099977 0.001673936 -0.008905947 0.003099977 0.001600265 -0.008747994 0.003099977 0.001555144 -0.008579611 0.003099977 0.001539945 -0.008405983 0.003099977 0.001539945 -0.008405983 0.002999961 0.001555144 -0.008579611 0.002999961 0.001600265 -0.008747994 0.002999961 0.001673936 -0.008905947 0.002999961 0.001773953 -0.009048759 0.002999961 0.001897156 -0.009172022 0.002999961 0.002039968 -0.009271979 0.002999961 0.002197921 -0.00934565 0.002999961 0.002366304 -0.009390771 0.002999961 0.002539992 -0.00940597 0.002999961 0.00271362 -0.009390771 0.002999961 0.002882003 -0.00934565 0.002999961 0.003039956 -0.009271979 0.002999961 0.003182768 -0.009172022 0.002999961 0.003306031 -0.009048759 0.002999961 0.003405988 -0.008905947 0.002999961 0.003479659 -0.008747994 0.002999961 0.00352478 -0.008579611 0.002999961 0.003539979 -0.008405983 0.003099977 0.00352478 -0.008579611 0.003099977 0.003479659 -0.008747994 0.003099977 0.003405988 -0.008905947 0.003099977 0.003306031 -0.009048759 0.003099977 0.003182768 -0.009172022 0.003099977 0.003039956 -0.009271979 0.003099977 0.002882003 -0.00934565 0.003099977 0.00271362 -0.009390771 0.003099977 0.002539992 -0.00940597 0.003099977 0.002366304 -0.009390771 0.003099977 0.002197921 -0.00934565 0.003099977 0.002039968 -0.009271979 0.003099977 0.001897156 -0.009172022 0.003099977 0.001773953 -0.009048759 0.003099977 0.001673936 -0.008905947 0.003099977 0.001600265 -0.008747994 0.003099977 0.001555144 -0.008579611 0.003099977 0.001539945 -0.008405983 0.003099977 0.001555144 -0.008232295 0.003099977 0.001600265 -0.008063971 0.003099977 0.001673936 -0.00790596 0.003099977 0.001773953 -0.007763206 0.003099977 0.001897156 -0.007639944 0.003099977 0.002039968 -0.007539927 0.003099977 0.002197921 -0.007466256 0.003099977 0.002366304 -0.007421135 0.003099977 0.002539992 -0.007405996 0.003099977 0.00271362 -0.007421135 0.003099977 0.002882003 -0.007466256 0.003099977 0.003039956 -0.007539927 0.003099977 0.003182768 -0.007639944 0.003099977 0.003306031 -0.007763206 0.003099977 0.003405988 -0.00790596 0.003099977 0.003479659 -0.008063971 0.003099977 0.00352478 -0.008232295 0.003099977 0.003039956 -0.008405983 0.003099977 0.003030359 -0.008503496 0.003099977 0.003001928 -0.008597314 0.003099977 0.002955734 -0.008683741 0.003099977 0.002893507 -0.008759498 0.003099977 0.002817749 -0.008821725 0.003099977 0.002731323 -0.008867919 0.003099977 0.002637505 -0.00889635 0.003099977 0.002539992 -0.008905947 0.003099977 0.002442419 -0.00889635 0.003099977 0.002348601 -0.008867919 0.003099977 0.002262175 -0.008821725 0.003099977 0.002186417 -0.008759498 0.003099977 0.002124249 -0.008683741 0.003099977 0.002078056 -0.008597314 0.003099977 0.002049565 -0.008503496 0.003099977 0.002039968 -0.008405983 0.003099977 0.002049565 -0.00830841 0.003099977 0.002078056 -0.008214652 0.003099977 0.002124249 -0.008128166 0.003099977 0.002186417 -0.008052408 0.003099977 0.002262175 -0.007990241 0.003099977 0.002348601 -0.007944047 0.003099977 0.002442419 -0.007915556 0.003099977 0.002539992 -0.00790596 0.003099977 0.002637505 -0.007915556 0.003099977 0.002731323 -0.007944047 0.003099977 0.002817749 -0.007990241 0.003099977 0.002893507 -0.008052408 0.003099977 0.002955734 -0.008128166 0.003099977 0.003001928 -0.008214652 0.003099977 0.003030359 -0.00830841 0.003099977 0.006079971 -0.008405983 0 0.006079971 -0.008405983 -10e-5 0.004079997 -0.008405983 0 0.004095137 -0.008579611 0 0.004140257 -0.008747994 0 0.004213929 -0.008905947 0 0.004313945 -0.009048759 0 0.004437208 -0.009172022 0 0.004579961 -0.009271979 0 0.004737973 -0.00934565 0 0.004906296 -0.009390771 0 0.005079984 -0.00940597 0 0.005253612 -0.009390771 0 0.005421996 -0.00934565 0 0.005579948 -0.009271979 0 0.005722761 -0.009172022 0 0.005846023 -0.009048759 0 0.00594598 -0.008905947 0 0.006019651 -0.008747994 0 0.006064772 -0.008579611 0 0.004079997 -0.008405983 -10e-5 0.006064772 -0.008579611 -10e-5 0.006019651 -0.008747994 -10e-5 0.00594598 -0.008905947 -10e-5 0.005846023 -0.009048759 -10e-5 0.005722761 -0.009172022 -10e-5 0.005579948 -0.009271979 -10e-5 0.005421996 -0.00934565 -10e-5 0.005253612 -0.009390771 -10e-5 0.005079984 -0.00940597 -10e-5 0.004906296 -0.009390771 -10e-5 0.004737973 -0.00934565 -10e-5 0.004579961 -0.009271979 -10e-5 0.004437208 -0.009172022 -10e-5 0.004313945 -0.009048759 -10e-5 0.004213929 -0.008905947 -10e-5 0.004140257 -0.008747994 -10e-5 0.004095137 -0.008579611 -10e-5 0.004079997 -0.008405983 -10e-5 0.004095137 -0.008232295 -10e-5 0.004140257 -0.008063971 -10e-5 0.004213929 -0.00790596 -10e-5 0.004313945 -0.007763206 -10e-5 0.004437208 -0.007639944 -10e-5 0.004579961 -0.007539927 -10e-5 0.004737973 -0.007466256 -10e-5 0.004906296 -0.007421135 -10e-5 0.005079984 -0.007405996 -10e-5 0.005253612 -0.007421135 -10e-5 0.005421996 -0.007466256 -10e-5 0.005579948 -0.007539927 -10e-5 0.005722761 -0.007639944 -10e-5 0.005846023 -0.007763206 -10e-5 0.00594598 -0.00790596 -10e-5 0.006019651 -0.008063971 -10e-5 0.006064772 -0.008232295 -10e-5 0.006079971 -0.008405983 -10e-5 0.006064772 -0.008579611 -10e-5 0.006019651 -0.008747994 -10e-5 0.00594598 -0.008905947 -10e-5 0.005846023 -0.009048759 -10e-5 0.005722761 -0.009172022 -10e-5 0.005579948 -0.009271979 -10e-5 0.005421996 -0.00934565 -10e-5 0.005253612 -0.009390771 -10e-5 0.005079984 -0.00940597 -10e-5 0.004906296 -0.009390771 -10e-5 0.004737973 -0.00934565 -10e-5 0.004579961 -0.009271979 -10e-5 0.004437208 -0.009172022 -10e-5 0.004313945 -0.009048759 -10e-5 0.004213929 -0.008905947 -10e-5 0.004140257 -0.008747994 -10e-5 0.004095137 -0.008579611 -10e-5 0.004579961 -0.008405983 -10e-5 0.004589557 -0.00830841 -10e-5 0.004618048 -0.008214652 -10e-5 0.004664242 -0.008128166 -10e-5 0.004726409 -0.008052408 -10e-5 0.004802167 -0.007990241 -10e-5 0.004888653 -0.007944047 -10e-5 0.004982411 -0.007915556 -10e-5 0.005079984 -0.00790596 -10e-5 0.005177497 -0.007915556 -10e-5 0.005271315 -0.007944047 -10e-5 0.005357742 -0.007990241 -10e-5 0.005433499 -0.008052408 -10e-5 0.005495727 -0.008128166 -10e-5 0.00554192 -0.008214652 -10e-5 0.005570352 -0.00830841 -10e-5 0.005579948 -0.008405983 -10e-5 0.005570352 -0.008503496 -10e-5 0.00554192 -0.008597314 -10e-5 0.005495727 -0.008683741 -10e-5 0.005433499 -0.008759498 -10e-5 0.005357742 -0.008821725 -10e-5 0.005271315 -0.008867919 -10e-5 0.005177497 -0.00889635 -10e-5 0.005079984 -0.008905947 -10e-5 0.004982411 -0.00889635 -10e-5 0.004888653 -0.008867919 -10e-5 0.004802167 -0.008821725 -10e-5 0.004726409 -0.008759498 -10e-5 0.004664242 -0.008683741 -10e-5 0.004618048 -0.008597314 -10e-5 0.004589557 -0.008503496 -10e-5 0.004579961 -0.008405983 -10e-5 0.004589557 -0.00830841 -10e-5 0.004618048 -0.008214652 -10e-5 0.004664242 -0.008128166 -10e-5 0.004726409 -0.008052408 -10e-5 0.004802167 -0.007990241 -10e-5 0.004888653 -0.007944047 -10e-5 0.004982411 -0.007915556 -10e-5 0.005079984 -0.00790596 -10e-5 0.005177497 -0.007915556 -10e-5 0.005271315 -0.007944047 -10e-5 0.005357742 -0.007990241 -10e-5 0.005433499 -0.008052408 -10e-5 0.005495727 -0.008128166 -10e-5 0.00554192 -0.008214652 -10e-5 0.005570352 -0.00830841 -10e-5 0.005579948 -0.008405983 -10e-5 0.004579961 -0.008405983 0.003099977 0.004589557 -0.00830841 0.003099977 0.004618048 -0.008214652 0.003099977 0.004664242 -0.008128166 0.003099977 0.004726409 -0.008052408 0.003099977 0.004802167 -0.007990241 0.003099977 0.004888653 -0.007944047 0.003099977 0.004982411 -0.007915556 0.003099977 0.005079984 -0.00790596 0.003099977 0.005177497 -0.007915556 0.003099977 0.005271315 -0.007944047 0.003099977 0.005357742 -0.007990241 0.003099977 0.005433499 -0.008052408 0.003099977 0.005495727 -0.008128166 0.003099977 0.00554192 -0.008214652 0.003099977 0.005570352 -0.00830841 0.003099977 0.005579948 -0.008405983 0.003099977 0.006079971 -0.008405983 0.003099977 0.006079971 -0.008405983 0.002999961 0.006064772 -0.008579611 0.003099977 0.006019651 -0.008747994 0.003099977 0.00594598 -0.008905947 0.003099977 0.005846023 -0.009048759 0.003099977 0.005722761 -0.009172022 0.003099977 0.005579948 -0.009271979 0.003099977 0.005421996 -0.00934565 0.003099977 0.005253612 -0.009390771 0.003099977 0.005079984 -0.00940597 0.003099977 0.004906296 -0.009390771 0.003099977 0.004737973 -0.00934565 0.003099977 0.004579961 -0.009271979 0.003099977 0.004437208 -0.009172022 0.003099977 0.004313945 -0.009048759 0.003099977 0.004213929 -0.008905947 0.003099977 0.004140257 -0.008747994 0.003099977 0.004095137 -0.008579611 0.003099977 0.004079997 -0.008405983 0.003099977 0.004079997 -0.008405983 0.002999961 0.004095137 -0.008579611 0.002999961 0.004140257 -0.008747994 0.002999961 0.004213929 -0.008905947 0.002999961 0.004313945 -0.009048759 0.002999961 0.004437208 -0.009172022 0.002999961 0.004579961 -0.009271979 0.002999961 0.004737973 -0.00934565 0.002999961 0.004906296 -0.009390771 0.002999961 0.005079984 -0.00940597 0.002999961 0.005253612 -0.009390771 0.002999961 0.005421996 -0.00934565 0.002999961 0.005579948 -0.009271979 0.002999961 0.005722761 -0.009172022 0.002999961 0.005846023 -0.009048759 0.002999961 0.00594598 -0.008905947 0.002999961 0.006019651 -0.008747994 0.002999961 0.006064772 -0.008579611 0.002999961 0.006079971 -0.008405983 0.003099977 0.006064772 -0.008579611 0.003099977 0.006019651 -0.008747994 0.003099977 0.00594598 -0.008905947 0.003099977 0.005846023 -0.009048759 0.003099977 0.005722761 -0.009172022 0.003099977 0.005579948 -0.009271979 0.003099977 0.005421996 -0.00934565 0.003099977 0.005253612 -0.009390771 0.003099977 0.005079984 -0.00940597 0.003099977 0.004906296 -0.009390771 0.003099977 0.004737973 -0.00934565 0.003099977 0.004579961 -0.009271979 0.003099977 0.004437208 -0.009172022 0.003099977 0.004313945 -0.009048759 0.003099977 0.004213929 -0.008905947 0.003099977 0.004140257 -0.008747994 0.003099977 0.004095137 -0.008579611 0.003099977 0.004079997 -0.008405983 0.003099977 0.004095137 -0.008232295 0.003099977 0.004140257 -0.008063971 0.003099977 0.004213929 -0.00790596 0.003099977 0.004313945 -0.007763206 0.003099977 0.004437208 -0.007639944 0.003099977 0.004579961 -0.007539927 0.003099977 0.004737973 -0.007466256 0.003099977 0.004906296 -0.007421135 0.003099977 0.005079984 -0.007405996 0.003099977 0.005253612 -0.007421135 0.003099977 0.005421996 -0.007466256 0.003099977 0.005579948 -0.007539927 0.003099977 0.005722761 -0.007639944 0.003099977 0.005846023 -0.007763206 0.003099977 0.00594598 -0.00790596 0.003099977 0.006019651 -0.008063971 0.003099977 0.006064772 -0.008232295 0.003099977 0.005579948 -0.008405983 0.003099977 0.005570352 -0.008503496 0.003099977 0.00554192 -0.008597314 0.003099977 0.005495727 -0.008683741 0.003099977 0.005433499 -0.008759498 0.003099977 0.005357742 -0.008821725 0.003099977 0.005271315 -0.008867919 0.003099977 0.005177497 -0.00889635 0.003099977 0.005079984 -0.008905947 0.003099977 0.004982411 -0.00889635 0.003099977 0.004888653 -0.008867919 0.003099977 0.004802167 -0.008821725 0.003099977 0.004726409 -0.008759498 0.003099977 0.004664242 -0.008683741 0.003099977 0.004618048 -0.008597314 0.003099977 0.004589557 -0.008503496 0.003099977 0.004579961 -0.008405983 0.003099977 0.004589557 -0.00830841 0.003099977 0.004618048 -0.008214652 0.003099977 0.004664242 -0.008128166 0.003099977 0.004726409 -0.008052408 0.003099977 0.004802167 -0.007990241 0.003099977 0.004888653 -0.007944047 0.003099977 0.004982411 -0.007915556 0.003099977 0.005079984 -0.00790596 0.003099977 0.005177497 -0.007915556 0.003099977 0.005271315 -0.007944047 0.003099977 0.005357742 -0.007990241 0.003099977 0.005433499 -0.008052408 0.003099977 0.005495727 -0.008128166 0.003099977 0.00554192 -0.008214652 0.003099977 0.005570352 -0.00830841 0.003099977 0.000999987 -0.008405983 0 0.000999987 -0.008405983 -10e-5 -0.000999987 -0.008405983 0 -9.84808e-4 -0.008579611 0 -9.39693e-4 -0.008747994 0 -8.66025e-4 -0.008905947 0 -7.66044e-4 -0.009048759 0 -6.42788e-4 -0.009172022 0 -5e-4 -0.009271979 0 -3.4202e-4 -0.00934565 0 -1.73648e-4 -0.009390771 0 0 -0.00940597 0 1.73648e-4 -0.009390771 0 3.4202e-4 -0.00934565 0 5e-4 -0.009271979 0 6.42788e-4 -0.009172022 0 7.66044e-4 -0.009048759 0 8.66025e-4 -0.008905947 0 9.39693e-4 -0.008747994 0 9.84808e-4 -0.008579611 0 -0.000999987 -0.008405983 -10e-5 9.84808e-4 -0.008579611 -10e-5 9.39693e-4 -0.008747994 -10e-5 8.66025e-4 -0.008905947 -10e-5 7.66044e-4 -0.009048759 -10e-5 6.42788e-4 -0.009172022 -10e-5 5e-4 -0.009271979 -10e-5 3.4202e-4 -0.00934565 -10e-5 1.73648e-4 -0.009390771 -10e-5 0 -0.00940597 -10e-5 -1.73648e-4 -0.009390771 -10e-5 -3.4202e-4 -0.00934565 -10e-5 -5e-4 -0.009271979 -10e-5 -6.42788e-4 -0.009172022 -10e-5 -7.66044e-4 -0.009048759 -10e-5 -8.66025e-4 -0.008905947 -10e-5 -9.39693e-4 -0.008747994 -10e-5 -9.84808e-4 -0.008579611 -10e-5 -0.000999987 -0.008405983 -10e-5 -9.84808e-4 -0.008232295 -10e-5 -9.39693e-4 -0.008063971 -10e-5 -8.66025e-4 -0.00790596 -10e-5 -7.66044e-4 -0.007763206 -10e-5 -6.42788e-4 -0.007639944 -10e-5 -5e-4 -0.007539927 -10e-5 -3.4202e-4 -0.007466256 -10e-5 -1.73648e-4 -0.007421135 -10e-5 0 -0.007405996 -10e-5 1.73648e-4 -0.007421135 -10e-5 3.4202e-4 -0.007466256 -10e-5 5e-4 -0.007539927 -10e-5 6.42788e-4 -0.007639944 -10e-5 7.66044e-4 -0.007763206 -10e-5 8.66025e-4 -0.00790596 -10e-5 9.39693e-4 -0.008063971 -10e-5 9.84808e-4 -0.008232295 -10e-5 0.000999987 -0.008405983 -10e-5 9.84808e-4 -0.008579611 -10e-5 9.39693e-4 -0.008747994 -10e-5 8.66025e-4 -0.008905947 -10e-5 7.66044e-4 -0.009048759 -10e-5 6.42788e-4 -0.009172022 -10e-5 5e-4 -0.009271979 -10e-5 3.4202e-4 -0.00934565 -10e-5 1.73648e-4 -0.009390771 -10e-5 0 -0.00940597 -10e-5 -1.73648e-4 -0.009390771 -10e-5 -3.4202e-4 -0.00934565 -10e-5 -5e-4 -0.009271979 -10e-5 -6.42788e-4 -0.009172022 -10e-5 -7.66044e-4 -0.009048759 -10e-5 -8.66025e-4 -0.008905947 -10e-5 -9.39693e-4 -0.008747994 -10e-5 -9.84808e-4 -0.008579611 -10e-5 -5e-4 -0.008405983 -10e-5 -4.90393e-4 -0.00830841 -10e-5 -4.6194e-4 -0.008214652 -10e-5 -4.15735e-4 -0.008128166 -10e-5 -3.53553e-4 -0.008052408 -10e-5 -2.77785e-4 -0.007990241 -10e-5 -1.91342e-4 -0.007944047 -10e-5 -9.75452e-5 -0.007915556 -10e-5 0 -0.00790596 -10e-5 9.75452e-5 -0.007915556 -10e-5 1.91342e-4 -0.007944047 -10e-5 2.77785e-4 -0.007990241 -10e-5 3.53553e-4 -0.008052408 -10e-5 4.15735e-4 -0.008128166 -10e-5 4.6194e-4 -0.008214652 -10e-5 4.90393e-4 -0.00830841 -10e-5 5e-4 -0.008405983 -10e-5 4.90393e-4 -0.008503496 -10e-5 4.6194e-4 -0.008597314 -10e-5 4.15735e-4 -0.008683741 -10e-5 3.53553e-4 -0.008759498 -10e-5 2.77785e-4 -0.008821725 -10e-5 1.91342e-4 -0.008867919 -10e-5 9.75452e-5 -0.00889635 -10e-5 0 -0.008905947 -10e-5 -9.75452e-5 -0.00889635 -10e-5 -1.91342e-4 -0.008867919 -10e-5 -2.77785e-4 -0.008821725 -10e-5 -3.53553e-4 -0.008759498 -10e-5 -4.15735e-4 -0.008683741 -10e-5 -4.6194e-4 -0.008597314 -10e-5 -4.90393e-4 -0.008503496 -10e-5 -5e-4 -0.008405983 -10e-5 -4.90393e-4 -0.00830841 -10e-5 -4.6194e-4 -0.008214652 -10e-5 -4.15735e-4 -0.008128166 -10e-5 -3.53553e-4 -0.008052408 -10e-5 -2.77785e-4 -0.007990241 -10e-5 -1.91342e-4 -0.007944047 -10e-5 -9.75452e-5 -0.007915556 -10e-5 0 -0.00790596 -10e-5 9.75452e-5 -0.007915556 -10e-5 1.91342e-4 -0.007944047 -10e-5 2.77785e-4 -0.007990241 -10e-5 3.53553e-4 -0.008052408 -10e-5 4.15735e-4 -0.008128166 -10e-5 4.6194e-4 -0.008214652 -10e-5 4.90393e-4 -0.00830841 -10e-5 5e-4 -0.008405983 -10e-5 -5e-4 -0.008405983 0.003099977 -4.90393e-4 -0.00830841 0.003099977 -4.6194e-4 -0.008214652 0.003099977 -4.15735e-4 -0.008128166 0.003099977 -3.53553e-4 -0.008052408 0.003099977 -2.77785e-4 -0.007990241 0.003099977 -1.91342e-4 -0.007944047 0.003099977 -9.75452e-5 -0.007915556 0.003099977 0 -0.00790596 0.003099977 9.75452e-5 -0.007915556 0.003099977 1.91342e-4 -0.007944047 0.003099977 2.77785e-4 -0.007990241 0.003099977 3.53553e-4 -0.008052408 0.003099977 4.15735e-4 -0.008128166 0.003099977 4.6194e-4 -0.008214652 0.003099977 4.90393e-4 -0.00830841 0.003099977 5e-4 -0.008405983 0.003099977 0.000999987 -0.008405983 0.003099977 0.000999987 -0.008405983 0.002999961 9.84808e-4 -0.008579611 0.003099977 9.39693e-4 -0.008747994 0.003099977 8.66025e-4 -0.008905947 0.003099977 7.66044e-4 -0.009048759 0.003099977 6.42788e-4 -0.009172022 0.003099977 5e-4 -0.009271979 0.003099977 3.4202e-4 -0.00934565 0.003099977 1.73648e-4 -0.009390771 0.003099977 0 -0.00940597 0.003099977 -1.73648e-4 -0.009390771 0.003099977 -3.4202e-4 -0.00934565 0.003099977 -5e-4 -0.009271979 0.003099977 -6.42788e-4 -0.009172022 0.003099977 -7.66044e-4 -0.009048759 0.003099977 -8.66025e-4 -0.008905947 0.003099977 -9.39693e-4 -0.008747994 0.003099977 -9.84808e-4 -0.008579611 0.003099977 -0.000999987 -0.008405983 0.003099977 -0.000999987 -0.008405983 0.002999961 -9.84808e-4 -0.008579611 0.002999961 -9.39693e-4 -0.008747994 0.002999961 -8.66025e-4 -0.008905947 0.002999961 -7.66044e-4 -0.009048759 0.002999961 -6.42788e-4 -0.009172022 0.002999961 -5e-4 -0.009271979 0.002999961 -3.4202e-4 -0.00934565 0.002999961 -1.73648e-4 -0.009390771 0.002999961 0 -0.00940597 0.002999961 1.73648e-4 -0.009390771 0.002999961 3.4202e-4 -0.00934565 0.002999961 5e-4 -0.009271979 0.002999961 6.42788e-4 -0.009172022 0.002999961 7.66044e-4 -0.009048759 0.002999961 8.66025e-4 -0.008905947 0.002999961 9.39693e-4 -0.008747994 0.002999961 9.84808e-4 -0.008579611 0.002999961 0.000999987 -0.008405983 0.003099977 9.84808e-4 -0.008579611 0.003099977 9.39693e-4 -0.008747994 0.003099977 8.66025e-4 -0.008905947 0.003099977 7.66044e-4 -0.009048759 0.003099977 6.42788e-4 -0.009172022 0.003099977 5e-4 -0.009271979 0.003099977 3.4202e-4 -0.00934565 0.003099977 1.73648e-4 -0.009390771 0.003099977 0 -0.00940597 0.003099977 -1.73648e-4 -0.009390771 0.003099977 -3.4202e-4 -0.00934565 0.003099977 -5e-4 -0.009271979 0.003099977 -6.42788e-4 -0.009172022 0.003099977 -7.66044e-4 -0.009048759 0.003099977 -8.66025e-4 -0.008905947 0.003099977 -9.39693e-4 -0.008747994 0.003099977 -9.84808e-4 -0.008579611 0.003099977 -0.000999987 -0.008405983 0.003099977 -9.84808e-4 -0.008232295 0.003099977 -9.39693e-4 -0.008063971 0.003099977 -8.66025e-4 -0.00790596 0.003099977 -7.66044e-4 -0.007763206 0.003099977 -6.42788e-4 -0.007639944 0.003099977 -5e-4 -0.007539927 0.003099977 -3.4202e-4 -0.007466256 0.003099977 -1.73648e-4 -0.007421135 0.003099977 0 -0.007405996 0.003099977 1.73648e-4 -0.007421135 0.003099977 3.4202e-4 -0.007466256 0.003099977 5e-4 -0.007539927 0.003099977 6.42788e-4 -0.007639944 0.003099977 7.66044e-4 -0.007763206 0.003099977 8.66025e-4 -0.00790596 0.003099977 9.39693e-4 -0.008063971 0.003099977 9.84808e-4 -0.008232295 0.003099977 5e-4 -0.008405983 0.003099977 4.90393e-4 -0.008503496 0.003099977 4.6194e-4 -0.008597314 0.003099977 4.15735e-4 -0.008683741 0.003099977 3.53553e-4 -0.008759498 0.003099977 2.77785e-4 -0.008821725 0.003099977 1.91342e-4 -0.008867919 0.003099977 9.75452e-5 -0.00889635 0.003099977 0 -0.008905947 0.003099977 -9.75452e-5 -0.00889635 0.003099977 -1.91342e-4 -0.008867919 0.003099977 -2.77785e-4 -0.008821725 0.003099977 -3.53553e-4 -0.008759498 0.003099977 -4.15735e-4 -0.008683741 0.003099977 -4.6194e-4 -0.008597314 0.003099977 -4.90393e-4 -0.008503496 0.003099977 -5e-4 -0.008405983 0.003099977 -4.90393e-4 -0.00830841 0.003099977 -4.6194e-4 -0.008214652 0.003099977 -4.15735e-4 -0.008128166 0.003099977 -3.53553e-4 -0.008052408 0.003099977 -2.77785e-4 -0.007990241 0.003099977 -1.91342e-4 -0.007944047 0.003099977 -9.75452e-5 -0.007915556 0.003099977 0 -0.00790596 0.003099977 9.75452e-5 -0.007915556 0.003099977 1.91342e-4 -0.007944047 0.003099977 2.77785e-4 -0.007990241 0.003099977 3.53553e-4 -0.008052408 0.003099977 4.15735e-4 -0.008128166 0.003099977 4.6194e-4 -0.008214652 0.003099977 4.90393e-4 -0.00830841 0.003099977 -0.004579961 -0.008405983 0.003099977 -0.004589557 -0.00830841 0.003099977 -0.004618048 -0.008214652 0.003099977 -0.004664242 -0.008128166 0.003099977 -0.004726409 -0.008052408 0.003099977 -0.004802167 -0.007990241 0.003099977 -0.004888653 -0.007944047 0.003099977 -0.004982411 -0.007915556 0.003099977 -0.005079984 -0.00790596 0.003099977 -0.005177497 -0.007915556 0.003099977 -0.005271315 -0.007944047 0.003099977 -0.005357742 -0.007990241 0.003099977 -0.005433499 -0.008052408 0.003099977 -0.005495727 -0.008128166 0.003099977 -0.00554192 -0.008214652 0.003099977 -0.005570352 -0.00830841 0.003099977 -0.005579948 -0.008405983 0.003099977 -0.004579961 -0.008405983 -10e-5 -0.004589557 -0.00830841 -10e-5 -0.004618048 -0.008214652 -10e-5 -0.004664242 -0.008128166 -10e-5 -0.004726409 -0.008052408 -10e-5 -0.004802167 -0.007990241 -10e-5 -0.004888653 -0.007944047 -10e-5 -0.004982411 -0.007915556 -10e-5 -0.005079984 -0.00790596 -10e-5 -0.005177497 -0.007915556 -10e-5 -0.005271315 -0.007944047 -10e-5 -0.005357742 -0.007990241 -10e-5 -0.005433499 -0.008052408 -10e-5 -0.005495727 -0.008128166 -10e-5 -0.00554192 -0.008214652 -10e-5 -0.005570352 -0.00830841 -10e-5 -0.005579948 -0.008405983 -10e-5 -0.006079971 -0.008405983 -10e-5 -0.006064772 -0.008579611 -10e-5 -0.006019651 -0.008747994 -10e-5 -0.00594598 -0.008905947 -10e-5 -0.005846023 -0.009048759 -10e-5 -0.005722761 -0.009172022 -10e-5 -0.005579948 -0.009271979 -10e-5 -0.005421996 -0.00934565 -10e-5 -0.005253612 -0.009390771 -10e-5 -0.005079984 -0.00940597 -10e-5 -0.004906296 -0.009390771 -10e-5 -0.004737973 -0.00934565 -10e-5 -0.004579961 -0.009271979 -10e-5 -0.004437208 -0.009172022 -10e-5 -0.004313945 -0.009048759 -10e-5 -0.004213929 -0.008905947 -10e-5 -0.004140257 -0.008747994 -10e-5 -0.004095137 -0.008579611 -10e-5 -0.004079997 -0.008405983 -10e-5 -0.004095137 -0.008232295 -10e-5 -0.004140257 -0.008063971 -10e-5 -0.004213929 -0.00790596 -10e-5 -0.004313945 -0.007763206 -10e-5 -0.004437208 -0.007639944 -10e-5 -0.004579961 -0.007539927 -10e-5 -0.004737973 -0.007466256 -10e-5 -0.004906296 -0.007421135 -10e-5 -0.005079984 -0.007405996 -10e-5 -0.005253612 -0.007421135 -10e-5 -0.005421996 -0.007466256 -10e-5 -0.005579948 -0.007539927 -10e-5 -0.005722761 -0.007639944 -10e-5 -0.005846023 -0.007763206 -10e-5 -0.00594598 -0.00790596 -10e-5 -0.006019651 -0.008063971 -10e-5 -0.006064772 -0.008232295 -10e-5 -0.005579948 -0.008405983 -10e-5 -0.005570352 -0.008503496 -10e-5 -0.00554192 -0.008597314 -10e-5 -0.005495727 -0.008683741 -10e-5 -0.005433499 -0.008759498 -10e-5 -0.005357742 -0.008821725 -10e-5 -0.005271315 -0.008867919 -10e-5 -0.005177497 -0.00889635 -10e-5 -0.005079984 -0.008905947 -10e-5 -0.004982411 -0.00889635 -10e-5 -0.004888653 -0.008867919 -10e-5 -0.004802167 -0.008821725 -10e-5 -0.004726409 -0.008759498 -10e-5 -0.004664242 -0.008683741 -10e-5 -0.004618048 -0.008597314 -10e-5 -0.004589557 -0.008503496 -10e-5 -0.004579961 -0.008405983 -10e-5 -0.004589557 -0.00830841 -10e-5 -0.004618048 -0.008214652 -10e-5 -0.004664242 -0.008128166 -10e-5 -0.004726409 -0.008052408 -10e-5 -0.004802167 -0.007990241 -10e-5 -0.004888653 -0.007944047 -10e-5 -0.004982411 -0.007915556 -10e-5 -0.005079984 -0.00790596 -10e-5 -0.005177497 -0.007915556 -10e-5 -0.005271315 -0.007944047 -10e-5 -0.005357742 -0.007990241 -10e-5 -0.005433499 -0.008052408 -10e-5 -0.005495727 -0.008128166 -10e-5 -0.00554192 -0.008214652 -10e-5 -0.005570352 -0.00830841 -10e-5 -0.006079971 -0.008405983 -10e-5 -0.006079971 -0.008405983 0 -0.006064772 -0.008579611 -10e-5 -0.006019651 -0.008747994 -10e-5 -0.00594598 -0.008905947 -10e-5 -0.005846023 -0.009048759 -10e-5 -0.005722761 -0.009172022 -10e-5 -0.005579948 -0.009271979 -10e-5 -0.005421996 -0.00934565 -10e-5 -0.005253612 -0.009390771 -10e-5 -0.005079984 -0.00940597 -10e-5 -0.004906296 -0.009390771 -10e-5 -0.004737973 -0.00934565 -10e-5 -0.004579961 -0.009271979 -10e-5 -0.004437208 -0.009172022 -10e-5 -0.004313945 -0.009048759 -10e-5 -0.004213929 -0.008905947 -10e-5 -0.004140257 -0.008747994 -10e-5 -0.004095137 -0.008579611 -10e-5 -0.004079997 -0.008405983 -10e-5 -0.004079997 -0.008405983 0 -0.006064772 -0.008579611 0 -0.006019651 -0.008747994 0 -0.00594598 -0.008905947 0 -0.005846023 -0.009048759 0 -0.005722761 -0.009172022 0 -0.005579948 -0.009271979 0 -0.005421996 -0.00934565 0 -0.005253612 -0.009390771 0 -0.005079984 -0.00940597 0 -0.004906296 -0.009390771 0 -0.004737973 -0.00934565 0 -0.004579961 -0.009271979 0 -0.004437208 -0.009172022 0 -0.004313945 -0.009048759 0 -0.004213929 -0.008905947 0 -0.004140257 -0.008747994 0 -0.004095137 -0.008579611 0 -0.004079997 -0.008405983 0.003099977 -0.004095137 -0.008232295 0.003099977 -0.004140257 -0.008063971 0.003099977 -0.004213929 -0.00790596 0.003099977 -0.004313945 -0.007763206 0.003099977 -0.004437208 -0.007639944 0.003099977 -0.004579961 -0.007539927 0.003099977 -0.004737973 -0.007466256 0.003099977 -0.004906296 -0.007421135 0.003099977 -0.005079984 -0.007405996 0.003099977 -0.005253612 -0.007421135 0.003099977 -0.005421996 -0.007466256 0.003099977 -0.005579948 -0.007539927 0.003099977 -0.005722761 -0.007639944 0.003099977 -0.005846023 -0.007763206 0.003099977 -0.00594598 -0.00790596 0.003099977 -0.006019651 -0.008063971 0.003099977 -0.006064772 -0.008232295 0.003099977 -0.006079971 -0.008405983 0.003099977 -0.006064772 -0.008579611 0.003099977 -0.006019651 -0.008747994 0.003099977 -0.00594598 -0.008905947 0.003099977 -0.005846023 -0.009048759 0.003099977 -0.005722761 -0.009172022 0.003099977 -0.005579948 -0.009271979 0.003099977 -0.005421996 -0.00934565 0.003099977 -0.005253612 -0.009390771 0.003099977 -0.005079984 -0.00940597 0.003099977 -0.004906296 -0.009390771 0.003099977 -0.004737973 -0.00934565 0.003099977 -0.004579961 -0.009271979 0.003099977 -0.004437208 -0.009172022 0.003099977 -0.004313945 -0.009048759 0.003099977 -0.004213929 -0.008905947 0.003099977 -0.004140257 -0.008747994 0.003099977 -0.004095137 -0.008579611 0.003099977 -0.004579961 -0.008405983 0.003099977 -0.004589557 -0.00830841 0.003099977 -0.004618048 -0.008214652 0.003099977 -0.004664242 -0.008128166 0.003099977 -0.004726409 -0.008052408 0.003099977 -0.004802167 -0.007990241 0.003099977 -0.004888653 -0.007944047 0.003099977 -0.004982411 -0.007915556 0.003099977 -0.005079984 -0.00790596 0.003099977 -0.005177497 -0.007915556 0.003099977 -0.005271315 -0.007944047 0.003099977 -0.005357742 -0.007990241 0.003099977 -0.005433499 -0.008052408 0.003099977 -0.005495727 -0.008128166 0.003099977 -0.00554192 -0.008214652 0.003099977 -0.005570352 -0.00830841 0.003099977 -0.005579948 -0.008405983 0.003099977 -0.005570352 -0.008503496 0.003099977 -0.00554192 -0.008597314 0.003099977 -0.005495727 -0.008683741 0.003099977 -0.005433499 -0.008759498 0.003099977 -0.005357742 -0.008821725 0.003099977 -0.005271315 -0.008867919 0.003099977 -0.005177497 -0.00889635 0.003099977 -0.005079984 -0.008905947 0.003099977 -0.004982411 -0.00889635 0.003099977 -0.004888653 -0.008867919 0.003099977 -0.004802167 -0.008821725 0.003099977 -0.004726409 -0.008759498 0.003099977 -0.004664242 -0.008683741 0.003099977 -0.004618048 -0.008597314 0.003099977 -0.004589557 -0.008503496 0.003099977 -0.006079971 -0.008405983 0.002999961 -0.006079971 -0.008405983 0.003099977 -0.006064772 -0.008579611 0.002999961 -0.006019651 -0.008747994 0.002999961 -0.00594598 -0.008905947 0.002999961 -0.005846023 -0.009048759 0.002999961 -0.005722761 -0.009172022 0.002999961 -0.005579948 -0.009271979 0.002999961 -0.005421996 -0.00934565 0.002999961 -0.005253612 -0.009390771 0.002999961 -0.005079984 -0.00940597 0.002999961 -0.004906296 -0.009390771 0.002999961 -0.004737973 -0.00934565 0.002999961 -0.004579961 -0.009271979 0.002999961 -0.004437208 -0.009172022 0.002999961 -0.004313945 -0.009048759 0.002999961 -0.004213929 -0.008905947 0.002999961 -0.004140257 -0.008747994 0.002999961 -0.004095137 -0.008579611 0.002999961 -0.004079997 -0.008405983 0.002999961 -0.004079997 -0.008405983 0.003099977 -0.006064772 -0.008579611 0.003099977 -0.006019651 -0.008747994 0.003099977 -0.00594598 -0.008905947 0.003099977 -0.005846023 -0.009048759 0.003099977 -0.005722761 -0.009172022 0.003099977 -0.005579948 -0.009271979 0.003099977 -0.005421996 -0.00934565 0.003099977 -0.005253612 -0.009390771 0.003099977 -0.005079984 -0.00940597 0.003099977 -0.004906296 -0.009390771 0.003099977 -0.004737973 -0.00934565 0.003099977 -0.004579961 -0.009271979 0.003099977 -0.004437208 -0.009172022 0.003099977 -0.004313945 -0.009048759 0.003099977 -0.004213929 -0.008905947 0.003099977 -0.004140257 -0.008747994 0.003099977 -0.004095137 -0.008579611 0.003099977 0.01949995 0 0.01549994 0.01949995 0 0.01599997 0.005499958 0 0.01599997 0.005606293 -0.001215517 0.01599997 0.005922138 -0.002394139 0.01599997 0.006437778 -0.003499984 0.01599997 0.007137656 -0.004499495 0.01599997 0.008000433 -0.005362272 0.01599997 0.008999943 -0.00606215 0.01599997 0.01010584 -0.006577789 0.01599997 0.01128441 -0.006893634 0.01599997 0.01249998 -0.006999969 0.01599997 0.0137155 -0.006893634 0.01599997 0.01489412 -0.006577789 0.01599997 0.01599997 -0.00606215 0.01599997 0.01699948 -0.005362272 0.01599997 0.01786226 -0.004499495 0.01599997 0.01856213 -0.003499984 0.01599997 0.01907783 -0.002394139 0.01599997 0.01939362 -0.001215517 0.01599997 0.005499958 0 0.01549994 0.005606293 -0.001215517 0.01549994 0.005922138 -0.002394139 0.01549994 0.006437778 -0.003499984 0.01549994 0.007137656 -0.004499495 0.01549994 0.008000433 -0.005362272 0.01549994 0.008999943 -0.00606215 0.01549994 0.01010584 -0.006577789 0.01549994 0.01128441 -0.006893634 0.01549994 0.01249998 -0.006999969 0.01549994 0.0137155 -0.006893634 0.01549994 0.01489412 -0.006577789 0.01549994 0.01599997 -0.00606215 0.01549994 0.01699948 -0.005362272 0.01549994 0.01786226 -0.004499495 0.01549994 0.01856213 -0.003499984 0.01549994 0.01907783 -0.002394139 0.01549994 0.01939362 -0.001215517 0.01549994 -0.005499958 0 0.01549994 -0.005499958 0 0.01599997 -0.01949995 0 0.01599997 -0.01939362 -0.001215517 0.01599997 -0.01907783 -0.002394139 0.01599997 -0.01856213 -0.003499984 0.01599997 -0.01786226 -0.004499495 0.01599997 -0.01699948 -0.005362272 0.01599997 -0.01599997 -0.00606215 0.01599997 -0.01489412 -0.006577789 0.01599997 -0.0137155 -0.006893634 0.01599997 -0.01249998 -0.006999969 0.01599997 -0.01128441 -0.006893634 0.01599997 -0.01010584 -0.006577789 0.01599997 -0.008999943 -0.00606215 0.01599997 -0.008000433 -0.005362272 0.01599997 -0.007137656 -0.004499495 0.01599997 -0.006437778 -0.003499984 0.01599997 -0.005922138 -0.002394139 0.01599997 -0.005606293 -0.001215517 0.01599997 -0.01949995 0 0.01549994 -0.01939362 -0.001215517 0.01549994 -0.01907783 -0.002394139 0.01549994 -0.01856213 -0.003499984 0.01549994 -0.01786226 -0.004499495 0.01549994 -0.01699948 -0.005362272 0.01549994 -0.01599997 -0.00606215 0.01549994 -0.01489412 -0.006577789 0.01549994 -0.0137155 -0.006893634 0.01549994 -0.01249998 -0.006999969 0.01549994 -0.01128441 -0.006893634 0.01549994 -0.01010584 -0.006577789 0.01549994 -0.008999943 -0.00606215 0.01549994 -0.008000433 -0.005362272 0.01549994 -0.007137656 -0.004499495 0.01549994 -0.006437778 -0.003499984 0.01549994 -0.005922138 -0.002394139 0.01549994 -0.005606293 -0.001215517 0.01549994 -0.0205 0 0.01599997 -0.02037841 -0.001389145 0.01599997 -0.0200175 -0.002736151 0.01599997 -0.01942819 -0.003999948 0.01599997 -0.01862835 -0.005142271 0.01599997 -0.01764225 -0.006128311 0.01599997 -0.01649999 -0.006928145 0.01599997 -0.01523613 -0.007517516 0.01599997 -0.01388913 -0.007878422 0.01599997 -0.01249998 -0.007999956 0.01599997 -0.01111078 -0.007878422 0.01599997 -0.009763836 -0.007517516 0.01599997 -0.008499979 -0.006928145 0.01599997 -0.007357656 -0.006128311 0.01599997 -0.006371617 -0.005142271 0.01599997 -0.005571782 -0.003999948 0.01599997 -0.004982411 -0.002736151 0.01599997 -0.004621505 -0.001389145 0.01599997 -0.004499971 0 0.01599997 -0.004621505 0.001389145 0.01599997 -0.004982411 0.002736151 0.01599997 -0.005571782 0.003999948 0.01599997 -0.006371617 0.005142271 0.01599997 -0.007357656 0.006128311 0.01599997 -0.008499979 0.006928145 0.01599997 -0.009763836 0.007517516 0.01599997 -0.01111078 0.007878422 0.01599997 -0.01249998 0.007999956 0.01599997 -0.01388913 0.007878422 0.01599997 -0.01523613 0.007517516 0.01599997 -0.01649999 0.006928145 0.01599997 -0.01764225 0.006128311 0.01599997 -0.01862835 0.005142271 0.01599997 -0.01942819 0.003999948 0.01599997 -0.0200175 0.002736151 0.01599997 -0.02037841 0.001389145 0.01599997 -0.005499958 0 0.01599997 -0.005606293 0.001215517 0.01599997 -0.005922138 0.002394139 0.01599997 -0.006437778 0.003499984 0.01599997 -0.007137656 0.004499495 0.01599997 -0.008000433 0.005362272 0.01599997 -0.008999943 0.00606215 0.01599997 -0.01010584 0.006577789 0.01599997 -0.01128441 0.006893634 0.01599997 -0.01249998 0.006999969 0.01599997 -0.0137155 0.006893634 0.01599997 -0.01489412 0.006577789 0.01599997 -0.01599997 0.00606215 0.01599997 -0.01699948 0.005362272 0.01599997 -0.01786226 0.004499495 0.01599997 -0.01856213 0.003499984 0.01599997 -0.01907783 0.002394139 0.01599997 -0.01939362 0.001215517 0.01599997 -0.01949995 0 0.01599997 -0.01939362 -0.001215517 0.01599997 -0.01907783 -0.002394139 0.01599997 -0.01856213 -0.003499984 0.01599997 -0.01786226 -0.004499495 0.01599997 -0.01699948 -0.005362272 0.01599997 -0.01599997 -0.00606215 0.01599997 -0.01489412 -0.006577789 0.01599997 -0.0137155 -0.006893634 0.01599997 -0.01249998 -0.006999969 0.01599997 -0.01128441 -0.006893634 0.01599997 -0.01010584 -0.006577789 0.01599997 -0.008999943 -0.00606215 0.01599997 -0.008000433 -0.005362272 0.01599997 -0.007137656 -0.004499495 0.01599997 -0.006437778 -0.003499984 0.01599997 -0.005922138 -0.002394139 0.01599997 -0.005606293 -0.001215517 0.01599997 0.0205 0 0.01599997 0.02037841 0.001389145 0.01599997 0.0200175 0.002736151 0.01599997 0.01942819 0.003999948 0.01599997 0.01862835 0.005142271 0.01599997 0.01764225 0.006128311 0.01599997 0.01649999 0.006928145 0.01599997 0.01523613 0.007517516 0.01599997 0.01388913 0.007878422 0.01599997 0.01249998 0.007999956 0.01599997 0.01111078 0.007878422 0.01599997 0.009763836 0.007517516 0.01599997 0.008499979 0.006928145 0.01599997 0.007357656 0.006128311 0.01599997 0.006371617 0.005142271 0.01599997 0.005571782 0.003999948 0.01599997 0.004982411 0.002736151 0.01599997 0.004621505 0.001389145 0.01599997 0.004499971 0 0.01599997 0.004621505 -0.001389145 0.01599997 0.004982411 -0.002736151 0.01599997 0.005571782 -0.003999948 0.01599997 0.006371617 -0.005142271 0.01599997 0.007357656 -0.006128311 0.01599997 0.008499979 -0.006928145 0.01599997 0.009763836 -0.007517516 0.01599997 0.01111078 -0.007878422 0.01599997 0.01249998 -0.007999956 0.01599997 0.01388913 -0.007878422 0.01599997 0.01523613 -0.007517516 0.01599997 0.01649999 -0.006928145 0.01599997 0.01764225 -0.006128311 0.01599997 0.01862835 -0.005142271 0.01599997 0.01942819 -0.003999948 0.01599997 0.0200175 -0.002736151 0.01599997 0.02037841 -0.001389145 0.01599997 0.005499958 0 0.01599997 0.005606293 -0.001215517 0.01599997 0.005922138 -0.002394139 0.01599997 0.006437778 -0.003499984 0.01599997 0.007137656 -0.004499495 0.01599997 0.008000433 -0.005362272 0.01599997 0.008999943 -0.00606215 0.01599997 0.01010584 -0.006577789 0.01599997 0.01128441 -0.006893634 0.01599997 0.01249998 -0.006999969 0.01599997 0.0137155 -0.006893634 0.01599997 0.01489412 -0.006577789 0.01599997 0.01599997 -0.00606215 0.01599997 0.01699948 -0.005362272 0.01599997 0.01786226 -0.004499495 0.01599997 0.01856213 -0.003499984 0.01599997 0.01907783 -0.002394139 0.01599997 0.01939362 -0.001215517 0.01599997 0.01949995 0 0.01599997 0.01939362 0.001215517 0.01599997 0.01907783 0.002394139 0.01599997 0.01856213 0.003499984 0.01599997 0.01786226 0.004499495 0.01599997 0.01699948 0.005362272 0.01599997 0.01599997 0.00606215 0.01599997 0.01489412 0.006577789 0.01599997 0.0137155 0.006893634 0.01599997 0.01249998 0.006999969 0.01599997 0.01128441 0.006893634 0.01599997 0.01010584 0.006577789 0.01599997 0.008999943 0.00606215 0.01599997 0.008000433 0.005362272 0.01599997 0.007137656 0.004499495 0.01599997 0.006437778 0.003499984 0.01599997 0.005922138 0.002394139 0.01599997 0.005606293 0.001215517 0.01599997 -0.005499958 0 0.01599997 -0.005606293 0.001215517 0.01599997 -0.005922138 0.002394139 0.01599997 -0.006437778 0.003499984 0.01599997 -0.007137656 0.004499495 0.01599997 -0.008000433 0.005362272 0.01599997 -0.008999943 0.00606215 0.01599997 -0.01010584 0.006577789 0.01599997 -0.01128441 0.006893634 0.01599997 -0.01249998 0.006999969 0.01599997 -0.0137155 0.006893634 0.01599997 -0.01489412 0.006577789 0.01599997 -0.01599997 0.00606215 0.01599997 -0.01699948 0.005362272 0.01599997 -0.01786226 0.004499495 0.01599997 -0.01856213 0.003499984 0.01599997 -0.01907783 0.002394139 0.01599997 -0.01939362 0.001215517 0.01599997 -0.01949995 0 0.01599997 -0.005499958 0 0.01549994 -0.005606293 0.001215517 0.01549994 -0.005922138 0.002394139 0.01549994 -0.006437778 0.003499984 0.01549994 -0.007137656 0.004499495 0.01549994 -0.008000433 0.005362272 0.01549994 -0.008999943 0.00606215 0.01549994 -0.01010584 0.006577789 0.01549994 -0.01128441 0.006893634 0.01549994 -0.01249998 0.006999969 0.01549994 -0.0137155 0.006893634 0.01549994 -0.01489412 0.006577789 0.01549994 -0.01599997 0.00606215 0.01549994 -0.01699948 0.005362272 0.01549994 -0.01786226 0.004499495 0.01549994 -0.01856213 0.003499984 0.01549994 -0.01907783 0.002394139 0.01549994 -0.01939362 0.001215517 0.01549994 -0.01949995 0 0.01549994 0.01949995 0 0.01599997 0.01939362 0.001215517 0.01599997 0.01907783 0.002394139 0.01599997 0.01856213 0.003499984 0.01599997 0.01786226 0.004499495 0.01599997 0.01699948 0.005362272 0.01599997 0.01599997 0.00606215 0.01599997 0.01489412 0.006577789 0.01599997 0.0137155 0.006893634 0.01599997 0.01249998 0.006999969 0.01599997 0.01128441 0.006893634 0.01599997 0.01010584 0.006577789 0.01599997 0.008999943 0.00606215 0.01599997 0.008000433 0.005362272 0.01599997 0.007137656 0.004499495 0.01599997 0.006437778 0.003499984 0.01599997 0.005922138 0.002394139 0.01599997 0.005606293 0.001215517 0.01599997 0.005499958 0 0.01599997 0.01949995 0 0.01549994 0.01939362 0.001215517 0.01549994 0.01907783 0.002394139 0.01549994 0.01856213 0.003499984 0.01549994 0.01786226 0.004499495 0.01549994 0.01699948 0.005362272 0.01549994 0.01599997 0.00606215 0.01549994 0.01489412 0.006577789 0.01549994 0.0137155 0.006893634 0.01549994 0.01249998 0.006999969 0.01549994 0.01128441 0.006893634 0.01549994 0.01010584 0.006577789 0.01549994 0.008999943 0.00606215 0.01549994 0.008000433 0.005362272 0.01549994 0.007137656 0.004499495 0.01549994 0.006437778 0.003499984 0.01549994 0.005922138 0.002394139 0.01549994 0.005606293 0.001215517 0.01549994 0.005499958 0 0.01549994 0.0205 0 0.01599997 0.02037841 0.001389145 0.01599997 0.0200175 0.002736151 0.01599997 0.01942819 0.003999948 0.01599997 0.01862835 0.005142271 0.01599997 0.01764225 0.006128311 0.01599997 0.01649999 0.006928145 0.01599997 0.01523613 0.007517516 0.01599997 0.01388913 0.007878422 0.01599997 0.01249998 0.007999956 0.01599997 0.01111078 0.007878422 0.01599997 0.009763836 0.007517516 0.01599997 0.008499979 0.006928145 0.01599997 0.007357656 0.006128311 0.01599997 0.006371617 0.005142271 0.01599997 0.005571782 0.003999948 0.01599997 0.004982411 0.002736151 0.01599997 0.004621505 0.001389145 0.01599997 0.004499971 0 0.01599997 0.0205 0 0.002999961 0.02037841 0.001389145 0.002999961 0.0200175 0.002736151 0.002999961 0.01942819 0.003999948 0.002999961 0.01862835 0.005142271 0.002999961 0.01764225 0.006128311 0.002999961 0.01649999 0.006928145 0.002999961 0.01523613 0.007517516 0.002999961 0.01388913 0.007878422 0.002999961 0.01249998 0.007999956 0.002999961 0.01111078 0.007878422 0.002999961 0.009763836 0.007517516 0.002999961 0.008499979 0.006928145 0.002999961 0.007357656 0.006128311 0.002999961 0.006371617 0.005142271 0.002999961 0.005571782 0.003999948 0.002999961 0.004982411 0.002736151 0.002999961 0.004621505 0.001389145 0.002999961 0.004499971 0 0.002999961 -0.004499971 0 0.01599997 -0.004621505 0.001389145 0.01599997 -0.004982411 0.002736151 0.01599997 -0.005571782 0.003999948 0.01599997 -0.006371617 0.005142271 0.01599997 -0.007357656 0.006128311 0.01599997 -0.008499979 0.006928145 0.01599997 -0.009763836 0.007517516 0.01599997 -0.01111078 0.007878422 0.01599997 -0.01249998 0.007999956 0.01599997 -0.01388913 0.007878422 0.01599997 -0.01523613 0.007517516 0.01599997 -0.01649999 0.006928145 0.01599997 -0.01764225 0.006128311 0.01599997 -0.01862835 0.005142271 0.01599997 -0.01942819 0.003999948 0.01599997 -0.0200175 0.002736151 0.01599997 -0.02037841 0.001389145 0.01599997 -0.0205 0 0.01599997 -0.004499971 0 0.002999961 -0.004621505 0.001389145 0.002999961 -0.004982411 0.002736151 0.002999961 -0.005571782 0.003999948 0.002999961 -0.006371617 0.005142271 0.002999961 -0.007357656 0.006128311 0.002999961 -0.008499979 0.006928145 0.002999961 -0.009763836 0.007517516 0.002999961 -0.01111078 0.007878422 0.002999961 -0.01249998 0.007999956 0.002999961 -0.01388913 0.007878422 0.002999961 -0.01523613 0.007517516 0.002999961 -0.01649999 0.006928145 0.002999961 -0.01764225 0.006128311 0.002999961 -0.01862835 0.005142271 0.002999961 -0.01942819 0.003999948 0.002999961 -0.0200175 0.002736151 0.002999961 -0.02037841 0.001389145 0.002999961 -0.0205 0 0.002999961 -0.004499971 0 0.01599997 -0.004499971 0 0.002999961 -0.0205 0 0.01599997 -0.02037841 -0.001389145 0.01599997 -0.0200175 -0.002736151 0.01599997 -0.01942819 -0.003999948 0.01599997 -0.01862835 -0.005142271 0.01599997 -0.01764225 -0.006128311 0.01599997 -0.01649999 -0.006928145 0.01599997 -0.01523613 -0.007517516 0.01599997 -0.01388913 -0.007878422 0.01599997 -0.01249998 -0.007999956 0.01599997 -0.01111078 -0.007878422 0.01599997 -0.009763836 -0.007517516 0.01599997 -0.008499979 -0.006928145 0.01599997 -0.007357656 -0.006128311 0.01599997 -0.006371617 -0.005142271 0.01599997 -0.005571782 -0.003999948 0.01599997 -0.004982411 -0.002736151 0.01599997 -0.004621505 -0.001389145 0.01599997 -0.0205 0 0.002999961 -0.02037841 -0.001389145 0.002999961 -0.0200175 -0.002736151 0.002999961 -0.01942819 -0.003999948 0.002999961 -0.01862835 -0.005142271 0.002999961 -0.01764225 -0.006128311 0.002999961 -0.01649999 -0.006928145 0.002999961 -0.01523613 -0.007517516 0.002999961 -0.01388913 -0.007878422 0.002999961 -0.01249998 -0.007999956 0.002999961 -0.01111078 -0.007878422 0.002999961 -0.009763836 -0.007517516 0.002999961 -0.008499979 -0.006928145 0.002999961 -0.007357656 -0.006128311 0.002999961 -0.006371617 -0.005142271 0.002999961 -0.005571782 -0.003999948 0.002999961 -0.004982411 -0.002736151 0.002999961 -0.004621505 -0.001389145 0.002999961 0.0205 0 0.01599997 0.0205 0 0.002999961 0.004499971 0 0.01599997 0.004621505 -0.001389145 0.01599997 0.004982411 -0.002736151 0.01599997 0.005571782 -0.003999948 0.01599997 0.006371617 -0.005142271 0.01599997 0.007357656 -0.006128311 0.01599997 0.008499979 -0.006928145 0.01599997 0.009763836 -0.007517516 0.01599997 0.01111078 -0.007878422 0.01599997 0.01249998 -0.007999956 0.01599997 0.01388913 -0.007878422 0.01599997 0.01523613 -0.007517516 0.01599997 0.01649999 -0.006928145 0.01599997 0.01764225 -0.006128311 0.01599997 0.01862835 -0.005142271 0.01599997 0.01942819 -0.003999948 0.01599997 0.0200175 -0.002736151 0.01599997 0.02037841 -0.001389145 0.01599997 0.004499971 0 0.002999961 0.004621505 -0.001389145 0.002999961 0.004982411 -0.002736151 0.002999961 0.005571782 -0.003999948 0.002999961 0.006371617 -0.005142271 0.002999961 0.007357656 -0.006128311 0.002999961 0.008499979 -0.006928145 0.002999961 0.009763836 -0.007517516 0.002999961 0.01111078 -0.007878422 0.002999961 0.01249998 -0.007999956 0.002999961 0.01388913 -0.007878422 0.002999961 0.01523613 -0.007517516 0.002999961 0.01649999 -0.006928145 0.002999961 0.01764225 -0.006128311 0.002999961 0.01862835 -0.005142271 0.002999961 0.01942819 -0.003999948 0.002999961 0.0200175 -0.002736151 0.002999961 0.02037841 -0.001389145 0.002999961 0.01949995 0.008444964 0.002999961 0.01949995 0.008444964 0 0.01951515 0.008271336 0 0.01956027 0.008102953 0 0.01963394 0.007945001 0 0.0197339 0.007802188 0 0.01985716 0.007678925 0 0.01999998 0.007578969 0 0.02015793 0.007505297 0 0.02032631 0.007460176 0 0.0205 0.007444977 0 0.02067363 0.007460176 0 0.02084201 0.007505297 0 0.02099996 0.007578969 0 0.02114278 0.007678925 0 0.02126604 0.007802188 0 0.021366 0.007945001 0 0.02143967 0.008102953 0 0.02148479 0.008271336 0 0.02149999 0.008444964 0 0.02149999 0.008444964 0.002999961 0.01951515 0.008271336 0.002999961 0.01956027 0.008102953 0.002999961 0.01963394 0.007945001 0.002999961 0.0197339 0.007802188 0.002999961 0.01985716 0.007678925 0.002999961 0.01999998 0.007578969 0.002999961 0.02015793 0.007505297 0.002999961 0.02032631 0.007460176 0.002999961 0.0205 0.007444977 0.002999961 0.02067363 0.007460176 0.002999961 0.02084201 0.007505297 0.002999961 0.02099996 0.007578969 0.002999961 0.02114278 0.007678925 0.002999961 0.02126604 0.007802188 0.002999961 0.021366 0.007945001 0.002999961 0.02143967 0.008102953 0.002999961 0.02148479 0.008271336 0.002999961 -0.02149999 -0.008444964 0.002999961 -0.02149999 -0.008444964 0 -0.02148479 -0.008618593 0 -0.02143967 -0.008786976 0 -0.021366 -0.008944988 0 -0.02126604 -0.009087741 0 -0.02114278 -0.009211003 0 -0.02099996 -0.00931102 0 -0.02084201 -0.009384691 0 -0.02067363 -0.009429752 0 -0.0205 -0.009444952 0 -0.02032631 -0.009429752 0 -0.02015793 -0.009384691 0 -0.01999998 -0.00931102 0 -0.01985716 -0.009211003 0 -0.0197339 -0.009087741 0 -0.01963394 -0.008944988 0 -0.01956027 -0.008786976 0 -0.01951515 -0.008618593 0 -0.01949995 -0.008444964 0 -0.01949995 -0.008444964 0.002999961 -0.02148479 -0.008618593 0.002999961 -0.02143967 -0.008786976 0.002999961 -0.021366 -0.008944988 0.002999961 -0.02126604 -0.009087741 0.002999961 -0.02114278 -0.009211003 0.002999961 -0.02099996 -0.00931102 0.002999961 -0.02084201 -0.009384691 0.002999961 -0.02067363 -0.009429752 0.002999961 -0.0205 -0.009444952 0.002999961 -0.02032631 -0.009429752 0.002999961 -0.02015793 -0.009384691 0.002999961 -0.01999998 -0.00931102 0.002999961 -0.01985716 -0.009211003 0.002999961 -0.0197339 -0.009087741 0.002999961 -0.01963394 -0.008944988 0.002999961 -0.01956027 -0.008786976 0.002999961 -0.01951515 -0.008618593 0.002999961 -0.01949995 -0.008444964 0 -0.01951515 -0.008271336 0 -0.01956027 -0.008102953 0 -0.01963394 -0.007945001 0 -0.0197339 -0.007802188 0 -0.01985716 -0.007678925 0 -0.01999998 -0.007578969 0 -0.02015793 -0.007505297 0 -0.02032631 -0.007460176 0 -0.0205 -0.007444977 0 -0.02067363 -0.007460176 0 -0.02084201 -0.007505297 0 -0.02099996 -0.007578969 0 -0.02114278 -0.007678925 0 -0.02126604 -0.007802188 0 -0.021366 -0.007945001 0 -0.02143967 -0.008102953 0 -0.02148479 -0.008271336 0 -0.02149999 -0.008444964 0 -0.02149999 -0.008444964 0.002999961 -0.01949995 -0.008444964 0.002999961 -0.01951515 -0.008271336 0.002999961 -0.01956027 -0.008102953 0.002999961 -0.01963394 -0.007945001 0.002999961 -0.0197339 -0.007802188 0.002999961 -0.01985716 -0.007678925 0.002999961 -0.01999998 -0.007578969 0.002999961 -0.02015793 -0.007505297 0.002999961 -0.02032631 -0.007460176 0.002999961 -0.0205 -0.007444977 0.002999961 -0.02067363 -0.007460176 0.002999961 -0.02084201 -0.007505297 0.002999961 -0.02099996 -0.007578969 0.002999961 -0.02114278 -0.007678925 0.002999961 -0.02126604 -0.007802188 0.002999961 -0.021366 -0.007945001 0.002999961 -0.02143967 -0.008102953 0.002999961 -0.02148479 -0.008271336 0.002999961 0.02149999 0.008444964 0 0.02148479 0.008618593 0 0.02143967 0.008786976 0 0.021366 0.008944988 0 0.02126604 0.009087741 0 0.02114278 0.009211003 0 0.02099996 0.00931102 0 0.02084201 0.009384691 0 0.02067363 0.009429752 0 0.0205 0.009444952 0 0.02032631 0.009429752 0 0.02015793 0.009384691 0 0.01999998 0.00931102 0 0.01985716 0.009211003 0 0.0197339 0.009087741 0 0.01963394 0.008944988 0 0.01956027 0.008786976 0 0.01951515 0.008618593 0 0.01949995 0.008444964 0 0.01949995 0.008444964 0.002999961 0.02149999 0.008444964 0.002999961 0.02148479 0.008618593 0.002999961 0.02143967 0.008786976 0.002999961 0.021366 0.008944988 0.002999961 0.02126604 0.009087741 0.002999961 0.02114278 0.009211003 0.002999961 0.02099996 0.00931102 0.002999961 0.02084201 0.009384691 0.002999961 0.02067363 0.009429752 0.002999961 0.0205 0.009444952 0.002999961 0.02032631 0.009429752 0.002999961 0.02015793 0.009384691 0.002999961 0.01999998 0.00931102 0.002999961 0.01985716 0.009211003 0.002999961 0.0197339 0.009087741 0.002999961 0.01963394 0.008944988 0.002999961 0.01956027 0.008786976 0.002999961 0.01951515 0.008618593 0.002999961 0.02249997 -0.01044499 0.002999961 0.02249997 0.01044499 0.002999961 -0.02249997 0.01044499 0.002999961 -0.02249997 -0.01044499 0.002999961 -0.004079997 -0.008405983 0.002999961 -0.004095137 -0.008232295 0.002999961 -0.004140257 -0.008063971 0.002999961 -0.004213929 -0.00790596 0.002999961 -0.004313945 -0.007763206 0.002999961 -0.004437208 -0.007639944 0.002999961 -0.004579961 -0.007539927 0.002999961 -0.004737973 -0.007466256 0.002999961 -0.004906296 -0.007421135 0.002999961 -0.005079984 -0.007405996 0.002999961 -0.005253612 -0.007421135 0.002999961 -0.005421996 -0.007466256 0.002999961 -0.005579948 -0.007539927 0.002999961 -0.005722761 -0.007639944 0.002999961 -0.005846023 -0.007763206 0.002999961 -0.00594598 -0.00790596 0.002999961 -0.006019651 -0.008063971 0.002999961 -0.006064772 -0.008232295 0.002999961 -0.006079971 -0.008405983 0.002999961 -0.006064772 -0.008579611 0.002999961 -0.006019651 -0.008747994 0.002999961 -0.00594598 -0.008905947 0.002999961 -0.005846023 -0.009048759 0.002999961 -0.005722761 -0.009172022 0.002999961 -0.005579948 -0.009271979 0.002999961 -0.005421996 -0.00934565 0.002999961 -0.005253612 -0.009390771 0.002999961 -0.005079984 -0.00940597 0.002999961 -0.004906296 -0.009390771 0.002999961 -0.004737973 -0.00934565 0.002999961 -0.004579961 -0.009271979 0.002999961 -0.004437208 -0.009172022 0.002999961 -0.004313945 -0.009048759 0.002999961 -0.004213929 -0.008905947 0.002999961 -0.004140257 -0.008747994 0.002999961 -0.004095137 -0.008579611 0.002999961 -0.000999987 -0.008405983 0.002999961 -9.84808e-4 -0.008579611 0.002999961 -9.39693e-4 -0.008747994 0.002999961 -8.66025e-4 -0.008905947 0.002999961 -7.66044e-4 -0.009048759 0.002999961 -6.42788e-4 -0.009172022 0.002999961 -5e-4 -0.009271979 0.002999961 -3.4202e-4 -0.00934565 0.002999961 -1.73648e-4 -0.009390771 0.002999961 0 -0.00940597 0.002999961 1.73648e-4 -0.009390771 0.002999961 3.4202e-4 -0.00934565 0.002999961 5e-4 -0.009271979 0.002999961 6.42788e-4 -0.009172022 0.002999961 7.66044e-4 -0.009048759 0.002999961 8.66025e-4 -0.008905947 0.002999961 9.39693e-4 -0.008747994 0.002999961 9.84808e-4 -0.008579611 0.002999961 0.000999987 -0.008405983 0.002999961 9.84808e-4 -0.008232295 0.002999961 9.39693e-4 -0.008063971 0.002999961 8.66025e-4 -0.00790596 0.002999961 7.66044e-4 -0.007763206 0.002999961 6.42788e-4 -0.007639944 0.002999961 5e-4 -0.007539927 0.002999961 3.4202e-4 -0.007466256 0.002999961 1.73648e-4 -0.007421135 0.002999961 0 -0.007405996 0.002999961 -1.73648e-4 -0.007421135 0.002999961 -3.4202e-4 -0.007466256 0.002999961 -5e-4 -0.007539927 0.002999961 -6.42788e-4 -0.007639944 0.002999961 -7.66044e-4 -0.007763206 0.002999961 -8.66025e-4 -0.00790596 0.002999961 -9.39693e-4 -0.008063971 0.002999961 -9.84808e-4 -0.008232295 0.002999961 0.004079997 -0.008405983 0.002999961 0.004095137 -0.008579611 0.002999961 0.004140257 -0.008747994 0.002999961 0.004213929 -0.008905947 0.002999961 0.004313945 -0.009048759 0.002999961 0.004437208 -0.009172022 0.002999961 0.004579961 -0.009271979 0.002999961 0.004737973 -0.00934565 0.002999961 0.004906296 -0.009390771 0.002999961 0.005079984 -0.00940597 0.002999961 0.005253612 -0.009390771 0.002999961 0.005421996 -0.00934565 0.002999961 0.005579948 -0.009271979 0.002999961 0.005722761 -0.009172022 0.002999961 0.005846023 -0.009048759 0.002999961 0.00594598 -0.008905947 0.002999961 0.006019651 -0.008747994 0.002999961 0.006064772 -0.008579611 0.002999961 0.006079971 -0.008405983 0.002999961 0.006064772 -0.008232295 0.002999961 0.006019651 -0.008063971 0.002999961 0.00594598 -0.00790596 0.002999961 0.005846023 -0.007763206 0.002999961 0.005722761 -0.007639944 0.002999961 0.005579948 -0.007539927 0.002999961 0.005421996 -0.007466256 0.002999961 0.005253612 -0.007421135 0.002999961 0.005079984 -0.007405996 0.002999961 0.004906296 -0.007421135 0.002999961 0.004737973 -0.007466256 0.002999961 0.004579961 -0.007539927 0.002999961 0.004437208 -0.007639944 0.002999961 0.004313945 -0.007763206 0.002999961 0.004213929 -0.00790596 0.002999961 0.004140257 -0.008063971 0.002999961 0.004095137 -0.008232295 0.002999961 0.001539945 -0.008405983 0.002999961 0.001555144 -0.008579611 0.002999961 0.001600265 -0.008747994 0.002999961 0.001673936 -0.008905947 0.002999961 0.001773953 -0.009048759 0.002999961 0.001897156 -0.009172022 0.002999961 0.002039968 -0.009271979 0.002999961 0.002197921 -0.00934565 0.002999961 0.002366304 -0.009390771 0.002999961 0.002539992 -0.00940597 0.002999961 0.00271362 -0.009390771 0.002999961 0.002882003 -0.00934565 0.002999961 0.003039956 -0.009271979 0.002999961 0.003182768 -0.009172022 0.002999961 0.003306031 -0.009048759 0.002999961 0.003405988 -0.008905947 0.002999961 0.003479659 -0.008747994 0.002999961 0.00352478 -0.008579611 0.002999961 0.003539979 -0.008405983 0.002999961 0.00352478 -0.008232295 0.002999961 0.003479659 -0.008063971 0.002999961 0.003405988 -0.00790596 0.002999961 0.003306031 -0.007763206 0.002999961 0.003182768 -0.007639944 0.002999961 0.003039956 -0.007539927 0.002999961 0.002882003 -0.007466256 0.002999961 0.00271362 -0.007421135 0.002999961 0.002539992 -0.007405996 0.002999961 0.002366304 -0.007421135 0.002999961 0.002197921 -0.007466256 0.002999961 0.002039968 -0.007539927 0.002999961 0.001897156 -0.007639944 0.002999961 0.001773953 -0.007763206 0.002999961 0.001673936 -0.00790596 0.002999961 0.001600265 -0.008063971 0.002999961 0.001555144 -0.008232295 0.002999961 -0.003539979 -0.008405983 0.002999961 -0.00352478 -0.008232295 0.002999961 -0.003479659 -0.008063971 0.002999961 -0.003405988 -0.00790596 0.002999961 -0.003306031 -0.007763206 0.002999961 -0.003182768 -0.007639944 0.002999961 -0.003039956 -0.007539927 0.002999961 -0.002882003 -0.007466256 0.002999961 -0.00271362 -0.007421135 0.002999961 -0.002539992 -0.007405996 0.002999961 -0.002366304 -0.007421135 0.002999961 -0.002197921 -0.007466256 0.002999961 -0.002039968 -0.007539927 0.002999961 -0.001897156 -0.007639944 0.002999961 -0.001773953 -0.007763206 0.002999961 -0.001673936 -0.00790596 0.002999961 -0.001600265 -0.008063971 0.002999961 -0.001555144 -0.008232295 0.002999961 -0.001539945 -0.008405983 0.002999961 -0.001555144 -0.008579611 0.002999961 -0.001600265 -0.008747994 0.002999961 -0.001673936 -0.008905947 0.002999961 -0.001773953 -0.009048759 0.002999961 -0.001897156 -0.009172022 0.002999961 -0.002039968 -0.009271979 0.002999961 -0.002197921 -0.00934565 0.002999961 -0.002366304 -0.009390771 0.002999961 -0.002539992 -0.00940597 0.002999961 -0.00271362 -0.009390771 0.002999961 -0.002882003 -0.00934565 0.002999961 -0.003039956 -0.009271979 0.002999961 -0.003182768 -0.009172022 0.002999961 -0.003306031 -0.009048759 0.002999961 -0.003405988 -0.008905947 0.002999961 -0.003479659 -0.008747994 0.002999961 -0.00352478 -0.008579611 0.002999961 0.004499971 0 0.002999961 0.004621505 -0.001389145 0.002999961 0.004982411 -0.002736151 0.002999961 0.005571782 -0.003999948 0.002999961 0.006371617 -0.005142271 0.002999961 0.007357656 -0.006128311 0.002999961 0.008499979 -0.006928145 0.002999961 0.009763836 -0.007517516 0.002999961 0.01111078 -0.007878422 0.002999961 0.01249998 -0.007999956 0.002999961 0.01388913 -0.007878422 0.002999961 0.01523613 -0.007517516 0.002999961 0.01649999 -0.006928145 0.002999961 0.01764225 -0.006128311 0.002999961 0.01862835 -0.005142271 0.002999961 0.01942819 -0.003999948 0.002999961 0.0200175 -0.002736151 0.002999961 0.02037841 -0.001389145 0.002999961 0.0205 0 0.002999961 0.02037841 0.001389145 0.002999961 0.0200175 0.002736151 0.002999961 0.01942819 0.003999948 0.002999961 0.01862835 0.005142271 0.002999961 0.01764225 0.006128311 0.002999961 0.01649999 0.006928145 0.002999961 0.01523613 0.007517516 0.002999961 0.01388913 0.007878422 0.002999961 0.01249998 0.007999956 0.002999961 0.01111078 0.007878422 0.002999961 0.009763836 0.007517516 0.002999961 0.008499979 0.006928145 0.002999961 0.007357656 0.006128311 0.002999961 0.006371617 0.005142271 0.002999961 0.005571782 0.003999948 0.002999961 0.004982411 0.002736151 0.002999961 0.004621505 0.001389145 0.002999961 -0.0205 0 0.002999961 -0.02037841 -0.001389145 0.002999961 -0.0200175 -0.002736151 0.002999961 -0.01942819 -0.003999948 0.002999961 -0.01862835 -0.005142271 0.002999961 -0.01764225 -0.006128311 0.002999961 -0.01649999 -0.006928145 0.002999961 -0.01523613 -0.007517516 0.002999961 -0.01388913 -0.007878422 0.002999961 -0.01249998 -0.007999956 0.002999961 -0.01111078 -0.007878422 0.002999961 -0.009763836 -0.007517516 0.002999961 -0.008499979 -0.006928145 0.002999961 -0.007357656 -0.006128311 0.002999961 -0.006371617 -0.005142271 0.002999961 -0.005571782 -0.003999948 0.002999961 -0.004982411 -0.002736151 0.002999961 -0.004621505 -0.001389145 0.002999961 -0.004499971 0 0.002999961 -0.004621505 0.001389145 0.002999961 -0.004982411 0.002736151 0.002999961 -0.005571782 0.003999948 0.002999961 -0.006371617 0.005142271 0.002999961 -0.007357656 0.006128311 0.002999961 -0.008499979 0.006928145 0.002999961 -0.009763836 0.007517516 0.002999961 -0.01111078 0.007878422 0.002999961 -0.01249998 0.007999956 0.002999961 -0.01388913 0.007878422 0.002999961 -0.01523613 0.007517516 0.002999961 -0.01649999 0.006928145 0.002999961 -0.01764225 0.006128311 0.002999961 -0.01862835 0.005142271 0.002999961 -0.01942819 0.003999948 0.002999961 -0.0200175 0.002736151 0.002999961 -0.02037841 0.001389145 0.002999961 -0.02149999 -0.008444964 0.002999961 -0.02148479 -0.008618593 0.002999961 -0.02143967 -0.008786976 0.002999961 -0.021366 -0.008944988 0.002999961 -0.02126604 -0.009087741 0.002999961 -0.02114278 -0.009211003 0.002999961 -0.02099996 -0.00931102 0.002999961 -0.02084201 -0.009384691 0.002999961 -0.02067363 -0.009429752 0.002999961 -0.0205 -0.009444952 0.002999961 -0.02032631 -0.009429752 0.002999961 -0.02015793 -0.009384691 0.002999961 -0.01999998 -0.00931102 0.002999961 -0.01985716 -0.009211003 0.002999961 -0.0197339 -0.009087741 0.002999961 -0.01963394 -0.008944988 0.002999961 -0.01956027 -0.008786976 0.002999961 -0.01951515 -0.008618593 0.002999961 -0.01949995 -0.008444964 0.002999961 -0.01951515 -0.008271336 0.002999961 -0.01956027 -0.008102953 0.002999961 -0.01963394 -0.007945001 0.002999961 -0.0197339 -0.007802188 0.002999961 -0.01985716 -0.007678925 0.002999961 -0.01999998 -0.007578969 0.002999961 -0.02015793 -0.007505297 0.002999961 -0.02032631 -0.007460176 0.002999961 -0.0205 -0.007444977 0.002999961 -0.02067363 -0.007460176 0.002999961 -0.02084201 -0.007505297 0.002999961 -0.02099996 -0.007578969 0.002999961 -0.02114278 -0.007678925 0.002999961 -0.02126604 -0.007802188 0.002999961 -0.021366 -0.007945001 0.002999961 -0.02143967 -0.008102953 0.002999961 -0.02148479 -0.008271336 0.002999961 0.01949995 0.008444964 0.002999961 0.01951515 0.008271336 0.002999961 0.01956027 0.008102953 0.002999961 0.01963394 0.007945001 0.002999961 0.0197339 0.007802188 0.002999961 0.01985716 0.007678925 0.002999961 0.01999998 0.007578969 0.002999961 0.02015793 0.007505297 0.002999961 0.02032631 0.007460176 0.002999961 0.0205 0.007444977 0.002999961 0.02067363 0.007460176 0.002999961 0.02084201 0.007505297 0.002999961 0.02099996 0.007578969 0.002999961 0.02114278 0.007678925 0.002999961 0.02126604 0.007802188 0.002999961 0.021366 0.007945001 0.002999961 0.02143967 0.008102953 0.002999961 0.02148479 0.008271336 0.002999961 0.02149999 0.008444964 0.002999961 0.02148479 0.008618593 0.002999961 0.02143967 0.008786976 0.002999961 0.021366 0.008944988 0.002999961 0.02126604 0.009087741 0.002999961 0.02114278 0.009211003 0.002999961 0.02099996 0.00931102 0.002999961 0.02084201 0.009384691 0.002999961 0.02067363 0.009429752 0.002999961 0.0205 0.009444952 0.002999961 0.02032631 0.009429752 0.002999961 0.02015793 0.009384691 0.002999961 0.01999998 0.00931102 0.002999961 0.01985716 0.009211003 0.002999961 0.0197339 0.009087741 0.002999961 0.01963394 0.008944988 0.002999961 0.01956027 0.008786976 0.002999961 0.01951515 0.008618593 0.002999961 0.002999961 0.01029497 0.002999961 0.003347277 0.01026457 0.002999961 0.003683984 0.01017433 0.002999961 0.003999948 0.01002705 0.002999961 0.004285573 0.009827077 0.002999961 0.004532039 0.009580552 0.002999961 0.004732012 0.009294986 0.002999961 0.004879355 0.008979022 0.002999961 0.004969596 0.008642256 0.002999961 0.004999995 0.008294999 0.002999961 0.004969596 0.007947683 0.002999961 0.004879355 0.007610917 0.002999961 0.004732012 0.007294952 0.002999961 0.004532039 0.007009387 0.002999961 0.004285573 0.006762862 0.002999961 0.003999948 0.006562948 0.002999961 0.003683984 0.006415605 0.002999961 0.003347277 0.006325364 0.002999961 0.002999961 0.006294965 0.002999961 -0.002999961 0.006294965 0.002999961 -0.003347277 0.006325364 0.002999961 -0.003683984 0.006415605 0.002999961 -0.003999948 0.006562948 0.002999961 -0.004285573 0.006762862 0.002999961 -0.004532039 0.007009387 0.002999961 -0.004732012 0.007294952 0.002999961 -0.004879355 0.007610917 0.002999961 -0.004969596 0.007947683 0.002999961 -0.004999995 0.008294999 0.002999961 -0.004969596 0.008642256 0.002999961 -0.004879355 0.008979022 0.002999961 -0.004732012 0.009294986 0.002999961 -0.004532039 0.009580552 0.002999961 -0.004285573 0.009827077 0.002999961 -0.003999948 0.01002705 0.002999961 -0.003683984 0.01017433 0.002999961 -0.003347277 0.01026457 0.002999961 -0.002999961 0.01029497 0.002999961 0.02249997 0.01044499 0 -0.02249997 0.01044499 0 -0.02249997 -0.01044499 0 0.02249997 -0.01044499 0 -0.01810687 0.003332793 0 -0.01810687 0.004044294 0 -0.01832193 0.003094375 0 -0.01815336 0.003169775 0 -0.01897847 0.002980828 0 -0.01907157 0.002965986 0 -0.01923048 0.003135323 0 -0.01918315 0.003018617 0 -0.01903146 0.003601253 0 -0.0190472 0.003464579 0 -0.01910841 0.003360152 0 -0.01943558 0.00394231 0 -0.01927858 0.003921449 0 -0.01915514 0.003859937 0 -0.01906448 0.003749668 0 -0.01985329 0.00359559 0 -0.01982069 0.003741681 0 -0.01972264 0.003857791 0 -0.01959335 0.003920793 0 -0.01959931 0.003243684 0 -0.01970052 0.003302931 0 -0.01978039 0.003381729 0 -0.01983529 0.003483831 0 -0.01946806 0.003074347 0 -0.0195012 0.003173768 0 -0.01961493 0.002919852 0 -0.01950949 0.002969145 0 -0.02011013 0.003590404 0 -0.0200954 0.003407001 0 -0.02006393 0.003288447 0 -0.0200206 0.003195881 0 -0.01991796 0.003060102 0 -0.01977866 0.002963125 0 -0.01939541 0.004301905 0 -0.01954215 0.004289567 0 -0.01968276 0.004250288 0 -0.01979386 0.00419563 0 -0.01988542 0.004127681 0 -0.02001178 0.003973364 0 -0.02008718 0.003788769 0 -0.01874893 0.003686308 0 -0.01876193 0.003814935 0 -0.01880127 0.003937244 0 -0.01885658 0.004035234 0 -0.0189234 0.004115045 0 -0.0190621 0.004218578 0 -0.01922339 0.00428158 0 -0.01885807 0.003331542 0 -0.01878076 0.00350219 0 -0.01841503 0.00340861 0 -0.01841503 0.004052281 0 -0.01826298 0.004248142 0 -0.01837635 0.00419414 0 -0.01814615 0.004197657 0 -0.01848685 0.001331865 0 -0.01833599 0.001412808 0 -0.01824861 0.001486361 0 -0.01815348 0.001616895 0 -0.01809787 0.001768589 0 -0.01808118 0.001929402 0 -0.01912939 0.001245617 0 -0.01880413 0.001261711 0 -0.01862728 0.00129044 0 -0.01966589 0.001323878 0 -0.01947653 0.001273512 0 -0.01930356 0.001251995 0 -0.02011013 0.001942634 0 -0.0200864 0.001764416 0 -0.02004241 0.001652717 0 -0.0199455 0.001513183 0 -0.01981669 0.001402378 0 -0.01977026 0.002509295 0 -0.01989591 0.002420246 0 -0.01996713 0.002346158 0 -0.02002972 0.002255201 0 -0.02007472 0.002157211 0 -0.02010095 0.002054512 0 -0.0191065 0.002632498 0 -0.01940917 0.002616703 0 -0.01959514 0.002581119 0 -0.01847487 0.002529382 0 -0.01865816 0.00259006 0 -0.01888114 0.002623498 0 -0.01809978 0.002097547 0 -0.01813554 0.002204596 0 -0.01821964 0.002340316 0 -0.01833665 0.002448976 0 -0.01833802 -0.003506958 0 -0.0183503 -0.003632962 0 -0.0183869 -0.003735423 0 -0.01846724 -0.003831505 0 -0.01856952 -0.003865301 0 -0.01859486 -0.003120899 0 -0.0184822 -0.003185689 0 -0.01839566 -0.003267884 0 -0.01835268 -0.003365814 0 -0.01872164 -0.002941906 0 -0.01869618 -0.003039002 0 -0.01853626 -0.002768158 0 -0.01866894 -0.002821803 0 -0.01805549 -0.003476858 0 -0.01806938 -0.003288447 0 -0.01809841 -0.0031659 0 -0.01813739 -0.003068387 0 -0.01823318 -0.002922475 0 -0.01836878 -0.0028131 0 -0.0186069 -0.004224836 0 -0.01847517 -0.004208803 0 -0.01834881 -0.004155695 0 -0.01825368 -0.004081249 0 -0.01818799 -0.004000544 0 -0.01810866 -0.003836631 0 -0.0180673 -0.00365895 0 -0.01919037 -0.003555893 0 -0.01909458 -0.00386542 0 -0.01904803 -0.003962934 0 -0.01893699 -0.004104018 0 -0.0187841 -0.004197061 0 -0.01951223 -0.003069102 0 -0.01939702 -0.003096938 0 -0.01931226 -0.003180742 0 -0.01925581 -0.003301858 0 -0.01980197 -0.003483235 0 -0.01978641 -0.003336906 0 -0.01973795 -0.003213047 0 -0.01963931 -0.003106117 0 -0.01949894 -0.003911018 0 -0.01964849 -0.003832221 0 -0.01972925 -0.00375235 0 -0.01978397 -0.003636717 0 -0.01933884 -0.004087984 0 -0.01937663 -0.003986597 0 -0.01951783 -0.004262566 0 -0.01938915 -0.004211485 0 -0.01999413 -0.003967225 0 -0.01990622 -0.004080057 0 -0.01979124 -0.004173099 0 -0.01965159 -0.004240512 0 -0.02011013 -0.003478407 0 -0.02009451 -0.003681004 0 -0.02005791 -0.003828942 0 -0.01946926 -0.002683877 0 -0.01962196 -0.00270158 0 -0.01975589 -0.002752125 0 -0.01984214 -0.002808153 0 -0.019921 -0.002882957 0 -0.01998364 -0.002968847 0 -0.02005827 -0.003129243 0 -0.02009844 -0.00330168 0 -0.01884567 -0.003421843 0 -0.01894474 -0.0030815 0 -0.01899337 -0.002973794 0 -0.01910817 -0.00281465 0 -0.01927512 -0.002712547 0 -0.01873296 -0.003762781 0 -0.01878648 -0.003645181 0 -0.006079971 -0.008405983 0 -0.006064772 -0.008579611 0 -0.006019651 -0.008747994 0 -0.00594598 -0.008905947 0 -0.005846023 -0.009048759 0 -0.005722761 -0.009172022 0 -0.005579948 -0.009271979 0 -0.005421996 -0.00934565 0 -0.005253612 -0.009390771 0 -0.005079984 -0.00940597 0 -0.004906296 -0.009390771 0 -0.004737973 -0.00934565 0 -0.004579961 -0.009271979 0 -0.004437208 -0.009172022 0 -0.004313945 -0.009048759 0 -0.004213929 -0.008905947 0 -0.004140257 -0.008747994 0 -0.004095137 -0.008579611 0 -0.004079997 -0.008405983 0 -0.004095137 -0.008232295 0 -0.004140257 -0.008063971 0 -0.004213929 -0.00790596 0 -0.004313945 -0.007763206 0 -0.004437208 -0.007639944 0 -0.004579961 -0.007539927 0 -0.004737973 -0.007466256 0 -0.004906296 -0.007421135 0 -0.005079984 -0.007405996 0 -0.005253612 -0.007421135 0 -0.005421996 -0.007466256 0 -0.005579948 -0.007539927 0 -0.005722761 -0.007639944 0 -0.005846023 -0.007763206 0 -0.00594598 -0.00790596 0 -0.006019651 -0.008063971 0 -0.006064772 -0.008232295 0 0.000999987 -0.008405983 0 9.84808e-4 -0.008232295 0 9.39693e-4 -0.008063971 0 8.66025e-4 -0.00790596 0 7.66044e-4 -0.007763206 0 6.42788e-4 -0.007639944 0 5e-4 -0.007539927 0 3.4202e-4 -0.007466256 0 1.73648e-4 -0.007421135 0 0 -0.007405996 0 -1.73648e-4 -0.007421135 0 -3.4202e-4 -0.007466256 0 -5e-4 -0.007539927 0 -6.42788e-4 -0.007639944 0 -7.66044e-4 -0.007763206 0 -8.66025e-4 -0.00790596 0 -9.39693e-4 -0.008063971 0 -9.84808e-4 -0.008232295 0 -0.000999987 -0.008405983 0 -9.84808e-4 -0.008579611 0 -9.39693e-4 -0.008747994 0 -8.66025e-4 -0.008905947 0 -7.66044e-4 -0.009048759 0 -6.42788e-4 -0.009172022 0 -5e-4 -0.009271979 0 -3.4202e-4 -0.00934565 0 -1.73648e-4 -0.009390771 0 0 -0.00940597 0 1.73648e-4 -0.009390771 0 3.4202e-4 -0.00934565 0 5e-4 -0.009271979 0 6.42788e-4 -0.009172022 0 7.66044e-4 -0.009048759 0 8.66025e-4 -0.008905947 0 9.39693e-4 -0.008747994 0 9.84808e-4 -0.008579611 0 0.006079971 -0.008405983 0 0.006064772 -0.008232295 0 0.006019651 -0.008063971 0 0.00594598 -0.00790596 0 0.005846023 -0.007763206 0 0.005722761 -0.007639944 0 0.005579948 -0.007539927 0 0.005421996 -0.007466256 0 0.005253612 -0.007421135 0 0.005079984 -0.007405996 0 0.004906296 -0.007421135 0 0.004737973 -0.007466256 0 0.004579961 -0.007539927 0 0.004437208 -0.007639944 0 0.004313945 -0.007763206 0 0.004213929 -0.00790596 0 0.004140257 -0.008063971 0 0.004095137 -0.008232295 0 0.004079997 -0.008405983 0 0.004095137 -0.008579611 0 0.004140257 -0.008747994 0 0.004213929 -0.008905947 0 0.004313945 -0.009048759 0 0.004437208 -0.009172022 0 0.004579961 -0.009271979 0 0.004737973 -0.00934565 0 0.004906296 -0.009390771 0 0.005079984 -0.00940597 0 0.005253612 -0.009390771 0 0.005421996 -0.00934565 0 0.005579948 -0.009271979 0 0.005722761 -0.009172022 0 0.005846023 -0.009048759 0 0.00594598 -0.008905947 0 0.006019651 -0.008747994 0 0.006064772 -0.008579611 0 0.003539979 -0.008405983 0 0.00352478 -0.008232295 0 0.003479659 -0.008063971 0 0.003405988 -0.00790596 0 0.003306031 -0.007763206 0 0.003182768 -0.007639944 0 0.003039956 -0.007539927 0 0.002882003 -0.007466256 0 0.00271362 -0.007421135 0 0.002539992 -0.007405996 0 0.002366304 -0.007421135 0 0.002197921 -0.007466256 0 0.002039968 -0.007539927 0 0.001897156 -0.007639944 0 0.001773953 -0.007763206 0 0.001673936 -0.00790596 0 0.001600265 -0.008063971 0 0.001555144 -0.008232295 0 0.001539945 -0.008405983 0 0.001555144 -0.008579611 0 0.001600265 -0.008747994 0 0.001673936 -0.008905947 0 0.001773953 -0.009048759 0 0.001897156 -0.009172022 0 0.002039968 -0.009271979 0 0.002197921 -0.00934565 0 0.002366304 -0.009390771 0 0.002539992 -0.00940597 0 0.00271362 -0.009390771 0 0.002882003 -0.00934565 0 0.003039956 -0.009271979 0 0.003182768 -0.009172022 0 0.003306031 -0.009048759 0 0.003405988 -0.008905947 0 0.003479659 -0.008747994 0 0.00352478 -0.008579611 0 -0.001539945 -0.008405983 0 -0.001555144 -0.008579611 0 -0.001600265 -0.008747994 0 -0.001673936 -0.008905947 0 -0.001773953 -0.009048759 0 -0.001897156 -0.009172022 0 -0.002039968 -0.009271979 0 -0.002197921 -0.00934565 0 -0.002366304 -0.009390771 0 -0.002539992 -0.00940597 0 -0.00271362 -0.009390771 0 -0.002882003 -0.00934565 0 -0.003039956 -0.009271979 0 -0.003182768 -0.009172022 0 -0.003306031 -0.009048759 0 -0.003405988 -0.008905947 0 -0.003479659 -0.008747994 0 -0.00352478 -0.008579611 0 -0.003539979 -0.008405983 0 -0.00352478 -0.008232295 0 -0.003479659 -0.008063971 0 -0.003405988 -0.00790596 0 -0.003306031 -0.007763206 0 -0.003182768 -0.007639944 0 -0.003039956 -0.007539927 0 -0.002882003 -0.007466256 0 -0.00271362 -0.007421135 0 -0.002539992 -0.007405996 0 -0.002366304 -0.007421135 0 -0.002197921 -0.007466256 0 -0.002039968 -0.007539927 0 -0.001897156 -0.007639944 0 -0.001773953 -0.007763206 0 -0.001673936 -0.00790596 0 -0.001600265 -0.008063971 0 -0.001555144 -0.008232295 0 -0.01949995 -0.008444964 0 -0.01951515 -0.008271336 0 -0.01956027 -0.008102953 0 -0.01963394 -0.007945001 0 -0.0197339 -0.007802188 0 -0.01985716 -0.007678925 0 -0.01999998 -0.007578969 0 -0.02015793 -0.007505297 0 -0.02032631 -0.007460176 0 -0.0205 -0.007444977 0 -0.02067363 -0.007460176 0 -0.02084201 -0.007505297 0 -0.02099996 -0.007578969 0 -0.02114278 -0.007678925 0 -0.02126604 -0.007802188 0 -0.021366 -0.007945001 0 -0.02143967 -0.008102953 0 -0.02148479 -0.008271336 0 -0.02149999 -0.008444964 0 -0.02148479 -0.008618593 0 -0.02143967 -0.008786976 0 -0.021366 -0.008944988 0 -0.02126604 -0.009087741 0 -0.02114278 -0.009211003 0 -0.02099996 -0.00931102 0 -0.02084201 -0.009384691 0 -0.02067363 -0.009429752 0 -0.0205 -0.009444952 0 -0.02032631 -0.009429752 0 -0.02015793 -0.009384691 0 -0.01999998 -0.00931102 0 -0.01985716 -0.009211003 0 -0.0197339 -0.009087741 0 -0.01963394 -0.008944988 0 -0.01956027 -0.008786976 0 -0.01951515 -0.008618593 0 0.02149999 0.008444964 0 0.02148479 0.008618593 0 0.02143967 0.008786976 0 0.021366 0.008944988 0 0.02126604 0.009087741 0 0.02114278 0.009211003 0 0.02099996 0.00931102 0 0.02084201 0.009384691 0 0.02067363 0.009429752 0 0.0205 0.009444952 0 0.02032631 0.009429752 0 0.02015793 0.009384691 0 0.01999998 0.00931102 0 0.01985716 0.009211003 0 0.0197339 0.009087741 0 0.01963394 0.008944988 0 0.01956027 0.008786976 0 0.01951515 0.008618593 0 0.01949995 0.008444964 0 0.01951515 0.008271336 0 0.01956027 0.008102953 0 0.01963394 0.007945001 0 0.0197339 0.007802188 0 0.01985716 0.007678925 0 0.01999998 0.007578969 0 0.02015793 0.007505297 0 0.02032631 0.007460176 0 0.0205 0.007444977 0 0.02067363 0.007460176 0 0.02084201 0.007505297 0 0.02099996 0.007578969 0 0.02114278 0.007678925 0 0.02126604 0.007802188 0 0.021366 0.007945001 0 0.02143967 0.008102953 0 0.02148479 0.008271336 0 -0.02011013 -8.90484e-4 0 -0.02005428 -0.00103563 0 -0.01985692 -0.001173794 0 -0.0199508 -6.96656e-4 0 -0.0200653 -7.55108e-4 0 -0.01919037 -0.001240372 0 -0.01925247 -0.001144349 0 -0.01934325 -0.001046657 0 -0.01957029 -8.71795e-4 0 -0.01975339 -7.67568e-4 0 -0.01865059 -7.31971e-4 0 -0.01882964 -7.56768e-4 0 -0.01893907 -8.07457e-4 0 -0.0190621 -9.25338e-4 0 -0.01914221 -0.001076221 0 -0.01816624 -0.001045763 0 -0.01824504 -9.14962e-4 0 -0.01835948 -8.13926e-4 0 -0.01849967 -7.52114e-4 0 -0.01810687 -0.001442253 0 -0.01811558 -0.001240432 0 -0.01810687 -0.002082705 0 -0.01835125 -0.002324283 0 -0.01816517 -0.002267837 0 -0.01986694 -0.002324283 0 -0.02011013 -0.002130866 0 -0.02004617 -0.002275526 0 -0.01986777 -0.001939058 0 -0.02004426 -0.001986682 0 -0.01923692 -0.001939058 0 -0.01923692 -0.001800179 0 -0.01959168 -0.001335084 0 -0.01941823 -0.001448631 0 -0.01927763 -0.001598954 0 -0.01810687 -1.10759e-4 0 -0.01810687 8.31092e-4 0 -0.01835125 -3.46723e-4 0 -0.01816636 -2.92994e-4 0 -0.01986694 -3.46723e-4 0 -0.02011013 -1.53297e-4 0 -0.02004247 -2.98846e-4 0 -0.01986497 3.85248e-5 0 -0.02004194 -8.61059e-6 0 -0.01921123 3.85248e-5 0 -0.01921123 7.01071e-4 0 -0.01905792 8.83662e-4 0 -0.01917308 8.33371e-4 0 -0.01890301 7.01071e-4 0 -0.01894176 8.34465e-4 0 -0.01890301 3.85248e-5 0 -0.01841503 3.85248e-5 0 -0.01841503 8.31092e-4 0 -0.01826018 0.001020491 0 -0.01837587 9.6959e-4 0 -0.01814496 9.68837e-4 0 0.02249997 -0.01044499 0.002999961 0.02249997 -0.01044499 0 0.02249997 0.01044499 0.002999961 0.02249997 0.01044499 0 0.02249997 0.01044499 0.002999961 0.02249997 0.01044499 0 -0.02249997 0.01044499 0.002999961 -0.02249997 0.01044499 0 -0.02249997 0.01044499 0.002999961 -0.02249997 0.01044499 0 -0.02249997 -0.01044499 0.002999961 -0.02249997 -0.01044499 0 -0.02249997 -0.01044499 0.002999961 -0.02249997 -0.01044499 0 0.02249997 -0.01044499 0.002999961 0.02249997 -0.01044499 0 -0.01895439 -0.001583874 0 -0.01894485 -0.001423478 0 -0.0189132 -0.001292645 0 -0.01882451 -0.001178801 0 -0.01868152 -0.001142859 0 -0.01895439 -0.001939058 0 -0.01841503 -0.001939058 0 -0.01841503 -0.001573085 0 -0.01844435 -0.001298964 0 -0.01842164 -0.001408219 0 -0.01853644 -0.00118488 0 -0.01836371 0.001935422 0 -0.01842826 0.001752793 0 -0.01854509 0.001675963 0 -0.01874452 0.001626431 0 -0.01909041 0.001605153 0 -0.01907962 0.002272903 0 -0.01878434 0.00225836 0 -0.01859128 0.002219498 0 -0.01842439 0.002118527 0 -0.0198276 0.001938223 0 -0.01980519 0.002056479 0 -0.01973444 0.002147018 0 -0.01959449 0.00221914 0 -0.01948761 0.002244889 0 -0.01933908 0.002263605 0 -0.01939076 0.001619398 0 -0.0195682 0.001651346 0 -0.01975333 0.001747548 0 -0.01980894 0.001830697 0 -0.005499958 0 0.01549994 -0.005606293 0.001215517 0.01549994 -0.005922138 0.002394139 0.01549994 -0.006437778 0.003499984 0.01549994 -0.007137656 0.004499495 0.01549994 -0.008000433 0.005362272 0.01549994 -0.008999943 0.00606215 0.01549994 -0.01010584 0.006577789 0.01549994 -0.01128441 0.006893634 0.01549994 -0.01249998 0.006999969 0.01549994 -0.0137155 0.006893634 0.01549994 -0.01489412 0.006577789 0.01549994 -0.01599997 0.00606215 0.01549994 -0.01699948 0.005362272 0.01549994 -0.01786226 0.004499495 0.01549994 -0.01856213 0.003499984 0.01549994 -0.01907783 0.002394139 0.01549994 -0.01939362 0.001215517 0.01549994 -0.01949995 0 0.01549994 -0.01939362 -0.001215517 0.01549994 -0.01907783 -0.002394139 0.01549994 -0.01856213 -0.003499984 0.01549994 -0.01786226 -0.004499495 0.01549994 -0.01699948 -0.005362272 0.01549994 -0.01599997 -0.00606215 0.01549994 -0.01489412 -0.006577789 0.01549994 -0.0137155 -0.006893634 0.01549994 -0.01249998 -0.006999969 0.01549994 -0.01128441 -0.006893634 0.01549994 -0.01010584 -0.006577789 0.01549994 -0.008999943 -0.00606215 0.01549994 -0.008000433 -0.005362272 0.01549994 -0.007137656 -0.004499495 0.01549994 -0.006437778 -0.003499984 0.01549994 -0.005922138 -0.002394139 0.01549994 -0.005606293 -0.001215517 0.01549994 0.01949995 0 0.01549994 0.01939362 0.001215517 0.01549994 0.01907783 0.002394139 0.01549994 0.01856213 0.003499984 0.01549994 0.01786226 0.004499495 0.01549994 0.01699948 0.005362272 0.01549994 0.01599997 0.00606215 0.01549994 0.01489412 0.006577789 0.01549994 0.0137155 0.006893634 0.01549994 0.01249998 0.006999969 0.01549994 0.01128441 0.006893634 0.01549994 0.01010584 0.006577789 0.01549994 0.008999943 0.00606215 0.01549994 0.008000433 0.005362272 0.01549994 0.007137656 0.004499495 0.01549994 0.006437778 0.003499984 0.01549994 0.005922138 0.002394139 0.01549994 0.005606293 0.001215517 0.01549994 0.005499958 0 0.01549994 0.005606293 -0.001215517 0.01549994 0.005922138 -0.002394139 0.01549994 0.006437778 -0.003499984 0.01549994 0.007137656 -0.004499495 0.01549994 0.008000433 -0.005362272 0.01549994 0.008999943 -0.00606215 0.01549994 0.01010584 -0.006577789 0.01549994 0.01128441 -0.006893634 0.01549994 0.01249998 -0.006999969 0.01549994 0.0137155 -0.006893634 0.01549994 0.01489412 -0.006577789 0.01549994 0.01599997 -0.00606215 0.01549994 0.01699948 -0.005362272 0.01549994 0.01786226 -0.004499495 0.01549994 0.01856213 -0.003499984 0.01549994 0.01907783 -0.002394139 0.01549994 0.01939362 -0.001215517 0.01549994 -0.01884567 -0.003421843 0 -0.01894474 -0.0030815 0 -0.01899337 -0.002973794 0 -0.01910817 -0.00281465 0 -0.01927512 -0.002712547 0 -0.01946926 -0.002683877 0 -0.01884567 -0.003421843 -10e-5 -0.01894474 -0.0030815 -10e-5 -0.01899337 -0.002973794 -10e-5 -0.01910817 -0.00281465 -10e-5 -0.01927512 -0.002712547 -10e-5 -0.01946926 -0.002683877 -10e-5 -0.01856952 -0.003865301 0 -0.01873296 -0.003762781 0 -0.01878648 -0.003645181 0 -0.01884567 -0.003421843 0 -0.01856952 -0.003865301 -10e-5 -0.01873296 -0.003762781 -10e-5 -0.01878648 -0.003645181 -10e-5 -0.01884567 -0.003421843 -10e-5 -0.01866507 -0.003836929 -5e-5 -0.01833802 -0.003506958 0 -0.0183503 -0.003632962 0 -0.0183869 -0.003735423 0 -0.01846724 -0.003831505 0 -0.01856952 -0.003865301 0 -0.01833802 -0.003506958 -10e-5 -0.0183503 -0.003632962 -10e-5 -0.0183869 -0.003735423 -10e-5 -0.01846724 -0.003831505 -10e-5 -0.01856952 -0.003865301 -10e-5 -0.01859486 -0.003120899 0 -0.0184822 -0.003185689 0 -0.01839566 -0.003267884 0 -0.01835268 -0.003365814 0 -0.01833802 -0.003506958 0 -0.01859486 -0.003120899 -10e-5 -0.0184822 -0.003185689 -10e-5 -0.01839566 -0.003267884 -10e-5 -0.01835268 -0.003365814 -10e-5 -0.01833802 -0.003506958 -10e-5 -0.01872164 -0.002941906 0 -0.01869618 -0.003039002 0 -0.01859486 -0.003120899 0 -0.01872164 -0.002941906 -10e-5 -0.01869618 -0.003039002 -10e-5 -0.01859486 -0.003120899 -10e-5 -0.01853626 -0.002768158 0 -0.01866894 -0.002821803 0 -0.01872164 -0.002941906 0 -0.01853626 -0.002768158 -10e-5 -0.01866894 -0.002821803 -10e-5 -0.01872164 -0.002941906 -10e-5 -0.01805549 -0.003476858 0 -0.01806938 -0.003288447 0 -0.01809841 -0.0031659 0 -0.01813739 -0.003068387 0 -0.01823318 -0.002922475 0 -0.01836878 -0.0028131 0 -0.01853626 -0.002768158 0 -0.01805549 -0.003476858 -10e-5 -0.01806938 -0.003288447 -10e-5 -0.01809841 -0.0031659 -10e-5 -0.01813739 -0.003068387 -10e-5 -0.01823318 -0.002922475 -10e-5 -0.01836878 -0.0028131 -10e-5 -0.01853626 -0.002768158 -10e-5 -0.0186069 -0.004224836 0 -0.01847517 -0.004208803 0 -0.01834881 -0.004155695 0 -0.01825368 -0.004081249 0 -0.01818799 -0.004000544 0 -0.01810866 -0.003836631 0 -0.0180673 -0.00365895 0 -0.01805549 -0.003476858 0 -0.0186069 -0.004224836 -10e-5 -0.01847517 -0.004208803 -10e-5 -0.01834881 -0.004155695 -10e-5 -0.01825368 -0.004081249 -10e-5 -0.01818799 -0.004000544 -10e-5 -0.01810866 -0.003836631 -10e-5 -0.0180673 -0.00365895 -10e-5 -0.01805549 -0.003476858 -10e-5 -0.01919037 -0.003555893 0 -0.01909458 -0.00386542 0 -0.01904803 -0.003962934 0 -0.01893699 -0.004104018 0 -0.0187841 -0.004197061 0 -0.0186069 -0.004224836 0 -0.01919037 -0.003555893 -10e-5 -0.01909458 -0.00386542 -10e-5 -0.01904803 -0.003962934 -10e-5 -0.01893699 -0.004104018 -10e-5 -0.0187841 -0.004197061 -10e-5 -0.0186069 -0.004224836 -10e-5 -0.01951223 -0.003069102 0 -0.01939702 -0.003096938 0 -0.01931226 -0.003180742 0 -0.01925581 -0.003301858 0 -0.01919037 -0.003555893 0 -0.01951223 -0.003069102 -10e-5 -0.01939702 -0.003096938 -10e-5 -0.01931226 -0.003180742 -10e-5 -0.01925581 -0.003301858 -10e-5 -0.01919037 -0.003555893 -10e-5 -0.01980197 -0.003483235 0 -0.01978641 -0.003336906 0 -0.01973795 -0.003213047 0 -0.01963931 -0.003106117 0 -0.01951223 -0.003069102 0 -0.01980197 -0.003483235 -10e-5 -0.01978641 -0.003336906 -10e-5 -0.01973795 -0.003213047 -10e-5 -0.01963931 -0.003106117 -10e-5 -0.01951223 -0.003069102 -10e-5 -0.01949894 -0.003911018 0 -0.01964849 -0.003832221 0 -0.01972925 -0.00375235 0 -0.01978397 -0.003636717 0 -0.01980197 -0.003483235 0 -0.01949894 -0.003911018 -10e-5 -0.01964849 -0.003832221 -10e-5 -0.01972925 -0.00375235 -10e-5 -0.01978397 -0.003636717 -10e-5 -0.01980197 -0.003483235 -10e-5 -0.01933884 -0.004087984 0 -0.01937663 -0.003986597 0 -0.01949894 -0.003911018 0 -0.01933884 -0.004087984 -10e-5 -0.01937663 -0.003986597 -10e-5 -0.01949894 -0.003911018 -10e-5 -0.01951783 -0.004262566 0 -0.01938915 -0.004211485 0 -0.01933884 -0.004087984 0 -0.01951783 -0.004262566 -10e-5 -0.01938915 -0.004211485 -10e-5 -0.01933884 -0.004087984 -10e-5 -0.01999413 -0.003967225 0 -0.01990622 -0.004080057 0 -0.01979124 -0.004173099 0 -0.01965159 -0.004240512 0 -0.01951783 -0.004262566 0 -0.01999413 -0.003967225 -10e-5 -0.01990622 -0.004080057 -10e-5 -0.01979124 -0.004173099 -10e-5 -0.01965159 -0.004240512 -10e-5 -0.01951783 -0.004262566 -10e-5 -0.02011013 -0.003478407 0 -0.02009451 -0.003681004 0 -0.02005791 -0.003828942 0 -0.01999413 -0.003967225 0 -0.02011013 -0.003478407 -10e-5 -0.02009451 -0.003681004 -10e-5 -0.02005791 -0.003828942 -10e-5 -0.01999413 -0.003967225 -10e-5 -0.01946926 -0.002683877 0 -0.01962196 -0.00270158 0 -0.01975589 -0.002752125 0 -0.01984214 -0.002808153 0 -0.019921 -0.002882957 0 -0.01998364 -0.002968847 0 -0.02005827 -0.003129243 0 -0.02009844 -0.00330168 0 -0.02011013 -0.003478407 0 -0.01946926 -0.002683877 -10e-5 -0.01962196 -0.00270158 -10e-5 -0.01975589 -0.002752125 -10e-5 -0.01984214 -0.002808153 -10e-5 -0.019921 -0.002882957 -10e-5 -0.01998364 -0.002968847 -10e-5 -0.02005827 -0.003129243 -10e-5 -0.02009844 -0.00330168 -10e-5 -0.02011013 -0.003478407 -10e-5 -0.01884567 -0.003421843 -10e-5 -0.01894474 -0.0030815 -10e-5 -0.01899337 -0.002973794 -10e-5 -0.01910817 -0.00281465 -10e-5 -0.01927512 -0.002712547 -10e-5 -0.01946926 -0.002683877 -10e-5 -0.01856952 -0.003865301 -10e-5 -0.01873296 -0.003762781 -10e-5 -0.01878648 -0.003645181 -10e-5 -0.01833802 -0.003506958 -10e-5 -0.0183503 -0.003632962 -10e-5 -0.0183869 -0.003735423 -10e-5 -0.01846724 -0.003831505 -10e-5 -0.01859486 -0.003120899 -10e-5 -0.0184822 -0.003185689 -10e-5 -0.01839566 -0.003267884 -10e-5 -0.01835268 -0.003365814 -10e-5 -0.01872164 -0.002941906 -10e-5 -0.01869618 -0.003039002 -10e-5 -0.01853626 -0.002768158 -10e-5 -0.01866894 -0.002821803 -10e-5 -0.01805549 -0.003476858 -10e-5 -0.01806938 -0.003288447 -10e-5 -0.01809841 -0.0031659 -10e-5 -0.01813739 -0.003068387 -10e-5 -0.01823318 -0.002922475 -10e-5 -0.01836878 -0.0028131 -10e-5 -0.0186069 -0.004224836 -10e-5 -0.01847517 -0.004208803 -10e-5 -0.01834881 -0.004155695 -10e-5 -0.01825368 -0.004081249 -10e-5 -0.01818799 -0.004000544 -10e-5 -0.01810866 -0.003836631 -10e-5 -0.0180673 -0.00365895 -10e-5 -0.01919037 -0.003555893 -10e-5 -0.01909458 -0.00386542 -10e-5 -0.01904803 -0.003962934 -10e-5 -0.01893699 -0.004104018 -10e-5 -0.0187841 -0.004197061 -10e-5 -0.01951223 -0.003069102 -10e-5 -0.01939702 -0.003096938 -10e-5 -0.01931226 -0.003180742 -10e-5 -0.01925581 -0.003301858 -10e-5 -0.01980197 -0.003483235 -10e-5 -0.01978641 -0.003336906 -10e-5 -0.01973795 -0.003213047 -10e-5 -0.01963931 -0.003106117 -10e-5 -0.01949894 -0.003911018 -10e-5 -0.01964849 -0.003832221 -10e-5 -0.01972925 -0.00375235 -10e-5 -0.01978397 -0.003636717 -10e-5 -0.01933884 -0.004087984 -10e-5 -0.01937663 -0.003986597 -10e-5 -0.01951783 -0.004262566 -10e-5 -0.01938915 -0.004211485 -10e-5 -0.01999413 -0.003967225 -10e-5 -0.01990622 -0.004080057 -10e-5 -0.01979124 -0.004173099 -10e-5 -0.01965159 -0.004240512 -10e-5 -0.02011013 -0.003478407 -10e-5 -0.02009451 -0.003681004 -10e-5 -0.02005791 -0.003828942 -10e-5 -0.01962196 -0.00270158 -10e-5 -0.01975589 -0.002752125 -10e-5 -0.01984214 -0.002808153 -10e-5 -0.019921 -0.002882957 -10e-5 -0.01998364 -0.002968847 -10e-5 -0.02005827 -0.003129243 -10e-5 -0.02009844 -0.00330168 -10e-5 -0.01923692 -0.001800179 -10e-5 -0.01923692 -0.001939058 -10e-5 -0.01986777 -0.001939058 -10e-5 -0.02004426 -0.001986682 -10e-5 -0.02011013 -0.002130866 -10e-5 -0.02004617 -0.002275526 -10e-5 -0.01986694 -0.002324283 -10e-5 -0.01835125 -0.002324283 -10e-5 -0.01816517 -0.002267837 -10e-5 -0.01810687 -0.002082705 -10e-5 -0.01810687 -0.001442253 -10e-5 -0.01811558 -0.001240432 -10e-5 -0.01816624 -0.001045763 -10e-5 -0.01824504 -9.14962e-4 -10e-5 -0.01835948 -8.13926e-4 -10e-5 -0.01849967 -7.52114e-4 -10e-5 -0.01865059 -7.31971e-4 -10e-5 -0.01882964 -7.56768e-4 -10e-5 -0.01893907 -8.07457e-4 -10e-5 -0.0190621 -9.25338e-4 -10e-5 -0.01914221 -0.001076221 -10e-5 -0.01919037 -0.001240372 -10e-5 -0.01925247 -0.001144349 -10e-5 -0.01934325 -0.001046657 -10e-5 -0.01957029 -8.71795e-4 -10e-5 -0.01975339 -7.67568e-4 -10e-5 -0.0199508 -6.96656e-4 -10e-5 -0.0200653 -7.55108e-4 -10e-5 -0.02011013 -8.90484e-4 -10e-5 -0.02005428 -0.00103563 -10e-5 -0.01985692 -0.001173794 -10e-5 -0.01959168 -0.001335084 -10e-5 -0.01941823 -0.001448631 -10e-5 -0.01927763 -0.001598954 -10e-5 -0.01841503 -0.001573085 -10e-5 -0.01841503 -0.001939058 -10e-5 -0.01895439 -0.001939058 -10e-5 -0.01895439 -0.001583874 -10e-5 -0.01894485 -0.001423478 -10e-5 -0.0189132 -0.001292645 -10e-5 -0.01882451 -0.001178801 -10e-5 -0.01868152 -0.001142859 -10e-5 -0.01853644 -0.00118488 -10e-5 -0.01844435 -0.001298964 -10e-5 -0.01842164 -0.001408219 -10e-5 -0.01959168 -0.001335084 0 -0.01941823 -0.001448631 0 -0.01927763 -0.001598954 0 -0.01923692 -0.001800179 0 -0.01959168 -0.001335084 -10e-5 -0.01941823 -0.001448631 -10e-5 -0.01927763 -0.001598954 -10e-5 -0.01923692 -0.001800179 -10e-5 -0.01985692 -0.001173794 0 -0.01959168 -0.001335084 0 -0.01985692 -0.001173794 -10e-5 -0.01959168 -0.001335084 -10e-5 -0.02011013 -8.90484e-4 0 -0.02005428 -0.00103563 0 -0.01985692 -0.001173794 0 -0.02011013 -8.90484e-4 -10e-5 -0.02005428 -0.00103563 -10e-5 -0.01985692 -0.001173794 -10e-5 -0.0199508 -6.96656e-4 0 -0.0200653 -7.55108e-4 0 -0.02011013 -8.90484e-4 0 -0.0199508 -6.96656e-4 -10e-5 -0.0200653 -7.55108e-4 -10e-5 -0.02011013 -8.90484e-4 -10e-5 -0.01919037 -0.001240372 0 -0.01925247 -0.001144349 0 -0.01934325 -0.001046657 0 -0.01957029 -8.71795e-4 0 -0.01975339 -7.67568e-4 0 -0.0199508 -6.96656e-4 0 -0.01919037 -0.001240372 -10e-5 -0.01925247 -0.001144349 -10e-5 -0.01934325 -0.001046657 -10e-5 -0.01957029 -8.71795e-4 -10e-5 -0.01975339 -7.67568e-4 -10e-5 -0.0199508 -6.96656e-4 -10e-5 -0.01865059 -7.31971e-4 0 -0.01882964 -7.56768e-4 0 -0.01893907 -8.07457e-4 0 -0.0190621 -9.25338e-4 0 -0.01914221 -0.001076221 0 -0.01919037 -0.001240372 0 -0.01865059 -7.31971e-4 -10e-5 -0.01882964 -7.56768e-4 -10e-5 -0.01893907 -8.07457e-4 -10e-5 -0.0190621 -9.25338e-4 -10e-5 -0.01914221 -0.001076221 -10e-5 -0.01919037 -0.001240372 -10e-5 -0.01816624 -0.001045763 0 -0.01824504 -9.14962e-4 0 -0.01835948 -8.13926e-4 0 -0.01849967 -7.52114e-4 0 -0.01865059 -7.31971e-4 0 -0.01816624 -0.001045763 -10e-5 -0.01824504 -9.14962e-4 -10e-5 -0.01835948 -8.13926e-4 -10e-5 -0.01849967 -7.52114e-4 -10e-5 -0.01865059 -7.31971e-4 -10e-5 -0.01810687 -0.001442253 0 -0.01811558 -0.001240432 0 -0.01816624 -0.001045763 0 -0.01810687 -0.001442253 -10e-5 -0.01811558 -0.001240432 -10e-5 -0.01816624 -0.001045763 -10e-5 -0.01810687 -0.002082705 0 -0.01810687 -0.001442253 0 -0.01810687 -0.002082705 -10e-5 -0.01810687 -0.001442253 -10e-5 -0.01835125 -0.002324283 0 -0.01816517 -0.002267837 0 -0.01810687 -0.002082705 0 -0.01835125 -0.002324283 -10e-5 -0.01816517 -0.002267837 -10e-5 -0.01810687 -0.002082705 -10e-5 -0.01825255 -0.002313375 -5e-5 -0.01811802 -0.002181351 -5e-5 -0.01986694 -0.002324283 0 -0.01835125 -0.002324283 0 -0.01986694 -0.002324283 -10e-5 -0.01835125 -0.002324283 -10e-5 -0.02011013 -0.002130866 0 -0.02004617 -0.002275526 0 -0.01986694 -0.002324283 0 -0.02011013 -0.002130866 -10e-5 -0.02004617 -0.002275526 -10e-5 -0.01986694 -0.002324283 -10e-5 -0.01986777 -0.001939058 0 -0.02004426 -0.001986682 0 -0.02011013 -0.002130866 0 -0.01986777 -0.001939058 -10e-5 -0.02004426 -0.001986682 -10e-5 -0.02011013 -0.002130866 -10e-5 -0.01923692 -0.001939058 0 -0.01986777 -0.001939058 0 -0.01923692 -0.001939058 -10e-5 -0.01986777 -0.001939058 -10e-5 -0.01923692 -0.001800179 0 -0.01923692 -0.001939058 0 -0.01923692 -0.001800179 -10e-5 -0.01923692 -0.001939058 -10e-5 -0.01844435 -0.001298964 0 -0.01842164 -0.001408219 0 -0.01841503 -0.001573085 0 -0.01844435 -0.001298964 -10e-5 -0.01842164 -0.001408219 -10e-5 -0.01841503 -0.001573085 -10e-5 -0.01841503 -0.001573085 0 -0.01841503 -0.001939058 0 -0.01841503 -0.001573085 -10e-5 -0.01841503 -0.001939058 -10e-5 -0.01841503 -0.001939058 0 -0.01895439 -0.001939058 0 -0.01841503 -0.001939058 -10e-5 -0.01895439 -0.001939058 -10e-5 -0.01895439 -0.001939058 0 -0.01895439 -0.001583874 0 -0.01895439 -0.001939058 -10e-5 -0.01895439 -0.001583874 -10e-5 -0.01895439 -0.001583874 0 -0.01894485 -0.001423478 0 -0.0189132 -0.001292645 0 -0.01882451 -0.001178801 0 -0.01868152 -0.001142859 0 -0.01895439 -0.001583874 -10e-5 -0.01894485 -0.001423478 -10e-5 -0.0189132 -0.001292645 -10e-5 -0.01882451 -0.001178801 -10e-5 -0.01868152 -0.001142859 -10e-5 -0.01868152 -0.001142859 0 -0.01853644 -0.00118488 0 -0.01844435 -0.001298964 0 -0.01868152 -0.001142859 -10e-5 -0.01853644 -0.00118488 -10e-5 -0.01844435 -0.001298964 -10e-5 -0.01826018 0.001020491 0 -0.01837587 9.6959e-4 0 -0.01841503 8.31092e-4 0 -0.01826018 0.001020491 -10e-5 -0.01837587 9.6959e-4 -10e-5 -0.01841503 8.31092e-4 -10e-5 -0.01810687 8.31092e-4 0 -0.01814496 9.68837e-4 0 -0.01826018 0.001020491 0 -0.01810687 8.31092e-4 -10e-5 -0.01814496 9.68837e-4 -10e-5 -0.01826018 0.001020491 -10e-5 -0.01810687 -1.10759e-4 0 -0.01810687 8.31092e-4 0 -0.01810687 -1.10759e-4 -10e-5 -0.01810687 8.31092e-4 -10e-5 -0.01835125 -3.46723e-4 0 -0.01816636 -2.92994e-4 0 -0.01810687 -1.10759e-4 0 -0.01835125 -3.46723e-4 -10e-5 -0.01816636 -2.92994e-4 -10e-5 -0.01810687 -1.10759e-4 -10e-5 -0.0182535 -3.36646e-4 -5e-5 -0.0181185 -2.08278e-4 -5e-5 -0.01986694 -3.46723e-4 0 -0.01835125 -3.46723e-4 0 -0.01986694 -3.46723e-4 -10e-5 -0.01835125 -3.46723e-4 -10e-5 -0.02011013 -1.53297e-4 0 -0.02004247 -2.98846e-4 0 -0.01986694 -3.46723e-4 0 -0.02011013 -1.53297e-4 -10e-5 -0.02004247 -2.98846e-4 -10e-5 -0.01986694 -3.46723e-4 -10e-5 -0.01986497 3.85248e-5 0 -0.02004194 -8.61059e-6 0 -0.02011013 -1.53297e-4 0 -0.01986497 3.85248e-5 -10e-5 -0.02004194 -8.61059e-6 -10e-5 -0.02011013 -1.53297e-4 -10e-5 -0.01921123 3.85248e-5 0 -0.01986497 3.85248e-5 0 -0.01921123 3.85248e-5 -10e-5 -0.01986497 3.85248e-5 -10e-5 -0.01921123 7.01071e-4 0 -0.01921123 3.85248e-5 0 -0.01921123 7.01071e-4 -10e-5 -0.01921123 3.85248e-5 -10e-5 -0.01905792 8.83662e-4 0 -0.01917308 8.33371e-4 0 -0.01921123 7.01071e-4 0 -0.01905792 8.83662e-4 -10e-5 -0.01917308 8.33371e-4 -10e-5 -0.01921123 7.01071e-4 -10e-5 -0.01890301 7.01071e-4 0 -0.01894176 8.34465e-4 0 -0.01905792 8.83662e-4 0 -0.01890301 7.01071e-4 -10e-5 -0.01894176 8.34465e-4 -10e-5 -0.01905792 8.83662e-4 -10e-5 -0.01890301 3.85248e-5 0 -0.01890301 7.01071e-4 0 -0.01890301 3.85248e-5 -10e-5 -0.01890301 7.01071e-4 -10e-5 -0.01841503 3.85248e-5 0 -0.01890301 3.85248e-5 0 -0.01841503 3.85248e-5 -10e-5 -0.01890301 3.85248e-5 -10e-5 -0.01841503 8.31092e-4 0 -0.01841503 3.85248e-5 0 -0.01841503 8.31092e-4 -10e-5 -0.01841503 3.85248e-5 -10e-5 -0.01826018 0.001020491 -10e-5 -0.01837587 9.6959e-4 -10e-5 -0.01841503 8.31092e-4 -10e-5 -0.01810687 8.31092e-4 -10e-5 -0.01814496 9.68837e-4 -10e-5 -0.01810687 -1.10759e-4 -10e-5 -0.01835125 -3.46723e-4 -10e-5 -0.01816636 -2.92994e-4 -10e-5 -0.01986694 -3.46723e-4 -10e-5 -0.02011013 -1.53297e-4 -10e-5 -0.02004247 -2.98846e-4 -10e-5 -0.01986497 3.85248e-5 -10e-5 -0.02004194 -8.61059e-6 -10e-5 -0.01921123 3.85248e-5 -10e-5 -0.01921123 7.01071e-4 -10e-5 -0.01905792 8.83662e-4 -10e-5 -0.01917308 8.33371e-4 -10e-5 -0.01890301 7.01071e-4 -10e-5 -0.01894176 8.34465e-4 -10e-5 -0.01890301 3.85248e-5 -10e-5 -0.01841503 3.85248e-5 -10e-5 -0.01847487 0.002529382 -10e-5 -0.01865816 0.00259006 -10e-5 -0.01888114 0.002623498 -10e-5 -0.0191065 0.002632498 -10e-5 -0.01808118 0.001929402 -10e-5 -0.01809978 0.002097547 -10e-5 -0.01813554 0.002204596 -10e-5 -0.01821964 0.002340316 -10e-5 -0.01833665 0.002448976 -10e-5 -0.01848685 0.001331865 -10e-5 -0.01833599 0.001412808 -10e-5 -0.01824861 0.001486361 -10e-5 -0.01815348 0.001616895 -10e-5 -0.01809787 0.001768589 -10e-5 -0.01912939 0.001245617 -10e-5 -0.01880413 0.001261711 -10e-5 -0.01862728 0.00129044 -10e-5 -0.01966589 0.001323878 -10e-5 -0.01947653 0.001273512 -10e-5 -0.01930356 0.001251995 -10e-5 -0.02011013 0.001942634 -10e-5 -0.0200864 0.001764416 -10e-5 -0.02004241 0.001652717 -10e-5 -0.0199455 0.001513183 -10e-5 -0.01981669 0.001402378 -10e-5 -0.01977026 0.002509295 -10e-5 -0.01989591 0.002420246 -10e-5 -0.01996713 0.002346158 -10e-5 -0.02002972 0.002255201 -10e-5 -0.02007472 0.002157211 -10e-5 -0.02010095 0.002054512 -10e-5 -0.01940917 0.002616703 -10e-5 -0.01959514 0.002581119 -10e-5 -0.01907962 0.002272903 -10e-5 -0.01878434 0.00225836 -10e-5 -0.01859128 0.002219498 -10e-5 -0.01842439 0.002118527 -10e-5 -0.01836371 0.001935422 -10e-5 -0.0198276 0.001938223 -10e-5 -0.01980519 0.002056479 -10e-5 -0.01973444 0.002147018 -10e-5 -0.01959449 0.00221914 -10e-5 -0.01948761 0.002244889 -10e-5 -0.01933908 0.002263605 -10e-5 -0.01909041 0.001605153 -10e-5 -0.01939076 0.001619398 -10e-5 -0.0195682 0.001651346 -10e-5 -0.01975333 0.001747548 -10e-5 -0.01980894 0.001830697 -10e-5 -0.01842826 0.001752793 -10e-5 -0.01854509 0.001675963 -10e-5 -0.01874452 0.001626431 -10e-5 -0.01847487 0.002529382 0 -0.01865816 0.00259006 0 -0.01888114 0.002623498 0 -0.0191065 0.002632498 0 -0.01847487 0.002529382 -10e-5 -0.01865816 0.00259006 -10e-5 -0.01888114 0.002623498 -10e-5 -0.0191065 0.002632498 -10e-5 -0.01808118 0.001929402 0 -0.01809978 0.002097547 0 -0.01813554 0.002204596 0 -0.01821964 0.002340316 0 -0.01833665 0.002448976 0 -0.01847487 0.002529382 0 -0.01808118 0.001929402 -10e-5 -0.01809978 0.002097547 -10e-5 -0.01813554 0.002204596 -10e-5 -0.01821964 0.002340316 -10e-5 -0.01833665 0.002448976 -10e-5 -0.01847487 0.002529382 -10e-5 -0.01848685 0.001331865 0 -0.01833599 0.001412808 0 -0.01824861 0.001486361 0 -0.01815348 0.001616895 0 -0.01809787 0.001768589 0 -0.01808118 0.001929402 0 -0.01848685 0.001331865 -10e-5 -0.01833599 0.001412808 -10e-5 -0.01824861 0.001486361 -10e-5 -0.01815348 0.001616895 -10e-5 -0.01809787 0.001768589 -10e-5 -0.01808118 0.001929402 -10e-5 -0.01912939 0.001245617 0 -0.01880413 0.001261711 0 -0.01862728 0.00129044 0 -0.01848685 0.001331865 0 -0.01912939 0.001245617 -10e-5 -0.01880413 0.001261711 -10e-5 -0.01862728 0.00129044 -10e-5 -0.01848685 0.001331865 -10e-5 -0.01966589 0.001323878 0 -0.01947653 0.001273512 0 -0.01930356 0.001251995 0 -0.01912939 0.001245617 0 -0.01966589 0.001323878 -10e-5 -0.01947653 0.001273512 -10e-5 -0.01930356 0.001251995 -10e-5 -0.01912939 0.001245617 -10e-5 -0.02011013 0.001942634 0 -0.0200864 0.001764416 0 -0.02004241 0.001652717 0 -0.0199455 0.001513183 0 -0.01981669 0.001402378 0 -0.01966589 0.001323878 0 -0.02011013 0.001942634 -10e-5 -0.0200864 0.001764416 -10e-5 -0.02004241 0.001652717 -10e-5 -0.0199455 0.001513183 -10e-5 -0.01981669 0.001402378 -10e-5 -0.01966589 0.001323878 -10e-5 -0.01977026 0.002509295 0 -0.01989591 0.002420246 0 -0.01996713 0.002346158 0 -0.02002972 0.002255201 0 -0.02007472 0.002157211 0 -0.02010095 0.002054512 0 -0.02011013 0.001942634 0 -0.01977026 0.002509295 -10e-5 -0.01989591 0.002420246 -10e-5 -0.01996713 0.002346158 -10e-5 -0.02002972 0.002255201 -10e-5 -0.02007472 0.002157211 -10e-5 -0.02010095 0.002054512 -10e-5 -0.02011013 0.001942634 -10e-5 -0.0191065 0.002632498 0 -0.01940917 0.002616703 0 -0.01959514 0.002581119 0 -0.01977026 0.002509295 0 -0.0191065 0.002632498 -10e-5 -0.01940917 0.002616703 -10e-5 -0.01959514 0.002581119 -10e-5 -0.01977026 0.002509295 -10e-5 -0.0198276 0.001938223 0 -0.01980519 0.002056479 0 -0.01973444 0.002147018 0 -0.01959449 0.00221914 0 -0.01948761 0.002244889 0 -0.01933908 0.002263605 0 -0.01907962 0.002272903 0 -0.0198276 0.001938223 -10e-5 -0.01980519 0.002056479 -10e-5 -0.01973444 0.002147018 -10e-5 -0.01959449 0.00221914 -10e-5 -0.01948761 0.002244889 -10e-5 -0.01933908 0.002263605 -10e-5 -0.01907962 0.002272903 -10e-5 -0.01907962 0.002272903 0 -0.01878434 0.00225836 0 -0.01859128 0.002219498 0 -0.01842439 0.002118527 0 -0.01836371 0.001935422 0 -0.01907962 0.002272903 -10e-5 -0.01878434 0.00225836 -10e-5 -0.01859128 0.002219498 -10e-5 -0.01842439 0.002118527 -10e-5 -0.01836371 0.001935422 -10e-5 -0.01836371 0.001935422 0 -0.01842826 0.001752793 0 -0.01854509 0.001675963 0 -0.01874452 0.001626431 0 -0.01909041 0.001605153 0 -0.01836371 0.001935422 -10e-5 -0.01842826 0.001752793 -10e-5 -0.01854509 0.001675963 -10e-5 -0.01874452 0.001626431 -10e-5 -0.01909041 0.001605153 -10e-5 -0.01837861 0.00183779 -5e-5 -0.01909041 0.001605153 0 -0.01939076 0.001619398 0 -0.0195682 0.001651346 0 -0.01975333 0.001747548 0 -0.01980894 0.001830697 0 -0.0198276 0.001938223 0 -0.01909041 0.001605153 -10e-5 -0.01939076 0.001619398 -10e-5 -0.0195682 0.001651346 -10e-5 -0.01975333 0.001747548 -10e-5 -0.01980894 0.001830697 -10e-5 -0.0198276 0.001938223 -10e-5 -0.01826298 0.004248142 0 -0.01837635 0.00419414 0 -0.01841503 0.004052281 0 -0.01826298 0.004248142 -10e-5 -0.01837635 0.00419414 -10e-5 -0.01841503 0.004052281 -10e-5 -0.01810687 0.004044294 0 -0.01814615 0.004197657 0 -0.01826298 0.004248142 0 -0.01810687 0.004044294 -10e-5 -0.01814615 0.004197657 -10e-5 -0.01826298 0.004248142 -10e-5 -0.01810687 0.003332793 0 -0.01810687 0.004044294 0 -0.01810687 0.003332793 -10e-5 -0.01810687 0.004044294 -10e-5 -0.01832193 0.003094375 0 -0.01815336 0.003169775 0 -0.01810687 0.003332793 0 -0.01832193 0.003094375 -10e-5 -0.01815336 0.003169775 -10e-5 -0.01810687 0.003332793 -10e-5 -0.01897847 0.002980828 0 -0.01832193 0.003094375 0 -0.01897847 0.002980828 -10e-5 -0.01832193 0.003094375 -10e-5 -0.01907157 0.002965986 0 -0.01897847 0.002980828 0 -0.01907157 0.002965986 -10e-5 -0.01897847 0.002980828 -10e-5 -0.01923048 0.003135323 0 -0.01918315 0.003018617 0 -0.01907157 0.002965986 0 -0.01923048 0.003135323 -10e-5 -0.01918315 0.003018617 -10e-5 -0.01907157 0.002965986 -10e-5 -0.01903146 0.003601253 0 -0.0190472 0.003464579 0 -0.01910841 0.003360152 0 -0.01923048 0.003135323 0 -0.01903146 0.003601253 -10e-5 -0.0190472 0.003464579 -10e-5 -0.01910841 0.003360152 -10e-5 -0.01923048 0.003135323 -10e-5 -0.01943558 0.00394231 0 -0.01927858 0.003921449 0 -0.01915514 0.003859937 0 -0.01906448 0.003749668 0 -0.01903146 0.003601253 0 -0.01943558 0.00394231 -10e-5 -0.01927858 0.003921449 -10e-5 -0.01915514 0.003859937 -10e-5 -0.01906448 0.003749668 -10e-5 -0.01903146 0.003601253 -10e-5 -0.01985329 0.00359559 0 -0.01982069 0.003741681 0 -0.01972264 0.003857791 0 -0.01959335 0.003920793 0 -0.01943558 0.00394231 0 -0.01985329 0.00359559 -10e-5 -0.01982069 0.003741681 -10e-5 -0.01972264 0.003857791 -10e-5 -0.01959335 0.003920793 -10e-5 -0.01943558 0.00394231 -10e-5 -0.01959931 0.003243684 0 -0.01970052 0.003302931 0 -0.01978039 0.003381729 0 -0.01983529 0.003483831 0 -0.01985329 0.00359559 0 -0.01959931 0.003243684 -10e-5 -0.01970052 0.003302931 -10e-5 -0.01978039 0.003381729 -10e-5 -0.01983529 0.003483831 -10e-5 -0.01985329 0.00359559 -10e-5 -0.01946806 0.003074347 0 -0.0195012 0.003173768 0 -0.01959931 0.003243684 0 -0.01946806 0.003074347 -10e-5 -0.0195012 0.003173768 -10e-5 -0.01959931 0.003243684 -10e-5 -0.01961493 0.002919852 0 -0.01950949 0.002969145 0 -0.01946806 0.003074347 0 -0.01961493 0.002919852 -10e-5 -0.01950949 0.002969145 -10e-5 -0.01946806 0.003074347 -10e-5 -0.02011013 0.003590404 0 -0.0200954 0.003407001 0 -0.02006393 0.003288447 0 -0.0200206 0.003195881 0 -0.01991796 0.003060102 0 -0.01977866 0.002963125 0 -0.01961493 0.002919852 0 -0.02011013 0.003590404 -10e-5 -0.0200954 0.003407001 -10e-5 -0.02006393 0.003288447 -10e-5 -0.0200206 0.003195881 -10e-5 -0.01991796 0.003060102 -10e-5 -0.01977866 0.002963125 -10e-5 -0.01961493 0.002919852 -10e-5 -0.01939541 0.004301905 0 -0.01954215 0.004289567 0 -0.01968276 0.004250288 0 -0.01979386 0.00419563 0 -0.01988542 0.004127681 0 -0.02001178 0.003973364 0 -0.02008718 0.003788769 0 -0.02011013 0.003590404 0 -0.01939541 0.004301905 -10e-5 -0.01954215 0.004289567 -10e-5 -0.01968276 0.004250288 -10e-5 -0.01979386 0.00419563 -10e-5 -0.01988542 0.004127681 -10e-5 -0.02001178 0.003973364 -10e-5 -0.02008718 0.003788769 -10e-5 -0.02011013 0.003590404 -10e-5 -0.01874893 0.003686308 0 -0.01876193 0.003814935 0 -0.01880127 0.003937244 0 -0.01885658 0.004035234 0 -0.0189234 0.004115045 0 -0.0190621 0.004218578 0 -0.01922339 0.00428158 0 -0.01939541 0.004301905 0 -0.01874893 0.003686308 -10e-5 -0.01876193 0.003814935 -10e-5 -0.01880127 0.003937244 -10e-5 -0.01885658 0.004035234 -10e-5 -0.0189234 0.004115045 -10e-5 -0.0190621 0.004218578 -10e-5 -0.01922339 0.00428158 -10e-5 -0.01939541 0.004301905 -10e-5 -0.01885807 0.003331542 0 -0.01878076 0.00350219 0 -0.01874893 0.003686308 0 -0.01885807 0.003331542 -10e-5 -0.01878076 0.00350219 -10e-5 -0.01874893 0.003686308 -10e-5 -0.01841503 0.00340861 0 -0.01885807 0.003331542 0 -0.01841503 0.00340861 -10e-5 -0.01885807 0.003331542 -10e-5 -0.01841503 0.004052281 0 -0.01841503 0.00340861 0 -0.01841503 0.004052281 -10e-5 -0.01841503 0.00340861 -10e-5 -0.01826298 0.004248142 -10e-5 -0.01837635 0.00419414 -10e-5 -0.01841503 0.004052281 -10e-5 -0.01810687 0.004044294 -10e-5 -0.01814615 0.004197657 -10e-5 -0.01810687 0.003332793 -10e-5 -0.01832193 0.003094375 -10e-5 -0.01815336 0.003169775 -10e-5 -0.01897847 0.002980828 -10e-5 -0.01907157 0.002965986 -10e-5 -0.01923048 0.003135323 -10e-5 -0.01918315 0.003018617 -10e-5 -0.01903146 0.003601253 -10e-5 -0.0190472 0.003464579 -10e-5 -0.01910841 0.003360152 -10e-5 -0.01943558 0.00394231 -10e-5 -0.01927858 0.003921449 -10e-5 -0.01915514 0.003859937 -10e-5 -0.01906448 0.003749668 -10e-5 -0.01985329 0.00359559 -10e-5 -0.01982069 0.003741681 -10e-5 -0.01972264 0.003857791 -10e-5 -0.01959335 0.003920793 -10e-5 -0.01959931 0.003243684 -10e-5 -0.01970052 0.003302931 -10e-5 -0.01978039 0.003381729 -10e-5 -0.01983529 0.003483831 -10e-5 -0.01946806 0.003074347 -10e-5 -0.0195012 0.003173768 -10e-5 -0.01961493 0.002919852 -10e-5 -0.01950949 0.002969145 -10e-5 -0.02011013 0.003590404 -10e-5 -0.0200954 0.003407001 -10e-5 -0.02006393 0.003288447 -10e-5 -0.0200206 0.003195881 -10e-5 -0.01991796 0.003060102 -10e-5 -0.01977866 0.002963125 -10e-5 -0.01939541 0.004301905 -10e-5 -0.01954215 0.004289567 -10e-5 -0.01968276 0.004250288 -10e-5 -0.01979386 0.00419563 -10e-5 -0.01988542 0.004127681 -10e-5 -0.02001178 0.003973364 -10e-5 -0.02008718 0.003788769 -10e-5 -0.01874893 0.003686308 -10e-5 -0.01876193 0.003814935 -10e-5 -0.01880127 0.003937244 -10e-5 -0.01885658 0.004035234 -10e-5 -0.0189234 0.004115045 -10e-5 -0.0190621 0.004218578 -10e-5 -0.01922339 0.00428158 -10e-5 -0.01885807 0.003331542 -10e-5 -0.01878076 0.00350219 -10e-5 -0.01841503 0.00340861 -10e-5 0.002999961 0.01029497 0.002999961 -0.002999961 0.01029497 0.002999961 0.002999961 0.01029497 0.005699992 -0.002999961 0.01029497 0.005699992 -0.002999961 0.006294965 0.002999961 0.002999961 0.006294965 0.002999961 -0.002999961 0.006294965 0.005699992 0.002999961 0.006294965 0.005699992 0.004699945 0.008294999 0.005999982 0.004674136 0.008590161 0.005999982 0.004597425 0.008876383 0.005999982 0.004472196 0.009144961 0.005999982 0.004302263 0.009387731 0.005999982 0.004092693 0.009597241 0.005999982 0.003849983 0.009767234 0.005999982 0.003581404 0.009892463 0.005999982 0.003295183 0.009969115 0.005999982 0.002999961 0.009994983 0.005999982 -0.002999961 0.009994983 0.005999982 -0.003265917 0.009974062 0.005999982 -0.003525316 0.009911775 0.005999982 -0.003771781 0.009809672 0.005999982 -0.003999233 0.009670317 0.005999982 -0.004202067 0.009497046 0.005999982 -0.004375278 0.009294211 0.005999982 -0.004514694 0.00906676 0.005999982 -0.004616737 0.008820295 0.005999982 -0.004679024 0.008560895 0.005999982 -0.004699945 0.008294999 0.005999982 -0.004674136 0.007999777 0.005999982 -0.004597425 0.007713556 0.005999982 -0.004472196 0.007444977 0.005999982 -0.004302263 0.007202208 0.005999982 -0.004092693 0.006992697 0.005999982 -0.003849983 0.006822705 0.005999982 -0.003581404 0.006697475 0.005999982 -0.003295183 0.006620824 0.005999982 -0.002999961 0.006594955 0.005999982 0.002999961 0.006594955 0.005999982 0.003295183 0.006620824 0.005999982 0.003581404 0.006697475 0.005999982 0.003849983 0.006822705 0.005999982 0.004092693 0.006992697 0.005999982 0.004302263 0.007202208 0.005999982 0.004472196 0.007444977 0.005999982 0.004597425 0.007713556 0.005999982 0.004674136 0.007999777 0.005999982 0.004999995 0.008294999 0.005699992 0.004999995 0.008294999 0.002999961 0.004975318 0.007982075 0.005699992 0.004902064 0.007676959 0.005699992 0.004781961 0.007386982 0.005699992 0.004617989 0.007119417 0.005699992 0.0044142 0.00688076 0.005699992 0.004175543 0.006676912 0.005699992 0.003907978 0.006512939 0.005699992 0.003618001 0.006392836 0.005699992 0.003312826 0.006319582 0.005699992 0.002999961 0.006294965 0.005699992 0.002999961 0.006294965 0.002999961 0.004969596 0.007947683 0.002999961 0.004879355 0.007610917 0.002999961 0.004732012 0.007294952 0.002999961 0.004532039 0.007009387 0.002999961 0.004285573 0.006762862 0.002999961 0.003999948 0.006562948 0.002999961 0.003683984 0.006415605 0.002999961 0.003347277 0.006325364 0.002999961 0.002999961 0.01029497 0.005699992 0.002999961 0.01029497 0.002999961 0.003312826 0.01027035 0.005699992 0.003618001 0.0101971 0.005699992 0.003907978 0.01007699 0.005699992 0.004175543 0.009913027 0.005699992 0.0044142 0.009709179 0.005699992 0.004617989 0.009470522 0.005699992 0.004781961 0.009202957 0.005699992 0.004902064 0.00891298 0.005699992 0.004975318 0.008607864 0.005699992 0.004999995 0.008294999 0.005699992 0.004999995 0.008294999 0.002999961 0.003347277 0.01026457 0.002999961 0.003683984 0.01017433 0.002999961 0.003999948 0.01002705 0.002999961 0.004285573 0.009827077 0.002999961 0.004532039 0.009580552 0.002999961 0.004732012 0.009294986 0.002999961 0.004879355 0.008979022 0.002999961 0.004969596 0.008642256 0.002999961 -0.004999995 0.008294999 0.005699992 -0.004999995 0.008294999 0.002999961 -0.004969596 0.008642256 0.005699992 -0.004879355 0.008979022 0.005699992 -0.004732012 0.009294986 0.005699992 -0.004532039 0.009580552 0.005699992 -0.004285573 0.009827077 0.005699992 -0.003999948 0.01002705 0.005699992 -0.003683984 0.01017433 0.005699992 -0.003347277 0.01026457 0.005699992 -0.002999961 0.01029497 0.005699992 -0.002999961 0.01029497 0.002999961 -0.004969596 0.008642256 0.002999961 -0.004879355 0.008979022 0.002999961 -0.004732012 0.009294986 0.002999961 -0.004532039 0.009580552 0.002999961 -0.004285573 0.009827077 0.002999961 -0.003999948 0.01002705 0.002999961 -0.003683984 0.01017433 0.002999961 -0.003347277 0.01026457 0.002999961 -0.002999961 0.006294965 0.005699992 -0.002999961 0.006294965 0.002999961 -0.003347277 0.006325364 0.005699992 -0.003683984 0.006415605 0.005699992 -0.003999948 0.006562948 0.005699992 -0.004285573 0.006762862 0.005699992 -0.004532039 0.007009387 0.005699992 -0.004732012 0.007294952 0.005699992 -0.004879355 0.007610917 0.005699992 -0.004969596 0.007947683 0.005699992 -0.004999995 0.008294999 0.005699992 -0.004999995 0.008294999 0.002999961 -0.003347277 0.006325364 0.002999961 -0.003683984 0.006415605 0.002999961 -0.003999948 0.006562948 0.002999961 -0.004285573 0.006762862 0.002999961 -0.004532039 0.007009387 0.002999961 -0.004732012 0.007294952 0.002999961 -0.004879355 0.007610917 0.002999961 -0.004969596 0.007947683 0.002999961 -0.002999961 0.006294965 0.005699992 -0.002999961 0.006309628 0.005792677 -0.002999961 0.006352245 0.005876302 -0.002999961 0.006418645 0.005942702 -0.002999961 0.00650227 0.00598526 -0.002999961 0.006594955 0.005999982 0.002999961 0.006294965 0.005699992 0.002999961 0.006594955 0.005999982 0.002999961 0.00650227 0.00598526 0.002999961 0.006418645 0.005942702 0.002999961 0.006352245 0.005876302 0.002999961 0.006309628 0.005792677 0.002999961 0.006594955 0.005999982 0.002999961 0.00650227 0.00598526 0.002999961 0.006418645 0.005942702 0.002999961 0.006352245 0.005876302 0.002999961 0.006309628 0.005792677 0.002999961 0.006294965 0.005699992 0.004999995 0.008294999 0.005699992 0.004975318 0.007982075 0.005699992 0.004902064 0.007676959 0.005699992 0.004781961 0.007386982 0.005699992 0.004617989 0.007119417 0.005699992 0.0044142 0.00688076 0.005699992 0.004175543 0.006676912 0.005699992 0.003907978 0.006512939 0.005699992 0.003618001 0.006392836 0.005699992 0.003312826 0.006319582 0.005699992 0.004699945 0.008294999 0.005999982 0.00479269 0.008294999 0.00598526 0.004876315 0.008294999 0.005942702 0.004942655 0.008294999 0.005876302 0.004985272 0.008294999 0.005792677 0.003295183 0.006620824 0.005999982 0.003581404 0.006697475 0.005999982 0.003849983 0.006822705 0.005999982 0.004092693 0.006992697 0.005999982 0.004302263 0.007202208 0.005999982 0.004472196 0.007444977 0.005999982 0.004597425 0.007713556 0.005999982 0.004674136 0.007999777 0.005999982 0.003310561 0.006334125 0.005792677 0.003303885 0.006376206 0.005876302 0.003293514 0.006441712 0.005942702 0.003280401 0.006524324 0.00598526 0.003613471 0.006406843 0.005792677 0.003600299 0.006447374 0.005876302 0.003579795 0.006510496 0.005942702 0.003553926 0.006590008 0.00598526 0.003901302 0.006526052 0.005792677 0.003881931 0.006564021 0.005876302 0.00385183 0.006623148 0.005942702 0.003813862 0.006697654 0.00598526 0.004166901 0.006688833 0.005792677 0.004141867 0.006723284 0.005876302 0.004276096 0.006774127 0.005792677 0.004102826 0.006776988 0.005942702 0.004248738 0.00680679 0.005876302 0.004053711 0.006844639 0.00598526 0.004403829 0.006891131 0.005792677 0.004206061 0.006857633 0.005942702 0.004373669 0.006921291 0.005876302 0.004152297 0.006921708 0.00598526 0.004520833 0.007018804 0.005792677 0.00432676 0.0069682 0.005942702 0.00448817 0.007046222 0.005876302 0.004267632 0.007027328 0.00598526 0.004606127 0.007128059 0.005792677 0.004437327 0.007088899 0.005942702 0.004571676 0.007153093 0.005876302 0.004373252 0.007142663 0.00598526 0.004517972 0.007192075 0.005942702 0.004719316 0.007302284 0.005792677 0.004450321 0.007241249 0.00598526 0.004682421 0.007323622 0.005876302 0.004624903 0.007356822 0.005942702 0.004552483 0.007398605 0.00598526 0.004865586 0.007615923 0.005792677 0.004825532 0.007630527 0.005876302 0.004763126 0.007653236 0.005942702 0.004684567 0.007681846 0.00598526 0.004955112 0.007950246 0.005792677 0.004913151 0.007957637 0.005876302 0.004847824 0.007969141 0.005942702 0.00476545 0.007983684 0.00598526 -0.002999961 0.006294965 0.005699992 -0.002999961 0.006309628 0.005792677 -0.002999961 0.006352245 0.005876302 -0.002999961 0.006418645 0.005942702 -0.002999961 0.00650227 0.00598526 -0.002999961 0.006594955 0.005999982 -0.004699945 0.008294999 0.005999982 -0.004674136 0.007999777 0.005999982 -0.004597425 0.007713556 0.005999982 -0.004472196 0.007444977 0.005999982 -0.004302263 0.007202208 0.005999982 -0.004092693 0.006992697 0.005999982 -0.003849983 0.006822705 0.005999982 -0.003581404 0.006697475 0.005999982 -0.003295183 0.006620824 0.005999982 -0.004999995 0.008294999 0.005699992 -0.004985272 0.008294999 0.005792677 -0.004942655 0.008294999 0.005876302 -0.004876315 0.008294999 0.005942702 -0.00479269 0.008294999 0.00598526 -0.003347277 0.006325364 0.005699992 -0.003683984 0.006415605 0.005699992 -0.003999948 0.006562948 0.005699992 -0.004285573 0.006762862 0.005699992 -0.004532039 0.007009387 0.005699992 -0.004732012 0.007294952 0.005699992 -0.004879355 0.007610917 0.005699992 -0.004969596 0.007947683 0.005699992 -0.004955112 0.007950246 0.005792677 -0.004913151 0.007957637 0.005876302 -0.004847824 0.007969141 0.005942702 -0.00476545 0.007983684 0.00598526 -0.004865586 0.007615923 0.005792677 -0.004825532 0.007630527 0.005876302 -0.004763126 0.007653236 0.005942702 -0.004684567 0.007681846 0.00598526 -0.004719316 0.007302284 0.005792677 -0.004682421 0.007323622 0.005876302 -0.004624903 0.007356822 0.005942702 -0.004552483 0.007398605 0.00598526 -0.004520833 0.007018804 0.005792677 -0.00448817 0.007046222 0.005876302 -0.004437327 0.007088899 0.005942702 -0.004373252 0.007142663 0.00598526 -0.004276096 0.006774127 0.005792677 -0.004248738 0.00680679 0.005876302 -0.004206061 0.006857633 0.005942702 -0.004152297 0.006921708 0.00598526 -0.003992617 0.006575644 0.005792677 -0.003971338 0.006612539 0.005876302 -0.003938138 0.006669998 0.005942702 -0.003896296 0.006742417 0.00598526 -0.003678977 0.006429374 0.005792677 -0.003664433 0.006469428 0.005876302 -0.003641724 0.006531774 0.005942702 -0.003613114 0.006610393 0.00598526 -0.003344714 0.006339788 0.005792677 -0.003337323 0.00638175 0.005876302 -0.003325819 0.006447136 0.005942702 -0.003311276 0.00652951 0.00598526 0.004699945 0.008294999 0.005999982 0.00479269 0.008294999 0.00598526 0.004876315 0.008294999 0.005942702 0.004942655 0.008294999 0.005876302 0.004985272 0.008294999 0.005792677 0.004999995 0.008294999 0.005699992 0.002999961 0.01029497 0.005699992 0.003312826 0.01027035 0.005699992 0.003618001 0.0101971 0.005699992 0.003907978 0.01007699 0.005699992 0.004175543 0.009913027 0.005699992 0.0044142 0.009709179 0.005699992 0.004617989 0.009470522 0.005699992 0.004781961 0.009202957 0.005699992 0.004902064 0.00891298 0.005699992 0.004975318 0.008607864 0.005699992 0.002999961 0.009994983 0.005999982 0.002999961 0.01008766 0.00598526 0.002999961 0.01017129 0.005942702 0.002999961 0.01023769 0.005876302 0.002999961 0.01028031 0.005792677 0.004674136 0.008590161 0.005999982 0.004597425 0.008876383 0.005999982 0.004472196 0.009144961 0.005999982 0.004302263 0.009387731 0.005999982 0.004092693 0.009597241 0.005999982 0.003849983 0.009767234 0.005999982 0.003581404 0.009892463 0.005999982 0.003295183 0.009969115 0.005999982 0.004960834 0.008605539 0.005792677 0.004918754 0.008598864 0.005876302 0.004853188 0.008588492 0.005942702 0.004770576 0.008575439 0.00598526 0.004888117 0.00890845 0.005792677 0.004847586 0.008895277 0.005876302 0.004784464 0.008874773 0.005942702 0.004704952 0.008848965 0.00598526 0.004768908 0.009196281 0.005792677 0.004730939 0.009176969 0.005876302 0.004671812 0.009146809 0.005942702 0.004597306 0.009108841 0.00598526 0.004606127 0.009461939 0.005792677 0.004571676 0.009436845 0.005876302 0.004520833 0.009571135 0.005792677 0.004517972 0.009397864 0.005942702 0.00448817 0.009543716 0.005876302 0.004450321 0.00934869 0.00598526 0.004403829 0.009698808 0.005792677 0.004437327 0.009501039 0.005942702 0.004373669 0.009668648 0.005876302 0.004373252 0.009447276 0.00598526 0.004276096 0.009815812 0.005792677 0.00432676 0.009621739 0.005942702 0.004248738 0.009783148 0.005876302 0.004267632 0.009562611 0.00598526 0.004166901 0.009901106 0.005792677 0.004206061 0.009732306 0.005942702 0.004141867 0.009866654 0.005876302 0.004152297 0.00966829 0.00598526 0.004102826 0.009812951 0.005942702 0.003992617 0.01001429 0.005792677 0.004053711 0.009745299 0.00598526 0.003971338 0.0099774 0.005876302 0.003938138 0.009919941 0.005942702 0.003896296 0.009847521 0.00598526 0.003678977 0.01016056 0.005792677 0.003664433 0.01012051 0.005876302 0.003641724 0.01005816 0.005942702 0.003613114 0.009979546 0.00598526 0.003344714 0.01025015 0.005792677 0.003337323 0.01020818 0.005876302 0.003325819 0.0101428 0.005942702 0.003311276 0.01006042 0.00598526 -0.004999995 0.008294999 0.005699992 -0.004985272 0.008294999 0.005792677 -0.004942655 0.008294999 0.005876302 -0.004876315 0.008294999 0.005942702 -0.00479269 0.008294999 0.00598526 -0.004699945 0.008294999 0.005999982 -0.002999961 0.009994983 0.005999982 -0.003265917 0.009974062 0.005999982 -0.003525316 0.009911775 0.005999982 -0.003771781 0.009809672 0.005999982 -0.003999233 0.009670317 0.005999982 -0.004202067 0.009497046 0.005999982 -0.004375278 0.009294211 0.005999982 -0.004514694 0.00906676 0.005999982 -0.004616737 0.008820295 0.005999982 -0.004679024 0.008560895 0.005999982 -0.002999961 0.01029497 0.005699992 -0.002999961 0.01028031 0.005792677 -0.002999961 0.01023769 0.005876302 -0.002999961 0.01017129 0.005942702 -0.002999961 0.01008766 0.00598526 -0.004969596 0.008642256 0.005699992 -0.004879355 0.008979022 0.005699992 -0.004732012 0.009294986 0.005699992 -0.004532039 0.009580552 0.005699992 -0.004285573 0.009827077 0.005699992 -0.003999948 0.01002705 0.005699992 -0.003683984 0.01017433 0.005699992 -0.003347277 0.01026457 0.005699992 -0.003310561 0.01025587 0.005792677 -0.003303885 0.01021373 0.005876302 -0.003293514 0.01014822 0.005942702 -0.003280401 0.01006561 0.00598526 -0.003613471 0.01018309 0.005792677 -0.003600299 0.01014262 0.005876302 -0.003579795 0.0100795 0.005942702 -0.003553926 0.00999993 0.00598526 -0.003901302 0.01006388 0.005792677 -0.003881931 0.01002591 0.005876302 -0.00385183 0.00996679 0.005942702 -0.003813862 0.009892284 0.00598526 -0.004166901 0.009901106 0.005792677 -0.004141867 0.009866654 0.005876302 -0.004276096 0.009815812 0.005792677 -0.004102826 0.009812951 0.005942702 -0.004248738 0.009783148 0.005876302 -0.004053711 0.009745299 0.00598526 -0.004403829 0.009698808 0.005792677 -0.004206061 0.009732306 0.005942702 -0.004373669 0.009668648 0.005876302 -0.004152297 0.00966829 0.00598526 -0.004520833 0.009571135 0.005792677 -0.00432676 0.009621739 0.005942702 -0.00448817 0.009543716 0.005876302 -0.004267632 0.009562611 0.00598526 -0.004606127 0.009461939 0.005792677 -0.004437327 0.009501039 0.005942702 -0.004571676 0.009436845 0.005876302 -0.004373252 0.009447276 0.00598526 -0.004517972 0.009397864 0.005942702 -0.004719316 0.009287655 0.005792677 -0.004450321 0.00934869 0.00598526 -0.004682421 0.009266316 0.005876302 -0.004624903 0.009233117 0.005942702 -0.004552483 0.009191334 0.00598526 -0.004865586 0.008974015 0.005792677 -0.004825532 0.008959412 0.005876302 -0.004763126 0.008936703 0.005942702 -0.004684567 0.008908092 0.00598526 -0.004955112 0.008639693 0.005792677 -0.004913151 0.008632302 0.005876302 -0.004847824 0.008620798 0.005942702 -0.00476545 0.008606255 0.00598526 0.002999961 0.009994983 0.005999982 0.002999961 0.01008766 0.00598526 0.002999961 0.01017129 0.005942702 0.002999961 0.01023769 0.005876302 0.002999961 0.01028031 0.005792677 0.002999961 0.01029497 0.005699992 -0.002999961 0.01029497 0.005699992 -0.002999961 0.01028031 0.005792677 -0.002999961 0.01023769 0.005876302 -0.002999961 0.01017129 0.005942702 -0.002999961 0.01008766 0.00598526 -0.002999961 0.009994983 0.005999982</float_array>
          <technique_common>
            <accessor source="#ultrasonic_hysrf05-mesh-positions-array" count="4658" stride="3">
              <param name="X" type="float"/>
              <param name="Y" type="float"/>
              <param name="Z" type="float"/>
            </accessor>
          </technique_common>
        </source>
        <source id="ultrasonic_hysrf05-mesh-normals">
          <float_array id="ultrasonic_hysrf05-mesh-normals-array" count="8706">0.9848078 0.1736482 0 1 1.97589e-5 4.16264e-6 0.9848082 0.1736455 0 1 2.28584e-5 -4.18237e-6 0.9396915 0.3420232 0 0.9396922 0.3420214 0 0.8660243 0.5000019 0 0.8660256 0.4999996 0 0.766045 0.642787 0 0.7660462 0.6427856 0 0.6427887 0.7660436 0 0.642789 0.7660433 0 0.5000005 0.8660251 0 0.5000004 0.8660253 0 0.3420197 0.9396929 0 0.3420193 0.9396929 0 0.1736472 0.9848079 0 0.1736476 0.9848079 0 -4.61849e-7 1 0 6.61825e-7 1 0 -0.1736499 0.9848076 0 -0.1736479 0.9848078 0 -0.3420203 0.9396926 0 -0.3420185 0.9396933 0 -0.500001 0.8660249 0 -0.4999998 0.8660255 0 -0.6427883 0.7660439 0 -0.6427873 0.7660447 0 -0.7660471 0.6427846 0 -0.7660452 0.6427868 0 -0.8660249 0.5000011 0 -0.8660236 0.5000033 0 -0.9396929 0.3420194 0 -0.9396936 0.3420174 0 -0.9848076 0.1736494 0 -0.9848071 0.1736519 0 -1 1.85072e-5 4.18238e-6 -1 1.61156e-5 -4.16265e-6 0.9848079 0.1736477 0 1 1.89468e-5 4.16264e-6 0.9848081 0.1736466 0 1 2.00644e-5 -4.18237e-6 0.939692 0.342022 0 0.9396921 0.3420216 0 0.8660242 0.5000022 0 0.8660252 0.5000005 0 0.7660445 0.6427876 0 0.7660458 0.6427862 0 0.6427879 0.7660443 0 0.6427884 0.7660439 0 0.5000007 0.866025 0 0.3420198 0.9396929 0 0.34202 0.9396927 0 0.1736472 0.9848079 0 0.1736481 0.9848078 0 -3.33293e-7 1 0 7.99904e-7 1 0 -0.1736488 0.9848077 0 -0.1736475 0.9848079 0 -0.3420197 0.9396929 0 -0.3420189 0.939693 0 -0.5000016 0.8660245 0 -0.5000011 0.8660248 0 -0.6427887 0.7660436 0 -0.6427879 0.7660443 0 -0.7660449 0.6427871 0 -0.7660442 0.6427879 0 -0.8660247 0.5000014 0 -0.8660246 0.5000014 0 -0.9396933 0.3420181 0 -0.939693 0.3420192 0 -0.9848075 0.1736499 0 -0.9848073 0.1736509 0 -1 1.885e-5 -4.16264e-6 -1 1.66371e-5 4.18238e-6 0.9807856 0.1950894 0 1 4.8168e-5 0 1 3.72007e-5 0 0.9807853 0.195091 0 0.9238792 0.3826844 0 0.9238807 0.3826805 0 0.8314701 0.5555695 0 0.8314718 0.555567 0 0.707108 0.7071056 0 0.7071076 0.707106 0 0.5555726 0.8314681 0 0.5555673 0.8314716 0 0.3826816 0.9238803 0 0.3826841 0.9238793 0 0.1950913 0.9807851 0 0.1950913 0.9807852 0 0 1 0 -0.1950906 0.9807853 0 -0.195092 0.980785 0 -0.3826835 0.9238795 0 -0.3826822 0.9238801 0 -0.5555706 0.8314694 0 -0.5555709 0.8314693 0 -0.7071073 0.7071063 0 -0.7071095 0.707104 0 -0.8314692 0.5555709 0 -0.8314713 0.5555677 0 -0.9238787 0.3826855 0 -0.9238802 0.3826819 0 -0.9807852 0.1950907 0 -0.980785 0.1950922 0 -1 4.28483e-5 0 -1 4.83841e-5 0 -0.9848077 0.1736487 0 -1 1.87904e-5 -4.16264e-6 -0.9848079 0.1736474 0 -1 1.92672e-5 4.18238e-6 -0.9396924 0.3420206 0 -0.9396928 0.3420197 0 -0.866025 0.5000008 0 -0.8660255 0.5000001 0 -0.7660443 0.6427879 0 -0.7660449 0.642787 0 -0.642787 0.766045 0 -0.6427885 0.7660438 0 -0.4999996 0.8660257 0 -0.5000017 0.8660246 0 -0.3420189 0.9396932 0 -0.3420207 0.9396924 0 -0.1736478 0.9848079 0 -0.1736494 0.9848076 0 3.76145e-7 1 0 -6.47541e-7 1 0 0.1736479 0.9848078 0 0.1736475 0.984808 0 0.3420198 0.9396927 0 0.3420198 0.9396927 0 0.4999998 0.8660256 0 0.5000001 0.8660254 0 0.6427892 0.7660432 0 0.642789 0.7660433 0 0.7660449 0.642787 0 0.7660443 0.6427879 0 0.8660252 0.5000004 0 0.8660251 0.5000005 0 0.9396925 0.3420207 0 0.9396924 0.3420208 0 0.9848079 0.1736478 0 0.984808 0.1736472 0 1 1.87904e-5 -4.18238e-6 1 1.92672e-5 4.16264e-6 -0.9807854 0.1950901 0 -1 4.55454e-5 0 -1 4.55677e-5 0 -0.9807851 0.1950914 0 -0.9238798 0.382683 0 -0.9238793 0.382684 0 -0.8314707 0.5555688 0 -0.8314702 0.5555694 0 -0.7071086 0.7071049 0 -0.707108 0.7071056 0 -0.5555701 0.8314698 0 -0.5555703 0.8314696 0 -0.3826825 0.9238799 0 -0.3826825 0.92388 0 -0.195091 0.9807853 0 -0.1950909 0.9807853 0 0.1950902 0.9807853 0 0.1950916 0.9807851 0 0.3826818 0.9238802 0 0.3826832 0.9238798 0 0.5555697 0.8314701 0 0.5555708 0.8314692 0 0.707108 0.7071056 0 0.7071087 0.7071049 0 0.8314703 0.5555694 0 0.8314707 0.5555688 0 0.9238793 0.3826841 0 0.9238798 0.3826831 0 0.9807851 0.1950914 0 0.9807854 0.1950901 0 1 4.55528e-5 0 1 4.55454e-5 0 -0.9848078 0.1736485 0 -1 1.8917e-5 -4.16264e-6 -0.9848079 0.1736475 0 -1 1.92076e-5 4.18238e-6 -0.9396923 0.342021 0 -0.9396926 0.3420202 0 -0.8660248 0.5000011 0 -0.8660253 0.5000002 0 -0.7660441 0.6427881 0 -0.7660449 0.6427872 0 -0.6427878 0.7660444 0 -0.6427885 0.7660439 0 -0.4999999 0.8660255 0 -0.5000008 0.866025 0 -0.3420195 0.9396929 0 -0.3420204 0.9396926 0 -0.1736475 0.984808 0 -0.1736485 0.9848078 0 5.09463e-7 1 0 -5.09463e-7 1 0 0.1736485 0.9848078 0 0.1736475 0.984808 0 0.3420204 0.9396926 0 0.3420195 0.9396929 0 0.5000008 0.866025 0 0.4999999 0.8660255 0 0.6427885 0.7660439 0 0.6427878 0.7660444 0 0.7660449 0.6427872 0 0.7660441 0.6427881 0 0.8660253 0.5000002 0 0.8660248 0.5000011 0 0.9396926 0.3420202 0 0.9396923 0.342021 0 0.9848079 0.1736475 0 0.9848078 0.1736485 0 1 1.8917e-5 4.16264e-6 1 1.92076e-5 -4.18238e-6 -0.9848076 0.173649 0 -1 1.99601e-5 -4.16264e-6 -0.9848082 0.1736455 0 -1 2.34619e-5 4.18237e-6 -0.9396919 0.3420223 0 -0.9396926 0.3420203 0 -0.8660242 0.5000021 0 -0.8660254 0.5000002 0 -0.766045 0.642787 0 -0.7660462 0.6427856 0 -0.6427866 0.7660453 0 -0.6427883 0.766044 0 -0.5000001 0.8660255 0 -0.5000022 0.8660242 0 -0.3420187 0.9396932 0 -0.3420202 0.9396926 0 -0.1736476 0.9848079 0 -0.1736491 0.9848077 0 1.90453e-7 1 0 -9.37983e-7 1 0 0.1736484 0.9848078 0 0.1736477 0.9848079 0 0.3420195 0.9396929 0 0.4999991 0.8660259 0 0.5000004 0.8660253 0 0.6427894 0.766043 0 0.7660471 0.6427846 0 0.7660452 0.6427868 0 0.8660247 0.5000013 0 0.8660233 0.5000039 0 0.939693 0.3420194 0 0.9396936 0.3420176 0 0.9848076 0.173649 0 0.9848073 0.1736508 0 1 1.87159e-5 -4.18238e-6 1 1.66893e-5 4.16265e-6 -0.9807855 0.1950893 0 -1 4.8168e-5 0 -1 3.72082e-5 0 -0.9807853 0.195091 0 -0.9238792 0.3826844 0 -0.9238807 0.3826806 0 -0.8314701 0.5555695 0 -0.8314719 0.5555669 0 -0.707108 0.7071056 0 -0.7071076 0.707106 0 -0.5555725 0.8314682 0 -0.5555673 0.8314716 0 -0.3826816 0.9238803 0 -0.3826841 0.9238793 0 -0.1950913 0.9807851 0 -0.1950913 0.9807852 0 0.1950906 0.9807853 0 0.195092 0.980785 0 0.3826835 0.9238796 0 0.3826823 0.9238801 0 0.5555704 0.8314695 0 0.5555709 0.8314692 0 0.7071073 0.7071063 0 0.7071096 0.707104 0 0.8314692 0.5555709 0 0.8314714 0.5555676 0 0.9238787 0.3826855 0 0.9238802 0.3826819 0 0.9807852 0.1950907 0 0.980785 0.1950922 0 1 4.28632e-5 0 1 4.83766e-5 0 -0.9848079 0.1736477 0 -1 1.89468e-5 -4.16264e-6 -0.9848081 0.1736466 0 -1 2.00644e-5 4.18237e-6 -0.939692 0.342022 0 -0.9396921 0.3420216 0 -0.8660242 0.5000022 0 -0.8660252 0.5000005 0 -0.7660445 0.6427876 0 -0.7660458 0.6427862 0 -0.6427884 0.7660439 0 -0.5000005 0.8660251 0 -0.5000007 0.866025 0 -0.3420198 0.9396929 0 -0.34202 0.9396927 0 -0.1736472 0.9848079 0 -0.1736481 0.9848078 0 3.33293e-7 1 0 -7.99904e-7 1 0 0.1736488 0.9848077 0 0.1736475 0.9848079 0 0.3420197 0.9396929 0 0.3420189 0.939693 0 0.5000016 0.8660245 0 0.5000011 0.8660248 0 0.7660449 0.6427871 0 0.7660442 0.6427879 0 0.8660247 0.5000014 0 0.8660246 0.5000014 0 0.9396933 0.3420181 0 0.939693 0.3420192 0 0.9848075 0.1736499 0 0.9848073 0.1736509 0 1 1.885e-5 4.16264e-6 1 1.66371e-5 -4.18238e-6 -0.9848077 0.1736493 0 -1 1.93492e-5 -4.16264e-6 -0.9848079 0.1736474 0 -1 2.00942e-5 4.18238e-6 -0.939693 0.3420192 0 -0.866025 0.5000007 0 -0.8660256 0.4999997 0 -0.7660451 0.642787 0 -0.6427869 0.766045 0 -0.6427886 0.7660436 0 -0.4999994 0.8660258 0 -0.3420186 0.9396932 0 -0.3420203 0.9396926 0 -0.1736478 0.9848079 0 -0.1736493 0.9848076 0 2.33305e-7 1 0 -7.47529e-7 1 0 0.173648 0.9848078 0 0.1736477 0.9848079 0 0.3420194 0.939693 0 0.4999995 0.8660258 0 0.5 0.8660254 0 0.6427896 0.7660428 0 0.6427893 0.7660431 0 0.7660456 0.6427863 0 0.7660444 0.6427878 0 0.8660249 0.5000009 0 0.8660247 0.5000015 0 0.9396924 0.3420209 0 0.9396926 0.3420205 0 0.9848079 0.1736474 0 0.9848079 0.1736476 0 1 1.65626e-5 -4.18238e-6 1 1.67713e-5 4.16264e-6 -0.9807856 0.1950895 0 -1 4.8399e-5 0 -0.9807847 0.1950935 0 -0.9238802 0.3826817 0 -0.9238796 0.3826833 0 -0.8314688 0.5555716 0 -0.7071067 0.7071068 0 -0.7071101 0.7071034 0 -0.5555689 0.8314706 0 -0.5555716 0.8314688 0 -0.3826828 0.9238799 0 -0.3826807 0.9238806 0 -0.1950904 0.9807853 0 -0.1950919 0.980785 0 0.1950898 0.9807855 0 0.1950921 0.980785 0 0.3826814 0.9238804 0 0.382683 0.9238797 0 0.5555694 0.8314702 0 0.5555706 0.8314694 0 0.7071089 0.7071048 0 0.7071083 0.7071053 0 0.8314712 0.555568 0 0.83147 0.5555697 0 0.9238792 0.3826844 0 0.9238798 0.382683 0 0.9807847 0.1950935 0 0.9807856 0.1950895 0 1 4.83394e-5 0 1 4.55752e-5 0 -0.9848078 0.1736482 0 -1 1.94833e-5 -4.16264e-6 -0.984808 0.1736472 0 -1 2.00346e-5 4.18238e-6 -0.9396924 0.3420208 0 -0.9396927 0.3420201 0 -0.8660249 0.5000009 0 -0.8660254 0.5 0 -0.7660446 0.6427874 0 -0.6427876 0.7660444 0 -0.5000001 0.8660255 0 -0.3420192 0.939693 0 -0.3420201 0.9396927 0 -0.1736486 0.9848077 0 3.42816e-7 1 0 -5.52315e-7 1 0 0.1736486 0.9848077 0 0.1736477 0.9848079 0 0.3420199 0.9396927 0 0.3420192 0.939693 0 0.5 0.8660255 0 0.7660441 0.6427879 0 0.8660255 0.5000001 0 0.8660249 0.500001 0 0.9396927 0.34202 0 0.9396924 0.3420211 0 0.9848079 0.1736477 0 0.9848078 0.1736482 0 1 1.78218e-5 4.16264e-6 1 1.67191e-5 -4.18238e-6 -1 1.65626e-5 -4.16264e-6 -0.984808 0.1736471 0 -1 1.67713e-5 4.18238e-6 -0.9396924 0.3420209 0 -0.9396929 0.3420194 0 -0.8660244 0.5000017 0 -0.8660252 0.5000007 0 -0.7660444 0.6427878 0 -0.7660456 0.6427863 0 -0.6427872 0.7660448 0 -0.642789 0.7660434 0 -0.4999995 0.8660258 0 -0.5000014 0.8660246 0 -0.3420187 0.9396932 0 -0.3420204 0.9396926 0 -0.1736479 0.9848078 0 -0.1736495 0.9848076 0 4.66611e-7 1 0 -5.09463e-7 1 0 0.1736479 0.9848079 0 0.1736475 0.9848079 0 0.3420194 0.9396929 0 0.3420196 0.9396929 0 0.4999997 0.8660257 0 0.5 0.8660255 0 0.6427893 0.766043 0 0.7660451 0.642787 0 0.866026 0.4999992 0 0.8660252 0.5000005 0 0.9396927 0.3420202 0 0.9396921 0.3420215 0 0.984808 0.1736474 0 0.9848078 0.1736485 0 1 1.9148e-5 4.16264e-6 1 1.95131e-5 -4.18238e-6 -0.9807856 0.1950895 0 -1 4.83394e-5 0 -1 4.55976e-5 0 -0.9807847 0.1950935 0 -0.9238798 0.382683 0 -0.9238792 0.3826844 0 -0.8314708 0.5555685 0 -0.7071083 0.7071053 0 -0.8314703 0.5555692 0 -0.7071088 0.7071048 0 -0.5555694 0.8314702 0 -0.382682 0.9238802 0 -0.3826824 0.92388 0 -0.1950921 0.980785 0 -0.1950898 0.9807855 0 -1.24872e-6 1 0 1.24872e-6 1 0 0.1950906 0.9807853 0 0.1950917 0.9807851 0 0.3826809 0.9238807 0 0.3826826 0.9238799 0 0.5555698 0.83147 0 0.7071101 0.7071035 0 0.7071068 0.7071068 0 0.8314688 0.5555716 0 0.9238796 0.3826832 0 0.9238803 0.3826818 0 0.9807847 0.1950935 0 0.9807856 0.1950895 0 1 4.8399e-5 0 -0.9848078 0.1736482 0 -1 1.78218e-5 -4.16264e-6 -0.9848079 0.1736477 0 -1 1.67191e-5 4.18238e-6 -0.9396924 0.3420211 0 -0.9396927 0.34202 0 -0.8660249 0.500001 0 -0.7660441 0.6427879 0 -0.5 0.8660255 0 -0.5000004 0.8660253 0 -0.3420192 0.939693 0 -0.3420199 0.9396927 0 -0.1736477 0.9848079 0 5.52315e-7 1 0 -3.42816e-7 1 0 0.3420201 0.9396927 0 0.3420192 0.939693 0 0.5000004 0.8660252 0 0.5000005 0.8660252 0 0.6427881 0.7660442 0 0.7660446 0.6427874 0 0.9396926 0.3420204 0 0.9396925 0.3420206 0 0.984808 0.1736472 0 0.9848078 0.1736482 0 1 1.94833e-5 4.16264e-6 1 2.00346e-5 -4.18238e-6 1 -1.99378e-5 4.18238e-6 1 -2.04816e-5 -4.16264e-6 0.9848078 -0.1736484 0 0.9848079 -0.1736474 0 0.9396927 -0.3420198 0 0.939693 -0.3420191 0 0.8660255 -0.5 0 0.866026 -0.4999991 0 0.7660441 -0.6427881 0 0.7660446 -0.6427874 0 0.642786 -0.7660458 0 0.6427867 -0.7660453 0 0.4999997 -0.8660258 0 0.4999997 -0.8660257 0 0.3420208 -0.9396924 0 0.3420207 -0.9396924 0 0.1736493 -0.9848076 0 0.1736494 -0.9848076 0 0 -1 0 1.42839e-7 -1 0 -0.1736494 -0.9848076 0 -0.1736495 -0.9848076 0 -0.3420211 -0.9396924 0 -0.3420203 -0.9396926 0 -0.4999995 -0.8660258 0 -0.4999991 -0.8660261 0 -0.6427868 -0.7660452 0 -0.6427862 -0.7660457 0 -0.7660449 -0.6427871 0 -0.7660441 -0.6427879 0 -0.8660257 -0.4999996 0 -0.8660258 -0.4999996 0 -0.9396929 -0.3420195 0 -0.9396929 -0.3420194 0 -0.9848078 -0.1736479 0 -0.9848078 -0.1736484 0 -1 -1.82912e-5 2.92382e-5 -1 -1.7181e-5 -4.18238e-6 0 0 -1 0 0 -1 0 0 -1 0 0 -1 -1.44306e-7 0 -1 0 0 -1 0 0 -1 0 0 -1 0 0 -1 0 0 -1 0 0 -1 0 0 -1 0 0 -1 1.44306e-7 0 -1 0 0 -1 0 0 -1 0 0 -1 0 0 -1 0 0 -1 0 0 -1 0 0 -1 0 0 -1 0 0 -1 0 0 -1 0 0 -1 0 0 -1 0 0 -1 0 0 -1 0 0 -1 0 0 -1 0 0 -1 0 0 -1 0 0 -1 0.9807856 -0.1950891 0 1 -4.74602e-5 0 1 -4.74527e-5 0 0.9807848 -0.195093 0 0.923881 -0.3826801 0 0.8314692 -0.555571 0 0.923879 -0.382685 0 0.8314682 -0.5555726 0 0.7071046 -0.707109 0 0.707108 -0.7071056 0 0.5555706 -0.8314694 0 0.5555698 -0.8314699 0 0.3826828 -0.9238799 0 0.1950904 -0.9807853 0 0.3826808 -0.9238806 0 0.1950919 -0.980785 0 1.24872e-6 -1 0 -1.24872e-6 -1 0 -0.1950898 -0.9807855 0 -0.1950921 -0.980785 0 -0.3826814 -0.9238804 0 -0.382683 -0.9238797 0 -0.5555694 -0.8314702 0 -0.5555706 -0.8314694 0 -0.7071067 -0.7071069 0 -0.7071062 -0.7071074 0 -0.8314695 -0.5555705 0 -0.8314683 -0.5555722 0 -0.9238792 -0.3826844 0 -0.9238798 -0.382683 0 -0.9807848 -0.195093 0 -0.9807856 -0.195089 0 -1 -4.7408e-5 0 -1 -4.46439e-5 0 -6.57201e-7 0 1 -1.31411e-6 0 1 2.30889e-6 0 1 0 0 1 1.31315e-6 0 1 -2.31109e-6 0 1 9.84867e-7 0 1 1.15775e-6 0 1 -1.63948e-6 0 1 5.80499e-7 0 1 -2.45511e-7 0 1 2.45511e-7 0 1 1.63948e-6 0 1 2.31546e-6 0 1 -9.84867e-7 0 1 1.3141e-6 0 1 -1.31441e-6 0 1 -2.30889e-6 0 1 1.15554e-6 0 1 1.15554e-6 0 1 -1.15775e-6 0 1 -2.6263e-6 0 1 1.15774e-6 0 1 -4.13622e-6 0 1 4.13622e-6 0 1 -1.15774e-6 0 1 -1.15772e-6 0 1 3.27898e-7 0 1 1.15556e-6 0 1 -1.15554e-6 0 1 -1.3141e-6 0 1 1.31441e-6 0 1 1.73167e-6 0 1 0.9848076 -0.1736496 0 1 -2.06679e-5 4.18238e-6 1 -1.99229e-5 -4.16264e-6 0.9848079 -0.1736477 0 0.9396923 -0.3420213 0 0.9396932 -0.3420187 0 0.8660258 -0.4999993 0 0.866027 -0.4999974 0 0.7660443 -0.6427879 0 0.7660451 -0.642787 0 0.6427859 -0.766046 0 0.6427873 -0.7660449 0 0.4999989 -0.8660261 0 0.5000005 -0.8660251 0 0.3420199 -0.9396927 0 0.3420217 -0.9396921 0 0.1736492 -0.9848076 0 0.1736507 -0.9848073 0 -3.71384e-7 -1 0 6.04689e-7 -1 0 -0.1736493 -0.9848076 0 -0.1736489 -0.9848077 0 -0.3420209 -0.9396924 0 -0.3420211 -0.9396924 0 -0.4999996 -0.8660257 0 -0.4999998 -0.8660256 0 -0.6427879 -0.7660443 0 -0.6427872 -0.7660448 0 -0.7660456 -0.6427863 0 -0.7660444 -0.6427878 0 -0.8660252 -0.5000007 0 -0.8660248 -0.5000011 0 -0.9396932 -0.3420189 0 -0.939693 -0.3420192 0 -0.9848079 -0.1736477 0 -0.9848079 -0.1736478 0 -1 -1.71363e-5 -4.18238e-6 -1 -1.73599e-5 4.16264e-6 0.9848078 -0.1736484 0 1 -1.7181e-5 4.18238e-6 1 -1.82912e-5 -2.92382e-5 0.9848078 -0.1736479 0 0.9396927 -0.34202 0 0.939693 -0.342019 0 0.8660254 -0.5 0 0.8660259 -0.4999991 0 0.7660441 -0.6427879 0 0.7660449 -0.6427871 0 0.6427862 -0.7660457 0 0.6427868 -0.7660452 0 0.4999991 -0.8660261 0 0.4999995 -0.8660258 0 0.3420203 -0.9396926 0 0.3420211 -0.9396924 0 0.173649 -0.9848076 0 0.1736499 -0.9848075 0 -5.61837e-7 -1 0 3.47577e-7 -1 0 -0.1736499 -0.9848075 0 -0.3420212 -0.9396923 0 -0.5 -0.8660255 0 -0.4999992 -0.8660259 0 -0.6427866 -0.7660453 0 -0.642786 -0.7660458 0 -0.7660446 -0.6427874 0 -0.7660441 -0.6427881 0 -0.866026 -0.4999991 0 -0.8660255 -0.5 0 -0.939693 -0.3420191 0 -0.9396929 -0.3420198 0 -0.984808 -0.1736474 0 -1 -1.99378e-5 4.16264e-6 -1 -2.04816e-5 -4.18238e-6 0 0 -1 0 0 -1 0 0 -1 0 0 -1 0 0 -1 0 0 -1 0 0 -1 0 0 -1 0 0 -1 0 0 -1 0 0 -1 0 0 -1 0.9807856 -0.195089 0 1 -4.74006e-5 0 1 -4.46513e-5 0 0.9807848 -0.1950931 0 0.9238798 -0.382683 0 0.9238792 -0.3826844 0 0.8314692 -0.5555709 0 0.8314686 -0.5555717 0 0.7071056 -0.7071079 0 0.7071072 -0.7071064 0 0.5555705 -0.8314694 0 0.5555694 -0.8314701 0 0.382682 -0.9238802 0 0.3826824 -0.92388 0 0.1950908 -0.9807853 0 0.195091 -0.9807853 0 -0.1950906 -0.9807853 0 -0.1950917 -0.9807851 0 -0.3826809 -0.9238807 0 -0.3826826 -0.9238799 0 -0.5555698 -0.83147 0 -0.707108 -0.7071056 0 -0.7071046 -0.707109 0 -0.8314702 -0.5555695 0 -0.8314671 -0.5555741 0 -0.9238796 -0.3826832 0 -0.9238803 -0.3826818 0 -0.9807849 -0.1950924 0 -0.9807855 -0.1950897 0 -1 -4.74602e-5 0 -1 -4.74527e-5 0 1 -1.69501e-5 4.18238e-6 1 -1.67564e-5 -4.16264e-6 0.9848078 -0.1736485 0 0.984808 -0.1736474 0 0.939693 -0.3420192 0 0.9396932 -0.3420189 0 0.8660249 -0.5000011 0 0.8660252 -0.5000007 0 0.7660445 -0.6427877 0 0.7660456 -0.6427863 0 0.6427872 -0.7660449 0 0.6427879 -0.7660442 0 0.4999998 -0.8660256 0 0.4999996 -0.8660257 0 0.3420211 -0.9396924 0 0.1736489 -0.9848077 0 0.1736493 -0.9848076 0 0 -1 0 -1.38078e-7 -1 0 -0.1736497 -0.9848076 0 -0.1736502 -0.9848075 0 -0.3420217 -0.9396921 0 -0.34202 -0.9396927 0 -0.5000006 -0.8660251 0 -0.4999988 -0.8660261 0 -0.6427873 -0.7660449 0 -0.6427859 -0.766046 0 -0.7660447 -0.6427873 0 -0.7660447 -0.6427875 0 -0.8660256 -0.4999997 0 -0.8660254 -0.5000001 0 -0.9396932 -0.3420186 0 -0.939693 -0.3420189 0 -0.9848079 -0.1736477 0 -0.9848077 -0.1736488 0 -1 -1.97291e-5 4.16264e-6 -1 -2.00868e-5 -4.18238e-6 6.57201e-7 0 1 1.31411e-6 0 1 -1.31315e-6 0 1 2.31109e-6 0 1 -1.15775e-6 0 1 -5.80499e-7 0 1 -2.31546e-6 0 1 -1.15554e-6 0 1 1.15775e-6 0 1 2.6263e-6 0 1 1.15772e-6 0 1 -3.27898e-7 0 1 -1.15556e-6 0 1 -1.73167e-6 0 1 0.9848073 -0.173651 0 1 -1.70991e-5 4.18238e-6 1 -1.93194e-5 -4.16264e-6 0.9848075 -0.1736501 0 0.9396935 -0.3420181 0 0.9396938 -0.3420171 0 0.8660252 -0.5000005 0 0.8660252 -0.5000004 0 0.7660442 -0.6427879 0 0.6427869 -0.766045 0 0.5000002 -0.8660253 0 0.5000008 -0.8660251 0 0.3420201 -0.9396927 0 0.1736502 -0.9848075 0 -8.04665e-7 -1 0 3.28532e-7 -1 0 -0.1736486 -0.9848078 0 -0.3420212 -0.9396923 0 -0.3420209 -0.9396924 0 -0.5 -0.8660256 0 -0.4999997 -0.8660256 0 -0.7660458 -0.6427862 0 -0.7660445 -0.6427876 0 -0.8660257 -0.4999995 0 -0.8660247 -0.5000012 0 -0.9396926 -0.3420205 0 -0.9396924 -0.342021 0 -0.984808 -0.1736469 0 -0.9848078 -0.1736479 0 -1 -1.94088e-5 4.16264e-6 -1 -2.05115e-5 -4.18238e-6 0 0 -1 0 0 -1 0 0 -1 0 0 -1 0 0 -1 0 0 -1 0 0 -1 0 0 -1 0.9807851 -0.1950917 0 1 -4.19244e-5 0 0.9807854 -0.1950902 0 0.9238802 -0.3826819 0 0.9238787 -0.3826855 0 0.8314694 -0.5555708 0 0.8314679 -0.5555728 0 0.7071056 -0.707108 0 0.7071069 -0.7071067 0 0.5555709 -0.8314693 0 0.3826816 -0.9238803 0 0.3826841 -0.9238793 0 0.1950913 -0.9807851 0 0.1950913 -0.9807852 0 6.86319e-7 -1 0 -6.86319e-7 -1 0 -0.1950906 -0.9807853 0 -0.195092 -0.980785 0 -0.3826835 -0.9238796 0 -0.3826823 -0.9238801 0 -0.555569 -0.8314706 0 -0.5555709 -0.8314692 0 -0.7071055 -0.7071081 0 -0.7071059 -0.7071077 0 -0.8314685 -0.555572 0 -0.9238807 -0.3826805 0 -0.9238792 -0.3826844 0 -0.9807865 -0.1950842 0 -0.9807843 -0.1950951 0 -1 -4.72367e-5 0 -1 -3.62694e-5 0 1 -1.90884e-5 4.18238e-6 1 -1.66819e-5 -4.16265e-6 0.9848073 -0.1736507 0 0.9848075 -0.1736501 0 0.9396939 -0.3420168 0 0.9396938 -0.3420169 0 0.8660239 -0.5000027 0 0.8660243 -0.5000019 0 0.7660452 -0.6427868 0 0.7660471 -0.6427846 0 0.6427873 -0.7660447 0 0.6427873 -0.7660448 0 0.5000001 -0.8660254 0 0.4999992 -0.8660259 0 0.3420209 -0.9396924 0 0.3420207 -0.9396924 0 0.1736488 -0.9848077 0 0.1736496 -0.9848076 0 -1.91645e-7 -1 0 -2.85678e-7 -1 0 -0.1736496 -0.9848076 0 -0.1736499 -0.9848075 0 -0.3420216 -0.9396921 0 -0.3420201 -0.9396927 0 -0.5000012 -0.8660247 0 -0.4999994 -0.8660258 0 -0.6427869 -0.766045 0 -0.6427856 -0.7660462 0 -0.7660453 -0.6427866 0 -0.7660459 -0.642786 0 -0.8660254 -0.5000002 0 -0.8660246 -0.5000015 0 -0.9396927 -0.3420198 0 -0.9396924 -0.3420206 0 -0.9848082 -0.1736458 0 -0.9848078 -0.1736485 0 -1 -2.03326e-5 4.16264e-6 -1 -2.3447e-5 -4.18237e-6 1.31411e-6 0 1 -1.31316e-6 0 1 -9.8487e-7 0 1 -1.15773e-6 0 1 -5.8051e-7 0 1 9.8487e-7 0 1 -1.15554e-6 0 1 2.62628e-6 0 1 -1.15775e-6 0 1 1.15775e-6 0 1 1.15773e-6 0 1 -3.27895e-7 0 1 -1.15556e-6 0 1 0.9848077 -0.1736487 0 1 -1.96621e-5 4.18238e-6 1 -1.93939e-5 -4.16264e-6 0.9848079 -0.1736477 0 0.9396927 -0.3420199 0 0.939693 -0.3420192 0 0.8660254 -0.5000002 0 0.8660259 -0.4999992 0 0.7660449 -0.6427872 0 0.642786 -0.7660458 0 0.6427868 -0.7660452 0 0.4999999 -0.8660255 0 0.3420206 -0.9396924 0 0.3420215 -0.9396921 0 0.1736488 -0.9848077 0 0.1736499 -0.9848075 0 -5.18985e-7 -1 0 5.18985e-7 -1 0 -0.1736499 -0.9848075 0 -0.1736488 -0.9848077 0 -0.3420215 -0.9396921 0 -0.3420206 -0.9396924 0 -0.4999999 -0.8660255 0 -0.6427868 -0.7660452 0 -0.642786 -0.7660458 0 -0.7660449 -0.6427872 0 -0.8660259 -0.4999992 0 -0.939693 -0.3420192 0 -0.9396927 -0.3420199 0 -0.9848077 -0.1736487 0 -1 -1.93939e-5 4.16264e-6 -1 -1.96621e-5 -4.18238e-6 0 0 -1 0 0 -1 0 0 -1 0 0 -1 0 0 -1 0 0 -1 0 0 -1 0 0 -1 0 0 -1 0 0 -1 0.9807854 -0.1950896 0 1 -4.46066e-5 0 1 -4.46215e-5 0 0.9807853 -0.195091 0 0.9238798 -0.382683 0 0.9238793 -0.382684 0 0.8314688 -0.5555716 0 0.8314687 -0.5555716 0 0.7071061 -0.7071075 0 0.7071062 -0.7071074 0 0.5555707 -0.8314694 0 0.5555697 -0.83147 0 0.3826825 -0.9238799 0 0.3826825 -0.9238799 0 0.195091 -0.9807853 0 0.1950909 -0.9807853 0 6.86319e-7 -1 0 -6.86319e-7 -1 0 -0.1950902 -0.9807853 0 -0.1950916 -0.9807851 0 -0.3826818 -0.9238802 0 -0.3826832 -0.9238798 0 -0.5555697 -0.8314701 0 -0.5555708 -0.8314692 0 -0.7071058 -0.7071078 0 -0.7071066 -0.7071071 0 -0.8314686 -0.555572 0 -0.8314689 -0.5555712 0 -0.9238793 -0.3826841 0 -0.9238798 -0.3826831 0 -0.9807854 -0.1950904 0 -0.9807853 -0.1950903 0 -1 -4.46066e-5 0 -1 -4.46215e-5 0 1 -1.91778e-5 4.18238e-6 1 -1.92523e-5 -4.16264e-6 0.9848078 -0.1736483 0 0.939693 -0.342019 0 0.939693 -0.3420193 0 0.8660253 -0.5000002 0 0.8660255 -0.5000001 0 0.7660449 -0.642787 0 0.6427875 -0.7660446 0 0.4999998 -0.8660255 0 0.4999998 -0.8660255 0 0.3420212 -0.9396923 0 0.3420212 -0.9396923 0 0.1736487 -0.9848077 0 0.1736492 -0.9848076 0 0 -1 0 0 -1 0 -0.1736497 -0.9848076 0 -0.1736503 -0.9848075 0 -0.3420221 -0.939692 0 -0.3420202 -0.9396926 0 -0.5000007 -0.8660251 0 -0.499999 -0.8660261 0 -0.6427871 -0.7660449 0 -0.6427859 -0.7660459 0 -0.8660255 -0.5000001 0 -0.8660253 -0.5000002 0 -0.939693 -0.3420193 0 -0.939693 -0.342019 0 -0.9848078 -0.1736483 0 -1 -1.91778e-5 4.16264e-6 -1 -1.92523e-5 -4.18238e-6 1.3141e-6 0 1 -1.31316e-6 0 1 -9.84864e-7 0 1 1.63948e-6 0 1 -1.63948e-6 0 1 9.84864e-7 0 1 -1.31409e-6 0 1 -1.15553e-6 0 1 2.62631e-6 0 1 4.13621e-6 0 1 -4.13621e-6 0 1 -1.15556e-6 0 1 1.15553e-6 0 1 1.31409e-6 0 1 -0.9807851 -0.1950917 0 -1 -4.19393e-5 0 -1 -4.74453e-5 0 -0.9807854 -0.1950902 0 -0.9238802 -0.3826819 0 -0.9238787 -0.3826855 0 -0.8314694 -0.5555708 0 -0.8314679 -0.5555728 0 -0.7071056 -0.707108 0 -0.707107 -0.7071066 0 -0.5555704 -0.8314695 0 -0.3826816 -0.9238803 0 -0.3826841 -0.9238793 0 -0.1950913 -0.9807851 0 -0.1950913 -0.9807852 0 0.1950906 -0.9807853 0 0.195092 -0.980785 0 0.3826835 -0.9238795 0 0.3826822 -0.9238801 0 0.555569 -0.8314704 0 0.7071055 -0.7071081 0 0.7071059 -0.7071077 0 0.8314702 -0.5555695 0 0.8314685 -0.555572 0 0.9238807 -0.3826806 0 0.9238792 -0.3826844 0 0.9807865 -0.1950842 0 0.9807844 -0.1950951 0 1 -4.72441e-5 0 1 -3.62694e-5 0 0 0 -1 0 0 -1 0 0 -1 0 0 -1 -0.9848073 -0.173651 0 -1 -1.70991e-5 -4.18238e-6 -1 -1.93194e-5 4.16264e-6 -0.9848075 -0.1736501 0 -0.9396935 -0.3420181 0 -0.9396938 -0.3420171 0 -0.8660252 -0.5000005 0 -0.8660252 -0.5000004 0 -0.7660442 -0.6427879 0 -0.5000002 -0.8660253 0 -0.5000008 -0.8660251 0 -0.3420201 -0.9396927 0 -0.3420208 -0.9396924 0 -0.1736502 -0.9848075 0 8.04665e-7 -1 0 -3.28532e-7 -1 0 0.1736494 -0.9848076 0 0.1736486 -0.9848078 0 0.3420212 -0.9396923 0 0.5 -0.8660256 0 0.4999997 -0.8660256 0 0.7660458 -0.6427862 0 0.7660445 -0.6427876 0 0.8660257 -0.4999995 0 0.8660247 -0.5000012 0 0.9396926 -0.3420205 0 0.9396924 -0.342021 0 0.984808 -0.1736469 0 0.9848078 -0.1736479 0 1 -1.94088e-5 -4.16264e-6 1 -2.05115e-5 4.18238e-6 -1.31411e-6 0 1 1.31316e-6 0 1 1.15773e-6 0 1 5.8051e-7 0 1 1.15554e-6 0 1 -2.62628e-6 0 1 -1.15773e-6 0 1 3.27895e-7 0 1 1.15556e-6 0 1 -0.9848073 -0.1736507 0 -1 -1.66819e-5 -4.18238e-6 -1 -1.90884e-5 4.16265e-6 -0.9848075 -0.1736501 0 -0.9396939 -0.3420168 0 -0.9396938 -0.3420169 0 -0.8660239 -0.5000027 0 -0.8660244 -0.5000019 0 -0.7660452 -0.6427868 0 -0.7660471 -0.6427846 0 -0.6427873 -0.7660447 0 -0.6427873 -0.7660448 0 -0.5000001 -0.8660254 0 -0.4999992 -0.8660259 0 -0.3420208 -0.9396924 0 -0.1736488 -0.9848077 0 -0.1736496 -0.9848076 0 8.09427e-7 -1 0 -3.33293e-7 -1 0 0.1736505 -0.9848074 0 0.173649 -0.9848076 0 0.3420217 -0.9396921 0 0.34202 -0.9396927 0 0.5000012 -0.8660247 0 0.4999994 -0.8660258 0 0.6427856 -0.7660462 0 0.7660462 -0.6427856 0 0.766045 -0.642787 0 0.8660267 -0.4999978 0 0.8660251 -0.5000008 0 0.9396927 -0.3420199 0 0.9396917 -0.3420229 0 0.9848083 -0.1736458 0 0.9848077 -0.1736493 0 1 -2.05413e-5 -4.16264e-6 1 -2.4043e-5 4.18237e-6 0.9848074 0.17365 0 1 1.88053e-5 0 1 1.86786e-5 0 0.9848082 0.173646 0 0.9396922 0.3420216 0 0.9396935 0.3420181 0 0.866024 0.5000025 0 0.8660261 0.499999 0 0.7660431 0.6427893 0 0.7660458 0.642786 0 0.6427866 0.7660455 0 0.4999985 0.8660263 0 0.5000016 0.8660245 0 0.3420177 0.9396935 0 0.3420213 0.9396923 0 0.1736458 0.9848083 0 0.1736499 0.9848075 0 -1.92123e-6 1 0 2.31286e-6 1 0 -0.1736507 0.9848073 0 -0.1736464 0.9848082 0 -0.3420193 0.939693 0 -0.3420189 0.9396931 0 -0.5000004 0.8660253 0 -0.5000008 0.8660251 0 -0.6427895 0.766043 0 -0.6427862 0.7660457 0 -0.7660457 0.6427862 0 -0.7660428 0.6427897 0 -0.8660261 0.4999988 0 -0.8660238 0.5000028 0 -0.9396934 0.3420183 0 -0.9396919 0.3420222 0 -0.9848083 0.1736458 0 -0.9848075 0.1736499 0 -1 1.83359e-5 0 -1 1.84625e-5 0 0.9848076 0.1736493 0 1 1.809e-5 0 1 1.79559e-5 0 0.9848083 0.1736457 0 0.9396923 0.3420214 0 0.9396933 0.3420184 0 0.8660236 0.5000033 0 0.8660255 0.4999999 0 0.7660435 0.6427888 0 0.7660461 0.6427858 0 0.6427866 0.7660453 0 0.6427891 0.7660433 0 0.4999983 0.8660264 0 0.5000013 0.8660247 0 0.3420179 0.9396935 0 0.3420214 0.9396923 0 0.1736459 0.9848082 0 0.1736499 0.9848075 0 -2.03551e-6 1 0 2.19621e-6 1 0 -0.1736463 0.9848081 0 -0.3420192 0.939693 0 -0.3420187 0.9396932 0 -0.5000006 0.8660251 0 -0.5000011 0.8660248 0 -0.6427898 0.7660428 0 -0.642786 0.7660458 0 -0.7660455 0.6427865 0 -0.7660424 0.6427901 0 -0.8660266 0.4999979 0 -0.8660243 0.500002 0 -0.9396935 0.342018 0 -0.9396919 0.3420224 0 -0.9848082 0.1736462 0 -0.9848073 0.1736506 0 -1 1.90586e-5 0 -1 1.91927e-5 0 -1.30939e-6 0 1 -1.49645e-6 0 1 -2.61878e-6 0 1 1.49645e-6 0 1 -1.49645e-6 0 1 -1.49645e-6 0 1 -6.54697e-7 0 1 -3.74113e-7 0 1 0 0 1 2.61879e-6 0 1 -2.61879e-6 0 1 2.61879e-6 0 1 -1.49645e-6 0 1 1.30939e-6 0 1 -1.49645e-6 0 1 2.61878e-6 0 1 -1.14572e-6 0 1 1.49645e-6 0 1 1.49645e-6 0 1 -7.48225e-7 0 1 3.27348e-7 0 1 -1.30939e-6 0 1 0 0 1 -1.12234e-6 0 1 2.9929e-6 0 1 2.9929e-6 0 1 -3.27348e-7 0 1 -7.48224e-7 0 1 -1.30939e-6 0 1 2.61879e-6 0 1 1.30939e-6 0 1 2.61878e-6 0 1 1.49645e-6 0 1 1.49645e-6 0 1 3.74113e-7 0 1 0 0 1 1.49645e-6 0 1 -2.61879e-6 0 1 2.61879e-6 0 1 -2.61879e-6 0 1 7.48225e-7 0 1 -1.30939e-6 0 1 -2.9929e-6 0 1 -1.87056e-7 0 1 1.30939e-6 0 1 6.54696e-7 0 1 -2.9929e-6 0 1 -1.49645e-6 0 1 3.74112e-7 0 1 -3.27348e-7 0 1 1.12234e-6 0 1 7.48224e-7 0 1 -2.9929e-6 0 1 3.27348e-7 0 1 -0.9848074 -0.17365 0 -1 -1.88053e-5 0 -1 -1.86786e-5 0 -0.9848082 -0.173646 0 -0.9396922 -0.3420216 0 -0.9396935 -0.3420181 0 -0.866024 -0.5000025 0 -0.8660261 -0.499999 0 -0.7660431 -0.6427893 0 -0.7660458 -0.642786 0 -0.6427866 -0.7660455 0 -0.6427894 -0.766043 0 -0.4999985 -0.8660263 0 -0.5000016 -0.8660245 0 -0.3420177 -0.9396935 0 -0.3420213 -0.9396923 0 -0.1736458 -0.9848083 0 1.92123e-6 -1 0 -2.31286e-6 -1 0 0.1736507 -0.9848073 0 0.1736464 -0.9848082 0 0.3420223 -0.9396919 0 0.3420178 -0.9396935 0 0.5000018 -0.8660245 0 0.4999977 -0.8660268 0 0.6427895 -0.766043 0 0.6427862 -0.7660457 0 0.7660457 -0.6427862 0 0.7660428 -0.6427897 0 0.8660261 -0.4999988 0 0.8660238 -0.5000028 0 0.9396934 -0.3420183 0 0.9396919 -0.3420222 0 0.9848083 -0.1736458 0 0.9848075 -0.1736499 0 1 -1.83359e-5 0 1 -1.84625e-5 0 -0.9848076 -0.1736493 0 -1 -1.809e-5 0 -1 -1.79559e-5 0 -0.9848083 -0.1736457 0 -0.9396923 -0.3420214 0 -0.9396933 -0.3420184 0 -0.8660236 -0.5000033 0 -0.8660255 -0.4999999 0 -0.7660435 -0.6427888 0 -0.7660461 -0.6427858 0 -0.6427866 -0.7660453 0 -0.6427891 -0.7660433 0 -0.4999983 -0.8660264 0 -0.5000013 -0.8660247 0 -0.3420179 -0.9396935 0 -0.3420214 -0.9396923 0 -0.1736459 -0.9848082 0 -0.1736499 -0.9848075 0 2.03551e-6 -1 0 -2.19621e-6 -1 0 0.1736463 -0.9848081 0 0.3420221 -0.9396919 0 0.3420177 -0.9396936 0 0.5000021 -0.8660243 0 0.4999978 -0.8660267 0 0.6427898 -0.7660428 0 0.7660455 -0.6427865 0 0.7660424 -0.6427901 0 0.8660266 -0.4999979 0 0.8660243 -0.500002 0 0.9396935 -0.342018 0 0.9396919 -0.3420224 0 0.9848082 -0.1736462 0 0.9848073 -0.1736506 0 1 -1.90586e-5 0 1 -1.91927e-5 0 -0.9848078 0.173648 0 -0.9848078 0.1736482 0 -0.9396927 0.34202 0 -1 1.91256e-5 -4.16264e-6 -1 1.83359e-5 4.18238e-6 -0.9396926 0.3420202 0 -0.8660257 0.4999995 0 -0.8660252 0.5000006 0 -0.7660448 0.6427872 0 -0.7660439 0.6427884 0 -0.6427879 0.7660443 0 -0.4999998 0.8660256 0 -0.5000002 0.8660253 0 -0.3420202 0.9396927 0 -0.1736479 0.9848079 0 -4.42799e-7 1 0 4.14232e-7 1 0 0.1736478 0.9848079 0 0.1736489 0.9848077 0 0.3420194 0.9396929 0 0.3420206 0.9396924 0 0.6427876 0.7660446 0 0.6427878 0.7660443 0 0.7660436 0.6427887 0 0.766045 0.642787 0 0.8660252 0.5000004 0 0.8660258 0.4999993 0 0.9396931 0.3420189 0 0.9396925 0.3420208 0 0.9848077 0.1736488 0 1 1.85668e-5 -4.18238e-6 1 2.16067e-5 4.16264e-6 -0.9848077 0.1736488 0 -0.9396927 0.3420199 0 -1 1.85668e-5 -4.16264e-6 -1 2.16067e-5 4.18238e-6 -0.9396928 0.3420198 0 -0.8660259 0.4999993 0 -0.8660252 0.5000004 0 -0.766045 0.642787 0 -0.7660436 0.6427887 0 -0.6427878 0.7660443 0 -0.6427875 0.7660446 0 -0.5000005 0.8660252 0 -0.3420206 0.9396924 0 -0.3420194 0.9396929 0 -0.1736484 0.9848078 0 -0.1736483 0.9848078 0 0 1 0 0 1 0 0.1736479 0.9848079 0 0.1736488 0.9848077 0 0.3420196 0.9396929 0 0.4999998 0.8660255 0 0.5000002 0.8660253 0 0.6427873 0.7660448 0 0.7660444 0.6427878 0 0.7660443 0.6427878 0 0.8660255 0.5 0 0.9396927 0.34202 0 0.9396926 0.3420202 0 0.9848077 0.1736488 0 0.9848079 0.1736474 0 1 1.91182e-5 -4.18238e-6 1 1.83359e-5 4.16264e-6 0.9848078 -0.173648 0 1 -1.83359e-5 4.18238e-6 1 -1.91256e-5 -4.16264e-6 0.9848078 -0.1736482 0 0.9396927 -0.34202 0 0.9396926 -0.3420202 0 0.8660257 -0.4999995 0 0.8660252 -0.5000006 0 0.7660448 -0.6427872 0 0.7660439 -0.6427884 0 0.6427879 -0.7660443 0 0.4999998 -0.8660256 0 0.3420202 -0.9396927 0 0.1736479 -0.9848079 0 4.42799e-7 -1 0 -4.14232e-7 -1 0 -0.1736478 -0.9848079 0 -0.1736489 -0.9848077 0 -0.3420194 -0.9396929 0 -0.3420206 -0.9396924 0 -0.4999995 -0.8660258 0 -0.5000004 -0.8660252 0 -0.6427876 -0.7660446 0 -0.6427878 -0.7660443 0 -0.7660436 -0.6427887 0 -0.766045 -0.642787 0 -0.8660252 -0.5000004 0 -0.8660258 -0.4999993 0 -0.9396931 -0.3420189 0 -0.9396925 -0.3420208 0 -0.9848077 -0.1736488 0 -1 -1.85668e-5 -4.18238e-6 -1 -2.16067e-5 4.16264e-6 0.9848077 -0.1736488 0 1 -2.16067e-5 4.18238e-6 1 -1.85668e-5 -4.16264e-6 0.9396928 -0.3420198 0 0.8660259 -0.4999993 0 0.8660252 -0.5000004 0 0.766045 -0.642787 0 0.7660436 -0.6427887 0 0.6427875 -0.7660447 0 0.6427879 -0.7660443 0 0.4999998 -0.8660256 0 0.5000002 -0.8660253 0 0.34202 -0.9396927 0 0.1736484 -0.9848078 0 0.1736483 -0.9848077 0 4.14232e-7 -1 0 -4.38038e-7 -1 0 -0.1736479 -0.9848079 0 -0.1736488 -0.9848077 0 -0.3420196 -0.9396929 0 -0.4999998 -0.8660255 0 -0.6427873 -0.7660448 0 -0.766044 -0.6427882 0 -0.7660449 -0.6427873 0 -0.8660251 -0.5000005 0 -0.8660257 -0.4999996 0 -0.9396926 -0.3420206 0 -0.9396929 -0.3420196 0 -0.9848078 -0.173648 0 -0.9848078 -0.1736482 0 -1 -1.91182e-5 -4.18238e-6 -1 -1.83359e-5 4.16264e-6 -0.9848077 0.1736488 0 -1 1.92001e-5 0 -1 4.5225e-5 0 -0.9848075 0.1736499 0 -0.9396927 0.3420201 0 -0.9396961 0.3420108 0 -0.86602 0.5000096 0 -0.8660313 0.4999899 0 -0.766047 0.6427847 0 -0.6427831 0.7660483 0 -0.7660408 0.6427919 0 -0.6427904 0.7660421 0 -0.4999979 0.8660266 0 -0.3420211 0.9396923 0 -0.3420196 0.9396929 0 -0.1736499 0.9848076 0 -0.1736484 0.9848078 0 5.28496e-7 1 0 -1.20937e-6 1 0 0.1736487 0.9848077 0 0.3420224 0.9396919 0 0.3420168 0.9396939 0 0.500003 0.8660237 0 0.4999995 0.8660258 0 0.6427903 0.7660423 0 0.7660399 0.6427931 0 0.7660478 0.6427836 0 0.8660224 0.5000054 0 0.8660256 0.4999998 0 0.9396943 0.3420157 0 0.9396905 0.3420261 0 0.9848086 0.1736441 0 0.9848077 0.173649 0 1 1.79783e-5 0 1 1.79708e-5 0 -0.9848077 0.1736491 0 -1 1.84551e-5 0 -1 1.84402e-5 0 -0.9848085 0.1736443 0 -0.939691 0.342025 0 -0.9396947 0.3420147 0 -0.8660261 0.4999989 0 -0.8660229 0.5000044 0 -0.7660468 0.6427848 0 -0.6427881 0.766044 0 -0.7660398 0.6427933 0 -0.6427881 0.7660441 0 -0.5000038 0.8660233 0 -0.342018 0.9396935 0 -0.4999989 0.8660261 0 -0.3420235 0.9396915 0 -0.1736501 0.9848074 0 -0.1736486 0.9848077 0 -5.28496e-7 1 0 1.20937e-6 1 0 0.1736497 0.9848076 0 0.1736512 0.9848073 0 0.3420208 0.9396925 0 0.3420222 0.939692 0 0.4999973 0.866027 0 0.4999986 0.8660262 0 0.6427883 0.7660439 0 0.6427822 0.7660492 0 0.7660458 0.642786 0 0.7660407 0.6427921 0 0.8660319 0.4999889 0 0.8660205 0.5000087 0 0.9396965 0.3420098 0 0.939693 0.342019 0 0.9848075 0.1736502 0 0.9848077 0.1736491 0 1 1.96621e-5 0 1 4.56795e-5 0 0.9848054 -0.1736623 0 1 -1.92001e-5 0 1 -4.5225e-5 0 0.9397007 -0.3419979 0 0.9848099 -0.1736364 0 0.939688 -0.3420329 0 0.8660195 -0.5000103 0 0.766047 -0.6427847 0 0.8660317 -0.4999893 0 0.7660408 -0.6427919 0 0.6427831 -0.7660483 0 0.4999979 -0.8660266 0 0.6427904 -0.7660421 0 0.3420211 -0.9396923 0 0.3420196 -0.9396929 0 0.1736499 -0.9848076 0 0.1736484 -0.9848078 0 1.97592e-6 -1 0 -1.29506e-6 -1 0 -0.1736472 -0.9848079 0 -0.1736487 -0.9848077 0 -0.3420224 -0.9396919 0 -0.3420168 -0.9396939 0 -0.500003 -0.8660237 0 -0.6427903 -0.7660423 0 -0.7660399 -0.6427931 0 -0.7660478 -0.6427836 0 -0.8660224 -0.5000054 0 -0.8660256 -0.4999998 0 -0.9396943 -0.3420157 0 -0.9396905 -0.3420261 0 -0.9848086 -0.1736441 0 -0.9848077 -0.173649 0 -1 -1.79783e-5 0 -1 -1.79708e-5 0 0.9848086 -0.1736435 0 1 -1.84551e-5 0 1 -1.84402e-5 0 0.9396927 -0.34202 0 0.9848075 -0.1736499 0 0.9396929 -0.3420196 0 0.8660203 -0.5000091 0 0.7660468 -0.6427848 0 0.8660287 -0.4999942 0 0.7660398 -0.6427933 0 0.6427881 -0.766044 0 0.5000038 -0.8660233 0 0.6427881 -0.7660441 0 0.4999989 -0.8660261 0 0.342018 -0.9396935 0 0.3420235 -0.9396915 0 0.1736501 -0.9848074 0 0.1736485 -0.9848078 0 1.29506e-6 -1 0 -1.97592e-6 -1 0 -0.1736497 -0.9848076 0 -0.1736512 -0.9848073 0 -0.3420208 -0.9396925 0 -0.3420222 -0.939692 0 -0.4999973 -0.866027 0 -0.4999986 -0.8660262 0 -0.6427883 -0.7660439 0 -0.6427822 -0.7660492 0 -0.7660458 -0.642786 0 -0.7660407 -0.6427921 0 -0.8660319 -0.4999889 0 -0.8660205 -0.5000087 0 -0.9396965 -0.3420098 0 -0.9848075 -0.1736502 0 -0.9848077 -0.1736491 0 -1 -1.96621e-5 0 -1 -4.56795e-5 0 2.84772e-6 0 1 -2.91606e-6 0 1 -1.45804e-6 0 1 -3.59023e-6 0 1 4.4576e-6 0 1 1.24819e-5 0 1 0 0 1 -1.22812e-6 0 1 1.27841e-6 0 1 2.44949e-7 0 1 -1.10369e-6 0 1 1.14074e-6 0 1 -7.31869e-7 0 1 -2.44947e-7 0 1 2.30487e-7 0 1 1.0541e-6 0 1 -1.37e-6 0 1 6.26963e-7 0 1 2.28528e-7 0 1 -2.86155e-6 0 1 1.32748e-6 0 1 -7.02881e-7 0 1 3.85632e-7 0 1 -4.44119e-7 0 1 6.22788e-6 0 1 -5.55704e-6 0 1 -4.19594e-7 0 1 4.9745e-7 0 1 6.62968e-7 0 1 -1.56485e-6 0 1 5.18208e-7 0 1 -1.56347e-6 0 1 1.42311e-7 0 1 0 0 1 0 0 1 0 0 1 0 0 1 2.28645e-6 0 1 -1.49864e-6 0 1 1.12412e-6 0 1 0 0 1 -2.36831e-7 0 1 -1.48462e-7 0 1 6.74057e-7 0 1 -1.3748e-6 0 1 1.36548e-6 0 1 -5.72587e-7 0 1 2.60111e-7 0 1 4.43472e-7 0 1 -2.35071e-6 0 1 -4.66067e-7 0 1 -2.22689e-7 0 1 -2.77078e-7 0 1 -1.12412e-6 0 1 1.49864e-6 0 1 -4.39704e-7 0 1 -1.36548e-6 0 1 1.3748e-6 0 1 5.72587e-7 0 1 -4.43472e-7 0 1 -2.60111e-7 0 1 -1.71484e-6 0 1 7.70439e-7 0 1 2.35071e-6 0 1 4.66067e-7 0 1 -3.10843e-7 0 1 -8.39395e-7 0 1 4.53963e-7 0 1 -2.36513e-7 0 1 -2.17486e-7 0 1 9.24493e-7 0 1 2.22689e-7 0 1 -4.81738e-7 0 1 5.63178e-7 0 1 2.29973e-7 0 1 0 0 1 -1.02808e-6 0 1 -7.74692e-7 0 1 0 0 1 1.19639e-6 0 1 6.84879e-7 0 1 0 0 1 -7.56558e-7 0 1 0 0 1 -2.29973e-7 0 1 2.17486e-7 0 1 -9.24495e-7 0 1 -1.29198e-7 0 1 4.73026e-7 0 1 0 0 1 1.43681e-7 0 1 1.48715e-7 0 1 -1.72554e-7 0 1 1.73174e-7 0 1 0 0 1 0 0 1 -2.01073e-7 0 1 5.14041e-7 0 1 0 0 1 5.81019e-7 0 1 -2.08563e-7 0 1 2.10234e-7 0 1 -4.28049e-7 0 1 4.72848e-7 0 1 -8.98743e-7 0 1 -1.22474e-7 0 1 -2.02798e-6 0 1 1.87143e-6 0 1 0 0 1 2.20739e-6 0 1 -1.94806e-6 0 1 -2.28528e-7 0 1 1.82667e-6 0 1 3.45545e-6 0 1 0 0 1 4.44119e-7 0 1 -7.71262e-7 0 1 0 0 1 -6.13206e-6 0 1 -2.59104e-7 0 1 3.86577e-6 0 1 -7.95925e-7 0 1 0 0 1 3.97118e-7 0 1 2.63324e-6 0 1 -6.24093e-6 0 1 2.38063e-6 0 1 -3.34319e-6 0 1 1.79511e-6 0 1 -7.85011e-7 0 1 1.82254e-6 0 1 -1.95781e-6 0 1 9.11273e-7 0 1 -2.94375e-7 0 1 5.60973e-7 0 1 3.1343e-7 0 1 -4.46368e-7 0 1 -1.95025e-6 0 1 0 0 1 0 0 1 0 0 1 0 0 1 0 0 1 0 0 -1 0 0 -1 0 0 -1 0 0 -1 0 0 -1 0 0 -1 1 0 0 -1 0 0 0 -1 0 0 0 -1 0 0 -1 0 0 -1 1.05254e-6 0 1 -2.0731e-6 0 1 7.03579e-6 0 1 1.79975e-6 0 1 -1.65111e-6 0 1 0 0 1 4.81161e-6 0 1 -4.73851e-6 0 1 -2.50019e-6 0 1 2.97035e-6 0 1 8.7947e-7 0 1 -2.36926e-6 0 1 -2.36926e-6 0 1 7.03581e-6 0 1 0 0 1 -1.25009e-6 0 1 1.50363e-7 0 1 0 0 1 -2.34219e-7 0 1 0 0 1 0.9348806 0.3549623 0 0.9722533 0.2339308 -2.26787e-6 0.9722533 0.2339308 2.25717e-6 0.9348891 0.3549401 0 0.8872812 0.4612289 0 0.8872764 0.4612381 0 0.6944081 0.7195814 0 0.694411 0.7195786 8.90373e-6 0.3243677 0.9459311 -6.70451e-6 0.3243731 0.9459292 0 0.0225436 0.9997459 -5.91151e-6 0.0225436 0.9997459 5.93954e-6 0.9494849 0.313813 0 0.8488859 0.5285763 1.65999e-5 0.9494872 0.3138061 1.04617e-5 0.8488875 0.5285738 -3.80725e-6 0.9725169 0.2328327 0 0.9725169 0.2328327 0 0.5664275 0.8241115 3.27826e-6 0.03553569 0.9993685 2.08306e-5 0.03551781 0.9993691 1.57952e-5 -0.9778088 0.2094997 0 -0.9994647 0.03271669 0 -0.9994652 0.03270179 0 -0.977807 0.2095078 0 -0.8831425 0.469105 0 -0.8831375 0.4691146 1.2051e-6 -0.5790835 0.8152683 0 -0.579095 0.8152601 0 -0.04607307 0.9989381 0 -0.04607886 0.9989379 0 -0.5938903 -0.804546 0 -0.4376776 -0.8991321 0 -0.4376712 -0.8991351 0 -0.593861 -0.8045678 -1.93297e-6 -0.7992001 -0.6010652 0 -0.7992099 -0.6010521 -1.24049e-5 -0.9721798 -0.234236 0 -0.9721723 -0.2342672 0 -0.999844 -0.01766228 0 -0.9998441 -0.01766228 0 -0.8160184 -0.5780262 0 -0.9991653 -0.04084968 -1.02673e-5 -0.9991654 -0.04084968 1.02189e-5 -0.8160272 -0.5780137 0 -0.5288602 -0.848709 5.8482e-6 -0.5288602 -0.848709 -5.8206e-6 -0.6837949 0.7296743 0 -0.05357646 0.9985638 -1.55863e-5 -0.05357146 0.9985641 1.55127e-5 -0.6838142 0.7296562 -6.83921e-7 -0.9983296 0.05777424 -1.66341e-5 -0.9983316 0.05774092 1.6715e-5 0.9874299 0.1580579 -1.90368e-6 0.9998595 0.01676219 -2.72283e-6 0.9998597 0.01675462 2.70999e-6 0.987432 0.1580445 0 0.9510502 0.3090366 0 0.9510519 0.3090315 0 0.9035026 0.4285827 0 0.9034943 0.4286002 0 0.7483913 0.6632575 0 0.7483584 0.6632946 0 0.4673684 0.8840628 0 0.4673691 0.8840623 0 0.03297156 0.9994563 -1.08532e-5 0.03296923 0.9994565 1.09047e-5 0.2587255 -0.9659509 0 0.01071047 -0.9999427 -5.29057e-6 0.01071047 -0.9999427 5.2656e-6 0.2587301 -0.9659497 0 0.5169059 -0.8560423 -5.79498e-6 0.5169024 -0.8560444 0 0.7059336 -0.7082781 3.04298e-7 0.7059329 -0.7082787 0 0.824289 -0.5661693 0 0.8242945 -0.5661613 0 0.9469447 -0.3213968 4.74586e-7 0.9469452 -0.3213952 0 0.9906113 -0.136709 -3.29563e-6 0.9906108 -0.1367126 0 0.9997237 -0.0235098 -1.97577e-6 0.9997235 -0.02351784 1.98513e-6 -0.9258316 -0.3779363 -5.66243e-6 -0.9706958 -0.2403117 -2.75499e-6 -0.9706965 -0.2403092 2.74199e-6 -0.9258238 -0.3779555 0 -0.869728 -0.4935313 0 -0.8697184 -0.4935484 0 -0.6756039 -0.7372648 0 -0.6756038 -0.7372649 0 -0.3222925 -0.9466402 0 -0.3222942 -0.9466396 0 -0.01418858 -0.9998994 -6.72641e-6 -0.01418858 -0.9998993 6.7583e-6 -0.4873019 -0.8732337 0 -0.04589426 -0.9989464 0 -0.04589432 -0.9989464 0 -0.4873134 -0.8732273 0 -0.8340907 -0.5516273 0 -0.8340774 -0.5516476 0 -0.9509876 -0.309229 0 -0.9509969 -0.3092007 2.58913e-7 -0.9749336 -0.2224962 0 -0.9749335 -0.2224962 0 0.9731037 -0.2303678 0 0.9999259 -0.01217806 0 0.999926 -0.01216673 0 0.9731037 -0.2303677 0 0.8583162 -0.5131211 0 0.8583246 -0.5131071 0 0.5378148 -0.8430631 0 0.5378234 -0.8430576 0 0.02098864 -0.9997798 0 0.02098864 -0.9997797 0 0.5674357 0.8234178 0 0.3975371 0.9175862 0 0.3975409 0.9175845 0 0.5674157 0.8234315 0 0.8132535 0.5819096 0 0.8132353 0.5819352 0 0.9652953 0.2611607 0 0.9653005 0.2611418 5.94051e-6 0.9998727 0.01596349 0 0.9998727 0.01596343 0 0.7415658 0.6708801 0 0.9992844 0.03782469 -1.5052e-5 0.9992844 0.03782457 1.4981e-5 0.7415719 0.6708734 0 0.3664925 0.9304211 8.5051e-6 0.3664861 0.9304236 -8.46498e-6 0.6981511 -0.7159504 0 0.05096888 -0.9987003 -1.54251e-5 0.05097413 -0.9987001 1.53523e-5 0.6981667 -0.7159352 0 0.9990832 -0.04281198 1.61964e-5 0.9990838 -0.04279774 -1.612e-5 -0.71222 -0.7019564 0 -0.8339219 -0.5518826 -3.71688e-6 -0.8339009 -0.5519143 3.69707e-6 -0.7122174 -0.701959 0 -0.5387848 -0.8424434 0 -0.5387894 -0.8424405 0 -0.3113679 -0.9502895 3.47024e-6 -0.3113612 -0.9502916 0 -0.05055624 -0.9987213 5.4049e-6 -0.05055856 -0.9987211 -5.37939e-6 -0.9866487 -0.1628633 1.48659e-7 -0.9998224 -0.0188471 -2.79174e-6 -0.9998225 -0.01884049 2.77857e-6 -0.9866409 -0.1629105 0 -0.944601 -0.328221 0 -0.9446137 -0.3281846 0 -0.867358 -0.4976847 -4.24022e-6 -0.8673768 -0.4976521 4.25804e-6 -0.2316839 0.9727912 0 -0.02188265 0.9997606 -4.48027e-6 -0.02188134 0.9997606 4.45913e-6 -0.2316374 0.9728023 1.38102e-6 -0.4641132 0.885776 -5.37353e-6 -0.4640855 0.8857904 0 -0.6173834 0.7866625 0 -0.617383 0.7866628 0 -0.7541718 0.6566773 0 -0.7541738 0.6566749 0 -0.8497481 0.527189 0 -0.8497461 0.5271922 0 -0.9469425 0.3214033 0 -0.9469433 0.3214008 0 -0.9906684 0.1362944 -3.70636e-6 -0.9906688 0.1362915 0 -0.9999555 0.009438574 -2.70999e-6 -0.9999555 0.009438574 2.72284e-6 0 0 -1 0 0 -1 0 0 -1 0 0 -1 0 0 -1 0 0 -1 0 0 -1 0 0 -1 0 0 -1 0 0 -1 1.81832e-7 0 -1 0 0 -1 0 0 -1 0 0 -1 0 0 -1 1.26172e-7 0 -1 0 0 -1 0 0 -1 0 0 -1 1.35417e-7 0 -1 2.17266e-7 0 -1 0 0 -1 0 0 -1 0 0 -1 0 0 -1 0 0 -1 0 0 -1 0 0 -1 0 0 -1 0 0 -1 0 0 -1 0 0 -1 0 0 -1 0 0 -1 0 0 -1 0 0 -1 0 0 -1 0 0 -1 0 0 -1 0 0 -1 0 0 -1 0 0 -1 0 0 -1 1.42787e-7 0 -1 0 0 -1 0 0 -1 0 0 -1 0 0 -1 0 0 -1 0 0 -1 0 0 -1 0 0 -1 -0.603429 -0.7974168 0 -0.5134317 -0.8581306 0 -0.5134375 -0.8581271 0 -0.6034293 -0.7974166 0 -0.8791403 -0.4765632 0 -0.879138 -0.4765675 0 -0.9999389 -0.01105403 0 -0.9999385 -0.01109606 0 -0.5196193 -0.8543979 0 -0.7454431 -0.6665694 0 -0.9995248 -0.03082716 -1.58515e-5 -0.9995247 -0.03082716 1.57767e-5 -0.7454389 -0.666574 0 -0.518081 -0.8553317 -3.15799e-6 -0.518081 -0.8553317 3.17297e-6 -0.7722947 0.6352646 0 -0.1004892 0.9949382 -1.74227e-5 -0.1004966 0.9949375 1.73405e-5 -0.7722939 0.6352655 0 -0.9998779 0.01562821 -1.43141e-5 -0.9998781 0.0156154 1.4382e-5 0.7850082 0.6194855 0 0.8738139 0.4862605 -3.18674e-6 0.873814 0.4862605 3.17171e-6 0.785031 0.6194567 0 0.6790704 0.7340732 0 0.6790778 0.7340663 3.46163e-6 0.5386135 0.8425531 6.93748e-7 0.5386237 0.8425465 0 0.4405385 0.8977338 0 0.4405401 0.8977329 8.63612e-6 0.09797334 0.9951891 -8.19383e-5 0.09801882 0.9951846 1.17186e-5 -0.2913087 0.9566292 -3.78637e-6 -0.01992654 0.9998015 -5.63574e-6 -0.01992535 0.9998015 5.60915e-6 -0.2912831 0.956637 0 -0.5367125 0.8437651 0 -0.5366905 0.8437792 0 -0.8058093 0.5921751 0 -0.8058077 0.5921773 0 -0.9308219 0.3654733 0 -0.930818 0.3654832 0 -0.9752691 0.2210208 3.00304e-6 -0.9752797 0.2209741 -2.99116e-6 0.7681972 0.6402135 0 0.9122928 0.4095386 -5.75e-6 0.9122908 0.409543 5.72286e-6 0.7681945 0.6402165 0 0.5352542 0.8446912 -2.13821e-6 0.5352536 0.8446915 0 0.2708855 0.9626116 0 0.2708858 0.9626115 0 0.02857923 0.9995916 -4.96277e-6 0.02858078 0.9995915 4.9863e-6 0.9946039 0.1037451 0 0.9999638 0.00850898 -1.66095e-6 0.9999637 0.008518934 1.6531e-6 0.9946019 0.1037648 0 0.9132868 0.4073173 7.87482e-6 0.9132881 0.4073143 -7.83765e-6 0.2494131 -0.9683973 3.18326e-6 0.6986356 -0.7154777 2.57939e-5 0.02943241 -0.9995669 3.75807e-5 0.0294497 -0.9995663 -1.60784e-5 0.6986382 -0.7154752 -2.56598e-5 0.9662671 -0.2575423 -3.68245e-6 0.9995648 -0.02950316 1.77398e-5 0.9995648 -0.02950114 -2.01911e-5 -0.6226626 -0.7824905 0 -0.9985035 -0.05468821 -1.69887e-5 -0.9985035 -0.05468839 1.69085e-5 -0.622646 -0.7825037 0 -0.02787268 -0.9996116 1.13143e-5 -0.02787274 -0.9996116 -7.90962e-5 -0.6206843 0.7840606 0 -0.02519214 0.9996827 -1.13322e-5 -0.02519208 0.9996826 1.12787e-5 -0.6206866 0.7840588 0 -0.9989702 0.04537081 1.79403e-5 -0.9989703 0.04537081 -1.78557e-5 -0.994329 -0.1063475 0 -0.9392352 -0.3432742 0 -0.9392383 -0.3432659 0 -0.9943326 -0.1063139 0 -0.9999996 -9.97771e-4 0 -0.9999995 -9.88327e-4 0 0.990137 -0.1401032 0 0.9998868 -0.01505452 0 0.9998869 -0.01504468 0 0.9901387 -0.1400911 0 0.9268972 -0.3753154 -2.48545e-5 0.9268933 -0.3753252 0 0.5432757 -0.8395544 0 0.5432668 -0.8395603 1.54509e-6 0.03306937 -0.9994531 0 0.033068 -0.9994532 0 -0.5498149 -0.8352865 0 -0.02760332 -0.9996191 0 -0.02764981 -0.9996177 0 -0.5498198 -0.8352833 -2.04331e-6 -0.9119703 -0.4102564 0 -0.9119719 -0.4102526 0 -0.7739922 0.6331953 -2.62597e-7 -0.04275292 0.9990857 -1.74312e-5 -0.04274946 0.9990859 1.7349e-5 -0.7740049 0.6331797 0 -0.9993135 0.03705024 -1.12854e-5 -0.9993132 0.03705656 1.13389e-5 0.7772887 0.6291441 0 0.9993514 0.03601324 -1.11309e-5 0.9993512 0.03601968 7.78139e-5 0.7772912 0.6291412 1.39589e-5 0.04428911 0.9990189 1.76882e-5 0.04433363 0.9990169 -1.2364e-4 0.2325623 -0.9725815 6.72415e-7 0.6867065 -0.7269348 5.93811e-6 0.02300214 -0.9997355 2.48921e-5 0.02300387 -0.9997354 -2.2836e-5 0.6867177 -0.7269242 -5.14835e-6 0.9661791 -0.2578724 3.77558e-6 0.9997869 -0.02064555 1.32918e-5 0.9997869 -0.02064353 -1.60637e-5 -0.6224982 -0.7826212 -1.11391e-5 -0.9991627 -0.04091495 -1.84322e-5 -0.9991627 -0.04091501 1.83452e-5 -0.6224886 -0.782629 0 -0.02201485 -0.9997577 1.1607e-5 -0.02201479 -0.9997577 -1.15522e-5 -0.6161677 0.7876151 1.50667e-5 -0.02608597 0.9996598 -1.11376e-5 -0.02608382 0.9996598 1.1085e-5 -0.6162061 0.7875851 0 -0.9989421 0.04598635 1.8447e-5 -0.9989417 0.04599648 -1.83599e-5 -0.7658656 0.6430008 0 -0.040219 0.9991909 -1.74226e-5 -0.04023289 0.9991903 1.73404e-5 -0.765849 0.6430205 0 -0.9997598 0.02192163 1.22756e-5 -0.9997602 0.02190119 -1.22198e-5 0.7625241 0.6469598 0 0.9992476 0.03878629 -1.15847e-5 0.999247 0.03879988 1.153e-5 0.7625229 0.6469613 0 0.04267096 0.9990892 -1.6735e-5 0.0426743 0.9990891 1.68143e-5 0 0 -1 1.30699e-7 0 -1 0 0 -1 0 0 -1 0 0 -1 0 0 -1 0 0 -1 0 0 -1 0 0 -1 0 0 -1 0 0 -1 0 0 -1 0 0 -1 0 0 -1 0 0 -1 0 0 -1 0 0 -1 0 0 -1 0 0 -1 0 0 -1 0 0 -1 0 0 -1 0 0 -1 -1.26223e-7 0 -1 0 0 -1 0 0 -1 0 0 -1 0 0 -1 0 0 -1 0.2279009 0.9736844 0 0.3956864 0.9183858 -4.1755e-6 0.3956874 0.9183853 4.15579e-6 0.2279515 0.9736725 0 0.08499729 0.9963812 0 0.08497935 0.9963827 0 0.008739531 0.9999619 1.49076e-6 0.00873965 0.9999619 -1.04216e-5 0.9722791 0.2338233 0 0.9997301 0.02323794 -4.17552e-6 0.9997298 0.0232473 4.1558e-6 0.9722838 0.2338038 0 0.914613 0.4043307 0 0.9146034 0.4043524 0 0.7695931 0.6385346 0 0.7696231 0.6384986 0 0.5886084 0.8084185 -3.18365e-6 0.5886064 0.8084198 0 0.442263 0.8968854 -3.28823e-6 0.4422653 0.8968842 3.30381e-6 0.57555 -0.8177666 -1.4844e-7 0.3921842 -0.9198867 -4.27634e-6 0.3921803 -0.9198885 4.25616e-6 0.5755279 -0.8177822 0 0.7166662 -0.6974165 0 0.7166789 -0.6974033 0 0.8806279 -0.4738088 0 0.8806278 -0.4738087 0 0.9748275 -0.222961 0 0.9748268 -0.2229633 0 0.9998568 -0.01692271 -2.90299e-5 0.9998576 -0.01687979 4.15486e-6 0.1109191 -0.9938295 -2.2251e-6 0.005363762 -0.9999856 -2.11617e-6 0.005363643 -0.9999857 2.10618e-6 0.1109127 -0.9938302 0 0.2160469 -0.9763831 0 0.2160629 -0.9763795 2.15726e-6 0.337923 -0.9411739 2.77567e-6 0.337923 -0.9411739 -2.76257e-6 -0.1788169 -0.9838824 0 -0.3260347 -0.9453578 -3.46678e-6 -0.3260347 -0.9453578 2.42356e-5 -0.1788212 -0.9838816 0 -0.07127726 -0.9974566 0 -0.07127791 -0.9974566 0 -0.008022427 -0.9999678 -1.3647e-6 -0.008022725 -0.9999679 1.37117e-6 -0.9624472 -0.2714691 8.08006e-7 -0.999656 -0.02622687 -5.08925e-6 -0.9996563 -0.02621853 5.06525e-6 -0.9624451 -0.2714763 0 -0.8902084 -0.4555535 0 -0.8901963 -0.4555773 0 -0.743534 -0.6686982 0 -0.7435322 -0.6687002 0 -0.5561725 -0.831067 0 -0.5561767 -0.8310641 0 -0.3881133 -0.9216118 -3.89565e-6 -0.3881213 -0.9216084 3.91411e-6 -0.6631028 0.7485284 0 -0.5238398 0.8518169 -3.11327e-6 -0.5238398 0.8518168 3.09858e-6 -0.663118 0.748515 0 -0.7734686 0.6338347 0 -0.7734711 0.6338317 0 -0.8690273 0.4947641 0 -0.8690336 0.4947531 0 -0.9428451 0.3332315 0 -0.9428467 0.3332267 0 -0.9866539 0.1628316 0 -0.9866467 0.1628755 0 -0.9999481 0.01019084 3.44384e-6 -0.9999481 0.01019084 -3.42759e-6 -0.1199541 0.9927794 0 -0.008424699 0.9999645 -2.10008e-6 -0.00842452 0.9999646 2.09017e-6 -0.1199503 0.99278 0 -0.2792916 0.9602063 0 -0.2792866 0.9602079 0 -0.4572296 0.8893488 -2.86933e-5 -0.457227 0.8893501 4.10443e-6 0.9131239 -0.4076822 2.63332e-6 0.9998333 -0.01826077 0 0.9998336 -0.01824516 0 0.9131209 -0.4076889 0 0.6283965 -0.7778933 0 0.6283849 -0.7779027 0 0.3083832 -0.9512623 0 0.308383 -0.9512623 0 0.1716383 -0.9851601 0 0.1715995 -0.9851669 0 0.08769124 -0.9961477 0 0.08768683 -0.9961482 0 0.001119375 -0.9999994 0 0.001119494 -0.9999994 0 -0.1114659 -0.9937683 4.73015e-7 -0.001824498 -0.9999984 0 -0.001824438 -0.9999983 0 -0.111454 -0.9937697 0 -0.3094316 -0.9509218 2.17569e-6 -0.3094655 -0.9509108 0 -0.754912 -0.6558262 0 -0.7549278 -0.655808 0 -0.9997657 -0.02164697 0 -0.9997658 -0.02164697 0 -0.3710309 0.9286206 0 -0.741395 0.6710689 3.26596e-5 -0.371029 0.9286214 -1.24542e-6 -0.7413949 0.671069 -2.53879e-5 -0.1446418 0.9894842 0 -0.144652 0.9894826 0 -0.008585274 0.9999632 0 -0.008585214 0.9999632 0 -0.9505149 0.3106794 -1.97254e-6 -0.9994761 0.03236883 -1.49533e-5 -0.9994764 0.03235483 3.69027e-5 0.1067819 0.9942825 0 0.001797318 0.9999984 0 0.001797199 0.9999984 0 0.1067736 0.9942834 0 0.2673532 0.9635986 -2.22124e-5 0.267386 0.9635896 0 0.701315 0.7128516 0 0.7013078 0.7128586 0 0.9314324 0.3639146 0 0.9314299 0.3639209 0 0.9998411 0.01782715 0 0.9998408 0.01784563 0 -0.7898109 0.6133505 0 -0.05599081 0.9984314 -1.81834e-5 -0.05599445 0.9984311 1.27116e-4 -0.7898065 0.6133562 0 -0.9993082 0.03719103 -1.08555e-5 -0.9993081 0.03719711 1.09069e-5 0.7940579 0.6078423 0 0.9996757 0.02546727 -1.07276e-5 0.9996758 0.02546727 7.49945e-5 0.7940728 0.6078229 0 0.04318672 0.999067 1.71156e-5 0.04319334 0.9990667 -1.70348e-5 0.7424439 -0.6699082 0 0.1928163 -0.981235 -1.07702e-5 0.1928146 -0.9812352 1.07194e-5 0.7424551 -0.6698959 0 0.9996369 -0.02694833 -1.18587e-5 0.999637 -0.02694362 1.19149e-5 0.1704516 -0.9853661 0 0.1704511 -0.9853662 0 0.166624 -0.9860206 -4.41977e-7 0.08523452 -0.996361 -3.49202e-6 0.08523052 -0.9963613 3.47554e-6 0.1666201 -0.9860212 4.44072e-7 -0.7292066 -0.6842937 0 -0.9982596 -0.05897253 -1.53903e-5 -0.9982597 -0.05897253 1.53177e-5 -0.7292247 -0.6842743 0 -0.06016594 -0.9981884 -1.77494e-5 -0.06020241 -0.9981862 1.78315e-5 -0.9527136 0.30387 0 -0.999963 0.008602559 0 -0.9999629 0.008615255 0 -0.9527151 0.3038653 0 -0.8185559 0.5744269 3.37766e-5 -0.8185707 0.5744059 0 -0.9958651 0.09084534 -1.88873e-5 -0.9958655 0.09084135 1.89768e-5 -0.281993 -0.9594165 0 -0.02129602 -0.9997733 0 -0.02129596 -0.9997732 0 -0.2819844 -0.959419 0 -0.6022279 -0.7983242 -1.25122e-5 -0.6022377 -0.798317 0 -0.9023431 -0.4310186 0 -0.9023403 -0.4310245 0 -0.9993944 -0.03479838 0 -0.9993942 -0.0348035 0 0.8951463 -0.4457726 0 0.9995414 -0.03028231 0 0.9995418 -0.03027182 0 0.8951875 -0.4456898 0 0.589987 -0.8074127 0 0.5899726 -0.8074233 2.65238e-7 0.2826592 -0.9592204 0 0.2826595 -0.9592204 0 0.02753096 -0.999621 0 0.02752965 -0.9996211 0 0.6063761 0.7951781 0 0.4320236 0.9018623 0 0.4320236 0.9018623 0 0.6063752 0.7951787 0 0.7970343 0.6039341 0 0.7970265 0.6039444 0 0.9464958 0.3227161 0 0.9464905 0.3227319 0 0.9993308 0.03657895 0 0.9993319 0.03654867 0 0.7906455 0.6122743 -7.707e-6 0.9991953 0.04010844 -1.33399e-5 0.9991954 0.04010868 1.32769e-5 0.7906408 0.6122804 0 0.4127464 0.9108461 -9.20313e-6 0.4127463 0.9108461 9.24677e-6 0.7245653 -0.6892062 0 0.06570065 -0.9978395 -1.74227e-5 0.06570053 -0.9978394 1.73405e-5 0.7245754 -0.6891956 0 0.9989344 -0.0461536 -1.54282e-5 0.9989336 -0.04617255 1.55013e-5 -0.9853383 -0.1706119 0 -0.9999758 -0.006971776 -3.51266e-6 -0.9999758 -0.006963849 2.45564e-5 -0.9853236 -0.1706973 0 -0.9409294 -0.338603 0 -0.9409329 -0.3385931 0 -0.8651869 -0.5014495 0 -0.8652093 -0.501411 -6.65417e-7 -0.710178 -0.7040222 0 -0.710176 -0.7040242 0 -0.4260195 -0.9047141 0 -0.4260215 -0.904713 2.33989e-6 -0.05947953 -0.9982296 -9.44346e-6 -0.05948197 -0.9982295 9.48823e-6 -0.1767559 0.9842547 0 -0.02887409 0.9995831 -2.64243e-6 -0.02887409 0.9995831 1.84727e-5 -0.1771049 0.984192 0 -0.3632863 0.9316776 -2.66041e-6 -0.3632908 0.9316758 0 -0.519947 0.8541986 0 -0.5199115 0.8542203 0 -0.6655322 0.7463692 0 -0.6655448 0.7463579 0 -0.8587158 0.512452 0 -0.8587657 0.5123685 0 -0.9718173 0.2357357 0 -0.9718155 0.2357428 0 -0.9998166 0.0191546 -4.57541e-6 -0.9998165 0.0191546 4.5971e-6 0.9788487 0.2045858 0 0.999546 0.03013354 -3.37729e-6 0.9995455 0.03014856 3.36134e-6 0.9788478 0.2045899 0 0.9126992 0.4086323 0 0.9127211 0.4085832 0 0.8198226 0.5726177 0 0.819816 0.5726272 0 0.709577 0.7046279 0 0.7095922 0.7046127 0 0.4803047 0.8771017 0 0.4803035 0.8771024 0 0.2424881 0.9701544 0 0.2424874 0.9701546 0 0.02208364 0.9997562 -3.19773e-5 0.02208256 0.9997562 4.5742e-6 0.9506295 -0.310328 0 0.8754046 -0.4833911 -3.79258e-6 0.8754045 -0.4833911 3.77468e-6 0.9506287 -0.3103305 0 0.9997822 -0.02087289 -7.1569e-6 0.9997822 -0.02087289 7.19084e-6 -0.17134 0.985212 0 -0.1713408 0.9852119 0 0 0 -1 0 0 -1 0 0 -1 0 0 -1 0 0 -1 0 0 -1 0 0 -1 0 0 -1 0 0 -1 0 0 -1 0 0 -1 0 0 -1 0 0 -1 0 0 -1 0 0 -1 0 0 -1 0 0 -1 0 0 -1 0 0 -1 0 0 -1 0 0 -1 0 0 -1 0 0 -1 0 0 -1 0 0 -1 -1.42556e-7 0 -1 0 0 -1 0 0 -1 0 0 -1 -1.9862e-7 0 -1 0 0 -1 5.40033e-6 0 1 2.04246e-5 0 1 -6.86486e-6 0 1 -1.02133e-5 0 1 5.20191e-6 0 1 5.10663e-6 0 1 -3.18627e-7 0 1 -1.86389e-6 0 1 1.90717e-6 0 1 -3.12262e-6 0 1 1.00427e-5 0 1 -1.49114e-5 0 1 1.00428e-5 0 1 6.39117e-7 0 1 7.45623e-6 0 1 1 -2.33352e-5 9.74047e-7 1 -1.60038e-5 -3.74728e-6 0.9877334 -0.156149 4.06965e-4 0.9848081 -0.1736466 -8.15187e-6 0.9510604 -0.3090052 6.41504e-5 0.9396923 -0.3420212 1.40739e-5 0.8910096 -0.4539846 7.30279e-5 0.8660257 -0.4999995 -8.37306e-6 0.8090188 -0.5877828 8.14979e-5 0.7660447 -0.6427873 -2.05094e-5 0.7071068 -0.7071068 3.54482e-5 0.6427874 -0.7660446 -2.06095e-5 0.5877857 -0.8090167 -1.67269e-5 0.4999995 -0.8660257 -8.51392e-6 0.4539846 -0.8910096 7.29876e-5 0.3420171 -0.9396938 -3.50297e-5 0.3090052 -0.9510604 6.40415e-5 0.1736467 -0.9848081 -8.02474e-6 0.156149 -0.9877334 4.06836e-4 2.2883e-5 -1 1.10903e-6 1.6354e-5 -1 -3.76505e-6 2.28882e-5 1 1.25397e-6 1.6354e-5 1 -3.74728e-6 0.156149 0.9877334 4.07111e-4 0.1736468 0.9848081 -7.90041e-6 0.3090052 0.9510604 6.41737e-5 0.3420214 0.9396923 1.44281e-5 0.4539847 0.8910096 7.32305e-5 0.4999995 0.8660257 -8.23243e-6 0.5877856 0.8090167 -1.6589e-5 0.6427873 0.7660447 -2.06695e-5 0.7071068 0.7071068 3.55784e-5 0.7660447 0.6427873 -2.05496e-5 0.8090189 0.5877828 8.17397e-5 0.8660258 0.4999996 -8.48062e-6 0.8910076 0.4539886 2.39604e-5 0.9396938 0.342017 -3.50403e-5 0.9510605 0.3090051 6.41071e-5 0.9848081 0.1736466 -8.09902e-6 0.9877334 0.156149 4.069e-4 1 2.31065e-5 1.03359e-6 1 1.57729e-5 -3.76505e-6 -0.9848079 0.1736477 0 -1 1.86637e-5 4.18238e-6 -1 1.86935e-5 -4.16264e-6 -0.9848078 0.1736479 0 -0.9396926 0.3420202 0 -0.9396929 0.3420196 0 -0.8660258 0.4999995 0 -0.766044 0.6427882 0 -0.7660448 0.6427873 0 -0.6427877 0.7660444 0 -0.6427881 0.7660441 0 -0.3420203 0.9396926 0 -0.3420193 0.9396929 0 -0.1736479 0.9848079 0 -0.1736479 0.9848079 0 -1.8388e-5 1 4.16264e-6 -1.84104e-5 1 -4.18238e-6 -1.83806e-5 -1 4.18238e-6 -1.84104e-5 -1 -4.16264e-6 -0.1736481 -0.9848079 0 -0.3420193 -0.9396929 0 -0.3420203 -0.9396926 0 -0.5000003 -0.8660253 0 -0.6427876 -0.7660445 0 -0.7660447 -0.6427873 0 -0.766044 -0.6427882 0 -0.8660256 -0.4999998 0 -0.9396929 -0.3420193 0 -0.9396927 -0.3420199 0 -0.9848079 -0.1736479 0 -0.9848079 -0.1736479 0 -1 -1.89096e-5 4.16264e-6 -1 -1.89096e-5 -4.18238e-6 0 -0.9510575 0.3090139 7.50689e-6 -1 3.24249e-5 -7.47147e-6 -1 3.23951e-5 0 -0.9510572 0.3090152 0 -0.8090171 0.5877853 0 -0.8090187 0.5877829 0 -0.5877836 0.8090182 0 -0.587785 0.8090172 0 -0.309017 0.9510565 0 -0.3090176 0.9510563 5.24793e-5 -3.29763e-5 1 -7.50689e-6 -3.71188e-5 1 0.9510573 -3.19332e-5 0.3090149 0.9876903 -0.1564224 1.38432e-5 1 -8.73208e-6 2.14204e-5 0.148779 -0.9393543 0.3089962 3.71784e-6 -0.9510571 0.3090153 1.49859e-5 -1 2.29031e-5 0.15644 -0.9876875 1.61082e-5 0.1265566 -0.7990485 0.5877967 3.03164e-5 -0.8090188 0.5877829 0.09195184 -0.580559 0.8090093 3.33339e-5 -0.5877886 0.8090146 0.04834085 -0.3052235 0.951053 4.98444e-6 -3.57223e-5 1 2.27429e-5 -0.3090227 0.9510547 2.19177e-5 -4.52399e-5 1 0.2938997 -0.9045299 0.3089479 0.3090206 -0.9510554 2.51681e-5 0.2499983 -0.7694151 0.5877935 0.1816398 -0.5590277 0.8090086 0.09549582 -0.2939138 0.9510495 1.40183e-5 -2.4721e-5 1 0.4317805 -0.8474172 0.3089497 0.4539957 -0.8910039 2.33054e-5 0.3672956 -0.7208586 0.5877558 0.2668626 -0.5236966 0.809028 0.1403211 -0.2753404 0.9510508 4.28408e-5 -3.74466e-5 1 0.5589921 -0.7694399 0.3090147 0.5877783 -0.8090222 1.73152e-5 0.4755376 -0.6545016 0.5877855 0.6113336 -0.7285528 0.3090018 0.7071104 -0.7071032 4.13954e-5 0.345465 -0.4755334 0.8090252 0.520046 -0.6197362 0.5877749 0.181631 -0.2500074 0.9510555 3.51444e-5 -2.63229e-5 1 0.6724889 -0.6724886 0.3090594 0.3778373 -0.450271 0.8090088 0.572079 -0.5720792 0.5877509 0.1986405 -0.2367249 0.9510537 0.728554 -0.611338 0.3089902 0.8090172 -0.587785 3.94881e-5 0.4156243 -0.4156243 0.8090198 0.6197353 -0.5200488 0.5877733 0.2185952 -0.2185952 0.9510165 3.74541e-5 -2.04816e-5 1 0.769432 -0.5590034 0.3090139 0.4502741 -0.3778706 0.8089914 0.6545169 -0.4755211 0.5877817 0.2367287 -0.1986477 0.9510514 0.4755217 -0.3454944 0.8090197 0.823647 -0.4755206 0.3090077 0.8910173 -0.4539693 3.26931e-5 0.2499984 -0.1816365 0.9510568 2.60919e-5 -1.19954e-5 1 0.7006284 -0.4045103 0.587785 0.5090307 -0.2938978 0.809019 0.2676142 -0.1545095 0.9510571 0.8936908 -0.3253024 0.309023 0.9510578 -0.3090131 2.58684e-5 0.7602273 -0.2767062 0.5877825 0.552325 -0.2010302 0.8090267 0.2903831 -0.1056911 0.9510558 4.33326e-5 -5.7295e-6 1 3.67016e-5 3.95626e-6 1 0.936608 -0.1651484 0.3090173 0.7967328 -0.1404857 0.587776 0.8090178 -1.98036e-5 0.5877841 0.5788832 -0.1020725 0.8089966 0.5877925 -3.31439e-5 0.8090118 0.3043281 -0.05366152 0.9510547 0.3090213 -1.64211e-5 0.9510552 5.15133e-5 2.20258e-6 1 -3.01749e-6 -0.9510567 0.3090165 -0.1736413 -0.984809 4.23491e-5 -3.0674e-5 -1 3.31895e-5 4.70225e-6 -4.80413e-5 1 4.80562e-6 -3.57628e-5 1 -2.67401e-5 -0.3090236 0.9510544 -0.936629 -0.1651531 0.3089509 -0.9510565 -1.83433e-5 0.3090171 -1 -1.08483e-5 5.01275e-5 -0.984807 -0.1736528 4.55827e-5 -0.7967365 -0.1404862 0.5877708 -0.8090181 -1.97738e-5 0.5877837 -0.5788865 -0.1020736 0.8089941 -0.5877887 -3.37586e-5 0.8090144 -0.3043648 -0.05366754 0.9510425 -3.39001e-5 -1.59675e-5 1 -5.09051e-5 -4.79817e-6 1 -0.3090212 -1.64416e-5 0.9510552 -0.8936907 -0.325277 0.3090499 -0.939691 -0.3420248 4.23789e-5 -0.7602342 -0.2767033 0.5877748 -0.5523648 -0.2010453 0.8089958 -0.2903751 -0.1056883 0.9510586 -2.64496e-5 -2.09063e-5 1 -0.82363 -0.4755232 0.3090491 -0.8660228 -0.5000047 4.39137e-5 -0.7006366 -0.4045135 0.5877731 -0.5090258 -0.2938872 0.8090261 -0.2676514 -0.1545292 0.9510434 -2.28137e-5 -2.52426e-5 1 -0.7285683 -0.6113415 0.3089494 -0.7660406 -0.6427922 4.16785e-5 -0.6197519 -0.5200338 0.5877692 -0.4502945 -0.3778418 0.8089933 -0.2367151 -0.1986282 0.9510588 -2.13385e-5 -2.91392e-5 1 -0.6113413 -0.728568 0.308951 -0.6427845 -0.7660471 4.372e-5 -0.520032 -0.6197497 0.587773 -0.3778395 -0.4502913 0.8089964 -0.1986578 -0.2367502 0.9510439 -1.17421e-5 -3.2112e-5 1 -0.4755309 -0.8236432 0.3090021 -0.4999932 -0.8660293 4.51952e-5 -0.4045124 -0.7006368 0.5877737 -0.2939038 -0.5090572 0.8090003 -0.1545141 -0.2676282 0.9510524 -1.33291e-5 -4.26769e-5 1 2.65986e-6 -2.08467e-5 1 -0.3252778 -0.8936932 0.3090422 -0.3420144 -0.9396948 4.26471e-5 -0.2767045 -0.7602397 0.5877671 -0.2010312 -0.5523301 0.809023 -0.1056916 -0.290384 0.9510554 -0.1651497 -0.9366123 0.3090032 -0.1404858 -0.7967349 0.5877733 -3.22461e-5 -0.8090208 0.5877801 -2.38195e-5 -0.5877907 0.8090131 -0.102066 -0.5788438 0.8090257 -0.05365914 -0.3043168 0.9510585 0.987687 0.1564429 4.72069e-5 0.9510582 8.43406e-6 0.3090118 1 1.10137e-5 2.13385e-5 3.30657e-5 0.951057 0.3090156 0.1564173 0.9876911 5.86808e-5 3.2708e-5 1 5.16227e-5 -5.01983e-7 5.35846e-5 1 -2.92435e-6 3.39597e-5 1 8.89599e-6 0.3090185 0.9510561 0.9393541 0.1487791 0.308996 0.799049 0.1265572 0.587796 0.8090212 2.62857e-5 0.5877797 0.5805622 0.09195244 0.8090071 0.5877912 3.14042e-5 0.8090127 0.3052265 0.04834175 0.9510521 3.52944e-5 6.84708e-6 1 0.3090223 2.40263e-5 0.9510549 4.62681e-5 2.06828e-5 1 0.9045153 0.293895 0.3089951 0.9510551 0.3090213 2.68072e-5 0.7694153 0.2499978 0.5877936 0.559026 0.1816391 0.8090101 0.2939167 0.09549635 0.9510487 2.99513e-5 1.3072e-5 1 0.8474308 0.4317873 0.3089024 0.8910052 0.4539933 2.97576e-5 0.7208589 0.3672964 0.5877549 0.5236966 0.2668628 0.809028 0.2753385 0.1403301 0.9510501 3.40641e-5 4.39286e-5 1 0.7694084 0.5590333 0.3090189 0.8090202 0.587781 1.69277e-5 0.6545317 0.4755038 0.5877792 0.7285527 0.6113331 0.3090031 0.7071018 0.7071118 3.72529e-5 0.475528 0.3454973 0.8090147 0.619734 0.5200512 0.5877725 0.2500035 0.1816314 0.9510564 2.32682e-5 3.60236e-5 1 0.6725117 0.6725118 0.3089595 0.4502736 0.3778734 0.8089903 0.5720775 0.5720777 0.587754 0.2367256 0.1986416 0.9510535 0.6113381 0.7285559 0.3089855 0.5877847 0.8090174 3.09348e-5 0.4156524 0.4156529 0.8089906 0.5200483 0.6197355 0.5877735 0.2185972 0.2185974 0.9510155 1.9528e-5 4.00245e-5 1 0.5590413 0.7694016 0.3090213 0.377826 0.4502701 0.8090146 0.4755207 0.6545169 0.5877819 0.1986459 0.2367275 0.951052 0.3454977 0.4755141 0.8090227 0.4755201 0.8236423 0.309021 0.4539695 0.8910173 3.11136e-5 0.1816094 0.2500392 0.9510512 1.07139e-5 2.82153e-5 1 0.4045046 0.7006291 0.5877881 0.2938995 0.5090268 0.809021 0.1545107 0.2676106 0.9510579 0.3253012 0.8936905 0.3090249 0.3090142 0.9510574 2.80142e-5 0.2767064 0.7602271 0.5877826 0.2010307 0.5523267 0.8090254 0.1056877 0.2903759 0.9510583 2.30223e-6 3.30508e-5 1 0.1651986 0.936604 0.3090024 0.1404851 0.7967326 0.5877766 1.89319e-5 0.8090183 0.5877835 0.1020717 0.5788801 0.808999 3.17246e-5 0.5877912 0.8090128 0.0536611 0.3043254 0.9510555 -3.59267e-5 3.00258e-6 1 -3.31849e-5 -1.33738e-6 1 -0.3090182 6.40191e-6 0.9510561 -0.1487756 0.9393481 0.3090161 -4.03821e-6 0.9510571 0.3090153 -1.10504e-5 1 3.84003e-5 -0.1736522 0.984807 5.61774e-5 -0.1265617 0.7990768 0.5877572 -3.03164e-5 0.8090188 0.5877829 -0.09195154 0.5805604 0.8090084 -3.34643e-5 0.5877895 0.8090139 -0.04834544 0.3052426 0.9510467 -1.75564e-5 3.81172e-5 1 -8.15932e-6 3.23354e-5 1 -2.36798e-5 0.3090223 0.9510548 -0.2938777 0.9045202 0.3089969 -0.342023 0.9396917 2.77907e-5 -0.2499981 0.7694134 0.5877958 -0.1816388 0.5590269 0.8090096 -0.09550034 0.2939198 0.9510474 -2.37972e-5 3.75211e-5 1 -0.4317719 0.8473973 0.3090162 -0.5000097 0.8660199 3.80874e-5 -0.3673079 0.7208423 0.5877682 -0.2668521 0.5237275 0.8090115 -0.1402845 0.2753222 0.9510616 -2.64272e-5 3.15607e-5 1 -0.559025 0.769415 0.3090174 -0.642789 0.7660433 1.9744e-5 -0.4755332 0.6545016 0.587789 -0.6113097 0.7285641 0.3090224 -0.3454928 0.4755256 0.8090181 -0.5200469 0.6197359 0.5877744 -0.1816285 0.2500211 0.9510524 -2.80291e-5 2.81036e-5 1 -0.6724974 0.6724951 0.3090269 -0.7660458 0.642786 2.20835e-5 -0.377828 0.4502699 0.8090137 -0.5720787 0.5720788 0.5877517 -0.1986757 0.2367207 0.9510475 -3.41311e-5 1.5974e-5 1 -0.7285398 0.6113442 0.3090112 -0.4156238 0.415624 0.8090202 -0.6197355 0.5200474 0.5877742 -0.2185272 0.2185265 0.9510478 -0.7694256 0.5590153 0.3090089 -0.8660293 0.4999933 5.59092e-5 -0.4502702 0.3778259 0.8090145 -0.6545163 0.4755218 0.5877817 -0.2367206 0.1986774 0.9510472 -3.60757e-5 2.07871e-5 1 -0.4755216 0.3454946 0.8090197 -0.823629 0.4755445 0.3090193 -0.25005 0.1816363 0.9510433 -0.7006424 0.4044925 0.5877807 -0.5090376 0.2938925 0.8090167 -0.2676383 0.1544847 0.9510543 -2.81483e-5 -2.69711e-6 1 -0.8936907 0.3252766 0.3090503 -0.9396939 0.3420164 4.13507e-5 -0.7602345 0.2767024 0.5877749 -0.5523458 0.201026 0.8090134 -0.2903777 0.1056897 0.9510576 -5.57452e-5 1.45063e-5 1 -0.9366121 0.1651501 0.3090038 -1 3.07262e-5 3.89821e-5 -0.9510567 1.8388e-5 0.3090169 -0.984807 0.1736525 6.01709e-5 -0.7967324 0.1404858 0.5877766 -0.8090183 1.98409e-5 0.5877835 -0.5788838 0.1020734 0.8089961 -0.5877896 3.37623e-5 0.8090139 -0.3043114 0.05365836 0.9510601 -7.5069e-6 1 3.22312e-5 7.47148e-6 1 3.21716e-5 0 0.9510558 0.3090194 0 0.9510589 0.3090099 0 0.8090109 0.5877936 0 0.8090221 0.5877783 0 0.587783 0.8090187 0 0.5877845 0.8090175 0 0.3090218 0.9510549 0 0.3090162 0.9510568 7.50689e-6 3.50028e-5 1 -7.47147e-6 3.71039e-5 1</float_array>
          <technique_common>
            <accessor source="#ultrasonic_hysrf05-mesh-normals-array" count="2902" stride="3">
              <param name="X" type="float"/>
              <param name="Y" type="float"/>
              <param name="Z" type="float"/>
            </accessor>
          </technique_common>
        </source>
        <vertices id="ultrasonic_hysrf05-mesh-vertices">
          <input semantic="POSITION" source="#ultrasonic_hysrf05-mesh-positions"/>
        </vertices>
        <triangles material="mat_0-material" count="1720">
          <input semantic="VERTEX" source="#ultrasonic_hysrf05-mesh-vertices" offset="0"/>
          <input semantic="NORMAL" source="#ultrasonic_hysrf05-mesh-normals" offset="1"/>
          <p>21 0 0 1 1 2 21 0 20 3 0 1 22 4 1 2 2 5 22 4 21 0 1 2 23 6 2 5 3 7 23 6 22 4 2 5 24 8 3 7 4 9 24 8 23 6 3 7 25 10 4 9 5 11 25 10 24 8 4 9 26 12 5 11 6 13 26 12 25 10 5 11 27 14 6 13 7 15 27 14 26 12 6 13 28 16 7 15 8 17 28 16 27 14 7 15 29 18 8 17 9 19 29 18 28 16 8 17 30 20 9 19 10 21 30 20 29 18 9 19 31 22 10 21 11 23 31 22 30 20 10 21 32 24 11 23 12 25 32 24 31 22 11 23 33 26 12 25 13 27 33 26 32 24 12 25 34 28 13 27 14 29 34 28 33 26 13 27 35 30 34 28 14 29 35 30 14 29 15 31 35 30 15 31 16 32 36 33 35 30 16 32 37 34 36 33 16 32 37 34 16 32 17 35 37 34 17 35 18 36 19 37 37 34 18 36 59 38 38 39 39 40 59 38 58 41 38 39 60 42 39 40 40 43 60 42 59 38 39 40 61 44 40 43 41 45 61 44 60 42 40 43 62 46 41 45 42 47 62 46 61 44 41 45 63 48 42 47 43 49 63 48 62 46 42 47 64 12 43 49 44 50 64 12 63 48 43 49 65 51 44 50 45 52 65 51 64 12 44 50 66 53 45 52 46 54 66 53 65 51 45 52 67 55 46 54 47 56 67 55 66 53 46 54 68 57 47 56 48 58 68 57 67 55 47 56 69 59 48 58 49 60 69 59 68 57 48 58 70 61 49 60 50 62 70 61 69 59 49 60 71 63 50 62 51 64 71 63 70 61 50 62 72 65 51 64 52 66 72 65 71 63 51 64 73 67 72 65 52 66 73 67 52 66 53 68 74 69 73 67 53 68 74 69 53 68 54 70 75 71 74 69 54 70 75 71 54 70 55 72 57 73 75 71 55 72 57 73 55 72 56 74 79 75 94 76 78 77 79 75 95 78 94 76 80 79 96 80 95 78 80 79 95 78 79 75 81 81 97 82 96 80 81 81 96 80 80 79 82 83 98 84 97 82 82 83 97 82 81 81 83 85 99 86 98 84 83 85 100 87 99 86 83 85 98 84 82 83 84 88 100 87 83 85 85 89 101 90 100 87 85 89 102 91 101 90 85 89 100 87 84 88 86 91 102 91 85 89 87 92 103 93 102 91 87 92 102 91 86 91 88 94 104 95 103 93 88 94 103 93 87 92 89 96 105 97 104 95 89 96 104 95 88 94 90 98 106 99 105 97 90 98 105 97 89 96 91 100 107 101 106 99 91 100 106 99 90 98 92 102 108 103 107 101 92 102 107 101 91 100 93 104 109 105 108 103 93 104 108 103 92 102 77 106 109 105 93 104 77 106 76 107 109 105 146 108 110 109 111 110 146 108 147 111 110 109 145 112 111 110 112 113 145 112 146 108 111 110 144 114 112 113 113 115 144 114 145 112 112 113 143 116 113 115 114 117 143 116 144 114 113 115 142 118 114 117 115 119 142 118 143 116 114 117 141 120 115 119 116 121 141 120 142 118 115 119 140 122 116 121 117 123 140 122 141 120 116 121 139 124 117 123 118 125 139 124 140 122 117 123 138 126 118 125 119 127 138 126 139 124 118 125 137 128 119 127 120 129 137 128 138 126 119 127 136 130 120 129 121 131 136 130 137 128 120 129 135 132 121 131 122 133 135 132 136 130 121 131 134 134 122 133 123 135 134 134 135 132 122 133 133 136 123 135 124 137 133 136 134 134 123 135 132 138 133 136 124 137 132 138 124 137 125 139 132 138 125 139 126 140 131 141 132 138 126 140 130 142 131 141 126 140 130 142 126 140 127 143 130 142 127 143 128 144 129 145 130 142 128 144 151 146 166 147 150 148 151 146 167 149 166 147 152 150 168 151 167 149 152 150 167 149 151 146 153 152 169 153 168 151 153 152 168 151 152 150 154 154 170 155 169 153 154 154 169 153 153 152 155 156 171 157 170 155 155 156 172 158 171 157 155 156 170 155 154 154 156 159 172 158 155 156 157 160 173 161 172 158 157 160 174 91 173 161 157 160 172 158 156 159 158 91 174 91 157 160 159 162 175 163 174 91 159 162 174 91 158 91 160 164 176 165 175 163 160 164 175 163 159 162 161 166 177 167 176 165 161 166 176 165 160 164 162 168 178 169 177 167 162 168 177 167 161 166 163 170 179 171 178 169 163 170 178 169 162 168 164 172 180 173 179 171 164 172 179 171 163 170 165 174 181 175 180 173 165 174 180 173 164 172 149 176 181 175 165 174 149 176 148 177 181 175 203 178 200 179 199 180 203 178 202 181 200 179 204 182 199 180 198 183 204 182 203 178 199 180 205 184 198 183 197 185 205 184 204 182 198 183 206 186 197 185 196 187 206 186 205 184 197 185 207 188 196 187 195 189 207 188 206 186 196 187 208 190 195 189 194 191 208 190 207 188 195 189 209 192 194 191 193 193 209 192 208 190 194 191 210 194 193 193 192 195 210 194 209 192 193 193 211 196 192 195 191 197 211 196 210 194 192 195 212 198 191 197 190 199 212 198 211 196 191 197 213 200 190 199 189 201 213 200 212 198 190 199 214 202 189 201 188 203 214 202 213 200 189 201 215 204 188 203 187 205 215 204 214 202 188 203 216 206 187 205 186 207 216 206 215 204 187 205 217 208 216 206 186 207 217 208 186 207 185 209 218 210 185 209 184 211 218 210 217 208 185 209 219 212 184 211 183 213 219 212 218 210 184 211 201 214 183 213 182 215 201 214 219 212 183 213 256 216 220 217 221 218 256 216 257 219 220 217 255 220 221 218 222 221 255 220 256 216 221 218 254 222 222 221 223 223 254 222 255 220 222 221 253 224 223 223 224 225 253 224 254 222 223 223 252 226 224 225 225 227 252 226 253 224 224 225 251 228 225 227 226 229 251 228 252 226 225 227 250 230 226 229 227 231 250 230 251 228 226 229 249 232 227 231 228 233 249 232 250 230 227 231 248 234 228 233 229 235 248 234 249 232 228 233 247 236 229 235 230 237 247 236 248 234 229 235 246 15 230 237 231 238 246 15 247 236 230 237 245 239 231 238 232 240 245 239 246 15 231 238 244 11 232 240 233 241 244 11 245 239 232 240 243 242 233 241 234 243 243 242 244 11 233 241 242 244 243 242 234 243 242 244 234 243 235 245 242 244 235 245 236 246 241 247 242 244 236 246 240 248 241 247 236 246 240 248 236 246 237 249 240 248 237 249 238 250 239 251 240 248 238 250 261 252 276 253 260 254 261 252 277 255 276 253 262 256 278 257 277 255 262 256 277 255 261 252 263 258 279 259 278 257 263 258 278 257 262 256 264 260 280 261 279 259 264 260 279 259 263 258 265 262 281 263 280 261 265 262 282 264 281 263 265 262 280 261 264 260 266 265 282 264 265 262 267 266 283 267 282 264 267 266 284 91 283 267 267 266 282 264 266 265 268 91 284 91 267 266 269 268 285 269 284 91 269 268 284 91 268 91 270 270 286 271 285 269 270 270 285 269 269 268 271 272 287 273 286 271 271 272 286 271 270 270 272 274 288 275 287 273 272 274 287 273 271 272 273 276 289 277 288 275 273 276 288 275 272 274 274 278 290 279 289 277 274 278 289 277 273 276 275 280 291 281 290 279 275 280 290 279 274 278 259 282 291 281 275 280 259 282 258 283 291 281 313 284 310 285 309 286 313 284 312 287 310 285 314 288 309 286 308 289 314 288 313 284 309 286 315 290 308 289 307 291 315 290 314 288 308 289 316 292 307 291 306 293 316 292 315 290 307 291 317 64 306 293 305 294 317 64 316 292 306 293 318 295 305 294 304 296 318 295 317 64 305 294 319 297 304 296 303 298 319 297 318 295 304 296 320 299 303 298 302 300 320 299 319 297 303 298 321 301 302 300 301 302 321 301 320 299 302 300 322 303 301 302 300 304 322 303 321 301 301 302 323 305 300 304 299 306 323 305 322 303 300 304 324 307 299 306 298 308 324 307 323 305 299 306 325 10 298 308 297 48 325 10 324 307 298 308 326 309 297 48 296 310 326 309 325 10 297 48 327 311 326 309 296 310 327 311 296 310 295 312 328 313 295 312 294 314 328 313 327 311 295 312 329 315 294 314 293 316 329 315 328 313 294 314 311 317 293 316 292 318 311 317 329 315 293 316 366 319 330 320 331 321 366 319 367 322 330 320 365 112 331 321 332 323 365 112 366 319 331 321 364 324 332 323 333 325 364 324 365 112 332 323 363 116 333 325 334 326 363 116 364 324 333 325 362 327 334 326 335 328 362 327 363 116 334 326 361 329 335 328 336 61 361 329 362 327 335 328 360 330 336 61 337 331 360 330 361 329 336 61 359 332 337 331 338 333 359 332 360 330 337 331 358 334 338 333 339 335 358 334 359 332 338 333 357 336 339 335 340 337 357 336 358 334 339 335 356 338 340 337 341 305 356 338 357 336 340 337 355 339 341 305 342 340 355 339 356 338 341 305 354 341 342 340 343 342 354 341 355 339 342 340 353 343 343 342 344 344 353 343 354 341 343 342 352 345 353 343 344 344 352 345 344 344 345 346 352 345 345 346 346 347 351 348 352 345 346 347 350 349 351 348 346 347 350 349 346 347 347 350 350 349 347 350 348 351 349 352 350 349 348 351 371 353 386 354 370 107 371 353 387 355 386 354 372 356 388 357 387 355 372 356 387 355 371 353 373 358 389 259 388 357 373 358 388 357 372 356 374 359 390 360 389 259 374 359 389 259 373 358 375 361 391 362 390 360 375 361 392 363 391 362 375 361 390 360 374 359 376 364 392 363 375 361 377 365 393 366 392 363 377 365 394 91 393 366 377 365 392 363 376 364 378 91 394 91 377 365 379 367 395 368 394 91 379 367 394 91 378 91 380 369 396 370 395 368 380 369 395 368 379 367 381 371 397 372 396 370 381 371 396 370 380 369 382 373 398 374 397 372 382 373 397 372 381 371 383 375 399 376 398 374 383 375 398 374 382 373 384 377 400 378 399 376 384 377 399 376 383 375 385 379 401 380 400 378 385 379 400 378 384 377 369 381 401 380 385 379 369 381 368 382 401 380 423 383 420 384 419 385 423 383 422 386 420 384 424 387 419 385 418 388 424 387 423 383 419 385 425 389 418 388 417 390 425 389 424 387 418 388 426 186 417 390 416 391 426 186 425 389 417 390 427 392 416 391 415 26 427 392 426 186 416 391 428 393 415 26 414 191 428 393 427 392 415 26 429 394 414 191 413 395 429 394 428 393 414 191 430 58 413 395 412 396 430 58 429 394 413 395 431 397 412 396 411 398 431 397 430 58 412 396 432 399 411 398 410 400 432 399 431 397 411 398 433 401 410 400 409 402 433 401 432 399 410 400 434 240 409 402 408 403 434 240 433 401 409 402 435 49 408 403 407 48 435 49 434 240 408 403 436 309 407 48 406 404 436 309 435 49 407 48 437 405 436 309 406 404 437 405 406 404 405 406 438 407 405 406 404 408 438 407 437 405 405 406 439 409 404 408 403 410 439 409 438 407 404 408 421 411 403 410 402 412 421 411 439 409 403 410 461 216 458 413 457 414 461 216 460 415 458 413 462 416 457 414 456 417 462 416 461 216 457 414 463 418 456 417 455 419 463 418 462 416 456 417 464 420 455 419 454 421 464 420 463 418 455 419 465 422 454 421 453 423 465 422 464 420 454 421 466 424 453 423 452 425 466 424 465 422 453 423 467 426 452 425 451 427 467 426 466 424 452 425 468 428 451 427 450 429 468 428 467 426 451 427 469 430 450 429 449 431 469 430 468 428 450 429 470 432 449 431 448 433 470 432 469 430 449 431 471 434 448 433 447 435 471 434 470 432 448 433 472 436 447 435 446 437 472 436 471 434 447 435 473 438 446 437 445 135 473 438 472 436 446 437 474 439 445 135 444 137 474 439 473 438 445 135 475 440 474 439 444 137 475 440 444 137 443 441 476 442 443 441 442 443 476 442 475 440 443 441 477 444 442 443 441 445 477 444 476 442 442 443 459 446 441 445 440 447 459 446 477 444 441 445 494 448 496 449 495 450 494 448 511 451 496 449 493 452 510 453 511 451 493 452 511 451 494 448 492 454 508 455 509 456 492 454 509 456 510 453 492 454 510 453 493 452 491 457 507 96 508 455 491 457 508 455 492 454 490 458 506 459 507 96 490 458 507 96 491 457 489 460 506 459 490 458 488 461 505 462 506 459 488 461 506 459 489 460 487 463 504 464 505 462 487 463 505 462 488 461 486 465 503 466 504 464 486 465 504 464 487 463 485 467 502 468 503 466 485 467 503 466 486 465 484 469 501 372 502 468 484 469 502 468 485 467 483 470 500 471 501 372 483 470 501 372 484 469 482 82 499 472 500 471 482 82 500 471 483 470 481 473 498 474 499 472 481 473 499 472 482 82 480 475 497 476 498 474 480 475 498 474 481 473 479 477 478 283 497 476 479 477 497 476 480 475 548 478 512 479 513 480 548 478 549 481 512 479 547 482 513 480 514 483 547 482 548 478 513 480 546 484 514 483 515 115 546 484 547 482 514 483 545 485 515 115 516 65 545 485 546 484 515 115 544 64 516 65 517 294 544 64 545 485 516 65 543 486 517 294 518 487 543 486 544 64 517 294 542 488 518 487 519 489 542 488 543 486 518 487 541 490 519 489 520 396 541 490 542 488 519 489 540 491 520 396 521 492 540 491 541 490 520 396 539 399 521 492 522 304 539 399 540 491 521 492 538 493 522 304 523 494 538 493 539 399 522 304 537 495 523 494 524 496 537 495 524 496 525 497 537 495 538 493 523 494 536 48 537 495 525 497 535 498 525 497 526 207 535 498 536 48 525 497 534 45 535 498 526 207 534 45 526 207 527 441 534 45 527 441 528 499 533 500 534 45 528 499 532 501 533 500 528 499 532 501 528 499 529 502 531 503 532 501 529 502 531 503 529 502 530 504 551 505 550 506 552 507 587 508 552 507 553 509 587 508 551 505 552 507 586 510 553 509 554 511 586 510 587 508 553 509 585 512 554 511 555 513 585 512 586 510 554 511 584 514 555 513 556 515 584 514 585 512 555 513 583 516 556 515 557 517 583 516 584 514 556 515 582 518 583 516 557 517 581 519 557 517 558 520 581 519 558 520 559 521 581 519 582 518 557 517 580 522 581 519 559 521 579 523 559 521 560 524 579 523 560 524 561 525 579 523 580 522 559 521 578 526 579 523 561 525 577 527 561 525 562 528 577 527 578 526 561 525 576 529 562 528 563 530 576 529 577 527 562 528 575 531 563 530 564 532 575 531 576 529 563 530 574 533 564 532 565 534 574 533 575 531 564 532 573 535 574 533 565 534 573 535 565 534 566 536 573 535 566 536 567 537 572 538 573 535 567 537 571 539 572 538 567 537 571 539 567 537 568 540 570 541 571 539 568 540 570 541 568 540 569 542 644 543 611 543 610 543 643 544 610 544 609 544 643 545 644 545 610 545 645 546 612 546 611 546 645 547 611 547 644 547 642 544 609 544 608 544 642 544 643 544 609 544 646 544 613 544 612 544 646 544 612 544 645 544 641 544 608 544 607 544 641 548 642 548 608 548 647 544 613 544 646 544 647 549 614 549 613 549 640 544 606 544 605 544 640 544 607 544 606 544 640 544 641 544 607 544 648 550 615 550 614 550 648 551 616 551 615 551 648 544 614 544 647 544 639 544 605 544 604 544 639 552 640 552 605 552 649 544 616 544 648 544 649 553 617 553 616 553 638 554 639 554 604 554 638 544 604 544 603 544 650 544 617 544 649 544 650 544 618 544 617 544 637 544 638 544 603 544 651 544 618 544 650 544 619 555 618 555 651 555 602 544 637 544 603 544 636 544 637 544 602 544 652 556 619 556 651 556 620 557 619 557 652 557 601 558 636 558 602 558 635 547 636 547 601 547 653 559 620 559 652 559 621 544 620 544 653 544 621 544 653 544 654 544 600 560 635 560 601 560 600 561 634 561 635 561 622 544 621 544 654 544 622 562 654 562 655 562 599 563 633 563 634 563 599 544 634 544 600 544 623 544 655 544 624 544 623 564 622 564 655 564 598 565 632 565 633 565 598 544 633 544 599 544 597 566 632 566 598 566 588 544 623 544 624 544 596 567 631 567 632 567 596 568 632 568 597 568 589 569 624 569 625 569 589 544 588 544 624 544 595 544 631 544 596 544 595 570 630 570 631 570 590 571 625 571 626 571 590 572 589 572 625 572 591 544 626 544 627 544 591 544 590 544 626 544 594 573 629 573 630 573 594 544 630 544 595 544 592 544 627 544 628 544 592 544 591 544 627 544 593 555 629 555 594 555 593 574 592 574 628 574 593 575 628 575 629 575 671 576 673 577 672 578 671 576 689 579 673 577 670 580 687 581 688 582 670 580 688 582 689 579 670 580 689 579 671 576 669 583 687 581 670 580 668 584 686 585 687 581 668 584 687 581 669 583 667 586 685 587 686 585 667 586 686 585 668 584 666 588 683 589 684 590 666 588 684 590 685 587 666 588 685 587 667 586 665 591 683 589 666 588 664 592 682 593 683 589 664 592 683 589 665 591 663 594 681 595 682 593 663 594 682 593 664 592 662 596 680 597 681 595 662 596 681 595 663 594 661 598 679 599 680 597 661 598 680 597 662 596 660 600 678 601 679 599 660 600 679 599 661 598 659 602 677 603 678 601 659 602 678 601 660 600 658 604 676 605 677 603 658 604 677 603 659 602 657 606 675 607 676 605 657 606 676 605 658 604 656 608 674 609 675 607 656 608 675 607 657 606 730 610 694 610 695 610 729 611 693 611 694 611 729 612 694 612 730 612 731 613 695 613 696 613 731 613 730 613 695 613 728 614 692 614 693 614 728 615 693 615 729 615 732 616 696 616 697 616 732 613 731 613 696 613 727 613 691 613 692 613 727 617 692 617 728 617 733 613 732 613 697 613 733 618 697 618 698 618 726 613 690 613 691 613 726 619 691 619 727 619 726 613 725 613 690 613 734 613 733 613 698 613 734 620 698 620 699 620 734 621 699 621 700 621 757 613 724 613 725 613 757 613 725 613 726 613 735 622 700 622 701 622 735 613 734 613 700 613 756 623 724 623 757 623 756 613 723 613 724 613 736 624 701 624 702 624 736 613 735 613 701 613 755 613 723 613 756 613 737 613 736 613 702 613 703 613 737 613 702 613 722 625 723 625 755 625 754 613 722 613 755 613 738 613 737 613 703 613 704 613 738 613 703 613 721 626 722 626 754 626 753 613 721 613 754 613 739 627 738 627 704 627 705 613 739 613 704 613 705 628 740 628 739 628 720 613 721 613 753 613 720 629 753 629 752 629 706 630 741 630 740 630 706 631 740 631 705 631 719 613 720 613 752 613 719 632 752 632 751 632 707 613 742 613 741 613 707 613 741 613 706 613 718 633 751 633 750 633 718 613 719 613 751 613 717 613 718 613 750 613 708 613 742 613 707 613 716 634 750 634 749 634 716 613 717 613 750 613 709 613 743 613 742 613 709 613 742 613 708 613 715 635 749 635 748 635 715 613 716 613 749 613 710 636 744 636 743 636 710 637 743 637 709 637 711 638 745 638 744 638 711 613 744 613 710 613 714 639 748 639 747 639 714 613 715 613 748 613 712 613 746 613 745 613 712 640 745 640 711 640 713 613 714 613 747 613 713 641 746 641 712 641 713 642 747 642 746 642 779 643 759 644 758 645 779 643 758 645 777 646 780 647 777 646 776 648 780 647 779 643 777 646 781 649 776 648 775 650 781 649 780 647 776 648 782 651 775 650 774 652 782 651 781 649 775 650 783 653 774 652 773 654 783 653 782 651 774 652 784 655 773 654 772 656 784 655 783 653 773 654 785 657 772 656 771 658 785 657 784 655 772 656 786 659 771 658 770 660 786 659 785 657 771 658 787 661 770 660 769 662 787 661 786 659 770 660 788 663 769 662 768 664 788 663 787 661 769 662 789 665 768 664 767 666 789 665 788 663 768 664 790 667 767 666 766 668 790 667 789 665 767 666 791 669 766 668 765 670 791 669 790 667 766 668 792 671 765 670 764 672 792 671 791 669 765 670 793 673 792 671 764 672 793 673 764 672 763 674 794 675 793 673 763 674 794 675 763 674 762 676 795 677 761 678 760 679 795 677 762 676 761 678 795 677 794 675 762 676 778 680 795 677 760 679 817 681 797 682 796 683 817 681 796 683 815 684 818 685 815 684 814 686 818 685 817 681 815 684 819 687 814 686 813 688 819 687 818 685 814 686 820 689 813 688 812 690 820 689 819 687 813 688 821 691 812 690 811 692 821 691 820 689 812 690 822 693 811 692 810 694 822 693 821 691 811 692 823 695 810 694 809 696 823 695 822 693 810 694 824 697 809 696 808 698 824 697 823 695 809 696 825 699 808 698 807 700 825 699 824 697 808 698 826 701 807 700 806 664 826 701 825 699 807 700 827 702 806 664 805 528 827 702 826 701 806 664 828 703 805 528 804 704 828 703 827 702 805 528 829 705 804 704 803 706 829 705 828 703 804 704 830 707 803 706 802 708 830 707 829 705 803 706 831 709 830 707 802 708 831 709 802 708 801 710 832 711 831 709 801 710 832 711 801 710 800 712 833 713 800 712 799 540 833 713 832 711 800 712 816 714 799 540 798 715 816 714 833 713 799 540 890 716 856 716 857 716 889 544 855 544 856 544 889 559 856 559 890 559 891 717 857 717 858 717 891 556 890 556 857 556 888 544 854 544 855 544 888 544 855 544 889 544 892 544 858 544 859 544 892 544 891 544 858 544 887 544 853 544 854 544 887 718 854 718 888 718 893 544 892 544 859 544 893 553 859 553 860 553 886 544 851 544 852 544 886 544 852 544 853 544 886 544 853 544 887 544 894 551 860 551 861 551 894 550 861 550 862 550 894 544 893 544 860 544 885 544 850 544 851 544 885 719 851 719 886 719 895 544 894 544 862 544 895 549 862 549 863 549 884 720 850 720 885 720 884 544 849 544 850 544 896 544 895 544 863 544 896 544 863 544 864 544 883 544 849 544 884 544 897 544 896 544 864 544 865 560 897 560 864 560 848 544 849 544 883 544 882 544 848 544 883 544 898 547 897 547 865 547 866 721 898 721 865 721 847 574 848 574 882 574 881 556 847 556 882 556 899 545 898 545 866 545 867 544 899 544 866 544 867 544 900 544 899 544 846 555 847 555 881 555 846 573 881 573 880 573 868 544 900 544 867 544 868 722 901 722 900 722 845 570 880 570 879 570 845 544 846 544 880 544 869 544 870 544 901 544 869 723 901 723 868 723 844 567 879 567 878 567 844 544 845 544 879 544 843 568 844 568 878 568 834 544 870 544 869 544 842 565 878 565 877 565 842 566 843 566 878 566 835 724 871 724 870 724 835 544 870 544 834 544 841 544 842 544 877 544 841 563 877 563 876 563 836 725 872 725 871 725 836 726 871 726 835 726 837 544 873 544 872 544 837 544 872 544 836 544 840 561 876 561 875 561 840 544 841 544 876 544 838 544 874 544 873 544 838 544 873 544 837 544 839 560 840 560 875 560 839 558 874 558 838 558 839 727 875 727 874 727 903 728 919 729 902 730 903 728 920 731 919 729 904 732 921 733 920 731 904 732 920 731 903 728 905 734 922 735 921 733 905 734 923 736 922 735 905 734 921 733 904 732 906 737 923 736 905 734 907 738 924 739 923 736 907 738 923 736 906 737 908 740 925 741 924 739 908 740 926 742 925 741 908 740 924 739 907 738 909 743 926 742 908 740 910 592 927 593 926 742 910 592 926 742 909 743 911 744 928 745 927 593 911 744 927 593 910 592 912 746 929 747 928 745 912 746 928 745 911 744 913 748 930 599 929 747 913 748 929 747 912 746 914 749 931 750 930 599 914 749 930 599 913 748 915 751 932 752 931 750 915 751 931 750 914 749 916 753 933 754 932 752 916 753 932 752 915 751 917 755 934 756 933 754 917 755 935 757 934 756 917 755 933 754 916 753 918 758 935 757 917 755 937 759 936 760 938 761 973 762 938 761 939 763 973 762 937 759 938 761 972 764 939 763 940 765 972 764 973 762 939 763 971 766 940 765 941 767 971 766 972 764 940 765 970 768 941 767 942 769 970 768 971 766 941 767 969 770 942 769 943 771 969 770 970 768 942 769 968 772 943 771 944 773 968 772 969 770 943 771 967 519 944 773 945 774 967 519 968 772 944 773 966 775 945 774 946 776 966 775 967 519 945 774 965 777 966 775 946 776 964 778 946 776 947 779 964 778 947 779 948 780 964 778 965 777 946 776 963 781 948 780 949 782 963 781 964 778 948 780 962 783 949 782 950 784 962 783 963 781 949 782 961 785 950 784 951 786 961 785 962 783 950 784 960 787 961 785 951 786 959 788 960 787 951 786 959 788 951 786 952 789 958 790 959 788 952 789 958 790 952 789 953 791 957 792 958 790 953 791 957 792 953 791 954 793 956 794 957 792 954 793 956 794 954 793 955 795 1014 796 979 796 978 796 1013 797 978 797 977 797 1013 627 1014 627 978 627 1015 613 980 613 979 613 1015 613 979 613 1014 613 1012 798 977 798 976 798 1012 799 1013 799 977 799 1016 624 981 624 980 624 1016 613 980 613 1015 613 1011 613 976 613 975 613 1011 800 1012 800 976 800 1017 613 981 613 1016 613 1017 622 982 622 981 622 1010 613 975 613 974 613 1010 801 1011 801 975 801 1010 613 974 613 1009 613 1018 613 982 613 1017 613 1018 621 983 621 982 621 1018 620 984 620 983 620 1041 613 1009 613 1008 613 1041 613 1010 613 1009 613 1019 618 985 618 984 618 1019 613 984 613 1018 613 1040 802 1041 802 1008 802 1040 613 1008 613 1007 613 1020 616 986 616 985 616 1020 613 985 613 1019 613 1039 613 1040 613 1007 613 1021 613 986 613 1020 613 987 613 986 613 1021 613 1006 640 1039 640 1007 640 1038 613 1039 613 1006 613 1022 613 987 613 1021 613 988 613 987 613 1022 613 1005 641 1038 641 1006 641 1037 613 1038 613 1005 613 1023 612 988 612 1022 612 989 613 988 613 1023 613 989 803 1023 803 1024 803 1004 613 1037 613 1005 613 1004 639 1036 639 1037 639 990 804 1024 804 1025 804 990 805 989 805 1024 805 1003 613 1036 613 1004 613 1003 635 1035 635 1036 635 991 613 1025 613 1026 613 991 613 990 613 1025 613 1002 634 1034 634 1035 634 1002 613 1035 613 1003 613 1001 613 1034 613 1002 613 992 613 991 613 1026 613 1000 633 1033 633 1034 633 1000 613 1034 613 1001 613 993 613 1026 613 1027 613 993 613 992 613 1026 613 999 632 1032 632 1033 632 999 613 1033 613 1000 613 994 806 1027 806 1028 806 994 807 993 807 1027 807 995 808 1028 808 1029 808 995 613 994 613 1028 613 998 629 1031 629 1032 629 998 613 1032 613 999 613 996 613 1029 613 1030 613 996 625 995 625 1029 625 997 613 1031 613 998 613 997 626 996 626 1030 626 997 809 1030 809 1031 809 1063 810 1043 811 1042 812 1063 810 1042 812 1061 813 1064 814 1061 813 1060 815 1064 814 1063 810 1061 813 1065 816 1060 815 1059 817 1065 816 1064 814 1060 815 1066 818 1059 817 1058 690 1066 818 1065 816 1059 817 1067 691 1058 690 1057 819 1067 691 1066 818 1058 690 1068 820 1057 819 1056 821 1068 820 1067 691 1057 819 1069 822 1056 821 1055 519 1069 822 1068 820 1056 821 1070 774 1055 519 1054 823 1070 774 1069 822 1055 519 1071 824 1054 823 1053 825 1071 824 1070 774 1054 823 1072 525 1053 825 1052 826 1072 525 1071 824 1053 825 1073 827 1052 826 1051 828 1073 827 1072 525 1052 826 1074 829 1051 828 1050 830 1074 829 1073 827 1051 828 1075 531 1050 830 1049 532 1075 531 1074 829 1050 830 1076 831 1049 532 1048 832 1076 831 1075 531 1049 532 1077 833 1076 831 1048 832 1077 833 1048 832 1047 834 1078 835 1077 833 1047 834 1078 835 1047 834 1046 836 1079 837 1046 836 1045 838 1079 837 1078 835 1046 836 1062 839 1045 838 1044 840 1062 839 1079 837 1045 838 1136 716 1102 716 1103 716 1137 717 1103 717 1104 717 1137 556 1136 556 1103 556 1135 544 1101 544 1102 544 1135 559 1102 559 1136 559 1134 544 1101 544 1135 544 1134 544 1100 544 1101 544 1138 544 1104 544 1105 544 1138 544 1137 544 1104 544 1133 720 1100 720 1134 720 1133 544 1099 544 1100 544 1139 553 1105 553 1106 553 1139 544 1138 544 1105 544 1132 544 1099 544 1133 544 1132 544 1097 544 1098 544 1132 544 1098 544 1099 544 1140 551 1106 551 1107 551 1140 550 1107 550 1108 550 1140 544 1139 544 1106 544 1131 841 1097 841 1132 841 1131 544 1096 544 1097 544 1141 544 1140 544 1108 544 1141 549 1108 549 1109 549 1130 544 1095 544 1096 544 1130 720 1096 720 1131 720 1142 544 1109 544 1110 544 1142 544 1141 544 1109 544 1129 544 1095 544 1130 544 1143 544 1142 544 1110 544 1111 560 1143 560 1110 560 1094 544 1095 544 1129 544 1128 544 1094 544 1129 544 1144 547 1143 547 1111 547 1112 721 1144 721 1111 721 1093 574 1094 574 1128 574 1127 556 1093 556 1128 556 1145 545 1144 545 1112 545 1113 544 1145 544 1112 544 1113 544 1146 544 1145 544 1092 573 1127 573 1126 573 1092 555 1093 555 1127 555 1114 544 1146 544 1113 544 1114 722 1147 722 1146 722 1091 842 1126 842 1125 842 1091 544 1092 544 1126 544 1115 544 1116 544 1147 544 1115 723 1147 723 1114 723 1090 567 1125 567 1124 567 1090 544 1091 544 1125 544 1089 843 1090 843 1124 843 1080 544 1116 544 1115 544 1081 844 1117 844 1116 844 1081 544 1116 544 1080 544 1088 565 1124 565 1123 565 1088 845 1089 845 1124 845 1087 846 1123 846 1122 846 1087 544 1088 544 1123 544 1082 847 1118 847 1117 847 1082 848 1117 848 1081 848 1083 544 1119 544 1118 544 1083 544 1118 544 1082 544 1086 561 1122 561 1121 561 1086 544 1087 544 1122 544 1084 544 1120 544 1119 544 1084 544 1119 544 1083 544 1085 558 1120 558 1084 558 1085 727 1121 727 1120 727 1085 560 1086 560 1121 560 1149 849 1165 850 1148 578 1149 849 1166 851 1165 850 1150 852 1167 853 1166 851 1150 852 1166 851 1149 849 1151 854 1168 855 1167 853 1151 854 1169 856 1168 855 1151 854 1167 853 1150 852 1152 857 1169 856 1151 854 1153 858 1170 586 1169 856 1153 858 1169 856 1152 857 1154 859 1171 860 1170 586 1154 859 1172 861 1171 860 1154 859 1170 586 1153 858 1155 862 1172 861 1154 859 1156 863 1173 864 1172 861 1156 863 1172 861 1155 862 1157 865 1174 866 1173 864 1157 865 1173 864 1156 863 1158 867 1175 868 1174 866 1158 867 1174 866 1157 865 1159 869 1176 870 1175 868 1159 869 1175 868 1158 867 1160 871 1177 872 1176 870 1160 871 1176 870 1159 869 1161 751 1178 873 1177 872 1161 751 1177 872 1160 871 1162 874 1179 875 1178 873 1162 874 1178 873 1161 751 1163 876 1180 877 1179 875 1163 876 1181 878 1180 877 1163 876 1179 875 1162 874 1164 879 1181 878 1163 876 1183 880 1182 881 1184 882 1219 883 1184 882 1185 884 1219 883 1183 880 1184 882 1218 885 1185 884 1186 886 1218 885 1219 883 1185 884 1217 887 1186 886 1187 888 1217 887 1218 885 1186 886 1216 889 1187 888 1188 890 1216 889 1217 887 1187 888 1215 891 1188 890 1189 892 1215 891 1216 889 1188 890 1214 893 1189 892 1190 894 1214 893 1215 891 1189 892 1213 895 1190 894 1191 896 1213 895 1214 893 1190 894 1212 897 1191 896 1192 898 1212 897 1213 895 1191 896 1211 899 1212 897 1192 898 1210 900 1192 898 1193 901 1210 900 1193 901 1194 902 1210 900 1211 899 1192 898 1209 903 1194 902 1195 904 1209 903 1210 900 1194 902 1208 905 1195 904 1196 906 1208 905 1209 903 1195 904 1207 907 1196 906 1197 908 1207 907 1208 905 1196 906 1206 909 1207 907 1197 908 1205 910 1206 909 1197 908 1205 910 1197 908 1198 911 1204 912 1205 910 1198 911 1204 912 1198 911 1199 913 1203 914 1204 912 1199 913 1203 914 1199 913 1200 915 1202 916 1203 914 1200 915 1202 916 1200 915 1201 917 1260 796 1225 796 1224 796 1259 918 1224 918 1223 918 1259 627 1260 627 1224 627 1261 613 1226 613 1225 613 1261 613 1225 613 1260 613 1258 919 1223 919 1222 919 1258 799 1259 799 1223 799 1262 920 1227 920 1226 920 1262 613 1226 613 1261 613 1257 613 1222 613 1221 613 1257 921 1258 921 1222 921 1263 613 1227 613 1262 613 1263 622 1228 622 1227 622 1256 613 1221 613 1220 613 1256 922 1257 922 1221 922 1256 613 1220 613 1255 613 1264 621 1229 621 1228 621 1264 620 1230 620 1229 620 1264 613 1228 613 1263 613 1287 613 1256 613 1255 613 1287 613 1255 613 1254 613 1265 618 1231 618 1230 618 1265 613 1230 613 1264 613 1286 802 1287 802 1254 802 1286 613 1254 613 1253 613 1266 923 1232 923 1231 923 1266 613 1231 613 1265 613 1285 613 1286 613 1253 613 1267 613 1232 613 1266 613 1233 613 1232 613 1267 613 1252 640 1285 640 1253 640 1284 613 1285 613 1252 613 1268 613 1233 613 1267 613 1234 613 1233 613 1268 613 1251 641 1284 641 1252 641 1283 613 1284 613 1251 613 1269 612 1234 612 1268 612 1235 613 1234 613 1269 613 1235 924 1269 924 1270 924 1250 613 1283 613 1251 613 1250 639 1282 639 1283 639 1236 804 1270 804 1271 804 1236 925 1235 925 1270 925 1249 613 1282 613 1250 613 1249 926 1281 926 1282 926 1237 613 1236 613 1271 613 1237 613 1271 613 1272 613 1248 634 1280 634 1281 634 1248 613 1281 613 1249 613 1238 613 1237 613 1272 613 1247 613 1280 613 1248 613 1239 613 1272 613 1273 613 1239 613 1238 613 1272 613 1246 633 1279 633 1280 633 1246 613 1280 613 1247 613 1245 927 1278 927 1279 927 1245 613 1279 613 1246 613 1240 928 1273 928 1274 928 1240 929 1239 929 1273 929 1241 930 1274 930 1275 930 1241 613 1240 613 1274 613 1244 629 1277 629 1278 629 1244 613 1278 613 1245 613 1242 613 1275 613 1276 613 1242 625 1241 625 1275 625 1243 626 1242 626 1276 626 1243 809 1276 809 1277 809 1243 613 1277 613 1244 613 1309 931 1289 932 1288 933 1309 931 1288 933 1307 934 1310 935 1307 934 1306 936 1310 935 1309 931 1307 934 1311 937 1306 936 1305 938 1311 937 1310 935 1306 936 1312 513 1305 938 1304 939 1312 513 1311 937 1305 938 1313 940 1304 939 1303 941 1313 940 1312 513 1304 939 1314 693 1303 941 1302 942 1314 693 1313 940 1303 941 1315 943 1302 942 1301 944 1315 943 1314 693 1302 942 1316 945 1301 944 1300 946 1316 945 1315 943 1301 944 1317 947 1300 946 1299 948 1317 947 1316 945 1300 946 1318 949 1299 948 1298 950 1318 949 1317 947 1299 948 1319 951 1298 950 1297 952 1319 951 1318 949 1298 950 1320 953 1297 952 1296 530 1320 953 1319 951 1297 952 1321 954 1296 530 1295 955 1321 954 1320 953 1296 530 1322 956 1295 955 1294 708 1322 956 1321 954 1295 955 1323 957 1322 956 1294 708 1323 957 1294 708 1293 910 1324 958 1323 957 1293 910 1324 958 1293 910 1292 959 1325 792 1292 959 1291 960 1325 792 1324 958 1292 959 1308 961 1291 960 1290 962 1308 961 1325 792 1291 960 1382 716 1348 716 1349 716 1381 544 1347 544 1348 544 1381 559 1348 559 1382 559 1383 963 1349 963 1350 963 1383 556 1382 556 1349 556 1380 544 1346 544 1347 544 1380 544 1347 544 1381 544 1384 544 1350 544 1351 544 1384 544 1383 544 1350 544 1379 544 1345 544 1346 544 1379 718 1346 718 1380 718 1385 544 1384 544 1351 544 1385 964 1351 964 1352 964 1378 544 1343 544 1344 544 1378 544 1344 544 1345 544 1378 544 1345 544 1379 544 1386 551 1352 551 1353 551 1386 550 1353 550 1354 550 1386 544 1385 544 1352 544 1377 544 1342 544 1343 544 1377 841 1343 841 1378 841 1387 544 1386 544 1354 544 1387 965 1354 965 1355 965 1376 720 1342 720 1377 720 1376 544 1341 544 1342 544 1388 544 1387 544 1355 544 1388 544 1355 544 1356 544 1375 544 1341 544 1376 544 1389 544 1388 544 1356 544 1357 966 1389 966 1356 966 1340 544 1341 544 1375 544 1374 544 1340 544 1375 544 1390 547 1389 547 1357 547 1358 721 1390 721 1357 721 1339 574 1340 574 1374 574 1373 556 1339 556 1374 556 1391 545 1390 545 1358 545 1359 544 1391 544 1358 544 1359 544 1392 544 1391 544 1338 555 1339 555 1373 555 1338 967 1373 967 1372 967 1360 544 1392 544 1359 544 1360 722 1393 722 1392 722 1337 842 1372 842 1371 842 1337 544 1338 544 1372 544 1361 544 1362 544 1393 544 1361 968 1393 968 1360 968 1336 969 1371 969 1370 969 1336 544 1337 544 1371 544 1335 568 1336 568 1370 568 1326 544 1362 544 1361 544 1334 970 1370 970 1369 970 1334 566 1335 566 1370 566 1327 971 1363 971 1362 971 1327 544 1362 544 1326 544 1333 544 1334 544 1369 544 1333 846 1369 846 1368 846 1328 725 1364 725 1363 725 1328 726 1363 726 1327 726 1329 544 1365 544 1364 544 1329 544 1364 544 1328 544 1332 972 1368 972 1367 972 1332 544 1333 544 1368 544 1330 544 1366 544 1365 544 1330 544 1365 544 1329 544 1331 560 1332 560 1367 560 1331 558 1366 558 1330 558 1331 727 1367 727 1366 727 1395 973 1411 974 1394 975 1395 973 1412 976 1411 974 1396 977 1413 978 1412 976 1396 977 1412 976 1395 973 1397 979 1414 980 1413 978 1397 979 1415 981 1414 980 1397 979 1413 978 1396 977 1398 982 1415 981 1397 979 1399 983 1416 984 1415 981 1399 983 1415 981 1398 982 1400 985 1417 986 1416 984 1400 985 1418 987 1417 986 1400 985 1416 984 1399 983 1401 988 1418 987 1400 985 1402 989 1419 990 1418 987 1402 989 1418 987 1401 988 1403 991 1420 992 1419 990 1403 991 1419 990 1402 989 1404 993 1421 994 1420 992 1404 993 1420 992 1403 991 1405 995 1422 996 1421 994 1405 995 1421 994 1404 993 1406 997 1423 998 1422 996 1406 997 1422 996 1405 995 1407 999 1424 1000 1423 998 1407 999 1423 998 1406 997 1408 1001 1425 1002 1424 1000 1408 1001 1424 1000 1407 999 1409 1003 1426 1004 1425 1002 1409 1003 1427 1005 1426 1004 1409 1003 1425 1002 1408 1001 1410 1006 1427 1005 1409 1003 1429 1007 1428 1008 1430 1009 1465 934 1430 1009 1431 1010 1465 934 1429 1007 1430 1009 1464 1011 1431 1010 1432 1012 1464 1011 1465 934 1431 1010 1463 1013 1432 1012 1433 651 1463 1013 1464 1011 1432 1012 1462 1014 1433 651 1434 819 1462 1014 1463 1013 1433 651 1461 1015 1434 819 1435 1016 1461 1015 1462 1014 1434 819 1460 1017 1435 1016 1436 1018 1460 1017 1461 1015 1435 1016 1459 1019 1436 1018 1437 1020 1459 1019 1460 1017 1436 1018 1458 1021 1437 1020 1438 1022 1458 1021 1459 1019 1437 1020 1457 1023 1458 1021 1438 1022 1456 1024 1438 1022 1439 1025 1456 1024 1439 1025 1440 1026 1456 1024 1457 1023 1438 1022 1455 1027 1440 1026 1441 1028 1455 1027 1456 1024 1440 1026 1454 1029 1441 1028 1442 1030 1454 1029 1455 1027 1441 1028 1453 1031 1442 1030 1443 707 1453 1031 1454 1029 1442 1030 1452 787 1453 1031 1443 707 1451 1032 1452 787 1443 707 1451 1032 1443 707 1444 1033 1450 1034 1451 1032 1444 1033 1450 1034 1444 1033 1445 1035 1449 792 1450 1034 1445 1035 1449 792 1445 1035 1446 1036 1448 1037 1449 792 1446 1036 1448 1037 1446 1036 1447 1038 1506 796 1471 796 1470 796 1505 1039 1470 1039 1469 1039 1505 627 1506 627 1470 627 1507 613 1472 613 1471 613 1507 613 1471 613 1506 613 1504 1040 1469 1040 1468 1040 1504 799 1505 799 1469 799 1508 1041 1473 1041 1472 1041 1508 613 1472 613 1507 613 1503 613 1468 613 1467 613 1503 800 1504 800 1468 800 1509 613 1473 613 1508 613 1509 1042 1474 1042 1473 1042 1502 613 1467 613 1466 613 1502 922 1503 922 1467 922 1502 613 1466 613 1501 613 1510 613 1474 613 1509 613 1510 621 1475 621 1474 621 1510 620 1476 620 1475 620 1533 613 1501 613 1500 613 1533 613 1502 613 1501 613 1511 1043 1477 1043 1476 1043 1511 613 1476 613 1510 613 1532 802 1533 802 1500 802 1532 613 1500 613 1499 613 1512 1044 1478 1044 1477 1044 1512 613 1477 613 1511 613 1531 613 1532 613 1499 613 1513 613 1478 613 1512 613 1479 613 1478 613 1513 613 1498 1045 1531 1045 1499 1045 1530 613 1531 613 1498 613 1514 613 1479 613 1513 613 1480 613 1479 613 1514 613 1497 641 1530 641 1498 641 1529 613 1530 613 1497 613 1515 612 1480 612 1514 612 1481 613 1480 613 1515 613 1481 803 1515 803 1516 803 1496 613 1529 613 1497 613 1496 1046 1528 1046 1529 1046 1482 804 1516 804 1517 804 1482 1047 1481 1047 1516 1047 1495 613 1528 613 1496 613 1495 926 1527 926 1528 926 1483 613 1517 613 1518 613 1483 613 1482 613 1517 613 1494 1048 1526 1048 1527 1048 1494 613 1527 613 1495 613 1493 613 1526 613 1494 613 1484 613 1483 613 1518 613 1492 1049 1525 1049 1526 1049 1492 613 1526 613 1493 613 1485 613 1518 613 1519 613 1485 613 1484 613 1518 613 1491 927 1524 927 1525 927 1491 613 1525 613 1492 613 1486 806 1519 806 1520 806 1486 807 1485 807 1519 807 1487 1050 1520 1050 1521 1050 1487 613 1486 613 1520 613 1490 1051 1523 1051 1524 1051 1490 613 1524 613 1491 613 1488 613 1521 613 1522 613 1488 1052 1487 1052 1521 1052 1489 613 1523 613 1490 613 1489 626 1488 626 1522 626 1489 809 1522 809 1523 809 1535 1053 1551 1054 1534 1055 1535 1053 1552 1056 1551 1054 1536 1057 1553 1058 1552 1056 1536 1057 1552 1056 1535 1053 1537 1059 1554 1060 1553 1058 1537 1059 1555 1061 1554 1060 1537 1059 1553 1058 1536 1057 1538 1062 1555 1061 1537 1059 1539 870 1556 1063 1555 1061 1539 870 1555 1061 1538 1062 1540 1064 1557 1065 1556 1063 1540 1064 1558 1066 1557 1065 1540 1064 1556 1063 1539 870 1541 1067 1558 1066 1540 1064 1542 864 1559 863 1558 1066 1542 864 1558 1066 1541 1067 1543 1068 1560 1069 1559 863 1543 1068 1559 863 1542 864 1544 1070 1561 1071 1560 1069 1544 1070 1560 1069 1543 1068 1545 1072 1562 858 1561 1071 1545 1072 1561 1071 1544 1070 1546 1073 1563 1074 1562 858 1546 1073 1562 858 1545 1072 1547 1075 1564 1076 1563 1074 1547 1075 1563 1074 1546 1073 1548 1077 1565 1078 1564 1076 1548 1077 1564 1076 1547 1075 1549 1079 1566 1080 1565 1078 1549 1079 1567 1081 1566 1080 1549 1079 1565 1078 1548 1077 1550 1082 1567 1081 1549 1079 1608 543 1573 543 1572 543 1607 544 1572 544 1571 544 1607 545 1608 545 1572 545 1609 546 1574 546 1573 546 1609 547 1573 547 1608 547 1606 544 1571 544 1570 544 1606 544 1607 544 1571 544 1610 544 1575 544 1574 544 1610 544 1574 544 1609 544 1605 544 1570 544 1569 544 1605 554 1606 554 1570 554 1611 544 1575 544 1610 544 1611 549 1576 549 1575 549 1604 544 1569 544 1568 544 1604 544 1605 544 1569 544 1604 544 1568 544 1603 544 1612 550 1577 550 1576 550 1612 551 1578 551 1577 551 1612 544 1576 544 1611 544 1635 1083 1604 1083 1603 1083 1635 544 1603 544 1602 544 1613 553 1579 553 1578 553 1613 544 1578 544 1612 544 1634 554 1635 554 1602 554 1634 544 1602 544 1601 544 1614 544 1580 544 1579 544 1614 544 1579 544 1613 544 1633 544 1634 544 1601 544 1615 544 1580 544 1614 544 1581 555 1580 555 1615 555 1600 544 1633 544 1601 544 1632 544 1633 544 1600 544 1616 556 1581 556 1615 556 1582 557 1581 557 1616 557 1599 558 1632 558 1600 558 1631 547 1632 547 1599 547 1617 559 1582 559 1616 559 1583 544 1582 544 1617 544 1583 544 1617 544 1618 544 1598 560 1631 560 1599 560 1598 561 1630 561 1631 561 1584 562 1618 562 1619 562 1584 544 1583 544 1618 544 1597 544 1630 544 1598 544 1597 846 1629 846 1630 846 1585 564 1584 564 1619 564 1585 544 1619 544 1620 544 1596 565 1628 565 1629 565 1596 544 1629 544 1597 544 1586 544 1585 544 1620 544 1595 845 1628 845 1596 845 1587 1084 1620 1084 1621 1084 1587 544 1586 544 1620 544 1594 567 1627 567 1628 567 1594 843 1628 843 1595 843 1593 842 1626 842 1627 842 1593 544 1627 544 1594 544 1588 1085 1621 1085 1622 1085 1588 1086 1587 1086 1621 1086 1589 544 1622 544 1623 544 1589 544 1588 544 1622 544 1592 573 1625 573 1626 573 1592 544 1626 544 1593 544 1590 544 1623 544 1624 544 1590 544 1589 544 1623 544 1591 574 1590 574 1624 574 1591 575 1624 575 1625 575 1591 555 1625 555 1592 555 1657 1087 1637 1088 1636 1089 1657 1087 1636 1089 1638 1090 1658 1091 1638 1090 1639 1092 1658 1091 1657 1087 1638 1090 1659 1093 1639 1092 1640 1094 1659 1093 1658 1091 1639 1092 1660 1095 1640 1094 1641 533 1660 1095 1659 1093 1640 1094 1661 532 1641 533 1642 906 1661 532 1660 1095 1641 533 1662 1096 1642 906 1643 1097 1662 1096 1661 532 1642 906 1663 1098 1643 1097 1644 1099 1663 1098 1662 1096 1643 1097 1664 664 1644 1099 1645 1100 1664 664 1663 1098 1644 1099 1665 1101 1645 1100 1646 1102 1665 1101 1664 664 1645 1100 1666 1103 1646 1102 1647 1104 1666 1103 1665 1101 1646 1102 1667 1105 1647 1104 1648 894 1667 1105 1666 1103 1647 1104 1668 1106 1648 894 1649 1107 1668 1106 1667 1105 1648 894 1669 692 1649 1107 1650 691 1669 692 1668 1106 1649 1107 1670 1108 1650 691 1651 1109 1670 1108 1669 692 1650 691 1671 1110 1670 1108 1651 1109 1671 1110 1651 1109 1652 1111 1672 1112 1671 1110 1652 1111 1672 1112 1652 1111 1653 1113 1673 1114 1672 1112 1653 1113 1673 1114 1653 1113 1654 1115 1656 1116 1673 1114 1654 1115 1656 1116 1654 1115 1655 1117 1730 610 1696 610 1697 610 1731 613 1697 613 1698 613 1731 613 1730 613 1697 613 1729 1118 1695 1118 1696 1118 1729 612 1696 612 1730 612 1728 615 1695 615 1729 615 1728 1119 1694 1119 1695 1119 1732 923 1698 923 1699 923 1732 613 1731 613 1698 613 1727 1120 1694 1120 1728 1120 1727 613 1693 613 1694 613 1733 618 1699 618 1700 618 1733 613 1732 613 1699 613 1726 1121 1693 1121 1727 1121 1726 613 1691 613 1692 613 1726 613 1692 613 1693 613 1734 620 1700 620 1701 620 1734 621 1701 621 1702 621 1734 613 1733 613 1700 613 1725 613 1691 613 1726 613 1725 613 1690 613 1691 613 1735 613 1734 613 1702 613 1735 622 1702 622 1703 622 1724 613 1689 613 1690 613 1724 623 1690 623 1725 623 1736 920 1703 920 1704 920 1736 613 1735 613 1703 613 1723 613 1689 613 1724 613 1737 613 1736 613 1704 613 1705 613 1737 613 1704 613 1688 625 1689 625 1723 625 1722 613 1688 613 1723 613 1738 613 1737 613 1705 613 1706 613 1738 613 1705 613 1687 626 1688 626 1722 626 1721 613 1687 613 1722 613 1739 627 1738 627 1706 627 1707 613 1739 613 1706 613 1707 1122 1740 1122 1739 1122 1686 629 1721 629 1720 629 1686 613 1687 613 1721 613 1708 1123 1740 1123 1707 1123 1708 630 1741 630 1740 630 1685 927 1720 927 1719 927 1685 613 1686 613 1720 613 1709 613 1710 613 1741 613 1709 613 1741 613 1708 613 1684 633 1719 633 1718 633 1684 613 1685 613 1719 613 1683 613 1684 613 1718 613 1674 613 1710 613 1709 613 1675 613 1711 613 1710 613 1675 613 1710 613 1674 613 1682 634 1718 634 1717 634 1682 613 1683 613 1718 613 1681 926 1717 926 1716 926 1681 613 1682 613 1717 613 1676 1124 1712 1124 1711 1124 1676 1125 1711 1125 1675 1125 1677 1126 1713 1126 1712 1126 1677 613 1712 613 1676 613 1680 639 1716 639 1715 639 1680 613 1681 613 1716 613 1678 613 1714 613 1713 613 1678 640 1713 640 1677 640 1679 641 1714 641 1678 641 1679 642 1715 642 1714 642 1679 613 1680 613 1715 613 1763 1127 1743 1128 1742 1129 1763 1127 1742 1129 1744 1130 1764 1131 1744 1130 1745 1132 1764 1131 1763 1127 1744 1130 1765 1133 1745 1132 1746 1134 1765 1133 1764 1131 1745 1132 1766 1135 1746 1134 1747 1136 1766 1135 1765 1133 1746 1134 1767 1137 1747 1136 1748 1138 1767 1137 1766 1135 1747 1136 1768 1139 1748 1138 1749 1140 1768 1139 1767 1137 1748 1138 1769 828 1749 1140 1750 1141 1769 828 1768 1139 1749 1140 1770 1142 1750 1141 1751 1143 1770 1142 1769 828 1750 1141 1771 1144 1751 1143 1752 1145 1771 1144 1770 1142 1751 1143 1772 1146 1752 1145 1753 1147 1772 1146 1771 1144 1752 1145 1773 1148 1753 1147 1754 1149 1773 1148 1772 1146 1753 1147 1774 1150 1754 1149 1755 1151 1774 1150 1773 1148 1754 1149 1775 819 1755 1151 1756 1152 1775 819 1774 1150 1755 1151 1776 1153 1756 1152 1757 1154 1776 1153 1775 819 1756 1152 1777 1155 1776 1153 1757 1154 1777 1155 1757 1154 1758 1156 1778 1157 1777 1155 1758 1156 1778 1157 1758 1156 1759 1158 1779 1159 1778 1157 1759 1158 1779 1159 1759 1158 1760 1160 1762 1161 1779 1159 1760 1160 1762 1161 1760 1160 1761 1162</p>
        </triangles>
        <triangles material="mat_1-material" count="288">
          <input semantic="VERTEX" source="#ultrasonic_hysrf05-mesh-vertices" offset="0"/>
          <input semantic="NORMAL" source="#ultrasonic_hysrf05-mesh-normals" offset="1"/>
          <p>1783 1163 1800 1164 1782 1165 1783 1163 1801 1166 1800 1164 1784 1167 1802 1168 1801 1166 1784 1167 1801 1166 1783 1163 1785 1169 1803 1170 1802 1168 1785 1169 1802 1168 1784 1167 1786 1171 1804 1172 1803 1170 1786 1171 1803 1170 1785 1169 1787 1173 1805 241 1804 1172 1787 1173 1804 1172 1786 1171 1788 1174 1806 1175 1805 241 1788 1174 1805 241 1787 1173 1789 1176 1807 1177 1806 1175 1789 1176 1806 1175 1788 1174 1790 1178 1808 1179 1807 1177 1790 1178 1807 1177 1789 1176 1791 1180 1809 1181 1808 1179 1791 1180 1808 1179 1790 1178 1792 1182 1810 1183 1809 1181 1792 1182 1809 1181 1791 1180 1793 1184 1811 1185 1810 1183 1793 1184 1812 1186 1811 1185 1793 1184 1810 1183 1792 1182 1794 1187 1812 1186 1793 1184 1795 1188 1813 1189 1812 1186 1795 1188 1812 1186 1794 1187 1796 1190 1814 1191 1813 1189 1796 1190 1813 1189 1795 1188 1797 1192 1814 1191 1796 1190 1797 1192 1815 1193 1814 1191 1798 1194 1815 1193 1797 1192 1798 1194 1816 1195 1815 1193 1799 1196 1816 1195 1798 1194 1799 1196 1817 1197 1816 1195 1781 1198 1817 1197 1799 1196 1781 1198 1780 1199 1817 1197 1821 1200 1838 1201 1820 1202 1821 1200 1839 1203 1838 1201 1822 1204 1840 1205 1839 1203 1822 1204 1839 1203 1821 1200 1823 1206 1841 1207 1840 1205 1823 1206 1840 1205 1822 1204 1824 1208 1842 1209 1841 1207 1824 1208 1841 1207 1823 1206 1825 1210 1843 1211 1842 1209 1825 1210 1842 1209 1824 1208 1826 1212 1844 1213 1843 1211 1826 1212 1843 1211 1825 1210 1827 1214 1845 1215 1844 1213 1827 1214 1844 1213 1826 1212 1828 1216 1846 1217 1845 1215 1828 1216 1845 1215 1827 1214 1829 1218 1847 1219 1846 1217 1829 1218 1846 1217 1828 1216 1830 1182 1848 1220 1847 1219 1830 1182 1847 1219 1829 1218 1831 1221 1849 1222 1848 1220 1831 1221 1850 1223 1849 1222 1831 1221 1848 1220 1830 1182 1832 1224 1850 1223 1831 1221 1833 1225 1851 1226 1850 1223 1833 1225 1850 1223 1832 1224 1834 1227 1852 1228 1851 1226 1834 1227 1851 1226 1833 1225 1835 1229 1852 1228 1834 1227 1835 1229 1853 1230 1852 1228 1836 1231 1853 1230 1835 1229 1836 1231 1854 1232 1853 1230 1837 1233 1854 1232 1836 1231 1837 1233 1855 1234 1854 1232 1819 1235 1855 1234 1837 1233 1819 1235 1818 1236 1855 1234 1915 1237 1861 1237 1862 1237 1914 613 1860 613 1861 613 1914 1238 1861 1238 1915 1238 1916 613 1915 613 1862 613 1913 1239 1859 1239 1860 1239 1913 1240 1860 1240 1914 1240 1917 613 1862 613 1863 613 1917 613 1863 613 1864 613 1917 613 1916 613 1862 613 1912 613 1858 613 1859 613 1912 1241 1859 1241 1913 1241 1918 613 1917 613 1864 613 1911 1242 1858 1242 1912 1242 1911 613 1857 613 1858 613 1919 613 1918 613 1864 613 1919 1243 1864 1243 1865 1243 1910 613 1856 613 1857 613 1910 1244 1857 1244 1911 1244 1920 613 1919 613 1865 613 1920 1243 1865 1243 1866 1243 1909 1245 1856 1245 1910 1245 1909 613 1891 613 1856 613 1867 1246 1920 1246 1866 1246 1921 1241 1920 1241 1867 1241 1908 1247 1891 1247 1909 1247 1908 1248 1890 1248 1891 1248 1922 613 1867 613 1868 613 1922 613 1921 613 1867 613 1907 1249 1890 1249 1908 1249 1907 613 1889 613 1890 613 1923 1250 1868 1250 1869 1250 1923 613 1922 613 1868 613 1906 1239 1888 1239 1889 1239 1906 1240 1889 1240 1907 1240 1905 613 1888 613 1906 613 1870 613 1923 613 1869 613 1870 613 1924 613 1923 613 1887 613 1888 613 1905 613 1925 1251 1924 1251 1870 1251 1904 613 1887 613 1905 613 1871 1252 1925 1252 1870 1252 1886 1253 1887 1253 1904 1253 1926 1254 1925 1254 1871 1254 1872 613 1926 613 1871 613 1885 613 1904 613 1903 613 1885 613 1886 613 1904 613 1927 1255 1926 1255 1872 1255 1873 613 1927 613 1872 613 1884 1256 1903 1256 1902 1256 1884 613 1885 613 1903 613 1901 613 1884 613 1902 613 1874 613 1892 613 1927 613 1874 1257 1927 1257 1873 1257 1883 1258 1884 1258 1901 1258 1875 613 1893 613 1892 613 1875 1259 1892 1259 1874 1259 1882 1260 1901 1260 1900 1260 1882 613 1883 613 1901 613 1876 1261 1894 1261 1893 1261 1876 1262 1895 1262 1894 1262 1876 1263 1893 1263 1875 1263 1881 1264 1900 1264 1899 1264 1881 1246 1882 1246 1900 1246 1877 1265 1895 1265 1876 1265 1880 613 1898 613 1897 613 1880 613 1899 613 1898 613 1880 613 1881 613 1899 613 1878 613 1896 613 1895 613 1878 613 1897 613 1896 613 1878 1250 1895 1250 1877 1250 1879 613 1897 613 1878 613 1879 1266 1880 1266 1897 1266 1978 613 1959 613 1960 613 1977 1267 1958 1267 1959 1267 1977 613 1959 613 1978 613 1979 1268 1960 1268 1961 1268 1979 1251 1978 1251 1960 1251 1976 613 1957 613 1958 613 1976 613 1958 613 1977 613 1980 613 1961 613 1962 613 1980 1269 1979 1269 1961 1269 1975 613 1956 613 1957 613 1975 613 1957 613 1976 613 1981 613 1962 613 1963 613 1981 1270 1980 1270 1962 1270 1974 613 1956 613 1975 613 1955 613 1956 613 1974 613 1982 1271 1981 1271 1963 1271 1982 613 1963 613 1928 613 1973 613 1955 613 1974 613 1954 613 1955 613 1973 613 1983 1272 1982 1272 1928 1272 1983 613 1928 613 1929 613 1972 1273 1954 1273 1973 1273 1953 1274 1954 1274 1972 1274 1984 1275 1983 1275 1929 1275 1984 1276 1929 1276 1930 1276 1971 1269 1953 1269 1972 1269 1931 1258 1984 1258 1930 1258 1952 613 1953 613 1971 613 1985 613 1984 613 1931 613 1970 1277 1952 1277 1971 1277 1932 1250 1985 1250 1931 1250 1951 1278 1952 1278 1970 1278 1986 1279 1985 1279 1932 1279 1969 1280 1951 1280 1970 1280 1933 1237 1986 1237 1932 1237 1933 1240 1987 1240 1986 1240 1950 613 1969 613 1968 613 1950 613 1951 613 1969 613 1934 1281 1987 1281 1933 1281 1934 613 1988 613 1987 613 1949 613 1968 613 1967 613 1949 1265 1950 1265 1968 1265 1989 613 1988 613 1934 613 1935 1282 1989 1282 1934 1282 1948 1283 1967 1283 1966 1283 1948 1250 1949 1250 1967 1250 1965 1284 1948 1284 1966 1284 1936 1277 1990 1277 1989 1277 1936 613 1989 613 1935 613 1947 613 1948 613 1965 613 1937 1285 1991 1285 1990 1285 1937 613 1990 613 1936 613 1946 613 1965 613 1964 613 1946 1286 1947 1286 1965 1286 1999 1245 1946 1245 1964 1245 1938 1287 1992 1287 1991 1287 1938 613 1991 613 1937 613 1945 613 1946 613 1999 613 1939 1288 1993 1288 1992 1288 1939 613 1994 613 1993 613 1939 1274 1992 1274 1938 1274 1944 1289 1999 1289 1998 1289 1944 1290 1945 1290 1999 1290 1940 613 1994 613 1939 613 1943 613 1997 613 1996 613 1943 1283 1998 1283 1997 1283 1943 1250 1944 1250 1998 1250 1941 1278 1994 1278 1940 1278 1941 613 1995 613 1994 613 1941 1251 1996 1251 1995 1251 1942 1265 1943 1265 1996 1265 1942 613 1996 613 1941 613 2001 1291 2019 1292 2000 1293 2001 1291 2020 1294 2019 1292 2002 1295 2021 1296 2020 1294 2002 1295 2020 1294 2001 1291 2003 1297 2022 1298 2021 1296 2003 1297 2021 1296 2002 1295 2004 1299 2023 1300 2022 1298 2004 1299 2022 1298 2003 1297 2005 1301 2024 1302 2023 1300 2005 1301 2023 1300 2004 1299 2006 1303 2025 1304 2024 1302 2006 1303 2024 1302 2005 1301 2007 1305 2026 1306 2025 1304 2007 1305 2025 1304 2006 1303 2008 1307 2027 701 2026 1306 2008 1307 2026 1306 2007 1305 2009 1308 2028 1309 2027 701 2009 1308 2027 701 2008 1307 2010 1310 2029 1311 2028 1309 2010 1310 2028 1309 2009 1308 2011 1312 2030 1313 2029 1311 2011 1312 2029 1311 2010 1310 2012 1314 2031 1315 2030 1313 2012 1314 2030 1313 2011 1312 2013 1316 2032 1317 2031 1315 2013 1316 2031 1315 2012 1314 2014 1318 2033 1319 2032 1317 2014 1318 2032 1317 2013 1316 2015 1320 2033 1319 2014 1318 2015 1320 2034 1321 2033 1319 2016 1322 2034 1321 2015 1320 2016 1322 2035 1323 2034 1321 2017 1324 2035 1323 2016 1322 2017 1324 2036 1325 2035 1323 2018 1326 2036 1325 2017 1324 2018 1326 2037 1327 2036 1325 2039 1328 2057 1329 2038 1330 2039 1328 2058 1331 2057 1329 2040 1332 2059 1333 2058 1331 2040 1332 2058 1331 2039 1328 2041 1334 2060 1335 2059 1333 2041 1334 2059 1333 2040 1332 2042 1336 2061 1337 2060 1335 2042 1336 2060 1335 2041 1334 2043 1338 2062 1339 2061 1337 2043 1338 2061 1337 2042 1336 2044 1340 2063 1341 2062 1339 2044 1340 2062 1339 2043 1338 2045 1342 2064 1343 2063 1341 2045 1342 2063 1341 2044 1340 2046 1344 2065 1345 2064 1343 2046 1344 2064 1343 2045 1342 2047 1346 2066 1347 2065 1345 2047 1346 2065 1345 2046 1344 2048 1310 2067 1348 2066 1347 2048 1310 2066 1347 2047 1346 2049 1349 2068 1350 2067 1348 2049 1349 2067 1348 2048 1310 2050 1351 2069 1352 2068 1350 2050 1351 2068 1350 2049 1349 2051 1353 2070 515 2069 1352 2051 1353 2069 1352 2050 1351 2052 1354 2071 1355 2070 515 2052 1354 2070 515 2051 1353 2053 1356 2071 1355 2052 1354 2053 1356 2072 1357 2071 1355 2054 1358 2072 1357 2053 1356 2054 1358 2073 1359 2072 1357 2055 1360 2073 1359 2054 1358 2055 1360 2074 1361 2073 1359 2056 1362 2074 1361 2055 1360 2056 1362 2075 1363 2074 1361</p>
        </triangles>
        <triangles material="mat_2-material" count="144">
          <input semantic="VERTEX" source="#ultrasonic_hysrf05-mesh-vertices" offset="0"/>
          <input semantic="NORMAL" source="#ultrasonic_hysrf05-mesh-normals" offset="1"/>
          <p>2112 1364 2093 1365 2092 1366 2112 1364 2094 1367 2093 1365 2112 1364 2113 1368 2094 1367 2111 1369 2112 1364 2092 1366 2110 1370 2092 1366 2091 1371 2110 1370 2111 1369 2092 1366 2109 1372 2091 1371 2090 1373 2109 1372 2110 1370 2091 1371 2108 1374 2090 1373 2089 27 2108 1374 2109 1372 2090 1373 2107 1375 2088 1376 2087 395 2107 1375 2089 27 2088 1376 2107 1375 2108 1374 2089 27 2106 1377 2107 1375 2087 395 2105 57 2087 395 2086 1378 2105 57 2106 1377 2087 395 2104 1379 2086 1378 2085 1380 2104 1379 2105 57 2086 1378 2103 1381 2085 1380 2084 1382 2103 1381 2104 1379 2085 1380 2102 1383 2084 1382 2083 1384 2102 1383 2103 1381 2084 1382 2101 339 2083 1384 2082 495 2101 339 2102 1383 2083 1384 2100 1385 2082 495 2081 1386 2100 1385 2101 339 2082 495 2099 1387 2081 1386 2080 1388 2099 1387 2100 1385 2081 1386 2098 1389 2080 1388 2079 1390 2098 1389 2099 1387 2080 1388 2097 1391 2079 1390 2078 1392 2097 1391 2098 1389 2079 1390 2096 1393 2077 1393 2076 1394 2096 1393 2078 1392 2077 1393 2096 1393 2097 1391 2078 1392 2095 1395 2096 1393 2076 1394 2150 1396 2131 1396 2130 1397 2150 1396 2132 1398 2131 1396 2150 1396 2151 1399 2132 1398 2149 1400 2150 1396 2130 1397 2148 1401 2130 1397 2129 1402 2148 1401 2149 1400 2130 1397 2147 1403 2129 1402 2128 1404 2147 1403 2148 1401 2129 1402 2146 1405 2128 1404 2127 1406 2146 1405 2147 1403 2128 1404 2145 1407 2127 1406 2126 329 2145 1407 2146 1405 2127 1406 2144 1408 2126 329 2125 1409 2144 1408 2145 1407 2126 329 2143 1410 2124 1411 2123 1412 2143 1410 2125 1409 2124 1411 2143 1410 2144 1408 2125 1409 2142 1413 2143 1410 2123 1412 2141 1414 2123 1412 2122 1415 2141 1414 2142 1413 2123 1412 2140 1416 2122 1415 2121 1384 2140 1416 2141 1414 2122 1415 2139 1417 2121 1384 2120 1418 2139 1417 2140 1416 2121 1384 2138 1419 2120 1418 2119 1386 2138 1419 2139 1417 2120 1418 2137 1420 2118 1421 2117 208 2137 1420 2119 1386 2118 1421 2137 1420 2138 1419 2119 1386 2136 1422 2137 1420 2117 208 2135 1423 2116 1424 2115 1425 2135 1423 2117 208 2116 1424 2135 1423 2136 1422 2117 208 2134 1426 2115 1425 2114 1427 2134 1426 2135 1423 2115 1425 2133 1428 2134 1426 2114 1427 2189 1429 2153 1430 2152 1431 2189 1429 2171 1432 2170 1433 2189 1429 2152 1431 2171 1432 2188 1434 2189 1429 2170 1433 2187 1435 2170 1433 2169 1436 2187 1435 2188 1434 2170 1433 2186 1437 2169 1436 2168 1438 2186 1437 2187 1435 2169 1436 2185 1439 2168 1438 2167 890 2185 1439 2186 1437 2168 1438 2184 1440 2166 820 2165 822 2184 1440 2167 890 2166 820 2184 1440 2185 1439 2167 890 2183 1441 2184 1440 2165 822 2182 945 2165 822 2164 1442 2182 945 2183 1441 2165 822 2181 1443 2164 1442 2163 1444 2181 1443 2182 945 2164 1442 2180 1445 2163 1444 2162 1446 2180 1445 2181 1443 2163 1444 2179 1447 2162 1446 2161 1448 2179 1447 2180 1445 2162 1446 2178 1449 2161 1448 2160 1450 2178 1449 2179 1447 2161 1448 2177 1451 2160 1450 2159 1452 2177 1451 2178 1449 2160 1450 2176 1453 2159 1452 2158 1454 2176 1453 2177 1451 2159 1452 2175 1455 2176 1453 2158 1454 2175 1455 2158 1454 2157 1456 2174 1457 2157 1456 2156 1458 2174 1457 2175 1455 2157 1456 2173 1459 2155 1459 2154 1460 2173 1459 2156 1458 2155 1459 2173 1459 2174 1457 2156 1458 2172 1461 2173 1459 2154 1460 2227 1462 2191 1463 2190 1464 2227 1462 2209 1462 2208 935 2227 1462 2190 1464 2209 1462 2226 1465 2227 1462 2208 935 2225 1466 2208 935 2207 1467 2225 1466 2226 1465 2208 935 2224 1468 2207 1467 2206 1469 2224 1468 2225 1466 2207 1467 2223 1470 2205 1471 2204 1472 2223 1470 2206 1469 2205 1471 2223 1470 2224 1468 2206 1469 2222 1473 2223 1470 2204 1472 2221 822 2203 1474 2202 1475 2221 822 2204 1472 2203 1474 2221 822 2222 1473 2204 1472 2220 1476 2221 822 2202 1475 2219 1477 2202 1475 2201 1478 2219 1477 2220 1476 2202 1475 2218 1479 2201 1478 2200 1480 2218 1479 2219 1477 2201 1478 2217 1481 2200 1480 2199 1448 2217 1481 2218 1479 2200 1480 2216 1482 2199 1448 2198 1096 2216 1482 2217 1481 2199 1448 2215 1483 2198 1096 2197 1452 2215 1483 2216 1482 2198 1096 2214 1484 2197 1452 2196 1485 2214 1484 2215 1483 2197 1452 2213 1486 2196 1485 2195 1487 2213 1486 2214 1484 2196 1485 2212 1488 2213 1486 2195 1487 2212 1488 2195 1487 2194 1489 2211 1490 2193 1491 2192 1492 2211 1490 2194 1489 2193 1491 2211 1490 2212 1488 2194 1489 2210 1493 2211 1490 2192 1492</p>
        </triangles>
        <triangles material="mat_3-material" count="144">
          <input semantic="VERTEX" source="#ultrasonic_hysrf05-mesh-vertices" offset="0"/>
          <input semantic="NORMAL" source="#ultrasonic_hysrf05-mesh-normals" offset="1"/>
          <p>2246 1494 2248 1495 2247 1496 2246 1494 2265 1497 2248 1495 2245 1498 2264 1499 2265 1497 2245 1498 2265 1497 2246 1494 2244 1500 2263 1501 2264 1499 2244 1500 2264 1499 2245 1498 2243 1502 2261 1503 2262 1504 2243 1502 2262 1504 2263 1501 2243 1502 2263 1501 2244 1500 2242 1505 2261 1503 2243 1502 2241 1506 2259 1507 2260 1506 2241 1506 2260 1506 2261 1503 2241 1506 2261 1503 2242 1505 2240 1508 2258 1509 2259 1507 2240 1508 2259 1507 2241 1506 2239 1510 2257 1511 2258 1509 2239 1510 2258 1509 2240 1508 2238 1512 2257 1511 2239 1510 2237 53 2256 1513 2257 1511 2237 53 2257 1511 2238 1512 2236 1514 2255 1515 2256 1513 2236 1514 2256 1513 2237 53 2235 1516 2254 1517 2255 1515 2235 1516 2255 1515 2236 1514 2234 1211 2253 1518 2254 1517 2234 1211 2254 1517 2235 1516 2233 1519 2252 1520 2253 1518 2233 1519 2253 1518 2234 1211 2232 1521 2252 1520 2233 1519 2232 1521 2251 1522 2252 1520 2231 1523 2251 1522 2232 1521 2231 1523 2250 1524 2251 1522 2230 1525 2250 1524 2231 1523 2230 1525 2249 1526 2250 1524 2229 1527 2249 1526 2230 1525 2229 1527 2228 1528 2249 1526 2284 1529 2286 1530 2285 1531 2284 1529 2303 1532 2286 1530 2283 1533 2302 1534 2303 1532 2283 1533 2303 1532 2284 1529 2282 1535 2301 1536 2302 1534 2282 1535 2302 1534 2283 1533 2281 1537 2299 1538 2300 1539 2281 1537 2300 1539 2301 1536 2281 1537 2301 1536 2282 1535 2280 1540 2299 1538 2281 1537 2279 1541 2297 1542 2298 1543 2279 1541 2298 1543 2299 1538 2279 1541 2299 1538 2280 1540 2278 1544 2296 1545 2297 1542 2278 1544 2297 1542 2279 1541 2277 1546 2295 1547 2296 1545 2277 1546 2296 1545 2278 1544 2276 1548 2295 1547 2277 1546 2275 1549 2294 1550 2295 1547 2275 1549 2295 1547 2276 1548 2274 1551 2293 1552 2294 1550 2274 1551 2294 1550 2275 1549 2273 1553 2292 1554 2293 1552 2273 1553 2293 1552 2274 1551 2272 1555 2291 1556 2292 1554 2272 1555 2292 1554 2273 1553 2271 1557 2290 1558 2291 1556 2271 1557 2291 1556 2272 1555 2270 1559 2290 1558 2271 1557 2270 1559 2289 1560 2290 1558 2269 1561 2289 1560 2270 1559 2269 1561 2288 1562 2289 1560 2268 1563 2288 1562 2269 1561 2268 1563 2287 1564 2288 1562 2267 1565 2287 1564 2268 1563 2267 1565 2266 1566 2287 1564 2321 1567 2323 1568 2322 1569 2321 1567 2340 1570 2341 1571 2321 1567 2341 1571 2323 1568 2320 1572 2340 1570 2321 1567 2319 1573 2338 1574 2339 1575 2319 1573 2339 1575 2340 1570 2319 1573 2340 1570 2320 1572 2318 1576 2338 1574 2319 1573 2317 1577 2336 1578 2337 1579 2317 1577 2337 1579 2338 1574 2317 1577 2338 1574 2318 1576 2316 1578 2336 1578 2317 1577 2315 1580 2335 1581 2336 1578 2315 1580 2336 1578 2316 1578 2314 1582 2334 1583 2335 1581 2314 1582 2335 1581 2315 1580 2313 1584 2333 1585 2334 1583 2313 1584 2334 1583 2314 1582 2312 1586 2332 1587 2333 1585 2312 1586 2333 1585 2313 1584 2311 1588 2331 1589 2332 1587 2311 1588 2332 1587 2312 1586 2310 1590 2330 529 2331 1589 2310 1590 2331 1589 2311 1588 2309 1339 2329 1591 2330 529 2309 1339 2330 529 2310 1590 2308 1592 2328 1593 2329 1591 2308 1592 2329 1591 2309 1339 2307 1594 2328 1593 2308 1592 2307 1594 2327 1595 2328 1593 2306 1596 2327 1595 2307 1594 2306 1596 2326 1597 2327 1595 2305 1598 2326 1597 2306 1596 2305 1598 2325 1599 2326 1597 2304 1600 2325 1599 2305 1598 2304 1600 2324 1601 2325 1599 2359 1602 2361 1603 2360 1604 2359 1602 2378 1605 2379 1606 2359 1602 2379 1606 2361 1603 2358 1607 2378 1605 2359 1602 2357 1608 2376 1609 2377 1610 2357 1608 2377 1610 2378 1605 2357 1608 2378 1605 2358 1607 2356 1611 2376 1609 2357 1608 2355 1612 2374 1613 2375 1614 2355 1612 2375 1614 2376 1609 2355 1612 2376 1609 2356 1611 2354 1615 2374 1613 2355 1612 2353 1616 2373 1617 2374 1613 2353 1616 2374 1613 2354 1615 2352 1618 2372 1619 2373 1617 2352 1618 2373 1617 2353 1616 2351 1620 2371 1621 2372 1619 2351 1620 2372 1619 2352 1618 2350 1622 2370 1623 2371 1621 2350 1622 2371 1621 2351 1620 2349 1624 2369 1625 2370 1623 2349 1624 2370 1623 2350 1622 2348 1626 2368 1627 2369 1625 2348 1626 2369 1625 2349 1624 2347 1628 2367 1629 2368 1627 2347 1628 2368 1627 2348 1626 2346 1630 2366 1631 2367 1629 2346 1630 2367 1629 2347 1628 2345 1632 2366 1631 2346 1630 2345 1632 2365 1633 2366 1631 2344 1634 2365 1633 2345 1632 2344 1634 2364 1035 2365 1633 2343 1635 2364 1035 2344 1634 2343 1635 2363 1636 2364 1035 2342 1637 2363 1636 2343 1635 2342 1637 2362 1638 2363 1636</p>
        </triangles>
        <triangles material="mat_4-material" count="907">
          <input semantic="VERTEX" source="#ultrasonic_hysrf05-mesh-vertices" offset="0"/>
          <input semantic="NORMAL" source="#ultrasonic_hysrf05-mesh-normals" offset="1"/>
          <p>2641 1639 2640 1639 2383 1639 2639 1640 2383 1640 2640 1640 2642 1641 2641 1641 2383 1641 2638 613 2383 613 2639 613 2643 613 2642 613 2383 613 2644 613 2643 613 2383 613 2637 1642 2383 1642 2638 1642 2645 613 2644 613 2383 613 2636 1643 2383 1643 2637 1643 2646 613 2645 613 2383 613 2671 613 2383 613 2636 613 2647 613 2646 613 2383 613 2670 1644 2383 1644 2671 1644 2604 1645 2660 1645 2659 1645 2604 1646 2661 1646 2660 1646 2604 1647 2662 1647 2661 1647 2604 613 2663 613 2662 613 2605 1648 2604 1648 2659 1648 2605 1649 2656 1649 2655 1649 2605 1650 2657 1650 2656 1650 2605 1651 2658 1651 2657 1651 2605 1652 2659 1652 2658 1652 2606 1653 2605 1653 2655 1653 2606 1654 2653 1654 2652 1654 2606 1655 2654 1655 2653 1655 2606 1656 2655 1656 2654 1656 2603 1657 2663 1657 2604 1657 2603 613 2664 613 2663 613 2603 1658 2665 1658 2664 1658 2603 1659 2666 1659 2665 1659 2607 1660 2651 1660 2650 1660 2607 1661 2652 1661 2651 1661 2607 613 2606 613 2652 613 2602 1662 2666 1662 2603 1662 2602 1663 2667 1663 2666 1663 2602 1664 2668 1664 2667 1664 2608 1665 2649 1665 2648 1665 2608 1666 2650 1666 2649 1666 2608 613 2607 613 2650 613 2601 1667 2669 1667 2668 1667 2601 1668 2670 1668 2669 1668 2601 1669 2668 1669 2602 1669 2609 613 2608 613 2648 613 2609 1670 2648 1670 2647 1670 2600 613 2670 613 2601 613 2600 1671 2383 1671 2670 1671 2406 1672 2611 1672 2610 1672 2406 613 2610 613 2407 613 2408 1673 2610 1673 2609 1673 2408 613 2407 613 2610 613 2405 613 2611 613 2406 613 2409 1674 2609 1674 2647 1674 2409 613 2408 613 2609 613 2409 613 2647 613 2383 613 2404 613 2611 613 2405 613 2410 613 2409 613 2383 613 2403 1675 2612 1675 2611 1675 2403 613 2611 613 2404 613 2402 1676 2612 1676 2403 1676 2411 613 2410 613 2383 613 2401 613 2612 613 2402 613 2400 613 2612 613 2401 613 2613 1677 2399 1677 2398 1677 2613 1678 2400 1678 2399 1678 2613 613 2612 613 2400 613 2397 613 2613 613 2398 613 2396 613 2613 613 2397 613 2559 613 2560 613 2416 613 2559 613 2416 613 2415 613 2561 613 2416 613 2560 613 2561 613 2417 613 2416 613 2558 613 2415 613 2414 613 2558 613 2559 613 2415 613 2557 613 2558 613 2414 613 2557 613 2414 613 2413 613 2562 613 2418 613 2417 613 2562 613 2417 613 2561 613 2556 613 2557 613 2413 613 2556 613 2413 613 2412 613 2563 613 2419 613 2418 613 2563 613 2418 613 2562 613 2382 1679 2633 1679 2632 1679 2382 1680 2634 1680 2633 1680 2382 1681 2635 1681 2634 1681 2382 1682 2600 1682 2635 1682 2382 613 2383 613 2600 613 2528 613 2384 613 2419 613 2528 613 2419 613 2563 613 2555 613 2412 613 2411 613 2555 613 2556 613 2412 613 2555 613 2411 613 2383 613 2529 613 2385 613 2384 613 2529 613 2384 613 2528 613 2530 613 2386 613 2385 613 2530 613 2385 613 2529 613 2614 613 2613 613 2396 613 2614 613 2393 613 2392 613 2614 613 2394 613 2393 613 2614 1683 2395 1683 2394 1683 2614 1684 2396 1684 2395 1684 2631 613 2382 613 2632 613 2531 613 2387 613 2386 613 2531 613 2386 613 2530 613 2532 613 2388 613 2387 613 2532 613 2389 613 2388 613 2532 613 2387 613 2531 613 2533 613 2389 613 2532 613 2534 613 2390 613 2389 613 2534 613 2389 613 2533 613 2535 613 2391 613 2390 613 2535 613 2390 613 2534 613 2424 613 2550 613 2551 613 2425 613 2424 613 2551 613 2423 613 2548 613 2549 613 2423 613 2549 613 2550 613 2423 613 2550 613 2424 613 2426 613 2425 613 2551 613 2426 613 2551 613 2552 613 2426 613 2552 613 2553 613 2427 613 2426 613 2553 613 2422 613 2548 613 2423 613 2615 613 2391 613 2535 613 2615 1685 2392 1685 2391 1685 2615 1686 2614 1686 2392 1686 2615 1687 2535 1687 2536 1687 2615 613 2536 613 2537 613 2630 613 2382 613 2631 613 2428 613 2427 613 2553 613 2428 613 2553 613 2554 613 2421 613 2548 613 2422 613 2421 613 2547 613 2548 613 2429 613 2428 613 2554 613 2429 613 2554 613 2555 613 2420 613 2547 613 2421 613 2420 613 2545 613 2546 613 2420 613 2546 613 2547 613 2455 613 2545 613 2420 613 2455 613 2544 613 2545 613 2454 613 2544 613 2455 613 2454 613 2543 613 2544 613 2453 613 2543 613 2454 613 2452 613 2543 613 2453 613 2452 613 2541 613 2542 613 2452 613 2542 613 2543 613 2451 613 2541 613 2452 613 2450 613 2541 613 2451 613 2450 613 2540 613 2541 613 2449 613 2540 613 2450 613 2449 613 2539 613 2540 613 2616 1688 2537 1688 2538 1688 2616 1689 2538 1689 2539 1689 2616 613 2539 613 2449 613 2616 613 2615 613 2537 613 2629 613 2382 613 2630 613 2448 613 2616 613 2449 613 2497 613 2434 613 2433 613 2497 613 2496 613 2434 613 2495 613 2435 613 2434 613 2495 613 2434 613 2496 613 2498 613 2432 613 2431 613 2498 613 2433 613 2432 613 2498 613 2497 613 2433 613 2499 613 2498 613 2431 613 2494 613 2436 613 2435 613 2494 613 2437 613 2436 613 2494 613 2435 613 2495 613 2500 613 2431 613 2430 613 2500 613 2499 613 2431 613 2493 613 2437 613 2494 613 2492 613 2437 613 2493 613 2492 613 2438 613 2437 613 2501 613 2500 613 2430 613 2501 613 2430 613 2429 613 2527 613 2438 613 2492 613 2527 613 2439 613 2438 613 2526 613 2440 613 2439 613 2526 613 2439 613 2527 613 2525 613 2440 613 2526 613 2525 613 2441 613 2440 613 2617 613 2448 613 2447 613 2617 1690 2616 1690 2448 1690 2628 1691 2382 1691 2629 1691 2524 613 2441 613 2525 613 2524 613 2442 613 2441 613 2523 613 2442 613 2524 613 2523 613 2443 613 2442 613 2522 613 2443 613 2523 613 2522 613 2444 613 2443 613 2522 613 2445 613 2444 613 2521 613 2445 613 2522 613 2461 613 2506 613 2505 613 2460 613 2506 613 2461 613 2462 613 2505 613 2504 613 2462 613 2461 613 2505 613 2459 613 2507 613 2506 613 2459 613 2506 613 2460 613 2458 613 2508 613 2507 613 2458 613 2509 613 2508 613 2458 613 2507 613 2459 613 2463 613 2504 613 2503 613 2463 613 2462 613 2504 613 2627 613 2382 613 2628 613 2464 613 2503 613 2502 613 2464 613 2463 613 2503 613 2457 613 2509 613 2458 613 2465 613 2502 613 2501 613 2465 613 2464 613 2502 613 2456 613 2510 613 2509 613 2456 613 2509 613 2457 613 2491 613 2511 613 2510 613 2491 613 2512 613 2511 613 2491 613 2510 613 2456 613 2490 613 2512 613 2491 613 2489 613 2513 613 2512 613 2489 613 2514 613 2513 613 2489 613 2512 613 2490 613 2488 613 2514 613 2489 613 2487 613 2515 613 2514 613 2487 613 2516 613 2515 613 2487 613 2514 613 2488 613 2486 613 2516 613 2487 613 2486 613 2517 613 2516 613 2485 613 2517 613 2486 613 2569 1692 2477 1692 2476 1692 2569 1693 2478 1693 2477 1693 2569 1694 2479 1694 2478 1694 2569 613 2480 613 2479 613 2568 1695 2481 1695 2480 1695 2568 1696 2482 1696 2481 1696 2568 613 2483 613 2482 613 2568 613 2484 613 2483 613 2568 613 2480 613 2569 613 2567 1697 2485 1697 2484 1697 2567 613 2517 613 2485 613 2567 1698 2518 1698 2517 1698 2567 613 2519 613 2518 613 2567 1699 2484 1699 2568 1699 2570 613 2569 613 2476 613 2570 1700 2474 1700 2473 1700 2570 1701 2475 1701 2474 1701 2570 613 2476 613 2475 613 2566 613 2519 613 2567 613 2566 1702 2520 1702 2519 1702 2566 1703 2521 1703 2520 1703 2566 613 2445 613 2521 613 2566 1704 2446 1704 2445 1704 2571 613 2570 613 2473 613 2571 1705 2471 1705 2470 1705 2571 1706 2472 1706 2471 1706 2571 613 2473 613 2472 613 2732 613 2622 613 2731 613 2730 1707 2622 1707 2621 1707 2730 613 2731 613 2622 613 2733 613 2623 613 2622 613 2733 613 2622 613 2732 613 2729 613 2730 613 2621 613 2734 613 2623 613 2733 613 2735 613 2623 613 2734 613 2728 1708 2621 1708 2620 1708 2728 1709 2729 1709 2621 1709 2565 1710 2446 1710 2566 1710 2565 613 2618 613 2617 613 2565 613 2617 613 2447 613 2565 613 2447 613 2446 613 2572 613 2571 613 2470 613 2572 1711 2469 1711 2468 1711 2572 1712 2470 1712 2469 1712 2727 1713 2620 1713 2619 1713 2727 613 2728 613 2620 613 2736 1714 2624 1714 2623 1714 2736 1715 2623 1715 2735 1715 2737 1716 2624 1716 2736 1716 2738 1717 2625 1717 2624 1717 2738 613 2624 613 2737 613 2564 613 2618 613 2565 613 2564 613 2619 613 2618 613 2573 613 2572 613 2468 613 2573 1718 2468 1718 2467 1718 2739 1719 2625 1719 2738 1719 2740 613 2625 613 2739 613 2740 1720 2626 1720 2625 1720 2741 1721 2626 1721 2740 1721 2599 613 2619 613 2564 613 2599 613 2727 613 2619 613 2742 613 2626 613 2741 613 2742 1722 2627 1722 2626 1722 2742 613 2382 613 2627 613 2743 613 2382 613 2742 613 2726 613 2727 613 2599 613 2726 1723 2599 1723 2598 1723 2725 1724 2598 1724 2597 1724 2725 613 2726 613 2598 613 2724 1725 2725 1725 2597 1725 2723 613 2724 613 2597 613 2596 1726 2722 1726 2723 1726 2596 1727 2723 1727 2597 1727 2721 613 2722 613 2596 613 2720 613 2721 613 2596 613 2380 1728 2573 1728 2467 1728 2380 1729 2466 1729 2465 1729 2380 1730 2467 1730 2466 1730 2380 1731 2574 1731 2573 1731 2380 1732 2575 1732 2574 1732 2380 1733 2576 1733 2575 1733 2380 1734 2577 1734 2576 1734 2380 613 2465 613 2501 613 2578 1735 2577 1735 2380 1735 2595 1736 2717 1736 2718 1736 2595 613 2718 613 2719 613 2595 1737 2719 1737 2720 1737 2595 613 2720 613 2596 613 2579 613 2578 613 2380 613 2594 613 2715 613 2716 613 2594 1738 2716 1738 2717 1738 2594 1739 2717 1739 2595 1739 2580 613 2579 613 2380 613 2593 1740 2713 1740 2714 1740 2593 1741 2714 1741 2715 1741 2593 613 2715 613 2594 613 2581 613 2580 613 2380 613 2592 613 2711 613 2712 613 2592 1742 2712 1742 2713 1742 2592 613 2713 613 2593 613 2582 1743 2581 1743 2380 1743 2591 613 2711 613 2592 613 2677 1744 2587 1744 2586 1744 2677 613 2676 613 2587 613 2675 613 2587 613 2676 613 2678 613 2677 613 2586 613 2674 1745 2587 1745 2675 1745 2679 1746 2678 1746 2586 1746 2673 1747 2588 1747 2587 1747 2673 1748 2587 1748 2674 1748 2680 1749 2679 1749 2586 1749 2681 1750 2586 1750 2585 1750 2681 613 2680 613 2586 613 2672 613 2588 613 2673 613 2682 613 2681 613 2585 613 2707 1751 2588 1751 2672 1751 2683 1752 2682 1752 2585 1752 2706 1753 2589 1753 2588 1753 2706 613 2588 613 2707 613 2684 1754 2585 1754 2584 1754 2684 613 2683 613 2585 613 2705 1755 2589 1755 2706 1755 2704 1756 2590 1756 2589 1756 2704 613 2589 613 2705 613 2685 1757 2684 1757 2584 1757 2686 1758 2584 1758 2583 1758 2686 1759 2685 1759 2584 1759 2703 1760 2590 1760 2704 1760 2687 613 2686 613 2583 613 2702 1761 2591 1761 2590 1761 2702 613 2590 613 2703 613 2688 1762 2583 1762 2582 1762 2688 613 2687 613 2583 613 2701 1763 2591 1763 2702 1763 2701 613 2711 613 2591 613 2381 613 2582 613 2380 613 2381 1764 2689 1764 2688 1764 2381 1765 2690 1765 2689 1765 2381 1766 2691 1766 2690 1766 2381 1767 2692 1767 2691 1767 2381 1768 2693 1768 2692 1768 2381 1769 2694 1769 2693 1769 2381 1770 2695 1770 2694 1770 2381 1771 2696 1771 2695 1771 2381 1772 2697 1772 2696 1772 2381 1773 2698 1773 2697 1773 2381 1774 2699 1774 2698 1774 2381 1775 2700 1775 2699 1775 2381 1776 2701 1776 2700 1776 2381 1777 2710 1777 2711 1777 2381 1778 2711 1778 2701 1778 2381 613 2688 613 2582 613 2381 613 2382 613 2745 613 2745 613 2382 613 2744 613 2744 1779 2382 1779 2743 1779 2381 613 2745 613 2708 613 2381 1780 2708 1780 2709 1780 2381 1781 2709 1781 2710 1781 2383 613 2380 613 2501 613 2383 613 2501 613 2429 613 2383 613 2429 613 2555 613 3109 544 2748 544 3108 544 3107 544 3108 544 2748 544 3110 544 2748 544 3109 544 3106 544 3107 544 2748 544 3111 544 2748 544 3110 544 3112 544 2748 544 3111 544 3105 544 3106 544 2748 544 3113 544 2748 544 3112 544 3104 544 3105 544 2748 544 3114 544 2748 544 3113 544 3103 544 3104 544 2748 544 3115 544 2748 544 3114 544 3102 544 3103 544 2748 544 2885 544 3096 544 3097 544 2886 544 3096 544 2885 544 2886 544 3095 544 3096 544 2884 544 2885 544 3097 544 2884 544 3097 544 3098 544 2887 544 3095 544 2886 544 2887 544 3094 544 3095 544 2890 544 3098 544 3099 544 2890 544 2884 544 3098 544 2882 544 3092 544 3093 544 2882 544 3093 544 3094 544 2882 544 3094 544 2887 544 2889 544 2890 544 3099 544 2889 544 3099 544 3100 544 2888 1782 2889 1782 3100 1782 2888 1783 3100 1783 3101 1783 2866 544 2883 544 2880 544 2865 544 2866 544 2880 544 2865 544 2880 544 2881 544 2867 544 2882 544 2883 544 2867 544 3092 544 2882 544 2867 544 2883 544 2866 544 2864 544 2865 544 2881 544 2856 544 3090 544 3091 544 2856 544 3091 544 3092 544 2856 544 3092 544 2867 544 2863 544 2876 544 2877 544 2863 544 2877 544 2878 544 2863 544 2878 544 2879 544 2863 544 2879 544 2872 544 2863 544 2881 544 2876 544 2863 544 2864 544 2881 544 2857 544 3090 544 2856 544 2857 544 3089 544 3090 544 2871 544 2872 544 2873 544 2871 544 2873 544 2874 544 2871 544 2863 544 2872 544 2858 544 3088 544 3089 544 2858 544 3089 544 2857 544 2870 544 2871 544 2874 544 2870 544 2868 544 2869 544 2870 544 2874 544 2875 544 2870 544 2875 544 2868 544 2859 544 3088 544 2858 544 2859 544 3087 544 3088 544 3184 544 2894 544 2895 544 3184 544 2895 544 2896 544 3184 544 2896 544 2897 544 2840 544 2841 544 2904 544 3183 544 2897 544 2898 544 3183 1784 2898 1784 2888 1784 3183 544 3101 544 3102 544 3183 1785 2888 1785 3101 1785 3183 544 3184 544 2897 544 3182 544 2892 544 2893 544 3182 544 2893 544 2894 544 3182 544 2894 544 3184 544 2860 544 3086 544 3087 544 2860 544 3087 544 2859 544 2891 544 2892 544 3182 544 2839 544 2840 544 2904 544 2839 544 2904 544 2905 544 2838 544 2839 544 2905 544 2837 544 2838 544 2905 544 2837 544 2905 544 2899 544 2847 544 2899 544 2900 544 2845 544 2837 544 2899 544 2842 544 2899 544 2847 544 2843 544 2899 544 2842 544 2844 544 2845 544 2899 544 2844 544 2899 544 2843 544 2846 544 2900 544 2901 544 2846 544 2847 544 2900 544 2849 544 2901 544 2902 544 2849 544 2846 544 2901 544 3159 544 3186 544 3183 544 3188 544 3187 544 3185 544 3160 544 3185 544 3186 544 3160 544 3186 544 3159 544 3158 544 3183 544 3102 544 3158 544 3159 544 3183 544 3158 544 3102 544 2748 544 3189 544 3185 544 3160 544 3191 544 3188 544 3185 544 3190 544 3191 544 3185 544 3190 544 3185 544 3189 544 3180 544 2848 544 2849 544 3180 544 2855 544 2848 544 3180 544 2849 544 2902 544 3181 544 2852 544 2853 544 3181 544 2853 544 2854 544 3181 544 2854 544 2855 544 3181 544 2855 544 3180 544 3198 544 3161 544 3162 544 3197 544 3198 544 3162 544 3197 544 3162 544 3158 544 3197 544 3158 544 2748 544 3172 544 3163 544 3164 544 3172 544 3164 544 3165 544 3196 544 3166 544 3167 544 3196 544 3167 544 3161 544 3196 544 3161 544 3198 544 3179 544 2851 544 2852 544 3179 544 2852 544 3181 544 3171 544 3165 544 3166 544 3171 544 3172 544 3165 544 3170 544 3171 544 3166 544 3194 544 3175 544 3176 544 3194 544 3176 544 3168 544 3202 544 3201 544 3199 544 3195 544 3173 544 3174 544 3195 544 3174 544 3175 544 3195 544 3175 544 3194 544 2820 544 3199 544 3200 544 2820 544 3200 544 2819 544 2818 544 3200 544 3197 544 2818 544 2819 544 3200 544 2813 544 3202 544 3199 544 2813 544 3199 544 2820 544 2817 544 2818 544 3197 544 3192 544 3178 544 3173 544 3192 544 3173 544 3195 544 2814 544 3204 544 3202 544 2814 544 3202 544 2813 544 3205 544 3208 544 3207 544 2816 544 2817 544 3197 544 2815 544 3204 544 2814 544 2810 544 3203 544 3204 544 2810 544 3204 544 2815 544 3209 544 3205 544 3206 544 3209 544 3208 544 3205 544 2811 544 3206 544 3203 544 2811 544 3203 544 2810 544 3211 544 3206 544 2811 544 3211 544 3209 544 3206 544 2812 544 3211 544 2811 544 2804 544 3211 544 2812 544 2804 544 3210 544 3211 544 2805 544 3210 544 2804 544 2781 544 2822 544 2823 544 2780 544 2823 544 2824 544 2780 544 2781 544 2823 544 2782 1786 2821 1786 2822 1786 2782 1787 2829 1787 2821 1787 2782 544 2822 544 2781 544 2779 544 2780 544 2824 544 2779 544 2824 544 2825 544 2806 544 3210 544 2805 544 2806 544 3212 544 3210 544 2775 544 2829 544 2782 544 2775 544 2828 544 2829 544 2778 544 2825 544 2826 544 2778 544 2779 544 2825 544 2776 544 2828 544 2775 544 2807 544 3212 544 2806 544 2777 544 2778 544 2826 544 2777 544 2826 544 2816 544 2808 544 3212 544 2807 544 2808 544 3193 544 3212 544 2757 544 2828 544 2776 544 2757 544 2776 544 2773 544 2757 544 2827 544 2828 544 2809 544 3193 544 2808 544 2755 544 2827 544 2757 544 2756 544 2773 544 2774 544 2756 544 2757 544 2773 544 2754 544 2827 544 2755 544 2754 544 2831 544 2832 544 2754 544 2832 544 2827 544 2767 544 2765 544 2766 544 2767 544 2771 544 2772 544 2767 544 2772 544 2765 544 2760 544 2774 544 2769 544 2760 544 2756 544 2774 544 2768 544 2769 544 2770 544 2768 544 2770 544 2771 544 2768 544 2771 544 2767 544 2761 544 2769 544 2768 544 2761 544 2760 544 2769 544 2758 544 2759 544 2760 544 2762 544 2760 544 2761 544 2762 544 2758 544 2760 544 2763 544 2764 544 2758 544 2763 544 2758 544 2762 544 2752 544 2830 544 2831 544 2752 544 2831 544 2754 544 2752 544 2836 544 2830 544 2799 544 2797 544 2798 544 2799 544 2798 544 2790 544 2753 544 2836 544 2752 544 2753 544 2833 544 2834 544 2753 544 2834 544 2835 544 2753 544 2835 544 2836 544 2911 544 3117 544 3118 544 2910 544 3118 544 3119 544 2910 544 2911 544 3118 544 2912 544 3116 544 3117 544 2912 544 3117 544 2911 544 2909 544 2910 544 3119 544 2909 544 3119 544 3120 544 2750 544 2833 544 2753 544 2750 544 2809 544 2833 544 2908 544 2909 544 3120 544 2908 544 3120 544 3121 544 2913 544 3116 544 2912 544 2913 544 3115 544 3116 544 2913 544 2748 544 3115 544 2914 544 2748 544 2913 544 2907 544 2908 544 3121 544 2907 544 3121 544 3086 544 2906 544 3086 544 2860 544 2906 544 2907 544 3086 544 2915 544 2748 544 2914 544 2800 544 2799 544 2790 544 2800 544 2790 544 2791 544 2800 544 2791 544 2792 544 2800 544 2792 544 2793 544 2941 544 2860 544 2861 544 2941 544 2906 544 2860 544 2802 544 2793 544 2794 544 2802 544 2794 544 2795 544 2802 544 2800 544 2793 544 2940 544 2941 544 2861 544 2801 544 2795 544 2796 544 2801 544 2802 544 2795 544 2939 544 2861 544 2862 544 2939 544 2862 544 2850 544 2939 544 2940 544 2861 544 2938 544 2850 544 2851 544 2938 544 2939 544 2850 544 2937 544 3179 544 3177 544 2937 544 2851 544 3179 544 2937 544 2938 544 2851 544 2936 544 3177 544 3178 544 2936 544 3192 544 3193 544 2936 544 3178 544 3192 544 2936 544 2937 544 3177 544 2935 544 2936 544 3193 544 2935 544 3193 544 2809 544 2934 544 2750 544 2751 544 2934 544 2809 544 2750 544 2934 544 2935 544 2809 544 2933 544 2934 544 2751 544 3063 544 2919 544 2920 544 3063 544 2920 544 3064 544 3065 544 2920 544 2921 544 3065 544 3064 544 2920 544 3062 544 2919 544 3063 544 3062 544 2918 544 2919 544 3061 544 2918 544 3062 544 3061 544 2917 544 2918 544 3066 544 3065 544 2921 544 3066 544 2921 544 2922 544 3067 544 3066 544 2922 544 3067 544 2922 544 2923 544 3060 544 2917 544 3061 544 3060 544 2916 544 2917 544 2747 544 3197 544 2748 544 2747 544 2783 544 2784 544 2747 544 2784 544 2785 544 2747 544 2785 544 2786 544 2747 544 2786 544 2787 544 2747 544 2787 544 2788 544 2747 544 2788 544 2789 544 2747 544 2801 544 2796 544 2747 544 2789 544 2777 544 2747 544 2796 544 2783 544 2747 544 2777 544 2816 544 2747 544 2803 544 2801 544 2747 544 2816 544 3197 544 3059 544 2916 544 3060 544 3059 544 2748 544 2915 544 3059 544 2915 544 2916 544 3068 544 3067 544 2923 544 3068 544 2923 544 2924 544 3069 544 3068 544 2924 544 3069 544 2924 544 2925 544 3070 544 3069 544 2925 544 3070 544 2925 544 2926 544 3071 544 3070 544 2926 544 3071 544 2926 544 2927 544 3072 544 3071 544 2927 544 3072 544 2927 544 2928 544 3072 544 2928 544 2929 544 3073 544 3072 544 2929 544 3074 544 3073 544 2929 544 3074 544 2929 544 2930 544 3075 544 3074 544 2930 544 3075 544 2930 544 2931 544 3075 544 2931 544 2932 544 3076 544 3075 544 2932 544 3077 544 2933 544 2751 544 3077 544 2751 544 2803 544 3077 544 3076 544 2932 544 3077 544 2932 544 2933 544 2964 544 3055 544 3054 544 2965 544 3055 544 2964 544 2963 544 3053 544 3052 544 2963 544 3054 544 3053 544 2963 544 2964 544 3054 544 2966 544 3056 544 3055 544 2966 544 3057 544 3056 544 2966 544 3055 544 2965 544 2967 544 3057 544 2966 544 2962 544 2963 544 3052 544 2968 544 3057 544 2967 544 2968 544 3058 544 3057 544 2961 544 3052 544 3051 544 2961 544 2962 544 3052 544 2969 544 3058 544 2968 544 2969 544 3059 544 3058 544 2960 544 3051 544 3050 544 2960 544 2961 544 3051 544 2960 544 3050 544 3085 544 2959 544 2960 544 3085 544 2959 544 3085 544 3084 544 2958 544 2959 544 3084 544 2958 544 3084 544 3083 544 2957 544 2958 544 3083 544 2956 544 2957 544 3083 544 2956 544 3082 544 3081 544 2956 544 3083 544 3082 544 2955 544 2956 544 3081 544 2954 544 2955 544 3081 544 2954 544 3081 544 3080 544 2953 544 2954 544 3080 544 2953 544 3080 544 3079 544 2952 544 3079 544 3078 544 2952 544 2953 544 3079 544 2951 544 3078 544 3077 544 2951 544 2952 544 3078 544 2951 544 3077 544 2803 544 3037 544 2973 544 2974 544 3037 544 2974 544 3036 544 3035 544 2974 544 2975 544 3035 544 3036 544 2974 544 3038 544 2971 544 2972 544 3038 544 2972 544 2973 544 3038 544 2973 544 3037 544 3039 544 2971 544 3038 544 3034 544 2975 544 2976 544 3034 544 2976 544 2977 544 3034 544 3035 544 2975 544 3040 544 2970 544 2971 544 3040 544 2971 544 3039 544 3033 544 3034 544 2977 544 3032 544 2977 544 2942 544 3032 544 3033 544 2977 544 3041 544 2969 544 2970 544 3041 544 2970 544 3040 544 3031 544 3032 544 2942 544 3031 544 2942 544 2943 544 3030 544 3031 544 2943 544 3030 544 2943 544 2944 544 3029 544 3030 544 2944 544 3029 544 2944 544 2945 544 3028 544 3029 544 2945 544 3028 544 2945 544 2946 544 3027 544 3028 544 2946 544 3027 544 2946 544 2947 544 3026 544 2947 544 2948 544 3026 544 2948 544 2949 544 3026 544 3027 544 2947 544 3025 544 3026 544 2949 544 3024 544 2949 544 2950 544 3024 544 3025 544 2949 544 3023 544 2950 544 2951 544 3023 544 3024 544 2950 544 3001 544 3045 544 3046 544 3000 544 3001 544 3046 544 3002 544 3045 544 3001 544 3002 544 3044 544 3045 544 2999 544 3000 544 3046 544 2999 544 3046 544 3047 544 2998 544 3048 544 3049 544 2998 544 2999 544 3047 544 2998 544 3047 544 3048 544 3003 544 3044 544 3002 544 3003 544 3043 544 3044 544 3004 544 3043 544 3003 544 3004 544 3042 544 3043 544 2997 544 2998 544 3049 544 3005 544 3042 544 3004 544 3005 544 3041 544 3042 544 2996 544 3049 544 3014 544 2996 544 2997 544 3049 544 2995 544 2996 544 3014 544 2995 544 3014 544 3015 544 2995 544 3015 544 3016 544 2994 544 2995 544 3016 544 2993 544 2994 544 3016 544 2993 544 3016 544 3017 544 2993 544 3017 544 3018 544 2992 544 2993 544 3018 544 2991 544 2992 544 3018 544 2991 544 3018 544 3019 544 2991 544 3019 544 3020 544 2990 544 3020 544 3021 544 2990 544 2991 544 3020 544 2989 544 2990 544 3021 544 2989 544 3021 544 3022 544 2988 544 2989 544 3022 544 2987 544 3022 544 3023 544 2987 544 2988 544 3022 544 2749 544 2978 544 2979 544 2749 544 2979 544 2980 544 2749 544 2980 544 2981 544 2749 544 3041 544 3005 544 2749 544 3005 544 3006 544 2749 544 3006 544 3007 544 2749 544 3007 544 3008 544 2749 544 3008 544 3009 544 2749 544 3009 544 3010 544 2749 544 3010 544 3011 544 2749 544 3011 544 3012 544 2749 544 3012 544 3013 544 2749 544 3013 544 2978 544 3144 544 2983 544 2984 544 3145 544 2983 544 3144 544 3145 544 2982 544 2983 544 3143 544 3144 544 2984 544 3143 544 2984 544 2985 544 3146 544 2982 544 3145 544 3146 544 2749 544 2981 544 3146 544 2981 544 2982 544 3142 544 3143 544 2985 544 3142 544 2985 544 2986 544 3147 544 2749 544 3146 544 3141 544 2986 544 2987 544 3141 544 3142 544 2986 544 3148 544 2749 544 3147 544 3149 544 2749 544 3148 544 3140 544 3141 544 2987 544 3140 544 2987 544 3023 544 3150 544 2749 544 3149 544 3139 544 3023 544 2951 544 3139 544 3140 544 3023 544 3139 544 2951 544 2803 544 3151 544 2749 544 3150 544 3138 544 3139 544 2803 544 3152 544 2749 544 3151 544 3137 544 3138 544 2803 544 3137 544 2803 544 2747 544 3136 544 3137 544 2747 544 3153 544 2749 544 3152 544 3154 544 2749 544 3153 544 3155 544 2749 544 3154 544 3156 544 2749 544 3155 544 2746 544 3156 544 3157 544 2746 544 3157 544 3122 544 2746 544 2749 544 3156 544 2746 544 3122 544 3123 544 2746 544 3123 544 3124 544 2746 544 3124 544 3125 544 2746 544 3125 544 3126 544 2746 544 3126 544 3127 544 2746 544 3127 544 3128 544 2746 544 3128 544 3129 544 2746 544 3129 544 3130 544 2746 544 3130 544 3131 544 2746 544 3131 544 3132 544 2746 544 3132 544 3133 544 2746 544 3133 544 2747 544 3133 544 3134 544 2747 544 3134 544 3135 544 2747 544 3135 544 3136 544 2747 544 2748 544 3041 544 2749 544 2748 544 2969 544 3041 544 2748 544 3059 544 2969 544 3180 544 2891 544 3182 544 3180 544 2903 544 2891 544 3180 544 2902 544 2903 544 3194 544 3168 544 3196 544 3168 544 3169 544 3196 544 3169 544 3170 544 3196 544 3170 544 3166 544 3196 544 3215 1788 3213 1788 3214 1788 3215 1788 3214 1788 3216 1788 3217 91 3220 91 3219 91 3218 91 3220 91 3217 91 3222 1789 3223 1789 3221 1789 3222 1789 3224 1789 3223 1789 3228 1790 3225 1790 3226 1790 3227 1790 3225 1790 3228 1790 3235 544 3234 544 3229 544 3236 544 3229 544 3230 544 3236 544 3235 544 3229 544 3238 544 3230 544 3231 544 3238 544 3236 544 3230 544 3233 544 3231 544 3232 544 3237 544 3231 544 3233 544 3237 544 3238 544 3231 544 3239 544 3237 544 3233 544 3249 1791 3257 1791 3258 1791 3251 1792 3249 1792 3250 1792 3251 1793 3257 1793 3249 1793 3252 544 3256 544 3257 544 3252 544 3257 544 3251 544 3253 544 3255 544 3256 544 3253 544 3256 544 3252 544 3254 544 3244 544 3255 544 3254 544 3255 544 3253 544 3245 544 3244 544 3254 544 3246 544 3243 544 3244 544 3246 544 3244 544 3245 544 3240 544 3241 544 3242 544 3247 544 3242 544 3243 544 3247 544 3243 544 3246 544 3247 544 3240 544 3242 544 3248 544 3240 544 3247 544</p>
        </triangles>
        <triangles material="mat_5-material" count="797">
          <input semantic="VERTEX" source="#ultrasonic_hysrf05-mesh-vertices" offset="0"/>
          <input semantic="NORMAL" source="#ultrasonic_hysrf05-mesh-normals" offset="1"/>
          <p>3279 613 3280 613 3281 613 3285 613 3281 613 3282 613 3285 613 3282 613 3283 613 3285 613 3283 613 3284 613 3277 613 3278 613 3279 613 3276 613 3277 613 3279 613 3289 1794 3285 1794 3286 1794 3289 1795 3286 1795 3287 1795 3289 613 3287 613 3288 613 3289 613 3279 613 3281 613 3289 613 3281 613 3285 613 3289 613 3276 613 3279 613 3292 613 3290 613 3291 613 3271 1796 3272 1796 3273 1796 3271 613 3273 613 3274 613 3271 613 3274 613 3275 613 3271 613 3275 613 3276 613 3294 613 3292 613 3293 613 3294 1797 3290 1797 3292 1797 3267 613 3268 613 3269 613 3267 613 3269 613 3270 613 3260 613 3294 613 3259 613 3265 613 3266 613 3267 613 3265 613 3270 613 3271 613 3265 1798 3289 1798 3290 1798 3265 613 3271 613 3276 613 3265 1799 3276 1799 3289 1799 3265 613 3290 613 3294 613 3265 613 3267 613 3270 613 3264 1800 3260 1800 3261 1800 3264 1801 3261 1801 3262 1801 3264 613 3262 613 3263 613 3264 1802 3294 1802 3260 1802 3264 1803 3265 1803 3294 1803 3320 613 3317 613 3318 613 3320 613 3318 613 3319 613 3315 613 3316 613 3317 613 3315 613 3317 613 3320 613 3313 613 3314 613 3315 613 3312 613 3313 613 3315 613 3324 1804 3322 1804 3323 1804 3325 613 3320 613 3321 613 3325 1794 3321 1794 3322 1794 3325 613 3315 613 3320 613 3325 1805 3322 1805 3324 1805 3309 613 3310 613 3311 613 3309 613 3311 613 3312 613 3328 1806 3325 1806 3326 1806 3328 613 3326 613 3327 613 3307 1807 3308 1807 3309 1807 3329 613 3325 613 3328 613 3295 613 3329 613 3330 613 3295 613 3312 613 3315 613 3295 1808 3315 1808 3325 1808 3295 1809 3325 1809 3329 1809 3298 613 3296 613 3297 613 3301 613 3302 613 3303 613 3299 613 3296 613 3298 613 3299 613 3295 613 3296 613 3300 1810 3303 1810 3304 1810 3300 1811 3304 1811 3305 1811 3300 613 3305 613 3306 613 3300 613 3306 613 3307 613 3300 613 3307 613 3309 613 3300 1812 3309 1812 3312 1812 3300 1813 3312 1813 3295 1813 3300 613 3301 613 3303 613 3300 613 3295 613 3299 613 3332 1814 3331 1815 3337 1816 3332 1814 3337 1816 3338 1817 3333 1818 3338 1817 3339 1819 3333 1818 3332 1814 3338 1817 3334 1820 3339 1819 3340 1821 3334 1820 3333 1818 3339 1819 3335 1822 3340 1821 3341 1823 3335 1822 3334 1820 3340 1821 3336 1824 3341 1823 3342 1825 3336 1824 3335 1822 3341 1823 3345 1826 3348 1827 3349 1828 3345 1826 3344 1829 3348 1827 3346 1830 3349 1828 3350 1831 3346 1830 3345 1826 3349 1828 3351 1832 3344 1829 3343 1833 3351 1832 3343 1833 3347 1834 3351 1832 3347 1834 3348 1827 3351 1832 3348 1827 3344 1829 3353 1835 3352 1836 3357 1837 3353 1835 3357 1837 3358 1838 3359 1839 3353 1835 3358 1838 3354 1840 3353 1835 3359 1839 3360 1841 3354 1840 3359 1839 3355 1842 3354 1840 3360 1841 3356 1843 3360 1841 3361 1844 3356 1843 3355 1842 3360 1841 3368 1845 3362 1846 3367 1847 3363 1848 3362 1846 3368 1845 3369 1849 3363 1848 3368 1845 3364 1850 3363 1848 3369 1849 3370 1851 3364 1850 3369 1849 3365 1852 3364 1850 3370 1851 3366 1853 3370 1851 3371 1854 3366 1853 3365 1852 3370 1851 3373 1855 3372 1856 3375 1857 3373 1855 3375 1857 3376 1858 3377 1859 3373 1855 3376 1858 3374 1860 3373 1855 3377 1859 3379 1861 3378 1862 3381 1863 3379 1861 3381 1863 3382 1864 3380 1865 3382 1864 3383 1866 3380 1865 3379 1861 3382 1864 3385 1867 3384 1868 3391 1869 3385 1867 3391 1869 3392 1870 3386 1871 3392 1870 3393 1872 3386 1871 3385 1867 3392 1870 3387 1873 3393 1872 3394 1874 3387 1873 3386 1871 3393 1872 3388 1875 3394 1874 3395 1876 3388 1875 3387 1873 3394 1874 3389 1877 3395 1876 3396 1878 3389 1877 3388 1875 3395 1876 3390 1879 3396 1878 3397 1880 3390 1879 3389 1877 3396 1878 3399 1881 3398 1882 3406 1883 3399 1881 3406 1883 3407 1884 3400 1885 3407 1884 3408 1886 3400 1885 3399 1881 3407 1884 3401 1887 3408 1886 3409 1888 3401 1887 3400 1885 3408 1886 3402 1889 3409 1888 3410 1890 3402 1889 3401 1887 3409 1888 3403 1891 3410 1890 3411 1892 3403 1891 3402 1889 3410 1890 3404 1893 3411 1892 3412 1894 3404 1893 3403 1891 3411 1892 3405 1895 3412 1894 3413 1896 3405 1895 3404 1893 3412 1894 3415 1897 3414 1898 3420 1899 3415 1897 3420 1899 3421 1900 3416 1901 3421 1900 3422 1902 3416 1901 3415 1897 3421 1900 3417 1903 3422 1902 3423 1904 3417 1903 3416 1901 3422 1902 3418 1905 3423 1904 3424 1906 3418 1905 3417 1903 3423 1904 3419 1907 3424 1906 3425 1908 3419 1907 3418 1905 3424 1906 3427 1909 3426 1910 3431 1911 3427 1909 3431 1911 3432 1912 3428 1913 3432 1912 3433 1914 3428 1913 3427 1909 3432 1912 3429 1915 3433 1914 3434 1916 3429 1915 3428 1913 3433 1914 3430 1917 3434 1916 3435 1918 3430 1917 3429 1915 3434 1916 3437 1919 3436 1920 3441 1921 3437 1919 3441 1921 3442 1922 3438 1923 3442 1922 3443 1924 3438 1923 3437 1919 3442 1922 3439 1925 3443 1924 3444 1926 3439 1925 3438 1923 3443 1924 3440 1927 3444 1926 3445 1928 3440 1927 3439 1925 3444 1926 3447 1929 3446 1930 3451 1931 3447 1929 3451 1931 3452 1932 3448 1933 3452 1932 3453 1934 3448 1933 3447 1929 3452 1932 3449 1935 3453 1934 3454 1936 3449 1935 3448 1933 3453 1934 3450 1937 3454 1936 3455 1938 3450 1937 3449 1935 3454 1936 3460 1939 3456 1940 3459 1941 3457 1942 3456 1940 3460 1939 3461 1943 3457 1942 3460 1939 3458 1944 3457 1942 3461 1943 3466 1945 3462 1946 3465 1947 3463 1948 3462 1946 3466 1945 3467 1949 3463 1948 3466 1945 3464 1950 3463 1948 3467 1949 3474 1951 3468 1952 3473 1953 3469 1954 3468 1952 3474 1951 3475 1955 3469 1954 3474 1951 3470 1956 3469 1954 3475 1955 3476 1957 3470 1956 3475 1955 3471 1958 3470 1956 3476 1957 3477 1959 3471 1958 3476 1957 3472 1960 3471 1958 3477 1959 3479 1961 3478 1962 3482 1963 3479 1961 3482 1963 3483 1964 3480 1965 3483 1964 3484 1966 3480 1965 3479 1961 3483 1964 3481 1967 3484 1966 3485 1968 3481 1967 3480 1965 3484 1966 3487 1969 3486 1970 3495 1971 3487 1969 3495 1971 3496 1972 3488 1973 3496 1972 3497 1974 3488 1973 3487 1969 3496 1972 3489 1975 3497 1974 3498 1976 3489 1975 3488 1973 3497 1974 3490 1977 3498 1976 3499 1978 3490 1977 3489 1975 3498 1976 3491 1979 3499 1978 3500 1980 3491 1979 3490 1977 3499 1978 3492 1981 3500 1980 3501 1982 3492 1981 3491 1979 3500 1980 3493 1983 3501 1982 3502 1984 3493 1983 3492 1981 3501 1982 3494 1985 3502 1984 3503 1986 3494 1985 3493 1983 3502 1984 3516 544 3534 544 3533 544 3516 1987 3535 1987 3534 1987 3515 544 3536 544 3535 544 3515 544 3535 544 3516 544 3510 1988 3532 1988 3531 1988 3510 544 3533 544 3532 544 3510 1989 3531 1989 3542 1989 3510 544 3516 544 3533 544 3514 544 3537 544 3536 544 3514 1990 3536 1990 3515 1990 3513 544 3525 544 3537 544 3513 544 3537 544 3514 544 3511 1991 3542 1991 3541 1991 3511 544 3510 544 3542 544 3520 1992 3526 1992 3525 1992 3520 1993 3527 1993 3526 1993 3520 544 3525 544 3513 544 3540 1994 3511 1994 3541 1994 3519 544 3527 544 3520 544 3519 544 3528 544 3527 544 3539 544 3512 544 3511 544 3539 544 3511 544 3540 544 3518 544 3528 544 3519 544 3529 1995 3528 1995 3518 1995 3556 1996 3558 1996 3557 1996 3556 1997 3555 1997 3558 1997 3530 1998 3518 1998 3517 1998 3530 1999 3529 1999 3518 1999 3551 2000 3556 2000 3557 2000 3551 2001 3557 2001 3562 2001 3561 2002 3551 2002 3562 2002 3538 544 3504 544 3512 544 3538 544 3512 544 3539 544 3523 2003 3517 2003 3522 2003 3523 2004 3530 2004 3517 2004 3552 2005 3551 2005 3561 2005 3560 2006 3552 2006 3561 2006 3524 2007 3522 2007 3521 2007 3524 544 3523 544 3522 544 3546 544 3505 544 3504 544 3546 2008 3504 2008 3538 2008 3553 2009 3552 2009 3560 2009 3559 544 3553 544 3560 544 3545 544 3506 544 3505 544 3545 544 3505 544 3546 544 3565 544 3554 544 3553 544 3565 544 3553 544 3559 544 3507 2010 3506 2010 3545 2010 3544 544 3507 544 3545 544 3564 2011 3547 2011 3554 2011 3564 544 3554 544 3565 544 3508 544 3507 544 3544 544 3563 2012 3547 2012 3564 2012 3509 2013 3544 2013 3543 2013 3509 544 3508 544 3544 544 3572 544 3548 544 3547 544 3572 2014 3547 2014 3563 2014 3566 544 3509 544 3543 544 3571 544 3549 544 3548 544 3571 2015 3548 2015 3572 2015 3567 2016 3543 2016 3550 2016 3567 544 3566 544 3543 544 3570 544 3550 544 3549 544 3570 544 3549 544 3571 544 3568 544 3567 544 3550 544 3569 2017 3550 2017 3570 2017 3569 2018 3568 2018 3550 2018 3576 2019 3578 2019 3577 2019 3576 2020 3579 2020 3578 2020 3575 544 3579 544 3576 544 3574 544 3579 544 3575 544 3609 544 3574 544 3573 544 3580 544 3579 544 3574 544 3580 544 3574 544 3609 544 3599 544 3601 544 3600 544 3610 544 3573 544 3606 544 3610 2021 3609 2021 3573 2021 3598 2022 3602 2022 3601 2022 3598 2023 3603 2023 3602 2023 3598 544 3601 544 3599 544 3597 544 3604 544 3603 544 3597 544 3603 544 3598 544 3594 544 3606 544 3605 544 3595 2024 3605 2024 3604 2024 3595 544 3594 544 3605 544 3596 544 3604 544 3597 544 3596 544 3595 544 3604 544 3611 544 3606 544 3594 544 3611 2025 3610 2025 3606 2025 3608 544 3580 544 3609 544 3612 544 3594 544 3593 544 3612 544 3611 544 3594 544 3582 2026 3581 2026 3580 2026 3582 544 3580 544 3608 544 3613 2027 3612 2027 3593 2027 3592 544 3613 544 3593 544 3591 2028 3613 2028 3592 2028 3591 2029 3614 2029 3613 2029 3590 2030 3614 2030 3591 2030 3583 2031 3582 2031 3608 2031 3583 544 3608 544 3607 544 3583 2032 3607 2032 3617 2032 3589 544 3614 544 3590 544 3584 2033 3583 2033 3617 2033 3584 2034 3617 2034 3616 2034 3588 2035 3614 2035 3589 2035 3588 2036 3615 2036 3614 2036 3585 2037 3584 2037 3616 2037 3585 544 3616 544 3615 544 3587 544 3615 544 3588 544 3586 2038 3585 2038 3615 2038 3586 544 3615 544 3587 544 3619 2039 3618 2040 3622 2041 3619 2039 3622 2041 3623 2042 3620 2043 3623 2042 3624 2044 3620 2043 3619 2039 3623 2042 3621 2045 3624 2044 3625 2046 3621 2045 3620 2043 3624 2044 3627 2047 3626 2047 3628 2047 3627 2047 3628 2047 3629 2047 3631 2048 3630 2049 3633 2050 3631 2048 3633 2050 3634 2051 3632 2052 3634 2051 3635 2053 3632 2052 3631 2048 3634 2051 3637 2054 3636 2055 3639 2056 3637 2054 3639 2056 3640 2057 3638 2058 3640 2057 3641 2059 3638 2058 3637 2054 3640 2057 3643 2060 3642 2061 3648 2062 3643 2060 3648 2062 3649 2063 3644 2064 3649 2063 3650 2065 3644 2064 3643 2060 3649 2063 3645 2066 3650 2065 3651 2067 3645 2066 3644 2064 3650 2065 3646 2068 3651 2067 3652 2069 3646 2068 3645 2066 3651 2067 3647 2070 3652 2069 3653 2071 3647 2070 3646 2068 3652 2069 3655 2072 3654 2073 3660 2074 3655 2072 3660 2074 3661 2075 3656 2076 3661 2075 3662 2077 3656 2076 3655 2072 3661 2075 3657 2078 3662 2077 3663 2079 3657 2078 3656 2076 3662 2077 3658 2080 3663 2079 3664 2081 3658 2080 3657 2078 3663 2079 3665 2082 3658 2080 3664 2081 3659 2083 3658 2080 3665 2082 3667 2084 3666 2085 3671 2086 3667 2084 3671 2086 3672 2087 3668 2088 3672 2087 3673 2089 3668 2088 3667 2084 3672 2087 3669 2090 3673 2089 3674 2091 3669 2090 3668 2088 3673 2089 3670 2092 3674 2091 3675 2093 3670 2092 3669 2090 3674 2091 3677 2094 3676 2095 3679 2096 3677 2094 3679 2096 3680 2097 3681 2098 3677 2094 3680 2097 3678 2099 3677 2094 3681 2098 3685 1788 3683 1788 3682 1788 3685 1788 3682 1788 3684 1788 3692 2100 3687 2101 3686 2102 3692 2100 3686 2102 3689 2103 3692 2100 3689 2103 3690 2104 3692 2100 3690 2104 3687 2101 3693 2105 3688 2106 3687 2101 3693 2105 3690 2104 3691 2107 3693 2105 3691 2107 3688 2106 3693 2105 3687 2101 3690 2104 3697 1790 3695 1790 3694 1790 3697 1790 3694 1790 3696 1790 3699 2108 3698 2109 3701 2110 3699 2108 3701 2110 3702 2111 3703 2112 3699 2108 3702 2111 3700 2113 3699 2108 3703 2112 3708 2114 3704 2115 3707 2116 3705 2117 3704 2115 3708 2114 3709 2118 3705 2117 3708 2114 3706 2119 3705 2117 3709 2118 3710 91 3712 91 3713 91 3710 91 3713 91 3711 91 3714 1789 3716 1789 3717 1789 3714 1789 3717 1789 3715 1789 3719 2120 3718 2121 3721 2122 3719 2120 3721 2122 3722 2123 3720 2124 3722 2123 3723 2125 3720 2124 3719 2120 3722 2123 3724 1789 3726 1789 3727 1789 3724 1789 3727 1789 3725 1789 3728 91 3730 91 3731 91 3728 91 3731 91 3729 91 3735 1788 3733 1788 3732 1788 3735 1788 3732 1788 3734 1788 3737 2126 3736 2127 3741 2128 3737 2126 3741 2128 3742 2129 3738 2130 3742 2129 3743 2131 3738 2130 3737 2126 3742 2129 3739 2132 3743 2131 3744 2133 3739 2132 3738 2130 3743 2131 3740 2134 3744 2133 3745 2135 3740 2134 3739 2132 3744 2133 3750 2136 3746 2137 3749 2138 3747 2139 3746 2137 3750 2136 3751 2140 3747 2139 3750 2136 3748 2141 3747 2139 3751 2140 3753 2142 3752 2143 3755 2144 3753 2142 3755 2144 3756 2145 3754 2146 3756 2145 3757 2147 3754 2146 3753 2142 3756 2145 3759 2148 3758 2149 3761 2150 3759 2148 3761 2150 3762 2151 3763 2152 3759 2148 3762 2151 3760 2153 3759 2148 3763 2152 3767 1788 3765 1788 3764 1788 3767 1788 3764 1788 3766 1788 3774 2154 3769 2155 3768 2156 3774 2154 3768 2156 3771 2157 3774 2154 3771 2157 3772 2158 3774 2154 3772 2158 3769 2155 3775 2159 3770 2160 3769 2155 3775 2159 3772 2158 3773 2161 3775 2159 3773 2161 3770 2160 3775 2159 3769 2155 3772 2158 3779 1790 3777 1790 3776 1790 3779 1790 3776 1790 3778 1790 3781 2162 3780 2163 3783 2164 3781 2162 3783 2164 3784 2165 3785 2166 3781 2162 3784 2165 3782 2167 3781 2162 3785 2166 3790 2168 3786 2169 3789 2170 3787 2171 3786 2169 3790 2168 3791 2172 3787 2171 3790 2168 3788 2173 3787 2171 3791 2172 3792 91 3794 91 3795 91 3792 91 3795 91 3793 91 3796 1789 3798 1789 3799 1789 3796 1789 3799 1789 3797 1789 3804 2174 3800 2175 3803 2176 3801 2177 3800 2175 3804 2174 3805 2178 3801 2177 3804 2174 3802 2179 3801 2177 3805 2178 3807 2180 3806 2181 3809 2182 3807 2180 3809 2182 3810 2183 3808 2184 3810 2183 3811 2185 3808 2184 3807 2180 3810 2183 3815 1788 3813 1788 3812 1788 3815 1788 3812 1788 3814 1788 3816 91 3818 91 3819 91 3816 91 3819 91 3817 91 3820 1789 3822 1789 3823 1789 3820 1789 3823 1789 3821 1789 3830 544 3829 544 3831 544 3844 544 3829 544 3830 544 3827 2186 3829 2186 3844 2186 3843 544 3844 544 3830 544 3826 544 3827 544 3844 544 3837 544 3843 544 3830 544 3825 544 3828 544 3827 544 3825 544 3824 544 3828 544 3825 544 3827 544 3826 544 3832 544 3837 544 3830 544 3835 544 3837 544 3832 544 3838 544 3841 544 3843 544 3838 544 3843 544 3837 544 3839 2187 3842 2187 3841 2187 3839 544 3841 544 3838 544 3840 544 3839 544 3838 544 3836 2188 3834 2188 3833 2188 3836 2189 3832 2189 3834 2189 3836 544 3835 544 3832 544 3894 2190 3857 2190 3856 2190 3894 544 3858 544 3857 544 3895 544 3855 544 3854 544 3895 2191 3856 2191 3855 2191 3895 544 3894 544 3856 544 3882 544 3850 544 3849 544 3882 544 3849 544 3858 544 3882 2192 3858 2192 3894 2192 3896 2193 3861 2193 3860 2193 3896 2194 3854 2194 3861 2194 3896 544 3895 544 3854 544 3881 544 3851 544 3850 544 3881 544 3850 544 3882 544 3852 544 3851 544 3881 544 3889 2195 3860 2195 3859 2195 3889 2196 3859 2196 3864 2196 3889 544 3896 544 3860 544 3853 2197 3852 2197 3881 2197 3880 2198 3853 2198 3881 2198 3845 544 3853 544 3880 544 3890 2199 3864 2199 3863 2199 3890 544 3889 544 3864 544 3891 544 3890 544 3863 544 3891 2200 3863 2200 3862 2200 3891 544 3862 544 3869 544 3846 2201 3880 2201 3879 2201 3846 544 3845 544 3880 544 3892 544 3891 544 3869 544 3892 2202 3869 2202 3868 2202 3847 2203 3879 2203 3878 2203 3847 2204 3846 2204 3879 2204 3867 544 3892 544 3868 544 3867 544 3893 544 3892 544 3848 544 3847 544 3878 544 3848 2205 3878 2205 3888 2205 3866 544 3893 544 3867 544 3866 2206 3883 2206 3893 2206 3876 2207 3848 2207 3888 2207 3876 544 3888 544 3887 544 3865 544 3883 544 3866 544 3875 544 3884 544 3883 544 3875 2208 3883 2208 3865 2208 3877 2209 3887 2209 3886 2209 3877 544 3876 544 3887 544 3874 2210 3884 2210 3875 2210 3870 544 3877 544 3886 544 3873 544 3885 544 3884 544 3873 544 3884 544 3874 544 3872 2211 3885 2211 3873 2211 3871 2212 3886 2212 3885 2212 3871 2213 3870 2213 3886 2213 3871 2214 3885 2214 3872 2214 3898 2215 3897 2216 3901 2217 3898 2215 3901 2217 3902 2218 3899 2219 3902 2218 3903 2220 3899 2219 3898 2215 3902 2218 3904 2221 3899 2219 3903 2220 3900 2222 3899 2219 3904 2221 3906 2223 3905 2224 3911 2225 3906 2223 3911 2225 3912 2226 3907 2227 3912 2226 3913 2228 3907 2227 3906 2223 3912 2226 3908 2229 3913 2228 3914 2230 3908 2229 3907 2227 3913 2228 3909 2231 3914 2230 3915 2232 3909 2231 3908 2229 3914 2230 3910 2233 3915 2232 3916 2234 3910 2233 3909 2231 3915 2232 3918 2235 3917 2236 3923 2237 3918 2235 3923 2237 3924 2238 3919 2239 3924 2238 3925 2240 3919 2239 3918 2235 3924 2238 3920 2241 3925 2240 3926 2242 3920 2241 3919 2239 3925 2240 3921 2243 3926 2242 3927 2244 3921 2243 3920 2241 3926 2242 3922 2245 3927 2244 3928 2246 3922 2245 3921 2243 3927 2244 3930 2247 3929 2248 3933 2249 3930 2247 3933 2249 3934 2250 3931 2251 3934 2250 3935 2252 3931 2251 3930 2247 3934 2250 3936 2253 3931 2251 3935 2252 3932 2254 3931 2251 3936 2253 3938 2255 3937 2256 3941 2257 3938 2255 3941 2257 3942 2258 3939 2259 3942 2258 3943 2260 3939 2259 3938 2255 3942 2258 3940 2261 3943 2260 3944 2262 3940 2261 3939 2259 3943 2260 3946 2263 3945 2264 3951 2265 3946 2263 3951 2265 3952 2266 3947 2267 3952 2266 3953 2268 3947 2267 3946 2263 3952 2266 3948 2269 3953 2268 3954 2270 3948 2269 3947 2267 3953 2268 3949 2271 3954 2270 3955 2272 3949 2271 3948 2269 3954 2270 3950 2273 3955 2272 3956 2274 3950 2273 3949 2271 3955 2272 3965 2275 3957 2276 3964 2277 3958 2278 3957 2276 3965 2275 3966 2279 3958 2278 3965 2275 3959 2280 3958 2278 3966 2279 3967 2281 3959 2280 3966 2279 3960 2282 3959 2280 3967 2281 3968 2283 3960 2282 3967 2281 3961 2284 3960 2282 3968 2283 3969 2285 3961 2284 3968 2283 3962 2286 3961 2284 3969 2285 3970 2287 3962 2286 3969 2285 3963 2288 3962 2286 3970 2287 3972 2289 3971 2290 3975 2291 3972 2289 3975 2291 3976 2292 3973 2293 3976 2292 3977 2294 3973 2293 3972 2289 3976 2292 3974 2295 3977 2294 3978 2296 3974 2295 3973 2293 3977 2294 3980 2297 3979 2298 3986 2299 3980 2297 3986 2299 3987 2300 3981 2301 3987 2300 3988 2302 3981 2301 3980 2297 3987 2300 3982 2303 3988 2302 3989 2304 3982 2303 3981 2301 3988 2302 3983 2305 3989 2304 3990 2306 3983 2305 3982 2303 3989 2304 3984 2307 3990 2306 3991 2308 3984 2307 3983 2305 3990 2306 3985 2309 3991 2308 3992 2310 3985 2309 3984 2307 3991 2308 3994 2311 3993 2312 3998 2313 3994 2311 3998 2313 3999 2314 3995 2315 3999 2314 4000 2316 3995 2315 3994 2311 3999 2314 3996 2317 4000 2316 4001 2318 3996 2317 3995 2315 4000 2316 3997 2319 4001 2318 4002 2320 3997 2319 3996 2317 4001 2318 4005 2321 4009 2322 4010 2323 4005 2321 4004 2324 4009 2322 4006 2325 4010 2323 4011 2326 4006 2325 4005 2321 4010 2323 4007 2327 4011 2326 4012 2328 4007 2327 4006 2325 4011 2326 4013 2329 4004 2324 4003 2330 4013 2329 4003 2330 4008 2331 4013 2329 4008 2331 4009 2322 4013 2329 4009 2322 4004 2324 4015 2332 4014 2333 4020 2334 4015 2332 4020 2334 4021 2335 4016 2336 4021 2335 4022 2337 4016 2336 4015 2332 4021 2335 4017 2338 4022 2337 4023 2339 4017 2338 4016 2336 4022 2337 4018 2340 4023 2339 4024 2341 4018 2340 4017 2338 4023 2339 4019 2342 4024 2341 4025 2343 4019 2342 4018 2340 4024 2341 4027 2344 4026 2345 4029 2346 4027 2344 4029 2346 4030 2347 4028 2348 4030 2347 4031 2349 4028 2348 4027 2344 4030 2347 4036 2350 4032 2351 4035 2352 4033 2353 4032 2351 4036 2350 4037 2354 4033 2353 4036 2350 4034 2355 4033 2353 4037 2354 4041 1788 4039 1788 4038 1788 4041 1788 4038 1788 4040 1788 4043 2356 4042 2357 4045 2358 4043 2356 4045 2358 4046 2359 4044 2360 4046 2359 4047 2361 4044 2360 4043 2356 4046 2359 4049 2362 4048 2362 4050 2362 4049 2363 4050 2363 4051 2363 4053 2364 4052 2365 4054 2366 4053 2364 4054 2366 4055 2367 4060 2368 4056 2369 4059 2370 4057 2371 4056 2369 4060 2368 4058 2372 4060 2368 4061 2373 4058 2372 4057 2371 4060 2368 4063 2374 4062 2375 4066 2376 4063 2374 4066 2376 4067 2377 4068 2378 4063 2374 4067 2377 4064 2379 4063 2374 4068 2378 4065 2380 4068 2378 4069 2381 4065 2380 4064 2379 4068 2378 4071 2382 4070 2383 4075 2384 4071 2382 4075 2384 4076 2385 4072 2386 4076 2385 4077 2387 4072 2386 4071 2382 4076 2385 4073 2388 4077 2387 4078 2389 4073 2388 4072 2386 4077 2387 4074 2390 4078 2389 4079 2391 4074 2390 4073 2388 4078 2389 4081 2392 4080 2393 4085 2394 4081 2392 4085 2394 4086 2395 4082 2396 4086 2395 4087 2397 4082 2396 4081 2392 4086 2395 4083 2398 4087 2397 4088 2399 4083 2398 4082 2396 4087 2397 4084 2400 4088 2399 4089 2401 4084 2400 4083 2398 4088 2399 4096 2402 4090 2403 4095 2404 4091 2405 4090 2403 4096 2402 4097 2406 4091 2405 4096 2402 4092 2407 4091 2405 4097 2406 4098 2408 4092 2407 4097 2406 4093 2409 4092 2407 4098 2408 4099 2410 4093 2409 4098 2408 4094 2411 4093 2409 4099 2410 4101 2412 4100 2413 4103 2414 4101 2412 4103 2414 4104 2415 4102 2416 4104 2415 4105 2417 4102 2416 4101 2412 4104 2415 4107 2418 4106 2419 4109 2420 4107 2418 4109 2420 4110 2421 4108 2422 4110 2421 4111 2423 4108 2422 4107 2418 4110 2421 4113 2424 4112 2425 4119 2426 4113 2424 4119 2426 4120 2427 4114 2428 4120 2427 4121 2429 4114 2428 4113 2424 4120 2427 4115 2430 4121 2429 4122 2431 4115 2430 4114 2428 4121 2429 4116 2432 4122 2431 4123 2433 4116 2432 4115 2430 4122 2431 4117 2434 4123 2433 4124 2435 4117 2434 4116 2432 4123 2433 4118 2436 4124 2435 4125 2437 4118 2436 4117 2434 4124 2435 4127 2438 4126 2439 4134 2440 4127 2438 4134 2440 4135 2441 4128 2442 4135 2441 4136 2443 4128 2442 4127 2438 4135 2441 4129 2444 4136 2443 4137 2445 4129 2444 4128 2442 4136 2443 4130 2446 4137 2445 4138 2447 4130 2446 4129 2444 4137 2445 4131 2448 4138 2447 4139 2449 4131 2448 4130 2446 4138 2447 4132 2450 4139 2449 4140 2451 4132 2450 4131 2448 4139 2449 4133 2452 4140 2451 4141 2453 4133 2452 4132 2450 4140 2451 4143 2454 4142 2455 4150 2456 4143 2454 4150 2456 4151 2457 4144 2458 4151 2457 4152 2459 4144 2458 4143 2454 4151 2457 4145 2460 4152 2459 4153 2461 4145 2460 4144 2458 4152 2459 4146 2462 4153 2461 4154 2463 4146 2462 4145 2460 4153 2461 4147 2464 4154 2463 4155 2465 4147 2464 4146 2462 4154 2463 4148 2466 4155 2465 4156 2467 4148 2466 4147 2464 4155 2465 4149 2468 4156 2467 4157 2469 4149 2468 4148 2466 4156 2467 4159 2470 4158 2471 4161 2472 4159 2470 4161 2472 4162 2473 4160 2474 4162 2473 4163 2475 4160 2474 4159 2470 4162 2473 4165 2476 4164 2476 4166 2476 4165 2477 4166 2477 4167 2477 4168 1789 4170 1789 4171 1789 4168 1789 4171 1789 4169 1789 4225 2478 4179 2478 4178 2478 4225 2479 4177 2479 4179 2479 4175 2480 4177 2480 4225 2480 4223 544 4178 544 4180 544 4223 2481 4225 2481 4178 2481 4182 2482 4180 2482 4181 2482 4182 2483 4181 2483 4183 2483 4174 544 4175 544 4225 544 4186 544 4223 544 4180 544 4186 544 4180 544 4182 544 4185 544 4224 544 4223 544 4185 2484 4223 2484 4186 2484 4199 2485 4202 2485 4201 2485 4173 544 4176 544 4175 544 4173 544 4172 544 4176 544 4173 2486 4175 2486 4174 2486 4184 2487 4216 2487 4224 2487 4184 2488 4224 2488 4185 2488 4200 544 4199 544 4201 544 4190 544 4217 544 4216 544 4190 2489 4218 2489 4217 2489 4190 2490 4216 2490 4184 2490 4195 544 4200 544 4201 544 4195 544 4201 544 4208 544 4219 2491 4218 2491 4190 2491 4196 544 4195 544 4208 544 4196 2492 4208 2492 4207 2492 4189 2493 4219 2493 4190 2493 4220 2494 4219 2494 4189 2494 4206 544 4196 544 4207 544 4206 544 4197 544 4196 544 4221 2495 4189 2495 4188 2495 4221 2496 4220 2496 4189 2496 4205 2497 4198 2497 4197 2497 4205 544 4197 544 4206 544 4204 544 4198 544 4205 544 4222 544 4221 544 4188 544 4209 2498 4188 2498 4187 2498 4209 2499 4222 2499 4188 2499 4203 544 4191 544 4198 544 4203 544 4198 544 4204 544 4210 2500 4187 2500 4194 2500 4210 544 4209 544 4187 544 4215 2501 4192 2501 4191 2501 4215 2502 4191 2502 4203 2502 4211 2503 4210 2503 4194 2503 4214 2504 4193 2504 4192 2504 4214 2505 4192 2505 4215 2505 4212 2506 4194 2506 4193 2506 4212 544 4211 544 4194 544 4213 2507 4212 2507 4193 2507 4213 2508 4193 2508 4214 2508</p>
        </triangles>
        <triangles material="mat_6-material" count="570">
          <input semantic="VERTEX" source="#ultrasonic_hysrf05-mesh-vertices" offset="0"/>
          <input semantic="NORMAL" source="#ultrasonic_hysrf05-mesh-normals" offset="1"/>
          <p>4228 91 4226 91 4227 91 4228 91 4227 91 4229 91 4233 1790 4230 1790 4231 1790 4233 1790 4232 1790 4230 1790 4260 613 4258 613 4259 613 4254 613 4255 613 4256 613 4263 613 4260 613 4261 613 4263 613 4261 613 4262 613 4263 613 4258 613 4260 613 4253 2509 4256 2509 4257 2509 4253 613 4257 613 4258 613 4253 613 4254 613 4256 613 4253 613 4258 613 4263 613 4250 2510 4251 2510 4252 2510 4250 2511 4252 2511 4253 2511 4248 613 4249 613 4250 613 4246 2512 4247 2512 4248 2512 4246 613 4250 613 4253 613 4246 2513 4248 2513 4250 2513 4244 2514 4245 2514 4246 2514 4244 2515 4253 2515 4263 2515 4244 613 4246 613 4253 613 4264 613 4244 613 4263 613 4266 2516 4264 2516 4265 2516 4268 613 4266 613 4267 613 4268 2517 4264 2517 4266 2517 4269 2518 4264 2518 4268 2518 4272 2519 4269 2519 4270 2519 4272 613 4270 613 4271 613 4243 613 4244 613 4264 613 4235 2520 4272 2520 4234 2520 4235 613 4269 613 4272 613 4242 613 4243 613 4264 613 4241 613 4242 613 4264 613 4237 613 4235 613 4236 613 4238 613 4241 613 4264 613 4238 613 4269 613 4235 613 4238 2521 4235 2521 4237 2521 4238 2522 4264 2522 4269 2522 4239 2523 4240 2523 4241 2523 4239 613 4241 613 4238 613 4274 2524 4273 2525 4275 2526 4286 2527 4275 2526 4276 2528 4286 2527 4274 2524 4275 2526 4287 2529 4276 2528 4277 2530 4287 2529 4286 2527 4276 2528 4288 2531 4277 2530 4278 2532 4288 2531 4287 2529 4277 2530 4289 2533 4278 2532 4279 2534 4289 2533 4288 2531 4278 2532 4290 2535 4279 2534 4280 2536 4290 2535 4289 2533 4279 2534 4291 2537 4280 2536 4281 2538 4291 2537 4290 2535 4280 2536 4292 2539 4281 2538 4282 2540 4292 2539 4291 2537 4281 2538 4293 2541 4282 2540 4283 2542 4293 2541 4292 2539 4282 2540 4285 2543 4283 2542 4284 2544 4285 2543 4293 2541 4283 2542 4295 2545 4294 2546 4296 2547 4307 2548 4296 2547 4297 2549 4307 2548 4295 2545 4296 2547 4308 2550 4297 2549 4298 2551 4308 2550 4307 2548 4297 2549 4309 2552 4298 2551 4299 2553 4309 2552 4308 2550 4298 2551 4310 2554 4299 2553 4300 2555 4310 2554 4309 2552 4299 2553 4311 2556 4300 2555 4301 2557 4311 2556 4310 2554 4300 2555 4312 2558 4301 2557 4302 2559 4312 2558 4311 2556 4301 2557 4313 2560 4302 2559 4303 2561 4313 2560 4312 2558 4302 2559 4314 2562 4303 2561 4304 2563 4314 2562 4313 2560 4303 2561 4306 2564 4304 2563 4305 2565 4306 2564 4314 2562 4304 2563 4327 2566 4316 2567 4315 2568 4327 2566 4315 2568 4317 2569 4328 2570 4317 2569 4318 2571 4328 2570 4327 2566 4317 2569 4329 419 4318 2571 4319 2572 4329 419 4328 2570 4318 2571 4330 2573 4319 2572 4320 2574 4330 2573 4329 419 4319 2572 4331 2575 4320 2574 4321 2576 4331 2575 4330 2573 4320 2574 4332 190 4321 2576 4322 1223 4332 190 4322 1223 4323 2577 4332 190 4331 2575 4321 2576 4333 2578 4323 2577 4324 2579 4333 2578 4332 190 4323 2577 4334 2580 4333 2578 4324 2579 4326 2581 4324 2579 4325 2582 4326 2581 4334 2580 4324 2579 4347 1445 4336 2583 4335 2584 4347 1445 4335 2584 4337 2585 4348 2586 4337 2585 4338 2587 4348 2586 4347 1445 4337 2585 4349 529 4338 2587 4339 2588 4349 529 4348 2586 4338 2587 4350 2589 4339 2588 4340 1137 4350 2589 4349 529 4339 2588 4351 2590 4340 1137 4341 2591 4351 2590 4350 2589 4340 1137 4352 2592 4341 2591 4342 788 4352 2592 4342 788 4343 2593 4352 2592 4351 2590 4341 2591 4353 2594 4343 2593 4344 2595 4353 2594 4352 2592 4343 2593 4354 2596 4353 2594 4344 2595 4346 2597 4344 2595 4345 2598 4346 2597 4354 2596 4344 2595 4356 2599 4355 2600 4361 2601 4356 2599 4361 2601 4366 2602 4357 2603 4366 2602 4365 2604 4357 2603 4356 2599 4366 2602 4358 2605 4364 2606 4363 2607 4358 2605 4365 2604 4364 2606 4358 2605 4357 2603 4365 2604 4359 2608 4358 2605 4363 2607 4360 2609 4363 2607 4362 2610 4360 2609 4359 2608 4363 2607 4387 2611 4374 2612 4373 2613 4396 2614 4371 2615 4372 2616 4396 2614 4372 2616 4382 2617 4397 2618 4370 2619 4371 2615 4397 2618 4371 2615 4396 2614 4398 2620 4369 2621 4370 2619 4398 2620 4370 2619 4397 2618 4399 2622 4367 2623 4368 2624 4399 2622 4368 2624 4369 2621 4399 2622 4388 2625 4367 2623 4399 2622 4369 2621 4398 2620 4400 2626 4382 2617 4381 2627 4400 2626 4396 2614 4382 2617 4401 2628 4396 2614 4400 2626 4401 2628 4397 2618 4396 2614 4402 2629 4397 2618 4401 2628 4402 2629 4398 2620 4397 2618 4403 2630 4389 2631 4388 2625 4403 2630 4388 2625 4399 2622 4403 2630 4399 2622 4398 2620 4403 2630 4398 2620 4402 2629 4404 2632 4381 2627 4380 2633 4404 2632 4400 2626 4381 2627 4405 2634 4400 2626 4404 2632 4405 2634 4401 2628 4400 2626 4406 2635 4401 2628 4405 2634 4406 2635 4402 2629 4401 2628 4407 2636 4390 2637 4389 2631 4407 2636 4402 2629 4406 2635 4407 2636 4406 2635 4390 2637 4407 2636 4389 2631 4403 2630 4407 2636 4403 2630 4402 2629 4408 2638 4380 2633 4379 2639 4408 2638 4404 2632 4380 2633 4409 2640 4405 2634 4404 2632 4409 2640 4404 2632 4408 2638 4410 2641 4379 2639 4378 2642 4410 2641 4408 2638 4379 2639 4411 2643 4406 2635 4405 2634 4411 2643 4390 2637 4406 2635 4411 2643 4405 2634 4409 2640 4412 2644 4411 2643 4409 2640 4412 2644 4409 2640 4408 2638 4412 2644 4408 2638 4410 2641 4413 2645 4391 2646 4390 2637 4413 2645 4390 2637 4411 2643 4414 2647 4410 2641 4378 2642 4415 2648 4411 2643 4412 2644 4416 2649 4412 2644 4410 2641 4416 2649 4410 2641 4414 2647 4417 2650 4411 2643 4415 2648 4417 2650 4391 2646 4413 2645 4417 2650 4413 2645 4411 2643 4418 2651 4414 2647 4378 2642 4418 2651 4378 2642 4377 2652 4419 2653 4412 2644 4416 2649 4419 2653 4415 2648 4412 2644 4420 2654 4414 2647 4418 2651 4420 2654 4416 2649 4414 2647 4421 2655 4417 2650 4415 2648 4421 2655 4391 2646 4417 2650 4421 2655 4415 2648 4419 2653 4421 2655 4392 2656 4391 2646 4422 2657 4418 2651 4377 2652 4423 2658 4416 2649 4420 2654 4423 2658 4419 2653 4416 2649 4423 2658 4421 2655 4419 2653 4424 2659 4420 2654 4418 2651 4424 2659 4418 2651 4422 2657 4425 2660 4392 2656 4421 2655 4425 2660 4421 2655 4423 2658 4426 2661 4423 2658 4420 2654 4426 2661 4420 2654 4424 2659 4427 2662 4377 2652 4376 2663 4427 2662 4422 2657 4377 2652 4428 2664 4392 2656 4425 2660 4428 2664 4393 2665 4392 2656 4428 2664 4425 2660 4423 2658 4428 2664 4423 2658 4426 2661 4429 2666 4424 2659 4422 2657 4429 2666 4427 2662 4376 2663 4429 2666 4422 2657 4427 2662 4430 2667 4426 2661 4424 2659 4430 2667 4428 2664 4426 2661 4430 2667 4424 2659 4429 2666 4431 2668 4393 2665 4428 2664 4431 2668 4428 2664 4430 2667 4432 2669 4376 2663 4375 2670 4433 2671 4429 2666 4376 2663 4433 2671 4376 2663 4432 2669 4434 2672 4429 2666 4433 2671 4434 2672 4430 2667 4429 2666 4435 2673 4394 2674 4393 2665 4435 2673 4395 2675 4394 2674 4435 2673 4393 2665 4431 2668 4435 2673 4431 2668 4430 2667 4435 2673 4430 2667 4434 2672 4436 2676 4375 2670 4374 2612 4436 2676 4432 2669 4375 2670 4436 2676 4374 2612 4387 2611 4437 2677 4387 2611 4386 2678 4437 2677 4433 2671 4432 2669 4437 2677 4432 2669 4436 2676 4437 2677 4436 2676 4387 2611 4438 2679 4386 2678 4385 2680 4438 2679 4433 2671 4437 2677 4438 2679 4434 2672 4433 2671 4438 2679 4437 2677 4386 2678 4439 2681 4384 2682 4383 2683 4439 2681 4385 2680 4384 2682 4439 2681 4383 2683 4395 2675 4439 2681 4395 2675 4435 2673 4439 2681 4435 2673 4434 2672 4439 2681 4438 2679 4385 2680 4439 2681 4434 2672 4438 2679 4441 2684 4460 2685 4440 2686 4445 2687 4454 2688 4444 2689 4468 2690 4456 2691 4455 2692 4468 2690 4455 2692 4467 2693 4469 2694 4457 2695 4456 2691 4469 2694 4456 2691 4468 2690 4470 2696 4458 2697 4457 2695 4470 2696 4457 2695 4469 2694 4471 2698 4447 2699 4446 2700 4471 2698 4459 2701 4458 2697 4471 2698 4446 2700 4459 2701 4471 2698 4458 2697 4470 2696 4472 2702 4467 2693 4466 2703 4472 2702 4468 2690 4467 2693 4473 2704 4469 2694 4468 2690 4473 2704 4468 2690 4472 2702 4474 2705 4470 2696 4469 2694 4474 2705 4469 2694 4473 2704 4475 2706 4448 2707 4447 2699 4475 2706 4447 2699 4471 2698 4475 2706 4471 2698 4470 2696 4475 2706 4470 2696 4474 2705 4476 2708 4466 2703 4465 2709 4476 2708 4472 2702 4466 2703 4477 2710 4473 2704 4472 2702 4477 2710 4472 2702 4476 2708 4478 2711 4474 2705 4473 2704 4478 2711 4473 2704 4477 2710 4479 2712 4449 2713 4448 2707 4479 2712 4474 2705 4478 2711 4479 2712 4448 2707 4475 2706 4479 2712 4475 2706 4474 2705 4480 2714 4465 2709 4464 2715 4480 2714 4476 2708 4465 2709 4481 2716 4477 2710 4476 2708 4481 2716 4476 2708 4480 2714 4482 2717 4477 2710 4481 2716 4482 2717 4478 2711 4477 2710 4483 2718 4450 2719 4449 2713 4483 2718 4449 2713 4479 2712 4483 2718 4479 2712 4478 2711 4483 2718 4478 2711 4482 2717 4484 2720 4464 2715 4463 2721 4484 2720 4480 2714 4464 2715 4485 2722 4480 2714 4484 2720 4485 2722 4481 2716 4480 2714 4486 2723 4481 2716 4485 2722 4486 2723 4482 2717 4481 2716 4487 2724 4482 2717 4486 2723 4487 2724 4451 2725 4450 2719 4487 2724 4450 2719 4483 2718 4487 2724 4483 2718 4482 2717 4488 2726 4463 2721 4462 2727 4488 2726 4484 2720 4463 2721 4489 2728 4485 2722 4484 2720 4489 2728 4484 2720 4488 2726 4490 2729 4485 2722 4489 2728 4490 2729 4486 2723 4485 2722 4491 2730 4487 2724 4486 2723 4491 2730 4452 2731 4451 2725 4491 2730 4453 2732 4452 2731 4491 2730 4486 2723 4490 2729 4491 2730 4451 2725 4487 2724 4492 2733 4462 2727 4461 2734 4492 2733 4488 2726 4462 2727 4493 2735 4488 2726 4492 2733 4493 2735 4489 2728 4488 2726 4494 2736 4490 2729 4489 2728 4494 2736 4489 2728 4493 2735 4494 2736 4491 2730 4490 2729 4495 2737 4453 2732 4491 2730 4495 2737 4491 2730 4494 2736 4496 2738 4461 2734 4460 2685 4496 2738 4460 2685 4441 2684 4496 2738 4492 2733 4461 2734 4497 2739 4441 2684 4442 2740 4497 2739 4442 2740 4443 2741 4497 2739 4493 2735 4492 2733 4497 2739 4496 2738 4441 2684 4497 2739 4492 2733 4496 2738 4498 2742 4443 2741 4444 2689 4498 2742 4493 2735 4497 2739 4498 2742 4494 2736 4493 2735 4498 2742 4497 2739 4443 2741 4499 2743 4454 2688 4453 2732 4499 2743 4453 2732 4495 2737 4499 2743 4495 2737 4494 2736 4499 2743 4498 2742 4444 2689 4499 2743 4494 2736 4498 2742 4499 2743 4444 2689 4454 2688 4515 2744 4504 2745 4505 2746 4520 2747 4507 2748 4506 2749 4516 2750 4528 2751 4517 2752 4529 2753 4504 2745 4515 2744 4530 2754 4503 2755 4504 2745 4530 2754 4504 2745 4529 2753 4531 2756 4502 2757 4503 2755 4531 2756 4503 2755 4530 2754 4532 2758 4500 2759 4501 2760 4532 2758 4501 2760 4502 2757 4532 2758 4521 2761 4500 2759 4532 2758 4502 2757 4531 2756 4533 2762 4515 2744 4514 2763 4533 2762 4529 2753 4515 2744 4534 2764 4529 2753 4533 2762 4534 2764 4530 2754 4529 2753 4535 2765 4530 2754 4534 2764 4535 2765 4531 2756 4530 2754 4536 2766 4522 2767 4521 2761 4536 2766 4532 2758 4531 2756 4536 2766 4531 2756 4535 2765 4536 2766 4521 2761 4532 2758 4537 2768 4514 2763 4513 2769 4537 2768 4533 2762 4514 2763 4538 2770 4533 2762 4537 2768 4538 2770 4534 2764 4533 2762 4539 2771 4534 2764 4538 2770 4539 2771 4535 2765 4534 2764 4540 2772 4523 2773 4522 2767 4540 2772 4535 2765 4539 2771 4540 2772 4539 2771 4523 2773 4540 2772 4522 2767 4536 2766 4540 2772 4536 2766 4535 2765 4541 2774 4513 2769 4512 2775 4541 2774 4537 2768 4513 2769 4542 2776 4538 2770 4537 2768 4542 2776 4537 2768 4541 2774 4543 2777 4512 2775 4511 2778 4543 2777 4541 2774 4512 2775 4544 2779 4539 2771 4538 2770 4544 2779 4523 2773 4539 2771 4544 2779 4538 2770 4542 2776 4545 2780 4542 2776 4541 2774 4545 2780 4541 2774 4543 2777 4546 2781 4524 2782 4523 2773 4546 2781 4523 2773 4544 2779 4547 2783 4543 2777 4511 2778 4548 2784 4544 2779 4542 2776 4548 2784 4542 2776 4545 2780 4549 2785 4545 2780 4543 2777 4549 2785 4543 2777 4547 2783 4549 2785 4548 2784 4545 2780 4550 2786 4544 2779 4548 2784 4550 2786 4524 2782 4546 2781 4550 2786 4546 2781 4544 2779 4551 2787 4547 2783 4511 2778 4551 2787 4511 2778 4510 2788 4552 2789 4548 2784 4549 2785 4553 2790 4547 2783 4551 2787 4553 2790 4549 2785 4547 2783 4554 2791 4550 2786 4548 2784 4554 2791 4524 2782 4550 2786 4554 2791 4548 2784 4552 2789 4554 2791 4525 2792 4524 2782 4555 2793 4551 2787 4510 2788 4556 2794 4549 2785 4553 2790 4556 2794 4552 2789 4549 2785 4557 2795 4553 2790 4551 2787 4557 2795 4551 2787 4555 2793 4558 2796 4552 2789 4556 2794 4558 2796 4554 2791 4552 2789 4558 2796 4525 2792 4554 2791 4559 2797 4556 2794 4553 2790 4559 2797 4553 2790 4557 2795 4560 2798 4510 2788 4509 2799 4560 2798 4555 2793 4510 2788 4561 2800 4526 2801 4525 2792 4561 2800 4556 2794 4559 2797 4561 2800 4525 2792 4558 2796 4561 2800 4558 2796 4556 2794 4562 2802 4557 2795 4555 2793 4562 2802 4560 2798 4509 2799 4562 2802 4555 2793 4560 2798 4563 2803 4559 2797 4557 2795 4563 2803 4561 2800 4559 2797 4563 2803 4557 2795 4562 2802 4564 2804 4526 2801 4561 2800 4564 2804 4561 2800 4563 2803 4565 2805 4509 2799 4508 2806 4566 2807 4562 2802 4509 2799 4566 2807 4509 2799 4565 2805 4567 2808 4562 2802 4566 2807 4567 2808 4563 2803 4562 2802 4568 2809 4527 2810 4526 2801 4568 2809 4526 2801 4564 2804 4568 2809 4564 2804 4563 2803 4568 2809 4563 2803 4567 2808 4569 2811 4508 2806 4507 2748 4569 2811 4565 2805 4508 2806 4569 2811 4507 2748 4520 2747 4570 2812 4520 2747 4519 2813 4570 2812 4566 2807 4565 2805 4570 2812 4565 2805 4569 2811 4570 2812 4569 2811 4520 2747 4571 2814 4519 2813 4518 2815 4571 2814 4566 2807 4570 2812 4571 2814 4567 2808 4566 2807 4571 2814 4570 2812 4519 2813 4572 2816 4518 2815 4517 2752 4572 2816 4528 2751 4527 2810 4572 2816 4527 2810 4568 2809 4572 2816 4568 2809 4567 2808 4572 2816 4571 2814 4518 2815 4572 2816 4567 2808 4571 2814 4572 2816 4517 2752 4528 2751 4578 2817 4588 2818 4577 2819 4602 2820 4590 2821 4589 2822 4602 2820 4589 2822 4601 2823 4603 2824 4591 2825 4590 2821 4603 2824 4590 2821 4602 2820 4604 2826 4592 2827 4591 2825 4604 2826 4591 2825 4603 2824 4605 2828 4580 2829 4579 2830 4605 2828 4593 2831 4592 2827 4605 2828 4579 2830 4593 2831 4605 2828 4592 2827 4604 2826 4606 2832 4601 2823 4600 2833 4606 2832 4602 2820 4601 2823 4607 2834 4603 2824 4602 2820 4607 2834 4602 2820 4606 2832 4608 2835 4604 2826 4603 2824 4608 2835 4603 2824 4607 2834 4609 2836 4581 2837 4580 2829 4609 2836 4605 2828 4604 2826 4609 2836 4580 2829 4605 2828 4609 2836 4604 2826 4608 2835 4610 2838 4600 2833 4599 2839 4610 2838 4606 2832 4600 2833 4611 2840 4610 2838 4599 2839 4611 2840 4607 2834 4606 2832 4611 2840 4606 2832 4610 2838 4612 2841 4607 2834 4611 2840 4612 2841 4608 2835 4607 2834 4613 2842 4582 2843 4581 2837 4613 2842 4609 2836 4608 2835 4613 2842 4608 2835 4612 2841 4613 2842 4581 2837 4609 2836 4614 2844 4599 2839 4598 2845 4615 2846 4599 2839 4614 2844 4615 2846 4611 2840 4599 2839 4616 2847 4614 2844 4598 2845 4617 2848 4612 2841 4611 2840 4617 2848 4611 2840 4615 2846 4618 2849 4615 2846 4614 2844 4618 2849 4614 2844 4616 2847 4619 2850 4583 2851 4582 2843 4619 2850 4582 2843 4613 2842 4619 2850 4613 2842 4612 2841 4619 2850 4612 2841 4617 2848 4620 2852 4598 2845 4597 2853 4620 2852 4616 2847 4598 2845 4621 2854 4617 2848 4615 2846 4621 2854 4615 2846 4618 2849 4622 2855 4616 2847 4620 2852 4622 2855 4621 2854 4618 2849 4622 2855 4618 2849 4616 2847 4623 2856 4619 2850 4617 2848 4623 2856 4617 2848 4621 2854 4623 2856 4584 2857 4583 2851 4623 2856 4583 2851 4619 2850 4624 2858 4620 2852 4597 2853 4625 2859 4621 2854 4622 2855 4626 2860 4622 2855 4620 2852 4626 2860 4620 2852 4624 2858 4627 2861 4621 2854 4625 2859 4627 2861 4584 2857 4623 2856 4627 2861 4623 2856 4621 2854 4628 2862 4624 2858 4597 2853 4628 2862 4597 2853 4596 2863 4629 2864 4625 2859 4622 2855 4629 2864 4622 2855 4626 2860 4630 2865 4626 2860 4624 2858 4630 2865 4624 2858 4628 2862 4631 2866 4585 2867 4584 2857 4631 2866 4625 2859 4629 2864 4631 2866 4584 2857 4627 2861 4631 2866 4627 2861 4625 2859 4632 2868 4626 2860 4630 2865 4632 2868 4629 2864 4626 2860 4633 2869 4628 2862 4596 2863 4634 2870 4631 2866 4629 2864 4634 2870 4629 2864 4632 2868 4634 2870 4585 2867 4631 2866 4635 2871 4630 2865 4628 2862 4635 2871 4628 2862 4633 2869 4636 2872 4632 2868 4630 2865 4636 2872 4630 2865 4635 2871 4637 2873 4586 2874 4585 2867 4637 2873 4585 2867 4634 2870 4637 2873 4632 2868 4636 2872 4637 2873 4634 2870 4632 2868 4637 2873 4636 2872 4586 2874 4638 2875 4596 2863 4595 2876 4638 2875 4633 2869 4596 2863 4639 2877 4635 2871 4633 2869 4639 2877 4633 2869 4638 2875 4640 2878 4586 2874 4636 2872 4640 2878 4635 2871 4639 2877 4640 2878 4636 2872 4635 2871 4641 2879 4587 2880 4586 2874 4641 2879 4586 2874 4640 2878 4642 2881 4573 2882 4574 2883 4642 2881 4594 2884 4573 2882 4642 2881 4595 2876 4594 2884 4642 2881 4638 2875 4595 2876 4643 2885 4574 2883 4575 2886 4643 2885 4639 2877 4638 2875 4643 2885 4642 2881 4574 2883 4643 2885 4638 2875 4642 2881 4644 2887 4575 2886 4576 2888 4644 2887 4640 2878 4639 2877 4644 2887 4643 2885 4575 2886 4644 2887 4639 2877 4643 2885 4645 2889 4576 2888 4577 2819 4645 2889 4588 2818 4587 2880 4645 2889 4587 2880 4641 2879 4645 2889 4641 2879 4640 2878 4645 2889 4644 2887 4576 2888 4645 2889 4640 2878 4644 2887 4645 2889 4577 2819 4588 2818 4651 2890 4652 2891 4653 2892 4650 2893 4653 2892 4654 2894 4650 2893 4651 2890 4653 2892 4649 2895 4654 2894 4655 2896 4649 2895 4650 2893 4654 2894 4648 2897 4655 2896 4656 2898 4648 2897 4649 2895 4655 2896 4647 2899 4656 2898 4657 2900 4647 2899 4648 2897 4656 2898 4646 2901 4647 2899 4657 2900</p>
        </triangles>
      </mesh>
    </geometry>
  </library_geometries>
  <library_visual_scenes>
    <visual_scene id="Scene" name="Scene">
      <node id="ultrasonic_hysrf05" name="ultrasonic_hysrf05" type="NODE">
        <matrix sid="transform">-4.37114e-8 4.37114e-8 1 0 1 1.91069e-15 4.37114e-8 0 0 1 -4.37114e-8 0 0 0 0 1</matrix>
        <instance_geometry url="#ultrasonic_hysrf05-mesh" name="ultrasonic_hysrf05">
          <bind_material>
            <technique_common>
              <instance_material symbol="mat_0-material" target="#mat_0-material"/>
              <instance_material symbol="mat_1-material" target="#mat_1-material"/>
              <instance_material symbol="mat_2-material" target="#mat_2-material"/>
              <instance_material symbol="mat_3-material" target="#mat_3-material"/>
              <instance_material symbol="mat_4-material" target="#mat_4-material"/>
              <instance_material symbol="mat_5-material" target="#mat_5-material"/>
              <instance_material symbol="mat_6-material" target="#mat_6-material"/>
            </technique_common>
          </bind_material>
        </instance_geometry>
      </node>
    </visual_scene>
  </library_visual_scenes>
  <scene>
    <instance_visual_scene url="#Scene"/>
  </scene>
</COLLADA>